delivery_id,order_id,driver_employee_id,delivery_address,city,state,zip,status,dispatched_at,delivered_at,distance_miles,tip_amount
DEL0001,ORD0001,EMP0221,5958 5th Ave,San Antonio,TX,78205,queued,2025-07-14 18:22:58,2025-07-14 19:34:58,3.7,7.14
DEL0002,ORD0002,EMP0515,5996 Maple Dr,Austin,TX,78701,returned,2025-11-21 11:48:05,2025-11-21 12:25:05,1.0,10.19
DEL0003,ORD0003,EMP0486,4435 Highland Ave,Dallas,TX,75201,returned,2026-06-16 15:54:36,2026-06-16 17:00:36,6.3,11.93
DEL0004,ORD0004,EMP0480,9587 Main St,Columbus,OH,43215,failed,2024-06-20 14:10:30,2024-06-20 15:29:30,6.4,7.42
DEL0005,ORD0005,EMP0001,7035 Cedar Ln,Austin,TX,78701,queued,2026-04-28 22:59:39,2026-04-28 23:36:39,2.2,10.58
DEL0006,ORD0006,EMP0579,3289 Main St,Houston,TX,77002,en_route,2025-05-03 06:05:54,2025-05-03 06:31:54,11.4,7.29
DEL0007,ORD0007,EMP0866,4728 Oak Ave,Seattle,WA,98101,delivered,2024-10-30 17:32:09,2024-10-30 18:08:09,7.5,3.65
DEL0008,ORD0008,EMP0146,5891 Highland Ave,Dallas,TX,75201,queued,2025-11-13 17:51:01,2025-11-13 18:53:01,2.5,0.26
DEL0009,ORD0009,EMP0206,2023 River Rd,Portland,OR,97201,queued,2025-02-12 04:17:01,2025-02-12 05:26:01,9.0,10.57
DEL0010,ORD0010,EMP0911,565 Cedar Ln,Denver,CO,80202,queued,2026-06-28 03:25:13,2026-06-28 03:58:13,6.9,4.25
DEL0011,ORD0011,EMP0213,8241 5th Ave,Portland,OR,97201,assigned,2025-01-03 08:02:21,2025-01-03 08:53:21,6.3,7.80
DEL0012,ORD0012,EMP0793,5054 Sunset Blvd,Houston,TX,77002,failed,2025-08-14 15:04:30,2025-08-14 15:21:30,1.4,11.90
DEL0013,ORD0013,EMP0820,2057 Park Ave,Chicago,IL,60601,queued,2025-06-27 08:01:51,2025-06-27 08:55:51,9.9,3.54
DEL0014,ORD0014,EMP0265,4599 Maple Dr,Charlotte,NC,28202,returned,2024-06-18 22:22:49,2024-06-18 22:53:49,1.9,2.12
DEL0015,ORD0015,EMP0269,1997 Market St,Charlotte,NC,28202,returned,2026-03-15 13:31:30,2026-03-15 14:54:30,2.6,1.19
DEL0016,ORD0016,EMP0801,7545 Elm St,Seattle,WA,98101,failed,2026-02-26 15:55:53,2026-02-26 17:21:53,0.9,3.83
DEL0017,ORD0017,EMP0805,8746 Market St,Miami,FL,33101,delivered,2024-06-07 23:46:42,2024-06-08 01:15:42,2.6,6.78
DEL0018,ORD0018,EMP0161,8110 Main St,Phoenix,AZ,85004,en_route,2025-07-12 05:47:28,2025-07-12 07:13:28,8.5,3.57
DEL0019,ORD0019,EMP0487,688 5th Ave,Charlotte,NC,28202,returned,2025-12-26 18:59:34,2025-12-26 19:16:34,6.0,1.87
DEL0020,ORD0020,EMP0482,4648 Pine Rd,Charlotte,NC,28202,delivered,2026-03-19 20:10:57,2026-03-19 21:40:57,8.5,4.36
DEL0021,ORD0021,EMP0058,4771 Sunset Blvd,Dallas,TX,75201,en_route,2024-09-21 06:29:12,2024-09-21 07:12:12,1.0,3.22
DEL0022,ORD0022,EMP0228,6586 Highland Ave,Dallas,TX,75201,queued,2025-08-21 16:05:48,2025-08-21 17:19:48,4.0,0.67
DEL0023,ORD0023,EMP0254,9739 River Rd,Dallas,TX,75201,returned,2025-07-09 20:57:01,2025-07-09 21:58:01,7.6,0.60
DEL0024,ORD0024,EMP0002,103 5th Ave,Phoenix,AZ,85004,queued,2026-01-15 01:38:05,2026-01-15 02:49:05,11.2,0.74
DEL0025,ORD0025,EMP0901,9433 Elm St,Columbus,OH,43215,assigned,2024-08-03 19:27:42,2024-08-03 20:12:42,7.0,5.85
DEL0026,ORD0026,EMP0335,7057 Main St,Dallas,TX,75201,queued,2024-04-02 09:01:09,2024-04-02 09:19:09,9.5,0.09
DEL0027,ORD0027,EMP0863,4935 Park Ave,Charlotte,NC,28202,failed,2025-02-08 19:08:50,2025-02-08 19:48:50,8.1,11.86
DEL0028,ORD0028,EMP0534,2716 Park Ave,Phoenix,AZ,85004,delivered,2025-07-22 23:24:54,2025-07-23 00:44:54,10.2,8.01
DEL0029,ORD0029,EMP0537,6024 Oak Ave,Houston,TX,77002,returned,2024-10-22 05:31:18,2024-10-22 06:27:18,7.1,10.40
DEL0030,ORD0030,EMP0708,944 Lakeview Blvd,Seattle,WA,98101,delivered,2025-11-06 01:30:00,2025-11-06 02:16:00,10.4,4.52
DEL0031,ORD0031,EMP0738,735 2nd St,Seattle,WA,98101,returned,2026-05-22 20:23:59,2026-05-22 21:27:59,3.2,0.80
DEL0032,ORD0032,EMP0561,9493 Maple Dr,Phoenix,AZ,85004,failed,2025-01-11 19:40:41,2025-01-11 20:01:41,1.0,1.41
DEL0033,ORD0033,EMP0717,5819 Park Ave,Portland,OR,97201,queued,2025-07-24 17:43:31,2025-07-24 18:59:31,3.2,1.92
DEL0034,ORD0034,EMP0097,2046 2nd St,Houston,TX,77002,failed,2024-09-26 14:21:55,2024-09-26 15:51:55,11.6,7.50
DEL0035,ORD0035,EMP0127,744 Sunset Blvd,Charlotte,NC,28202,en_route,2024-09-17 03:42:00,2024-09-17 04:05:00,7.6,8.30
DEL0036,ORD0036,EMP0285,2488 Main St,Nashville,TN,37203,failed,2026-07-16 14:14:47,2026-07-16 15:19:47,0.9,8.20
DEL0037,ORD0037,EMP0091,117 Pine Rd,San Antonio,TX,78205,delivered,2026-01-20 00:09:29,2026-01-20 01:26:29,4.1,4.39
DEL0038,ORD0038,EMP0804,560 5th Ave,Nashville,TN,37203,queued,2025-05-04 04:17:34,2025-05-04 05:34:34,7.8,11.22
DEL0039,ORD0039,EMP0955,8483 Elm St,Portland,OR,97201,returned,2024-11-09 21:26:07,2024-11-09 22:31:07,6.3,5.13
DEL0040,ORD0040,EMP0028,9585 5th Ave,Portland,OR,97201,en_route,2024-11-22 19:55:09,2024-11-22 21:12:09,6.2,8.37
DEL0041,ORD0041,EMP0934,1135 Highland Ave,San Antonio,TX,78205,failed,2026-03-12 15:44:54,2026-03-12 16:05:54,9.5,0.69
DEL0042,ORD0042,EMP0830,4542 2nd St,Dallas,TX,75201,returned,2025-03-22 13:12:34,2025-03-22 13:51:34,6.9,8.34
DEL0043,ORD0043,EMP0372,565 Sunset Blvd,Austin,TX,78701,failed,2025-03-24 13:29:49,2025-03-24 14:40:49,8.2,5.53
DEL0044,ORD0044,EMP0074,857 Cedar Ln,Columbus,OH,43215,failed,2024-07-16 22:09:30,2024-07-16 22:35:30,3.4,2.25
DEL0045,ORD0045,EMP0121,7057 Main St,Dallas,TX,75201,delivered,2025-06-14 23:41:46,2025-06-15 00:03:46,9.0,6.97
DEL0046,ORD0046,EMP0301,9297 Market St,Dallas,TX,75201,delivered,2024-10-31 07:58:03,2024-10-31 09:01:03,7.3,1.28
DEL0047,ORD0047,EMP0833,3015 Sunset Blvd,Charlotte,NC,28202,en_route,2026-05-28 03:29:56,2026-05-28 04:44:56,7.2,5.47
DEL0048,ORD0048,EMP0580,6330 Elm St,Chicago,IL,60601,assigned,2025-05-13 19:39:20,2025-05-13 20:59:20,7.2,4.70
DEL0049,ORD0049,EMP0274,5105 Market St,Austin,TX,78701,failed,2024-02-01 19:25:02,2024-02-01 19:51:02,3.1,2.97
DEL0050,ORD0050,EMP0383,59 Park Ave,Charlotte,NC,28202,assigned,2025-07-18 20:05:51,2025-07-18 21:35:51,8.2,8.85
DEL0051,ORD0051,EMP0841,7354 Maple Dr,San Antonio,TX,78205,en_route,2024-08-26 11:07:46,2024-08-26 11:29:46,7.8,0.35
DEL0052,ORD0052,EMP0765,6993 Sunset Blvd,Houston,TX,77002,en_route,2024-07-26 00:47:56,2024-07-26 01:44:56,3.2,3.71
DEL0053,ORD0053,EMP0904,1292 Elm St,Seattle,WA,98101,queued,2024-02-26 19:10:48,2024-02-26 20:01:48,8.8,8.68
DEL0054,ORD0054,EMP0840,1268 Highland Ave,Tampa,FL,33602,queued,2024-02-20 10:01:30,2024-02-20 11:09:30,9.1,4.19
DEL0055,ORD0055,EMP0572,4557 Sunset Blvd,Portland,OR,97201,failed,2025-10-19 00:02:03,2025-10-19 01:32:03,9.4,11.08
DEL0056,ORD0056,EMP0261,7308 2nd St,Chicago,IL,60601,queued,2025-02-21 18:30:52,2025-02-21 19:10:52,5.1,10.60
DEL0057,ORD0057,EMP0987,7129 Maple Dr,Chicago,IL,60601,returned,2024-05-14 18:58:44,2024-05-14 19:46:44,1.0,6.94
DEL0058,ORD0058,EMP0848,1788 5th Ave,Chicago,IL,60601,queued,2025-07-04 06:21:09,2025-07-04 07:31:09,6.3,10.92
DEL0059,ORD0059,EMP0847,2976 Maple Dr,Atlanta,GA,30303,failed,2024-09-08 10:25:53,2024-09-08 11:07:53,2.9,4.56
DEL0060,ORD0060,EMP0126,4124 River Rd,Columbus,OH,43215,queued,2026-06-25 10:14:03,2026-06-25 10:31:03,3.1,10.30
DEL0061,ORD0061,EMP0345,401 Market St,Dallas,TX,75201,failed,2026-07-20 22:42:19,2026-07-20 23:31:19,6.0,6.79
DEL0062,ORD0062,EMP0858,6354 5th Ave,Miami,FL,33101,en_route,2026-07-31 19:31:53,2026-07-31 20:33:53,1.7,7.98
DEL0063,ORD0063,EMP0108,7620 Oak Ave,Phoenix,AZ,85004,failed,2026-06-01 22:18:01,2026-06-01 23:40:01,9.2,4.90
DEL0064,ORD0064,EMP0146,6962 Cedar Ln,Phoenix,AZ,85004,assigned,2024-05-10 00:02:26,2024-05-10 00:20:26,6.7,9.20
DEL0065,ORD0065,EMP0474,6688 Elm St,Charlotte,NC,28202,assigned,2025-05-23 02:36:02,2025-05-23 03:41:02,0.7,11.30
DEL0066,ORD0066,EMP0441,5825 5th Ave,Tampa,FL,33602,queued,2026-01-05 21:52:06,2026-01-05 22:23:06,3.7,11.85
DEL0067,ORD0067,EMP0317,8069 Highland Ave,Phoenix,AZ,85004,en_route,2026-02-18 13:50:41,2026-02-18 14:14:41,4.3,6.51
DEL0068,ORD0068,EMP0140,4052 Lakeview Blvd,Nashville,TN,37203,returned,2024-09-08 07:36:57,2024-09-08 07:58:57,9.7,1.85
DEL0069,ORD0069,EMP0696,1497 Lakeview Blvd,Portland,OR,97201,failed,2024-05-11 04:18:18,2024-05-11 05:45:18,7.7,6.83
DEL0070,ORD0070,EMP0586,8389 Cedar Ln,Charlotte,NC,28202,returned,2025-03-27 02:41:35,2025-03-27 03:31:35,10.4,7.55
DEL0071,ORD0071,EMP0816,2111 Sunset Blvd,Charlotte,NC,28202,queued,2024-03-11 12:44:08,2024-03-11 14:05:08,7.6,6.26
DEL0072,ORD0072,EMP0873,7560 2nd St,Atlanta,GA,30303,assigned,2026-05-15 22:50:26,2026-05-15 23:54:26,5.4,10.70
DEL0073,ORD0073,EMP0786,927 5th Ave,Portland,OR,97201,failed,2025-05-30 16:12:30,2025-05-30 16:56:30,9.2,8.46
DEL0074,ORD0074,EMP0662,2879 Elm St,Phoenix,AZ,85004,delivered,2025-06-02 06:53:50,2025-06-02 08:05:50,3.4,6.08
DEL0075,ORD0075,EMP0426,9249 Elm St,Denver,CO,80202,en_route,2024-08-04 04:19:34,2024-08-04 05:26:34,11.9,0.46
DEL0076,ORD0076,EMP0814,1304 Highland Ave,Austin,TX,78701,assigned,2024-03-15 12:17:34,2024-03-15 12:54:34,7.2,9.07
DEL0077,ORD0077,EMP0932,1153 Main St,Phoenix,AZ,85004,delivered,2024-07-12 03:53:55,2024-07-12 04:11:55,3.1,7.09
DEL0078,ORD0078,EMP0977,54 Cedar Ln,San Antonio,TX,78205,assigned,2024-05-03 08:32:19,2024-05-03 09:31:19,9.1,2.55
DEL0079,ORD0079,EMP0121,6632 Maple Dr,Chicago,IL,60601,delivered,2026-07-23 14:08:24,2026-07-23 15:12:24,1.2,7.19
DEL0080,ORD0080,EMP0706,2326 5th Ave,Miami,FL,33101,failed,2025-04-16 08:24:37,2025-04-16 09:41:37,5.0,7.14
DEL0081,ORD0081,EMP0249,7181 5th Ave,Charlotte,NC,28202,delivered,2024-10-04 07:43:01,2024-10-04 09:08:01,9.3,1.49
DEL0082,ORD0082,EMP0615,596 2nd St,Houston,TX,77002,en_route,2026-04-14 07:54:25,2026-04-14 08:32:25,1.0,10.17
DEL0083,ORD0083,EMP0316,4205 Pine Rd,San Antonio,TX,78205,delivered,2025-09-13 23:12:14,2025-09-13 23:58:14,11.3,5.90
DEL0084,ORD0084,EMP0479,3749 2nd St,Atlanta,GA,30303,en_route,2026-05-01 18:03:32,2026-05-01 18:31:32,4.5,3.60
DEL0085,ORD0085,EMP0815,9428 Cedar Ln,Nashville,TN,37203,delivered,2026-04-14 08:58:00,2026-04-14 09:38:00,7.7,2.61
DEL0086,ORD0086,EMP0697,7129 Maple Dr,Chicago,IL,60601,en_route,2025-11-07 13:58:21,2025-11-07 14:28:21,7.5,1.05
DEL0087,ORD0087,EMP0567,4129 5th Ave,Atlanta,GA,30303,queued,2024-04-26 12:47:24,2024-04-26 13:24:24,7.2,3.64
DEL0088,ORD0088,EMP0849,4320 Oak Ave,Charlotte,NC,28202,failed,2024-11-12 22:15:58,2024-11-12 23:03:58,11.5,1.75
DEL0089,ORD0089,EMP0056,7243 Park Ave,Austin,TX,78701,delivered,2026-01-13 19:25:02,2026-01-13 20:13:02,6.3,0.82
DEL0090,ORD0090,EMP0369,7972 Pine Rd,Chicago,IL,60601,failed,2024-06-27 18:22:40,2024-06-27 19:35:40,2.4,4.17
DEL0091,ORD0091,EMP0322,2885 Maple Dr,Seattle,WA,98101,assigned,2025-08-17 23:47:11,2025-08-18 00:23:11,5.7,0.94
DEL0092,ORD0092,EMP0142,5858 Elm St,Portland,OR,97201,returned,2025-07-08 13:48:23,2025-07-08 14:56:23,7.7,0.22
DEL0093,ORD0093,EMP0381,1451 Main St,Chicago,IL,60601,queued,2025-10-02 17:53:31,2025-10-02 18:14:31,7.1,4.64
DEL0094,ORD0094,EMP0005,944 Lakeview Blvd,Seattle,WA,98101,failed,2024-11-16 21:06:11,2024-11-16 21:51:11,10.8,10.68
DEL0095,ORD0095,EMP0541,8860 Oak Ave,Portland,OR,97201,returned,2025-08-12 08:13:36,2025-08-12 09:35:36,0.6,6.76
DEL0096,ORD0096,EMP0471,8530 Maple Dr,Charlotte,NC,28202,assigned,2025-04-13 16:02:14,2025-04-13 16:42:14,6.6,11.89
DEL0097,ORD0097,EMP0495,4432 Highland Ave,Dallas,TX,75201,failed,2024-12-02 09:36:10,2024-12-02 10:01:10,8.4,11.96
DEL0098,ORD0098,EMP0155,9757 Lakeview Blvd,Dallas,TX,75201,assigned,2026-06-01 21:16:34,2026-06-01 22:14:34,11.6,6.70
DEL0099,ORD0099,EMP0551,5244 River Rd,Chicago,IL,60601,queued,2024-12-09 23:10:04,2024-12-10 00:10:04,10.8,1.15
DEL0100,ORD0100,EMP0444,4884 Maple Dr,Columbus,OH,43215,failed,2024-01-11 10:55:42,2024-01-11 11:31:42,6.3,1.18
DEL0101,ORD0101,EMP0722,889 Highland Ave,Chicago,IL,60601,queued,2025-03-12 16:19:47,2025-03-12 16:37:47,2.6,10.14
DEL0102,ORD0102,EMP0593,9428 Cedar Ln,Nashville,TN,37203,delivered,2025-12-04 08:07:53,2025-12-04 09:19:53,10.1,3.23
DEL0103,ORD0103,EMP0069,4604 Market St,San Antonio,TX,78205,assigned,2024-10-21 19:45:51,2024-10-21 20:37:51,4.6,9.29
DEL0104,ORD0104,EMP0380,7960 Park Ave,Denver,CO,80202,queued,2026-07-29 11:46:07,2026-07-29 12:53:07,2.9,6.15
DEL0105,ORD0105,EMP0839,6441 Lakeview Blvd,Nashville,TN,37203,failed,2024-10-18 14:24:33,2024-10-18 15:10:33,2.6,7.32
DEL0106,ORD0106,EMP0625,4884 Maple Dr,Columbus,OH,43215,delivered,2025-10-11 22:50:20,2025-10-11 23:19:20,1.0,5.56
DEL0107,ORD0107,EMP0272,7545 Elm St,Seattle,WA,98101,returned,2024-10-16 03:36:18,2024-10-16 05:00:18,9.8,1.39
DEL0108,ORD0108,EMP0775,2924 Oak Ave,Columbus,OH,43215,failed,2024-12-09 00:30:15,2024-12-09 00:46:15,7.6,1.08
DEL0109,ORD0109,EMP0447,5053 Cedar Ln,San Antonio,TX,78205,returned,2025-12-03 19:28:58,2025-12-03 19:44:58,8.8,6.55
DEL0110,ORD0110,EMP0564,5023 Oak Ave,Nashville,TN,37203,returned,2025-08-21 02:39:37,2025-08-21 03:07:37,8.7,1.86
DEL0111,ORD0111,EMP0115,6620 5th Ave,Seattle,WA,98101,en_route,2025-12-15 09:22:35,2025-12-15 10:38:35,1.6,2.85
DEL0112,ORD0112,EMP0694,7817 Maple Dr,Atlanta,GA,30303,en_route,2025-05-22 04:36:47,2025-05-22 04:55:47,1.7,11.77
DEL0113,ORD0113,EMP0348,1451 Main St,Chicago,IL,60601,returned,2026-02-18 17:47:26,2026-02-18 18:38:26,0.8,8.23
DEL0114,ORD0114,EMP0787,8283 Lakeview Blvd,San Antonio,TX,78205,assigned,2025-08-14 04:56:58,2025-08-14 05:36:58,11.2,7.35
DEL0115,ORD0115,EMP0435,8461 Main St,Seattle,WA,98101,failed,2024-09-02 19:33:57,2024-09-02 19:55:57,1.2,10.48
DEL0116,ORD0116,EMP0041,8569 Park Ave,Chicago,IL,60601,en_route,2024-03-08 13:47:52,2024-03-08 14:42:52,2.8,7.44
DEL0117,ORD0117,EMP0897,5514 River Rd,Nashville,TN,37203,assigned,2026-01-20 02:04:12,2026-01-20 03:21:12,5.6,0.99
DEL0118,ORD0118,EMP0430,7060 Highland Ave,Portland,OR,97201,failed,2024-08-04 05:19:41,2024-08-04 06:40:41,5.2,10.55
DEL0119,ORD0119,EMP0061,2360 Elm St,Dallas,TX,75201,queued,2024-05-31 14:02:47,2024-05-31 15:13:47,6.2,2.12
DEL0120,ORD0120,EMP0055,3079 Oak Ave,Phoenix,AZ,85004,failed,2024-11-02 08:45:07,2024-11-02 09:32:07,8.9,1.75
DEL0121,ORD0121,EMP0734,1135 Highland Ave,San Antonio,TX,78205,delivered,2026-04-20 15:48:44,2026-04-20 16:42:44,4.8,5.64
DEL0122,ORD0122,EMP0381,5592 Oak Ave,Tampa,FL,33602,returned,2025-12-30 19:46:40,2025-12-30 20:52:40,7.6,5.00
DEL0123,ORD0123,EMP0170,1673 Highland Ave,Chicago,IL,60601,delivered,2025-12-28 00:04:42,2025-12-28 00:26:42,8.7,7.25
DEL0124,ORD0124,EMP0575,9555 5th Ave,Phoenix,AZ,85004,queued,2025-03-31 13:40:43,2025-03-31 14:34:43,1.9,7.41
DEL0125,ORD0125,EMP0383,8139 Main St,Denver,CO,80202,failed,2025-02-01 14:23:04,2025-02-01 15:46:04,8.2,10.96
DEL0126,ORD0126,EMP0043,560 Elm St,Nashville,TN,37203,assigned,2024-08-29 11:11:56,2024-08-29 11:54:56,4.4,0.33
DEL0127,ORD0127,EMP0221,8771 Maple Dr,Houston,TX,77002,delivered,2026-05-15 17:48:32,2026-05-15 18:52:32,5.0,0.41
DEL0128,ORD0128,EMP0847,1673 Highland Ave,Chicago,IL,60601,failed,2024-03-19 13:30:16,2024-03-19 14:25:16,4.3,2.50
DEL0129,ORD0129,EMP0894,1575 River Rd,Columbus,OH,43215,en_route,2024-12-05 16:26:35,2024-12-05 17:37:35,9.4,0.97
DEL0130,ORD0130,EMP1000,1153 Main St,Phoenix,AZ,85004,delivered,2024-04-27 13:26:22,2024-04-27 14:47:22,8.0,11.37
DEL0131,ORD0131,EMP0970,9958 Lakeview Blvd,Miami,FL,33101,delivered,2025-03-10 14:55:15,2025-03-10 15:34:15,9.4,11.29
DEL0132,ORD0132,EMP0254,6259 Lakeview Blvd,Columbus,OH,43215,delivered,2026-07-06 19:02:28,2026-07-06 20:14:28,10.1,10.25
DEL0133,ORD0133,EMP0153,8056 Market St,Columbus,OH,43215,assigned,2025-02-13 23:31:13,2025-02-13 23:56:13,1.2,8.08
DEL0134,ORD0134,EMP0730,4568 Oak Ave,Columbus,OH,43215,queued,2025-09-26 20:55:46,2025-09-26 21:47:46,11.1,10.02
DEL0135,ORD0135,EMP0592,8199 Oak Ave,Atlanta,GA,30303,delivered,2024-06-27 10:49:02,2024-06-27 11:49:02,8.1,2.99
DEL0136,ORD0136,EMP0112,590 Main St,Dallas,TX,75201,assigned,2025-05-12 15:30:10,2025-05-12 15:46:10,10.2,2.68
DEL0137,ORD0137,EMP0858,7560 2nd St,Atlanta,GA,30303,failed,2025-06-04 02:53:02,2025-06-04 03:17:02,4.8,11.62
DEL0138,ORD0138,EMP0513,2167 Cedar Ln,San Antonio,TX,78205,queued,2024-05-10 07:26:45,2024-05-10 07:51:45,0.7,4.07
DEL0139,ORD0139,EMP0138,7817 Maple Dr,Atlanta,GA,30303,delivered,2025-03-08 06:02:55,2025-03-08 06:38:55,11.4,9.63
DEL0140,ORD0140,EMP0339,9243 Elm St,Denver,CO,80202,returned,2024-04-01 12:30:55,2024-04-01 13:41:55,9.7,5.48
DEL0141,ORD0141,EMP0799,5060 Sunset Blvd,Portland,OR,97201,assigned,2025-06-10 01:44:05,2025-06-10 02:54:05,1.5,7.25
DEL0142,ORD0142,EMP0545,4077 Cedar Ln,Portland,OR,97201,returned,2024-03-23 22:41:24,2024-03-23 23:35:24,9.5,10.85
DEL0143,ORD0143,EMP0116,9445 Market St,Charlotte,NC,28202,returned,2026-07-09 01:07:43,2026-07-09 01:42:43,11.6,2.28
DEL0144,ORD0144,EMP0359,2488 Main St,Nashville,TN,37203,failed,2024-08-06 17:15:35,2024-08-06 18:15:35,9.7,7.88
DEL0145,ORD0145,EMP0298,3681 Sunset Blvd,Columbus,OH,43215,assigned,2025-08-17 14:22:41,2025-08-17 15:15:41,6.5,1.83
DEL0146,ORD0146,EMP0538,2485 Pine Rd,Atlanta,GA,30303,queued,2026-04-01 14:29:18,2026-04-01 15:49:18,4.3,4.57
DEL0147,ORD0147,EMP0960,3212 Highland Ave,Columbus,OH,43215,assigned,2024-05-19 13:55:40,2024-05-19 14:37:40,4.9,2.85
DEL0148,ORD0148,EMP0085,4435 Highland Ave,Dallas,TX,75201,delivered,2025-11-20 11:34:31,2025-11-20 12:02:31,9.5,12.00
DEL0149,ORD0149,EMP0348,9336 Lakeview Blvd,Tampa,FL,33602,queued,2025-02-01 06:16:39,2025-02-01 06:49:39,4.1,10.35
DEL0150,ORD0150,EMP0745,8128 River Rd,Houston,TX,77002,en_route,2024-05-26 22:11:58,2024-05-26 23:06:58,9.5,2.12
DEL0151,ORD0151,EMP0401,756 5th Ave,Chicago,IL,60601,failed,2024-05-23 19:19:22,2024-05-23 20:31:22,11.3,9.59
DEL0152,ORD0152,EMP0053,2910 5th Ave,Phoenix,AZ,85004,failed,2026-07-03 20:21:36,2026-07-03 21:44:36,1.0,8.35
DEL0153,ORD0153,EMP0212,2921 Elm St,Dallas,TX,75201,en_route,2024-01-25 17:20:12,2024-01-25 18:36:12,9.5,9.56
DEL0154,ORD0154,EMP0516,7785 Pine Rd,Columbus,OH,43215,returned,2024-12-17 12:48:24,2024-12-17 14:13:24,2.2,9.53
DEL0155,ORD0155,EMP0313,1527 Pine Rd,Chicago,IL,60601,queued,2024-11-04 01:59:52,2024-11-04 02:44:52,5.9,10.31
DEL0156,ORD0156,EMP0866,3870 Sunset Blvd,Portland,OR,97201,assigned,2026-01-10 20:58:31,2026-01-10 22:22:31,2.5,1.16
DEL0157,ORD0157,EMP0450,8939 5th Ave,Seattle,WA,98101,queued,2025-10-05 02:11:29,2025-10-05 03:17:29,11.2,2.78
DEL0158,ORD0158,EMP0643,8002 Elm St,Seattle,WA,98101,delivered,2024-07-15 19:27:18,2024-07-15 20:24:18,11.1,7.72
DEL0159,ORD0159,EMP0950,74 Cedar Ln,Nashville,TN,37203,queued,2025-09-03 03:24:17,2025-09-03 03:46:17,9.5,6.27
DEL0160,ORD0160,EMP0077,9638 Elm St,Austin,TX,78701,returned,2025-11-14 17:53:58,2025-11-14 18:17:58,9.8,5.13
DEL0161,ORD0161,EMP0894,9253 Park Ave,Columbus,OH,43215,assigned,2024-10-31 20:31:35,2024-10-31 20:52:35,10.4,8.93
DEL0162,ORD0162,EMP0065,4519 Park Ave,Tampa,FL,33602,assigned,2025-02-27 15:44:26,2025-02-27 16:17:26,10.5,9.07
DEL0163,ORD0163,EMP0364,5391 5th Ave,Houston,TX,77002,failed,2024-02-14 17:26:48,2024-02-14 18:20:48,9.5,5.89
DEL0164,ORD0164,EMP0157,3555 5th Ave,Dallas,TX,75201,assigned,2025-11-11 13:09:04,2025-11-11 14:31:04,5.8,3.74
DEL0165,ORD0165,EMP0885,3289 Main St,Houston,TX,77002,en_route,2025-06-21 13:16:50,2025-06-21 14:35:50,7.1,8.34
DEL0166,ORD0166,EMP0233,3778 5th Ave,Chicago,IL,60601,returned,2025-07-23 04:24:00,2025-07-23 05:31:00,7.1,6.07
DEL0167,ORD0167,EMP0720,8455 Main St,Austin,TX,78701,assigned,2025-06-22 12:58:47,2025-06-22 13:34:47,4.4,0.55
DEL0168,ORD0168,EMP0108,1435 Main St,Atlanta,GA,30303,assigned,2025-12-13 09:51:29,2025-12-13 10:53:29,8.1,8.80
DEL0169,ORD0169,EMP0724,9072 Maple Dr,Miami,FL,33101,returned,2026-03-22 17:06:07,2026-03-22 18:32:07,9.5,2.58
DEL0170,ORD0170,EMP0714,1348 Main St,Seattle,WA,98101,en_route,2026-06-04 07:08:56,2026-06-04 07:46:56,9.8,1.27
DEL0171,ORD0171,EMP0807,3043 Main St,Miami,FL,33101,queued,2024-08-01 12:58:19,2024-08-01 13:53:19,9.1,0.27
DEL0172,ORD0172,EMP0619,3559 Lakeview Blvd,Miami,FL,33101,en_route,2026-03-08 15:53:36,2026-03-08 16:24:36,10.4,0.73
DEL0173,ORD0173,EMP0273,4297 2nd St,Nashville,TN,37203,delivered,2026-03-13 17:40:27,2026-03-13 17:55:27,4.4,6.44
DEL0174,ORD0174,EMP0580,9178 River Rd,Chicago,IL,60601,assigned,2026-07-25 22:21:06,2026-07-25 23:27:06,1.9,0.29
DEL0175,ORD0175,EMP0306,8239 River Rd,Charlotte,NC,28202,en_route,2025-01-08 20:19:27,2025-01-08 21:36:27,9.1,4.95
DEL0176,ORD0176,EMP0718,9784 Park Ave,Denver,CO,80202,queued,2025-01-19 11:11:26,2025-01-19 12:02:26,7.1,3.19
DEL0177,ORD0177,EMP0303,4560 Pine Rd,Miami,FL,33101,queued,2024-01-26 00:39:18,2024-01-26 01:38:18,1.2,2.77
DEL0178,ORD0178,EMP0791,7133 Pine Rd,Miami,FL,33101,delivered,2025-11-30 13:06:01,2025-11-30 14:25:01,1.7,7.24
DEL0179,ORD0179,EMP0877,8871 Elm St,Charlotte,NC,28202,returned,2024-08-10 12:11:09,2024-08-10 13:13:09,5.7,3.78
DEL0180,ORD0180,EMP0264,726 Highland Ave,Chicago,IL,60601,returned,2024-04-15 23:13:45,2024-04-16 00:14:45,2.4,3.79
DEL0181,ORD0181,EMP0772,8002 Elm St,Seattle,WA,98101,failed,2025-02-18 16:07:21,2025-02-18 17:21:21,1.9,9.70
DEL0182,ORD0182,EMP0374,9682 River Rd,Chicago,IL,60601,queued,2024-10-28 11:17:33,2024-10-28 12:16:33,9.9,11.85
DEL0183,ORD0183,EMP0288,6516 Pine Rd,Charlotte,NC,28202,queued,2026-07-17 20:51:21,2026-07-17 21:18:21,0.5,5.84
DEL0184,ORD0184,EMP0887,5971 River Rd,Seattle,WA,98101,queued,2025-02-26 23:15:28,2025-02-27 00:11:28,4.0,9.45
DEL0185,ORD0185,EMP0627,1471 Market St,Tampa,FL,33602,failed,2025-02-15 15:47:14,2025-02-15 16:23:14,2.5,11.19
DEL0186,ORD0186,EMP0689,3220 Main St,Dallas,TX,75201,assigned,2024-02-25 09:33:25,2024-02-25 10:25:25,5.2,2.01
DEL0187,ORD0187,EMP0462,2849 Lakeview Blvd,Tampa,FL,33602,assigned,2024-09-10 14:27:29,2024-09-10 15:28:29,8.8,3.53
DEL0188,ORD0188,EMP0230,4023 2nd St,Denver,CO,80202,en_route,2026-04-08 02:27:51,2026-04-08 03:17:51,9.6,8.59
DEL0189,ORD0189,EMP0607,3238 Maple Dr,Portland,OR,97201,en_route,2026-06-10 23:32:41,2026-06-11 00:45:41,2.6,2.48
DEL0190,ORD0190,EMP0532,7491 Oak Ave,Denver,CO,80202,returned,2025-04-09 12:17:29,2025-04-09 13:19:29,9.8,9.93
DEL0191,ORD0191,EMP0677,2366 Highland Ave,Portland,OR,97201,queued,2026-04-16 00:40:12,2026-04-16 01:01:12,2.3,8.21
DEL0192,ORD0192,EMP0032,4555 Elm St,Columbus,OH,43215,failed,2024-04-27 02:11:48,2024-04-27 03:25:48,11.3,7.14
DEL0193,ORD0193,EMP0388,5749 Pine Rd,Houston,TX,77002,returned,2024-10-31 20:08:04,2024-10-31 21:21:04,9.4,10.52
DEL0194,ORD0194,EMP0555,3050 Cedar Ln,Chicago,IL,60601,delivered,2024-12-19 07:55:26,2024-12-19 08:58:26,1.4,6.09
DEL0195,ORD0195,EMP0902,972 Sunset Blvd,Dallas,TX,75201,failed,2025-04-06 06:22:57,2025-04-06 07:18:57,7.7,3.23
DEL0196,ORD0196,EMP0429,9297 Market St,Dallas,TX,75201,assigned,2024-03-06 13:41:28,2024-03-06 14:02:28,7.0,3.67
DEL0197,ORD0197,EMP0883,9046 Sunset Blvd,Nashville,TN,37203,assigned,2024-10-19 16:14:21,2024-10-19 17:05:21,1.8,10.97
DEL0198,ORD0198,EMP0847,4023 2nd St,Denver,CO,80202,assigned,2026-02-17 13:07:17,2026-02-17 13:24:17,1.7,7.96
DEL0199,ORD0199,EMP0053,1467 River Rd,Houston,TX,77002,returned,2024-05-24 07:05:55,2024-05-24 07:34:55,9.7,2.93
DEL0200,ORD0200,EMP0399,972 Sunset Blvd,Dallas,TX,75201,assigned,2025-09-10 08:22:57,2025-09-10 09:08:57,7.4,6.63
DEL0201,ORD0201,EMP0528,5340 Highland Ave,Charlotte,NC,28202,en_route,2024-02-10 11:26:01,2024-02-10 12:56:01,5.2,5.00
DEL0202,ORD0202,EMP0415,7008 Main St,Phoenix,AZ,85004,delivered,2024-03-26 11:23:31,2024-03-26 12:03:31,11.6,3.31
DEL0203,ORD0203,EMP0525,691 Park Ave,Portland,OR,97201,queued,2025-08-04 21:35:55,2025-08-04 22:35:55,8.4,10.83
DEL0204,ORD0204,EMP0823,7597 Sunset Blvd,Houston,TX,77002,queued,2025-12-01 22:33:40,2025-12-01 23:11:40,2.4,11.03
DEL0205,ORD0205,EMP0615,4124 River Rd,Columbus,OH,43215,queued,2024-10-28 12:31:41,2024-10-28 13:18:41,2.7,10.95
DEL0206,ORD0206,EMP0674,4730 Lakeview Blvd,Portland,OR,97201,delivered,2024-02-15 04:25:07,2024-02-15 04:44:07,11.0,5.03
DEL0207,ORD0207,EMP0057,738 Highland Ave,Miami,FL,33101,en_route,2024-10-27 14:40:25,2024-10-27 15:25:25,5.2,10.71
DEL0208,ORD0208,EMP0311,7669 Pine Rd,Charlotte,NC,28202,returned,2026-01-09 13:06:33,2026-01-09 13:53:33,3.5,9.02
DEL0209,ORD0209,EMP0678,2885 Maple Dr,Seattle,WA,98101,delivered,2024-06-30 17:01:03,2024-06-30 17:49:03,4.0,7.78
DEL0210,ORD0210,EMP0733,3373 Main St,Chicago,IL,60601,queued,2024-02-25 02:41:34,2024-02-25 02:57:34,5.2,0.17
DEL0211,ORD0211,EMP0626,59 Park Ave,Charlotte,NC,28202,returned,2025-11-13 06:40:59,2025-11-13 07:00:59,11.4,2.51
DEL0212,ORD0212,EMP0885,8987 Oak Ave,Tampa,FL,33602,queued,2024-08-02 00:04:35,2024-08-02 00:48:35,2.5,9.29
DEL0213,ORD0213,EMP0810,5494 Sunset Blvd,Phoenix,AZ,85004,returned,2025-07-18 13:20:30,2025-07-18 13:46:30,10.5,1.13
DEL0214,ORD0214,EMP0981,6536 Elm St,Atlanta,GA,30303,failed,2026-05-05 22:06:41,2026-05-05 23:20:41,1.7,3.09
DEL0215,ORD0215,EMP0693,8244 Market St,Portland,OR,97201,en_route,2026-01-13 13:43:08,2026-01-13 14:33:08,11.2,3.14
DEL0216,ORD0216,EMP0777,670 Elm St,Miami,FL,33101,delivered,2024-04-30 11:45:57,2024-04-30 12:29:57,6.6,6.71
DEL0217,ORD0217,EMP0156,9046 Sunset Blvd,Nashville,TN,37203,assigned,2026-06-02 12:06:53,2026-06-02 13:27:53,4.0,11.96
DEL0218,ORD0218,EMP0973,8002 Elm St,Seattle,WA,98101,en_route,2025-08-16 18:42:01,2025-08-16 19:29:01,9.0,7.39
DEL0219,ORD0219,EMP0497,9803 Cedar Ln,Dallas,TX,75201,failed,2025-05-19 06:45:02,2025-05-19 07:05:02,8.5,10.98
DEL0220,ORD0220,EMP0347,9838 Market St,Houston,TX,77002,returned,2025-09-24 12:44:13,2025-09-24 14:02:13,11.5,2.63
DEL0221,ORD0221,EMP0519,4616 Sunset Blvd,Seattle,WA,98101,queued,2024-12-27 20:18:09,2024-12-27 21:15:09,11.4,11.49
DEL0222,ORD0222,EMP0113,7994 Park Ave,Seattle,WA,98101,delivered,2026-02-18 20:29:41,2026-02-18 21:15:41,1.7,7.23
DEL0223,ORD0223,EMP0164,8221 2nd St,Columbus,OH,43215,delivered,2024-06-17 04:12:05,2024-06-17 05:12:05,0.9,0.02
DEL0224,ORD0224,EMP0675,4587 Oak Ave,Miami,FL,33101,returned,2025-06-27 22:35:22,2025-06-28 00:02:22,10.2,11.50
DEL0225,ORD0225,EMP0163,6055 Cedar Ln,Atlanta,GA,30303,queued,2025-07-28 11:23:13,2025-07-28 12:20:13,2.7,7.85
DEL0226,ORD0226,EMP0699,6084 Park Ave,Denver,CO,80202,queued,2025-08-04 09:51:36,2025-08-04 10:47:36,11.1,8.49
DEL0227,ORD0227,EMP0988,4609 5th Ave,Atlanta,GA,30303,returned,2025-12-04 00:22:04,2025-12-04 01:38:04,8.7,11.93
DEL0228,ORD0228,EMP0786,8274 Elm St,Columbus,OH,43215,failed,2024-10-06 19:17:34,2024-10-06 19:47:34,9.4,9.76
DEL0229,ORD0229,EMP0629,1240 Cedar Ln,Columbus,OH,43215,failed,2024-05-08 03:00:47,2024-05-08 04:27:47,1.1,8.12
DEL0230,ORD0230,EMP0240,1226 Main St,Phoenix,AZ,85004,queued,2025-05-04 17:42:47,2025-05-04 18:27:47,10.6,2.82
DEL0231,ORD0231,EMP0367,9325 Market St,Dallas,TX,75201,returned,2026-05-20 21:16:29,2026-05-20 22:36:29,1.7,2.58
DEL0232,ORD0232,EMP0002,5384 2nd St,Charlotte,NC,28202,returned,2026-05-04 09:54:07,2026-05-04 10:21:07,10.2,1.08
DEL0233,ORD0233,EMP0024,8692 Market St,Phoenix,AZ,85004,failed,2025-01-22 02:07:41,2025-01-22 03:36:41,8.6,3.40
DEL0234,ORD0234,EMP0331,3113 Maple Dr,Austin,TX,78701,delivered,2026-02-11 18:50:37,2026-02-11 19:13:37,6.7,2.48
DEL0235,ORD0235,EMP0117,2123 Oak Ave,Chicago,IL,60601,queued,2025-06-04 14:05:43,2025-06-04 14:43:43,10.4,0.33
DEL0236,ORD0236,EMP0121,119 River Rd,Nashville,TN,37203,delivered,2025-02-07 07:54:43,2025-02-07 09:21:43,1.6,8.52
DEL0237,ORD0237,EMP0783,1052 Sunset Blvd,Denver,CO,80202,en_route,2026-07-24 08:22:15,2026-07-24 09:04:15,5.3,0.92
DEL0238,ORD0238,EMP0425,7367 Sunset Blvd,Charlotte,NC,28202,delivered,2024-03-26 05:45:30,2024-03-26 06:03:30,5.9,4.75
DEL0239,ORD0239,EMP0603,1011 River Rd,Austin,TX,78701,delivered,2026-04-06 15:19:30,2026-04-06 16:35:30,11.8,2.22
DEL0240,ORD0240,EMP0725,7943 5th Ave,Denver,CO,80202,failed,2025-01-12 01:38:21,2025-01-12 02:08:21,10.2,5.70
DEL0241,ORD0241,EMP0108,4205 Pine Rd,San Antonio,TX,78205,delivered,2026-06-19 02:51:09,2026-06-19 04:07:09,3.3,9.39
DEL0242,ORD0242,EMP0408,3913 5th Ave,Denver,CO,80202,failed,2024-05-04 13:56:03,2024-05-04 14:52:03,8.7,10.53
DEL0243,ORD0243,EMP0507,7972 Pine Rd,Chicago,IL,60601,failed,2026-02-28 04:30:39,2026-02-28 04:54:39,1.2,4.13
DEL0244,ORD0244,EMP0132,8621 River Rd,Miami,FL,33101,failed,2024-06-17 09:01:34,2024-06-17 10:31:34,3.8,4.91
DEL0245,ORD0245,EMP0678,8477 Pine Rd,Tampa,FL,33602,returned,2025-12-03 12:37:33,2025-12-03 14:02:33,9.7,9.57
DEL0246,ORD0246,EMP0076,724 Oak Ave,Portland,OR,97201,failed,2025-10-31 17:32:54,2025-10-31 18:32:54,4.8,7.95
DEL0247,ORD0247,EMP0426,5244 River Rd,Chicago,IL,60601,delivered,2025-10-24 08:13:05,2025-10-24 09:16:05,8.6,6.48
DEL0248,ORD0248,EMP0625,9252 Elm St,Austin,TX,78701,returned,2024-11-20 18:55:33,2024-11-20 19:10:33,4.2,8.89
DEL0249,ORD0249,EMP0945,6682 Sunset Blvd,Nashville,TN,37203,queued,2025-02-04 09:49:30,2025-02-04 10:14:30,5.4,8.99
DEL0250,ORD0250,EMP0390,7238 5th Ave,Tampa,FL,33602,failed,2025-06-16 22:32:01,2025-06-16 22:58:01,1.5,4.29
DEL0251,ORD0251,EMP0296,786 Park Ave,Nashville,TN,37203,queued,2026-07-25 07:21:37,2026-07-25 08:16:37,2.2,3.65
DEL0252,ORD0252,EMP0435,8164 Main St,Austin,TX,78701,failed,2024-05-04 11:58:56,2024-05-04 13:05:56,8.1,7.03
DEL0253,ORD0253,EMP0442,4968 Maple Dr,San Antonio,TX,78205,failed,2024-09-18 22:27:44,2024-09-18 23:39:44,5.2,5.13
DEL0254,ORD0254,EMP0806,4209 Maple Dr,Charlotte,NC,28202,failed,2025-05-27 17:37:23,2025-05-27 17:53:23,1.1,5.61
DEL0255,ORD0255,EMP0179,6845 Oak Ave,Seattle,WA,98101,failed,2024-10-16 23:42:45,2024-10-17 00:12:45,5.1,11.67
DEL0256,ORD0256,EMP0268,7266 5th Ave,Tampa,FL,33602,queued,2025-05-21 13:40:52,2025-05-21 14:26:52,6.2,10.39
DEL0257,ORD0257,EMP0658,8344 5th Ave,Portland,OR,97201,delivered,2025-10-07 08:22:06,2025-10-07 09:11:06,8.2,3.48
DEL0258,ORD0258,EMP0580,1451 Main St,Chicago,IL,60601,delivered,2025-04-04 15:31:40,2025-04-04 15:51:40,2.9,2.82
DEL0259,ORD0259,EMP0098,8621 Lakeview Blvd,Chicago,IL,60601,queued,2025-07-30 22:39:54,2025-07-30 23:24:54,1.3,1.21
DEL0260,ORD0260,EMP0379,3095 Pine Rd,Phoenix,AZ,85004,en_route,2025-06-22 03:06:53,2025-06-22 04:23:53,9.2,10.35
DEL0261,ORD0261,EMP0056,3061 Maple Dr,Tampa,FL,33602,queued,2026-01-05 23:00:09,2026-01-06 00:23:09,3.1,11.17
DEL0262,ORD0262,EMP0675,501 River Rd,Nashville,TN,37203,delivered,2025-04-20 05:09:35,2025-04-20 06:28:35,4.0,11.02
DEL0263,ORD0263,EMP0517,1673 Highland Ave,Chicago,IL,60601,assigned,2024-09-09 13:41:38,2024-09-09 14:28:38,11.9,4.52
DEL0264,ORD0264,EMP0701,1489 Highland Ave,Nashville,TN,37203,returned,2025-04-23 02:49:58,2025-04-23 03:41:58,11.1,11.05
DEL0265,ORD0265,EMP0026,9739 River Rd,Dallas,TX,75201,queued,2024-07-01 02:04:39,2024-07-01 02:44:39,11.8,1.81
DEL0266,ORD0266,EMP0844,5244 River Rd,Chicago,IL,60601,assigned,2025-10-05 12:48:37,2025-10-05 13:28:37,7.1,7.67
DEL0267,ORD0267,EMP0666,5912 Pine Rd,Portland,OR,97201,en_route,2026-03-01 16:31:18,2026-03-01 17:20:18,1.1,4.48
DEL0268,ORD0268,EMP0084,5523 Elm St,Nashville,TN,37203,assigned,2024-07-17 21:47:33,2024-07-17 22:27:33,9.3,3.13
DEL0269,ORD0269,EMP0930,556 5th Ave,Atlanta,GA,30303,en_route,2025-07-12 13:54:45,2025-07-12 15:11:45,2.3,5.60
DEL0270,ORD0270,EMP0076,2820 5th Ave,Atlanta,GA,30303,assigned,2025-11-25 16:47:35,2025-11-25 17:16:35,7.4,10.92
DEL0271,ORD0271,EMP0729,6084 Park Ave,Denver,CO,80202,en_route,2025-12-24 21:45:35,2025-12-24 23:01:35,3.2,4.44
DEL0272,ORD0272,EMP0088,3095 Pine Rd,Phoenix,AZ,85004,en_route,2024-03-09 15:42:59,2024-03-09 16:33:59,11.8,4.56
DEL0273,ORD0273,EMP0689,4932 5th Ave,Austin,TX,78701,delivered,2025-07-21 10:39:55,2025-07-21 11:49:55,1.2,8.45
DEL0274,ORD0274,EMP0446,3238 Market St,Tampa,FL,33602,delivered,2025-06-25 12:44:53,2025-06-25 13:33:53,6.1,1.76
DEL0275,ORD0275,EMP0215,6988 Elm St,Austin,TX,78701,en_route,2024-11-05 20:20:08,2024-11-05 21:26:08,7.9,9.80
DEL0276,ORD0276,EMP0226,501 River Rd,Nashville,TN,37203,en_route,2025-03-04 03:04:55,2025-03-04 04:26:55,4.3,7.11
DEL0277,ORD0277,EMP0350,4559 Elm St,Atlanta,GA,30303,queued,2025-08-16 02:46:09,2025-08-16 03:43:09,10.1,7.15
DEL0278,ORD0278,EMP0857,2995 Elm St,Charlotte,NC,28202,queued,2025-10-01 22:35:42,2025-10-01 22:53:42,4.1,6.11
DEL0279,ORD0279,EMP0152,943 Highland Ave,Tampa,FL,33602,delivered,2024-01-22 07:49:16,2024-01-22 09:18:16,5.9,2.86
DEL0280,ORD0280,EMP0054,6326 Lakeview Blvd,Denver,CO,80202,delivered,2026-01-30 03:07:13,2026-01-30 03:51:13,11.7,10.81
DEL0281,ORD0281,EMP0073,6739 Highland Ave,Charlotte,NC,28202,delivered,2024-10-07 15:24:27,2024-10-07 16:45:27,7.8,9.83
DEL0282,ORD0282,EMP0093,1225 Pine Rd,Nashville,TN,37203,returned,2025-10-26 10:17:57,2025-10-26 10:37:57,7.6,7.49
DEL0283,ORD0283,EMP0512,4256 Lakeview Blvd,San Antonio,TX,78205,failed,2025-05-27 04:44:42,2025-05-27 05:30:42,10.7,8.83
DEL0284,ORD0284,EMP0239,8519 Lakeview Blvd,Dallas,TX,75201,assigned,2026-04-17 15:26:09,2026-04-17 16:49:09,4.3,8.67
DEL0285,ORD0285,EMP0385,7208 Pine Rd,San Antonio,TX,78205,failed,2024-07-09 18:09:20,2024-07-09 18:53:20,10.8,3.82
DEL0286,ORD0286,EMP0078,3289 Main St,Houston,TX,77002,delivered,2024-11-16 12:28:33,2024-11-16 12:52:33,8.5,11.78
DEL0287,ORD0287,EMP0394,6634 Main St,Phoenix,AZ,85004,en_route,2025-08-27 11:40:42,2025-08-27 12:06:42,4.1,1.13
DEL0288,ORD0288,EMP0528,8330 Main St,Chicago,IL,60601,assigned,2024-03-15 15:39:23,2024-03-15 16:15:23,2.4,1.84
DEL0289,ORD0289,EMP0790,8530 Maple Dr,Charlotte,NC,28202,assigned,2024-11-25 15:33:43,2024-11-25 16:36:43,9.3,6.13
DEL0290,ORD0290,EMP0235,5521 Pine Rd,Miami,FL,33101,en_route,2026-04-15 07:35:25,2026-04-15 08:39:25,10.2,3.98
DEL0291,ORD0291,EMP0035,5219 River Rd,Atlanta,GA,30303,returned,2026-04-21 19:03:17,2026-04-21 19:56:17,6.8,1.70
DEL0292,ORD0292,EMP0325,6494 Market St,Charlotte,NC,28202,assigned,2026-05-03 10:10:07,2026-05-03 11:13:07,9.9,5.60
DEL0293,ORD0293,EMP0616,6199 2nd St,Seattle,WA,98101,queued,2025-12-05 22:19:56,2025-12-05 22:58:56,9.7,6.01
DEL0294,ORD0294,EMP0094,8069 Maple Dr,Portland,OR,97201,en_route,2024-02-29 09:17:36,2024-02-29 10:36:36,5.1,3.42
DEL0295,ORD0295,EMP0039,4935 5th Ave,Denver,CO,80202,failed,2026-05-27 23:40:23,2026-05-28 00:33:23,10.1,10.42
DEL0296,ORD0296,EMP0477,3770 Main St,Tampa,FL,33602,queued,2024-08-30 08:25:32,2024-08-30 09:47:32,6.6,1.65
DEL0297,ORD0297,EMP0626,7414 Maple Dr,San Antonio,TX,78205,queued,2026-07-18 02:05:13,2026-07-18 03:19:13,6.6,10.78
DEL0298,ORD0298,EMP0509,969 Highland Ave,Denver,CO,80202,delivered,2025-08-26 09:27:13,2025-08-26 10:35:13,1.6,4.35
DEL0299,ORD0299,EMP0367,7281 Maple Dr,Seattle,WA,98101,returned,2026-05-05 17:46:51,2026-05-05 19:07:51,9.0,11.82
DEL0300,ORD0300,EMP0974,1011 River Rd,Austin,TX,78701,returned,2025-04-17 22:11:06,2025-04-17 23:20:06,1.7,6.25
DEL0301,ORD0301,EMP0054,5597 Highland Ave,Charlotte,NC,28202,queued,2025-08-09 15:17:41,2025-08-09 15:42:41,11.8,4.96
DEL0302,ORD0302,EMP0071,7545 Elm St,Seattle,WA,98101,assigned,2025-09-26 05:40:28,2025-09-26 06:18:28,0.6,5.05
DEL0303,ORD0303,EMP0370,4391 Pine Rd,Denver,CO,80202,delivered,2025-09-05 11:13:56,2025-09-05 12:18:56,7.4,2.88
DEL0304,ORD0304,EMP0318,5862 Park Ave,Chicago,IL,60601,returned,2024-09-20 18:25:19,2024-09-20 19:37:19,2.6,8.21
DEL0305,ORD0305,EMP0340,3079 Oak Ave,Phoenix,AZ,85004,failed,2025-06-17 08:41:10,2025-06-17 10:06:10,9.9,4.58
DEL0306,ORD0306,EMP0277,118 Park Ave,San Antonio,TX,78205,assigned,2026-05-07 11:57:35,2026-05-07 12:24:35,8.8,1.56
DEL0307,ORD0307,EMP0923,9203 Maple Dr,Portland,OR,97201,failed,2024-03-02 05:02:06,2024-03-02 06:24:06,4.1,9.19
DEL0308,ORD0308,EMP0836,5993 Highland Ave,Austin,TX,78701,en_route,2024-10-16 22:22:48,2024-10-16 22:50:48,3.5,0.44
DEL0309,ORD0309,EMP0654,8961 5th Ave,Phoenix,AZ,85004,failed,2026-06-24 21:47:14,2026-06-24 22:34:14,2.6,10.61
DEL0310,ORD0310,EMP0473,5144 5th Ave,Austin,TX,78701,assigned,2026-01-06 09:38:07,2026-01-06 10:44:07,2.7,1.79
DEL0311,ORD0311,EMP0920,6745 Oak Ave,Seattle,WA,98101,queued,2026-02-02 18:10:09,2026-02-02 19:10:09,3.2,0.53
DEL0312,ORD0312,EMP0727,9029 Elm St,Tampa,FL,33602,en_route,2024-06-13 04:44:52,2024-06-13 05:27:52,0.8,0.34
DEL0313,ORD0313,EMP0329,2422 Maple Dr,Nashville,TN,37203,assigned,2024-01-25 04:43:42,2024-01-25 05:09:42,0.9,0.44
DEL0314,ORD0314,EMP0332,6407 Market St,Nashville,TN,37203,failed,2024-07-01 18:12:12,2024-07-01 18:32:12,3.9,4.46
DEL0315,ORD0315,EMP0718,9256 Park Ave,Seattle,WA,98101,delivered,2025-01-19 09:36:30,2025-01-19 10:46:30,7.4,5.59
DEL0316,ORD0316,EMP0977,9898 Park Ave,Chicago,IL,60601,assigned,2025-12-25 08:23:01,2025-12-25 09:22:01,7.0,0.81
DEL0317,ORD0317,EMP0980,7669 Pine Rd,Charlotte,NC,28202,failed,2025-03-25 06:32:13,2025-03-25 07:22:13,11.8,9.90
DEL0318,ORD0318,EMP0712,6884 Pine Rd,San Antonio,TX,78205,queued,2024-06-02 14:13:35,2024-06-02 15:28:35,2.2,3.62
DEL0319,ORD0319,EMP0843,339 Park Ave,Atlanta,GA,30303,queued,2025-04-26 05:34:21,2025-04-26 06:07:21,5.7,7.32
DEL0320,ORD0320,EMP0616,2301 Sunset Blvd,Nashville,TN,37203,assigned,2025-12-18 01:42:44,2025-12-18 02:59:44,2.5,3.65
DEL0321,ORD0321,EMP0620,6002 Sunset Blvd,Atlanta,GA,30303,failed,2026-03-04 23:49:50,2026-03-05 01:06:50,6.7,2.41
DEL0322,ORD0322,EMP0246,3759 Maple Dr,Charlotte,NC,28202,assigned,2025-06-24 05:20:02,2025-06-24 06:02:02,1.1,4.37
DEL0323,ORD0323,EMP0989,5417 Market St,Houston,TX,77002,returned,2024-04-19 19:44:04,2024-04-19 20:56:04,9.4,0.83
DEL0324,ORD0324,EMP0365,3350 Lakeview Blvd,Phoenix,AZ,85004,en_route,2026-05-30 09:43:36,2026-05-30 10:14:36,8.6,0.05
DEL0325,ORD0325,EMP0931,9234 Sunset Blvd,Phoenix,AZ,85004,assigned,2026-02-19 17:31:32,2026-02-19 18:02:32,11.1,5.32
DEL0326,ORD0326,EMP0445,3485 Pine Rd,Atlanta,GA,30303,queued,2025-07-30 21:44:25,2025-07-30 23:01:25,5.8,8.00
DEL0327,ORD0327,EMP0035,969 Highland Ave,Denver,CO,80202,queued,2024-11-28 16:17:49,2024-11-28 16:54:49,6.6,6.61
DEL0328,ORD0328,EMP0798,5038 Maple Dr,Austin,TX,78701,returned,2024-07-26 02:36:31,2024-07-26 03:34:31,8.4,5.43
DEL0329,ORD0329,EMP0666,3238 Market St,Tampa,FL,33602,failed,2025-12-27 18:22:02,2025-12-27 19:11:02,6.8,8.54
DEL0330,ORD0330,EMP0564,857 Cedar Ln,Columbus,OH,43215,assigned,2025-09-20 10:49:41,2025-09-20 11:32:41,8.6,1.38
DEL0331,ORD0331,EMP0577,5687 Lakeview Blvd,Denver,CO,80202,failed,2025-09-17 19:28:11,2025-09-17 20:56:11,5.5,2.95
DEL0332,ORD0332,EMP0310,6136 Maple Dr,Chicago,IL,60601,queued,2025-05-31 11:55:14,2025-05-31 12:57:14,2.1,3.89
DEL0333,ORD0333,EMP0407,7257 Park Ave,Nashville,TN,37203,en_route,2024-08-31 07:59:56,2024-08-31 08:16:56,9.0,4.64
DEL0334,ORD0334,EMP0648,6136 Maple Dr,Chicago,IL,60601,en_route,2026-03-06 19:15:28,2026-03-06 20:20:28,4.0,2.50
DEL0335,ORD0335,EMP0141,8110 Main St,Phoenix,AZ,85004,failed,2024-04-16 15:27:23,2024-04-16 15:43:23,1.1,6.59
DEL0336,ORD0336,EMP0345,3203 2nd St,Columbus,OH,43215,queued,2025-06-21 12:10:27,2025-06-21 13:38:27,1.3,5.99
DEL0337,ORD0337,EMP0183,5949 2nd St,Nashville,TN,37203,delivered,2025-12-06 19:10:53,2025-12-06 20:06:53,0.5,9.27
DEL0338,ORD0338,EMP0720,5773 Main St,San Antonio,TX,78205,assigned,2025-11-14 14:37:54,2025-11-14 15:44:54,2.5,7.24
DEL0339,ORD0339,EMP0924,4935 Park Ave,Charlotte,NC,28202,assigned,2025-01-07 13:14:29,2025-01-07 13:49:29,4.3,4.15
DEL0340,ORD0340,EMP0522,4157 Pine Rd,Nashville,TN,37203,delivered,2025-10-10 23:23:55,2025-10-11 00:18:55,10.4,1.12
DEL0341,ORD0341,EMP0201,7597 Sunset Blvd,Houston,TX,77002,en_route,2026-02-04 09:04:53,2026-02-04 10:30:53,3.6,8.30
DEL0342,ORD0342,EMP0158,2450 Maple Dr,Portland,OR,97201,queued,2025-09-10 19:30:53,2025-09-10 20:58:53,3.5,6.28
DEL0343,ORD0343,EMP0303,9677 Maple Dr,Charlotte,NC,28202,en_route,2024-06-22 01:50:28,2024-06-22 03:00:28,8.7,1.88
DEL0344,ORD0344,EMP0793,5376 Maple Dr,Houston,TX,77002,queued,2024-03-11 08:24:16,2024-03-11 09:13:16,10.4,2.25
DEL0345,ORD0345,EMP0346,351 Market St,Columbus,OH,43215,returned,2024-05-02 16:45:09,2024-05-02 18:03:09,7.8,7.02
DEL0346,ORD0346,EMP0192,565 Cedar Ln,Denver,CO,80202,delivered,2024-10-23 17:36:15,2024-10-23 18:15:15,9.3,9.58
DEL0347,ORD0347,EMP0925,8019 Market St,San Antonio,TX,78205,returned,2026-01-19 19:58:15,2026-01-19 20:33:15,10.0,1.06
DEL0348,ORD0348,EMP0659,4345 Maple Dr,Phoenix,AZ,85004,failed,2024-10-12 01:33:06,2024-10-12 01:52:06,6.4,10.39
DEL0349,ORD0349,EMP0984,7560 2nd St,Atlanta,GA,30303,returned,2025-04-13 23:58:49,2025-04-14 00:33:49,8.1,2.66
DEL0350,ORD0350,EMP0883,550 Sunset Blvd,Dallas,TX,75201,failed,2024-11-06 17:25:14,2024-11-06 17:44:14,5.8,2.57
DEL0351,ORD0351,EMP0938,9757 Lakeview Blvd,Dallas,TX,75201,en_route,2025-04-02 21:57:20,2025-04-02 23:10:20,10.1,7.30
DEL0352,ORD0352,EMP0239,5457 Elm St,Portland,OR,97201,assigned,2024-05-16 11:08:54,2024-05-16 11:33:54,8.1,4.01
DEL0353,ORD0353,EMP0998,773 Park Ave,Houston,TX,77002,queued,2025-10-25 15:49:28,2025-10-25 16:44:28,10.6,5.12
DEL0354,ORD0354,EMP0872,4146 Lakeview Blvd,Columbus,OH,43215,delivered,2024-08-20 21:21:54,2024-08-20 22:06:54,9.0,5.27
DEL0355,ORD0355,EMP0075,409 Lakeview Blvd,Atlanta,GA,30303,queued,2025-06-21 23:32:31,2025-06-22 00:45:31,11.9,9.50
DEL0356,ORD0356,EMP0480,7994 Park Ave,Seattle,WA,98101,returned,2024-03-02 08:20:31,2024-03-02 09:46:31,10.6,8.42
DEL0357,ORD0357,EMP0746,3009 5th Ave,Nashville,TN,37203,delivered,2025-07-19 18:32:15,2025-07-19 19:29:15,11.6,8.83
DEL0358,ORD0358,EMP0501,4638 5th Ave,Charlotte,NC,28202,assigned,2026-06-24 18:10:14,2026-06-24 18:44:14,3.8,0.32
DEL0359,ORD0359,EMP0680,5066 Elm St,Columbus,OH,43215,delivered,2026-01-03 15:14:14,2026-01-03 15:33:14,4.5,10.64
DEL0360,ORD0360,EMP0710,2847 Main St,Atlanta,GA,30303,queued,2024-01-28 00:56:59,2024-01-28 01:23:59,7.4,3.97
DEL0361,ORD0361,EMP0738,2879 Elm St,Phoenix,AZ,85004,en_route,2024-08-23 12:34:49,2024-08-23 13:54:49,10.0,7.94
DEL0362,ORD0362,EMP0788,4767 Highland Ave,Chicago,IL,60601,assigned,2026-05-08 11:19:46,2026-05-08 12:24:46,8.7,10.38
DEL0363,ORD0363,EMP0338,6580 Sunset Blvd,San Antonio,TX,78205,queued,2026-06-10 20:13:37,2026-06-10 21:26:37,9.4,7.66
DEL0364,ORD0364,EMP0287,5267 Maple Dr,Denver,CO,80202,returned,2025-10-26 14:24:28,2025-10-26 15:24:28,8.0,11.62
DEL0365,ORD0365,EMP0665,4129 5th Ave,Atlanta,GA,30303,assigned,2025-02-21 01:12:58,2025-02-21 02:15:58,10.7,10.96
DEL0366,ORD0366,EMP0446,9647 Oak Ave,Denver,CO,80202,failed,2026-06-09 14:15:30,2026-06-09 15:00:30,11.6,11.90
DEL0367,ORD0367,EMP0195,8327 Sunset Blvd,Denver,CO,80202,assigned,2024-08-20 07:42:25,2024-08-20 08:13:25,11.9,6.61
DEL0368,ORD0368,EMP0457,8752 2nd St,Phoenix,AZ,85004,assigned,2024-11-21 21:08:29,2024-11-21 21:32:29,11.2,0.10
DEL0369,ORD0369,EMP0689,2510 Sunset Blvd,Denver,CO,80202,delivered,2026-04-24 11:48:30,2026-04-24 12:29:30,2.6,9.39
DEL0370,ORD0370,EMP0309,5731 Oak Ave,Charlotte,NC,28202,en_route,2024-02-13 21:30:17,2024-02-13 22:55:17,3.8,7.71
DEL0371,ORD0371,EMP0013,4642 Maple Dr,Nashville,TN,37203,en_route,2026-05-05 16:16:36,2026-05-05 17:16:36,3.0,3.47
DEL0372,ORD0372,EMP0403,8621 River Rd,Miami,FL,33101,assigned,2025-08-23 05:18:00,2025-08-23 05:54:00,6.2,8.70
DEL0373,ORD0373,EMP0821,2044 Highland Ave,Houston,TX,77002,failed,2026-01-28 17:42:14,2026-01-28 18:14:14,6.3,5.92
DEL0374,ORD0374,EMP0496,8354 Cedar Ln,Dallas,TX,75201,assigned,2025-11-13 14:53:49,2025-11-13 15:43:49,9.4,2.37
DEL0375,ORD0375,EMP0479,8189 Lakeview Blvd,Tampa,FL,33602,delivered,2025-11-03 15:49:22,2025-11-03 16:25:22,8.4,3.19
DEL0376,ORD0376,EMP0943,2752 Pine Rd,Charlotte,NC,28202,failed,2025-06-13 03:14:21,2025-06-13 04:02:21,3.8,11.44
DEL0377,ORD0377,EMP0501,269 Lakeview Blvd,Miami,FL,33101,delivered,2026-04-21 12:32:57,2026-04-21 13:05:57,7.8,9.82
DEL0378,ORD0378,EMP0345,8019 Market St,San Antonio,TX,78205,returned,2025-10-21 09:30:08,2025-10-21 10:32:08,7.1,3.69
DEL0379,ORD0379,EMP0571,7718 5th Ave,Portland,OR,97201,en_route,2024-02-22 13:48:47,2024-02-22 15:14:47,2.4,9.47
DEL0380,ORD0380,EMP0509,9034 River Rd,Phoenix,AZ,85004,en_route,2025-04-09 16:01:55,2025-04-09 17:29:55,5.0,4.42
DEL0381,ORD0381,EMP0565,3052 Maple Dr,Phoenix,AZ,85004,delivered,2026-07-01 13:26:47,2026-07-01 14:36:47,9.4,10.76
DEL0382,ORD0382,EMP0766,7496 Elm St,Tampa,FL,33602,returned,2025-02-14 04:33:34,2025-02-14 06:01:34,3.4,1.28
DEL0383,ORD0383,EMP0244,7217 Park Ave,Portland,OR,97201,queued,2025-10-27 02:36:50,2025-10-27 02:51:50,6.3,9.17
DEL0384,ORD0384,EMP0814,1313 Pine Rd,Miami,FL,33101,delivered,2024-09-26 12:40:37,2024-09-26 13:06:37,1.1,1.76
DEL0385,ORD0385,EMP0344,3368 2nd St,Denver,CO,80202,failed,2025-03-19 11:12:43,2025-03-19 11:41:43,5.0,2.56
DEL0386,ORD0386,EMP0111,1893 Market St,Seattle,WA,98101,failed,2024-09-24 08:47:50,2024-09-24 09:25:50,8.2,3.17
DEL0387,ORD0387,EMP0874,6357 Pine Rd,Columbus,OH,43215,en_route,2026-05-19 18:09:47,2026-05-19 19:13:47,8.2,6.97
DEL0388,ORD0388,EMP0865,1011 River Rd,Austin,TX,78701,delivered,2024-01-08 00:49:17,2024-01-08 01:53:17,8.2,11.58
DEL0389,ORD0389,EMP0412,5244 Main St,Miami,FL,33101,returned,2024-06-28 00:11:05,2024-06-28 01:19:05,0.6,7.97
DEL0390,ORD0390,EMP0506,5521 Pine Rd,Miami,FL,33101,delivered,2024-05-07 17:10:13,2024-05-07 17:43:13,3.7,8.80
DEL0391,ORD0391,EMP0082,7611 Oak Ave,Austin,TX,78701,assigned,2026-06-20 15:33:42,2026-06-20 15:55:42,7.2,1.34
DEL0392,ORD0392,EMP0772,4372 Market St,Houston,TX,77002,assigned,2026-07-17 19:18:41,2026-07-17 20:31:41,8.9,3.51
DEL0393,ORD0393,EMP0535,9564 Cedar Ln,Portland,OR,97201,en_route,2026-03-27 13:28:25,2026-03-27 14:44:25,9.8,9.21
DEL0394,ORD0394,EMP0317,6407 Market St,Nashville,TN,37203,failed,2024-02-23 01:40:01,2024-02-23 02:33:01,1.4,6.68
DEL0395,ORD0395,EMP0705,8124 Cedar Ln,Columbus,OH,43215,en_route,2025-12-28 00:15:53,2025-12-28 00:51:53,5.5,8.11
DEL0396,ORD0396,EMP0596,5521 Pine Rd,Miami,FL,33101,returned,2025-06-23 15:01:50,2025-06-23 15:56:50,3.1,11.21
DEL0397,ORD0397,EMP0377,7653 Main St,Denver,CO,80202,delivered,2026-06-28 22:14:49,2026-06-28 23:13:49,3.6,3.55
DEL0398,ORD0398,EMP0339,6601 Market St,Miami,FL,33101,failed,2024-10-17 11:54:49,2024-10-17 13:08:49,4.0,7.16
DEL0399,ORD0399,EMP0350,8692 Market St,Phoenix,AZ,85004,returned,2025-12-10 19:37:49,2025-12-10 19:53:49,2.5,1.88
DEL0400,ORD0400,EMP0611,4316 Sunset Blvd,Charlotte,NC,28202,en_route,2024-04-07 08:06:21,2024-04-07 08:29:21,9.0,8.87
DEL0401,ORD0401,EMP0679,5765 Lakeview Blvd,Chicago,IL,60601,failed,2025-06-18 14:03:42,2025-06-18 15:14:42,11.3,6.18
DEL0402,ORD0402,EMP0077,9038 2nd St,Dallas,TX,75201,delivered,2025-03-10 04:28:19,2025-03-10 05:23:19,4.5,9.95
DEL0403,ORD0403,EMP0714,5722 Market St,Houston,TX,77002,failed,2025-11-17 07:33:25,2025-11-17 08:02:25,4.1,0.74
DEL0404,ORD0404,EMP0537,3305 5th Ave,Seattle,WA,98101,delivered,2026-05-31 02:43:07,2026-05-31 03:52:07,7.5,1.41
DEL0405,ORD0405,EMP0381,269 Lakeview Blvd,Miami,FL,33101,delivered,2026-06-22 16:50:37,2026-06-22 17:40:37,6.9,11.30
DEL0406,ORD0406,EMP0062,2504 River Rd,Austin,TX,78701,en_route,2024-05-09 23:40:07,2024-05-10 00:59:07,8.2,5.11
DEL0407,ORD0407,EMP0791,1225 Pine Rd,Nashville,TN,37203,failed,2025-06-27 00:00:51,2025-06-27 00:20:51,6.5,0.16
DEL0408,ORD0408,EMP0731,8283 Lakeview Blvd,San Antonio,TX,78205,assigned,2025-06-10 00:48:07,2025-06-10 01:51:07,9.9,8.74
DEL0409,ORD0409,EMP0148,844 Highland Ave,Seattle,WA,98101,assigned,2025-10-15 12:04:03,2025-10-15 12:51:03,7.1,8.80
DEL0410,ORD0410,EMP0617,176 Maple Dr,Charlotte,NC,28202,assigned,2024-03-29 01:23:42,2024-03-29 02:17:42,2.0,10.11
DEL0411,ORD0411,EMP0276,9084 5th Ave,Atlanta,GA,30303,failed,2026-03-22 03:04:29,2026-03-22 04:16:29,11.7,3.55
DEL0412,ORD0412,EMP0329,8692 Market St,Phoenix,AZ,85004,assigned,2025-08-23 14:24:40,2025-08-23 15:00:40,6.3,0.76
DEL0413,ORD0413,EMP0346,4037 Sunset Blvd,Houston,TX,77002,queued,2026-05-02 17:39:05,2026-05-02 18:34:05,5.2,10.02
DEL0414,ORD0414,EMP0306,4555 Elm St,Columbus,OH,43215,failed,2024-01-02 06:51:16,2024-01-02 07:35:16,9.0,1.68
DEL0415,ORD0415,EMP0616,6536 Elm St,Atlanta,GA,30303,en_route,2025-09-29 00:39:06,2025-09-29 01:11:06,0.9,2.48
DEL0416,ORD0416,EMP0098,3559 Lakeview Blvd,Miami,FL,33101,delivered,2025-02-16 18:52:26,2025-02-16 19:14:26,3.8,9.99
DEL0417,ORD0417,EMP0879,6634 Main St,Phoenix,AZ,85004,assigned,2026-01-27 01:05:53,2026-01-27 02:23:53,4.8,7.20
DEL0418,ORD0418,EMP0784,5116 Highland Ave,Columbus,OH,43215,returned,2025-01-05 17:36:02,2025-01-05 18:52:02,8.4,2.20
DEL0419,ORD0419,EMP0586,6315 Market St,Nashville,TN,37203,failed,2025-02-02 21:28:36,2025-02-02 22:22:36,5.0,6.23
DEL0420,ORD0420,EMP0372,716 Park Ave,Miami,FL,33101,failed,2024-04-18 06:04:39,2024-04-18 07:02:39,5.8,11.55
DEL0421,ORD0421,EMP0380,6662 Oak Ave,San Antonio,TX,78205,queued,2026-04-12 15:27:32,2026-04-12 16:23:32,5.9,7.15
DEL0422,ORD0422,EMP0922,7703 River Rd,Austin,TX,78701,failed,2024-09-19 00:04:49,2024-09-19 01:19:49,4.6,2.36
DEL0423,ORD0423,EMP0635,9757 Lakeview Blvd,Dallas,TX,75201,assigned,2024-01-05 20:38:50,2024-01-05 22:05:50,8.3,0.99
DEL0424,ORD0424,EMP0542,4604 Market St,San Antonio,TX,78205,returned,2024-06-28 11:48:38,2024-06-28 12:16:38,7.6,0.49
DEL0425,ORD0425,EMP0288,2332 Pine Rd,Houston,TX,77002,failed,2024-01-28 18:21:30,2024-01-28 19:08:30,5.3,4.30
DEL0426,ORD0426,EMP0177,3289 Main St,Houston,TX,77002,failed,2026-02-14 04:14:17,2026-02-14 04:39:17,8.6,6.41
DEL0427,ORD0427,EMP0200,951 Pine Rd,Houston,TX,77002,en_route,2026-03-27 06:00:59,2026-03-27 07:21:59,1.1,6.55
DEL0428,ORD0428,EMP0203,7962 5th Ave,Tampa,FL,33602,queued,2025-12-19 08:54:57,2025-12-19 10:05:57,4.9,6.54
DEL0429,ORD0429,EMP0695,3009 5th Ave,Nashville,TN,37203,queued,2024-01-12 13:23:07,2024-01-12 14:18:07,3.4,1.63
DEL0430,ORD0430,EMP0025,9375 River Rd,Houston,TX,77002,assigned,2024-05-06 01:05:39,2024-05-06 01:55:39,3.7,8.47
DEL0431,ORD0431,EMP0096,716 Park Ave,Miami,FL,33101,delivered,2025-12-22 11:57:59,2025-12-22 12:41:59,9.1,6.04
DEL0432,ORD0432,EMP0630,7461 River Rd,Charlotte,NC,28202,delivered,2024-05-12 03:46:56,2024-05-12 04:20:56,8.9,3.15
DEL0433,ORD0433,EMP0731,7180 Highland Ave,Chicago,IL,60601,returned,2024-05-28 11:39:10,2024-05-28 12:46:10,6.9,9.92
DEL0434,ORD0434,EMP0316,7861 Pine Rd,Tampa,FL,33602,failed,2025-08-27 16:11:05,2025-08-27 17:12:05,0.9,0.27
DEL0435,ORD0435,EMP0246,744 Sunset Blvd,Charlotte,NC,28202,returned,2024-08-04 04:06:50,2024-08-04 04:59:50,2.1,2.10
DEL0436,ORD0436,EMP0333,59 Park Ave,Charlotte,NC,28202,returned,2025-04-08 15:54:34,2025-04-08 16:49:34,9.1,3.32
DEL0437,ORD0437,EMP0714,5587 2nd St,Phoenix,AZ,85004,returned,2026-07-13 18:24:23,2026-07-13 18:42:23,4.8,8.66
DEL0438,ORD0438,EMP0114,1069 Maple Dr,Phoenix,AZ,85004,queued,2025-02-15 10:15:16,2025-02-15 11:25:16,2.0,6.12
DEL0439,ORD0439,EMP0661,8374 Maple Dr,Denver,CO,80202,queued,2024-09-21 08:39:09,2024-09-21 09:13:09,0.5,7.80
DEL0440,ORD0440,EMP0914,944 Lakeview Blvd,Seattle,WA,98101,queued,2024-12-03 13:46:22,2024-12-03 14:33:22,1.5,11.46
DEL0441,ORD0441,EMP0523,3870 Sunset Blvd,Portland,OR,97201,failed,2025-09-17 07:28:26,2025-09-17 08:35:26,8.4,3.50
DEL0442,ORD0442,EMP0671,6988 Elm St,Austin,TX,78701,delivered,2025-01-09 02:35:17,2025-01-09 02:50:17,2.1,1.94
DEL0443,ORD0443,EMP0046,9501 Sunset Blvd,Seattle,WA,98101,failed,2024-06-08 12:16:10,2024-06-08 12:52:10,11.4,0.37
DEL0444,ORD0444,EMP0108,1865 Market St,Denver,CO,80202,failed,2025-05-23 18:30:02,2025-05-23 19:54:02,6.3,4.03
DEL0445,ORD0445,EMP0405,3212 Highland Ave,Columbus,OH,43215,queued,2025-10-12 08:55:03,2025-10-12 10:12:03,2.1,9.32
DEL0446,ORD0446,EMP0140,2485 Pine Rd,Atlanta,GA,30303,delivered,2025-10-14 00:49:07,2025-10-14 01:09:07,2.0,4.52
DEL0447,ORD0447,EMP0123,8784 Market St,Portland,OR,97201,assigned,2025-06-17 15:35:10,2025-06-17 16:37:10,7.0,9.21
DEL0448,ORD0448,EMP0595,9821 Maple Dr,Houston,TX,77002,delivered,2025-02-08 03:57:06,2025-02-08 05:03:06,11.2,3.02
DEL0449,ORD0449,EMP0187,4304 River Rd,Chicago,IL,60601,delivered,2024-07-25 08:20:15,2024-07-25 08:49:15,6.6,8.30
DEL0450,ORD0450,EMP0217,2016 Market St,Houston,TX,77002,queued,2025-09-12 05:54:24,2025-09-12 06:23:24,0.6,6.19
DEL0451,ORD0451,EMP0974,1467 River Rd,Houston,TX,77002,en_route,2024-12-27 10:20:05,2024-12-27 11:49:05,10.1,1.76
DEL0452,ORD0452,EMP0943,7805 Market St,Houston,TX,77002,en_route,2025-10-06 13:49:35,2025-10-06 14:08:35,10.4,8.95
DEL0453,ORD0453,EMP0217,5928 Maple Dr,Miami,FL,33101,en_route,2025-01-03 04:29:05,2025-01-03 04:58:05,9.4,8.76
DEL0454,ORD0454,EMP0522,1489 Highland Ave,Nashville,TN,37203,returned,2025-10-06 22:44:44,2025-10-06 23:26:44,3.7,3.79
DEL0455,ORD0455,EMP0394,7945 Oak Ave,Portland,OR,97201,en_route,2024-11-21 09:00:07,2024-11-21 10:27:07,3.9,6.07
DEL0456,ORD0456,EMP0606,6706 Pine Rd,Atlanta,GA,30303,delivered,2026-03-09 00:32:51,2026-03-09 01:06:51,4.9,9.02
DEL0457,ORD0457,EMP0747,560 Elm St,Nashville,TN,37203,failed,2025-06-03 19:38:14,2025-06-03 20:02:14,1.5,7.82
DEL0458,ORD0458,EMP0708,2976 Elm St,Columbus,OH,43215,returned,2024-06-05 08:18:43,2024-06-05 08:43:43,5.2,8.00
DEL0459,ORD0459,EMP0399,8621 River Rd,Miami,FL,33101,delivered,2024-05-01 10:17:16,2024-05-01 11:22:16,8.2,2.60
DEL0460,ORD0460,EMP0446,8860 Oak Ave,Portland,OR,97201,delivered,2025-07-22 10:28:00,2025-07-22 11:11:00,8.2,8.83
DEL0461,ORD0461,EMP0526,6166 Cedar Ln,San Antonio,TX,78205,failed,2025-12-02 10:14:13,2025-12-02 10:46:13,7.4,5.28
DEL0462,ORD0462,EMP0842,4922 Pine Rd,Denver,CO,80202,returned,2025-07-24 02:54:19,2025-07-24 04:07:19,4.9,8.38
DEL0463,ORD0463,EMP0154,7772 Main St,Nashville,TN,37203,en_route,2024-09-25 15:30:58,2024-09-25 16:32:58,6.5,3.64
DEL0464,ORD0464,EMP0864,7565 Sunset Blvd,San Antonio,TX,78205,en_route,2025-11-30 13:04:03,2025-11-30 13:30:03,5.0,10.66
DEL0465,ORD0465,EMP0959,5514 River Rd,Nashville,TN,37203,delivered,2025-07-06 17:31:24,2025-07-06 18:14:24,4.4,9.40
DEL0466,ORD0466,EMP0304,5268 Highland Ave,Chicago,IL,60601,returned,2024-07-26 16:41:37,2024-07-26 18:01:37,9.2,3.96
DEL0467,ORD0467,EMP0307,4627 Park Ave,Phoenix,AZ,85004,queued,2024-03-27 14:58:29,2024-03-27 15:57:29,11.9,9.43
DEL0468,ORD0468,EMP0423,307 Cedar Ln,Denver,CO,80202,failed,2024-05-25 11:24:26,2024-05-25 12:04:26,9.4,1.44
DEL0469,ORD0469,EMP0272,3230 5th Ave,Tampa,FL,33602,assigned,2025-02-11 23:21:14,2025-02-11 23:50:14,8.2,9.23
DEL0470,ORD0470,EMP0479,756 5th Ave,Chicago,IL,60601,assigned,2025-06-13 03:22:52,2025-06-13 04:07:52,9.7,0.39
DEL0471,ORD0471,EMP0195,4604 Market St,San Antonio,TX,78205,assigned,2026-05-02 02:24:54,2026-05-02 03:36:54,1.1,3.91
DEL0472,ORD0472,EMP0307,3686 Lakeview Blvd,Nashville,TN,37203,en_route,2026-04-02 13:39:44,2026-04-02 13:55:44,2.4,11.35
DEL0473,ORD0473,EMP0931,3863 Elm St,Phoenix,AZ,85004,queued,2025-04-23 00:31:04,2025-04-23 01:08:04,3.4,1.87
DEL0474,ORD0474,EMP0007,3014 Maple Dr,Austin,TX,78701,returned,2025-11-08 04:31:41,2025-11-08 05:28:41,6.6,7.57
DEL0475,ORD0475,EMP0031,8069 Highland Ave,Phoenix,AZ,85004,returned,2024-09-12 09:38:29,2024-09-12 10:53:29,7.5,0.18
DEL0476,ORD0476,EMP0268,1934 River Rd,Chicago,IL,60601,returned,2025-01-02 15:47:12,2025-01-02 16:21:12,4.9,9.87
DEL0477,ORD0477,EMP0693,292 Lakeview Blvd,Houston,TX,77002,delivered,2026-03-02 11:26:58,2026-03-02 11:53:58,8.3,2.94
DEL0478,ORD0478,EMP0665,4304 River Rd,Chicago,IL,60601,delivered,2025-02-18 10:22:53,2025-02-18 11:30:53,12.0,3.68
DEL0479,ORD0479,EMP0916,4446 Maple Dr,Austin,TX,78701,failed,2025-04-17 05:13:53,2025-04-17 06:14:53,2.0,6.46
DEL0480,ORD0480,EMP0701,7607 Elm St,Charlotte,NC,28202,assigned,2025-05-25 17:59:06,2025-05-25 18:54:06,10.5,0.09
DEL0481,ORD0481,EMP0714,7718 5th Ave,Portland,OR,97201,returned,2025-02-03 03:22:14,2025-02-03 03:49:14,11.2,0.31
DEL0482,ORD0482,EMP0233,3572 Oak Ave,Tampa,FL,33602,returned,2026-04-11 13:03:13,2026-04-11 13:39:13,9.0,8.83
DEL0483,ORD0483,EMP0408,3485 Pine Rd,Atlanta,GA,30303,failed,2025-06-30 12:27:47,2025-06-30 13:25:47,4.7,6.84
DEL0484,ORD0484,EMP0415,3015 Sunset Blvd,Charlotte,NC,28202,en_route,2024-06-22 23:41:33,2024-06-23 00:16:33,1.4,1.05
DEL0485,ORD0485,EMP0946,6024 Oak Ave,Houston,TX,77002,delivered,2024-12-04 13:56:31,2024-12-04 15:21:31,10.1,0.14
DEL0486,ORD0486,EMP0513,2894 5th Ave,San Antonio,TX,78205,queued,2025-01-31 23:16:46,2025-01-31 23:38:46,4.2,6.76
DEL0487,ORD0487,EMP0995,1153 Main St,Phoenix,AZ,85004,assigned,2026-07-20 10:17:39,2026-07-20 10:34:39,9.7,0.65
DEL0488,ORD0488,EMP0320,3220 Main St,Dallas,TX,75201,returned,2026-03-03 17:20:39,2026-03-03 17:50:39,4.8,8.00
DEL0489,ORD0489,EMP0023,7243 Park Ave,Austin,TX,78701,assigned,2026-02-16 14:52:06,2026-02-16 15:17:06,4.0,2.23
DEL0490,ORD0490,EMP0961,5520 Highland Ave,Phoenix,AZ,85004,returned,2025-06-21 09:20:20,2025-06-21 09:42:20,9.7,6.16
DEL0491,ORD0491,EMP0193,5425 River Rd,Atlanta,GA,30303,en_route,2025-09-24 13:19:38,2025-09-24 13:34:38,1.7,5.54
DEL0492,ORD0492,EMP0686,9864 Maple Dr,Nashville,TN,37203,assigned,2024-10-02 12:41:17,2024-10-02 13:40:17,8.3,1.57
DEL0493,ORD0493,EMP0829,3043 Main St,Miami,FL,33101,queued,2025-09-28 12:33:39,2025-09-28 14:02:39,6.8,4.06
DEL0494,ORD0494,EMP0223,6585 Pine Rd,Denver,CO,80202,queued,2024-02-24 15:54:23,2024-02-24 17:04:23,8.4,10.36
DEL0495,ORD0495,EMP0279,5520 Sunset Blvd,Nashville,TN,37203,assigned,2025-06-02 15:08:01,2025-06-02 16:28:01,7.8,9.95
DEL0496,ORD0496,EMP0093,7943 5th Ave,Denver,CO,80202,assigned,2026-03-21 01:04:48,2026-03-21 02:06:48,10.8,9.40
DEL0497,ORD0497,EMP0800,736 Pine Rd,Dallas,TX,75201,en_route,2025-01-15 23:58:33,2025-01-16 00:24:33,8.4,10.87
DEL0498,ORD0498,EMP0526,5563 Cedar Ln,Denver,CO,80202,delivered,2024-10-15 05:42:37,2024-10-15 06:15:37,5.9,2.09
DEL0499,ORD0499,EMP0974,377 Market St,Austin,TX,78701,failed,2025-09-25 09:59:50,2025-09-25 10:38:50,3.2,0.99
DEL0500,ORD0500,EMP0353,8354 Cedar Ln,Dallas,TX,75201,delivered,2024-09-04 04:23:24,2024-09-04 04:46:24,2.7,11.81
DEL0501,ORD0501,EMP0876,3862 River Rd,Denver,CO,80202,queued,2024-01-29 21:37:51,2024-01-29 22:06:51,4.7,11.00
DEL0502,ORD0502,EMP0664,3389 Park Ave,Nashville,TN,37203,failed,2025-04-01 11:30:36,2025-04-01 12:29:36,7.7,10.80
DEL0503,ORD0503,EMP0928,7779 Oak Ave,Denver,CO,80202,failed,2024-08-07 13:20:49,2024-08-07 13:44:49,8.9,5.50
DEL0504,ORD0504,EMP0062,59 Park Ave,Charlotte,NC,28202,failed,2025-01-27 13:13:55,2025-01-27 14:38:55,4.4,4.10
DEL0505,ORD0505,EMP0403,5191 Elm St,Atlanta,GA,30303,assigned,2024-04-05 22:12:53,2024-04-05 23:00:53,1.9,8.48
DEL0506,ORD0506,EMP0189,7545 Elm St,Seattle,WA,98101,en_route,2025-02-20 11:05:52,2025-02-20 11:48:52,1.8,5.13
DEL0507,ORD0507,EMP0030,4802 Cedar Ln,Denver,CO,80202,returned,2025-05-28 17:16:15,2025-05-28 17:53:15,8.5,5.41
DEL0508,ORD0508,EMP0588,3050 Cedar Ln,Chicago,IL,60601,assigned,2025-09-08 12:09:21,2025-09-08 12:30:21,8.8,4.42
DEL0509,ORD0509,EMP0943,4884 Maple Dr,Columbus,OH,43215,returned,2026-07-14 20:46:13,2026-07-14 22:00:13,11.6,3.35
DEL0510,ORD0510,EMP0689,3854 5th Ave,Nashville,TN,37203,assigned,2024-08-19 11:31:03,2024-08-19 12:57:03,5.4,8.79
DEL0511,ORD0511,EMP0723,9733 River Rd,San Antonio,TX,78205,assigned,2026-04-06 21:13:05,2026-04-06 22:28:05,6.0,6.79
DEL0512,ORD0512,EMP0029,4587 Oak Ave,Miami,FL,33101,en_route,2024-02-18 17:03:51,2024-02-18 17:51:51,2.3,9.39
DEL0513,ORD0513,EMP0967,5116 Highland Ave,Columbus,OH,43215,queued,2025-04-29 10:45:08,2025-04-29 12:00:08,7.8,11.44
DEL0514,ORD0514,EMP0506,1997 Market St,Charlotte,NC,28202,delivered,2025-01-30 19:39:17,2025-01-30 20:56:17,11.8,1.18
DEL0515,ORD0515,EMP0848,4080 Park Ave,Chicago,IL,60601,returned,2024-09-08 18:48:46,2024-09-08 20:01:46,8.2,6.75
DEL0516,ORD0516,EMP0923,5150 Market St,Charlotte,NC,28202,delivered,2025-06-27 07:44:15,2025-06-27 08:18:15,6.7,5.45
DEL0517,ORD0517,EMP0975,6354 5th Ave,Miami,FL,33101,assigned,2024-12-18 15:26:26,2024-12-18 16:30:26,4.4,0.57
DEL0518,ORD0518,EMP0642,2332 Pine Rd,Houston,TX,77002,assigned,2024-06-05 03:24:49,2024-06-05 03:49:49,9.0,11.19
DEL0519,ORD0519,EMP0383,9029 Elm St,Tampa,FL,33602,en_route,2026-03-23 08:10:10,2026-03-23 09:30:10,11.8,11.47
DEL0520,ORD0520,EMP0446,5338 Elm St,Houston,TX,77002,delivered,2026-03-07 01:24:58,2026-03-07 01:59:58,4.2,7.41
DEL0521,ORD0521,EMP0503,5675 Sunset Blvd,Austin,TX,78701,queued,2025-09-14 14:46:29,2025-09-14 16:11:29,11.7,11.53
DEL0522,ORD0522,EMP0798,5295 5th Ave,Chicago,IL,60601,assigned,2026-06-23 22:27:16,2026-06-23 23:57:16,4.3,0.06
DEL0523,ORD0523,EMP0073,8780 Pine Rd,Denver,CO,80202,en_route,2026-01-12 09:30:21,2026-01-12 10:28:21,7.0,2.23
DEL0524,ORD0524,EMP0219,4287 Elm St,Charlotte,NC,28202,failed,2026-07-15 18:18:23,2026-07-15 19:02:23,11.3,4.06
DEL0525,ORD0525,EMP0725,7972 Pine Rd,Chicago,IL,60601,returned,2025-08-13 17:22:39,2025-08-13 17:47:39,11.6,4.29
DEL0526,ORD0526,EMP0096,9649 Oak Ave,Seattle,WA,98101,failed,2025-08-05 23:47:45,2025-08-06 00:44:45,1.0,5.81
DEL0527,ORD0527,EMP0802,9433 Elm St,Columbus,OH,43215,failed,2025-01-02 19:20:37,2025-01-02 20:36:37,9.5,1.97
DEL0528,ORD0528,EMP0966,2826 Highland Ave,Chicago,IL,60601,queued,2025-07-27 15:19:44,2025-07-27 15:40:44,8.9,6.95
DEL0529,ORD0529,EMP0572,3007 Park Ave,Atlanta,GA,30303,returned,2026-02-06 14:54:56,2026-02-06 16:13:56,5.6,10.66
DEL0530,ORD0530,EMP0615,8182 Cedar Ln,Denver,CO,80202,failed,2024-09-26 12:38:38,2024-09-26 13:35:38,1.1,11.00
DEL0531,ORD0531,EMP0226,3020 Main St,Seattle,WA,98101,failed,2026-05-15 02:17:32,2026-05-15 03:42:32,10.1,7.34
DEL0532,ORD0532,EMP0104,7241 Market St,Houston,TX,77002,returned,2024-04-29 06:29:01,2024-04-29 07:12:01,2.0,0.38
DEL0533,ORD0533,EMP0409,9585 5th Ave,Portland,OR,97201,queued,2025-04-19 22:01:13,2025-04-19 23:28:13,5.0,2.29
DEL0534,ORD0534,EMP0506,1865 Market St,Denver,CO,80202,en_route,2026-07-02 19:47:01,2026-07-02 21:14:01,11.5,10.34
DEL0535,ORD0535,EMP0173,7241 Market St,Houston,TX,77002,delivered,2025-02-04 10:16:06,2025-02-04 11:45:06,10.0,5.41
DEL0536,ORD0536,EMP0811,786 Elm St,Tampa,FL,33602,returned,2026-02-13 00:43:02,2026-02-13 02:02:02,1.2,5.64
DEL0537,ORD0537,EMP0256,6764 Highland Ave,Houston,TX,77002,returned,2025-03-23 21:14:06,2025-03-23 22:05:06,10.1,9.51
DEL0538,ORD0538,EMP0440,5144 5th Ave,Austin,TX,78701,failed,2024-06-17 05:10:44,2024-06-17 06:13:44,7.5,7.66
DEL0539,ORD0539,EMP0116,119 River Rd,Nashville,TN,37203,queued,2024-01-03 15:59:05,2024-01-03 16:34:05,3.0,6.93
DEL0540,ORD0540,EMP0247,1153 Main St,Phoenix,AZ,85004,delivered,2026-03-24 03:33:19,2026-03-24 05:02:19,8.9,7.65
DEL0541,ORD0541,EMP0748,4557 Sunset Blvd,Portland,OR,97201,returned,2025-04-15 08:43:57,2025-04-15 10:02:57,11.1,0.74
DEL0542,ORD0542,EMP0275,7552 River Rd,Seattle,WA,98101,delivered,2024-02-01 23:07:09,2024-02-01 23:22:09,0.6,11.82
DEL0543,ORD0543,EMP0913,7057 Main St,Dallas,TX,75201,queued,2026-02-18 13:27:54,2026-02-18 14:14:54,7.2,2.59
DEL0544,ORD0544,EMP0635,8128 River Rd,Houston,TX,77002,returned,2025-10-14 14:56:33,2025-10-14 15:31:33,1.2,5.83
DEL0545,ORD0545,EMP0216,2539 5th Ave,Portland,OR,97201,returned,2025-04-05 06:35:08,2025-04-05 06:56:08,9.6,10.24
DEL0546,ORD0546,EMP0592,9638 Elm St,Austin,TX,78701,failed,2025-06-22 03:48:23,2025-06-22 05:05:23,6.6,0.41
DEL0547,ORD0547,EMP0331,3846 Elm St,Atlanta,GA,30303,queued,2024-07-19 23:42:33,2024-07-20 00:10:33,3.9,10.85
DEL0548,ORD0548,EMP0225,7552 River Rd,Seattle,WA,98101,queued,2026-01-04 11:21:20,2026-01-04 11:48:20,1.7,0.80
DEL0549,ORD0549,EMP0899,119 River Rd,Nashville,TN,37203,delivered,2025-10-17 18:49:33,2025-10-17 20:06:33,0.8,4.14
DEL0550,ORD0550,EMP0108,4209 Maple Dr,Charlotte,NC,28202,assigned,2026-04-30 23:58:11,2026-05-01 00:22:11,1.2,3.76
DEL0551,ORD0551,EMP0968,9104 Lakeview Blvd,San Antonio,TX,78205,en_route,2024-09-28 10:44:32,2024-09-28 11:24:32,4.6,8.15
DEL0552,ORD0552,EMP0301,4096 Cedar Ln,Atlanta,GA,30303,returned,2025-02-20 12:52:51,2025-02-20 13:28:51,9.1,5.12
DEL0553,ORD0553,EMP0686,6197 Highland Ave,Charlotte,NC,28202,assigned,2026-04-24 06:53:48,2026-04-24 08:09:48,4.5,6.39
DEL0554,ORD0554,EMP0622,6326 Cedar Ln,Portland,OR,97201,queued,2024-10-24 21:39:05,2024-10-24 22:10:05,7.8,2.15
DEL0555,ORD0555,EMP0812,4771 Sunset Blvd,Dallas,TX,75201,en_route,2024-07-04 21:50:51,2024-07-04 22:28:51,4.0,0.98
DEL0556,ORD0556,EMP0800,5520 Highland Ave,Phoenix,AZ,85004,failed,2024-11-02 01:29:55,2024-11-02 02:26:55,10.3,4.78
DEL0557,ORD0557,EMP0520,7491 Oak Ave,Denver,CO,80202,failed,2024-10-04 17:41:39,2024-10-04 18:33:39,10.1,3.87
DEL0558,ORD0558,EMP0809,501 River Rd,Nashville,TN,37203,failed,2024-02-13 15:42:17,2024-02-13 16:40:17,3.4,5.28
DEL0559,ORD0559,EMP0229,5150 Market St,Charlotte,NC,28202,failed,2026-02-04 06:47:54,2026-02-04 08:12:54,11.3,2.90
DEL0560,ORD0560,EMP0016,6411 Elm St,Miami,FL,33101,queued,2025-12-04 04:17:18,2025-12-04 05:26:18,1.9,2.14
DEL0561,ORD0561,EMP0481,6547 Market St,Nashville,TN,37203,failed,2024-11-25 16:49:05,2024-11-25 17:22:05,3.9,4.54
DEL0562,ORD0562,EMP0936,3162 River Rd,Houston,TX,77002,failed,2024-03-22 10:38:16,2024-03-22 11:03:16,1.3,3.85
DEL0563,ORD0563,EMP0866,4519 Park Ave,Tampa,FL,33602,queued,2026-01-27 15:44:47,2026-01-27 16:56:47,1.9,6.38
DEL0564,ORD0564,EMP0844,7814 Maple Dr,Dallas,TX,75201,assigned,2025-11-17 14:12:23,2025-11-17 14:53:23,2.2,9.12
DEL0565,ORD0565,EMP0917,74 Lakeview Blvd,Atlanta,GA,30303,delivered,2024-12-27 16:25:17,2024-12-27 16:54:17,1.5,4.55
DEL0566,ORD0566,EMP0476,3305 5th Ave,Seattle,WA,98101,en_route,2026-04-10 03:09:23,2026-04-10 03:50:23,11.6,1.10
DEL0567,ORD0567,EMP0323,4970 5th Ave,Chicago,IL,60601,delivered,2025-03-25 23:17:17,2025-03-25 23:39:17,4.3,5.38
DEL0568,ORD0568,EMP0038,8774 Cedar Ln,Miami,FL,33101,queued,2024-07-05 10:25:46,2024-07-05 11:15:46,3.3,7.91
DEL0569,ORD0569,EMP0023,7876 Pine Rd,Seattle,WA,98101,assigned,2026-06-11 16:17:54,2026-06-11 17:28:54,10.1,4.70
DEL0570,ORD0570,EMP0670,9038 2nd St,Dallas,TX,75201,failed,2025-11-30 04:28:13,2025-11-30 05:56:13,1.9,6.14
DEL0571,ORD0571,EMP0281,6330 Elm St,Chicago,IL,60601,en_route,2024-02-05 15:58:56,2024-02-05 16:14:56,3.7,10.98
DEL0572,ORD0572,EMP0738,4224 Lakeview Blvd,Portland,OR,97201,failed,2025-12-15 08:01:16,2025-12-15 08:44:16,2.0,2.03
DEL0573,ORD0573,EMP0027,7491 Oak Ave,Denver,CO,80202,queued,2025-04-06 20:30:51,2025-04-06 21:27:51,3.6,0.47
DEL0574,ORD0574,EMP0521,6072 Maple Dr,Nashville,TN,37203,en_route,2025-09-11 11:32:24,2025-09-11 12:03:24,9.5,7.18
DEL0575,ORD0575,EMP0621,9072 Maple Dr,Miami,FL,33101,returned,2024-09-14 17:46:35,2024-09-14 18:53:35,5.9,3.55
DEL0576,ORD0576,EMP0421,8244 Market St,Portland,OR,97201,assigned,2024-12-14 20:35:35,2024-12-14 21:19:35,8.7,11.65
DEL0577,ORD0577,EMP0208,4391 Pine Rd,Denver,CO,80202,assigned,2025-05-01 12:46:10,2025-05-01 13:46:10,5.3,2.18
DEL0578,ORD0578,EMP0902,2947 Maple Dr,San Antonio,TX,78205,assigned,2024-12-23 07:54:06,2024-12-23 09:08:06,3.7,10.73
DEL0579,ORD0579,EMP0744,2871 2nd St,Nashville,TN,37203,returned,2025-01-22 14:06:12,2025-01-22 15:00:12,0.7,3.99
DEL0580,ORD0580,EMP0104,3061 Maple Dr,Tampa,FL,33602,delivered,2025-02-24 15:23:20,2025-02-24 15:54:20,9.1,5.62
DEL0581,ORD0581,EMP0936,9203 Maple Dr,Portland,OR,97201,assigned,2026-02-13 22:38:27,2026-02-13 23:01:27,5.2,8.07
DEL0582,ORD0582,EMP0954,5244 Main St,Miami,FL,33101,delivered,2026-06-25 11:14:55,2026-06-25 12:44:55,3.0,10.34
DEL0583,ORD0583,EMP0590,7180 Highland Ave,Chicago,IL,60601,delivered,2026-06-12 15:13:59,2026-06-12 15:39:59,5.8,3.70
DEL0584,ORD0584,EMP0259,6739 Highland Ave,Charlotte,NC,28202,failed,2025-03-05 18:11:52,2025-03-05 19:23:52,7.7,10.08
DEL0585,ORD0585,EMP0192,5457 Elm St,Portland,OR,97201,queued,2025-08-25 07:17:15,2025-08-25 08:32:15,10.2,7.03
DEL0586,ORD0586,EMP0339,3778 5th Ave,Chicago,IL,60601,returned,2025-08-13 08:47:59,2025-08-13 09:21:59,11.7,5.98
DEL0587,ORD0587,EMP0484,5457 Elm St,Portland,OR,97201,queued,2026-04-28 01:28:24,2026-04-28 02:17:24,9.5,9.33
DEL0588,ORD0588,EMP0394,2233 Park Ave,Dallas,TX,75201,en_route,2024-09-29 15:08:41,2024-09-29 16:31:41,8.3,10.60
DEL0589,ORD0589,EMP0935,8226 Main St,Charlotte,NC,28202,returned,2026-02-07 05:54:53,2026-02-07 07:08:53,1.4,3.82
DEL0590,ORD0590,EMP0777,2733 5th Ave,Chicago,IL,60601,queued,2026-01-08 19:59:10,2026-01-08 20:38:10,6.1,2.28
DEL0591,ORD0591,EMP0115,1756 Market St,Columbus,OH,43215,delivered,2024-09-18 08:40:48,2024-09-18 09:30:48,9.8,1.26
DEL0592,ORD0592,EMP0735,3743 River Rd,Miami,FL,33101,delivered,2025-08-23 02:48:44,2025-08-23 04:01:44,3.4,1.24
DEL0593,ORD0593,EMP0883,6081 Lakeview Blvd,Atlanta,GA,30303,assigned,2026-06-24 13:57:15,2026-06-24 14:27:15,9.0,2.16
DEL0594,ORD0594,EMP0156,5520 Highland Ave,Phoenix,AZ,85004,en_route,2025-03-03 16:51:58,2025-03-03 18:18:58,10.3,5.45
DEL0595,ORD0595,EMP0997,1865 Lakeview Blvd,Charlotte,NC,28202,en_route,2025-05-30 02:03:32,2025-05-30 03:21:32,4.1,2.29
DEL0596,ORD0596,EMP0108,2283 Sunset Blvd,Miami,FL,33101,delivered,2025-02-07 13:13:41,2025-02-07 14:39:41,3.9,8.36
DEL0597,ORD0597,EMP0084,8221 2nd St,Columbus,OH,43215,delivered,2025-03-27 06:43:13,2025-03-27 07:30:13,5.8,8.77
DEL0598,ORD0598,EMP0756,7389 2nd St,Atlanta,GA,30303,delivered,2025-08-28 12:56:00,2025-08-28 13:13:00,10.1,7.28
DEL0599,ORD0599,EMP0111,4345 Maple Dr,Phoenix,AZ,85004,en_route,2024-01-21 07:01:14,2024-01-21 08:15:14,8.9,4.41
DEL0600,ORD0600,EMP0108,8771 Maple Dr,Houston,TX,77002,en_route,2024-06-30 22:49:48,2024-07-01 00:02:48,7.6,1.44
DEL0601,ORD0601,EMP0268,4157 Pine Rd,Nashville,TN,37203,assigned,2026-06-30 22:48:07,2026-07-01 00:14:07,11.3,2.77
DEL0602,ORD0602,EMP0141,3485 Pine Rd,Atlanta,GA,30303,returned,2024-05-17 17:54:24,2024-05-17 19:19:24,2.4,7.45
DEL0603,ORD0603,EMP0540,8771 Maple Dr,Houston,TX,77002,failed,2025-02-05 10:12:33,2025-02-05 11:21:33,11.9,11.93
DEL0604,ORD0604,EMP0255,127 Lakeview Blvd,Miami,FL,33101,returned,2026-01-19 10:13:55,2026-01-19 11:09:55,10.3,10.26
DEL0605,ORD0605,EMP0744,7817 Maple Dr,Atlanta,GA,30303,assigned,2025-11-11 16:57:01,2025-11-11 17:31:01,1.9,10.82
DEL0606,ORD0606,EMP0160,7846 Main St,Portland,OR,97201,returned,2025-11-29 09:11:55,2025-11-29 10:37:55,5.3,6.42
DEL0607,ORD0607,EMP0711,6136 Maple Dr,Chicago,IL,60601,failed,2025-10-28 20:56:41,2025-10-28 22:14:41,3.0,3.93
DEL0608,ORD0608,EMP0942,1000 Park Ave,Atlanta,GA,30303,failed,2026-07-29 06:43:41,2026-07-29 08:13:41,11.8,0.62
DEL0609,ORD0609,EMP0591,5731 Oak Ave,Charlotte,NC,28202,returned,2026-05-26 01:06:14,2026-05-26 01:52:14,10.5,7.17
DEL0610,ORD0610,EMP0507,560 Elm St,Nashville,TN,37203,en_route,2024-12-03 20:00:09,2024-12-03 21:24:09,4.8,6.08
DEL0611,ORD0611,EMP0621,4017 Main St,Columbus,OH,43215,assigned,2025-05-19 15:10:02,2025-05-19 16:03:02,3.5,1.83
DEL0612,ORD0612,EMP0528,4661 Elm St,Nashville,TN,37203,queued,2026-02-27 16:24:29,2026-02-27 16:51:29,7.4,8.09
DEL0613,ORD0613,EMP0634,9428 Cedar Ln,Nashville,TN,37203,en_route,2026-02-16 03:04:16,2026-02-16 04:05:16,1.3,5.45
DEL0614,ORD0614,EMP0024,8774 Cedar Ln,Miami,FL,33101,returned,2024-07-25 09:23:06,2024-07-25 09:51:06,6.1,4.17
DEL0615,ORD0615,EMP0290,7876 Pine Rd,Seattle,WA,98101,failed,2026-02-16 13:42:55,2026-02-16 15:11:55,3.5,10.25
DEL0616,ORD0616,EMP0328,744 Sunset Blvd,Charlotte,NC,28202,queued,2025-10-31 22:32:16,2025-10-31 23:34:16,3.4,11.16
DEL0617,ORD0617,EMP0395,3759 Maple Dr,Charlotte,NC,28202,assigned,2024-03-19 07:42:31,2024-03-19 08:27:31,5.5,0.17
DEL0618,ORD0618,EMP0836,8182 Market St,Austin,TX,78701,delivered,2026-04-11 11:38:46,2026-04-11 13:04:46,2.4,5.19
DEL0619,ORD0619,EMP0456,5514 River Rd,Nashville,TN,37203,en_route,2026-02-07 18:31:05,2026-02-07 18:48:05,4.9,10.09
DEL0620,ORD0620,EMP0879,8692 Market St,Phoenix,AZ,85004,en_route,2024-01-05 18:47:15,2024-01-05 20:14:15,5.5,4.96
DEL0621,ORD0621,EMP0819,1188 Maple Dr,Phoenix,AZ,85004,assigned,2026-06-04 18:21:23,2026-06-04 18:44:23,4.3,5.81
DEL0622,ORD0622,EMP0150,6411 Elm St,Miami,FL,33101,en_route,2026-06-23 09:07:31,2026-06-23 10:30:31,7.5,4.57
DEL0623,ORD0623,EMP0403,6540 5th Ave,Dallas,TX,75201,en_route,2025-07-19 03:10:39,2025-07-19 04:00:39,5.4,2.58
DEL0624,ORD0624,EMP0930,4411 Sunset Blvd,Houston,TX,77002,failed,2024-08-04 13:25:46,2024-08-04 14:52:46,7.2,8.24
DEL0625,ORD0625,EMP0223,4802 Cedar Ln,Denver,CO,80202,queued,2025-06-06 19:09:42,2025-06-06 20:20:42,11.1,10.47
DEL0626,ORD0626,EMP0288,9997 Pine Rd,Charlotte,NC,28202,delivered,2026-01-08 01:50:39,2026-01-08 02:57:39,5.3,8.63
DEL0627,ORD0627,EMP0864,119 River Rd,Nashville,TN,37203,returned,2025-01-19 11:00:53,2025-01-19 12:01:53,8.3,1.60
DEL0628,ORD0628,EMP0946,3252 Sunset Blvd,Portland,OR,97201,delivered,2025-10-27 02:58:50,2025-10-27 03:26:50,10.1,9.45
DEL0629,ORD0629,EMP0829,4476 River Rd,Atlanta,GA,30303,en_route,2024-01-18 07:41:42,2024-01-18 08:58:42,1.8,10.56
DEL0630,ORD0630,EMP0023,9817 Main St,Columbus,OH,43215,en_route,2026-01-20 09:16:10,2026-01-20 09:51:10,0.5,3.21
DEL0631,ORD0631,EMP0027,7785 Pine Rd,Columbus,OH,43215,returned,2024-09-21 03:38:57,2024-09-21 05:05:57,11.8,7.44
DEL0632,ORD0632,EMP0082,9647 Oak Ave,Denver,CO,80202,returned,2025-03-20 04:02:58,2025-03-20 05:14:58,9.0,10.66
DEL0633,ORD0633,EMP0408,4914 River Rd,Portland,OR,97201,delivered,2025-07-16 18:49:33,2025-07-16 20:16:33,3.1,3.56
DEL0634,ORD0634,EMP0523,4025 Pine Rd,Austin,TX,78701,failed,2025-02-25 18:21:43,2025-02-25 18:49:43,8.6,0.28
DEL0635,ORD0635,EMP0166,7913 Oak Ave,Chicago,IL,60601,returned,2024-07-27 03:08:21,2024-07-27 03:34:21,10.3,3.18
DEL0636,ORD0636,EMP0030,3686 Lakeview Blvd,Nashville,TN,37203,failed,2026-03-05 05:42:26,2026-03-05 06:08:26,4.1,9.52
DEL0637,ORD0637,EMP0106,2283 Sunset Blvd,Miami,FL,33101,delivered,2025-08-31 18:17:24,2025-08-31 19:34:24,10.9,6.28
DEL0638,ORD0638,EMP0238,5675 Sunset Blvd,Austin,TX,78701,failed,2026-01-26 18:07:24,2026-01-26 19:36:24,10.9,0.02
DEL0639,ORD0639,EMP0300,176 Maple Dr,Charlotte,NC,28202,failed,2025-02-12 12:26:07,2025-02-12 13:47:07,2.7,4.89
DEL0640,ORD0640,EMP0978,8771 Maple Dr,Houston,TX,77002,assigned,2024-06-10 20:58:14,2024-06-10 21:36:14,6.0,0.57
DEL0641,ORD0641,EMP0416,239 Lakeview Blvd,Atlanta,GA,30303,queued,2026-01-25 20:03:15,2026-01-25 21:32:15,3.0,6.05
DEL0642,ORD0642,EMP0826,1770 Pine Rd,Portland,OR,97201,returned,2026-03-05 21:10:14,2026-03-05 22:28:14,4.4,1.64
DEL0643,ORD0643,EMP0480,8692 Market St,Phoenix,AZ,85004,delivered,2025-05-28 00:25:22,2025-05-28 01:49:22,9.9,4.17
DEL0644,ORD0644,EMP0676,8104 Main St,Dallas,TX,75201,assigned,2026-01-07 20:47:05,2026-01-07 21:53:05,3.6,5.25
DEL0645,ORD0645,EMP0611,3755 Pine Rd,Miami,FL,33101,returned,2025-05-09 09:39:12,2025-05-09 10:57:12,11.1,9.40
DEL0646,ORD0646,EMP0607,7994 Park Ave,Seattle,WA,98101,delivered,2025-06-15 09:49:11,2025-06-15 10:47:11,2.1,3.65
DEL0647,ORD0647,EMP0103,4316 Sunset Blvd,Charlotte,NC,28202,delivered,2025-10-05 18:03:54,2025-10-05 18:29:54,9.3,7.24
DEL0648,ORD0648,EMP0977,8258 Market St,Dallas,TX,75201,queued,2024-04-20 12:30:13,2024-04-20 13:38:13,6.5,8.53
DEL0649,ORD0649,EMP0887,1756 Market St,Columbus,OH,43215,returned,2025-08-18 00:20:36,2025-08-18 01:17:36,7.0,11.07
DEL0650,ORD0650,EMP0876,5907 Highland Ave,Charlotte,NC,28202,returned,2025-07-25 03:41:05,2025-07-25 04:44:05,3.0,11.22
DEL0651,ORD0651,EMP0318,5656 Cedar Ln,Tampa,FL,33602,returned,2025-01-05 07:16:02,2025-01-05 08:45:02,3.9,11.78
DEL0652,ORD0652,EMP0836,3778 5th Ave,Chicago,IL,60601,failed,2025-09-16 13:22:58,2025-09-16 13:42:58,4.2,2.53
DEL0653,ORD0653,EMP0476,8530 Maple Dr,Charlotte,NC,28202,en_route,2026-04-17 05:11:37,2026-04-17 06:00:37,7.0,0.66
DEL0654,ORD0654,EMP0620,6084 Park Ave,Denver,CO,80202,returned,2025-01-22 03:16:34,2025-01-22 04:14:34,8.6,9.15
DEL0655,ORD0655,EMP0728,6326 Cedar Ln,Portland,OR,97201,en_route,2026-02-18 16:41:45,2026-02-18 17:10:45,10.8,0.94
DEL0656,ORD0656,EMP0566,2763 River Rd,Austin,TX,78701,failed,2026-02-16 01:12:51,2026-02-16 02:35:51,11.1,9.77
DEL0657,ORD0657,EMP0172,5563 Cedar Ln,Denver,CO,80202,delivered,2026-04-14 10:19:48,2026-04-14 11:47:48,8.4,4.21
DEL0658,ORD0658,EMP0633,2716 Park Ave,Phoenix,AZ,85004,en_route,2025-09-28 05:37:39,2025-09-28 06:49:39,1.6,5.92
DEL0659,ORD0659,EMP0607,5357 Sunset Blvd,Austin,TX,78701,assigned,2025-02-03 07:14:25,2025-02-03 08:17:25,10.0,4.59
DEL0660,ORD0660,EMP0992,3061 Maple Dr,Tampa,FL,33602,failed,2025-10-05 10:35:43,2025-10-05 11:37:43,9.3,8.23
DEL0661,ORD0661,EMP0737,6632 Maple Dr,Chicago,IL,60601,failed,2024-04-07 07:30:23,2024-04-07 08:50:23,1.3,6.36
DEL0662,ORD0662,EMP0785,8519 Lakeview Blvd,Dallas,TX,75201,delivered,2025-12-10 11:44:59,2025-12-10 11:59:59,2.7,3.21
DEL0663,ORD0663,EMP0757,8237 Oak Ave,Austin,TX,78701,assigned,2025-09-04 23:24:59,2025-09-04 23:52:59,9.4,2.22
DEL0664,ORD0664,EMP0809,8753 Elm St,Austin,TX,78701,returned,2024-03-16 14:24:01,2024-03-16 15:21:01,10.0,7.47
DEL0665,ORD0665,EMP0508,3631 Lakeview Blvd,San Antonio,TX,78205,queued,2026-04-17 23:51:51,2026-04-18 01:09:51,4.5,3.54
DEL0666,ORD0666,EMP0643,1310 Park Ave,Atlanta,GA,30303,delivered,2024-01-16 03:18:47,2024-01-16 04:26:47,6.2,0.72
DEL0667,ORD0667,EMP0972,5191 Elm St,Atlanta,GA,30303,assigned,2025-05-10 15:49:09,2025-05-10 17:12:09,5.2,3.00
DEL0668,ORD0668,EMP0098,766 Elm St,Nashville,TN,37203,delivered,2025-03-21 17:40:14,2025-03-21 17:58:14,11.1,2.87
DEL0669,ORD0669,EMP0093,4332 Highland Ave,Charlotte,NC,28202,failed,2024-06-14 16:35:15,2024-06-14 17:56:15,4.6,10.03
DEL0670,ORD0670,EMP0919,4372 2nd St,Portland,OR,97201,delivered,2024-10-17 20:15:54,2024-10-17 21:38:54,6.9,10.21
DEL0671,ORD0671,EMP0372,821 Highland Ave,Chicago,IL,60601,delivered,2025-09-03 00:47:24,2025-09-03 01:55:24,1.7,10.56
DEL0672,ORD0672,EMP0644,7897 Sunset Blvd,Denver,CO,80202,assigned,2024-12-01 00:28:18,2024-12-01 01:21:18,1.1,6.24
DEL0673,ORD0673,EMP0569,5072 Market St,Miami,FL,33101,returned,2026-05-30 17:15:31,2026-05-30 18:27:31,8.9,9.06
DEL0674,ORD0674,EMP0453,5848 Sunset Blvd,Atlanta,GA,30303,returned,2025-05-14 21:17:10,2025-05-14 22:09:10,10.7,0.45
DEL0675,ORD0675,EMP0319,6409 Main St,Phoenix,AZ,85004,delivered,2026-06-03 16:05:02,2026-06-03 16:25:02,6.6,5.35
DEL0676,ORD0676,EMP0262,1050 Cedar Ln,Denver,CO,80202,en_route,2026-07-01 20:05:53,2026-07-01 21:33:53,1.4,4.88
DEL0677,ORD0677,EMP0024,4448 5th Ave,Atlanta,GA,30303,delivered,2024-11-14 12:44:30,2024-11-14 13:23:30,11.4,9.72
DEL0678,ORD0678,EMP0491,3759 Maple Dr,Charlotte,NC,28202,returned,2025-10-29 13:59:54,2025-10-29 15:00:54,7.9,5.96
DEL0679,ORD0679,EMP0263,9855 Maple Dr,Tampa,FL,33602,assigned,2026-04-21 06:20:08,2026-04-21 06:53:08,9.0,4.30
DEL0680,ORD0680,EMP0032,5116 Highland Ave,Columbus,OH,43215,queued,2025-11-01 19:39:48,2025-11-01 20:28:48,8.2,4.67
DEL0681,ORD0681,EMP0612,8128 River Rd,Houston,TX,77002,delivered,2024-08-09 05:19:20,2024-08-09 05:34:20,9.9,5.87
DEL0682,ORD0682,EMP0286,4135 Oak Ave,Seattle,WA,98101,en_route,2024-05-27 07:59:30,2024-05-27 08:47:30,8.7,2.24
DEL0683,ORD0683,EMP0217,3009 5th Ave,Nashville,TN,37203,assigned,2024-12-02 15:53:38,2024-12-02 17:03:38,0.6,11.91
DEL0684,ORD0684,EMP0717,2643 Cedar Ln,Atlanta,GA,30303,failed,2026-02-04 08:42:05,2026-02-04 09:29:05,2.7,3.57
DEL0685,ORD0685,EMP0138,1685 Park Ave,Austin,TX,78701,failed,2026-06-13 18:40:56,2026-06-13 19:49:56,7.2,7.94
DEL0686,ORD0686,EMP0162,2910 5th Ave,Phoenix,AZ,85004,queued,2024-02-06 09:06:34,2024-02-06 10:03:34,2.0,8.43
DEL0687,ORD0687,EMP0370,7565 Sunset Blvd,San Antonio,TX,78205,failed,2025-01-21 14:43:36,2025-01-21 15:48:36,1.4,9.61
DEL0688,ORD0688,EMP0642,9325 Market St,Dallas,TX,75201,queued,2024-12-30 04:42:24,2024-12-30 06:02:24,6.5,9.77
DEL0689,ORD0689,EMP0557,3043 Main St,Miami,FL,33101,returned,2024-11-19 20:07:02,2024-11-19 20:36:02,6.9,1.66
DEL0690,ORD0690,EMP0274,2129 Main St,Tampa,FL,33602,failed,2024-12-26 13:24:17,2024-12-26 13:40:17,11.1,7.08
DEL0691,ORD0691,EMP0087,8389 Cedar Ln,Charlotte,NC,28202,returned,2024-02-16 17:54:52,2024-02-16 18:32:52,4.8,3.69
DEL0692,ORD0692,EMP0143,176 Maple Dr,Charlotte,NC,28202,en_route,2024-09-14 08:27:21,2024-09-14 09:36:21,2.8,0.40
DEL0693,ORD0693,EMP0202,4226 Main St,Nashville,TN,37203,en_route,2024-01-31 19:12:48,2024-01-31 20:10:48,6.7,8.74
DEL0694,ORD0694,EMP0852,5104 5th Ave,Austin,TX,78701,queued,2026-07-01 21:58:37,2026-07-01 23:28:37,8.1,11.14
DEL0695,ORD0695,EMP0197,3596 Lakeview Blvd,Phoenix,AZ,85004,queued,2024-01-31 23:43:28,2024-02-01 01:02:28,7.1,3.56
DEL0696,ORD0696,EMP0656,2167 Cedar Ln,San Antonio,TX,78205,returned,2025-08-03 14:29:26,2025-08-03 15:39:26,10.4,5.04
DEL0697,ORD0697,EMP0304,3870 Sunset Blvd,Portland,OR,97201,delivered,2025-06-30 15:07:04,2025-06-30 15:26:04,4.3,8.23
DEL0698,ORD0698,EMP0100,8367 Market St,Houston,TX,77002,failed,2026-02-06 06:22:11,2026-02-06 07:50:11,5.1,2.70
DEL0699,ORD0699,EMP0708,3772 Sunset Blvd,Tampa,FL,33602,returned,2025-11-16 18:02:37,2025-11-16 18:22:37,5.5,4.33
DEL0700,ORD0700,EMP0710,282 Elm St,San Antonio,TX,78205,queued,2025-07-06 06:18:20,2025-07-06 07:33:20,1.9,0.23
DEL0701,ORD0701,EMP0515,1400 Market St,Seattle,WA,98101,queued,2024-04-27 22:50:54,2024-04-27 23:24:54,8.1,6.10
DEL0702,ORD0702,EMP0544,5295 5th Ave,Chicago,IL,60601,en_route,2026-02-14 02:22:43,2026-02-14 02:57:43,6.2,1.60
DEL0703,ORD0703,EMP0274,8128 River Rd,Houston,TX,77002,en_route,2024-11-27 10:34:16,2024-11-27 10:52:16,10.2,6.77
DEL0704,ORD0704,EMP0197,2976 Maple Dr,Atlanta,GA,30303,en_route,2024-11-13 08:46:29,2024-11-13 09:10:29,6.2,5.58
DEL0705,ORD0705,EMP0887,9104 Lakeview Blvd,San Antonio,TX,78205,queued,2025-11-06 04:38:38,2025-11-06 06:03:38,6.4,1.72
DEL0706,ORD0706,EMP0958,7545 Elm St,Seattle,WA,98101,assigned,2025-08-26 15:51:40,2025-08-26 16:21:40,5.6,2.78
DEL0707,ORD0707,EMP0741,4555 Elm St,Denver,CO,80202,queued,2024-02-14 15:46:32,2024-02-14 16:27:32,1.9,9.93
DEL0708,ORD0708,EMP0793,5722 Market St,Houston,TX,77002,failed,2025-02-21 04:12:57,2025-02-21 04:31:57,0.7,9.17
DEL0709,ORD0709,EMP0615,3596 Lakeview Blvd,Phoenix,AZ,85004,en_route,2025-12-27 12:14:16,2025-12-27 13:07:16,11.1,6.26
DEL0710,ORD0710,EMP0708,3631 Lakeview Blvd,San Antonio,TX,78205,delivered,2024-06-03 08:21:30,2024-06-03 09:08:30,7.6,0.37
DEL0711,ORD0711,EMP0209,3481 Lakeview Blvd,Seattle,WA,98101,en_route,2026-04-26 23:22:04,2026-04-27 00:29:04,5.6,4.41
DEL0712,ORD0712,EMP0910,7104 Elm St,Columbus,OH,43215,delivered,2026-05-12 04:47:41,2026-05-12 05:27:41,5.0,3.20
DEL0713,ORD0713,EMP0989,7861 Pine Rd,Tampa,FL,33602,en_route,2025-12-10 01:31:45,2025-12-10 01:53:45,11.4,2.20
DEL0714,ORD0714,EMP0619,1893 Market St,Seattle,WA,98101,en_route,2025-09-22 23:12:59,2025-09-23 00:21:59,9.8,2.11
DEL0715,ORD0715,EMP0005,5119 5th Ave,Nashville,TN,37203,failed,2026-01-18 06:07:08,2026-01-18 06:56:08,12.0,10.03
DEL0716,ORD0716,EMP0722,8666 Cedar Ln,Tampa,FL,33602,returned,2026-05-07 09:55:12,2026-05-07 11:00:12,1.4,8.75
DEL0717,ORD0717,EMP0058,1778 Oak Ave,Dallas,TX,75201,assigned,2026-06-23 09:28:07,2026-06-23 10:50:07,6.4,9.59
DEL0718,ORD0718,EMP0577,5384 2nd St,Charlotte,NC,28202,failed,2024-02-20 07:16:04,2024-02-20 08:40:04,9.3,2.32
DEL0719,ORD0719,EMP0481,5523 Elm St,Nashville,TN,37203,assigned,2024-10-08 10:00:52,2024-10-08 10:28:52,1.3,2.45
DEL0720,ORD0720,EMP0943,8327 Sunset Blvd,Denver,CO,80202,returned,2024-04-05 18:24:55,2024-04-05 18:47:55,6.9,8.32
DEL0721,ORD0721,EMP0912,4448 5th Ave,Atlanta,GA,30303,queued,2024-05-02 11:04:34,2024-05-02 12:20:34,4.1,2.89
DEL0722,ORD0722,EMP0994,5731 Oak Ave,Charlotte,NC,28202,failed,2024-04-13 21:57:06,2024-04-13 23:13:06,2.4,11.91
DEL0723,ORD0723,EMP0019,3043 Main St,Miami,FL,33101,en_route,2024-04-13 20:13:07,2024-04-13 21:32:07,8.6,4.86
DEL0724,ORD0724,EMP0859,4391 Pine Rd,Denver,CO,80202,failed,2025-04-03 21:00:01,2025-04-03 21:27:01,6.8,0.64
DEL0725,ORD0725,EMP0288,5871 Lakeview Blvd,San Antonio,TX,78205,queued,2025-11-19 21:06:28,2025-11-19 21:37:28,11.6,7.15
DEL0726,ORD0726,EMP0847,3350 Lakeview Blvd,Phoenix,AZ,85004,assigned,2024-02-03 12:42:52,2024-02-03 13:39:52,1.0,4.98
DEL0727,ORD0727,EMP0912,7945 Oak Ave,Portland,OR,97201,failed,2025-08-20 18:26:28,2025-08-20 19:52:28,7.9,2.85
DEL0728,ORD0728,EMP0066,2337 Lakeview Blvd,Seattle,WA,98101,en_route,2024-10-21 15:19:29,2024-10-21 16:09:29,4.7,7.93
DEL0729,ORD0729,EMP0430,1434 Pine Rd,Nashville,TN,37203,returned,2024-01-14 06:38:59,2024-01-14 08:04:59,7.9,5.06
DEL0730,ORD0730,EMP0221,4157 Pine Rd,Nashville,TN,37203,queued,2025-06-22 22:59:28,2025-06-22 23:53:28,5.2,6.66
DEL0731,ORD0731,EMP0500,8984 Cedar Ln,Austin,TX,78701,queued,2026-01-21 08:56:49,2026-01-21 09:46:49,9.0,11.61
DEL0732,ORD0732,EMP0828,969 Highland Ave,Denver,CO,80202,queued,2026-01-23 14:21:42,2026-01-23 15:22:42,1.9,8.47
DEL0733,ORD0733,EMP0598,4226 Main St,Nashville,TN,37203,en_route,2025-06-29 09:44:26,2025-06-29 10:39:26,2.8,1.63
DEL0734,ORD0734,EMP0088,3485 Pine Rd,Atlanta,GA,30303,failed,2024-01-13 09:36:01,2024-01-13 10:03:01,10.2,1.30
DEL0735,ORD0735,EMP0139,7133 Pine Rd,Miami,FL,33101,en_route,2026-01-31 10:47:43,2026-01-31 11:52:43,3.4,6.27
DEL0736,ORD0736,EMP0676,821 Highland Ave,Chicago,IL,60601,failed,2025-06-21 14:42:39,2025-06-21 15:03:39,5.7,6.46
DEL0737,ORD0737,EMP0551,6055 Cedar Ln,Atlanta,GA,30303,failed,2026-05-28 19:53:54,2026-05-28 20:14:54,6.2,9.53
DEL0738,ORD0738,EMP0505,7305 Market St,Miami,FL,33101,assigned,2024-10-28 10:42:18,2024-10-28 10:59:18,7.1,11.23
DEL0739,ORD0739,EMP0634,9847 2nd St,Atlanta,GA,30303,assigned,2024-10-09 23:30:32,2024-10-10 00:07:32,2.6,1.75
DEL0740,ORD0740,EMP0651,748 Oak Ave,Chicago,IL,60601,queued,2026-02-03 20:43:41,2026-02-03 21:15:41,1.9,11.87
DEL0741,ORD0741,EMP0952,1345 Pine Rd,Phoenix,AZ,85004,assigned,2026-02-06 21:39:37,2026-02-06 22:19:37,3.6,9.90
DEL0742,ORD0742,EMP0313,6411 Elm St,Miami,FL,33101,queued,2024-09-06 03:04:29,2024-09-06 04:17:29,8.7,11.66
DEL0743,ORD0743,EMP0580,3863 Elm St,Phoenix,AZ,85004,assigned,2025-03-13 04:58:28,2025-03-13 05:29:28,10.6,1.96
DEL0744,ORD0744,EMP0459,7370 Oak Ave,Austin,TX,78701,queued,2026-05-09 10:03:35,2026-05-09 11:14:35,5.7,1.11
DEL0745,ORD0745,EMP0364,2600 Oak Ave,Charlotte,NC,28202,queued,2024-05-30 23:32:44,2024-05-31 00:38:44,4.0,7.13
DEL0746,ORD0746,EMP0466,7370 Oak Ave,Austin,TX,78701,returned,2024-10-20 12:09:21,2024-10-20 13:27:21,3.1,0.29
DEL0747,ORD0747,EMP0405,3052 Maple Dr,Phoenix,AZ,85004,queued,2026-04-22 07:28:24,2026-04-22 08:44:24,10.9,1.41
DEL0748,ORD0748,EMP0298,9053 Market St,Tampa,FL,33602,failed,2025-05-04 23:17:01,2025-05-05 00:38:01,5.7,9.99
DEL0749,ORD0749,EMP0464,5949 2nd St,Nashville,TN,37203,failed,2025-05-05 01:15:11,2025-05-05 02:03:11,9.4,4.48
DEL0750,ORD0750,EMP0652,5417 Market St,Houston,TX,77002,returned,2025-09-04 05:28:54,2025-09-04 06:35:54,8.1,11.49
DEL0751,ORD0751,EMP0445,6318 Pine Rd,Dallas,TX,75201,returned,2024-02-24 05:15:00,2024-02-24 05:57:00,1.9,3.39
DEL0752,ORD0752,EMP0720,6326 Lakeview Blvd,Denver,CO,80202,assigned,2025-04-04 02:33:50,2025-04-04 03:00:50,8.7,11.31
DEL0753,ORD0753,EMP0633,4616 Sunset Blvd,Seattle,WA,98101,failed,2025-02-09 05:54:54,2025-02-09 06:35:54,2.6,8.78
DEL0754,ORD0754,EMP0600,9817 Main St,Columbus,OH,43215,en_route,2025-10-21 02:32:44,2025-10-21 03:50:44,9.5,6.40
DEL0755,ORD0755,EMP0844,5060 Sunset Blvd,Portland,OR,97201,queued,2026-03-09 00:41:12,2026-03-09 01:02:12,4.6,10.98
DEL0756,ORD0756,EMP0439,1527 Pine Rd,Chicago,IL,60601,delivered,2025-05-20 12:33:33,2025-05-20 13:02:33,4.7,4.51
DEL0757,ORD0757,EMP0415,3350 Lakeview Blvd,Phoenix,AZ,85004,assigned,2026-07-11 23:05:03,2026-07-12 00:09:03,6.6,3.92
DEL0758,ORD0758,EMP0530,8182 Cedar Ln,Denver,CO,80202,failed,2025-07-19 20:04:34,2025-07-19 20:26:34,9.6,0.42
DEL0759,ORD0759,EMP0647,7761 Oak Ave,Tampa,FL,33602,failed,2025-04-09 02:03:34,2025-04-09 03:20:34,9.4,3.16
DEL0760,ORD0760,EMP0692,3566 Sunset Blvd,Austin,TX,78701,assigned,2024-11-14 07:22:05,2024-11-14 07:43:05,11.7,4.32
DEL0761,ORD0761,EMP0907,6999 5th Ave,Charlotte,NC,28202,en_route,2026-01-05 19:05:29,2026-01-05 20:23:29,2.9,8.86
DEL0762,ORD0762,EMP0649,6601 Market St,Miami,FL,33101,delivered,2024-05-05 00:33:29,2024-05-05 01:13:29,1.2,4.99
DEL0763,ORD0763,EMP0702,6084 Park Ave,Denver,CO,80202,en_route,2025-11-27 07:12:06,2025-11-27 08:42:06,5.6,1.56
DEL0764,ORD0764,EMP0955,9297 Market St,Dallas,TX,75201,assigned,2024-05-14 22:55:08,2024-05-15 00:11:08,0.8,9.35
DEL0765,ORD0765,EMP0974,1619 Maple Dr,Tampa,FL,33602,en_route,2026-07-25 18:52:42,2026-07-25 19:46:42,2.3,7.80
DEL0766,ORD0766,EMP0529,4616 Sunset Blvd,Seattle,WA,98101,en_route,2024-12-20 23:02:04,2024-12-21 00:00:04,10.0,10.74
DEL0767,ORD0767,EMP0096,4372 2nd St,Portland,OR,97201,returned,2026-06-24 22:30:50,2026-06-24 23:39:50,0.6,7.19
DEL0768,ORD0768,EMP0779,972 Sunset Blvd,Dallas,TX,75201,returned,2024-07-07 21:30:46,2024-07-07 21:50:46,7.7,2.25
DEL0769,ORD0769,EMP0009,756 5th Ave,Chicago,IL,60601,delivered,2024-08-08 16:56:02,2024-08-08 18:10:02,2.5,4.69
DEL0770,ORD0770,EMP0141,9283 River Rd,Houston,TX,77002,failed,2026-02-18 07:25:09,2026-02-18 07:58:09,6.3,4.18
DEL0771,ORD0771,EMP0949,1310 Park Ave,Atlanta,GA,30303,en_route,2025-06-21 07:13:25,2025-06-21 08:13:25,3.2,9.18
DEL0772,ORD0772,EMP0826,756 5th Ave,Chicago,IL,60601,returned,2026-06-24 01:10:57,2026-06-24 01:43:57,10.8,8.33
DEL0773,ORD0773,EMP0144,2185 2nd St,Atlanta,GA,30303,en_route,2025-02-07 12:54:56,2025-02-07 14:18:56,4.8,8.11
DEL0774,ORD0774,EMP0525,556 Market St,Atlanta,GA,30303,queued,2024-12-20 11:23:05,2024-12-20 11:55:05,8.7,5.51
DEL0775,ORD0775,EMP0639,2468 Highland Ave,Houston,TX,77002,failed,2025-02-21 12:26:26,2025-02-21 13:51:26,4.8,7.02
DEL0776,ORD0776,EMP0618,6508 Maple Dr,Seattle,WA,98101,delivered,2024-11-27 02:25:16,2024-11-27 02:59:16,4.5,9.10
DEL0777,ORD0777,EMP0549,4818 Oak Ave,Columbus,OH,43215,failed,2024-09-03 22:34:24,2024-09-03 23:42:24,5.5,1.03
DEL0778,ORD0778,EMP0174,5980 Lakeview Blvd,Nashville,TN,37203,failed,2024-05-02 14:01:33,2024-05-02 15:26:33,4.2,4.43
DEL0779,ORD0779,EMP0094,8367 Market St,Houston,TX,77002,failed,2024-08-19 04:46:49,2024-08-19 06:13:49,4.7,3.93
DEL0780,ORD0780,EMP0613,9029 Elm St,Tampa,FL,33602,en_route,2024-03-07 02:52:47,2024-03-07 03:51:47,2.8,4.16
DEL0781,ORD0781,EMP0213,9267 Highland Ave,Dallas,TX,75201,failed,2024-11-22 03:40:14,2024-11-22 04:41:14,2.4,3.52
DEL0782,ORD0782,EMP0891,282 Elm St,San Antonio,TX,78205,queued,2025-05-12 22:32:00,2025-05-12 22:56:00,11.1,0.96
DEL0783,ORD0783,EMP0996,6199 2nd St,Seattle,WA,98101,returned,2025-08-03 21:39:16,2025-08-03 22:41:16,4.5,8.60
DEL0784,ORD0784,EMP0754,5038 Maple Dr,Austin,TX,78701,failed,2025-02-18 23:31:11,2025-02-19 00:21:11,2.6,10.97
DEL0785,ORD0785,EMP0768,3963 Cedar Ln,Houston,TX,77002,assigned,2024-03-09 21:47:09,2024-03-09 22:37:09,1.7,1.75
DEL0786,ORD0786,EMP0166,6308 Cedar Ln,Austin,TX,78701,delivered,2026-03-29 13:23:45,2026-03-29 13:59:45,6.3,8.81
DEL0787,ORD0787,EMP0618,3289 Main St,Houston,TX,77002,returned,2024-11-21 08:04:10,2024-11-21 08:46:10,4.8,1.38
DEL0788,ORD0788,EMP0358,679 Main St,Charlotte,NC,28202,delivered,2024-07-14 21:26:52,2024-07-14 22:22:52,8.7,4.29
DEL0789,ORD0789,EMP0774,5171 Lakeview Blvd,Portland,OR,97201,delivered,2025-07-30 21:13:40,2025-07-30 21:28:40,3.1,4.85
DEL0790,ORD0790,EMP0126,8237 Oak Ave,Austin,TX,78701,failed,2026-04-11 12:27:32,2026-04-11 13:45:32,2.7,8.75
DEL0791,ORD0791,EMP0386,4453 Maple Dr,Columbus,OH,43215,en_route,2025-11-04 10:58:17,2025-11-04 11:21:17,6.0,10.18
DEL0792,ORD0792,EMP0405,1893 Market St,Seattle,WA,98101,returned,2024-08-16 01:10:26,2024-08-16 02:08:26,5.9,0.05
DEL0793,ORD0793,EMP0460,3870 Sunset Blvd,Portland,OR,97201,failed,2025-08-22 03:32:40,2025-08-22 04:20:40,7.2,2.06
DEL0794,ORD0794,EMP0052,4616 Sunset Blvd,Seattle,WA,98101,assigned,2024-08-10 09:55:51,2024-08-10 10:26:51,4.7,6.15
DEL0795,ORD0795,EMP0390,786 Elm St,Tampa,FL,33602,delivered,2024-10-11 17:40:49,2024-10-11 18:19:49,6.1,2.12
DEL0796,ORD0796,EMP0422,5996 Maple Dr,Austin,TX,78701,failed,2024-02-17 23:18:11,2024-02-18 00:39:11,6.0,6.76
DEL0797,ORD0797,EMP0927,8226 Main St,Charlotte,NC,28202,assigned,2024-05-24 01:20:03,2024-05-24 02:30:03,5.3,5.55
DEL0798,ORD0798,EMP0949,1768 Lakeview Blvd,Dallas,TX,75201,delivered,2024-12-04 13:28:06,2024-12-04 14:10:06,6.9,2.58
DEL0799,ORD0799,EMP0483,8987 Oak Ave,Tampa,FL,33602,failed,2024-07-21 00:44:40,2024-07-21 02:01:40,1.6,10.47
DEL0800,ORD0800,EMP0025,8984 Cedar Ln,Austin,TX,78701,assigned,2025-03-20 07:38:41,2025-03-20 08:54:41,1.3,4.24
DEL0801,ORD0801,EMP0222,3020 Main St,Seattle,WA,98101,assigned,2026-01-04 08:06:34,2026-01-04 08:39:34,5.5,0.48
DEL0802,ORD0802,EMP0557,2283 Sunset Blvd,Miami,FL,33101,delivered,2024-11-01 06:38:56,2024-11-01 07:17:56,9.5,2.95
DEL0803,ORD0803,EMP0385,7576 Cedar Ln,Denver,CO,80202,assigned,2025-11-03 10:14:53,2025-11-03 11:30:53,9.3,1.93
DEL0804,ORD0804,EMP0553,9662 Market St,Miami,FL,33101,returned,2024-12-05 03:31:45,2024-12-05 04:37:45,1.1,2.14
DEL0805,ORD0805,EMP0638,8199 Oak Ave,Atlanta,GA,30303,queued,2024-11-05 01:03:57,2024-11-05 01:37:57,8.3,9.89
DEL0806,ORD0806,EMP0080,2732 Park Ave,Phoenix,AZ,85004,delivered,2026-07-30 10:54:17,2026-07-30 11:45:17,11.9,11.74
DEL0807,ORD0807,EMP0467,6536 Elm St,Atlanta,GA,30303,failed,2024-06-22 02:06:15,2024-06-22 03:13:15,10.5,6.45
DEL0808,ORD0808,EMP0263,7524 River Rd,Austin,TX,78701,failed,2024-08-23 02:26:08,2024-08-23 03:11:08,2.0,7.60
DEL0809,ORD0809,EMP0459,1310 Park Ave,Atlanta,GA,30303,returned,2026-06-19 10:25:42,2026-06-19 11:13:42,10.1,8.48
DEL0810,ORD0810,EMP0700,288 Lakeview Blvd,Nashville,TN,37203,failed,2024-04-10 03:29:08,2024-04-10 04:44:08,8.8,1.35
DEL0811,ORD0811,EMP0147,3385 2nd St,Portland,OR,97201,queued,2024-01-12 11:41:31,2024-01-12 12:22:31,1.6,3.59
DEL0812,ORD0812,EMP0383,2129 Main St,Tampa,FL,33602,en_route,2026-02-12 12:14:02,2026-02-12 13:35:02,11.7,6.27
DEL0813,ORD0813,EMP0814,6636 5th Ave,Nashville,TN,37203,delivered,2026-03-01 23:10:39,2026-03-01 23:35:39,11.9,11.30
DEL0814,ORD0814,EMP0312,8752 2nd St,Phoenix,AZ,85004,delivered,2025-03-29 07:21:18,2025-03-29 08:07:18,6.4,8.84
DEL0815,ORD0815,EMP0803,6084 Park Ave,Denver,CO,80202,delivered,2026-02-15 03:37:54,2026-02-15 04:28:54,6.1,6.17
DEL0816,ORD0816,EMP0215,9821 Maple Dr,Houston,TX,77002,en_route,2024-03-27 05:14:50,2024-03-27 06:04:50,7.6,6.35
DEL0817,ORD0817,EMP0392,6605 Oak Ave,Denver,CO,80202,en_route,2025-01-08 04:45:09,2025-01-08 05:59:09,2.3,4.41
DEL0818,ORD0818,EMP0837,590 Main St,Dallas,TX,75201,returned,2024-02-14 01:26:53,2024-02-14 02:35:53,4.1,8.62
DEL0819,ORD0819,EMP0879,2849 Lakeview Blvd,Tampa,FL,33602,returned,2025-08-29 05:52:16,2025-08-29 06:54:16,4.1,0.06
DEL0820,ORD0820,EMP0349,9809 Elm St,Miami,FL,33101,failed,2025-04-01 03:54:06,2025-04-01 04:31:06,2.7,6.21
DEL0821,ORD0821,EMP0595,3492 5th Ave,Miami,FL,33101,returned,2026-04-19 04:35:49,2026-04-19 05:07:49,4.2,5.03
DEL0822,ORD0822,EMP0782,8024 River Rd,Chicago,IL,60601,failed,2026-05-24 22:28:39,2026-05-24 22:58:39,10.5,8.45
DEL0823,ORD0823,EMP0834,7718 5th Ave,Portland,OR,97201,queued,2025-07-24 09:22:57,2025-07-24 10:30:57,6.7,11.50
DEL0824,ORD0824,EMP0106,8961 5th Ave,Phoenix,AZ,85004,returned,2024-02-15 11:24:33,2024-02-15 12:02:33,7.3,10.93
DEL0825,ORD0825,EMP0351,8961 5th Ave,Phoenix,AZ,85004,queued,2025-06-19 12:50:20,2025-06-19 13:35:20,3.4,1.03
DEL0826,ORD0826,EMP0917,4391 Pine Rd,Denver,CO,80202,en_route,2024-08-24 10:31:38,2024-08-24 10:50:38,6.2,0.54
DEL0827,ORD0827,EMP0401,438 Main St,Atlanta,GA,30303,delivered,2025-03-02 10:42:18,2025-03-02 11:08:18,4.6,3.83
DEL0828,ORD0828,EMP0882,7718 5th Ave,Portland,OR,97201,en_route,2025-06-03 12:44:29,2025-06-03 14:09:29,8.9,2.18
DEL0829,ORD0829,EMP0889,2543 Market St,Seattle,WA,98101,delivered,2025-03-15 16:20:33,2025-03-15 16:39:33,0.7,5.63
DEL0830,ORD0830,EMP0790,5417 Market St,Houston,TX,77002,failed,2025-11-16 18:23:27,2025-11-16 18:46:27,2.7,2.10
DEL0831,ORD0831,EMP0600,2360 Elm St,Dallas,TX,75201,queued,2025-04-04 11:17:22,2025-04-04 11:44:22,10.2,9.99
DEL0832,ORD0832,EMP0797,2600 Oak Ave,Charlotte,NC,28202,failed,2024-09-29 04:46:37,2024-09-29 05:23:37,11.6,9.49
DEL0833,ORD0833,EMP0621,6118 Pine Rd,Phoenix,AZ,85004,failed,2025-01-06 03:38:22,2025-01-06 04:31:22,1.2,7.77
DEL0834,ORD0834,EMP0514,8784 Market St,Portland,OR,97201,assigned,2024-02-06 19:30:14,2024-02-06 20:47:14,3.2,9.13
DEL0835,ORD0835,EMP0617,4642 Maple Dr,Nashville,TN,37203,failed,2025-07-29 03:05:06,2025-07-29 04:26:06,4.9,8.51
DEL0836,ORD0836,EMP0562,9465 Highland Ave,Seattle,WA,98101,failed,2024-02-25 19:33:54,2024-02-25 20:56:54,9.1,10.09
DEL0837,ORD0837,EMP0598,6199 2nd St,Seattle,WA,98101,assigned,2025-04-18 05:26:54,2025-04-18 05:48:54,6.8,6.29
DEL0838,ORD0838,EMP0186,1038 Cedar Ln,Portland,OR,97201,en_route,2025-04-22 20:30:24,2025-04-22 21:25:24,9.7,10.90
DEL0839,ORD0839,EMP0015,1934 River Rd,Chicago,IL,60601,assigned,2024-12-27 16:43:41,2024-12-27 17:10:41,5.5,2.84
DEL0840,ORD0840,EMP0046,8164 Main St,Austin,TX,78701,delivered,2025-06-10 19:38:37,2025-06-10 20:23:37,2.9,7.13
DEL0841,ORD0841,EMP0602,7243 Park Ave,Austin,TX,78701,failed,2024-01-06 07:44:38,2024-01-06 08:40:38,5.7,7.51
DEL0842,ORD0842,EMP0355,6722 Market St,Denver,CO,80202,queued,2026-07-16 17:12:18,2026-07-16 17:43:18,10.5,8.62
DEL0843,ORD0843,EMP0181,4316 Main St,Dallas,TX,75201,returned,2025-01-05 09:02:32,2025-01-05 10:01:32,10.0,5.93
DEL0844,ORD0844,EMP0658,6923 Cedar Ln,Atlanta,GA,30303,failed,2025-07-02 11:09:01,2025-07-02 12:30:01,4.1,1.71
DEL0845,ORD0845,EMP0732,3568 Main St,San Antonio,TX,78205,failed,2026-04-05 19:25:59,2026-04-05 19:58:59,8.2,10.31
DEL0846,ORD0846,EMP0861,3052 Maple Dr,Phoenix,AZ,85004,queued,2024-08-25 23:29:12,2024-08-26 00:18:12,10.4,0.20
DEL0847,ORD0847,EMP0458,3631 Lakeview Blvd,San Antonio,TX,78205,queued,2024-04-28 10:05:01,2024-04-28 10:25:01,1.5,8.97
DEL0848,ORD0848,EMP0355,4616 Sunset Blvd,Seattle,WA,98101,delivered,2024-09-17 03:13:32,2024-09-17 03:56:32,3.1,1.18
DEL0849,ORD0849,EMP0759,3162 River Rd,Houston,TX,77002,queued,2024-12-17 03:05:19,2024-12-17 04:20:19,4.5,7.51
DEL0850,ORD0850,EMP0985,6512 Oak Ave,Phoenix,AZ,85004,delivered,2025-10-16 13:57:51,2025-10-16 14:47:51,3.8,2.45
DEL0851,ORD0851,EMP0177,3485 Pine Rd,Atlanta,GA,30303,assigned,2024-06-19 20:55:45,2024-06-19 22:23:45,9.7,2.26
DEL0852,ORD0852,EMP0682,5825 5th Ave,Tampa,FL,33602,delivered,2024-05-28 10:13:16,2024-05-28 11:07:16,2.4,2.29
DEL0853,ORD0853,EMP0563,2591 Highland Ave,Miami,FL,33101,failed,2024-11-10 04:40:00,2024-11-10 05:26:00,1.5,8.37
DEL0854,ORD0854,EMP0319,9997 Pine Rd,Charlotte,NC,28202,failed,2024-09-03 15:39:20,2024-09-03 17:05:20,6.7,5.03
DEL0855,ORD0855,EMP0306,370 Cedar Ln,Phoenix,AZ,85004,en_route,2026-06-10 19:29:58,2026-06-10 19:48:58,5.2,2.42
DEL0856,ORD0856,EMP0473,6585 Pine Rd,Denver,CO,80202,assigned,2024-03-11 09:55:28,2024-03-11 10:19:28,10.9,2.54
DEL0857,ORD0857,EMP0441,6923 Cedar Ln,Atlanta,GA,30303,returned,2026-02-02 02:48:30,2026-02-02 03:18:30,9.0,7.27
DEL0858,ORD0858,EMP0753,7035 Cedar Ln,Austin,TX,78701,failed,2026-05-22 03:58:12,2026-05-22 04:33:12,2.6,7.07
DEL0859,ORD0859,EMP0252,9817 Main St,Columbus,OH,43215,failed,2025-04-13 19:36:39,2025-04-13 20:11:39,4.7,4.53
DEL0860,ORD0860,EMP0452,4884 Maple Dr,Columbus,OH,43215,queued,2024-12-27 13:17:16,2024-12-27 14:25:16,7.4,0.94
DEL0861,ORD0861,EMP0909,3727 Main St,Miami,FL,33101,en_route,2025-10-08 16:26:27,2025-10-08 17:28:27,8.2,9.78
DEL0862,ORD0862,EMP0249,950 Lakeview Blvd,Phoenix,AZ,85004,assigned,2025-07-24 04:24:21,2025-07-24 04:43:21,6.4,4.43
DEL0863,ORD0863,EMP0070,433 5th Ave,Phoenix,AZ,85004,queued,2024-12-25 05:46:42,2024-12-25 06:30:42,0.9,0.96
DEL0864,ORD0864,EMP0948,857 Cedar Ln,Columbus,OH,43215,returned,2026-03-05 22:40:11,2026-03-05 23:37:11,6.8,7.05
DEL0865,ORD0865,EMP0614,4767 Highland Ave,Chicago,IL,60601,returned,2026-02-04 08:53:16,2026-02-04 09:22:16,1.7,9.58
DEL0866,ORD0866,EMP0825,239 Lakeview Blvd,Atlanta,GA,30303,en_route,2024-12-19 10:12:53,2024-12-19 10:55:53,3.9,9.51
DEL0867,ORD0867,EMP0739,401 Market St,Dallas,TX,75201,assigned,2024-04-19 10:24:34,2024-04-19 11:11:34,7.1,3.26
DEL0868,ORD0868,EMP0962,5749 Pine Rd,Houston,TX,77002,en_route,2024-04-21 22:57:01,2024-04-22 00:01:01,1.9,10.73
DEL0869,ORD0869,EMP0884,74 Lakeview Blvd,Atlanta,GA,30303,en_route,2024-04-02 12:45:21,2024-04-02 13:49:21,4.8,6.75
DEL0870,ORD0870,EMP0452,3373 Main St,Chicago,IL,60601,assigned,2025-07-05 01:59:27,2025-07-05 03:19:27,5.8,5.23
DEL0871,ORD0871,EMP0693,7846 Main St,Portland,OR,97201,delivered,2025-09-04 14:52:08,2025-09-04 15:22:08,10.1,10.39
DEL0872,ORD0872,EMP0075,3862 River Rd,Denver,CO,80202,queued,2026-04-12 00:26:10,2026-04-12 01:03:10,11.9,3.53
DEL0873,ORD0873,EMP0647,4435 Highland Ave,Dallas,TX,75201,returned,2024-12-13 03:44:43,2024-12-13 05:12:43,0.6,8.98
DEL0874,ORD0874,EMP0074,7560 2nd St,Atlanta,GA,30303,assigned,2026-04-23 20:18:14,2026-04-23 21:34:14,2.1,10.38
DEL0875,ORD0875,EMP0702,4555 Elm St,Columbus,OH,43215,queued,2024-07-16 07:57:07,2024-07-16 09:15:07,4.6,1.82
DEL0876,ORD0876,EMP0570,6988 Elm St,Austin,TX,78701,returned,2025-03-30 17:16:53,2025-03-30 18:29:53,2.8,6.64
DEL0877,ORD0877,EMP0456,2485 Pine Rd,Atlanta,GA,30303,en_route,2025-07-23 23:48:29,2025-07-24 00:47:29,4.0,6.44
DEL0878,ORD0878,EMP0718,15 2nd St,Austin,TX,78701,en_route,2024-06-03 18:50:59,2024-06-03 19:57:59,2.6,5.62
DEL0879,ORD0879,EMP0452,1304 Highland Ave,Austin,TX,78701,delivered,2024-05-24 15:59:38,2024-05-24 17:11:38,8.2,6.64
DEL0880,ORD0880,EMP0202,8457 Main St,Columbus,OH,43215,assigned,2025-02-18 10:32:43,2025-02-18 10:56:43,7.8,10.43
DEL0881,ORD0881,EMP0762,1188 Maple Dr,Phoenix,AZ,85004,delivered,2024-04-12 20:07:41,2024-04-12 21:19:41,10.7,2.46
DEL0882,ORD0882,EMP0455,351 Market St,Columbus,OH,43215,assigned,2024-04-21 16:53:15,2024-04-21 17:56:15,4.1,5.18
DEL0883,ORD0883,EMP0540,9497 Main St,Columbus,OH,43215,assigned,2025-01-19 10:01:22,2025-01-19 11:13:22,2.5,0.65
DEL0884,ORD0884,EMP0296,6870 River Rd,Seattle,WA,98101,en_route,2025-08-30 07:46:38,2025-08-30 08:09:38,9.7,9.32
DEL0885,ORD0885,EMP0366,4436 2nd St,Austin,TX,78701,failed,2024-06-21 09:07:01,2024-06-21 09:30:01,4.3,5.63
DEL0886,ORD0886,EMP0696,7389 2nd St,Atlanta,GA,30303,failed,2024-10-20 03:46:31,2024-10-20 04:19:31,5.6,2.63
DEL0887,ORD0887,EMP0821,2976 Maple Dr,Atlanta,GA,30303,en_route,2024-06-14 12:29:30,2024-06-14 12:50:30,2.7,3.67
DEL0888,ORD0888,EMP0103,1000 Park Ave,Atlanta,GA,30303,delivered,2025-12-04 10:52:34,2025-12-04 11:24:34,1.5,7.13
DEL0889,ORD0889,EMP0933,6807 5th Ave,Austin,TX,78701,failed,2026-01-28 04:03:38,2026-01-28 05:24:38,2.0,8.35
DEL0890,ORD0890,EMP0454,1660 Oak Ave,San Antonio,TX,78205,assigned,2025-03-24 10:59:50,2025-03-24 11:33:50,3.4,6.13
DEL0891,ORD0891,EMP0202,1946 Main St,Seattle,WA,98101,en_route,2025-09-04 14:34:31,2025-09-04 15:21:31,9.0,1.71
DEL0892,ORD0892,EMP0698,8530 Maple Dr,Charlotte,NC,28202,queued,2024-11-16 12:51:17,2024-11-16 14:02:17,1.9,11.77
DEL0893,ORD0893,EMP0976,1933 Pine Rd,Miami,FL,33101,returned,2024-04-13 05:36:46,2024-04-13 06:21:46,0.9,9.37
DEL0894,ORD0894,EMP0220,1770 Pine Rd,Portland,OR,97201,returned,2025-03-28 18:56:43,2025-03-28 19:12:43,11.2,9.62
DEL0895,ORD0895,EMP0481,5971 River Rd,Seattle,WA,98101,assigned,2024-01-26 08:25:56,2024-01-26 09:08:56,9.8,3.42
DEL0896,ORD0896,EMP0560,5295 5th Ave,Chicago,IL,60601,returned,2025-03-10 06:38:57,2025-03-10 07:28:57,3.6,3.09
DEL0897,ORD0897,EMP0062,4802 Cedar Ln,Denver,CO,80202,en_route,2025-08-30 23:03:30,2025-08-30 23:30:30,2.8,9.97
DEL0898,ORD0898,EMP0892,390 2nd St,Nashville,TN,37203,en_route,2025-06-06 05:40:18,2025-06-06 07:04:18,6.7,0.67
DEL0899,ORD0899,EMP0346,4201 Oak Ave,Houston,TX,77002,en_route,2024-07-26 18:28:12,2024-07-26 19:50:12,0.6,4.29
DEL0900,ORD0900,EMP0760,3727 Main St,Miami,FL,33101,assigned,2024-09-02 18:18:12,2024-09-02 19:15:12,9.3,9.81
DEL0901,ORD0901,EMP0665,4884 Maple Dr,Columbus,OH,43215,en_route,2024-12-06 04:50:57,2024-12-06 05:44:57,7.6,0.63
DEL0902,ORD0902,EMP0586,5559 Park Ave,Nashville,TN,37203,returned,2025-11-27 00:53:09,2025-11-27 02:20:09,6.5,1.94
DEL0903,ORD0903,EMP0204,6739 Highland Ave,Charlotte,NC,28202,assigned,2025-03-11 09:52:09,2025-03-11 10:24:09,10.7,4.19
DEL0904,ORD0904,EMP0929,6308 Cedar Ln,Austin,TX,78701,returned,2025-12-10 06:40:13,2025-12-10 07:16:13,6.5,10.42
DEL0905,ORD0905,EMP0795,6318 Pine Rd,Dallas,TX,75201,assigned,2025-02-28 18:39:05,2025-02-28 19:25:05,2.2,0.58
DEL0906,ORD0906,EMP0518,536 Cedar Ln,Seattle,WA,98101,delivered,2026-04-04 15:49:26,2026-04-04 16:17:26,11.8,9.05
DEL0907,ORD0907,EMP0385,7814 Maple Dr,Dallas,TX,75201,assigned,2024-04-28 17:58:59,2024-04-28 19:03:59,7.8,4.21
DEL0908,ORD0908,EMP0396,4129 5th Ave,Atlanta,GA,30303,queued,2024-04-25 16:22:04,2024-04-25 17:52:04,6.4,5.49
DEL0909,ORD0909,EMP0452,2820 5th Ave,Atlanta,GA,30303,assigned,2026-06-10 09:10:47,2026-06-10 09:36:47,11.4,2.68
DEL0910,ORD0910,EMP0813,4320 Oak Ave,Charlotte,NC,28202,failed,2025-12-19 10:21:51,2025-12-19 11:14:51,6.1,10.09
DEL0911,ORD0911,EMP0315,9587 Main St,Columbus,OH,43215,queued,2025-11-27 19:40:16,2025-11-27 20:18:16,9.9,2.01
DEL0912,ORD0912,EMP0269,6494 Market St,Charlotte,NC,28202,failed,2025-09-11 15:41:50,2025-09-11 16:21:50,0.6,10.19
DEL0913,ORD0913,EMP0055,6047 Sunset Blvd,Nashville,TN,37203,returned,2024-03-04 08:40:37,2024-03-04 09:24:37,6.4,1.97
DEL0914,ORD0914,EMP0880,6760 Cedar Ln,Portland,OR,97201,failed,2025-10-25 11:07:29,2025-10-25 12:09:29,10.7,2.72
DEL0915,ORD0915,EMP0667,5883 Pine Rd,Chicago,IL,60601,assigned,2024-07-18 07:22:37,2024-07-18 07:47:37,4.5,8.69
DEL0916,ORD0916,EMP0805,2298 Park Ave,Chicago,IL,60601,delivered,2025-02-03 07:26:58,2025-02-03 08:11:58,5.7,0.52
DEL0917,ORD0917,EMP0228,6357 Pine Rd,Columbus,OH,43215,failed,2024-04-13 09:01:58,2024-04-13 10:24:58,4.4,5.30
DEL0918,ORD0918,EMP0672,4901 Pine Rd,Houston,TX,77002,delivered,2025-12-30 02:47:44,2025-12-30 03:02:44,9.3,2.58
DEL0919,ORD0919,EMP0834,2366 Highland Ave,Portland,OR,97201,delivered,2026-04-14 14:09:56,2026-04-14 14:27:56,5.4,4.14
DEL0920,ORD0920,EMP0578,7560 2nd St,Atlanta,GA,30303,returned,2025-02-09 17:43:39,2025-02-09 19:13:39,7.5,9.40
DEL0921,ORD0921,EMP0449,4925 Lakeview Blvd,Nashville,TN,37203,returned,2024-10-06 05:36:07,2024-10-06 05:52:07,2.1,8.99
DEL0922,ORD0922,EMP0901,117 Pine Rd,San Antonio,TX,78205,delivered,2026-01-05 01:44:07,2026-01-05 02:41:07,1.0,6.33
DEL0923,ORD0923,EMP0017,8771 Maple Dr,Houston,TX,77002,en_route,2024-03-22 20:28:12,2024-03-22 21:14:12,4.3,10.41
DEL0924,ORD0924,EMP0445,9253 Park Ave,Columbus,OH,43215,assigned,2024-11-03 11:21:44,2024-11-03 11:52:44,11.4,4.90
DEL0925,ORD0925,EMP0136,5425 River Rd,Atlanta,GA,30303,assigned,2026-07-19 12:30:12,2026-07-19 12:58:12,9.6,11.44
DEL0926,ORD0926,EMP0541,9691 Highland Ave,Nashville,TN,37203,returned,2025-04-05 21:57:35,2025-04-05 23:05:35,4.1,3.26
DEL0927,ORD0927,EMP0086,2643 Cedar Ln,Atlanta,GA,30303,assigned,2025-12-11 06:47:04,2025-12-11 07:31:04,3.7,6.23
DEL0928,ORD0928,EMP0164,1497 Lakeview Blvd,Portland,OR,97201,failed,2025-08-26 16:48:31,2025-08-26 17:15:31,8.6,8.46
DEL0929,ORD0929,EMP0778,3220 Main St,Dallas,TX,75201,failed,2026-01-02 12:17:59,2026-01-02 13:23:59,10.8,11.95
DEL0930,ORD0930,EMP0186,2016 Market St,Houston,TX,77002,en_route,2024-12-27 04:52:56,2024-12-27 05:34:56,11.9,9.56
DEL0931,ORD0931,EMP0074,3749 2nd St,Atlanta,GA,30303,assigned,2025-12-31 06:00:26,2025-12-31 07:21:26,1.6,9.95
DEL0932,ORD0932,EMP0277,9655 Highland Ave,Houston,TX,77002,failed,2025-01-23 15:23:50,2025-01-23 16:35:50,6.5,9.94
DEL0933,ORD0933,EMP0512,6585 Pine Rd,Denver,CO,80202,delivered,2024-10-08 00:07:54,2024-10-08 01:21:54,1.3,0.36
DEL0934,ORD0934,EMP0596,161 Market St,Dallas,TX,75201,queued,2025-09-15 22:01:42,2025-09-15 23:30:42,3.3,2.38
DEL0935,ORD0935,EMP0766,3113 Maple Dr,Austin,TX,78701,assigned,2024-02-11 05:56:30,2024-02-11 06:12:30,11.4,5.44
DEL0936,ORD0936,EMP0408,5687 Lakeview Blvd,Denver,CO,80202,assigned,2024-09-04 18:15:59,2024-09-04 19:16:59,10.3,2.55
DEL0937,ORD0937,EMP0396,8244 Market St,Portland,OR,97201,failed,2025-10-17 14:23:27,2025-10-17 15:25:27,5.4,10.54
DEL0938,ORD0938,EMP0568,7576 Cedar Ln,Denver,CO,80202,en_route,2026-01-19 05:00:49,2026-01-19 06:27:49,8.1,1.01
DEL0939,ORD0939,EMP0416,6888 Lakeview Blvd,Columbus,OH,43215,failed,2025-03-21 19:02:49,2025-03-21 19:25:49,4.6,7.86
DEL0940,ORD0940,EMP0808,1768 Lakeview Blvd,Dallas,TX,75201,queued,2026-03-03 21:36:40,2026-03-03 22:02:40,0.7,0.13
DEL0941,ORD0941,EMP0821,744 Sunset Blvd,Charlotte,NC,28202,delivered,2024-02-03 11:31:13,2024-02-03 12:41:13,5.9,3.93
DEL0942,ORD0942,EMP0550,1225 Pine Rd,Nashville,TN,37203,queued,2026-01-04 04:44:11,2026-01-04 06:08:11,2.6,5.73
DEL0943,ORD0943,EMP0226,2366 Highland Ave,Portland,OR,97201,delivered,2024-12-13 15:21:14,2024-12-13 16:34:14,7.3,9.31
DEL0944,ORD0944,EMP0462,288 5th Ave,Dallas,TX,75201,returned,2026-03-31 06:58:22,2026-03-31 07:39:22,1.3,4.16
DEL0945,ORD0945,EMP0534,8104 Main St,Dallas,TX,75201,failed,2025-12-16 20:39:04,2025-12-16 21:18:04,5.2,5.67
DEL0946,ORD0946,EMP0658,1793 Main St,Chicago,IL,60601,failed,2025-06-01 10:40:51,2025-06-01 11:38:51,6.4,6.25
DEL0947,ORD0947,EMP0554,766 Elm St,Nashville,TN,37203,delivered,2025-12-02 18:06:35,2025-12-02 18:50:35,8.0,4.38
DEL0948,ORD0948,EMP0303,5338 Sunset Blvd,Atlanta,GA,30303,en_route,2026-02-06 03:33:10,2026-02-06 04:17:10,3.1,9.61
DEL0949,ORD0949,EMP0715,3162 River Rd,Houston,TX,77002,assigned,2025-02-02 07:26:58,2025-02-02 08:05:58,3.4,1.23
DEL0950,ORD0950,EMP0260,47 Main St,Denver,CO,80202,assigned,2025-04-30 15:52:21,2025-04-30 17:22:21,3.0,11.76
DEL0951,ORD0951,EMP0629,8866 5th Ave,Chicago,IL,60601,returned,2024-01-23 03:17:15,2024-01-23 03:45:15,1.4,8.57
DEL0952,ORD0952,EMP0748,9821 Maple Dr,Houston,TX,77002,failed,2024-12-13 01:27:18,2024-12-13 02:35:18,2.6,1.35
DEL0953,ORD0953,EMP0883,5457 Elm St,Portland,OR,97201,assigned,2025-03-18 15:19:57,2025-03-18 16:36:57,4.7,5.14
DEL0954,ORD0954,EMP0513,1000 Park Ave,Atlanta,GA,30303,failed,2025-01-24 04:17:18,2025-01-24 05:29:18,9.1,0.40
DEL0955,ORD0955,EMP0509,6199 2nd St,Seattle,WA,98101,failed,2024-08-20 18:49:20,2024-08-20 20:03:20,8.1,2.40
DEL0956,ORD0956,EMP0289,4129 Maple Dr,Atlanta,GA,30303,assigned,2025-12-19 17:26:28,2025-12-19 18:46:28,9.4,6.16
DEL0957,ORD0957,EMP0407,3770 Main St,Tampa,FL,33602,returned,2025-05-31 08:19:36,2025-05-31 09:49:36,7.9,8.07
DEL0958,ORD0958,EMP0595,3954 Main St,Dallas,TX,75201,queued,2025-08-30 17:49:33,2025-08-30 18:11:33,1.4,8.90
DEL0959,ORD0959,EMP0920,5000 Oak Ave,Tampa,FL,33602,assigned,2024-01-10 00:19:11,2024-01-10 01:41:11,10.8,1.20
DEL0960,ORD0960,EMP0098,1685 Park Ave,Austin,TX,78701,failed,2026-06-18 06:51:44,2026-06-18 07:23:44,10.8,7.59
DEL0961,ORD0961,EMP0297,4925 Lakeview Blvd,Nashville,TN,37203,delivered,2024-12-15 01:56:16,2024-12-15 02:37:16,2.8,2.04
DEL0962,ORD0962,EMP0457,9174 Park Ave,Phoenix,AZ,85004,assigned,2024-01-26 07:17:41,2024-01-26 08:45:41,9.6,4.09
DEL0963,ORD0963,EMP0590,898 Sunset Blvd,Miami,FL,33101,returned,2024-10-18 23:07:52,2024-10-18 23:41:52,9.6,8.99
DEL0964,ORD0964,EMP0048,3429 Sunset Blvd,Atlanta,GA,30303,assigned,2024-08-14 23:23:23,2024-08-15 00:07:23,9.7,1.91
DEL0965,ORD0965,EMP0075,7719 Market St,Nashville,TN,37203,assigned,2024-03-02 20:38:29,2024-03-02 21:12:29,6.6,10.03
DEL0966,ORD0966,EMP0889,4822 Maple Dr,Houston,TX,77002,returned,2025-11-16 15:13:47,2025-11-16 15:33:47,5.2,8.92
DEL0967,ORD0967,EMP0872,2686 Main St,Nashville,TN,37203,failed,2024-03-27 07:40:31,2024-03-27 08:28:31,9.9,11.74
DEL0968,ORD0968,EMP0769,4332 Highland Ave,Charlotte,NC,28202,en_route,2026-07-16 06:16:48,2026-07-16 06:42:48,4.3,2.46
DEL0969,ORD0969,EMP0225,4224 Lakeview Blvd,Portland,OR,97201,en_route,2026-05-10 06:27:38,2026-05-10 06:57:38,9.9,11.73
DEL0970,ORD0970,EMP0239,3621 Oak Ave,Houston,TX,77002,failed,2024-07-21 22:34:33,2024-07-21 23:28:33,10.0,1.66
DEL0971,ORD0971,EMP0044,4695 Market St,Austin,TX,78701,returned,2024-09-19 04:02:50,2024-09-19 04:25:50,2.7,9.23
DEL0972,ORD0972,EMP0670,596 2nd St,Houston,TX,77002,queued,2025-09-14 06:33:10,2025-09-14 07:14:10,9.7,3.72
DEL0973,ORD0973,EMP0174,7876 Pine Rd,Seattle,WA,98101,failed,2025-06-06 03:23:25,2025-06-06 04:51:25,7.1,8.42
DEL0974,ORD0974,EMP0097,2016 Market St,Houston,TX,77002,failed,2026-06-10 14:24:16,2026-06-10 14:59:16,10.0,2.70
DEL0975,ORD0975,EMP0379,8500 Pine Rd,Seattle,WA,98101,delivered,2026-06-18 00:38:36,2026-06-18 01:36:36,0.7,6.89
DEL0976,ORD0976,EMP0720,9958 Lakeview Blvd,Miami,FL,33101,failed,2024-03-01 13:40:11,2024-03-01 14:32:11,5.2,8.00
DEL0977,ORD0977,EMP0814,4435 Highland Ave,Dallas,TX,75201,en_route,2025-06-20 20:33:05,2025-06-20 21:34:05,5.3,7.09
DEL0978,ORD0978,EMP0008,9072 Maple Dr,Miami,FL,33101,assigned,2024-01-02 17:12:21,2024-01-02 17:51:21,5.1,4.21
DEL0979,ORD0979,EMP0326,6225 Main St,Dallas,TX,75201,assigned,2024-02-01 09:15:19,2024-02-01 09:45:19,7.8,5.74
DEL0980,ORD0980,EMP0252,7902 Park Ave,Chicago,IL,60601,en_route,2024-08-07 12:12:50,2024-08-07 13:26:50,7.3,4.45
DEL0981,ORD0981,EMP0302,7897 Sunset Blvd,Denver,CO,80202,returned,2025-11-28 15:16:53,2025-11-28 16:02:53,2.3,2.44
DEL0982,ORD0982,EMP0158,5523 Elm St,Nashville,TN,37203,failed,2025-07-09 16:09:30,2025-07-09 17:12:30,1.1,10.30
DEL0983,ORD0983,EMP0177,2262 Main St,Denver,CO,80202,queued,2024-05-03 00:31:54,2024-05-03 01:40:54,1.9,1.09
DEL0984,ORD0984,EMP0124,1471 Market St,Tampa,FL,33602,delivered,2024-06-23 10:38:19,2024-06-23 10:54:19,3.6,2.56
DEL0985,ORD0985,EMP0588,9511 Pine Rd,Phoenix,AZ,85004,delivered,2024-08-14 16:45:27,2024-08-14 17:44:27,0.8,11.24
DEL0986,ORD0986,EMP0289,74 Cedar Ln,Nashville,TN,37203,assigned,2026-04-09 22:50:44,2026-04-09 23:29:44,9.4,11.24
DEL0987,ORD0987,EMP0257,1741 2nd St,Tampa,FL,33602,queued,2026-01-31 02:16:02,2026-01-31 03:28:02,4.0,0.53
DEL0988,ORD0988,EMP0855,7129 Maple Dr,Chicago,IL,60601,delivered,2025-09-04 00:21:57,2025-09-04 01:46:57,2.4,4.94
DEL0989,ORD0989,EMP0558,3827 Park Ave,Charlotte,NC,28202,queued,2025-04-08 19:29:13,2025-04-08 20:45:13,8.4,1.34
DEL0990,ORD0990,EMP0429,8860 Oak Ave,Portland,OR,97201,en_route,2025-10-22 03:39:03,2025-10-22 04:12:03,1.1,8.68
DEL0991,ORD0991,EMP0828,8493 Cedar Ln,Austin,TX,78701,delivered,2025-07-20 19:08:05,2025-07-20 19:55:05,11.9,11.91
DEL0992,ORD0992,EMP0324,8258 Market St,Dallas,TX,75201,returned,2024-09-05 01:14:08,2024-09-05 01:38:08,8.2,9.69
DEL0993,ORD0993,EMP0487,9053 Market St,Tampa,FL,33602,delivered,2026-02-18 12:44:58,2026-02-18 14:04:58,11.8,11.38
DEL0994,ORD0994,EMP0136,3749 2nd St,Atlanta,GA,30303,en_route,2026-03-23 15:55:05,2026-03-23 16:25:05,1.0,6.71
DEL0995,ORD0995,EMP0444,6888 Lakeview Blvd,Columbus,OH,43215,en_route,2026-07-15 23:32:07,2026-07-16 00:51:07,6.8,6.71
DEL0996,ORD0996,EMP0079,6688 Elm St,Charlotte,NC,28202,queued,2026-03-11 14:44:07,2026-03-11 16:12:07,5.0,10.57
DEL0997,ORD0997,EMP0489,6870 River Rd,Seattle,WA,98101,en_route,2024-07-20 08:20:29,2024-07-20 09:37:29,10.4,5.45
DEL0998,ORD0998,EMP0856,8455 Main St,Austin,TX,78701,assigned,2024-09-02 07:07:48,2024-09-02 07:32:48,4.9,7.97
DEL0999,ORD0999,EMP0801,8231 Lakeview Blvd,Atlanta,GA,30303,delivered,2025-02-15 16:44:46,2025-02-15 18:00:46,1.0,8.94
DEL1000,ORD1000,EMP0878,2116 Pine Rd,Miami,FL,33101,failed,2025-11-26 23:17:23,2025-11-27 00:19:23,4.5,4.05
