employee_id,store_id,first_name,last_name,email,phone,role,hire_date,hourly_rate,employment_status
EMP0001,STR0287,Abigail,Martinez,abigail.martinez1@yahoo.com,(636) 987-1225,delivery_driver,2021-03-06,27.71,terminated
EMP0002,STR0357,Emma,Nguyen,emma.nguyen2@outlook.com,(859) 429-8362,pizza_chef,2023-02-05,25.77,active
EMP0003,STR0165,Zoey,Harris,zoey.harris3@icloud.com,(425) 648-3187,cashier,2021-01-09,27.62,on_leave
EMP0004,STR0522,Scarlett,Anderson,scarlett.anderson4@yahoo.com,(312) 474-7075,store_manager,2024-03-09,17.10,active
EMP0005,STR0765,Benjamin,King,benjamin.king5@icloud.com,(220) 264-2755,pizza_chef,2021-06-24,29.98,active
EMP0006,STR0589,James,Scott,james.scott6@example.com,(387) 842-9143,store_manager,2024-11-18,12.07,active
EMP0007,STR0582,Emily,Scott,emily.scott7@outlook.com,(201) 692-4168,pizza_chef,2022-09-16,14.17,active
EMP0008,STR0713,Layla,Ramirez,layla.ramirez8@outlook.com,(800) 404-7585,inventory_clerk,2020-10-25,28.84,terminated
EMP0009,STR0099,Riley,Torres,riley.torres9@icloud.com,(683) 839-4215,pizza_chef,2022-01-01,18.49,active
EMP0010,STR0546,Ella,Walker,ella.walker10@outlook.com,(704) 433-8058,store_manager,2020-09-14,12.33,active
EMP0011,STR0237,Sophia,Torres,sophia.torres11@icloud.com,(244) 409-8652,delivery_driver,2019-07-16,22.70,active
EMP0012,STR0736,Sophia,Scott,sophia.scott12@yahoo.com,(426) 955-4514,pizza_chef,2022-12-13,19.42,active
EMP0013,STR0419,Evelyn,Smith,evelyn.smith13@gmail.com,(487) 858-8370,pizza_chef,2024-08-03,13.87,active
EMP0014,STR0825,Owen,Davis,owen.davis14@outlook.com,(812) 749-4951,cashier,2019-01-19,21.52,active
EMP0015,STR0776,Aria,Hernandez,aria.hernandez15@gmail.com,(701) 421-7747,shift_lead,2025-05-16,14.00,terminated
EMP0016,STR0285,Aiden,Anderson,aiden.anderson16@gmail.com,(637) 913-6717,shift_lead,2024-06-15,27.07,terminated
EMP0017,STR0757,Penelope,Hernandez,penelope.hernandez17@gmail.com,(842) 785-1349,inventory_clerk,2018-04-21,17.51,active
EMP0018,STR0751,Mia,Anderson,mia.anderson18@yahoo.com,(400) 414-4238,pizza_chef,2018-07-05,17.90,active
EMP0019,STR0634,Aurora,Lewis,aurora.lewis19@yahoo.com,(232) 320-4345,shift_lead,2020-07-13,24.54,active
EMP0020,STR0705,Matthew,Ramirez,matthew.ramirez20@gmail.com,(362) 685-7194,cashier,2019-09-23,15.43,active
EMP0021,STR0112,Aria,Lopez,aria.lopez21@gmail.com,(982) 361-4469,cashier,2022-09-18,15.07,active
EMP0022,STR0273,Jacob,Anderson,jacob.anderson22@example.com,(930) 768-9697,store_manager,2019-11-12,29.98,terminated
EMP0023,STR0849,Alexander,Lewis,alexander.lewis23@example.com,(745) 876-4532,delivery_driver,2019-10-07,20.50,terminated
EMP0024,STR0267,Chloe,Moore,chloe.moore24@example.com,(419) 951-1328,pizza_chef,2021-07-17,20.12,on_leave
EMP0025,STR0950,David,Wright,david.wright25@gmail.com,(795) 318-3077,cashier,2023-03-20,16.59,terminated
EMP0026,STR0405,Elijah,Scott,elijah.scott26@example.com,(929) 955-3215,cashier,2023-05-18,22.36,terminated
EMP0027,STR0930,Harper,Rodriguez,harper.rodriguez27@gmail.com,(720) 821-9907,cashier,2020-09-12,16.83,terminated
EMP0028,STR0551,Oliver,Perez,oliver.perez28@gmail.com,(465) 467-6440,store_manager,2023-11-21,14.72,active
EMP0029,STR0871,Olivia,Ramirez,olivia.ramirez29@yahoo.com,(343) 425-2464,store_manager,2023-07-03,14.96,on_leave
EMP0030,STR0560,Emma,Ramirez,emma.ramirez30@gmail.com,(955) 978-6273,delivery_driver,2025-02-09,15.29,active
EMP0031,STR0784,Alexander,Johnson,alexander.johnson31@gmail.com,(998) 227-1396,inventory_clerk,2018-05-16,12.61,active
EMP0032,STR0085,Mia,Nguyen,mia.nguyen32@yahoo.com,(692) 300-8192,store_manager,2018-11-29,24.95,active
EMP0033,STR0737,Hazel,Hill,hazel.hill33@yahoo.com,(561) 520-7210,inventory_clerk,2018-04-16,14.30,terminated
EMP0034,STR0268,Samuel,Jackson,samuel.jackson34@yahoo.com,(287) 758-3423,store_manager,2021-04-11,25.36,terminated
EMP0035,STR0535,Zoey,Jackson,zoey.jackson35@gmail.com,(354) 379-5734,store_manager,2023-07-05,24.43,active
EMP0036,STR0042,Emily,Harris,emily.harris36@example.com,(645) 678-1430,cashier,2023-04-05,23.98,active
EMP0037,STR0387,Aurora,Taylor,aurora.taylor37@outlook.com,(851) 549-2453,shift_lead,2020-10-03,26.48,active
EMP0038,STR0387,Sebastian,Martinez,sebastian.martinez38@example.com,(325) 441-7766,pizza_chef,2022-07-18,27.95,terminated
EMP0039,STR0678,Harper,Lee,harper.lee39@gmail.com,(574) 517-3789,store_manager,2022-02-22,19.51,active
EMP0040,STR0482,Jack,Williams,jack.williams40@gmail.com,(616) 412-4938,delivery_driver,2025-01-04,24.04,terminated
EMP0041,STR0364,Jack,Robinson,jack.robinson41@gmail.com,(990) 839-9615,pizza_chef,2024-12-06,14.52,active
EMP0042,STR0887,Benjamin,Brown,benjamin.brown42@icloud.com,(458) 741-3035,store_manager,2019-05-17,30.30,active
EMP0043,STR0182,Evelyn,Taylor,evelyn.taylor43@example.com,(685) 710-5079,store_manager,2025-03-21,15.88,active
EMP0044,STR0275,Sebastian,Jones,sebastian.jones44@yahoo.com,(358) 889-2073,pizza_chef,2022-06-26,25.93,terminated
EMP0045,STR0535,Matthew,Jackson,matthew.jackson45@example.com,(860) 885-6038,delivery_driver,2019-12-01,17.95,active
EMP0046,STR0378,James,Clark,james.clark46@example.com,(641) 419-2705,shift_lead,2019-06-19,31.22,active
EMP0047,STR0842,Oliver,Robinson,oliver.robinson47@icloud.com,(498) 846-7387,pizza_chef,2018-06-17,19.09,active
EMP0048,STR0192,Nova,Jackson,nova.jackson48@icloud.com,(434) 938-7046,shift_lead,2018-06-23,22.87,active
EMP0049,STR0685,Abigail,Gonzalez,abigail.gonzalez49@gmail.com,(681) 586-6041,delivery_driver,2018-04-06,27.84,active
EMP0050,STR0518,Lily,Torres,lily.torres50@gmail.com,(990) 431-2785,shift_lead,2023-12-13,16.83,terminated
EMP0051,STR0340,Sebastian,Lopez,sebastian.lopez51@yahoo.com,(676) 824-2008,inventory_clerk,2021-02-02,25.77,active
EMP0052,STR0245,Abigail,Brown,abigail.brown52@yahoo.com,(421) 413-6817,pizza_chef,2021-04-08,28.57,active
EMP0053,STR0405,Aiden,Lee,aiden.lee53@yahoo.com,(344) 304-2475,cashier,2019-05-16,26.23,on_leave
EMP0054,STR0558,Sebastian,Robinson,sebastian.robinson54@gmail.com,(821) 403-4950,store_manager,2019-05-22,13.83,active
EMP0055,STR0415,Jackson,Wilson,jackson.wilson55@outlook.com,(431) 240-7662,cashier,2019-07-06,26.47,active
EMP0056,STR0509,Nova,Flores,nova.flores56@outlook.com,(598) 297-8564,store_manager,2023-08-31,29.17,terminated
EMP0057,STR0011,Layla,King,layla.king57@yahoo.com,(413) 227-1481,store_manager,2018-02-04,14.13,on_leave
EMP0058,STR0858,Elijah,Scott,elijah.scott58@example.com,(736) 213-5004,inventory_clerk,2019-06-08,19.55,on_leave
EMP0059,STR0747,Hazel,Young,hazel.young59@outlook.com,(810) 322-7807,cashier,2020-12-16,29.65,active
EMP0060,STR0812,Daniel,White,daniel.white60@outlook.com,(337) 259-2249,shift_lead,2024-11-02,24.07,active
EMP0061,STR0112,Sebastian,Torres,sebastian.torres61@example.com,(499) 431-4790,delivery_driver,2021-03-20,22.60,active
EMP0062,STR0775,Liam,Nguyen,liam.nguyen62@icloud.com,(399) 374-3583,pizza_chef,2019-07-25,24.13,terminated
EMP0063,STR0463,Lucas,Jones,lucas.jones63@outlook.com,(543) 545-7852,cashier,2020-09-10,13.84,active
EMP0064,STR0533,Penelope,Jackson,penelope.jackson64@example.com,(617) 965-1702,shift_lead,2019-06-17,24.61,active
EMP0065,STR0439,James,Young,james.young65@icloud.com,(961) 247-9508,inventory_clerk,2022-06-08,13.92,active
EMP0066,STR0967,Jacob,Johnson,jacob.johnson66@yahoo.com,(256) 732-4328,shift_lead,2018-06-22,19.81,terminated
EMP0067,STR0158,Oliver,Johnson,oliver.johnson67@icloud.com,(274) 528-4487,cashier,2022-05-02,31.06,active
EMP0068,STR0054,Evelyn,Perez,evelyn.perez68@icloud.com,(721) 763-4004,delivery_driver,2021-12-28,23.44,on_leave
EMP0069,STR0782,Hazel,Young,hazel.young69@example.com,(859) 346-4454,store_manager,2022-10-05,28.63,active
EMP0070,STR0248,Levi,Williams,levi.williams70@outlook.com,(767) 205-9647,delivery_driver,2019-04-20,27.60,active
EMP0071,STR0884,Henry,Thomas,henry.thomas71@example.com,(954) 741-3236,delivery_driver,2023-05-08,12.92,active
EMP0072,STR0742,Samuel,White,samuel.white72@gmail.com,(254) 304-7071,delivery_driver,2024-11-22,25.82,active
EMP0073,STR0378,Nora,Brown,nora.brown73@example.com,(794) 924-2062,shift_lead,2023-09-10,17.72,active
EMP0074,STR0597,Liam,Lewis,liam.lewis74@yahoo.com,(612) 974-7893,store_manager,2020-11-11,23.45,on_leave
EMP0075,STR0658,David,Jackson,david.jackson75@example.com,(977) 814-8474,cashier,2024-03-13,29.78,active
EMP0076,STR0594,Lucas,Wright,lucas.wright76@icloud.com,(852) 782-5066,pizza_chef,2022-02-08,18.61,active
EMP0077,STR0909,Abigail,Johnson,abigail.johnson77@outlook.com,(783) 833-4185,pizza_chef,2023-08-12,29.81,active
EMP0078,STR0800,Mason,Anderson,mason.anderson78@yahoo.com,(994) 640-7622,store_manager,2021-04-20,23.20,active
EMP0079,STR0572,Grace,Flores,grace.flores79@icloud.com,(358) 607-2928,delivery_driver,2018-04-05,27.28,active
EMP0080,STR0768,Samuel,Lewis,samuel.lewis80@yahoo.com,(516) 775-4737,store_manager,2019-12-14,24.13,active
EMP0081,STR0666,Aurora,Hill,aurora.hill81@yahoo.com,(732) 341-1286,shift_lead,2022-01-21,28.56,active
EMP0082,STR0924,Grace,Davis,grace.davis82@example.com,(824) 644-6592,cashier,2019-08-07,22.99,active
EMP0083,STR0558,Daniel,Nguyen,daniel.nguyen83@yahoo.com,(644) 876-5358,cashier,2022-01-09,27.67,on_leave
EMP0084,STR0417,Riley,Harris,riley.harris84@gmail.com,(421) 215-8895,delivery_driver,2021-11-12,13.97,active
EMP0085,STR0322,David,Gonzalez,david.gonzalez85@example.com,(544) 968-2969,shift_lead,2023-12-05,28.87,active
EMP0086,STR0247,Daniel,Wright,daniel.wright86@example.com,(991) 518-9339,shift_lead,2019-09-03,24.52,active
EMP0087,STR0771,Liam,Hernandez,liam.hernandez87@yahoo.com,(201) 206-9419,delivery_driver,2023-05-14,24.01,on_leave
EMP0088,STR0854,Emma,Brown,emma.brown88@icloud.com,(715) 406-2229,cashier,2019-04-24,25.37,terminated
EMP0089,STR0969,Alexander,Johnson,alexander.johnson89@gmail.com,(584) 740-1917,store_manager,2018-07-16,24.97,active
EMP0090,STR0879,Abigail,Hill,abigail.hill90@outlook.com,(255) 664-7681,pizza_chef,2018-10-27,29.26,terminated
EMP0091,STR0658,Amelia,Nguyen,amelia.nguyen91@icloud.com,(842) 347-1824,inventory_clerk,2022-12-21,19.37,active
EMP0092,STR0452,Benjamin,Johnson,benjamin.johnson92@icloud.com,(813) 488-7401,pizza_chef,2023-07-22,13.16,on_leave
EMP0093,STR0688,Isabella,Sanchez,isabella.sanchez93@yahoo.com,(810) 340-6645,cashier,2022-08-14,23.11,active
EMP0094,STR0846,Levi,Young,levi.young94@icloud.com,(593) 248-3637,store_manager,2025-01-05,25.99,terminated
EMP0095,STR0407,Emma,Taylor,emma.taylor95@example.com,(890) 746-5305,cashier,2018-04-04,31.41,active
EMP0096,STR0092,Amelia,Robinson,amelia.robinson96@yahoo.com,(521) 566-3805,pizza_chef,2020-08-08,18.89,on_leave
EMP0097,STR0950,Sophia,Robinson,sophia.robinson97@gmail.com,(675) 210-4357,pizza_chef,2024-02-10,25.56,active
EMP0098,STR0389,Nora,Hernandez,nora.hernandez98@gmail.com,(424) 968-7912,pizza_chef,2018-01-02,28.50,active
EMP0099,STR0560,Isabella,Robinson,isabella.robinson99@example.com,(553) 585-2986,pizza_chef,2023-07-24,16.37,active
EMP0100,STR0315,Aurora,Wright,aurora.wright100@outlook.com,(806) 250-3763,store_manager,2021-04-30,18.46,active
EMP0101,STR0045,Daniel,Jackson,daniel.jackson101@gmail.com,(641) 482-5665,cashier,2023-09-22,16.73,active
EMP0102,STR0408,Matthew,Taylor,matthew.taylor102@icloud.com,(747) 310-3322,delivery_driver,2019-02-21,26.82,on_leave
EMP0103,STR0938,Aurora,Allen,aurora.allen103@yahoo.com,(276) 214-3645,inventory_clerk,2019-11-29,13.85,on_leave
EMP0104,STR0105,Aiden,Wright,aiden.wright104@yahoo.com,(467) 731-7879,pizza_chef,2020-01-18,23.45,active
EMP0105,STR0449,Levi,Young,levi.young105@yahoo.com,(976) 636-4795,store_manager,2024-10-20,16.86,active
EMP0106,STR0698,Lily,Lopez,lily.lopez106@outlook.com,(618) 229-6545,pizza_chef,2024-02-05,23.45,on_leave
EMP0107,STR0805,Levi,Johnson,levi.johnson107@example.com,(757) 936-8023,delivery_driver,2023-07-12,25.61,active
EMP0108,STR0413,Logan,Walker,logan.walker108@icloud.com,(441) 614-9491,pizza_chef,2018-09-08,29.20,active
EMP0109,STR0554,Michael,Smith,michael.smith109@yahoo.com,(286) 874-3800,pizza_chef,2022-03-21,16.48,active
EMP0110,STR0403,Emily,Hernandez,emily.hernandez110@outlook.com,(215) 995-6489,store_manager,2018-12-20,31.78,active
EMP0111,STR0584,Matthew,Taylor,matthew.taylor111@yahoo.com,(950) 274-9566,inventory_clerk,2022-07-17,27.40,active
EMP0112,STR0336,Emma,Torres,emma.torres112@example.com,(607) 667-1646,store_manager,2019-07-23,23.81,active
EMP0113,STR0624,James,Ramirez,james.ramirez113@example.com,(495) 759-1264,pizza_chef,2024-12-28,14.54,active
EMP0114,STR0709,Alexander,Williams,alexander.williams114@yahoo.com,(878) 755-8096,inventory_clerk,2024-10-14,23.96,active
EMP0115,STR0134,Lily,Jackson,lily.jackson115@outlook.com,(820) 545-9391,store_manager,2025-04-09,24.59,active
EMP0116,STR0642,Abigail,Thompson,abigail.thompson116@example.com,(719) 668-1586,inventory_clerk,2023-01-25,25.10,active
EMP0117,STR0917,Ella,Lopez,ella.lopez117@example.com,(611) 658-7397,delivery_driver,2020-08-21,15.92,active
EMP0118,STR0282,Liam,Flores,liam.flores118@icloud.com,(998) 279-2040,inventory_clerk,2023-01-26,24.56,on_leave
EMP0119,STR0505,Jackson,Flores,jackson.flores119@icloud.com,(754) 353-8151,store_manager,2023-12-20,21.94,active
EMP0120,STR0591,Isabella,Lee,isabella.lee120@yahoo.com,(705) 967-1625,inventory_clerk,2023-10-16,22.64,terminated
EMP0121,STR0191,Ava,Sanchez,ava.sanchez121@yahoo.com,(577) 253-5412,cashier,2025-03-20,25.27,active
EMP0122,STR0746,Nova,Harris,nova.harris122@example.com,(539) 902-8481,store_manager,2022-04-10,12.77,active
EMP0123,STR0181,Mia,Moore,mia.moore123@outlook.com,(583) 474-5115,pizza_chef,2024-01-29,30.68,on_leave
EMP0124,STR0201,Logan,Nguyen,logan.nguyen124@yahoo.com,(561) 826-5819,pizza_chef,2022-06-03,24.77,active
EMP0125,STR0868,Matthew,Wright,matthew.wright125@outlook.com,(600) 427-4187,store_manager,2024-06-17,31.21,terminated
EMP0126,STR0169,Sophia,Perez,sophia.perez126@outlook.com,(281) 900-6371,pizza_chef,2022-07-17,22.66,active
EMP0127,STR0936,Layla,Walker,layla.walker127@outlook.com,(598) 371-3815,delivery_driver,2019-12-30,30.92,active
EMP0128,STR0543,Penelope,Anderson,penelope.anderson128@example.com,(902) 578-2674,pizza_chef,2021-11-07,29.21,terminated
EMP0129,STR0379,Sophia,Scott,sophia.scott129@outlook.com,(226) 861-9022,store_manager,2022-05-22,17.26,on_leave
EMP0130,STR0625,Jack,Lee,jack.lee130@outlook.com,(974) 699-5707,shift_lead,2018-03-06,16.48,active
EMP0131,STR0899,Henry,Flores,henry.flores131@example.com,(790) 276-2854,delivery_driver,2019-05-07,23.98,active
EMP0132,STR0854,Noah,Gonzalez,noah.gonzalez132@outlook.com,(795) 441-5409,cashier,2023-11-07,13.72,active
EMP0133,STR0091,Ethan,Sanchez,ethan.sanchez133@outlook.com,(500) 664-2761,shift_lead,2021-06-13,28.55,active
EMP0134,STR0375,Sophia,Wilson,sophia.wilson134@example.com,(419) 629-8796,inventory_clerk,2019-12-12,28.92,terminated
EMP0135,STR0459,Sophia,Thomas,sophia.thomas135@outlook.com,(246) 216-5354,pizza_chef,2022-10-12,25.94,active
EMP0136,STR0795,Abigail,Garcia,abigail.garcia136@outlook.com,(381) 667-7273,store_manager,2018-05-25,22.58,active
EMP0137,STR0485,Penelope,Nguyen,penelope.nguyen137@example.com,(261) 819-3156,delivery_driver,2023-11-16,12.13,active
EMP0138,STR0540,Isabella,Thomas,isabella.thomas138@example.com,(985) 556-7589,pizza_chef,2023-10-08,29.80,active
EMP0139,STR0060,Jack,Ramirez,jack.ramirez139@outlook.com,(991) 797-9297,delivery_driver,2022-09-01,27.85,on_leave
EMP0140,STR0306,Aria,Lewis,aria.lewis140@yahoo.com,(341) 704-6535,store_manager,2021-02-18,18.75,active
EMP0141,STR0433,Aria,Perez,aria.perez141@outlook.com,(524) 929-5719,pizza_chef,2024-08-06,22.04,active
EMP0142,STR0832,Owen,Davis,owen.davis142@icloud.com,(540) 226-3230,cashier,2018-12-06,29.65,active
EMP0143,STR0655,Lucas,Martin,lucas.martin143@yahoo.com,(800) 862-4802,cashier,2022-03-06,31.17,active
EMP0144,STR0890,Samuel,Davis,samuel.davis144@outlook.com,(270) 413-1091,shift_lead,2021-08-28,18.80,active
EMP0145,STR0649,Sebastian,Wilson,sebastian.wilson145@icloud.com,(768) 955-3984,inventory_clerk,2025-02-07,14.01,active
EMP0146,STR0632,Abigail,King,abigail.king146@icloud.com,(595) 800-9038,pizza_chef,2023-11-20,21.99,active
EMP0147,STR0808,Jacob,Lewis,jacob.lewis147@icloud.com,(936) 499-7771,pizza_chef,2025-02-23,26.94,active
EMP0148,STR0942,Michael,Allen,michael.allen148@outlook.com,(494) 414-2140,store_manager,2019-11-18,16.37,active
EMP0149,STR0755,Joseph,Wright,joseph.wright149@yahoo.com,(394) 264-3069,pizza_chef,2019-03-10,24.13,active
EMP0150,STR0095,Hazel,Martin,hazel.martin150@gmail.com,(586) 956-1132,cashier,2024-12-31,22.39,on_leave
EMP0151,STR0209,Evelyn,Young,evelyn.young151@example.com,(674) 553-1396,store_manager,2019-10-18,15.30,on_leave
EMP0152,STR0682,Daniel,King,daniel.king152@icloud.com,(381) 385-6735,delivery_driver,2018-12-23,21.29,active
EMP0153,STR0643,Levi,White,levi.white153@outlook.com,(695) 338-7208,pizza_chef,2024-04-21,29.25,active
EMP0154,STR0093,Emily,Martinez,emily.martinez154@example.com,(994) 885-8431,delivery_driver,2024-12-08,29.99,terminated
EMP0155,STR0055,James,Miller,james.miller155@example.com,(386) 935-8201,cashier,2022-05-27,24.91,active
EMP0156,STR0204,Emma,Robinson,emma.robinson156@icloud.com,(934) 945-4559,store_manager,2020-05-30,25.11,active
EMP0157,STR0177,Liam,Lee,liam.lee157@yahoo.com,(790) 780-4507,inventory_clerk,2020-01-15,20.24,active
EMP0158,STR0674,Sophia,Ramirez,sophia.ramirez158@example.com,(277) 855-5967,pizza_chef,2021-09-01,23.06,active
EMP0159,STR0669,James,Hernandez,james.hernandez159@outlook.com,(919) 450-9850,pizza_chef,2021-08-24,18.40,active
EMP0160,STR0501,Benjamin,Clark,benjamin.clark160@icloud.com,(954) 961-9078,pizza_chef,2019-05-16,15.23,on_leave
EMP0161,STR0585,Abigail,Thomas,abigail.thomas161@outlook.com,(467) 459-9161,store_manager,2018-03-22,26.31,active
EMP0162,STR0845,Mason,Lewis,mason.lewis162@example.com,(649) 202-4060,store_manager,2024-10-08,15.49,active
EMP0163,STR0253,Mia,Brown,mia.brown163@example.com,(679) 977-9634,delivery_driver,2021-09-18,26.38,active
EMP0164,STR0594,Jackson,Lee,jackson.lee164@example.com,(731) 448-3140,pizza_chef,2019-07-21,12.56,active
EMP0165,STR0747,Isabella,White,isabella.white165@gmail.com,(761) 392-3838,cashier,2022-06-15,29.67,active
EMP0166,STR0622,Nova,Scott,nova.scott166@icloud.com,(731) 715-9288,store_manager,2023-06-26,20.77,active
EMP0167,STR0527,Penelope,White,penelope.white167@outlook.com,(389) 442-9765,delivery_driver,2025-06-26,30.49,active
EMP0168,STR0310,Amelia,Johnson,amelia.johnson168@yahoo.com,(597) 860-2343,store_manager,2021-02-13,29.10,terminated
EMP0169,STR0069,Emily,Davis,emily.davis169@outlook.com,(366) 415-2533,cashier,2023-03-01,27.58,terminated
EMP0170,STR0680,Mia,Nguyen,mia.nguyen170@gmail.com,(294) 510-4257,delivery_driver,2021-11-27,17.54,terminated
EMP0171,STR0844,Amelia,Brown,amelia.brown171@yahoo.com,(205) 790-7808,delivery_driver,2024-11-12,13.65,terminated
EMP0172,STR0991,Jackson,Garcia,jackson.garcia172@gmail.com,(348) 607-1793,inventory_clerk,2024-10-29,15.02,active
EMP0173,STR0121,Elijah,Wilson,elijah.wilson173@icloud.com,(619) 677-3287,cashier,2019-10-07,14.30,active
EMP0174,STR0413,Elijah,Davis,elijah.davis174@gmail.com,(332) 385-1685,cashier,2022-04-17,24.35,active
EMP0175,STR0678,Chloe,Rodriguez,chloe.rodriguez175@example.com,(978) 648-5074,pizza_chef,2021-11-05,30.51,active
EMP0176,STR0198,Olivia,Jackson,olivia.jackson176@icloud.com,(589) 545-4414,store_manager,2024-05-31,12.27,active
EMP0177,STR0107,Logan,Martin,logan.martin177@yahoo.com,(982) 488-3885,cashier,2023-11-04,13.80,active
EMP0178,STR0538,Jack,Sanchez,jack.sanchez178@yahoo.com,(545) 208-6351,pizza_chef,2025-01-05,15.00,active
EMP0179,STR0861,Scarlett,Rodriguez,scarlett.rodriguez179@example.com,(398) 917-7008,shift_lead,2018-03-12,26.43,active
EMP0180,STR0733,Levi,Smith,levi.smith180@example.com,(810) 553-3100,inventory_clerk,2020-05-29,23.67,active
EMP0181,STR0993,David,Miller,david.miller181@icloud.com,(321) 345-5513,pizza_chef,2020-07-26,20.48,active
EMP0182,STR0376,Jack,Lee,jack.lee182@icloud.com,(514) 980-3135,pizza_chef,2024-01-20,28.93,active
EMP0183,STR0145,Emma,Martinez,emma.martinez183@icloud.com,(255) 632-3017,shift_lead,2018-04-16,24.29,on_leave
EMP0184,STR0285,Harper,Scott,harper.scott184@gmail.com,(370) 813-2007,delivery_driver,2023-07-20,26.38,active
EMP0185,STR0023,Jacob,Ramirez,jacob.ramirez185@icloud.com,(433) 333-3072,shift_lead,2024-08-16,22.62,active
EMP0186,STR0976,Alexander,Lee,alexander.lee186@yahoo.com,(900) 846-1124,pizza_chef,2020-12-05,26.02,active
EMP0187,STR0128,Olivia,Thomas,olivia.thomas187@gmail.com,(830) 571-7644,delivery_driver,2018-08-29,23.29,on_leave
EMP0188,STR0638,Michael,Ramirez,michael.ramirez188@gmail.com,(579) 653-6702,shift_lead,2021-06-16,17.70,active
EMP0189,STR0862,James,Taylor,james.taylor189@gmail.com,(340) 457-8565,delivery_driver,2023-05-19,12.05,active
EMP0190,STR0817,Jack,Brown,jack.brown190@example.com,(325) 239-4395,cashier,2019-05-01,28.12,on_leave
EMP0191,STR0461,Jack,Anderson,jack.anderson191@icloud.com,(482) 981-2474,delivery_driver,2019-02-16,15.24,terminated
EMP0192,STR0530,Olivia,Wright,olivia.wright192@gmail.com,(944) 886-7000,delivery_driver,2018-02-23,14.15,terminated
EMP0193,STR0722,Liam,Miller,liam.miller193@gmail.com,(674) 286-4202,store_manager,2021-11-04,12.85,on_leave
EMP0194,STR0474,Sophia,Thomas,sophia.thomas194@yahoo.com,(540) 281-1783,shift_lead,2018-08-09,19.22,terminated
EMP0195,STR0205,Benjamin,Young,benjamin.young195@icloud.com,(379) 316-4220,cashier,2021-05-14,12.35,on_leave
EMP0196,STR0881,Mason,Thompson,mason.thompson196@example.com,(892) 563-8320,delivery_driver,2023-12-18,26.07,terminated
EMP0197,STR0210,Evelyn,Young,evelyn.young197@gmail.com,(774) 205-6468,pizza_chef,2018-05-02,32.00,active
EMP0198,STR0843,Nora,Sanchez,nora.sanchez198@icloud.com,(460) 647-7449,delivery_driver,2019-10-04,28.46,active
EMP0199,STR0538,Ella,Nguyen,ella.nguyen199@yahoo.com,(341) 916-8782,cashier,2018-09-20,12.64,active
EMP0200,STR0103,Daniel,Clark,daniel.clark200@outlook.com,(538) 841-1408,cashier,2022-10-10,27.90,active
EMP0201,STR0683,Chloe,Nguyen,chloe.nguyen201@icloud.com,(327) 458-1611,cashier,2023-06-13,26.98,active
EMP0202,STR0787,Aiden,Thomas,aiden.thomas202@example.com,(269) 932-5416,store_manager,2024-02-06,12.06,active
EMP0203,STR0804,Aurora,Jones,aurora.jones203@yahoo.com,(243) 461-9222,cashier,2021-07-21,28.16,active
EMP0204,STR0952,Samuel,Hill,samuel.hill204@icloud.com,(820) 741-9074,inventory_clerk,2023-07-29,16.47,active
EMP0205,STR0450,Amelia,Robinson,amelia.robinson205@gmail.com,(624) 591-5794,cashier,2024-08-14,20.22,on_leave
EMP0206,STR0497,Sophia,Martinez,sophia.martinez206@outlook.com,(250) 696-8862,store_manager,2020-06-04,17.32,active
EMP0207,STR0188,Mason,Lee,mason.lee207@yahoo.com,(954) 905-9444,inventory_clerk,2022-11-25,23.82,active
EMP0208,STR0626,Aiden,Torres,aiden.torres208@icloud.com,(215) 268-5327,pizza_chef,2019-04-12,29.67,active
EMP0209,STR0053,Liam,Wilson,liam.wilson209@example.com,(671) 753-3810,cashier,2023-03-29,13.78,active
EMP0210,STR0823,Mia,Johnson,mia.johnson210@outlook.com,(297) 758-2371,pizza_chef,2025-01-27,19.39,terminated
EMP0211,STR0517,Riley,Allen,riley.allen211@example.com,(659) 350-2834,cashier,2024-09-05,31.52,active
EMP0212,STR0641,Layla,Wright,layla.wright212@example.com,(496) 877-9326,cashier,2023-08-25,28.31,active
EMP0213,STR0312,Aria,Sanchez,aria.sanchez213@example.com,(341) 364-2970,delivery_driver,2020-12-01,30.94,active
EMP0214,STR0585,Sebastian,Allen,sebastian.allen214@icloud.com,(719) 582-8170,cashier,2020-08-12,22.78,active
EMP0215,STR0048,Liam,Taylor,liam.taylor215@icloud.com,(685) 527-8754,inventory_clerk,2024-01-22,13.87,active
EMP0216,STR0088,Amelia,Harris,amelia.harris216@outlook.com,(809) 612-2499,inventory_clerk,2024-04-26,25.36,active
EMP0217,STR0837,Lily,Young,lily.young217@example.com,(476) 369-7938,store_manager,2025-07-25,30.08,active
EMP0218,STR0966,Logan,Sanchez,logan.sanchez218@icloud.com,(880) 850-1819,shift_lead,2024-06-27,12.86,active
EMP0219,STR0927,Harper,Davis,harper.davis219@gmail.com,(794) 633-2843,shift_lead,2020-11-25,20.54,on_leave
EMP0220,STR0500,Jack,Thomas,jack.thomas220@outlook.com,(890) 907-4672,shift_lead,2019-12-27,26.46,active
EMP0221,STR0818,Sophia,Robinson,sophia.robinson221@icloud.com,(386) 499-1740,store_manager,2024-07-07,30.52,active
EMP0222,STR0560,Owen,Harris,owen.harris222@yahoo.com,(937) 471-8033,cashier,2022-04-21,17.31,terminated
EMP0223,STR0455,Henry,Martinez,henry.martinez223@gmail.com,(356) 774-6538,cashier,2018-09-23,19.72,active
EMP0224,STR0846,Ella,Nguyen,ella.nguyen224@icloud.com,(481) 755-9957,pizza_chef,2020-09-22,12.01,terminated
EMP0225,STR0548,David,Anderson,david.anderson225@icloud.com,(745) 913-9221,pizza_chef,2020-12-25,24.28,on_leave
EMP0226,STR0492,Isabella,Taylor,isabella.taylor226@yahoo.com,(970) 739-8293,store_manager,2022-06-07,23.52,on_leave
EMP0227,STR0092,Liam,Flores,liam.flores227@outlook.com,(275) 419-2850,store_manager,2018-09-17,29.92,active
EMP0228,STR0835,Ella,Hill,ella.hill228@yahoo.com,(409) 931-7674,cashier,2025-03-06,16.65,on_leave
EMP0229,STR0350,Layla,Clark,layla.clark229@yahoo.com,(454) 244-5169,shift_lead,2018-01-02,23.13,active
EMP0230,STR0932,Daniel,Perez,daniel.perez230@yahoo.com,(568) 485-5949,delivery_driver,2018-03-31,14.89,active
EMP0231,STR0326,Owen,Miller,owen.miller231@gmail.com,(397) 913-5737,shift_lead,2022-10-23,12.57,terminated
EMP0232,STR0482,Grace,Sanchez,grace.sanchez232@icloud.com,(965) 266-9450,pizza_chef,2018-09-16,26.00,terminated
EMP0233,STR0646,Aria,Torres,aria.torres233@gmail.com,(759) 754-1046,delivery_driver,2024-02-17,21.23,terminated
EMP0234,STR0082,Lucas,Miller,lucas.miller234@icloud.com,(477) 623-9470,cashier,2021-01-17,27.75,active
EMP0235,STR0642,Owen,Lopez,owen.lopez235@icloud.com,(471) 759-7917,store_manager,2022-06-04,25.26,terminated
EMP0236,STR0714,James,Nguyen,james.nguyen236@example.com,(762) 650-6105,store_manager,2022-06-10,19.62,active
EMP0237,STR0349,Penelope,Garcia,penelope.garcia237@example.com,(467) 521-1807,cashier,2021-09-02,14.48,active
EMP0238,STR0185,Layla,Hill,layla.hill238@gmail.com,(903) 999-8827,shift_lead,2025-08-15,16.93,on_leave
EMP0239,STR0117,Penelope,Williams,penelope.williams239@gmail.com,(685) 280-7921,inventory_clerk,2021-12-09,26.56,active
EMP0240,STR0827,Nora,Wright,nora.wright240@icloud.com,(412) 631-6150,pizza_chef,2024-03-24,20.22,active
EMP0241,STR0267,Sophia,Allen,sophia.allen241@outlook.com,(581) 813-1914,delivery_driver,2024-06-30,21.71,active
EMP0242,STR0667,Liam,Hill,liam.hill242@example.com,(508) 339-5894,store_manager,2025-05-11,31.43,active
EMP0243,STR0943,Mason,Brown,mason.brown243@icloud.com,(584) 898-5488,inventory_clerk,2021-04-16,29.23,terminated
EMP0244,STR0421,Jacob,Ramirez,jacob.ramirez244@gmail.com,(534) 646-5294,pizza_chef,2023-07-31,12.29,active
EMP0245,STR0502,Emily,Ramirez,emily.ramirez245@icloud.com,(548) 750-1478,store_manager,2022-01-31,21.01,active
EMP0246,STR0197,David,Lee,david.lee246@example.com,(823) 229-7965,pizza_chef,2020-06-23,16.85,active
EMP0247,STR0803,Evelyn,Sanchez,evelyn.sanchez247@yahoo.com,(848) 388-7860,shift_lead,2022-04-11,26.01,active
EMP0248,STR0343,Sophia,Sanchez,sophia.sanchez248@example.com,(822) 555-4750,cashier,2025-02-04,12.18,on_leave
EMP0249,STR0180,Mia,Lopez,mia.lopez249@yahoo.com,(501) 385-8404,delivery_driver,2019-05-01,31.29,on_leave
EMP0250,STR0411,Penelope,Walker,penelope.walker250@yahoo.com,(982) 523-2103,delivery_driver,2021-06-26,12.55,active
EMP0251,STR0095,Mason,Moore,mason.moore251@outlook.com,(715) 457-9739,store_manager,2019-02-14,24.79,active
EMP0252,STR0111,Ava,Wright,ava.wright252@icloud.com,(802) 728-7489,delivery_driver,2018-03-03,26.22,terminated
EMP0253,STR0178,Isabella,Gonzalez,isabella.gonzalez253@example.com,(809) 566-8275,cashier,2018-11-21,30.62,active
EMP0254,STR0812,Chloe,Rodriguez,chloe.rodriguez254@outlook.com,(368) 853-7963,cashier,2022-08-01,14.95,active
EMP0255,STR0542,Mia,Brown,mia.brown255@outlook.com,(434) 953-8843,shift_lead,2020-04-15,16.56,active
EMP0256,STR0888,Penelope,Nguyen,penelope.nguyen256@example.com,(249) 672-6740,inventory_clerk,2022-04-30,15.38,active
EMP0257,STR0131,Lily,Lopez,lily.lopez257@gmail.com,(887) 770-4810,store_manager,2021-06-22,18.49,active
EMP0258,STR0033,Michael,Moore,michael.moore258@icloud.com,(460) 512-7019,shift_lead,2018-07-13,25.04,active
EMP0259,STR0866,Levi,Martinez,levi.martinez259@gmail.com,(314) 343-4171,pizza_chef,2020-03-17,30.69,on_leave
EMP0260,STR0784,Abigail,Wright,abigail.wright260@icloud.com,(898) 835-2390,delivery_driver,2024-11-23,20.77,on_leave
EMP0261,STR0681,Nova,Wilson,nova.wilson261@outlook.com,(860) 856-3725,delivery_driver,2020-09-21,15.39,active
EMP0262,STR0702,Jack,Wright,jack.wright262@yahoo.com,(274) 686-6793,inventory_clerk,2022-04-04,12.25,terminated
EMP0263,STR0803,Noah,Jones,noah.jones263@icloud.com,(452) 242-5176,shift_lead,2024-10-21,26.30,active
EMP0264,STR0812,Olivia,Harris,olivia.harris264@yahoo.com,(532) 936-9934,store_manager,2024-10-29,28.59,active
EMP0265,STR0869,Owen,Anderson,owen.anderson265@yahoo.com,(512) 212-1585,inventory_clerk,2021-09-17,27.76,active
EMP0266,STR0452,Lily,Jones,lily.jones266@icloud.com,(717) 493-9424,cashier,2022-06-12,28.85,active
EMP0267,STR0261,Mason,Moore,mason.moore267@outlook.com,(467) 468-8004,cashier,2020-11-06,28.52,active
EMP0268,STR0487,Aria,White,aria.white268@example.com,(834) 422-8378,inventory_clerk,2018-09-28,27.69,active
EMP0269,STR0660,Ava,Lee,ava.lee269@example.com,(326) 350-9792,delivery_driver,2020-09-13,31.21,terminated
EMP0270,STR0753,Aurora,Taylor,aurora.taylor270@icloud.com,(837) 781-7972,store_manager,2024-01-17,22.55,active
EMP0271,STR0314,Nova,Hill,nova.hill271@outlook.com,(692) 792-3176,delivery_driver,2018-09-07,14.09,on_leave
EMP0272,STR0386,Matthew,Rodriguez,matthew.rodriguez272@yahoo.com,(237) 291-9854,inventory_clerk,2020-11-05,31.27,active
EMP0273,STR0927,Mason,Moore,mason.moore273@yahoo.com,(770) 864-4709,store_manager,2019-06-26,20.99,terminated
EMP0274,STR0812,James,Thomas,james.thomas274@gmail.com,(354) 315-9191,cashier,2024-05-15,19.84,active
EMP0275,STR0530,Riley,Wilson,riley.wilson275@example.com,(250) 928-4474,pizza_chef,2019-12-08,14.91,active
EMP0276,STR0236,Elijah,Smith,elijah.smith276@yahoo.com,(202) 216-2032,inventory_clerk,2020-01-29,22.44,on_leave
EMP0277,STR0047,Jacob,Harris,jacob.harris277@gmail.com,(720) 846-8878,inventory_clerk,2019-04-15,19.72,active
EMP0278,STR0194,Jack,Garcia,jack.garcia278@outlook.com,(592) 295-5731,cashier,2021-04-25,30.35,active
EMP0279,STR0666,Jack,Jackson,jack.jackson279@yahoo.com,(856) 287-9361,cashier,2021-07-31,27.72,active
EMP0280,STR0142,Grace,Scott,grace.scott280@yahoo.com,(522) 516-7695,store_manager,2025-03-12,18.33,active
EMP0281,STR0751,Olivia,Smith,olivia.smith281@gmail.com,(668) 969-7623,pizza_chef,2020-03-24,12.07,active
EMP0282,STR0449,Alexander,Nguyen,alexander.nguyen282@gmail.com,(539) 220-1754,delivery_driver,2022-04-03,20.66,on_leave
EMP0283,STR0076,Jacob,Moore,jacob.moore283@gmail.com,(862) 602-7077,shift_lead,2019-01-12,29.35,active
EMP0284,STR0002,Joseph,Anderson,joseph.anderson284@icloud.com,(754) 531-2647,delivery_driver,2021-03-01,24.28,terminated
EMP0285,STR0043,Benjamin,Flores,benjamin.flores285@example.com,(829) 215-7017,store_manager,2023-04-07,27.20,on_leave
EMP0286,STR0302,Grace,Scott,grace.scott286@example.com,(344) 586-9753,inventory_clerk,2020-04-08,23.35,terminated
EMP0287,STR0622,Daniel,Hernandez,daniel.hernandez287@icloud.com,(215) 740-4835,store_manager,2022-05-10,20.67,terminated
EMP0288,STR0484,Sebastian,Torres,sebastian.torres288@example.com,(898) 876-8951,store_manager,2019-04-30,13.45,active
EMP0289,STR0185,Michael,Nguyen,michael.nguyen289@outlook.com,(664) 279-8446,delivery_driver,2022-10-23,12.47,terminated
EMP0290,STR0966,James,Rodriguez,james.rodriguez290@gmail.com,(335) 641-6873,delivery_driver,2018-04-02,28.99,terminated
EMP0291,STR0390,Riley,Scott,riley.scott291@gmail.com,(509) 280-1095,store_manager,2020-02-05,19.37,active
EMP0292,STR0344,Emma,Robinson,emma.robinson292@example.com,(521) 320-8545,delivery_driver,2022-01-19,21.14,active
EMP0293,STR0304,Aurora,Rodriguez,aurora.rodriguez293@icloud.com,(816) 389-2222,cashier,2023-06-23,22.84,terminated
EMP0294,STR0624,Lucas,Moore,lucas.moore294@example.com,(612) 341-8139,shift_lead,2019-01-12,15.54,active
EMP0295,STR0525,Nora,Walker,nora.walker295@example.com,(276) 660-1874,inventory_clerk,2021-10-01,29.63,active
EMP0296,STR0939,Layla,White,layla.white296@yahoo.com,(307) 766-6678,inventory_clerk,2020-12-27,17.87,on_leave
EMP0297,STR0799,Olivia,Lee,olivia.lee297@example.com,(329) 202-3318,pizza_chef,2022-11-18,28.89,active
EMP0298,STR0019,Jackson,Smith,jackson.smith298@gmail.com,(264) 847-7542,pizza_chef,2024-06-11,30.51,active
EMP0299,STR0471,Grace,Moore,grace.moore299@yahoo.com,(416) 339-5562,delivery_driver,2018-08-05,31.84,terminated
EMP0300,STR0336,Mia,Scott,mia.scott300@outlook.com,(205) 259-2457,delivery_driver,2024-11-07,22.40,terminated
EMP0301,STR0735,Mason,Hernandez,mason.hernandez301@icloud.com,(446) 292-3232,delivery_driver,2020-12-08,13.45,terminated
EMP0302,STR0494,David,White,david.white302@gmail.com,(260) 559-1966,cashier,2018-01-26,14.32,active
EMP0303,STR0865,Ava,Flores,ava.flores303@icloud.com,(311) 872-2411,shift_lead,2019-12-31,15.72,active
EMP0304,STR0233,Levi,Williams,levi.williams304@icloud.com,(254) 783-3230,pizza_chef,2022-01-25,12.88,on_leave
EMP0305,STR0322,Emma,Ramirez,emma.ramirez305@gmail.com,(204) 695-5201,inventory_clerk,2024-08-28,28.60,active
EMP0306,STR0576,Lily,Torres,lily.torres306@outlook.com,(915) 500-4719,inventory_clerk,2021-07-03,14.82,terminated
EMP0307,STR0608,Sebastian,Robinson,sebastian.robinson307@example.com,(786) 418-7752,shift_lead,2022-08-20,14.63,active
EMP0308,STR0424,Benjamin,Walker,benjamin.walker308@gmail.com,(839) 938-9432,pizza_chef,2019-04-19,31.55,active
EMP0309,STR0219,Henry,Wright,henry.wright309@gmail.com,(236) 464-6444,cashier,2018-12-05,15.07,terminated
EMP0310,STR0228,Aurora,Flores,aurora.flores310@yahoo.com,(270) 679-5862,pizza_chef,2022-07-10,31.42,active
EMP0311,STR0783,Chloe,Taylor,chloe.taylor311@yahoo.com,(545) 355-7892,store_manager,2023-11-17,13.21,active
EMP0312,STR0764,Aria,Ramirez,aria.ramirez312@icloud.com,(658) 398-9977,pizza_chef,2018-06-09,31.79,active
EMP0313,STR0200,Henry,Wright,henry.wright313@example.com,(510) 381-6208,pizza_chef,2023-08-24,19.65,active
EMP0314,STR0049,Daniel,Rodriguez,daniel.rodriguez314@outlook.com,(542) 254-8299,delivery_driver,2024-01-22,30.54,active
EMP0315,STR0635,Daniel,White,daniel.white315@outlook.com,(560) 281-6967,delivery_driver,2023-01-14,15.19,terminated
EMP0316,STR0035,Mason,Smith,mason.smith316@example.com,(541) 984-6317,cashier,2024-08-30,12.85,active
EMP0317,STR0615,Layla,Johnson,layla.johnson317@gmail.com,(439) 302-2365,cashier,2025-06-21,21.25,terminated
EMP0318,STR0704,Scarlett,Miller,scarlett.miller318@gmail.com,(345) 536-5832,inventory_clerk,2024-09-27,30.85,on_leave
EMP0319,STR0650,Noah,Lopez,noah.lopez319@gmail.com,(615) 934-7077,pizza_chef,2019-11-20,18.30,active
EMP0320,STR0182,Penelope,Garcia,penelope.garcia320@gmail.com,(284) 882-3215,pizza_chef,2025-08-27,20.75,active
EMP0321,STR0011,Riley,Thompson,riley.thompson321@yahoo.com,(627) 977-1831,cashier,2018-09-01,18.39,active
EMP0322,STR0990,Ethan,Lopez,ethan.lopez322@example.com,(465) 650-6567,cashier,2021-11-22,20.76,active
EMP0323,STR0722,Jackson,Miller,jackson.miller323@yahoo.com,(332) 674-1811,shift_lead,2022-12-20,26.17,terminated
EMP0324,STR0029,Matthew,White,matthew.white324@yahoo.com,(882) 969-2077,cashier,2025-03-22,12.19,on_leave
EMP0325,STR0994,Abigail,Flores,abigail.flores325@outlook.com,(991) 938-1199,pizza_chef,2020-06-04,25.80,terminated
EMP0326,STR0357,Elijah,Smith,elijah.smith326@yahoo.com,(232) 419-8019,cashier,2021-02-10,22.13,active
EMP0327,STR0308,Emma,Jones,emma.jones327@example.com,(296) 426-6518,store_manager,2024-02-02,24.33,active
EMP0328,STR0779,Aria,Thompson,aria.thompson328@yahoo.com,(582) 902-6578,pizza_chef,2021-11-18,12.91,on_leave
EMP0329,STR0418,Emma,Williams,emma.williams329@icloud.com,(783) 791-1213,inventory_clerk,2018-08-31,12.38,terminated
EMP0330,STR0076,Jacob,Scott,jacob.scott330@example.com,(596) 934-8196,delivery_driver,2018-08-29,17.26,active
EMP0331,STR0712,Zoey,Allen,zoey.allen331@yahoo.com,(933) 423-4175,store_manager,2020-12-29,28.97,active
EMP0332,STR0022,Aiden,White,aiden.white332@gmail.com,(602) 702-8511,delivery_driver,2020-07-10,27.18,active
EMP0333,STR0224,Alexander,Lee,alexander.lee333@yahoo.com,(848) 556-1181,cashier,2018-02-02,21.86,on_leave
EMP0334,STR0921,Emily,Taylor,emily.taylor334@icloud.com,(388) 492-2732,delivery_driver,2019-06-17,22.74,active
EMP0335,STR0192,Aiden,Brown,aiden.brown335@example.com,(919) 997-3448,pizza_chef,2025-01-15,27.79,active
EMP0336,STR0016,Alexander,Miller,alexander.miller336@gmail.com,(785) 240-7910,inventory_clerk,2018-10-13,12.93,active
EMP0337,STR0936,Ava,Wright,ava.wright337@icloud.com,(722) 459-4980,cashier,2024-03-26,15.03,active
EMP0338,STR0455,Oliver,Harris,oliver.harris338@yahoo.com,(339) 831-1106,shift_lead,2022-05-28,29.93,active
EMP0339,STR0570,Logan,Perez,logan.perez339@example.com,(661) 531-4048,cashier,2024-04-23,15.42,terminated
EMP0340,STR0172,David,Ramirez,david.ramirez340@icloud.com,(247) 436-4936,delivery_driver,2021-06-30,25.42,active
EMP0341,STR0379,Ava,Martinez,ava.martinez341@outlook.com,(733) 391-2273,shift_lead,2023-02-18,21.24,on_leave
EMP0342,STR0002,Liam,Hill,liam.hill342@icloud.com,(317) 293-6640,pizza_chef,2019-06-01,16.51,terminated
EMP0343,STR0442,Ava,Lopez,ava.lopez343@yahoo.com,(301) 862-3800,cashier,2020-02-14,19.05,terminated
EMP0344,STR0932,Elijah,King,elijah.king344@icloud.com,(940) 204-6997,store_manager,2024-06-04,13.89,active
EMP0345,STR0448,David,Davis,david.davis345@yahoo.com,(748) 580-6444,store_manager,2023-08-23,23.01,terminated
EMP0346,STR0707,Emily,Torres,emily.torres346@icloud.com,(371) 920-2543,delivery_driver,2023-03-15,23.12,active
EMP0347,STR0940,Joseph,Brown,joseph.brown347@yahoo.com,(690) 747-4538,cashier,2021-10-23,22.95,on_leave
EMP0348,STR0931,Nora,Martinez,nora.martinez348@example.com,(691) 376-9340,shift_lead,2023-09-14,18.63,active
EMP0349,STR0142,Noah,Miller,noah.miller349@yahoo.com,(939) 972-8811,pizza_chef,2023-10-06,12.02,active
EMP0350,STR0302,Jack,Wilson,jack.wilson350@example.com,(330) 840-4746,pizza_chef,2024-11-24,25.25,active
EMP0351,STR0285,Noah,Taylor,noah.taylor351@outlook.com,(698) 485-4463,inventory_clerk,2018-12-30,14.63,terminated
EMP0352,STR0432,Levi,Davis,levi.davis352@outlook.com,(791) 816-4215,inventory_clerk,2018-09-28,12.20,active
EMP0353,STR0037,Levi,Smith,levi.smith353@yahoo.com,(251) 483-3445,pizza_chef,2019-06-07,29.05,active
EMP0354,STR0368,Joseph,Lewis,joseph.lewis354@yahoo.com,(912) 305-4992,shift_lead,2023-08-02,26.36,active
EMP0355,STR0096,David,Rodriguez,david.rodriguez355@icloud.com,(543) 248-7670,shift_lead,2023-08-24,19.92,active
EMP0356,STR0733,Matthew,Brown,matthew.brown356@example.com,(436) 650-8486,delivery_driver,2021-11-11,19.12,terminated
EMP0357,STR0230,Sophia,Flores,sophia.flores357@yahoo.com,(986) 272-1375,inventory_clerk,2024-01-10,15.24,terminated
EMP0358,STR0905,Oliver,Clark,oliver.clark358@gmail.com,(680) 505-7195,store_manager,2025-08-28,12.82,active
EMP0359,STR0123,Aiden,King,aiden.king359@gmail.com,(469) 453-9867,shift_lead,2020-06-12,13.34,on_leave
EMP0360,STR0582,Daniel,Hernandez,daniel.hernandez360@gmail.com,(407) 321-7877,delivery_driver,2019-09-10,12.28,active
EMP0361,STR0907,Michael,Sanchez,michael.sanchez361@outlook.com,(627) 602-8544,cashier,2024-04-01,19.66,on_leave
EMP0362,STR0525,Lucas,Garcia,lucas.garcia362@icloud.com,(570) 570-1990,shift_lead,2024-05-25,23.62,active
EMP0363,STR0989,Henry,Williams,henry.williams363@icloud.com,(600) 401-6016,store_manager,2022-12-12,27.40,active
EMP0364,STR0009,Riley,Clark,riley.clark364@outlook.com,(862) 819-7175,pizza_chef,2021-11-09,21.07,active
EMP0365,STR0445,Mia,Harris,mia.harris365@gmail.com,(290) 502-3406,shift_lead,2019-07-06,16.33,on_leave
EMP0366,STR0964,Aurora,Rodriguez,aurora.rodriguez366@example.com,(912) 528-5367,inventory_clerk,2021-11-08,15.03,terminated
EMP0367,STR0753,Lily,Williams,lily.williams367@icloud.com,(808) 903-2607,inventory_clerk,2023-12-27,24.46,on_leave
EMP0368,STR0930,Lucas,Thomas,lucas.thomas368@gmail.com,(873) 815-7230,shift_lead,2021-06-28,16.41,terminated
EMP0369,STR0738,Alexander,Thomas,alexander.thomas369@outlook.com,(671) 391-6990,inventory_clerk,2019-07-03,13.15,terminated
EMP0370,STR0267,James,Anderson,james.anderson370@yahoo.com,(235) 906-4946,cashier,2020-10-02,13.57,active
EMP0371,STR0416,Aurora,King,aurora.king371@gmail.com,(582) 936-5375,shift_lead,2023-08-08,29.27,on_leave
EMP0372,STR0276,Penelope,Torres,penelope.torres372@icloud.com,(538) 664-7576,store_manager,2025-07-28,26.24,active
EMP0373,STR0370,Layla,Perez,layla.perez373@yahoo.com,(647) 579-8736,shift_lead,2020-03-27,19.86,terminated
EMP0374,STR0986,David,Allen,david.allen374@gmail.com,(641) 413-5593,pizza_chef,2022-04-15,13.58,active
EMP0375,STR0549,Abigail,White,abigail.white375@gmail.com,(786) 540-6019,store_manager,2018-04-01,13.75,active
EMP0376,STR0147,Mason,Sanchez,mason.sanchez376@outlook.com,(580) 789-7247,delivery_driver,2024-09-06,18.04,on_leave
EMP0377,STR0014,Mason,Davis,mason.davis377@icloud.com,(482) 339-4925,shift_lead,2020-09-08,27.54,terminated
EMP0378,STR0395,Elijah,Moore,elijah.moore378@gmail.com,(492) 253-5338,inventory_clerk,2020-01-14,22.89,active
EMP0379,STR0837,James,Hernandez,james.hernandez379@gmail.com,(508) 995-6189,shift_lead,2022-08-29,16.27,active
EMP0380,STR0226,Chloe,Torres,chloe.torres380@icloud.com,(431) 306-1296,cashier,2022-08-18,22.68,active
EMP0381,STR0942,Jackson,King,jackson.king381@yahoo.com,(345) 323-2300,shift_lead,2021-12-30,26.60,on_leave
EMP0382,STR0326,Oliver,Scott,oliver.scott382@yahoo.com,(414) 571-5577,inventory_clerk,2021-02-24,29.93,on_leave
EMP0383,STR0274,Lily,Robinson,lily.robinson383@icloud.com,(249) 315-9146,pizza_chef,2020-11-29,24.86,active
EMP0384,STR0421,Samuel,Johnson,samuel.johnson384@outlook.com,(959) 351-4646,delivery_driver,2023-12-07,21.26,active
EMP0385,STR0699,Riley,Ramirez,riley.ramirez385@outlook.com,(616) 392-4194,delivery_driver,2022-06-28,12.07,active
EMP0386,STR0718,Noah,Williams,noah.williams386@outlook.com,(356) 649-9798,cashier,2025-01-21,12.49,active
EMP0387,STR0047,Emily,King,emily.king387@gmail.com,(225) 355-8927,inventory_clerk,2025-05-20,15.56,active
EMP0388,STR0328,Emma,Martin,emma.martin388@icloud.com,(878) 399-2964,delivery_driver,2020-02-03,12.53,active
EMP0389,STR0788,Harper,Torres,harper.torres389@yahoo.com,(981) 607-9668,inventory_clerk,2019-05-21,25.88,on_leave
EMP0390,STR0125,Mia,Williams,mia.williams390@yahoo.com,(587) 837-6666,shift_lead,2020-03-23,26.18,terminated
EMP0391,STR0929,David,Sanchez,david.sanchez391@gmail.com,(815) 860-4055,store_manager,2019-12-22,26.53,on_leave
EMP0392,STR0737,James,Thompson,james.thompson392@outlook.com,(830) 560-4493,pizza_chef,2019-06-08,14.97,active
EMP0393,STR0717,Hazel,Lewis,hazel.lewis393@example.com,(394) 734-3855,cashier,2020-07-18,17.75,on_leave
EMP0394,STR0231,Penelope,Anderson,penelope.anderson394@yahoo.com,(432) 633-7993,cashier,2021-12-21,22.15,active
EMP0395,STR0930,Zoey,Sanchez,zoey.sanchez395@gmail.com,(764) 670-1746,store_manager,2019-01-11,15.75,terminated
EMP0396,STR0827,Jackson,Davis,jackson.davis396@yahoo.com,(404) 590-1632,cashier,2023-09-03,12.28,active
EMP0397,STR0363,Lucas,Sanchez,lucas.sanchez397@example.com,(427) 771-3996,inventory_clerk,2019-02-13,13.79,on_leave
EMP0398,STR0547,Aurora,Ramirez,aurora.ramirez398@outlook.com,(998) 612-8839,pizza_chef,2020-12-09,18.49,active
EMP0399,STR0994,Isabella,Martinez,isabella.martinez399@yahoo.com,(907) 356-3320,pizza_chef,2020-05-09,30.39,terminated
EMP0400,STR0300,Liam,Miller,liam.miller400@outlook.com,(357) 554-3527,inventory_clerk,2024-10-24,28.31,active
EMP0401,STR0059,Mason,Thompson,mason.thompson401@icloud.com,(387) 832-6530,pizza_chef,2022-07-17,19.43,active
EMP0402,STR0810,Scarlett,Thomas,scarlett.thomas402@icloud.com,(450) 268-2879,store_manager,2025-02-15,13.11,on_leave
EMP0403,STR0108,Matthew,Young,matthew.young403@yahoo.com,(206) 697-6165,pizza_chef,2021-02-03,29.14,active
EMP0404,STR0576,David,Davis,david.davis404@outlook.com,(352) 213-2175,pizza_chef,2025-04-29,27.50,active
EMP0405,STR0804,Daniel,Brown,daniel.brown405@outlook.com,(879) 608-4755,store_manager,2023-09-15,28.56,on_leave
EMP0406,STR0065,Aurora,White,aurora.white406@outlook.com,(948) 483-8801,cashier,2022-05-01,19.23,active
EMP0407,STR0960,Riley,Jones,riley.jones407@gmail.com,(577) 288-8014,inventory_clerk,2019-12-15,17.35,active
EMP0408,STR0439,Riley,Perez,riley.perez408@outlook.com,(217) 783-2496,store_manager,2021-09-13,26.42,terminated
EMP0409,STR0462,Ethan,Nguyen,ethan.nguyen409@example.com,(708) 566-4028,cashier,2021-08-07,21.54,active
EMP0410,STR0173,Isabella,Johnson,isabella.johnson410@icloud.com,(362) 882-1244,cashier,2020-11-04,24.45,on_leave
EMP0411,STR0092,Sophia,Rodriguez,sophia.rodriguez411@yahoo.com,(514) 275-4306,store_manager,2025-06-03,16.87,on_leave
EMP0412,STR0545,Owen,Sanchez,owen.sanchez412@example.com,(862) 664-7651,cashier,2023-03-11,23.33,terminated
EMP0413,STR0169,Zoey,Wilson,zoey.wilson413@icloud.com,(702) 695-4790,cashier,2018-10-31,27.96,active
EMP0414,STR0399,Isabella,Lewis,isabella.lewis414@gmail.com,(671) 547-9690,store_manager,2025-04-24,24.43,terminated
EMP0415,STR0861,Grace,Thompson,grace.thompson415@yahoo.com,(846) 901-6058,pizza_chef,2020-08-29,14.31,active
EMP0416,STR0317,Hazel,Harris,hazel.harris416@yahoo.com,(231) 724-6486,pizza_chef,2021-09-08,16.66,active
EMP0417,STR0601,Olivia,Hernandez,olivia.hernandez417@gmail.com,(560) 224-6719,delivery_driver,2019-05-11,28.15,active
EMP0418,STR0468,Abigail,Torres,abigail.torres418@outlook.com,(691) 207-1818,cashier,2025-03-06,14.81,terminated
EMP0419,STR0317,Logan,Sanchez,logan.sanchez419@example.com,(881) 980-8131,delivery_driver,2021-06-08,20.02,terminated
EMP0420,STR0946,Chloe,Nguyen,chloe.nguyen420@outlook.com,(291) 629-4298,delivery_driver,2023-01-18,29.81,on_leave
EMP0421,STR0879,Penelope,Williams,penelope.williams421@outlook.com,(233) 223-7663,pizza_chef,2020-11-18,19.06,active
EMP0422,STR0603,Zoey,Gonzalez,zoey.gonzalez422@icloud.com,(478) 778-7989,store_manager,2018-06-04,15.73,on_leave
EMP0423,STR0904,Chloe,Garcia,chloe.garcia423@example.com,(865) 566-3250,store_manager,2019-03-27,25.92,active
EMP0424,STR0712,Emily,Wilson,emily.wilson424@outlook.com,(807) 677-1130,pizza_chef,2018-07-22,19.36,active
EMP0425,STR0474,Mia,King,mia.king425@icloud.com,(890) 411-7988,shift_lead,2019-10-22,16.70,active
EMP0426,STR0939,Emily,Flores,emily.flores426@example.com,(835) 773-6495,store_manager,2021-04-02,19.87,active
EMP0427,STR0306,Grace,Ramirez,grace.ramirez427@outlook.com,(971) 468-5786,inventory_clerk,2020-10-12,16.43,active
EMP0428,STR0125,Emma,Martin,emma.martin428@icloud.com,(783) 817-5007,store_manager,2024-11-11,16.85,active
EMP0429,STR0292,Benjamin,Nguyen,benjamin.nguyen429@yahoo.com,(788) 476-7716,shift_lead,2023-01-21,12.34,terminated
EMP0430,STR0049,Mia,Martinez,mia.martinez430@example.com,(536) 712-7883,pizza_chef,2020-07-08,24.11,on_leave
EMP0431,STR0686,Layla,Wilson,layla.wilson431@example.com,(857) 989-9558,store_manager,2024-06-15,29.16,active
EMP0432,STR0107,Sophia,Thomas,sophia.thomas432@gmail.com,(978) 784-8299,pizza_chef,2019-10-08,13.22,active
EMP0433,STR0491,Elijah,Walker,elijah.walker433@outlook.com,(508) 731-6697,pizza_chef,2018-06-27,17.74,on_leave
EMP0434,STR0820,Michael,Perez,michael.perez434@example.com,(335) 996-3058,cashier,2023-04-20,16.89,active
EMP0435,STR0444,Henry,Moore,henry.moore435@outlook.com,(590) 265-3431,inventory_clerk,2024-05-10,24.22,terminated
EMP0436,STR0919,Noah,Johnson,noah.johnson436@outlook.com,(309) 339-2880,pizza_chef,2019-08-03,26.68,on_leave
EMP0437,STR0542,Alexander,Sanchez,alexander.sanchez437@example.com,(601) 394-6419,store_manager,2021-12-30,18.75,on_leave
EMP0438,STR0995,Ava,Scott,ava.scott438@gmail.com,(787) 824-4578,cashier,2022-10-29,17.22,active
EMP0439,STR0266,Jack,Martin,jack.martin439@outlook.com,(606) 597-4625,cashier,2020-02-14,13.45,terminated
EMP0440,STR0907,Jack,White,jack.white440@yahoo.com,(503) 387-4121,delivery_driver,2018-07-16,15.15,active
EMP0441,STR0318,Olivia,Thomas,olivia.thomas441@icloud.com,(499) 387-5343,delivery_driver,2020-03-09,16.16,active
EMP0442,STR0680,Liam,Martin,liam.martin442@icloud.com,(931) 793-7810,store_manager,2020-08-08,26.83,on_leave
EMP0443,STR0566,Aria,Johnson,aria.johnson443@outlook.com,(927) 924-3307,store_manager,2018-05-14,29.21,on_leave
EMP0444,STR0157,Nova,Nguyen,nova.nguyen444@gmail.com,(862) 878-8983,delivery_driver,2018-07-25,29.79,active
EMP0445,STR0039,Logan,Taylor,logan.taylor445@outlook.com,(412) 526-1957,pizza_chef,2020-02-11,16.57,active
EMP0446,STR0835,Noah,Hernandez,noah.hernandez446@example.com,(824) 487-7916,delivery_driver,2019-10-26,18.77,on_leave
EMP0447,STR0204,Nova,Perez,nova.perez447@yahoo.com,(336) 732-3511,store_manager,2019-10-16,27.86,active
EMP0448,STR0339,Isabella,Johnson,isabella.johnson448@icloud.com,(787) 310-4531,pizza_chef,2019-07-05,29.56,active
EMP0449,STR0260,Liam,Anderson,liam.anderson449@icloud.com,(679) 651-2109,inventory_clerk,2020-03-19,25.85,on_leave
EMP0450,STR0449,Logan,White,logan.white450@icloud.com,(345) 994-8837,store_manager,2018-02-13,24.20,active
EMP0451,STR0285,James,Brown,james.brown451@outlook.com,(415) 257-2281,pizza_chef,2019-12-12,30.20,terminated
EMP0452,STR0175,Jack,Taylor,jack.taylor452@yahoo.com,(229) 421-5437,inventory_clerk,2023-06-21,30.36,active
EMP0453,STR0304,Olivia,Rodriguez,olivia.rodriguez453@icloud.com,(269) 795-1268,cashier,2024-01-22,21.08,active
EMP0454,STR0054,Mia,Rodriguez,mia.rodriguez454@outlook.com,(259) 649-7776,shift_lead,2021-04-13,25.21,terminated
EMP0455,STR0658,Logan,Miller,logan.miller455@icloud.com,(528) 466-7781,cashier,2023-05-05,24.45,terminated
EMP0456,STR0396,Mason,Taylor,mason.taylor456@outlook.com,(855) 754-4725,store_manager,2018-07-24,29.45,on_leave
EMP0457,STR0152,Lucas,Walker,lucas.walker457@outlook.com,(717) 265-3947,pizza_chef,2025-01-20,18.33,active
EMP0458,STR0404,Aiden,Perez,aiden.perez458@example.com,(488) 929-5173,store_manager,2022-04-28,26.49,active
EMP0459,STR0643,James,Young,james.young459@yahoo.com,(662) 787-2250,pizza_chef,2020-10-17,13.99,active
EMP0460,STR0544,Oliver,Brown,oliver.brown460@icloud.com,(725) 242-4861,inventory_clerk,2019-05-04,18.93,terminated
EMP0461,STR0686,Grace,Flores,grace.flores461@gmail.com,(665) 250-8941,shift_lead,2018-07-24,25.87,active
EMP0462,STR0107,Nora,Martinez,nora.martinez462@example.com,(834) 832-5125,inventory_clerk,2021-12-14,19.10,terminated
EMP0463,STR0105,Emily,Davis,emily.davis463@yahoo.com,(379) 345-9064,delivery_driver,2023-07-17,26.97,active
EMP0464,STR0187,Harper,Scott,harper.scott464@yahoo.com,(221) 569-5739,pizza_chef,2023-02-05,14.89,on_leave
EMP0465,STR0329,Mason,Harris,mason.harris465@outlook.com,(805) 861-7266,pizza_chef,2025-08-13,30.18,active
EMP0466,STR0208,Penelope,Wright,penelope.wright466@outlook.com,(501) 509-8255,cashier,2020-03-11,18.09,terminated
EMP0467,STR0595,Jackson,Allen,jackson.allen467@outlook.com,(212) 477-8612,cashier,2024-09-20,28.09,active
EMP0468,STR0387,Michael,Flores,michael.flores468@example.com,(900) 557-2169,store_manager,2025-08-30,27.32,active
EMP0469,STR0264,Amelia,Lewis,amelia.lewis469@example.com,(918) 386-7508,delivery_driver,2023-07-29,24.69,active
EMP0470,STR0425,Mia,Hill,mia.hill470@yahoo.com,(474) 389-8411,delivery_driver,2021-07-20,21.48,active
EMP0471,STR0158,Mia,Thompson,mia.thompson471@gmail.com,(628) 282-7543,shift_lead,2024-05-12,22.85,active
EMP0472,STR0670,Nora,Rodriguez,nora.rodriguez472@outlook.com,(786) 942-3583,pizza_chef,2018-04-24,23.85,active
EMP0473,STR0224,Emma,Lee,emma.lee473@gmail.com,(355) 805-6205,shift_lead,2022-08-09,27.15,terminated
EMP0474,STR0251,Daniel,Anderson,daniel.anderson474@icloud.com,(884) 937-3525,inventory_clerk,2022-11-21,20.17,terminated
EMP0475,STR0783,Layla,Jackson,layla.jackson475@yahoo.com,(243) 641-7176,cashier,2025-06-13,18.70,active
EMP0476,STR0662,Owen,Allen,owen.allen476@example.com,(547) 299-4187,pizza_chef,2018-04-21,26.48,active
EMP0477,STR0045,Samuel,Wright,samuel.wright477@outlook.com,(787) 747-4677,inventory_clerk,2018-06-15,29.11,active
EMP0478,STR0871,Samuel,Garcia,samuel.garcia478@yahoo.com,(296) 377-2249,shift_lead,2019-12-26,26.98,terminated
EMP0479,STR0552,Aurora,Davis,aurora.davis479@yahoo.com,(645) 756-7834,store_manager,2022-03-06,21.99,on_leave
EMP0480,STR0782,Henry,Smith,henry.smith480@example.com,(312) 743-6352,shift_lead,2019-03-02,23.13,active
EMP0481,STR0769,Scarlett,Martin,scarlett.martin481@yahoo.com,(889) 200-1697,delivery_driver,2021-06-05,15.55,terminated
EMP0482,STR0538,Jackson,Lewis,jackson.lewis482@icloud.com,(450) 521-9532,shift_lead,2025-02-27,27.52,on_leave
EMP0483,STR0969,Hazel,Sanchez,hazel.sanchez483@icloud.com,(966) 518-2945,store_manager,2021-02-28,20.71,active
EMP0484,STR0185,Ethan,Jackson,ethan.jackson484@gmail.com,(825) 344-8145,pizza_chef,2025-05-21,15.58,active
EMP0485,STR0707,Mason,Johnson,mason.johnson485@gmail.com,(246) 491-3672,store_manager,2021-06-05,17.06,active
EMP0486,STR0961,Elijah,Jackson,elijah.jackson486@example.com,(781) 991-2833,cashier,2023-06-13,21.42,terminated
EMP0487,STR0603,Chloe,Martinez,chloe.martinez487@example.com,(808) 827-5549,store_manager,2022-07-23,25.81,active
EMP0488,STR0716,Samuel,Hernandez,samuel.hernandez488@yahoo.com,(313) 953-1326,cashier,2023-10-06,16.39,on_leave
EMP0489,STR0756,Jacob,Clark,jacob.clark489@yahoo.com,(923) 202-2022,cashier,2018-03-27,18.96,active
EMP0490,STR0345,Levi,Hernandez,levi.hernandez490@yahoo.com,(757) 605-4089,cashier,2024-01-18,12.08,active
EMP0491,STR0251,Emily,Lopez,emily.lopez491@example.com,(440) 763-1031,shift_lead,2021-01-11,23.06,active
EMP0492,STR0676,Grace,Flores,grace.flores492@example.com,(985) 826-2023,cashier,2019-12-02,21.02,terminated
EMP0493,STR0843,Penelope,Ramirez,penelope.ramirez493@icloud.com,(974) 646-4998,pizza_chef,2019-11-03,15.55,terminated
EMP0494,STR0915,Ethan,Allen,ethan.allen494@icloud.com,(889) 408-4514,delivery_driver,2024-11-01,20.15,active
EMP0495,STR0117,Lily,Perez,lily.perez495@example.com,(968) 986-7594,pizza_chef,2025-02-13,19.95,active
EMP0496,STR0313,James,Ramirez,james.ramirez496@gmail.com,(200) 276-4110,pizza_chef,2024-03-11,25.28,active
EMP0497,STR0157,Amelia,Anderson,amelia.anderson497@gmail.com,(889) 753-9324,inventory_clerk,2024-10-29,31.42,active
EMP0498,STR0746,Mason,Robinson,mason.robinson498@gmail.com,(741) 688-6330,inventory_clerk,2024-09-23,30.76,active
EMP0499,STR0395,Daniel,Walker,daniel.walker499@gmail.com,(866) 244-7922,inventory_clerk,2023-07-13,26.47,terminated
EMP0500,STR0921,Mia,Smith,mia.smith500@example.com,(735) 302-5364,pizza_chef,2025-02-13,27.41,terminated
EMP0501,STR0456,Isabella,Robinson,isabella.robinson501@icloud.com,(319) 671-9243,inventory_clerk,2024-10-21,14.21,terminated
EMP0502,STR0659,Grace,Nguyen,grace.nguyen502@yahoo.com,(754) 909-5897,shift_lead,2023-12-25,25.21,active
EMP0503,STR0719,Levi,Johnson,levi.johnson503@icloud.com,(585) 577-7541,store_manager,2019-09-10,19.69,active
EMP0504,STR0850,Owen,Thompson,owen.thompson504@gmail.com,(341) 531-8343,pizza_chef,2024-06-12,18.16,terminated
EMP0505,STR0352,Aiden,Torres,aiden.torres505@outlook.com,(428) 816-5470,inventory_clerk,2019-10-28,20.70,active
EMP0506,STR0908,Nova,Lewis,nova.lewis506@yahoo.com,(793) 822-1368,delivery_driver,2021-05-05,17.36,on_leave
EMP0507,STR0434,Lucas,Flores,lucas.flores507@example.com,(511) 264-8174,store_manager,2022-08-15,24.37,on_leave
EMP0508,STR0567,Liam,Scott,liam.scott508@example.com,(668) 514-9159,shift_lead,2018-01-16,23.18,terminated
EMP0509,STR0283,Riley,Jackson,riley.jackson509@gmail.com,(721) 398-9258,shift_lead,2022-07-20,14.25,on_leave
EMP0510,STR0532,James,Jackson,james.jackson510@outlook.com,(411) 608-9788,store_manager,2023-02-21,14.14,on_leave
EMP0511,STR0029,Abigail,Nguyen,abigail.nguyen511@outlook.com,(496) 523-1161,store_manager,2023-12-27,15.33,terminated
EMP0512,STR0989,Daniel,Smith,daniel.smith512@yahoo.com,(321) 232-3687,delivery_driver,2021-08-31,14.79,on_leave
EMP0513,STR0297,Olivia,Sanchez,olivia.sanchez513@example.com,(816) 262-1296,store_manager,2022-06-28,15.58,terminated
EMP0514,STR0107,Evelyn,Thompson,evelyn.thompson514@yahoo.com,(200) 769-9841,store_manager,2023-11-01,23.11,active
EMP0515,STR0683,Alexander,Walker,alexander.walker515@example.com,(764) 442-8761,shift_lead,2021-06-03,28.67,active
EMP0516,STR0887,Jack,Thompson,jack.thompson516@yahoo.com,(214) 352-8324,shift_lead,2022-08-31,30.30,active
EMP0517,STR0696,Ava,Wilson,ava.wilson517@outlook.com,(937) 599-7607,cashier,2018-07-08,23.84,terminated
EMP0518,STR0934,Ella,Wilson,ella.wilson518@outlook.com,(596) 499-2590,store_manager,2018-03-12,17.22,terminated
EMP0519,STR0681,Amelia,Lewis,amelia.lewis519@outlook.com,(642) 659-1848,store_manager,2024-01-27,27.22,active
EMP0520,STR0484,Samuel,Davis,samuel.davis520@yahoo.com,(624) 858-1572,cashier,2023-12-15,14.26,active
EMP0521,STR0049,Jacob,White,jacob.white521@yahoo.com,(477) 502-5964,shift_lead,2019-05-19,14.63,terminated
EMP0522,STR0281,Olivia,Sanchez,olivia.sanchez522@outlook.com,(632) 772-7567,shift_lead,2023-06-06,15.30,active
EMP0523,STR0120,Scarlett,Martinez,scarlett.martinez523@outlook.com,(552) 825-8146,delivery_driver,2019-06-01,14.74,on_leave
EMP0524,STR0962,David,Lopez,david.lopez524@yahoo.com,(327) 823-1129,shift_lead,2020-01-25,16.72,active
EMP0525,STR0511,Chloe,Johnson,chloe.johnson525@outlook.com,(691) 598-5973,store_manager,2020-11-25,17.77,active
EMP0526,STR0616,Michael,Hill,michael.hill526@icloud.com,(534) 374-2579,pizza_chef,2020-07-01,22.69,active
EMP0527,STR0993,Ava,Young,ava.young527@yahoo.com,(494) 541-6696,pizza_chef,2018-12-02,14.03,terminated
EMP0528,STR0404,Noah,Smith,noah.smith528@yahoo.com,(874) 389-2497,cashier,2020-10-17,30.59,on_leave
EMP0529,STR0994,James,Martinez,james.martinez529@icloud.com,(706) 360-7973,shift_lead,2025-02-07,22.72,terminated
EMP0530,STR0355,Layla,Thomas,layla.thomas530@example.com,(528) 929-6263,store_manager,2024-12-04,18.49,active
EMP0531,STR0698,Aiden,Martin,aiden.martin531@outlook.com,(343) 929-6122,cashier,2019-11-29,20.12,terminated
EMP0532,STR0630,Emily,Young,emily.young532@gmail.com,(659) 268-1896,shift_lead,2022-02-17,30.32,terminated
EMP0533,STR0316,Hazel,Brown,hazel.brown533@example.com,(294) 464-8343,delivery_driver,2022-01-27,18.15,on_leave
EMP0534,STR0220,Harper,White,harper.white534@outlook.com,(990) 344-5875,delivery_driver,2025-02-28,29.48,active
EMP0535,STR0365,Elijah,Robinson,elijah.robinson535@example.com,(507) 919-8527,pizza_chef,2019-05-03,17.20,terminated
EMP0536,STR0237,Ethan,Williams,ethan.williams536@icloud.com,(722) 747-1496,pizza_chef,2021-09-27,15.90,terminated
EMP0537,STR0895,Ethan,Clark,ethan.clark537@gmail.com,(904) 405-4926,inventory_clerk,2018-12-07,22.42,terminated
EMP0538,STR0526,Mason,Ramirez,mason.ramirez538@icloud.com,(718) 747-3868,store_manager,2018-06-03,13.37,active
EMP0539,STR0202,Zoey,Wright,zoey.wright539@gmail.com,(492) 768-8123,pizza_chef,2023-05-01,18.32,active
EMP0540,STR0456,Emily,Lopez,emily.lopez540@outlook.com,(618) 534-4484,shift_lead,2019-05-16,26.58,on_leave
EMP0541,STR0525,Lily,Brown,lily.brown541@example.com,(309) 564-7960,inventory_clerk,2019-02-20,21.57,active
EMP0542,STR0090,Benjamin,Harris,benjamin.harris542@icloud.com,(653) 960-7207,pizza_chef,2023-07-27,23.85,on_leave
EMP0543,STR0230,Aiden,Jones,aiden.jones543@yahoo.com,(605) 339-5209,delivery_driver,2021-06-25,24.58,on_leave
EMP0544,STR0625,Evelyn,Perez,evelyn.perez544@example.com,(788) 799-1475,inventory_clerk,2018-08-04,12.74,active
EMP0545,STR0349,Aria,Hill,aria.hill545@icloud.com,(433) 791-1277,store_manager,2024-03-19,30.12,active
EMP0546,STR0554,Mia,Miller,mia.miller546@example.com,(619) 879-9553,shift_lead,2018-12-15,30.09,active
EMP0547,STR0284,Samuel,Jackson,samuel.jackson547@example.com,(995) 729-5874,store_manager,2022-05-16,27.02,terminated
EMP0548,STR0380,Layla,Robinson,layla.robinson548@icloud.com,(374) 774-7077,delivery_driver,2024-07-15,18.57,terminated
EMP0549,STR0969,Ella,King,ella.king549@example.com,(959) 313-1841,pizza_chef,2019-06-02,14.87,on_leave
EMP0550,STR0749,Levi,Nguyen,levi.nguyen550@example.com,(823) 876-2212,pizza_chef,2023-03-11,17.98,terminated
EMP0551,STR0921,Amelia,Hill,amelia.hill551@gmail.com,(673) 214-6376,store_manager,2023-01-25,22.58,active
EMP0552,STR0814,Alexander,Miller,alexander.miller552@yahoo.com,(635) 708-3619,store_manager,2020-12-25,31.90,terminated
EMP0553,STR0744,Sophia,Garcia,sophia.garcia553@yahoo.com,(853) 230-4439,store_manager,2020-01-17,22.06,on_leave
EMP0554,STR0592,Aria,Davis,aria.davis554@yahoo.com,(824) 703-9827,cashier,2018-12-02,17.50,active
EMP0555,STR0756,Riley,Smith,riley.smith555@example.com,(872) 937-3734,cashier,2018-04-03,20.91,terminated
EMP0556,STR0152,Noah,White,noah.white556@example.com,(635) 633-4403,pizza_chef,2021-07-16,28.46,active
EMP0557,STR0552,Oliver,Lee,oliver.lee557@gmail.com,(972) 939-8613,inventory_clerk,2023-08-29,12.24,active
EMP0558,STR0405,Amelia,Rodriguez,amelia.rodriguez558@gmail.com,(964) 962-2991,cashier,2025-07-20,23.51,terminated
EMP0559,STR0982,Oliver,Smith,oliver.smith559@example.com,(328) 787-8771,shift_lead,2020-10-15,14.69,active
EMP0560,STR0741,Ella,Davis,ella.davis560@icloud.com,(243) 787-1967,inventory_clerk,2020-09-23,22.62,terminated
EMP0561,STR0044,Sophia,Allen,sophia.allen561@outlook.com,(535) 262-3222,shift_lead,2019-05-19,16.24,on_leave
EMP0562,STR0928,Ethan,Sanchez,ethan.sanchez562@outlook.com,(913) 743-9129,pizza_chef,2018-10-13,19.58,on_leave
EMP0563,STR0223,Isabella,Lewis,isabella.lewis563@outlook.com,(721) 937-7569,store_manager,2018-11-20,16.91,active
EMP0564,STR0722,James,Flores,james.flores564@gmail.com,(841) 541-9921,shift_lead,2018-09-05,31.51,on_leave
EMP0565,STR0979,Oliver,White,oliver.white565@outlook.com,(661) 881-5035,cashier,2025-02-05,25.01,on_leave
EMP0566,STR0500,Scarlett,Thomas,scarlett.thomas566@example.com,(390) 565-6680,cashier,2024-07-23,14.03,active
EMP0567,STR0629,James,Sanchez,james.sanchez567@gmail.com,(875) 337-9324,pizza_chef,2025-08-12,21.43,active
EMP0568,STR0558,Logan,Johnson,logan.johnson568@example.com,(631) 984-7196,delivery_driver,2019-10-11,12.09,active
EMP0569,STR0085,Abigail,Lopez,abigail.lopez569@icloud.com,(461) 462-2125,inventory_clerk,2023-11-05,25.66,active
EMP0570,STR0714,Olivia,Miller,olivia.miller570@icloud.com,(531) 849-4354,shift_lead,2024-12-28,22.71,active
EMP0571,STR0999,Grace,Taylor,grace.taylor571@outlook.com,(327) 238-4095,inventory_clerk,2018-06-25,23.20,active
EMP0572,STR0009,Isabella,Young,isabella.young572@outlook.com,(346) 698-7876,pizza_chef,2020-05-26,20.44,terminated
EMP0573,STR0266,Sophia,Taylor,sophia.taylor573@outlook.com,(664) 318-9664,store_manager,2025-02-08,16.60,active
EMP0574,STR0422,Ethan,Johnson,ethan.johnson574@example.com,(245) 628-9114,delivery_driver,2024-06-14,17.20,terminated
EMP0575,STR0178,Hazel,Smith,hazel.smith575@yahoo.com,(717) 749-5558,store_manager,2024-05-22,22.18,active
EMP0576,STR0877,Emily,Thompson,emily.thompson576@yahoo.com,(985) 536-9808,inventory_clerk,2019-04-04,29.86,active
EMP0577,STR0273,Jackson,Davis,jackson.davis577@yahoo.com,(221) 857-7960,store_manager,2023-02-01,31.20,active
EMP0578,STR0795,Sophia,Harris,sophia.harris578@gmail.com,(407) 512-4412,store_manager,2021-01-14,22.08,terminated
EMP0579,STR0211,Emma,Allen,emma.allen579@example.com,(681) 653-6884,store_manager,2023-07-15,16.45,active
EMP0580,STR0780,Ethan,Sanchez,ethan.sanchez580@icloud.com,(660) 214-5113,cashier,2021-03-09,16.65,active
EMP0581,STR0936,Nora,Smith,nora.smith581@gmail.com,(557) 397-9399,inventory_clerk,2024-12-25,29.47,active
EMP0582,STR0406,Mason,Wright,mason.wright582@yahoo.com,(557) 470-3733,cashier,2019-06-08,30.48,active
EMP0583,STR0916,Samuel,Hernandez,samuel.hernandez583@gmail.com,(825) 235-6834,delivery_driver,2020-08-10,21.24,active
EMP0584,STR0021,Benjamin,Moore,benjamin.moore584@gmail.com,(924) 906-9105,inventory_clerk,2018-09-29,23.83,active
EMP0585,STR0164,Sophia,Torres,sophia.torres585@outlook.com,(580) 999-4935,store_manager,2020-05-31,24.86,active
EMP0586,STR0317,Owen,Walker,owen.walker586@gmail.com,(849) 347-3362,shift_lead,2024-11-28,22.88,on_leave
EMP0587,STR0487,Liam,Nguyen,liam.nguyen587@yahoo.com,(962) 599-5190,store_manager,2024-04-04,20.14,active
EMP0588,STR0508,Mason,White,mason.white588@outlook.com,(347) 389-5745,cashier,2018-11-17,17.30,active
EMP0589,STR0111,Mason,Clark,mason.clark589@example.com,(836) 252-1580,pizza_chef,2019-02-13,18.11,terminated
EMP0590,STR0221,Jacob,Miller,jacob.miller590@gmail.com,(686) 212-3446,store_manager,2022-04-12,19.99,active
EMP0591,STR0033,Noah,Martinez,noah.martinez591@example.com,(543) 998-4873,delivery_driver,2018-05-24,29.87,on_leave
EMP0592,STR0585,Layla,Rodriguez,layla.rodriguez592@outlook.com,(401) 619-9908,store_manager,2018-10-15,12.62,active
EMP0593,STR0321,Logan,Walker,logan.walker593@gmail.com,(261) 298-9108,pizza_chef,2024-10-13,14.73,terminated
EMP0594,STR0222,Ava,Johnson,ava.johnson594@example.com,(672) 291-4104,cashier,2023-03-05,25.09,active
EMP0595,STR0210,Mia,Garcia,mia.garcia595@example.com,(589) 779-1675,inventory_clerk,2019-03-24,22.19,active
EMP0596,STR0146,Samuel,Harris,samuel.harris596@yahoo.com,(322) 225-5159,shift_lead,2023-07-24,29.40,active
EMP0597,STR0508,Levi,Clark,levi.clark597@gmail.com,(783) 371-9964,cashier,2019-04-04,21.48,active
EMP0598,STR0251,Logan,Taylor,logan.taylor598@icloud.com,(255) 348-4695,shift_lead,2021-06-08,17.86,active
EMP0599,STR0096,Mason,White,mason.white599@icloud.com,(215) 347-6608,pizza_chef,2019-08-14,16.29,terminated
EMP0600,STR0978,Benjamin,Garcia,benjamin.garcia600@gmail.com,(797) 478-5998,inventory_clerk,2019-08-05,28.47,on_leave
EMP0601,STR0024,Mason,Harris,mason.harris601@yahoo.com,(890) 387-7892,inventory_clerk,2024-12-02,24.51,active
EMP0602,STR0482,Sophia,Anderson,sophia.anderson602@icloud.com,(280) 867-8628,store_manager,2019-06-19,28.37,terminated
EMP0603,STR0971,Liam,Rodriguez,liam.rodriguez603@outlook.com,(908) 567-9848,shift_lead,2021-01-12,14.24,active
EMP0604,STR0589,Isabella,Miller,isabella.miller604@gmail.com,(527) 749-2489,pizza_chef,2019-03-12,28.11,terminated
EMP0605,STR0822,Daniel,Jackson,daniel.jackson605@example.com,(623) 461-8847,store_manager,2024-10-20,20.56,terminated
EMP0606,STR0220,Matthew,Clark,matthew.clark606@icloud.com,(588) 260-1158,store_manager,2019-06-04,22.51,active
EMP0607,STR0524,Logan,Taylor,logan.taylor607@yahoo.com,(648) 873-2451,store_manager,2018-04-07,14.19,active
EMP0608,STR0867,Jackson,Jackson,jackson.jackson608@example.com,(333) 287-8162,shift_lead,2024-12-13,12.87,on_leave
EMP0609,STR0403,Riley,King,riley.king609@example.com,(947) 840-3094,pizza_chef,2020-04-05,27.71,active
EMP0610,STR0523,Benjamin,Wright,benjamin.wright610@icloud.com,(476) 659-1640,store_manager,2021-01-06,15.15,active
EMP0611,STR0327,Riley,King,riley.king611@outlook.com,(642) 391-3425,inventory_clerk,2022-08-08,29.11,active
EMP0612,STR0762,Emma,Hernandez,emma.hernandez612@icloud.com,(902) 960-3431,cashier,2020-03-27,19.19,active
EMP0613,STR0003,Ava,Wilson,ava.wilson613@gmail.com,(221) 218-9987,store_manager,2020-06-11,19.54,active
EMP0614,STR0246,Levi,Sanchez,levi.sanchez614@example.com,(313) 826-1079,cashier,2023-02-01,22.32,terminated
EMP0615,STR0125,David,Torres,david.torres615@outlook.com,(321) 615-1043,cashier,2019-01-04,23.59,active
EMP0616,STR0156,Scarlett,Torres,scarlett.torres616@yahoo.com,(342) 901-9101,pizza_chef,2025-01-15,30.68,terminated
EMP0617,STR0745,Matthew,Wright,matthew.wright617@icloud.com,(957) 933-1732,delivery_driver,2024-06-22,12.18,active
EMP0618,STR0966,Henry,Wright,henry.wright618@example.com,(635) 691-5227,delivery_driver,2018-12-03,16.90,active
EMP0619,STR0528,Liam,Hill,liam.hill619@outlook.com,(900) 424-5080,delivery_driver,2024-08-11,14.37,active
EMP0620,STR0085,Layla,Thomas,layla.thomas620@gmail.com,(735) 287-6215,cashier,2022-12-31,25.24,terminated
EMP0621,STR0338,Samuel,White,samuel.white621@example.com,(344) 977-6063,pizza_chef,2020-11-27,31.46,active
EMP0622,STR0013,Hazel,Taylor,hazel.taylor622@gmail.com,(571) 408-6307,pizza_chef,2025-06-15,17.55,on_leave
EMP0623,STR0385,Liam,Lewis,liam.lewis623@example.com,(821) 811-5102,shift_lead,2021-08-10,23.64,active
EMP0624,STR0152,Daniel,Ramirez,daniel.ramirez624@gmail.com,(297) 259-3260,shift_lead,2022-12-14,29.62,active
EMP0625,STR0706,Isabella,Wright,isabella.wright625@example.com,(355) 341-4645,store_manager,2019-01-11,20.93,active
EMP0626,STR0145,Ava,Martinez,ava.martinez626@gmail.com,(743) 554-9205,cashier,2022-05-21,21.94,active
EMP0627,STR0809,Isabella,Robinson,isabella.robinson627@outlook.com,(852) 397-7743,shift_lead,2020-07-20,15.20,active
EMP0628,STR0009,Ella,Robinson,ella.robinson628@outlook.com,(289) 363-2551,store_manager,2018-03-13,31.01,terminated
EMP0629,STR0563,Penelope,Perez,penelope.perez629@gmail.com,(903) 628-2137,inventory_clerk,2019-03-16,15.53,active
EMP0630,STR0294,Ella,Torres,ella.torres630@icloud.com,(317) 232-1996,delivery_driver,2018-03-15,24.03,active
EMP0631,STR0419,Noah,Taylor,noah.taylor631@gmail.com,(255) 287-3093,store_manager,2022-10-13,16.85,active
EMP0632,STR0092,Logan,Garcia,logan.garcia632@yahoo.com,(405) 330-7999,cashier,2018-05-02,19.02,active
EMP0633,STR0733,Liam,Taylor,liam.taylor633@outlook.com,(211) 709-8035,delivery_driver,2023-12-21,27.03,active
EMP0634,STR0391,David,Taylor,david.taylor634@gmail.com,(512) 870-3911,pizza_chef,2021-07-02,31.57,on_leave
EMP0635,STR0846,Harper,Martin,harper.martin635@gmail.com,(309) 836-2443,shift_lead,2022-04-18,16.73,active
EMP0636,STR0504,Jackson,Wilson,jackson.wilson636@yahoo.com,(465) 440-6729,store_manager,2021-06-20,31.22,active
EMP0637,STR0174,Jackson,Clark,jackson.clark637@yahoo.com,(525) 975-2663,inventory_clerk,2023-12-31,25.59,on_leave
EMP0638,STR0464,Aurora,Lopez,aurora.lopez638@gmail.com,(721) 601-7853,inventory_clerk,2022-06-03,28.18,active
EMP0639,STR0877,Penelope,Sanchez,penelope.sanchez639@yahoo.com,(482) 278-8240,delivery_driver,2019-09-18,29.05,on_leave
EMP0640,STR0301,Lily,Moore,lily.moore640@icloud.com,(678) 282-3615,store_manager,2024-12-29,13.20,active
EMP0641,STR0423,Michael,Smith,michael.smith641@gmail.com,(722) 510-9201,store_manager,2018-05-30,21.67,active
EMP0642,STR0321,Lucas,Rodriguez,lucas.rodriguez642@outlook.com,(414) 514-1878,shift_lead,2020-08-21,26.52,on_leave
EMP0643,STR0155,Jack,Martinez,jack.martinez643@gmail.com,(544) 852-8091,shift_lead,2019-03-29,24.09,active
EMP0644,STR0589,Mia,Thompson,mia.thompson644@yahoo.com,(217) 609-5528,shift_lead,2020-11-17,24.86,active
EMP0645,STR0687,David,Davis,david.davis645@example.com,(704) 992-4204,store_manager,2019-02-19,23.01,terminated
EMP0646,STR0003,Lucas,Robinson,lucas.robinson646@icloud.com,(439) 514-4692,shift_lead,2020-10-17,25.54,active
EMP0647,STR0742,Lily,Allen,lily.allen647@gmail.com,(740) 729-5542,store_manager,2020-01-03,28.03,terminated
EMP0648,STR0266,Liam,Sanchez,liam.sanchez648@gmail.com,(555) 300-2650,cashier,2022-07-18,15.63,active
EMP0649,STR0673,Michael,Martin,michael.martin649@outlook.com,(284) 943-4055,pizza_chef,2020-03-14,29.26,active
EMP0650,STR0319,Joseph,Sanchez,joseph.sanchez650@example.com,(961) 740-7944,cashier,2018-07-28,28.48,active
EMP0651,STR0731,Jackson,Martinez,jackson.martinez651@example.com,(594) 254-1957,pizza_chef,2019-02-16,15.26,active
EMP0652,STR0564,Sophia,Hill,sophia.hill652@example.com,(837) 818-1810,cashier,2023-01-04,13.79,active
EMP0653,STR0305,Olivia,Smith,olivia.smith653@icloud.com,(319) 446-2752,inventory_clerk,2020-05-09,21.93,active
EMP0654,STR0569,Aiden,Robinson,aiden.robinson654@icloud.com,(246) 999-2719,inventory_clerk,2025-04-25,27.15,active
EMP0655,STR0733,Nova,Thompson,nova.thompson655@example.com,(969) 252-9312,shift_lead,2025-09-01,13.97,active
EMP0656,STR0337,Hazel,Robinson,hazel.robinson656@outlook.com,(209) 843-2973,cashier,2023-11-16,16.12,on_leave
EMP0657,STR0543,Alexander,Anderson,alexander.anderson657@yahoo.com,(923) 322-1370,delivery_driver,2021-10-15,30.45,terminated
EMP0658,STR0763,Sebastian,Lewis,sebastian.lewis658@gmail.com,(682) 340-8667,store_manager,2023-11-11,27.21,active
EMP0659,STR0109,Logan,Davis,logan.davis659@icloud.com,(228) 765-9388,cashier,2022-08-29,27.58,on_leave
EMP0660,STR0694,Lucas,Rodriguez,lucas.rodriguez660@example.com,(976) 802-7294,shift_lead,2020-04-10,21.62,active
EMP0661,STR0347,Aria,Gonzalez,aria.gonzalez661@yahoo.com,(241) 658-7868,store_manager,2023-06-11,29.27,active
EMP0662,STR0016,Mason,Jackson,mason.jackson662@example.com,(575) 560-8627,store_manager,2024-02-19,12.63,active
EMP0663,STR0889,Samuel,Taylor,samuel.taylor663@outlook.com,(398) 986-3211,pizza_chef,2025-07-03,29.53,active
EMP0664,STR0600,Mia,Davis,mia.davis664@gmail.com,(593) 816-7265,store_manager,2022-05-20,19.05,on_leave
EMP0665,STR0484,Evelyn,Sanchez,evelyn.sanchez665@gmail.com,(598) 653-6841,cashier,2025-06-22,20.74,active
EMP0666,STR0714,James,Torres,james.torres666@yahoo.com,(291) 529-1899,inventory_clerk,2022-02-02,14.31,on_leave
EMP0667,STR0075,Henry,Martinez,henry.martinez667@gmail.com,(691) 209-4564,pizza_chef,2022-05-10,19.28,terminated
EMP0668,STR0289,David,Taylor,david.taylor668@yahoo.com,(919) 966-2843,store_manager,2019-10-04,22.76,active
EMP0669,STR0555,Riley,Rodriguez,riley.rodriguez669@outlook.com,(715) 267-4610,cashier,2021-03-27,12.20,active
EMP0670,STR0829,Levi,Ramirez,levi.ramirez670@gmail.com,(215) 523-4745,cashier,2024-09-26,14.95,active
EMP0671,STR0737,Emma,Harris,emma.harris671@outlook.com,(981) 931-7359,inventory_clerk,2023-05-05,17.82,active
EMP0672,STR0239,Harper,Flores,harper.flores672@outlook.com,(763) 292-2531,cashier,2021-09-13,18.52,active
EMP0673,STR0431,Nova,Moore,nova.moore673@outlook.com,(987) 359-9037,store_manager,2023-08-05,28.41,terminated
EMP0674,STR0484,Jacob,Davis,jacob.davis674@yahoo.com,(765) 545-6258,inventory_clerk,2021-08-03,27.30,active
EMP0675,STR0928,Isabella,Wright,isabella.wright675@icloud.com,(704) 537-2613,pizza_chef,2018-11-09,16.68,active
EMP0676,STR0519,Nova,Torres,nova.torres676@gmail.com,(549) 570-5253,pizza_chef,2023-08-01,19.53,active
EMP0677,STR0165,Nova,Hill,nova.hill677@yahoo.com,(951) 592-1309,pizza_chef,2023-03-07,17.91,active
EMP0678,STR0433,Jacob,White,jacob.white678@icloud.com,(679) 344-1600,shift_lead,2021-02-21,13.29,active
EMP0679,STR0063,Liam,Robinson,liam.robinson679@example.com,(674) 325-6925,delivery_driver,2020-04-13,28.11,on_leave
EMP0680,STR0681,Aria,Anderson,aria.anderson680@gmail.com,(421) 300-8973,shift_lead,2023-05-25,18.14,active
EMP0681,STR0910,Sebastian,Johnson,sebastian.johnson681@icloud.com,(503) 274-5943,store_manager,2020-01-31,28.93,on_leave
EMP0682,STR0052,Aurora,Lopez,aurora.lopez682@yahoo.com,(776) 376-6444,shift_lead,2022-04-20,27.41,on_leave
EMP0683,STR0152,Matthew,King,matthew.king683@icloud.com,(390) 768-9457,shift_lead,2022-07-08,31.94,on_leave
EMP0684,STR0140,Grace,Ramirez,grace.ramirez684@gmail.com,(656) 868-7180,inventory_clerk,2020-10-23,16.14,on_leave
EMP0685,STR0214,Emma,Wilson,emma.wilson685@example.com,(610) 687-7841,inventory_clerk,2021-10-17,14.77,terminated
EMP0686,STR0442,Isabella,Wilson,isabella.wilson686@example.com,(686) 821-1853,delivery_driver,2023-12-07,29.92,active
EMP0687,STR0403,Evelyn,King,evelyn.king687@example.com,(895) 439-3889,cashier,2023-11-14,25.88,active
EMP0688,STR0007,David,Thomas,david.thomas688@outlook.com,(226) 903-9598,store_manager,2020-11-29,27.44,on_leave
EMP0689,STR0761,Amelia,Torres,amelia.torres689@gmail.com,(535) 810-8362,delivery_driver,2022-09-09,31.03,active
EMP0690,STR0672,Emily,Gonzalez,emily.gonzalez690@outlook.com,(621) 661-1946,inventory_clerk,2025-08-24,21.47,terminated
EMP0691,STR0353,Logan,Young,logan.young691@outlook.com,(362) 646-2261,store_manager,2021-10-20,26.09,active
EMP0692,STR0151,James,King,james.king692@yahoo.com,(688) 415-7593,inventory_clerk,2020-11-29,28.75,on_leave
EMP0693,STR0062,Layla,Wilson,layla.wilson693@yahoo.com,(379) 858-3412,delivery_driver,2020-01-09,14.07,active
EMP0694,STR0909,Logan,White,logan.white694@icloud.com,(636) 821-2977,delivery_driver,2025-04-21,14.13,active
EMP0695,STR0632,Noah,Jackson,noah.jackson695@example.com,(580) 316-5734,shift_lead,2019-10-08,28.74,on_leave
EMP0696,STR0034,Riley,Scott,riley.scott696@outlook.com,(379) 306-7960,store_manager,2020-08-11,12.16,terminated
EMP0697,STR0921,Mason,Lopez,mason.lopez697@yahoo.com,(964) 623-1227,cashier,2018-05-02,31.94,active
EMP0698,STR0508,Mason,Sanchez,mason.sanchez698@gmail.com,(262) 632-9951,cashier,2021-01-05,29.37,on_leave
EMP0699,STR0826,Logan,Johnson,logan.johnson699@gmail.com,(609) 398-8301,cashier,2020-06-03,29.76,active
EMP0700,STR0204,Olivia,Jackson,olivia.jackson700@yahoo.com,(389) 623-8517,pizza_chef,2024-07-17,17.08,active
EMP0701,STR0874,Scarlett,Torres,scarlett.torres701@gmail.com,(651) 363-5565,delivery_driver,2020-07-05,20.66,active
EMP0702,STR0228,Jack,Smith,jack.smith702@example.com,(233) 959-7515,shift_lead,2024-01-21,17.20,active
EMP0703,STR0838,Ella,Flores,ella.flores703@example.com,(532) 311-4587,inventory_clerk,2024-11-14,24.09,active
EMP0704,STR0185,Logan,Hernandez,logan.hernandez704@example.com,(289) 363-2931,delivery_driver,2023-07-14,16.44,active
EMP0705,STR0061,Henry,Torres,henry.torres705@yahoo.com,(640) 935-7877,delivery_driver,2022-10-25,19.90,active
EMP0706,STR0567,Mia,Robinson,mia.robinson706@outlook.com,(564) 410-9015,shift_lead,2019-11-12,24.47,terminated
EMP0707,STR0741,Michael,Johnson,michael.johnson707@gmail.com,(717) 759-8124,shift_lead,2023-01-29,28.32,on_leave
EMP0708,STR0772,Levi,Young,levi.young708@icloud.com,(222) 373-1730,store_manager,2022-01-28,12.20,active
EMP0709,STR0048,Riley,Hernandez,riley.hernandez709@yahoo.com,(390) 990-2273,shift_lead,2024-09-03,27.53,active
EMP0710,STR0287,James,Flores,james.flores710@outlook.com,(755) 786-1566,store_manager,2018-05-14,16.50,active
EMP0711,STR0212,Ella,Gonzalez,ella.gonzalez711@yahoo.com,(206) 371-5008,shift_lead,2020-10-09,13.34,active
EMP0712,STR0874,Michael,Perez,michael.perez712@gmail.com,(316) 833-4706,shift_lead,2021-11-10,17.67,active
EMP0713,STR0517,Harper,Sanchez,harper.sanchez713@example.com,(773) 491-4410,store_manager,2024-07-07,15.87,active
EMP0714,STR0871,Amelia,Hernandez,amelia.hernandez714@yahoo.com,(603) 367-7991,pizza_chef,2021-04-21,12.14,terminated
EMP0715,STR0765,Liam,Thompson,liam.thompson715@example.com,(860) 436-3006,pizza_chef,2024-04-30,28.63,active
EMP0716,STR0166,Nova,Moore,nova.moore716@example.com,(258) 654-6461,store_manager,2019-01-06,19.86,terminated
EMP0717,STR0975,Nora,Flores,nora.flores717@gmail.com,(320) 346-4976,delivery_driver,2019-07-03,20.03,active
EMP0718,STR0603,Zoey,Robinson,zoey.robinson718@outlook.com,(484) 363-2074,cashier,2021-06-19,19.68,terminated
EMP0719,STR0096,David,Moore,david.moore719@example.com,(408) 658-6601,store_manager,2025-03-10,31.72,active
EMP0720,STR0406,Aiden,Rodriguez,aiden.rodriguez720@icloud.com,(277) 919-4753,cashier,2020-01-11,21.63,active
EMP0721,STR0967,Layla,Sanchez,layla.sanchez721@icloud.com,(480) 684-6218,pizza_chef,2019-06-09,25.36,terminated
EMP0722,STR0393,Hazel,Sanchez,hazel.sanchez722@gmail.com,(345) 918-1416,store_manager,2020-10-28,20.51,on_leave
EMP0723,STR0005,David,Anderson,david.anderson723@example.com,(807) 362-9733,shift_lead,2018-04-19,18.31,active
EMP0724,STR0171,Benjamin,Brown,benjamin.brown724@gmail.com,(264) 562-4772,shift_lead,2020-02-22,19.09,active
EMP0725,STR0738,Sophia,Moore,sophia.moore725@yahoo.com,(302) 795-2721,shift_lead,2020-05-09,16.76,active
EMP0726,STR0940,Sebastian,Lewis,sebastian.lewis726@example.com,(672) 853-3288,shift_lead,2023-06-11,21.32,active
EMP0727,STR0158,Michael,Taylor,michael.taylor727@gmail.com,(713) 758-4870,inventory_clerk,2019-06-22,28.37,active
EMP0728,STR0605,Penelope,Wright,penelope.wright728@yahoo.com,(953) 207-5956,store_manager,2019-03-25,21.66,active
EMP0729,STR0392,Jacob,Young,jacob.young729@example.com,(403) 413-4841,pizza_chef,2025-02-10,23.78,terminated
EMP0730,STR0367,Jacob,Thompson,jacob.thompson730@example.com,(258) 369-6575,delivery_driver,2019-01-26,26.33,active
EMP0731,STR0905,Jacob,Moore,jacob.moore731@example.com,(541) 851-9248,shift_lead,2018-08-23,26.70,terminated
EMP0732,STR0997,Amelia,Wright,amelia.wright732@outlook.com,(916) 647-8828,pizza_chef,2019-12-05,20.09,active
EMP0733,STR0408,Liam,Allen,liam.allen733@icloud.com,(328) 874-3757,shift_lead,2020-12-26,18.10,active
EMP0734,STR0083,David,Lee,david.lee734@example.com,(601) 372-3605,pizza_chef,2022-03-09,15.67,active
EMP0735,STR0188,Ava,Miller,ava.miller735@outlook.com,(946) 879-7647,pizza_chef,2023-12-25,27.14,active
EMP0736,STR0422,Chloe,Lopez,chloe.lopez736@yahoo.com,(803) 978-5127,pizza_chef,2024-03-12,24.92,active
EMP0737,STR0945,Mia,Hernandez,mia.hernandez737@outlook.com,(289) 494-3867,store_manager,2020-10-03,12.23,active
EMP0738,STR0175,Nora,Clark,nora.clark738@icloud.com,(240) 337-7715,delivery_driver,2022-06-04,12.00,active
EMP0739,STR0441,Noah,Nguyen,noah.nguyen739@yahoo.com,(389) 268-8818,shift_lead,2022-01-19,24.94,active
EMP0740,STR0077,Joseph,Anderson,joseph.anderson740@gmail.com,(955) 978-2382,store_manager,2024-11-22,16.39,active
EMP0741,STR0635,Nova,Gonzalez,nova.gonzalez741@yahoo.com,(337) 364-5880,delivery_driver,2024-01-16,13.87,terminated
EMP0742,STR0712,Harper,Harris,harper.harris742@gmail.com,(629) 221-9665,pizza_chef,2018-01-24,21.23,active
EMP0743,STR0410,Emily,Sanchez,emily.sanchez743@gmail.com,(901) 966-7848,cashier,2021-02-24,21.48,on_leave
EMP0744,STR0224,Isabella,Sanchez,isabella.sanchez744@example.com,(930) 562-1169,cashier,2021-02-26,23.45,active
EMP0745,STR0278,Logan,Lopez,logan.lopez745@icloud.com,(292) 655-7973,inventory_clerk,2020-03-29,14.93,active
EMP0746,STR0889,Matthew,Davis,matthew.davis746@yahoo.com,(620) 317-1203,inventory_clerk,2020-04-22,30.74,terminated
EMP0747,STR0989,Evelyn,Jackson,evelyn.jackson747@icloud.com,(506) 340-4277,inventory_clerk,2019-01-17,13.98,active
EMP0748,STR0938,Benjamin,Jackson,benjamin.jackson748@yahoo.com,(670) 382-8600,delivery_driver,2019-04-22,25.17,on_leave
EMP0749,STR0974,Sebastian,White,sebastian.white749@icloud.com,(970) 232-7913,inventory_clerk,2023-05-07,16.17,active
EMP0750,STR0639,Nora,Jackson,nora.jackson750@gmail.com,(484) 638-2138,delivery_driver,2020-01-08,18.56,active
EMP0751,STR0452,Sophia,Allen,sophia.allen751@gmail.com,(288) 706-4093,pizza_chef,2024-03-04,18.00,active
EMP0752,STR0574,Olivia,Hernandez,olivia.hernandez752@yahoo.com,(655) 515-5368,shift_lead,2021-03-21,13.56,on_leave
EMP0753,STR0354,Mia,Anderson,mia.anderson753@icloud.com,(999) 543-4217,store_manager,2021-01-05,28.48,terminated
EMP0754,STR0780,Evelyn,Lewis,evelyn.lewis754@gmail.com,(369) 567-5807,store_manager,2024-05-24,19.39,active
EMP0755,STR0573,Scarlett,Rodriguez,scarlett.rodriguez755@example.com,(242) 487-8661,pizza_chef,2022-09-09,15.96,on_leave
EMP0756,STR0669,Layla,Moore,layla.moore756@gmail.com,(203) 809-6552,pizza_chef,2018-09-16,22.02,active
EMP0757,STR0760,Hazel,Lee,hazel.lee757@outlook.com,(378) 293-7403,inventory_clerk,2023-05-28,17.57,active
EMP0758,STR0017,David,Nguyen,david.nguyen758@gmail.com,(795) 999-4610,delivery_driver,2024-10-07,22.67,active
EMP0759,STR0313,Matthew,Ramirez,matthew.ramirez759@icloud.com,(863) 850-7726,inventory_clerk,2018-07-24,13.88,active
EMP0760,STR0269,Logan,Allen,logan.allen760@outlook.com,(417) 668-1839,delivery_driver,2023-11-11,26.55,active
EMP0761,STR0987,Aria,Lewis,aria.lewis761@outlook.com,(625) 462-7784,delivery_driver,2025-04-23,14.63,on_leave
EMP0762,STR0567,Nova,Anderson,nova.anderson762@gmail.com,(576) 874-5864,inventory_clerk,2022-07-14,13.74,active
EMP0763,STR0035,Sebastian,Hill,sebastian.hill763@gmail.com,(352) 663-8788,inventory_clerk,2024-05-28,15.34,active
EMP0764,STR0343,Ava,King,ava.king764@gmail.com,(914) 665-7308,cashier,2021-06-15,17.80,active
EMP0765,STR0035,Michael,Clark,michael.clark765@outlook.com,(237) 433-5062,delivery_driver,2022-10-21,17.34,on_leave
EMP0766,STR0217,Aiden,Allen,aiden.allen766@gmail.com,(605) 694-8209,inventory_clerk,2020-10-03,16.22,on_leave
EMP0767,STR0956,Zoey,Davis,zoey.davis767@yahoo.com,(387) 952-4004,delivery_driver,2024-02-23,20.21,on_leave
EMP0768,STR0630,Riley,Moore,riley.moore768@gmail.com,(989) 724-8407,store_manager,2018-11-29,24.94,on_leave
EMP0769,STR0779,Alexander,Wilson,alexander.wilson769@outlook.com,(892) 812-1764,delivery_driver,2023-08-20,21.41,active
EMP0770,STR0312,Riley,Clark,riley.clark770@yahoo.com,(913) 727-9252,delivery_driver,2020-04-17,31.75,active
EMP0771,STR0331,Levi,Lee,levi.lee771@gmail.com,(886) 852-5959,store_manager,2025-02-24,14.76,active
EMP0772,STR0269,Penelope,Robinson,penelope.robinson772@example.com,(632) 983-2273,store_manager,2018-08-29,29.29,on_leave
EMP0773,STR0211,Liam,Clark,liam.clark773@yahoo.com,(262) 980-2142,delivery_driver,2022-05-20,27.26,terminated
EMP0774,STR0197,Matthew,Smith,matthew.smith774@example.com,(795) 381-9338,store_manager,2023-04-28,13.60,terminated
EMP0775,STR0123,Aria,Hernandez,aria.hernandez775@example.com,(357) 628-6289,pizza_chef,2023-07-03,27.45,active
EMP0776,STR0756,Logan,Garcia,logan.garcia776@gmail.com,(746) 633-6045,store_manager,2023-02-18,17.25,on_leave
EMP0777,STR0031,Aiden,Jackson,aiden.jackson777@yahoo.com,(935) 912-9774,inventory_clerk,2019-10-09,31.07,active
EMP0778,STR0310,Oliver,Thomas,oliver.thomas778@example.com,(908) 219-2850,shift_lead,2021-08-31,19.18,terminated
EMP0779,STR0028,Owen,Clark,owen.clark779@icloud.com,(813) 383-2040,store_manager,2023-01-16,18.80,terminated
EMP0780,STR0377,Chloe,Gonzalez,chloe.gonzalez780@outlook.com,(821) 743-3660,shift_lead,2018-01-09,16.64,terminated
EMP0781,STR0806,Levi,Moore,levi.moore781@yahoo.com,(255) 914-3403,inventory_clerk,2025-05-21,25.57,active
EMP0782,STR0425,Logan,Wright,logan.wright782@icloud.com,(714) 205-7330,inventory_clerk,2019-04-03,19.54,active
EMP0783,STR0117,Aurora,Anderson,aurora.anderson783@outlook.com,(860) 740-1848,cashier,2025-08-08,19.59,active
EMP0784,STR0146,David,Nguyen,david.nguyen784@example.com,(295) 536-1024,pizza_chef,2025-05-19,30.79,active
EMP0785,STR0960,Elijah,Walker,elijah.walker785@example.com,(359) 622-5888,cashier,2018-08-11,20.93,active
EMP0786,STR0645,Ethan,Johnson,ethan.johnson786@example.com,(232) 730-2074,delivery_driver,2023-10-03,15.19,active
EMP0787,STR0969,Sebastian,Hernandez,sebastian.hernandez787@icloud.com,(763) 378-5849,shift_lead,2024-09-26,28.85,active
EMP0788,STR0872,Nova,Johnson,nova.johnson788@gmail.com,(668) 350-9459,store_manager,2025-05-29,25.20,active
EMP0789,STR0663,Riley,Lopez,riley.lopez789@icloud.com,(846) 482-2455,cashier,2025-03-12,20.38,active
EMP0790,STR0737,Jacob,Nguyen,jacob.nguyen790@example.com,(594) 312-3809,delivery_driver,2019-04-06,20.12,active
EMP0791,STR0544,Ava,Scott,ava.scott791@yahoo.com,(217) 445-2966,delivery_driver,2018-05-16,13.14,active
EMP0792,STR0923,Grace,Gonzalez,grace.gonzalez792@outlook.com,(487) 475-4577,shift_lead,2025-07-17,28.06,on_leave
EMP0793,STR0260,Hazel,Lopez,hazel.lopez793@outlook.com,(734) 896-8938,cashier,2025-03-14,13.62,active
EMP0794,STR0953,Levi,Jackson,levi.jackson794@yahoo.com,(505) 366-7126,pizza_chef,2025-06-04,20.16,active
EMP0795,STR0980,Aiden,Garcia,aiden.garcia795@yahoo.com,(669) 572-5073,cashier,2019-10-02,15.65,active
EMP0796,STR0843,Riley,Lewis,riley.lewis796@gmail.com,(455) 824-7172,inventory_clerk,2022-07-18,27.22,active
EMP0797,STR0385,Isabella,Jackson,isabella.jackson797@outlook.com,(336) 983-6051,cashier,2020-09-19,19.04,active
EMP0798,STR0514,Penelope,Ramirez,penelope.ramirez798@gmail.com,(916) 745-8202,shift_lead,2020-11-13,27.58,active
EMP0799,STR0895,Matthew,Johnson,matthew.johnson799@icloud.com,(918) 478-9356,store_manager,2020-09-22,14.94,active
EMP0800,STR0511,Joseph,Torres,joseph.torres800@yahoo.com,(730) 578-5529,inventory_clerk,2023-01-25,20.00,active
EMP0801,STR0439,Amelia,Rodriguez,amelia.rodriguez801@gmail.com,(590) 612-8595,store_manager,2020-08-03,27.51,terminated
EMP0802,STR0076,Grace,Jackson,grace.jackson802@yahoo.com,(581) 795-6085,store_manager,2024-07-25,28.33,active
EMP0803,STR0191,Isabella,Brown,isabella.brown803@example.com,(737) 596-4023,pizza_chef,2020-11-16,31.22,terminated
EMP0804,STR0394,Owen,Rodriguez,owen.rodriguez804@icloud.com,(607) 274-8433,store_manager,2018-02-15,23.67,active
EMP0805,STR0625,Amelia,Thompson,amelia.thompson805@example.com,(815) 873-3528,store_manager,2022-03-25,30.30,terminated
EMP0806,STR0221,Layla,Scott,layla.scott806@outlook.com,(969) 766-8822,delivery_driver,2020-10-12,23.12,on_leave
EMP0807,STR0626,Joseph,Young,joseph.young807@yahoo.com,(581) 999-8107,cashier,2023-01-22,18.02,active
EMP0808,STR0051,Evelyn,King,evelyn.king808@example.com,(457) 822-5047,cashier,2019-12-09,18.55,terminated
EMP0809,STR0087,Sebastian,Gonzalez,sebastian.gonzalez809@yahoo.com,(329) 612-1161,cashier,2024-09-21,12.09,active
EMP0810,STR0669,Abigail,Martin,abigail.martin810@icloud.com,(608) 350-2103,shift_lead,2018-07-23,26.82,active
EMP0811,STR0073,Olivia,Jackson,olivia.jackson811@yahoo.com,(507) 321-1273,pizza_chef,2024-04-29,22.33,terminated
EMP0812,STR0923,Jackson,Lee,jackson.lee812@example.com,(681) 335-1543,store_manager,2019-09-16,24.26,on_leave
EMP0813,STR0393,Samuel,Lee,samuel.lee813@outlook.com,(363) 960-3218,shift_lead,2025-07-12,30.17,active
EMP0814,STR0532,Owen,Martinez,owen.martinez814@yahoo.com,(439) 544-4803,cashier,2018-08-16,23.40,on_leave
EMP0815,STR0966,Jacob,Ramirez,jacob.ramirez815@gmail.com,(837) 467-7564,pizza_chef,2024-10-28,30.31,terminated
EMP0816,STR0665,David,Wright,david.wright816@outlook.com,(611) 746-3157,cashier,2018-05-20,13.70,active
EMP0817,STR0631,James,Smith,james.smith817@icloud.com,(618) 302-9621,delivery_driver,2023-01-12,23.44,on_leave
EMP0818,STR0318,Lucas,Jackson,lucas.jackson818@yahoo.com,(514) 702-5220,cashier,2018-01-28,26.22,active
EMP0819,STR0199,Harper,Jones,harper.jones819@icloud.com,(876) 833-6173,delivery_driver,2025-05-13,13.94,active
EMP0820,STR0202,Jackson,Young,jackson.young820@yahoo.com,(275) 708-6728,cashier,2023-07-25,16.52,active
EMP0821,STR0184,Nova,Torres,nova.torres821@gmail.com,(350) 911-6464,store_manager,2025-06-09,26.88,terminated
EMP0822,STR0204,Nora,Jones,nora.jones822@example.com,(695) 398-4440,delivery_driver,2024-08-16,12.81,active
EMP0823,STR0873,Layla,Lopez,layla.lopez823@outlook.com,(481) 659-5695,store_manager,2021-04-18,24.18,active
EMP0824,STR0455,Jackson,Ramirez,jackson.ramirez824@example.com,(625) 331-4694,shift_lead,2018-04-16,31.73,active
EMP0825,STR0330,Penelope,Walker,penelope.walker825@gmail.com,(996) 975-2168,delivery_driver,2022-08-21,24.60,terminated
EMP0826,STR0495,David,Thompson,david.thompson826@yahoo.com,(873) 370-9818,store_manager,2019-01-03,18.94,active
EMP0827,STR0995,Ella,Harris,ella.harris827@outlook.com,(237) 819-2202,store_manager,2020-02-28,27.90,terminated
EMP0828,STR0558,Ava,Thompson,ava.thompson828@gmail.com,(946) 954-2563,shift_lead,2021-11-19,29.90,on_leave
EMP0829,STR0402,Evelyn,Moore,evelyn.moore829@outlook.com,(454) 816-2916,delivery_driver,2024-12-11,12.94,on_leave
EMP0830,STR0292,Zoey,Smith,zoey.smith830@gmail.com,(801) 451-1206,inventory_clerk,2018-07-27,18.23,active
EMP0831,STR0019,Elijah,Wright,elijah.wright831@yahoo.com,(818) 928-9944,pizza_chef,2021-02-05,15.56,terminated
EMP0832,STR0392,Liam,Wilson,liam.wilson832@icloud.com,(987) 364-1653,pizza_chef,2024-08-07,22.27,terminated
EMP0833,STR0644,Jack,Sanchez,jack.sanchez833@gmail.com,(875) 655-9751,store_manager,2021-02-15,12.25,on_leave
EMP0834,STR0715,Emily,Hernandez,emily.hernandez834@outlook.com,(292) 591-5628,inventory_clerk,2024-10-26,20.75,terminated
EMP0835,STR0351,Ethan,Wilson,ethan.wilson835@icloud.com,(335) 404-1909,pizza_chef,2020-08-27,24.10,on_leave
EMP0836,STR0516,Henry,Taylor,henry.taylor836@example.com,(254) 980-8077,delivery_driver,2018-03-26,12.85,terminated
EMP0837,STR0611,Jack,Walker,jack.walker837@yahoo.com,(242) 895-2924,store_manager,2018-06-24,25.99,active
EMP0838,STR0081,Aria,Jackson,aria.jackson838@gmail.com,(404) 897-3379,delivery_driver,2020-06-29,19.57,active
EMP0839,STR0567,Alexander,Wright,alexander.wright839@outlook.com,(774) 248-6618,pizza_chef,2021-02-03,28.01,active
EMP0840,STR0609,Mason,Davis,mason.davis840@icloud.com,(233) 502-8451,inventory_clerk,2019-04-02,25.44,active
EMP0841,STR0232,Lucas,Johnson,lucas.johnson841@example.com,(681) 894-1114,delivery_driver,2021-07-08,21.55,active
EMP0842,STR0492,Michael,Moore,michael.moore842@gmail.com,(744) 895-3254,inventory_clerk,2021-04-28,29.91,active
EMP0843,STR0400,Chloe,Jones,chloe.jones843@gmail.com,(832) 786-6553,inventory_clerk,2021-03-30,16.88,active
EMP0844,STR0418,Grace,Young,grace.young844@yahoo.com,(617) 384-5066,shift_lead,2022-05-07,26.06,terminated
EMP0845,STR0238,Scarlett,Smith,scarlett.smith845@gmail.com,(341) 967-7297,cashier,2022-01-28,26.80,active
EMP0846,STR0498,Liam,Rodriguez,liam.rodriguez846@example.com,(659) 206-4540,delivery_driver,2022-03-12,22.34,active
EMP0847,STR0243,Alexander,Brown,alexander.brown847@gmail.com,(605) 605-4910,delivery_driver,2022-05-31,28.58,active
EMP0848,STR0909,Olivia,Rodriguez,olivia.rodriguez848@gmail.com,(862) 848-8027,shift_lead,2023-12-15,28.75,terminated
EMP0849,STR0012,Aria,Nguyen,aria.nguyen849@yahoo.com,(800) 244-2937,pizza_chef,2019-05-10,13.17,active
EMP0850,STR0374,Hazel,Johnson,hazel.johnson850@yahoo.com,(223) 822-5297,shift_lead,2019-08-10,15.16,active
EMP0851,STR0583,David,Robinson,david.robinson851@icloud.com,(912) 811-7007,pizza_chef,2022-02-28,29.15,terminated
EMP0852,STR0043,Samuel,Lopez,samuel.lopez852@gmail.com,(838) 933-9739,delivery_driver,2022-05-27,12.86,on_leave
EMP0853,STR0678,Ella,Young,ella.young853@outlook.com,(463) 479-3245,cashier,2021-04-24,18.38,terminated
EMP0854,STR0948,Nora,Jackson,nora.jackson854@outlook.com,(430) 726-2483,cashier,2021-03-14,23.15,terminated
EMP0855,STR0399,Elijah,Scott,elijah.scott855@outlook.com,(844) 558-9673,pizza_chef,2024-09-04,17.67,active
EMP0856,STR0416,Nova,Perez,nova.perez856@yahoo.com,(371) 811-7078,pizza_chef,2022-06-19,14.47,terminated
EMP0857,STR0717,Jackson,Brown,jackson.brown857@icloud.com,(589) 212-4845,delivery_driver,2021-07-13,14.05,on_leave
EMP0858,STR0434,Isabella,Martin,isabella.martin858@gmail.com,(658) 210-5855,delivery_driver,2024-01-29,29.27,active
EMP0859,STR0017,Nova,Clark,nova.clark859@yahoo.com,(401) 561-2030,shift_lead,2022-07-22,22.08,active
EMP0860,STR0698,Emma,White,emma.white860@gmail.com,(269) 651-4774,inventory_clerk,2020-03-26,26.52,active
EMP0861,STR0324,Jacob,Young,jacob.young861@icloud.com,(255) 555-9627,delivery_driver,2019-01-20,23.44,active
EMP0862,STR0310,Isabella,Lopez,isabella.lopez862@gmail.com,(414) 451-6347,shift_lead,2020-11-13,20.85,active
EMP0863,STR0750,Noah,Harris,noah.harris863@outlook.com,(418) 299-6240,inventory_clerk,2020-12-18,30.78,on_leave
EMP0864,STR0741,Aiden,Brown,aiden.brown864@icloud.com,(326) 786-2309,inventory_clerk,2021-07-31,30.65,terminated
EMP0865,STR0988,Aria,Sanchez,aria.sanchez865@outlook.com,(935) 614-4519,delivery_driver,2022-11-16,18.60,active
EMP0866,STR0903,Jack,Thomas,jack.thomas866@outlook.com,(930) 821-9108,shift_lead,2020-03-08,24.54,terminated
EMP0867,STR0978,Logan,Sanchez,logan.sanchez867@gmail.com,(583) 903-8679,cashier,2024-02-19,27.44,active
EMP0868,STR0821,Levi,Walker,levi.walker868@gmail.com,(755) 471-5003,cashier,2023-04-26,28.11,active
EMP0869,STR0027,Riley,Lopez,riley.lopez869@example.com,(568) 642-9009,pizza_chef,2019-11-03,16.34,active
EMP0870,STR0218,Penelope,Hill,penelope.hill870@yahoo.com,(415) 779-7633,shift_lead,2023-05-17,17.18,active
EMP0871,STR0246,Jack,Rodriguez,jack.rodriguez871@yahoo.com,(604) 671-7161,store_manager,2021-08-12,29.19,active
EMP0872,STR0485,Evelyn,Hernandez,evelyn.hernandez872@yahoo.com,(836) 926-3612,pizza_chef,2022-12-05,26.42,active
EMP0873,STR0140,Samuel,Martinez,samuel.martinez873@yahoo.com,(902) 386-1355,store_manager,2018-07-11,13.88,active
EMP0874,STR0194,Emma,Ramirez,emma.ramirez874@yahoo.com,(979) 379-9458,shift_lead,2024-12-01,17.87,active
EMP0875,STR0073,Henry,Young,henry.young875@example.com,(805) 737-3446,store_manager,2025-05-26,12.18,on_leave
EMP0876,STR0337,Alexander,Lee,alexander.lee876@outlook.com,(906) 550-3078,delivery_driver,2018-12-11,13.15,on_leave
EMP0877,STR0707,Emily,Ramirez,emily.ramirez877@example.com,(837) 271-4305,store_manager,2024-05-17,31.19,active
EMP0878,STR0808,Liam,Smith,liam.smith878@outlook.com,(451) 418-3535,pizza_chef,2022-05-31,27.47,on_leave
EMP0879,STR0505,Hazel,Martinez,hazel.martinez879@icloud.com,(678) 678-4577,pizza_chef,2019-06-10,30.78,on_leave
EMP0880,STR0978,Layla,Allen,layla.allen880@icloud.com,(611) 505-8833,cashier,2018-05-19,30.51,on_leave
EMP0881,STR0371,Ava,Wilson,ava.wilson881@gmail.com,(443) 587-1566,shift_lead,2024-04-06,24.29,active
EMP0882,STR0139,Owen,Allen,owen.allen882@outlook.com,(286) 945-1615,inventory_clerk,2021-05-31,21.46,active
EMP0883,STR0920,Layla,Brown,layla.brown883@icloud.com,(476) 218-8116,delivery_driver,2019-06-26,27.63,active
EMP0884,STR0465,Lily,Hernandez,lily.hernandez884@icloud.com,(341) 580-1039,delivery_driver,2022-10-20,28.61,active
EMP0885,STR0196,Olivia,Thomas,olivia.thomas885@example.com,(878) 565-7611,shift_lead,2022-07-17,30.92,active
EMP0886,STR0274,Abigail,Torres,abigail.torres886@outlook.com,(809) 697-4422,cashier,2023-01-09,22.45,active
EMP0887,STR0497,Aiden,Torres,aiden.torres887@example.com,(754) 925-5551,store_manager,2025-08-14,27.79,active
EMP0888,STR0036,Nora,Allen,nora.allen888@example.com,(957) 835-6160,shift_lead,2022-10-17,12.28,active
EMP0889,STR0844,Nora,Wilson,nora.wilson889@icloud.com,(993) 646-5859,pizza_chef,2019-08-09,14.55,active
EMP0890,STR0104,Aiden,Taylor,aiden.taylor890@yahoo.com,(303) 360-9979,store_manager,2022-04-10,26.08,terminated
EMP0891,STR0888,Samuel,Jones,samuel.jones891@gmail.com,(537) 830-5723,store_manager,2025-05-29,30.66,active
EMP0892,STR0717,Evelyn,Johnson,evelyn.johnson892@gmail.com,(386) 901-8379,delivery_driver,2018-01-17,26.83,active
EMP0893,STR0996,Isabella,Gonzalez,isabella.gonzalez893@example.com,(920) 511-9154,shift_lead,2024-08-20,15.45,active
EMP0894,STR0765,Alexander,Sanchez,alexander.sanchez894@example.com,(912) 703-2052,store_manager,2023-03-04,27.49,terminated
EMP0895,STR0462,Lucas,Rodriguez,lucas.rodriguez895@example.com,(858) 759-8914,cashier,2020-04-19,18.60,terminated
EMP0896,STR0535,Abigail,Jones,abigail.jones896@gmail.com,(593) 914-2262,inventory_clerk,2022-05-08,16.00,active
EMP0897,STR0314,Riley,White,riley.white897@icloud.com,(965) 788-9789,shift_lead,2022-06-30,19.83,active
EMP0898,STR0639,Lily,Ramirez,lily.ramirez898@outlook.com,(780) 993-7337,pizza_chef,2022-12-23,29.67,terminated
EMP0899,STR0879,James,Smith,james.smith899@icloud.com,(357) 406-7471,cashier,2024-12-18,13.01,terminated
EMP0900,STR0428,Noah,Torres,noah.torres900@gmail.com,(593) 610-3169,cashier,2019-07-31,13.98,active
EMP0901,STR0701,Ella,Lee,ella.lee901@example.com,(616) 484-6415,delivery_driver,2023-01-16,25.31,terminated
EMP0902,STR0770,Daniel,Lee,daniel.lee902@outlook.com,(705) 560-2636,pizza_chef,2021-09-04,17.10,on_leave
EMP0903,STR0054,Benjamin,Smith,benjamin.smith903@icloud.com,(736) 657-6530,store_manager,2018-01-29,27.74,on_leave
EMP0904,STR0700,Sebastian,Rodriguez,sebastian.rodriguez904@gmail.com,(565) 273-7794,delivery_driver,2021-04-07,19.06,active
EMP0905,STR0914,Sophia,Martinez,sophia.martinez905@outlook.com,(509) 466-2125,store_manager,2019-12-19,23.77,on_leave
EMP0906,STR0821,Abigail,Smith,abigail.smith906@yahoo.com,(406) 741-7660,store_manager,2019-08-12,31.96,active
EMP0907,STR0841,Lily,Anderson,lily.anderson907@icloud.com,(242) 947-2040,delivery_driver,2021-07-27,12.40,active
EMP0908,STR0904,Grace,Gonzalez,grace.gonzalez908@example.com,(505) 474-3521,pizza_chef,2018-07-06,22.25,on_leave
EMP0909,STR0817,Noah,Lopez,noah.lopez909@outlook.com,(948) 249-9856,store_manager,2018-07-05,26.72,active
EMP0910,STR0765,Liam,Hill,liam.hill910@gmail.com,(417) 475-1198,store_manager,2021-02-12,27.40,active
EMP0911,STR0497,Nora,Walker,nora.walker911@example.com,(698) 338-5468,shift_lead,2024-09-08,31.80,terminated
EMP0912,STR0372,Benjamin,Davis,benjamin.davis912@icloud.com,(824) 476-9628,cashier,2020-05-09,17.98,active
EMP0913,STR0772,Logan,Wilson,logan.wilson913@icloud.com,(969) 907-9063,shift_lead,2021-12-20,31.76,active
EMP0914,STR0656,Riley,Lee,riley.lee914@yahoo.com,(786) 457-1308,shift_lead,2023-08-03,23.69,terminated
EMP0915,STR0443,Olivia,Rodriguez,olivia.rodriguez915@gmail.com,(372) 934-5111,shift_lead,2025-05-18,14.94,active
EMP0916,STR0934,Harper,Garcia,harper.garcia916@example.com,(814) 981-3292,shift_lead,2021-12-20,22.41,terminated
EMP0917,STR0865,Liam,Robinson,liam.robinson917@outlook.com,(357) 241-4725,cashier,2020-02-23,23.27,on_leave
EMP0918,STR0293,Aurora,Robinson,aurora.robinson918@example.com,(647) 671-6940,store_manager,2023-04-14,19.31,active
EMP0919,STR0526,Aurora,Martin,aurora.martin919@icloud.com,(955) 473-9563,inventory_clerk,2018-10-01,15.18,active
EMP0920,STR0860,Lily,King,lily.king920@example.com,(527) 856-9519,delivery_driver,2019-06-13,25.93,active
EMP0921,STR0163,Sophia,Torres,sophia.torres921@yahoo.com,(862) 984-4600,pizza_chef,2022-09-18,31.42,on_leave
EMP0922,STR0386,Liam,White,liam.white922@example.com,(974) 486-3715,delivery_driver,2024-02-26,20.40,on_leave
EMP0923,STR0102,Abigail,King,abigail.king923@icloud.com,(397) 916-1040,delivery_driver,2020-05-09,20.06,terminated
EMP0924,STR0095,Ethan,Garcia,ethan.garcia924@example.com,(982) 292-8679,store_manager,2022-03-02,22.01,active
EMP0925,STR0844,David,Martinez,david.martinez925@outlook.com,(548) 776-6118,delivery_driver,2022-04-12,24.46,terminated
EMP0926,STR0242,Liam,Clark,liam.clark926@yahoo.com,(671) 942-3366,pizza_chef,2019-09-18,25.08,active
EMP0927,STR0969,Chloe,Flores,chloe.flores927@example.com,(227) 355-3805,pizza_chef,2023-08-21,21.43,terminated
EMP0928,STR0324,Noah,Williams,noah.williams928@outlook.com,(931) 755-8340,cashier,2022-10-21,25.42,terminated
EMP0929,STR0595,Benjamin,Robinson,benjamin.robinson929@outlook.com,(920) 465-2156,inventory_clerk,2023-01-04,27.82,on_leave
EMP0930,STR0208,Jackson,Lee,jackson.lee930@example.com,(737) 279-9923,store_manager,2021-07-09,24.49,active
EMP0931,STR0527,Chloe,Wilson,chloe.wilson931@gmail.com,(561) 797-2061,shift_lead,2023-03-11,21.88,active
EMP0932,STR0379,Jack,Nguyen,jack.nguyen932@example.com,(823) 980-7399,pizza_chef,2021-05-24,20.10,terminated
EMP0933,STR0564,Ethan,Allen,ethan.allen933@example.com,(653) 620-4364,store_manager,2020-12-15,12.46,active
EMP0934,STR0082,Liam,Walker,liam.walker934@yahoo.com,(443) 807-7539,inventory_clerk,2022-06-21,14.18,active
EMP0935,STR0648,Hazel,Hill,hazel.hill935@outlook.com,(955) 290-9965,store_manager,2018-04-25,14.00,terminated
EMP0936,STR0660,Samuel,Wright,samuel.wright936@icloud.com,(871) 980-2610,store_manager,2023-11-13,27.34,active
EMP0937,STR0938,Samuel,Young,samuel.young937@icloud.com,(597) 932-1600,cashier,2018-01-29,12.94,terminated
EMP0938,STR0799,Isabella,Anderson,isabella.anderson938@yahoo.com,(803) 768-3358,delivery_driver,2023-05-25,23.07,active
EMP0939,STR0679,Harper,Moore,harper.moore939@icloud.com,(877) 511-8440,cashier,2023-09-26,16.85,active
EMP0940,STR0336,Olivia,Clark,olivia.clark940@icloud.com,(723) 828-7779,store_manager,2023-07-04,27.66,active
EMP0941,STR0708,Amelia,Perez,amelia.perez941@icloud.com,(213) 698-8245,pizza_chef,2021-12-22,26.79,active
EMP0942,STR0331,Aurora,Wilson,aurora.wilson942@outlook.com,(548) 847-1699,inventory_clerk,2019-02-15,28.88,active
EMP0943,STR0131,Chloe,Williams,chloe.williams943@gmail.com,(737) 689-4647,store_manager,2022-01-04,17.48,active
EMP0944,STR0377,Evelyn,Williams,evelyn.williams944@example.com,(750) 414-2714,cashier,2021-06-28,18.23,active
EMP0945,STR0942,Zoey,Brown,zoey.brown945@gmail.com,(970) 356-4716,inventory_clerk,2025-04-22,27.87,active
EMP0946,STR0455,Amelia,Sanchez,amelia.sanchez946@gmail.com,(532) 842-7447,store_manager,2024-01-04,24.03,active
EMP0947,STR0633,Aiden,Lewis,aiden.lewis947@icloud.com,(750) 254-3328,pizza_chef,2023-01-19,24.78,active
EMP0948,STR0437,David,Moore,david.moore948@example.com,(498) 469-7750,delivery_driver,2022-01-02,23.49,active
EMP0949,STR0744,Liam,Anderson,liam.anderson949@icloud.com,(505) 222-2087,delivery_driver,2022-09-30,16.36,active
EMP0950,STR0224,Owen,Lee,owen.lee950@icloud.com,(718) 877-4412,cashier,2023-05-20,19.10,on_leave
EMP0951,STR0616,Michael,Lewis,michael.lewis951@yahoo.com,(878) 649-4826,cashier,2019-10-19,22.18,terminated
EMP0952,STR0140,David,Wilson,david.wilson952@example.com,(290) 539-7034,inventory_clerk,2018-06-04,25.24,active
EMP0953,STR0308,Harper,Anderson,harper.anderson953@gmail.com,(584) 954-7108,cashier,2019-12-19,23.00,active
EMP0954,STR0444,Aria,Thomas,aria.thomas954@icloud.com,(224) 677-4396,shift_lead,2024-07-16,17.83,on_leave
EMP0955,STR0181,Zoey,Taylor,zoey.taylor955@gmail.com,(553) 960-6844,store_manager,2022-05-12,17.67,active
EMP0956,STR0759,Hazel,Young,hazel.young956@example.com,(317) 634-2042,delivery_driver,2021-01-01,12.06,active
EMP0957,STR0526,Mia,Hernandez,mia.hernandez957@gmail.com,(614) 778-2176,inventory_clerk,2018-11-12,28.68,active
EMP0958,STR0858,Sophia,Anderson,sophia.anderson958@outlook.com,(883) 691-7334,inventory_clerk,2021-05-13,29.79,terminated
EMP0959,STR0711,Evelyn,Scott,evelyn.scott959@icloud.com,(660) 494-1423,inventory_clerk,2020-04-13,31.92,terminated
EMP0960,STR0415,Layla,Rodriguez,layla.rodriguez960@outlook.com,(880) 852-4954,pizza_chef,2024-01-05,27.41,active
EMP0961,STR0357,Lucas,Ramirez,lucas.ramirez961@gmail.com,(788) 943-7299,inventory_clerk,2025-02-11,28.38,active
EMP0962,STR0387,Jack,Gonzalez,jack.gonzalez962@icloud.com,(670) 326-7185,delivery_driver,2022-08-30,20.28,active
EMP0963,STR0765,Ava,Rodriguez,ava.rodriguez963@icloud.com,(446) 484-3849,cashier,2021-07-07,14.69,active
EMP0964,STR0629,Isabella,Anderson,isabella.anderson964@example.com,(757) 240-2185,pizza_chef,2021-01-05,26.50,on_leave
EMP0965,STR0500,Jack,Anderson,jack.anderson965@outlook.com,(832) 958-1264,cashier,2022-09-21,21.49,on_leave
EMP0966,STR0154,Owen,Jones,owen.jones966@outlook.com,(482) 613-2970,shift_lead,2021-09-03,17.88,terminated
EMP0967,STR0796,Mia,Wilson,mia.wilson967@outlook.com,(264) 668-5981,delivery_driver,2020-10-01,30.16,on_leave
EMP0968,STR0834,Henry,Rodriguez,henry.rodriguez968@gmail.com,(312) 762-7287,pizza_chef,2022-03-24,21.79,active
EMP0969,STR0582,Scarlett,Wilson,scarlett.wilson969@example.com,(968) 565-7248,store_manager,2018-09-30,24.67,active
EMP0970,STR0188,Aiden,Hernandez,aiden.hernandez970@icloud.com,(901) 649-7154,shift_lead,2025-03-03,28.24,active
EMP0971,STR0222,Nora,Williams,nora.williams971@example.com,(531) 202-3931,inventory_clerk,2018-04-18,28.03,active
EMP0972,STR0799,Emma,Wilson,emma.wilson972@outlook.com,(899) 461-7542,delivery_driver,2021-01-15,14.81,terminated
EMP0973,STR0001,Aria,Anderson,aria.anderson973@outlook.com,(680) 973-4951,pizza_chef,2024-06-03,13.32,active
EMP0974,STR0383,Benjamin,Harris,benjamin.harris974@icloud.com,(499) 794-4243,pizza_chef,2018-12-09,19.15,active
EMP0975,STR0539,Evelyn,Nguyen,evelyn.nguyen975@example.com,(677) 803-6190,pizza_chef,2023-02-19,13.27,active
EMP0976,STR0330,Abigail,Smith,abigail.smith976@outlook.com,(449) 651-9119,inventory_clerk,2024-07-16,20.71,active
EMP0977,STR0716,Lily,Gonzalez,lily.gonzalez977@example.com,(582) 714-1845,cashier,2018-08-01,14.00,terminated
EMP0978,STR0320,Zoey,Thomas,zoey.thomas978@yahoo.com,(796) 286-6317,cashier,2018-12-18,30.77,active
EMP0979,STR0548,Harper,Ramirez,harper.ramirez979@icloud.com,(374) 846-2702,cashier,2023-05-26,21.72,terminated
EMP0980,STR0100,Emma,Scott,emma.scott980@gmail.com,(829) 887-7641,inventory_clerk,2023-02-12,22.49,on_leave
EMP0981,STR0780,Henry,Rodriguez,henry.rodriguez981@icloud.com,(254) 616-9977,inventory_clerk,2021-09-16,28.76,active
EMP0982,STR0203,Jacob,Nguyen,jacob.nguyen982@yahoo.com,(938) 273-7099,shift_lead,2025-05-13,15.58,active
EMP0983,STR0055,Ava,Sanchez,ava.sanchez983@yahoo.com,(399) 255-4031,store_manager,2018-05-17,20.63,active
EMP0984,STR0692,Samuel,Perez,samuel.perez984@outlook.com,(341) 372-5723,inventory_clerk,2018-03-19,13.91,active
EMP0985,STR0419,Lucas,Johnson,lucas.johnson985@icloud.com,(237) 305-6161,cashier,2022-07-12,17.12,terminated
EMP0986,STR0098,Riley,Martinez,riley.martinez986@icloud.com,(634) 455-4371,inventory_clerk,2018-03-20,22.39,active
EMP0987,STR0039,Isabella,Rodriguez,isabella.rodriguez987@gmail.com,(527) 437-3137,pizza_chef,2021-02-12,25.30,active
EMP0988,STR0671,Michael,Harris,michael.harris988@gmail.com,(297) 879-1759,cashier,2019-07-27,14.28,active
EMP0989,STR0215,Evelyn,Wright,evelyn.wright989@yahoo.com,(789) 303-4152,pizza_chef,2021-06-10,24.83,active
EMP0990,STR0979,Mason,King,mason.king990@gmail.com,(419) 362-4985,inventory_clerk,2022-04-01,23.95,active
EMP0991,STR0130,Grace,Jackson,grace.jackson991@yahoo.com,(511) 390-9201,delivery_driver,2021-09-27,17.97,active
EMP0992,STR0813,Owen,Lewis,owen.lewis992@gmail.com,(377) 470-9388,delivery_driver,2022-10-20,20.59,active
EMP0993,STR0974,Mason,Brown,mason.brown993@outlook.com,(453) 647-8435,inventory_clerk,2024-07-17,25.40,active
EMP0994,STR0653,Benjamin,Torres,benjamin.torres994@outlook.com,(381) 836-8731,pizza_chef,2024-03-03,19.12,active
EMP0995,STR0983,Alexander,Lopez,alexander.lopez995@icloud.com,(579) 540-2086,shift_lead,2022-04-21,21.76,on_leave
EMP0996,STR0894,Mia,White,mia.white996@example.com,(262) 834-7824,delivery_driver,2020-10-05,18.00,active
EMP0997,STR0256,Zoey,White,zoey.white997@icloud.com,(795) 914-7076,pizza_chef,2020-06-16,17.77,on_leave
EMP0998,STR0445,David,Moore,david.moore998@outlook.com,(882) 438-6538,pizza_chef,2022-06-02,23.22,on_leave
EMP0999,STR0910,Isabella,Torres,isabella.torres999@outlook.com,(965) 455-3524,shift_lead,2024-03-08,16.05,on_leave
EMP1000,STR0305,Jackson,Nguyen,jackson.nguyen1000@gmail.com,(546) 686-2340,pizza_chef,2019-09-10,24.82,on_leave
