membership_id,customer_id,tier_code,tier_name,points_balance,lifetime_points,discount_pct,points_multiplier,status,joined_at,renewal_date,referral_code
MEM0001,CUS0001,BRONZE,Bronze Slice Club,552,630,0.00,1.00,active,2026-05-19,2027-05-19,PIZZA0001
MEM0002,CUS0002,GOLD,Gold Slice Club,823,901,0.10,1.50,active,2026-02-01,2027-02-01,PIZZA0002
MEM0003,CUS0003,PLATINUM,Platinum Slice Club,1134,1230,0.15,2.00,paused,2024-09-18,2025-09-18,PIZZA0003
MEM0004,CUS0004,SILVER,Silver Slice Club,113,576,0.05,1.25,active,2025-12-12,2026-12-12,PIZZA0004
MEM0005,CUS0005,GOLD,Gold Slice Club,787,1003,0.10,1.50,active,2025-06-30,2026-06-30,PIZZA0005
MEM0006,CUS0006,BRONZE,Bronze Slice Club,448,2289,0.00,1.00,paused,2025-08-31,2026-08-31,PIZZA0006
MEM0007,CUS0007,BRONZE,Bronze Slice Club,722,1568,0.00,1.00,active,2025-11-08,2026-11-08,PIZZA0007
MEM0008,CUS0008,PLATINUM,Platinum Slice Club,954,2714,0.15,2.00,paused,2025-06-23,2026-06-23,PIZZA0008
MEM0009,CUS0009,SILVER,Silver Slice Club,105,376,0.05,1.25,active,2025-08-22,2026-08-22,PIZZA0009
MEM0010,CUS0010,SILVER,Silver Slice Club,575,1574,0.05,1.25,active,2025-08-06,2026-08-06,PIZZA0010
MEM0011,CUS0011,SILVER,Silver Slice Club,683,986,0.05,1.25,active,2024-04-04,2025-04-04,PIZZA0011
MEM0012,CUS0012,GOLD,Gold Slice Club,518,612,0.10,1.50,expired,2025-03-04,2026-03-04,PIZZA0012
MEM0013,CUS0013,BRONZE,Bronze Slice Club,629,1178,0.00,1.00,active,2025-08-24,2026-08-24,PIZZA0013
MEM0014,CUS0014,PLATINUM,Platinum Slice Club,874,2552,0.15,2.00,active,2026-05-18,2027-05-18,PIZZA0014
MEM0015,CUS0015,PLATINUM,Platinum Slice Club,948,2821,0.15,2.00,active,2024-05-30,2025-05-30,PIZZA0015
MEM0016,CUS0016,GOLD,Gold Slice Club,922,1036,0.10,1.50,active,2024-07-01,2025-07-01,PIZZA0016
MEM0017,CUS0017,BRONZE,Bronze Slice Club,398,1058,0.00,1.00,expired,2025-11-10,2026-11-10,PIZZA0017
MEM0018,CUS0018,GOLD,Gold Slice Club,444,2410,0.10,1.50,active,2026-03-11,2027-03-11,PIZZA0018
MEM0019,CUS0019,SILVER,Silver Slice Club,824,835,0.05,1.25,active,2024-02-12,2025-02-11,PIZZA0019
MEM0020,CUS0020,PLATINUM,Platinum Slice Club,630,2066,0.15,2.00,active,2024-04-06,2025-04-06,PIZZA0020
MEM0021,CUS0021,PLATINUM,Platinum Slice Club,1125,2217,0.15,2.00,expired,2024-01-03,2025-01-02,PIZZA0021
MEM0022,CUS0022,PLATINUM,Platinum Slice Club,793,1358,0.15,2.00,expired,2024-02-29,2025-02-28,PIZZA0022
MEM0023,CUS0023,SILVER,Silver Slice Club,431,1708,0.05,1.25,active,2025-12-31,2026-12-31,PIZZA0023
MEM0024,CUS0024,GOLD,Gold Slice Club,628,2437,0.10,1.50,expired,2025-03-15,2026-03-15,PIZZA0024
MEM0025,CUS0025,BRONZE,Bronze Slice Club,765,1900,0.00,1.00,active,2025-05-04,2026-05-04,PIZZA0025
MEM0026,CUS0026,BRONZE,Bronze Slice Club,481,511,0.00,1.00,active,2025-02-12,2026-02-12,PIZZA0026
MEM0027,CUS0027,PLATINUM,Platinum Slice Club,990,1038,0.15,2.00,active,2026-04-03,2027-04-03,PIZZA0027
MEM0028,CUS0028,PLATINUM,Platinum Slice Club,669,1423,0.15,2.00,active,2025-10-23,2026-10-23,PIZZA0028
MEM0029,CUS0029,SILVER,Silver Slice Club,752,2685,0.05,1.25,active,2024-01-08,2025-01-07,PIZZA0029
MEM0030,CUS0030,GOLD,Gold Slice Club,271,2104,0.10,1.50,expired,2024-03-18,2025-03-18,PIZZA0030
MEM0031,CUS0031,GOLD,Gold Slice Club,486,1097,0.10,1.50,paused,2026-02-01,2027-02-01,PIZZA0031
MEM0032,CUS0032,SILVER,Silver Slice Club,570,2156,0.05,1.25,active,2026-04-22,2027-04-22,PIZZA0032
MEM0033,CUS0033,GOLD,Gold Slice Club,646,1275,0.10,1.50,active,2024-10-06,2025-10-06,PIZZA0033
MEM0034,CUS0034,PLATINUM,Platinum Slice Club,922,1259,0.15,2.00,expired,2024-09-05,2025-09-05,PIZZA0034
MEM0035,CUS0035,GOLD,Gold Slice Club,605,940,0.10,1.50,active,2024-01-05,2025-01-04,PIZZA0035
MEM0036,CUS0036,GOLD,Gold Slice Club,338,364,0.10,1.50,active,2024-12-13,2025-12-13,PIZZA0036
MEM0037,CUS0037,SILVER,Silver Slice Club,419,568,0.05,1.25,active,2026-04-13,2027-04-13,PIZZA0037
MEM0038,CUS0038,GOLD,Gold Slice Club,269,655,0.10,1.50,active,2024-03-28,2025-03-28,PIZZA0038
MEM0039,CUS0039,SILVER,Silver Slice Club,529,694,0.05,1.25,active,2025-01-28,2026-01-28,PIZZA0039
MEM0040,CUS0040,PLATINUM,Platinum Slice Club,922,1892,0.15,2.00,active,2026-05-09,2027-05-09,PIZZA0040
MEM0041,CUS0041,BRONZE,Bronze Slice Club,125,551,0.00,1.00,expired,2025-07-15,2026-07-15,PIZZA0041
MEM0042,CUS0042,BRONZE,Bronze Slice Club,650,1197,0.00,1.00,active,2026-04-04,2027-04-04,PIZZA0042
MEM0043,CUS0043,BRONZE,Bronze Slice Club,766,955,0.00,1.00,active,2025-07-11,2026-07-11,PIZZA0043
MEM0044,CUS0044,BRONZE,Bronze Slice Club,22,2004,0.00,1.00,active,2024-07-16,2025-07-16,PIZZA0044
MEM0045,CUS0045,PLATINUM,Platinum Slice Club,1047,2941,0.15,2.00,active,2025-02-05,2026-02-05,PIZZA0045
MEM0046,CUS0046,GOLD,Gold Slice Club,219,897,0.10,1.50,paused,2025-08-03,2026-08-03,PIZZA0046
MEM0047,CUS0047,SILVER,Silver Slice Club,840,1155,0.05,1.25,paused,2024-12-02,2025-12-02,PIZZA0047
MEM0048,CUS0048,PLATINUM,Platinum Slice Club,1192,1975,0.15,2.00,expired,2024-08-14,2025-08-14,PIZZA0048
MEM0049,CUS0049,GOLD,Gold Slice Club,381,1427,0.10,1.50,paused,2025-11-27,2026-11-27,PIZZA0049
MEM0050,CUS0050,SILVER,Silver Slice Club,630,2546,0.05,1.25,active,2024-03-06,2025-03-06,PIZZA0050
MEM0051,CUS0051,GOLD,Gold Slice Club,358,1592,0.10,1.50,active,2024-10-04,2025-10-04,PIZZA0051
MEM0052,CUS0052,PLATINUM,Platinum Slice Club,775,1620,0.15,2.00,active,2024-03-20,2025-03-20,PIZZA0052
MEM0053,CUS0053,PLATINUM,Platinum Slice Club,849,1014,0.15,2.00,active,2024-03-11,2025-03-11,PIZZA0053
MEM0054,CUS0054,GOLD,Gold Slice Club,358,1335,0.10,1.50,active,2024-07-10,2025-07-10,PIZZA0054
MEM0055,CUS0055,GOLD,Gold Slice Club,290,1611,0.10,1.50,active,2024-05-14,2025-05-14,PIZZA0055
MEM0056,CUS0056,BRONZE,Bronze Slice Club,227,2057,0.00,1.00,paused,2026-05-31,2027-05-31,PIZZA0056
MEM0057,CUS0057,PLATINUM,Platinum Slice Club,694,2475,0.15,2.00,active,2026-06-18,2027-06-18,PIZZA0057
MEM0058,CUS0058,PLATINUM,Platinum Slice Club,612,2594,0.15,2.00,paused,2025-04-07,2026-04-07,PIZZA0058
MEM0059,CUS0059,GOLD,Gold Slice Club,236,1583,0.10,1.50,active,2024-10-30,2025-10-30,PIZZA0059
MEM0060,CUS0060,GOLD,Gold Slice Club,436,1199,0.10,1.50,paused,2026-07-15,2027-07-15,PIZZA0060
MEM0061,CUS0061,BRONZE,Bronze Slice Club,32,1576,0.00,1.00,expired,2025-07-26,2026-07-26,PIZZA0061
MEM0062,CUS0062,GOLD,Gold Slice Club,450,1231,0.10,1.50,active,2024-06-18,2025-06-18,PIZZA0062
MEM0063,CUS0063,BRONZE,Bronze Slice Club,458,1722,0.00,1.00,expired,2026-04-10,2027-04-10,PIZZA0063
MEM0064,CUS0064,PLATINUM,Platinum Slice Club,1199,1666,0.15,2.00,active,2025-09-30,2026-09-30,PIZZA0064
MEM0065,CUS0065,BRONZE,Bronze Slice Club,203,219,0.00,1.00,active,2024-07-19,2025-07-19,PIZZA0065
MEM0066,CUS0066,SILVER,Silver Slice Club,296,1960,0.05,1.25,active,2024-11-22,2025-11-22,PIZZA0066
MEM0067,CUS0067,SILVER,Silver Slice Club,727,1894,0.05,1.25,paused,2024-06-10,2025-06-10,PIZZA0067
MEM0068,CUS0068,BRONZE,Bronze Slice Club,332,387,0.00,1.00,expired,2024-08-13,2025-08-13,PIZZA0068
MEM0069,CUS0069,SILVER,Silver Slice Club,66,595,0.05,1.25,active,2026-02-09,2027-02-09,PIZZA0069
MEM0070,CUS0070,BRONZE,Bronze Slice Club,251,1837,0.00,1.00,expired,2025-04-27,2026-04-27,PIZZA0070
MEM0071,CUS0071,PLATINUM,Platinum Slice Club,839,1893,0.15,2.00,active,2025-08-12,2026-08-12,PIZZA0071
MEM0072,CUS0072,PLATINUM,Platinum Slice Club,911,2246,0.15,2.00,active,2024-03-03,2025-03-03,PIZZA0072
MEM0073,CUS0073,PLATINUM,Platinum Slice Club,1155,1483,0.15,2.00,paused,2024-03-07,2025-03-07,PIZZA0073
MEM0074,CUS0074,GOLD,Gold Slice Club,901,1937,0.10,1.50,expired,2026-01-10,2027-01-10,PIZZA0074
MEM0075,CUS0075,PLATINUM,Platinum Slice Club,607,1453,0.15,2.00,expired,2025-10-25,2026-10-25,PIZZA0075
MEM0076,CUS0076,BRONZE,Bronze Slice Club,210,2198,0.00,1.00,paused,2025-07-08,2026-07-08,PIZZA0076
MEM0077,CUS0077,SILVER,Silver Slice Club,109,1835,0.05,1.25,expired,2026-04-03,2027-04-03,PIZZA0077
MEM0078,CUS0078,SILVER,Silver Slice Club,244,2052,0.05,1.25,active,2024-11-08,2025-11-08,PIZZA0078
MEM0079,CUS0079,PLATINUM,Platinum Slice Club,495,1741,0.15,2.00,expired,2024-02-16,2025-02-15,PIZZA0079
MEM0080,CUS0080,SILVER,Silver Slice Club,525,1548,0.05,1.25,active,2025-04-02,2026-04-02,PIZZA0080
MEM0081,CUS0081,PLATINUM,Platinum Slice Club,501,1573,0.15,2.00,paused,2025-07-16,2026-07-16,PIZZA0081
MEM0082,CUS0082,SILVER,Silver Slice Club,53,1206,0.05,1.25,expired,2024-06-11,2025-06-11,PIZZA0082
MEM0083,CUS0083,PLATINUM,Platinum Slice Club,813,1755,0.15,2.00,expired,2024-10-19,2025-10-19,PIZZA0083
MEM0084,CUS0084,SILVER,Silver Slice Club,714,2045,0.05,1.25,active,2026-02-24,2027-02-24,PIZZA0084
MEM0085,CUS0085,PLATINUM,Platinum Slice Club,987,1780,0.15,2.00,active,2026-04-26,2027-04-26,PIZZA0085
MEM0086,CUS0086,BRONZE,Bronze Slice Club,793,2603,0.00,1.00,paused,2025-08-11,2026-08-11,PIZZA0086
MEM0087,CUS0087,BRONZE,Bronze Slice Club,498,1702,0.00,1.00,active,2024-09-05,2025-09-05,PIZZA0087
MEM0088,CUS0088,GOLD,Gold Slice Club,528,879,0.10,1.50,expired,2024-09-11,2025-09-11,PIZZA0088
MEM0089,CUS0089,GOLD,Gold Slice Club,480,1511,0.10,1.50,active,2025-08-09,2026-08-09,PIZZA0089
MEM0090,CUS0090,PLATINUM,Platinum Slice Club,1194,1347,0.15,2.00,paused,2026-04-28,2027-04-28,PIZZA0090
MEM0091,CUS0091,SILVER,Silver Slice Club,696,1280,0.05,1.25,active,2024-08-31,2025-08-31,PIZZA0091
MEM0092,CUS0092,PLATINUM,Platinum Slice Club,853,870,0.15,2.00,active,2026-07-28,2027-07-28,PIZZA0092
MEM0093,CUS0093,BRONZE,Bronze Slice Club,570,697,0.00,1.00,expired,2024-03-05,2025-03-05,PIZZA0093
MEM0094,CUS0094,SILVER,Silver Slice Club,622,2106,0.05,1.25,active,2025-02-15,2026-02-15,PIZZA0094
MEM0095,CUS0095,GOLD,Gold Slice Club,413,2273,0.10,1.50,expired,2025-02-05,2026-02-05,PIZZA0095
MEM0096,CUS0096,PLATINUM,Platinum Slice Club,987,1078,0.15,2.00,active,2026-05-06,2027-05-06,PIZZA0096
MEM0097,CUS0097,SILVER,Silver Slice Club,311,1163,0.05,1.25,active,2024-10-26,2025-10-26,PIZZA0097
MEM0098,CUS0098,PLATINUM,Platinum Slice Club,1153,2452,0.15,2.00,active,2025-12-12,2026-12-12,PIZZA0098
MEM0099,CUS0099,PLATINUM,Platinum Slice Club,587,791,0.15,2.00,active,2024-04-03,2025-04-03,PIZZA0099
MEM0100,CUS0100,BRONZE,Bronze Slice Club,704,764,0.00,1.00,paused,2026-02-22,2027-02-22,PIZZA0100
MEM0101,CUS0101,PLATINUM,Platinum Slice Club,704,818,0.15,2.00,active,2025-10-07,2026-10-07,PIZZA0101
MEM0102,CUS0102,PLATINUM,Platinum Slice Club,627,1938,0.15,2.00,active,2025-04-17,2026-04-17,PIZZA0102
MEM0103,CUS0103,PLATINUM,Platinum Slice Club,408,2132,0.15,2.00,active,2026-05-13,2027-05-13,PIZZA0103
MEM0104,CUS0104,PLATINUM,Platinum Slice Club,577,2465,0.15,2.00,active,2026-03-25,2027-03-25,PIZZA0104
MEM0105,CUS0105,SILVER,Silver Slice Club,159,418,0.05,1.25,paused,2025-11-13,2026-11-13,PIZZA0105
MEM0106,CUS0106,PLATINUM,Platinum Slice Club,694,2527,0.15,2.00,active,2024-02-06,2025-02-05,PIZZA0106
MEM0107,CUS0107,GOLD,Gold Slice Club,648,1754,0.10,1.50,active,2025-05-12,2026-05-12,PIZZA0107
MEM0108,CUS0108,SILVER,Silver Slice Club,255,1718,0.05,1.25,active,2025-11-14,2026-11-14,PIZZA0108
MEM0109,CUS0109,GOLD,Gold Slice Club,272,1993,0.10,1.50,paused,2024-09-16,2025-09-16,PIZZA0109
MEM0110,CUS0110,GOLD,Gold Slice Club,290,843,0.10,1.50,paused,2025-08-25,2026-08-25,PIZZA0110
MEM0111,CUS0111,GOLD,Gold Slice Club,402,804,0.10,1.50,active,2025-01-26,2026-01-26,PIZZA0111
MEM0112,CUS0112,PLATINUM,Platinum Slice Club,562,1482,0.15,2.00,active,2026-04-26,2027-04-26,PIZZA0112
MEM0113,CUS0113,BRONZE,Bronze Slice Club,664,2433,0.00,1.00,expired,2025-06-30,2026-06-30,PIZZA0113
MEM0114,CUS0114,PLATINUM,Platinum Slice Club,845,1121,0.15,2.00,active,2025-09-26,2026-09-26,PIZZA0114
MEM0115,CUS0115,GOLD,Gold Slice Club,601,1667,0.10,1.50,active,2024-01-23,2025-01-22,PIZZA0115
MEM0116,CUS0116,PLATINUM,Platinum Slice Club,413,1977,0.15,2.00,active,2025-01-28,2026-01-28,PIZZA0116
MEM0117,CUS0117,GOLD,Gold Slice Club,609,1211,0.10,1.50,paused,2025-11-18,2026-11-18,PIZZA0117
MEM0118,CUS0118,PLATINUM,Platinum Slice Club,519,1747,0.15,2.00,expired,2024-08-04,2025-08-04,PIZZA0118
MEM0119,CUS0119,PLATINUM,Platinum Slice Club,1078,1726,0.15,2.00,paused,2026-03-05,2027-03-05,PIZZA0119
MEM0120,CUS0120,GOLD,Gold Slice Club,473,2322,0.10,1.50,active,2024-07-13,2025-07-13,PIZZA0120
MEM0121,CUS0121,GOLD,Gold Slice Club,419,1103,0.10,1.50,expired,2024-08-20,2025-08-20,PIZZA0121
MEM0122,CUS0122,PLATINUM,Platinum Slice Club,865,1222,0.15,2.00,expired,2025-09-16,2026-09-16,PIZZA0122
MEM0123,CUS0123,SILVER,Silver Slice Club,671,783,0.05,1.25,paused,2026-06-08,2027-06-08,PIZZA0123
MEM0124,CUS0124,SILVER,Silver Slice Club,785,1645,0.05,1.25,paused,2024-07-29,2025-07-29,PIZZA0124
MEM0125,CUS0125,GOLD,Gold Slice Club,593,1957,0.10,1.50,active,2024-03-09,2025-03-09,PIZZA0125
MEM0126,CUS0126,BRONZE,Bronze Slice Club,792,1324,0.00,1.00,active,2025-05-03,2026-05-03,PIZZA0126
MEM0127,CUS0127,SILVER,Silver Slice Club,217,1114,0.05,1.25,active,2026-03-14,2027-03-14,PIZZA0127
MEM0128,CUS0128,PLATINUM,Platinum Slice Club,938,1385,0.15,2.00,active,2026-04-15,2027-04-15,PIZZA0128
MEM0129,CUS0129,SILVER,Silver Slice Club,599,1963,0.05,1.25,expired,2024-11-11,2025-11-11,PIZZA0129
MEM0130,CUS0130,PLATINUM,Platinum Slice Club,558,1291,0.15,2.00,active,2024-08-02,2025-08-02,PIZZA0130
MEM0131,CUS0131,PLATINUM,Platinum Slice Club,1157,2019,0.15,2.00,active,2026-02-17,2027-02-17,PIZZA0131
MEM0132,CUS0132,PLATINUM,Platinum Slice Club,488,611,0.15,2.00,active,2025-10-31,2026-10-31,PIZZA0132
MEM0133,CUS0133,GOLD,Gold Slice Club,531,1549,0.10,1.50,active,2025-09-15,2026-09-15,PIZZA0133
MEM0134,CUS0134,BRONZE,Bronze Slice Club,319,730,0.00,1.00,paused,2026-05-19,2027-05-19,PIZZA0134
MEM0135,CUS0135,BRONZE,Bronze Slice Club,790,1977,0.00,1.00,active,2025-04-19,2026-04-19,PIZZA0135
MEM0136,CUS0136,PLATINUM,Platinum Slice Club,892,1366,0.15,2.00,active,2024-08-14,2025-08-14,PIZZA0136
MEM0137,CUS0137,BRONZE,Bronze Slice Club,32,139,0.00,1.00,active,2025-09-11,2026-09-11,PIZZA0137
MEM0138,CUS0138,SILVER,Silver Slice Club,472,2236,0.05,1.25,active,2025-10-27,2026-10-27,PIZZA0138
MEM0139,CUS0139,PLATINUM,Platinum Slice Club,999,2636,0.15,2.00,paused,2024-02-26,2025-02-25,PIZZA0139
MEM0140,CUS0140,BRONZE,Bronze Slice Club,619,2222,0.00,1.00,active,2025-03-18,2026-03-18,PIZZA0140
MEM0141,CUS0141,BRONZE,Bronze Slice Club,48,1271,0.00,1.00,active,2024-01-11,2025-01-10,PIZZA0141
MEM0142,CUS0142,PLATINUM,Platinum Slice Club,764,2473,0.15,2.00,expired,2025-09-01,2026-09-01,PIZZA0142
MEM0143,CUS0143,GOLD,Gold Slice Club,497,2427,0.10,1.50,active,2025-04-25,2026-04-25,PIZZA0143
MEM0144,CUS0144,SILVER,Silver Slice Club,105,301,0.05,1.25,paused,2024-03-01,2025-03-01,PIZZA0144
MEM0145,CUS0145,GOLD,Gold Slice Club,283,1623,0.10,1.50,paused,2025-09-13,2026-09-13,PIZZA0145
MEM0146,CUS0146,GOLD,Gold Slice Club,154,2020,0.10,1.50,active,2024-08-31,2025-08-31,PIZZA0146
MEM0147,CUS0147,SILVER,Silver Slice Club,398,1760,0.05,1.25,expired,2024-07-22,2025-07-22,PIZZA0147
MEM0148,CUS0148,PLATINUM,Platinum Slice Club,457,1479,0.15,2.00,active,2024-11-03,2025-11-03,PIZZA0148
MEM0149,CUS0149,SILVER,Silver Slice Club,471,1283,0.05,1.25,active,2024-06-18,2025-06-18,PIZZA0149
MEM0150,CUS0150,PLATINUM,Platinum Slice Club,508,601,0.15,2.00,paused,2026-06-04,2027-06-04,PIZZA0150
MEM0151,CUS0151,BRONZE,Bronze Slice Club,695,2062,0.00,1.00,paused,2026-04-07,2027-04-07,PIZZA0151
MEM0152,CUS0152,BRONZE,Bronze Slice Club,506,696,0.00,1.00,active,2024-07-02,2025-07-02,PIZZA0152
MEM0153,CUS0153,GOLD,Gold Slice Club,804,1104,0.10,1.50,active,2024-01-02,2025-01-01,PIZZA0153
MEM0154,CUS0154,BRONZE,Bronze Slice Club,416,968,0.00,1.00,active,2024-02-05,2025-02-04,PIZZA0154
MEM0155,CUS0155,SILVER,Silver Slice Club,480,2339,0.05,1.25,active,2025-12-13,2026-12-13,PIZZA0155
MEM0156,CUS0156,SILVER,Silver Slice Club,639,1962,0.05,1.25,active,2025-04-27,2026-04-27,PIZZA0156
MEM0157,CUS0157,PLATINUM,Platinum Slice Club,543,2422,0.15,2.00,paused,2025-06-10,2026-06-10,PIZZA0157
MEM0158,CUS0158,GOLD,Gold Slice Club,477,2470,0.10,1.50,active,2024-04-04,2025-04-04,PIZZA0158
MEM0159,CUS0159,GOLD,Gold Slice Club,652,2028,0.10,1.50,active,2026-02-14,2027-02-14,PIZZA0159
MEM0160,CUS0160,BRONZE,Bronze Slice Club,421,451,0.00,1.00,active,2024-05-07,2025-05-07,PIZZA0160
MEM0161,CUS0161,GOLD,Gold Slice Club,510,903,0.10,1.50,expired,2026-06-09,2027-06-09,PIZZA0161
MEM0162,CUS0162,PLATINUM,Platinum Slice Club,767,1994,0.15,2.00,expired,2025-06-17,2026-06-17,PIZZA0162
MEM0163,CUS0163,PLATINUM,Platinum Slice Club,977,2885,0.15,2.00,active,2025-05-06,2026-05-06,PIZZA0163
MEM0164,CUS0164,BRONZE,Bronze Slice Club,741,883,0.00,1.00,active,2025-02-08,2026-02-08,PIZZA0164
MEM0165,CUS0165,GOLD,Gold Slice Club,692,2202,0.10,1.50,active,2024-09-11,2025-09-11,PIZZA0165
MEM0166,CUS0166,SILVER,Silver Slice Club,151,968,0.05,1.25,active,2024-03-18,2025-03-18,PIZZA0166
MEM0167,CUS0167,SILVER,Silver Slice Club,724,1228,0.05,1.25,active,2024-02-02,2025-02-01,PIZZA0167
MEM0168,CUS0168,PLATINUM,Platinum Slice Club,1121,1692,0.15,2.00,active,2025-12-12,2026-12-12,PIZZA0168
MEM0169,CUS0169,GOLD,Gold Slice Club,383,1971,0.10,1.50,active,2024-12-19,2025-12-19,PIZZA0169
MEM0170,CUS0170,GOLD,Gold Slice Club,845,1780,0.10,1.50,expired,2025-06-20,2026-06-20,PIZZA0170
MEM0171,CUS0171,PLATINUM,Platinum Slice Club,1109,2426,0.15,2.00,active,2026-02-14,2027-02-14,PIZZA0171
MEM0172,CUS0172,BRONZE,Bronze Slice Club,483,2414,0.00,1.00,paused,2025-04-03,2026-04-03,PIZZA0172
MEM0173,CUS0173,SILVER,Silver Slice Club,701,2004,0.05,1.25,paused,2025-02-11,2026-02-11,PIZZA0173
MEM0174,CUS0174,GOLD,Gold Slice Club,303,1914,0.10,1.50,expired,2026-01-17,2027-01-17,PIZZA0174
MEM0175,CUS0175,SILVER,Silver Slice Club,155,1307,0.05,1.25,active,2025-04-04,2026-04-04,PIZZA0175
MEM0176,CUS0176,PLATINUM,Platinum Slice Club,1042,2880,0.15,2.00,active,2025-12-01,2026-12-01,PIZZA0176
MEM0177,CUS0177,BRONZE,Bronze Slice Club,610,1782,0.00,1.00,paused,2024-02-20,2025-02-19,PIZZA0177
MEM0178,CUS0178,GOLD,Gold Slice Club,327,1583,0.10,1.50,expired,2025-03-29,2026-03-29,PIZZA0178
MEM0179,CUS0179,SILVER,Silver Slice Club,633,1140,0.05,1.25,active,2026-06-18,2027-06-18,PIZZA0179
MEM0180,CUS0180,PLATINUM,Platinum Slice Club,534,782,0.15,2.00,active,2025-02-07,2026-02-07,PIZZA0180
MEM0181,CUS0181,SILVER,Silver Slice Club,414,1450,0.05,1.25,active,2025-10-20,2026-10-20,PIZZA0181
MEM0182,CUS0182,PLATINUM,Platinum Slice Club,1184,1552,0.15,2.00,active,2024-03-19,2025-03-19,PIZZA0182
MEM0183,CUS0183,BRONZE,Bronze Slice Club,350,1667,0.00,1.00,active,2024-01-04,2025-01-03,PIZZA0183
MEM0184,CUS0184,PLATINUM,Platinum Slice Club,986,2149,0.15,2.00,active,2026-05-26,2027-05-26,PIZZA0184
MEM0185,CUS0185,GOLD,Gold Slice Club,911,1445,0.10,1.50,active,2026-04-01,2027-04-01,PIZZA0185
MEM0186,CUS0186,GOLD,Gold Slice Club,537,1254,0.10,1.50,active,2025-06-29,2026-06-29,PIZZA0186
MEM0187,CUS0187,SILVER,Silver Slice Club,343,761,0.05,1.25,active,2024-12-12,2025-12-12,PIZZA0187
MEM0188,CUS0188,GOLD,Gold Slice Club,883,2663,0.10,1.50,paused,2024-03-28,2025-03-28,PIZZA0188
MEM0189,CUS0189,BRONZE,Bronze Slice Club,790,831,0.00,1.00,paused,2026-03-09,2027-03-09,PIZZA0189
MEM0190,CUS0190,SILVER,Silver Slice Club,801,1291,0.05,1.25,expired,2024-04-20,2025-04-20,PIZZA0190
MEM0191,CUS0191,GOLD,Gold Slice Club,394,1054,0.10,1.50,paused,2025-03-30,2026-03-30,PIZZA0191
MEM0192,CUS0192,GOLD,Gold Slice Club,784,826,0.10,1.50,paused,2025-05-21,2026-05-21,PIZZA0192
MEM0193,CUS0193,SILVER,Silver Slice Club,209,1280,0.05,1.25,active,2024-07-11,2025-07-11,PIZZA0193
MEM0194,CUS0194,BRONZE,Bronze Slice Club,73,446,0.00,1.00,paused,2024-06-05,2025-06-05,PIZZA0194
MEM0195,CUS0195,GOLD,Gold Slice Club,246,2236,0.10,1.50,expired,2024-08-24,2025-08-24,PIZZA0195
MEM0196,CUS0196,BRONZE,Bronze Slice Club,262,799,0.00,1.00,paused,2025-05-11,2026-05-11,PIZZA0196
MEM0197,CUS0197,SILVER,Silver Slice Club,700,2689,0.05,1.25,paused,2025-12-22,2026-12-22,PIZZA0197
MEM0198,CUS0198,BRONZE,Bronze Slice Club,59,816,0.00,1.00,active,2026-01-27,2027-01-27,PIZZA0198
MEM0199,CUS0199,PLATINUM,Platinum Slice Club,1036,1795,0.15,2.00,active,2024-02-09,2025-02-08,PIZZA0199
MEM0200,CUS0200,PLATINUM,Platinum Slice Club,794,2163,0.15,2.00,active,2024-07-21,2025-07-21,PIZZA0200
MEM0201,CUS0201,SILVER,Silver Slice Club,464,831,0.05,1.25,active,2025-11-20,2026-11-20,PIZZA0201
MEM0202,CUS0202,SILVER,Silver Slice Club,487,1172,0.05,1.25,paused,2024-07-21,2025-07-21,PIZZA0202
MEM0203,CUS0203,SILVER,Silver Slice Club,837,1852,0.05,1.25,expired,2024-01-06,2025-01-05,PIZZA0203
MEM0204,CUS0204,BRONZE,Bronze Slice Club,756,1761,0.00,1.00,active,2025-01-31,2026-01-31,PIZZA0204
MEM0205,CUS0205,PLATINUM,Platinum Slice Club,1036,2656,0.15,2.00,active,2026-03-08,2027-03-08,PIZZA0205
MEM0206,CUS0206,PLATINUM,Platinum Slice Club,929,1950,0.15,2.00,paused,2026-07-28,2027-07-28,PIZZA0206
MEM0207,CUS0207,GOLD,Gold Slice Club,867,2854,0.10,1.50,active,2024-09-10,2025-09-10,PIZZA0207
MEM0208,CUS0208,PLATINUM,Platinum Slice Club,798,1956,0.15,2.00,active,2024-10-30,2025-10-30,PIZZA0208
MEM0209,CUS0209,GOLD,Gold Slice Club,433,981,0.10,1.50,active,2025-07-16,2026-07-16,PIZZA0209
MEM0210,CUS0210,SILVER,Silver Slice Club,421,1347,0.05,1.25,expired,2026-02-26,2027-02-26,PIZZA0210
MEM0211,CUS0211,SILVER,Silver Slice Club,219,1037,0.05,1.25,active,2026-03-30,2027-03-30,PIZZA0211
MEM0212,CUS0212,BRONZE,Bronze Slice Club,429,2074,0.00,1.00,active,2024-06-05,2025-06-05,PIZZA0212
MEM0213,CUS0213,BRONZE,Bronze Slice Club,617,2098,0.00,1.00,expired,2025-05-05,2026-05-05,PIZZA0213
MEM0214,CUS0214,GOLD,Gold Slice Club,643,2544,0.10,1.50,active,2024-09-15,2025-09-15,PIZZA0214
MEM0215,CUS0215,PLATINUM,Platinum Slice Club,1158,2169,0.15,2.00,active,2026-04-24,2027-04-24,PIZZA0215
MEM0216,CUS0216,GOLD,Gold Slice Club,902,1360,0.10,1.50,active,2025-05-30,2026-05-30,PIZZA0216
MEM0217,CUS0217,SILVER,Silver Slice Club,713,1626,0.05,1.25,expired,2024-04-20,2025-04-20,PIZZA0217
MEM0218,CUS0218,SILVER,Silver Slice Club,731,1167,0.05,1.25,active,2024-04-20,2025-04-20,PIZZA0218
MEM0219,CUS0219,PLATINUM,Platinum Slice Club,792,2593,0.15,2.00,active,2025-05-27,2026-05-27,PIZZA0219
MEM0220,CUS0220,PLATINUM,Platinum Slice Club,875,1652,0.15,2.00,active,2024-05-27,2025-05-27,PIZZA0220
MEM0221,CUS0221,BRONZE,Bronze Slice Club,115,1758,0.00,1.00,active,2024-08-09,2025-08-09,PIZZA0221
MEM0222,CUS0222,BRONZE,Bronze Slice Club,175,1196,0.00,1.00,expired,2024-03-08,2025-03-08,PIZZA0222
MEM0223,CUS0223,PLATINUM,Platinum Slice Club,1078,2328,0.15,2.00,expired,2025-04-23,2026-04-23,PIZZA0223
MEM0224,CUS0224,GOLD,Gold Slice Club,836,2710,0.10,1.50,paused,2026-03-21,2027-03-21,PIZZA0224
MEM0225,CUS0225,BRONZE,Bronze Slice Club,359,606,0.00,1.00,active,2024-01-09,2025-01-08,PIZZA0225
MEM0226,CUS0226,GOLD,Gold Slice Club,675,2513,0.10,1.50,active,2024-12-19,2025-12-19,PIZZA0226
MEM0227,CUS0227,PLATINUM,Platinum Slice Club,497,1754,0.15,2.00,active,2024-10-27,2025-10-27,PIZZA0227
MEM0228,CUS0228,GOLD,Gold Slice Club,657,2366,0.10,1.50,paused,2024-12-01,2025-12-01,PIZZA0228
MEM0229,CUS0229,SILVER,Silver Slice Club,797,1936,0.05,1.25,paused,2024-09-22,2025-09-22,PIZZA0229
MEM0230,CUS0230,SILVER,Silver Slice Club,343,1726,0.05,1.25,paused,2026-02-12,2027-02-12,PIZZA0230
MEM0231,CUS0231,SILVER,Silver Slice Club,454,2319,0.05,1.25,expired,2024-10-05,2025-10-05,PIZZA0231
MEM0232,CUS0232,PLATINUM,Platinum Slice Club,599,780,0.15,2.00,active,2025-05-08,2026-05-08,PIZZA0232
MEM0233,CUS0233,GOLD,Gold Slice Club,834,1366,0.10,1.50,active,2024-09-11,2025-09-11,PIZZA0233
MEM0234,CUS0234,PLATINUM,Platinum Slice Club,1072,1125,0.15,2.00,paused,2024-07-27,2025-07-27,PIZZA0234
MEM0235,CUS0235,GOLD,Gold Slice Club,767,1161,0.10,1.50,active,2025-11-24,2026-11-24,PIZZA0235
MEM0236,CUS0236,GOLD,Gold Slice Club,407,1746,0.10,1.50,expired,2025-04-11,2026-04-11,PIZZA0236
MEM0237,CUS0237,GOLD,Gold Slice Club,757,2203,0.10,1.50,expired,2024-06-28,2025-06-28,PIZZA0237
MEM0238,CUS0238,PLATINUM,Platinum Slice Club,723,2707,0.15,2.00,expired,2025-02-24,2026-02-24,PIZZA0238
MEM0239,CUS0239,PLATINUM,Platinum Slice Club,1048,1586,0.15,2.00,active,2024-09-30,2025-09-30,PIZZA0239
MEM0240,CUS0240,GOLD,Gold Slice Club,738,2679,0.10,1.50,active,2024-01-11,2025-01-10,PIZZA0240
MEM0241,CUS0241,PLATINUM,Platinum Slice Club,1080,1232,0.15,2.00,active,2025-11-25,2026-11-25,PIZZA0241
MEM0242,CUS0242,PLATINUM,Platinum Slice Club,1081,2383,0.15,2.00,paused,2024-12-21,2025-12-21,PIZZA0242
MEM0243,CUS0243,GOLD,Gold Slice Club,812,1722,0.10,1.50,active,2024-01-09,2025-01-08,PIZZA0243
MEM0244,CUS0244,GOLD,Gold Slice Club,704,1023,0.10,1.50,active,2024-06-19,2025-06-19,PIZZA0244
MEM0245,CUS0245,BRONZE,Bronze Slice Club,31,1951,0.00,1.00,active,2024-07-03,2025-07-03,PIZZA0245
MEM0246,CUS0246,BRONZE,Bronze Slice Club,444,1371,0.00,1.00,active,2026-04-05,2027-04-05,PIZZA0246
MEM0247,CUS0247,BRONZE,Bronze Slice Club,363,1548,0.00,1.00,active,2026-01-11,2027-01-11,PIZZA0247
MEM0248,CUS0248,GOLD,Gold Slice Club,909,1673,0.10,1.50,paused,2025-03-07,2026-03-07,PIZZA0248
MEM0249,CUS0249,PLATINUM,Platinum Slice Club,1034,1869,0.15,2.00,paused,2024-04-30,2025-04-30,PIZZA0249
MEM0250,CUS0250,PLATINUM,Platinum Slice Club,409,2392,0.15,2.00,active,2025-08-08,2026-08-08,PIZZA0250
MEM0251,CUS0251,GOLD,Gold Slice Club,883,1436,0.10,1.50,active,2024-03-26,2025-03-26,PIZZA0251
MEM0252,CUS0252,GOLD,Gold Slice Club,937,1103,0.10,1.50,active,2024-01-03,2025-01-02,PIZZA0252
MEM0253,CUS0253,SILVER,Silver Slice Club,719,1480,0.05,1.25,active,2025-09-01,2026-09-01,PIZZA0253
MEM0254,CUS0254,PLATINUM,Platinum Slice Club,1111,1733,0.15,2.00,paused,2025-08-11,2026-08-11,PIZZA0254
MEM0255,CUS0255,GOLD,Gold Slice Club,807,2539,0.10,1.50,paused,2025-10-13,2026-10-13,PIZZA0255
MEM0256,CUS0256,GOLD,Gold Slice Club,347,1832,0.10,1.50,active,2025-12-12,2026-12-12,PIZZA0256
MEM0257,CUS0257,PLATINUM,Platinum Slice Club,708,879,0.15,2.00,active,2026-01-15,2027-01-15,PIZZA0257
MEM0258,CUS0258,GOLD,Gold Slice Club,593,1657,0.10,1.50,active,2024-01-05,2025-01-04,PIZZA0258
MEM0259,CUS0259,BRONZE,Bronze Slice Club,247,746,0.00,1.00,active,2024-08-24,2025-08-24,PIZZA0259
MEM0260,CUS0260,GOLD,Gold Slice Club,929,2368,0.10,1.50,active,2025-10-24,2026-10-24,PIZZA0260
MEM0261,CUS0261,BRONZE,Bronze Slice Club,719,1712,0.00,1.00,active,2025-04-27,2026-04-27,PIZZA0261
MEM0262,CUS0262,PLATINUM,Platinum Slice Club,784,2731,0.15,2.00,active,2024-06-01,2025-06-01,PIZZA0262
MEM0263,CUS0263,SILVER,Silver Slice Club,275,1987,0.05,1.25,active,2025-12-20,2026-12-20,PIZZA0263
MEM0264,CUS0264,GOLD,Gold Slice Club,944,2736,0.10,1.50,active,2024-11-12,2025-11-12,PIZZA0264
MEM0265,CUS0265,SILVER,Silver Slice Club,660,660,0.05,1.25,paused,2026-04-24,2027-04-24,PIZZA0265
MEM0266,CUS0266,BRONZE,Bronze Slice Club,152,1337,0.00,1.00,active,2025-10-11,2026-10-11,PIZZA0266
MEM0267,CUS0267,BRONZE,Bronze Slice Club,664,1437,0.00,1.00,active,2026-06-13,2027-06-13,PIZZA0267
MEM0268,CUS0268,GOLD,Gold Slice Club,640,868,0.10,1.50,active,2024-03-28,2025-03-28,PIZZA0268
MEM0269,CUS0269,PLATINUM,Platinum Slice Club,524,1337,0.15,2.00,expired,2025-09-10,2026-09-10,PIZZA0269
MEM0270,CUS0270,BRONZE,Bronze Slice Club,443,2178,0.00,1.00,paused,2024-12-08,2025-12-08,PIZZA0270
MEM0271,CUS0271,BRONZE,Bronze Slice Club,590,710,0.00,1.00,active,2025-05-30,2026-05-30,PIZZA0271
MEM0272,CUS0272,BRONZE,Bronze Slice Club,471,1816,0.00,1.00,expired,2024-07-05,2025-07-05,PIZZA0272
MEM0273,CUS0273,PLATINUM,Platinum Slice Club,1023,1905,0.15,2.00,active,2025-11-19,2026-11-19,PIZZA0273
MEM0274,CUS0274,BRONZE,Bronze Slice Club,589,1172,0.00,1.00,paused,2026-07-12,2027-07-12,PIZZA0274
MEM0275,CUS0275,PLATINUM,Platinum Slice Club,981,2885,0.15,2.00,expired,2024-02-20,2025-02-19,PIZZA0275
MEM0276,CUS0276,PLATINUM,Platinum Slice Club,962,1906,0.15,2.00,active,2024-03-16,2025-03-16,PIZZA0276
MEM0277,CUS0277,PLATINUM,Platinum Slice Club,552,858,0.15,2.00,expired,2024-04-17,2025-04-17,PIZZA0277
MEM0278,CUS0278,SILVER,Silver Slice Club,575,1946,0.05,1.25,paused,2024-01-29,2025-01-28,PIZZA0278
MEM0279,CUS0279,GOLD,Gold Slice Club,613,2352,0.10,1.50,expired,2025-12-30,2026-12-30,PIZZA0279
MEM0280,CUS0280,SILVER,Silver Slice Club,846,1289,0.05,1.25,paused,2025-02-01,2026-02-01,PIZZA0280
MEM0281,CUS0281,GOLD,Gold Slice Club,693,2210,0.10,1.50,paused,2025-09-18,2026-09-18,PIZZA0281
MEM0282,CUS0282,PLATINUM,Platinum Slice Club,857,1376,0.15,2.00,expired,2024-10-02,2025-10-02,PIZZA0282
MEM0283,CUS0283,SILVER,Silver Slice Club,62,1849,0.05,1.25,active,2024-12-30,2025-12-30,PIZZA0283
MEM0284,CUS0284,PLATINUM,Platinum Slice Club,732,1259,0.15,2.00,paused,2024-04-11,2025-04-11,PIZZA0284
MEM0285,CUS0285,GOLD,Gold Slice Club,513,545,0.10,1.50,active,2026-07-06,2027-07-06,PIZZA0285
MEM0286,CUS0286,SILVER,Silver Slice Club,443,1369,0.05,1.25,active,2024-12-02,2025-12-02,PIZZA0286
MEM0287,CUS0287,BRONZE,Bronze Slice Club,335,1117,0.00,1.00,paused,2024-04-12,2025-04-12,PIZZA0287
MEM0288,CUS0288,BRONZE,Bronze Slice Club,18,1115,0.00,1.00,active,2025-03-06,2026-03-06,PIZZA0288
MEM0289,CUS0289,SILVER,Silver Slice Club,820,2524,0.05,1.25,paused,2025-04-01,2026-04-01,PIZZA0289
MEM0290,CUS0290,GOLD,Gold Slice Club,806,1297,0.10,1.50,paused,2024-07-04,2025-07-04,PIZZA0290
MEM0291,CUS0291,BRONZE,Bronze Slice Club,333,447,0.00,1.00,expired,2025-10-14,2026-10-14,PIZZA0291
MEM0292,CUS0292,GOLD,Gold Slice Club,829,2488,0.10,1.50,active,2024-09-17,2025-09-17,PIZZA0292
MEM0293,CUS0293,BRONZE,Bronze Slice Club,583,1419,0.00,1.00,active,2025-08-03,2026-08-03,PIZZA0293
MEM0294,CUS0294,PLATINUM,Platinum Slice Club,487,2117,0.15,2.00,active,2026-04-17,2027-04-17,PIZZA0294
MEM0295,CUS0295,BRONZE,Bronze Slice Club,373,590,0.00,1.00,expired,2024-04-07,2025-04-07,PIZZA0295
MEM0296,CUS0296,BRONZE,Bronze Slice Club,390,2043,0.00,1.00,expired,2025-01-10,2026-01-10,PIZZA0296
MEM0297,CUS0297,BRONZE,Bronze Slice Club,282,2130,0.00,1.00,paused,2024-02-11,2025-02-10,PIZZA0297
MEM0298,CUS0298,BRONZE,Bronze Slice Club,442,1944,0.00,1.00,active,2025-04-17,2026-04-17,PIZZA0298
MEM0299,CUS0299,GOLD,Gold Slice Club,418,540,0.10,1.50,active,2026-07-18,2027-07-18,PIZZA0299
MEM0300,CUS0300,BRONZE,Bronze Slice Club,100,1338,0.00,1.00,active,2025-05-25,2026-05-25,PIZZA0300
MEM0301,CUS0301,GOLD,Gold Slice Club,656,1802,0.10,1.50,expired,2024-08-30,2025-08-30,PIZZA0301
MEM0302,CUS0302,BRONZE,Bronze Slice Club,637,2041,0.00,1.00,active,2024-04-23,2025-04-23,PIZZA0302
MEM0303,CUS0303,PLATINUM,Platinum Slice Club,1010,1121,0.15,2.00,active,2026-04-11,2027-04-11,PIZZA0303
MEM0304,CUS0304,PLATINUM,Platinum Slice Club,1055,1920,0.15,2.00,expired,2024-03-18,2025-03-18,PIZZA0304
MEM0305,CUS0305,BRONZE,Bronze Slice Club,315,2076,0.00,1.00,active,2025-03-29,2026-03-29,PIZZA0305
MEM0306,CUS0306,PLATINUM,Platinum Slice Club,1139,1935,0.15,2.00,active,2025-10-25,2026-10-25,PIZZA0306
MEM0307,CUS0307,BRONZE,Bronze Slice Club,777,1732,0.00,1.00,active,2026-01-11,2027-01-11,PIZZA0307
MEM0308,CUS0308,GOLD,Gold Slice Club,152,990,0.10,1.50,paused,2024-09-10,2025-09-10,PIZZA0308
MEM0309,CUS0309,BRONZE,Bronze Slice Club,30,731,0.00,1.00,expired,2026-05-15,2027-05-15,PIZZA0309
MEM0310,CUS0310,GOLD,Gold Slice Club,307,880,0.10,1.50,active,2026-05-11,2027-05-11,PIZZA0310
MEM0311,CUS0311,GOLD,Gold Slice Club,646,2103,0.10,1.50,expired,2026-01-15,2027-01-15,PIZZA0311
MEM0312,CUS0312,GOLD,Gold Slice Club,330,913,0.10,1.50,active,2026-01-22,2027-01-22,PIZZA0312
MEM0313,CUS0313,BRONZE,Bronze Slice Club,60,464,0.00,1.00,active,2024-12-24,2025-12-24,PIZZA0313
MEM0314,CUS0314,GOLD,Gold Slice Club,914,2524,0.10,1.50,expired,2024-04-10,2025-04-10,PIZZA0314
MEM0315,CUS0315,PLATINUM,Platinum Slice Club,858,1569,0.15,2.00,expired,2024-05-23,2025-05-23,PIZZA0315
MEM0316,CUS0316,PLATINUM,Platinum Slice Club,1191,1502,0.15,2.00,active,2024-10-03,2025-10-03,PIZZA0316
MEM0317,CUS0317,GOLD,Gold Slice Club,579,1119,0.10,1.50,active,2025-12-28,2026-12-28,PIZZA0317
MEM0318,CUS0318,GOLD,Gold Slice Club,504,2273,0.10,1.50,expired,2026-07-05,2027-07-05,PIZZA0318
MEM0319,CUS0319,SILVER,Silver Slice Club,421,575,0.05,1.25,expired,2024-10-08,2025-10-08,PIZZA0319
MEM0320,CUS0320,BRONZE,Bronze Slice Club,10,289,0.00,1.00,paused,2024-05-08,2025-05-08,PIZZA0320
MEM0321,CUS0321,SILVER,Silver Slice Club,318,2227,0.05,1.25,expired,2024-11-26,2025-11-26,PIZZA0321
MEM0322,CUS0322,SILVER,Silver Slice Club,503,2385,0.05,1.25,paused,2024-08-13,2025-08-13,PIZZA0322
MEM0323,CUS0323,PLATINUM,Platinum Slice Club,944,1614,0.15,2.00,expired,2024-03-26,2025-03-26,PIZZA0323
MEM0324,CUS0324,GOLD,Gold Slice Club,582,1618,0.10,1.50,active,2024-09-14,2025-09-14,PIZZA0324
MEM0325,CUS0325,SILVER,Silver Slice Club,809,1568,0.05,1.25,active,2025-07-14,2026-07-14,PIZZA0325
MEM0326,CUS0326,SILVER,Silver Slice Club,312,1414,0.05,1.25,active,2025-03-08,2026-03-08,PIZZA0326
MEM0327,CUS0327,BRONZE,Bronze Slice Club,535,1832,0.00,1.00,active,2025-01-09,2026-01-09,PIZZA0327
MEM0328,CUS0328,BRONZE,Bronze Slice Club,320,1647,0.00,1.00,active,2024-07-06,2025-07-06,PIZZA0328
MEM0329,CUS0329,PLATINUM,Platinum Slice Club,1016,1582,0.15,2.00,active,2025-09-22,2026-09-22,PIZZA0329
MEM0330,CUS0330,GOLD,Gold Slice Club,365,1640,0.10,1.50,expired,2024-06-08,2025-06-08,PIZZA0330
MEM0331,CUS0331,GOLD,Gold Slice Club,404,725,0.10,1.50,active,2025-07-26,2026-07-26,PIZZA0331
MEM0332,CUS0332,PLATINUM,Platinum Slice Club,414,1446,0.15,2.00,active,2025-07-16,2026-07-16,PIZZA0332
MEM0333,CUS0333,PLATINUM,Platinum Slice Club,520,1467,0.15,2.00,active,2025-01-11,2026-01-11,PIZZA0333
MEM0334,CUS0334,SILVER,Silver Slice Club,203,1598,0.05,1.25,active,2025-05-12,2026-05-12,PIZZA0334
MEM0335,CUS0335,SILVER,Silver Slice Club,290,804,0.05,1.25,active,2025-03-09,2026-03-09,PIZZA0335
MEM0336,CUS0336,BRONZE,Bronze Slice Club,582,1297,0.00,1.00,paused,2024-11-14,2025-11-14,PIZZA0336
MEM0337,CUS0337,PLATINUM,Platinum Slice Club,847,1186,0.15,2.00,expired,2025-05-21,2026-05-21,PIZZA0337
MEM0338,CUS0338,BRONZE,Bronze Slice Club,202,2017,0.00,1.00,active,2026-02-01,2027-02-01,PIZZA0338
MEM0339,CUS0339,GOLD,Gold Slice Club,162,1022,0.10,1.50,active,2024-01-30,2025-01-29,PIZZA0339
MEM0340,CUS0340,GOLD,Gold Slice Club,887,1958,0.10,1.50,active,2025-05-21,2026-05-21,PIZZA0340
MEM0341,CUS0341,GOLD,Gold Slice Club,324,1579,0.10,1.50,active,2026-03-16,2027-03-16,PIZZA0341
MEM0342,CUS0342,BRONZE,Bronze Slice Club,695,1803,0.00,1.00,active,2026-01-09,2027-01-09,PIZZA0342
MEM0343,CUS0343,PLATINUM,Platinum Slice Club,774,2278,0.15,2.00,active,2024-10-18,2025-10-18,PIZZA0343
MEM0344,CUS0344,PLATINUM,Platinum Slice Club,990,1377,0.15,2.00,paused,2024-10-06,2025-10-06,PIZZA0344
MEM0345,CUS0345,BRONZE,Bronze Slice Club,770,1092,0.00,1.00,active,2025-10-26,2026-10-26,PIZZA0345
MEM0346,CUS0346,PLATINUM,Platinum Slice Club,789,828,0.15,2.00,expired,2024-12-04,2025-12-04,PIZZA0346
MEM0347,CUS0347,BRONZE,Bronze Slice Club,360,1462,0.00,1.00,active,2025-07-24,2026-07-24,PIZZA0347
MEM0348,CUS0348,SILVER,Silver Slice Club,197,1744,0.05,1.25,active,2025-10-11,2026-10-11,PIZZA0348
MEM0349,CUS0349,BRONZE,Bronze Slice Club,471,1235,0.00,1.00,active,2025-09-27,2026-09-27,PIZZA0349
MEM0350,CUS0350,BRONZE,Bronze Slice Club,378,783,0.00,1.00,active,2024-05-11,2025-05-11,PIZZA0350
MEM0351,CUS0351,PLATINUM,Platinum Slice Club,1194,1634,0.15,2.00,active,2024-02-08,2025-02-07,PIZZA0351
MEM0352,CUS0352,BRONZE,Bronze Slice Club,454,1430,0.00,1.00,active,2025-03-19,2026-03-19,PIZZA0352
MEM0353,CUS0353,PLATINUM,Platinum Slice Club,921,2347,0.15,2.00,paused,2026-04-26,2027-04-26,PIZZA0353
MEM0354,CUS0354,SILVER,Silver Slice Club,141,625,0.05,1.25,paused,2026-01-27,2027-01-27,PIZZA0354
MEM0355,CUS0355,PLATINUM,Platinum Slice Club,937,1000,0.15,2.00,active,2024-01-13,2025-01-12,PIZZA0355
MEM0356,CUS0356,SILVER,Silver Slice Club,238,1343,0.05,1.25,expired,2026-02-25,2027-02-25,PIZZA0356
MEM0357,CUS0357,BRONZE,Bronze Slice Club,721,1028,0.00,1.00,active,2024-09-30,2025-09-30,PIZZA0357
MEM0358,CUS0358,PLATINUM,Platinum Slice Club,863,2271,0.15,2.00,active,2025-05-28,2026-05-28,PIZZA0358
MEM0359,CUS0359,SILVER,Silver Slice Club,827,1623,0.05,1.25,active,2026-01-26,2027-01-26,PIZZA0359
MEM0360,CUS0360,GOLD,Gold Slice Club,266,590,0.10,1.50,active,2025-05-31,2026-05-31,PIZZA0360
MEM0361,CUS0361,PLATINUM,Platinum Slice Club,573,886,0.15,2.00,active,2024-08-28,2025-08-28,PIZZA0361
MEM0362,CUS0362,SILVER,Silver Slice Club,840,1675,0.05,1.25,active,2025-03-12,2026-03-12,PIZZA0362
MEM0363,CUS0363,GOLD,Gold Slice Club,752,1910,0.10,1.50,paused,2024-07-23,2025-07-23,PIZZA0363
MEM0364,CUS0364,BRONZE,Bronze Slice Club,530,646,0.00,1.00,paused,2024-11-22,2025-11-22,PIZZA0364
MEM0365,CUS0365,BRONZE,Bronze Slice Club,694,2501,0.00,1.00,paused,2026-05-18,2027-05-18,PIZZA0365
MEM0366,CUS0366,BRONZE,Bronze Slice Club,583,1796,0.00,1.00,active,2025-11-03,2026-11-03,PIZZA0366
MEM0367,CUS0367,GOLD,Gold Slice Club,226,301,0.10,1.50,paused,2025-06-12,2026-06-12,PIZZA0367
MEM0368,CUS0368,SILVER,Silver Slice Club,787,1098,0.05,1.25,expired,2026-03-17,2027-03-17,PIZZA0368
MEM0369,CUS0369,SILVER,Silver Slice Club,440,738,0.05,1.25,expired,2024-04-20,2025-04-20,PIZZA0369
MEM0370,CUS0370,PLATINUM,Platinum Slice Club,713,2134,0.15,2.00,active,2024-01-24,2025-01-23,PIZZA0370
MEM0371,CUS0371,PLATINUM,Platinum Slice Club,782,2217,0.15,2.00,paused,2026-02-26,2027-02-26,PIZZA0371
MEM0372,CUS0372,BRONZE,Bronze Slice Club,251,1114,0.00,1.00,active,2024-03-30,2025-03-30,PIZZA0372
MEM0373,CUS0373,BRONZE,Bronze Slice Club,385,1610,0.00,1.00,active,2025-07-14,2026-07-14,PIZZA0373
MEM0374,CUS0374,PLATINUM,Platinum Slice Club,723,2006,0.15,2.00,active,2024-10-01,2025-10-01,PIZZA0374
MEM0375,CUS0375,PLATINUM,Platinum Slice Club,475,762,0.15,2.00,active,2025-04-11,2026-04-11,PIZZA0375
MEM0376,CUS0376,GOLD,Gold Slice Club,710,1792,0.10,1.50,expired,2024-09-18,2025-09-18,PIZZA0376
MEM0377,CUS0377,BRONZE,Bronze Slice Club,526,2081,0.00,1.00,expired,2026-05-02,2027-05-02,PIZZA0377
MEM0378,CUS0378,PLATINUM,Platinum Slice Club,937,1077,0.15,2.00,active,2024-02-18,2025-02-17,PIZZA0378
MEM0379,CUS0379,BRONZE,Bronze Slice Club,101,679,0.00,1.00,expired,2025-12-16,2026-12-16,PIZZA0379
MEM0380,CUS0380,SILVER,Silver Slice Club,770,1589,0.05,1.25,active,2024-11-13,2025-11-13,PIZZA0380
MEM0381,CUS0381,SILVER,Silver Slice Club,573,633,0.05,1.25,expired,2025-10-05,2026-10-05,PIZZA0381
MEM0382,CUS0382,GOLD,Gold Slice Club,828,1863,0.10,1.50,active,2026-05-17,2027-05-17,PIZZA0382
MEM0383,CUS0383,GOLD,Gold Slice Club,364,2006,0.10,1.50,paused,2025-02-26,2026-02-26,PIZZA0383
MEM0384,CUS0384,SILVER,Silver Slice Club,253,608,0.05,1.25,paused,2024-06-24,2025-06-24,PIZZA0384
MEM0385,CUS0385,PLATINUM,Platinum Slice Club,826,1261,0.15,2.00,expired,2026-02-09,2027-02-09,PIZZA0385
MEM0386,CUS0386,SILVER,Silver Slice Club,782,1984,0.05,1.25,active,2024-04-23,2025-04-23,PIZZA0386
MEM0387,CUS0387,BRONZE,Bronze Slice Club,238,1287,0.00,1.00,active,2025-04-18,2026-04-18,PIZZA0387
MEM0388,CUS0388,SILVER,Silver Slice Club,839,2049,0.05,1.25,paused,2024-03-13,2025-03-13,PIZZA0388
MEM0389,CUS0389,PLATINUM,Platinum Slice Club,1189,1958,0.15,2.00,expired,2025-05-27,2026-05-27,PIZZA0389
MEM0390,CUS0390,GOLD,Gold Slice Club,270,1407,0.10,1.50,active,2024-10-01,2025-10-01,PIZZA0390
MEM0391,CUS0391,BRONZE,Bronze Slice Club,538,2275,0.00,1.00,paused,2024-04-12,2025-04-12,PIZZA0391
MEM0392,CUS0392,GOLD,Gold Slice Club,320,1545,0.10,1.50,active,2025-12-20,2026-12-20,PIZZA0392
MEM0393,CUS0393,SILVER,Silver Slice Club,175,501,0.05,1.25,paused,2024-06-12,2025-06-12,PIZZA0393
MEM0394,CUS0394,GOLD,Gold Slice Club,466,1259,0.10,1.50,active,2025-11-16,2026-11-16,PIZZA0394
MEM0395,CUS0395,SILVER,Silver Slice Club,184,1589,0.05,1.25,active,2024-03-30,2025-03-30,PIZZA0395
MEM0396,CUS0396,BRONZE,Bronze Slice Club,73,1075,0.00,1.00,expired,2024-07-25,2025-07-25,PIZZA0396
MEM0397,CUS0397,BRONZE,Bronze Slice Club,769,803,0.00,1.00,active,2025-11-26,2026-11-26,PIZZA0397
MEM0398,CUS0398,SILVER,Silver Slice Club,193,1204,0.05,1.25,active,2025-01-15,2026-01-15,PIZZA0398
MEM0399,CUS0399,BRONZE,Bronze Slice Club,545,1195,0.00,1.00,expired,2024-05-03,2025-05-03,PIZZA0399
MEM0400,CUS0400,SILVER,Silver Slice Club,474,921,0.05,1.25,active,2024-02-07,2025-02-06,PIZZA0400
MEM0401,CUS0401,GOLD,Gold Slice Club,540,1244,0.10,1.50,active,2024-06-30,2025-06-30,PIZZA0401
MEM0402,CUS0402,PLATINUM,Platinum Slice Club,805,988,0.15,2.00,expired,2024-09-17,2025-09-17,PIZZA0402
MEM0403,CUS0403,BRONZE,Bronze Slice Club,588,1292,0.00,1.00,active,2024-01-16,2025-01-15,PIZZA0403
MEM0404,CUS0404,BRONZE,Bronze Slice Club,19,2012,0.00,1.00,active,2024-03-07,2025-03-07,PIZZA0404
MEM0405,CUS0405,PLATINUM,Platinum Slice Club,1074,2792,0.15,2.00,active,2026-07-24,2027-07-24,PIZZA0405
MEM0406,CUS0406,GOLD,Gold Slice Club,380,1192,0.10,1.50,active,2024-04-10,2025-04-10,PIZZA0406
MEM0407,CUS0407,SILVER,Silver Slice Club,606,1941,0.05,1.25,active,2024-10-30,2025-10-30,PIZZA0407
MEM0408,CUS0408,BRONZE,Bronze Slice Club,678,1597,0.00,1.00,active,2024-11-30,2025-11-30,PIZZA0408
MEM0409,CUS0409,SILVER,Silver Slice Club,629,1965,0.05,1.25,expired,2024-02-16,2025-02-15,PIZZA0409
MEM0410,CUS0410,BRONZE,Bronze Slice Club,319,329,0.00,1.00,active,2026-07-16,2027-07-16,PIZZA0410
MEM0411,CUS0411,GOLD,Gold Slice Club,780,1573,0.10,1.50,active,2025-08-26,2026-08-26,PIZZA0411
MEM0412,CUS0412,SILVER,Silver Slice Club,86,2002,0.05,1.25,paused,2025-09-18,2026-09-18,PIZZA0412
MEM0413,CUS0413,PLATINUM,Platinum Slice Club,902,1222,0.15,2.00,active,2024-08-10,2025-08-10,PIZZA0413
MEM0414,CUS0414,GOLD,Gold Slice Club,199,1624,0.10,1.50,expired,2025-07-20,2026-07-20,PIZZA0414
MEM0415,CUS0415,BRONZE,Bronze Slice Club,753,2478,0.00,1.00,active,2025-11-05,2026-11-05,PIZZA0415
MEM0416,CUS0416,GOLD,Gold Slice Club,396,2363,0.10,1.50,active,2024-12-21,2025-12-21,PIZZA0416
MEM0417,CUS0417,GOLD,Gold Slice Club,264,2219,0.10,1.50,paused,2024-02-12,2025-02-11,PIZZA0417
MEM0418,CUS0418,SILVER,Silver Slice Club,185,851,0.05,1.25,active,2025-10-16,2026-10-16,PIZZA0418
MEM0419,CUS0419,BRONZE,Bronze Slice Club,590,1147,0.00,1.00,paused,2025-04-30,2026-04-30,PIZZA0419
MEM0420,CUS0420,BRONZE,Bronze Slice Club,250,322,0.00,1.00,active,2026-01-24,2027-01-24,PIZZA0420
MEM0421,CUS0421,BRONZE,Bronze Slice Club,102,525,0.00,1.00,active,2025-06-09,2026-06-09,PIZZA0421
MEM0422,CUS0422,SILVER,Silver Slice Club,655,1465,0.05,1.25,paused,2024-02-15,2025-02-14,PIZZA0422
MEM0423,CUS0423,SILVER,Silver Slice Club,650,2359,0.05,1.25,active,2024-03-26,2025-03-26,PIZZA0423
MEM0424,CUS0424,GOLD,Gold Slice Club,639,1272,0.10,1.50,active,2024-01-01,2024-12-31,PIZZA0424
MEM0425,CUS0425,SILVER,Silver Slice Club,630,1923,0.05,1.25,paused,2025-06-09,2026-06-09,PIZZA0425
MEM0426,CUS0426,PLATINUM,Platinum Slice Club,644,1128,0.15,2.00,expired,2025-06-08,2026-06-08,PIZZA0426
MEM0427,CUS0427,BRONZE,Bronze Slice Club,393,854,0.00,1.00,expired,2024-12-11,2025-12-11,PIZZA0427
MEM0428,CUS0428,GOLD,Gold Slice Club,434,844,0.10,1.50,active,2026-01-16,2027-01-16,PIZZA0428
MEM0429,CUS0429,BRONZE,Bronze Slice Club,327,2116,0.00,1.00,expired,2026-07-02,2027-07-02,PIZZA0429
MEM0430,CUS0430,BRONZE,Bronze Slice Club,28,1656,0.00,1.00,expired,2024-01-19,2025-01-18,PIZZA0430
MEM0431,CUS0431,GOLD,Gold Slice Club,551,841,0.10,1.50,paused,2024-06-07,2025-06-07,PIZZA0431
MEM0432,CUS0432,PLATINUM,Platinum Slice Club,444,633,0.15,2.00,active,2025-07-14,2026-07-14,PIZZA0432
MEM0433,CUS0433,PLATINUM,Platinum Slice Club,646,1973,0.15,2.00,active,2026-03-18,2027-03-18,PIZZA0433
MEM0434,CUS0434,GOLD,Gold Slice Club,521,532,0.10,1.50,active,2025-08-31,2026-08-31,PIZZA0434
MEM0435,CUS0435,SILVER,Silver Slice Club,311,1884,0.05,1.25,active,2026-06-16,2027-06-16,PIZZA0435
MEM0436,CUS0436,GOLD,Gold Slice Club,883,2266,0.10,1.50,active,2026-03-04,2027-03-04,PIZZA0436
MEM0437,CUS0437,PLATINUM,Platinum Slice Club,1058,1388,0.15,2.00,active,2025-03-23,2026-03-23,PIZZA0437
MEM0438,CUS0438,BRONZE,Bronze Slice Club,108,1670,0.00,1.00,expired,2026-02-19,2027-02-19,PIZZA0438
MEM0439,CUS0439,BRONZE,Bronze Slice Club,218,564,0.00,1.00,active,2024-08-06,2025-08-06,PIZZA0439
MEM0440,CUS0440,BRONZE,Bronze Slice Club,356,571,0.00,1.00,expired,2025-08-06,2026-08-06,PIZZA0440
MEM0441,CUS0441,BRONZE,Bronze Slice Club,761,793,0.00,1.00,expired,2025-09-22,2026-09-22,PIZZA0441
MEM0442,CUS0442,BRONZE,Bronze Slice Club,784,1498,0.00,1.00,active,2026-01-26,2027-01-26,PIZZA0442
MEM0443,CUS0443,PLATINUM,Platinum Slice Club,522,2404,0.15,2.00,expired,2025-06-18,2026-06-18,PIZZA0443
MEM0444,CUS0444,SILVER,Silver Slice Club,522,1491,0.05,1.25,active,2025-08-28,2026-08-28,PIZZA0444
MEM0445,CUS0445,BRONZE,Bronze Slice Club,410,602,0.00,1.00,paused,2025-03-12,2026-03-12,PIZZA0445
MEM0446,CUS0446,SILVER,Silver Slice Club,739,2044,0.05,1.25,expired,2024-08-14,2025-08-14,PIZZA0446
MEM0447,CUS0447,GOLD,Gold Slice Club,900,2137,0.10,1.50,paused,2024-11-01,2025-11-01,PIZZA0447
MEM0448,CUS0448,GOLD,Gold Slice Club,700,2501,0.10,1.50,expired,2025-10-22,2026-10-22,PIZZA0448
MEM0449,CUS0449,PLATINUM,Platinum Slice Club,410,701,0.15,2.00,active,2024-09-13,2025-09-13,PIZZA0449
MEM0450,CUS0450,GOLD,Gold Slice Club,647,811,0.10,1.50,active,2026-05-13,2027-05-13,PIZZA0450
MEM0451,CUS0451,SILVER,Silver Slice Club,739,1434,0.05,1.25,active,2025-08-19,2026-08-19,PIZZA0451
MEM0452,CUS0452,GOLD,Gold Slice Club,535,2075,0.10,1.50,active,2026-01-28,2027-01-28,PIZZA0452
MEM0453,CUS0453,BRONZE,Bronze Slice Club,298,1906,0.00,1.00,active,2025-01-27,2026-01-27,PIZZA0453
MEM0454,CUS0454,PLATINUM,Platinum Slice Club,1102,2959,0.15,2.00,expired,2024-06-27,2025-06-27,PIZZA0454
MEM0455,CUS0455,PLATINUM,Platinum Slice Club,745,1191,0.15,2.00,active,2025-04-04,2026-04-04,PIZZA0455
MEM0456,CUS0456,GOLD,Gold Slice Club,744,1498,0.10,1.50,active,2025-07-18,2026-07-18,PIZZA0456
MEM0457,CUS0457,BRONZE,Bronze Slice Club,52,153,0.00,1.00,active,2026-05-20,2027-05-20,PIZZA0457
MEM0458,CUS0458,BRONZE,Bronze Slice Club,736,1929,0.00,1.00,active,2025-10-24,2026-10-24,PIZZA0458
MEM0459,CUS0459,GOLD,Gold Slice Club,350,2344,0.10,1.50,active,2026-01-01,2027-01-01,PIZZA0459
MEM0460,CUS0460,PLATINUM,Platinum Slice Club,538,2199,0.15,2.00,paused,2025-01-30,2026-01-30,PIZZA0460
MEM0461,CUS0461,SILVER,Silver Slice Club,310,726,0.05,1.25,paused,2026-07-11,2027-07-11,PIZZA0461
MEM0462,CUS0462,BRONZE,Bronze Slice Club,624,674,0.00,1.00,expired,2024-02-29,2025-02-28,PIZZA0462
MEM0463,CUS0463,SILVER,Silver Slice Club,381,497,0.05,1.25,expired,2025-02-09,2026-02-09,PIZZA0463
MEM0464,CUS0464,BRONZE,Bronze Slice Club,726,1607,0.00,1.00,active,2025-02-14,2026-02-14,PIZZA0464
MEM0465,CUS0465,PLATINUM,Platinum Slice Club,554,2266,0.15,2.00,active,2024-03-05,2025-03-05,PIZZA0465
MEM0466,CUS0466,PLATINUM,Platinum Slice Club,850,1455,0.15,2.00,active,2024-01-10,2025-01-09,PIZZA0466
MEM0467,CUS0467,PLATINUM,Platinum Slice Club,838,864,0.15,2.00,active,2024-04-02,2025-04-02,PIZZA0467
MEM0468,CUS0468,SILVER,Silver Slice Club,223,910,0.05,1.25,active,2025-07-18,2026-07-18,PIZZA0468
MEM0469,CUS0469,SILVER,Silver Slice Club,242,763,0.05,1.25,active,2024-05-05,2025-05-05,PIZZA0469
MEM0470,CUS0470,PLATINUM,Platinum Slice Club,590,972,0.15,2.00,expired,2025-10-16,2026-10-16,PIZZA0470
MEM0471,CUS0471,BRONZE,Bronze Slice Club,354,966,0.00,1.00,active,2026-06-14,2027-06-14,PIZZA0471
MEM0472,CUS0472,PLATINUM,Platinum Slice Club,672,2062,0.15,2.00,active,2025-07-29,2026-07-29,PIZZA0472
MEM0473,CUS0473,BRONZE,Bronze Slice Club,253,1172,0.00,1.00,expired,2025-08-26,2026-08-26,PIZZA0473
MEM0474,CUS0474,BRONZE,Bronze Slice Club,789,1914,0.00,1.00,active,2025-06-29,2026-06-29,PIZZA0474
MEM0475,CUS0475,SILVER,Silver Slice Club,166,1078,0.05,1.25,active,2026-05-10,2027-05-10,PIZZA0475
MEM0476,CUS0476,SILVER,Silver Slice Club,823,2559,0.05,1.25,expired,2024-11-24,2025-11-24,PIZZA0476
MEM0477,CUS0477,PLATINUM,Platinum Slice Club,426,1984,0.15,2.00,expired,2024-06-09,2025-06-09,PIZZA0477
MEM0478,CUS0478,SILVER,Silver Slice Club,483,1817,0.05,1.25,active,2026-06-28,2027-06-28,PIZZA0478
MEM0479,CUS0479,PLATINUM,Platinum Slice Club,539,2202,0.15,2.00,active,2024-06-18,2025-06-18,PIZZA0479
MEM0480,CUS0480,PLATINUM,Platinum Slice Club,795,1363,0.15,2.00,paused,2025-03-18,2026-03-18,PIZZA0480
MEM0481,CUS0481,PLATINUM,Platinum Slice Club,665,1614,0.15,2.00,expired,2025-08-07,2026-08-07,PIZZA0481
MEM0482,CUS0482,GOLD,Gold Slice Club,323,1000,0.10,1.50,active,2025-08-17,2026-08-17,PIZZA0482
MEM0483,CUS0483,GOLD,Gold Slice Club,209,1734,0.10,1.50,active,2025-07-02,2026-07-02,PIZZA0483
MEM0484,CUS0484,GOLD,Gold Slice Club,737,1925,0.10,1.50,expired,2025-01-20,2026-01-20,PIZZA0484
MEM0485,CUS0485,SILVER,Silver Slice Club,529,2336,0.05,1.25,active,2025-07-07,2026-07-07,PIZZA0485
MEM0486,CUS0486,SILVER,Silver Slice Club,492,737,0.05,1.25,active,2026-03-10,2027-03-10,PIZZA0486
MEM0487,CUS0487,SILVER,Silver Slice Club,402,1689,0.05,1.25,active,2026-03-20,2027-03-20,PIZZA0487
MEM0488,CUS0488,BRONZE,Bronze Slice Club,244,1326,0.00,1.00,active,2025-01-25,2026-01-25,PIZZA0488
MEM0489,CUS0489,GOLD,Gold Slice Club,294,316,0.10,1.50,active,2025-06-02,2026-06-02,PIZZA0489
MEM0490,CUS0490,SILVER,Silver Slice Club,829,1667,0.05,1.25,active,2026-04-21,2027-04-21,PIZZA0490
MEM0491,CUS0491,BRONZE,Bronze Slice Club,780,2755,0.00,1.00,active,2026-04-14,2027-04-14,PIZZA0491
MEM0492,CUS0492,BRONZE,Bronze Slice Club,190,1275,0.00,1.00,active,2025-06-26,2026-06-26,PIZZA0492
MEM0493,CUS0493,BRONZE,Bronze Slice Club,199,229,0.00,1.00,paused,2025-06-10,2026-06-10,PIZZA0493
MEM0494,CUS0494,PLATINUM,Platinum Slice Club,415,1918,0.15,2.00,expired,2024-12-07,2025-12-07,PIZZA0494
MEM0495,CUS0495,SILVER,Silver Slice Club,282,1433,0.05,1.25,expired,2024-03-23,2025-03-23,PIZZA0495
MEM0496,CUS0496,GOLD,Gold Slice Club,257,1767,0.10,1.50,paused,2024-01-30,2025-01-29,PIZZA0496
MEM0497,CUS0497,PLATINUM,Platinum Slice Club,811,2024,0.15,2.00,active,2025-12-22,2026-12-22,PIZZA0497
MEM0498,CUS0498,BRONZE,Bronze Slice Club,662,913,0.00,1.00,active,2026-06-22,2027-06-22,PIZZA0498
MEM0499,CUS0499,GOLD,Gold Slice Club,651,2455,0.10,1.50,active,2024-01-21,2025-01-20,PIZZA0499
MEM0500,CUS0500,PLATINUM,Platinum Slice Club,1016,1740,0.15,2.00,paused,2024-02-24,2025-02-23,PIZZA0500
MEM0501,CUS0501,GOLD,Gold Slice Club,506,2423,0.10,1.50,active,2025-04-21,2026-04-21,PIZZA0501
MEM0502,CUS0502,BRONZE,Bronze Slice Club,605,2537,0.00,1.00,active,2025-11-09,2026-11-09,PIZZA0502
MEM0503,CUS0503,GOLD,Gold Slice Club,672,1603,0.10,1.50,paused,2025-01-19,2026-01-19,PIZZA0503
MEM0504,CUS0504,PLATINUM,Platinum Slice Club,965,2282,0.15,2.00,active,2024-11-18,2025-11-18,PIZZA0504
MEM0505,CUS0505,SILVER,Silver Slice Club,840,2256,0.05,1.25,active,2024-06-30,2025-06-30,PIZZA0505
MEM0506,CUS0506,GOLD,Gold Slice Club,657,1526,0.10,1.50,expired,2025-10-04,2026-10-04,PIZZA0506
MEM0507,CUS0507,GOLD,Gold Slice Club,622,1901,0.10,1.50,active,2026-07-20,2027-07-20,PIZZA0507
MEM0508,CUS0508,PLATINUM,Platinum Slice Club,1154,1991,0.15,2.00,active,2024-10-07,2025-10-07,PIZZA0508
MEM0509,CUS0509,SILVER,Silver Slice Club,273,615,0.05,1.25,active,2026-01-09,2027-01-09,PIZZA0509
MEM0510,CUS0510,SILVER,Silver Slice Club,824,911,0.05,1.25,active,2026-01-30,2027-01-30,PIZZA0510
MEM0511,CUS0511,BRONZE,Bronze Slice Club,682,764,0.00,1.00,active,2026-06-06,2027-06-06,PIZZA0511
MEM0512,CUS0512,PLATINUM,Platinum Slice Club,1183,1840,0.15,2.00,active,2025-09-22,2026-09-22,PIZZA0512
MEM0513,CUS0513,GOLD,Gold Slice Club,851,1329,0.10,1.50,active,2024-04-08,2025-04-08,PIZZA0513
MEM0514,CUS0514,SILVER,Silver Slice Club,509,1322,0.05,1.25,expired,2024-02-03,2025-02-02,PIZZA0514
MEM0515,CUS0515,SILVER,Silver Slice Club,641,2238,0.05,1.25,expired,2024-08-21,2025-08-21,PIZZA0515
MEM0516,CUS0516,PLATINUM,Platinum Slice Club,1111,2231,0.15,2.00,active,2025-08-20,2026-08-20,PIZZA0516
MEM0517,CUS0517,PLATINUM,Platinum Slice Club,762,2421,0.15,2.00,active,2024-02-22,2025-02-21,PIZZA0517
MEM0518,CUS0518,BRONZE,Bronze Slice Club,7,334,0.00,1.00,active,2026-01-01,2027-01-01,PIZZA0518
MEM0519,CUS0519,SILVER,Silver Slice Club,488,2022,0.05,1.25,active,2025-01-04,2026-01-04,PIZZA0519
MEM0520,CUS0520,PLATINUM,Platinum Slice Club,1146,2500,0.15,2.00,active,2025-01-24,2026-01-24,PIZZA0520
MEM0521,CUS0521,PLATINUM,Platinum Slice Club,946,1038,0.15,2.00,active,2025-01-22,2026-01-22,PIZZA0521
MEM0522,CUS0522,SILVER,Silver Slice Club,588,1126,0.05,1.25,active,2024-04-27,2025-04-27,PIZZA0522
MEM0523,CUS0523,GOLD,Gold Slice Club,342,1047,0.10,1.50,paused,2024-04-26,2025-04-26,PIZZA0523
MEM0524,CUS0524,BRONZE,Bronze Slice Club,767,1917,0.00,1.00,active,2025-11-10,2026-11-10,PIZZA0524
MEM0525,CUS0525,PLATINUM,Platinum Slice Club,466,688,0.15,2.00,active,2024-07-12,2025-07-12,PIZZA0525
MEM0526,CUS0526,PLATINUM,Platinum Slice Club,574,625,0.15,2.00,paused,2025-08-16,2026-08-16,PIZZA0526
MEM0527,CUS0527,SILVER,Silver Slice Club,522,1625,0.05,1.25,paused,2025-01-31,2026-01-31,PIZZA0527
MEM0528,CUS0528,SILVER,Silver Slice Club,369,616,0.05,1.25,active,2025-06-18,2026-06-18,PIZZA0528
MEM0529,CUS0529,GOLD,Gold Slice Club,577,2360,0.10,1.50,active,2025-06-26,2026-06-26,PIZZA0529
MEM0530,CUS0530,PLATINUM,Platinum Slice Club,465,1800,0.15,2.00,active,2024-10-28,2025-10-28,PIZZA0530
MEM0531,CUS0531,PLATINUM,Platinum Slice Club,946,1615,0.15,2.00,expired,2026-03-06,2027-03-06,PIZZA0531
MEM0532,CUS0532,SILVER,Silver Slice Club,462,935,0.05,1.25,paused,2025-09-20,2026-09-20,PIZZA0532
MEM0533,CUS0533,BRONZE,Bronze Slice Club,558,2336,0.00,1.00,expired,2024-01-22,2025-01-21,PIZZA0533
MEM0534,CUS0534,GOLD,Gold Slice Club,711,1109,0.10,1.50,active,2024-12-13,2025-12-13,PIZZA0534
MEM0535,CUS0535,BRONZE,Bronze Slice Club,560,1927,0.00,1.00,active,2025-04-08,2026-04-08,PIZZA0535
MEM0536,CUS0536,PLATINUM,Platinum Slice Club,1153,2975,0.15,2.00,active,2026-02-27,2027-02-27,PIZZA0536
MEM0537,CUS0537,PLATINUM,Platinum Slice Club,843,863,0.15,2.00,expired,2025-08-03,2026-08-03,PIZZA0537
MEM0538,CUS0538,BRONZE,Bronze Slice Club,70,1110,0.00,1.00,expired,2025-02-15,2026-02-15,PIZZA0538
MEM0539,CUS0539,BRONZE,Bronze Slice Club,288,870,0.00,1.00,paused,2024-07-21,2025-07-21,PIZZA0539
MEM0540,CUS0540,SILVER,Silver Slice Club,589,2190,0.05,1.25,active,2026-05-13,2027-05-13,PIZZA0540
MEM0541,CUS0541,PLATINUM,Platinum Slice Club,878,1298,0.15,2.00,active,2024-04-12,2025-04-12,PIZZA0541
MEM0542,CUS0542,PLATINUM,Platinum Slice Club,958,1894,0.15,2.00,active,2024-02-23,2025-02-22,PIZZA0542
MEM0543,CUS0543,PLATINUM,Platinum Slice Club,480,1016,0.15,2.00,expired,2024-11-09,2025-11-09,PIZZA0543
MEM0544,CUS0544,SILVER,Silver Slice Club,578,752,0.05,1.25,active,2024-05-25,2025-05-25,PIZZA0544
MEM0545,CUS0545,PLATINUM,Platinum Slice Club,1181,1491,0.15,2.00,expired,2024-07-27,2025-07-27,PIZZA0545
MEM0546,CUS0546,SILVER,Silver Slice Club,812,826,0.05,1.25,active,2026-03-19,2027-03-19,PIZZA0546
MEM0547,CUS0547,GOLD,Gold Slice Club,815,1284,0.10,1.50,active,2024-01-11,2025-01-10,PIZZA0547
MEM0548,CUS0548,SILVER,Silver Slice Club,631,860,0.05,1.25,active,2025-03-06,2026-03-06,PIZZA0548
MEM0549,CUS0549,PLATINUM,Platinum Slice Club,901,1745,0.15,2.00,active,2025-03-20,2026-03-20,PIZZA0549
MEM0550,CUS0550,SILVER,Silver Slice Club,252,1400,0.05,1.25,paused,2026-01-11,2027-01-11,PIZZA0550
MEM0551,CUS0551,BRONZE,Bronze Slice Club,239,2135,0.00,1.00,paused,2024-11-12,2025-11-12,PIZZA0551
MEM0552,CUS0552,SILVER,Silver Slice Club,700,1698,0.05,1.25,expired,2024-09-08,2025-09-08,PIZZA0552
MEM0553,CUS0553,BRONZE,Bronze Slice Club,76,821,0.00,1.00,active,2026-05-17,2027-05-17,PIZZA0553
MEM0554,CUS0554,SILVER,Silver Slice Club,239,986,0.05,1.25,expired,2026-06-19,2027-06-19,PIZZA0554
MEM0555,CUS0555,SILVER,Silver Slice Club,229,409,0.05,1.25,active,2024-02-23,2025-02-22,PIZZA0555
MEM0556,CUS0556,PLATINUM,Platinum Slice Club,464,1299,0.15,2.00,active,2026-01-26,2027-01-26,PIZZA0556
MEM0557,CUS0557,SILVER,Silver Slice Club,565,1201,0.05,1.25,active,2025-01-14,2026-01-14,PIZZA0557
MEM0558,CUS0558,PLATINUM,Platinum Slice Club,865,1691,0.15,2.00,active,2026-03-20,2027-03-20,PIZZA0558
MEM0559,CUS0559,SILVER,Silver Slice Club,554,1188,0.05,1.25,expired,2026-03-04,2027-03-04,PIZZA0559
MEM0560,CUS0560,BRONZE,Bronze Slice Club,163,1010,0.00,1.00,active,2026-01-03,2027-01-03,PIZZA0560
MEM0561,CUS0561,BRONZE,Bronze Slice Club,346,1769,0.00,1.00,active,2024-01-07,2025-01-06,PIZZA0561
MEM0562,CUS0562,SILVER,Silver Slice Club,140,994,0.05,1.25,paused,2026-07-02,2027-07-02,PIZZA0562
MEM0563,CUS0563,BRONZE,Bronze Slice Club,543,1588,0.00,1.00,active,2024-09-27,2025-09-27,PIZZA0563
MEM0564,CUS0564,PLATINUM,Platinum Slice Club,1016,2343,0.15,2.00,expired,2024-12-10,2025-12-10,PIZZA0564
MEM0565,CUS0565,GOLD,Gold Slice Club,378,2306,0.10,1.50,active,2026-05-31,2027-05-31,PIZZA0565
MEM0566,CUS0566,SILVER,Silver Slice Club,508,1831,0.05,1.25,expired,2024-10-12,2025-10-12,PIZZA0566
MEM0567,CUS0567,BRONZE,Bronze Slice Club,435,1606,0.00,1.00,active,2025-03-01,2026-03-01,PIZZA0567
MEM0568,CUS0568,SILVER,Silver Slice Club,374,875,0.05,1.25,paused,2026-07-11,2027-07-11,PIZZA0568
MEM0569,CUS0569,SILVER,Silver Slice Club,844,1201,0.05,1.25,active,2025-01-12,2026-01-12,PIZZA0569
MEM0570,CUS0570,PLATINUM,Platinum Slice Club,1047,1662,0.15,2.00,expired,2024-09-17,2025-09-17,PIZZA0570
MEM0571,CUS0571,PLATINUM,Platinum Slice Club,1095,1270,0.15,2.00,active,2024-06-03,2025-06-03,PIZZA0571
MEM0572,CUS0572,PLATINUM,Platinum Slice Club,636,742,0.15,2.00,paused,2024-09-04,2025-09-04,PIZZA0572
MEM0573,CUS0573,PLATINUM,Platinum Slice Club,430,562,0.15,2.00,expired,2026-05-08,2027-05-08,PIZZA0573
MEM0574,CUS0574,GOLD,Gold Slice Club,653,729,0.10,1.50,active,2025-08-22,2026-08-22,PIZZA0574
MEM0575,CUS0575,GOLD,Gold Slice Club,304,1453,0.10,1.50,active,2024-04-30,2025-04-30,PIZZA0575
MEM0576,CUS0576,GOLD,Gold Slice Club,598,813,0.10,1.50,active,2025-04-03,2026-04-03,PIZZA0576
MEM0577,CUS0577,BRONZE,Bronze Slice Club,206,1756,0.00,1.00,paused,2026-05-23,2027-05-23,PIZZA0577
MEM0578,CUS0578,SILVER,Silver Slice Club,611,1525,0.05,1.25,active,2025-03-19,2026-03-19,PIZZA0578
MEM0579,CUS0579,GOLD,Gold Slice Club,340,778,0.10,1.50,paused,2025-09-17,2026-09-17,PIZZA0579
MEM0580,CUS0580,PLATINUM,Platinum Slice Club,891,2788,0.15,2.00,active,2024-04-19,2025-04-19,PIZZA0580
MEM0581,CUS0581,SILVER,Silver Slice Club,520,2504,0.05,1.25,paused,2025-12-03,2026-12-03,PIZZA0581
MEM0582,CUS0582,BRONZE,Bronze Slice Club,776,1161,0.00,1.00,expired,2025-10-08,2026-10-08,PIZZA0582
MEM0583,CUS0583,GOLD,Gold Slice Club,872,1363,0.10,1.50,paused,2024-04-13,2025-04-13,PIZZA0583
MEM0584,CUS0584,BRONZE,Bronze Slice Club,368,1950,0.00,1.00,paused,2025-10-25,2026-10-25,PIZZA0584
MEM0585,CUS0585,GOLD,Gold Slice Club,864,1709,0.10,1.50,expired,2024-04-25,2025-04-25,PIZZA0585
MEM0586,CUS0586,GOLD,Gold Slice Club,575,1403,0.10,1.50,active,2024-12-07,2025-12-07,PIZZA0586
MEM0587,CUS0587,SILVER,Silver Slice Club,809,2517,0.05,1.25,active,2026-01-09,2027-01-09,PIZZA0587
MEM0588,CUS0588,PLATINUM,Platinum Slice Club,919,1476,0.15,2.00,active,2024-05-13,2025-05-13,PIZZA0588
MEM0589,CUS0589,SILVER,Silver Slice Club,543,1470,0.05,1.25,paused,2025-06-16,2026-06-16,PIZZA0589
MEM0590,CUS0590,PLATINUM,Platinum Slice Club,770,1922,0.15,2.00,active,2026-03-26,2027-03-26,PIZZA0590
MEM0591,CUS0591,GOLD,Gold Slice Club,667,1145,0.10,1.50,paused,2025-06-11,2026-06-11,PIZZA0591
MEM0592,CUS0592,BRONZE,Bronze Slice Club,697,2599,0.00,1.00,expired,2026-04-12,2027-04-12,PIZZA0592
MEM0593,CUS0593,SILVER,Silver Slice Club,348,987,0.05,1.25,expired,2025-11-14,2026-11-14,PIZZA0593
MEM0594,CUS0594,SILVER,Silver Slice Club,826,2094,0.05,1.25,paused,2024-10-22,2025-10-22,PIZZA0594
MEM0595,CUS0595,BRONZE,Bronze Slice Club,133,683,0.00,1.00,active,2025-03-14,2026-03-14,PIZZA0595
MEM0596,CUS0596,GOLD,Gold Slice Club,336,1055,0.10,1.50,paused,2024-01-08,2025-01-07,PIZZA0596
MEM0597,CUS0597,PLATINUM,Platinum Slice Club,559,805,0.15,2.00,paused,2024-04-07,2025-04-07,PIZZA0597
MEM0598,CUS0598,SILVER,Silver Slice Club,651,1788,0.05,1.25,expired,2025-06-01,2026-06-01,PIZZA0598
MEM0599,CUS0599,BRONZE,Bronze Slice Club,777,999,0.00,1.00,active,2025-09-10,2026-09-10,PIZZA0599
MEM0600,CUS0600,SILVER,Silver Slice Club,788,1629,0.05,1.25,active,2025-11-11,2026-11-11,PIZZA0600
MEM0601,CUS0601,SILVER,Silver Slice Club,348,353,0.05,1.25,active,2026-07-04,2027-07-04,PIZZA0601
MEM0602,CUS0602,BRONZE,Bronze Slice Club,219,1224,0.00,1.00,active,2025-04-17,2026-04-17,PIZZA0602
MEM0603,CUS0603,BRONZE,Bronze Slice Club,447,1698,0.00,1.00,expired,2024-08-31,2025-08-31,PIZZA0603
MEM0604,CUS0604,BRONZE,Bronze Slice Club,748,1516,0.00,1.00,active,2026-03-07,2027-03-07,PIZZA0604
MEM0605,CUS0605,GOLD,Gold Slice Club,165,1238,0.10,1.50,paused,2024-07-05,2025-07-05,PIZZA0605
MEM0606,CUS0606,BRONZE,Bronze Slice Club,473,2352,0.00,1.00,active,2026-07-11,2027-07-11,PIZZA0606
MEM0607,CUS0607,PLATINUM,Platinum Slice Club,611,1890,0.15,2.00,active,2026-02-19,2027-02-19,PIZZA0607
MEM0608,CUS0608,BRONZE,Bronze Slice Club,130,1404,0.00,1.00,active,2024-12-31,2025-12-31,PIZZA0608
MEM0609,CUS0609,BRONZE,Bronze Slice Club,692,1656,0.00,1.00,active,2024-09-15,2025-09-15,PIZZA0609
MEM0610,CUS0610,GOLD,Gold Slice Club,517,2363,0.10,1.50,active,2024-10-09,2025-10-09,PIZZA0610
MEM0611,CUS0611,BRONZE,Bronze Slice Club,382,1300,0.00,1.00,active,2025-09-19,2026-09-19,PIZZA0611
MEM0612,CUS0612,GOLD,Gold Slice Club,636,1253,0.10,1.50,expired,2025-05-11,2026-05-11,PIZZA0612
MEM0613,CUS0613,PLATINUM,Platinum Slice Club,1049,1353,0.15,2.00,expired,2024-11-25,2025-11-25,PIZZA0613
MEM0614,CUS0614,BRONZE,Bronze Slice Club,701,2557,0.00,1.00,paused,2024-01-18,2025-01-17,PIZZA0614
MEM0615,CUS0615,BRONZE,Bronze Slice Club,403,524,0.00,1.00,active,2025-06-13,2026-06-13,PIZZA0615
MEM0616,CUS0616,GOLD,Gold Slice Club,365,1436,0.10,1.50,active,2026-01-14,2027-01-14,PIZZA0616
MEM0617,CUS0617,BRONZE,Bronze Slice Club,585,1413,0.00,1.00,active,2024-03-20,2025-03-20,PIZZA0617
MEM0618,CUS0618,BRONZE,Bronze Slice Club,388,2083,0.00,1.00,active,2025-11-01,2026-11-01,PIZZA0618
MEM0619,CUS0619,PLATINUM,Platinum Slice Club,1075,1777,0.15,2.00,active,2024-04-14,2025-04-14,PIZZA0619
MEM0620,CUS0620,BRONZE,Bronze Slice Club,387,1218,0.00,1.00,active,2025-11-15,2026-11-15,PIZZA0620
MEM0621,CUS0621,SILVER,Silver Slice Club,348,1768,0.05,1.25,active,2025-03-31,2026-03-31,PIZZA0621
MEM0622,CUS0622,PLATINUM,Platinum Slice Club,874,2312,0.15,2.00,expired,2026-07-22,2027-07-22,PIZZA0622
MEM0623,CUS0623,BRONZE,Bronze Slice Club,86,686,0.00,1.00,active,2026-03-04,2027-03-04,PIZZA0623
MEM0624,CUS0624,SILVER,Silver Slice Club,684,2681,0.05,1.25,paused,2025-08-24,2026-08-24,PIZZA0624
MEM0625,CUS0625,GOLD,Gold Slice Club,490,2224,0.10,1.50,active,2025-12-13,2026-12-13,PIZZA0625
MEM0626,CUS0626,GOLD,Gold Slice Club,167,954,0.10,1.50,expired,2025-09-03,2026-09-03,PIZZA0626
MEM0627,CUS0627,SILVER,Silver Slice Club,843,1212,0.05,1.25,paused,2025-02-21,2026-02-21,PIZZA0627
MEM0628,CUS0628,BRONZE,Bronze Slice Club,199,681,0.00,1.00,expired,2025-08-02,2026-08-02,PIZZA0628
MEM0629,CUS0629,SILVER,Silver Slice Club,672,2114,0.05,1.25,expired,2025-04-27,2026-04-27,PIZZA0629
MEM0630,CUS0630,PLATINUM,Platinum Slice Club,809,1581,0.15,2.00,active,2026-07-03,2027-07-03,PIZZA0630
MEM0631,CUS0631,BRONZE,Bronze Slice Club,477,2028,0.00,1.00,active,2026-03-09,2027-03-09,PIZZA0631
MEM0632,CUS0632,BRONZE,Bronze Slice Club,110,702,0.00,1.00,active,2025-03-24,2026-03-24,PIZZA0632
MEM0633,CUS0633,SILVER,Silver Slice Club,278,2198,0.05,1.25,active,2025-10-13,2026-10-13,PIZZA0633
MEM0634,CUS0634,PLATINUM,Platinum Slice Club,741,956,0.15,2.00,active,2025-02-08,2026-02-08,PIZZA0634
MEM0635,CUS0635,PLATINUM,Platinum Slice Club,977,2778,0.15,2.00,active,2024-07-07,2025-07-07,PIZZA0635
MEM0636,CUS0636,PLATINUM,Platinum Slice Club,568,891,0.15,2.00,expired,2024-03-29,2025-03-29,PIZZA0636
MEM0637,CUS0637,SILVER,Silver Slice Club,665,1989,0.05,1.25,active,2024-02-04,2025-02-03,PIZZA0637
MEM0638,CUS0638,GOLD,Gold Slice Club,221,1626,0.10,1.50,active,2024-12-01,2025-12-01,PIZZA0638
MEM0639,CUS0639,BRONZE,Bronze Slice Club,281,2021,0.00,1.00,active,2024-11-02,2025-11-02,PIZZA0639
MEM0640,CUS0640,GOLD,Gold Slice Club,771,2021,0.10,1.50,expired,2025-11-14,2026-11-14,PIZZA0640
MEM0641,CUS0641,BRONZE,Bronze Slice Club,486,865,0.00,1.00,active,2024-03-04,2025-03-04,PIZZA0641
MEM0642,CUS0642,PLATINUM,Platinum Slice Club,1200,2944,0.15,2.00,expired,2025-08-25,2026-08-25,PIZZA0642
MEM0643,CUS0643,PLATINUM,Platinum Slice Club,655,772,0.15,2.00,paused,2024-07-23,2025-07-23,PIZZA0643
MEM0644,CUS0644,SILVER,Silver Slice Club,406,1320,0.05,1.25,expired,2025-10-13,2026-10-13,PIZZA0644
MEM0645,CUS0645,SILVER,Silver Slice Club,764,914,0.05,1.25,active,2025-11-18,2026-11-18,PIZZA0645
MEM0646,CUS0646,BRONZE,Bronze Slice Club,291,493,0.00,1.00,active,2024-03-23,2025-03-23,PIZZA0646
MEM0647,CUS0647,PLATINUM,Platinum Slice Club,866,1855,0.15,2.00,paused,2026-01-24,2027-01-24,PIZZA0647
MEM0648,CUS0648,PLATINUM,Platinum Slice Club,769,2416,0.15,2.00,expired,2026-07-31,2027-07-31,PIZZA0648
MEM0649,CUS0649,SILVER,Silver Slice Club,786,2736,0.05,1.25,active,2024-07-19,2025-07-19,PIZZA0649
MEM0650,CUS0650,GOLD,Gold Slice Club,542,1523,0.10,1.50,active,2026-07-23,2027-07-23,PIZZA0650
MEM0651,CUS0651,PLATINUM,Platinum Slice Club,1003,1866,0.15,2.00,paused,2024-05-03,2025-05-03,PIZZA0651
MEM0652,CUS0652,GOLD,Gold Slice Club,948,1872,0.10,1.50,expired,2025-05-25,2026-05-25,PIZZA0652
MEM0653,CUS0653,BRONZE,Bronze Slice Club,30,1745,0.00,1.00,expired,2024-07-24,2025-07-24,PIZZA0653
MEM0654,CUS0654,GOLD,Gold Slice Club,420,1792,0.10,1.50,active,2025-06-03,2026-06-03,PIZZA0654
MEM0655,CUS0655,SILVER,Silver Slice Club,771,2050,0.05,1.25,active,2026-04-16,2027-04-16,PIZZA0655
MEM0656,CUS0656,GOLD,Gold Slice Club,723,2618,0.10,1.50,expired,2024-11-12,2025-11-12,PIZZA0656
MEM0657,CUS0657,SILVER,Silver Slice Club,652,1567,0.05,1.25,paused,2025-08-09,2026-08-09,PIZZA0657
MEM0658,CUS0658,GOLD,Gold Slice Club,391,1773,0.10,1.50,paused,2024-07-07,2025-07-07,PIZZA0658
MEM0659,CUS0659,PLATINUM,Platinum Slice Club,676,2245,0.15,2.00,expired,2026-01-26,2027-01-26,PIZZA0659
MEM0660,CUS0660,PLATINUM,Platinum Slice Club,1018,2212,0.15,2.00,paused,2026-02-25,2027-02-25,PIZZA0660
MEM0661,CUS0661,BRONZE,Bronze Slice Club,784,1764,0.00,1.00,expired,2026-03-18,2027-03-18,PIZZA0661
MEM0662,CUS0662,PLATINUM,Platinum Slice Club,978,2847,0.15,2.00,active,2024-12-26,2025-12-26,PIZZA0662
MEM0663,CUS0663,GOLD,Gold Slice Club,702,2120,0.10,1.50,active,2024-07-09,2025-07-09,PIZZA0663
MEM0664,CUS0664,GOLD,Gold Slice Club,189,1716,0.10,1.50,expired,2026-06-26,2027-06-26,PIZZA0664
MEM0665,CUS0665,GOLD,Gold Slice Club,853,1429,0.10,1.50,active,2024-03-23,2025-03-23,PIZZA0665
MEM0666,CUS0666,GOLD,Gold Slice Club,435,816,0.10,1.50,paused,2025-12-25,2026-12-25,PIZZA0666
MEM0667,CUS0667,BRONZE,Bronze Slice Club,141,882,0.00,1.00,active,2025-12-04,2026-12-04,PIZZA0667
MEM0668,CUS0668,GOLD,Gold Slice Club,893,1201,0.10,1.50,paused,2025-06-18,2026-06-18,PIZZA0668
MEM0669,CUS0669,PLATINUM,Platinum Slice Club,462,1694,0.15,2.00,active,2024-04-09,2025-04-09,PIZZA0669
MEM0670,CUS0670,GOLD,Gold Slice Club,814,1148,0.10,1.50,expired,2025-12-16,2026-12-16,PIZZA0670
MEM0671,CUS0671,PLATINUM,Platinum Slice Club,456,1390,0.15,2.00,active,2025-03-07,2026-03-07,PIZZA0671
MEM0672,CUS0672,BRONZE,Bronze Slice Club,625,878,0.00,1.00,active,2025-01-16,2026-01-16,PIZZA0672
MEM0673,CUS0673,PLATINUM,Platinum Slice Club,644,1563,0.15,2.00,expired,2024-01-12,2025-01-11,PIZZA0673
MEM0674,CUS0674,SILVER,Silver Slice Club,81,548,0.05,1.25,active,2026-05-18,2027-05-18,PIZZA0674
MEM0675,CUS0675,PLATINUM,Platinum Slice Club,1012,2259,0.15,2.00,active,2026-03-24,2027-03-24,PIZZA0675
MEM0676,CUS0676,BRONZE,Bronze Slice Club,667,1991,0.00,1.00,active,2026-05-19,2027-05-19,PIZZA0676
MEM0677,CUS0677,PLATINUM,Platinum Slice Club,870,870,0.15,2.00,paused,2026-01-16,2027-01-16,PIZZA0677
MEM0678,CUS0678,GOLD,Gold Slice Club,258,649,0.10,1.50,expired,2024-02-16,2025-02-15,PIZZA0678
MEM0679,CUS0679,SILVER,Silver Slice Club,692,1047,0.05,1.25,active,2026-07-22,2027-07-22,PIZZA0679
MEM0680,CUS0680,PLATINUM,Platinum Slice Club,1026,2931,0.15,2.00,paused,2025-12-03,2026-12-03,PIZZA0680
MEM0681,CUS0681,GOLD,Gold Slice Club,400,588,0.10,1.50,paused,2025-09-05,2026-09-05,PIZZA0681
MEM0682,CUS0682,PLATINUM,Platinum Slice Club,931,1756,0.15,2.00,active,2024-04-14,2025-04-14,PIZZA0682
MEM0683,CUS0683,PLATINUM,Platinum Slice Club,1148,2048,0.15,2.00,expired,2025-09-23,2026-09-23,PIZZA0683
MEM0684,CUS0684,PLATINUM,Platinum Slice Club,813,2660,0.15,2.00,active,2024-04-19,2025-04-19,PIZZA0684
MEM0685,CUS0685,SILVER,Silver Slice Club,451,876,0.05,1.25,expired,2026-05-22,2027-05-22,PIZZA0685
MEM0686,CUS0686,BRONZE,Bronze Slice Club,10,1931,0.00,1.00,active,2025-01-10,2026-01-10,PIZZA0686
MEM0687,CUS0687,SILVER,Silver Slice Club,182,802,0.05,1.25,expired,2025-09-29,2026-09-29,PIZZA0687
MEM0688,CUS0688,PLATINUM,Platinum Slice Club,427,1676,0.15,2.00,active,2025-04-16,2026-04-16,PIZZA0688
MEM0689,CUS0689,PLATINUM,Platinum Slice Club,775,2432,0.15,2.00,active,2025-09-08,2026-09-08,PIZZA0689
MEM0690,CUS0690,PLATINUM,Platinum Slice Club,431,2023,0.15,2.00,active,2025-12-04,2026-12-04,PIZZA0690
MEM0691,CUS0691,SILVER,Silver Slice Club,354,904,0.05,1.25,active,2025-09-04,2026-09-04,PIZZA0691
MEM0692,CUS0692,GOLD,Gold Slice Club,815,1504,0.10,1.50,active,2026-05-25,2027-05-25,PIZZA0692
MEM0693,CUS0693,BRONZE,Bronze Slice Club,111,1447,0.00,1.00,paused,2024-07-24,2025-07-24,PIZZA0693
MEM0694,CUS0694,PLATINUM,Platinum Slice Club,449,2302,0.15,2.00,expired,2024-09-22,2025-09-22,PIZZA0694
MEM0695,CUS0695,BRONZE,Bronze Slice Club,717,1078,0.00,1.00,expired,2024-04-28,2025-04-28,PIZZA0695
MEM0696,CUS0696,SILVER,Silver Slice Club,569,903,0.05,1.25,expired,2025-01-30,2026-01-30,PIZZA0696
MEM0697,CUS0697,BRONZE,Bronze Slice Club,690,1896,0.00,1.00,active,2024-02-06,2025-02-05,PIZZA0697
MEM0698,CUS0698,BRONZE,Bronze Slice Club,252,2010,0.00,1.00,paused,2025-07-06,2026-07-06,PIZZA0698
MEM0699,CUS0699,GOLD,Gold Slice Club,445,1741,0.10,1.50,active,2024-02-10,2025-02-09,PIZZA0699
MEM0700,CUS0700,PLATINUM,Platinum Slice Club,836,2103,0.15,2.00,paused,2026-03-26,2027-03-26,PIZZA0700
MEM0701,CUS0701,BRONZE,Bronze Slice Club,81,1312,0.00,1.00,active,2024-02-29,2025-02-28,PIZZA0701
MEM0702,CUS0702,SILVER,Silver Slice Club,141,1749,0.05,1.25,active,2024-10-19,2025-10-19,PIZZA0702
MEM0703,CUS0703,SILVER,Silver Slice Club,64,2008,0.05,1.25,active,2025-04-12,2026-04-12,PIZZA0703
MEM0704,CUS0704,BRONZE,Bronze Slice Club,652,1586,0.00,1.00,active,2025-05-01,2026-05-01,PIZZA0704
MEM0705,CUS0705,GOLD,Gold Slice Club,623,1489,0.10,1.50,expired,2024-08-14,2025-08-14,PIZZA0705
MEM0706,CUS0706,PLATINUM,Platinum Slice Club,1067,2727,0.15,2.00,active,2024-05-25,2025-05-25,PIZZA0706
MEM0707,CUS0707,PLATINUM,Platinum Slice Club,1145,3100,0.15,2.00,expired,2025-11-28,2026-11-28,PIZZA0707
MEM0708,CUS0708,SILVER,Silver Slice Club,281,770,0.05,1.25,active,2025-01-10,2026-01-10,PIZZA0708
MEM0709,CUS0709,PLATINUM,Platinum Slice Club,558,598,0.15,2.00,active,2025-04-28,2026-04-28,PIZZA0709
MEM0710,CUS0710,GOLD,Gold Slice Club,478,1394,0.10,1.50,paused,2025-02-02,2026-02-02,PIZZA0710
MEM0711,CUS0711,PLATINUM,Platinum Slice Club,824,2603,0.15,2.00,active,2024-05-10,2025-05-10,PIZZA0711
MEM0712,CUS0712,GOLD,Gold Slice Club,898,1746,0.10,1.50,active,2024-03-23,2025-03-23,PIZZA0712
MEM0713,CUS0713,BRONZE,Bronze Slice Club,218,377,0.00,1.00,expired,2024-01-22,2025-01-21,PIZZA0713
MEM0714,CUS0714,GOLD,Gold Slice Club,801,2133,0.10,1.50,paused,2024-04-08,2025-04-08,PIZZA0714
MEM0715,CUS0715,SILVER,Silver Slice Club,703,1538,0.05,1.25,active,2024-10-07,2025-10-07,PIZZA0715
MEM0716,CUS0716,SILVER,Silver Slice Club,311,1610,0.05,1.25,paused,2024-11-25,2025-11-25,PIZZA0716
MEM0717,CUS0717,GOLD,Gold Slice Club,438,1317,0.10,1.50,active,2025-07-16,2026-07-16,PIZZA0717
MEM0718,CUS0718,SILVER,Silver Slice Club,275,1833,0.05,1.25,expired,2024-04-05,2025-04-05,PIZZA0718
MEM0719,CUS0719,GOLD,Gold Slice Club,615,1998,0.10,1.50,active,2025-10-01,2026-10-01,PIZZA0719
MEM0720,CUS0720,PLATINUM,Platinum Slice Club,709,2091,0.15,2.00,active,2025-02-08,2026-02-08,PIZZA0720
MEM0721,CUS0721,BRONZE,Bronze Slice Club,771,1821,0.00,1.00,expired,2026-07-24,2027-07-24,PIZZA0721
MEM0722,CUS0722,SILVER,Silver Slice Club,666,900,0.05,1.25,active,2026-03-03,2027-03-03,PIZZA0722
MEM0723,CUS0723,SILVER,Silver Slice Club,267,962,0.05,1.25,active,2025-06-03,2026-06-03,PIZZA0723
MEM0724,CUS0724,SILVER,Silver Slice Club,694,2158,0.05,1.25,paused,2025-06-16,2026-06-16,PIZZA0724
MEM0725,CUS0725,SILVER,Silver Slice Club,734,2502,0.05,1.25,paused,2026-04-08,2027-04-08,PIZZA0725
MEM0726,CUS0726,BRONZE,Bronze Slice Club,710,1756,0.00,1.00,active,2026-02-10,2027-02-10,PIZZA0726
MEM0727,CUS0727,SILVER,Silver Slice Club,340,2324,0.05,1.25,paused,2026-02-26,2027-02-26,PIZZA0727
MEM0728,CUS0728,GOLD,Gold Slice Club,400,1913,0.10,1.50,active,2024-04-23,2025-04-23,PIZZA0728
MEM0729,CUS0729,BRONZE,Bronze Slice Club,688,1247,0.00,1.00,expired,2025-12-20,2026-12-20,PIZZA0729
MEM0730,CUS0730,BRONZE,Bronze Slice Club,752,1401,0.00,1.00,active,2026-02-20,2027-02-20,PIZZA0730
MEM0731,CUS0731,GOLD,Gold Slice Club,291,1662,0.10,1.50,active,2026-04-12,2027-04-12,PIZZA0731
MEM0732,CUS0732,BRONZE,Bronze Slice Club,687,2599,0.00,1.00,active,2025-06-21,2026-06-21,PIZZA0732
MEM0733,CUS0733,GOLD,Gold Slice Club,879,1598,0.10,1.50,active,2025-10-11,2026-10-11,PIZZA0733
MEM0734,CUS0734,SILVER,Silver Slice Club,461,1724,0.05,1.25,active,2024-04-02,2025-04-02,PIZZA0734
MEM0735,CUS0735,PLATINUM,Platinum Slice Club,498,1776,0.15,2.00,active,2024-06-18,2025-06-18,PIZZA0735
MEM0736,CUS0736,PLATINUM,Platinum Slice Club,1054,1954,0.15,2.00,active,2024-12-05,2025-12-05,PIZZA0736
MEM0737,CUS0737,GOLD,Gold Slice Club,151,626,0.10,1.50,active,2025-01-05,2026-01-05,PIZZA0737
MEM0738,CUS0738,GOLD,Gold Slice Club,429,1204,0.10,1.50,active,2026-04-11,2027-04-11,PIZZA0738
MEM0739,CUS0739,SILVER,Silver Slice Club,306,861,0.05,1.25,active,2026-07-15,2027-07-15,PIZZA0739
MEM0740,CUS0740,BRONZE,Bronze Slice Club,260,1637,0.00,1.00,active,2025-05-13,2026-05-13,PIZZA0740
MEM0741,CUS0741,BRONZE,Bronze Slice Club,168,1764,0.00,1.00,active,2026-06-27,2027-06-27,PIZZA0741
MEM0742,CUS0742,BRONZE,Bronze Slice Club,363,2276,0.00,1.00,active,2026-06-12,2027-06-12,PIZZA0742
MEM0743,CUS0743,PLATINUM,Platinum Slice Club,908,1405,0.15,2.00,active,2026-05-20,2027-05-20,PIZZA0743
MEM0744,CUS0744,GOLD,Gold Slice Club,745,800,0.10,1.50,active,2024-10-20,2025-10-20,PIZZA0744
MEM0745,CUS0745,SILVER,Silver Slice Club,699,2196,0.05,1.25,active,2025-02-26,2026-02-26,PIZZA0745
MEM0746,CUS0746,SILVER,Silver Slice Club,447,738,0.05,1.25,active,2024-09-04,2025-09-04,PIZZA0746
MEM0747,CUS0747,GOLD,Gold Slice Club,937,2389,0.10,1.50,active,2025-07-20,2026-07-20,PIZZA0747
MEM0748,CUS0748,GOLD,Gold Slice Club,301,2119,0.10,1.50,expired,2025-08-17,2026-08-17,PIZZA0748
MEM0749,CUS0749,GOLD,Gold Slice Club,530,1317,0.10,1.50,active,2026-02-12,2027-02-12,PIZZA0749
MEM0750,CUS0750,PLATINUM,Platinum Slice Club,1108,1557,0.15,2.00,active,2026-04-29,2027-04-29,PIZZA0750
MEM0751,CUS0751,SILVER,Silver Slice Club,644,2226,0.05,1.25,active,2026-07-25,2027-07-25,PIZZA0751
MEM0752,CUS0752,SILVER,Silver Slice Club,80,1264,0.05,1.25,active,2024-04-21,2025-04-21,PIZZA0752
MEM0753,CUS0753,BRONZE,Bronze Slice Club,516,1557,0.00,1.00,active,2026-04-18,2027-04-18,PIZZA0753
MEM0754,CUS0754,PLATINUM,Platinum Slice Club,850,1936,0.15,2.00,active,2026-04-29,2027-04-29,PIZZA0754
MEM0755,CUS0755,BRONZE,Bronze Slice Club,348,1335,0.00,1.00,active,2026-05-29,2027-05-29,PIZZA0755
MEM0756,CUS0756,SILVER,Silver Slice Club,506,1567,0.05,1.25,active,2026-07-27,2027-07-27,PIZZA0756
MEM0757,CUS0757,BRONZE,Bronze Slice Club,574,1807,0.00,1.00,expired,2024-04-20,2025-04-20,PIZZA0757
MEM0758,CUS0758,PLATINUM,Platinum Slice Club,1046,2363,0.15,2.00,expired,2025-07-15,2026-07-15,PIZZA0758
MEM0759,CUS0759,GOLD,Gold Slice Club,924,2549,0.10,1.50,active,2025-09-20,2026-09-20,PIZZA0759
MEM0760,CUS0760,PLATINUM,Platinum Slice Club,749,2528,0.15,2.00,paused,2025-03-30,2026-03-30,PIZZA0760
MEM0761,CUS0761,SILVER,Silver Slice Club,745,2273,0.05,1.25,paused,2025-05-11,2026-05-11,PIZZA0761
MEM0762,CUS0762,PLATINUM,Platinum Slice Club,614,2482,0.15,2.00,active,2024-01-06,2025-01-05,PIZZA0762
MEM0763,CUS0763,PLATINUM,Platinum Slice Club,947,2600,0.15,2.00,expired,2024-06-03,2025-06-03,PIZZA0763
MEM0764,CUS0764,PLATINUM,Platinum Slice Club,932,1857,0.15,2.00,active,2025-07-08,2026-07-08,PIZZA0764
MEM0765,CUS0765,BRONZE,Bronze Slice Club,565,2348,0.00,1.00,active,2026-06-19,2027-06-19,PIZZA0765
MEM0766,CUS0766,SILVER,Silver Slice Club,547,1246,0.05,1.25,active,2024-02-24,2025-02-23,PIZZA0766
MEM0767,CUS0767,BRONZE,Bronze Slice Club,409,2033,0.00,1.00,expired,2025-01-26,2026-01-26,PIZZA0767
MEM0768,CUS0768,BRONZE,Bronze Slice Club,294,720,0.00,1.00,expired,2025-12-20,2026-12-20,PIZZA0768
MEM0769,CUS0769,BRONZE,Bronze Slice Club,265,2148,0.00,1.00,expired,2025-09-12,2026-09-12,PIZZA0769
MEM0770,CUS0770,GOLD,Gold Slice Club,656,1045,0.10,1.50,expired,2026-01-16,2027-01-16,PIZZA0770
MEM0771,CUS0771,SILVER,Silver Slice Club,202,812,0.05,1.25,active,2024-03-05,2025-03-05,PIZZA0771
MEM0772,CUS0772,GOLD,Gold Slice Club,848,1826,0.10,1.50,active,2024-01-21,2025-01-20,PIZZA0772
MEM0773,CUS0773,BRONZE,Bronze Slice Club,495,660,0.00,1.00,expired,2026-06-11,2027-06-11,PIZZA0773
MEM0774,CUS0774,BRONZE,Bronze Slice Club,69,439,0.00,1.00,active,2024-07-06,2025-07-06,PIZZA0774
MEM0775,CUS0775,SILVER,Silver Slice Club,550,2413,0.05,1.25,active,2025-09-09,2026-09-09,PIZZA0775
MEM0776,CUS0776,BRONZE,Bronze Slice Club,633,2282,0.00,1.00,active,2025-09-05,2026-09-05,PIZZA0776
MEM0777,CUS0777,SILVER,Silver Slice Club,134,1441,0.05,1.25,paused,2025-11-04,2026-11-04,PIZZA0777
MEM0778,CUS0778,PLATINUM,Platinum Slice Club,681,1671,0.15,2.00,active,2025-10-15,2026-10-15,PIZZA0778
MEM0779,CUS0779,BRONZE,Bronze Slice Club,711,1884,0.00,1.00,active,2026-01-29,2027-01-29,PIZZA0779
MEM0780,CUS0780,GOLD,Gold Slice Club,603,1302,0.10,1.50,paused,2024-10-11,2025-10-11,PIZZA0780
MEM0781,CUS0781,GOLD,Gold Slice Club,867,2315,0.10,1.50,active,2024-07-29,2025-07-29,PIZZA0781
MEM0782,CUS0782,SILVER,Silver Slice Club,751,2596,0.05,1.25,active,2024-06-14,2025-06-14,PIZZA0782
MEM0783,CUS0783,BRONZE,Bronze Slice Club,77,1585,0.00,1.00,paused,2024-01-09,2025-01-08,PIZZA0783
MEM0784,CUS0784,BRONZE,Bronze Slice Club,226,591,0.00,1.00,active,2026-03-26,2027-03-26,PIZZA0784
MEM0785,CUS0785,GOLD,Gold Slice Club,732,2646,0.10,1.50,active,2024-09-03,2025-09-03,PIZZA0785
MEM0786,CUS0786,BRONZE,Bronze Slice Club,302,444,0.00,1.00,paused,2026-02-04,2027-02-04,PIZZA0786
MEM0787,CUS0787,PLATINUM,Platinum Slice Club,615,2559,0.15,2.00,active,2025-02-20,2026-02-20,PIZZA0787
MEM0788,CUS0788,PLATINUM,Platinum Slice Club,703,1006,0.15,2.00,expired,2024-02-07,2025-02-06,PIZZA0788
MEM0789,CUS0789,SILVER,Silver Slice Club,457,1462,0.05,1.25,active,2024-05-30,2025-05-30,PIZZA0789
MEM0790,CUS0790,SILVER,Silver Slice Club,357,1139,0.05,1.25,active,2024-07-22,2025-07-22,PIZZA0790
MEM0791,CUS0791,GOLD,Gold Slice Club,268,346,0.10,1.50,paused,2026-01-06,2027-01-06,PIZZA0791
MEM0792,CUS0792,BRONZE,Bronze Slice Club,62,942,0.00,1.00,paused,2025-09-03,2026-09-03,PIZZA0792
MEM0793,CUS0793,SILVER,Silver Slice Club,514,1596,0.05,1.25,expired,2026-02-02,2027-02-02,PIZZA0793
MEM0794,CUS0794,SILVER,Silver Slice Club,311,561,0.05,1.25,expired,2024-04-22,2025-04-22,PIZZA0794
MEM0795,CUS0795,BRONZE,Bronze Slice Club,61,1001,0.00,1.00,active,2024-03-02,2025-03-02,PIZZA0795
MEM0796,CUS0796,BRONZE,Bronze Slice Club,676,1202,0.00,1.00,paused,2026-02-21,2027-02-21,PIZZA0796
MEM0797,CUS0797,BRONZE,Bronze Slice Club,671,865,0.00,1.00,paused,2024-06-12,2025-06-12,PIZZA0797
MEM0798,CUS0798,BRONZE,Bronze Slice Club,785,1585,0.00,1.00,active,2025-06-20,2026-06-20,PIZZA0798
MEM0799,CUS0799,PLATINUM,Platinum Slice Club,1157,1834,0.15,2.00,expired,2025-10-28,2026-10-28,PIZZA0799
MEM0800,CUS0800,GOLD,Gold Slice Club,924,1670,0.10,1.50,paused,2025-12-07,2026-12-07,PIZZA0800
MEM0801,CUS0801,BRONZE,Bronze Slice Club,749,1209,0.00,1.00,paused,2024-12-16,2025-12-16,PIZZA0801
MEM0802,CUS0802,PLATINUM,Platinum Slice Club,1048,2254,0.15,2.00,active,2025-05-12,2026-05-12,PIZZA0802
MEM0803,CUS0803,PLATINUM,Platinum Slice Club,485,2191,0.15,2.00,active,2026-07-26,2027-07-26,PIZZA0803
MEM0804,CUS0804,SILVER,Silver Slice Club,591,1169,0.05,1.25,expired,2026-01-20,2027-01-20,PIZZA0804
MEM0805,CUS0805,PLATINUM,Platinum Slice Club,566,1010,0.15,2.00,active,2025-05-03,2026-05-03,PIZZA0805
MEM0806,CUS0806,BRONZE,Bronze Slice Club,323,2042,0.00,1.00,active,2025-03-25,2026-03-25,PIZZA0806
MEM0807,CUS0807,SILVER,Silver Slice Club,267,317,0.05,1.25,active,2025-02-15,2026-02-15,PIZZA0807
MEM0808,CUS0808,SILVER,Silver Slice Club,524,2262,0.05,1.25,active,2024-02-10,2025-02-09,PIZZA0808
MEM0809,CUS0809,BRONZE,Bronze Slice Club,157,961,0.00,1.00,paused,2024-02-06,2025-02-05,PIZZA0809
MEM0810,CUS0810,GOLD,Gold Slice Club,418,1332,0.10,1.50,active,2025-06-08,2026-06-08,PIZZA0810
MEM0811,CUS0811,SILVER,Silver Slice Club,347,1964,0.05,1.25,active,2025-11-05,2026-11-05,PIZZA0811
MEM0812,CUS0812,PLATINUM,Platinum Slice Club,941,1226,0.15,2.00,active,2024-11-23,2025-11-23,PIZZA0812
MEM0813,CUS0813,BRONZE,Bronze Slice Club,482,2230,0.00,1.00,active,2024-06-11,2025-06-11,PIZZA0813
MEM0814,CUS0814,SILVER,Silver Slice Club,247,1972,0.05,1.25,active,2024-03-23,2025-03-23,PIZZA0814
MEM0815,CUS0815,SILVER,Silver Slice Club,536,2177,0.05,1.25,active,2024-05-19,2025-05-19,PIZZA0815
MEM0816,CUS0816,PLATINUM,Platinum Slice Club,1101,1609,0.15,2.00,active,2024-12-16,2025-12-16,PIZZA0816
MEM0817,CUS0817,BRONZE,Bronze Slice Club,566,2477,0.00,1.00,active,2025-02-05,2026-02-05,PIZZA0817
MEM0818,CUS0818,PLATINUM,Platinum Slice Club,509,849,0.15,2.00,active,2024-05-03,2025-05-03,PIZZA0818
MEM0819,CUS0819,BRONZE,Bronze Slice Club,311,1748,0.00,1.00,active,2025-04-15,2026-04-15,PIZZA0819
MEM0820,CUS0820,BRONZE,Bronze Slice Club,326,1721,0.00,1.00,paused,2025-09-10,2026-09-10,PIZZA0820
MEM0821,CUS0821,PLATINUM,Platinum Slice Club,494,698,0.15,2.00,active,2024-07-16,2025-07-16,PIZZA0821
MEM0822,CUS0822,PLATINUM,Platinum Slice Club,1119,1947,0.15,2.00,expired,2024-06-15,2025-06-15,PIZZA0822
MEM0823,CUS0823,BRONZE,Bronze Slice Club,578,1665,0.00,1.00,active,2024-01-02,2025-01-01,PIZZA0823
MEM0824,CUS0824,PLATINUM,Platinum Slice Club,839,2834,0.15,2.00,active,2025-10-07,2026-10-07,PIZZA0824
MEM0825,CUS0825,GOLD,Gold Slice Club,237,920,0.10,1.50,active,2024-07-19,2025-07-19,PIZZA0825
MEM0826,CUS0826,PLATINUM,Platinum Slice Club,606,2301,0.15,2.00,paused,2026-01-22,2027-01-22,PIZZA0826
MEM0827,CUS0827,BRONZE,Bronze Slice Club,12,937,0.00,1.00,active,2024-04-23,2025-04-23,PIZZA0827
MEM0828,CUS0828,PLATINUM,Platinum Slice Club,820,1897,0.15,2.00,paused,2026-04-10,2027-04-10,PIZZA0828
MEM0829,CUS0829,GOLD,Gold Slice Club,905,2607,0.10,1.50,active,2025-10-13,2026-10-13,PIZZA0829
MEM0830,CUS0830,BRONZE,Bronze Slice Club,484,2299,0.00,1.00,active,2025-03-28,2026-03-28,PIZZA0830
MEM0831,CUS0831,GOLD,Gold Slice Club,587,1711,0.10,1.50,expired,2025-04-28,2026-04-28,PIZZA0831
MEM0832,CUS0832,GOLD,Gold Slice Club,801,1756,0.10,1.50,active,2024-10-24,2025-10-24,PIZZA0832
MEM0833,CUS0833,SILVER,Silver Slice Club,226,876,0.05,1.25,paused,2025-06-16,2026-06-16,PIZZA0833
MEM0834,CUS0834,PLATINUM,Platinum Slice Club,951,2144,0.15,2.00,expired,2025-08-13,2026-08-13,PIZZA0834
MEM0835,CUS0835,PLATINUM,Platinum Slice Club,1171,1623,0.15,2.00,expired,2026-01-19,2027-01-19,PIZZA0835
MEM0836,CUS0836,GOLD,Gold Slice Club,547,1830,0.10,1.50,paused,2024-05-17,2025-05-17,PIZZA0836
MEM0837,CUS0837,BRONZE,Bronze Slice Club,742,1071,0.00,1.00,active,2024-12-15,2025-12-15,PIZZA0837
MEM0838,CUS0838,PLATINUM,Platinum Slice Club,502,1044,0.15,2.00,active,2024-02-17,2025-02-16,PIZZA0838
MEM0839,CUS0839,GOLD,Gold Slice Club,845,1745,0.10,1.50,active,2024-04-06,2025-04-06,PIZZA0839
MEM0840,CUS0840,GOLD,Gold Slice Club,785,2034,0.10,1.50,paused,2024-05-31,2025-05-31,PIZZA0840
MEM0841,CUS0841,SILVER,Silver Slice Club,278,396,0.05,1.25,active,2024-08-07,2025-08-07,PIZZA0841
MEM0842,CUS0842,PLATINUM,Platinum Slice Club,554,1243,0.15,2.00,expired,2026-02-02,2027-02-02,PIZZA0842
MEM0843,CUS0843,PLATINUM,Platinum Slice Club,1118,1305,0.15,2.00,active,2024-04-27,2025-04-27,PIZZA0843
MEM0844,CUS0844,GOLD,Gold Slice Club,385,2032,0.10,1.50,expired,2024-12-23,2025-12-23,PIZZA0844
MEM0845,CUS0845,GOLD,Gold Slice Club,552,809,0.10,1.50,expired,2024-05-22,2025-05-22,PIZZA0845
MEM0846,CUS0846,BRONZE,Bronze Slice Club,189,1310,0.00,1.00,expired,2025-11-06,2026-11-06,PIZZA0846
MEM0847,CUS0847,BRONZE,Bronze Slice Club,736,2160,0.00,1.00,paused,2025-05-13,2026-05-13,PIZZA0847
MEM0848,CUS0848,PLATINUM,Platinum Slice Club,1077,2773,0.15,2.00,active,2024-03-24,2025-03-24,PIZZA0848
MEM0849,CUS0849,BRONZE,Bronze Slice Club,547,665,0.00,1.00,active,2026-06-13,2027-06-13,PIZZA0849
MEM0850,CUS0850,BRONZE,Bronze Slice Club,220,758,0.00,1.00,active,2026-03-22,2027-03-22,PIZZA0850
MEM0851,CUS0851,GOLD,Gold Slice Club,359,1193,0.10,1.50,active,2026-05-31,2027-05-31,PIZZA0851
MEM0852,CUS0852,GOLD,Gold Slice Club,690,815,0.10,1.50,expired,2025-11-07,2026-11-07,PIZZA0852
MEM0853,CUS0853,PLATINUM,Platinum Slice Club,1030,2318,0.15,2.00,active,2025-11-19,2026-11-19,PIZZA0853
MEM0854,CUS0854,GOLD,Gold Slice Club,298,901,0.10,1.50,active,2026-01-27,2027-01-27,PIZZA0854
MEM0855,CUS0855,BRONZE,Bronze Slice Club,474,1267,0.00,1.00,active,2025-10-21,2026-10-21,PIZZA0855
MEM0856,CUS0856,BRONZE,Bronze Slice Club,502,2028,0.00,1.00,active,2026-04-14,2027-04-14,PIZZA0856
MEM0857,CUS0857,SILVER,Silver Slice Club,682,1515,0.05,1.25,active,2024-02-02,2025-02-01,PIZZA0857
MEM0858,CUS0858,PLATINUM,Platinum Slice Club,533,1767,0.15,2.00,active,2025-04-13,2026-04-13,PIZZA0858
MEM0859,CUS0859,SILVER,Silver Slice Club,590,1073,0.05,1.25,active,2025-08-30,2026-08-30,PIZZA0859
MEM0860,CUS0860,PLATINUM,Platinum Slice Club,1018,2490,0.15,2.00,active,2024-02-07,2025-02-06,PIZZA0860
MEM0861,CUS0861,GOLD,Gold Slice Club,580,1956,0.10,1.50,active,2024-06-11,2025-06-11,PIZZA0861
MEM0862,CUS0862,BRONZE,Bronze Slice Club,319,1032,0.00,1.00,active,2026-05-14,2027-05-14,PIZZA0862
MEM0863,CUS0863,SILVER,Silver Slice Club,193,1090,0.05,1.25,paused,2025-08-09,2026-08-09,PIZZA0863
MEM0864,CUS0864,SILVER,Silver Slice Club,154,1918,0.05,1.25,active,2024-12-13,2025-12-13,PIZZA0864
MEM0865,CUS0865,GOLD,Gold Slice Club,248,515,0.10,1.50,expired,2026-03-21,2027-03-21,PIZZA0865
MEM0866,CUS0866,PLATINUM,Platinum Slice Club,812,1268,0.15,2.00,active,2025-09-03,2026-09-03,PIZZA0866
MEM0867,CUS0867,BRONZE,Bronze Slice Club,106,1381,0.00,1.00,paused,2025-02-02,2026-02-02,PIZZA0867
MEM0868,CUS0868,GOLD,Gold Slice Club,628,1499,0.10,1.50,active,2025-02-10,2026-02-10,PIZZA0868
MEM0869,CUS0869,SILVER,Silver Slice Club,360,1181,0.05,1.25,expired,2024-07-19,2025-07-19,PIZZA0869
MEM0870,CUS0870,PLATINUM,Platinum Slice Club,739,2664,0.15,2.00,active,2026-03-12,2027-03-12,PIZZA0870
MEM0871,CUS0871,PLATINUM,Platinum Slice Club,582,718,0.15,2.00,paused,2026-07-10,2027-07-10,PIZZA0871
MEM0872,CUS0872,GOLD,Gold Slice Club,622,835,0.10,1.50,active,2024-04-22,2025-04-22,PIZZA0872
MEM0873,CUS0873,GOLD,Gold Slice Club,794,1927,0.10,1.50,active,2024-08-11,2025-08-11,PIZZA0873
MEM0874,CUS0874,GOLD,Gold Slice Club,807,1737,0.10,1.50,active,2025-02-09,2026-02-09,PIZZA0874
MEM0875,CUS0875,GOLD,Gold Slice Club,790,837,0.10,1.50,active,2024-01-12,2025-01-11,PIZZA0875
MEM0876,CUS0876,PLATINUM,Platinum Slice Club,1099,1780,0.15,2.00,expired,2025-02-07,2026-02-07,PIZZA0876
MEM0877,CUS0877,BRONZE,Bronze Slice Club,425,1284,0.00,1.00,active,2026-01-23,2027-01-23,PIZZA0877
MEM0878,CUS0878,PLATINUM,Platinum Slice Club,705,940,0.15,2.00,active,2026-03-15,2027-03-15,PIZZA0878
MEM0879,CUS0879,SILVER,Silver Slice Club,233,1167,0.05,1.25,paused,2024-07-04,2025-07-04,PIZZA0879
MEM0880,CUS0880,BRONZE,Bronze Slice Club,548,2131,0.00,1.00,active,2026-02-08,2027-02-08,PIZZA0880
MEM0881,CUS0881,SILVER,Silver Slice Club,671,1257,0.05,1.25,expired,2025-06-28,2026-06-28,PIZZA0881
MEM0882,CUS0882,SILVER,Silver Slice Club,312,1054,0.05,1.25,active,2024-07-17,2025-07-17,PIZZA0882
MEM0883,CUS0883,GOLD,Gold Slice Club,699,942,0.10,1.50,paused,2026-04-20,2027-04-20,PIZZA0883
MEM0884,CUS0884,BRONZE,Bronze Slice Club,373,2025,0.00,1.00,active,2024-10-20,2025-10-20,PIZZA0884
MEM0885,CUS0885,GOLD,Gold Slice Club,648,1516,0.10,1.50,active,2024-06-16,2025-06-16,PIZZA0885
MEM0886,CUS0886,GOLD,Gold Slice Club,259,1912,0.10,1.50,active,2025-09-25,2026-09-25,PIZZA0886
MEM0887,CUS0887,BRONZE,Bronze Slice Club,660,2228,0.00,1.00,expired,2024-06-09,2025-06-09,PIZZA0887
MEM0888,CUS0888,BRONZE,Bronze Slice Club,669,873,0.00,1.00,active,2024-02-20,2025-02-19,PIZZA0888
MEM0889,CUS0889,PLATINUM,Platinum Slice Club,981,2293,0.15,2.00,active,2024-12-11,2025-12-11,PIZZA0889
MEM0890,CUS0890,SILVER,Silver Slice Club,568,2246,0.05,1.25,active,2026-06-15,2027-06-15,PIZZA0890
MEM0891,CUS0891,GOLD,Gold Slice Club,406,982,0.10,1.50,expired,2026-03-18,2027-03-18,PIZZA0891
MEM0892,CUS0892,BRONZE,Bronze Slice Club,137,1076,0.00,1.00,paused,2024-06-03,2025-06-03,PIZZA0892
MEM0893,CUS0893,BRONZE,Bronze Slice Club,453,1456,0.00,1.00,active,2024-07-29,2025-07-29,PIZZA0893
MEM0894,CUS0894,GOLD,Gold Slice Club,812,1839,0.10,1.50,active,2025-08-21,2026-08-21,PIZZA0894
MEM0895,CUS0895,SILVER,Silver Slice Club,54,1760,0.05,1.25,expired,2026-07-23,2027-07-23,PIZZA0895
MEM0896,CUS0896,BRONZE,Bronze Slice Club,288,843,0.00,1.00,paused,2025-12-01,2026-12-01,PIZZA0896
MEM0897,CUS0897,GOLD,Gold Slice Club,688,692,0.10,1.50,active,2024-01-23,2025-01-22,PIZZA0897
MEM0898,CUS0898,BRONZE,Bronze Slice Club,609,2111,0.00,1.00,active,2026-04-15,2027-04-15,PIZZA0898
MEM0899,CUS0899,SILVER,Silver Slice Club,700,791,0.05,1.25,paused,2026-05-29,2027-05-29,PIZZA0899
MEM0900,CUS0900,GOLD,Gold Slice Club,769,2034,0.10,1.50,paused,2024-05-30,2025-05-30,PIZZA0900
MEM0901,CUS0901,GOLD,Gold Slice Club,916,1521,0.10,1.50,active,2026-05-13,2027-05-13,PIZZA0901
MEM0902,CUS0902,SILVER,Silver Slice Club,300,1251,0.05,1.25,paused,2026-05-28,2027-05-28,PIZZA0902
MEM0903,CUS0903,GOLD,Gold Slice Club,279,1961,0.10,1.50,paused,2025-05-15,2026-05-15,PIZZA0903
MEM0904,CUS0904,GOLD,Gold Slice Club,613,2591,0.10,1.50,active,2026-05-12,2027-05-12,PIZZA0904
MEM0905,CUS0905,BRONZE,Bronze Slice Club,243,1369,0.00,1.00,paused,2024-09-19,2025-09-19,PIZZA0905
MEM0906,CUS0906,GOLD,Gold Slice Club,332,1179,0.10,1.50,active,2025-10-14,2026-10-14,PIZZA0906
MEM0907,CUS0907,BRONZE,Bronze Slice Club,8,755,0.00,1.00,expired,2026-05-11,2027-05-11,PIZZA0907
MEM0908,CUS0908,BRONZE,Bronze Slice Club,538,2111,0.00,1.00,expired,2024-07-05,2025-07-05,PIZZA0908
MEM0909,CUS0909,BRONZE,Bronze Slice Club,715,1221,0.00,1.00,active,2024-01-12,2025-01-11,PIZZA0909
MEM0910,CUS0910,BRONZE,Bronze Slice Club,199,1133,0.00,1.00,expired,2025-05-31,2026-05-31,PIZZA0910
MEM0911,CUS0911,SILVER,Silver Slice Club,456,2228,0.05,1.25,expired,2026-04-28,2027-04-28,PIZZA0911
MEM0912,CUS0912,PLATINUM,Platinum Slice Club,1141,2483,0.15,2.00,active,2024-09-06,2025-09-06,PIZZA0912
MEM0913,CUS0913,BRONZE,Bronze Slice Club,10,940,0.00,1.00,active,2024-10-23,2025-10-23,PIZZA0913
MEM0914,CUS0914,BRONZE,Bronze Slice Club,64,1906,0.00,1.00,paused,2026-04-22,2027-04-22,PIZZA0914
MEM0915,CUS0915,SILVER,Silver Slice Club,259,2047,0.05,1.25,expired,2024-09-15,2025-09-15,PIZZA0915
MEM0916,CUS0916,PLATINUM,Platinum Slice Club,1063,1864,0.15,2.00,active,2025-08-11,2026-08-11,PIZZA0916
MEM0917,CUS0917,BRONZE,Bronze Slice Club,275,416,0.00,1.00,active,2025-07-23,2026-07-23,PIZZA0917
MEM0918,CUS0918,BRONZE,Bronze Slice Club,574,695,0.00,1.00,paused,2026-06-17,2027-06-17,PIZZA0918
MEM0919,CUS0919,BRONZE,Bronze Slice Club,465,1967,0.00,1.00,active,2024-07-16,2025-07-16,PIZZA0919
MEM0920,CUS0920,SILVER,Silver Slice Club,365,2103,0.05,1.25,active,2026-07-12,2027-07-12,PIZZA0920
MEM0921,CUS0921,PLATINUM,Platinum Slice Club,740,1841,0.15,2.00,active,2024-12-02,2025-12-02,PIZZA0921
MEM0922,CUS0922,GOLD,Gold Slice Club,321,1761,0.10,1.50,paused,2026-06-26,2027-06-26,PIZZA0922
MEM0923,CUS0923,SILVER,Silver Slice Club,646,2225,0.05,1.25,expired,2026-05-19,2027-05-19,PIZZA0923
MEM0924,CUS0924,PLATINUM,Platinum Slice Club,1030,1693,0.15,2.00,active,2025-02-22,2026-02-22,PIZZA0924
MEM0925,CUS0925,BRONZE,Bronze Slice Club,624,912,0.00,1.00,active,2024-03-23,2025-03-23,PIZZA0925
MEM0926,CUS0926,SILVER,Silver Slice Club,421,2160,0.05,1.25,expired,2025-07-12,2026-07-12,PIZZA0926
MEM0927,CUS0927,GOLD,Gold Slice Club,302,2129,0.10,1.50,expired,2025-12-08,2026-12-08,PIZZA0927
MEM0928,CUS0928,SILVER,Silver Slice Club,459,1800,0.05,1.25,active,2025-02-12,2026-02-12,PIZZA0928
MEM0929,CUS0929,BRONZE,Bronze Slice Club,83,1440,0.00,1.00,expired,2025-11-06,2026-11-06,PIZZA0929
MEM0930,CUS0930,BRONZE,Bronze Slice Club,328,2294,0.00,1.00,expired,2025-06-28,2026-06-28,PIZZA0930
MEM0931,CUS0931,PLATINUM,Platinum Slice Club,612,649,0.15,2.00,active,2025-07-22,2026-07-22,PIZZA0931
MEM0932,CUS0932,PLATINUM,Platinum Slice Club,678,2151,0.15,2.00,expired,2024-05-14,2025-05-14,PIZZA0932
MEM0933,CUS0933,BRONZE,Bronze Slice Club,66,943,0.00,1.00,paused,2025-04-07,2026-04-07,PIZZA0933
MEM0934,CUS0934,GOLD,Gold Slice Club,817,903,0.10,1.50,active,2024-08-31,2025-08-31,PIZZA0934
MEM0935,CUS0935,PLATINUM,Platinum Slice Club,1199,3075,0.15,2.00,expired,2026-07-14,2027-07-14,PIZZA0935
MEM0936,CUS0936,BRONZE,Bronze Slice Club,336,2078,0.00,1.00,active,2025-03-03,2026-03-03,PIZZA0936
MEM0937,CUS0937,BRONZE,Bronze Slice Club,575,2525,0.00,1.00,expired,2024-04-20,2025-04-20,PIZZA0937
MEM0938,CUS0938,BRONZE,Bronze Slice Club,641,972,0.00,1.00,expired,2026-01-05,2027-01-05,PIZZA0938
MEM0939,CUS0939,GOLD,Gold Slice Club,678,1294,0.10,1.50,expired,2025-06-08,2026-06-08,PIZZA0939
MEM0940,CUS0940,PLATINUM,Platinum Slice Club,1000,1527,0.15,2.00,active,2025-02-24,2026-02-24,PIZZA0940
MEM0941,CUS0941,BRONZE,Bronze Slice Club,178,1039,0.00,1.00,active,2026-06-14,2027-06-14,PIZZA0941
MEM0942,CUS0942,PLATINUM,Platinum Slice Club,1152,2258,0.15,2.00,active,2025-06-22,2026-06-22,PIZZA0942
MEM0943,CUS0943,PLATINUM,Platinum Slice Club,421,2117,0.15,2.00,active,2024-10-15,2025-10-15,PIZZA0943
MEM0944,CUS0944,BRONZE,Bronze Slice Club,467,2109,0.00,1.00,active,2025-07-06,2026-07-06,PIZZA0944
MEM0945,CUS0945,BRONZE,Bronze Slice Club,509,1093,0.00,1.00,active,2026-06-04,2027-06-04,PIZZA0945
MEM0946,CUS0946,GOLD,Gold Slice Club,479,1883,0.10,1.50,active,2025-11-24,2026-11-24,PIZZA0946
MEM0947,CUS0947,SILVER,Silver Slice Club,402,2079,0.05,1.25,active,2025-05-28,2026-05-28,PIZZA0947
MEM0948,CUS0948,PLATINUM,Platinum Slice Club,425,1863,0.15,2.00,expired,2026-02-16,2027-02-16,PIZZA0948
MEM0949,CUS0949,GOLD,Gold Slice Club,764,2256,0.10,1.50,active,2025-10-21,2026-10-21,PIZZA0949
MEM0950,CUS0950,BRONZE,Bronze Slice Club,347,1769,0.00,1.00,expired,2024-06-10,2025-06-10,PIZZA0950
MEM0951,CUS0951,BRONZE,Bronze Slice Club,799,1231,0.00,1.00,paused,2024-07-17,2025-07-17,PIZZA0951
MEM0952,CUS0952,SILVER,Silver Slice Club,770,1153,0.05,1.25,active,2025-02-28,2026-02-28,PIZZA0952
MEM0953,CUS0953,GOLD,Gold Slice Club,844,920,0.10,1.50,active,2026-01-21,2027-01-21,PIZZA0953
MEM0954,CUS0954,SILVER,Silver Slice Club,168,1339,0.05,1.25,active,2025-06-20,2026-06-20,PIZZA0954
MEM0955,CUS0955,PLATINUM,Platinum Slice Club,542,1173,0.15,2.00,active,2025-11-28,2026-11-28,PIZZA0955
MEM0956,CUS0956,PLATINUM,Platinum Slice Club,1036,2958,0.15,2.00,active,2024-03-19,2025-03-19,PIZZA0956
MEM0957,CUS0957,PLATINUM,Platinum Slice Club,563,2278,0.15,2.00,active,2026-01-23,2027-01-23,PIZZA0957
MEM0958,CUS0958,PLATINUM,Platinum Slice Club,695,1633,0.15,2.00,paused,2026-01-22,2027-01-22,PIZZA0958
MEM0959,CUS0959,SILVER,Silver Slice Club,752,1840,0.05,1.25,active,2024-03-25,2025-03-25,PIZZA0959
MEM0960,CUS0960,GOLD,Gold Slice Club,285,1655,0.10,1.50,expired,2025-11-14,2026-11-14,PIZZA0960
MEM0961,CUS0961,BRONZE,Bronze Slice Club,690,806,0.00,1.00,active,2024-05-27,2025-05-27,PIZZA0961
MEM0962,CUS0962,PLATINUM,Platinum Slice Club,673,1985,0.15,2.00,paused,2025-01-23,2026-01-23,PIZZA0962
MEM0963,CUS0963,GOLD,Gold Slice Club,667,696,0.10,1.50,active,2024-05-05,2025-05-05,PIZZA0963
MEM0964,CUS0964,SILVER,Silver Slice Club,744,1059,0.05,1.25,active,2024-03-12,2025-03-12,PIZZA0964
MEM0965,CUS0965,SILVER,Silver Slice Club,373,1972,0.05,1.25,expired,2024-01-25,2025-01-24,PIZZA0965
MEM0966,CUS0966,PLATINUM,Platinum Slice Club,867,1377,0.15,2.00,active,2025-06-19,2026-06-19,PIZZA0966
MEM0967,CUS0967,PLATINUM,Platinum Slice Club,1193,2529,0.15,2.00,active,2026-05-12,2027-05-12,PIZZA0967
MEM0968,CUS0968,PLATINUM,Platinum Slice Club,752,2713,0.15,2.00,paused,2025-08-10,2026-08-10,PIZZA0968
MEM0969,CUS0969,GOLD,Gold Slice Club,505,789,0.10,1.50,active,2025-07-09,2026-07-09,PIZZA0969
MEM0970,CUS0970,PLATINUM,Platinum Slice Club,731,2657,0.15,2.00,paused,2026-05-16,2027-05-16,PIZZA0970
MEM0971,CUS0971,GOLD,Gold Slice Club,892,2850,0.10,1.50,paused,2024-02-08,2025-02-07,PIZZA0971
MEM0972,CUS0972,PLATINUM,Platinum Slice Club,912,1888,0.15,2.00,expired,2025-02-19,2026-02-19,PIZZA0972
MEM0973,CUS0973,SILVER,Silver Slice Club,367,2158,0.05,1.25,expired,2025-09-15,2026-09-15,PIZZA0973
MEM0974,CUS0974,PLATINUM,Platinum Slice Club,629,721,0.15,2.00,active,2024-06-22,2025-06-22,PIZZA0974
MEM0975,CUS0975,BRONZE,Bronze Slice Club,351,1072,0.00,1.00,active,2024-09-30,2025-09-30,PIZZA0975
MEM0976,CUS0976,PLATINUM,Platinum Slice Club,748,2485,0.15,2.00,active,2025-02-16,2026-02-16,PIZZA0976
MEM0977,CUS0977,SILVER,Silver Slice Club,505,1778,0.05,1.25,expired,2025-03-20,2026-03-20,PIZZA0977
MEM0978,CUS0978,GOLD,Gold Slice Club,749,1292,0.10,1.50,expired,2024-07-30,2025-07-30,PIZZA0978
MEM0979,CUS0979,GOLD,Gold Slice Club,616,628,0.10,1.50,active,2025-03-23,2026-03-23,PIZZA0979
MEM0980,CUS0980,BRONZE,Bronze Slice Club,380,452,0.00,1.00,active,2025-04-29,2026-04-29,PIZZA0980
MEM0981,CUS0981,PLATINUM,Platinum Slice Club,1183,1584,0.15,2.00,paused,2024-11-25,2025-11-25,PIZZA0981
MEM0982,CUS0982,BRONZE,Bronze Slice Club,617,2479,0.00,1.00,active,2025-10-26,2026-10-26,PIZZA0982
MEM0983,CUS0983,BRONZE,Bronze Slice Club,535,748,0.00,1.00,expired,2024-04-12,2025-04-12,PIZZA0983
MEM0984,CUS0984,PLATINUM,Platinum Slice Club,602,1697,0.15,2.00,paused,2024-07-06,2025-07-06,PIZZA0984
MEM0985,CUS0985,GOLD,Gold Slice Club,483,1637,0.10,1.50,active,2025-06-25,2026-06-25,PIZZA0985
MEM0986,CUS0986,SILVER,Silver Slice Club,638,1712,0.05,1.25,active,2024-10-04,2025-10-04,PIZZA0986
MEM0987,CUS0987,SILVER,Silver Slice Club,713,1023,0.05,1.25,active,2025-01-17,2026-01-17,PIZZA0987
MEM0988,CUS0988,BRONZE,Bronze Slice Club,473,1945,0.00,1.00,active,2025-12-16,2026-12-16,PIZZA0988
MEM0989,CUS0989,BRONZE,Bronze Slice Club,5,1767,0.00,1.00,active,2026-03-18,2027-03-18,PIZZA0989
MEM0990,CUS0990,PLATINUM,Platinum Slice Club,1113,2718,0.15,2.00,paused,2025-11-17,2026-11-17,PIZZA0990
MEM0991,CUS0991,GOLD,Gold Slice Club,538,643,0.10,1.50,active,2024-10-28,2025-10-28,PIZZA0991
MEM0992,CUS0992,BRONZE,Bronze Slice Club,532,1211,0.00,1.00,expired,2026-07-10,2027-07-10,PIZZA0992
MEM0993,CUS0993,SILVER,Silver Slice Club,151,679,0.05,1.25,active,2025-11-12,2026-11-12,PIZZA0993
MEM0994,CUS0994,PLATINUM,Platinum Slice Club,1188,1743,0.15,2.00,paused,2026-06-10,2027-06-10,PIZZA0994
MEM0995,CUS0995,GOLD,Gold Slice Club,360,2345,0.10,1.50,active,2026-07-28,2027-07-28,PIZZA0995
MEM0996,CUS0996,PLATINUM,Platinum Slice Club,1113,3055,0.15,2.00,expired,2025-08-29,2026-08-29,PIZZA0996
MEM0997,CUS0997,SILVER,Silver Slice Club,477,643,0.05,1.25,paused,2026-02-24,2027-02-24,PIZZA0997
MEM0998,CUS0998,BRONZE,Bronze Slice Club,681,1665,0.00,1.00,paused,2026-03-29,2027-03-29,PIZZA0998
MEM0999,CUS0999,PLATINUM,Platinum Slice Club,1144,1791,0.15,2.00,expired,2025-04-22,2026-04-22,PIZZA0999
MEM1000,CUS1000,BRONZE,Bronze Slice Club,299,686,0.00,1.00,active,2026-04-18,2027-04-18,PIZZA1000
