plan_id,customer_id,plan_name,plan_type,monthly_fee_usd,data_allowance_gb,voice_minutes,sms_allowance,start_date
PLN077D4E1712,CUST100077798,Family Share 10GB,IoT,142.29,10,500,100,2025-12-01
PLN2847F3490E,CUST100030939,Unlimited Premium,IoT,95.47,20,1000,-1,2015-10-13
PLNC2AB6AD898,CUST100074773,Unlimited Basic,Broadband,122.48,20,1000,500,2016-08-06
PLNFA747F0453,CUST100015287,IoT Data Plan,IoT,96.19,2,-1,500,2021-12-29
PLN68AF726206,CUST100049790,IoT Data Plan,Broadband,72.81,50,500,500,2017-05-27
PLN94EED382E4,CUST100059666,Unlimited Premium,Postpaid Mobile,75.79,10,-1,100,2016-03-14
PLN5134FA0497,CUST100013051,Unlimited Premium,Broadband,149.94,-1,500,-1,2016-03-14
PLND9D31AD0D0,CUST100005258,Unlimited Plus,Postpaid Mobile,67.74,20,1000,100,2024-11-13
PLNC826EBE6F3,CUST100033937,IoT Data Plan,Prepaid Mobile,131.39,10,500,100,2018-07-14
PLNB271A80518,CUST100020780,Fiber 500Mbps,Postpaid Mobile,134.46,50,-1,-1,2023-05-23
PLN74C768252F,CUST100051436,Fiber 500Mbps,Postpaid Mobile,73.38,10,-1,-1,2017-03-12
PLN63010022AF,CUST100001788,Unlimited Basic,Postpaid Mobile,32.13,5,1000,100,2024-05-11
PLN51F2914574,CUST100031806,Unlimited Plus,Postpaid Mobile,74.13,20,-1,500,2024-06-09
PLNEDABAF6F39,CUST100000713,Unlimited Premium,Postpaid Mobile,83.78,5,500,-1,2019-08-06
PLNCCCFAB312E,CUST100071889,IoT Data Plan,Postpaid Mobile,137.58,50,-1,100,2022-09-08
PLNAB830704FA,CUST100052222,Fiber 1Gbps,Postpaid Mobile,50.99,10,1000,100,2017-11-23
PLN4C3068BECF,CUST100034495,Unlimited Plus,Prepaid Mobile,119.28,50,1000,500,2017-01-31
PLN59A576891A,CUST100043050,Fiber 500Mbps,Broadband,82.06,10,1000,500,2026-06-11
PLND5BE78708B,CUST100032136,Unlimited Premium,Prepaid Mobile,95.44,2,1000,-1,2025-11-15
PLN11EDFB87B1,CUST100024365,Unlimited Plus,Postpaid Mobile,26.39,50,500,500,2019-10-11
PLN5ED66195F5,CUST100032199,Unlimited Plus,Postpaid Mobile,18.26,-1,1000,100,2026-03-30
PLNCA2BE98844,CUST100094900,Unlimited Premium,Postpaid Mobile,48.85,50,1000,-1,2020-11-28
PLNFD9F721C64,CUST100001327,Unlimited Premium,Prepaid Mobile,140.61,50,-1,100,2020-11-02
PLN90E6DD80DF,CUST100095678,Prepaid 5GB,Prepaid Mobile,118.21,10,1000,500,2025-03-16
PLN39CA2719C3,CUST100056096,Unlimited Basic,Postpaid Mobile,78.44,10,500,100,2025-02-18
PLND42174F8C8,CUST100017480,Fiber 500Mbps,Postpaid Mobile,115.92,50,500,500,2019-03-16
PLN9DD13B128B,CUST100005733,Unlimited Basic,Postpaid Mobile,50.78,5,1000,100,2024-12-29
PLNFC53ED8FF4,CUST100006730,Unlimited Plus,Prepaid Mobile,42.83,-1,-1,100,2020-12-23
PLNDF06F88AFF,CUST100053868,Prepaid 5GB,Broadband,90.71,10,500,500,2016-02-02
PLNBB590305E5,CUST100089630,Family Share 10GB,Prepaid Mobile,139.05,20,-1,-1,2018-07-04
PLNDB662EFE40,CUST100052093,Unlimited Basic,Prepaid Mobile,64.49,10,-1,500,2022-06-10
PLNA9099D33E7,CUST100009136,Family Share 10GB,Prepaid Mobile,134.4,2,-1,500,2023-04-25
PLN68B07B46A4,CUST100074564,Unlimited Basic,Postpaid Mobile,83.39,-1,-1,500,2021-01-07
PLND9BA8BC0D5,CUST100001567,Prepaid 5GB,Prepaid Mobile,34.22,-1,-1,500,2015-06-24
PLN3AA85F5B04,CUST100074201,Unlimited Plus,Postpaid Mobile,25.95,-1,-1,100,2015-12-18
PLN08025DB9BF,CUST100039916,Fiber 1Gbps,Postpaid Mobile,50.21,20,-1,500,2018-03-25
PLN8E2FDFD4AE,CUST100084543,Unlimited Premium,Prepaid Mobile,109.97,20,1000,100,2020-06-16
PLN8086B6A982,CUST100078453,Unlimited Basic,Postpaid Mobile,64.0,20,-1,500,2019-08-04
PLNA9EF488644,CUST100039927,Unlimited Premium,Postpaid Mobile,114.74,20,-1,500,2019-08-04
PLNB4F34EB931,CUST100079260,Family Share 10GB,Prepaid Mobile,73.92,10,-1,100,2018-07-11
PLNC6F9A38DDB,CUST100075249,Prepaid 5GB,Postpaid Mobile,129.67,-1,-1,500,2025-11-26
PLN963EDEF6B6,CUST100066971,Fiber 1Gbps,Postpaid Mobile,58.52,50,-1,-1,2024-03-21
PLN48205A6A2B,CUST100046558,Unlimited Basic,Prepaid Mobile,91.04,5,500,100,2025-11-08
PLNC8723C17FF,CUST100078321,Unlimited Premium,Prepaid Mobile,121.25,20,500,-1,2017-09-08
PLN5958C3FA7F,CUST100090889,Unlimited Plus,Prepaid Mobile,24.96,2,500,-1,2021-04-13
PLND4F54B49E3,CUST100013733,Unlimited Basic,Postpaid Mobile,138.05,-1,1000,-1,2019-09-19
PLN6644C36121,CUST100034738,Fiber 500Mbps,Postpaid Mobile,56.78,-1,500,500,2025-05-28
PLNE6465A0464,CUST100004921,Family Share 10GB,Broadband,49.74,10,-1,-1,2020-01-04
PLNF009A5734D,CUST100072817,Unlimited Plus,Broadband,111.7,20,500,100,2021-03-23
PLN9A4DD22C9A,CUST100025632,Unlimited Premium,Postpaid Mobile,24.6,10,500,500,2018-03-31
PLNBB81105CF1,CUST100023938,Fiber 500Mbps,Broadband,26.61,5,500,500,2023-08-25
PLN362E740F1E,CUST100087707,Unlimited Plus,IoT,86.09,50,500,500,2023-11-09
PLN1553A7D12F,CUST100014158,Unlimited Plus,Postpaid Mobile,105.45,-1,-1,500,2020-10-05
PLN6ED1A42B2A,CUST100010694,Prepaid 5GB,Postpaid Mobile,78.19,2,500,500,2026-04-27
PLN4B62FB78C0,CUST100038940,Fiber 500Mbps,Prepaid Mobile,71.64,2,-1,500,2017-07-24
PLN61D424FFB2,CUST100079472,Prepaid 5GB,Prepaid Mobile,96.54,2,1000,500,2019-02-24
PLN76198AC1F8,CUST100005099,Fiber 500Mbps,Prepaid Mobile,130.09,2,1000,-1,2021-07-02
PLN59D99A2155,CUST100072057,Prepaid 5GB,Postpaid Mobile,139.44,-1,-1,500,2025-08-17
PLNFF17B57283,CUST100082523,Fiber 500Mbps,Broadband,43.84,-1,-1,500,2015-06-26
PLNC03115606B,CUST100093163,Fiber 1Gbps,Postpaid Mobile,138.38,2,1000,100,2025-12-07
PLND67920C7C2,CUST100055395,Fiber 1Gbps,Postpaid Mobile,118.8,10,1000,100,2025-06-06
PLNC9537C57DC,CUST100021383,Fiber 1Gbps,Prepaid Mobile,140.68,50,500,-1,2019-02-03
PLN0C1354C564,CUST100095034,Fiber 1Gbps,Prepaid Mobile,29.95,50,1000,-1,2017-05-28
PLNF66CD8A82C,CUST100044282,Fiber 500Mbps,Prepaid Mobile,86.38,2,500,500,2015-10-13
PLNEF34FDCD94,CUST100040438,Prepaid 5GB,Prepaid Mobile,65.42,10,-1,100,2024-08-01
PLNFC1CE66ABC,CUST100000166,Fiber 1Gbps,Broadband,67.86,10,500,-1,2021-04-24
PLN1B911D2540,CUST100079196,Fiber 500Mbps,IoT,47.42,-1,500,500,2025-11-26
PLN0327F71ED4,CUST100030842,Unlimited Plus,Prepaid Mobile,57.99,2,-1,500,2025-05-24
PLN792AA6399F,CUST100020790,Fiber 500Mbps,Prepaid Mobile,137.84,50,1000,500,2019-10-21
PLN8343F7894C,CUST100004239,Unlimited Premium,Postpaid Mobile,59.43,50,500,500,2016-11-01
PLNE2E8176735,CUST100032551,Fiber 1Gbps,Broadband,42.35,10,1000,500,2016-01-22
PLN79341B6651,CUST100019241,Fiber 1Gbps,Broadband,136.59,-1,-1,500,2024-01-22
PLNA2A279EDDD,CUST100011472,Unlimited Basic,Broadband,48.42,50,500,500,2017-10-08
PLNE6F4CC423D,CUST100010910,Unlimited Premium,Postpaid Mobile,28.26,-1,500,100,2019-01-08
PLND676A50E24,CUST100062793,Unlimited Premium,Prepaid Mobile,87.91,10,1000,-1,2018-09-17
PLN5D6D906E9E,CUST100003026,IoT Data Plan,Prepaid Mobile,89.36,20,1000,100,2026-04-22
PLND2C1009221,CUST100045692,IoT Data Plan,Broadband,130.48,50,500,100,2022-07-06
PLN6E61F6F489,CUST100037590,Fiber 500Mbps,Postpaid Mobile,32.3,5,500,-1,2019-12-09
PLN9AD54A4196,CUST100044070,Unlimited Plus,Postpaid Mobile,30.13,20,500,100,2024-01-02
PLN1F68DE7E43,CUST100024834,Prepaid 5GB,Postpaid Mobile,127.83,-1,500,-1,2026-01-11
PLN6D27EDC2FA,CUST100014354,IoT Data Plan,Postpaid Mobile,18.07,5,1000,-1,2019-10-20
PLN36E18AF011,CUST100070823,Prepaid 5GB,Prepaid Mobile,20.12,20,1000,500,2019-08-25
PLN387AF9E516,CUST100052122,Family Share 10GB,Prepaid Mobile,15.74,2,1000,-1,2019-09-03
PLN25ED517715,CUST100060546,Prepaid 5GB,IoT,108.62,20,1000,500,2017-01-25
PLN904B4EA2FF,CUST100084260,Family Share 10GB,Postpaid Mobile,85.53,10,1000,-1,2024-12-18
PLN55D266BB4F,CUST100048367,Unlimited Premium,Postpaid Mobile,71.55,-1,1000,-1,2025-04-28
PLN2A64B290D0,CUST100047085,Fiber 1Gbps,Postpaid Mobile,24.76,50,1000,500,2016-03-01
PLN0E11D0B961,CUST100076504,Unlimited Premium,Prepaid Mobile,26.88,2,-1,100,2021-10-06
PLN566809B97F,CUST100062723,Prepaid 5GB,Postpaid Mobile,108.13,10,500,-1,2020-03-10
PLN2D3D0F1659,CUST100019880,Fiber 500Mbps,Prepaid Mobile,113.85,10,1000,500,2019-07-25
PLN00CC455408,CUST100060922,IoT Data Plan,Postpaid Mobile,81.33,20,1000,-1,2015-02-15
PLND9481F6893,CUST100031461,Fiber 500Mbps,Prepaid Mobile,115.61,20,1000,-1,2016-12-14
PLN80182CBD10,CUST100070476,Fiber 500Mbps,Broadband,130.91,2,-1,-1,2019-05-17
PLNE986948188,CUST100089865,Unlimited Premium,Postpaid Mobile,136.09,10,500,500,2019-12-03
PLN6B8B7FF998,CUST100077823,Fiber 1Gbps,Postpaid Mobile,125.08,10,1000,500,2016-08-02
PLN92EFE457B5,CUST100015791,Unlimited Basic,Postpaid Mobile,131.39,20,500,-1,2016-05-01
PLN4A22217A0D,CUST100071160,Fiber 1Gbps,Prepaid Mobile,122.93,-1,1000,500,2020-12-22
PLN6E370DF6E8,CUST100067532,Unlimited Basic,Broadband,94.14,-1,-1,100,2018-10-27
PLND29F72842F,CUST100046069,Fiber 500Mbps,Prepaid Mobile,85.92,10,-1,-1,2025-10-21
PLNC79A8B6069,CUST100030284,Unlimited Premium,Postpaid Mobile,76.52,20,-1,100,2020-09-02
PLN2D1A6B88D8,CUST100061220,Fiber 500Mbps,Postpaid Mobile,74.11,20,500,100,2020-03-25
PLNEAEA5C8BB1,CUST100033549,Fiber 1Gbps,Broadband,144.26,10,1000,100,2024-11-08
PLNC2BBA73F6D,CUST100039442,Unlimited Basic,Postpaid Mobile,41.99,50,1000,500,2024-04-04
PLND6C7916B99,CUST100024841,Unlimited Premium,Postpaid Mobile,75.7,10,1000,500,2023-12-02
PLNEBE27E43F2,CUST100075305,Unlimited Basic,Postpaid Mobile,123.65,-1,1000,100,2018-03-16
PLN0B5817ECA0,CUST100067941,Family Share 10GB,Postpaid Mobile,84.43,5,500,100,2021-06-11
PLN5B35A77B6F,CUST100021953,Unlimited Basic,Postpaid Mobile,47.07,50,1000,500,2024-10-01
PLNB7F8175972,CUST100096817,Family Share 10GB,Broadband,50.72,10,1000,-1,2015-10-09
PLND7430D2F92,CUST100063654,Fiber 1Gbps,Prepaid Mobile,114.89,5,-1,500,2025-06-04
PLNBD3E405B88,CUST100077917,Family Share 10GB,Prepaid Mobile,33.83,50,-1,100,2017-01-12
PLN5263E8803B,CUST100037001,Fiber 500Mbps,Prepaid Mobile,48.82,50,1000,-1,2025-03-24
PLN1C58333426,CUST100024978,IoT Data Plan,Broadband,113.2,-1,-1,100,2023-01-15
PLN9EB54CD0D1,CUST100031583,Fiber 1Gbps,Postpaid Mobile,53.4,5,-1,100,2015-12-27
PLNAE62BEED30,CUST100081300,Unlimited Basic,Postpaid Mobile,115.05,50,500,-1,2021-08-18
PLNFD84670C0A,CUST100025827,Unlimited Premium,Prepaid Mobile,16.82,20,500,100,2015-06-25
PLN5B002BA3F1,CUST100041422,Unlimited Basic,Prepaid Mobile,92.16,-1,500,-1,2023-08-16
PLN4A423AA9AA,CUST100000815,Prepaid 5GB,Prepaid Mobile,24.28,50,500,500,2021-10-29
PLN2C80DE0295,CUST100024337,Prepaid 5GB,Postpaid Mobile,79.76,10,500,500,2021-02-27
PLN767441149E,CUST100069950,Prepaid 5GB,Postpaid Mobile,31.49,5,1000,500,2016-12-01
PLNA7F107FCFA,CUST100083001,Family Share 10GB,Broadband,141.99,50,1000,100,2024-07-30
PLN8D9B27ABB1,CUST100023302,Fiber 1Gbps,Postpaid Mobile,20.96,2,1000,100,2021-05-11
PLN61E5010D14,CUST100090011,IoT Data Plan,Prepaid Mobile,54.87,-1,1000,100,2015-01-16
PLN24B26E6E2D,CUST100026064,Family Share 10GB,Prepaid Mobile,79.0,20,1000,-1,2025-09-20
PLN42950A811F,CUST100093511,Prepaid 5GB,Broadband,68.01,20,500,100,2020-03-30
PLN4C690A24A1,CUST100076192,Family Share 10GB,Postpaid Mobile,104.75,20,500,500,2017-08-22
PLN696A39DA0C,CUST100093770,Family Share 10GB,Postpaid Mobile,59.08,10,500,500,2020-01-19
PLN565E0537CA,CUST100022051,Unlimited Basic,Postpaid Mobile,47.79,-1,-1,-1,2019-01-18
PLN13740D4147,CUST100063591,Unlimited Basic,Prepaid Mobile,32.23,10,-1,500,2021-10-24
PLNED247607EB,CUST100022713,Fiber 500Mbps,Broadband,100.45,20,500,-1,2015-04-30
PLNA18B5F4BE1,CUST100094187,IoT Data Plan,Broadband,145.36,5,1000,-1,2018-06-06
PLNA72C09A32B,CUST100041666,Unlimited Basic,Prepaid Mobile,91.34,5,1000,100,2021-12-03
PLND980DB3FF1,CUST100087788,Unlimited Plus,Postpaid Mobile,82.96,50,1000,500,2024-09-03
PLNC7893F5288,CUST100086031,Unlimited Basic,Prepaid Mobile,56.2,20,500,100,2022-10-16
PLNDC7E6CE5B1,CUST100098363,Fiber 500Mbps,Prepaid Mobile,146.89,10,1000,-1,2026-03-30
PLNDBAC974938,CUST100053292,Fiber 500Mbps,Prepaid Mobile,75.81,5,1000,-1,2023-10-28
PLNC4C75DAA41,CUST100024958,Unlimited Basic,Prepaid Mobile,44.34,5,-1,100,2018-09-08
PLN62242D40F2,CUST100023335,Unlimited Basic,Prepaid Mobile,60.93,20,500,100,2026-06-04
PLNE5CE1EB887,CUST100058438,Family Share 10GB,Postpaid Mobile,121.64,5,1000,-1,2015-10-02
PLN4650749126,CUST100096491,Fiber 1Gbps,Postpaid Mobile,114.89,-1,1000,-1,2021-09-21
PLNE50EFA173A,CUST100086155,Family Share 10GB,Prepaid Mobile,19.32,20,-1,100,2023-12-10
PLN70F2B15D79,CUST100024064,Prepaid 5GB,Broadband,22.23,5,1000,-1,2016-04-18
PLN8C1EBCF96D,CUST100062809,IoT Data Plan,Prepaid Mobile,85.14,50,500,500,2015-07-28
PLN83D59A6747,CUST100056817,Unlimited Basic,Postpaid Mobile,36.7,-1,500,-1,2023-07-21
PLN11294D11AF,CUST100030058,Unlimited Plus,Prepaid Mobile,21.86,2,1000,100,2023-11-10
PLNCD61007E0C,CUST100066573,IoT Data Plan,Prepaid Mobile,41.9,5,-1,500,2023-04-19
PLN4526B41178,CUST100080425,Unlimited Premium,Postpaid Mobile,19.57,20,-1,100,2015-04-04
PLN518E5355E7,CUST100059627,Unlimited Premium,Postpaid Mobile,56.2,2,1000,-1,2024-09-28
PLN78612F1EEA,CUST100071814,Fiber 500Mbps,Prepaid Mobile,86.78,10,-1,-1,2018-05-20
PLNE52B9878F5,CUST100011462,Unlimited Basic,Prepaid Mobile,56.73,50,-1,100,2021-03-11
PLNEBB9532204,CUST100091513,Family Share 10GB,Postpaid Mobile,87.97,-1,500,500,2021-04-18
PLN7C8968E3EC,CUST100090660,Fiber 500Mbps,Broadband,64.68,10,500,500,2023-09-17
PLN0B3A0DFE07,CUST100053759,Unlimited Premium,Postpaid Mobile,45.56,-1,1000,100,2022-08-02
PLN4FB7B17BE4,CUST100063794,Fiber 500Mbps,Prepaid Mobile,40.16,20,500,500,2022-11-12
PLNA2201C3138,CUST100065171,Prepaid 5GB,IoT,58.06,2,1000,500,2019-01-25
PLN67E1934D13,CUST100072060,IoT Data Plan,Postpaid Mobile,33.17,-1,-1,100,2018-10-01
PLN6188BF48F3,CUST100031447,Unlimited Premium,Prepaid Mobile,75.39,-1,1000,500,2020-01-19
PLN4B29D4D2E0,CUST100022447,Unlimited Plus,Postpaid Mobile,52.83,5,-1,-1,2020-05-22
PLNC702DAF8DB,CUST100054889,IoT Data Plan,Broadband,96.81,20,1000,500,2015-04-25
PLNED2E5E9815,CUST100019249,Prepaid 5GB,Broadband,73.82,5,-1,100,2023-10-30
PLN5F4A865B93,CUST100079386,Fiber 1Gbps,Postpaid Mobile,139.53,2,1000,-1,2018-09-03
PLNE8BADD16E6,CUST100074368,Prepaid 5GB,Postpaid Mobile,30.33,50,500,500,2024-08-16
PLN605E3F3B0F,CUST100079461,Prepaid 5GB,Postpaid Mobile,37.84,5,1000,500,2023-02-19
PLN423E4FFC4B,CUST100011960,Unlimited Plus,Prepaid Mobile,127.68,10,500,500,2020-03-03
PLNFC8E601CC3,CUST100071149,Family Share 10GB,Postpaid Mobile,141.36,10,-1,100,2021-12-15
PLN5C47A1499D,CUST100066465,Unlimited Plus,Postpaid Mobile,48.96,2,500,100,2023-02-18
PLN350AE0E17E,CUST100023018,Prepaid 5GB,Broadband,36.99,20,1000,500,2019-08-31
PLN2EDDB24A67,CUST100052542,Unlimited Basic,Prepaid Mobile,82.89,50,500,500,2021-05-11
PLNC955AE2798,CUST100001852,Fiber 500Mbps,Postpaid Mobile,140.1,-1,-1,500,2016-09-26
PLN563584F376,CUST100006266,Unlimited Plus,Prepaid Mobile,126.1,2,1000,-1,2022-12-25
PLNB74D7B0947,CUST100065593,IoT Data Plan,Postpaid Mobile,28.64,10,500,100,2021-01-15
PLNC0C874441C,CUST100079662,Fiber 500Mbps,Postpaid Mobile,137.25,50,500,500,2022-01-17
PLN5A46B318A5,CUST100052894,Unlimited Plus,Broadband,31.34,50,-1,-1,2016-09-27
PLN2D498C792C,CUST100038104,Fiber 1Gbps,Broadband,20.56,50,-1,-1,2022-08-30
PLN60FA91330A,CUST100082214,Unlimited Premium,Prepaid Mobile,94.12,10,500,100,2018-03-27
PLN6995E30365,CUST100010362,Fiber 500Mbps,Postpaid Mobile,17.14,-1,1000,-1,2025-11-08
PLN5C8599E97D,CUST100026505,Unlimited Premium,Postpaid Mobile,21.16,50,500,100,2023-11-07
PLN1BA112D931,CUST100012261,Fiber 1Gbps,Postpaid Mobile,111.89,5,-1,100,2018-03-23
PLN4E181334F1,CUST100095243,Fiber 500Mbps,Postpaid Mobile,70.54,50,-1,-1,2023-12-22
PLN8F5B93B0ED,CUST100082877,Prepaid 5GB,Postpaid Mobile,124.55,2,-1,500,2024-09-13
PLN816207F15A,CUST100058033,Unlimited Premium,Postpaid Mobile,149.62,5,500,500,2016-04-02
PLNC27A65773F,CUST100031615,Unlimited Plus,Prepaid Mobile,85.16,-1,500,100,2023-10-09
PLNE02459520B,CUST100068264,Prepaid 5GB,Prepaid Mobile,100.69,-1,-1,100,2025-12-12
PLN6167A5D335,CUST100038164,Unlimited Plus,Postpaid Mobile,125.73,-1,-1,-1,2024-07-25
PLNF312DC164C,CUST100087119,Unlimited Premium,Postpaid Mobile,23.95,50,-1,-1,2025-12-13
PLNAA1FD80CD6,CUST100006975,IoT Data Plan,Postpaid Mobile,18.94,-1,-1,-1,2022-10-04
PLN8FE31FE141,CUST100020113,Unlimited Premium,Broadband,80.4,-1,500,-1,2017-08-09
PLND5BEFEE5B9,CUST100074155,Unlimited Plus,Broadband,53.85,10,1000,500,2015-04-30
PLN9D126BDDCE,CUST100085599,Unlimited Premium,Prepaid Mobile,36.32,2,1000,100,2018-11-06
PLN55551FC603,CUST100050305,Fiber 500Mbps,Postpaid Mobile,45.2,20,500,500,2021-07-26
PLN744917C088,CUST100079755,Family Share 10GB,Postpaid Mobile,32.38,20,500,500,2016-10-26
PLN8142453755,CUST100031198,Unlimited Plus,Prepaid Mobile,66.23,-1,-1,500,2025-07-05
PLN9D415ED97A,CUST100098711,Unlimited Premium,Postpaid Mobile,36.96,10,1000,100,2015-03-04
PLN373E942F3B,CUST100045819,Prepaid 5GB,Prepaid Mobile,123.79,50,1000,100,2018-05-05
PLN32D5274A9E,CUST100015529,IoT Data Plan,Prepaid Mobile,92.88,20,500,500,2015-09-25
PLN4B12E8FAD2,CUST100004247,Family Share 10GB,Postpaid Mobile,98.4,-1,500,-1,2020-03-28
PLN6B31C128B5,CUST100071121,Prepaid 5GB,Broadband,26.52,-1,1000,-1,2023-04-06
PLNFFC55F052A,CUST100009876,Unlimited Basic,Postpaid Mobile,23.73,5,1000,500,2017-03-28
PLNB92723898D,CUST100088193,Prepaid 5GB,Postpaid Mobile,32.22,20,500,500,2026-05-02
PLNA7F5C5FAD6,CUST100081348,Family Share 10GB,Prepaid Mobile,105.97,20,500,100,2021-05-15
PLNBBC5D8ADED,CUST100070822,Fiber 1Gbps,Broadband,99.08,-1,500,-1,2025-11-29
PLNBC1F6816EF,CUST100038349,Family Share 10GB,Prepaid Mobile,146.14,2,1000,100,2024-06-25
PLN0C1433A569,CUST100064852,Unlimited Basic,Postpaid Mobile,92.45,20,-1,-1,2016-06-13
PLN82218557B9,CUST100017733,Prepaid 5GB,Postpaid Mobile,51.36,20,1000,100,2025-11-12
PLN88DA10C771,CUST100086909,IoT Data Plan,Postpaid Mobile,113.12,50,1000,-1,2015-01-27
PLN25BB6E492B,CUST100061938,Fiber 500Mbps,Postpaid Mobile,60.49,50,-1,-1,2016-03-10
PLNCD0BCCB1B1,CUST100052335,Unlimited Plus,Broadband,82.45,20,1000,500,2025-08-26
PLN9CBF17E580,CUST100040679,Prepaid 5GB,Postpaid Mobile,130.56,50,1000,-1,2021-08-08
PLN708F06B941,CUST100034710,Unlimited Plus,Broadband,16.48,10,1000,100,2022-09-20
PLN14CDD8D3B7,CUST100083803,Unlimited Premium,Prepaid Mobile,124.6,5,-1,100,2021-12-24
PLN73929C237F,CUST100058993,Family Share 10GB,Prepaid Mobile,138.47,20,1000,-1,2020-10-14
PLND4D01E238D,CUST100039526,Unlimited Premium,Postpaid Mobile,32.7,5,500,100,2024-04-16
PLN64DE0121F7,CUST100084898,Unlimited Plus,Postpaid Mobile,132.95,10,1000,100,2015-07-18
PLND4AEF9513C,CUST100005092,Unlimited Plus,Postpaid Mobile,52.8,2,500,-1,2016-08-30
PLN215090308A,CUST100079657,Unlimited Plus,Prepaid Mobile,129.58,10,500,500,2017-09-10
PLN95C1D6188C,CUST100045262,Prepaid 5GB,Prepaid Mobile,92.28,10,-1,500,2020-08-31
PLN6FF3800B5C,CUST100079570,Prepaid 5GB,Postpaid Mobile,93.66,20,-1,-1,2017-07-11
PLNFB10E281B6,CUST100017196,Family Share 10GB,Broadband,122.11,5,-1,500,2025-08-17
PLND0AD303D50,CUST100011220,Prepaid 5GB,Postpaid Mobile,88.27,10,-1,-1,2017-06-28
PLN581D519EAD,CUST100077232,IoT Data Plan,Postpaid Mobile,38.82,-1,1000,100,2025-06-05
PLN6B0A3076BA,CUST100019890,Unlimited Plus,Postpaid Mobile,81.49,50,-1,-1,2020-02-26
PLNF4FBE8DB90,CUST100055916,Unlimited Premium,Prepaid Mobile,139.59,-1,-1,500,2016-12-30
PLN0D5A53C70E,CUST100039328,Fiber 500Mbps,Prepaid Mobile,60.09,2,1000,100,2023-07-08
PLN9E46ED7DF5,CUST100091240,Prepaid 5GB,Prepaid Mobile,113.44,5,500,-1,2016-04-10
PLN241284D982,CUST100039248,Fiber 500Mbps,Postpaid Mobile,99.03,5,500,-1,2016-03-19
PLNCFE511ED68,CUST100028510,Unlimited Plus,Prepaid Mobile,27.05,50,500,500,2020-05-22
PLNBE9994F9EF,CUST100004064,Unlimited Premium,Prepaid Mobile,21.84,5,500,100,2022-02-28
PLN2D9992731A,CUST100074497,Fiber 1Gbps,IoT,31.87,20,-1,-1,2018-04-28
PLN1D8366557A,CUST100017941,Fiber 1Gbps,Postpaid Mobile,82.68,-1,1000,100,2018-05-11
PLN1106C99987,CUST100012629,Unlimited Premium,Prepaid Mobile,62.41,10,-1,100,2024-01-25
PLNB7EB507E74,CUST100033364,Unlimited Basic,Postpaid Mobile,66.91,5,1000,-1,2022-01-08
PLN5FF8C68805,CUST100069079,Family Share 10GB,Postpaid Mobile,95.73,10,500,100,2016-11-07
PLNAD17E9C719,CUST100032834,Fiber 500Mbps,Prepaid Mobile,34.62,2,500,500,2017-04-23
PLNE5219E6F57,CUST100005552,Unlimited Plus,Postpaid Mobile,57.99,50,-1,500,2017-08-13
PLN1AAB42F134,CUST100091848,Fiber 1Gbps,Prepaid Mobile,24.52,50,500,500,2017-05-03
PLN50292AFFB0,CUST100034369,IoT Data Plan,Postpaid Mobile,69.01,-1,-1,500,2020-02-27
PLN5D0D4D7674,CUST100037267,Fiber 500Mbps,Postpaid Mobile,88.95,2,-1,-1,2021-07-22
PLNB34600C745,CUST100026495,Family Share 10GB,Postpaid Mobile,102.91,50,-1,500,2017-08-11
PLN33567F9CD0,CUST100021350,Unlimited Basic,IoT,59.68,-1,1000,-1,2017-03-02
PLN8C5733D461,CUST100097923,Unlimited Plus,Broadband,104.47,2,1000,100,2020-10-26
PLNBA98DF7A7A,CUST100079403,IoT Data Plan,Postpaid Mobile,79.02,5,500,500,2020-02-17
PLNB9B43D8D4D,CUST100008686,Family Share 10GB,IoT,114.04,50,500,500,2021-06-21
PLNBB6D4F2706,CUST100009055,Family Share 10GB,Postpaid Mobile,46.13,-1,1000,500,2021-06-13
PLN3ACF1CD232,CUST100006166,Unlimited Plus,Prepaid Mobile,144.73,50,500,-1,2020-03-31
PLN98CFAB1763,CUST100091789,Unlimited Basic,Broadband,146.59,5,1000,-1,2015-04-05
PLNED0265572F,CUST100057659,Family Share 10GB,Prepaid Mobile,33.58,50,-1,-1,2016-04-17
PLN9814786291,CUST100038666,Unlimited Basic,Postpaid Mobile,17.88,50,-1,500,2017-06-30
PLNFD6D1B19C0,CUST100014315,Unlimited Premium,Postpaid Mobile,43.11,2,500,-1,2026-05-15
PLNA3F3E1295E,CUST100042815,Family Share 10GB,Broadband,126.92,-1,500,-1,2026-02-25
PLN8A606D70A2,CUST100080195,Unlimited Basic,Postpaid Mobile,89.42,20,500,500,2026-03-30
PLNBC23E61197,CUST100046203,Fiber 500Mbps,Postpaid Mobile,131.43,5,-1,100,2025-04-13
PLNCC02D440C6,CUST100000564,Family Share 10GB,Postpaid Mobile,65.23,5,500,-1,2018-02-25
PLNA822551007,CUST100067606,Fiber 1Gbps,Postpaid Mobile,22.26,-1,1000,-1,2021-11-13
PLN17363ACB84,CUST100078867,IoT Data Plan,Broadband,53.42,50,1000,100,2025-12-16
PLNBF8A59D5CE,CUST100003386,Fiber 1Gbps,Postpaid Mobile,24.16,-1,500,-1,2026-05-04
PLNCC416616F8,CUST100059112,IoT Data Plan,Postpaid Mobile,87.35,20,-1,100,2025-10-03
PLNDC0CA737EF,CUST100065149,Unlimited Premium,IoT,33.76,50,1000,100,2020-03-22
PLN728D4F6B21,CUST100020625,Unlimited Premium,Prepaid Mobile,144.42,2,1000,100,2023-12-25
PLNAFD1C3CCBF,CUST100075186,Unlimited Premium,Prepaid Mobile,141.6,10,-1,500,2022-04-28
PLN8609EEDA93,CUST100085394,Family Share 10GB,Postpaid Mobile,50.69,20,1000,500,2021-07-18
PLN29151EFAA4,CUST100076688,Fiber 500Mbps,Postpaid Mobile,105.77,50,500,100,2016-08-25
PLN63EB75CFBF,CUST100040006,Fiber 1Gbps,Postpaid Mobile,105.17,5,-1,500,2017-12-21
PLN95B9ACC657,CUST100064410,Prepaid 5GB,Postpaid Mobile,52.7,20,500,-1,2015-04-24
PLNADC044C51A,CUST100073664,Fiber 500Mbps,Postpaid Mobile,24.52,5,500,100,2016-02-05
PLND93663A94A,CUST100077937,IoT Data Plan,Postpaid Mobile,60.55,20,500,100,2023-10-09
PLN430A36F4FF,CUST100078188,Prepaid 5GB,Postpaid Mobile,70.2,20,-1,500,2022-02-27
PLN3D31EB8DE4,CUST100007896,Unlimited Plus,Prepaid Mobile,147.78,-1,-1,-1,2017-08-19
PLN6F29B92F57,CUST100014286,Unlimited Plus,Postpaid Mobile,75.31,10,1000,500,2020-04-18
PLNB9862FF1FB,CUST100067932,Unlimited Basic,IoT,89.36,2,1000,500,2020-12-02
PLNA608E3B724,CUST100088563,IoT Data Plan,Postpaid Mobile,16.96,2,-1,-1,2019-10-29
PLN5B176F7189,CUST100077547,Fiber 500Mbps,Postpaid Mobile,24.02,5,1000,100,2025-12-19
PLN4E515E18F5,CUST100010704,Family Share 10GB,Postpaid Mobile,102.89,50,500,100,2020-12-09
PLN382813A0AA,CUST100002747,Fiber 1Gbps,Prepaid Mobile,86.06,50,-1,100,2021-12-03
PLNF6E65661F0,CUST100008163,Unlimited Premium,IoT,108.67,10,1000,-1,2021-07-08
PLN28D05D646F,CUST100010322,Prepaid 5GB,Postpaid Mobile,131.81,10,1000,-1,2020-02-11
PLN250AD7EC6B,CUST100096107,Prepaid 5GB,Postpaid Mobile,143.59,10,-1,500,2021-12-30
PLN81AD33CE81,CUST100040402,Fiber 1Gbps,Prepaid Mobile,66.54,50,-1,500,2024-03-28
PLN997D301B4F,CUST100042675,Unlimited Premium,Postpaid Mobile,15.94,-1,-1,100,2022-12-08
PLNE14F932F0F,CUST100023599,Family Share 10GB,Prepaid Mobile,74.9,20,1000,100,2019-10-21
PLNCD3616919B,CUST100021339,IoT Data Plan,Prepaid Mobile,89.19,20,-1,500,2023-04-28
PLN510FE7A0DB,CUST100072025,Family Share 10GB,Postpaid Mobile,31.2,-1,1000,100,2019-09-15
PLN9E9F198DB2,CUST100085172,Family Share 10GB,Postpaid Mobile,76.81,-1,1000,500,2023-12-09
PLNCC539E35AF,CUST100035878,Fiber 500Mbps,Postpaid Mobile,85.42,5,500,500,2020-01-22
PLN0C9641C20C,CUST100071572,Unlimited Basic,Broadband,77.67,-1,1000,-1,2024-05-07
PLN1B64C5BAD8,CUST100072799,IoT Data Plan,Postpaid Mobile,50.63,5,1000,-1,2016-07-01
PLN8EC9FB9338,CUST100077871,Fiber 500Mbps,Postpaid Mobile,52.92,20,-1,-1,2016-06-12
PLN87C130BE70,CUST100096051,Unlimited Premium,Broadband,32.93,-1,-1,500,2015-07-10
PLN3E84833973,CUST100046447,Fiber 500Mbps,Broadband,75.58,2,1000,500,2018-12-23
PLN49FEECA4BC,CUST100070983,Family Share 10GB,Postpaid Mobile,16.01,50,-1,100,2026-01-03
PLNE17CBD4573,CUST100016753,Unlimited Premium,Broadband,106.83,-1,500,500,2015-11-03
PLN7BE3BC7B24,CUST100045648,Unlimited Premium,Prepaid Mobile,134.92,-1,-1,-1,2019-04-24
PLNFACD3BFC3D,CUST100069720,Unlimited Plus,Postpaid Mobile,69.09,50,1000,500,2024-07-11
PLN7421B3CB94,CUST100056423,Prepaid 5GB,Postpaid Mobile,126.25,10,500,-1,2023-08-11
PLNB7A26860A7,CUST100019672,Family Share 10GB,Prepaid Mobile,30.62,20,-1,-1,2017-01-26
PLNF3651559D2,CUST100074210,Prepaid 5GB,Postpaid Mobile,47.59,20,1000,-1,2024-09-28
PLN84DCE9C75E,CUST100010807,Family Share 10GB,Prepaid Mobile,50.96,-1,1000,100,2024-11-04
PLN5AD6BE4E1F,CUST100008712,Unlimited Plus,Postpaid Mobile,41.69,2,1000,500,2022-02-01
PLNA3502CADB7,CUST100003743,Unlimited Plus,Broadband,66.02,50,-1,500,2019-04-07
PLN24C1014EDA,CUST100027421,Fiber 1Gbps,Postpaid Mobile,147.92,-1,-1,-1,2025-10-01
PLNB814F278ED,CUST100098479,Fiber 500Mbps,Prepaid Mobile,139.26,2,1000,-1,2022-04-21
PLN1F8992AE39,CUST100089103,Fiber 500Mbps,Postpaid Mobile,141.44,50,-1,100,2025-03-04
PLN69B8CF8651,CUST100044444,Unlimited Premium,Postpaid Mobile,90.86,50,500,100,2025-10-09
PLN95313461D0,CUST100025009,Fiber 500Mbps,Broadband,148.24,20,500,500,2023-01-13
PLN59B195936C,CUST100043993,IoT Data Plan,Postpaid Mobile,19.8,20,-1,100,2018-07-15
PLN78CE338216,CUST100017908,Unlimited Basic,Postpaid Mobile,26.59,50,-1,500,2024-11-24
PLN260AA82B42,CUST100093135,Prepaid 5GB,Prepaid Mobile,59.49,20,-1,-1,2025-01-20
PLN5A0ED2D744,CUST100043988,Family Share 10GB,Postpaid Mobile,45.88,-1,1000,100,2016-09-26
PLN3A93E7877C,CUST100023476,Prepaid 5GB,Postpaid Mobile,124.73,-1,500,100,2024-02-03
PLN06D70F348E,CUST100022652,Prepaid 5GB,Postpaid Mobile,108.16,-1,1000,500,2022-10-23
PLN22BE522AB2,CUST100034144,IoT Data Plan,Prepaid Mobile,128.95,5,500,-1,2023-06-12
PLN4F3BEB4BE3,CUST100002108,Family Share 10GB,Postpaid Mobile,83.67,-1,-1,100,2018-12-27
PLNDFDD2ED791,CUST100037176,Fiber 1Gbps,Postpaid Mobile,120.64,10,-1,-1,2020-03-08
PLN397DE6042A,CUST100099223,Family Share 10GB,Broadband,79.15,2,500,500,2019-12-03
PLN88047329F0,CUST100032580,Fiber 1Gbps,Prepaid Mobile,63.46,50,-1,100,2025-02-13
PLN3178B7043A,CUST100028915,Unlimited Plus,Postpaid Mobile,36.67,2,1000,500,2017-02-16
PLNF7B51B9C07,CUST100048534,Prepaid 5GB,Prepaid Mobile,116.26,50,500,500,2017-02-18
PLNF760388E6C,CUST100071358,Family Share 10GB,Prepaid Mobile,52.08,20,1000,100,2025-10-04
PLN01685B49EE,CUST100080493,Unlimited Basic,Prepaid Mobile,65.51,10,500,100,2024-06-26
PLN1BB75CD275,CUST100085436,Family Share 10GB,Broadband,149.39,5,500,500,2019-06-10
PLNF5DD634836,CUST100001642,Unlimited Plus,Prepaid Mobile,94.72,50,500,-1,2017-10-23
PLN662E23E1F1,CUST100046086,Fiber 1Gbps,Prepaid Mobile,104.58,10,500,500,2025-04-13
PLNF2BB5A1B24,CUST100061736,Unlimited Premium,Postpaid Mobile,30.05,50,500,100,2025-01-08
PLNBC7ABADE45,CUST100066729,Unlimited Basic,Postpaid Mobile,128.39,10,-1,100,2019-04-28
PLN51ABA7A5EF,CUST100099368,Fiber 500Mbps,Postpaid Mobile,135.01,50,-1,500,2020-02-04
PLNC53F7E9FF7,CUST100005721,Family Share 10GB,Broadband,71.07,20,1000,-1,2022-06-14
PLN2E448C49B0,CUST100069470,Unlimited Basic,Broadband,20.35,20,1000,100,2018-08-18
PLNF65CE49895,CUST100039873,Prepaid 5GB,IoT,116.57,-1,-1,500,2026-01-30
PLNE517FF5164,CUST100043182,Fiber 500Mbps,Postpaid Mobile,110.88,20,1000,500,2022-07-31
PLN724FD5DD74,CUST100017424,Fiber 500Mbps,Postpaid Mobile,81.56,20,1000,500,2018-10-21
PLN60ACA5C22A,CUST100048696,IoT Data Plan,IoT,32.25,10,-1,-1,2021-02-27
PLN69B0DB9B46,CUST100025261,Fiber 500Mbps,Prepaid Mobile,54.69,10,1000,-1,2015-11-13
PLND18B4D8732,CUST100093418,Family Share 10GB,Prepaid Mobile,149.27,-1,1000,100,2020-04-30
PLN7F88D62178,CUST100030944,IoT Data Plan,Prepaid Mobile,121.33,20,-1,500,2016-11-11
PLN86C48710ED,CUST100052667,Fiber 1Gbps,IoT,20.79,20,500,500,2021-12-29
PLN5C28121968,CUST100045206,Unlimited Premium,Postpaid Mobile,98.93,10,-1,-1,2021-01-09
PLN8B17800579,CUST100042144,IoT Data Plan,Broadband,35.28,10,1000,-1,2021-04-20
PLN2D61A81783,CUST100049387,Fiber 500Mbps,Postpaid Mobile,123.44,-1,1000,-1,2026-03-23
PLN04F00BE89A,CUST100092866,Prepaid 5GB,Postpaid Mobile,78.68,2,-1,-1,2021-03-09
PLN47E0D3F6F4,CUST100027552,Family Share 10GB,Postpaid Mobile,103.05,5,-1,-1,2015-05-30
PLN45CB11C133,CUST100031073,IoT Data Plan,Postpaid Mobile,125.22,20,500,-1,2025-03-26
PLN3E7D33D6D6,CUST100009948,Unlimited Plus,Broadband,82.91,20,-1,100,2021-05-14
PLN30818DD9B9,CUST100052354,Fiber 1Gbps,Postpaid Mobile,56.2,2,1000,500,2015-01-22
PLN1F79FD216B,CUST100013616,Unlimited Basic,Postpaid Mobile,46.8,50,500,100,2019-01-21
PLN262878AFC2,CUST100011108,Unlimited Premium,Prepaid Mobile,61.9,10,-1,100,2023-07-31
PLN11CA12F132,CUST100018563,Fiber 500Mbps,Postpaid Mobile,46.07,5,-1,500,2020-08-24
PLNEFE9C537E8,CUST100051458,Unlimited Premium,Postpaid Mobile,121.19,50,1000,100,2023-06-16
PLNACCDACCBA3,CUST100041233,Family Share 10GB,Postpaid Mobile,21.83,50,500,-1,2023-10-12
PLNE420E9EC80,CUST100056871,Prepaid 5GB,Postpaid Mobile,27.05,50,-1,-1,2017-11-08
PLN7347EFF3B3,CUST100042234,Unlimited Basic,Postpaid Mobile,134.14,5,500,100,2017-10-12
PLN632E901C77,CUST100003795,Unlimited Basic,Postpaid Mobile,116.73,20,500,100,2021-05-03
PLNEF920DEF32,CUST100063737,Unlimited Basic,Postpaid Mobile,149.94,50,1000,-1,2018-01-13
PLN2A4DC78389,CUST100020778,Family Share 10GB,Prepaid Mobile,144.48,5,-1,500,2024-02-10
PLN403D0E2C16,CUST100006665,Fiber 1Gbps,Postpaid Mobile,125.57,10,500,500,2024-09-13
PLN56CCDF44FE,CUST100079157,Prepaid 5GB,Broadband,128.13,2,500,-1,2021-02-07
PLNF8692A5ECD,CUST100090271,Family Share 10GB,Broadband,76.08,-1,-1,-1,2026-06-26
PLN5FDD6D22DE,CUST100045215,Unlimited Plus,Prepaid Mobile,134.13,2,-1,-1,2018-12-15
PLNCB31F99E2A,CUST100008531,IoT Data Plan,Postpaid Mobile,86.6,-1,1000,-1,2023-04-13
PLN95C9D92A83,CUST100043771,Unlimited Premium,Postpaid Mobile,138.49,5,1000,-1,2026-04-23
PLN7D796E2892,CUST100071991,Family Share 10GB,Prepaid Mobile,141.59,2,-1,-1,2023-12-20
PLNB6B357EF67,CUST100028671,Prepaid 5GB,Postpaid Mobile,73.81,20,500,500,2022-02-21
PLNACE95ECE78,CUST100054592,Fiber 500Mbps,Prepaid Mobile,20.23,5,-1,100,2025-03-15
PLN0E040F5DA2,CUST100025727,Prepaid 5GB,Postpaid Mobile,42.35,-1,500,500,2017-06-15
PLN7FED3053DA,CUST100058196,Fiber 500Mbps,Broadband,46.35,50,500,-1,2023-08-12
PLN5339DB85C8,CUST100050418,Unlimited Premium,Postpaid Mobile,107.4,-1,500,-1,2017-11-14
PLNBD8E19936B,CUST100008497,IoT Data Plan,Prepaid Mobile,111.9,10,-1,500,2023-10-07
PLN7A3EB53670,CUST100000653,Family Share 10GB,Postpaid Mobile,104.41,20,1000,-1,2024-03-07
PLN97307FDC8B,CUST100095390,Unlimited Plus,Postpaid Mobile,82.66,10,-1,500,2024-06-19
PLND94E05F65D,CUST100043099,Fiber 500Mbps,Postpaid Mobile,81.63,-1,-1,-1,2025-01-27
PLNE76D9A9358,CUST100020158,Unlimited Plus,Broadband,50.25,-1,1000,100,2018-05-05
PLN54503D6C31,CUST100039390,IoT Data Plan,Prepaid Mobile,84.71,2,-1,-1,2021-07-05
PLN00465A4613,CUST100050731,Fiber 500Mbps,Postpaid Mobile,63.14,10,1000,100,2025-01-05
PLNA91965F561,CUST100083209,Fiber 1Gbps,Prepaid Mobile,42.64,50,-1,-1,2017-01-13
PLN28B0B0A280,CUST100014221,Fiber 1Gbps,Broadband,78.09,5,-1,500,2015-09-11
PLND6D1893BBA,CUST100097814,Unlimited Premium,Broadband,96.2,5,1000,500,2021-07-24
PLNCD991601F4,CUST100027458,Unlimited Plus,Postpaid Mobile,121.45,20,500,100,2026-02-09
PLN1E350D8D42,CUST100082897,IoT Data Plan,Postpaid Mobile,49.54,10,1000,100,2022-06-26
PLN00945F0970,CUST100070016,IoT Data Plan,Postpaid Mobile,127.58,10,-1,-1,2021-04-01
PLN8A3838385D,CUST100083449,Fiber 500Mbps,IoT,116.33,2,1000,500,2020-04-22
PLN7554C598DB,CUST100083527,Prepaid 5GB,Postpaid Mobile,100.29,20,-1,100,2019-04-08
PLN34DA35B14A,CUST100069868,Unlimited Basic,Prepaid Mobile,65.58,2,500,-1,2022-05-13
PLN3470735F5B,CUST100012578,Unlimited Basic,Postpaid Mobile,67.49,5,1000,500,2025-02-13
PLN0FFB72F5FE,CUST100030190,Fiber 1Gbps,Prepaid Mobile,86.98,20,-1,500,2025-07-18
PLN5124A8E402,CUST100073814,Unlimited Premium,Postpaid Mobile,39.84,5,1000,100,2017-04-23
PLN23AEACA8D6,CUST100007456,Unlimited Premium,Postpaid Mobile,111.54,-1,1000,100,2025-02-10
PLN5C2869962A,CUST100072758,IoT Data Plan,Broadband,99.25,5,1000,-1,2025-10-22
PLNE35ED1971D,CUST100070058,Unlimited Basic,Postpaid Mobile,100.8,50,1000,500,2022-11-20
PLN28609E86D2,CUST100021195,Unlimited Basic,Prepaid Mobile,103.68,20,-1,500,2020-04-15
PLNDC7E4B7652,CUST100058659,Prepaid 5GB,Postpaid Mobile,31.51,-1,500,-1,2017-02-24
PLN9F4B328A4A,CUST100038459,Unlimited Plus,Prepaid Mobile,40.36,2,500,-1,2018-12-24
PLNA6FF256F48,CUST100026872,IoT Data Plan,Postpaid Mobile,108.07,2,500,500,2020-01-18
PLNBDF0B17ADF,CUST100000504,Fiber 1Gbps,Prepaid Mobile,113.81,2,-1,-1,2018-12-02
PLN43A5694E57,CUST100061423,Prepaid 5GB,IoT,58.55,2,500,-1,2023-08-30
PLNC0282D6FCB,CUST100088497,Fiber 1Gbps,Postpaid Mobile,108.4,20,1000,-1,2023-03-18
PLND69C001C38,CUST100094326,Unlimited Plus,Broadband,66.62,5,500,-1,2020-05-19
PLNB3A5E22805,CUST100050541,Unlimited Plus,Postpaid Mobile,91.4,2,-1,500,2020-08-04
PLN1D184C1C5F,CUST100039065,Family Share 10GB,Prepaid Mobile,62.93,20,1000,100,2020-06-08
PLN6F098139B5,CUST100020806,Unlimited Plus,Postpaid Mobile,79.46,-1,-1,-1,2015-11-06
PLNC614BEC8B9,CUST100097421,Prepaid 5GB,Broadband,72.06,-1,1000,100,2015-02-27
PLN8BA7B912FD,CUST100011852,Unlimited Premium,Prepaid Mobile,65.6,20,500,100,2017-10-27
PLN5E0448D289,CUST100090159,Unlimited Plus,Prepaid Mobile,121.6,20,1000,500,2017-06-11
PLNDFD2570CED,CUST100007108,IoT Data Plan,Prepaid Mobile,109.82,-1,-1,-1,2025-07-12
PLN81E49B288A,CUST100055909,Unlimited Premium,Postpaid Mobile,108.9,2,-1,500,2022-04-27
PLNA9B02DCE02,CUST100092650,Fiber 1Gbps,Prepaid Mobile,94.3,2,-1,-1,2016-01-03
PLN3CD81C85A3,CUST100000657,Prepaid 5GB,Postpaid Mobile,63.3,5,500,100,2015-12-16
PLN32D7D8CCCB,CUST100011222,Prepaid 5GB,Postpaid Mobile,70.01,10,1000,-1,2025-05-19
PLN35DFE8343F,CUST100094264,Fiber 1Gbps,Broadband,130.14,2,1000,100,2023-10-28
PLN4C4019F652,CUST100051082,Fiber 1Gbps,Postpaid Mobile,98.56,50,1000,-1,2026-06-26
PLNBF5C25F56F,CUST100062493,Fiber 1Gbps,Prepaid Mobile,143.16,50,-1,-1,2020-03-12
PLN47965331DC,CUST100090605,Unlimited Premium,Broadband,30.23,5,1000,100,2016-06-16
PLN8E97EC39F8,CUST100065595,Unlimited Basic,Postpaid Mobile,70.2,10,-1,500,2026-04-29
PLN4D6F8D7D17,CUST100007772,Unlimited Plus,Postpaid Mobile,31.42,5,1000,100,2022-10-02
PLND51CB06B30,CUST100049250,IoT Data Plan,Prepaid Mobile,81.81,10,500,500,2020-02-08
PLN99370DD279,CUST100045146,Unlimited Plus,Prepaid Mobile,147.38,2,1000,-1,2025-10-29
PLN8C2A2E5D9D,CUST100040765,Fiber 1Gbps,Broadband,63.03,10,-1,100,2018-10-26
PLN3BB1F03021,CUST100036880,Unlimited Basic,Postpaid Mobile,139.8,50,1000,-1,2017-09-27
PLN2F9150741B,CUST100021398,Unlimited Premium,Broadband,139.33,-1,-1,500,2023-06-06
PLN8395E2C268,CUST100078443,Fiber 500Mbps,Prepaid Mobile,15.63,2,-1,-1,2020-03-15
PLNC646E3434C,CUST100039613,IoT Data Plan,Broadband,19.5,-1,1000,100,2015-09-23
PLN875712A9FC,CUST100048699,Unlimited Plus,Postpaid Mobile,127.41,20,-1,500,2026-04-25
PLN856EC084B3,CUST100079156,IoT Data Plan,Postpaid Mobile,25.71,5,500,500,2020-09-21
PLN0162411BE4,CUST100065603,IoT Data Plan,Broadband,124.39,5,-1,100,2022-02-12
PLN25C1CCBD6C,CUST100046636,Fiber 1Gbps,Postpaid Mobile,131.31,10,-1,100,2015-08-18
PLN767F4190B0,CUST100066464,Family Share 10GB,Postpaid Mobile,144.5,10,-1,500,2020-03-09
PLNFD16FDEDE8,CUST100014147,Unlimited Plus,Postpaid Mobile,35.41,20,-1,-1,2017-08-14
PLN8086C73D7C,CUST100020236,IoT Data Plan,Postpaid Mobile,76.11,2,500,500,2023-02-02
PLN11D11E2297,CUST100000474,Unlimited Premium,Postpaid Mobile,50.34,2,1000,500,2018-03-12
PLN388A0846C4,CUST100033350,Unlimited Plus,Postpaid Mobile,125.35,20,1000,-1,2019-07-21
PLN2A3E7E2980,CUST100042958,Fiber 500Mbps,Postpaid Mobile,20.78,10,1000,500,2020-10-27
PLNAE7DEA9E31,CUST100053108,IoT Data Plan,Postpaid Mobile,118.68,-1,-1,500,2024-12-30
PLN42F5E27C95,CUST100009265,Fiber 500Mbps,Broadband,95.15,-1,1000,-1,2019-11-20
PLN886DDB5BA1,CUST100044065,Prepaid 5GB,Prepaid Mobile,117.26,5,1000,-1,2024-10-15
PLN2F74192027,CUST100021738,Prepaid 5GB,Prepaid Mobile,111.18,20,1000,500,2021-04-16
PLN1CC25D9875,CUST100061404,Family Share 10GB,Postpaid Mobile,121.0,10,-1,500,2021-09-03
PLN247F1AC7E7,CUST100084999,Unlimited Plus,Postpaid Mobile,69.72,5,-1,500,2018-10-02
PLN0A492D6672,CUST100012056,Unlimited Plus,Postpaid Mobile,68.84,5,-1,500,2019-04-23
PLN90D29D1494,CUST100062227,Fiber 1Gbps,Postpaid Mobile,67.37,2,1000,500,2026-06-06
PLN0EA33732B4,CUST100082307,Fiber 500Mbps,Prepaid Mobile,148.4,5,500,-1,2017-04-30
PLN917B36A3F2,CUST100030862,Fiber 500Mbps,Postpaid Mobile,102.57,5,500,500,2023-05-25
PLNB5CC2A3805,CUST100083524,IoT Data Plan,Postpaid Mobile,135.58,20,500,-1,2024-09-14
PLND825EDF340,CUST100084994,Fiber 500Mbps,Postpaid Mobile,64.27,2,-1,100,2019-04-22
PLNF334758519,CUST100075239,Unlimited Basic,Postpaid Mobile,145.11,10,1000,500,2019-05-12
PLN4B91DB7321,CUST100014220,Fiber 1Gbps,Broadband,144.33,20,500,500,2016-01-09
PLNC41C79B1C1,CUST100055667,Fiber 1Gbps,IoT,53.21,10,500,-1,2016-10-04
PLN695E2555F5,CUST100048521,Unlimited Premium,Prepaid Mobile,17.04,-1,-1,500,2018-02-26
PLND36C1DFE42,CUST100054296,Unlimited Premium,Postpaid Mobile,92.82,-1,-1,-1,2026-03-04
PLNE26F6F5CE4,CUST100077320,IoT Data Plan,Postpaid Mobile,28.2,50,500,100,2018-05-26
PLN26C582A4F4,CUST100095167,Prepaid 5GB,Broadband,88.65,2,500,100,2023-02-03
PLNAC7D008649,CUST100036262,Fiber 500Mbps,Prepaid Mobile,63.31,10,1000,-1,2021-12-22
PLNBDD17F2C6A,CUST100015375,Family Share 10GB,Postpaid Mobile,34.11,20,1000,100,2024-11-08
PLN8B7D8DDCAD,CUST100056602,Prepaid 5GB,Broadband,89.39,-1,1000,-1,2015-12-08
PLN74E934DF67,CUST100004783,Prepaid 5GB,Prepaid Mobile,136.75,20,-1,500,2024-08-26
PLND95693A931,CUST100057847,Unlimited Premium,Broadband,81.88,5,-1,-1,2024-05-12
PLN5A64C38748,CUST100004997,Fiber 500Mbps,Broadband,90.01,5,1000,100,2021-08-14
PLN5CA5658277,CUST100013694,Unlimited Basic,Postpaid Mobile,92.19,20,500,-1,2021-10-29
PLNCC61BB6AD3,CUST100082570,IoT Data Plan,Postpaid Mobile,102.55,2,-1,500,2025-06-02
PLN2CA5FD3160,CUST100070219,Family Share 10GB,IoT,123.85,20,1000,-1,2020-03-01
PLN7794CA673E,CUST100047171,Unlimited Premium,Postpaid Mobile,81.7,10,1000,-1,2015-12-02
PLN56C3AA5C51,CUST100020290,Family Share 10GB,Postpaid Mobile,32.33,50,1000,100,2024-02-08
PLN8DB05E7217,CUST100003643,Unlimited Premium,Postpaid Mobile,108.32,-1,1000,500,2022-07-12
PLN7CCCF0281F,CUST100031852,Unlimited Premium,Broadband,145.78,10,500,-1,2018-11-09
PLN411691D88D,CUST100071034,Prepaid 5GB,Postpaid Mobile,52.02,-1,500,500,2022-10-20
PLNDCDF4A4928,CUST100085135,Fiber 500Mbps,Postpaid Mobile,43.17,-1,-1,100,2023-03-13
PLN07ED30FB9E,CUST100068253,Prepaid 5GB,Postpaid Mobile,108.05,10,1000,100,2020-04-28
PLN29A9F14B26,CUST100022657,Fiber 500Mbps,Postpaid Mobile,128.26,20,-1,-1,2022-05-08
PLN0AC279B2A4,CUST100087437,Fiber 1Gbps,Postpaid Mobile,89.32,50,500,500,2020-08-17
PLN896C377AD6,CUST100050189,Prepaid 5GB,Broadband,146.79,5,-1,500,2018-12-10
PLN62E0CD2CAE,CUST100063951,Unlimited Plus,Prepaid Mobile,109.88,20,1000,500,2020-04-18
PLN881DCCB98E,CUST100001872,Unlimited Premium,Broadband,63.28,50,1000,-1,2022-02-12
PLN3B470B2B45,CUST100057202,IoT Data Plan,Postpaid Mobile,111.84,2,500,100,2022-02-21
PLNBBE7EE55A1,CUST100056100,Unlimited Premium,Prepaid Mobile,41.61,2,500,500,2019-02-17
PLN15BF6D74F2,CUST100017283,Unlimited Premium,Prepaid Mobile,51.45,20,1000,500,2023-12-05
PLNCC57D50CAC,CUST100023017,Unlimited Basic,Postpaid Mobile,55.04,10,500,500,2016-11-23
PLN4745BEE8A6,CUST100059926,Unlimited Premium,Postpaid Mobile,69.34,10,1000,-1,2023-10-14
PLN6E7073C30D,CUST100033878,Family Share 10GB,IoT,34.93,5,-1,500,2023-10-26
PLN6EF3A738D8,CUST100001760,Unlimited Plus,Postpaid Mobile,69.78,10,1000,100,2026-02-06
PLN7F99C43BC2,CUST100087759,Fiber 1Gbps,Broadband,90.19,-1,1000,100,2017-02-05
PLN8F4D249EF3,CUST100027180,Unlimited Basic,Broadband,72.73,5,-1,-1,2015-03-03
PLN3337397446,CUST100066489,Prepaid 5GB,Postpaid Mobile,100.73,10,1000,-1,2017-02-04
PLN88BDF83077,CUST100030032,Unlimited Basic,Broadband,20.76,50,1000,500,2019-02-05
PLNC26D0C2F3D,CUST100050272,Fiber 500Mbps,Prepaid Mobile,105.04,-1,-1,500,2020-08-08
PLN418D057851,CUST100063884,Family Share 10GB,Postpaid Mobile,52.58,50,1000,500,2025-05-26
PLNE40A12AEF9,CUST100015475,IoT Data Plan,Postpaid Mobile,93.82,20,-1,-1,2025-03-12
PLN490D0858A4,CUST100081168,Fiber 1Gbps,Postpaid Mobile,135.85,50,500,500,2024-10-31
PLND6CE1B60EB,CUST100073422,IoT Data Plan,Broadband,24.24,-1,-1,100,2015-06-15
PLN43C3C6A7A8,CUST100057509,Unlimited Plus,Broadband,63.61,-1,1000,100,2016-06-12
PLN912992317C,CUST100057632,Prepaid 5GB,Postpaid Mobile,48.61,2,1000,500,2019-09-04
PLN485AB5DDE1,CUST100080396,Prepaid 5GB,Postpaid Mobile,74.88,20,1000,500,2020-10-01
PLNDA59313189,CUST100051545,Unlimited Premium,Prepaid Mobile,73.7,5,1000,-1,2022-11-17
PLN8C4D11F7F6,CUST100047927,Unlimited Basic,Postpaid Mobile,95.48,5,1000,500,2024-07-02
PLNCA75B35C28,CUST100090859,Family Share 10GB,Prepaid Mobile,100.32,2,1000,-1,2017-02-10
PLN5745D362A3,CUST100089308,IoT Data Plan,IoT,79.31,10,-1,500,2025-09-26
PLN4E0BD70136,CUST100017395,Fiber 500Mbps,IoT,149.93,10,1000,100,2016-05-13
PLN1060A7F3A5,CUST100048135,Family Share 10GB,Postpaid Mobile,58.04,-1,1000,500,2023-08-19
PLNE93205DFDA,CUST100072140,Unlimited Plus,Postpaid Mobile,90.59,-1,500,100,2017-10-11
PLN4B944E11B5,CUST100045871,Unlimited Basic,IoT,56.91,5,-1,-1,2024-09-14
PLND0DD7A527B,CUST100083267,Fiber 1Gbps,IoT,15.58,-1,1000,100,2017-12-17
PLN7FAB98EDC8,CUST100079204,Unlimited Basic,Prepaid Mobile,147.76,20,1000,500,2018-02-21
PLN0D69EB8F79,CUST100077755,Prepaid 5GB,Prepaid Mobile,130.87,5,-1,100,2016-04-22
PLN034ED54321,CUST100024397,Unlimited Plus,Prepaid Mobile,119.2,10,-1,500,2025-09-28
PLN25A2A9813F,CUST100052900,Prepaid 5GB,Broadband,34.29,20,-1,-1,2026-05-25
PLNF32B177F20,CUST100062856,Fiber 1Gbps,Postpaid Mobile,76.22,50,1000,100,2018-02-21
PLN7E1E4C903F,CUST100089870,Fiber 500Mbps,Prepaid Mobile,26.37,2,1000,500,2020-05-08
PLNA1CE435FF6,CUST100010842,Unlimited Premium,Prepaid Mobile,42.15,-1,-1,100,2017-09-29
PLN05ADA369A8,CUST100007612,Family Share 10GB,Postpaid Mobile,82.81,-1,500,-1,2018-04-29
PLN042D8CC3D6,CUST100025358,Unlimited Premium,Broadband,58.33,5,-1,-1,2024-12-08
PLNC30E4FE809,CUST100096668,Prepaid 5GB,Postpaid Mobile,140.41,20,1000,100,2015-03-05
PLND93754F363,CUST100098483,Unlimited Basic,Prepaid Mobile,90.08,10,1000,100,2021-03-28
PLNFCE59E111D,CUST100018030,IoT Data Plan,Postpaid Mobile,140.29,5,1000,500,2017-01-13
PLN9DE0451044,CUST100099518,Unlimited Basic,Postpaid Mobile,88.94,-1,-1,500,2023-08-20
PLND8097B9F93,CUST100076342,Prepaid 5GB,Postpaid Mobile,92.29,10,500,-1,2026-06-29
PLN968703D7D4,CUST100040133,Unlimited Premium,Postpaid Mobile,25.44,2,-1,100,2019-09-05
PLN2FE9F62DA4,CUST100032295,IoT Data Plan,Postpaid Mobile,105.56,5,1000,100,2023-02-17
PLN4B4E7025AB,CUST100029640,Fiber 500Mbps,Postpaid Mobile,16.62,10,-1,500,2016-02-13
PLNA929B1E84F,CUST100070923,Unlimited Premium,Postpaid Mobile,95.06,5,1000,100,2022-05-12
PLN935572761D,CUST100021562,IoT Data Plan,Prepaid Mobile,59.35,-1,-1,100,2020-06-13
PLNED73AB6C4F,CUST100054324,Unlimited Premium,Broadband,23.55,50,500,100,2018-08-20
PLN67E8AA18D9,CUST100039811,Unlimited Basic,Postpaid Mobile,49.06,-1,500,500,2025-03-28
PLN91092168A8,CUST100050110,Prepaid 5GB,Prepaid Mobile,84.55,20,500,100,2015-01-16
PLNC48D8980A6,CUST100029687,IoT Data Plan,Broadband,86.34,20,500,-1,2023-03-02
PLNDDB1E2C9E1,CUST100086359,Prepaid 5GB,Broadband,91.72,10,500,500,2026-01-13
PLNDB1CC037CB,CUST100006971,Unlimited Premium,Postpaid Mobile,122.98,50,1000,500,2022-12-27
PLN60D51D22EA,CUST100078662,Fiber 500Mbps,Prepaid Mobile,78.67,50,1000,-1,2023-04-09
PLN9AD7E53435,CUST100075884,Fiber 1Gbps,Postpaid Mobile,119.24,5,500,100,2021-10-22
PLN16BC1371C1,CUST100077264,Unlimited Premium,Broadband,16.2,2,-1,-1,2023-11-07
PLNDCEBAACEAC,CUST100089616,Family Share 10GB,Prepaid Mobile,30.13,50,-1,-1,2025-11-01
PLN3044BE1AC8,CUST100088466,Unlimited Plus,Postpaid Mobile,87.77,20,500,500,2018-06-03
PLN7C0C0F6F3D,CUST100098952,Unlimited Premium,Postpaid Mobile,67.34,20,500,100,2021-03-27
PLN2005CF27A3,CUST100033344,Unlimited Plus,Postpaid Mobile,119.46,50,-1,-1,2017-04-14
PLN59AB99FDAD,CUST100006086,Fiber 1Gbps,Postpaid Mobile,87.84,-1,1000,-1,2023-08-10
PLN198A8BF8D4,CUST100009000,Prepaid 5GB,Broadband,59.39,50,1000,-1,2020-06-24
PLN40FF9A0E6A,CUST100099225,Unlimited Plus,Prepaid Mobile,61.42,2,500,100,2020-01-11
PLNA5BD1060A9,CUST100038136,Prepaid 5GB,Postpaid Mobile,46.71,20,-1,100,2020-02-26
PLNA6F28FAE73,CUST100078623,Family Share 10GB,Postpaid Mobile,75.69,20,-1,500,2015-03-14
PLN0A78657237,CUST100089035,Fiber 500Mbps,Prepaid Mobile,105.08,5,500,100,2021-08-10
PLNDEA0D70D01,CUST100087270,IoT Data Plan,Broadband,41.06,50,1000,-1,2018-04-07
PLNE1982D047E,CUST100006528,Fiber 500Mbps,Prepaid Mobile,115.25,10,1000,500,2021-12-13
PLN6AF3715C71,CUST100007366,Unlimited Premium,Broadband,119.04,20,500,-1,2022-10-29
PLN91472DE348,CUST100099091,Fiber 500Mbps,IoT,123.47,5,-1,500,2025-01-27
PLNA5D17E595B,CUST100061979,IoT Data Plan,Broadband,25.3,20,-1,500,2018-01-22
PLNB91C46F695,CUST100059030,Fiber 500Mbps,Postpaid Mobile,102.6,20,500,-1,2025-05-14
PLN4F22E846E8,CUST100012842,Unlimited Basic,Postpaid Mobile,93.88,50,-1,500,2023-05-16
PLNA6A076E179,CUST100064234,Prepaid 5GB,Prepaid Mobile,30.44,-1,1000,-1,2022-11-27
PLN1E9670A14C,CUST100053719,Fiber 500Mbps,Postpaid Mobile,99.5,-1,1000,500,2021-01-06
PLNEB3504529A,CUST100070905,IoT Data Plan,Broadband,112.52,5,1000,100,2018-10-18
PLNEEE3C0E849,CUST100055732,Unlimited Plus,Broadband,50.64,50,500,100,2021-06-16
PLN3D9A11046B,CUST100060972,Prepaid 5GB,Postpaid Mobile,123.4,-1,-1,-1,2017-07-09
PLN8EA006AC94,CUST100077203,Fiber 1Gbps,Postpaid Mobile,149.29,10,1000,500,2023-01-29
PLN5F46CE3A6F,CUST100091748,Unlimited Premium,Prepaid Mobile,97.54,5,-1,100,2021-01-23
PLNBE2BB655CA,CUST100055626,Family Share 10GB,Postpaid Mobile,26.87,10,500,500,2022-03-07
PLNA2AF90DD76,CUST100096136,Unlimited Plus,Postpaid Mobile,146.34,5,-1,-1,2023-12-23
PLNA79B960191,CUST100083362,Fiber 1Gbps,Postpaid Mobile,46.96,10,500,-1,2015-12-24
PLNA3EF1B3FC4,CUST100077558,Fiber 1Gbps,Prepaid Mobile,75.38,50,1000,-1,2025-08-26
PLN62DF224122,CUST100018402,Unlimited Basic,Postpaid Mobile,84.83,5,-1,-1,2015-08-22
PLNBACA19C633,CUST100085801,Unlimited Premium,Prepaid Mobile,65.67,10,500,-1,2022-04-06
PLN8A696479F8,CUST100081524,Unlimited Plus,Broadband,135.7,10,-1,500,2016-01-02
PLNE672DB9E34,CUST100071091,Fiber 1Gbps,Prepaid Mobile,127.78,-1,500,-1,2026-06-20
PLN0EACF874C1,CUST100086099,Unlimited Basic,Prepaid Mobile,109.84,20,-1,100,2019-06-16
PLNC073BE411F,CUST100050397,Family Share 10GB,Postpaid Mobile,47.9,10,500,500,2025-04-28
PLN5CACA7EE1E,CUST100098269,IoT Data Plan,Prepaid Mobile,46.91,2,500,100,2015-10-08
PLN336DFAB895,CUST100075727,Unlimited Plus,Broadband,93.99,-1,-1,-1,2016-05-25
PLN7E154DC645,CUST100011731,Prepaid 5GB,Postpaid Mobile,38.99,20,500,100,2025-01-24
PLNE1663E4003,CUST100076629,Unlimited Premium,Prepaid Mobile,68.28,2,-1,500,2019-02-04
PLN54F83CA666,CUST100067822,Prepaid 5GB,Postpaid Mobile,72.23,50,1000,-1,2022-12-01
PLNB63874DCCC,CUST100082049,Unlimited Basic,Broadband,64.73,2,1000,100,2016-07-28
PLN508EF05B18,CUST100051582,Fiber 1Gbps,Postpaid Mobile,81.43,50,-1,-1,2015-01-10
PLN699CA0190E,CUST100036006,Fiber 1Gbps,Prepaid Mobile,39.63,-1,500,-1,2021-11-22
PLN373A5A0DD8,CUST100025061,Family Share 10GB,IoT,119.76,50,-1,500,2020-11-13
PLN31A8E99C40,CUST100006019,Unlimited Premium,IoT,86.53,2,-1,500,2019-09-30
PLN1CFC343C7C,CUST100019831,Unlimited Premium,Postpaid Mobile,78.97,10,500,500,2020-06-25
PLN0532CCD4D2,CUST100046925,Fiber 1Gbps,Broadband,20.48,20,500,-1,2018-12-23
PLNA13E45617D,CUST100091190,Unlimited Basic,Prepaid Mobile,95.26,20,-1,100,2018-08-27
PLN3D0CAD0943,CUST100066913,Family Share 10GB,Broadband,31.3,2,-1,-1,2025-07-07
PLN571DD31D4E,CUST100079986,Unlimited Plus,IoT,30.37,2,1000,100,2025-05-21
PLN6481713AFC,CUST100000751,Prepaid 5GB,Postpaid Mobile,103.71,-1,500,-1,2022-12-25
PLNB891516CF8,CUST100096710,Unlimited Premium,Prepaid Mobile,70.26,2,-1,100,2020-12-13
PLN26EED1D0A4,CUST100095928,Unlimited Basic,Postpaid Mobile,84.13,10,500,500,2022-01-12
PLN9BCF816EC7,CUST100046603,IoT Data Plan,Broadband,135.28,5,500,-1,2022-03-16
PLN268725458A,CUST100021822,Unlimited Plus,Postpaid Mobile,140.39,-1,-1,-1,2019-10-15
PLN4210210FE2,CUST100014024,Prepaid 5GB,Prepaid Mobile,100.82,20,-1,100,2022-10-11
PLNBA8DCF5661,CUST100027040,Unlimited Plus,Broadband,30.67,5,-1,500,2025-03-06
PLNF94FF0CE82,CUST100012470,Unlimited Basic,Prepaid Mobile,81.92,-1,1000,500,2018-05-22
PLN95FF9EF60D,CUST100098755,IoT Data Plan,Postpaid Mobile,27.48,5,-1,100,2025-06-12
PLNA96A4E8C53,CUST100090456,Family Share 10GB,Postpaid Mobile,79.89,-1,-1,-1,2025-08-02
PLN60AAA3A1C9,CUST100075940,Fiber 1Gbps,Broadband,70.56,-1,1000,500,2022-06-08
PLNE75857AA0E,CUST100047604,Unlimited Premium,Postpaid Mobile,123.58,50,500,100,2025-04-03
PLNFCB766A5DE,CUST100070893,Fiber 1Gbps,Postpaid Mobile,22.52,10,500,100,2015-12-09
PLN8AD9949AF2,CUST100005872,Prepaid 5GB,Postpaid Mobile,44.45,50,1000,-1,2025-09-20
PLN3E39FEAB2E,CUST100098673,Fiber 500Mbps,Postpaid Mobile,29.13,10,-1,500,2017-03-05
PLNB063AAD7C2,CUST100031187,Unlimited Premium,Postpaid Mobile,100.9,5,500,-1,2021-01-04
PLN5C1BD77A4D,CUST100063817,IoT Data Plan,Prepaid Mobile,34.29,5,500,-1,2017-01-18
PLN13DEEACA2A,CUST100081308,Unlimited Basic,Postpaid Mobile,139.46,50,500,500,2020-05-20
PLN06A1211D1A,CUST100058083,IoT Data Plan,Postpaid Mobile,84.92,20,500,500,2023-12-25
PLNEACF36086A,CUST100013201,Unlimited Plus,Postpaid Mobile,112.13,10,1000,-1,2018-04-06
PLN51FE9ECA93,CUST100032172,Family Share 10GB,Postpaid Mobile,106.71,10,-1,500,2026-01-20
PLNE466296669,CUST100020995,IoT Data Plan,IoT,20.91,2,1000,-1,2018-07-08
PLN06A8C0FFD6,CUST100081478,Unlimited Premium,Broadband,103.22,10,1000,500,2015-06-10
PLN04D2A85E25,CUST100091036,Unlimited Plus,Prepaid Mobile,128.67,10,500,500,2015-03-18
PLN1FCD56C050,CUST100024320,Fiber 500Mbps,Postpaid Mobile,66.2,5,-1,100,2026-01-04
PLN8E4F675BAC,CUST100002670,Unlimited Basic,Broadband,88.9,-1,1000,100,2019-09-03
PLN9F7FCFF2E4,CUST100038648,Fiber 1Gbps,Postpaid Mobile,140.84,10,500,-1,2024-10-02
PLND6A8C8643A,CUST100033307,Prepaid 5GB,Postpaid Mobile,81.33,5,1000,100,2023-04-20
PLN843FE557BA,CUST100097343,IoT Data Plan,Postpaid Mobile,29.65,5,500,100,2020-08-28
PLN85F0CB755A,CUST100003102,Family Share 10GB,Postpaid Mobile,110.44,5,1000,100,2018-03-27
PLN25CB4A86DC,CUST100073233,Fiber 500Mbps,Postpaid Mobile,123.5,-1,-1,100,2026-04-14
PLNF0317A3622,CUST100044251,Family Share 10GB,Prepaid Mobile,65.33,2,-1,500,2018-08-05
PLN6ACF14AAA1,CUST100046477,Fiber 500Mbps,Prepaid Mobile,35.8,20,1000,500,2023-11-10
PLN947E26909A,CUST100006017,Unlimited Basic,Prepaid Mobile,129.83,50,500,100,2025-11-20
PLNAC74E221B0,CUST100091496,Unlimited Premium,Postpaid Mobile,110.06,10,-1,-1,2016-01-08
PLND9BCD29C56,CUST100012726,Fiber 1Gbps,Postpaid Mobile,83.41,20,-1,100,2021-02-05
PLNED17D443BC,CUST100009570,Fiber 1Gbps,Postpaid Mobile,111.21,10,1000,500,2021-03-01
PLN24CF38B66F,CUST100098174,Unlimited Premium,Prepaid Mobile,87.73,50,500,100,2022-11-09
PLNAEB84556B9,CUST100073887,IoT Data Plan,IoT,79.25,5,-1,-1,2024-07-23
PLN2A9C0E6040,CUST100071292,Family Share 10GB,Postpaid Mobile,26.27,5,1000,-1,2022-04-25
PLN72322D2AA4,CUST100028635,Fiber 500Mbps,Postpaid Mobile,32.9,-1,-1,-1,2025-12-07
PLNB25B482511,CUST100048856,Fiber 500Mbps,Postpaid Mobile,111.93,2,500,500,2022-07-12
PLNFE1A04F19D,CUST100024096,Prepaid 5GB,Postpaid Mobile,67.43,2,500,-1,2018-11-08
PLN4161676051,CUST100000798,Unlimited Premium,Postpaid Mobile,32.59,20,500,500,2017-03-27
PLN8B04E1F3DA,CUST100083030,Fiber 500Mbps,Postpaid Mobile,84.14,2,500,-1,2017-11-01
PLN7FB67603FC,CUST100005505,Unlimited Plus,Postpaid Mobile,142.81,20,1000,100,2015-02-21
PLN3B4A0D951A,CUST100085808,Prepaid 5GB,Prepaid Mobile,83.19,5,500,500,2025-11-12
PLN26523E3AC2,CUST100086408,Fiber 500Mbps,Broadband,62.31,5,-1,100,2021-10-01
PLNB56E7CF7E2,CUST100070438,Fiber 1Gbps,Broadband,102.25,5,1000,-1,2016-02-05
PLN0977687028,CUST100051160,Unlimited Plus,Broadband,54.43,2,1000,-1,2025-07-08
PLN3BBA97623F,CUST100093383,Prepaid 5GB,Prepaid Mobile,70.71,20,500,500,2021-01-25
PLNADAB0F3678,CUST100035048,Family Share 10GB,Postpaid Mobile,128.08,20,-1,500,2023-01-25
PLNC63A8EFA30,CUST100074140,Fiber 500Mbps,Broadband,142.64,10,-1,-1,2022-02-10
PLN8FC50A9A0A,CUST100002981,Fiber 1Gbps,Broadband,146.13,5,-1,500,2024-10-27
PLN90D9560808,CUST100067546,Fiber 500Mbps,Broadband,32.81,5,1000,500,2021-02-01
PLN9F0DBD09EA,CUST100027635,Fiber 500Mbps,Postpaid Mobile,15.75,5,-1,500,2023-10-06
PLNCD082D67BF,CUST100065439,Fiber 500Mbps,Prepaid Mobile,106.16,-1,-1,500,2024-08-21
PLN85ACC8E928,CUST100010023,IoT Data Plan,Prepaid Mobile,46.91,2,1000,100,2017-02-03
PLN4DCF6174B3,CUST100067537,Fiber 500Mbps,Prepaid Mobile,66.23,2,1000,100,2020-11-10
PLN5B37E4EF58,CUST100067450,Prepaid 5GB,Prepaid Mobile,57.6,50,500,100,2024-03-11
PLN4B18EA0C6A,CUST100000207,Unlimited Plus,Prepaid Mobile,45.61,2,1000,500,2018-04-17
PLNDCADE8DB02,CUST100065736,Unlimited Plus,Broadband,54.64,2,1000,-1,2019-10-08
PLNBCB2F98857,CUST100084776,Unlimited Basic,Postpaid Mobile,77.21,5,500,-1,2022-11-15
PLN01A5737ECE,CUST100034186,Fiber 500Mbps,Postpaid Mobile,24.57,-1,500,100,2024-07-01
PLNF17BD7C490,CUST100016574,Unlimited Basic,Prepaid Mobile,86.05,50,500,-1,2025-01-17
PLNA29679B8FB,CUST100094466,Unlimited Premium,Postpaid Mobile,111.8,-1,500,-1,2015-04-16
PLNFBA45C25BC,CUST100036910,Prepaid 5GB,Prepaid Mobile,22.47,-1,500,500,2019-04-24
PLN381D22B9AD,CUST100057723,Fiber 500Mbps,Broadband,99.31,50,500,100,2023-05-27
PLNACDCFD7C2C,CUST100012504,Unlimited Plus,Postpaid Mobile,129.81,2,-1,100,2015-02-22
PLNB0BFDDC4A7,CUST100018588,Unlimited Plus,Postpaid Mobile,109.83,20,1000,500,2015-10-27
PLN9545FC6E6B,CUST100069542,Unlimited Premium,Postpaid Mobile,56.21,10,-1,-1,2019-10-31
PLNDB603B5EA9,CUST100022795,Family Share 10GB,Postpaid Mobile,60.47,-1,500,-1,2016-04-10
PLN373ADC8E6E,CUST100073312,Unlimited Plus,Postpaid Mobile,17.31,10,500,100,2018-10-09
PLN28B7318F5A,CUST100067361,Prepaid 5GB,Broadband,75.31,-1,500,100,2019-05-25
PLN0E2265FEC0,CUST100012390,Family Share 10GB,Postpaid Mobile,122.5,10,500,100,2017-02-28
PLND1EC411494,CUST100045068,Unlimited Plus,Postpaid Mobile,125.64,20,1000,100,2015-12-09
PLNBFC5E1D6CD,CUST100010331,Prepaid 5GB,Broadband,118.17,10,-1,100,2018-04-05
PLNAA15DABDCC,CUST100028046,Unlimited Plus,Postpaid Mobile,33.91,50,1000,100,2023-05-23
PLNC35D656046,CUST100026671,Unlimited Plus,Postpaid Mobile,142.47,10,-1,100,2026-02-08
PLNC0C286DD50,CUST100055421,Family Share 10GB,Broadband,127.55,5,1000,100,2019-08-21
PLN8E9485B82A,CUST100081614,Family Share 10GB,Broadband,56.14,-1,-1,500,2015-05-11
PLN3F611A8A42,CUST100066874,Unlimited Premium,Postpaid Mobile,72.2,5,1000,-1,2017-12-29
PLNBAB3F271AE,CUST100001447,Unlimited Plus,Prepaid Mobile,63.56,2,500,500,2020-10-10
PLN319962DDAF,CUST100029580,Fiber 500Mbps,Postpaid Mobile,49.67,20,500,-1,2026-01-11
PLN75B7970978,CUST100030102,Fiber 500Mbps,Postpaid Mobile,143.65,2,-1,100,2018-11-13
PLNF62F40E210,CUST100068475,Unlimited Basic,Postpaid Mobile,61.04,5,500,100,2018-07-25
PLN22FA36830B,CUST100069373,Fiber 1Gbps,Prepaid Mobile,67.45,-1,1000,500,2023-08-24
PLNE4A5C99F7C,CUST100024134,Prepaid 5GB,Prepaid Mobile,35.89,2,500,-1,2025-02-11
PLN1D66A23BC2,CUST100065738,Unlimited Basic,Broadband,17.81,5,500,100,2025-01-01
PLN8D37E9AE49,CUST100012132,Unlimited Plus,IoT,79.03,20,-1,-1,2016-09-03
PLN5282F63B12,CUST100004990,Unlimited Basic,IoT,126.72,5,1000,-1,2025-11-30
PLN4C3C95671E,CUST100095674,Fiber 500Mbps,Postpaid Mobile,43.17,10,500,500,2023-01-22
PLN7A351E2A63,CUST100069429,Fiber 1Gbps,Prepaid Mobile,64.22,-1,1000,-1,2021-07-04
PLN6E459C3F85,CUST100024657,Prepaid 5GB,Prepaid Mobile,83.21,-1,1000,-1,2017-05-04
PLN14F6E4877E,CUST100066558,Unlimited Premium,Broadband,110.09,50,-1,100,2025-08-11
PLN70BC4FEDD2,CUST100006706,Fiber 500Mbps,IoT,69.88,20,-1,500,2020-07-18
PLNE1930C55BD,CUST100048273,Fiber 500Mbps,Postpaid Mobile,140.72,50,1000,500,2025-10-27
PLN6EF92FA8EF,CUST100001210,Fiber 500Mbps,IoT,16.51,10,-1,100,2015-11-21
PLNB1431C9766,CUST100047144,Fiber 1Gbps,Postpaid Mobile,95.18,2,-1,100,2025-10-11
PLN7F56568EE1,CUST100076725,Unlimited Plus,Prepaid Mobile,22.68,5,1000,100,2019-11-30
PLNA6862F7EFD,CUST100048792,Fiber 500Mbps,Postpaid Mobile,64.19,5,1000,500,2021-02-16
PLN1B541AA0A4,CUST100019932,Fiber 1Gbps,Broadband,18.1,-1,-1,-1,2021-08-12
PLN63E76DB986,CUST100011449,Unlimited Basic,Postpaid Mobile,70.33,2,500,500,2023-05-05
PLNA48E7929E5,CUST100073506,Prepaid 5GB,Prepaid Mobile,25.41,20,1000,-1,2017-10-15
PLN9081D46675,CUST100022914,Unlimited Plus,Prepaid Mobile,106.0,-1,-1,100,2025-07-19
PLN52D1C32F27,CUST100086252,Unlimited Premium,Postpaid Mobile,37.7,2,500,-1,2023-02-23
PLNBBFEBA6A56,CUST100031629,Prepaid 5GB,Broadband,35.0,20,1000,-1,2024-02-16
PLN32539CD767,CUST100058472,Fiber 1Gbps,Prepaid Mobile,49.89,10,500,-1,2025-12-05
PLN586B3E575B,CUST100035540,Prepaid 5GB,Postpaid Mobile,57.13,50,500,-1,2019-03-21
PLNBD867B653B,CUST100047137,Unlimited Plus,Prepaid Mobile,27.55,-1,-1,500,2020-05-19
PLNE17FB7341E,CUST100031610,Fiber 1Gbps,Postpaid Mobile,60.65,20,-1,-1,2019-07-19
PLN8DD5BF8CAF,CUST100051776,Fiber 500Mbps,IoT,124.04,10,1000,-1,2024-07-24
PLND174CBEF27,CUST100096447,Prepaid 5GB,Prepaid Mobile,86.08,50,1000,-1,2017-09-25
PLN9703258E93,CUST100012549,Fiber 500Mbps,Postpaid Mobile,145.22,-1,1000,500,2015-07-08
PLNBB7AA4309E,CUST100086927,Fiber 500Mbps,Postpaid Mobile,67.52,2,1000,100,2023-02-07
PLNCED31BA013,CUST100091866,IoT Data Plan,Postpaid Mobile,54.61,-1,1000,-1,2025-03-20
PLN7196133C85,CUST100030946,Fiber 500Mbps,Postpaid Mobile,96.11,5,1000,100,2021-09-27
PLNFE0540D41E,CUST100029841,Unlimited Basic,Broadband,146.01,50,-1,500,2021-07-21
PLN15C769EA57,CUST100033374,Family Share 10GB,Broadband,149.23,2,1000,-1,2016-02-27
PLNAE3AC0D047,CUST100076809,Prepaid 5GB,Prepaid Mobile,88.43,-1,500,100,2017-04-04
PLN3A3F118FB9,CUST100019923,Prepaid 5GB,Postpaid Mobile,135.98,2,500,500,2015-02-27
PLN11BEEC0ADD,CUST100027827,Fiber 500Mbps,Prepaid Mobile,67.35,10,500,100,2023-04-12
PLNC07E10CAD4,CUST100085353,IoT Data Plan,Postpaid Mobile,139.2,-1,500,100,2024-08-16
PLN054733AB8C,CUST100008672,Unlimited Basic,Broadband,26.27,-1,500,100,2016-11-03
PLN995DCDAF0C,CUST100071971,Unlimited Premium,Postpaid Mobile,47.0,10,500,500,2020-08-31
PLNA250DC0065,CUST100014170,Prepaid 5GB,Prepaid Mobile,38.75,50,500,-1,2022-03-10
PLNEB745D1F66,CUST100007855,IoT Data Plan,Postpaid Mobile,135.58,50,1000,-1,2021-05-06
PLN0160AA3262,CUST100023834,Family Share 10GB,Postpaid Mobile,57.87,20,1000,-1,2022-08-05
PLNE1EAEF31EF,CUST100071688,Unlimited Plus,Broadband,82.99,10,-1,500,2016-12-16
PLN5C1AA7667A,CUST100003637,Family Share 10GB,Postpaid Mobile,120.09,20,1000,100,2016-06-23
PLN1EC3325699,CUST100095914,Unlimited Plus,Broadband,68.39,20,500,100,2021-02-20
PLN4A638DE88B,CUST100048499,Prepaid 5GB,Prepaid Mobile,54.84,5,500,100,2016-01-30
PLN8095ECE636,CUST100031043,IoT Data Plan,Broadband,75.24,5,-1,100,2023-05-27
PLN53862E71EF,CUST100013468,Unlimited Basic,Prepaid Mobile,147.82,-1,-1,100,2020-06-01
PLN1179B82ABE,CUST100035974,IoT Data Plan,Postpaid Mobile,96.5,-1,-1,500,2020-09-14
PLNEB8298D1B1,CUST100087930,Unlimited Premium,Postpaid Mobile,88.44,20,-1,500,2021-01-24
PLN362CFAC213,CUST100097600,Unlimited Premium,Postpaid Mobile,59.94,50,-1,-1,2020-04-10
PLNBFC11B0356,CUST100026136,Fiber 1Gbps,Prepaid Mobile,106.27,2,-1,100,2021-05-20
PLN94CD67A0AD,CUST100079311,Prepaid 5GB,Prepaid Mobile,73.34,2,500,500,2016-08-05
PLN37507006E4,CUST100045524,Fiber 1Gbps,Prepaid Mobile,137.62,10,-1,100,2022-03-15
PLNBFFEB3846E,CUST100058303,Fiber 500Mbps,Postpaid Mobile,18.29,5,1000,100,2025-06-19
PLNF1794D6D79,CUST100030303,Prepaid 5GB,IoT,106.87,10,-1,500,2019-02-27
PLNC27A829942,CUST100078002,IoT Data Plan,Prepaid Mobile,86.93,20,1000,-1,2025-10-26
PLNC7C5462F5D,CUST100020518,Fiber 1Gbps,IoT,111.79,2,-1,500,2025-06-09
PLN8EA8976F3C,CUST100053723,Fiber 1Gbps,IoT,140.99,-1,1000,500,2025-11-08
PLN98430CB7E7,CUST100086880,Fiber 1Gbps,Prepaid Mobile,133.53,50,1000,500,2016-07-16
PLN132D753648,CUST100068779,IoT Data Plan,Postpaid Mobile,142.12,10,-1,-1,2021-05-13
PLNEA7DF50582,CUST100084399,Prepaid 5GB,Prepaid Mobile,77.16,-1,-1,100,2023-03-19
PLN6CF03C6AF6,CUST100031027,Family Share 10GB,Prepaid Mobile,46.3,10,-1,-1,2025-10-31
PLNEFE4DBA382,CUST100063756,Fiber 1Gbps,Postpaid Mobile,78.88,20,1000,100,2016-09-10
PLNA1147B82EE,CUST100069872,Unlimited Plus,Postpaid Mobile,81.81,10,1000,-1,2021-12-03
PLN7710E44F0A,CUST100023150,Unlimited Premium,Prepaid Mobile,16.1,50,1000,-1,2016-10-10
PLNE48413B319,CUST100026176,Unlimited Basic,Postpaid Mobile,136.29,2,1000,500,2025-06-13
PLN3D8321649B,CUST100005368,Unlimited Premium,Prepaid Mobile,92.85,20,500,-1,2016-02-04
PLN1CBC98E426,CUST100021130,Fiber 1Gbps,Broadband,82.83,2,1000,-1,2023-11-04
PLNA99D0B6086,CUST100046471,Family Share 10GB,Prepaid Mobile,144.96,50,1000,500,2023-11-03
PLNC6ECA17F51,CUST100091830,Unlimited Basic,Broadband,52.98,5,500,-1,2024-06-05
PLN6A8A6124D3,CUST100048443,Unlimited Plus,Broadband,66.82,10,1000,100,2021-12-10
PLN6D236C7F42,CUST100031553,Family Share 10GB,Broadband,45.06,50,500,-1,2018-06-17
PLN84EEE163F9,CUST100076095,Prepaid 5GB,Prepaid Mobile,52.56,-1,500,-1,2021-05-15
PLN326CCC58C7,CUST100027378,Unlimited Premium,Broadband,122.93,50,500,-1,2016-06-25
PLNA44765D7FD,CUST100014287,Unlimited Premium,Prepaid Mobile,91.36,20,-1,100,2022-09-23
PLN3619D7C23A,CUST100039709,Family Share 10GB,Broadband,73.16,10,1000,-1,2023-04-16
PLN1200E678B9,CUST100085835,Family Share 10GB,Broadband,101.14,2,500,500,2019-11-06
PLN469EC12DA8,CUST100033538,Fiber 1Gbps,Postpaid Mobile,120.38,5,500,100,2019-07-22
PLN1728286FE6,CUST100072149,Unlimited Premium,Postpaid Mobile,148.93,20,1000,500,2021-12-17
PLN1EA4D53157,CUST100070773,Family Share 10GB,Postpaid Mobile,142.66,2,500,500,2024-02-19
PLN0930513145,CUST100078417,Fiber 500Mbps,Broadband,60.0,20,1000,100,2022-09-06
PLN5D5B56D2DB,CUST100071767,Prepaid 5GB,Postpaid Mobile,130.28,-1,-1,100,2015-11-28
PLN31EA950FDD,CUST100087272,Unlimited Basic,Prepaid Mobile,48.57,-1,500,-1,2017-07-04
PLN891EA020B0,CUST100052856,Unlimited Plus,Broadband,107.72,20,500,500,2017-11-08
PLN1AF9CA6D79,CUST100092062,Fiber 1Gbps,Postpaid Mobile,20.5,10,-1,500,2025-08-06
PLN56642AA741,CUST100080599,Unlimited Basic,Prepaid Mobile,15.14,2,500,500,2016-03-20
PLN5D56E867D7,CUST100016820,Fiber 1Gbps,Postpaid Mobile,68.75,50,1000,-1,2019-04-27
PLNF6C5C0A90A,CUST100014107,Fiber 1Gbps,Postpaid Mobile,38.12,20,500,500,2024-05-09
PLN83AFF29F96,CUST100052460,Fiber 500Mbps,Postpaid Mobile,141.44,2,500,-1,2024-03-04
PLN071C47E709,CUST100081002,Prepaid 5GB,Prepaid Mobile,52.39,-1,1000,100,2019-08-31
PLNB8DABE1C03,CUST100066151,Fiber 500Mbps,Postpaid Mobile,131.5,2,500,-1,2026-04-15
PLN27A05A47DB,CUST100053457,Family Share 10GB,Postpaid Mobile,21.78,-1,1000,500,2021-05-28
PLNC944443157,CUST100036022,IoT Data Plan,Broadband,133.18,50,1000,500,2025-05-14
PLN13102D0B96,CUST100054717,Unlimited Plus,Prepaid Mobile,147.41,5,1000,500,2016-08-22
PLNCA0D83891C,CUST100052857,Prepaid 5GB,Postpaid Mobile,127.45,2,500,100,2019-04-27
PLN9E45C214E6,CUST100077246,Unlimited Plus,Postpaid Mobile,84.91,50,1000,500,2020-09-19
PLN60A4120814,CUST100036469,Unlimited Basic,Postpaid Mobile,52.93,50,1000,500,2023-11-08
PLN59407351E7,CUST100026628,Unlimited Premium,Postpaid Mobile,47.67,50,-1,100,2015-06-14
PLNB12C60316B,CUST100068813,Fiber 1Gbps,Postpaid Mobile,22.49,5,-1,500,2015-09-19
PLN321429D69E,CUST100062479,Fiber 500Mbps,Broadband,67.76,10,-1,500,2016-12-29
PLNB1C894BA32,CUST100090001,Unlimited Plus,Postpaid Mobile,15.87,2,-1,100,2019-06-08
PLNDE924D1074,CUST100042334,Prepaid 5GB,Postpaid Mobile,124.28,2,500,-1,2023-04-24
PLN5856A23AC5,CUST100002913,Fiber 1Gbps,Postpaid Mobile,120.19,10,1000,100,2017-01-24
PLNCDE5AFCD7C,CUST100043967,Fiber 1Gbps,Postpaid Mobile,38.97,2,500,500,2024-12-11
PLNED588B9298,CUST100011111,Unlimited Plus,Prepaid Mobile,39.62,-1,1000,-1,2015-12-08
PLN53549F3824,CUST100084670,IoT Data Plan,Broadband,15.6,50,500,100,2020-11-11
PLN3889543560,CUST100006639,Unlimited Basic,Postpaid Mobile,62.9,50,-1,-1,2016-04-20
PLN67A13CC260,CUST100079266,Unlimited Premium,Prepaid Mobile,61.76,10,500,-1,2020-09-04
PLN999D63722A,CUST100075982,Fiber 1Gbps,Postpaid Mobile,38.31,20,-1,100,2017-02-10
PLN823E736CCB,CUST100005874,Unlimited Basic,Postpaid Mobile,128.44,10,-1,500,2026-02-15
PLNBDE1FBE151,CUST100028221,Unlimited Plus,Prepaid Mobile,124.17,5,1000,-1,2017-06-25
PLNDEE1FF6A84,CUST100011762,Prepaid 5GB,IoT,74.44,2,500,100,2025-12-30
PLNF7A490B852,CUST100091112,Fiber 1Gbps,Broadband,77.98,5,1000,-1,2016-09-18
PLN0E9E59CF29,CUST100072482,Unlimited Basic,IoT,17.21,-1,1000,100,2022-10-18
PLNF4669F35F9,CUST100051350,Unlimited Basic,Postpaid Mobile,46.19,5,500,-1,2026-04-11
PLN401702092D,CUST100037475,Unlimited Premium,Postpaid Mobile,89.12,-1,1000,100,2019-09-12
PLNBC898F6654,CUST100065024,Family Share 10GB,Postpaid Mobile,115.62,2,1000,500,2021-11-18
PLN33A8F9F9B0,CUST100073717,Unlimited Plus,Postpaid Mobile,31.81,-1,500,100,2021-12-04
PLNFAF0DAE7DE,CUST100033497,Prepaid 5GB,Postpaid Mobile,65.94,10,500,-1,2015-10-31
PLNAD61C21D5E,CUST100049780,Unlimited Premium,Broadband,50.92,-1,1000,-1,2016-09-26
PLN3260F7B909,CUST100022797,Prepaid 5GB,Postpaid Mobile,25.51,5,-1,500,2016-06-30
PLN4A9278A641,CUST100037637,Unlimited Basic,Postpaid Mobile,20.14,50,1000,100,2020-12-11
PLN0B6E73EDD3,CUST100027420,Family Share 10GB,Postpaid Mobile,118.36,-1,-1,500,2025-04-18
PLN2D95F32F1B,CUST100014445,Unlimited Premium,Prepaid Mobile,23.59,10,1000,-1,2017-08-18
PLNE186CA4A10,CUST100044504,Unlimited Plus,Prepaid Mobile,104.73,20,500,100,2022-01-04
PLN4A7D92CF03,CUST100072660,IoT Data Plan,Postpaid Mobile,104.88,-1,1000,-1,2018-03-22
PLN82C3B326AE,CUST100037372,Unlimited Basic,Broadband,50.3,50,-1,500,2015-08-18
PLN1850C851FB,CUST100039292,Family Share 10GB,Prepaid Mobile,81.53,10,-1,500,2021-12-10
PLNC21671A7AC,CUST100045891,Unlimited Plus,Postpaid Mobile,56.46,20,1000,-1,2015-11-17
PLN217A07E8DC,CUST100021587,Unlimited Premium,Prepaid Mobile,93.71,-1,1000,100,2017-07-17
PLND2F65E07C8,CUST100094873,Fiber 500Mbps,Prepaid Mobile,26.83,2,-1,500,2019-02-12
PLNB1F0A4F243,CUST100039885,Prepaid 5GB,Prepaid Mobile,112.1,2,1000,500,2016-01-20
PLNC23475A81E,CUST100049832,Fiber 1Gbps,Postpaid Mobile,72.39,5,500,-1,2023-03-18
PLN1B2B6CA08A,CUST100043042,Fiber 1Gbps,Postpaid Mobile,65.65,-1,1000,500,2025-10-22
PLNADF47CBB71,CUST100011826,Unlimited Premium,Prepaid Mobile,127.16,20,500,100,2018-07-21
PLNFDED6A025F,CUST100038724,Unlimited Plus,Prepaid Mobile,71.32,10,500,100,2019-04-16
PLN749959E70E,CUST100020662,Fiber 500Mbps,Prepaid Mobile,22.39,5,-1,100,2016-04-01
PLN5D24770089,CUST100013533,Unlimited Basic,Postpaid Mobile,36.65,2,500,100,2022-04-19
PLNEB78F15063,CUST100012837,Unlimited Premium,Postpaid Mobile,135.27,-1,500,500,2017-12-29
PLN12E53EFDCA,CUST100074625,Unlimited Premium,Broadband,64.11,10,500,-1,2017-09-09
PLN2315B0128D,CUST100002238,Fiber 500Mbps,Postpaid Mobile,114.89,10,1000,500,2019-09-03
PLN7322C2379C,CUST100084204,Prepaid 5GB,Prepaid Mobile,39.43,50,-1,100,2018-04-01
PLNBD88737AAB,CUST100056106,Fiber 500Mbps,Prepaid Mobile,102.77,10,-1,100,2018-08-12
PLNCA41106A7A,CUST100064266,Unlimited Plus,IoT,51.01,2,1000,100,2021-02-24
PLN51D80BE08A,CUST100076300,Prepaid 5GB,Postpaid Mobile,83.6,-1,500,100,2016-03-14
PLN8F43D3CD6C,CUST100069506,Unlimited Premium,Postpaid Mobile,78.34,10,500,100,2018-07-06
PLN327EC04B5B,CUST100051628,Unlimited Premium,Postpaid Mobile,72.67,5,500,-1,2022-06-16
PLN3253B0050D,CUST100096306,Fiber 500Mbps,Prepaid Mobile,69.92,20,1000,-1,2018-04-05
PLN2FE807D6CB,CUST100045268,Family Share 10GB,Prepaid Mobile,98.69,2,1000,100,2015-02-23
PLN11A839E260,CUST100025143,Fiber 1Gbps,Postpaid Mobile,25.37,20,1000,500,2022-03-25
PLNDBCACE708D,CUST100075155,IoT Data Plan,Broadband,83.03,-1,500,100,2021-01-26
PLNB479300325,CUST100033089,Unlimited Plus,Postpaid Mobile,124.42,-1,500,500,2024-03-27
PLN1CF9B3FF41,CUST100087052,Family Share 10GB,Postpaid Mobile,53.41,5,500,100,2022-11-17
PLN26022F226E,CUST100031273,Fiber 500Mbps,Postpaid Mobile,118.63,-1,1000,-1,2016-08-13
PLNBFB390B789,CUST100030126,Fiber 1Gbps,Postpaid Mobile,132.2,5,500,500,2020-01-24
PLN61FB084669,CUST100023683,Unlimited Premium,Postpaid Mobile,66.2,-1,-1,100,2017-09-16
PLNFAA1080A29,CUST100023581,Prepaid 5GB,Broadband,60.12,50,1000,-1,2019-09-27
PLN77618A78E4,CUST100043456,Unlimited Basic,Broadband,48.7,5,1000,500,2021-09-02
PLN66E12ADF1C,CUST100087280,Prepaid 5GB,Postpaid Mobile,45.94,50,1000,100,2026-02-10
PLN3469181815,CUST100077921,Unlimited Plus,Prepaid Mobile,52.19,5,500,100,2020-06-13
PLN01360D549B,CUST100004131,Family Share 10GB,Broadband,132.68,10,500,100,2017-08-27
PLND707A0B733,CUST100083741,Prepaid 5GB,Postpaid Mobile,104.79,20,-1,100,2021-10-16
PLN81C04FB8E7,CUST100038284,IoT Data Plan,Broadband,93.94,50,-1,-1,2023-11-15
PLN6311800BB4,CUST100019046,Unlimited Premium,Broadband,68.01,5,-1,500,2017-09-05
PLNC08B18A993,CUST100047514,Fiber 500Mbps,Broadband,21.92,2,1000,500,2026-05-20
PLNC2531E11AC,CUST100031586,Fiber 500Mbps,Broadband,47.77,20,500,-1,2024-05-13
PLN5EFAE260CF,CUST100044353,Fiber 500Mbps,Postpaid Mobile,34.87,2,500,500,2021-05-28
PLN5F2A1A2166,CUST100084889,Family Share 10GB,Postpaid Mobile,33.21,10,-1,100,2015-10-21
PLNA26073C39C,CUST100057517,Fiber 1Gbps,Prepaid Mobile,81.59,-1,-1,-1,2015-05-24
PLN844C2BF6E4,CUST100070122,IoT Data Plan,Prepaid Mobile,144.1,-1,500,100,2019-01-30
PLN2E6E85DF54,CUST100020596,Unlimited Premium,Broadband,141.36,2,1000,100,2018-11-19
PLN124AD4BA7D,CUST100061351,IoT Data Plan,Prepaid Mobile,148.72,-1,1000,-1,2018-02-22
PLNA60CFA075C,CUST100048557,Family Share 10GB,Postpaid Mobile,78.76,-1,500,100,2025-03-15
PLNAB0C95B47B,CUST100037868,Fiber 1Gbps,Postpaid Mobile,84.83,5,1000,100,2018-11-01
PLN5D2B1FAF47,CUST100028807,Unlimited Basic,Postpaid Mobile,88.12,10,500,100,2018-12-04
PLN2243B5C3B0,CUST100021194,Unlimited Premium,Broadband,130.91,2,-1,500,2016-06-18
PLNE9687B0777,CUST100021770,Family Share 10GB,Postpaid Mobile,141.95,2,1000,500,2021-12-26
PLNE5746F0B3B,CUST100007819,Unlimited Plus,Broadband,59.68,20,-1,500,2025-09-01
PLNEE2F6F54C4,CUST100049036,Family Share 10GB,Postpaid Mobile,66.76,2,1000,500,2025-06-13
PLNC3C6238DAA,CUST100063549,Unlimited Plus,Prepaid Mobile,113.19,-1,500,-1,2021-09-19
PLN2F22FDB372,CUST100076024,Family Share 10GB,Prepaid Mobile,53.27,50,1000,-1,2019-09-10
PLN010531F6FA,CUST100038380,Fiber 500Mbps,Postpaid Mobile,46.18,20,-1,100,2023-02-18
PLNA39095B469,CUST100065413,IoT Data Plan,Broadband,81.54,2,-1,100,2017-07-25
PLNC3B6CB1245,CUST100051471,Fiber 500Mbps,Postpaid Mobile,34.78,-1,-1,500,2015-01-08
PLNF356E83CD0,CUST100071647,IoT Data Plan,Postpaid Mobile,103.03,50,500,500,2020-08-29
PLND8BA841F2A,CUST100047505,Fiber 1Gbps,Postpaid Mobile,45.41,-1,500,-1,2024-07-15
PLNCD52567F7B,CUST100073154,Prepaid 5GB,Postpaid Mobile,34.76,5,-1,-1,2016-09-26
PLN89E25E4420,CUST100040313,IoT Data Plan,Broadband,77.3,-1,1000,500,2020-02-21
PLN9FD0AE681E,CUST100020289,IoT Data Plan,Prepaid Mobile,125.85,2,-1,100,2021-10-06
PLNDE6D30AD4F,CUST100067615,Fiber 500Mbps,Prepaid Mobile,117.68,-1,1000,500,2025-01-24
PLN9CDC433C91,CUST100009457,Fiber 1Gbps,Prepaid Mobile,117.8,5,1000,100,2018-07-08
PLN4D31457DE4,CUST100002562,IoT Data Plan,Postpaid Mobile,95.01,2,1000,100,2022-06-03
PLN9EFA5050EB,CUST100061012,Unlimited Basic,IoT,25.78,50,500,-1,2015-05-30
PLN1E473F922C,CUST100099957,Unlimited Premium,IoT,66.75,2,500,-1,2017-07-19
PLN61BE45AA64,CUST100034437,Prepaid 5GB,Postpaid Mobile,46.24,-1,500,-1,2016-09-10
PLNDB4ED053B4,CUST100055952,Unlimited Plus,Prepaid Mobile,129.71,20,1000,500,2022-06-18
PLN0235AFD72D,CUST100064489,Unlimited Basic,Prepaid Mobile,90.46,-1,500,100,2022-03-11
PLN98192A05C2,CUST100059852,Unlimited Premium,Broadband,104.09,5,1000,100,2026-04-21
PLNCE38A6A9A7,CUST100066237,Unlimited Basic,Prepaid Mobile,114.3,10,-1,100,2025-10-07
PLNEC3A2B7E35,CUST100064602,Family Share 10GB,Broadband,15.62,-1,-1,100,2025-11-14
PLNE77E1D968C,CUST100084173,Unlimited Plus,Postpaid Mobile,144.88,-1,500,-1,2021-04-16
PLNEA3C8A3111,CUST100078220,Prepaid 5GB,Postpaid Mobile,131.24,5,1000,-1,2025-06-08
PLN35710BAEED,CUST100031932,Family Share 10GB,Postpaid Mobile,79.12,-1,500,100,2015-07-08
PLNC56A975B71,CUST100006274,Unlimited Premium,Postpaid Mobile,73.43,2,-1,100,2017-09-02
PLNCD3284665C,CUST100050945,Fiber 1Gbps,Broadband,136.96,-1,500,500,2017-02-25
PLN2044FD5302,CUST100013790,Fiber 500Mbps,Broadband,44.33,50,-1,500,2021-04-06
PLN31EC6D04B0,CUST100006154,IoT Data Plan,Prepaid Mobile,48.2,10,500,100,2018-10-30
PLN032379566D,CUST100091005,Unlimited Basic,IoT,71.72,5,500,100,2023-03-01
PLN8C19DAEFA3,CUST100002697,Family Share 10GB,Postpaid Mobile,108.18,20,500,500,2023-09-20
PLNBA33976E82,CUST100006297,IoT Data Plan,Broadband,136.27,10,-1,-1,2023-11-17
PLN67D4847F9F,CUST100024454,IoT Data Plan,Postpaid Mobile,70.03,10,-1,100,2019-01-11
PLN514608FA67,CUST100003782,Prepaid 5GB,Prepaid Mobile,143.06,-1,500,-1,2015-03-13
PLN9D20C30274,CUST100048183,Unlimited Basic,Postpaid Mobile,111.7,50,1000,100,2018-05-05
PLNB12C90E9D1,CUST100035576,Unlimited Premium,Postpaid Mobile,102.14,2,1000,100,2018-11-17
PLN67595D24DA,CUST100047195,Family Share 10GB,Postpaid Mobile,109.15,20,500,500,2023-10-30
PLN5425D36B5F,CUST100016014,IoT Data Plan,Postpaid Mobile,58.34,10,-1,-1,2021-04-12
PLN74F0E27B11,CUST100048644,Prepaid 5GB,Broadband,69.81,2,1000,500,2020-10-17
PLN60D04DD81C,CUST100050220,Family Share 10GB,Postpaid Mobile,122.35,-1,1000,-1,2021-08-12
PLN36187A8EE5,CUST100053365,Unlimited Plus,Postpaid Mobile,115.94,20,500,500,2026-04-18
PLN8143EFF9CF,CUST100066773,Unlimited Basic,Postpaid Mobile,53.24,20,1000,100,2018-07-13
PLN92F7E4DD98,CUST100074011,Fiber 1Gbps,Prepaid Mobile,41.65,20,500,100,2015-12-09
PLN35A0BE5953,CUST100071317,Prepaid 5GB,Postpaid Mobile,57.77,-1,500,500,2018-01-29
PLN420CB6BE5F,CUST100040085,Unlimited Premium,Broadband,70.36,50,1000,-1,2022-02-12
PLN144D9A4E16,CUST100053898,Unlimited Plus,Postpaid Mobile,145.22,2,-1,-1,2017-04-25
PLN751BCBD753,CUST100013200,Unlimited Premium,Postpaid Mobile,64.94,5,-1,100,2016-12-31
PLND9ED058316,CUST100075380,Unlimited Plus,Postpaid Mobile,46.48,-1,-1,-1,2018-08-06
PLN8C226A87A3,CUST100092331,Unlimited Basic,IoT,121.93,20,1000,500,2021-03-29
PLN08D63E74BC,CUST100038816,Fiber 500Mbps,Postpaid Mobile,57.01,5,1000,100,2026-03-09
PLNC6098FD3A2,CUST100032950,Unlimited Premium,Postpaid Mobile,121.96,20,500,-1,2022-07-30
PLN1D0E57AE89,CUST100015601,Unlimited Basic,Broadband,45.38,2,1000,100,2022-04-24
PLNAE46837FD5,CUST100089500,Unlimited Plus,Prepaid Mobile,142.76,-1,500,-1,2018-08-10
PLN7148EE2CF8,CUST100007205,IoT Data Plan,Postpaid Mobile,118.83,20,1000,-1,2015-03-27
PLNB2BDFE0BEA,CUST100097783,IoT Data Plan,Prepaid Mobile,100.77,-1,-1,100,2022-09-11
PLN309420D360,CUST100023854,Unlimited Plus,Prepaid Mobile,66.35,20,500,-1,2023-06-14
PLNB0C3120C4A,CUST100009415,Fiber 500Mbps,Postpaid Mobile,86.03,5,-1,500,2025-04-28
PLN3FF0612D55,CUST100097815,Unlimited Plus,Broadband,20.39,5,-1,100,2025-08-02
PLN4CA7C441EE,CUST100096746,Unlimited Premium,Postpaid Mobile,74.81,50,-1,-1,2017-07-25
PLN569E51C95A,CUST100043143,Fiber 1Gbps,Postpaid Mobile,83.08,50,-1,100,2022-04-11
PLNCCBA04018E,CUST100094272,Unlimited Plus,Prepaid Mobile,27.54,50,-1,500,2019-04-29
PLN877A0AE0B2,CUST100069915,Unlimited Premium,Postpaid Mobile,91.77,50,-1,500,2025-05-17
PLNED506F7ED3,CUST100036804,IoT Data Plan,Broadband,62.75,-1,1000,100,2022-11-02
PLNAFF018308D,CUST100003357,Unlimited Plus,Postpaid Mobile,132.74,50,500,100,2021-12-04
PLNF2F56F1909,CUST100012104,Prepaid 5GB,Broadband,119.78,10,-1,-1,2020-04-13
PLNA8406A3DAC,CUST100014938,Unlimited Premium,Prepaid Mobile,114.6,20,1000,100,2022-06-27
PLN0A96C914CA,CUST100076793,IoT Data Plan,Broadband,130.47,20,-1,-1,2024-01-08
PLN4C38F8DE28,CUST100034442,Family Share 10GB,Postpaid Mobile,74.11,10,-1,100,2022-12-26
PLN3B057A256D,CUST100016937,Unlimited Premium,Prepaid Mobile,114.76,2,1000,500,2022-11-13
PLN56B1044C60,CUST100054628,IoT Data Plan,Broadband,48.76,10,1000,100,2016-04-09
PLN88A85F1EC9,CUST100035438,Prepaid 5GB,Postpaid Mobile,77.16,50,-1,100,2018-11-07
PLN8640DA203B,CUST100085331,Fiber 1Gbps,Postpaid Mobile,111.88,2,1000,-1,2024-06-21
PLN117FE47E76,CUST100021990,Unlimited Plus,Prepaid Mobile,22.09,5,-1,-1,2021-04-05
PLN93757A75E2,CUST100065591,Unlimited Plus,Postpaid Mobile,80.46,10,1000,500,2019-12-21
PLN7E33098B49,CUST100009729,Unlimited Plus,Postpaid Mobile,112.7,-1,1000,500,2022-10-13
PLNEE6197B88E,CUST100065735,Fiber 500Mbps,IoT,64.62,-1,-1,500,2022-12-01
PLN266C9496B7,CUST100006853,Family Share 10GB,Broadband,107.21,10,1000,100,2020-12-10
PLN53F289DD9F,CUST100009622,Unlimited Premium,Postpaid Mobile,58.71,10,500,100,2020-04-08
PLNE45D4849EF,CUST100013217,Family Share 10GB,Prepaid Mobile,46.44,2,500,-1,2021-10-05
PLN332B1ACB27,CUST100090140,Fiber 500Mbps,Prepaid Mobile,110.4,20,1000,100,2023-04-27
PLN05D50CA951,CUST100080613,Family Share 10GB,Postpaid Mobile,94.93,5,-1,500,2018-04-27
PLNB12E569D7F,CUST100019273,IoT Data Plan,Postpaid Mobile,91.06,5,-1,100,2015-06-25
PLNC228F2D3F6,CUST100027161,Fiber 500Mbps,Prepaid Mobile,101.15,-1,1000,-1,2026-04-07
PLNCB2D7149C2,CUST100050650,IoT Data Plan,Postpaid Mobile,31.37,10,1000,500,2016-01-15
PLN9AD622B0FE,CUST100075038,Unlimited Premium,Postpaid Mobile,52.8,2,-1,-1,2020-11-15
PLN2283A93445,CUST100070775,Unlimited Plus,IoT,86.12,-1,-1,100,2016-08-13
PLN77878C1DE5,CUST100030869,Fiber 1Gbps,Postpaid Mobile,70.05,10,-1,100,2022-01-16
PLNB7D5905C20,CUST100096684,Family Share 10GB,Prepaid Mobile,62.58,20,500,500,2015-10-27
PLNCB3FFE2843,CUST100081738,Unlimited Basic,Broadband,131.61,2,500,100,2020-03-06
PLN3289A65314,CUST100007056,Fiber 1Gbps,Postpaid Mobile,108.95,-1,500,-1,2025-01-11
PLNFE7EC14ACA,CUST100061747,Family Share 10GB,Postpaid Mobile,31.97,50,-1,100,2022-08-14
PLNB27F590910,CUST100062923,Fiber 500Mbps,Postpaid Mobile,41.62,-1,-1,100,2024-07-17
PLNA3EA89C304,CUST100078531,Family Share 10GB,Prepaid Mobile,124.67,-1,1000,-1,2018-07-23
PLN67EAA966B1,CUST100026266,Unlimited Premium,Postpaid Mobile,109.33,5,500,100,2026-03-14
PLNEB27CBC865,CUST100042283,Fiber 1Gbps,Postpaid Mobile,64.11,5,500,500,2020-12-14
PLN6FFB5DA37B,CUST100005436,Unlimited Premium,IoT,128.65,-1,1000,-1,2026-04-19
PLN8451842AD8,CUST100056209,Family Share 10GB,IoT,46.26,50,1000,500,2020-11-17
PLN9432358107,CUST100095464,Unlimited Plus,Postpaid Mobile,101.69,20,500,-1,2015-08-08
PLN051272F650,CUST100072570,Unlimited Premium,Postpaid Mobile,132.74,20,500,100,2020-01-26
PLN8C27441C0F,CUST100070121,Prepaid 5GB,Broadband,87.53,10,500,500,2018-03-05
PLNC135186E82,CUST100016810,Fiber 500Mbps,Postpaid Mobile,56.29,5,1000,100,2024-08-01
PLN8338082C33,CUST100073805,IoT Data Plan,Prepaid Mobile,44.87,2,500,100,2015-10-06
PLN29E8C848E8,CUST100028530,Family Share 10GB,Prepaid Mobile,25.0,50,500,-1,2023-03-22
PLN08EB7B66B0,CUST100092683,Prepaid 5GB,Broadband,43.61,2,1000,500,2021-08-27
PLN8B05C02B59,CUST100096142,Family Share 10GB,Postpaid Mobile,89.98,20,-1,100,2026-04-03
PLN6DFB465A4F,CUST100051036,IoT Data Plan,Postpaid Mobile,112.96,2,1000,100,2016-10-11
PLN60F41802B9,CUST100071206,IoT Data Plan,Postpaid Mobile,16.77,5,1000,-1,2016-07-08
PLN22F433F1F2,CUST100039762,Unlimited Basic,Postpaid Mobile,50.68,20,1000,100,2021-11-19
PLNB0E6E3917E,CUST100038417,Unlimited Plus,Prepaid Mobile,49.94,10,500,-1,2016-11-07
PLN235D178846,CUST100093785,IoT Data Plan,IoT,69.42,10,1000,500,2017-10-09
PLNBFAEED54AC,CUST100034026,Unlimited Basic,Postpaid Mobile,40.05,-1,-1,100,2024-04-13
PLN38ED12545F,CUST100031492,Prepaid 5GB,Prepaid Mobile,103.93,50,1000,-1,2016-04-20
PLNB739A20C1D,CUST100044652,Unlimited Plus,Postpaid Mobile,114.15,2,1000,100,2025-08-13
PLN3162ECFBDE,CUST100078287,Fiber 1Gbps,Postpaid Mobile,90.21,5,500,-1,2023-11-12
PLNC2AC9B4EDB,CUST100042619,Prepaid 5GB,Prepaid Mobile,18.59,2,500,-1,2022-09-17
PLN17DA138003,CUST100017695,Prepaid 5GB,Postpaid Mobile,31.01,-1,1000,500,2025-04-07
PLN440E77C975,CUST100062218,Unlimited Basic,Postpaid Mobile,74.23,20,1000,500,2026-03-17
PLNC599044500,CUST100041809,Prepaid 5GB,Postpaid Mobile,135.11,10,-1,500,2017-09-03
PLN1986EF0CAB,CUST100079910,Prepaid 5GB,Prepaid Mobile,149.02,50,-1,-1,2016-06-14
PLND4B5459716,CUST100007040,Unlimited Plus,Postpaid Mobile,67.7,20,-1,500,2018-01-06
PLN04BBADA968,CUST100028884,Unlimited Premium,Postpaid Mobile,100.93,50,500,-1,2017-04-28
PLN228B1D741A,CUST100052141,Unlimited Premium,Postpaid Mobile,57.69,2,1000,500,2022-10-02
PLN0CC25454E6,CUST100017470,Family Share 10GB,Postpaid Mobile,82.15,20,-1,100,2025-11-25
PLNE6D44F750E,CUST100045678,Unlimited Basic,Postpaid Mobile,125.53,5,-1,-1,2017-03-12
PLN7E39C02031,CUST100074587,IoT Data Plan,Broadband,69.49,20,500,500,2017-04-21
PLN6545C67DCF,CUST100034223,Unlimited Premium,Postpaid Mobile,119.47,10,500,500,2018-09-24
PLN0F181CA730,CUST100090649,Unlimited Basic,Broadband,136.67,-1,500,-1,2025-12-31
PLN5DE96E5B07,CUST100082458,Family Share 10GB,Postpaid Mobile,43.47,50,500,-1,2017-11-26
PLNA75B5CF7D8,CUST100064463,Family Share 10GB,Postpaid Mobile,55.37,50,1000,-1,2021-09-06
PLN7BA7FDFF52,CUST100050246,Prepaid 5GB,Postpaid Mobile,112.14,5,500,100,2018-09-19
PLNC6757E39B7,CUST100093497,Unlimited Premium,Postpaid Mobile,91.74,20,-1,-1,2022-09-02
PLNC4832CAE0A,CUST100019462,Fiber 500Mbps,Broadband,99.49,20,-1,100,2018-09-30
PLNEADB3E861C,CUST100011025,Prepaid 5GB,Broadband,92.47,50,1000,-1,2022-09-30
PLNAF18078471,CUST100061821,Unlimited Basic,Prepaid Mobile,101.46,50,1000,-1,2019-10-26
PLN5860A9DD04,CUST100040502,Unlimited Premium,IoT,93.05,50,1000,500,2017-08-14
PLN90B9F72DDD,CUST100036380,Unlimited Premium,Postpaid Mobile,116.48,10,-1,-1,2026-05-01
PLNF4858AE497,CUST100026586,Unlimited Basic,Postpaid Mobile,129.18,-1,1000,-1,2015-09-07
PLN7C8602DFF6,CUST100003411,Unlimited Plus,Postpaid Mobile,24.54,-1,1000,500,2017-06-26
PLN75C93C81E5,CUST100000949,Unlimited Plus,Postpaid Mobile,96.38,5,1000,500,2026-06-29
PLN42002D1CE6,CUST100093548,Unlimited Premium,Postpaid Mobile,46.42,10,500,500,2021-08-14
PLNA9436A1534,CUST100011179,Fiber 1Gbps,Postpaid Mobile,20.08,10,-1,500,2018-08-02
PLN943540BEDE,CUST100045079,Unlimited Basic,Prepaid Mobile,137.61,5,1000,100,2021-08-18
PLNDC2C23AADE,CUST100020103,Unlimited Plus,Postpaid Mobile,97.02,2,1000,-1,2018-03-23
PLN1B331AD0A2,CUST100005603,IoT Data Plan,IoT,47.69,2,-1,-1,2016-07-11
PLN521BCBBAA6,CUST100021812,Unlimited Premium,Postpaid Mobile,107.4,5,500,-1,2017-09-13
PLNF3659B95FD,CUST100015472,Fiber 1Gbps,Prepaid Mobile,24.43,50,1000,100,2017-07-06
PLNFFED49EB06,CUST100070764,Unlimited Basic,Postpaid Mobile,133.96,20,500,100,2016-02-27
PLNC3ADD71AF0,CUST100055397,Unlimited Premium,Prepaid Mobile,88.37,2,-1,100,2017-08-05
PLN3EC3AD6513,CUST100019954,Family Share 10GB,Prepaid Mobile,51.62,5,-1,100,2019-03-13
PLN407B6AACF1,CUST100003243,Prepaid 5GB,Prepaid Mobile,33.72,50,1000,-1,2018-10-15
PLN81C2A2349E,CUST100087106,Prepaid 5GB,IoT,123.98,-1,-1,-1,2018-04-29
PLN05982C4DD3,CUST100015222,Fiber 1Gbps,Prepaid Mobile,144.78,10,-1,500,2016-11-16
PLNE89423E3F5,CUST100006978,Prepaid 5GB,IoT,50.91,-1,1000,500,2021-11-09
PLNE519363580,CUST100004187,IoT Data Plan,Broadband,54.6,5,500,-1,2016-10-27
PLN66B1673241,CUST100065410,Unlimited Basic,Postpaid Mobile,68.95,50,1000,-1,2018-10-29
PLNA26BA94350,CUST100056262,IoT Data Plan,Postpaid Mobile,67.09,10,1000,100,2025-07-22
PLNB57A43B648,CUST100092474,Unlimited Premium,Prepaid Mobile,111.72,2,500,100,2019-10-13
PLNB5F2FA5B26,CUST100051178,Unlimited Basic,Postpaid Mobile,91.73,2,-1,-1,2023-10-03
PLN32825B7CF1,CUST100042270,Fiber 1Gbps,Postpaid Mobile,133.84,50,500,500,2018-07-03
PLN86888B956F,CUST100003012,Family Share 10GB,Postpaid Mobile,123.65,5,500,-1,2015-10-31
PLN3E87B77186,CUST100031542,IoT Data Plan,IoT,45.93,-1,1000,-1,2025-06-15
PLN3C57887F46,CUST100098568,Unlimited Plus,Postpaid Mobile,40.93,2,500,500,2023-04-14
PLN00B3A0F984,CUST100005502,Family Share 10GB,Broadband,128.89,20,1000,500,2025-07-22
PLN324EADC1B2,CUST100045543,Family Share 10GB,Broadband,122.35,10,-1,-1,2015-08-15
PLNFF274580EE,CUST100049106,Unlimited Plus,Broadband,127.44,50,1000,100,2015-03-29
PLN3B7A9AAF1B,CUST100096603,Unlimited Plus,Prepaid Mobile,95.46,-1,1000,-1,2015-07-05
PLN55797DE6A8,CUST100090365,Fiber 1Gbps,Postpaid Mobile,17.85,50,500,-1,2026-06-14
PLNE46C397C45,CUST100037159,Family Share 10GB,Broadband,54.68,20,1000,-1,2019-01-13
PLNFB5A360FFB,CUST100008786,IoT Data Plan,Broadband,42.3,-1,500,500,2023-05-16
PLNB7917A5293,CUST100020633,Fiber 1Gbps,Postpaid Mobile,100.93,10,500,500,2023-09-15
PLN25FF067C88,CUST100075067,Unlimited Premium,Postpaid Mobile,59.27,2,1000,-1,2018-09-12
PLNA3BFA3AE82,CUST100014994,Unlimited Plus,Postpaid Mobile,83.47,50,1000,-1,2022-01-23
PLNC3D1BCB4D2,CUST100084524,Family Share 10GB,Postpaid Mobile,63.17,5,1000,500,2026-04-16
PLN50845D805F,CUST100082930,IoT Data Plan,Prepaid Mobile,147.67,10,500,100,2019-10-20
PLNC4256026A6,CUST100035739,Family Share 10GB,IoT,115.82,20,1000,100,2019-05-12
PLN62253EF304,CUST100078803,Fiber 1Gbps,Postpaid Mobile,126.9,20,-1,-1,2018-11-04
PLND188DAB598,CUST100065742,Fiber 1Gbps,Postpaid Mobile,111.11,-1,1000,100,2016-04-04
PLNF779E75E4C,CUST100008340,Prepaid 5GB,Prepaid Mobile,72.91,5,500,500,2017-03-15
PLNC6228951B2,CUST100064000,IoT Data Plan,Postpaid Mobile,81.85,10,1000,100,2024-02-19
PLN6815B53284,CUST100098519,Unlimited Premium,Postpaid Mobile,96.81,5,1000,-1,2022-05-07
PLNB476A179F1,CUST100022076,Fiber 1Gbps,Postpaid Mobile,16.38,20,500,500,2021-09-26
PLN4ECF97A1C1,CUST100008802,Prepaid 5GB,Postpaid Mobile,117.48,50,1000,-1,2016-01-10
PLN6DA8EC3D89,CUST100038996,Fiber 500Mbps,Prepaid Mobile,73.89,2,1000,-1,2018-08-07
PLN862B5C5BDE,CUST100076643,Family Share 10GB,Postpaid Mobile,78.08,50,1000,500,2021-05-16
PLN811B3E37AD,CUST100064130,Prepaid 5GB,Postpaid Mobile,109.72,10,500,100,2021-11-11
PLNC5C4572FF7,CUST100074294,Unlimited Basic,IoT,22.77,5,-1,100,2015-07-12
PLN0E5242EC13,CUST100064869,Fiber 500Mbps,Prepaid Mobile,64.11,5,500,100,2016-10-28
PLN6D2438EE98,CUST100061171,Fiber 1Gbps,Postpaid Mobile,19.56,2,-1,-1,2025-05-12
PLN49E141EB92,CUST100054526,Family Share 10GB,Postpaid Mobile,144.26,2,-1,100,2015-06-28
PLN7287E6E49F,CUST100015080,Fiber 500Mbps,Postpaid Mobile,70.22,10,-1,100,2017-09-04
PLNCC218F09BE,CUST100038678,Fiber 1Gbps,Broadband,42.3,20,1000,500,2024-10-16
PLN8CDD2CED13,CUST100092660,IoT Data Plan,Postpaid Mobile,35.3,20,-1,100,2017-02-27
PLN08958CCF63,CUST100026890,Unlimited Plus,Postpaid Mobile,108.71,2,500,100,2019-06-02
PLN004B4BC2A8,CUST100035096,Fiber 500Mbps,Postpaid Mobile,139.72,5,1000,100,2025-01-16
PLN57EE5978AC,CUST100009784,Prepaid 5GB,Broadband,91.46,10,500,500,2025-09-28
PLNA222433A23,CUST100047702,Unlimited Premium,Broadband,69.54,50,-1,500,2018-12-16
PLN4459330104,CUST100042697,Fiber 1Gbps,Prepaid Mobile,68.09,50,-1,-1,2022-12-11
PLNF551868434,CUST100044297,Prepaid 5GB,Prepaid Mobile,108.58,-1,-1,100,2017-03-18
PLNEE0003095B,CUST100052385,Unlimited Premium,Postpaid Mobile,39.23,-1,-1,100,2016-09-04
PLNC55BBC78F0,CUST100093732,Prepaid 5GB,Prepaid Mobile,112.79,50,500,500,2024-05-31
PLN275E0420B7,CUST100097976,Unlimited Basic,Prepaid Mobile,138.63,10,-1,-1,2023-01-11
PLNBD6F5A24E6,CUST100037434,Fiber 1Gbps,Broadband,72.21,50,1000,100,2017-05-21
PLNF0B1B0AF04,CUST100024362,Family Share 10GB,Postpaid Mobile,17.11,20,-1,100,2023-05-31
PLN9E4E88FB06,CUST100060776,Unlimited Basic,Postpaid Mobile,82.9,50,-1,500,2015-07-20
PLN0143291723,CUST100047081,Prepaid 5GB,Prepaid Mobile,95.3,10,1000,-1,2025-12-23
PLNB354F5BA3B,CUST100098013,IoT Data Plan,Postpaid Mobile,103.59,10,1000,-1,2018-09-07
PLN382C2C5D4F,CUST100015946,Unlimited Premium,Postpaid Mobile,144.99,5,-1,100,2016-03-24
PLN635EE73E39,CUST100013724,Unlimited Premium,Postpaid Mobile,77.64,5,-1,100,2020-08-17
PLN0A10712672,CUST100090135,Fiber 500Mbps,Broadband,135.41,5,500,-1,2026-01-16
PLN90F1386B4F,CUST100005539,Unlimited Plus,Postpaid Mobile,39.49,5,500,-1,2019-10-24
PLND00947C7A5,CUST100097709,Unlimited Plus,Postpaid Mobile,139.45,5,-1,100,2022-04-15
PLND57F388A25,CUST100055321,Prepaid 5GB,Prepaid Mobile,98.33,50,500,-1,2022-12-01
PLN90CAD36C72,CUST100003184,Unlimited Basic,Broadband,140.36,10,500,-1,2021-11-21
PLNA47419F10D,CUST100079112,Prepaid 5GB,Prepaid Mobile,42.3,10,-1,100,2023-08-28
PLNC874054A84,CUST100024827,Family Share 10GB,Prepaid Mobile,42.53,10,500,100,2024-08-11
PLN12A523673F,CUST100046740,Family Share 10GB,Prepaid Mobile,41.63,-1,1000,100,2024-08-08
PLN49ACA153AC,CUST100006832,Family Share 10GB,Prepaid Mobile,139.14,50,-1,100,2016-09-24
PLN1104CB7A91,CUST100043659,Unlimited Premium,Postpaid Mobile,127.78,10,1000,100,2017-07-06
PLN89819B7FD0,CUST100094136,IoT Data Plan,Postpaid Mobile,146.45,20,500,-1,2023-11-09
PLN99B0544374,CUST100019334,Fiber 1Gbps,Postpaid Mobile,31.02,5,500,100,2022-09-27
PLN71CF4635AF,CUST100016926,IoT Data Plan,Broadband,113.56,20,-1,100,2023-06-30
PLN04C842DCA1,CUST100087649,Unlimited Plus,Prepaid Mobile,54.47,5,-1,100,2018-06-17
PLN5259C3D4C1,CUST100094532,Unlimited Premium,Prepaid Mobile,114.74,50,1000,-1,2017-11-29
PLNBF15CFEF56,CUST100099744,Unlimited Basic,Postpaid Mobile,36.54,10,500,-1,2019-08-26
PLN809FF815E3,CUST100028663,Fiber 500Mbps,Postpaid Mobile,86.18,-1,500,100,2024-09-23
PLN61D001C510,CUST100007652,Unlimited Basic,Prepaid Mobile,33.74,5,1000,500,2023-09-02
PLN4C6477D3D5,CUST100056083,Unlimited Plus,Postpaid Mobile,98.43,50,500,500,2016-11-20
PLN99CF07FD29,CUST100015902,Unlimited Basic,Prepaid Mobile,97.85,50,1000,-1,2018-05-02
PLN1F0C0162CD,CUST100093663,Unlimited Basic,Postpaid Mobile,130.92,20,1000,100,2023-10-23
PLN1CB7C10B2A,CUST100057279,IoT Data Plan,IoT,44.96,20,-1,500,2020-07-10
PLN7F0D382AAD,CUST100014423,Fiber 1Gbps,Postpaid Mobile,57.13,10,500,-1,2017-01-25
PLN27A3E52A27,CUST100054492,Prepaid 5GB,Prepaid Mobile,89.84,2,1000,500,2020-06-28
PLN7812DD5034,CUST100087976,Fiber 1Gbps,Prepaid Mobile,140.35,5,1000,-1,2024-09-21
PLN2B6EA9D45E,CUST100076188,Family Share 10GB,Postpaid Mobile,91.11,50,500,-1,2015-04-13
PLNF39D73642E,CUST100097769,Prepaid 5GB,Postpaid Mobile,140.0,-1,1000,100,2020-04-26
PLNEF5C5F7C1D,CUST100063167,Prepaid 5GB,Prepaid Mobile,125.28,10,1000,500,2018-11-06
PLN3C8CEFCF6E,CUST100054157,Family Share 10GB,Broadband,117.94,20,-1,500,2023-08-28
PLN5CA44C43BD,CUST100066695,Fiber 1Gbps,Prepaid Mobile,22.54,50,500,-1,2015-03-23
PLN020B57DC9A,CUST100029387,IoT Data Plan,Prepaid Mobile,113.5,-1,-1,100,2023-05-09
PLN0734B3EBCF,CUST100001736,Unlimited Basic,Postpaid Mobile,100.85,10,500,500,2017-07-26
PLN8509050DBB,CUST100005181,IoT Data Plan,Broadband,99.49,-1,-1,-1,2024-06-08
PLNB28E7B15A0,CUST100068622,Family Share 10GB,Postpaid Mobile,96.9,50,-1,500,2017-04-17
PLNDE0E321387,CUST100089794,Fiber 500Mbps,Postpaid Mobile,27.94,-1,500,500,2019-04-24
PLN7BF5A97C8A,CUST100007165,Unlimited Plus,Prepaid Mobile,126.11,10,500,-1,2018-08-30
PLN74D9083DC6,CUST100015625,Fiber 500Mbps,Broadband,31.59,5,-1,100,2021-05-22
PLN8B58EBABF7,CUST100017750,Unlimited Premium,Broadband,119.05,10,1000,500,2022-01-08
PLNCFD0AFEEC3,CUST100054925,Prepaid 5GB,Prepaid Mobile,62.51,5,1000,100,2023-08-01
PLN9D0C1D970A,CUST100083748,IoT Data Plan,Postpaid Mobile,149.99,50,500,-1,2023-05-14
PLNB912E31C9B,CUST100037803,Fiber 500Mbps,Postpaid Mobile,41.86,50,-1,-1,2019-08-19
PLNED8C419916,CUST100053918,Unlimited Plus,Postpaid Mobile,72.12,2,1000,-1,2019-04-19
PLN027A7F34F3,CUST100085054,Fiber 500Mbps,Broadband,46.5,10,-1,-1,2024-01-14
PLN3AEA8315DA,CUST100038899,Fiber 1Gbps,Postpaid Mobile,75.04,5,500,-1,2020-03-30
PLN5A1994C1A3,CUST100015066,IoT Data Plan,Broadband,140.78,-1,-1,100,2017-10-25
PLNFB3294A3DE,CUST100038933,Unlimited Premium,Postpaid Mobile,51.49,-1,500,-1,2015-03-05
PLNFF39BF4FFB,CUST100075028,Family Share 10GB,Postpaid Mobile,113.63,-1,-1,-1,2018-01-06
PLN99E9B795AC,CUST100050913,Unlimited Basic,Prepaid Mobile,62.57,20,1000,500,2024-03-24
PLN6BB3107528,CUST100008758,Unlimited Premium,Broadband,104.19,10,500,100,2026-04-26
PLN98419E4627,CUST100002393,Family Share 10GB,Postpaid Mobile,40.31,5,1000,500,2021-04-04
PLN2F47E74C43,CUST100073317,Unlimited Basic,Postpaid Mobile,87.29,5,1000,500,2017-01-06
PLNE5B5A41447,CUST100013276,Family Share 10GB,Prepaid Mobile,111.96,-1,-1,100,2025-02-06
PLNB253A6AE05,CUST100092630,Unlimited Plus,Broadband,128.77,2,-1,100,2017-05-13
PLND4F5CAE0F9,CUST100031836,Family Share 10GB,Postpaid Mobile,21.81,5,-1,-1,2015-08-15
PLN4272CFE3DA,CUST100097903,Family Share 10GB,Broadband,118.83,5,-1,500,2023-04-28
PLNA3E9B39DB1,CUST100095901,Fiber 1Gbps,Postpaid Mobile,35.65,20,500,500,2020-05-04
PLN8F1508DBE3,CUST100095402,Unlimited Basic,Prepaid Mobile,15.18,-1,1000,500,2018-10-29
PLN3BCCD3D5F9,CUST100015837,Fiber 1Gbps,Broadband,48.48,20,-1,100,2025-05-07
PLN96C5D83F73,CUST100036562,Unlimited Plus,Postpaid Mobile,127.04,2,-1,-1,2021-12-02
PLNDF2D89C588,CUST100073351,Fiber 1Gbps,Broadband,123.81,20,500,500,2016-03-23
PLN5F580A0C93,CUST100084150,Unlimited Premium,IoT,26.99,2,500,100,2023-11-01
PLN47F1430877,CUST100063390,Family Share 10GB,Postpaid Mobile,15.87,5,500,100,2021-09-27
PLNCF85F2E0E9,CUST100027572,Unlimited Premium,Postpaid Mobile,90.95,2,500,500,2015-04-01
PLNB86836487A,CUST100043683,Unlimited Basic,Broadband,65.32,5,-1,-1,2024-11-10
PLNB0CB84B767,CUST100058962,Prepaid 5GB,Broadband,144.98,-1,500,500,2024-09-02
PLND1793CFAEB,CUST100046417,Family Share 10GB,Postpaid Mobile,23.03,5,1000,100,2026-04-17
PLN822C38199F,CUST100053787,Prepaid 5GB,Prepaid Mobile,145.36,-1,500,-1,2016-09-30
PLN54C3B0437A,CUST100050906,Fiber 500Mbps,Prepaid Mobile,117.39,2,500,500,2024-06-25
PLNB20E21827B,CUST100014413,Unlimited Premium,Prepaid Mobile,75.06,5,500,500,2025-03-07
PLNEF6F457A68,CUST100067349,IoT Data Plan,Prepaid Mobile,86.2,2,500,500,2017-01-10
PLN7A556AF9CA,CUST100049535,Unlimited Basic,Postpaid Mobile,135.04,5,1000,500,2026-02-09
PLN16EDE4E438,CUST100055723,Fiber 1Gbps,Postpaid Mobile,78.22,20,500,100,2025-09-30
PLNAD46AB32F2,CUST100070968,Fiber 1Gbps,Postpaid Mobile,109.99,20,500,-1,2016-01-06
PLN2FE35910E3,CUST100023402,Fiber 500Mbps,Prepaid Mobile,52.5,20,1000,500,2017-02-22
PLN3D864431CF,CUST100076981,Unlimited Plus,Postpaid Mobile,21.79,-1,1000,500,2022-09-13
PLN26AF3BECAC,CUST100076537,Fiber 1Gbps,Prepaid Mobile,30.4,10,1000,500,2018-02-03
PLNFD9FDE17F3,CUST100063786,Unlimited Premium,Prepaid Mobile,67.25,-1,-1,500,2024-04-09
PLN80AFD7849C,CUST100033664,Family Share 10GB,Postpaid Mobile,99.42,50,-1,-1,2015-01-06
PLN79FD9952F8,CUST100098344,Unlimited Premium,IoT,53.1,10,1000,-1,2025-09-07
PLNB17E6C8E34,CUST100062033,IoT Data Plan,Postpaid Mobile,149.22,20,1000,500,2021-07-26
PLN2A441BDEAC,CUST100078284,Unlimited Plus,Prepaid Mobile,129.92,2,500,100,2019-03-23
PLN459CBFB59E,CUST100093517,Fiber 500Mbps,Prepaid Mobile,21.49,-1,1000,-1,2025-08-06
PLNFA7DBDFD52,CUST100078312,Unlimited Plus,Broadband,96.14,10,500,500,2018-10-20
PLN045A010E10,CUST100032343,Unlimited Premium,Postpaid Mobile,65.17,-1,500,100,2023-06-14
PLNF5D7FD57BA,CUST100068959,Prepaid 5GB,Postpaid Mobile,142.77,5,1000,100,2016-03-23
PLN2B1D0946BA,CUST100093014,IoT Data Plan,Broadband,81.22,-1,-1,-1,2019-12-09
PLN8D939EBF11,CUST100048839,Fiber 1Gbps,Prepaid Mobile,54.56,20,500,-1,2023-12-26
PLNE799FAA837,CUST100076844,Prepaid 5GB,Prepaid Mobile,51.04,5,-1,-1,2020-05-13
PLN561D007EFB,CUST100085260,Prepaid 5GB,Postpaid Mobile,24.35,5,1000,500,2023-10-10
PLNBA96B78E89,CUST100050019,Fiber 500Mbps,Postpaid Mobile,45.26,50,-1,500,2021-12-03
PLND819A76AB6,CUST100007882,Prepaid 5GB,Postpaid Mobile,98.54,5,-1,500,2024-01-17
PLNF405482F5D,CUST100068771,Unlimited Basic,Broadband,18.63,10,500,500,2017-03-19
PLN10C91893A9,CUST100043185,IoT Data Plan,Broadband,124.3,2,500,100,2018-08-27
PLN4D73F1FB1E,CUST100047796,Fiber 500Mbps,Postpaid Mobile,77.14,20,500,500,2026-02-05
PLNADE472AE04,CUST100010832,Prepaid 5GB,Prepaid Mobile,28.69,20,500,100,2026-02-22
PLN9910D4A79B,CUST100051366,Unlimited Basic,Postpaid Mobile,111.98,2,500,-1,2023-05-22
PLNF618F7AD84,CUST100022761,Unlimited Premium,Postpaid Mobile,23.77,10,500,-1,2026-02-21
PLNBBF516DFDD,CUST100094386,Fiber 500Mbps,Postpaid Mobile,90.34,2,1000,500,2020-07-24
PLN083E200D7D,CUST100000763,Prepaid 5GB,Postpaid Mobile,105.78,-1,1000,500,2019-09-15
PLND25ADCAFF5,CUST100058824,Unlimited Plus,IoT,85.64,10,1000,500,2015-08-15
PLN61EAC421AF,CUST100087547,Unlimited Plus,Prepaid Mobile,91.45,50,500,-1,2023-04-20
PLNA428C30684,CUST100025922,IoT Data Plan,Postpaid Mobile,77.8,5,-1,500,2021-11-15
PLN34F81AC740,CUST100009621,Fiber 1Gbps,Prepaid Mobile,126.92,50,500,-1,2015-12-18
PLN6DA0CDBB7B,CUST100026896,Prepaid 5GB,Prepaid Mobile,148.83,5,-1,500,2022-05-04
PLNA26DF391C2,CUST100065332,Unlimited Basic,Postpaid Mobile,112.25,2,-1,500,2021-01-11
PLN86C28F316F,CUST100054608,Unlimited Premium,IoT,40.77,10,500,100,2017-03-03
PLNC7D5924B0B,CUST100037215,Unlimited Plus,Broadband,107.46,10,500,100,2018-05-30
PLNC799E12A5F,CUST100021221,Unlimited Basic,Broadband,83.06,10,500,100,2022-04-29
PLN213E0C09C3,CUST100073786,Fiber 1Gbps,Postpaid Mobile,85.99,-1,500,500,2017-12-08
PLN59FF8422B0,CUST100036097,Unlimited Basic,Prepaid Mobile,102.89,2,1000,-1,2021-04-29
PLNA651A1C998,CUST100089622,Family Share 10GB,Broadband,54.14,50,1000,-1,2023-11-25
PLN1A268B218C,CUST100030332,Unlimited Plus,Postpaid Mobile,21.22,10,-1,-1,2017-06-05
PLN190B49ACEB,CUST100044196,Family Share 10GB,Postpaid Mobile,59.15,10,500,500,2018-04-16
PLN9BBA364325,CUST100003703,Unlimited Basic,Postpaid Mobile,88.13,-1,1000,100,2020-05-17
PLN6C26DB584C,CUST100049207,Unlimited Plus,Postpaid Mobile,76.13,5,1000,-1,2018-04-03
PLNC25B925B81,CUST100055938,Unlimited Premium,Prepaid Mobile,87.64,2,-1,100,2015-10-17
PLNB83C55AD00,CUST100048417,Unlimited Plus,Postpaid Mobile,143.84,2,-1,-1,2026-04-07
PLN4ABE704A39,CUST100006088,IoT Data Plan,Postpaid Mobile,28.13,10,-1,-1,2019-06-20
PLND9966AC69B,CUST100005853,Unlimited Premium,Prepaid Mobile,144.9,50,500,500,2020-06-05
PLN0523760033,CUST100075879,IoT Data Plan,Postpaid Mobile,57.33,20,-1,100,2022-08-19
PLNADB195F58A,CUST100099335,IoT Data Plan,Postpaid Mobile,136.89,20,-1,100,2019-03-01
PLN1E72B621CB,CUST100073374,IoT Data Plan,Postpaid Mobile,16.38,10,1000,100,2015-04-25
PLN30001C6FD5,CUST100033011,Unlimited Plus,Postpaid Mobile,45.09,10,1000,100,2026-06-26
PLN6AFAF3CD09,CUST100013307,Prepaid 5GB,Postpaid Mobile,73.64,20,1000,500,2016-12-01
PLNF36B16EA39,CUST100012030,Fiber 1Gbps,Postpaid Mobile,113.17,5,-1,100,2023-01-20
PLN62C816B5A4,CUST100060821,IoT Data Plan,Postpaid Mobile,120.74,10,1000,-1,2023-02-16
PLNF3620E622B,CUST100094647,Family Share 10GB,Prepaid Mobile,29.64,2,1000,100,2022-03-31
PLNEA73A1193F,CUST100087790,Fiber 500Mbps,Prepaid Mobile,24.47,2,500,100,2017-01-28
PLNEA5F160F62,CUST100043624,Prepaid 5GB,Postpaid Mobile,38.57,5,500,-1,2017-08-03
PLNFA85CEB512,CUST100026123,Unlimited Basic,Prepaid Mobile,41.46,50,1000,-1,2024-03-01
PLN1A5DDB34CA,CUST100013971,Family Share 10GB,Broadband,76.4,2,1000,100,2018-10-05
PLN552E12039F,CUST100073525,Fiber 500Mbps,Postpaid Mobile,74.23,2,-1,100,2022-09-22
PLNB7BEC6A542,CUST100088163,Family Share 10GB,Broadband,95.46,2,-1,-1,2018-11-13
PLN2296D31AA8,CUST100098624,Fiber 500Mbps,Prepaid Mobile,104.16,10,-1,100,2015-10-17
PLN2215FE078C,CUST100006051,Unlimited Basic,Postpaid Mobile,49.87,10,-1,500,2019-07-28
PLN3D0A8062F6,CUST100017598,Fiber 500Mbps,Postpaid Mobile,76.04,50,-1,100,2022-08-25
PLNA32D8DDC56,CUST100012473,Unlimited Basic,Prepaid Mobile,98.83,2,500,100,2019-03-08
PLND3466C8AE3,CUST100037820,Family Share 10GB,Postpaid Mobile,54.21,5,500,-1,2019-07-24
PLND6DAA38DAE,CUST100055261,Fiber 1Gbps,IoT,55.76,10,-1,-1,2022-04-03
PLN54DBFD3B31,CUST100078644,Fiber 500Mbps,Broadband,85.23,2,1000,100,2021-07-15
PLNA3F0246655,CUST100085525,Fiber 1Gbps,Broadband,55.09,10,500,500,2017-12-06
PLN5CA5DCF10E,CUST100049975,Family Share 10GB,Postpaid Mobile,108.73,5,500,100,2016-12-08
PLN5D4ADA80F3,CUST100013327,Unlimited Basic,Prepaid Mobile,46.3,5,500,500,2016-02-29
PLNC92E9F87EC,CUST100069024,Fiber 1Gbps,IoT,36.78,2,-1,100,2022-02-15
PLNB4D4C6B2D8,CUST100008874,Unlimited Plus,Prepaid Mobile,49.21,20,500,-1,2024-04-09
PLN1CB69C0A76,CUST100021712,Unlimited Plus,Postpaid Mobile,17.99,2,1000,-1,2020-09-22
PLNA321E03BCC,CUST100049475,IoT Data Plan,Postpaid Mobile,54.45,10,-1,-1,2026-01-24
PLN91DF2BC247,CUST100002897,Prepaid 5GB,Postpaid Mobile,116.63,5,1000,-1,2020-02-12
PLN5053C28FAA,CUST100004796,Prepaid 5GB,Postpaid Mobile,49.48,50,1000,500,2022-09-11
PLN7F88E18DED,CUST100030175,Fiber 1Gbps,Broadband,68.26,5,1000,100,2017-06-11
PLNA7241F7380,CUST100090638,Family Share 10GB,Prepaid Mobile,106.23,20,-1,100,2017-07-22
PLNF959E07AA6,CUST100065061,Family Share 10GB,Postpaid Mobile,95.16,-1,1000,500,2025-09-21
PLN9F1B30A712,CUST100074420,Unlimited Premium,Broadband,70.25,10,-1,100,2019-08-18
PLN2B250C7DC9,CUST100093611,Fiber 500Mbps,Broadband,125.87,50,-1,-1,2019-02-17
PLN395D4BC0FB,CUST100011189,Family Share 10GB,Postpaid Mobile,139.51,20,1000,500,2022-01-08
PLN502AEC1C11,CUST100026850,Unlimited Plus,Postpaid Mobile,62.59,10,-1,500,2022-05-10
PLN30870FB55D,CUST100067011,Fiber 500Mbps,Broadband,119.47,-1,1000,-1,2020-10-25
PLNF9ED0BB820,CUST100011054,Unlimited Basic,Prepaid Mobile,114.3,20,500,-1,2020-11-21
PLNBC0B8A7FFD,CUST100022828,Fiber 1Gbps,Broadband,30.46,50,500,100,2021-01-07
PLN3BEDF56532,CUST100083516,Unlimited Premium,Broadband,92.88,-1,1000,-1,2025-08-07
PLN0EA5095959,CUST100005122,Prepaid 5GB,IoT,91.8,2,500,500,2022-01-15
PLNBF8732E27B,CUST100040426,Prepaid 5GB,Postpaid Mobile,34.16,20,1000,500,2026-04-20
PLN4AD891B803,CUST100087234,Fiber 500Mbps,IoT,108.75,20,500,100,2025-03-09
PLNC5B971D0FC,CUST100047725,Unlimited Basic,Prepaid Mobile,45.13,10,500,-1,2022-05-04
PLNBBC74D2D53,CUST100013990,Unlimited Premium,Prepaid Mobile,122.82,-1,1000,-1,2023-01-20
PLN8AC5D801F8,CUST100069296,Family Share 10GB,Postpaid Mobile,78.1,2,500,500,2024-10-03
PLNB80566FCD5,CUST100075890,Fiber 500Mbps,Prepaid Mobile,124.42,10,500,-1,2018-02-23
PLN641FF98B05,CUST100048177,Unlimited Plus,Prepaid Mobile,102.37,50,500,500,2018-01-17
PLN388CD31338,CUST100017764,Unlimited Plus,Broadband,30.25,5,-1,100,2018-12-29
PLN3C7BB1B12B,CUST100058669,Family Share 10GB,Prepaid Mobile,92.2,10,1000,100,2019-11-19
PLND40114A3CE,CUST100013839,Unlimited Premium,Prepaid Mobile,51.26,2,-1,100,2023-11-22
PLNDE820A6248,CUST100090607,Fiber 1Gbps,Prepaid Mobile,145.12,10,1000,100,2023-04-01
PLN1698F03B42,CUST100091751,IoT Data Plan,Prepaid Mobile,44.11,5,-1,500,2020-08-26
PLNC6CBA5F93F,CUST100049950,Unlimited Plus,Prepaid Mobile,92.53,2,500,100,2025-02-15
PLN72EC56353B,CUST100022241,Unlimited Premium,Prepaid Mobile,86.18,50,1000,-1,2019-04-16
PLN74BDC094F9,CUST100056867,Fiber 1Gbps,Prepaid Mobile,49.03,2,500,-1,2024-09-21
PLN474E87A1DF,CUST100026813,Unlimited Premium,Broadband,131.67,10,-1,100,2016-03-27
PLNF360FC0B2B,CUST100027927,Unlimited Plus,Postpaid Mobile,31.46,2,-1,-1,2025-01-18
PLN7D1A31EEBD,CUST100088024,Unlimited Plus,Prepaid Mobile,105.44,50,-1,-1,2021-01-20
PLND38E249203,CUST100098505,Unlimited Premium,Postpaid Mobile,103.49,5,500,-1,2020-01-28
PLN5809841AF1,CUST100043088,IoT Data Plan,Postpaid Mobile,126.67,-1,500,500,2019-01-23
PLN1550452ABB,CUST100085531,Fiber 1Gbps,Postpaid Mobile,85.25,2,500,-1,2021-01-09
PLN43D658A4A5,CUST100055074,Family Share 10GB,Broadband,79.08,20,1000,-1,2019-12-31
PLNB17C32CF7D,CUST100018057,Fiber 1Gbps,Prepaid Mobile,75.89,20,500,100,2021-08-30
PLN9CC8E1C001,CUST100022214,IoT Data Plan,Prepaid Mobile,49.79,50,500,500,2017-06-06
PLNCB8084B441,CUST100054907,Unlimited Basic,Prepaid Mobile,53.07,50,-1,500,2020-09-24
PLN062FE905A6,CUST100085275,Family Share 10GB,Broadband,88.37,2,500,500,2021-10-24
PLNDE051A3668,CUST100076651,Unlimited Plus,Postpaid Mobile,87.23,2,-1,500,2016-06-27
PLNBFE879082F,CUST100075785,Unlimited Plus,Prepaid Mobile,33.47,50,-1,-1,2021-08-20
PLNE362E4CEBA,CUST100033244,IoT Data Plan,Postpaid Mobile,148.17,50,-1,-1,2023-08-28
PLN8A6AF0E79A,CUST100045427,Fiber 500Mbps,Postpaid Mobile,130.88,-1,-1,500,2021-12-23
PLNC16FE4A449,CUST100020353,IoT Data Plan,Prepaid Mobile,130.38,5,1000,-1,2015-04-29
PLN7734DBBDCC,CUST100065438,Prepaid 5GB,Broadband,138.48,10,-1,100,2018-11-20
PLNE4652799B8,CUST100047439,Fiber 500Mbps,Prepaid Mobile,39.38,50,1000,500,2018-09-10
PLN1B02208152,CUST100064890,Prepaid 5GB,Broadband,128.98,50,1000,100,2022-09-13
PLNAA3C574F10,CUST100040045,Fiber 1Gbps,Postpaid Mobile,47.6,-1,1000,-1,2017-01-11
PLN783EE55BB8,CUST100096464,Fiber 1Gbps,Postpaid Mobile,76.56,20,-1,500,2021-07-26
PLN266AF49E65,CUST100069871,Unlimited Plus,Postpaid Mobile,35.08,5,-1,100,2019-09-18
PLN13484C6C52,CUST100041525,Unlimited Plus,Postpaid Mobile,18.36,2,500,100,2025-01-05
PLND5F4EDC159,CUST100033403,Unlimited Premium,IoT,125.91,20,-1,-1,2021-02-06
PLNF570816E99,CUST100070303,Prepaid 5GB,Prepaid Mobile,88.81,-1,-1,100,2025-02-16
PLN687F689D9F,CUST100052945,Family Share 10GB,Postpaid Mobile,19.89,20,500,500,2016-04-07
PLN95C7EAA310,CUST100009491,Unlimited Premium,Prepaid Mobile,114.85,10,-1,-1,2022-02-09
PLNBF1466356D,CUST100041691,Unlimited Basic,Prepaid Mobile,74.34,-1,1000,500,2019-07-04
PLN9C8431EAD7,CUST100029756,Unlimited Basic,Prepaid Mobile,97.55,10,-1,100,2025-01-18
PLNBBDF330FD8,CUST100031448,Unlimited Basic,Postpaid Mobile,75.97,50,500,100,2024-10-20
PLN18FBCD65DA,CUST100006227,Unlimited Plus,Postpaid Mobile,135.7,2,-1,-1,2021-10-06
PLN081ECE84B5,CUST100072791,Family Share 10GB,Postpaid Mobile,45.7,10,-1,500,2022-09-22
PLN8333CCBF97,CUST100087806,Family Share 10GB,Broadband,52.56,20,1000,-1,2017-06-11
PLN7B23536F38,CUST100072885,Unlimited Premium,Postpaid Mobile,76.31,50,-1,-1,2019-04-10
PLN40350BD5E9,CUST100099685,Prepaid 5GB,Postpaid Mobile,45.98,20,500,-1,2023-01-25
PLN9A3B33DA4F,CUST100096118,Prepaid 5GB,Postpaid Mobile,105.4,20,1000,500,2022-02-10
PLN42E8A7FCF1,CUST100090277,IoT Data Plan,Postpaid Mobile,143.04,-1,1000,500,2018-06-15
PLNA0BB888378,CUST100060457,Unlimited Plus,Postpaid Mobile,78.2,5,500,100,2018-08-02
PLN2818F8FDBD,CUST100072604,Unlimited Plus,Postpaid Mobile,55.92,50,1000,-1,2023-02-23
PLN3494952E5B,CUST100041612,Prepaid 5GB,Broadband,140.58,5,-1,500,2024-10-17
PLNB176852D4B,CUST100094166,Unlimited Basic,Prepaid Mobile,58.9,5,-1,500,2023-11-17
PLN54B35CC602,CUST100048517,Unlimited Premium,Broadband,34.51,10,-1,-1,2020-12-19
PLNC028564428,CUST100032768,Fiber 1Gbps,Postpaid Mobile,30.31,2,500,500,2021-03-18
PLN4578A0AA73,CUST100082734,IoT Data Plan,Postpaid Mobile,104.89,5,1000,100,2019-07-16
PLN2C9B9D0248,CUST100077606,Unlimited Basic,Postpaid Mobile,96.4,-1,-1,500,2017-07-29
PLN5872F47F05,CUST100052707,Family Share 10GB,Prepaid Mobile,57.59,20,1000,-1,2018-09-08
PLN287306F973,CUST100099527,IoT Data Plan,Postpaid Mobile,77.83,10,500,-1,2023-11-07
PLNFE263B6460,CUST100057822,Unlimited Basic,Broadband,108.61,-1,500,100,2024-12-19
PLNE23DC6BB59,CUST100038757,Unlimited Basic,Postpaid Mobile,45.99,-1,1000,500,2023-07-03
PLN1E90749AF2,CUST100007238,Unlimited Premium,Broadband,64.6,2,500,100,2024-08-17
PLNE0261BB8B7,CUST100044859,IoT Data Plan,Postpaid Mobile,45.71,5,-1,100,2024-04-16
PLNFBBC943921,CUST100037713,Prepaid 5GB,Prepaid Mobile,27.27,-1,500,100,2021-10-19
PLN1E3743FEF9,CUST100073460,Fiber 1Gbps,IoT,95.14,-1,1000,-1,2016-04-27
PLN10B2168671,CUST100055927,Fiber 1Gbps,Postpaid Mobile,82.55,20,-1,100,2022-09-19
PLNC448154630,CUST100073292,Prepaid 5GB,Prepaid Mobile,148.96,50,-1,-1,2016-05-24
PLNE11BBAA0CD,CUST100095356,Fiber 500Mbps,Postpaid Mobile,127.97,50,1000,-1,2021-03-02
PLNCBF903C174,CUST100035902,Unlimited Premium,Prepaid Mobile,27.0,-1,500,100,2016-11-20
PLN8195002572,CUST100051446,Unlimited Premium,Prepaid Mobile,47.19,2,1000,100,2024-12-04
PLNEEDB64D5B7,CUST100046811,Fiber 500Mbps,Postpaid Mobile,107.38,50,-1,100,2026-01-17
PLNF6A7B10B3A,CUST100084274,Unlimited Basic,Postpaid Mobile,28.2,2,1000,-1,2021-02-26
PLN4DF0F1BBC3,CUST100058478,Unlimited Premium,Prepaid Mobile,129.75,20,-1,100,2019-12-10
PLNF6E32C4553,CUST100063270,Fiber 1Gbps,IoT,68.13,-1,1000,-1,2018-01-20
PLN18FC90BBF4,CUST100091582,Prepaid 5GB,Prepaid Mobile,54.97,5,1000,500,2017-06-23
PLN1DA2DF7D17,CUST100062029,Unlimited Plus,Postpaid Mobile,125.11,50,-1,-1,2019-05-17
PLNA98A18D67F,CUST100037690,Family Share 10GB,Prepaid Mobile,41.72,-1,1000,100,2018-09-21
PLNFCBCD9D03C,CUST100075576,Unlimited Premium,Postpaid Mobile,135.9,20,500,100,2016-11-12
PLNF4A6A8994C,CUST100044041,IoT Data Plan,Postpaid Mobile,30.21,20,500,500,2016-07-02
PLNFDB470A943,CUST100061025,Fiber 500Mbps,Broadband,135.48,2,1000,-1,2019-02-13
PLN710DB86CF9,CUST100073704,Fiber 500Mbps,Postpaid Mobile,148.68,20,-1,100,2022-06-17
PLNCBD9D666FB,CUST100021465,Unlimited Premium,Broadband,34.05,-1,1000,-1,2021-05-27
PLN4E1BC32DF4,CUST100089388,IoT Data Plan,Postpaid Mobile,55.15,10,500,-1,2024-04-06
PLN58D3E17C5B,CUST100013703,Family Share 10GB,Broadband,44.99,5,1000,500,2022-06-18
PLN58CB640B66,CUST100054864,Family Share 10GB,Postpaid Mobile,49.37,10,-1,100,2022-05-23
PLN6E5D7D9AFD,CUST100089978,IoT Data Plan,Postpaid Mobile,87.65,-1,-1,-1,2020-08-19
PLND83E8F8641,CUST100034377,Family Share 10GB,Prepaid Mobile,75.43,5,-1,-1,2021-12-14
PLNB53B8C15E1,CUST100029493,Family Share 10GB,Prepaid Mobile,16.47,50,-1,-1,2017-05-31
PLN2C7B16E0CE,CUST100036759,Fiber 1Gbps,Prepaid Mobile,126.02,20,-1,-1,2016-09-24
PLN62D20091A7,CUST100006671,Prepaid 5GB,Prepaid Mobile,61.21,50,500,-1,2025-12-13
PLN399587EAB4,CUST100013508,Prepaid 5GB,Prepaid Mobile,72.42,5,1000,-1,2018-09-30
PLNB68E2324D7,CUST100094708,Unlimited Plus,IoT,37.85,10,1000,100,2018-03-11
PLND67C4546CD,CUST100091208,Prepaid 5GB,Postpaid Mobile,75.48,50,-1,-1,2026-01-22
PLNCCA46FADF0,CUST100061202,Prepaid 5GB,IoT,71.38,10,1000,100,2017-05-17
PLN14EAFB276A,CUST100045959,Prepaid 5GB,Postpaid Mobile,43.62,5,500,-1,2017-11-24
PLNF96D57BFAB,CUST100008687,Unlimited Premium,Prepaid Mobile,60.02,-1,1000,100,2025-01-19
PLN9B0F2F3190,CUST100037226,Prepaid 5GB,Postpaid Mobile,149.9,50,1000,100,2024-02-20
PLNB0F5A22AFF,CUST100091763,IoT Data Plan,IoT,74.5,50,-1,500,2017-09-04
PLNE46D651A8A,CUST100096881,Unlimited Basic,Postpaid Mobile,29.38,-1,500,-1,2015-03-22
PLN7AAF16627F,CUST100039369,Fiber 1Gbps,IoT,33.26,2,500,100,2019-06-16
PLNE711D8DFB6,CUST100096244,Prepaid 5GB,Postpaid Mobile,120.32,2,-1,100,2015-12-20
PLN95CE7E1021,CUST100084431,Prepaid 5GB,Postpaid Mobile,83.24,10,-1,500,2024-01-03
PLN56EF7C0F49,CUST100089880,Unlimited Basic,Prepaid Mobile,83.56,20,1000,500,2016-07-26
PLN1F696808AB,CUST100079979,IoT Data Plan,Postpaid Mobile,144.91,20,500,100,2021-08-19
PLN92B3A36A59,CUST100033024,Unlimited Premium,Prepaid Mobile,110.83,20,500,-1,2016-03-05
PLN9918A37614,CUST100017408,Fiber 500Mbps,Broadband,22.3,2,1000,100,2023-01-26
PLN5133BD59D5,CUST100043158,Prepaid 5GB,Postpaid Mobile,38.38,5,1000,-1,2016-04-22
PLNB49D110A30,CUST100020886,Fiber 500Mbps,Postpaid Mobile,58.13,10,-1,500,2017-03-04
PLNF0E45FB3AB,CUST100040710,Fiber 500Mbps,IoT,142.97,20,1000,500,2023-08-14
PLN41AE75F789,CUST100072089,Family Share 10GB,Prepaid Mobile,133.32,2,-1,100,2019-02-25
PLNEE706C0B51,CUST100093294,Fiber 500Mbps,Postpaid Mobile,118.61,10,-1,500,2023-02-28
PLN72AFBD4D52,CUST100080589,Fiber 1Gbps,Postpaid Mobile,36.54,10,500,500,2017-06-16
PLNC66FB5163E,CUST100060777,Unlimited Premium,Broadband,52.74,20,-1,100,2015-05-05
PLN27E030C51A,CUST100094315,Fiber 1Gbps,Postpaid Mobile,139.04,2,1000,500,2019-05-11
PLNCC2E950E8A,CUST100039654,Fiber 500Mbps,Postpaid Mobile,133.01,-1,-1,100,2024-09-10
PLNA3E8428D4E,CUST100049187,Fiber 500Mbps,Postpaid Mobile,45.33,50,1000,500,2017-04-27
PLNFEF00AAFA7,CUST100042774,Unlimited Premium,Broadband,106.21,10,-1,100,2023-01-27
PLNBEA734DBEC,CUST100019733,Unlimited Premium,IoT,134.86,5,-1,100,2020-03-21
PLN977BA57A94,CUST100012117,Prepaid 5GB,Postpaid Mobile,18.67,2,-1,100,2021-07-04
PLN2DFDE7B91C,CUST100037765,Unlimited Plus,Postpaid Mobile,50.8,20,-1,100,2019-03-25
PLN0971EFF4DD,CUST100044756,Prepaid 5GB,Prepaid Mobile,87.84,-1,-1,100,2019-10-02
PLN3FD8AEEABC,CUST100034670,Unlimited Basic,Postpaid Mobile,137.37,10,500,-1,2020-03-02
PLN39FF221CD8,CUST100086912,Fiber 1Gbps,Postpaid Mobile,61.84,50,1000,-1,2019-10-17
PLN09D968AEAE,CUST100051528,Family Share 10GB,IoT,147.79,-1,500,500,2016-09-07
PLN10B5ED7718,CUST100072145,Family Share 10GB,Prepaid Mobile,55.81,50,500,100,2017-10-11
PLN08FD3FD629,CUST100035553,IoT Data Plan,Postpaid Mobile,92.82,5,-1,100,2023-10-24
PLNE4E99A4294,CUST100028731,Unlimited Premium,Postpaid Mobile,122.78,50,1000,-1,2019-11-03
PLN24ECD28DAC,CUST100036990,IoT Data Plan,Postpaid Mobile,39.89,-1,-1,500,2025-07-09
PLN86FEF51287,CUST100083712,Unlimited Premium,Postpaid Mobile,73.58,50,1000,100,2022-10-12
PLN45DD908D32,CUST100074129,Unlimited Basic,Postpaid Mobile,74.66,10,1000,-1,2026-02-07
PLNE1067E9117,CUST100054100,Unlimited Plus,Postpaid Mobile,55.15,10,1000,500,2017-08-01
PLN4BE550B575,CUST100008906,Unlimited Plus,Postpaid Mobile,142.67,20,500,100,2023-06-01
PLN4B13CC75C2,CUST100084045,Unlimited Premium,Postpaid Mobile,18.03,10,500,500,2015-03-28
PLN8EE44F9A42,CUST100063074,IoT Data Plan,Prepaid Mobile,24.41,5,-1,500,2023-05-23
PLN4F41622C38,CUST100003154,Unlimited Premium,Prepaid Mobile,83.48,5,1000,100,2015-06-23
PLN50FDE02947,CUST100075678,IoT Data Plan,Broadband,102.08,5,-1,500,2025-10-14
PLNAD49729748,CUST100057106,Fiber 500Mbps,Postpaid Mobile,75.66,20,500,100,2019-06-08
PLNF46C5E8B5A,CUST100095580,Prepaid 5GB,Postpaid Mobile,45.21,10,-1,-1,2019-08-23
PLNBC0076DCC5,CUST100020277,Unlimited Basic,IoT,109.52,5,1000,-1,2024-11-16
PLN92250D5383,CUST100021810,Unlimited Plus,Postpaid Mobile,92.58,2,-1,-1,2015-05-04
PLN5CD40EB9A7,CUST100082838,IoT Data Plan,Postpaid Mobile,101.91,2,-1,-1,2024-02-07
PLN76A42376E5,CUST100084227,Unlimited Plus,Postpaid Mobile,128.14,5,1000,-1,2021-03-09
PLNFD1740E3F4,CUST100097479,Unlimited Premium,Postpaid Mobile,132.43,20,500,100,2017-03-15
PLNCE65D27B4C,CUST100086610,Family Share 10GB,Postpaid Mobile,133.34,20,1000,100,2019-05-01
PLNAAE9D3797E,CUST100050827,Fiber 1Gbps,Broadband,86.41,2,1000,-1,2016-08-02
PLN44803B9B5F,CUST100064116,Fiber 500Mbps,Prepaid Mobile,116.79,50,500,100,2021-02-11
PLN0350D83352,CUST100087290,Unlimited Premium,Prepaid Mobile,127.12,2,-1,500,2016-01-17
PLN946AC04523,CUST100074177,Unlimited Plus,Prepaid Mobile,140.76,10,-1,500,2017-02-26
PLN09EF83E818,CUST100048756,Fiber 500Mbps,IoT,17.36,5,-1,-1,2024-06-27
PLN0D9BC1E2CA,CUST100027364,Fiber 1Gbps,Postpaid Mobile,60.58,10,500,100,2024-01-20
PLN5E5BBC4CD9,CUST100077341,Unlimited Premium,Broadband,141.37,5,500,500,2021-09-26
PLN3DA45C1BB1,CUST100043325,Fiber 1Gbps,Postpaid Mobile,114.84,20,500,500,2015-10-28
PLNF58BE951E9,CUST100062154,Prepaid 5GB,Prepaid Mobile,89.13,5,-1,100,2015-01-13
PLNB214AC336C,CUST100069615,Fiber 1Gbps,Postpaid Mobile,113.57,20,500,-1,2023-04-17
PLN71568CCF3E,CUST100047748,Unlimited Basic,Postpaid Mobile,17.18,5,1000,-1,2021-02-04
PLN44D59D8AB0,CUST100012691,Prepaid 5GB,Prepaid Mobile,90.65,5,-1,-1,2026-03-17
PLN17B9BAFDDE,CUST100027653,Prepaid 5GB,Prepaid Mobile,68.48,50,1000,100,2015-09-23
PLN0435B3006E,CUST100013015,Family Share 10GB,Postpaid Mobile,50.6,5,-1,100,2023-10-04
PLN7D76FACDC3,CUST100034137,Prepaid 5GB,Broadband,47.36,5,1000,-1,2015-02-12
PLN14C7944600,CUST100005458,Fiber 500Mbps,Postpaid Mobile,140.58,2,-1,-1,2015-05-09
PLND1B47EBFC6,CUST100040403,Prepaid 5GB,Prepaid Mobile,59.48,20,1000,-1,2015-01-17
PLND68C0141AF,CUST100023508,Prepaid 5GB,Postpaid Mobile,26.69,2,-1,500,2026-02-01
PLND35DBCB829,CUST100066329,IoT Data Plan,Prepaid Mobile,49.46,50,-1,100,2020-04-24
PLN62F094B142,CUST100030549,Unlimited Basic,Postpaid Mobile,93.37,20,500,-1,2019-12-09
PLNC45C3D64AB,CUST100089030,Fiber 500Mbps,IoT,76.47,50,-1,500,2020-01-11
PLN1EF608FBE9,CUST100000547,Unlimited Plus,Broadband,58.92,5,-1,-1,2023-07-30
PLND7BC2BD481,CUST100035248,Unlimited Premium,Broadband,98.5,10,-1,-1,2024-06-08
PLN67CB137C30,CUST100028160,Fiber 1Gbps,Postpaid Mobile,44.62,10,-1,100,2019-12-05
PLNE128F1976A,CUST100075535,Unlimited Premium,Prepaid Mobile,73.29,20,500,500,2026-03-31
PLN6357F30A87,CUST100032681,Family Share 10GB,Postpaid Mobile,67.43,2,1000,100,2019-04-06
PLN4447516880,CUST100089419,Unlimited Basic,Postpaid Mobile,134.02,5,500,-1,2022-02-23
PLN257094A316,CUST100064277,Unlimited Basic,Broadband,72.55,5,-1,-1,2026-03-11
PLN317B705D91,CUST100099408,IoT Data Plan,Prepaid Mobile,121.94,10,-1,100,2024-02-27
PLNDE0A07A439,CUST100036571,Family Share 10GB,Postpaid Mobile,108.93,-1,500,100,2017-05-18
PLN2430C01B43,CUST100090673,Prepaid 5GB,Postpaid Mobile,38.56,20,500,500,2018-06-17
PLND11D40D19E,CUST100017061,Unlimited Premium,Prepaid Mobile,39.69,2,-1,500,2019-01-29
PLN603EEE5797,CUST100014164,Unlimited Basic,Broadband,54.92,20,500,-1,2025-09-20
PLN13546D919E,CUST100051094,Unlimited Premium,Postpaid Mobile,79.48,50,500,100,2022-05-15
PLNFFC29449B0,CUST100058206,IoT Data Plan,Postpaid Mobile,139.8,5,-1,-1,2015-03-27
PLND51CFA8FD5,CUST100076175,Family Share 10GB,Postpaid Mobile,135.93,20,1000,-1,2020-05-23
PLN3C70D6EAAF,CUST100029885,Family Share 10GB,Postpaid Mobile,41.93,20,-1,100,2015-05-08
PLN2EE104BBF5,CUST100061143,Family Share 10GB,Postpaid Mobile,95.1,2,500,500,2021-10-05
PLN737B18818E,CUST100005797,Fiber 500Mbps,Prepaid Mobile,18.19,50,1000,-1,2025-12-24
PLNA98A5A4C46,CUST100076134,Fiber 1Gbps,Postpaid Mobile,73.9,5,-1,100,2022-01-08
PLNE79980EA1F,CUST100006099,Unlimited Basic,Prepaid Mobile,121.13,50,-1,100,2023-11-04
PLN5C64B17C4E,CUST100024946,Prepaid 5GB,Postpaid Mobile,60.56,2,-1,500,2025-04-17
PLN507AC7944B,CUST100012475,Prepaid 5GB,Postpaid Mobile,145.33,50,500,-1,2015-02-11
PLNA4BA1FF1C2,CUST100096982,Unlimited Basic,IoT,141.73,10,1000,500,2022-05-11
PLN72200F3A63,CUST100068843,Unlimited Plus,Prepaid Mobile,106.45,50,1000,100,2024-07-31
PLN03C4C20A33,CUST100022736,Fiber 500Mbps,Postpaid Mobile,80.04,20,500,500,2020-08-29
PLN2F7956384E,CUST100049895,Fiber 1Gbps,Postpaid Mobile,17.9,20,500,500,2023-04-06
PLNFCE41B3328,CUST100045927,IoT Data Plan,Postpaid Mobile,84.34,50,1000,100,2023-01-29
PLN7488E75E01,CUST100050514,Unlimited Basic,Postpaid Mobile,60.64,2,1000,-1,2017-07-20
PLNFA3E4A390D,CUST100096765,Unlimited Plus,Broadband,94.84,5,1000,-1,2021-01-11
PLNC160286B50,CUST100080734,Fiber 1Gbps,Postpaid Mobile,35.12,5,500,500,2023-01-28
PLN5216A756E2,CUST100090517,Family Share 10GB,Prepaid Mobile,98.44,10,1000,500,2020-02-18
PLNB1F97F8514,CUST100017583,IoT Data Plan,Broadband,93.73,50,1000,500,2015-01-29
PLN6834309679,CUST100048265,Unlimited Basic,Postpaid Mobile,107.9,50,500,500,2019-12-16
PLN105082572D,CUST100047973,Unlimited Plus,Postpaid Mobile,148.35,2,-1,-1,2018-07-04
PLNEB3591B801,CUST100006991,Family Share 10GB,Prepaid Mobile,67.89,20,1000,500,2022-05-13
PLNEE5245E3CB,CUST100073521,Family Share 10GB,Postpaid Mobile,121.41,20,1000,100,2025-10-07
PLN9CE5928594,CUST100041692,IoT Data Plan,Prepaid Mobile,78.44,-1,1000,500,2017-11-15
PLN63728167E7,CUST100091926,Family Share 10GB,IoT,125.42,50,-1,500,2024-02-14
PLNF9BEAF7CA1,CUST100068618,Unlimited Plus,Broadband,116.82,2,500,100,2022-05-13
PLN29D444328D,CUST100096072,Fiber 1Gbps,Postpaid Mobile,119.7,50,1000,100,2020-10-11
PLNFCCC73BDB8,CUST100080592,Family Share 10GB,Prepaid Mobile,103.32,2,500,500,2021-03-16
PLN4C93FB7AB7,CUST100081433,Unlimited Plus,Postpaid Mobile,53.47,5,1000,500,2025-04-16
PLND19BDBFA3A,CUST100059466,Prepaid 5GB,Postpaid Mobile,55.94,-1,500,500,2019-08-28
PLN204D30F52F,CUST100022160,IoT Data Plan,Postpaid Mobile,63.8,20,-1,100,2025-06-02
PLN02CD0B4AB6,CUST100074655,Unlimited Plus,Broadband,43.07,20,1000,-1,2019-09-28
PLN3551F1A26A,CUST100031532,Unlimited Plus,IoT,129.75,5,-1,500,2020-06-07
PLN64B6825917,CUST100006311,Fiber 500Mbps,Postpaid Mobile,57.56,5,-1,100,2015-10-11
PLN4A282E94D7,CUST100020755,Fiber 1Gbps,Broadband,147.2,20,500,500,2026-05-27
PLN59B8261C90,CUST100020172,Unlimited Premium,Broadband,146.13,2,1000,100,2023-03-21
PLN74426A172B,CUST100053037,IoT Data Plan,Broadband,146.01,-1,-1,500,2018-08-18
PLN0C5993871C,CUST100003375,Prepaid 5GB,Broadband,133.68,50,-1,500,2023-02-19
PLN2BD54C9866,CUST100037169,Unlimited Premium,Postpaid Mobile,51.16,-1,500,100,2024-02-21
PLN0C054ECB51,CUST100018910,Fiber 1Gbps,Postpaid Mobile,29.49,20,1000,-1,2025-07-02
PLN54EB35E4A8,CUST100072088,IoT Data Plan,Postpaid Mobile,21.73,-1,500,500,2015-03-25
PLN22A740A1B3,CUST100097667,Unlimited Plus,Broadband,145.59,50,-1,100,2023-01-30
PLN2DEA16E549,CUST100022692,Family Share 10GB,Postpaid Mobile,146.22,10,1000,-1,2023-09-26
PLN27126C42F0,CUST100070676,Unlimited Premium,Broadband,107.08,20,1000,100,2022-08-17
PLNA39E1E4206,CUST100072906,IoT Data Plan,IoT,69.6,50,1000,500,2017-12-14
PLNEFB226A056,CUST100091669,Fiber 1Gbps,Prepaid Mobile,105.17,5,500,500,2015-06-17
PLN8F7837975A,CUST100093422,Family Share 10GB,Postpaid Mobile,16.43,10,500,100,2017-11-26
PLN9B0867689A,CUST100091077,Fiber 500Mbps,Postpaid Mobile,141.58,2,-1,500,2017-08-03
PLN3D74D78DCE,CUST100072510,Fiber 500Mbps,Postpaid Mobile,146.6,5,-1,100,2020-02-09
PLNBA82E5C846,CUST100029467,Unlimited Basic,Postpaid Mobile,54.79,-1,-1,100,2017-08-28
PLNAC47A9EF33,CUST100036308,Unlimited Premium,Postpaid Mobile,61.61,20,500,100,2023-11-23
PLN59F535A516,CUST100038004,Family Share 10GB,IoT,129.34,-1,-1,500,2015-11-04
PLNB0C40A0716,CUST100077084,IoT Data Plan,Prepaid Mobile,137.37,50,1000,500,2025-08-07
PLN7FD3B77CE9,CUST100014457,IoT Data Plan,Broadband,105.15,-1,-1,-1,2021-12-03
PLND8508FDD76,CUST100013780,Fiber 1Gbps,Broadband,70.5,2,1000,100,2021-11-07
PLN0CE3880F8A,CUST100041353,Fiber 500Mbps,Postpaid Mobile,71.48,2,500,-1,2024-07-03
PLN6447C01C93,CUST100007619,Fiber 1Gbps,Broadband,15.23,20,500,-1,2023-03-08
PLN29386CDA4C,CUST100033862,Unlimited Premium,Postpaid Mobile,69.36,10,500,100,2023-04-22
PLNC5D8558ADA,CUST100091936,Family Share 10GB,Postpaid Mobile,20.22,-1,500,-1,2020-04-17
PLNB4865B1E9E,CUST100098960,Unlimited Basic,Broadband,91.51,-1,1000,100,2024-11-12
PLN8D4DF094C0,CUST100069078,Unlimited Plus,Postpaid Mobile,36.24,20,500,-1,2021-07-09
PLN1220E019CF,CUST100064808,Unlimited Plus,IoT,49.85,2,1000,-1,2019-05-29
PLN059A28A56E,CUST100008330,Fiber 500Mbps,Broadband,125.58,2,500,500,2025-12-15
PLNF9EF919460,CUST100096547,Fiber 1Gbps,Postpaid Mobile,100.06,5,-1,500,2024-07-19
PLN57A7B6CA00,CUST100006555,Unlimited Basic,Postpaid Mobile,90.75,2,500,500,2023-05-27
PLN0E5581AA5B,CUST100023128,Fiber 500Mbps,Postpaid Mobile,18.22,10,-1,-1,2022-12-29
PLN651748E33D,CUST100079803,Unlimited Plus,Postpaid Mobile,52.86,20,-1,-1,2018-03-31
PLND61ED3A625,CUST100050081,Unlimited Plus,Prepaid Mobile,63.56,2,-1,-1,2026-04-24
PLN09B16529AB,CUST100045239,Unlimited Basic,Postpaid Mobile,149.08,10,-1,500,2020-06-30
PLN62E4B1EAED,CUST100044044,Unlimited Premium,Broadband,139.81,50,1000,-1,2024-07-19
PLN8F3AD27A5A,CUST100019213,Fiber 1Gbps,Postpaid Mobile,131.06,5,-1,-1,2024-08-20
PLNCAB4B7581A,CUST100084010,Unlimited Basic,Prepaid Mobile,147.6,50,500,500,2018-03-19
PLN7A8C095A77,CUST100077870,Unlimited Premium,Prepaid Mobile,99.46,5,-1,500,2025-08-06
PLNC5A477B657,CUST100099292,Unlimited Plus,Prepaid Mobile,138.17,5,-1,500,2025-01-03
PLNCB39240C5E,CUST100040319,Family Share 10GB,Broadband,121.5,-1,-1,500,2024-07-05
PLN0B14C36BAC,CUST100033001,IoT Data Plan,Broadband,99.67,20,500,500,2021-06-15
PLN1E655FB091,CUST100019500,Prepaid 5GB,Broadband,87.69,5,500,500,2023-02-05
PLN1536021910,CUST100068449,Fiber 500Mbps,Broadband,88.54,10,500,-1,2019-12-05
PLNDA484E7E41,CUST100090308,Fiber 500Mbps,Prepaid Mobile,135.14,20,500,100,2019-01-26
PLN4AA3D7628B,CUST100037711,Prepaid 5GB,Postpaid Mobile,27.41,10,1000,-1,2025-05-04
PLNA8355C26D6,CUST100006620,IoT Data Plan,Postpaid Mobile,16.1,20,1000,500,2019-07-06
PLN153F11DB0C,CUST100081292,Fiber 1Gbps,Postpaid Mobile,97.25,50,-1,100,2016-12-27
PLN0B618DB159,CUST100052748,Fiber 1Gbps,Prepaid Mobile,29.09,2,1000,-1,2020-05-09
PLN0CE8A8D522,CUST100075636,Unlimited Basic,Prepaid Mobile,45.98,20,1000,-1,2020-05-08
PLN2EB36C96A8,CUST100086205,Prepaid 5GB,Prepaid Mobile,15.33,5,-1,100,2019-11-28
PLN57D9DD1BFD,CUST100022961,Unlimited Premium,Postpaid Mobile,125.43,5,-1,-1,2018-06-22
PLN79E16B5509,CUST100027664,Unlimited Basic,Postpaid Mobile,88.51,10,-1,-1,2023-11-24
PLNFD9427046E,CUST100081503,Family Share 10GB,Broadband,148.74,-1,500,100,2020-12-02
PLNEAA793A6A0,CUST100044455,Prepaid 5GB,Prepaid Mobile,33.3,-1,500,100,2021-09-11
PLN2C900296A8,CUST100025551,Unlimited Plus,Broadband,35.72,50,1000,500,2026-06-22
PLN1FC073441C,CUST100028564,Unlimited Premium,Broadband,75.04,2,500,500,2017-11-09
PLN809F4879BF,CUST100068062,Fiber 1Gbps,Postpaid Mobile,125.22,50,-1,100,2025-09-25
PLNC0C3D25DCE,CUST100013735,Unlimited Premium,Broadband,89.71,20,1000,500,2023-09-29
PLND19FC89296,CUST100067923,Fiber 1Gbps,Postpaid Mobile,137.94,5,-1,500,2025-01-09
PLN1872A7F73D,CUST100029954,Fiber 1Gbps,Postpaid Mobile,74.2,10,-1,-1,2019-01-01
PLNBC688FFA6F,CUST100035744,Fiber 1Gbps,Broadband,98.73,-1,1000,100,2026-05-25
PLN6DF251672C,CUST100014930,Fiber 1Gbps,Postpaid Mobile,62.94,20,-1,-1,2022-08-30
PLNADA59AB5BC,CUST100059153,Fiber 500Mbps,Postpaid Mobile,29.65,-1,-1,500,2017-02-03
PLN2F0C0FC4B6,CUST100082326,Unlimited Premium,Prepaid Mobile,146.7,20,-1,500,2021-07-01
PLN3F56073CE3,CUST100065947,Prepaid 5GB,Broadband,84.78,-1,-1,100,2017-07-07
PLNDA4B0C1076,CUST100073434,Unlimited Plus,Broadband,118.76,5,1000,-1,2024-08-13
PLN98DAC15F6D,CUST100099906,Fiber 1Gbps,Prepaid Mobile,141.14,50,500,-1,2025-09-14
PLNC9F0402829,CUST100011726,IoT Data Plan,Broadband,102.11,-1,-1,-1,2025-05-02
PLN5CE56A2D31,CUST100054337,IoT Data Plan,Postpaid Mobile,73.79,50,-1,500,2016-11-04
PLNE37768EBD0,CUST100059363,IoT Data Plan,Broadband,120.62,50,1000,100,2023-12-01
PLNBB9F084384,CUST100034922,Fiber 1Gbps,Prepaid Mobile,63.34,50,500,-1,2023-07-27
PLNCEDC7C32AB,CUST100054232,Fiber 500Mbps,Postpaid Mobile,50.97,20,500,-1,2025-07-01
PLNAE1FA8C189,CUST100067205,Unlimited Premium,IoT,112.9,50,500,500,2016-09-07
PLN1A19DA1D75,CUST100064985,Unlimited Basic,Postpaid Mobile,32.27,-1,-1,500,2017-03-05
PLNE546CF8DC8,CUST100046482,Unlimited Basic,Prepaid Mobile,117.58,2,500,100,2025-02-28
PLN4EE455201A,CUST100001777,Family Share 10GB,Prepaid Mobile,126.47,10,500,-1,2026-04-25
PLN86428522BF,CUST100090872,Unlimited Basic,Postpaid Mobile,90.24,5,1000,-1,2017-01-09
PLN6A10D09510,CUST100017190,Family Share 10GB,Broadband,31.21,50,500,-1,2016-09-19
PLN36D0DFF7B0,CUST100070305,Unlimited Premium,IoT,99.17,50,1000,500,2022-04-29
PLN28271F771D,CUST100049521,Unlimited Premium,Prepaid Mobile,43.06,50,500,100,2021-06-06
PLNF955B0AED0,CUST100015928,IoT Data Plan,Prepaid Mobile,112.49,-1,500,500,2026-04-03
PLN744A23BE12,CUST100002297,Family Share 10GB,Prepaid Mobile,57.3,2,-1,-1,2023-09-06
PLNBC3B2D9CC8,CUST100092497,Prepaid 5GB,Broadband,76.81,20,500,-1,2023-11-16
PLNC2A7A8DF90,CUST100048754,Unlimited Basic,Postpaid Mobile,149.84,20,-1,100,2020-01-24
PLNED3CB21AB9,CUST100002473,IoT Data Plan,Prepaid Mobile,27.24,20,1000,500,2024-01-20
PLNAC48B8D8B5,CUST100091129,Unlimited Premium,Postpaid Mobile,107.26,20,1000,100,2020-01-20
PLN457F38CC45,CUST100057257,Unlimited Basic,Postpaid Mobile,58.64,50,500,100,2023-03-20
PLN5565711C72,CUST100094731,Unlimited Premium,Prepaid Mobile,81.89,10,500,100,2018-09-05
PLN85BECE5157,CUST100006396,Unlimited Basic,Prepaid Mobile,29.92,-1,500,500,2015-05-17
PLND89503CD1F,CUST100015467,Unlimited Premium,Prepaid Mobile,65.95,50,500,100,2023-08-04
PLNADD88B484B,CUST100068251,Unlimited Premium,Prepaid Mobile,29.6,10,500,500,2016-10-08
PLN57521B6462,CUST100076947,Family Share 10GB,Postpaid Mobile,38.53,-1,1000,-1,2015-03-15
PLN5AAFD8FC1B,CUST100048358,Unlimited Plus,Prepaid Mobile,24.86,20,1000,500,2026-04-12
PLNAAA234872A,CUST100087970,Family Share 10GB,Postpaid Mobile,147.34,20,1000,100,2024-03-19
PLN1875E6DD80,CUST100044431,Unlimited Basic,Postpaid Mobile,72.51,50,-1,-1,2024-08-03
PLNEF468DE8E3,CUST100041985,IoT Data Plan,Broadband,74.18,5,500,-1,2025-02-02
PLN8A4923DD49,CUST100023097,Unlimited Premium,Broadband,47.22,2,500,100,2023-09-06
PLNAAA3E1EC92,CUST100077206,Prepaid 5GB,Prepaid Mobile,117.84,10,500,100,2024-08-29
PLN2EAE7C5758,CUST100023836,IoT Data Plan,Postpaid Mobile,30.69,50,1000,100,2023-06-10
PLNB66D871C50,CUST100012944,Fiber 500Mbps,Prepaid Mobile,53.71,-1,500,500,2021-07-28
PLN3C50E959A9,CUST100077694,Unlimited Plus,Postpaid Mobile,134.23,50,1000,100,2024-06-01
PLNB701834FB9,CUST100069286,Unlimited Premium,Prepaid Mobile,104.62,5,500,500,2018-05-27
PLN60BB257C4E,CUST100045795,Family Share 10GB,Prepaid Mobile,30.35,50,-1,100,2025-09-02
PLNBEBC3C0D5E,CUST100021751,Fiber 1Gbps,Broadband,59.79,5,-1,500,2023-11-07
PLND172D6AA15,CUST100013034,Unlimited Plus,Prepaid Mobile,115.68,5,500,-1,2015-08-20
PLNFB7F25A4E4,CUST100028341,Family Share 10GB,Postpaid Mobile,144.2,20,1000,500,2018-08-05
PLN3AC703A215,CUST100002335,Fiber 500Mbps,IoT,53.78,50,-1,100,2020-03-23
PLN163BDA9649,CUST100019091,Family Share 10GB,Postpaid Mobile,92.44,5,500,500,2016-07-15
PLN95B8749E10,CUST100002336,Unlimited Premium,Postpaid Mobile,137.7,10,1000,100,2023-09-22
PLN344982AD10,CUST100047770,Prepaid 5GB,Postpaid Mobile,132.18,5,1000,500,2017-06-16
PLNAB10F3F326,CUST100049711,Family Share 10GB,Postpaid Mobile,52.02,5,1000,100,2023-02-15
PLN0F6FC3DB2E,CUST100065805,Prepaid 5GB,Prepaid Mobile,78.24,-1,1000,-1,2023-08-17
PLN898F2520A6,CUST100082022,Fiber 500Mbps,Postpaid Mobile,28.55,50,-1,-1,2022-07-30
PLN2B626F0541,CUST100041908,Unlimited Basic,Broadband,73.23,10,-1,-1,2019-09-26
PLNBD4AB3E3AD,CUST100038304,Prepaid 5GB,Postpaid Mobile,139.5,5,-1,100,2022-11-02
PLNF18F142E63,CUST100084769,Prepaid 5GB,Postpaid Mobile,130.86,50,-1,-1,2019-02-23
PLN1837A720BC,CUST100092836,Fiber 1Gbps,Postpaid Mobile,120.76,5,-1,500,2020-05-29
PLN0B127B1E12,CUST100019176,Prepaid 5GB,Broadband,55.14,50,1000,-1,2018-01-01
PLNE1C5FE78C2,CUST100095481,Prepaid 5GB,Broadband,130.32,50,-1,500,2021-08-10
PLNA9EDB3330A,CUST100025309,Fiber 500Mbps,Postpaid Mobile,69.54,5,-1,100,2015-10-29
PLN76AA950C7D,CUST100018793,Family Share 10GB,Prepaid Mobile,43.08,2,-1,-1,2015-04-22
PLN163BE90353,CUST100099323,Prepaid 5GB,Postpaid Mobile,27.13,50,-1,500,2019-12-11
PLNC3F9D393A8,CUST100017390,Fiber 500Mbps,Postpaid Mobile,54.19,-1,-1,-1,2022-08-16
PLN72D93E7420,CUST100049642,Unlimited Basic,Prepaid Mobile,63.0,20,500,500,2023-10-21
PLN0FD0620512,CUST100099161,IoT Data Plan,Prepaid Mobile,98.1,-1,1000,500,2017-02-24
PLN1D0CA43F32,CUST100067228,Fiber 500Mbps,Prepaid Mobile,110.28,-1,-1,500,2025-01-01
PLN2C69E7C308,CUST100068572,IoT Data Plan,Broadband,50.19,20,1000,100,2021-08-24
PLN280A148D21,CUST100001287,Family Share 10GB,Prepaid Mobile,38.04,50,1000,-1,2019-09-22
PLN45FD7C6D87,CUST100001632,Unlimited Premium,Postpaid Mobile,81.68,5,-1,100,2019-03-15
PLN7484E91C76,CUST100086870,Unlimited Plus,Broadband,49.63,10,-1,100,2024-09-06
PLN19B83D1AB5,CUST100055226,Fiber 500Mbps,Postpaid Mobile,26.28,20,-1,-1,2018-10-04
PLND9F87BF47C,CUST100070025,Prepaid 5GB,Broadband,16.68,2,1000,100,2026-06-24
PLN81C0017E2C,CUST100069619,Fiber 1Gbps,Postpaid Mobile,67.12,50,-1,100,2023-10-13
PLNBEEE2C0943,CUST100065431,Family Share 10GB,Prepaid Mobile,134.0,20,1000,100,2017-07-30
PLN4878AE8103,CUST100018439,Family Share 10GB,Broadband,136.47,5,500,100,2018-05-15
PLN7CDE072D74,CUST100069685,IoT Data Plan,Postpaid Mobile,46.37,10,1000,-1,2016-05-24
PLN17F320C622,CUST100014819,IoT Data Plan,Postpaid Mobile,105.09,20,1000,100,2024-09-25
PLN20162A03C1,CUST100003606,Family Share 10GB,Postpaid Mobile,82.15,20,500,100,2016-08-21
PLNE15BE03055,CUST100063920,Fiber 1Gbps,Broadband,84.26,-1,500,-1,2016-07-28
PLNC7EE50C91C,CUST100037206,IoT Data Plan,Postpaid Mobile,57.05,2,-1,500,2024-06-06
PLNE5E990069E,CUST100037244,Prepaid 5GB,Broadband,52.43,20,500,-1,2017-10-30
PLNDA277948F6,CUST100042018,Fiber 500Mbps,Prepaid Mobile,81.59,50,-1,100,2017-02-03
PLNBD706E8120,CUST100009054,Unlimited Premium,Prepaid Mobile,75.98,-1,500,-1,2021-01-11
PLN27F135DE27,CUST100029630,Fiber 1Gbps,Postpaid Mobile,55.42,5,500,100,2022-02-05
PLNDD09FA976F,CUST100009195,Prepaid 5GB,Broadband,45.46,50,500,-1,2015-10-22
PLNA012651115,CUST100059046,Prepaid 5GB,Postpaid Mobile,39.61,10,-1,-1,2024-01-29
PLN28B833EA4D,CUST100051897,Fiber 1Gbps,Postpaid Mobile,123.77,10,500,100,2023-05-10
PLN9EC049B47D,CUST100007215,Fiber 500Mbps,Postpaid Mobile,119.31,20,1000,500,2018-09-25
PLNDD7298ABF6,CUST100069644,Family Share 10GB,Prepaid Mobile,48.46,50,1000,-1,2022-05-02
PLN4D819E6962,CUST100045187,Prepaid 5GB,Broadband,37.41,50,500,-1,2025-07-06
PLN5EA675DB00,CUST100085291,Fiber 500Mbps,Postpaid Mobile,65.5,10,500,-1,2024-02-26
PLNF9F9EFB446,CUST100087260,Unlimited Plus,Prepaid Mobile,117.82,20,-1,-1,2019-04-02
PLNBD682EB426,CUST100047760,Unlimited Plus,Postpaid Mobile,60.78,2,500,100,2015-07-02
PLNE569BCB2E5,CUST100068130,Unlimited Premium,Prepaid Mobile,95.95,20,1000,-1,2017-05-12
PLNA31C63B558,CUST100095725,Prepaid 5GB,Broadband,67.55,50,-1,100,2015-10-18
PLNAB7BF36BBD,CUST100025235,Family Share 10GB,Postpaid Mobile,141.46,2,-1,100,2025-05-13
PLND12F8A70EA,CUST100072883,Unlimited Plus,Postpaid Mobile,144.63,10,-1,100,2019-12-29
PLNCA2F1FC3CA,CUST100025251,Unlimited Premium,Prepaid Mobile,31.31,-1,500,500,2020-06-29
PLN19FC40D536,CUST100075567,Prepaid 5GB,Prepaid Mobile,126.18,10,1000,500,2024-08-27
PLNAE95236458,CUST100068519,Family Share 10GB,Postpaid Mobile,149.52,5,500,-1,2022-08-20
PLN6FB0F4CFFF,CUST100043563,Unlimited Plus,Postpaid Mobile,122.44,10,-1,500,2025-12-03
PLN0D9F18B229,CUST100016568,Fiber 500Mbps,Postpaid Mobile,110.46,10,500,100,2015-11-06
PLN29D960B9C0,CUST100020767,Unlimited Premium,IoT,125.3,20,-1,-1,2019-04-03
PLN02F13730F6,CUST100065373,Family Share 10GB,Broadband,148.61,50,1000,-1,2023-12-12
PLNCF495AE33A,CUST100043292,Unlimited Premium,Broadband,94.65,5,1000,500,2026-03-21
PLN77855855C3,CUST100002545,Unlimited Premium,Postpaid Mobile,127.96,-1,1000,100,2023-02-06
PLNFCB625DBE4,CUST100066799,IoT Data Plan,Postpaid Mobile,67.3,5,1000,100,2021-09-16
PLN34639790EC,CUST100051826,Family Share 10GB,Postpaid Mobile,90.01,-1,-1,-1,2022-07-20
PLNDC493859E7,CUST100015326,IoT Data Plan,Prepaid Mobile,16.86,-1,500,-1,2015-03-13
PLNB390C465CF,CUST100086626,Unlimited Plus,IoT,120.49,20,1000,-1,2021-05-30
PLN47260DCD9F,CUST100044097,Unlimited Basic,Broadband,127.42,10,500,500,2024-06-07
PLN927B556BA6,CUST100004107,IoT Data Plan,Postpaid Mobile,75.63,5,1000,-1,2021-02-18
PLNB1C3661A25,CUST100079917,Unlimited Plus,Prepaid Mobile,121.23,2,500,-1,2025-07-06
PLNF2ECF67948,CUST100033631,IoT Data Plan,Broadband,49.07,10,1000,-1,2015-04-05
PLN8AF2F9B1FB,CUST100082857,Prepaid 5GB,Broadband,145.76,10,1000,-1,2026-06-21
PLNA9E2F9957F,CUST100099032,Fiber 1Gbps,Postpaid Mobile,45.89,5,-1,100,2026-03-08
PLNAC14928FAE,CUST100072493,IoT Data Plan,Postpaid Mobile,17.67,10,500,100,2019-07-31
PLN8F6D1D48FD,CUST100072014,Unlimited Premium,Prepaid Mobile,112.29,5,1000,500,2021-02-26
PLN78F4F531E1,CUST100052636,Family Share 10GB,IoT,17.49,20,1000,500,2021-11-07
PLN0E28F920F7,CUST100082758,Fiber 500Mbps,Postpaid Mobile,102.77,50,500,100,2019-01-15
PLN30FA8AFB7E,CUST100077345,Fiber 1Gbps,Postpaid Mobile,51.39,50,-1,500,2023-02-12
PLN933DB68323,CUST100044914,Fiber 1Gbps,Prepaid Mobile,133.19,50,500,100,2016-01-14
PLN20F66916D5,CUST100080808,Unlimited Plus,IoT,35.05,20,500,500,2017-07-10
PLN9DD8796359,CUST100068712,Unlimited Premium,Postpaid Mobile,22.55,5,-1,-1,2020-12-01
PLNF6E8DA3379,CUST100051121,Fiber 500Mbps,Postpaid Mobile,82.97,50,1000,-1,2016-01-16
PLNF36ACDED15,CUST100002056,Unlimited Basic,Postpaid Mobile,128.57,-1,-1,500,2024-07-06
PLN5AAFE5599E,CUST100067498,IoT Data Plan,Broadband,42.15,50,1000,500,2018-05-15
PLNBDF91E32D5,CUST100015983,Unlimited Basic,Postpaid Mobile,132.94,20,1000,500,2021-02-07
PLNE975FB2B99,CUST100001498,Family Share 10GB,Broadband,95.0,-1,-1,500,2020-12-31
PLN1B52ADA97B,CUST100034821,Fiber 500Mbps,Postpaid Mobile,15.69,10,1000,500,2015-03-26
PLN0B2E6AB6B3,CUST100086652,Fiber 1Gbps,Postpaid Mobile,17.24,20,1000,500,2025-07-18
PLN9AD5003424,CUST100036644,Fiber 500Mbps,Postpaid Mobile,136.6,20,-1,-1,2021-06-02
PLN98251CA784,CUST100034512,Prepaid 5GB,Postpaid Mobile,123.88,20,1000,500,2025-08-13
PLND734DBF427,CUST100043245,Fiber 500Mbps,Prepaid Mobile,65.4,2,-1,100,2022-04-08
PLN629C499315,CUST100022701,Unlimited Plus,Prepaid Mobile,27.01,20,1000,-1,2019-11-18
PLN4986E529F5,CUST100095679,Fiber 500Mbps,Broadband,111.77,50,1000,100,2022-02-10
PLN2A2DBEA17C,CUST100032000,Prepaid 5GB,IoT,108.92,2,-1,-1,2020-06-17
PLN4FAB5F16CE,CUST100002907,Prepaid 5GB,Prepaid Mobile,54.26,-1,500,100,2018-02-15
PLN7D00D1E361,CUST100038211,Fiber 500Mbps,Prepaid Mobile,122.72,-1,-1,100,2018-11-02
PLN293C2424D4,CUST100073192,Unlimited Plus,Prepaid Mobile,130.89,50,1000,100,2020-02-29
PLN2C2600BE95,CUST100083096,Prepaid 5GB,Broadband,44.49,10,-1,100,2020-12-04
PLN7398D713AE,CUST100043919,Fiber 1Gbps,Postpaid Mobile,122.16,-1,500,-1,2017-06-26
PLN1679282160,CUST100026388,Fiber 1Gbps,Prepaid Mobile,102.51,5,-1,500,2020-11-15
PLNC1ED6FAF54,CUST100017865,Unlimited Plus,Postpaid Mobile,21.05,-1,1000,500,2021-02-16
PLNF4FBD56430,CUST100039457,Unlimited Basic,Postpaid Mobile,70.46,20,-1,500,2021-12-05
PLN79AAA1F9FB,CUST100084597,IoT Data Plan,Postpaid Mobile,63.19,5,1000,500,2021-12-20
PLNBC72B9292E,CUST100078909,IoT Data Plan,Prepaid Mobile,92.91,5,1000,100,2017-08-28
PLN321A084D6A,CUST100075068,Prepaid 5GB,Postpaid Mobile,139.55,-1,-1,100,2019-09-27
PLN7033E6206F,CUST100022625,Unlimited Basic,Prepaid Mobile,55.93,20,1000,100,2016-06-02
PLNEF60DADCDA,CUST100079257,Fiber 1Gbps,Prepaid Mobile,123.68,50,1000,500,2021-04-28
PLNF77FAF062C,CUST100099332,Family Share 10GB,Postpaid Mobile,94.17,10,-1,500,2025-02-08
PLN07A8D3BFCC,CUST100013255,Fiber 500Mbps,Prepaid Mobile,97.27,5,-1,500,2025-10-26
PLNE25C6FFB16,CUST100094254,Family Share 10GB,Postpaid Mobile,66.64,10,-1,100,2018-01-04
PLN474A9063DB,CUST100059791,IoT Data Plan,Prepaid Mobile,149.92,-1,500,500,2016-10-07
PLN87A16A939C,CUST100027363,Unlimited Plus,Postpaid Mobile,28.37,10,1000,-1,2022-02-06
PLN5DEA3A296D,CUST100056499,IoT Data Plan,Prepaid Mobile,86.61,-1,500,500,2024-05-06
PLNA5D5EED213,CUST100028449,Fiber 1Gbps,Postpaid Mobile,80.72,5,500,100,2018-07-04
PLNDF0D527367,CUST100032140,Family Share 10GB,Postpaid Mobile,105.38,50,500,500,2019-07-07
PLNDD65823210,CUST100097740,Family Share 10GB,Postpaid Mobile,120.43,2,500,100,2024-10-13
PLN68E2892716,CUST100085575,Fiber 1Gbps,Postpaid Mobile,75.16,10,500,-1,2026-02-07
PLNF043B700C8,CUST100029834,Fiber 500Mbps,Postpaid Mobile,148.1,50,-1,-1,2025-11-17
PLN018C5483E6,CUST100063069,Unlimited Premium,Postpaid Mobile,92.15,50,-1,100,2015-08-29
PLN9774652284,CUST100036745,Fiber 1Gbps,Postpaid Mobile,29.62,5,-1,-1,2015-03-05
PLN2698FD3ECB,CUST100022346,Unlimited Plus,Broadband,66.47,20,500,100,2018-02-26
PLN8F6E35E0EA,CUST100019512,Prepaid 5GB,Broadband,145.65,2,500,100,2019-01-24
PLNBA714C1CB4,CUST100021981,Unlimited Basic,Prepaid Mobile,147.04,10,-1,100,2022-01-31
PLNBA9733BA34,CUST100097805,Unlimited Basic,Prepaid Mobile,29.59,20,1000,500,2016-05-29
PLN18733E136C,CUST100032002,IoT Data Plan,Postpaid Mobile,139.03,50,500,-1,2026-02-01
PLN2825567187,CUST100023176,Fiber 1Gbps,Postpaid Mobile,136.67,10,-1,-1,2017-03-29
PLNACF80053BF,CUST100069932,Family Share 10GB,Postpaid Mobile,37.82,50,1000,500,2023-04-09
PLN8FE2849F18,CUST100025520,IoT Data Plan,Broadband,21.85,5,-1,500,2018-03-25
PLN515DD438FC,CUST100012889,Unlimited Basic,Postpaid Mobile,102.27,10,1000,-1,2015-05-02
PLNEE31D2365A,CUST100079130,IoT Data Plan,Postpaid Mobile,115.79,10,-1,500,2021-05-28
PLN5611E92338,CUST100005725,Fiber 1Gbps,Postpaid Mobile,83.22,2,500,-1,2022-06-19
PLNE4A241C12F,CUST100075586,IoT Data Plan,Broadband,40.21,20,500,-1,2021-03-09
PLNA4D1EED97D,CUST100096560,Unlimited Plus,IoT,89.29,2,500,100,2022-10-07
PLNECF9F6B1C9,CUST100090772,Prepaid 5GB,Broadband,93.08,20,-1,100,2018-10-20
PLN0B24D0FEE5,CUST100038053,Family Share 10GB,Prepaid Mobile,58.36,-1,500,-1,2023-04-09
PLNB92F13B3B4,CUST100034252,IoT Data Plan,Postpaid Mobile,63.17,50,1000,500,2022-09-30
PLN28ECB463E3,CUST100083105,IoT Data Plan,Postpaid Mobile,89.36,20,500,100,2017-09-17
PLN47D8D02758,CUST100001020,Unlimited Basic,Broadband,41.21,5,-1,100,2025-09-23
PLNA70D716C6A,CUST100027593,Family Share 10GB,Postpaid Mobile,22.96,10,500,500,2017-09-08
PLN5498EFFA4E,CUST100040276,Unlimited Premium,Postpaid Mobile,146.12,5,1000,500,2025-03-02
PLN87C03C742F,CUST100058159,Fiber 500Mbps,Postpaid Mobile,137.76,50,-1,500,2021-01-11
PLN23A858F9FB,CUST100037425,Fiber 1Gbps,Broadband,111.91,10,1000,100,2018-12-19
PLN85AFA122C3,CUST100023042,Unlimited Basic,Postpaid Mobile,28.0,50,500,500,2019-08-19
PLN5A074EE645,CUST100065512,Unlimited Premium,Prepaid Mobile,62.26,20,1000,100,2025-09-26
PLN42A404D788,CUST100054418,Unlimited Plus,Postpaid Mobile,118.79,50,1000,500,2023-11-19
PLNB729969496,CUST100008972,Unlimited Premium,Postpaid Mobile,19.5,20,1000,100,2023-08-13
PLND727A5FD55,CUST100018073,Unlimited Plus,Broadband,23.06,5,-1,500,2026-05-09
PLNEC1B6D8D50,CUST100046882,Fiber 500Mbps,Postpaid Mobile,73.25,2,500,-1,2015-02-26
PLNB1A6A84AC3,CUST100082531,Fiber 500Mbps,Postpaid Mobile,117.66,5,1000,500,2018-06-15
PLNDE28E3DBDC,CUST100082568,Unlimited Premium,Prepaid Mobile,39.05,20,1000,100,2016-09-08
PLN95A97551F6,CUST100021418,Fiber 1Gbps,Postpaid Mobile,114.6,-1,-1,100,2015-08-10
PLN34CFE12CDE,CUST100082933,Fiber 1Gbps,Postpaid Mobile,109.42,-1,-1,-1,2018-09-11
PLN3ADF68934C,CUST100048859,Prepaid 5GB,Broadband,146.63,5,1000,-1,2024-04-22
PLN9827835E3C,CUST100098502,Unlimited Basic,Postpaid Mobile,141.72,10,1000,100,2024-12-10
PLN796906F239,CUST100004861,Unlimited Premium,Prepaid Mobile,94.27,20,500,500,2021-02-05
PLN08208CC614,CUST100092401,Unlimited Basic,Broadband,86.52,2,500,500,2015-02-13
PLN3D0D27B98F,CUST100042263,Unlimited Plus,Postpaid Mobile,88.49,10,500,500,2026-04-05
PLN2A161C4CD7,CUST100076996,IoT Data Plan,Broadband,93.59,10,500,100,2023-08-06
PLN420351C16C,CUST100086913,Fiber 1Gbps,IoT,100.4,-1,1000,500,2017-08-01
PLN36D0725546,CUST100065134,Prepaid 5GB,Prepaid Mobile,101.84,5,500,500,2023-04-24
PLN74052A9F74,CUST100084627,Unlimited Basic,Postpaid Mobile,88.07,-1,1000,500,2018-04-21
PLNA3748433ED,CUST100066119,Fiber 500Mbps,Prepaid Mobile,40.11,2,500,-1,2025-07-18
PLN871312F772,CUST100076104,Unlimited Premium,Broadband,133.95,20,500,-1,2015-10-02
PLN64DA924A31,CUST100025201,Unlimited Plus,Postpaid Mobile,97.65,2,1000,500,2017-11-29
PLNBAC2FC9B64,CUST100003894,Unlimited Premium,Postpaid Mobile,110.95,20,-1,500,2018-10-24
PLN26B3CDA610,CUST100055734,Family Share 10GB,Postpaid Mobile,16.52,20,500,-1,2022-07-12
PLNB2DA00879E,CUST100081804,Family Share 10GB,Prepaid Mobile,112.99,20,500,500,2024-07-12
PLN58DF5DED3E,CUST100033584,IoT Data Plan,Postpaid Mobile,20.79,10,-1,500,2015-03-14
PLN2229A2C8A4,CUST100092204,Unlimited Basic,Postpaid Mobile,28.36,5,500,-1,2021-06-26
PLNE0ED3F45AD,CUST100074353,Family Share 10GB,Broadband,50.55,10,-1,-1,2024-10-18
PLN791FACAD27,CUST100093085,Unlimited Plus,Postpaid Mobile,86.46,50,-1,100,2020-09-17
PLNB0054541DC,CUST100040547,Unlimited Plus,Prepaid Mobile,56.64,-1,1000,100,2025-07-19
PLN6A625FAB6C,CUST100065885,IoT Data Plan,Prepaid Mobile,45.38,5,-1,-1,2019-11-07
PLN1CD658E47D,CUST100077422,Prepaid 5GB,Broadband,47.76,50,1000,-1,2016-03-31
PLNDD567347A6,CUST100060476,Fiber 1Gbps,Postpaid Mobile,100.82,50,-1,-1,2017-07-22
PLN3C0029E0C0,CUST100099497,Prepaid 5GB,Prepaid Mobile,34.52,10,1000,100,2019-10-31
PLNA490FD73B1,CUST100060427,Fiber 500Mbps,Postpaid Mobile,104.77,20,1000,500,2024-02-10
PLN518B4E3219,CUST100099600,Unlimited Plus,Prepaid Mobile,50.64,2,1000,-1,2021-11-27
PLNED44FBA4FB,CUST100035317,Fiber 1Gbps,Postpaid Mobile,46.3,10,-1,100,2023-09-25
PLN18719621FE,CUST100001860,Unlimited Premium,Postpaid Mobile,18.8,10,-1,100,2016-07-31
PLN687D09AD09,CUST100096731,Unlimited Plus,Postpaid Mobile,102.57,50,1000,-1,2019-04-10
PLN40EE456212,CUST100080147,IoT Data Plan,Postpaid Mobile,137.25,-1,500,-1,2019-09-15
PLN69810CD968,CUST100076367,Unlimited Plus,Broadband,45.87,20,-1,-1,2018-11-30
PLN472F5FA6EE,CUST100055141,Fiber 1Gbps,Postpaid Mobile,133.57,2,1000,500,2023-08-22
PLN87D3ADB8FE,CUST100096254,Fiber 500Mbps,Prepaid Mobile,49.11,2,1000,500,2020-05-18
PLNC6706607AB,CUST100088155,Fiber 1Gbps,Prepaid Mobile,102.97,2,-1,500,2017-01-11
PLN76972734F0,CUST100057485,Unlimited Premium,Prepaid Mobile,75.78,2,-1,500,2023-08-21
PLNF03F28827F,CUST100043095,Unlimited Premium,Postpaid Mobile,47.2,10,500,500,2026-04-04
PLNB093AD9E31,CUST100082970,Fiber 500Mbps,Prepaid Mobile,137.0,2,-1,-1,2025-10-10
PLNB5A47599A9,CUST100009808,Fiber 500Mbps,Postpaid Mobile,128.23,10,500,500,2018-04-29
PLN48DE47B28F,CUST100066859,Unlimited Premium,Prepaid Mobile,17.0,-1,-1,500,2017-12-30
PLND376974777,CUST100089125,Family Share 10GB,Postpaid Mobile,124.85,50,-1,500,2017-05-18
PLN768F24F7D7,CUST100068556,Unlimited Basic,Postpaid Mobile,71.18,50,1000,100,2023-05-27
PLNF74E05405E,CUST100048936,Unlimited Basic,Prepaid Mobile,124.49,2,1000,100,2019-06-03
PLN0B3898420D,CUST100087623,Unlimited Premium,Broadband,64.15,20,-1,500,2020-09-05
PLN95A2110F21,CUST100010476,Prepaid 5GB,Postpaid Mobile,108.0,5,500,100,2018-02-25
PLND750427B8C,CUST100015516,Fiber 1Gbps,Postpaid Mobile,51.62,2,1000,100,2021-08-13
PLN393657E43A,CUST100026156,IoT Data Plan,Postpaid Mobile,147.18,-1,1000,100,2021-06-30
PLN2678653DB3,CUST100088894,Fiber 500Mbps,Prepaid Mobile,126.92,10,500,100,2020-09-21
PLNF887DD3B2D,CUST100049978,IoT Data Plan,Postpaid Mobile,41.4,5,1000,500,2023-07-29
PLNA112C3DFE5,CUST100040394,Unlimited Basic,Postpaid Mobile,139.11,50,1000,500,2017-11-17
PLN1B66602612,CUST100031652,Unlimited Basic,Broadband,136.36,2,1000,100,2022-07-25
PLNA9B1108232,CUST100013400,Family Share 10GB,IoT,95.93,10,500,-1,2022-08-18
PLN036F731E51,CUST100037486,Unlimited Basic,Prepaid Mobile,95.76,20,-1,-1,2024-03-29
PLN0498B7A0F5,CUST100001568,Unlimited Basic,Postpaid Mobile,25.31,-1,1000,100,2020-07-24
PLN58C2C0557E,CUST100062643,Unlimited Basic,Broadband,149.08,-1,500,100,2019-05-31
PLNA1B96D7030,CUST100002398,Unlimited Plus,Broadband,114.01,10,1000,500,2024-01-10
PLN61C9066BE1,CUST100036728,Unlimited Plus,IoT,69.93,20,1000,-1,2020-07-17
PLN16DD1C9FD5,CUST100020155,Unlimited Basic,Postpaid Mobile,36.57,10,-1,100,2021-04-14
PLN389C65967B,CUST100099634,Unlimited Basic,Postpaid Mobile,58.83,50,1000,500,2026-01-09
PLN9ADA6757BA,CUST100001322,Family Share 10GB,Postpaid Mobile,82.16,-1,-1,100,2024-06-11
PLNDA55ECE516,CUST100081889,Unlimited Premium,Postpaid Mobile,119.74,50,500,-1,2015-04-07
PLN5E483F7659,CUST100075259,Fiber 500Mbps,Postpaid Mobile,122.34,5,-1,500,2021-12-17
PLN4C981E750D,CUST100092636,Unlimited Premium,Prepaid Mobile,94.51,20,-1,-1,2018-05-10
PLNA905CC3C49,CUST100027059,Unlimited Premium,Postpaid Mobile,115.52,10,-1,-1,2024-09-14
PLNA1C2ABE4CC,CUST100089443,Fiber 1Gbps,Prepaid Mobile,79.35,5,1000,-1,2025-09-30
PLN330E2E4A2F,CUST100046245,Unlimited Plus,Postpaid Mobile,137.2,50,500,-1,2021-09-26
PLN82CD1D7FA2,CUST100003992,Fiber 1Gbps,Postpaid Mobile,105.88,-1,-1,500,2026-01-02
PLN2BDF2869C2,CUST100026810,Unlimited Premium,Postpaid Mobile,42.73,2,1000,500,2018-09-23
PLN6550A40ACD,CUST100058007,Unlimited Basic,Prepaid Mobile,64.11,5,500,500,2017-10-03
PLN1454C53DEA,CUST100093906,Unlimited Premium,Postpaid Mobile,89.09,20,-1,-1,2024-04-01
PLNFCB091BDC5,CUST100087426,Prepaid 5GB,Prepaid Mobile,91.87,-1,500,100,2017-06-07
PLN301797EA3E,CUST100068847,Unlimited Basic,IoT,90.23,50,-1,500,2021-11-13
PLNBDB7BF0F9A,CUST100002120,Unlimited Plus,Broadband,131.83,5,500,500,2016-09-29
PLNBE811314D3,CUST100043234,Unlimited Premium,Postpaid Mobile,79.93,-1,500,-1,2017-10-18
PLNFC79B97AF3,CUST100027986,Unlimited Premium,Postpaid Mobile,59.11,50,500,500,2025-11-30
PLNA3A5BF0DB5,CUST100010786,IoT Data Plan,Prepaid Mobile,104.38,20,1000,500,2015-07-15
PLNCBF462BFAD,CUST100033972,Unlimited Premium,Postpaid Mobile,128.51,2,500,500,2026-01-18
PLN41ED8C8A46,CUST100032573,Family Share 10GB,Broadband,109.48,10,500,500,2016-12-12
PLNE7385AE3A8,CUST100021606,Unlimited Plus,Postpaid Mobile,57.44,2,1000,500,2019-11-14
PLNF884F17EAA,CUST100074144,Unlimited Basic,Postpaid Mobile,140.53,10,1000,500,2024-08-19
PLNAD3307D42E,CUST100097167,Fiber 500Mbps,Postpaid Mobile,101.27,20,1000,500,2022-08-18
PLN6B965F5B81,CUST100033560,IoT Data Plan,Postpaid Mobile,38.04,50,500,500,2018-09-10
PLN9E1C7A6144,CUST100053949,Unlimited Plus,Postpaid Mobile,96.05,2,-1,500,2026-04-08
PLN8BF6DBE0A4,CUST100022834,Prepaid 5GB,Postpaid Mobile,24.14,5,500,500,2023-10-29
PLN42393A0134,CUST100019000,Unlimited Plus,Postpaid Mobile,52.92,5,1000,500,2022-02-13
PLN2C403DD40E,CUST100078174,Family Share 10GB,Postpaid Mobile,35.69,20,-1,-1,2023-10-10
PLND8B4E07932,CUST100068599,Unlimited Plus,Broadband,90.5,20,-1,500,2018-01-01
PLN1420FC2037,CUST100035263,Unlimited Premium,Broadband,93.9,-1,500,500,2020-11-28
PLN34E92CD556,CUST100012566,IoT Data Plan,Broadband,102.3,2,-1,100,2022-06-02
PLN62020838F5,CUST100042961,Fiber 1Gbps,Postpaid Mobile,48.57,-1,-1,-1,2022-06-14
PLN8DF1F0F38E,CUST100014748,Fiber 1Gbps,Postpaid Mobile,34.71,10,-1,100,2024-02-13
PLN065251E22B,CUST100015213,Prepaid 5GB,Postpaid Mobile,131.04,5,1000,500,2024-02-09
PLN337B407F7C,CUST100078855,Family Share 10GB,Postpaid Mobile,130.74,-1,500,-1,2023-11-24
PLN2827E9C3B2,CUST100077491,Prepaid 5GB,Prepaid Mobile,22.57,2,500,100,2019-12-28
PLN04E5BFCF4D,CUST100016464,IoT Data Plan,Postpaid Mobile,78.1,-1,500,-1,2019-07-16
PLNB0AD7B57A1,CUST100076112,Family Share 10GB,Postpaid Mobile,134.24,5,500,100,2025-09-21
PLN07E287FBCA,CUST100088878,IoT Data Plan,Postpaid Mobile,61.99,2,500,100,2022-08-25
PLN90E0CC78E9,CUST100062694,Prepaid 5GB,Postpaid Mobile,118.26,5,-1,-1,2020-04-26
PLNEDEBF3A49A,CUST100056597,Unlimited Plus,Postpaid Mobile,115.6,2,1000,-1,2024-03-20
PLN2D328A8F57,CUST100054461,Unlimited Basic,Broadband,93.87,20,-1,500,2019-11-05
PLN3F786BFA69,CUST100040692,Unlimited Plus,Broadband,96.48,2,1000,100,2015-03-11
PLN29C023592B,CUST100034047,Unlimited Plus,Postpaid Mobile,70.12,10,-1,500,2022-08-14
PLN8A6714C8F9,CUST100025146,Unlimited Basic,Postpaid Mobile,92.86,5,500,500,2019-01-15
PLN201B40BECF,CUST100079747,Unlimited Basic,Postpaid Mobile,39.71,5,1000,-1,2020-02-05
PLN35891A076F,CUST100062006,Fiber 1Gbps,Prepaid Mobile,98.13,5,500,100,2016-08-27
PLN1425587C86,CUST100060761,Family Share 10GB,Postpaid Mobile,92.25,5,1000,500,2024-07-02
PLNB0AA03E34E,CUST100011823,Fiber 1Gbps,Prepaid Mobile,100.87,20,500,-1,2019-08-29
PLN31ACD2D5DB,CUST100018467,Fiber 500Mbps,Postpaid Mobile,37.82,10,1000,-1,2015-04-19
PLN32B43BBC1D,CUST100031422,Family Share 10GB,Broadband,112.45,5,-1,-1,2022-11-13
PLN5087C7E4DD,CUST100066242,Prepaid 5GB,Postpaid Mobile,45.25,50,500,-1,2020-04-15
PLNBCAE2C6CE5,CUST100063402,Unlimited Plus,Postpaid Mobile,35.47,10,-1,100,2024-04-05
PLN22B208009B,CUST100032885,Unlimited Premium,Postpaid Mobile,132.8,-1,500,500,2023-05-05
PLNC43EA0ABF8,CUST100088814,Unlimited Premium,Prepaid Mobile,112.59,10,1000,100,2018-04-12
PLN45665B0F71,CUST100018320,Prepaid 5GB,IoT,55.09,20,1000,-1,2022-08-02
PLN19594EFD0D,CUST100048015,Fiber 1Gbps,Postpaid Mobile,21.32,10,1000,-1,2021-12-18
PLN9154426D9A,CUST100066452,Fiber 1Gbps,Postpaid Mobile,37.44,2,1000,100,2020-08-26
PLNFDC70E2976,CUST100024076,Unlimited Premium,Postpaid Mobile,105.83,5,-1,100,2025-03-04
PLNE948C1C33B,CUST100081264,Unlimited Plus,Postpaid Mobile,95.9,5,500,-1,2021-12-02
PLN92F6CD66BE,CUST100080201,Unlimited Basic,Postpaid Mobile,53.64,10,500,-1,2016-11-01
PLN1CE17DCC97,CUST100016690,Unlimited Premium,Prepaid Mobile,43.8,5,500,100,2018-08-28
PLN64E9BD0BC0,CUST100021708,Fiber 500Mbps,Broadband,66.73,5,500,100,2024-09-16
PLN3DE9B9AA80,CUST100092833,Unlimited Premium,Broadband,87.34,10,-1,-1,2015-10-04
PLN1C64668F31,CUST100032577,Fiber 1Gbps,Broadband,138.55,20,500,100,2023-08-29
PLN1DA62E9450,CUST100062327,Unlimited Premium,Broadband,111.05,5,500,-1,2015-09-26
PLN71A7E1E332,CUST100042359,Fiber 500Mbps,Broadband,81.52,2,-1,500,2018-02-04
PLN8CEE1E0980,CUST100089875,IoT Data Plan,Postpaid Mobile,145.27,50,1000,100,2024-11-19
PLN66A9449722,CUST100047768,Prepaid 5GB,Postpaid Mobile,96.75,5,1000,-1,2021-09-13
PLN97CDED7863,CUST100049197,IoT Data Plan,Postpaid Mobile,129.39,5,1000,500,2023-01-30
PLN3AA42167BF,CUST100009830,Family Share 10GB,Postpaid Mobile,74.01,10,1000,-1,2023-09-01
PLN0B3878717F,CUST100044379,Unlimited Basic,Postpaid Mobile,23.36,20,1000,100,2021-07-05
PLNA82D04676A,CUST100070100,IoT Data Plan,Postpaid Mobile,52.56,20,1000,-1,2024-07-28
PLN2DCD5C9EC3,CUST100045991,IoT Data Plan,Postpaid Mobile,143.92,5,1000,-1,2023-01-16
PLN2028B87F46,CUST100041509,IoT Data Plan,Prepaid Mobile,17.45,50,1000,100,2023-08-22
PLN3985418909,CUST100040452,Prepaid 5GB,Postpaid Mobile,17.36,-1,500,-1,2024-12-02
PLN0120D7FAAE,CUST100045074,Family Share 10GB,Postpaid Mobile,94.67,-1,1000,500,2023-04-12
PLND8BE4A0BB7,CUST100094550,Family Share 10GB,Prepaid Mobile,110.18,-1,500,500,2023-09-26
PLN21D6706DFB,CUST100004773,Prepaid 5GB,Prepaid Mobile,76.72,20,500,500,2023-12-04
PLN1CB0F35D61,CUST100048973,Prepaid 5GB,Postpaid Mobile,52.66,10,500,500,2018-03-24
PLN55CDF4FBFF,CUST100029346,Prepaid 5GB,Postpaid Mobile,39.6,5,-1,-1,2016-04-13
PLN5C314D430E,CUST100077129,Prepaid 5GB,Postpaid Mobile,105.7,-1,1000,100,2015-05-01
PLN4477848019,CUST100070601,Family Share 10GB,Prepaid Mobile,126.54,2,-1,-1,2017-02-20
PLN1C8535314F,CUST100050497,Fiber 1Gbps,Postpaid Mobile,82.87,20,500,100,2016-01-30
PLN04EC1882F0,CUST100038822,Fiber 500Mbps,Broadband,54.14,20,-1,500,2025-05-09
PLNFF57F8094B,CUST100006029,Family Share 10GB,Postpaid Mobile,128.58,50,-1,100,2018-09-30
PLN86012B20E8,CUST100025927,Family Share 10GB,Broadband,149.66,-1,1000,500,2024-08-09
PLN2488F22CC8,CUST100076616,Fiber 1Gbps,Postpaid Mobile,122.31,2,-1,500,2015-02-16
PLN26734C2663,CUST100005772,Unlimited Basic,Postpaid Mobile,15.23,2,-1,-1,2021-06-09
PLNACF3414D1A,CUST100028645,Fiber 1Gbps,Postpaid Mobile,51.29,20,1000,100,2019-11-12
PLN2E1E6BBA9F,CUST100076221,IoT Data Plan,Postpaid Mobile,114.65,20,-1,-1,2016-03-12
PLN42CDD2FC63,CUST100072890,Unlimited Premium,Prepaid Mobile,103.08,-1,-1,100,2025-09-01
PLN48050F6151,CUST100024352,Unlimited Plus,Prepaid Mobile,81.37,50,-1,100,2018-08-26
PLNA869813D1A,CUST100082340,Fiber 1Gbps,Prepaid Mobile,122.6,50,-1,-1,2017-12-18
PLN7C0C95B707,CUST100021472,Family Share 10GB,Prepaid Mobile,37.36,-1,-1,-1,2026-05-02
PLNDA2C55A85D,CUST100016511,IoT Data Plan,Prepaid Mobile,54.25,20,500,-1,2015-07-28
PLN3BC3C20655,CUST100065921,Fiber 1Gbps,Broadband,88.18,-1,1000,100,2023-01-11
PLN7D79B4435C,CUST100027352,IoT Data Plan,Prepaid Mobile,59.68,5,1000,-1,2015-06-30
PLNF7F745FFC3,CUST100060063,Fiber 1Gbps,Postpaid Mobile,109.1,-1,1000,100,2024-12-03
PLN58733791DE,CUST100024040,Unlimited Premium,Postpaid Mobile,121.73,20,-1,500,2016-09-11
PLNE7EA10F2DB,CUST100097714,Family Share 10GB,Broadband,128.64,20,500,100,2020-04-07
PLN74C53A83A3,CUST100089004,IoT Data Plan,Postpaid Mobile,54.19,50,500,100,2017-09-24
PLN95B412C0C7,CUST100041751,Fiber 500Mbps,Postpaid Mobile,54.89,20,500,100,2022-10-19
PLNADAA49B5AB,CUST100009688,Fiber 500Mbps,Postpaid Mobile,28.67,2,500,-1,2025-08-12
PLNCFF57F08B6,CUST100065812,Unlimited Premium,Postpaid Mobile,25.88,20,500,100,2022-10-31
PLNF38424B4A4,CUST100047617,IoT Data Plan,Prepaid Mobile,76.89,20,1000,500,2025-03-05
PLN0605B4ACFA,CUST100030142,IoT Data Plan,Broadband,106.81,5,1000,500,2025-10-14
PLN10CC794B88,CUST100081409,IoT Data Plan,Postpaid Mobile,96.06,5,-1,500,2019-03-17
PLN2B3145B57E,CUST100075848,Fiber 500Mbps,Postpaid Mobile,77.17,-1,500,-1,2020-07-27
PLN48FB2A452C,CUST100000676,IoT Data Plan,Prepaid Mobile,60.55,5,-1,100,2016-12-13
PLN9990BA48CE,CUST100075827,IoT Data Plan,Postpaid Mobile,96.74,5,-1,-1,2019-06-04
PLNC532C49908,CUST100072041,IoT Data Plan,Postpaid Mobile,100.66,10,500,100,2018-09-18
PLNA3FC669B63,CUST100053589,Unlimited Basic,Broadband,48.7,50,500,500,2015-12-27
PLNBC3277ECBB,CUST100011976,IoT Data Plan,Broadband,53.23,50,500,100,2021-04-09
PLN6945F6B0CD,CUST100009715,IoT Data Plan,Prepaid Mobile,122.2,5,1000,500,2019-04-23
PLNE01562E1C1,CUST100052916,Fiber 1Gbps,Prepaid Mobile,81.76,50,-1,100,2022-03-26
PLNB39A284F7D,CUST100099094,Fiber 500Mbps,Broadband,78.37,-1,500,100,2023-11-14
PLN15A8F0FEB0,CUST100058969,Family Share 10GB,Prepaid Mobile,33.99,2,1000,-1,2019-03-08
PLN04BBA66198,CUST100071945,Fiber 500Mbps,Prepaid Mobile,83.18,-1,1000,-1,2018-06-11
PLNA3F6348E12,CUST100009008,Prepaid 5GB,Broadband,36.08,5,1000,-1,2023-01-03
PLN840253155E,CUST100041304,Unlimited Premium,Postpaid Mobile,101.35,5,1000,-1,2024-09-05
PLNB9998DF523,CUST100066417,Unlimited Plus,Postpaid Mobile,148.38,2,500,500,2015-08-25
PLN696C97CC49,CUST100098194,IoT Data Plan,Broadband,69.67,10,1000,-1,2020-03-20
PLNB459F837C3,CUST100004975,Family Share 10GB,Prepaid Mobile,53.83,5,1000,500,2017-01-21
PLN6856769709,CUST100049997,IoT Data Plan,Broadband,87.84,-1,-1,100,2019-02-21
PLNEBA9079892,CUST100025413,Prepaid 5GB,Prepaid Mobile,71.8,-1,1000,-1,2025-04-06
PLN136EE70748,CUST100021026,Unlimited Plus,Postpaid Mobile,134.71,10,1000,500,2017-08-22
PLND6A46A56DD,CUST100007631,Unlimited Premium,Postpaid Mobile,28.46,10,500,-1,2023-01-18
PLN92F17325E3,CUST100018692,Family Share 10GB,Broadband,82.79,2,500,500,2018-07-20
PLN24B9D3C090,CUST100058528,Unlimited Basic,Prepaid Mobile,104.72,50,500,100,2017-05-31
PLNC846A58D8C,CUST100098872,Unlimited Basic,Postpaid Mobile,120.75,2,1000,-1,2015-09-07
PLNFA7DA0442C,CUST100002293,Prepaid 5GB,Postpaid Mobile,21.78,5,-1,100,2024-12-23
PLNF3AA28E37B,CUST100014271,Fiber 1Gbps,Postpaid Mobile,39.27,50,500,-1,2019-01-25
PLN377DE69930,CUST100097434,Unlimited Premium,Postpaid Mobile,69.95,10,-1,100,2021-06-18
PLN0E592718E5,CUST100021824,Prepaid 5GB,Broadband,88.9,20,500,-1,2017-04-24
PLNDEEE8F7354,CUST100041231,Fiber 500Mbps,Broadband,91.9,-1,-1,-1,2018-04-17
PLN656F4BBDEC,CUST100000804,Unlimited Premium,Prepaid Mobile,55.29,2,1000,500,2025-10-10
PLNBD0F4641BF,CUST100003313,Fiber 500Mbps,Prepaid Mobile,131.22,2,-1,-1,2023-10-01
PLNBFD5ED0E1D,CUST100072423,Unlimited Premium,Postpaid Mobile,29.65,5,500,-1,2016-03-14
PLNCFDD61B75E,CUST100037870,IoT Data Plan,Postpaid Mobile,24.4,50,-1,500,2021-06-01
PLN162B0A86E5,CUST100033729,IoT Data Plan,Postpaid Mobile,108.3,-1,1000,500,2023-05-12
PLND2E66922BD,CUST100039412,Fiber 1Gbps,Broadband,29.88,10,500,-1,2015-06-28
PLND9C2869483,CUST100099996,Family Share 10GB,Postpaid Mobile,130.98,5,-1,100,2021-10-13
PLNE996F0EB34,CUST100014985,Fiber 1Gbps,Postpaid Mobile,126.75,20,500,-1,2018-03-05
PLN814FAFFB4C,CUST100012828,Unlimited Premium,Postpaid Mobile,61.66,-1,-1,100,2021-04-23
PLNC99F631EAE,CUST100031205,Fiber 500Mbps,Prepaid Mobile,49.01,-1,500,100,2026-04-23
PLN50E3F2A764,CUST100062076,Unlimited Premium,Postpaid Mobile,89.14,10,-1,500,2022-06-07
PLN483F1437DA,CUST100064870,Prepaid 5GB,Prepaid Mobile,116.68,20,500,500,2026-03-18
PLNA84ED42ADC,CUST100025931,IoT Data Plan,Postpaid Mobile,103.79,2,-1,-1,2020-02-07
PLN58ECF30ABF,CUST100040979,Family Share 10GB,Prepaid Mobile,94.86,5,500,100,2024-12-29
PLN3DD49DD4CB,CUST100021326,Unlimited Basic,Broadband,114.08,5,1000,500,2022-02-25
PLN93845BF9AD,CUST100060803,Prepaid 5GB,Prepaid Mobile,24.51,20,500,500,2025-05-20
PLNF4E82DA467,CUST100088928,Unlimited Premium,Prepaid Mobile,129.53,2,500,-1,2021-10-20
PLNBB3DC60D2E,CUST100061546,Unlimited Plus,Prepaid Mobile,73.28,2,500,-1,2023-07-14
PLNB0BCFC0A1A,CUST100009317,Fiber 500Mbps,Postpaid Mobile,125.34,5,-1,100,2026-06-07
PLNDEDC3E4B49,CUST100035953,Family Share 10GB,Prepaid Mobile,23.37,5,1000,100,2025-06-14
PLNF3ACC37FFB,CUST100033107,IoT Data Plan,Postpaid Mobile,15.58,10,500,500,2024-11-25
PLNBB63768A45,CUST100091355,IoT Data Plan,Postpaid Mobile,39.49,20,1000,100,2018-10-05
PLNAC318C7357,CUST100004448,IoT Data Plan,IoT,124.89,20,1000,-1,2026-06-05
PLNBCB6BC9544,CUST100037571,IoT Data Plan,Broadband,136.69,5,-1,-1,2018-10-31
PLNBF42708C33,CUST100013478,Fiber 1Gbps,Postpaid Mobile,16.21,5,500,100,2026-03-11
PLNCFA20AF0DF,CUST100026773,Family Share 10GB,Postpaid Mobile,23.74,-1,-1,100,2024-11-04
PLNCDCE5BBBA3,CUST100090733,IoT Data Plan,Postpaid Mobile,122.07,50,500,-1,2017-05-09
PLN66E6461738,CUST100023977,Fiber 1Gbps,Postpaid Mobile,133.63,10,500,100,2016-08-07
PLN88B47A44D6,CUST100054161,Fiber 1Gbps,Postpaid Mobile,60.51,-1,500,-1,2026-04-19
PLN3D4AE20354,CUST100000185,Fiber 500Mbps,Postpaid Mobile,82.64,20,500,500,2024-07-03
PLN946E13E1AD,CUST100012237,Family Share 10GB,Prepaid Mobile,106.1,10,1000,100,2016-11-07
PLNBA0DA6A05D,CUST100084276,Unlimited Basic,Postpaid Mobile,61.63,10,-1,100,2022-01-09
PLN79B623D101,CUST100064202,Unlimited Premium,Broadband,142.95,10,500,100,2025-10-19
PLN58BBD4AF12,CUST100086577,Prepaid 5GB,Prepaid Mobile,98.49,5,-1,-1,2015-02-26
PLN538E65E929,CUST100000403,IoT Data Plan,Prepaid Mobile,104.84,50,-1,500,2019-08-16
PLN2AF4FD63E6,CUST100043819,Fiber 500Mbps,Prepaid Mobile,97.4,50,1000,500,2025-10-11
PLN99AF3C78E8,CUST100009485,Fiber 500Mbps,Postpaid Mobile,98.79,5,500,100,2015-07-11
PLNCADA6C9CBF,CUST100072289,Unlimited Basic,Prepaid Mobile,126.11,20,-1,-1,2024-12-05
PLN7B8BB73A71,CUST100044317,Family Share 10GB,IoT,109.2,5,500,100,2020-07-05
PLNF9BB47D463,CUST100005950,IoT Data Plan,Postpaid Mobile,40.38,2,-1,-1,2017-07-11
PLN235B57CCD2,CUST100086094,Unlimited Premium,Broadband,54.86,2,-1,500,2026-01-14
PLND6FF3EEBB7,CUST100088366,Prepaid 5GB,Broadband,40.06,5,1000,500,2016-02-28
PLN75FB0DC171,CUST100089213,IoT Data Plan,Postpaid Mobile,147.89,50,1000,-1,2025-02-24
PLNE8850EFFBD,CUST100081998,Unlimited Plus,Prepaid Mobile,137.84,20,500,500,2024-12-10
PLNAFE0C8DB01,CUST100049093,Family Share 10GB,Broadband,31.04,2,-1,-1,2017-12-09
PLNF0E7BE6043,CUST100025748,Fiber 1Gbps,Prepaid Mobile,113.15,50,500,500,2019-10-01
PLNDB18DF6924,CUST100061015,IoT Data Plan,Postpaid Mobile,94.61,10,500,500,2016-03-10
PLN9A043BC752,CUST100010635,Fiber 500Mbps,Postpaid Mobile,74.53,2,-1,100,2023-08-08
PLN91C2D47F95,CUST100033587,Unlimited Plus,Postpaid Mobile,20.36,20,1000,-1,2020-09-04
PLN24C36D6D77,CUST100035813,IoT Data Plan,Broadband,43.76,2,1000,-1,2015-06-12
PLNE11AB3CBF0,CUST100055707,IoT Data Plan,Postpaid Mobile,61.71,-1,1000,-1,2020-08-17
PLN1E58CA22CD,CUST100046701,Unlimited Basic,Prepaid Mobile,59.7,10,500,500,2023-10-26
PLN49EF6E71BB,CUST100084397,Fiber 500Mbps,Postpaid Mobile,139.87,10,-1,500,2020-03-25
PLNF1BD3CF556,CUST100061500,Fiber 1Gbps,Postpaid Mobile,132.49,-1,500,500,2016-06-04
PLN45A1D8D08C,CUST100032043,Fiber 1Gbps,Prepaid Mobile,49.34,20,500,-1,2022-10-13
PLN587704B74C,CUST100085551,Fiber 1Gbps,Postpaid Mobile,134.71,-1,1000,500,2015-12-12
PLN0C9E9555A1,CUST100030592,Unlimited Plus,Postpaid Mobile,107.0,50,500,100,2018-05-09
PLN6ABA67CC5D,CUST100020815,Unlimited Plus,IoT,134.72,50,-1,500,2016-03-13
PLN43DB1B4E72,CUST100043830,IoT Data Plan,Postpaid Mobile,145.25,2,-1,-1,2019-04-17
PLN422DB45D64,CUST100068676,Unlimited Basic,Prepaid Mobile,57.19,2,500,500,2020-01-27
PLN1337DD8488,CUST100066636,Fiber 1Gbps,Postpaid Mobile,63.38,2,1000,100,2021-08-26
PLN5E05865E75,CUST100061755,Prepaid 5GB,Postpaid Mobile,25.05,5,-1,-1,2017-03-02
PLN0128F26995,CUST100038871,Unlimited Plus,Broadband,141.0,-1,500,500,2023-06-24
PLN1272C18778,CUST100006275,Fiber 1Gbps,Postpaid Mobile,78.96,50,-1,-1,2018-10-30
PLN160DACE8A4,CUST100048191,Unlimited Premium,Postpaid Mobile,75.76,50,-1,500,2023-08-26
PLN28C2DF4EC2,CUST100092489,Fiber 500Mbps,Prepaid Mobile,126.09,5,1000,-1,2024-07-02
PLNE42CCEE84D,CUST100000363,Unlimited Basic,Postpaid Mobile,33.13,50,500,-1,2019-04-05
PLND2ACB4E19F,CUST100012872,Unlimited Basic,Postpaid Mobile,72.39,50,1000,100,2023-04-15
PLN1CB01DD9B7,CUST100073304,Fiber 1Gbps,Prepaid Mobile,88.79,5,1000,100,2021-11-15
PLNCE4838BA35,CUST100095103,Fiber 1Gbps,Postpaid Mobile,88.13,5,500,500,2022-05-03
PLN6FAC6D9E1C,CUST100012988,Prepaid 5GB,Postpaid Mobile,76.24,-1,-1,-1,2016-03-18
PLNA50B2968BA,CUST100051669,Family Share 10GB,Prepaid Mobile,21.39,2,-1,100,2015-05-13
PLN3226DC9E89,CUST100072121,Prepaid 5GB,Postpaid Mobile,132.06,50,-1,500,2023-06-06
PLNCAD058770A,CUST100037382,Unlimited Plus,Prepaid Mobile,92.36,10,-1,500,2024-09-27
PLN60DEFAFBDD,CUST100022974,Unlimited Basic,Postpaid Mobile,104.4,50,-1,100,2023-12-12
PLNEE40371DCC,CUST100016055,Unlimited Basic,Prepaid Mobile,141.55,50,500,-1,2017-09-07
PLN3596A6E250,CUST100009900,Prepaid 5GB,Broadband,124.69,2,1000,-1,2018-04-22
PLNDB7FF6B20D,CUST100031811,Fiber 500Mbps,Postpaid Mobile,120.43,5,-1,100,2017-04-09
PLNB027113954,CUST100077485,Unlimited Premium,Prepaid Mobile,65.53,10,1000,500,2024-02-20
PLN0AE2C2ADC0,CUST100087009,Unlimited Basic,Broadband,86.0,20,1000,-1,2025-03-01
PLN05DF7F886C,CUST100093012,Fiber 1Gbps,Postpaid Mobile,70.73,-1,500,500,2017-10-11
PLNBB78B1B829,CUST100087792,Prepaid 5GB,Postpaid Mobile,53.65,2,1000,-1,2025-12-20
PLN0011975B89,CUST100019572,Unlimited Plus,Prepaid Mobile,71.95,10,1000,-1,2021-07-07
PLN12CBBBA2F3,CUST100063157,Unlimited Premium,Broadband,28.32,5,-1,500,2019-07-03
PLN4E337B1E1F,CUST100064817,Unlimited Plus,Prepaid Mobile,130.15,20,-1,-1,2020-01-04
PLN3862CB624B,CUST100075683,Fiber 500Mbps,Prepaid Mobile,43.3,50,-1,-1,2016-07-28
PLNEDA54D14F7,CUST100016396,Unlimited Premium,Prepaid Mobile,129.35,20,-1,-1,2022-10-20
PLN8EC8946497,CUST100037212,Unlimited Plus,Postpaid Mobile,70.52,50,1000,100,2018-05-24
PLN9626B7F0AD,CUST100097695,Family Share 10GB,Prepaid Mobile,132.83,-1,500,500,2016-01-31
PLN8912CAF552,CUST100086600,Unlimited Basic,Prepaid Mobile,20.26,10,500,100,2023-06-26
PLN2EC8006B6C,CUST100085053,Unlimited Basic,Postpaid Mobile,53.29,-1,-1,500,2022-09-08
PLN09FBD70C99,CUST100002938,IoT Data Plan,Postpaid Mobile,18.17,5,1000,500,2024-03-26
PLN7EF41F026C,CUST100023201,Prepaid 5GB,Postpaid Mobile,46.08,2,-1,100,2024-11-19
PLNE8DBDD1739,CUST100066301,Fiber 1Gbps,Postpaid Mobile,23.51,50,500,500,2024-10-02
PLN22CDC6BE02,CUST100012100,IoT Data Plan,Broadband,82.24,5,1000,-1,2022-09-05
PLN42FB8A8F2F,CUST100040683,Unlimited Plus,Broadband,16.46,10,500,-1,2016-05-20
PLN14D8B27ECA,CUST100012757,Prepaid 5GB,Prepaid Mobile,32.48,20,500,500,2024-07-10
PLN835DFFBC8C,CUST100076994,IoT Data Plan,IoT,18.46,2,500,500,2023-08-02
PLN841A93E89E,CUST100045527,Unlimited Basic,Prepaid Mobile,94.72,50,500,100,2020-02-05
PLN59DABD7967,CUST100061803,Unlimited Premium,Prepaid Mobile,76.68,5,500,100,2025-11-25
PLN5014BC6AFF,CUST100078409,Fiber 1Gbps,Prepaid Mobile,44.86,50,1000,-1,2015-02-22
PLN3981D03D91,CUST100088893,Unlimited Plus,Postpaid Mobile,65.29,-1,1000,-1,2016-05-02
PLN684227A561,CUST100020994,Unlimited Plus,Postpaid Mobile,98.58,2,500,-1,2018-05-22
PLNB5F11B7BE4,CUST100074395,Unlimited Premium,Postpaid Mobile,70.03,50,500,-1,2023-03-01
PLN844DF2CAA7,CUST100067398,Unlimited Plus,Prepaid Mobile,146.91,20,1000,100,2015-06-17
PLNDE8E795CD9,CUST100055700,Fiber 500Mbps,Broadband,116.59,5,500,500,2017-04-01
PLNB5ED25DD8E,CUST100063697,Fiber 500Mbps,Postpaid Mobile,20.95,50,500,100,2023-02-19
PLN113A3B065D,CUST100090234,Unlimited Plus,Postpaid Mobile,104.52,5,1000,100,2016-06-06
PLNBBCD08B5C4,CUST100038523,Fiber 1Gbps,Broadband,55.98,2,-1,500,2024-06-24
PLN067FEE0EA6,CUST100044718,Fiber 500Mbps,Postpaid Mobile,73.73,50,-1,500,2025-02-07
PLNBCF41AAA14,CUST100022349,Prepaid 5GB,Broadband,126.75,10,-1,-1,2026-02-27
PLN3DC6C1614E,CUST100019925,Fiber 500Mbps,Postpaid Mobile,59.46,5,1000,-1,2023-02-25
PLNC0F0A5895E,CUST100051626,Fiber 1Gbps,Prepaid Mobile,82.07,50,500,500,2018-02-03
PLNFBF562F993,CUST100016153,Fiber 500Mbps,Postpaid Mobile,34.06,50,500,-1,2017-01-28
PLN3223F64974,CUST100082230,Unlimited Basic,Postpaid Mobile,40.66,2,1000,100,2021-04-18
PLN65ECF8D49A,CUST100091453,Prepaid 5GB,Postpaid Mobile,78.01,-1,-1,100,2021-09-18
PLN0F6622AC0A,CUST100086239,Unlimited Premium,Broadband,101.59,20,1000,-1,2019-10-25
PLN8CE7C97EE2,CUST100023532,IoT Data Plan,Prepaid Mobile,59.03,50,-1,100,2026-05-10
PLN6B2B930D9F,CUST100036177,IoT Data Plan,Postpaid Mobile,27.54,20,-1,500,2019-01-21
PLND100EFCC6B,CUST100096102,Prepaid 5GB,Prepaid Mobile,147.58,50,500,100,2024-02-11
PLN6B8AF93607,CUST100039608,IoT Data Plan,Postpaid Mobile,93.33,5,500,100,2025-07-18
PLND3D4B88AF6,CUST100066215,Family Share 10GB,Postpaid Mobile,96.96,50,1000,500,2024-09-12
PLN8E2138A3C8,CUST100046773,Fiber 1Gbps,Broadband,78.71,20,500,100,2017-06-02
PLN7F7A443DAF,CUST100042137,IoT Data Plan,Prepaid Mobile,105.14,20,500,100,2025-09-18
PLN95D4EADBF6,CUST100008194,Unlimited Premium,Prepaid Mobile,69.57,-1,500,500,2016-01-02
PLND9C47B4712,CUST100084346,Unlimited Premium,Postpaid Mobile,55.46,50,500,-1,2025-02-11
PLNA4F1BD1869,CUST100094518,Fiber 1Gbps,Broadband,49.99,50,-1,-1,2020-11-15
PLN69AA876948,CUST100099927,Fiber 1Gbps,Broadband,81.75,2,500,500,2015-09-01
PLN85781E3750,CUST100087078,Unlimited Premium,Postpaid Mobile,135.15,10,500,-1,2024-05-22
PLN1A089F35D0,CUST100016026,Family Share 10GB,Prepaid Mobile,118.42,20,500,100,2018-09-15
PLN98D41FCC81,CUST100003604,Unlimited Plus,Postpaid Mobile,50.28,5,1000,500,2023-12-27
PLN421575192F,CUST100032707,Fiber 500Mbps,Postpaid Mobile,143.1,50,-1,100,2025-03-21
PLNB355C43A2B,CUST100089813,IoT Data Plan,Postpaid Mobile,126.68,20,500,500,2021-01-23
PLN8A1995249E,CUST100082238,Unlimited Premium,Prepaid Mobile,26.4,2,500,500,2020-06-24
PLNFC1C630073,CUST100037417,Unlimited Basic,Broadband,144.46,2,1000,100,2016-09-22
PLNB693993AC5,CUST100098807,IoT Data Plan,Postpaid Mobile,75.49,-1,-1,-1,2020-10-28
PLN0F9EA3F646,CUST100011764,Unlimited Premium,Postpaid Mobile,43.52,20,500,100,2024-11-03
PLN9BD378B657,CUST100080876,IoT Data Plan,Prepaid Mobile,35.31,20,1000,-1,2025-04-15
PLN735436BFC2,CUST100096966,Fiber 500Mbps,Postpaid Mobile,114.17,2,500,100,2018-03-11
PLN5D846F8AF8,CUST100029074,Unlimited Basic,Prepaid Mobile,117.66,-1,-1,-1,2022-11-06
PLN342E80B6EB,CUST100045974,Fiber 1Gbps,IoT,139.84,5,-1,100,2020-03-21
PLN1AA2B22B0A,CUST100043460,IoT Data Plan,Postpaid Mobile,109.01,5,1000,-1,2018-03-12
PLN69913D5B5F,CUST100036921,Family Share 10GB,Postpaid Mobile,75.57,50,1000,-1,2019-10-03
PLN8ED5446FD9,CUST100083180,Fiber 500Mbps,Postpaid Mobile,83.88,5,1000,100,2025-10-13
PLNEE041E1C23,CUST100035063,Unlimited Premium,Postpaid Mobile,65.04,20,500,500,2026-02-12
PLNA1DE0A9D6A,CUST100059320,Fiber 1Gbps,Broadband,36.79,10,500,100,2026-03-06
PLND15822888C,CUST100071483,Unlimited Premium,Prepaid Mobile,79.95,20,500,-1,2024-10-13
PLNA4FC098E96,CUST100004581,IoT Data Plan,Postpaid Mobile,54.66,10,-1,-1,2020-03-10
PLN4ABA58FCA1,CUST100049814,Fiber 1Gbps,Postpaid Mobile,67.28,-1,500,100,2021-10-16
PLND0E1E8FF0C,CUST100089269,Prepaid 5GB,Prepaid Mobile,138.03,2,-1,500,2024-09-08
PLNB7E80D54B2,CUST100045035,Prepaid 5GB,Postpaid Mobile,33.53,5,1000,100,2022-08-03
PLN1F798FC4A7,CUST100089701,Fiber 1Gbps,Broadband,99.37,-1,-1,-1,2019-06-08
PLN136C7DE20B,CUST100064329,Fiber 500Mbps,Prepaid Mobile,33.12,10,500,-1,2024-11-19
PLN514123398C,CUST100094629,Family Share 10GB,Broadband,46.34,10,-1,-1,2019-03-13
PLN49C35B16CC,CUST100070982,Unlimited Basic,Broadband,34.49,10,1000,500,2022-08-28
PLNA913894158,CUST100080839,Fiber 500Mbps,Broadband,147.58,5,1000,500,2015-04-22
PLND415CE2EB8,CUST100092071,Prepaid 5GB,Broadband,28.92,20,-1,100,2022-07-24
PLN71A56ABBEA,CUST100024110,Family Share 10GB,Broadband,146.93,-1,1000,-1,2016-09-03
PLN6D96234BBB,CUST100008527,Unlimited Premium,Postpaid Mobile,84.24,10,1000,100,2018-02-21
PLN78DA8FA9FF,CUST100060203,Fiber 1Gbps,Prepaid Mobile,36.14,-1,500,-1,2024-11-18
PLN88D3CC2D86,CUST100065420,Family Share 10GB,Broadband,20.18,10,-1,100,2022-08-24
PLN6CD65569A5,CUST100053509,Family Share 10GB,Prepaid Mobile,119.82,50,500,100,2024-10-01
PLN433853C589,CUST100034639,Fiber 1Gbps,Postpaid Mobile,139.17,5,-1,100,2024-02-21
PLN86978E4D4B,CUST100038328,Prepaid 5GB,Prepaid Mobile,55.59,50,1000,100,2022-04-18
PLN7DABA52964,CUST100076205,Unlimited Basic,Broadband,133.06,5,500,-1,2020-04-07
PLNF6498650CC,CUST100080593,Family Share 10GB,Postpaid Mobile,99.17,5,-1,-1,2021-12-23
PLN3CFE306FE6,CUST100065696,Unlimited Basic,Prepaid Mobile,40.14,-1,1000,100,2022-08-29
PLN8B07A61669,CUST100041294,Fiber 1Gbps,Broadband,110.34,2,500,100,2026-03-14
PLN238320E113,CUST100098319,Unlimited Premium,Prepaid Mobile,146.01,2,500,100,2025-09-08
PLNEE918C0CB8,CUST100076812,Family Share 10GB,Postpaid Mobile,32.16,50,1000,500,2021-05-22
PLN16F59D130D,CUST100032780,Unlimited Plus,Prepaid Mobile,97.5,50,1000,100,2017-10-08
PLN4D58F409CD,CUST100082155,Unlimited Basic,Broadband,32.36,2,1000,100,2020-01-22
PLN5577FCBB3A,CUST100022209,IoT Data Plan,Postpaid Mobile,119.02,-1,1000,100,2018-04-21
PLN5C36C7333C,CUST100003647,Prepaid 5GB,Postpaid Mobile,114.18,-1,-1,100,2016-02-16
PLN9A83D4DE30,CUST100009261,Fiber 1Gbps,Postpaid Mobile,114.58,-1,1000,100,2017-12-10
PLN9ABCB5D9AE,CUST100074377,Fiber 500Mbps,Postpaid Mobile,54.16,2,-1,500,2025-01-05
PLNC2BEFB00E3,CUST100034893,Unlimited Basic,Postpaid Mobile,82.24,20,500,-1,2019-03-05
PLN2FF37C2A80,CUST100039794,Prepaid 5GB,Broadband,67.38,-1,-1,-1,2022-10-21
PLN50F95217DA,CUST100087099,Unlimited Plus,Prepaid Mobile,102.96,-1,-1,-1,2020-04-13
PLN6B74C36FA1,CUST100001270,Unlimited Premium,Postpaid Mobile,57.27,50,500,500,2022-07-25
PLNC9AEA01133,CUST100014924,Fiber 1Gbps,Broadband,118.73,-1,-1,-1,2019-12-16
PLNED86BC52DF,CUST100021944,IoT Data Plan,Postpaid Mobile,72.42,50,1000,100,2023-06-01
PLNE9FCD6AA40,CUST100038035,Family Share 10GB,Prepaid Mobile,39.86,10,500,100,2019-10-04
PLN2D058851F0,CUST100085871,Prepaid 5GB,Broadband,62.55,10,1000,-1,2018-10-17
PLNC17B775A62,CUST100092793,IoT Data Plan,Postpaid Mobile,103.72,2,-1,-1,2017-10-22
PLN1A6EB97C3F,CUST100016953,Unlimited Basic,Postpaid Mobile,20.57,20,1000,-1,2024-04-14
PLNA070B513AD,CUST100005906,Unlimited Premium,Broadband,60.46,2,1000,100,2020-05-21
PLN8625471106,CUST100074874,Fiber 500Mbps,Broadband,77.24,10,1000,500,2023-08-11
PLNF77040AD81,CUST100045436,IoT Data Plan,Postpaid Mobile,110.26,10,500,-1,2017-07-02
PLN1EA8DD1A3C,CUST100015816,Unlimited Premium,Postpaid Mobile,108.17,10,500,100,2021-11-13
PLNB64AB70828,CUST100014644,Family Share 10GB,IoT,82.32,50,-1,-1,2015-01-27
PLNB9BD1AC205,CUST100050988,Fiber 1Gbps,Postpaid Mobile,121.09,-1,500,100,2017-04-08
PLN0F5821D39A,CUST100049918,Fiber 1Gbps,Broadband,122.07,50,500,500,2022-04-23
PLN57EFFCC506,CUST100052884,Unlimited Plus,Prepaid Mobile,52.53,-1,-1,500,2021-11-09
PLNDF49AE7FB3,CUST100073534,Fiber 1Gbps,Prepaid Mobile,39.38,50,-1,500,2022-12-04
PLNBC68D8915B,CUST100045214,IoT Data Plan,Prepaid Mobile,137.57,50,1000,100,2024-05-05
PLN7817A95C96,CUST100036564,Fiber 1Gbps,Postpaid Mobile,137.37,20,1000,-1,2022-04-17
PLN3096FF6D6E,CUST100095534,Family Share 10GB,Prepaid Mobile,62.42,-1,-1,100,2022-08-31
PLNE4CB3DE235,CUST100050845,Unlimited Premium,IoT,50.8,-1,1000,500,2016-03-25
PLND1EA220BC5,CUST100042152,IoT Data Plan,Postpaid Mobile,86.02,20,500,-1,2017-05-11
PLN6762ADDB5E,CUST100076952,Fiber 500Mbps,Postpaid Mobile,119.61,5,500,500,2016-05-16
PLNC4CDBCDAD7,CUST100072113,Family Share 10GB,Postpaid Mobile,18.57,10,500,100,2018-10-27
PLN7F2482F0B5,CUST100046633,Unlimited Premium,IoT,75.71,20,1000,500,2021-01-02
PLND9425BC1A4,CUST100046722,IoT Data Plan,Prepaid Mobile,136.51,5,-1,500,2022-03-13
PLN7FE2D8ED15,CUST100013342,Unlimited Basic,Postpaid Mobile,124.53,5,1000,-1,2023-11-11
PLN8646F13984,CUST100006152,Unlimited Plus,Prepaid Mobile,37.23,10,1000,-1,2015-10-05
PLNA2D25E18A7,CUST100093825,IoT Data Plan,Postpaid Mobile,96.39,50,500,500,2022-05-20
PLNE8F932F5DE,CUST100070325,Unlimited Basic,Postpaid Mobile,134.71,50,500,100,2022-08-01
PLNF0A8F04257,CUST100073119,Fiber 500Mbps,Prepaid Mobile,74.1,10,-1,-1,2016-11-08
PLN44DDAADAA4,CUST100040018,Unlimited Premium,Postpaid Mobile,34.17,50,500,500,2022-09-26
PLN619A9A348E,CUST100020166,Unlimited Basic,Prepaid Mobile,147.13,5,500,500,2024-06-19
PLNB93B14E71F,CUST100040645,Prepaid 5GB,Postpaid Mobile,139.69,10,1000,500,2021-08-24
PLNE4F605826C,CUST100080115,Unlimited Basic,Prepaid Mobile,138.3,10,500,100,2015-02-06
PLNEF4FC7CF24,CUST100044758,Unlimited Premium,Prepaid Mobile,148.31,20,500,100,2020-08-07
PLNDAE11D9BF3,CUST100009064,Family Share 10GB,Postpaid Mobile,21.47,50,1000,500,2026-05-22
PLNE29B06C55E,CUST100096467,Unlimited Premium,Broadband,37.17,2,500,100,2026-04-22
PLNFA960C22C3,CUST100059510,Prepaid 5GB,Prepaid Mobile,22.83,2,-1,500,2019-06-27
PLN6DEAD4EEAE,CUST100091718,Unlimited Basic,Postpaid Mobile,57.85,10,500,500,2018-11-03
PLNB51929CCE9,CUST100080086,Fiber 500Mbps,Broadband,18.25,5,500,500,2023-02-27
PLN798778889F,CUST100028058,Fiber 500Mbps,Prepaid Mobile,60.83,10,1000,100,2015-02-27
PLN9D314CAC5F,CUST100069150,Fiber 500Mbps,Broadband,49.78,10,500,100,2019-12-30
PLNFD3907F28C,CUST100070949,IoT Data Plan,Prepaid Mobile,102.64,20,-1,-1,2021-11-26
PLNF7E37FBA69,CUST100096425,Unlimited Plus,Postpaid Mobile,98.57,20,500,500,2025-04-27
PLN2C29DC31D2,CUST100027627,Prepaid 5GB,Postpaid Mobile,43.83,10,-1,500,2018-07-19
PLNB9130EE758,CUST100018519,Unlimited Premium,Postpaid Mobile,143.89,10,1000,100,2020-01-01
PLNA9B70BE8E6,CUST100028187,Fiber 500Mbps,Broadband,112.25,50,1000,100,2015-01-05
PLNC295892481,CUST100087542,Fiber 500Mbps,Prepaid Mobile,113.37,50,500,100,2017-12-14
PLN9E917809E4,CUST100013569,IoT Data Plan,Postpaid Mobile,78.8,20,1000,-1,2018-01-14
PLNA0261659A0,CUST100053625,Fiber 500Mbps,Broadband,131.98,10,500,-1,2024-03-16
PLN6893E6CFB2,CUST100027098,Fiber 1Gbps,Postpaid Mobile,16.53,20,500,100,2021-09-14
PLN98072BAB8A,CUST100021785,Prepaid 5GB,Postpaid Mobile,107.27,50,1000,500,2016-11-13
PLNCA3B845ACB,CUST100010417,IoT Data Plan,Prepaid Mobile,126.96,10,1000,500,2017-07-15
PLNBE4A913CAF,CUST100032474,Unlimited Premium,Postpaid Mobile,134.66,10,-1,-1,2016-01-26
PLN32A1530400,CUST100025300,Unlimited Premium,Postpaid Mobile,112.31,-1,500,-1,2016-11-16
PLN9A49A8844B,CUST100034785,Unlimited Premium,Broadband,24.8,-1,1000,-1,2020-05-01
PLNBDD59C1448,CUST100092967,Unlimited Plus,Prepaid Mobile,100.39,-1,500,100,2020-03-02
PLNBB78A0EC4F,CUST100080275,Prepaid 5GB,Broadband,44.46,10,1000,500,2015-02-06
PLNE7BAE37EF6,CUST100062513,Fiber 500Mbps,IoT,24.39,20,500,500,2015-12-23
PLN2811388EE8,CUST100064173,Unlimited Basic,Broadband,73.67,2,1000,-1,2021-04-03
PLN7508BACE90,CUST100072931,Prepaid 5GB,Postpaid Mobile,134.82,-1,500,500,2019-12-15
PLNEDCFCC9B28,CUST100014724,Unlimited Basic,Postpaid Mobile,34.71,50,500,100,2023-12-08
PLN87B8F2804E,CUST100059957,Unlimited Premium,Postpaid Mobile,57.04,50,500,100,2022-10-30
PLNBAFB21C612,CUST100085681,Unlimited Plus,Postpaid Mobile,131.9,2,-1,-1,2024-01-14
PLN1262C75230,CUST100024093,Fiber 1Gbps,Broadband,137.09,50,-1,-1,2022-08-13
PLNF176F71363,CUST100024863,Unlimited Plus,Postpaid Mobile,132.99,10,500,-1,2017-12-18
PLN5A55EDBAAE,CUST100007839,Unlimited Basic,Postpaid Mobile,31.77,-1,500,100,2021-08-25
PLN25573FB079,CUST100032126,IoT Data Plan,Broadband,67.5,50,500,-1,2025-03-08
PLN8D9BA339ED,CUST100072562,IoT Data Plan,IoT,142.44,10,500,-1,2017-07-28
PLN548D1B7101,CUST100052510,Family Share 10GB,Postpaid Mobile,81.39,20,-1,500,2018-05-03
PLNC9CC60E2D5,CUST100044071,Fiber 1Gbps,Broadband,92.88,2,-1,100,2022-01-19
PLN6C66EAC38F,CUST100060224,Unlimited Premium,Prepaid Mobile,142.64,5,1000,-1,2021-05-19
PLND588114D53,CUST100074734,IoT Data Plan,Postpaid Mobile,115.17,50,-1,-1,2024-10-09
PLNE529B63A8D,CUST100017359,Fiber 500Mbps,Prepaid Mobile,129.05,2,500,500,2020-05-01
PLNC62DB9748D,CUST100050161,Prepaid 5GB,Postpaid Mobile,118.08,2,-1,100,2019-07-12
PLNB2D2301431,CUST100056661,Prepaid 5GB,Postpaid Mobile,40.66,10,500,-1,2026-02-21
PLN961E3B3453,CUST100001403,Prepaid 5GB,Postpaid Mobile,109.71,-1,-1,100,2024-01-15
PLN555FA85832,CUST100088354,Family Share 10GB,Prepaid Mobile,100.11,5,500,500,2026-05-20
PLN9D8CF0F64A,CUST100027649,Unlimited Premium,Postpaid Mobile,61.19,5,-1,500,2021-01-09
PLN8D3A7F43BB,CUST100023745,Family Share 10GB,Broadband,50.16,5,1000,100,2021-04-02
PLNC37D4B5186,CUST100062180,Unlimited Basic,Broadband,145.98,-1,500,-1,2020-10-20
PLN1BA9C59A47,CUST100018113,Fiber 1Gbps,Broadband,144.18,5,-1,100,2022-05-25
PLN871AAA8DD7,CUST100030172,Prepaid 5GB,Broadband,30.54,50,1000,-1,2019-06-25
PLNF4526F7CB9,CUST100097925,IoT Data Plan,Prepaid Mobile,41.04,50,-1,-1,2019-09-06
PLN5B4609E548,CUST100088657,Fiber 500Mbps,Prepaid Mobile,39.59,5,1000,100,2021-11-18
PLNC5224C6041,CUST100011034,IoT Data Plan,IoT,26.36,10,500,-1,2020-09-19
PLN681006A790,CUST100093491,Fiber 1Gbps,Postpaid Mobile,16.62,-1,500,500,2025-02-07
PLN2C991F2815,CUST100068871,Family Share 10GB,Postpaid Mobile,111.93,5,-1,-1,2022-02-02
PLNC1895A35E5,CUST100096634,Unlimited Plus,Postpaid Mobile,48.54,50,-1,-1,2015-02-19
PLNBE86E23A4A,CUST100099064,Fiber 1Gbps,Postpaid Mobile,107.61,2,1000,500,2017-12-25
PLNC975F0AAE0,CUST100084915,Family Share 10GB,Postpaid Mobile,67.86,2,-1,100,2020-06-15
PLN9A5E8D31BD,CUST100004365,Unlimited Premium,IoT,23.36,50,-1,-1,2017-04-09
PLN3DD128FFB5,CUST100024867,Fiber 1Gbps,Broadband,68.55,50,500,500,2025-01-24
PLNE4BEC1D2DA,CUST100044693,Fiber 1Gbps,Postpaid Mobile,137.19,50,-1,500,2017-12-21
PLND14274FBF7,CUST100042453,IoT Data Plan,Postpaid Mobile,67.26,2,500,-1,2016-05-18
PLN7B7CDD1CE2,CUST100013785,Fiber 500Mbps,Broadband,133.1,5,500,100,2023-01-01
PLN44CEEB901B,CUST100045028,Family Share 10GB,Postpaid Mobile,61.66,20,1000,100,2019-01-06
PLNF205FDE35A,CUST100038222,Unlimited Basic,Postpaid Mobile,84.34,20,1000,-1,2021-10-09
PLNA8E1E93ADA,CUST100095474,Unlimited Premium,Broadband,147.62,5,-1,100,2017-11-12
PLN5CEB3C430D,CUST100068437,Family Share 10GB,Broadband,139.05,2,500,100,2021-06-09
PLN74464DF559,CUST100023628,Unlimited Plus,Postpaid Mobile,43.1,10,-1,-1,2025-07-10
PLN01A21AD34D,CUST100011630,IoT Data Plan,Postpaid Mobile,19.85,2,1000,-1,2020-09-29
PLNE7A6F1278C,CUST100055209,Unlimited Basic,Postpaid Mobile,147.98,2,500,100,2024-02-21
PLNB93B637092,CUST100005715,Family Share 10GB,Postpaid Mobile,118.93,2,-1,-1,2018-11-08
PLNED2A6C138F,CUST100011771,Unlimited Plus,Postpaid Mobile,40.36,50,1000,500,2020-03-26
PLN8F5344CE16,CUST100007861,Unlimited Premium,Broadband,48.59,10,500,100,2018-07-29
PLNC8B5EE3A3E,CUST100052966,Unlimited Basic,Broadband,39.47,10,-1,500,2026-01-11
PLNA3F975CB07,CUST100087050,Prepaid 5GB,Prepaid Mobile,84.39,10,-1,100,2024-05-12
PLN59BCC45B25,CUST100046452,Unlimited Basic,Postpaid Mobile,75.21,20,500,500,2015-07-09
PLN690DCCD440,CUST100036411,IoT Data Plan,Postpaid Mobile,88.9,-1,-1,-1,2021-10-23
PLNB5A06D5899,CUST100040691,Unlimited Basic,Broadband,149.24,2,1000,100,2025-07-14
PLN637D6362E6,CUST100094824,Family Share 10GB,Prepaid Mobile,135.1,2,500,-1,2020-06-20
PLN9D272D55C8,CUST100096292,Unlimited Plus,Prepaid Mobile,59.09,2,1000,-1,2025-09-08
PLN310740DED4,CUST100060357,Unlimited Premium,Prepaid Mobile,87.62,10,-1,500,2019-03-11
PLNBE8968C64A,CUST100020160,IoT Data Plan,Prepaid Mobile,137.57,2,1000,500,2025-11-15
PLNACCDB26DA7,CUST100029286,Unlimited Plus,IoT,18.09,5,500,100,2025-06-03
PLN896286721B,CUST100007176,Unlimited Basic,Broadband,130.68,2,1000,100,2021-02-08
PLN6BBCCA29EA,CUST100075257,Fiber 1Gbps,Postpaid Mobile,78.44,-1,500,500,2025-07-05
PLNCC1CF6B593,CUST100007482,Unlimited Basic,Broadband,138.06,50,1000,100,2022-05-28
PLN3E9179575C,CUST100096380,Unlimited Premium,Broadband,88.48,50,500,500,2019-10-03
PLN7FBED393B0,CUST100044109,Family Share 10GB,Prepaid Mobile,77.17,2,1000,500,2021-04-14
PLN68B99CACE7,CUST100096899,IoT Data Plan,Prepaid Mobile,109.34,10,500,-1,2025-07-05
PLN08508A2041,CUST100037161,Fiber 1Gbps,Postpaid Mobile,120.95,20,-1,500,2025-06-13
PLN8767127E31,CUST100059159,Prepaid 5GB,Postpaid Mobile,80.15,10,-1,-1,2015-10-21
PLNABBEEA5330,CUST100090803,Prepaid 5GB,Prepaid Mobile,66.01,20,500,500,2015-09-16
PLN4F894DFA10,CUST100022824,Fiber 1Gbps,Postpaid Mobile,116.66,20,500,500,2021-02-09
PLNC49E63C431,CUST100069573,Prepaid 5GB,Postpaid Mobile,24.76,50,-1,500,2021-07-09
PLNF116058ED5,CUST100006243,Fiber 500Mbps,Broadband,143.3,10,-1,500,2015-12-26
PLNF0D390A8B0,CUST100066244,Unlimited Basic,Postpaid Mobile,27.98,20,-1,500,2024-05-22
PLN12659D83B0,CUST100031215,Prepaid 5GB,Postpaid Mobile,53.01,2,500,-1,2022-02-17
PLN185431EAE3,CUST100032031,Family Share 10GB,Broadband,47.86,20,-1,100,2015-01-15
PLN87FF4162E8,CUST100011250,Unlimited Plus,Postpaid Mobile,24.77,50,1000,500,2023-03-13
PLN3DCC7DA117,CUST100089444,Unlimited Premium,Postpaid Mobile,82.54,10,500,-1,2016-06-28
PLN48A39FD286,CUST100072754,Fiber 500Mbps,Postpaid Mobile,43.46,20,500,100,2025-09-13
PLNBE4E9C1E00,CUST100060087,Unlimited Plus,Postpaid Mobile,43.15,10,-1,-1,2017-12-28
PLN686B951C1F,CUST100069485,Family Share 10GB,IoT,51.64,5,500,-1,2015-09-10
PLNC3F2E3FB01,CUST100048425,Unlimited Premium,Broadband,51.3,50,1000,500,2020-12-12
PLN8B98D8A38E,CUST100012043,Prepaid 5GB,Prepaid Mobile,61.0,-1,500,-1,2020-07-13
PLN550C43A916,CUST100026364,Unlimited Basic,Prepaid Mobile,128.04,10,1000,500,2021-07-24
PLND0CB4249A6,CUST100005256,Unlimited Plus,Broadband,91.6,20,500,-1,2019-08-23
PLNBA66590009,CUST100033389,Unlimited Premium,Broadband,104.79,50,-1,-1,2022-01-05
PLN7B16CE0944,CUST100033998,IoT Data Plan,Postpaid Mobile,33.05,5,500,100,2018-12-30
PLN6C5BCFF712,CUST100078329,Family Share 10GB,Postpaid Mobile,50.77,20,500,500,2021-10-28
PLNB4B63441A0,CUST100018517,Family Share 10GB,Broadband,110.91,50,-1,100,2026-06-22
PLNADE06760F1,CUST100080850,Unlimited Basic,Postpaid Mobile,87.32,50,1000,100,2021-09-06
PLNA5F879A31F,CUST100040248,IoT Data Plan,Postpaid Mobile,60.02,5,-1,-1,2026-05-16
PLN2D694A244A,CUST100036474,Unlimited Plus,Broadband,85.21,50,1000,500,2021-12-04
PLN74844E4957,CUST100057312,Fiber 1Gbps,Postpaid Mobile,124.56,50,1000,500,2015-01-16
PLN25452E4C71,CUST100015961,Unlimited Plus,Prepaid Mobile,60.12,2,1000,-1,2024-05-03
PLNB3D0A30E49,CUST100031316,Unlimited Plus,Postpaid Mobile,97.78,-1,500,100,2017-05-13
PLN0E62D257F2,CUST100050730,Fiber 500Mbps,Prepaid Mobile,147.24,2,500,100,2017-09-19
PLNDA62CE8B2A,CUST100004361,Fiber 1Gbps,Broadband,110.51,-1,1000,100,2024-08-19
PLNB1E3C46F49,CUST100008683,Family Share 10GB,Postpaid Mobile,106.35,2,-1,500,2023-06-13
PLNE990F6AE6F,CUST100018130,Fiber 1Gbps,Postpaid Mobile,103.56,10,-1,500,2025-05-07
PLN9FC9029A40,CUST100028572,IoT Data Plan,Prepaid Mobile,140.0,50,-1,-1,2017-07-05
PLNB8BCEFED09,CUST100004717,Unlimited Basic,Postpaid Mobile,60.39,-1,1000,500,2023-03-04
PLNDED7359097,CUST100068434,Unlimited Premium,Postpaid Mobile,94.59,50,500,100,2015-01-01
PLN54079D2F8F,CUST100094285,Fiber 1Gbps,Prepaid Mobile,31.69,-1,1000,100,2022-04-28
PLN26784CC1D8,CUST100096920,Unlimited Premium,Broadband,129.29,2,500,500,2025-12-12
PLN16610D0DFB,CUST100019571,Unlimited Premium,Broadband,129.1,50,1000,100,2016-03-09
PLN6FA1983AB5,CUST100007477,Unlimited Premium,Postpaid Mobile,144.1,-1,-1,-1,2021-05-06
PLN9C58F72487,CUST100024664,Fiber 500Mbps,Postpaid Mobile,59.91,5,500,100,2017-11-17
PLN2FF12C1E0C,CUST100002272,Family Share 10GB,Broadband,28.55,10,-1,-1,2020-10-28
PLNE3E38BDEB0,CUST100025056,Fiber 500Mbps,Postpaid Mobile,48.12,20,500,-1,2017-02-07
PLNF7951E2CA5,CUST100018600,Unlimited Plus,Postpaid Mobile,28.32,50,500,100,2021-10-25
PLN409599BDF1,CUST100064238,Unlimited Basic,Postpaid Mobile,77.37,20,500,500,2025-11-01
PLN2D223A9FB6,CUST100035849,Unlimited Basic,Prepaid Mobile,16.41,50,500,500,2020-11-26
PLN89262EAF61,CUST100013361,Fiber 1Gbps,IoT,19.35,50,500,500,2024-01-22
PLN9970A651A1,CUST100048520,Unlimited Basic,Postpaid Mobile,58.92,20,-1,500,2025-02-08
PLNA6B5277D7C,CUST100088587,Family Share 10GB,Postpaid Mobile,143.73,20,-1,500,2015-08-11
PLNDDF36AF059,CUST100034473,Family Share 10GB,Postpaid Mobile,124.15,2,-1,500,2026-06-28
PLN302D90EFFC,CUST100087367,Prepaid 5GB,Postpaid Mobile,138.39,20,500,500,2017-04-16
PLNA722134687,CUST100015436,Unlimited Premium,Postpaid Mobile,95.76,5,-1,500,2015-03-09
PLN0941BBCFC7,CUST100053519,Unlimited Basic,Postpaid Mobile,16.55,-1,-1,500,2018-12-31
PLN6C76E36CF5,CUST100011507,Prepaid 5GB,Prepaid Mobile,144.37,50,-1,-1,2015-09-08
PLN8B77F9F511,CUST100059730,Unlimited Plus,Prepaid Mobile,19.9,2,500,100,2017-07-31
PLNB85BC5BA26,CUST100007983,Fiber 500Mbps,Prepaid Mobile,83.54,-1,500,100,2023-09-04
PLNDF30144EC2,CUST100045623,IoT Data Plan,Prepaid Mobile,103.92,-1,500,500,2026-05-24
PLNB37079BAE5,CUST100065094,Fiber 500Mbps,Broadband,108.34,5,500,500,2021-11-24
PLNFEF371EDED,CUST100068069,Fiber 1Gbps,Postpaid Mobile,115.79,20,1000,-1,2024-08-07
PLNC09DCC2945,CUST100053129,Unlimited Basic,IoT,54.0,50,1000,500,2024-05-13
PLN32ABBFAA27,CUST100069039,Family Share 10GB,Postpaid Mobile,147.81,20,500,500,2015-01-03
PLN23CBCB833B,CUST100002671,IoT Data Plan,Postpaid Mobile,111.53,5,-1,500,2021-08-28
PLN96B0A49A51,CUST100005156,IoT Data Plan,Prepaid Mobile,103.43,-1,1000,500,2024-06-12
PLNA74FA44AE1,CUST100043349,Fiber 500Mbps,Prepaid Mobile,89.78,5,-1,-1,2026-01-21
PLN32E36325CE,CUST100071799,Family Share 10GB,Broadband,126.75,50,500,500,2024-06-10
PLNA42F7CC491,CUST100054519,Family Share 10GB,Broadband,117.62,5,-1,500,2023-09-18
PLN3B25F5FE5B,CUST100093974,Prepaid 5GB,IoT,132.61,20,1000,500,2025-07-24
PLNACE62D57C5,CUST100016996,Unlimited Basic,Broadband,131.12,20,1000,100,2025-07-13
PLN3A13A3E94B,CUST100074743,Unlimited Basic,Prepaid Mobile,77.78,2,1000,-1,2019-08-18
PLNDBC86D9349,CUST100024917,Unlimited Plus,Postpaid Mobile,136.15,50,500,500,2015-12-28
PLNDDB9D7C6F9,CUST100069817,IoT Data Plan,Postpaid Mobile,30.72,5,1000,100,2022-08-05
PLN5F3C95412F,CUST100062896,Unlimited Basic,Broadband,105.31,50,1000,500,2017-03-26
PLN1E02761459,CUST100006321,Unlimited Premium,Broadband,140.77,-1,-1,-1,2022-07-26
PLN54E043928C,CUST100015875,Prepaid 5GB,Broadband,106.45,2,-1,500,2017-02-28
PLN00C78BB68C,CUST100092587,Unlimited Plus,Prepaid Mobile,101.76,20,-1,-1,2020-04-03
PLN6F00DC05F3,CUST100083848,Family Share 10GB,Prepaid Mobile,54.36,-1,1000,100,2020-10-08
PLN8089C0754F,CUST100065336,Unlimited Premium,Postpaid Mobile,33.45,20,500,-1,2020-08-27
PLN6375B909A9,CUST100091447,IoT Data Plan,Prepaid Mobile,30.84,20,-1,100,2015-06-04
PLN5ADC02A13A,CUST100003193,Family Share 10GB,Postpaid Mobile,137.03,20,-1,-1,2015-07-14
PLN0CEAAFF527,CUST100042322,Family Share 10GB,Postpaid Mobile,29.42,-1,-1,100,2018-01-13
PLNB71E00B96E,CUST100058364,Fiber 500Mbps,Postpaid Mobile,137.43,20,500,-1,2024-06-11
PLN403D0AE3D2,CUST100032162,Family Share 10GB,IoT,58.81,20,-1,-1,2023-10-13
PLN76D53FF8E8,CUST100020936,Unlimited Basic,Postpaid Mobile,15.33,5,500,500,2019-05-02
PLN9A0BE207C0,CUST100086423,Fiber 500Mbps,Prepaid Mobile,76.21,50,500,100,2020-01-23
PLN2519F17333,CUST100037412,Unlimited Basic,Postpaid Mobile,34.23,20,1000,500,2016-03-22
PLNC471A36166,CUST100094229,IoT Data Plan,Broadband,145.14,20,1000,-1,2021-04-18
PLN84F5FD22F5,CUST100040098,Unlimited Premium,Broadband,20.91,20,1000,-1,2021-11-08
PLNEC77AEA03A,CUST100069371,Prepaid 5GB,Prepaid Mobile,116.3,50,500,500,2023-03-14
PLNF1CD46FAA3,CUST100089703,Unlimited Basic,Prepaid Mobile,76.49,2,-1,500,2019-02-11
PLNDF490F7945,CUST100021015,IoT Data Plan,Postpaid Mobile,88.09,20,500,500,2023-07-11
PLN3E5218D0E1,CUST100013021,Family Share 10GB,Postpaid Mobile,118.18,-1,-1,500,2022-05-09
PLN641F5F4511,CUST100077730,Fiber 500Mbps,Postpaid Mobile,36.68,2,1000,-1,2015-06-08
PLN932F8FB1E7,CUST100084232,IoT Data Plan,Postpaid Mobile,28.72,-1,500,-1,2017-01-30
PLN94F60BA047,CUST100081041,Family Share 10GB,Prepaid Mobile,71.7,50,1000,500,2024-12-24
PLN618D951BAB,CUST100008498,Prepaid 5GB,Postpaid Mobile,85.32,10,-1,-1,2022-06-03
PLN98808CE77B,CUST100035273,Fiber 1Gbps,Postpaid Mobile,41.91,10,-1,-1,2016-03-29
PLN4B5096F4CF,CUST100095583,Unlimited Premium,Postpaid Mobile,63.43,50,500,100,2017-02-03
PLNE04970003B,CUST100058347,Fiber 500Mbps,Postpaid Mobile,142.98,10,1000,-1,2020-04-17
PLNECFC6CE02B,CUST100037664,Prepaid 5GB,IoT,139.55,20,500,500,2025-02-02
PLN10DA4972DA,CUST100029407,Unlimited Premium,Prepaid Mobile,69.45,5,-1,500,2016-03-03
PLN5B49BE527E,CUST100010407,IoT Data Plan,Broadband,25.81,-1,1000,100,2020-10-14
PLN210B1DCC74,CUST100013916,Family Share 10GB,IoT,139.51,-1,-1,-1,2022-08-20
PLN9451497E7F,CUST100077604,Unlimited Premium,Broadband,29.75,-1,1000,100,2024-01-26
PLN78B26A0C2C,CUST100084095,Family Share 10GB,Postpaid Mobile,85.8,5,1000,100,2019-09-18
PLN5F541AC880,CUST100010436,IoT Data Plan,Postpaid Mobile,37.02,20,-1,500,2017-05-02
PLNE7AB83CD34,CUST100047535,Unlimited Premium,Postpaid Mobile,127.72,2,1000,100,2021-12-26
PLN08D58A09A7,CUST100001281,Unlimited Premium,Postpaid Mobile,31.1,-1,500,500,2016-09-05
PLNA3F4F3476C,CUST100055516,Unlimited Premium,Postpaid Mobile,73.72,-1,500,-1,2017-12-26
PLND0EB40EF44,CUST100069426,Unlimited Basic,Broadband,33.17,2,-1,-1,2025-07-05
PLN25643A639C,CUST100059173,Family Share 10GB,Postpaid Mobile,111.51,10,500,100,2021-05-20
PLNE72B1BD6B1,CUST100046296,Fiber 1Gbps,Prepaid Mobile,62.74,2,1000,500,2024-10-01
PLNA23C2709D5,CUST100081133,Unlimited Premium,Broadband,79.19,5,500,-1,2022-05-28
PLN15F9E13622,CUST100064738,Family Share 10GB,Prepaid Mobile,72.06,-1,1000,-1,2024-05-20
PLN90325C5764,CUST100019100,Prepaid 5GB,Postpaid Mobile,138.03,2,500,500,2025-12-23
PLN525C76DB76,CUST100091415,Unlimited Premium,Postpaid Mobile,39.91,2,1000,100,2020-01-25
PLN9FEFDC41DE,CUST100079471,Family Share 10GB,Postpaid Mobile,108.78,-1,1000,-1,2026-01-03
PLND5A5AD99AB,CUST100062330,Unlimited Premium,Broadband,93.05,10,1000,100,2017-06-01
PLN01C9EEBAE9,CUST100088506,Unlimited Plus,Postpaid Mobile,131.73,2,1000,-1,2023-05-23
PLNF0B5A97BA3,CUST100091611,Prepaid 5GB,Postpaid Mobile,28.16,50,500,100,2021-07-08
PLN9FA01A18AF,CUST100093571,Family Share 10GB,Postpaid Mobile,96.08,20,-1,100,2018-09-19
PLN0B66D92773,CUST100059057,Fiber 1Gbps,Broadband,98.84,-1,500,500,2025-09-28
PLN52AB9F68DF,CUST100075745,Family Share 10GB,Prepaid Mobile,15.47,50,1000,500,2023-01-26
PLN99A6875DE0,CUST100061831,Prepaid 5GB,Postpaid Mobile,36.89,5,500,100,2019-10-02
PLN4F55C2B724,CUST100084568,Unlimited Basic,Postpaid Mobile,77.0,50,-1,500,2020-03-19
PLN59529F847D,CUST100041497,Unlimited Basic,Prepaid Mobile,130.96,20,1000,500,2015-08-11
PLN30C426D309,CUST100078204,Unlimited Plus,Postpaid Mobile,103.45,50,-1,-1,2024-12-14
PLN893E434079,CUST100004668,Unlimited Premium,Broadband,82.9,10,1000,-1,2026-06-21
PLN7E3535341B,CUST100008147,Fiber 500Mbps,Broadband,115.39,-1,-1,500,2025-07-23
PLN25D4409629,CUST100093440,Family Share 10GB,Postpaid Mobile,67.51,10,-1,500,2015-12-15
PLN32CB0EA229,CUST100074046,Unlimited Basic,Postpaid Mobile,30.34,2,-1,100,2018-07-19
PLN5469125E46,CUST100060066,IoT Data Plan,Broadband,112.17,-1,-1,500,2017-09-06
PLND89F265DB5,CUST100068996,Unlimited Premium,Prepaid Mobile,59.02,10,500,-1,2023-03-17
PLN1CC7A36876,CUST100030651,Fiber 1Gbps,Postpaid Mobile,137.01,10,500,100,2018-07-06
PLNDE70DFC0F0,CUST100062554,Unlimited Premium,Prepaid Mobile,69.61,20,1000,-1,2023-03-28
PLN7C41337AEF,CUST100032878,Fiber 500Mbps,Postpaid Mobile,129.07,10,1000,-1,2022-01-28
PLN88765DDC3D,CUST100060494,Unlimited Premium,Postpaid Mobile,52.11,2,1000,500,2016-04-17
PLNBD61E63497,CUST100003121,Fiber 1Gbps,Postpaid Mobile,49.68,5,500,500,2017-11-25
PLN23C2267D30,CUST100071290,Prepaid 5GB,Postpaid Mobile,32.95,5,-1,-1,2024-05-15
PLN26403FDF08,CUST100028823,Unlimited Basic,Postpaid Mobile,39.16,5,1000,500,2024-02-19
PLN6FDAB489C3,CUST100079881,Unlimited Basic,Prepaid Mobile,136.42,50,500,-1,2017-05-29
PLN1F3A5B927D,CUST100069556,Prepaid 5GB,Postpaid Mobile,44.15,20,1000,500,2015-12-12
PLNB04C2A684C,CUST100079476,Unlimited Basic,Postpaid Mobile,105.01,5,500,-1,2020-09-04
PLND8A5055B72,CUST100000737,Fiber 1Gbps,Prepaid Mobile,101.51,20,500,500,2019-07-08
PLN3CDF0F0F0D,CUST100054426,Family Share 10GB,Postpaid Mobile,41.73,50,-1,500,2022-07-13
PLN9FC93C7B4E,CUST100008915,Prepaid 5GB,Postpaid Mobile,92.36,2,500,500,2020-12-19
PLN08AEE1AEEB,CUST100084850,IoT Data Plan,Postpaid Mobile,79.0,50,1000,100,2022-05-06
PLN4BF9CC99B0,CUST100091131,Fiber 1Gbps,Broadband,71.74,50,-1,500,2025-01-19
PLN9B72A49A40,CUST100082960,IoT Data Plan,Prepaid Mobile,129.52,20,500,100,2020-08-03
PLN4C3B589C00,CUST100047047,Unlimited Premium,Broadband,117.42,20,500,-1,2017-09-03
PLNA346AC1E95,CUST100009890,Unlimited Basic,Prepaid Mobile,140.82,10,-1,500,2017-10-07
PLN0345C648EA,CUST100032091,Unlimited Plus,Postpaid Mobile,97.67,10,-1,-1,2019-09-30
PLNC5B17F6A5A,CUST100047947,Unlimited Premium,Broadband,65.1,-1,500,500,2021-06-15
PLN55B8804E9D,CUST100085670,Family Share 10GB,IoT,25.37,10,-1,100,2018-06-23
PLN555D61A43E,CUST100095592,Unlimited Basic,Prepaid Mobile,93.78,50,1000,-1,2021-08-09
PLNEFC764441E,CUST100080072,Unlimited Plus,Postpaid Mobile,21.4,20,-1,500,2015-04-24
PLNC380F55F60,CUST100076344,Unlimited Plus,Postpaid Mobile,102.49,5,1000,100,2019-03-13
PLN46634A5F94,CUST100080074,Fiber 500Mbps,Prepaid Mobile,106.32,5,1000,-1,2015-07-07
PLN5E3AB46890,CUST100095549,Unlimited Premium,Broadband,132.18,-1,-1,100,2017-08-30
PLN1EF214798B,CUST100036749,Family Share 10GB,Postpaid Mobile,80.22,20,500,500,2023-02-08
PLND93CACB875,CUST100022867,Unlimited Premium,Prepaid Mobile,38.62,20,1000,-1,2021-01-14
PLNF52FE364E2,CUST100094108,Unlimited Premium,Prepaid Mobile,119.11,-1,1000,100,2021-02-04
PLN6D3C9393DA,CUST100059325,Fiber 1Gbps,Broadband,68.21,2,1000,-1,2016-05-21
PLNC310E73AA2,CUST100091177,IoT Data Plan,Postpaid Mobile,143.89,2,-1,100,2018-04-22
PLNE858DF848B,CUST100028056,Unlimited Basic,Prepaid Mobile,149.64,10,1000,500,2023-06-18
PLN4A13310775,CUST100061026,IoT Data Plan,Postpaid Mobile,108.25,50,1000,-1,2022-07-21
PLN67A4473CB9,CUST100053103,Fiber 1Gbps,Postpaid Mobile,75.14,50,1000,500,2018-03-26
PLN15CA705531,CUST100061127,Unlimited Premium,Postpaid Mobile,90.65,-1,1000,-1,2021-05-03
PLN446B30209E,CUST100045870,Fiber 500Mbps,Postpaid Mobile,48.97,5,-1,100,2017-10-23
PLNFF503D0A73,CUST100011204,Prepaid 5GB,Prepaid Mobile,76.66,10,-1,100,2018-11-29
PLN25B6FD15BF,CUST100013249,Fiber 500Mbps,Postpaid Mobile,26.07,20,500,-1,2019-01-22
PLN46E0BF16EB,CUST100009634,Fiber 1Gbps,Prepaid Mobile,149.42,10,-1,100,2020-12-10
PLN97DD2B95A0,CUST100012158,Unlimited Plus,Postpaid Mobile,21.81,5,-1,100,2021-01-04
PLNC1C062EF92,CUST100024791,Unlimited Plus,Prepaid Mobile,67.93,5,-1,-1,2026-03-25
PLN721205324C,CUST100052567,IoT Data Plan,Prepaid Mobile,133.8,5,-1,-1,2024-04-07
PLN6D1BDB51C8,CUST100036191,Unlimited Plus,Postpaid Mobile,69.46,-1,500,100,2015-03-16
PLN52F8E7CE51,CUST100075331,Unlimited Basic,Prepaid Mobile,113.79,2,1000,500,2024-10-28
PLN6B335AFCC5,CUST100093667,Fiber 1Gbps,Prepaid Mobile,110.27,50,-1,500,2020-01-19
PLN7535488AD9,CUST100084989,Fiber 500Mbps,Prepaid Mobile,107.91,50,-1,-1,2017-04-16
PLN508CFCB5C0,CUST100033547,Prepaid 5GB,Postpaid Mobile,141.37,20,-1,-1,2017-08-16
PLNB30E18FB9A,CUST100028036,Fiber 1Gbps,IoT,38.11,20,500,500,2023-03-10
PLNEC4BC8513B,CUST100093252,Prepaid 5GB,Postpaid Mobile,76.35,5,-1,100,2023-03-08
PLN898B963459,CUST100094293,Fiber 1Gbps,Prepaid Mobile,27.07,5,1000,500,2026-02-19
PLN37458E64F7,CUST100001851,Unlimited Premium,Prepaid Mobile,70.79,-1,-1,500,2015-06-18
PLN469CE0E848,CUST100089580,Unlimited Basic,Prepaid Mobile,96.56,10,-1,100,2015-08-23
PLN431814ECD5,CUST100026979,Prepaid 5GB,Prepaid Mobile,122.09,-1,1000,-1,2026-02-05
PLN4CBB9BFFB8,CUST100080188,IoT Data Plan,Prepaid Mobile,133.32,50,500,-1,2019-05-08
PLNB3D6EB165A,CUST100026097,Unlimited Basic,Broadband,121.43,20,-1,500,2023-01-10
PLNAEBFD297FB,CUST100090961,Prepaid 5GB,Prepaid Mobile,38.4,2,1000,500,2024-06-27
PLN96052DD62B,CUST100019935,Family Share 10GB,Broadband,70.32,-1,1000,100,2020-03-06
PLNE818AF86CB,CUST100062501,Unlimited Basic,Postpaid Mobile,139.44,10,-1,-1,2026-02-28
PLN3BD8708FA6,CUST100067547,Unlimited Plus,Prepaid Mobile,61.26,2,-1,100,2021-01-31
PLNF2BC457D41,CUST100036805,Unlimited Basic,Prepaid Mobile,61.97,5,1000,500,2020-11-04
PLNE4A45DA8BC,CUST100003192,Family Share 10GB,Broadband,119.15,20,500,500,2022-11-09
PLNFA4DD18BD5,CUST100069546,Prepaid 5GB,Postpaid Mobile,50.92,10,1000,-1,2021-09-26
PLN1E5E68EF35,CUST100005466,Fiber 500Mbps,Broadband,42.42,20,1000,100,2018-01-31
PLN93B190321E,CUST100006328,Unlimited Plus,Postpaid Mobile,68.32,-1,1000,100,2026-05-18
PLN7FCB684253,CUST100082000,Unlimited Premium,Broadband,71.6,20,500,100,2020-05-27
PLN269A8F55F3,CUST100070793,Fiber 500Mbps,Broadband,108.41,50,-1,100,2024-12-18
PLN141CBB2D0E,CUST100061222,Unlimited Basic,Postpaid Mobile,58.52,10,500,-1,2022-03-05
PLN1B0917E35D,CUST100007979,Unlimited Plus,Postpaid Mobile,79.3,5,-1,100,2018-05-22
PLN8473444619,CUST100026017,Family Share 10GB,Postpaid Mobile,15.17,5,500,500,2022-05-03
PLNA7D6F2ABE3,CUST100087565,Fiber 1Gbps,Postpaid Mobile,93.87,10,1000,100,2022-04-13
PLNCF407ED8F0,CUST100030104,Family Share 10GB,Prepaid Mobile,59.62,5,500,-1,2022-07-01
PLN03734AC814,CUST100099148,Prepaid 5GB,Postpaid Mobile,120.81,-1,1000,-1,2018-10-26
PLNA76195479D,CUST100067449,Fiber 1Gbps,Postpaid Mobile,29.27,10,-1,100,2021-10-08
PLNCEC5352470,CUST100042230,Fiber 1Gbps,Postpaid Mobile,114.6,50,1000,500,2017-11-14
PLN4BFD24C6A8,CUST100072080,Prepaid 5GB,Postpaid Mobile,130.37,2,1000,-1,2019-08-29
PLN55A7B4AEF7,CUST100086268,Prepaid 5GB,Postpaid Mobile,125.69,5,1000,100,2024-10-01
PLN6A0534429F,CUST100006412,Fiber 1Gbps,Postpaid Mobile,116.47,-1,500,100,2015-12-16
PLNB309C24608,CUST100082963,IoT Data Plan,Prepaid Mobile,27.9,50,500,-1,2019-10-05
PLN4C393795A3,CUST100006820,Unlimited Premium,Postpaid Mobile,146.02,2,1000,-1,2019-12-21
PLNF0ADCA9DE7,CUST100093592,Unlimited Premium,Prepaid Mobile,80.49,10,1000,-1,2018-12-02
PLN8705151D4E,CUST100063020,Unlimited Plus,Prepaid Mobile,32.66,50,500,500,2025-06-04
PLN3B932EBD53,CUST100043733,Fiber 500Mbps,Postpaid Mobile,138.42,10,1000,100,2024-10-06
PLN0360790753,CUST100004767,Fiber 1Gbps,Prepaid Mobile,142.66,10,500,100,2026-06-02
PLN3A7549E692,CUST100032736,Family Share 10GB,Broadband,142.01,10,500,-1,2023-01-20
PLNDECE56F2A1,CUST100021749,Fiber 1Gbps,Postpaid Mobile,129.58,10,500,100,2021-05-26
PLN8751BA8151,CUST100023708,Unlimited Plus,Postpaid Mobile,59.26,50,-1,-1,2021-11-29
PLN113BB6D5EA,CUST100058361,Family Share 10GB,IoT,139.44,10,500,100,2019-10-01
PLNA78661E460,CUST100014749,Unlimited Premium,Postpaid Mobile,116.76,10,-1,100,2019-07-11
PLNE61C56F87A,CUST100055584,Unlimited Basic,IoT,59.42,2,-1,-1,2020-12-25
PLNF9D475B15D,CUST100037343,Family Share 10GB,Broadband,78.2,-1,-1,-1,2022-01-29
PLN7C9EB0472D,CUST100074160,Unlimited Premium,IoT,41.0,20,1000,500,2017-02-10
PLND7D3487CBD,CUST100055683,Fiber 500Mbps,Postpaid Mobile,42.45,10,-1,500,2025-10-18
PLN70D0101C09,CUST100027205,Unlimited Premium,Postpaid Mobile,80.08,50,-1,100,2026-03-01
PLND4431F4ACE,CUST100092120,Fiber 500Mbps,Broadband,93.47,10,-1,100,2021-06-12
PLN2AFB09C5AF,CUST100021920,Fiber 1Gbps,Prepaid Mobile,49.56,50,500,100,2019-08-24
PLNCA902F6D48,CUST100055362,Family Share 10GB,Postpaid Mobile,56.26,5,1000,-1,2022-04-07
PLNED76FC8190,CUST100047753,IoT Data Plan,Broadband,146.6,50,500,100,2024-04-08
PLN8AB2F33CC0,CUST100067720,Prepaid 5GB,Postpaid Mobile,127.83,20,1000,100,2026-02-23
PLN842D5A4A3F,CUST100019210,Prepaid 5GB,Postpaid Mobile,24.37,10,-1,500,2024-02-16
PLN8E77261180,CUST100071609,Family Share 10GB,Postpaid Mobile,22.23,50,1000,-1,2016-09-12
PLN71DE9BEF21,CUST100033114,IoT Data Plan,Postpaid Mobile,133.23,20,500,-1,2020-08-07
PLNFDD7DEAAE2,CUST100005723,Unlimited Premium,Postpaid Mobile,82.52,2,500,100,2021-02-22
PLN7FDB42321B,CUST100017671,IoT Data Plan,IoT,61.23,20,-1,500,2025-09-21
PLN3450876959,CUST100085957,Unlimited Premium,Prepaid Mobile,75.31,2,500,-1,2021-08-22
PLNBD5ECE8C8F,CUST100020023,Unlimited Basic,Postpaid Mobile,65.07,-1,-1,-1,2019-04-08
PLN1CD8592380,CUST100089252,Prepaid 5GB,Postpaid Mobile,84.91,50,500,500,2016-04-08
PLNFBE3596800,CUST100098232,Fiber 500Mbps,Postpaid Mobile,33.61,5,1000,100,2025-06-27
PLN961D9DC629,CUST100022391,Prepaid 5GB,Postpaid Mobile,142.17,-1,1000,-1,2025-03-21
PLNDC5639CB85,CUST100096771,Fiber 1Gbps,Broadband,115.85,50,-1,-1,2015-08-07
PLN31D13A3F15,CUST100051917,Unlimited Premium,Broadband,17.57,20,500,100,2020-07-03
PLND21C75815E,CUST100085386,Prepaid 5GB,Prepaid Mobile,103.33,10,-1,500,2021-11-01
PLN76C1C697F2,CUST100008716,Fiber 1Gbps,IoT,77.62,20,500,100,2025-02-11
PLNAA4765F46E,CUST100077592,Prepaid 5GB,Broadband,126.37,-1,-1,-1,2026-03-03
PLN77DC1957A9,CUST100073007,Prepaid 5GB,Broadband,94.87,5,1000,-1,2018-07-03
PLN1F38E6C235,CUST100038350,Prepaid 5GB,Prepaid Mobile,106.0,5,500,100,2024-10-29
PLN4D9781843C,CUST100035730,Prepaid 5GB,Broadband,136.16,10,-1,-1,2024-01-23
PLNC418BF8DFB,CUST100057470,Unlimited Basic,Broadband,56.77,2,500,100,2024-11-04
PLN12491FCA7E,CUST100065541,Fiber 500Mbps,Prepaid Mobile,65.44,-1,-1,100,2019-02-08
PLN3A5A385677,CUST100049230,Unlimited Premium,Postpaid Mobile,90.63,50,1000,-1,2018-10-30
PLNE64DDE6FDD,CUST100053769,Fiber 500Mbps,Prepaid Mobile,47.16,2,-1,500,2023-08-31
PLN57114EEA2C,CUST100096542,Fiber 500Mbps,Postpaid Mobile,143.11,5,500,-1,2018-04-28
PLN05524C22CC,CUST100073865,Prepaid 5GB,Postpaid Mobile,49.49,5,1000,500,2026-06-05
PLNC167734CD3,CUST100054458,Unlimited Basic,Postpaid Mobile,133.06,-1,500,500,2025-08-07
PLN39B6E68971,CUST100061956,Fiber 500Mbps,Postpaid Mobile,85.21,10,1000,100,2021-02-22
PLN535A56B20A,CUST100009820,Unlimited Plus,Broadband,47.91,-1,1000,500,2015-03-26
PLNBEE92B93CF,CUST100016444,IoT Data Plan,Postpaid Mobile,110.26,20,-1,100,2018-08-14
PLNBF6FCDB59A,CUST100074104,Fiber 500Mbps,Postpaid Mobile,99.79,10,500,-1,2017-12-15
PLN97CD32EF84,CUST100054784,Unlimited Premium,Postpaid Mobile,136.36,50,1000,-1,2018-08-28
PLNDF9F362553,CUST100075697,Unlimited Premium,Postpaid Mobile,146.42,-1,1000,100,2015-10-24
PLN2AD0DF1D0E,CUST100021684,Unlimited Premium,Prepaid Mobile,73.89,5,500,500,2020-01-09
PLN16CC531815,CUST100066692,Family Share 10GB,Postpaid Mobile,107.39,-1,1000,-1,2017-06-22
PLN2088032246,CUST100018153,Prepaid 5GB,Postpaid Mobile,88.57,20,1000,-1,2023-07-17
PLN1559E50A07,CUST100066600,Unlimited Plus,Postpaid Mobile,36.78,20,500,-1,2022-03-06
PLN815D903EA8,CUST100054786,IoT Data Plan,Postpaid Mobile,93.36,50,500,500,2020-07-02
PLNE48C2FCFC1,CUST100056948,Prepaid 5GB,Postpaid Mobile,123.95,2,-1,500,2016-01-14
PLNCA2A39060B,CUST100061832,Fiber 1Gbps,Prepaid Mobile,82.96,10,500,100,2025-06-12
PLNCBCE964ACA,CUST100041793,Fiber 1Gbps,Broadband,135.45,5,500,500,2018-02-02
PLNA18AF25B2A,CUST100097894,Unlimited Premium,Prepaid Mobile,71.59,10,1000,500,2017-11-11
PLN67F6AF7640,CUST100045334,Fiber 1Gbps,Broadband,65.94,-1,1000,-1,2016-06-26
PLNB499A4016A,CUST100023135,Fiber 1Gbps,Broadband,136.97,-1,1000,500,2016-12-23
PLN95731BAAB5,CUST100071229,Fiber 500Mbps,IoT,73.26,20,500,100,2016-02-15
PLN9E5444B7C3,CUST100086771,IoT Data Plan,Postpaid Mobile,40.5,2,1000,-1,2021-12-26
PLN58081C8441,CUST100025780,Unlimited Plus,IoT,148.66,10,-1,100,2025-08-10
PLN257FF3D72A,CUST100086174,Family Share 10GB,Prepaid Mobile,116.62,50,-1,-1,2021-08-21
PLN48F09AD7BF,CUST100038628,IoT Data Plan,Broadband,51.34,5,-1,100,2016-12-19
PLN8075F06DD5,CUST100084453,Fiber 500Mbps,Postpaid Mobile,68.59,5,500,100,2021-07-29
PLN1F2C6A894A,CUST100057607,Unlimited Plus,Broadband,80.64,50,1000,100,2019-11-30
PLNB18EC4925B,CUST100033457,Prepaid 5GB,IoT,142.98,-1,1000,-1,2025-12-26
PLND6A2325BEB,CUST100014080,Unlimited Plus,Prepaid Mobile,121.27,5,1000,500,2025-06-06
PLNA88EC65D67,CUST100011122,Fiber 1Gbps,Prepaid Mobile,47.17,10,1000,500,2019-12-05
PLN425AE3C169,CUST100084438,Fiber 500Mbps,Broadband,148.62,10,-1,500,2021-04-03
PLN222E7FF0D2,CUST100012351,Fiber 500Mbps,IoT,147.48,20,500,100,2025-09-12
PLN5327DF4CB4,CUST100036318,Unlimited Premium,Prepaid Mobile,74.18,2,500,100,2020-05-19
PLN63BF4F534D,CUST100040563,Family Share 10GB,Postpaid Mobile,103.88,10,1000,500,2018-06-05
PLN2297065AFC,CUST100093104,Fiber 1Gbps,Prepaid Mobile,37.08,10,1000,100,2019-05-26
PLNCC656068BA,CUST100096227,Unlimited Premium,Postpaid Mobile,135.17,2,500,100,2021-02-27
PLN9A4620C677,CUST100039138,IoT Data Plan,Postpaid Mobile,19.74,50,-1,100,2025-03-13
PLN3B9E2E41BB,CUST100067582,Unlimited Basic,Postpaid Mobile,118.42,10,1000,-1,2019-09-28
PLN572863B82F,CUST100031950,Fiber 1Gbps,Postpaid Mobile,131.56,50,-1,100,2024-05-05
PLN6CDCD07F29,CUST100092259,Family Share 10GB,Postpaid Mobile,115.3,10,500,500,2024-09-04
PLN0148E856A3,CUST100025294,Prepaid 5GB,Postpaid Mobile,70.29,5,-1,100,2023-06-28
PLN7267EB4AD6,CUST100024506,Fiber 1Gbps,Postpaid Mobile,31.84,20,1000,-1,2019-12-15
PLNF86500F0E4,CUST100072813,Unlimited Premium,Postpaid Mobile,30.93,20,500,500,2017-08-26
PLNDB9D6E49F3,CUST100028416,Prepaid 5GB,Broadband,84.6,-1,500,-1,2022-08-26
PLND84F737B85,CUST100098548,Family Share 10GB,IoT,77.67,10,-1,500,2016-07-12
PLN06D5A94FC3,CUST100056856,IoT Data Plan,Prepaid Mobile,61.64,10,-1,500,2020-01-12
PLNED8D4C49A6,CUST100013099,Unlimited Plus,Postpaid Mobile,34.77,20,-1,500,2022-06-09
PLN2C3C89209B,CUST100066953,Fiber 1Gbps,Prepaid Mobile,117.95,10,500,100,2025-04-03
PLN9A6B8EDB13,CUST100012410,Unlimited Basic,Prepaid Mobile,112.02,10,500,100,2026-04-23
PLN0453258D66,CUST100073791,IoT Data Plan,Prepaid Mobile,34.14,10,1000,500,2017-05-10
PLNF458B003B4,CUST100053764,IoT Data Plan,IoT,18.38,10,500,100,2018-01-16
PLN9B0A94F214,CUST100091701,Unlimited Plus,Broadband,102.31,50,1000,500,2019-06-09
PLNFD27148F4F,CUST100012094,Unlimited Premium,Prepaid Mobile,114.71,-1,-1,100,2015-02-28
PLN06FEC68B5D,CUST100054407,IoT Data Plan,Prepaid Mobile,22.78,-1,1000,-1,2022-07-21
PLNB24D4DB79A,CUST100027139,Fiber 500Mbps,Postpaid Mobile,36.19,50,500,100,2026-02-04
PLN27B557B577,CUST100024275,Fiber 500Mbps,Prepaid Mobile,127.95,50,500,100,2021-02-27
PLN66191B9DBB,CUST100075508,Unlimited Premium,Postpaid Mobile,84.11,5,-1,500,2019-06-09
PLN471021E889,CUST100049541,Prepaid 5GB,Postpaid Mobile,105.71,50,1000,100,2021-08-10
PLNCF1ED552A6,CUST100063890,Unlimited Plus,Postpaid Mobile,64.14,2,1000,-1,2026-04-14
PLN73E53B5989,CUST100075582,Prepaid 5GB,IoT,66.0,5,-1,100,2024-02-07
PLN929F3631F1,CUST100055196,Unlimited Plus,Postpaid Mobile,103.18,20,500,100,2025-01-09
PLN04C7858159,CUST100099320,Unlimited Basic,Postpaid Mobile,106.85,20,1000,500,2024-07-02
PLNFB28475B07,CUST100024557,Family Share 10GB,Prepaid Mobile,60.52,5,1000,100,2015-06-12
PLN92925B3BEF,CUST100003007,Fiber 1Gbps,Postpaid Mobile,28.8,20,500,-1,2019-03-12
PLN3B866417CB,CUST100072563,Fiber 1Gbps,IoT,146.98,20,-1,500,2019-08-15
PLN9168687230,CUST100012610,Unlimited Basic,Broadband,87.95,-1,-1,500,2015-02-24
PLN2643F5BBF7,CUST100085628,Fiber 1Gbps,Postpaid Mobile,26.02,50,-1,500,2023-12-17
PLN26BC4F7AD0,CUST100007728,Prepaid 5GB,Prepaid Mobile,84.43,50,500,100,2023-06-10
PLND7A187C1F7,CUST100049811,Unlimited Premium,Postpaid Mobile,86.68,2,1000,500,2021-06-28
PLN0025DE16D4,CUST100063952,Fiber 500Mbps,Prepaid Mobile,114.35,10,500,500,2021-05-31
PLNB2A9DE21CF,CUST100092499,Unlimited Premium,Postpaid Mobile,59.46,20,-1,500,2020-11-28
PLNE509D5A61A,CUST100037499,Fiber 1Gbps,Postpaid Mobile,119.62,2,1000,-1,2023-07-07
PLND6465F83EB,CUST100027486,Family Share 10GB,Postpaid Mobile,93.71,50,1000,-1,2016-03-10
PLN6DFE5C3C8F,CUST100031892,Unlimited Plus,Broadband,27.93,5,-1,-1,2021-12-01
PLNC86EA6DB07,CUST100062742,Fiber 1Gbps,Broadband,139.52,50,1000,500,2023-11-17
PLN46B83500B9,CUST100056731,Unlimited Plus,Prepaid Mobile,37.93,5,500,100,2022-05-21
PLN0E676CDD06,CUST100092443,Fiber 500Mbps,Postpaid Mobile,149.86,5,-1,-1,2019-01-28
PLN08ECE08B91,CUST100019115,Prepaid 5GB,Prepaid Mobile,26.43,20,-1,100,2018-11-03
PLNE4F3C9D863,CUST100097533,Unlimited Plus,Prepaid Mobile,119.57,2,500,100,2015-09-04
PLN531A0B6537,CUST100040643,Fiber 1Gbps,Postpaid Mobile,101.43,10,1000,100,2019-08-30
PLNB9DBE8DA27,CUST100032014,Unlimited Basic,Postpaid Mobile,93.12,2,500,100,2025-01-29
PLN0DF9DBD278,CUST100040852,Prepaid 5GB,Broadband,46.67,10,500,100,2025-05-15
PLNFF3310F204,CUST100031778,Unlimited Plus,Broadband,40.8,50,-1,100,2018-11-23
PLN23FA9F6E11,CUST100073332,IoT Data Plan,Broadband,56.05,10,-1,100,2022-09-16
PLN83017D6B54,CUST100011159,Unlimited Basic,Postpaid Mobile,48.76,50,500,500,2024-07-27
PLN584941DE14,CUST100059261,Prepaid 5GB,Prepaid Mobile,29.95,50,1000,500,2019-04-20
PLN8E2746CC8B,CUST100012661,Unlimited Plus,Postpaid Mobile,121.06,20,-1,500,2021-10-14
PLN0360F534D2,CUST100006646,Unlimited Premium,Prepaid Mobile,78.18,2,1000,500,2022-03-10
PLN7F6BB4DF31,CUST100035132,Fiber 1Gbps,Prepaid Mobile,62.38,20,-1,500,2024-11-16
PLN23F158B2E5,CUST100055390,Unlimited Basic,Prepaid Mobile,124.76,5,-1,500,2022-05-28
PLN50E931CE9E,CUST100036638,IoT Data Plan,Broadband,28.61,5,1000,-1,2017-02-17
PLNDDF6DE5693,CUST100074835,Unlimited Plus,Broadband,98.04,20,-1,-1,2017-01-02
PLNF367FC1804,CUST100016843,Fiber 500Mbps,Postpaid Mobile,145.36,2,1000,500,2018-10-05
PLN159E5DDCA0,CUST100038391,Family Share 10GB,Prepaid Mobile,91.22,5,1000,500,2023-10-19
PLN0D2142DD3E,CUST100027544,Unlimited Basic,Broadband,117.42,2,-1,500,2018-04-27
PLNB702B9687B,CUST100093134,Family Share 10GB,Postpaid Mobile,22.5,50,500,500,2018-10-10
PLN6EB7EC3C82,CUST100065622,Fiber 500Mbps,IoT,59.19,5,500,-1,2024-12-26
PLN688452D362,CUST100034827,Fiber 500Mbps,Prepaid Mobile,17.41,2,1000,-1,2022-09-08
PLN46BF1C8699,CUST100046748,Unlimited Plus,Postpaid Mobile,88.95,5,1000,-1,2019-01-16
PLN95D88B3BFC,CUST100066235,IoT Data Plan,Broadband,89.76,5,-1,100,2016-04-02
PLND28AFE2895,CUST100040652,Prepaid 5GB,Broadband,108.33,5,500,-1,2025-08-25
PLN329E10549B,CUST100056843,Unlimited Premium,IoT,93.36,20,1000,-1,2026-01-29
PLN92E57F6F2D,CUST100075985,Unlimited Basic,Postpaid Mobile,67.24,50,500,100,2026-05-19
PLNB8CCFF65A3,CUST100047052,Unlimited Plus,Postpaid Mobile,72.99,10,-1,100,2023-12-23
PLNE9016906D9,CUST100078522,Unlimited Basic,Postpaid Mobile,24.13,50,-1,-1,2015-08-24
PLN02688CAA54,CUST100012168,Family Share 10GB,Prepaid Mobile,41.38,2,1000,-1,2016-12-22
PLN785BAC2503,CUST100089488,Prepaid 5GB,Broadband,148.43,2,1000,100,2021-11-04
PLNEA16B5B09D,CUST100018007,Fiber 1Gbps,Postpaid Mobile,130.9,20,1000,500,2019-10-22
PLN11D199BD9B,CUST100011824,IoT Data Plan,Prepaid Mobile,118.96,10,1000,500,2023-02-20
PLN993F6E6F82,CUST100094500,Fiber 1Gbps,Postpaid Mobile,36.2,5,500,-1,2025-08-30
PLN6D378B6724,CUST100044851,Family Share 10GB,Postpaid Mobile,86.47,2,-1,-1,2022-11-29
PLN7BCD57630B,CUST100054255,Unlimited Basic,Prepaid Mobile,17.06,20,-1,500,2024-09-09
PLN87DE46EAE3,CUST100090275,Prepaid 5GB,Prepaid Mobile,124.17,20,1000,-1,2026-06-02
PLN1D92F082E6,CUST100061558,Unlimited Basic,Prepaid Mobile,31.36,10,500,-1,2021-04-18
PLN37D1A7F299,CUST100043113,Fiber 500Mbps,Prepaid Mobile,117.77,10,-1,100,2019-10-04
PLN1B02D52863,CUST100052704,Unlimited Basic,Prepaid Mobile,145.01,2,1000,100,2023-08-29
PLN2FB21A2F0E,CUST100059904,Unlimited Premium,Postpaid Mobile,60.84,2,-1,100,2020-10-08
PLND3F8B7D436,CUST100017362,Fiber 500Mbps,Postpaid Mobile,44.84,-1,500,500,2015-02-21
PLN1CB2EFF8DB,CUST100000156,Family Share 10GB,Prepaid Mobile,32.19,5,-1,-1,2017-06-16
PLN0817188FDE,CUST100067829,Prepaid 5GB,Postpaid Mobile,149.03,-1,500,-1,2017-09-13
PLNFD793F661E,CUST100071714,IoT Data Plan,Postpaid Mobile,104.65,50,1000,500,2025-09-02
PLN8AE373D511,CUST100007507,Unlimited Premium,Broadband,16.06,20,1000,100,2019-12-08
PLNAB9888D9E7,CUST100030784,Unlimited Basic,Postpaid Mobile,78.56,2,1000,100,2021-12-23
PLN767099744A,CUST100001093,Unlimited Basic,Postpaid Mobile,106.61,5,500,500,2024-11-05
PLN0994FE1841,CUST100065923,Unlimited Plus,Prepaid Mobile,23.91,-1,1000,500,2018-12-01
PLN45F90C13C1,CUST100041343,Unlimited Plus,Prepaid Mobile,94.07,-1,500,-1,2016-09-12
PLNDEB58FC27D,CUST100035940,Unlimited Basic,Prepaid Mobile,120.71,10,-1,-1,2016-03-11
PLN174107B4F7,CUST100040973,Family Share 10GB,Postpaid Mobile,91.27,10,500,-1,2017-09-21
PLN66DC44F8A8,CUST100030125,IoT Data Plan,Prepaid Mobile,114.67,10,1000,500,2025-03-15
PLN30E8A21AC8,CUST100043146,Unlimited Basic,Prepaid Mobile,98.56,20,500,100,2015-10-31
PLN1D643AB910,CUST100064118,Family Share 10GB,Postpaid Mobile,88.86,2,1000,500,2021-08-05
PLN6FC31F0579,CUST100052924,Family Share 10GB,Prepaid Mobile,99.13,5,1000,-1,2023-07-08
PLNB7DBBE4EEF,CUST100015740,Unlimited Plus,Broadband,109.88,-1,1000,500,2022-09-17
PLNE99E9B2AC3,CUST100008545,Unlimited Basic,Postpaid Mobile,66.75,20,500,-1,2017-06-29
PLNFEDEC006B6,CUST100062950,Unlimited Basic,Postpaid Mobile,132.25,50,500,-1,2018-06-17
PLN8C4C23F81E,CUST100094201,Family Share 10GB,Postpaid Mobile,48.99,5,-1,-1,2016-08-05
PLN38B816F89A,CUST100038264,Unlimited Basic,Postpaid Mobile,43.64,5,-1,-1,2022-02-03
PLN3F3E6C9F80,CUST100042696,Fiber 500Mbps,Postpaid Mobile,112.79,-1,-1,-1,2019-01-25
PLN039A5DCEB5,CUST100057162,Fiber 1Gbps,Postpaid Mobile,39.01,20,1000,500,2026-05-05
PLN38A396B8F0,CUST100037989,Unlimited Basic,Broadband,58.61,10,500,100,2023-01-13
PLN241B9993F2,CUST100080767,Unlimited Plus,Postpaid Mobile,56.13,-1,500,500,2026-06-07
PLN6F529E5394,CUST100095479,Unlimited Basic,Postpaid Mobile,69.99,-1,1000,-1,2025-11-26
PLN8343BD15F4,CUST100081948,Fiber 500Mbps,Postpaid Mobile,41.31,2,-1,100,2017-12-22
PLN4D3B25C54A,CUST100063090,Prepaid 5GB,Postpaid Mobile,118.63,5,1000,-1,2018-04-25
PLNAF106C4E9F,CUST100097823,Unlimited Premium,Postpaid Mobile,136.0,5,500,500,2022-11-29
PLNAB8ED478DB,CUST100034665,Family Share 10GB,Prepaid Mobile,55.33,5,500,100,2020-07-04
PLND16D47A7FE,CUST100041745,Prepaid 5GB,Prepaid Mobile,132.17,20,-1,500,2018-10-27
PLN0A2548D454,CUST100036378,IoT Data Plan,Postpaid Mobile,32.97,50,1000,100,2017-12-10
PLN5F8553BCB4,CUST100072965,IoT Data Plan,Postpaid Mobile,136.32,-1,-1,100,2017-02-14
PLN71D3E1B544,CUST100082567,Unlimited Plus,Postpaid Mobile,28.7,5,500,-1,2020-08-11
PLN359F472086,CUST100021060,Fiber 1Gbps,Prepaid Mobile,111.57,20,1000,100,2022-01-11
PLNE3073B1C3C,CUST100075703,Unlimited Premium,Broadband,112.65,5,500,-1,2016-06-26
PLNCFBCC2BE3A,CUST100031173,Unlimited Plus,Broadband,122.39,10,1000,500,2024-01-05
PLNFC837C99CF,CUST100024662,Unlimited Premium,IoT,54.28,10,1000,100,2021-02-22
PLN3948AEE218,CUST100079665,Fiber 500Mbps,Prepaid Mobile,133.06,2,500,100,2018-02-20
PLN708B702B8F,CUST100025008,Family Share 10GB,Broadband,122.94,20,1000,100,2024-07-24
PLN2AD44721C4,CUST100021746,Fiber 500Mbps,Postpaid Mobile,69.1,50,1000,100,2019-10-26
PLN64F3094EF4,CUST100014378,Family Share 10GB,Prepaid Mobile,42.09,10,-1,-1,2023-11-12
PLN1059BB0974,CUST100028361,Unlimited Basic,Broadband,79.53,20,500,500,2020-06-04
PLN84813DFB82,CUST100015166,Family Share 10GB,Postpaid Mobile,140.56,5,-1,500,2019-05-31
PLN0097912B14,CUST100002347,IoT Data Plan,Prepaid Mobile,104.8,2,1000,500,2025-09-07
PLN1497A8E6C9,CUST100060057,Prepaid 5GB,Prepaid Mobile,97.98,50,500,500,2016-04-26
PLN74BE0E5C8B,CUST100075001,IoT Data Plan,IoT,52.41,5,500,500,2021-09-29
PLN919ECEC70E,CUST100028308,Fiber 500Mbps,Postpaid Mobile,131.2,5,500,100,2025-07-15
PLND7274BE1CD,CUST100070457,Unlimited Premium,Postpaid Mobile,110.8,10,-1,-1,2022-02-06
PLNE46833AD53,CUST100025108,Unlimited Premium,Postpaid Mobile,111.25,-1,500,100,2021-10-14
PLN8CD77D333F,CUST100083183,Fiber 500Mbps,Postpaid Mobile,93.77,10,1000,-1,2016-04-12
PLNEB2B75F86C,CUST100098628,Fiber 1Gbps,IoT,54.83,10,1000,500,2025-09-29
PLN7524D519F4,CUST100016064,Fiber 500Mbps,Postpaid Mobile,141.05,20,1000,-1,2025-06-18
PLNFBAA2F3E75,CUST100031094,Fiber 500Mbps,IoT,129.85,20,-1,100,2017-04-21
PLN70FA791C3D,CUST100050498,Family Share 10GB,Broadband,148.4,20,500,500,2015-02-07
PLNE6CDA56D91,CUST100086873,IoT Data Plan,Broadband,88.26,5,500,-1,2018-10-08
PLN251D10347A,CUST100076609,Prepaid 5GB,Broadband,26.76,2,1000,-1,2017-02-21
PLN1C73703747,CUST100071559,Unlimited Plus,Prepaid Mobile,89.13,20,500,500,2022-10-15
PLNB2CE29059C,CUST100065871,Fiber 1Gbps,Postpaid Mobile,26.37,20,1000,-1,2026-05-01
PLNDB74F0C2C6,CUST100052182,Family Share 10GB,Prepaid Mobile,30.74,10,1000,500,2022-01-14
PLN298ECF6796,CUST100006454,IoT Data Plan,Prepaid Mobile,102.09,20,-1,100,2021-05-10
PLN67E21E5F92,CUST100090193,Fiber 1Gbps,Broadband,86.37,20,500,-1,2024-11-05
PLNAB8F7E0C34,CUST100048553,Family Share 10GB,Postpaid Mobile,70.3,20,-1,-1,2021-07-27
PLNF24A09FC5F,CUST100048747,Unlimited Plus,Broadband,85.59,2,500,500,2023-04-07
PLNB28F7C182F,CUST100049385,Prepaid 5GB,Prepaid Mobile,64.93,2,500,-1,2021-02-14
PLN6D307651FF,CUST100042612,Unlimited Premium,Postpaid Mobile,137.83,10,500,-1,2015-06-26
PLN1D151C773C,CUST100057340,Fiber 1Gbps,Prepaid Mobile,28.24,5,500,100,2020-02-26
PLNAE75AD7D3B,CUST100038866,Family Share 10GB,Postpaid Mobile,69.43,2,-1,500,2023-02-26
PLNE451DB52D5,CUST100081920,Unlimited Premium,Postpaid Mobile,97.42,20,500,100,2024-02-28
PLN203CEA098D,CUST100061562,Unlimited Plus,Postpaid Mobile,146.93,2,1000,-1,2019-04-06
PLN4B6A574671,CUST100022472,Fiber 500Mbps,Postpaid Mobile,89.9,5,-1,-1,2025-02-25
PLN386D62A718,CUST100078432,Unlimited Premium,Postpaid Mobile,68.8,2,1000,100,2025-12-04
PLNA61F8D0DEA,CUST100008127,Unlimited Basic,Prepaid Mobile,25.74,-1,1000,-1,2021-04-21
PLN6262CA41F4,CUST100092814,Unlimited Premium,Broadband,130.37,50,1000,-1,2018-08-20
PLN874BBDC147,CUST100057381,IoT Data Plan,Postpaid Mobile,111.53,5,-1,500,2019-09-22
PLNCA4A6EA253,CUST100001654,Family Share 10GB,Postpaid Mobile,53.05,-1,500,100,2024-07-01
PLN0495E715F0,CUST100079621,Unlimited Premium,Broadband,88.29,5,500,100,2019-03-11
PLN774E731A41,CUST100013128,Fiber 500Mbps,Broadband,63.01,10,500,500,2015-07-25
PLN461623C798,CUST100026605,Fiber 500Mbps,Prepaid Mobile,61.57,20,1000,100,2017-11-28
PLN8A6B4704A8,CUST100086691,Unlimited Basic,IoT,117.92,20,500,500,2016-01-11
PLN8CD76693AD,CUST100025046,Fiber 500Mbps,Postpaid Mobile,49.32,20,1000,-1,2018-07-10
PLNF581BEEDC8,CUST100061656,Family Share 10GB,Postpaid Mobile,122.44,50,1000,500,2021-04-30
PLNF9ADE56F13,CUST100094687,Fiber 1Gbps,Postpaid Mobile,59.56,2,-1,100,2023-11-07
PLNFD57B86301,CUST100044533,Unlimited Premium,Postpaid Mobile,49.88,50,500,100,2025-08-22
PLN8FF160AA15,CUST100040168,IoT Data Plan,Prepaid Mobile,65.01,-1,500,100,2017-06-14
PLN7E71776D65,CUST100044577,Unlimited Plus,Postpaid Mobile,90.14,5,500,-1,2015-06-20
PLN6C468B21FE,CUST100036019,Fiber 500Mbps,Postpaid Mobile,20.2,10,500,-1,2017-02-09
PLNBC428E14DB,CUST100038186,Prepaid 5GB,Postpaid Mobile,121.66,20,-1,-1,2019-12-16
PLNBE914653CE,CUST100007075,Unlimited Basic,Broadband,101.78,50,-1,100,2016-12-30
PLND31FD3355D,CUST100032166,IoT Data Plan,Prepaid Mobile,105.05,10,500,500,2025-07-07
PLNEFCBD24C07,CUST100091283,IoT Data Plan,Broadband,36.51,10,1000,100,2019-07-15
PLN6885F0FA5B,CUST100059422,Prepaid 5GB,Postpaid Mobile,82.01,-1,-1,-1,2017-08-25
PLN1146DC0771,CUST100040934,Unlimited Plus,Postpaid Mobile,69.3,2,500,-1,2015-06-26
PLNCDADC51735,CUST100069054,IoT Data Plan,Broadband,46.25,10,-1,-1,2016-08-10
PLN9D40188514,CUST100064070,Unlimited Plus,Broadband,130.16,-1,1000,-1,2017-08-27
PLNC5AC2D49FA,CUST100031613,Unlimited Plus,Postpaid Mobile,90.24,2,-1,100,2015-10-30
PLN904DBD24AC,CUST100025527,IoT Data Plan,Prepaid Mobile,119.02,50,-1,500,2018-02-25
PLN4DF99AF7C2,CUST100011579,Fiber 500Mbps,Prepaid Mobile,134.82,10,1000,500,2023-07-31
PLN781D3C7558,CUST100033294,IoT Data Plan,Broadband,56.97,2,-1,-1,2024-05-24
PLND344C3EC96,CUST100009085,Prepaid 5GB,Postpaid Mobile,111.0,2,500,100,2020-10-22
PLN51D4AEF9CB,CUST100093451,Prepaid 5GB,Broadband,76.02,50,500,100,2023-10-22
PLN4962D79AC1,CUST100004404,Unlimited Premium,Prepaid Mobile,87.9,10,500,-1,2015-04-05
PLN201E0604CB,CUST100017726,Unlimited Plus,Postpaid Mobile,147.24,20,-1,-1,2016-08-04
PLN010F553E5E,CUST100028254,Unlimited Basic,Postpaid Mobile,57.23,5,1000,500,2018-05-24
PLN7D226DC860,CUST100079239,Unlimited Premium,Postpaid Mobile,93.9,10,1000,100,2020-09-06
PLN4C673BDB10,CUST100008137,Fiber 500Mbps,Postpaid Mobile,61.86,5,500,-1,2019-07-12
PLN4D7DE31364,CUST100048282,Fiber 1Gbps,IoT,74.65,-1,-1,-1,2018-09-30
PLN28AA2F6BE1,CUST100004542,Family Share 10GB,Broadband,58.3,-1,500,500,2021-10-29
PLN4AE46FA4CA,CUST100073464,Fiber 1Gbps,Prepaid Mobile,76.4,50,1000,-1,2021-10-09
PLN0C2E7ABE61,CUST100009736,Fiber 1Gbps,Prepaid Mobile,16.74,20,-1,-1,2018-02-09
PLN718847953C,CUST100048956,Unlimited Plus,Broadband,115.73,-1,500,500,2026-04-02
PLN64534D12B7,CUST100097195,IoT Data Plan,Postpaid Mobile,50.9,-1,500,-1,2025-09-14
PLN8AE4D7CBD5,CUST100013900,Unlimited Basic,Broadband,31.56,5,500,-1,2024-04-10
PLNE45529882C,CUST100081446,Prepaid 5GB,Postpaid Mobile,32.19,10,500,500,2016-10-25
PLN5D916C9490,CUST100080372,Unlimited Plus,Broadband,149.28,5,500,-1,2023-11-11
PLNA74BDF218D,CUST100015517,Fiber 1Gbps,IoT,59.99,5,1000,100,2016-11-29
PLNA298D60598,CUST100088852,Family Share 10GB,IoT,118.46,50,1000,500,2018-04-14
PLN86E277DBED,CUST100037222,Unlimited Basic,Broadband,97.76,2,1000,500,2025-10-17
PLN3940E3D180,CUST100018680,Fiber 500Mbps,Prepaid Mobile,69.34,50,500,-1,2021-08-20
PLN507715475F,CUST100063325,Unlimited Plus,Postpaid Mobile,101.36,50,1000,100,2017-03-26
PLN6C1BF4E408,CUST100055730,Fiber 1Gbps,Prepaid Mobile,131.95,2,-1,100,2017-03-06
PLNE415B698F1,CUST100054035,Family Share 10GB,Prepaid Mobile,56.08,50,500,-1,2018-09-02
PLNE4B03E630E,CUST100036086,Unlimited Plus,Broadband,127.21,2,-1,100,2024-12-04
PLND231EAF21C,CUST100030738,Prepaid 5GB,Broadband,118.76,10,1000,500,2024-04-06
PLN3B282BF927,CUST100068970,Prepaid 5GB,Prepaid Mobile,53.14,50,-1,100,2016-07-04
PLNAA1BA481D0,CUST100056009,Prepaid 5GB,Postpaid Mobile,65.02,20,-1,500,2017-12-26
PLNB1C11FB646,CUST100009021,Prepaid 5GB,Broadband,133.54,-1,-1,100,2019-10-27
PLN281CB8297C,CUST100010127,Family Share 10GB,Broadband,81.76,-1,1000,500,2022-12-21
PLN1AF2AF6B90,CUST100067614,Unlimited Basic,Postpaid Mobile,94.77,10,1000,500,2017-12-07
PLN8C725A979D,CUST100045809,Unlimited Basic,Prepaid Mobile,106.21,2,-1,500,2022-04-05
PLNA22BD169AC,CUST100080502,IoT Data Plan,Broadband,41.13,50,-1,500,2022-09-23
PLN3AB18FD000,CUST100091575,Prepaid 5GB,Broadband,105.54,50,500,500,2017-08-20
PLNFA8191BE5C,CUST100040196,IoT Data Plan,Prepaid Mobile,71.54,20,-1,-1,2017-07-20
PLNABC4807806,CUST100018351,IoT Data Plan,Postpaid Mobile,32.24,50,1000,500,2018-03-03
PLNE059A8C29E,CUST100010992,Prepaid 5GB,Postpaid Mobile,93.5,10,500,100,2022-07-31
PLN2E067716C4,CUST100058514,Fiber 1Gbps,Broadband,126.8,50,500,500,2019-06-07
PLN70492E2B12,CUST100005228,Unlimited Plus,Postpaid Mobile,73.2,-1,1000,-1,2024-01-07
PLNA512494169,CUST100066488,Fiber 500Mbps,Postpaid Mobile,129.45,2,-1,500,2020-12-12
PLND61C846255,CUST100043858,Unlimited Plus,Prepaid Mobile,82.53,2,-1,100,2026-04-07
PLN64FF869730,CUST100050193,Fiber 500Mbps,Broadband,146.7,50,1000,100,2023-08-10
PLNF419D4C801,CUST100092326,Fiber 1Gbps,Postpaid Mobile,60.19,2,1000,500,2022-10-30
PLN82A1F90060,CUST100044835,IoT Data Plan,Postpaid Mobile,137.95,50,1000,100,2017-11-17
PLNF9F5C6B933,CUST100048679,Unlimited Basic,IoT,69.83,20,1000,-1,2023-11-24
PLNE855ED5E23,CUST100035880,Family Share 10GB,Postpaid Mobile,117.6,5,500,500,2022-06-06
PLNAB5B2EDEF6,CUST100000642,Unlimited Plus,IoT,64.83,-1,500,500,2018-08-16
PLN1FF7EC7B65,CUST100002404,Unlimited Basic,Postpaid Mobile,135.69,2,-1,100,2018-09-24
PLN254BC56448,CUST100068724,Fiber 500Mbps,Postpaid Mobile,72.91,10,-1,100,2021-05-22
PLN58AA714C05,CUST100092502,Unlimited Premium,Postpaid Mobile,134.13,10,-1,-1,2023-03-11
PLNAB64D7B4E6,CUST100088513,Unlimited Basic,Broadband,69.31,5,1000,-1,2021-11-22
PLND46149518C,CUST100099155,Family Share 10GB,Broadband,104.64,20,-1,100,2024-10-20
PLN6B42004896,CUST100017862,Unlimited Premium,Postpaid Mobile,116.35,-1,-1,500,2017-07-07
PLN6401DBAF02,CUST100094233,Fiber 1Gbps,Postpaid Mobile,54.82,10,-1,-1,2015-07-12
PLN79400A0C57,CUST100058158,Unlimited Premium,IoT,76.33,20,500,100,2021-03-09
PLNB877EB95F3,CUST100085770,Unlimited Plus,Postpaid Mobile,33.27,10,500,100,2023-11-07
PLN890FB2867B,CUST100037628,Prepaid 5GB,Prepaid Mobile,144.18,10,1000,500,2017-05-09
PLN443B5C77EE,CUST100029847,Fiber 1Gbps,Postpaid Mobile,139.75,10,500,100,2020-01-02
PLNA645393502,CUST100077390,Fiber 500Mbps,Broadband,88.43,2,500,-1,2022-06-27
PLNCC5F32037C,CUST100036412,Fiber 500Mbps,Prepaid Mobile,92.39,20,500,-1,2025-03-15
PLN0DB7775122,CUST100030631,IoT Data Plan,Prepaid Mobile,143.64,2,-1,500,2022-10-26
PLN090D512B15,CUST100066979,IoT Data Plan,Prepaid Mobile,51.57,5,500,100,2023-10-02
PLN1BD3D200AB,CUST100014321,Prepaid 5GB,Broadband,52.56,20,1000,500,2024-09-27
PLN14C0854D72,CUST100014680,Prepaid 5GB,Postpaid Mobile,86.33,20,500,100,2017-03-23
PLND2F1B35AED,CUST100019150,Fiber 500Mbps,Postpaid Mobile,46.78,10,500,-1,2020-11-02
PLNCDD024885D,CUST100060424,Unlimited Premium,Broadband,19.2,2,1000,-1,2016-12-21
PLN53388186AA,CUST100055881,Unlimited Plus,Prepaid Mobile,103.17,2,500,100,2019-10-09
PLN0ADA5A4024,CUST100068690,Unlimited Basic,Postpaid Mobile,73.58,-1,500,-1,2018-11-20
PLN6D632FCF9A,CUST100010862,IoT Data Plan,Postpaid Mobile,31.29,50,-1,500,2017-01-26
PLN13E183321E,CUST100092504,Unlimited Basic,Postpaid Mobile,143.13,2,-1,-1,2017-07-09
PLNDC213D306B,CUST100056210,Unlimited Basic,Broadband,114.14,50,-1,100,2016-03-29
PLNC548876738,CUST100040601,Unlimited Basic,Prepaid Mobile,25.2,5,1000,100,2025-06-10
PLN4360A0B186,CUST100077939,Prepaid 5GB,Postpaid Mobile,120.1,50,500,100,2020-03-21
PLN60568A4D6F,CUST100075771,Unlimited Basic,Postpaid Mobile,145.19,5,1000,100,2017-12-02
PLN9340965FEB,CUST100047445,Prepaid 5GB,Broadband,138.03,2,-1,-1,2024-05-17
PLN3E244FE529,CUST100080741,Fiber 1Gbps,Prepaid Mobile,57.95,10,500,-1,2021-02-18
PLN708474B939,CUST100069696,IoT Data Plan,Postpaid Mobile,148.63,5,1000,500,2018-05-31
PLNE445DC6C6E,CUST100078706,Family Share 10GB,Postpaid Mobile,65.73,20,-1,500,2023-05-20
PLN445237709E,CUST100062713,Prepaid 5GB,Postpaid Mobile,123.65,5,500,-1,2019-12-28
PLND15EA14243,CUST100015297,Fiber 1Gbps,Postpaid Mobile,142.69,-1,500,500,2023-10-05
PLNA59B7C4BBB,CUST100080298,Fiber 500Mbps,Postpaid Mobile,35.94,20,1000,100,2016-02-10
PLN3F41292599,CUST100099027,Unlimited Basic,Postpaid Mobile,128.9,5,1000,-1,2017-05-21
PLN0550501D89,CUST100038278,Unlimited Premium,Postpaid Mobile,111.2,10,500,100,2018-09-20
PLNC2902CD087,CUST100050474,Fiber 500Mbps,Postpaid Mobile,24.01,2,-1,100,2019-11-19
PLN8E2E608F22,CUST100025894,Family Share 10GB,Postpaid Mobile,129.91,50,500,100,2023-02-19
PLN5809611874,CUST100020389,Family Share 10GB,Prepaid Mobile,146.54,2,-1,-1,2016-05-27
PLNFD984ADBDB,CUST100015073,Unlimited Basic,Prepaid Mobile,61.05,50,500,500,2025-06-12
PLNE63B45342D,CUST100055236,Unlimited Basic,Prepaid Mobile,35.93,10,-1,-1,2022-12-20
PLN7EC7EDDDA8,CUST100062648,Fiber 500Mbps,Broadband,37.45,50,500,500,2019-02-19
PLNB9B30A21B7,CUST100025195,Unlimited Plus,Prepaid Mobile,56.41,10,500,500,2023-02-22
PLN1B330EF034,CUST100026225,Unlimited Plus,Postpaid Mobile,80.49,50,-1,100,2026-03-16
PLN3660A6D24F,CUST100081652,Unlimited Plus,Postpaid Mobile,119.83,-1,1000,-1,2025-08-28
PLNE63D790451,CUST100076775,Prepaid 5GB,Prepaid Mobile,61.82,2,-1,-1,2015-01-16
PLNB0047FF91D,CUST100012690,Prepaid 5GB,Postpaid Mobile,147.69,20,-1,100,2023-12-23
PLN148A1F275B,CUST100004065,Unlimited Premium,Prepaid Mobile,124.38,10,1000,500,2024-09-06
PLNB4E8C1A5DE,CUST100094223,Fiber 500Mbps,IoT,125.12,2,500,500,2020-10-02
PLNE7D72765F8,CUST100077750,Fiber 500Mbps,Prepaid Mobile,56.34,20,-1,-1,2022-07-02
PLNA95DE7C175,CUST100034599,Unlimited Premium,Broadband,128.7,10,-1,500,2025-02-08
PLN54C4797586,CUST100048584,Prepaid 5GB,Postpaid Mobile,48.08,-1,-1,-1,2026-05-06
PLN7D15C8C10C,CUST100040832,Unlimited Plus,Postpaid Mobile,84.03,10,500,-1,2016-06-26
PLN32E976A789,CUST100081768,Unlimited Premium,Prepaid Mobile,117.55,5,-1,-1,2020-05-12
PLND7150DC986,CUST100049005,Prepaid 5GB,Postpaid Mobile,125.5,20,500,100,2017-11-27
PLN1B928DFBEB,CUST100012993,Prepaid 5GB,Postpaid Mobile,87.04,5,500,500,2015-10-26
PLNC9DD7EEAD8,CUST100044425,Unlimited Plus,Postpaid Mobile,42.91,20,1000,500,2020-11-02
PLNB7C57F5D6F,CUST100013530,IoT Data Plan,Broadband,121.74,-1,1000,100,2018-12-26
PLN0080A5100D,CUST100041964,Unlimited Plus,Prepaid Mobile,131.12,2,500,100,2021-07-27
PLN6B02B6F8C1,CUST100079641,Family Share 10GB,Postpaid Mobile,96.71,50,1000,-1,2018-11-23
PLNF4BA0BBE10,CUST100033735,Unlimited Plus,Postpaid Mobile,100.76,10,500,100,2024-07-12
PLNC4C832081C,CUST100029565,Unlimited Basic,Postpaid Mobile,136.02,-1,500,500,2023-09-21
PLN65B7EE5200,CUST100055588,Unlimited Premium,Postpaid Mobile,29.35,10,500,100,2023-02-07
PLN366EC8E416,CUST100051042,Unlimited Basic,Prepaid Mobile,68.25,-1,-1,500,2015-10-25
PLN0F15469D37,CUST100089087,IoT Data Plan,Broadband,65.44,-1,500,100,2016-02-18
PLNB83A0E3222,CUST100009391,Unlimited Premium,Prepaid Mobile,139.9,2,-1,100,2022-03-22
PLNE1F9962E47,CUST100062399,Fiber 500Mbps,Postpaid Mobile,147.95,20,1000,100,2023-09-15
PLNAB77C2BA60,CUST100021228,Fiber 1Gbps,Prepaid Mobile,52.96,10,500,100,2015-05-22
PLNFF67A6C7B8,CUST100098019,Unlimited Basic,Postpaid Mobile,54.21,20,500,500,2021-08-28
PLN5ACAC335CF,CUST100048044,Fiber 1Gbps,Broadband,42.93,10,-1,100,2016-05-21
PLN5BBF66D7DE,CUST100030778,Family Share 10GB,Postpaid Mobile,55.54,-1,1000,-1,2017-02-21
PLN3EF2B1AFE6,CUST100071184,Fiber 1Gbps,Postpaid Mobile,91.14,-1,-1,-1,2023-12-31
PLN588A979073,CUST100093726,IoT Data Plan,Broadband,96.24,-1,500,500,2017-02-10
PLN28010B6D6D,CUST100096069,Fiber 500Mbps,Prepaid Mobile,38.51,50,1000,500,2020-09-23
PLN224B35A56B,CUST100041368,Prepaid 5GB,Postpaid Mobile,22.82,5,500,100,2015-06-30
PLN63F7A74963,CUST100039788,IoT Data Plan,Postpaid Mobile,18.38,5,1000,-1,2017-08-14
PLNA2B1C4950C,CUST100025580,Unlimited Premium,Postpaid Mobile,126.26,5,1000,100,2019-08-14
PLN05634EF914,CUST100066819,IoT Data Plan,Postpaid Mobile,130.11,2,1000,500,2018-10-09
PLN2269FF31D0,CUST100032481,Unlimited Plus,Prepaid Mobile,120.09,10,-1,100,2020-07-12
PLN4B11551A93,CUST100065293,Prepaid 5GB,Postpaid Mobile,92.79,2,1000,500,2025-10-16
PLN2D251EF363,CUST100066834,Unlimited Premium,IoT,110.4,5,1000,-1,2020-12-09
PLNB43DD59CA0,CUST100078687,Fiber 500Mbps,Prepaid Mobile,81.21,2,500,-1,2018-09-16
PLNE8B7805404,CUST100015242,IoT Data Plan,Prepaid Mobile,45.0,20,-1,100,2018-06-02
PLNC63BDCE8BE,CUST100019058,Prepaid 5GB,Prepaid Mobile,142.39,-1,-1,-1,2019-08-31
PLN6EF5B93F9D,CUST100071543,Family Share 10GB,Postpaid Mobile,101.06,2,-1,-1,2026-03-10
PLN6567BB496D,CUST100027037,IoT Data Plan,Prepaid Mobile,44.18,10,1000,100,2026-01-14
PLN89691E3BED,CUST100005053,IoT Data Plan,Postpaid Mobile,66.72,2,1000,-1,2015-07-11
PLN71923C836B,CUST100014559,Fiber 1Gbps,Broadband,65.89,50,-1,100,2022-02-17
PLNF558D76231,CUST100039995,Unlimited Premium,Broadband,91.09,2,-1,-1,2025-09-28
PLNA6DEB75AA8,CUST100075707,Family Share 10GB,Broadband,105.06,50,-1,100,2025-05-30
PLN1A931DBF91,CUST100012438,IoT Data Plan,Postpaid Mobile,85.82,50,1000,500,2025-09-28
PLN909EE89E5C,CUST100001076,Unlimited Plus,Postpaid Mobile,84.9,-1,500,500,2017-11-10
PLN815163C0D8,CUST100082247,Fiber 1Gbps,Broadband,120.17,50,500,500,2026-02-22
PLN562848F1E8,CUST100010052,Fiber 1Gbps,Postpaid Mobile,63.5,50,-1,500,2023-08-09
PLN9197192392,CUST100033215,Prepaid 5GB,Postpaid Mobile,43.95,2,1000,100,2024-01-21
PLN96C8795AFF,CUST100039194,Unlimited Basic,IoT,117.94,10,-1,100,2024-12-24
PLN8244A934DC,CUST100071015,Fiber 500Mbps,Postpaid Mobile,94.51,20,1000,500,2021-04-02
PLN161602638D,CUST100044159,Fiber 1Gbps,Postpaid Mobile,50.29,50,500,100,2016-04-03
PLN1971EA9CD5,CUST100066762,Family Share 10GB,Postpaid Mobile,61.97,-1,500,500,2026-02-19
PLN85150F31B5,CUST100050459,Fiber 1Gbps,Broadband,94.67,20,500,-1,2015-02-06
PLN30DB0142DA,CUST100003159,Fiber 1Gbps,Postpaid Mobile,122.07,50,-1,-1,2016-01-14
PLNC6DD32AE1D,CUST100033072,Prepaid 5GB,Postpaid Mobile,44.44,10,-1,-1,2024-11-19
PLNEF37DFF583,CUST100040172,Fiber 500Mbps,Postpaid Mobile,92.32,2,1000,-1,2015-01-14
PLN3B5D32AD00,CUST100018646,Fiber 1Gbps,Postpaid Mobile,87.62,10,1000,-1,2025-12-01
PLN5A154891EE,CUST100075364,IoT Data Plan,Prepaid Mobile,66.19,2,500,100,2020-03-05
PLN387E4BB9CB,CUST100089325,Fiber 1Gbps,Postpaid Mobile,58.49,50,500,-1,2026-01-14
PLNF7F208BC7E,CUST100013456,Unlimited Plus,Broadband,84.13,50,1000,500,2018-08-14
PLNF261C2088C,CUST100007919,Prepaid 5GB,IoT,143.87,-1,500,100,2020-04-24
PLN952F28E116,CUST100080976,Fiber 500Mbps,Prepaid Mobile,101.97,2,-1,-1,2026-02-16
PLND3B8161E4E,CUST100011214,Family Share 10GB,Broadband,137.57,50,1000,100,2025-09-28
PLN39C49E5849,CUST100042945,IoT Data Plan,IoT,42.89,5,-1,500,2015-01-25
PLN0B16A3381D,CUST100090094,Unlimited Premium,Postpaid Mobile,67.96,5,-1,-1,2021-12-02
PLN7A9E749FCA,CUST100031211,IoT Data Plan,Prepaid Mobile,100.2,-1,-1,-1,2015-11-20
PLN700416046D,CUST100026477,Family Share 10GB,IoT,99.36,50,-1,100,2019-08-27
PLND8470576E8,CUST100019885,Fiber 1Gbps,Prepaid Mobile,83.72,10,1000,500,2026-01-21
PLNCE471CA5B7,CUST100094181,Unlimited Premium,Broadband,35.45,-1,-1,100,2016-06-17
PLND01DA6AAD0,CUST100066326,Fiber 1Gbps,Prepaid Mobile,70.19,2,500,500,2016-07-04
PLNBD5CB70870,CUST100090679,Family Share 10GB,Prepaid Mobile,51.64,-1,1000,100,2020-04-16
PLNFCECC7F090,CUST100078907,Family Share 10GB,Broadband,128.69,50,1000,-1,2017-05-25
PLN0E8517C97F,CUST100060422,Prepaid 5GB,Postpaid Mobile,59.56,2,-1,500,2024-11-06
PLNB33B331AA5,CUST100010792,Fiber 500Mbps,Prepaid Mobile,137.73,5,500,500,2018-11-23
PLN197B267729,CUST100073921,Unlimited Premium,Prepaid Mobile,120.88,20,500,500,2016-05-13
PLNE49CBAC451,CUST100051151,Family Share 10GB,Prepaid Mobile,46.81,5,-1,500,2020-10-24
PLN3B64C39F61,CUST100017742,IoT Data Plan,Prepaid Mobile,114.45,50,500,-1,2016-11-02
PLNF0B63510A9,CUST100069364,IoT Data Plan,Prepaid Mobile,129.88,2,500,100,2021-01-24
PLN66A975A525,CUST100003681,Prepaid 5GB,Broadband,33.93,5,1000,-1,2020-09-06
PLNE74B378BC9,CUST100045601,Family Share 10GB,Postpaid Mobile,37.77,50,500,500,2018-06-05
PLN86F7584624,CUST100080785,Unlimited Premium,Prepaid Mobile,88.41,5,-1,500,2019-12-12
PLNC8ED1C5B9D,CUST100064073,IoT Data Plan,Postpaid Mobile,88.38,10,-1,-1,2022-04-06
PLN9B28373434,CUST100013477,Fiber 500Mbps,Prepaid Mobile,85.06,-1,500,500,2021-04-04
PLN586CBF46C8,CUST100032996,Prepaid 5GB,Prepaid Mobile,105.6,2,-1,500,2015-09-19
PLNAECBBEF57D,CUST100087410,Family Share 10GB,Postpaid Mobile,93.78,2,1000,100,2019-05-07
PLN8E680B65FE,CUST100041062,Family Share 10GB,Postpaid Mobile,18.27,5,-1,100,2023-12-03
PLNC5191B591E,CUST100037728,Unlimited Premium,Postpaid Mobile,106.5,50,-1,100,2019-12-02
PLN08DAD8EE23,CUST100003957,Prepaid 5GB,Postpaid Mobile,109.72,5,-1,-1,2018-09-30
PLNDF93CA90B3,CUST100000181,Fiber 1Gbps,Prepaid Mobile,52.24,2,-1,-1,2022-08-20
PLN50581627BC,CUST100053196,Fiber 1Gbps,Broadband,55.2,50,1000,100,2018-11-02
PLNB219F7C5E4,CUST100009086,Family Share 10GB,Postpaid Mobile,30.72,5,1000,100,2022-02-28
PLNCB8CE5D028,CUST100079513,Fiber 1Gbps,IoT,63.18,20,-1,500,2016-10-31
PLN7020906160,CUST100063939,Fiber 1Gbps,Postpaid Mobile,96.81,50,1000,500,2019-12-22
PLN11FF4BA09A,CUST100042284,Unlimited Premium,Postpaid Mobile,96.09,-1,-1,500,2018-11-27
PLNEF3076BC16,CUST100028623,Unlimited Premium,Postpaid Mobile,90.57,10,1000,-1,2016-10-19
PLNB097524832,CUST100085274,Unlimited Premium,Broadband,129.04,2,500,100,2022-05-10
PLN160CF2E43B,CUST100077873,Fiber 1Gbps,Postpaid Mobile,26.04,5,1000,500,2022-05-25
PLN469CA9640A,CUST100050416,Unlimited Basic,Prepaid Mobile,114.97,-1,-1,100,2022-11-14
PLN622C5C6E4E,CUST100065817,Unlimited Basic,Broadband,122.45,-1,500,100,2024-12-23
PLN9155104FA8,CUST100048916,Fiber 500Mbps,Postpaid Mobile,19.7,20,1000,100,2024-01-18
PLN3A12128B2D,CUST100029251,Prepaid 5GB,Postpaid Mobile,34.7,20,500,100,2026-04-20
PLN32A36D1DBD,CUST100093568,Prepaid 5GB,Postpaid Mobile,123.48,5,-1,-1,2020-03-01
PLNF8DEDF790B,CUST100043992,Fiber 1Gbps,Prepaid Mobile,57.35,5,1000,500,2022-12-28
PLNF1E15DBB96,CUST100013527,Fiber 500Mbps,Postpaid Mobile,57.43,5,1000,100,2016-12-14
PLNC5D44B301D,CUST100005046,Prepaid 5GB,Postpaid Mobile,54.97,5,1000,-1,2024-09-05
PLNA99055AF62,CUST100032171,Prepaid 5GB,Postpaid Mobile,66.89,-1,500,500,2024-09-06
PLNB9F1FECADC,CUST100080293,Family Share 10GB,Postpaid Mobile,122.15,2,500,-1,2017-12-11
PLN48271C6A09,CUST100013516,IoT Data Plan,IoT,17.8,10,500,-1,2022-05-09
PLN35CBF55772,CUST100099331,Fiber 1Gbps,Broadband,40.95,5,500,100,2026-04-02
PLN8E045AEA2D,CUST100009229,Prepaid 5GB,Prepaid Mobile,51.47,5,500,500,2017-03-07
PLN2B921D27D7,CUST100017796,Unlimited Premium,Postpaid Mobile,85.72,50,-1,-1,2018-10-19
PLNC06633A331,CUST100021487,IoT Data Plan,Postpaid Mobile,35.74,2,500,100,2020-11-09
PLN7091402E61,CUST100032583,Family Share 10GB,Broadband,51.51,20,-1,-1,2025-08-22
PLN2B7FFC2586,CUST100004241,Family Share 10GB,Prepaid Mobile,140.67,50,-1,100,2022-07-12
PLN326B428F87,CUST100069680,Prepaid 5GB,Postpaid Mobile,119.03,5,-1,-1,2022-07-14
PLNC35351627B,CUST100093729,Fiber 500Mbps,Prepaid Mobile,43.73,20,-1,-1,2025-05-27
PLND9935BEF0F,CUST100084305,Fiber 1Gbps,Prepaid Mobile,125.91,5,-1,500,2020-01-30
PLN3A055E4743,CUST100027485,Prepaid 5GB,Prepaid Mobile,50.24,10,1000,100,2020-04-13
PLN302B0F7306,CUST100085248,IoT Data Plan,IoT,87.31,5,-1,-1,2022-06-05
PLN703D1D41E2,CUST100067836,Unlimited Basic,Broadband,110.25,10,-1,-1,2017-01-18
PLN2FD1EDC91F,CUST100099762,Unlimited Premium,Postpaid Mobile,140.71,2,500,-1,2024-03-16
PLN5B39C34A52,CUST100084130,IoT Data Plan,Prepaid Mobile,103.17,2,-1,-1,2019-09-07
PLNCF50E02804,CUST100056681,Unlimited Plus,Prepaid Mobile,146.65,10,500,500,2016-11-06
PLN048028FFE2,CUST100089797,Family Share 10GB,Prepaid Mobile,96.77,2,500,100,2021-07-13
PLN5EBD3051AF,CUST100077662,Family Share 10GB,Prepaid Mobile,52.06,5,-1,-1,2017-04-25
PLN243D67BB10,CUST100086824,IoT Data Plan,Prepaid Mobile,87.16,2,-1,500,2015-08-08
PLN895AE30591,CUST100044711,Unlimited Plus,Postpaid Mobile,70.81,10,500,500,2020-04-15
PLN314A67A89E,CUST100050575,Prepaid 5GB,IoT,57.29,10,-1,100,2022-09-04
PLN76BC4B415A,CUST100045850,IoT Data Plan,Postpaid Mobile,145.75,20,-1,500,2018-11-17
PLNB5D052EFAF,CUST100055613,Unlimited Plus,Prepaid Mobile,73.67,50,1000,500,2022-03-09
PLN55A8CEFBBD,CUST100092969,Unlimited Plus,Postpaid Mobile,95.18,2,1000,500,2019-06-26
PLN829B27A54A,CUST100050055,IoT Data Plan,Postpaid Mobile,68.71,5,1000,500,2021-07-24
PLNA652AFF7BC,CUST100066338,Unlimited Basic,Postpaid Mobile,33.62,10,500,100,2017-07-18
PLNAD406A13ED,CUST100000159,Unlimited Premium,Postpaid Mobile,99.92,10,1000,100,2025-05-12
PLN4CCB1E1691,CUST100043633,Prepaid 5GB,Broadband,50.37,5,-1,100,2023-10-24
PLN97AEE37402,CUST100098988,IoT Data Plan,Postpaid Mobile,82.53,5,-1,-1,2018-10-03
PLN46B9B828FC,CUST100008431,Fiber 1Gbps,Postpaid Mobile,90.04,50,1000,-1,2021-12-03
PLNA2C8FAF66B,CUST100057803,Fiber 1Gbps,Broadband,77.57,-1,1000,100,2021-07-13
PLN6E81D0DB90,CUST100085786,Prepaid 5GB,Postpaid Mobile,22.87,-1,1000,500,2016-07-17
PLN5B97AA64C3,CUST100022953,IoT Data Plan,Postpaid Mobile,28.68,-1,500,-1,2023-01-04
PLN908971DFBD,CUST100098832,Unlimited Basic,Prepaid Mobile,70.75,50,1000,500,2021-07-25
PLNA59CF6C85B,CUST100056165,Prepaid 5GB,Postpaid Mobile,57.12,5,500,-1,2022-01-30
PLN48FE095FC4,CUST100042247,Family Share 10GB,Broadband,47.58,5,-1,500,2018-06-26
PLND5AC8AC5B1,CUST100050534,Family Share 10GB,Postpaid Mobile,79.54,-1,500,-1,2018-06-19
PLN39A12EBB56,CUST100028152,Prepaid 5GB,Postpaid Mobile,67.96,2,500,-1,2017-09-30
PLN30FE718527,CUST100098762,Family Share 10GB,Prepaid Mobile,103.81,50,1000,-1,2016-04-29
PLN4A0C3225CA,CUST100048943,Prepaid 5GB,Postpaid Mobile,149.05,20,1000,-1,2024-05-07
PLN7538100121,CUST100033043,Fiber 1Gbps,Postpaid Mobile,94.33,-1,1000,500,2023-04-18
PLN14BCB4DE14,CUST100052612,Unlimited Basic,Postpaid Mobile,135.38,20,-1,-1,2015-07-25
PLND4BFB0CA7E,CUST100009573,Prepaid 5GB,Broadband,67.9,20,-1,100,2018-07-26
PLN5A1C1A6360,CUST100084541,Family Share 10GB,Postpaid Mobile,123.66,5,500,500,2015-03-26
PLN6CF00AE6AE,CUST100007592,Prepaid 5GB,Prepaid Mobile,118.34,50,-1,100,2022-04-05
PLN463A4DCD19,CUST100014658,Family Share 10GB,Postpaid Mobile,62.95,50,1000,-1,2016-05-30
PLN2B2B0BF7AC,CUST100081369,Unlimited Plus,Prepaid Mobile,67.23,20,1000,100,2022-04-27
PLN0973E8781A,CUST100056577,Fiber 1Gbps,Broadband,30.17,2,1000,100,2018-10-22
PLN8764429B4F,CUST100029994,IoT Data Plan,Postpaid Mobile,107.45,50,-1,500,2015-10-01
PLN5FCFE36BAA,CUST100048012,Fiber 500Mbps,Prepaid Mobile,89.46,-1,-1,-1,2017-02-02
PLNF4E720ACF9,CUST100080900,Fiber 500Mbps,IoT,130.55,2,1000,500,2023-03-13
PLN2108DD37D1,CUST100071061,Fiber 1Gbps,Prepaid Mobile,29.58,-1,500,500,2017-10-22
PLNCD4D4E27FC,CUST100042983,Unlimited Plus,Prepaid Mobile,22.96,50,1000,100,2019-10-10
PLN968117C6D8,CUST100092747,Unlimited Plus,Postpaid Mobile,87.12,10,-1,500,2021-03-20
PLN867859BCD7,CUST100093005,Unlimited Premium,Postpaid Mobile,49.65,50,500,100,2026-03-02
PLN1499E04EFD,CUST100093031,Fiber 500Mbps,Postpaid Mobile,68.52,50,500,500,2022-10-12
PLN5F62724496,CUST100080631,Fiber 500Mbps,Prepaid Mobile,49.48,10,500,-1,2022-09-13
PLN036360D936,CUST100081318,IoT Data Plan,IoT,71.36,5,1000,500,2016-05-20
PLN1B7A852633,CUST100047875,Fiber 1Gbps,IoT,55.85,-1,-1,500,2022-01-10
PLN6809C53273,CUST100086168,Unlimited Plus,Broadband,26.26,10,500,500,2018-06-28
PLN92D471E9F9,CUST100087007,Unlimited Basic,Broadband,138.27,5,1000,-1,2023-06-16
PLN01F3E7DD77,CUST100084126,IoT Data Plan,Postpaid Mobile,48.55,50,1000,-1,2015-04-06
PLN5472C828C2,CUST100015638,Unlimited Plus,Postpaid Mobile,50.84,5,500,500,2015-11-23
PLN22D0E04BC1,CUST100011582,Fiber 1Gbps,Prepaid Mobile,36.06,50,1000,500,2021-02-21
PLND6FEC001D2,CUST100031944,Unlimited Plus,Postpaid Mobile,76.87,20,500,-1,2017-03-10
PLN2871F4A40B,CUST100077561,Fiber 500Mbps,Prepaid Mobile,82.35,5,-1,-1,2018-09-18
PLN9E614CE905,CUST100022240,Prepaid 5GB,Prepaid Mobile,15.76,20,1000,100,2025-10-09
PLN3560F871FB,CUST100035495,Prepaid 5GB,Postpaid Mobile,104.01,20,1000,500,2025-10-13
PLN610A876023,CUST100065626,IoT Data Plan,Postpaid Mobile,143.72,10,-1,-1,2016-10-15
PLN5C3191B492,CUST100021377,Unlimited Plus,Prepaid Mobile,92.62,20,500,100,2016-03-28
PLNCDB3412C8C,CUST100032900,Family Share 10GB,Postpaid Mobile,121.57,2,1000,500,2015-05-24
PLN365B3D15F0,CUST100004762,Fiber 500Mbps,Broadband,20.81,5,-1,100,2019-12-19
PLND52CB47224,CUST100085063,Unlimited Plus,Postpaid Mobile,114.18,10,500,-1,2017-06-03
PLN52EB09EEFF,CUST100094671,Fiber 500Mbps,Postpaid Mobile,82.87,2,500,100,2019-07-26
PLND4A183DC15,CUST100086488,Unlimited Premium,Prepaid Mobile,99.03,-1,1000,-1,2020-03-10
PLNAF773725E6,CUST100043889,IoT Data Plan,Postpaid Mobile,54.86,20,-1,-1,2024-05-04
PLN041E64EB4B,CUST100004336,Prepaid 5GB,Postpaid Mobile,39.94,20,-1,-1,2021-09-08
PLNB568632732,CUST100004371,Family Share 10GB,Postpaid Mobile,55.45,20,-1,500,2024-04-27
PLN45F9BA42A2,CUST100013187,Unlimited Plus,Broadband,18.04,10,-1,100,2016-05-12
PLN01513A7547,CUST100013057,Family Share 10GB,Postpaid Mobile,17.53,20,500,-1,2017-12-25
PLNA574D8E258,CUST100061973,Family Share 10GB,Prepaid Mobile,77.64,5,1000,-1,2022-08-14
PLN76FC45785B,CUST100097576,Fiber 500Mbps,Postpaid Mobile,146.24,50,500,100,2016-10-28
PLN330F55E2BE,CUST100006787,Unlimited Plus,Postpaid Mobile,112.31,5,-1,500,2019-07-29
PLNA2167A8ACC,CUST100050980,Unlimited Basic,Postpaid Mobile,65.55,10,1000,-1,2017-08-24
PLN41C7A230EF,CUST100060524,Unlimited Basic,Prepaid Mobile,136.4,-1,1000,500,2020-02-23
PLNB51313F509,CUST100002776,Fiber 1Gbps,Broadband,77.78,50,500,100,2017-10-30
PLN7E05CF8B27,CUST100060813,IoT Data Plan,Prepaid Mobile,30.49,20,-1,100,2026-01-10
PLN425E30E213,CUST100071673,Prepaid 5GB,Postpaid Mobile,112.45,-1,-1,-1,2020-04-27
PLN62C9BF9D9D,CUST100030908,Family Share 10GB,Postpaid Mobile,48.28,2,-1,100,2018-05-07
PLNE6A7E646A7,CUST100000919,Unlimited Premium,Broadband,72.97,20,1000,500,2022-05-20
PLN23ECB592F7,CUST100093771,Unlimited Plus,Broadband,23.49,10,-1,500,2017-05-10
PLNB1B31FEE05,CUST100091797,Prepaid 5GB,Prepaid Mobile,107.43,50,500,500,2023-03-22
PLN4DF8AC7551,CUST100057770,IoT Data Plan,Postpaid Mobile,47.05,10,500,-1,2022-06-15
PLNB1A2E59AFA,CUST100064978,Fiber 500Mbps,Postpaid Mobile,89.37,10,500,-1,2017-07-18
PLN4BA5C11926,CUST100002867,IoT Data Plan,Broadband,78.22,2,-1,500,2016-10-25
PLNC2FE60A6A2,CUST100072837,Fiber 500Mbps,Postpaid Mobile,26.09,10,500,500,2024-01-13
PLN1B0FABCD35,CUST100052756,Fiber 500Mbps,Broadband,107.16,-1,-1,100,2020-07-25
PLN732947B391,CUST100056754,Fiber 500Mbps,Prepaid Mobile,19.11,10,500,500,2022-10-28
PLN0C6AADB131,CUST100092081,Unlimited Plus,Prepaid Mobile,68.69,5,-1,-1,2020-12-07
PLN6805A5C4C0,CUST100030571,Fiber 500Mbps,Broadband,48.97,-1,1000,-1,2026-02-06
PLNBADC297C39,CUST100027306,Unlimited Premium,Postpaid Mobile,118.26,20,-1,100,2021-03-20
PLNE99FD8BB90,CUST100079436,Unlimited Basic,Prepaid Mobile,140.18,50,1000,100,2017-12-15
PLNBE6D29D091,CUST100069954,Family Share 10GB,IoT,24.46,2,-1,500,2021-02-12
PLN665CEBFF7D,CUST100041851,Fiber 1Gbps,Postpaid Mobile,143.8,50,1000,-1,2022-04-03
PLN5C3D818A9E,CUST100049319,Unlimited Plus,Broadband,72.57,20,-1,-1,2022-06-11
PLN4055F41C5D,CUST100043163,Family Share 10GB,Postpaid Mobile,78.69,10,500,500,2016-10-07
PLNAC581C72E5,CUST100099454,Unlimited Premium,Postpaid Mobile,53.17,10,1000,-1,2020-03-28
PLN6EE11E88CA,CUST100052232,Unlimited Basic,Broadband,31.56,-1,500,-1,2016-01-23
PLN426271BFC6,CUST100082011,Prepaid 5GB,Prepaid Mobile,57.6,2,-1,-1,2017-02-20
PLN0A2AAC1021,CUST100084479,Prepaid 5GB,Postpaid Mobile,83.33,50,500,100,2018-09-09
PLNC4CB8523B1,CUST100029705,Unlimited Premium,Postpaid Mobile,137.18,50,500,500,2015-12-03
PLN9D2A77040E,CUST100070249,Fiber 1Gbps,Postpaid Mobile,94.09,10,-1,500,2021-02-11
PLNCF96F78A13,CUST100089613,Family Share 10GB,Prepaid Mobile,64.76,-1,500,500,2024-01-07
PLN0E8C16E2D5,CUST100023856,Prepaid 5GB,Prepaid Mobile,75.2,-1,-1,-1,2017-01-23
PLNFEFB023624,CUST100074300,IoT Data Plan,Broadband,72.84,5,1000,100,2022-07-11
PLN94C4F2C242,CUST100053626,Family Share 10GB,Prepaid Mobile,92.74,2,-1,500,2020-04-06
PLN550EFEB63C,CUST100010206,Unlimited Premium,Postpaid Mobile,112.19,5,-1,-1,2017-02-20
PLN085AD101A8,CUST100005702,Family Share 10GB,Postpaid Mobile,48.16,5,1000,100,2026-03-12
PLNACC3A4DDFE,CUST100084813,Family Share 10GB,Postpaid Mobile,89.14,10,500,-1,2018-02-16
PLNBE1EEE240D,CUST100010398,Family Share 10GB,Postpaid Mobile,70.9,20,1000,-1,2017-02-23
PLNB5ED8A3236,CUST100047574,Unlimited Premium,IoT,133.81,5,-1,100,2020-09-15
PLNFA821395AA,CUST100036437,Unlimited Plus,Postpaid Mobile,124.89,-1,-1,-1,2021-04-12
PLN9666C04440,CUST100056570,Prepaid 5GB,Postpaid Mobile,117.95,-1,-1,-1,2015-01-04
PLN9044F1C32C,CUST100021457,IoT Data Plan,Postpaid Mobile,80.69,-1,1000,-1,2017-12-19
PLN5519CDA2BB,CUST100060171,Fiber 500Mbps,Prepaid Mobile,43.93,5,-1,100,2023-08-31
PLNCAD77A9FA5,CUST100011921,Fiber 500Mbps,Postpaid Mobile,126.68,20,500,500,2023-06-19
PLN1675E93A1D,CUST100025608,Unlimited Basic,Prepaid Mobile,26.48,50,500,500,2016-07-14
PLNEC65E794EB,CUST100035294,Fiber 1Gbps,Postpaid Mobile,77.83,50,1000,-1,2020-09-25
PLN5855CF0690,CUST100013186,Unlimited Plus,Postpaid Mobile,44.39,50,-1,-1,2015-02-02
PLNA25F49ADBD,CUST100038807,IoT Data Plan,Postpaid Mobile,107.98,2,500,100,2024-09-29
PLN4CE08895C9,CUST100076927,Unlimited Plus,Postpaid Mobile,118.85,20,500,-1,2018-07-15
PLN7457FE2026,CUST100044550,Unlimited Basic,Postpaid Mobile,103.04,20,1000,500,2016-11-07
PLNFA515541A9,CUST100094839,Fiber 1Gbps,Broadband,83.59,20,1000,100,2025-09-15
PLN50F20B8174,CUST100056944,IoT Data Plan,Postpaid Mobile,79.8,-1,-1,-1,2016-07-21
PLN17BFFE3F9D,CUST100070914,Unlimited Premium,Postpaid Mobile,148.07,2,1000,100,2024-05-20
PLNE57179F552,CUST100082135,Fiber 500Mbps,Postpaid Mobile,76.16,5,-1,100,2018-12-17
PLN81FA40FBF7,CUST100084420,Unlimited Premium,Postpaid Mobile,131.13,10,1000,500,2022-11-13
PLNB0B77376B3,CUST100022035,Unlimited Basic,Postpaid Mobile,140.64,2,-1,-1,2024-01-27
PLN5B969ABB7D,CUST100020969,Fiber 500Mbps,Postpaid Mobile,80.47,50,500,-1,2024-08-05
PLN1AB9BEC926,CUST100032457,Family Share 10GB,Prepaid Mobile,32.88,-1,1000,500,2018-03-13
PLN089A94BCD5,CUST100058522,Family Share 10GB,Prepaid Mobile,55.68,10,-1,100,2021-01-24
PLNFC950DB8D4,CUST100059657,IoT Data Plan,Postpaid Mobile,57.91,50,500,100,2020-07-25
PLN46335F270E,CUST100093403,IoT Data Plan,Postpaid Mobile,139.19,20,500,500,2019-05-26
PLNE43EE54828,CUST100088577,Unlimited Plus,Postpaid Mobile,64.83,50,500,-1,2020-05-14
PLNFBF3DDA08A,CUST100008705,Fiber 1Gbps,Prepaid Mobile,108.19,2,500,-1,2024-07-15
PLN1D624C79B0,CUST100044654,Fiber 1Gbps,Postpaid Mobile,57.97,50,-1,500,2026-06-07
PLN52212B1D69,CUST100098569,Unlimited Basic,Postpaid Mobile,127.59,20,-1,100,2026-05-13
PLNA00EB00DE0,CUST100021196,Fiber 500Mbps,Postpaid Mobile,115.91,20,-1,-1,2023-07-04
PLN63316B7461,CUST100013537,Unlimited Premium,Postpaid Mobile,146.62,2,-1,-1,2021-12-29
PLN3A8EFBD7EB,CUST100085983,IoT Data Plan,Postpaid Mobile,107.76,10,500,-1,2023-03-05
PLN55F7F43BB1,CUST100052590,IoT Data Plan,Broadband,43.97,10,1000,-1,2016-01-10
PLN68370E2982,CUST100042312,Unlimited Plus,Postpaid Mobile,22.46,20,1000,500,2016-05-25
PLN4665E25736,CUST100021470,Family Share 10GB,Prepaid Mobile,41.1,2,1000,500,2015-03-17
PLN38CBAFB603,CUST100073540,Unlimited Plus,Broadband,44.17,10,-1,-1,2022-10-25
PLNC259D1B389,CUST100087377,Fiber 500Mbps,Prepaid Mobile,68.77,10,500,-1,2015-12-21
PLN8A8694724A,CUST100068611,Family Share 10GB,Broadband,143.37,10,1000,100,2015-09-06
PLND9AB9BEE05,CUST100067050,Family Share 10GB,Broadband,138.67,2,1000,100,2025-05-14
PLN9D14065361,CUST100037996,Prepaid 5GB,Broadband,143.06,-1,1000,100,2021-09-22
PLN0C635EE500,CUST100015602,Prepaid 5GB,Postpaid Mobile,16.37,20,1000,500,2022-04-19
PLNE597FE8843,CUST100083427,Unlimited Plus,Prepaid Mobile,147.18,20,1000,-1,2025-10-18
PLND0F3C9FAEA,CUST100034297,Fiber 1Gbps,Prepaid Mobile,113.24,50,1000,500,2015-09-12
PLN1780971DFB,CUST100042254,Unlimited Premium,Prepaid Mobile,95.84,2,1000,100,2016-05-17
PLNF040C7D9A8,CUST100095818,Prepaid 5GB,Prepaid Mobile,18.95,-1,500,500,2020-02-05
PLND849709C70,CUST100061086,Prepaid 5GB,Postpaid Mobile,104.51,50,500,-1,2025-01-31
PLN5D3D0D1290,CUST100032620,Fiber 500Mbps,Postpaid Mobile,37.53,50,-1,-1,2025-08-08
PLN1EF3D36B30,CUST100078923,IoT Data Plan,Prepaid Mobile,79.99,50,500,500,2022-02-28
PLNA9CEA3EB65,CUST100099796,Unlimited Basic,Broadband,27.05,-1,500,500,2015-09-24
PLN4A008D8B63,CUST100093280,IoT Data Plan,Postpaid Mobile,143.92,10,1000,500,2018-06-08
PLN1A67BE296B,CUST100098501,Prepaid 5GB,Postpaid Mobile,133.34,2,-1,-1,2026-06-25
PLNCFABB90F42,CUST100052172,Unlimited Basic,Postpaid Mobile,103.88,5,1000,100,2017-06-28
PLN3BEF21FDD6,CUST100040207,Fiber 500Mbps,Postpaid Mobile,85.04,50,-1,500,2025-10-22
PLN8999600D45,CUST100079896,Family Share 10GB,Prepaid Mobile,43.79,5,-1,500,2022-03-14
PLNF9A3DEFC3F,CUST100091550,Unlimited Plus,Prepaid Mobile,121.15,20,-1,100,2026-06-02
PLN8A031AF8E1,CUST100053629,Fiber 500Mbps,Postpaid Mobile,102.84,5,1000,500,2022-08-23
PLN80B2A083A9,CUST100011163,Unlimited Premium,Postpaid Mobile,121.84,5,-1,500,2025-06-28
PLN07DAB8B1B9,CUST100043124,Family Share 10GB,Prepaid Mobile,62.45,50,500,100,2025-01-22
PLN0D31BDDD53,CUST100075319,Prepaid 5GB,Broadband,114.59,20,-1,100,2018-10-29
PLN347C2503FE,CUST100023227,Unlimited Basic,Broadband,40.93,2,-1,100,2019-12-22
PLN984FEB377E,CUST100023158,Prepaid 5GB,Postpaid Mobile,35.92,5,-1,100,2023-06-05
PLN72E0FCE570,CUST100089434,Unlimited Basic,Prepaid Mobile,50.29,2,1000,100,2015-05-02
PLN8219DE5DA5,CUST100094125,Fiber 500Mbps,Broadband,77.15,2,500,-1,2025-11-13
PLND60C284BBD,CUST100072364,Prepaid 5GB,Postpaid Mobile,111.19,10,1000,500,2020-09-13
PLNCD02C91BD1,CUST100018615,Family Share 10GB,IoT,96.95,-1,1000,-1,2025-06-21
PLN8DF55E3292,CUST100069557,Fiber 500Mbps,Broadband,81.69,50,-1,100,2019-03-15
PLN8F8B3C99A9,CUST100007969,Prepaid 5GB,Prepaid Mobile,117.47,20,-1,-1,2016-08-25
PLN83F7DB6B1C,CUST100004885,Unlimited Basic,Broadband,107.51,10,-1,-1,2024-04-17
PLNAEB5CA8D8B,CUST100063754,Fiber 1Gbps,Postpaid Mobile,133.59,2,1000,100,2017-12-10
PLN05F9E7FEAF,CUST100002406,Fiber 500Mbps,Postpaid Mobile,47.61,5,-1,-1,2019-04-25
PLN2A5FEA9289,CUST100076833,Unlimited Basic,Broadband,91.71,50,-1,-1,2021-04-17
PLN171A085C34,CUST100048970,Fiber 500Mbps,Postpaid Mobile,22.79,10,-1,-1,2020-01-04
PLN861F7B2DB0,CUST100046705,IoT Data Plan,Postpaid Mobile,116.77,5,1000,100,2017-08-13
PLN9C5B9723D3,CUST100069295,Unlimited Plus,Prepaid Mobile,47.14,-1,500,500,2020-08-01
PLNEDDF328B9B,CUST100039450,Unlimited Basic,IoT,26.11,10,-1,500,2022-03-22
PLNA9D2587466,CUST100089824,Unlimited Basic,Prepaid Mobile,45.24,10,1000,500,2021-05-02
PLNDD7F0CA595,CUST100083430,Unlimited Basic,Broadband,36.35,-1,1000,-1,2015-09-15
PLN349CBF3128,CUST100059328,IoT Data Plan,Postpaid Mobile,83.74,20,-1,500,2015-10-11
PLNBE672ABD1E,CUST100051136,Unlimited Plus,Postpaid Mobile,32.64,5,-1,100,2015-02-19
PLN7B83448505,CUST100088585,Fiber 1Gbps,Postpaid Mobile,109.8,10,-1,-1,2020-12-11
PLN02DD82E684,CUST100074522,Fiber 1Gbps,Postpaid Mobile,53.46,-1,500,-1,2022-04-27
PLN9D7D62689E,CUST100041680,Unlimited Basic,Postpaid Mobile,110.46,10,-1,100,2021-08-16
PLN9B0B0EBABB,CUST100057692,Unlimited Plus,Broadband,23.02,10,1000,-1,2022-08-03
PLN22EE87F980,CUST100061930,Unlimited Plus,Broadband,22.0,50,500,500,2023-03-14
PLN4D9343748F,CUST100065940,IoT Data Plan,Postpaid Mobile,96.19,5,1000,-1,2020-11-27
PLN842818E52E,CUST100090414,Unlimited Premium,Postpaid Mobile,137.09,5,500,100,2020-12-21
PLN52251A415F,CUST100020897,Fiber 1Gbps,Postpaid Mobile,84.97,5,500,500,2024-02-24
PLNEEB483C16B,CUST100063024,IoT Data Plan,Broadband,146.78,-1,1000,100,2015-06-26
PLNA63F27A044,CUST100097090,Prepaid 5GB,Broadband,74.77,2,1000,500,2019-08-11
PLN04D23389C2,CUST100068295,Fiber 500Mbps,Postpaid Mobile,29.43,10,500,500,2024-05-15
PLN3C64F56C1F,CUST100039050,Unlimited Basic,Prepaid Mobile,57.1,2,500,100,2025-07-16
PLN033AB12158,CUST100017797,Unlimited Basic,Broadband,103.46,-1,1000,500,2024-04-23
PLNF71CEF4847,CUST100027652,Fiber 1Gbps,Broadband,47.58,5,1000,-1,2020-09-26
PLN2984594995,CUST100031992,Unlimited Premium,Postpaid Mobile,139.24,2,-1,-1,2021-02-28
PLN9E41E28E36,CUST100060312,Fiber 1Gbps,Prepaid Mobile,82.63,20,-1,500,2023-09-27
PLNEFAC58CBFE,CUST100084763,Unlimited Premium,Broadband,135.96,50,-1,-1,2020-09-16
PLN18C132C3EF,CUST100024726,Unlimited Basic,IoT,113.0,10,500,-1,2018-02-18
PLN42EDDD448A,CUST100016640,Fiber 500Mbps,Prepaid Mobile,108.54,10,500,100,2016-07-13
PLN3AB6F05616,CUST100043089,Unlimited Plus,Postpaid Mobile,48.57,2,-1,-1,2020-06-22
PLN05EC3E3CE6,CUST100027107,Unlimited Premium,Postpaid Mobile,18.36,-1,500,500,2018-08-21
PLN12DBBA4EE2,CUST100026544,Fiber 1Gbps,IoT,36.48,-1,1000,500,2017-02-17
PLNE2F4A908B1,CUST100065831,Unlimited Plus,Broadband,120.4,5,500,100,2022-10-23
PLN073AFEE1A7,CUST100041737,Unlimited Premium,Postpaid Mobile,105.95,-1,-1,500,2015-07-24
PLN9F3552839D,CUST100042510,Fiber 500Mbps,Postpaid Mobile,29.62,20,-1,-1,2025-03-17
PLNBFFADA2926,CUST100076568,Fiber 500Mbps,Postpaid Mobile,19.12,20,-1,100,2026-04-13
PLNA7840A5BA4,CUST100018155,Family Share 10GB,Broadband,112.65,-1,1000,-1,2016-09-13
PLNE591C6DE84,CUST100040046,Unlimited Plus,Postpaid Mobile,66.64,2,1000,-1,2021-01-26
PLNBA3E7132C6,CUST100040365,Unlimited Premium,Postpaid Mobile,73.95,50,-1,100,2024-04-27
PLN1780290EDE,CUST100021634,Unlimited Plus,Broadband,146.79,10,500,-1,2021-10-29
PLNC8757E6F25,CUST100082001,IoT Data Plan,Postpaid Mobile,25.21,2,-1,100,2018-10-22
PLN0A944C04D1,CUST100000418,Prepaid 5GB,Prepaid Mobile,61.67,2,-1,100,2024-03-03
PLN4BAD412B06,CUST100038366,Unlimited Premium,Prepaid Mobile,80.2,-1,1000,500,2016-03-26
PLN861CC0C471,CUST100085295,Fiber 1Gbps,Broadband,66.18,50,-1,-1,2015-02-22
PLN98A20769DB,CUST100064548,Fiber 500Mbps,Postpaid Mobile,84.21,10,500,100,2024-12-02
PLNA8C14810F2,CUST100087203,Unlimited Plus,Postpaid Mobile,107.37,20,-1,100,2018-06-29
PLN912C0B3EA4,CUST100025823,Unlimited Plus,Prepaid Mobile,126.27,10,-1,100,2017-09-24
PLN7AEAA347D2,CUST100060944,Family Share 10GB,Postpaid Mobile,67.65,20,-1,-1,2015-08-05
PLN4507EE25E0,CUST100098403,Unlimited Plus,Postpaid Mobile,63.24,10,1000,-1,2015-03-11
PLNC7A01B9F7A,CUST100069992,Unlimited Plus,Postpaid Mobile,122.45,10,500,500,2023-09-15
PLNC92DCD8251,CUST100073421,Prepaid 5GB,Postpaid Mobile,70.49,2,1000,500,2024-09-03
PLNC67FA24B66,CUST100030429,Unlimited Plus,Prepaid Mobile,93.16,5,500,500,2021-04-08
PLN3048E8345C,CUST100044477,Unlimited Basic,Prepaid Mobile,138.72,50,-1,100,2021-12-06
PLNEF8CEA7920,CUST100039344,Prepaid 5GB,Postpaid Mobile,43.15,5,1000,100,2015-05-22
PLN9E02388F02,CUST100067178,Unlimited Premium,IoT,108.34,5,500,-1,2022-08-29
PLN230C31E909,CUST100027960,Unlimited Plus,Prepaid Mobile,58.26,2,1000,100,2021-07-11
PLN1D0078222F,CUST100054545,Prepaid 5GB,Prepaid Mobile,122.26,10,1000,500,2025-10-30
PLNF1AF28D0FE,CUST100002140,Family Share 10GB,IoT,115.89,50,-1,-1,2023-12-29
PLNF558EC9F52,CUST100075501,IoT Data Plan,Postpaid Mobile,41.51,50,500,100,2024-01-19
PLNF70C2D4A41,CUST100083889,Family Share 10GB,Prepaid Mobile,26.73,2,500,500,2023-12-02
PLN64B2C9B0DE,CUST100003279,Family Share 10GB,Broadband,123.49,50,-1,100,2020-08-16
PLNBCEFCA1BAA,CUST100006936,Prepaid 5GB,Prepaid Mobile,42.57,-1,1000,500,2019-01-27
PLN14484185F1,CUST100006647,Unlimited Plus,Postpaid Mobile,46.26,2,1000,100,2018-01-09
PLN1CFD3F77CD,CUST100027717,Prepaid 5GB,Prepaid Mobile,149.8,50,-1,100,2017-03-16
PLN901EF7360F,CUST100060885,Unlimited Plus,Prepaid Mobile,118.42,20,500,100,2017-12-04
PLN1218412A4F,CUST100050850,Fiber 1Gbps,Broadband,74.19,-1,1000,100,2019-09-13
PLNFDA3B415B5,CUST100096619,Unlimited Plus,Postpaid Mobile,15.07,10,500,500,2021-11-21
PLNE6AECA0B19,CUST100057729,Unlimited Premium,Postpaid Mobile,135.46,5,500,-1,2024-12-24
PLNCD686D1C03,CUST100093295,Unlimited Plus,IoT,25.48,5,-1,500,2015-06-02
PLNEB0EFA4620,CUST100052678,Family Share 10GB,Postpaid Mobile,51.58,20,-1,500,2026-06-21
PLN0AEE3B103E,CUST100005940,Fiber 1Gbps,Prepaid Mobile,27.32,2,-1,100,2021-06-25
PLN511099D27E,CUST100035458,Unlimited Basic,IoT,100.75,-1,500,-1,2024-12-12
PLN67A5BEFC24,CUST100028708,Unlimited Premium,Prepaid Mobile,40.16,5,500,500,2023-10-10
PLNFD204A6354,CUST100062893,Unlimited Premium,Postpaid Mobile,89.82,50,500,500,2024-12-31
PLN6F264C0E37,CUST100016551,Fiber 1Gbps,Prepaid Mobile,57.73,2,1000,100,2025-03-08
PLN0F4C60E055,CUST100085775,Family Share 10GB,Postpaid Mobile,58.58,2,1000,500,2019-12-15
PLN5A6184080A,CUST100048571,Fiber 1Gbps,Prepaid Mobile,69.04,50,500,500,2016-03-06
PLNC815735FE3,CUST100065060,Fiber 1Gbps,Prepaid Mobile,101.16,20,1000,100,2018-02-25
PLNCD03931280,CUST100013148,Unlimited Plus,Postpaid Mobile,24.84,2,500,500,2023-04-08
PLN0FF66936BF,CUST100030657,Unlimited Premium,Postpaid Mobile,19.8,50,-1,500,2015-11-09
PLNC838880741,CUST100020848,Fiber 1Gbps,Postpaid Mobile,72.75,50,500,-1,2018-06-25
PLN2827E3B148,CUST100046099,Unlimited Premium,Postpaid Mobile,50.13,10,-1,100,2026-05-21
PLN78D082EF44,CUST100010400,Prepaid 5GB,Postpaid Mobile,149.58,2,1000,100,2024-12-20
PLN831B0A8367,CUST100055349,Fiber 500Mbps,IoT,117.27,50,-1,500,2022-09-06
PLN0336B3CD4E,CUST100075790,Fiber 500Mbps,Broadband,137.87,2,500,-1,2017-07-10
PLN24600EB139,CUST100053974,Family Share 10GB,Postpaid Mobile,91.55,50,-1,-1,2018-12-16
PLNFE249F8462,CUST100029610,Unlimited Premium,Broadband,15.88,2,500,500,2018-02-11
PLNBDFAF5DA4B,CUST100063206,Family Share 10GB,Postpaid Mobile,98.35,10,500,100,2015-05-01
PLN4BD0914685,CUST100068588,Unlimited Plus,Broadband,112.43,20,-1,-1,2022-11-27
PLN07A41FA5B8,CUST100085373,Fiber 1Gbps,Broadband,83.64,50,1000,100,2022-06-22
PLN83A4B14FC1,CUST100069337,Prepaid 5GB,Prepaid Mobile,148.7,5,-1,100,2018-10-12
PLN059207DFA9,CUST100034416,Unlimited Plus,Postpaid Mobile,101.92,10,1000,-1,2023-01-05
PLNE27CFAD3B3,CUST100006578,Unlimited Premium,Broadband,87.08,-1,500,500,2024-02-19
PLN55B61DD22C,CUST100032120,Unlimited Basic,Prepaid Mobile,91.19,5,-1,-1,2025-03-03
PLN549777E57B,CUST100094431,Fiber 500Mbps,Postpaid Mobile,15.3,2,-1,-1,2015-03-27
PLND56EAAA713,CUST100089344,Prepaid 5GB,Broadband,87.81,2,500,-1,2025-05-27
PLN3F1F63A8E8,CUST100052304,Unlimited Premium,Postpaid Mobile,62.54,2,-1,-1,2023-06-30
PLN574596E1F2,CUST100020853,Fiber 1Gbps,Postpaid Mobile,57.52,10,-1,100,2022-12-23
PLN455602A32D,CUST100018853,IoT Data Plan,Postpaid Mobile,21.65,-1,500,500,2023-07-31
PLN3516872CED,CUST100031131,Fiber 1Gbps,IoT,34.5,10,500,100,2017-02-16
PLN9F994A3531,CUST100003125,Fiber 1Gbps,Postpaid Mobile,100.83,5,-1,500,2018-04-04
PLN33E2F6C855,CUST100096476,Unlimited Basic,Postpaid Mobile,102.66,2,1000,100,2020-01-17
PLNC41F73D593,CUST100036362,Prepaid 5GB,Postpaid Mobile,36.99,5,-1,100,2026-04-03
PLN872534358B,CUST100039418,Unlimited Premium,Postpaid Mobile,81.51,20,500,-1,2026-06-04
PLN97B03A7121,CUST100054524,Unlimited Basic,Prepaid Mobile,116.97,10,500,100,2024-10-21
PLN73B6132F6E,CUST100073542,Family Share 10GB,Broadband,20.13,20,1000,500,2017-04-13
PLNE757A0092A,CUST100052982,Unlimited Premium,Postpaid Mobile,129.49,20,500,-1,2017-09-19
PLNB9A37D8D06,CUST100082569,Family Share 10GB,Postpaid Mobile,70.52,20,500,500,2018-03-25
PLN060BA99475,CUST100092183,Fiber 500Mbps,Postpaid Mobile,141.85,50,1000,-1,2021-08-27
PLNB1624F1A03,CUST100050023,Unlimited Basic,Prepaid Mobile,108.17,20,500,100,2025-07-18
PLN2C3F36E76B,CUST100071000,Fiber 1Gbps,Broadband,86.47,2,-1,-1,2016-09-15
PLN95270687CF,CUST100098637,Fiber 500Mbps,IoT,49.86,10,500,100,2020-07-13
PLNBAF4223850,CUST100092465,Prepaid 5GB,Postpaid Mobile,132.25,20,500,100,2018-05-13
PLNB7C73845F5,CUST100028301,Unlimited Premium,Postpaid Mobile,113.55,2,1000,-1,2018-07-09
PLN802461F3E1,CUST100091881,Prepaid 5GB,Postpaid Mobile,126.88,5,500,-1,2018-09-10
PLND27C02DF07,CUST100010540,IoT Data Plan,Postpaid Mobile,64.95,2,1000,100,2017-04-23
PLN0EA646BF83,CUST100085745,Fiber 500Mbps,Prepaid Mobile,136.15,10,1000,-1,2025-11-22
PLN549F2E02CB,CUST100032743,Unlimited Premium,IoT,71.36,10,1000,-1,2021-10-13
PLNF65300F1E2,CUST100050142,IoT Data Plan,Postpaid Mobile,36.14,10,1000,500,2015-08-20
PLNABCAD7CE70,CUST100068353,Fiber 500Mbps,Postpaid Mobile,80.92,20,1000,100,2022-10-01
PLN6EFAD069B1,CUST100091623,Unlimited Basic,Broadband,31.85,50,500,100,2018-08-08
PLN7BBC2F045C,CUST100036964,Prepaid 5GB,Postpaid Mobile,138.19,10,500,100,2024-03-04
PLNE4614B250C,CUST100077713,Fiber 1Gbps,Broadband,68.63,20,-1,-1,2026-04-27
PLN89DB920C8B,CUST100060470,Unlimited Premium,Postpaid Mobile,60.19,10,500,100,2017-07-27
PLN5652A4E3F5,CUST100002167,Fiber 500Mbps,Postpaid Mobile,116.11,2,-1,-1,2015-01-30
PLNB18D034A47,CUST100077263,Prepaid 5GB,Prepaid Mobile,66.91,20,1000,-1,2026-03-17
PLND042C6484F,CUST100077964,IoT Data Plan,Broadband,23.84,20,1000,500,2019-05-08
PLNE8BA5BC038,CUST100082840,Fiber 500Mbps,Broadband,147.67,10,1000,-1,2024-07-10
PLN6A98372C9A,CUST100016167,IoT Data Plan,Postpaid Mobile,48.55,20,1000,-1,2025-12-25
PLNBEB9FE4A91,CUST100075355,Unlimited Basic,Postpaid Mobile,60.53,2,500,500,2016-04-07
PLN0E728BEFF5,CUST100064737,Fiber 1Gbps,Broadband,56.46,50,1000,100,2017-04-22
PLNA46B0AFF04,CUST100078658,Unlimited Basic,Postpaid Mobile,144.51,-1,500,-1,2019-01-18
PLN62C6D56060,CUST100072017,Unlimited Basic,Postpaid Mobile,67.91,50,1000,500,2025-05-13
PLN9E86D646E3,CUST100090278,Fiber 500Mbps,Postpaid Mobile,27.52,10,500,100,2022-08-08
PLN380B13DB4C,CUST100029903,Unlimited Plus,Postpaid Mobile,97.44,5,1000,-1,2020-03-31
PLNDF12EE90DB,CUST100083559,Fiber 1Gbps,Postpaid Mobile,112.49,10,-1,500,2025-08-03
PLN83F9E81BDB,CUST100042327,Fiber 500Mbps,Prepaid Mobile,66.96,10,1000,-1,2021-09-23
PLND4D9CA2B09,CUST100083951,Unlimited Basic,Postpaid Mobile,111.59,5,-1,-1,2022-10-03
PLN436653E6FE,CUST100027533,Prepaid 5GB,Postpaid Mobile,47.36,50,1000,-1,2016-03-23
PLN67E8352D47,CUST100053267,Family Share 10GB,Prepaid Mobile,94.49,10,-1,-1,2020-07-27
PLN78A186B05E,CUST100003919,Family Share 10GB,Broadband,136.69,50,-1,-1,2017-06-28
PLNA209522609,CUST100014190,Fiber 1Gbps,IoT,109.63,2,1000,100,2016-10-08
PLNAA6C528240,CUST100037665,Unlimited Premium,Postpaid Mobile,47.62,5,500,100,2021-11-02
PLN8C4F0EA4F6,CUST100048805,Unlimited Premium,Postpaid Mobile,62.64,-1,-1,-1,2025-07-31
PLN944A7BB63C,CUST100057939,Prepaid 5GB,Postpaid Mobile,51.06,10,1000,500,2016-06-02
PLN82491FC77E,CUST100076916,Unlimited Plus,Prepaid Mobile,121.67,10,500,-1,2017-04-04
PLN23D31013B8,CUST100003151,Family Share 10GB,Postpaid Mobile,51.16,50,1000,500,2019-04-12
PLNF270490CF8,CUST100042519,Unlimited Premium,Postpaid Mobile,74.84,50,1000,-1,2022-03-07
PLNB1066715EB,CUST100022647,Unlimited Plus,Postpaid Mobile,87.76,2,500,500,2026-04-08
PLNA7DED828BB,CUST100004097,Fiber 1Gbps,Postpaid Mobile,78.94,20,-1,-1,2018-04-07
PLN35A9341683,CUST100070883,Unlimited Basic,Prepaid Mobile,130.17,20,-1,500,2025-05-03
PLND978CC46ED,CUST100062952,Fiber 500Mbps,Postpaid Mobile,45.39,-1,-1,100,2021-04-04
PLN2229C0DCF3,CUST100016105,IoT Data Plan,Postpaid Mobile,59.43,50,500,500,2023-06-22
PLNDDF7B1A079,CUST100058586,Fiber 1Gbps,Postpaid Mobile,98.34,2,-1,500,2019-08-15
PLN82C47866A0,CUST100018061,Fiber 1Gbps,Prepaid Mobile,118.18,-1,1000,100,2017-02-20
PLN3FE04F1CA7,CUST100049471,Fiber 1Gbps,Prepaid Mobile,57.04,10,500,-1,2021-06-18
PLN8FD16BBEB3,CUST100031824,Family Share 10GB,Postpaid Mobile,21.01,2,-1,100,2020-03-07
PLN07FCD2F63C,CUST100080668,Family Share 10GB,Postpaid Mobile,34.78,10,-1,-1,2017-08-17
PLN6D4179AB29,CUST100040528,Unlimited Premium,Postpaid Mobile,134.22,20,500,-1,2017-09-27
PLNF639DD04CB,CUST100009617,Prepaid 5GB,Prepaid Mobile,42.82,5,500,-1,2023-01-04
PLN10438DF804,CUST100085528,Unlimited Basic,Prepaid Mobile,105.16,20,-1,500,2023-07-29
PLND992944BEA,CUST100027725,Fiber 1Gbps,Broadband,108.3,2,500,100,2020-06-02
PLN598CA6BE24,CUST100018567,Fiber 500Mbps,Postpaid Mobile,141.41,-1,1000,100,2018-02-02
PLN73FE1064FB,CUST100086163,IoT Data Plan,Broadband,103.69,10,-1,500,2024-12-13
PLND039802BDB,CUST100041857,Family Share 10GB,Broadband,109.43,5,500,-1,2023-10-13
PLN11D969ED7B,CUST100035325,Unlimited Premium,Postpaid Mobile,47.5,5,500,100,2024-03-17
PLN6C25AE39F0,CUST100025278,Fiber 500Mbps,Postpaid Mobile,44.35,5,1000,-1,2022-03-16
PLN5B43C5784D,CUST100004708,Prepaid 5GB,Prepaid Mobile,119.76,-1,500,100,2023-04-22
PLNB81D4A7961,CUST100051864,Unlimited Plus,Broadband,122.69,2,1000,500,2021-09-09
PLN3241C911E7,CUST100036689,Unlimited Plus,Broadband,117.78,20,-1,-1,2015-12-21
PLN4A98BB9FB1,CUST100069142,Prepaid 5GB,Broadband,92.53,2,1000,-1,2018-05-26
PLND09840316E,CUST100063747,Unlimited Basic,Postpaid Mobile,147.21,20,1000,100,2015-01-14
PLNE768378F25,CUST100049454,Fiber 500Mbps,Postpaid Mobile,82.01,2,500,500,2025-03-02
PLN40C56AC87E,CUST100015955,Unlimited Plus,Broadband,68.13,-1,500,100,2022-05-13
PLNBE050A811E,CUST100013022,Family Share 10GB,Postpaid Mobile,27.9,2,1000,500,2022-08-29
PLNDCF42B96E8,CUST100021333,Fiber 1Gbps,Postpaid Mobile,93.75,20,1000,500,2016-04-02
PLNF263A3C940,CUST100057240,Prepaid 5GB,Postpaid Mobile,135.85,2,-1,500,2015-05-20
PLN1C58BC5B71,CUST100081885,Unlimited Plus,Broadband,72.61,20,1000,500,2015-01-03
PLN100C2F2ABB,CUST100064110,Unlimited Basic,Postpaid Mobile,21.98,-1,1000,-1,2020-03-12
PLN2477D443D6,CUST100077336,Unlimited Premium,IoT,41.87,20,-1,100,2023-04-16
PLN1A4AA57151,CUST100083937,Unlimited Plus,Broadband,61.08,5,1000,-1,2024-08-20
PLNC72FE1EAFC,CUST100041179,IoT Data Plan,Postpaid Mobile,30.07,20,1000,500,2015-01-28
PLNEA284FB3BC,CUST100011055,Unlimited Premium,Prepaid Mobile,28.59,20,1000,-1,2015-11-12
PLN062EFC2FF1,CUST100076422,Prepaid 5GB,Postpaid Mobile,51.33,2,-1,100,2025-05-20
PLN20098A0538,CUST100016495,Fiber 1Gbps,Postpaid Mobile,26.2,2,500,500,2016-11-24
PLND6B205846B,CUST100077007,IoT Data Plan,Broadband,26.77,20,1000,-1,2015-09-12
PLN112A91B85D,CUST100042890,IoT Data Plan,Postpaid Mobile,147.3,10,1000,100,2024-12-14
PLN00A2BEF525,CUST100064422,IoT Data Plan,Broadband,143.94,5,1000,100,2017-05-05
PLN9EF8CF3131,CUST100073807,Unlimited Basic,Postpaid Mobile,86.68,2,1000,100,2017-01-13
PLN884C3D1B93,CUST100061223,Prepaid 5GB,Postpaid Mobile,51.73,20,-1,500,2016-03-19
PLN70A84B8899,CUST100070427,Fiber 1Gbps,Prepaid Mobile,38.05,20,-1,500,2024-12-29
PLN7D7F1AAA22,CUST100034837,IoT Data Plan,Postpaid Mobile,119.17,-1,1000,500,2023-02-14
PLNE14C954555,CUST100015563,Unlimited Plus,Prepaid Mobile,113.43,10,1000,100,2021-07-26
PLN2594436A12,CUST100013147,Unlimited Plus,Prepaid Mobile,43.91,5,-1,100,2018-08-08
PLN29612F1105,CUST100059539,Family Share 10GB,Postpaid Mobile,125.85,5,-1,100,2020-09-15
PLNC131ECF3CA,CUST100083282,IoT Data Plan,Prepaid Mobile,64.03,5,500,-1,2024-04-11
PLND074D3A598,CUST100059761,Unlimited Plus,Broadband,116.77,5,-1,500,2018-10-02
PLN449CE7A7F4,CUST100011647,IoT Data Plan,Broadband,49.1,5,500,-1,2019-05-09
PLN8F600AED58,CUST100088743,Family Share 10GB,Postpaid Mobile,86.81,-1,500,100,2021-04-21
PLN670D25C2B3,CUST100065695,IoT Data Plan,Broadband,148.59,2,1000,-1,2015-12-25
PLN95A0174061,CUST100045007,IoT Data Plan,Postpaid Mobile,107.94,-1,500,500,2022-12-07
PLN31D382A8CB,CUST100020964,Fiber 1Gbps,Prepaid Mobile,32.71,5,-1,-1,2021-10-30
PLN3C27E0CEBE,CUST100029244,Unlimited Premium,IoT,29.62,50,1000,100,2016-01-27
PLN5A95FDC984,CUST100071241,Fiber 1Gbps,IoT,41.65,20,-1,500,2023-05-11
PLN71BEF5728B,CUST100058029,Prepaid 5GB,Broadband,102.4,20,-1,500,2025-08-23
PLN8D59E156C7,CUST100027244,Fiber 500Mbps,Postpaid Mobile,23.72,5,1000,100,2019-06-01
PLNC7C839319E,CUST100092959,Fiber 1Gbps,IoT,149.12,2,500,500,2023-11-19
PLNCB64D6494D,CUST100055381,Fiber 500Mbps,Postpaid Mobile,139.59,10,1000,500,2017-04-28
PLN95AA948223,CUST100040869,Fiber 500Mbps,Postpaid Mobile,95.7,10,500,500,2025-06-07
PLNBE86BDFBCA,CUST100080750,Unlimited Premium,Postpaid Mobile,68.98,50,500,100,2025-08-19
PLN77E8EB568F,CUST100085031,Unlimited Premium,Postpaid Mobile,122.33,5,-1,500,2016-08-26
PLN60D6F14208,CUST100024295,Unlimited Plus,Postpaid Mobile,71.03,50,500,-1,2017-04-20
PLNEE6129F512,CUST100090155,Unlimited Premium,Prepaid Mobile,69.7,-1,-1,100,2017-10-08
PLNB42DFC2462,CUST100088715,Unlimited Plus,Postpaid Mobile,53.32,10,500,500,2024-04-12
PLNEF3E2ECFA6,CUST100093271,Unlimited Premium,Broadband,110.67,10,500,100,2025-02-25
PLN58BED9AD0A,CUST100014616,Family Share 10GB,Postpaid Mobile,139.64,10,1000,500,2024-02-16
PLN148D2326D0,CUST100036062,Prepaid 5GB,Broadband,112.86,20,1000,500,2015-04-25
PLNC878116DEE,CUST100072980,Unlimited Basic,Postpaid Mobile,145.46,2,-1,100,2018-08-21
PLN7661D05D44,CUST100038021,Prepaid 5GB,IoT,133.53,10,500,-1,2023-08-12
PLN482F08E409,CUST100038116,Fiber 500Mbps,Postpaid Mobile,95.52,2,-1,500,2026-02-02
PLNC551243E40,CUST100090569,Unlimited Basic,Broadband,83.07,-1,500,500,2024-09-27
PLND3B6BF2810,CUST100061377,Unlimited Basic,Prepaid Mobile,103.89,50,500,-1,2019-08-17
PLN1C67D9AF44,CUST100052079,Family Share 10GB,Prepaid Mobile,134.88,10,1000,500,2018-06-11
PLNF536F75105,CUST100001820,Unlimited Premium,Postpaid Mobile,19.39,5,-1,100,2021-12-20
PLN65FEBF6F67,CUST100036540,Family Share 10GB,Postpaid Mobile,99.32,20,-1,100,2024-11-22
PLN6FACF43BC9,CUST100011486,Family Share 10GB,Postpaid Mobile,21.03,-1,-1,100,2023-09-28
PLN6DB48CE568,CUST100073689,Unlimited Basic,Postpaid Mobile,41.41,20,-1,100,2021-03-23
PLNACE7445AE1,CUST100068768,IoT Data Plan,Postpaid Mobile,55.21,-1,500,-1,2015-03-06
PLN9143A8A62D,CUST100086083,Unlimited Basic,Broadband,78.38,10,-1,100,2024-05-03
PLNC018819ED5,CUST100003003,Fiber 1Gbps,Prepaid Mobile,77.05,2,-1,500,2016-12-26
PLN452A4ED6EF,CUST100049386,Prepaid 5GB,Broadband,47.55,5,1000,-1,2017-07-20
PLN79CCB2E12B,CUST100037721,Unlimited Plus,Postpaid Mobile,122.62,-1,-1,100,2016-03-12
PLN1A3535F3AA,CUST100079991,Unlimited Plus,IoT,72.58,20,500,-1,2025-10-28
PLNBCA8D9B5A6,CUST100062073,Fiber 1Gbps,Postpaid Mobile,145.33,-1,500,100,2023-05-14
PLN43E6506AA9,CUST100066665,Fiber 500Mbps,Postpaid Mobile,101.8,-1,-1,500,2024-08-11
PLN538B4D7123,CUST100025032,Prepaid 5GB,Postpaid Mobile,35.21,-1,-1,500,2017-11-04
PLN50E344F680,CUST100016778,Prepaid 5GB,Broadband,44.43,5,500,-1,2016-03-22
PLN0793FE424D,CUST100048695,Unlimited Plus,Postpaid Mobile,120.95,2,500,500,2021-10-28
PLN32DCF6BFAF,CUST100010066,Fiber 1Gbps,Prepaid Mobile,74.12,10,500,-1,2021-07-01
PLN90D46C9682,CUST100007474,Fiber 1Gbps,Postpaid Mobile,97.93,50,1000,100,2017-03-07
PLN7B9ED13CB0,CUST100083950,Prepaid 5GB,Broadband,27.96,20,-1,-1,2016-07-30
PLND769DEDA70,CUST100064275,Unlimited Premium,Postpaid Mobile,146.01,10,500,500,2019-12-21
PLNEB399C0539,CUST100064395,Unlimited Basic,Postpaid Mobile,96.46,50,1000,500,2024-01-02
PLN1FD87DA60F,CUST100070002,Unlimited Basic,Postpaid Mobile,58.96,-1,1000,100,2016-02-25
PLN75D920469B,CUST100075332,Unlimited Premium,Broadband,44.98,50,1000,100,2024-05-04
PLN4F8BD4AA0C,CUST100047721,Unlimited Premium,Postpaid Mobile,80.26,-1,1000,-1,2021-08-13
PLNA441052157,CUST100079397,Unlimited Plus,Broadband,118.53,50,1000,500,2022-08-08
PLNF75B7473AC,CUST100048986,Fiber 1Gbps,Postpaid Mobile,101.07,2,-1,100,2023-05-23
PLNEC80AB7349,CUST100033910,Fiber 1Gbps,Prepaid Mobile,98.1,20,500,-1,2021-09-13
PLN31EDCBF00A,CUST100027723,Unlimited Basic,Postpaid Mobile,53.68,50,-1,100,2019-07-01
PLN097FC7DE89,CUST100020948,Unlimited Basic,Postpaid Mobile,52.14,-1,500,100,2025-09-16
PLN3EDB71658D,CUST100040125,IoT Data Plan,Prepaid Mobile,54.24,20,-1,500,2025-01-06
PLNE6267645B5,CUST100006626,Unlimited Basic,Prepaid Mobile,64.63,20,500,100,2024-05-27
PLNF1C32B5699,CUST100078378,Family Share 10GB,Prepaid Mobile,83.97,5,1000,500,2019-09-05
PLNB5D026B65A,CUST100071502,Unlimited Basic,Postpaid Mobile,120.15,-1,1000,500,2020-08-28
PLN3CBDBEFCCB,CUST100016654,Family Share 10GB,Postpaid Mobile,124.38,2,-1,500,2017-09-30
PLN16205D2BA1,CUST100081441,Unlimited Premium,Prepaid Mobile,68.41,5,-1,-1,2018-04-18
PLNE9EC3A5FBB,CUST100089122,Family Share 10GB,Postpaid Mobile,111.8,5,-1,500,2019-05-16
PLN7E81385AEC,CUST100098392,Prepaid 5GB,Postpaid Mobile,100.78,-1,500,-1,2016-11-10
PLN6CFE4E7497,CUST100056132,Unlimited Premium,Postpaid Mobile,78.9,10,-1,500,2020-02-09
PLNAF41B90D8B,CUST100021269,Unlimited Plus,Postpaid Mobile,56.92,5,500,500,2025-04-15
PLN0F152F7038,CUST100004589,Fiber 1Gbps,Prepaid Mobile,25.16,20,-1,100,2024-10-05
PLN0F09D24BBD,CUST100035337,Family Share 10GB,Broadband,30.01,-1,-1,-1,2019-02-12
PLNAAFF09387B,CUST100037095,Fiber 1Gbps,Postpaid Mobile,54.79,2,-1,-1,2020-05-10
PLND556FE0EA9,CUST100028135,Fiber 1Gbps,Broadband,141.4,2,-1,100,2023-05-29
PLN6977790E7E,CUST100072339,Family Share 10GB,Broadband,126.11,5,1000,500,2024-04-25
PLNE7F0EF7F35,CUST100059172,Unlimited Premium,Broadband,70.08,-1,500,500,2017-07-08
PLN91B9D58BC6,CUST100035057,Unlimited Basic,Broadband,33.82,5,500,100,2019-11-18
PLN1B648C0AC4,CUST100084334,Unlimited Plus,Prepaid Mobile,71.85,2,1000,100,2025-11-01
PLNF8DB6726AA,CUST100078371,Unlimited Basic,Postpaid Mobile,130.95,20,500,500,2023-01-06
PLN26E47B2576,CUST100051665,Prepaid 5GB,Postpaid Mobile,122.87,2,-1,100,2022-08-06
PLN7E621A4BAB,CUST100071367,IoT Data Plan,Prepaid Mobile,130.05,10,500,500,2020-08-24
PLN753F33B631,CUST100073863,IoT Data Plan,Postpaid Mobile,95.88,20,1000,500,2025-11-27
PLN922E14EA93,CUST100047978,Unlimited Premium,Broadband,56.14,10,1000,100,2021-03-03
PLNA0EA7EB9D8,CUST100085163,Unlimited Premium,Broadband,132.09,-1,500,500,2025-08-23
PLN9D9B4DE2B3,CUST100091942,IoT Data Plan,Postpaid Mobile,32.82,50,-1,500,2019-01-31
PLN07007D0713,CUST100009906,Family Share 10GB,Postpaid Mobile,66.11,5,1000,500,2024-01-31
PLN4848522B70,CUST100036265,Unlimited Premium,Broadband,111.44,20,-1,500,2016-01-03
PLN5A2BBA43DE,CUST100065006,Fiber 1Gbps,Postpaid Mobile,77.03,-1,1000,500,2015-11-18
PLN3ADE845374,CUST100073420,Unlimited Basic,Postpaid Mobile,72.63,20,1000,-1,2019-11-01
PLNF2E365632F,CUST100049045,Unlimited Premium,Postpaid Mobile,103.22,50,500,100,2020-05-10
PLNA7D7EFBFEE,CUST100028064,Family Share 10GB,Broadband,69.68,2,1000,500,2019-08-18
PLN7843BAE4D3,CUST100000382,IoT Data Plan,Broadband,91.12,-1,500,-1,2019-08-17
PLN38B8CF5D62,CUST100003070,Fiber 1Gbps,Broadband,57.59,10,500,-1,2017-08-16
PLN763983C660,CUST100000516,IoT Data Plan,Postpaid Mobile,69.93,10,500,100,2017-12-20
PLN69CB428971,CUST100000242,Prepaid 5GB,Postpaid Mobile,90.02,20,-1,100,2019-01-22
PLN54D6D3B966,CUST100064994,Unlimited Premium,Postpaid Mobile,20.95,10,-1,-1,2016-09-14
PLNC1B7A2BA3F,CUST100032499,Unlimited Plus,IoT,73.38,50,1000,-1,2022-12-17
PLN6C5BC88587,CUST100099382,Fiber 500Mbps,Postpaid Mobile,57.41,2,500,-1,2021-05-10
PLNA68A97488A,CUST100018069,Unlimited Plus,Postpaid Mobile,146.09,2,1000,-1,2022-10-23
PLNAC2C714C91,CUST100011585,Fiber 500Mbps,Postpaid Mobile,32.17,5,500,100,2016-10-19
PLN472BFA3B05,CUST100043114,IoT Data Plan,Broadband,140.43,-1,1000,100,2018-09-25
PLN633645147D,CUST100022156,Unlimited Basic,Postpaid Mobile,124.06,-1,500,500,2018-05-17
PLN33EBFA6290,CUST100072889,Unlimited Basic,Postpaid Mobile,56.24,2,-1,-1,2019-05-24
PLND62B5A32F3,CUST100061961,Fiber 500Mbps,Broadband,131.05,-1,1000,-1,2015-03-14
PLNAA47D5947F,CUST100041417,Prepaid 5GB,Prepaid Mobile,78.21,2,1000,100,2020-10-18
PLN780E3AA7D7,CUST100032202,Fiber 1Gbps,Postpaid Mobile,63.75,50,-1,500,2021-07-09
PLN4FC75E4B5F,CUST100074237,Unlimited Plus,Broadband,32.92,5,500,100,2017-09-11
PLNC981C8EB75,CUST100010868,Prepaid 5GB,Broadband,133.38,20,1000,100,2025-03-26
PLN83F42D291E,CUST100072682,Prepaid 5GB,Broadband,19.48,50,1000,100,2018-02-23
PLN5618205805,CUST100022004,Unlimited Plus,Postpaid Mobile,129.38,5,-1,500,2019-07-17
PLN2748CE972E,CUST100025064,IoT Data Plan,Postpaid Mobile,68.66,5,1000,-1,2020-07-11
PLN8A723EDFA8,CUST100074614,Prepaid 5GB,Prepaid Mobile,29.51,-1,1000,100,2022-09-07
PLN8C5C620E76,CUST100018234,Unlimited Basic,Postpaid Mobile,122.2,-1,500,500,2022-12-14
PLN4030AF1FAA,CUST100082357,Prepaid 5GB,Postpaid Mobile,22.01,-1,1000,500,2024-11-23
PLN88614C7CA2,CUST100004147,Fiber 1Gbps,Postpaid Mobile,44.62,10,1000,500,2024-09-20
PLN123C18F475,CUST100080152,Family Share 10GB,Postpaid Mobile,141.63,2,500,100,2021-09-12
PLND0CE418155,CUST100070294,Unlimited Basic,IoT,125.33,20,-1,100,2021-10-01
PLN4E33B65764,CUST100029198,Fiber 1Gbps,Prepaid Mobile,19.85,50,500,500,2015-07-08
PLN799DE7860D,CUST100082946,IoT Data Plan,Postpaid Mobile,48.1,-1,-1,500,2023-11-18
PLN038D4821F6,CUST100015480,Unlimited Plus,Postpaid Mobile,85.05,5,1000,500,2021-05-10
PLN91ED13258A,CUST100072146,Unlimited Premium,Prepaid Mobile,110.79,50,1000,500,2016-02-21
PLN0510EC604B,CUST100058448,Family Share 10GB,Broadband,130.05,5,1000,100,2024-01-17
PLN41F0D02B97,CUST100077902,Fiber 1Gbps,Postpaid Mobile,50.82,10,-1,500,2025-05-18
PLN9192F93D59,CUST100013352,Fiber 500Mbps,Postpaid Mobile,42.78,50,500,100,2023-12-28
PLNE59D788FA3,CUST100007742,Unlimited Premium,Broadband,58.39,-1,500,100,2023-11-03
PLNC2C4FF15C4,CUST100000008,IoT Data Plan,Postpaid Mobile,59.52,50,500,100,2017-10-09
PLN134518037E,CUST100016430,Unlimited Basic,Postpaid Mobile,43.68,5,500,500,2021-09-07
PLNB8E809A38D,CUST100033225,Unlimited Basic,Prepaid Mobile,51.65,20,1000,100,2024-12-17
PLN9AC526CE32,CUST100082727,Unlimited Plus,Postpaid Mobile,146.23,20,1000,-1,2020-07-13
PLNC8B624F239,CUST100010850,Fiber 500Mbps,Prepaid Mobile,119.57,10,500,500,2019-01-30
PLN789BBC27DC,CUST100010305,Family Share 10GB,Postpaid Mobile,103.87,10,-1,100,2024-10-16
PLNEAE2E1BA9D,CUST100056756,IoT Data Plan,Broadband,38.01,10,1000,100,2018-07-31
PLN6BC83ECBEE,CUST100044428,Family Share 10GB,Postpaid Mobile,98.9,5,500,500,2024-08-24
PLN7329F82168,CUST100072515,Fiber 1Gbps,Postpaid Mobile,144.88,20,500,100,2016-06-03
PLNFDCAFBBAC9,CUST100040530,Unlimited Plus,Prepaid Mobile,43.66,10,500,500,2024-09-19
PLNFDC2589641,CUST100088765,IoT Data Plan,Postpaid Mobile,31.11,10,500,-1,2023-03-18
PLN36971A587B,CUST100063638,IoT Data Plan,Prepaid Mobile,43.24,2,500,-1,2022-05-21
PLN759C02B96F,CUST100014757,Unlimited Basic,Postpaid Mobile,52.2,10,500,-1,2015-05-20
PLN8C11629A8B,CUST100039007,Fiber 500Mbps,Postpaid Mobile,139.25,2,500,-1,2023-02-21
PLN335B90B5AA,CUST100068374,Unlimited Premium,IoT,85.81,5,-1,-1,2022-01-30
PLN7C0ADC1BE5,CUST100082441,Fiber 1Gbps,Prepaid Mobile,134.77,-1,-1,500,2017-06-10
PLN8D6C6CA518,CUST100041617,Fiber 500Mbps,Prepaid Mobile,31.61,2,500,500,2020-08-22
PLN42508D6E1B,CUST100054645,Prepaid 5GB,IoT,48.93,10,-1,500,2022-11-13
PLNCD53CDF494,CUST100052314,Prepaid 5GB,Postpaid Mobile,28.61,-1,500,100,2016-09-19
PLND96A00C868,CUST100032271,Unlimited Plus,Prepaid Mobile,21.04,2,-1,-1,2016-07-06
PLN59A7038EB5,CUST100058107,Fiber 500Mbps,Postpaid Mobile,52.72,2,1000,-1,2024-08-16
PLNAF0D8DDDEB,CUST100094046,IoT Data Plan,Postpaid Mobile,132.65,20,-1,100,2023-01-28
PLN594A217CA4,CUST100097414,Unlimited Premium,Postpaid Mobile,69.97,2,500,100,2016-02-28
PLN2F033F2EC1,CUST100046950,Prepaid 5GB,Postpaid Mobile,54.8,10,500,500,2019-06-27
PLNA00B1EF4AE,CUST100060589,Unlimited Plus,Postpaid Mobile,112.21,10,-1,-1,2022-01-10
PLN742BE870C4,CUST100021355,Unlimited Premium,Postpaid Mobile,66.18,-1,500,-1,2023-02-25
PLNFC6064377A,CUST100075813,Unlimited Premium,Prepaid Mobile,136.61,50,500,-1,2021-04-04
PLN33B511E6B8,CUST100036286,Unlimited Premium,Prepaid Mobile,66.77,-1,1000,500,2022-01-07
PLNF71B5DD9BC,CUST100074424,Unlimited Premium,Postpaid Mobile,85.88,50,-1,500,2015-05-25
PLN728CD4CB15,CUST100001853,Unlimited Plus,Postpaid Mobile,98.47,50,-1,-1,2020-08-07
PLN1B61A94218,CUST100045372,IoT Data Plan,Postpaid Mobile,62.06,2,-1,-1,2021-02-17
PLNDE7934B38A,CUST100081386,Unlimited Premium,Broadband,39.81,-1,500,100,2022-05-19
PLN07DBDC4EE0,CUST100098715,IoT Data Plan,Postpaid Mobile,88.66,2,500,100,2018-06-04
PLN446C5F1D06,CUST100067816,Unlimited Premium,Postpaid Mobile,133.98,5,1000,100,2025-01-02
PLNDB926EB3CF,CUST100007189,Prepaid 5GB,Postpaid Mobile,37.9,50,500,500,2016-01-31
PLN0893A46AA3,CUST100045609,Unlimited Basic,Prepaid Mobile,70.67,50,1000,500,2022-08-24
PLN8F398A06BA,CUST100011118,IoT Data Plan,Broadband,127.69,5,-1,500,2019-05-18
PLN238FBF3CDA,CUST100067185,Unlimited Basic,Prepaid Mobile,82.77,2,1000,500,2025-09-21
PLNF027BAED81,CUST100096299,Unlimited Plus,Postpaid Mobile,86.39,-1,-1,100,2022-09-13
PLNB346A1845C,CUST100037168,Unlimited Basic,Postpaid Mobile,109.56,-1,1000,-1,2021-05-20
PLN86AE6B6BE5,CUST100066852,Fiber 500Mbps,Prepaid Mobile,66.46,10,500,100,2021-08-11
PLNEF91CBC2E4,CUST100003387,IoT Data Plan,Prepaid Mobile,52.93,20,1000,100,2026-01-01
PLNCCB2140A4F,CUST100065962,Family Share 10GB,Prepaid Mobile,32.11,5,-1,500,2024-09-20
PLN763D5418A4,CUST100074064,Family Share 10GB,Postpaid Mobile,127.78,2,1000,100,2017-01-18
PLN812EA33B10,CUST100083159,Family Share 10GB,IoT,55.31,50,1000,-1,2021-04-24
PLN019D41C53E,CUST100097154,IoT Data Plan,Prepaid Mobile,120.64,20,-1,-1,2022-05-27
PLN0D872AD35C,CUST100050767,Unlimited Plus,Postpaid Mobile,45.46,20,-1,500,2019-11-19
PLND6353DD118,CUST100093051,Family Share 10GB,Postpaid Mobile,130.56,-1,1000,500,2020-04-21
PLN1C969C9627,CUST100027874,Unlimited Premium,Postpaid Mobile,146.77,-1,500,500,2022-02-20
PLN697578BBAB,CUST100008221,IoT Data Plan,Broadband,83.67,-1,500,-1,2020-04-09
PLNB42B164B91,CUST100097785,Fiber 1Gbps,IoT,54.61,10,-1,500,2023-04-01
PLN70B7C7BE61,CUST100079298,Unlimited Basic,Broadband,29.65,5,-1,500,2016-01-24
PLN76112CCCAA,CUST100028959,Unlimited Premium,Postpaid Mobile,75.59,50,500,100,2025-06-30
PLN5B9AAFA7C9,CUST100020348,Prepaid 5GB,Prepaid Mobile,77.85,20,-1,-1,2019-01-25
PLNBDE5D8DAA2,CUST100071598,Family Share 10GB,IoT,36.67,-1,1000,100,2023-04-17
PLN735BCDEC62,CUST100001723,Fiber 1Gbps,Postpaid Mobile,75.89,5,500,100,2017-07-18
PLND3537C5104,CUST100088589,Fiber 500Mbps,Postpaid Mobile,35.75,-1,500,100,2025-04-13
PLNACF46B4907,CUST100092658,Unlimited Plus,Prepaid Mobile,67.78,2,500,500,2025-10-17
PLN15706D33E5,CUST100075320,Unlimited Premium,Postpaid Mobile,56.6,5,-1,-1,2021-08-01
PLN60F5779C59,CUST100046001,Fiber 500Mbps,Postpaid Mobile,34.41,20,1000,100,2021-02-28
PLNB07F09F8E2,CUST100020145,Fiber 1Gbps,Prepaid Mobile,45.65,10,500,-1,2018-11-13
PLN4B696EEF8C,CUST100019425,IoT Data Plan,Broadband,53.7,2,-1,500,2025-09-02
PLN68A39CD731,CUST100035967,Prepaid 5GB,Postpaid Mobile,59.41,2,1000,500,2019-03-02
PLN244B2B70FF,CUST100038469,Unlimited Premium,Broadband,110.81,10,1000,100,2021-03-06
PLN4001E07764,CUST100096255,IoT Data Plan,Prepaid Mobile,113.11,50,500,100,2019-09-17
PLNC65F44407D,CUST100074627,Family Share 10GB,Broadband,46.42,20,1000,-1,2015-08-13
PLNB9DFC3A878,CUST100027923,Unlimited Plus,Postpaid Mobile,74.93,2,1000,100,2024-03-31
PLNADA57E31F2,CUST100083582,Unlimited Plus,IoT,24.04,10,500,-1,2015-07-30
PLNC6A0C1A052,CUST100043584,Prepaid 5GB,Prepaid Mobile,141.42,2,500,100,2024-01-11
PLN54E257435F,CUST100021422,Fiber 500Mbps,Prepaid Mobile,33.52,20,500,-1,2022-06-01
PLN97B79AB8A7,CUST100059831,Unlimited Basic,IoT,31.54,5,1000,100,2018-09-08
PLN3B030316E3,CUST100017800,IoT Data Plan,Postpaid Mobile,62.9,20,-1,-1,2015-03-10
PLNB682CFF195,CUST100040955,Unlimited Basic,IoT,91.21,5,-1,500,2021-11-29
PLN14D5E905DF,CUST100049545,Unlimited Premium,Broadband,30.64,20,-1,100,2020-12-21
PLN6416AD5E09,CUST100062277,Fiber 500Mbps,Prepaid Mobile,131.61,-1,-1,100,2019-03-07
PLNCB0A9949B5,CUST100014105,Unlimited Plus,Postpaid Mobile,65.96,10,500,500,2020-10-16
PLNE0AD76FFFE,CUST100045508,Family Share 10GB,Broadband,24.99,20,1000,500,2015-08-13
PLN38BD107110,CUST100019023,IoT Data Plan,Postpaid Mobile,144.58,5,500,500,2025-11-11
PLN68724390FE,CUST100090247,Unlimited Premium,Postpaid Mobile,17.11,-1,1000,-1,2017-06-25
PLN1BA7E5C49D,CUST100023063,Unlimited Basic,Broadband,71.29,2,1000,100,2023-07-26
PLNF6EFD426FC,CUST100090974,Fiber 1Gbps,Prepaid Mobile,97.11,2,1000,-1,2016-09-06
PLN692BFAEB8C,CUST100048810,Prepaid 5GB,Postpaid Mobile,71.96,-1,1000,500,2021-10-14
PLN1FC51FE694,CUST100062482,IoT Data Plan,Postpaid Mobile,110.97,10,1000,500,2023-01-09
PLN96F23E5955,CUST100033531,Unlimited Plus,Prepaid Mobile,77.77,50,-1,-1,2019-12-09
PLN7A102A9FC3,CUST100027388,Prepaid 5GB,Broadband,141.18,-1,500,500,2018-03-12
PLN0B9A0A9FC8,CUST100014386,Unlimited Plus,Broadband,95.21,20,1000,500,2023-07-18
PLN4BB1248709,CUST100095040,Unlimited Basic,Postpaid Mobile,129.94,-1,1000,500,2022-03-24
PLNC01F8F7CD8,CUST100090487,Fiber 500Mbps,Broadband,122.69,10,-1,100,2024-11-30
PLN338042E18B,CUST100001794,Fiber 500Mbps,Postpaid Mobile,89.98,50,500,100,2018-07-11
PLN00B6ACAF84,CUST100013925,Unlimited Premium,Postpaid Mobile,57.9,10,-1,-1,2017-03-04
PLNC1517C7D20,CUST100073024,Fiber 500Mbps,Prepaid Mobile,116.51,20,500,-1,2020-10-22
PLNB78129B632,CUST100053499,Unlimited Premium,Postpaid Mobile,103.31,2,1000,100,2016-05-07
PLN4C74A1EC56,CUST100079202,Unlimited Basic,Postpaid Mobile,18.46,-1,500,-1,2023-08-03
PLNDFB59D9BA3,CUST100046472,IoT Data Plan,Broadband,73.14,5,1000,-1,2023-08-17
PLN3DA133668D,CUST100022023,Unlimited Plus,Postpaid Mobile,54.67,5,-1,-1,2020-03-02
PLN4DB55891BD,CUST100012334,Fiber 1Gbps,Postpaid Mobile,28.45,2,1000,100,2024-07-03
PLN2EC3AD3653,CUST100096139,Fiber 500Mbps,Broadband,31.58,5,500,-1,2021-02-17
PLN347A64132E,CUST100082095,Unlimited Premium,Postpaid Mobile,60.27,5,-1,500,2015-01-26
PLN46BDB16448,CUST100027036,Unlimited Basic,Postpaid Mobile,30.79,2,-1,500,2023-03-04
PLN2ECD662A9A,CUST100078420,Unlimited Basic,Prepaid Mobile,75.35,2,500,-1,2021-05-09
PLN4EE27B8358,CUST100030082,Fiber 1Gbps,Postpaid Mobile,83.41,10,-1,500,2015-07-29
PLN30983DDCF4,CUST100010336,Fiber 500Mbps,Postpaid Mobile,20.51,50,-1,500,2018-05-01
PLN5FF5A0776A,CUST100042040,Unlimited Premium,Broadband,42.7,50,-1,500,2020-09-13
PLN6749D34FA0,CUST100014480,Prepaid 5GB,IoT,76.34,-1,-1,100,2020-04-23
PLN7F77AC9C93,CUST100094059,Unlimited Basic,Postpaid Mobile,100.4,20,500,-1,2019-05-01
PLN85BC0385CA,CUST100067472,Unlimited Premium,Prepaid Mobile,23.77,-1,500,100,2024-04-08
PLN3AEF5ED78E,CUST100009696,Fiber 500Mbps,Postpaid Mobile,90.53,20,1000,500,2017-01-06
PLN7B74C89F26,CUST100085666,Fiber 500Mbps,Prepaid Mobile,99.82,5,1000,-1,2021-04-13
PLN76D3EB3CBA,CUST100056003,IoT Data Plan,Prepaid Mobile,100.65,5,500,-1,2016-02-01
PLN2C94FAB491,CUST100004231,Unlimited Plus,Postpaid Mobile,19.9,10,500,-1,2015-12-22
PLN47F57764AF,CUST100016695,Family Share 10GB,Broadband,29.19,5,-1,-1,2021-10-14
PLN8E7178D011,CUST100065652,Unlimited Basic,Prepaid Mobile,50.72,5,500,100,2017-11-24
PLNCE5C3E224F,CUST100013949,Unlimited Basic,Postpaid Mobile,17.16,-1,-1,100,2016-02-01
PLN94B314C014,CUST100050343,IoT Data Plan,Postpaid Mobile,18.14,50,-1,-1,2021-04-12
PLN6B3EEB3C02,CUST100053389,Fiber 1Gbps,Postpaid Mobile,122.7,-1,500,100,2019-11-30
PLNB47FE6F3C4,CUST100002733,Unlimited Basic,Postpaid Mobile,129.92,10,500,100,2022-07-07
PLN35913767B0,CUST100060208,IoT Data Plan,Prepaid Mobile,18.77,20,1000,500,2025-09-08
PLN2DD2D6E96A,CUST100006615,Unlimited Premium,Broadband,42.16,50,500,-1,2018-01-13
PLNB9974EC307,CUST100053582,Prepaid 5GB,Postpaid Mobile,70.14,2,-1,500,2024-08-19
PLNBD24AF6244,CUST100076254,Family Share 10GB,Prepaid Mobile,134.56,50,1000,-1,2021-09-17
PLNC894E4B258,CUST100078702,Unlimited Plus,Prepaid Mobile,146.8,-1,1000,-1,2025-10-24
PLN0272FC67D9,CUST100086830,Fiber 1Gbps,Postpaid Mobile,87.89,-1,1000,100,2015-03-17
PLN08F2E4C9CA,CUST100071582,Fiber 1Gbps,Prepaid Mobile,18.59,2,1000,100,2020-11-13
PLN91501F34DA,CUST100064370,Unlimited Basic,Prepaid Mobile,29.52,50,1000,-1,2015-07-01
PLND7D320AC03,CUST100055336,Unlimited Basic,Broadband,33.4,5,500,500,2021-06-10
PLN9759A3B7AA,CUST100079048,Prepaid 5GB,Postpaid Mobile,54.73,2,1000,-1,2020-08-21
PLNDC37BC1C27,CUST100004719,Prepaid 5GB,Prepaid Mobile,74.23,50,1000,500,2020-01-25
PLNCF3DAA0C29,CUST100015982,Unlimited Basic,Postpaid Mobile,94.25,20,500,100,2024-02-08
PLNF8963EE5A6,CUST100099203,Fiber 1Gbps,Broadband,16.32,10,1000,100,2022-06-04
PLN36BA96A86C,CUST100069092,Unlimited Basic,Postpaid Mobile,25.95,50,500,-1,2026-05-25
PLN7B8DA3885E,CUST100052990,Fiber 500Mbps,Prepaid Mobile,47.67,50,500,100,2024-03-13
PLNF2228DF894,CUST100018423,Fiber 500Mbps,Postpaid Mobile,29.13,5,-1,100,2018-05-04
PLN7F5F1BE177,CUST100018529,IoT Data Plan,Prepaid Mobile,25.79,5,1000,500,2025-02-18
PLN296E8C7328,CUST100027404,IoT Data Plan,Prepaid Mobile,144.35,5,500,-1,2022-10-11
PLNCC308F1E69,CUST100060282,Family Share 10GB,IoT,139.15,-1,-1,500,2021-11-13
PLN144E296FE9,CUST100075773,Prepaid 5GB,Postpaid Mobile,75.26,2,1000,-1,2022-07-03
PLN20281D2A3B,CUST100091997,Fiber 1Gbps,Prepaid Mobile,88.23,10,-1,100,2018-02-08
PLN76DBF02CD5,CUST100006609,Unlimited Basic,Prepaid Mobile,36.09,50,500,-1,2015-07-01
PLN69262A0057,CUST100022554,Unlimited Plus,IoT,64.73,20,-1,-1,2016-05-17
PLNCF3E5B2BEB,CUST100018407,Unlimited Plus,Broadband,135.74,-1,1000,500,2017-03-02
PLN892ADDEFD8,CUST100006677,IoT Data Plan,Postpaid Mobile,127.93,-1,1000,500,2021-07-12
PLN2A985B7F19,CUST100031423,IoT Data Plan,Broadband,110.81,-1,-1,500,2020-10-04
PLND16FDDAB50,CUST100080664,Family Share 10GB,Postpaid Mobile,24.95,50,-1,100,2017-09-07
PLN67F8963ED3,CUST100069236,Fiber 1Gbps,Broadband,111.5,10,-1,100,2015-05-31
PLN08A215CC96,CUST100027278,IoT Data Plan,Prepaid Mobile,27.89,50,1000,100,2016-09-09
PLNEC2F336BA8,CUST100057845,Fiber 1Gbps,IoT,33.48,-1,1000,100,2020-04-03
PLND600EC34F9,CUST100091379,Unlimited Basic,Broadband,149.19,-1,1000,-1,2015-03-02
PLN716EE2F254,CUST100069663,Fiber 500Mbps,Broadband,72.73,2,1000,500,2021-03-28
PLN7BC3A40C26,CUST100072456,Unlimited Plus,Broadband,70.85,2,500,500,2024-08-24
PLNAA27F24619,CUST100044607,IoT Data Plan,IoT,142.78,2,1000,100,2022-09-15
PLN091E49AE8F,CUST100008880,Unlimited Plus,Postpaid Mobile,19.79,10,-1,100,2025-11-06
PLNBF7C709A32,CUST100056886,Prepaid 5GB,Postpaid Mobile,46.44,-1,-1,-1,2017-12-30
PLNE9A3B0A3D2,CUST100065784,Unlimited Plus,Postpaid Mobile,133.37,10,500,-1,2018-01-13
PLN36E72828C3,CUST100041147,Unlimited Plus,Prepaid Mobile,60.34,-1,1000,100,2020-01-16
PLN0B7140F44E,CUST100035745,Unlimited Plus,Prepaid Mobile,134.35,2,1000,100,2019-04-04
PLN2272ABF253,CUST100054487,Family Share 10GB,Postpaid Mobile,138.23,50,500,100,2018-04-27
PLNB9802623B4,CUST100014599,Fiber 1Gbps,Broadband,146.38,2,-1,-1,2020-08-16
PLN58D9CAECB8,CUST100034135,Unlimited Basic,Prepaid Mobile,109.82,20,500,100,2020-09-09
PLN74618025F3,CUST100037897,Prepaid 5GB,Prepaid Mobile,30.35,10,500,100,2023-09-02
PLN8F9D3B7760,CUST100010162,Unlimited Plus,Broadband,108.25,20,500,-1,2025-01-25
PLNC5F402C274,CUST100022529,Unlimited Premium,Prepaid Mobile,53.74,10,500,500,2026-04-24
PLN09126A5F7F,CUST100036173,IoT Data Plan,Broadband,148.89,-1,1000,100,2017-08-29
PLN9E46418824,CUST100074055,Prepaid 5GB,Postpaid Mobile,22.63,10,1000,-1,2024-10-05
PLN581C0141BC,CUST100085341,IoT Data Plan,Postpaid Mobile,44.84,50,-1,-1,2017-04-22
PLND1A5360F67,CUST100009402,Fiber 500Mbps,Broadband,37.73,20,500,500,2023-03-18
PLN1F4B373BBE,CUST100058781,Unlimited Basic,Broadband,102.88,2,500,500,2015-04-03
PLN34BD5740C7,CUST100048962,Prepaid 5GB,Postpaid Mobile,131.05,-1,500,500,2015-09-19
PLN625FF29890,CUST100044616,Fiber 500Mbps,Prepaid Mobile,127.86,5,500,-1,2018-11-16
PLNFA2A4698F3,CUST100093787,Family Share 10GB,Broadband,81.5,50,1000,100,2020-03-28
PLNFF7DC2B201,CUST100035595,Unlimited Basic,Postpaid Mobile,145.47,-1,1000,100,2018-01-13
PLN371ED8DF2C,CUST100060701,IoT Data Plan,Postpaid Mobile,148.31,20,500,500,2022-10-26
PLNDB079AB759,CUST100021356,Unlimited Basic,Broadband,97.32,5,500,100,2025-07-19
PLNFDDF9914CE,CUST100001348,IoT Data Plan,Prepaid Mobile,72.94,50,-1,100,2017-05-29
PLN5D1F5E13D1,CUST100050880,Prepaid 5GB,Postpaid Mobile,17.06,5,1000,-1,2018-05-25
PLN3FB2181EC0,CUST100042164,IoT Data Plan,Postpaid Mobile,70.54,5,500,500,2021-11-29
PLN5419C5AE29,CUST100014278,Unlimited Premium,Prepaid Mobile,111.12,5,1000,-1,2017-06-21
PLN5BD3B50F80,CUST100020913,Unlimited Plus,Broadband,37.5,10,-1,-1,2015-07-21
PLN0F1E7337FF,CUST100023070,Family Share 10GB,Postpaid Mobile,126.27,-1,500,500,2023-07-21
PLN7631868BCB,CUST100011211,Fiber 1Gbps,Broadband,140.04,2,1000,500,2018-03-31
PLN2FD5F8459B,CUST100099601,Unlimited Plus,Broadband,23.06,10,500,-1,2015-10-04
PLN11437110B7,CUST100011982,Fiber 500Mbps,Prepaid Mobile,73.42,-1,1000,100,2015-12-09
PLN564D6535C6,CUST100022119,Fiber 500Mbps,Postpaid Mobile,40.15,50,500,100,2022-01-01
PLNDD2277AB44,CUST100070889,Family Share 10GB,Postpaid Mobile,106.04,5,500,-1,2017-06-26
PLNCEA434E337,CUST100097974,Unlimited Premium,Prepaid Mobile,28.18,5,500,500,2018-06-20
PLNF484E83DDC,CUST100015870,Unlimited Plus,Prepaid Mobile,33.28,50,-1,100,2024-06-21
PLN1E3CBB2C74,CUST100085613,Fiber 500Mbps,Broadband,78.05,5,1000,-1,2021-02-11
PLNE94908C56F,CUST100072625,Unlimited Plus,Postpaid Mobile,23.42,2,-1,-1,2022-03-28
PLNABF6458CA7,CUST100043781,Fiber 500Mbps,Broadband,104.67,20,-1,-1,2022-05-21
PLN39E256456A,CUST100019852,Fiber 1Gbps,Prepaid Mobile,99.12,10,-1,500,2019-03-20
PLN580D94A7AC,CUST100031520,Family Share 10GB,Prepaid Mobile,95.75,50,-1,-1,2017-10-01
PLNDFF608F73D,CUST100058482,IoT Data Plan,Postpaid Mobile,24.41,10,500,-1,2018-08-08
PLN2073400115,CUST100045640,IoT Data Plan,Broadband,142.82,10,500,-1,2020-12-04
PLN6B42F80AEA,CUST100056878,Prepaid 5GB,Postpaid Mobile,18.27,5,-1,500,2022-04-04
PLNCCDFB11B8A,CUST100034877,Unlimited Premium,Postpaid Mobile,127.25,2,500,-1,2025-01-20
PLN467D4D6EA6,CUST100004459,Family Share 10GB,Broadband,58.6,50,500,-1,2022-12-22
PLN1220BD4BBB,CUST100022575,Unlimited Basic,Postpaid Mobile,148.57,5,500,-1,2021-10-12
PLN5DF0411902,CUST100044603,Unlimited Premium,Postpaid Mobile,129.29,10,500,500,2025-08-07
PLN0309637B91,CUST100001888,Fiber 500Mbps,Postpaid Mobile,114.04,50,500,-1,2026-04-01
PLNC9E0A2AAE1,CUST100066856,Family Share 10GB,Prepaid Mobile,62.85,20,500,100,2022-09-15
PLNA67563B86E,CUST100049553,Unlimited Plus,Postpaid Mobile,114.39,50,500,-1,2016-08-15
PLN63D104E8E3,CUST100014095,IoT Data Plan,Postpaid Mobile,108.77,5,-1,-1,2023-02-23
PLNABC4003CD4,CUST100003133,Fiber 1Gbps,Prepaid Mobile,148.12,2,500,100,2023-11-22
PLN319845F7DB,CUST100038122,Family Share 10GB,Broadband,16.17,20,500,500,2023-06-17
PLN6A7C66B12B,CUST100021670,Unlimited Plus,Prepaid Mobile,44.1,2,500,500,2024-11-14
PLN2C51886FAD,CUST100078546,Unlimited Basic,Broadband,148.44,2,1000,100,2024-09-07
PLN91A8EB4119,CUST100058471,IoT Data Plan,Prepaid Mobile,92.42,2,-1,500,2024-03-18
PLNABE19B405A,CUST100019746,Unlimited Premium,Postpaid Mobile,147.71,2,1000,500,2023-03-07
PLN96D64A71CC,CUST100040423,Prepaid 5GB,Postpaid Mobile,111.76,-1,500,500,2016-09-23
PLN1F4D0B69C0,CUST100044249,Fiber 1Gbps,Postpaid Mobile,95.59,20,500,-1,2020-01-10
PLN383ED2F341,CUST100021548,Unlimited Basic,Broadband,25.05,2,500,-1,2025-04-02
PLN210FAB72DA,CUST100021160,Fiber 500Mbps,Postpaid Mobile,78.5,50,-1,100,2024-01-21
PLNE0BA1B7A9C,CUST100078790,Fiber 1Gbps,IoT,54.4,-1,1000,500,2016-06-02
PLNA24268819E,CUST100064671,Unlimited Premium,Prepaid Mobile,118.63,50,1000,100,2019-05-08
PLN9DE15844B4,CUST100041306,Family Share 10GB,Postpaid Mobile,111.76,10,1000,100,2016-06-30
PLN5FAC5F0296,CUST100033328,IoT Data Plan,Prepaid Mobile,104.37,20,500,500,2018-01-31
PLNEA07CA6D03,CUST100071665,Unlimited Basic,Prepaid Mobile,64.12,5,-1,-1,2019-07-19
PLNA5F9847B37,CUST100023005,Unlimited Plus,Prepaid Mobile,131.01,-1,-1,500,2021-12-12
PLN0CADA01DA3,CUST100039763,Unlimited Plus,Postpaid Mobile,125.36,-1,500,100,2015-06-11
PLN61460FD3A8,CUST100034587,Unlimited Premium,Postpaid Mobile,70.5,50,500,100,2018-04-20
PLN0353B2F6DE,CUST100091846,Prepaid 5GB,Prepaid Mobile,59.17,50,-1,500,2024-06-25
PLNE9383AFEC9,CUST100092514,Unlimited Plus,Broadband,47.71,50,500,-1,2024-09-17
PLN79A1A8D41E,CUST100018134,Fiber 500Mbps,Postpaid Mobile,34.14,50,-1,-1,2015-10-23
PLN348FC8559B,CUST100080460,IoT Data Plan,Broadband,112.29,50,500,500,2021-11-18
PLNED0C83478B,CUST100002585,Unlimited Basic,Postpaid Mobile,25.18,50,1000,500,2016-10-03
PLN9466DEA1B8,CUST100034412,Unlimited Basic,Broadband,119.92,2,1000,100,2024-03-20
PLNE6333B008B,CUST100010109,Prepaid 5GB,Postpaid Mobile,113.55,2,1000,500,2023-04-20
PLN14BCBBEA30,CUST100098006,IoT Data Plan,Postpaid Mobile,91.09,-1,-1,500,2015-09-27
PLNB7EA08FFA2,CUST100043402,Fiber 1Gbps,Prepaid Mobile,39.03,5,500,500,2023-12-07
PLNCA31D01D9C,CUST100079700,Unlimited Premium,Prepaid Mobile,20.4,10,500,500,2022-06-21
PLN969101A06C,CUST100088316,Unlimited Basic,Broadband,24.28,2,-1,500,2020-05-12
PLN5B0A91055A,CUST100027514,Unlimited Premium,Prepaid Mobile,82.95,10,-1,-1,2015-05-25
PLN03E93986D8,CUST100049754,Fiber 1Gbps,Postpaid Mobile,69.96,20,1000,-1,2022-02-03
PLND8E359BA6F,CUST100014634,IoT Data Plan,IoT,117.5,50,-1,100,2017-06-14
PLNA0E1B6210C,CUST100070697,Unlimited Basic,Broadband,113.02,5,-1,100,2019-10-11
PLNA1DD20F511,CUST100038627,Fiber 1Gbps,Postpaid Mobile,131.88,10,-1,-1,2017-03-26
PLNC9867B8CCB,CUST100000018,Unlimited Premium,Broadband,47.81,10,1000,-1,2019-11-08
PLNDBF91A5813,CUST100064754,Unlimited Plus,Prepaid Mobile,42.42,-1,-1,-1,2021-10-15
PLN16929924E7,CUST100019943,Prepaid 5GB,Postpaid Mobile,81.35,20,500,-1,2022-08-21
PLNE19A38CC7B,CUST100091198,Fiber 500Mbps,Postpaid Mobile,91.61,-1,1000,-1,2024-03-10
PLN25A4D90A28,CUST100046872,IoT Data Plan,Broadband,95.72,10,-1,500,2018-07-27
PLN9F3C6BC510,CUST100007551,Unlimited Premium,Prepaid Mobile,143.59,10,-1,500,2024-11-16
PLNBB9D78BAF6,CUST100067841,Fiber 1Gbps,Broadband,64.74,-1,1000,-1,2021-08-28
PLN90A3EF649E,CUST100077269,Unlimited Plus,Postpaid Mobile,83.03,5,500,100,2024-10-23
PLN0CDD7B3C59,CUST100081107,Fiber 500Mbps,Broadband,63.14,5,1000,100,2016-06-20
PLN54D804DA6C,CUST100049932,Unlimited Premium,Postpaid Mobile,139.03,-1,1000,-1,2017-05-07
PLNC3876FB526,CUST100038324,IoT Data Plan,Postpaid Mobile,40.63,50,1000,100,2021-02-08
PLNE56C84862F,CUST100010157,Family Share 10GB,Postpaid Mobile,55.05,2,500,100,2022-01-26
PLNBABFCF3A15,CUST100066649,Fiber 1Gbps,Broadband,128.84,20,500,100,2022-10-25
PLNDA9F71027B,CUST100063419,Unlimited Basic,Broadband,35.96,5,1000,-1,2018-08-26
PLN595A3BF626,CUST100058542,Fiber 1Gbps,Postpaid Mobile,115.87,5,-1,500,2015-03-18
PLN13179659FE,CUST100045645,Unlimited Plus,IoT,37.18,5,-1,500,2016-12-26
PLN9B053757C5,CUST100081385,Unlimited Plus,Postpaid Mobile,79.82,20,-1,-1,2023-10-14
PLN768419B12A,CUST100029915,Unlimited Premium,Broadband,138.06,2,500,100,2023-10-07
PLN78AE6CC03A,CUST100086568,Fiber 1Gbps,Prepaid Mobile,134.59,-1,500,100,2021-01-10
PLNB42E712BEB,CUST100021517,Prepaid 5GB,IoT,51.84,-1,-1,500,2021-04-25
PLNA314740597,CUST100003225,Family Share 10GB,Postpaid Mobile,28.93,5,1000,100,2017-08-28
PLN1497D1DF55,CUST100053783,Unlimited Basic,Postpaid Mobile,19.63,50,500,500,2021-02-23
PLN26CBE099B9,CUST100056709,Fiber 500Mbps,Postpaid Mobile,134.94,-1,500,-1,2017-08-06
PLN29A19D3C87,CUST100030374,Prepaid 5GB,Postpaid Mobile,75.13,2,1000,500,2015-05-17
PLNEDB2690483,CUST100095497,Unlimited Premium,Postpaid Mobile,20.6,10,1000,100,2022-06-05
PLN7F7BEC3898,CUST100096766,Fiber 500Mbps,Postpaid Mobile,133.24,10,-1,-1,2022-12-01
PLNC48F3A55F0,CUST100091758,Unlimited Plus,Postpaid Mobile,90.3,2,500,-1,2024-05-07
PLN4ECACA6462,CUST100002755,Fiber 500Mbps,Prepaid Mobile,128.33,50,-1,-1,2015-11-12
PLN01D89036CD,CUST100072538,Unlimited Basic,Prepaid Mobile,61.72,5,-1,500,2024-05-22
PLN97A51FF9C5,CUST100097455,Unlimited Basic,Postpaid Mobile,131.9,20,500,100,2025-12-14
PLN68D4905578,CUST100057362,Family Share 10GB,Broadband,39.7,2,-1,500,2024-04-03
PLN55DD845382,CUST100095262,Unlimited Premium,Postpaid Mobile,136.47,50,1000,-1,2016-10-12
PLNB77508E42D,CUST100038470,Unlimited Basic,Prepaid Mobile,81.75,5,1000,100,2015-03-30
PLND784C68677,CUST100017449,Family Share 10GB,Postpaid Mobile,43.39,-1,-1,500,2025-07-22
PLN16870455AB,CUST100097138,Fiber 1Gbps,Prepaid Mobile,103.27,20,500,-1,2019-02-11
PLNC3D3F990F7,CUST100067114,Unlimited Basic,Broadband,98.1,5,500,500,2017-03-08
PLNFB82097F2A,CUST100015588,Prepaid 5GB,Postpaid Mobile,109.91,2,500,100,2021-08-01
PLNF2C9E42A8A,CUST100031135,IoT Data Plan,Broadband,37.69,2,-1,-1,2022-06-22
PLN94203B8DAF,CUST100044333,Fiber 1Gbps,Postpaid Mobile,144.27,2,500,100,2020-02-03
PLN3452E7D1EF,CUST100047373,Unlimited Plus,Broadband,79.58,-1,-1,500,2017-05-11
PLNA80F15A002,CUST100018464,IoT Data Plan,Postpaid Mobile,122.08,2,1000,500,2019-09-02
PLNFF8FF89C10,CUST100090563,Prepaid 5GB,Prepaid Mobile,133.09,50,-1,-1,2019-03-01
PLNB012A0963C,CUST100080615,IoT Data Plan,Postpaid Mobile,39.29,20,500,500,2022-02-06
PLN29BE850CFF,CUST100084283,Prepaid 5GB,Postpaid Mobile,36.1,-1,1000,500,2026-06-07
PLNE7AF6672CE,CUST100017582,Fiber 1Gbps,Postpaid Mobile,25.06,2,1000,100,2017-07-04
PLN8718000498,CUST100028780,Family Share 10GB,Postpaid Mobile,52.01,10,1000,100,2020-04-14
PLN60E6F0B539,CUST100020016,Family Share 10GB,Postpaid Mobile,126.03,10,1000,500,2026-04-23
PLNA90796340B,CUST100049184,IoT Data Plan,Broadband,88.84,50,-1,500,2024-05-04
PLN3ED3CB28DA,CUST100008640,Unlimited Basic,Prepaid Mobile,112.95,20,500,500,2021-03-15
PLN25C4E893FD,CUST100079761,Family Share 10GB,Postpaid Mobile,114.66,20,-1,100,2015-08-29
PLN855E6EA064,CUST100030676,Unlimited Premium,Prepaid Mobile,143.68,50,500,-1,2021-11-26
PLN96E296549E,CUST100022016,Unlimited Premium,Prepaid Mobile,17.92,-1,1000,-1,2020-04-10
PLN9520BDC172,CUST100014804,Unlimited Premium,Postpaid Mobile,125.36,-1,1000,-1,2022-03-03
PLN5696BB580E,CUST100042026,Fiber 1Gbps,Prepaid Mobile,80.96,20,500,500,2022-07-08
PLN43123E3B72,CUST100043257,Fiber 500Mbps,Prepaid Mobile,103.84,2,500,100,2024-03-01
PLNE8CC86E5D0,CUST100006028,IoT Data Plan,Postpaid Mobile,57.48,50,500,500,2025-04-06
PLNEF98CB78B0,CUST100082513,Fiber 1Gbps,Broadband,54.98,-1,-1,500,2020-04-02
PLN4160A164A7,CUST100093536,Fiber 500Mbps,Broadband,27.55,-1,-1,-1,2025-08-29
PLNB061AA60AD,CUST100023417,Fiber 500Mbps,Prepaid Mobile,81.33,10,500,500,2022-11-29
PLN76BA6764FE,CUST100077002,Fiber 1Gbps,Prepaid Mobile,58.51,20,1000,500,2020-11-07
PLN17DAB8472F,CUST100054297,IoT Data Plan,Postpaid Mobile,129.54,2,-1,100,2017-12-25
PLN52F70296EB,CUST100036675,Fiber 500Mbps,Postpaid Mobile,142.11,5,-1,500,2015-11-14
PLNDE21A873A8,CUST100085147,Fiber 1Gbps,Postpaid Mobile,74.52,10,1000,-1,2018-07-28
PLN6B941E7F79,CUST100092370,IoT Data Plan,Postpaid Mobile,86.19,2,1000,-1,2023-07-20
PLNDC5B2B280E,CUST100071060,Unlimited Basic,Postpaid Mobile,120.66,-1,1000,100,2022-04-16
PLNBDEE40C715,CUST100066545,Unlimited Basic,Broadband,84.75,50,-1,100,2025-11-20
PLN226F0C505F,CUST100027193,Fiber 1Gbps,Postpaid Mobile,146.69,2,-1,500,2024-09-09
PLN1D05FD444A,CUST100012685,Fiber 1Gbps,Postpaid Mobile,131.07,2,1000,100,2023-01-22
PLN76D1E22E1F,CUST100013454,Unlimited Plus,Postpaid Mobile,35.16,10,500,-1,2025-12-01
PLNEE1C96F9E3,CUST100082062,Unlimited Plus,Broadband,18.34,5,-1,-1,2015-07-04
PLNFC6B6A47C0,CUST100033781,Unlimited Basic,Prepaid Mobile,131.41,5,-1,500,2024-05-12
PLNC4209B5412,CUST100007289,Fiber 500Mbps,Prepaid Mobile,119.45,2,500,-1,2023-09-04
PLN9AF7CF5DF6,CUST100042402,IoT Data Plan,Postpaid Mobile,142.47,5,-1,100,2025-08-29
PLNE6D875073E,CUST100093020,Unlimited Premium,Broadband,146.71,50,-1,-1,2025-08-20
PLN0ADD8166B4,CUST100000304,Family Share 10GB,Prepaid Mobile,135.49,50,-1,-1,2018-12-27
PLN367CE45E42,CUST100017932,Unlimited Premium,Postpaid Mobile,43.97,5,500,-1,2022-08-26
PLNAF8572FE61,CUST100064193,Unlimited Plus,Postpaid Mobile,106.48,20,1000,500,2024-10-01
PLNB2D335CDD0,CUST100044592,IoT Data Plan,Postpaid Mobile,50.47,20,-1,-1,2020-11-23
PLN3AA0F84932,CUST100020327,Unlimited Basic,Postpaid Mobile,37.42,5,1000,-1,2020-05-31
PLNA28BE88864,CUST100009380,Unlimited Basic,Prepaid Mobile,62.22,2,500,-1,2017-01-18
PLN52A19AE715,CUST100032368,Prepaid 5GB,Postpaid Mobile,125.2,5,1000,100,2021-12-14
PLN92042082F4,CUST100054711,Fiber 500Mbps,Postpaid Mobile,29.1,20,500,100,2022-11-10
PLN99975813AD,CUST100047303,Unlimited Plus,Prepaid Mobile,46.35,2,-1,500,2019-07-25
PLNA7A7B9E45C,CUST100032357,Unlimited Plus,Postpaid Mobile,61.41,5,500,-1,2024-11-21
PLN7FCA894C32,CUST100073457,IoT Data Plan,Postpaid Mobile,141.03,20,-1,500,2022-10-08
PLN0D76951241,CUST100060485,IoT Data Plan,Postpaid Mobile,70.06,20,-1,100,2021-06-21
PLNFC88B8F99E,CUST100025887,Family Share 10GB,Broadband,18.77,20,-1,-1,2017-03-13
PLN446360A708,CUST100000433,Family Share 10GB,Prepaid Mobile,66.87,-1,1000,100,2022-01-29
PLN43E7BD4C27,CUST100035392,Unlimited Premium,Postpaid Mobile,70.02,-1,1000,100,2016-07-13
PLNE007E2CC71,CUST100016351,Prepaid 5GB,Postpaid Mobile,18.94,-1,-1,100,2020-04-27
PLNA07B52767B,CUST100073623,Fiber 1Gbps,Postpaid Mobile,15.26,2,1000,-1,2015-03-04
PLN7DF263B5A2,CUST100009108,Family Share 10GB,Prepaid Mobile,130.67,20,1000,100,2024-07-24
PLN6A3420AF90,CUST100039368,Fiber 1Gbps,Postpaid Mobile,115.93,10,500,100,2025-08-14
PLN116847B7F3,CUST100011285,IoT Data Plan,Postpaid Mobile,23.46,50,1000,-1,2019-05-20
PLNE44F443DD2,CUST100089820,Unlimited Basic,Prepaid Mobile,131.36,20,500,-1,2026-02-09
PLN0718B2C64C,CUST100053993,Unlimited Basic,Postpaid Mobile,36.36,50,500,500,2019-05-29
PLN538CADE529,CUST100022363,IoT Data Plan,Prepaid Mobile,138.85,2,1000,500,2016-03-28
PLNC9A9EB8D5C,CUST100083571,Fiber 500Mbps,Prepaid Mobile,39.86,5,-1,100,2018-03-09
PLN67759181B7,CUST100040213,Family Share 10GB,Prepaid Mobile,48.85,20,1000,-1,2017-04-22
PLN70C807AC30,CUST100089587,IoT Data Plan,Broadband,144.49,20,-1,500,2020-10-27
PLN4A26681D57,CUST100082752,IoT Data Plan,Postpaid Mobile,125.47,10,1000,100,2024-08-22
PLN22EF757CC9,CUST100016708,Family Share 10GB,Broadband,142.1,50,1000,100,2016-10-04
PLNDA0C321D96,CUST100045843,Prepaid 5GB,Postpaid Mobile,99.21,-1,1000,-1,2016-08-12
PLN1426DA58E0,CUST100094193,Unlimited Basic,Postpaid Mobile,130.87,2,1000,-1,2016-12-06
PLNB8C3CB0F20,CUST100053199,Fiber 500Mbps,Postpaid Mobile,144.32,5,500,100,2020-04-06
PLN31B6C56014,CUST100081935,Unlimited Basic,Broadband,115.7,10,1000,-1,2024-09-24
PLNA8BCA0D8A5,CUST100056503,Prepaid 5GB,Prepaid Mobile,21.52,20,500,500,2026-01-05
PLN579AE97650,CUST100050620,IoT Data Plan,Postpaid Mobile,90.36,2,500,500,2018-08-02
PLNA887816D21,CUST100001227,IoT Data Plan,Prepaid Mobile,86.5,5,1000,500,2023-11-23
PLN0E4C58A372,CUST100067392,Unlimited Plus,Broadband,57.82,-1,500,500,2024-07-24
PLN31F7975976,CUST100031092,Fiber 500Mbps,Broadband,69.83,20,500,500,2020-11-23
PLNE944A3ABBE,CUST100015280,Fiber 1Gbps,Prepaid Mobile,92.72,50,-1,500,2019-05-20
PLNA3BFC96CBC,CUST100021404,Fiber 500Mbps,Postpaid Mobile,15.39,20,1000,500,2018-09-20
PLNE6D1254D66,CUST100044764,Unlimited Premium,Postpaid Mobile,45.51,10,1000,-1,2020-01-14
PLN6BFBBE63F9,CUST100060569,Unlimited Plus,IoT,42.21,5,500,100,2024-05-18
PLN09B4B97F09,CUST100021952,Unlimited Plus,Broadband,72.14,5,1000,-1,2021-05-30
PLNE10FFBCC1F,CUST100065414,Unlimited Basic,Broadband,92.32,10,-1,500,2019-12-11
PLN7ECFD8B9AF,CUST100003776,Family Share 10GB,Postpaid Mobile,135.36,50,-1,-1,2015-04-15
PLN9D97B42866,CUST100075437,Unlimited Premium,Broadband,53.83,-1,1000,500,2016-07-22
PLN6CC64A45E1,CUST100034155,Fiber 500Mbps,Broadband,104.4,-1,-1,-1,2020-08-15
PLN3B227641EB,CUST100090902,Family Share 10GB,Broadband,53.04,2,-1,100,2022-09-27
PLNED006AE9B8,CUST100046382,Unlimited Premium,Postpaid Mobile,71.75,5,500,100,2021-03-02
PLNBB86A35C12,CUST100069162,Unlimited Premium,Prepaid Mobile,66.73,5,-1,500,2019-05-20
PLN8B7AC4DE17,CUST100064909,Fiber 500Mbps,Postpaid Mobile,108.19,20,500,500,2018-08-13
PLN499043D012,CUST100030004,Unlimited Premium,Postpaid Mobile,69.72,20,1000,-1,2021-07-14
PLNC1E46364C4,CUST100073301,IoT Data Plan,Broadband,19.58,-1,1000,100,2015-11-21
PLN9E852C9CBE,CUST100060480,Unlimited Basic,Prepaid Mobile,117.2,10,-1,100,2024-10-25
PLN939BD0F6C0,CUST100070832,Prepaid 5GB,Prepaid Mobile,130.4,5,500,500,2021-01-12
PLN8D33701FC4,CUST100036949,Prepaid 5GB,Postpaid Mobile,56.11,20,-1,100,2020-08-05
PLN0277DD2CA7,CUST100065507,Unlimited Premium,Postpaid Mobile,30.28,50,-1,100,2019-05-08
PLN62B016D702,CUST100080723,Family Share 10GB,Prepaid Mobile,132.64,-1,-1,-1,2017-09-24
PLNFC19E75C2E,CUST100083055,Prepaid 5GB,Postpaid Mobile,28.41,-1,1000,100,2020-10-14
PLN5B4C72E7E5,CUST100046250,Fiber 500Mbps,IoT,57.65,10,1000,-1,2016-10-03
PLN69EEFE50E2,CUST100078944,Fiber 1Gbps,Broadband,141.84,-1,-1,-1,2025-07-26
PLN15FFD4F412,CUST100015215,Prepaid 5GB,Postpaid Mobile,110.01,-1,1000,500,2020-08-19
PLN3CB595B582,CUST100045253,Unlimited Premium,Postpaid Mobile,68.66,2,-1,500,2015-05-08
PLN9F4E229D4E,CUST100069419,Prepaid 5GB,Broadband,136.01,-1,500,100,2020-11-18
PLN2E5EA4249C,CUST100036428,Unlimited Plus,Prepaid Mobile,80.94,50,500,500,2016-08-12
PLNB308A2E7F0,CUST100046061,Family Share 10GB,Postpaid Mobile,80.57,50,500,500,2017-11-03
PLNDC4B92AD4A,CUST100013681,Unlimited Basic,Postpaid Mobile,126.53,50,500,-1,2020-10-15
PLN7159086CAC,CUST100016127,Unlimited Premium,Postpaid Mobile,146.47,10,-1,500,2015-06-29
PLN63822C9C92,CUST100041553,Unlimited Premium,Prepaid Mobile,77.99,2,1000,-1,2015-01-17
PLN0C7F77D6A2,CUST100081910,Fiber 500Mbps,Postpaid Mobile,29.41,20,500,500,2023-12-15
PLN74128087EE,CUST100055854,Unlimited Plus,Prepaid Mobile,42.35,-1,-1,-1,2021-07-14
PLN1798DE01F5,CUST100091622,Family Share 10GB,Postpaid Mobile,64.88,-1,500,500,2023-04-21
PLN953EACB66B,CUST100000782,Fiber 1Gbps,Broadband,55.43,50,500,100,2022-04-29
PLNCD291E1DC8,CUST100032267,Unlimited Plus,Postpaid Mobile,88.32,5,-1,100,2017-02-12
PLN017B111F41,CUST100000976,Fiber 500Mbps,Prepaid Mobile,127.85,20,-1,100,2016-04-25
PLN2737F30474,CUST100004588,Unlimited Plus,Postpaid Mobile,143.61,20,500,-1,2025-11-30
PLN90BE445BA6,CUST100043570,Fiber 1Gbps,IoT,25.01,5,500,100,2024-11-24
PLN57156A2078,CUST100041390,Unlimited Plus,Broadband,54.47,10,-1,-1,2016-01-16
PLN777F359180,CUST100056633,Prepaid 5GB,Broadband,94.53,2,500,500,2019-04-28
PLNEC142F749C,CUST100045911,Fiber 1Gbps,Broadband,122.6,50,500,100,2018-03-09
PLN5E0A4A2E8D,CUST100060075,Unlimited Premium,Postpaid Mobile,108.91,5,500,500,2025-03-24
PLN3E5151909D,CUST100027497,Family Share 10GB,Postpaid Mobile,70.45,2,-1,100,2015-06-16
PLNB2C736404C,CUST100027690,Fiber 1Gbps,Postpaid Mobile,34.19,10,1000,-1,2018-11-16
PLN04527D1759,CUST100049378,Unlimited Plus,IoT,30.78,10,1000,500,2017-05-02
PLNC73F6C4029,CUST100010015,IoT Data Plan,Prepaid Mobile,72.84,5,1000,100,2018-10-03
PLNC23F7D4F71,CUST100024611,Unlimited Premium,Postpaid Mobile,96.85,2,-1,500,2022-09-08
PLN28D417F032,CUST100040144,Fiber 500Mbps,Broadband,34.01,5,1000,-1,2015-06-02
PLN7D6017FC4E,CUST100097278,Unlimited Premium,Postpaid Mobile,17.22,2,500,100,2022-11-28
PLN89CD604497,CUST100024850,Family Share 10GB,Broadband,77.69,50,500,100,2024-11-03
PLN705EDD49FA,CUST100019299,Unlimited Premium,Postpaid Mobile,47.3,10,1000,100,2018-10-28
PLN4F4AC78A3B,CUST100041117,Unlimited Basic,Prepaid Mobile,72.31,-1,-1,-1,2018-08-03
PLN98D0E384D5,CUST100077411,Fiber 500Mbps,Prepaid Mobile,143.49,20,1000,500,2025-09-15
PLN457771273E,CUST100029212,Fiber 1Gbps,Prepaid Mobile,147.36,2,-1,100,2022-03-19
PLNDB7FBEFC8B,CUST100002308,Fiber 500Mbps,Postpaid Mobile,56.19,50,-1,500,2015-01-03
PLNA3A34D9CD8,CUST100073565,Unlimited Basic,Postpaid Mobile,116.46,50,-1,-1,2021-08-17
PLN3C2C893156,CUST100050540,Family Share 10GB,Postpaid Mobile,64.07,10,500,100,2024-03-19
PLN8035A50767,CUST100064319,Fiber 1Gbps,Postpaid Mobile,23.83,20,-1,-1,2015-04-19
PLN8ADDFAEEC0,CUST100036143,Fiber 1Gbps,Postpaid Mobile,125.96,5,1000,100,2025-10-18
PLNE3D740DB4F,CUST100052913,Fiber 1Gbps,Broadband,109.75,-1,-1,500,2022-10-23
PLN5A8A97ADFF,CUST100046765,Fiber 1Gbps,Postpaid Mobile,133.75,50,1000,500,2022-07-10
PLNCA06E7706A,CUST100087152,IoT Data Plan,Postpaid Mobile,31.58,10,-1,-1,2017-07-11
PLN76C14729EE,CUST100093747,Unlimited Plus,Broadband,21.64,2,500,100,2023-08-28
PLN1ED6CCC276,CUST100093474,IoT Data Plan,Postpaid Mobile,129.63,20,500,100,2023-02-12
PLNA0AC3446B5,CUST100048259,Fiber 500Mbps,Postpaid Mobile,49.96,50,1000,100,2015-06-22
PLN9679682010,CUST100005001,IoT Data Plan,Postpaid Mobile,130.81,2,1000,500,2016-12-07
PLN6AA02E75E9,CUST100034177,Fiber 1Gbps,IoT,21.39,50,500,100,2024-08-11
PLN1AD2957542,CUST100074214,Prepaid 5GB,Broadband,50.14,2,1000,500,2025-06-08
PLNF09C8342D1,CUST100036794,Unlimited Premium,Prepaid Mobile,121.37,20,500,-1,2021-07-16
PLNA2B3518AF4,CUST100097323,Family Share 10GB,Prepaid Mobile,45.88,2,-1,-1,2021-08-10
PLN3E4039BCA7,CUST100058971,Unlimited Premium,Broadband,134.41,20,1000,500,2020-01-17
PLN288F0E6839,CUST100005335,Fiber 1Gbps,Postpaid Mobile,46.82,50,1000,500,2019-02-21
PLN8D97E0B7EF,CUST100098200,Fiber 500Mbps,Prepaid Mobile,83.86,20,1000,500,2019-07-30
PLN820A2F9D83,CUST100084673,Fiber 1Gbps,Postpaid Mobile,127.95,-1,500,100,2019-08-01
PLNDC30AC67EE,CUST100069491,Unlimited Plus,Prepaid Mobile,140.55,10,1000,-1,2019-12-06
PLNEF48D27EE3,CUST100040520,Fiber 1Gbps,Broadband,89.36,50,500,100,2021-09-30
PLN4C9B55165F,CUST100064064,IoT Data Plan,Postpaid Mobile,15.06,5,1000,500,2022-05-27
PLN183E8EFFFE,CUST100048675,Family Share 10GB,Postpaid Mobile,84.04,10,500,100,2024-01-15
PLN775C46DF9E,CUST100008505,Unlimited Premium,Postpaid Mobile,65.04,10,1000,100,2017-11-06
PLNDC50D1B0E3,CUST100089379,Unlimited Plus,Postpaid Mobile,52.95,20,-1,-1,2017-08-25
PLNFDEAC5B54A,CUST100074513,Unlimited Premium,Prepaid Mobile,140.46,2,500,100,2017-06-26
PLN491455F791,CUST100065943,IoT Data Plan,Postpaid Mobile,127.36,2,-1,-1,2016-10-31
PLNFDB6FF0CAB,CUST100013283,Unlimited Plus,Prepaid Mobile,110.41,2,500,-1,2025-04-28
PLN5C0A946E86,CUST100040951,Family Share 10GB,Postpaid Mobile,120.51,10,500,-1,2017-01-10
PLN8F247E3D66,CUST100062772,Unlimited Basic,Prepaid Mobile,122.64,5,500,100,2015-02-06
PLNE4575107C6,CUST100043857,IoT Data Plan,Broadband,73.85,50,1000,500,2024-12-12
PLN4369CC6D42,CUST100088654,Unlimited Premium,Broadband,42.86,-1,1000,100,2024-01-04
PLN71BA640834,CUST100021354,IoT Data Plan,Postpaid Mobile,21.78,10,-1,-1,2020-08-19
PLNC4AAAB00D4,CUST100015214,Unlimited Plus,Broadband,106.12,20,500,-1,2023-05-04
PLNA58BCC31C3,CUST100091423,IoT Data Plan,Prepaid Mobile,148.19,10,1000,100,2016-12-31
PLNDDD974CBFE,CUST100048551,Prepaid 5GB,Prepaid Mobile,53.45,50,500,100,2022-08-09
PLN9E5B4C0B8B,CUST100099962,Fiber 500Mbps,Prepaid Mobile,91.83,2,-1,-1,2025-04-29
PLNEDEB376956,CUST100067590,Fiber 1Gbps,Prepaid Mobile,26.26,10,500,-1,2018-06-18
PLN492DEFA21C,CUST100091237,Unlimited Basic,Prepaid Mobile,99.25,10,-1,-1,2020-01-11
PLN9E0196DC06,CUST100092644,Unlimited Basic,Prepaid Mobile,135.43,2,-1,100,2019-06-26
PLNBB3054B262,CUST100029702,IoT Data Plan,Prepaid Mobile,132.06,2,-1,100,2019-11-14
PLN98CC92795B,CUST100061493,Fiber 1Gbps,Postpaid Mobile,120.87,10,-1,100,2016-09-22
PLNE862274096,CUST100039491,Fiber 1Gbps,Broadband,15.98,10,-1,500,2024-02-06
PLN4AC6747BDE,CUST100053345,Prepaid 5GB,Prepaid Mobile,98.26,2,-1,500,2021-06-12
PLNC28D539275,CUST100084119,Fiber 1Gbps,Broadband,37.26,20,500,100,2024-10-10
PLN2507084D28,CUST100000673,Unlimited Plus,IoT,104.83,10,500,500,2018-02-28
PLN8904F60B06,CUST100086469,Fiber 1Gbps,Postpaid Mobile,133.39,-1,500,500,2017-07-10
PLN27E9328262,CUST100049246,Prepaid 5GB,Postpaid Mobile,78.36,5,1000,500,2015-06-25
PLN846B5E9693,CUST100002021,IoT Data Plan,Broadband,58.6,10,500,100,2017-08-22
PLN3D85FF6C58,CUST100061937,Unlimited Plus,Postpaid Mobile,70.73,-1,500,100,2026-02-10
PLN7CB64B853A,CUST100090623,Unlimited Plus,Postpaid Mobile,69.55,5,-1,-1,2025-07-09
PLN811BA2DCC1,CUST100022973,Fiber 500Mbps,Broadband,25.24,50,-1,500,2022-12-31
PLN018E466465,CUST100089112,Unlimited Premium,Prepaid Mobile,22.2,2,1000,-1,2024-11-05
PLN33A088B08E,CUST100058762,Fiber 500Mbps,IoT,25.23,50,-1,100,2022-07-15
PLNEC4E64863D,CUST100055677,Unlimited Basic,Postpaid Mobile,138.78,10,1000,500,2022-03-19
PLN9BC4B6FA70,CUST100012313,Family Share 10GB,Postpaid Mobile,90.77,20,500,100,2016-10-28
PLNB5B9F47917,CUST100086825,Prepaid 5GB,Broadband,121.13,10,500,-1,2020-09-30
PLN7186CA6B53,CUST100062770,Unlimited Plus,Broadband,71.24,2,-1,-1,2016-06-22
PLN3177AAFF2E,CUST100084137,Fiber 500Mbps,Broadband,133.1,-1,-1,-1,2022-04-07
PLN81DAFC1855,CUST100010028,Prepaid 5GB,Postpaid Mobile,147.4,2,1000,100,2025-02-01
PLNE2B17BB3C0,CUST100071729,Family Share 10GB,Prepaid Mobile,47.28,2,-1,100,2015-06-29
PLN7F5B3701B8,CUST100022820,Prepaid 5GB,Broadband,40.41,10,-1,500,2018-04-22
PLNA445386C72,CUST100023715,Fiber 1Gbps,Postpaid Mobile,55.42,5,-1,500,2023-09-24
PLN3EA091B5B0,CUST100059246,IoT Data Plan,Prepaid Mobile,52.96,20,-1,100,2019-08-07
PLN1AC82427CD,CUST100036116,Prepaid 5GB,Broadband,21.11,50,1000,500,2016-03-18
PLNCE376426F1,CUST100014042,Unlimited Basic,Postpaid Mobile,19.53,50,500,100,2015-01-19
PLNB3BAE976E8,CUST100052863,Prepaid 5GB,Prepaid Mobile,106.66,50,1000,500,2018-08-15
PLN29EC242C70,CUST100018816,Prepaid 5GB,Postpaid Mobile,95.26,50,1000,100,2024-12-14
PLNBDAC3D4590,CUST100001201,IoT Data Plan,Prepaid Mobile,53.42,-1,1000,100,2022-11-08
PLNDFE45A8B9D,CUST100042194,Unlimited Premium,Broadband,75.22,50,1000,100,2017-04-22
PLNEA4AA5CE49,CUST100058932,Unlimited Basic,Broadband,28.77,5,1000,500,2019-02-24
PLN6D86BA0B71,CUST100047446,Family Share 10GB,Prepaid Mobile,15.18,2,1000,-1,2015-12-07
PLN35799F8E0F,CUST100064976,Fiber 500Mbps,Postpaid Mobile,51.97,2,500,500,2024-04-20
PLN51C4CC4535,CUST100057985,Family Share 10GB,Postpaid Mobile,136.06,-1,-1,500,2021-11-08
PLN63A8B64377,CUST100000697,Fiber 1Gbps,IoT,72.77,20,-1,100,2023-07-21
PLN13D6A580F3,CUST100017723,IoT Data Plan,Postpaid Mobile,17.91,2,-1,500,2024-03-30
PLN1931925DD6,CUST100095496,Fiber 500Mbps,Postpaid Mobile,34.59,-1,1000,500,2025-10-09
PLNB10DFFD990,CUST100066818,Fiber 1Gbps,Broadband,51.24,10,1000,-1,2026-01-02
PLN3781D888E5,CUST100031176,IoT Data Plan,Postpaid Mobile,22.46,5,-1,500,2016-08-05
PLN10BFA39A67,CUST100073160,Prepaid 5GB,Broadband,52.22,-1,-1,-1,2025-10-03
PLN832AFE4624,CUST100037075,Fiber 500Mbps,Prepaid Mobile,90.48,20,1000,500,2017-02-14
PLN720A83963E,CUST100067455,IoT Data Plan,Prepaid Mobile,33.09,2,1000,100,2015-09-09
PLNC39AB47C7E,CUST100071536,Prepaid 5GB,Postpaid Mobile,41.3,5,1000,100,2017-06-27
PLN9649FAAB8E,CUST100090179,Fiber 500Mbps,Prepaid Mobile,87.62,-1,500,-1,2023-06-13
PLN39F2305EBC,CUST100003079,Prepaid 5GB,Postpaid Mobile,129.12,-1,1000,500,2024-11-15
PLNA58309F8D5,CUST100072408,Unlimited Basic,Broadband,59.82,50,1000,100,2021-12-09
PLN9B5F233EE5,CUST100092960,Unlimited Premium,Prepaid Mobile,124.46,50,1000,100,2024-02-18
PLNDB1ED1AD62,CUST100093500,Family Share 10GB,IoT,117.52,-1,500,100,2017-04-27
PLNC6A2E14FA3,CUST100077817,Fiber 500Mbps,Postpaid Mobile,124.53,2,500,100,2023-04-12
PLN29B4BCE794,CUST100023643,Unlimited Plus,Postpaid Mobile,24.29,20,-1,100,2025-01-09
PLNA25B199E37,CUST100043566,Fiber 500Mbps,Postpaid Mobile,119.31,-1,500,100,2021-08-28
PLN495F65B4F1,CUST100019420,Family Share 10GB,Broadband,113.19,-1,1000,500,2026-03-29
PLN0B1424A707,CUST100052791,Unlimited Plus,Postpaid Mobile,16.18,2,500,500,2017-04-29
PLNE21A2A2676,CUST100006508,Unlimited Premium,IoT,127.11,2,-1,-1,2016-11-07
PLNE3D365EE42,CUST100094721,Family Share 10GB,Prepaid Mobile,113.94,50,1000,500,2020-02-02
PLN48E50D430E,CUST100041307,Fiber 500Mbps,Broadband,109.83,20,-1,-1,2021-04-28
PLN19B726F82B,CUST100083168,IoT Data Plan,Postpaid Mobile,95.32,10,-1,100,2023-05-04
PLNC35FCB47DE,CUST100011502,Fiber 1Gbps,Postpaid Mobile,119.37,-1,-1,500,2016-07-08
PLNC26C5E1AB1,CUST100009210,Prepaid 5GB,Postpaid Mobile,48.51,5,500,-1,2025-09-29
PLN7795FA0067,CUST100067580,Family Share 10GB,IoT,33.21,5,-1,500,2022-10-05
PLN2B87AEB9F3,CUST100070992,Unlimited Plus,Postpaid Mobile,16.2,10,1000,100,2018-12-17
PLN7CE0B31449,CUST100023024,Unlimited Basic,Prepaid Mobile,127.06,50,500,500,2023-01-10
PLND7D97EB41A,CUST100013088,Unlimited Plus,Broadband,59.34,50,1000,500,2021-02-28
PLNC6253E0CE6,CUST100000175,Unlimited Plus,Postpaid Mobile,127.18,10,500,500,2024-11-17
PLN542B729DED,CUST100090448,IoT Data Plan,Broadband,49.88,-1,1000,500,2025-11-25
PLN2B8CC78DDB,CUST100016324,Fiber 500Mbps,Broadband,107.51,-1,1000,100,2019-01-24
PLN5DDC94E994,CUST100098818,Unlimited Premium,Postpaid Mobile,147.05,5,-1,100,2020-01-11
PLN3ECFB8B909,CUST100083572,Unlimited Plus,Postpaid Mobile,64.91,5,1000,-1,2018-03-14
PLN7AA309A10C,CUST100047455,Prepaid 5GB,Postpaid Mobile,133.43,5,-1,100,2020-01-31
PLN0B00A39B23,CUST100028616,Fiber 500Mbps,Postpaid Mobile,58.75,50,-1,100,2017-04-25
PLN14C4EF4C18,CUST100088084,Family Share 10GB,Postpaid Mobile,102.54,-1,500,-1,2017-12-04
PLNF3A2784BE0,CUST100071855,Prepaid 5GB,Postpaid Mobile,133.06,2,-1,100,2019-01-04
PLNE2444E0EE8,CUST100065338,Unlimited Plus,Postpaid Mobile,122.39,50,500,-1,2022-02-08
PLN3A8AF5251C,CUST100074206,Unlimited Premium,Broadband,117.01,5,500,100,2017-01-16
PLN945F5C1F66,CUST100085935,Fiber 500Mbps,Prepaid Mobile,37.54,50,500,100,2017-10-26
PLNF56FC5FE68,CUST100067544,IoT Data Plan,Broadband,80.51,10,-1,500,2020-09-17
PLNCCCCE84702,CUST100041406,Fiber 1Gbps,Postpaid Mobile,142.41,2,500,500,2019-10-24
PLN0E1EF348F0,CUST100024125,IoT Data Plan,Postpaid Mobile,45.48,5,-1,500,2017-09-05
PLN3EEF50EE44,CUST100000772,Fiber 1Gbps,Prepaid Mobile,101.6,2,500,500,2022-04-04
PLN3DD6D695A1,CUST100080515,Prepaid 5GB,Prepaid Mobile,70.24,5,-1,100,2024-12-02
PLN1938EAB63E,CUST100001811,Fiber 1Gbps,Prepaid Mobile,53.13,2,-1,100,2024-11-06
PLN012B76318E,CUST100010061,Family Share 10GB,Broadband,85.64,2,1000,-1,2024-11-30
PLN3A38CC8651,CUST100097313,Unlimited Premium,Postpaid Mobile,104.75,5,500,100,2015-09-22
PLN0AA20EE3CF,CUST100027349,Prepaid 5GB,IoT,65.07,20,-1,500,2024-11-06
PLN79E19A660D,CUST100016918,Prepaid 5GB,Prepaid Mobile,129.6,-1,1000,500,2023-05-19
PLN33CA1CCA0E,CUST100089074,Prepaid 5GB,Prepaid Mobile,55.45,20,500,500,2025-09-26
PLN6C6C5BE258,CUST100065931,Prepaid 5GB,Prepaid Mobile,103.74,20,500,500,2022-02-11
PLN0DCBD78FF4,CUST100005009,Unlimited Premium,Prepaid Mobile,85.13,50,1000,500,2025-10-23
PLNA74DE4BBE4,CUST100098067,Unlimited Premium,Postpaid Mobile,123.86,5,500,500,2020-12-08
PLNE2A776E9EF,CUST100064453,IoT Data Plan,Postpaid Mobile,44.62,2,-1,100,2021-03-16
PLNC092A5F553,CUST100045454,Family Share 10GB,IoT,106.0,50,500,100,2015-10-21
PLNB680363B7D,CUST100040191,Prepaid 5GB,Broadband,92.4,10,1000,100,2024-02-11
PLN64E69C8AC8,CUST100008320,Unlimited Plus,Postpaid Mobile,45.21,50,500,-1,2019-09-15
PLN5E12E0F507,CUST100072606,IoT Data Plan,Postpaid Mobile,138.46,20,-1,100,2016-08-21
PLNDF74E8B331,CUST100094459,Prepaid 5GB,IoT,94.04,2,1000,-1,2024-07-09
PLN124FFF30B2,CUST100018741,Unlimited Basic,Postpaid Mobile,21.36,10,-1,100,2023-09-30
PLN9808E4335E,CUST100007431,Unlimited Premium,Postpaid Mobile,38.78,10,-1,100,2018-06-17
PLNC59A515947,CUST100060658,IoT Data Plan,Postpaid Mobile,95.13,50,500,500,2016-10-01
PLN7B9A1DF8F4,CUST100013520,IoT Data Plan,Postpaid Mobile,85.49,5,500,500,2016-01-11
PLNA04B3C42EE,CUST100000024,Unlimited Premium,IoT,93.14,-1,500,-1,2024-09-13
PLNF3525D8C97,CUST100028764,Fiber 1Gbps,Prepaid Mobile,58.47,20,500,500,2019-09-25
PLN21CCA3F9E9,CUST100003526,Prepaid 5GB,Broadband,32.91,-1,1000,100,2016-02-01
PLNA017F79824,CUST100008644,Unlimited Plus,Postpaid Mobile,130.59,50,1000,-1,2018-09-05
PLN28C593B977,CUST100078525,Fiber 500Mbps,Postpaid Mobile,143.81,5,1000,500,2019-04-28
PLN638B65FA4C,CUST100009512,Unlimited Premium,Postpaid Mobile,85.8,-1,-1,-1,2022-12-18
PLN8C7FFC9AE9,CUST100028182,Unlimited Premium,IoT,116.43,-1,500,100,2015-09-22
PLN9CBA6544C6,CUST100051748,Fiber 500Mbps,Postpaid Mobile,88.72,2,500,100,2016-02-24
PLND280A9BBF6,CUST100016986,Unlimited Basic,Broadband,83.86,2,1000,100,2022-08-15
PLN0175FE1C31,CUST100076111,Fiber 1Gbps,Prepaid Mobile,128.38,-1,1000,500,2026-06-03
PLNB29B922A7B,CUST100026437,Prepaid 5GB,Broadband,143.48,-1,1000,100,2016-02-25
PLN2F63A7F22C,CUST100018546,Family Share 10GB,Postpaid Mobile,41.51,2,1000,100,2016-03-29
PLN3991D3F055,CUST100009576,Fiber 500Mbps,Postpaid Mobile,23.98,2,500,500,2015-01-25
PLNECE1534AF5,CUST100081487,Fiber 500Mbps,Prepaid Mobile,113.35,-1,-1,-1,2018-09-10
PLN30DF74BB47,CUST100043528,Fiber 500Mbps,Broadband,64.16,2,1000,100,2024-04-26
PLN592406D6EA,CUST100024900,Prepaid 5GB,Postpaid Mobile,70.85,20,1000,-1,2016-09-23
PLN7945B46E03,CUST100082763,Family Share 10GB,Prepaid Mobile,121.9,5,1000,-1,2019-11-12
PLNB924BEC408,CUST100022001,Unlimited Plus,Postpaid Mobile,88.1,20,1000,100,2022-08-17
PLN039BBBCAE2,CUST100067646,IoT Data Plan,Prepaid Mobile,128.99,2,1000,500,2020-09-29
PLN6E6FFEA6FE,CUST100038071,Fiber 500Mbps,Broadband,112.17,-1,500,-1,2019-09-19
PLN1D67AC67FD,CUST100052024,Unlimited Plus,Broadband,90.65,-1,-1,-1,2021-04-25
PLNC2AF321A97,CUST100064365,IoT Data Plan,Postpaid Mobile,122.6,50,-1,100,2020-02-01
PLN069DB87605,CUST100030184,Unlimited Basic,Postpaid Mobile,86.99,5,1000,-1,2021-06-16
PLN2718BCFE13,CUST100025318,Fiber 1Gbps,Postpaid Mobile,135.59,2,1000,500,2023-06-25
PLN0050604BCB,CUST100091891,Prepaid 5GB,Broadband,130.78,-1,500,-1,2018-02-09
PLN6CC0BC4F15,CUST100090201,Unlimited Plus,Postpaid Mobile,79.99,2,500,500,2023-01-24
PLN40FA60CA30,CUST100000450,Fiber 500Mbps,Broadband,59.51,-1,-1,500,2015-01-17
PLN86BC08188E,CUST100055480,Unlimited Premium,Postpaid Mobile,109.66,20,500,100,2017-12-03
PLNE13F502DBA,CUST100025374,Fiber 500Mbps,Postpaid Mobile,74.84,5,-1,500,2018-10-08
PLNCF64402FD3,CUST100096077,Unlimited Plus,Prepaid Mobile,15.91,50,1000,100,2019-08-16
PLNDA68284F24,CUST100072087,Unlimited Plus,Postpaid Mobile,29.8,-1,-1,500,2026-05-26
PLN839738A95A,CUST100069808,IoT Data Plan,Postpaid Mobile,30.98,20,500,500,2015-04-26
PLNE3C3C5C1FE,CUST100054737,Unlimited Plus,Postpaid Mobile,139.72,20,500,100,2016-08-13
PLN2DF318CD62,CUST100041670,Prepaid 5GB,Postpaid Mobile,20.07,50,500,500,2019-01-31
PLNE804E8617B,CUST100073530,Unlimited Premium,Prepaid Mobile,90.02,2,500,-1,2025-01-16
PLN0448DAC9A2,CUST100046894,IoT Data Plan,Broadband,134.62,50,1000,-1,2022-07-14
PLN0A56E92EDC,CUST100041993,Unlimited Premium,Postpaid Mobile,53.94,10,500,100,2025-12-16
PLNE93D0AB556,CUST100054939,Family Share 10GB,Postpaid Mobile,58.59,-1,500,500,2015-11-02
PLN5455B6ED8F,CUST100049890,Unlimited Premium,Postpaid Mobile,92.98,10,1000,500,2018-08-12
PLN9DA3A843F0,CUST100033950,Family Share 10GB,Broadband,46.98,2,-1,100,2015-02-28
PLN978EEECB67,CUST100089910,Unlimited Plus,Broadband,145.24,5,500,100,2025-05-18
PLN8DCF00D72B,CUST100069134,Fiber 500Mbps,Prepaid Mobile,135.97,50,1000,100,2020-08-31
PLN7823E9BEF8,CUST100073399,Fiber 1Gbps,Postpaid Mobile,73.54,10,1000,100,2023-10-04
PLN015AEC4993,CUST100074672,Family Share 10GB,Prepaid Mobile,129.75,2,1000,-1,2025-07-11
PLN2B9C90F880,CUST100054658,Fiber 500Mbps,Broadband,48.75,2,500,-1,2015-06-17
PLN96DFA3A46F,CUST100007076,Unlimited Plus,Postpaid Mobile,31.05,2,-1,-1,2023-03-15
PLN8BEFF50B26,CUST100052176,Fiber 500Mbps,Postpaid Mobile,77.91,50,500,100,2017-10-09
PLNAB5A53CDDE,CUST100003761,Family Share 10GB,Postpaid Mobile,28.65,50,-1,100,2016-08-24
PLNFB1E55C4E4,CUST100014694,Prepaid 5GB,Postpaid Mobile,120.78,2,1000,100,2018-12-04
PLN1DCD72006C,CUST100072170,Unlimited Premium,Broadband,140.21,10,500,100,2016-10-14
PLNB9E1E02601,CUST100004883,Unlimited Basic,Prepaid Mobile,65.8,10,500,-1,2023-04-14
PLNBEF9CD764F,CUST100000654,IoT Data Plan,Prepaid Mobile,81.44,2,500,-1,2023-04-01
PLN427DB0C1AE,CUST100097817,Fiber 1Gbps,Postpaid Mobile,52.02,10,1000,100,2016-11-15
PLNB1CD5AA3F0,CUST100087643,Fiber 1Gbps,Broadband,48.79,50,1000,500,2016-09-21
PLN85904426D3,CUST100050492,Unlimited Basic,IoT,31.45,50,1000,500,2026-05-13
PLN689D623D11,CUST100072023,Unlimited Plus,Broadband,77.93,5,-1,100,2016-06-01
PLNDD6AA798E8,CUST100090469,Prepaid 5GB,Postpaid Mobile,114.67,2,-1,-1,2025-11-07
PLN512C9E1657,CUST100098945,Fiber 500Mbps,Postpaid Mobile,113.53,5,-1,100,2017-11-22
PLNB5FCB70141,CUST100015835,Prepaid 5GB,Postpaid Mobile,78.37,2,1000,-1,2018-04-13
PLN870F290A2F,CUST100003562,Family Share 10GB,Broadband,101.57,20,1000,100,2020-11-06
PLN0CE9CE794D,CUST100056280,Unlimited Basic,Broadband,54.51,-1,500,-1,2015-01-19
PLN5277205CD1,CUST100025219,Prepaid 5GB,Postpaid Mobile,65.63,50,-1,-1,2023-10-30
PLN3A72C240B6,CUST100011167,Fiber 1Gbps,Broadband,120.56,5,-1,500,2015-02-08
PLN7A610E008C,CUST100051546,Unlimited Plus,Broadband,59.41,5,-1,500,2022-06-10
PLN4C8ECDB2C8,CUST100008553,Fiber 1Gbps,Broadband,127.48,-1,500,500,2015-10-02
PLN3E21BCA509,CUST100045921,Unlimited Plus,Prepaid Mobile,106.74,10,-1,-1,2026-01-02
PLN0EAD645131,CUST100074806,Unlimited Plus,Postpaid Mobile,121.59,20,-1,100,2017-11-21
PLN55B64917F9,CUST100060906,Unlimited Plus,Prepaid Mobile,44.01,20,-1,500,2016-01-01
PLN12C38AB476,CUST100081458,Prepaid 5GB,Postpaid Mobile,127.05,50,-1,-1,2020-03-13
PLN6C6FC330C5,CUST100056088,IoT Data Plan,Postpaid Mobile,68.16,50,-1,100,2016-07-20
PLNAF18ADB913,CUST100085171,Family Share 10GB,Broadband,26.86,-1,1000,500,2021-05-12
PLN3673AD6D47,CUST100087908,Prepaid 5GB,Prepaid Mobile,104.35,50,-1,-1,2023-07-25
PLNA254D1EF86,CUST100074123,Unlimited Basic,Broadband,142.7,20,500,500,2019-03-12
PLN2518A15DB4,CUST100041302,Fiber 1Gbps,Postpaid Mobile,92.56,-1,500,-1,2018-10-18
PLNB8B5975346,CUST100063343,Unlimited Premium,Prepaid Mobile,42.6,5,1000,500,2019-07-18
PLN10D3E60A3F,CUST100012025,Unlimited Premium,Broadband,91.09,10,1000,100,2025-03-18
PLND730F58D70,CUST100065331,Fiber 500Mbps,Broadband,77.44,50,-1,-1,2020-02-24
PLN4F5ADD3AF4,CUST100058363,Family Share 10GB,Postpaid Mobile,135.19,-1,-1,-1,2023-01-11
PLN29475F748B,CUST100080203,Fiber 1Gbps,Broadband,53.68,50,1000,100,2015-01-04
PLN9F6DCD4961,CUST100004467,Unlimited Basic,Postpaid Mobile,100.04,5,-1,-1,2016-02-12
PLN9B9735C545,CUST100000828,Prepaid 5GB,Prepaid Mobile,95.96,50,500,-1,2015-05-10
PLN4A60C8CA82,CUST100034192,Unlimited Plus,IoT,104.2,5,1000,100,2025-11-16
PLN7D3502928E,CUST100030902,Fiber 500Mbps,Prepaid Mobile,61.58,10,1000,100,2017-08-04
PLNC151FBE3CF,CUST100055625,Prepaid 5GB,Broadband,109.72,10,500,-1,2022-06-29
PLN93D80F42E5,CUST100038873,Unlimited Premium,Postpaid Mobile,19.43,2,1000,100,2022-08-01
PLNF021C2523F,CUST100045444,Prepaid 5GB,Postpaid Mobile,110.71,20,1000,-1,2016-11-02
PLNC2AB7031C6,CUST100042439,Unlimited Plus,Postpaid Mobile,94.3,10,500,-1,2023-10-25
PLN12EFB0BAE0,CUST100016340,IoT Data Plan,Postpaid Mobile,108.27,20,1000,-1,2019-12-23
PLN4E848C5AA2,CUST100032193,Family Share 10GB,Postpaid Mobile,119.08,50,500,100,2017-10-24
PLN473FF77F44,CUST100021439,Unlimited Premium,Prepaid Mobile,134.76,5,1000,500,2025-01-31
PLN256F704AC9,CUST100059580,Family Share 10GB,Postpaid Mobile,144.36,10,1000,-1,2026-01-01
PLNCC3648F564,CUST100061680,Unlimited Plus,Prepaid Mobile,34.38,2,1000,-1,2017-10-30
PLN79AA658BFD,CUST100025337,IoT Data Plan,Postpaid Mobile,134.58,2,-1,100,2020-08-01
PLNAB204AC2DF,CUST100084929,Prepaid 5GB,Postpaid Mobile,126.59,20,-1,500,2022-11-24
PLND96C6C36B7,CUST100060237,Unlimited Basic,Postpaid Mobile,69.18,-1,500,-1,2023-12-23
PLN82348C268A,CUST100001533,Fiber 1Gbps,Postpaid Mobile,32.8,2,1000,-1,2018-04-17
PLN8DB60336F2,CUST100036250,Fiber 1Gbps,Postpaid Mobile,29.37,50,-1,100,2021-02-12
PLN500C576239,CUST100029703,IoT Data Plan,Postpaid Mobile,60.98,50,500,500,2017-11-26
PLN5217FE19C9,CUST100087954,Fiber 500Mbps,Prepaid Mobile,129.8,2,500,-1,2019-09-11
PLNC57244B360,CUST100057918,Prepaid 5GB,Postpaid Mobile,124.27,5,1000,500,2021-07-11
PLNEBEABE1CE2,CUST100069334,Prepaid 5GB,Prepaid Mobile,106.89,5,-1,500,2023-01-12
PLN48B708E75C,CUST100086792,Family Share 10GB,Postpaid Mobile,100.3,-1,1000,500,2025-12-31
PLNCF858803E5,CUST100061004,Unlimited Premium,Postpaid Mobile,110.62,50,1000,-1,2023-12-21
PLNC7ACED7782,CUST100049723,Unlimited Premium,Postpaid Mobile,123.39,2,500,-1,2017-01-09
PLNFC114A6E4A,CUST100001027,Family Share 10GB,Postpaid Mobile,82.45,10,500,-1,2024-11-10
PLN3317DAAD70,CUST100032384,Family Share 10GB,Postpaid Mobile,62.02,20,500,500,2017-08-04
PLN337603E498,CUST100074170,IoT Data Plan,Broadband,110.89,2,1000,100,2016-11-09
PLN3CC0BF6474,CUST100014703,Family Share 10GB,Postpaid Mobile,110.83,2,-1,-1,2022-06-18
PLNF5A216C812,CUST100084565,Fiber 500Mbps,Postpaid Mobile,83.83,20,1000,-1,2018-01-05
PLN6ADAE1C6B9,CUST100000426,Fiber 500Mbps,Postpaid Mobile,22.96,2,-1,100,2016-07-09
PLN5A670E7F56,CUST100085714,Unlimited Plus,Postpaid Mobile,114.18,5,500,100,2022-06-17
PLN6A0E22A846,CUST100097364,Unlimited Premium,Postpaid Mobile,141.95,-1,-1,100,2017-01-26
PLN04D7D1ABE2,CUST100028636,Family Share 10GB,Broadband,68.38,5,500,500,2017-09-26
PLN10A3B77F43,CUST100081396,Fiber 500Mbps,Postpaid Mobile,35.83,10,500,-1,2026-04-28
PLNF86ED2AF7D,CUST100020133,Unlimited Premium,IoT,103.77,5,1000,100,2015-06-06
PLNADB767F368,CUST100042594,Prepaid 5GB,Postpaid Mobile,80.2,2,1000,100,2017-02-25
PLN44F39E6DF9,CUST100033149,Fiber 1Gbps,Postpaid Mobile,32.92,50,500,500,2025-02-09
PLN75B88AF0BA,CUST100024169,Prepaid 5GB,Postpaid Mobile,81.79,10,-1,-1,2016-08-07
PLN55E32E02EB,CUST100070694,Unlimited Basic,Postpaid Mobile,35.99,10,500,-1,2017-09-25
PLN5E027C82E6,CUST100015042,Family Share 10GB,Broadband,144.45,-1,500,-1,2020-06-29
PLNE3A464E3AC,CUST100011248,Unlimited Plus,Postpaid Mobile,92.13,5,-1,500,2019-02-06
PLNFFF1B5EB59,CUST100017365,IoT Data Plan,Postpaid Mobile,37.33,2,500,500,2020-11-19
PLN4645E9CCA3,CUST100092852,Fiber 500Mbps,Broadband,84.08,5,-1,-1,2017-12-23
PLN9E76DF0A1F,CUST100052494,Unlimited Basic,Postpaid Mobile,19.24,20,1000,-1,2026-01-07
PLN877B76C8C0,CUST100059167,Family Share 10GB,Postpaid Mobile,127.86,5,1000,-1,2023-08-01
PLN153CA3B3D2,CUST100059751,Unlimited Basic,Postpaid Mobile,68.58,5,1000,500,2025-01-04
PLN5D90467850,CUST100045544,Prepaid 5GB,Postpaid Mobile,70.39,50,-1,100,2020-11-04
PLN160DE29CB1,CUST100061509,Family Share 10GB,Postpaid Mobile,60.58,20,500,500,2022-12-19
PLN2B10060E3B,CUST100057999,Family Share 10GB,Postpaid Mobile,87.13,5,500,100,2021-10-17
PLN4928DDA3F9,CUST100075973,Fiber 1Gbps,Prepaid Mobile,109.76,2,500,100,2016-09-02
PLNC30C9A83FD,CUST100007361,Family Share 10GB,Postpaid Mobile,81.22,20,500,500,2025-05-10
PLNFAFFB4EA74,CUST100057056,Unlimited Plus,IoT,41.56,-1,-1,100,2024-08-08
PLN8AE67A7FC6,CUST100071214,Fiber 500Mbps,Broadband,17.05,5,-1,100,2022-10-28
PLN9F130D2DA6,CUST100033787,IoT Data Plan,Broadband,70.87,50,-1,100,2015-05-29
PLNC55244819E,CUST100091686,Prepaid 5GB,Broadband,22.81,5,-1,-1,2021-06-19
PLN7884831B7E,CUST100007174,Fiber 500Mbps,Prepaid Mobile,24.78,20,1000,100,2018-07-18
PLN6B1BC7D873,CUST100023741,Fiber 1Gbps,Postpaid Mobile,27.19,20,-1,500,2021-10-02
PLN9A146314B0,CUST100021636,Family Share 10GB,Prepaid Mobile,111.2,2,-1,500,2015-02-01
PLNBD9C04D917,CUST100021644,Unlimited Premium,Broadband,149.45,-1,1000,-1,2022-02-18
PLN6DD01DAE59,CUST100056361,Unlimited Premium,Postpaid Mobile,23.04,2,500,500,2016-07-09
PLN79ED617B81,CUST100007570,Family Share 10GB,Prepaid Mobile,90.83,10,1000,500,2025-11-16
PLN5CA1063C96,CUST100039895,Family Share 10GB,Broadband,112.78,5,-1,-1,2019-05-02
PLNAD7212AE15,CUST100002589,Unlimited Plus,Broadband,147.39,-1,1000,-1,2016-07-09
PLN5D0076AD51,CUST100019042,IoT Data Plan,Broadband,135.61,2,500,500,2022-02-08
PLN44129D00DE,CUST100090210,Unlimited Premium,Prepaid Mobile,115.01,2,500,100,2018-09-06
PLN49AA2B3A66,CUST100096632,Unlimited Plus,Postpaid Mobile,29.15,20,1000,100,2022-03-25
PLNB3A50C1B8A,CUST100069436,Unlimited Premium,Postpaid Mobile,79.16,5,-1,500,2017-07-03
PLN77B32E59FB,CUST100074486,Unlimited Premium,Broadband,23.77,20,1000,100,2025-09-16
PLN7D0A5F79BD,CUST100006140,Unlimited Plus,Broadband,133.3,5,-1,-1,2019-09-06
PLN9E15C9E553,CUST100083844,Fiber 500Mbps,Postpaid Mobile,69.26,5,1000,-1,2025-10-21
PLN6E2A9741A5,CUST100047564,Unlimited Basic,IoT,46.81,5,-1,100,2018-12-19
PLND3C554E52F,CUST100066448,Prepaid 5GB,Prepaid Mobile,87.28,20,500,100,2016-02-06
PLNDBADE28C2D,CUST100047657,Unlimited Premium,Postpaid Mobile,54.32,2,1000,100,2020-03-03
PLN6C3AB7E8B0,CUST100035394,Fiber 500Mbps,Prepaid Mobile,119.37,-1,500,500,2026-03-20
PLN2162FEF682,CUST100079482,Unlimited Premium,IoT,72.77,20,1000,500,2020-07-03
PLN7D0F561FB9,CUST100077078,Prepaid 5GB,Postpaid Mobile,112.95,2,-1,-1,2024-05-05
PLN461CE3CE3A,CUST100088153,IoT Data Plan,Broadband,88.69,5,1000,100,2015-05-08
PLNC3AE548697,CUST100090062,IoT Data Plan,Postpaid Mobile,88.02,2,1000,100,2015-08-16
PLN766F61022A,CUST100082019,IoT Data Plan,Postpaid Mobile,148.27,20,500,500,2017-12-07
PLNBCF1345EE2,CUST100043762,Family Share 10GB,Postpaid Mobile,17.11,5,1000,500,2024-10-07
PLNC823D7B6E2,CUST100015425,Prepaid 5GB,Postpaid Mobile,69.87,5,-1,500,2018-07-06
PLN0207889F25,CUST100092093,Family Share 10GB,Postpaid Mobile,75.12,10,-1,-1,2019-12-15
PLN136C0362B9,CUST100092445,Fiber 500Mbps,Postpaid Mobile,51.83,-1,1000,-1,2016-12-20
PLNF67A987986,CUST100053213,Unlimited Basic,Postpaid Mobile,78.96,2,-1,-1,2015-10-31
PLN96D68D1F5B,CUST100064458,Prepaid 5GB,Postpaid Mobile,16.45,-1,500,100,2015-11-19
PLNC71BCCCE2A,CUST100007639,IoT Data Plan,Postpaid Mobile,35.2,5,500,100,2020-08-21
PLN017004D0B7,CUST100091081,IoT Data Plan,Postpaid Mobile,44.96,10,-1,-1,2021-05-27
PLNAC3692EE21,CUST100044406,Family Share 10GB,Postpaid Mobile,99.49,10,1000,-1,2021-12-20
PLN5A694078CE,CUST100045813,Unlimited Premium,Broadband,94.88,10,1000,100,2017-05-27
PLN893B72E2FD,CUST100077954,Unlimited Plus,Postpaid Mobile,16.72,-1,1000,-1,2019-12-22
PLNAFACA315FD,CUST100039912,Unlimited Premium,Postpaid Mobile,126.4,20,1000,-1,2015-06-24
PLN012C678262,CUST100099112,Unlimited Basic,Broadband,51.41,20,1000,100,2023-12-08
PLNC5A2454ED0,CUST100053848,Family Share 10GB,Postpaid Mobile,46.47,2,500,-1,2015-02-14
PLN4FC57DD65F,CUST100071345,IoT Data Plan,IoT,135.44,10,-1,-1,2016-04-04
PLNAF398F3E20,CUST100056581,Prepaid 5GB,Postpaid Mobile,65.11,2,-1,-1,2015-08-08
PLNAEAB1EDE27,CUST100099670,Fiber 1Gbps,Postpaid Mobile,53.92,-1,1000,100,2018-10-06
PLND32326A787,CUST100002741,Fiber 500Mbps,Prepaid Mobile,37.39,-1,-1,-1,2016-02-05
PLN5163791C3B,CUST100032148,Unlimited Basic,Postpaid Mobile,131.89,10,-1,100,2023-02-10
PLNED9703FA02,CUST100073189,IoT Data Plan,Broadband,103.01,-1,500,500,2025-05-25
PLN4065004ACA,CUST100088172,Fiber 1Gbps,Postpaid Mobile,76.25,20,500,100,2023-11-29
PLN7573DB9D03,CUST100035804,Fiber 1Gbps,Postpaid Mobile,107.17,-1,-1,500,2025-12-17
PLNC34F34DB13,CUST100050538,Unlimited Plus,Postpaid Mobile,84.56,2,-1,100,2026-04-14
PLN7804003805,CUST100090287,Family Share 10GB,Postpaid Mobile,101.84,20,500,-1,2021-08-16
PLN5A49A1FCB0,CUST100059244,Family Share 10GB,Broadband,91.97,2,500,100,2024-03-01
PLNCF7A1029F7,CUST100007903,IoT Data Plan,Prepaid Mobile,71.2,20,-1,100,2015-01-19
PLNFBE6C1D93E,CUST100079709,Unlimited Plus,Broadband,29.92,50,-1,500,2023-07-25
PLNDFCC04F19C,CUST100072782,IoT Data Plan,Broadband,77.44,20,-1,-1,2016-04-29
PLNFD1E076D7A,CUST100030567,Prepaid 5GB,Postpaid Mobile,88.01,20,500,500,2021-12-19
PLNDA0910E0B9,CUST100035258,Prepaid 5GB,Postpaid Mobile,119.15,50,1000,100,2025-07-19
PLN34534001F1,CUST100085311,Unlimited Premium,Prepaid Mobile,98.4,5,500,500,2017-03-22
PLND71A7B3A07,CUST100033398,Unlimited Plus,Prepaid Mobile,35.06,10,500,-1,2024-10-27
PLNB425AC9739,CUST100058187,Unlimited Basic,Broadband,145.24,10,500,500,2022-02-10
PLN2559202BB9,CUST100045354,Unlimited Plus,Prepaid Mobile,114.44,2,1000,100,2023-08-01
PLN05B596315B,CUST100005170,Fiber 500Mbps,Broadband,61.69,-1,1000,-1,2019-04-18
PLN7E1B7A5D24,CUST100004017,Unlimited Basic,Prepaid Mobile,84.91,5,500,100,2020-12-09
PLNF9480C7F4B,CUST100096285,IoT Data Plan,Postpaid Mobile,123.52,-1,-1,-1,2020-03-06
PLNA120FD0B55,CUST100095597,Fiber 500Mbps,Postpaid Mobile,81.52,2,-1,100,2021-03-08
PLN6217453D79,CUST100051730,Prepaid 5GB,Postpaid Mobile,75.38,2,1000,-1,2019-02-09
PLN8460B3C73D,CUST100005112,Fiber 500Mbps,Broadband,24.26,20,-1,-1,2016-06-13
PLN05BBF8AE33,CUST100018934,Fiber 500Mbps,Postpaid Mobile,137.15,5,-1,100,2017-03-11
PLN020ED7E594,CUST100091225,Family Share 10GB,Broadband,145.53,5,500,-1,2019-03-11
PLN62DDBE0A6A,CUST100015703,Prepaid 5GB,Postpaid Mobile,116.51,5,500,100,2015-10-26
PLN683C91DF2B,CUST100021919,Unlimited Premium,Postpaid Mobile,87.3,5,1000,-1,2022-03-25
PLNC092406EAF,CUST100075770,Prepaid 5GB,Prepaid Mobile,66.31,2,1000,500,2022-06-29
PLNAD841FBA80,CUST100075431,Prepaid 5GB,Postpaid Mobile,83.98,10,500,-1,2025-08-01
PLN58563D7683,CUST100024031,Fiber 1Gbps,Postpaid Mobile,62.07,5,500,100,2022-01-12
PLN79856CFF11,CUST100099712,Unlimited Plus,Postpaid Mobile,66.82,10,500,100,2022-04-30
PLNC24F70088A,CUST100092309,Unlimited Plus,Broadband,118.81,50,500,-1,2025-07-12
PLN3D84633F76,CUST100067209,Family Share 10GB,Postpaid Mobile,30.82,10,500,500,2018-07-16
PLN8B74BD203A,CUST100036462,Unlimited Basic,Postpaid Mobile,66.52,2,1000,-1,2021-04-21
PLN8748AF7910,CUST100012521,Unlimited Basic,Broadband,58.53,50,500,-1,2018-09-26
PLNC8C9934A05,CUST100018885,Unlimited Plus,Broadband,112.61,10,1000,100,2020-08-02
PLN33D2DA0838,CUST100071011,Fiber 500Mbps,Postpaid Mobile,100.86,20,500,-1,2018-10-17
PLNA23EF6E738,CUST100014732,Unlimited Premium,Prepaid Mobile,101.17,10,500,100,2026-01-11
PLN4D5BDC9B71,CUST100066008,Family Share 10GB,Postpaid Mobile,122.94,50,-1,100,2021-04-17
PLND2FD693615,CUST100064015,Fiber 1Gbps,Broadband,28.5,20,500,100,2022-04-14
PLN4CF007B653,CUST100093643,Family Share 10GB,Broadband,90.87,10,500,100,2016-04-10
PLNA5411FFEB8,CUST100061130,Unlimited Plus,IoT,33.79,5,1000,100,2021-06-13
PLN52886DFD0F,CUST100010172,Fiber 500Mbps,Postpaid Mobile,98.37,-1,500,100,2025-08-07
PLN4EB2543744,CUST100026831,Prepaid 5GB,Postpaid Mobile,44.17,20,1000,-1,2019-02-02
PLN096B30BD86,CUST100057448,Prepaid 5GB,Postpaid Mobile,111.29,5,1000,-1,2023-09-17
PLNC3F73377EA,CUST100087195,Family Share 10GB,Prepaid Mobile,21.42,-1,1000,-1,2019-09-07
PLNDA7F09E49F,CUST100018592,IoT Data Plan,Postpaid Mobile,148.66,10,500,500,2024-11-04
PLN1D00C28050,CUST100026474,Unlimited Premium,Prepaid Mobile,99.09,20,500,500,2017-01-15
PLN9019E25942,CUST100033845,Prepaid 5GB,Postpaid Mobile,76.19,20,-1,100,2020-12-22
PLN40A456DC1F,CUST100090357,IoT Data Plan,Postpaid Mobile,68.55,5,1000,500,2023-01-22
PLNB5F741853D,CUST100048217,Fiber 1Gbps,IoT,37.33,20,500,500,2023-09-26
PLNE407F44E05,CUST100019748,Unlimited Premium,Broadband,107.92,50,1000,-1,2015-01-01
PLNB9F3BE206B,CUST100006085,Unlimited Basic,IoT,74.52,20,1000,500,2017-07-21
PLN90FA3E9520,CUST100087120,Fiber 1Gbps,Postpaid Mobile,38.44,-1,1000,-1,2019-07-17
PLNCDCA763FEB,CUST100072902,Prepaid 5GB,Prepaid Mobile,121.93,10,1000,100,2016-04-09
PLN891E0172A1,CUST100011297,Fiber 1Gbps,IoT,72.29,20,1000,100,2016-09-27
PLN39E6664F7E,CUST100079960,Family Share 10GB,Prepaid Mobile,130.92,10,500,-1,2024-01-14
PLNBB115DA658,CUST100051035,Family Share 10GB,Postpaid Mobile,28.88,10,-1,500,2022-07-10
PLN819F82F5CF,CUST100077935,Unlimited Premium,Prepaid Mobile,62.46,2,1000,500,2016-07-23
PLN4076A4385F,CUST100080996,Family Share 10GB,Postpaid Mobile,47.65,5,-1,-1,2019-03-21
PLN1EF36C2012,CUST100017732,Fiber 500Mbps,Broadband,90.9,10,-1,500,2016-03-07
PLNB3B30F5DE1,CUST100013511,Unlimited Basic,Postpaid Mobile,64.59,50,500,500,2015-11-26
PLNF7F43FAE33,CUST100039166,IoT Data Plan,Broadband,133.31,50,-1,100,2023-10-25
PLN533FFDED77,CUST100065352,Family Share 10GB,Broadband,145.16,20,1000,-1,2018-08-01
PLN1D9C3CB398,CUST100086815,Unlimited Plus,Broadband,55.51,10,-1,100,2015-10-31
PLNAFB8C61EFE,CUST100096207,IoT Data Plan,Prepaid Mobile,52.94,20,-1,500,2025-02-28
PLNDEB6A8390E,CUST100035609,Unlimited Basic,Broadband,31.31,10,1000,-1,2018-10-19
PLN177F4FA207,CUST100049076,Fiber 1Gbps,Prepaid Mobile,147.79,10,500,100,2017-12-01
PLNBF7DA73660,CUST100054667,Fiber 500Mbps,Prepaid Mobile,46.76,50,500,-1,2022-09-20
PLNEC845EE95E,CUST100048798,Fiber 1Gbps,Postpaid Mobile,36.75,5,1000,100,2026-02-11
PLN22EE1A817D,CUST100076710,Fiber 500Mbps,Prepaid Mobile,144.55,20,1000,100,2016-03-01
PLN7D302181BF,CUST100045849,Unlimited Premium,Postpaid Mobile,145.38,20,500,100,2018-05-17
PLN2480BDBC5B,CUST100013452,Prepaid 5GB,Prepaid Mobile,140.39,-1,1000,100,2023-05-23
PLNB9224DC20C,CUST100013385,Fiber 500Mbps,Broadband,34.35,-1,500,500,2017-08-08
PLN0F91CBD5A9,CUST100063384,Unlimited Basic,Prepaid Mobile,45.22,-1,1000,500,2019-12-17
PLNE19A45C921,CUST100056962,Prepaid 5GB,Postpaid Mobile,82.85,5,-1,100,2017-12-02
PLN99C71D2FFB,CUST100003080,Unlimited Basic,IoT,134.63,50,-1,100,2021-04-20
PLN8893D86DE2,CUST100095324,Unlimited Basic,Prepaid Mobile,101.76,20,1000,100,2018-05-12
PLNED317141BB,CUST100014387,IoT Data Plan,Postpaid Mobile,62.34,2,-1,100,2022-09-27
PLN0BE604BE1F,CUST100039070,IoT Data Plan,Prepaid Mobile,33.11,50,500,500,2018-11-09
PLN750524400F,CUST100081445,Fiber 1Gbps,Postpaid Mobile,113.32,10,500,100,2024-06-04
PLN9D96F2A1FD,CUST100011271,Fiber 1Gbps,Postpaid Mobile,77.86,20,500,500,2026-03-11
PLNF70866C535,CUST100020754,Family Share 10GB,Postpaid Mobile,69.19,10,500,500,2015-02-27
PLN41E8A674E0,CUST100046879,Prepaid 5GB,Prepaid Mobile,74.58,2,500,500,2021-01-16
PLNE04E83D1F4,CUST100028465,Unlimited Plus,Postpaid Mobile,144.63,50,-1,100,2023-05-03
PLN05241EC60F,CUST100008994,Unlimited Premium,Postpaid Mobile,23.89,20,1000,100,2020-12-16
PLN295B3A917A,CUST100077396,Prepaid 5GB,Postpaid Mobile,56.91,10,1000,100,2015-03-05
PLNBAD7B195A6,CUST100067552,Prepaid 5GB,Prepaid Mobile,66.54,2,1000,-1,2025-01-27
PLN84B6DA8843,CUST100095888,Unlimited Plus,Broadband,57.75,-1,500,100,2021-12-21
PLN9434971795,CUST100095608,Family Share 10GB,Postpaid Mobile,43.72,10,500,-1,2018-03-01
PLN446A6693BA,CUST100068210,Unlimited Plus,Postpaid Mobile,147.33,2,1000,-1,2024-05-31
PLN8DF7FB8753,CUST100099699,Unlimited Plus,Postpaid Mobile,115.65,10,500,500,2022-06-17
PLN1248878725,CUST100001887,Family Share 10GB,Prepaid Mobile,100.78,20,-1,100,2020-04-26
PLNA57CCFA84A,CUST100080756,Fiber 500Mbps,Prepaid Mobile,94.26,-1,-1,100,2017-05-06
PLNFEBF25EDE3,CUST100034293,Unlimited Premium,Prepaid Mobile,15.23,10,500,100,2024-01-09
PLNCAFC39BF5D,CUST100070780,Family Share 10GB,Postpaid Mobile,113.32,10,500,-1,2023-02-16
PLNC8DFB3938E,CUST100025060,Prepaid 5GB,Prepaid Mobile,102.64,50,1000,500,2026-02-04
PLN5A342B2377,CUST100000980,Prepaid 5GB,Prepaid Mobile,112.96,20,-1,500,2016-04-25
PLNA2864553E8,CUST100030706,Prepaid 5GB,Postpaid Mobile,140.97,50,-1,100,2017-04-08
PLNC35C61D7EE,CUST100011780,IoT Data Plan,Prepaid Mobile,97.92,50,-1,500,2017-01-01
PLND78C3991BB,CUST100021779,Prepaid 5GB,Broadband,112.68,-1,1000,100,2015-07-09
PLNC0D4D7A6BE,CUST100006180,IoT Data Plan,Postpaid Mobile,88.73,10,-1,-1,2022-08-22
PLN64E14DFB7C,CUST100058887,Fiber 500Mbps,Prepaid Mobile,105.31,-1,500,100,2020-01-18
PLND69D0AE948,CUST100037969,IoT Data Plan,Postpaid Mobile,40.29,-1,-1,100,2020-01-29
PLN8665C6A8AC,CUST100045066,Fiber 500Mbps,Broadband,130.18,5,1000,100,2015-05-13
PLNDEABC59C8A,CUST100001902,Fiber 1Gbps,IoT,78.21,10,1000,-1,2015-05-01
PLN574AE1697B,CUST100066961,Fiber 1Gbps,Postpaid Mobile,98.23,-1,-1,500,2025-03-22
PLNFF2AF14E86,CUST100086884,Unlimited Premium,Postpaid Mobile,91.35,50,1000,500,2021-11-28
PLN8AF9C2AD0F,CUST100010880,Fiber 500Mbps,Postpaid Mobile,70.09,2,500,100,2019-08-27
PLNC54A9CC05D,CUST100098838,Unlimited Plus,Postpaid Mobile,144.22,10,-1,500,2019-06-10
PLN46860374B1,CUST100002436,Unlimited Plus,Prepaid Mobile,34.9,2,500,100,2024-07-23
PLN836A50C191,CUST100096398,Prepaid 5GB,Broadband,105.52,20,-1,500,2022-10-03
PLNDC221AA7EE,CUST100043973,Unlimited Plus,Postpaid Mobile,28.41,5,-1,500,2016-07-24
PLN5278511CEF,CUST100026027,IoT Data Plan,Postpaid Mobile,118.19,50,500,-1,2017-05-04
PLN1C06A99670,CUST100094037,Unlimited Basic,Prepaid Mobile,138.8,5,1000,-1,2017-11-01
PLN97330EAFF0,CUST100008229,Fiber 1Gbps,Broadband,20.86,20,-1,-1,2026-04-14
PLNC91BDFC54C,CUST100094362,Unlimited Plus,Prepaid Mobile,15.59,10,500,-1,2017-07-20
PLN30EF9FDDDD,CUST100003342,Prepaid 5GB,Prepaid Mobile,33.77,10,500,500,2016-12-25
PLNFC25D4D2A3,CUST100092622,Unlimited Plus,Broadband,81.57,5,500,-1,2021-08-11
PLN49CE2B819B,CUST100074174,Prepaid 5GB,Postpaid Mobile,106.88,50,500,100,2018-12-18
PLN8452AE481A,CUST100097398,Fiber 500Mbps,IoT,134.95,50,-1,500,2016-12-25
PLN894A74D8EA,CUST100072919,Unlimited Plus,Prepaid Mobile,84.8,5,500,100,2020-04-30
PLNDF320A831E,CUST100040271,Family Share 10GB,Broadband,15.05,-1,-1,-1,2025-07-23
PLN36BED19418,CUST100064330,Unlimited Basic,Prepaid Mobile,36.03,10,1000,100,2025-12-02
PLNC4D75B699B,CUST100090039,Fiber 500Mbps,Prepaid Mobile,91.41,2,1000,100,2018-07-13
PLNDFD14F4D00,CUST100013053,IoT Data Plan,Broadband,93.83,50,1000,-1,2018-02-06
PLNB5D96F7B77,CUST100048397,Unlimited Plus,Postpaid Mobile,138.22,20,-1,100,2023-09-18
PLND6DCEF2E53,CUST100059480,IoT Data Plan,Postpaid Mobile,36.51,50,1000,500,2019-03-17
PLNA6B31F7729,CUST100052743,Unlimited Plus,Postpaid Mobile,87.45,2,-1,-1,2024-10-03
PLN1372A5AE7A,CUST100071003,Family Share 10GB,Broadband,117.32,5,-1,100,2016-08-28
PLNF98C2D48EA,CUST100043410,Family Share 10GB,IoT,103.71,5,-1,100,2019-08-15
PLN0B91DCECE0,CUST100078227,IoT Data Plan,Postpaid Mobile,102.29,50,500,100,2020-05-03
PLN6676FACFA6,CUST100099871,Unlimited Premium,Postpaid Mobile,106.46,20,-1,-1,2024-04-27
PLND44F65F6E0,CUST100095006,IoT Data Plan,Broadband,149.08,-1,500,100,2015-11-23
PLN03118E76BB,CUST100093011,IoT Data Plan,Postpaid Mobile,68.91,5,-1,100,2021-11-11
PLNF493693D31,CUST100058912,Unlimited Premium,Postpaid Mobile,51.05,5,1000,500,2025-07-08
PLN3F0CBAFB42,CUST100023617,Fiber 1Gbps,Postpaid Mobile,141.86,20,500,500,2015-11-19
PLN5504CC2884,CUST100005947,Prepaid 5GB,Broadband,35.35,2,-1,-1,2025-06-16
PLN10F463F42F,CUST100061787,Fiber 1Gbps,Prepaid Mobile,117.96,-1,-1,-1,2022-08-12
PLN4D74458BF8,CUST100067542,Unlimited Premium,Postpaid Mobile,80.56,20,-1,500,2016-08-26
PLN773A62695D,CUST100015634,Prepaid 5GB,Prepaid Mobile,38.81,2,1000,-1,2021-07-23
PLNB7037B259E,CUST100073675,Fiber 1Gbps,IoT,89.17,20,-1,500,2019-02-16
PLN791A598915,CUST100064586,Family Share 10GB,Postpaid Mobile,116.74,20,-1,100,2019-07-26
PLN93570090C7,CUST100079901,Prepaid 5GB,Prepaid Mobile,83.62,10,500,100,2022-04-14
PLNEC36F50544,CUST100060374,Unlimited Premium,Broadband,42.88,5,500,-1,2023-05-20
PLN6F04BFFD70,CUST100042534,Prepaid 5GB,Postpaid Mobile,112.31,2,-1,500,2026-01-22
PLN74C6E2F8B5,CUST100024297,Family Share 10GB,Broadband,60.24,5,-1,-1,2023-09-11
PLNA3D2A001E8,CUST100040916,IoT Data Plan,Postpaid Mobile,38.43,2,-1,-1,2024-01-05
PLNAE640044A5,CUST100097246,Prepaid 5GB,IoT,121.28,10,500,100,2022-04-19
PLN52F9778751,CUST100007402,Unlimited Basic,Postpaid Mobile,92.86,10,1000,500,2017-07-14
PLN5F49882FCF,CUST100074523,Fiber 1Gbps,Broadband,117.94,10,1000,100,2021-12-02
PLN12638211DB,CUST100031579,Unlimited Plus,Postpaid Mobile,67.92,2,500,100,2022-01-17
PLNDF29ABD22E,CUST100076829,Unlimited Premium,Postpaid Mobile,101.45,2,-1,-1,2019-07-26
PLN962B513C52,CUST100095088,IoT Data Plan,Postpaid Mobile,25.93,5,1000,-1,2018-12-20
PLNE35C24C8FF,CUST100078017,IoT Data Plan,Broadband,111.58,-1,-1,100,2025-02-06
PLN38B2684AD2,CUST100039649,Family Share 10GB,Postpaid Mobile,133.88,-1,1000,500,2018-04-28
PLN67C9BB94F6,CUST100035812,Family Share 10GB,Broadband,119.89,-1,500,500,2022-06-24
PLN7A8DB5B102,CUST100062515,Unlimited Plus,Broadband,50.54,-1,500,100,2025-07-03
PLNE0AE0C5084,CUST100004468,Unlimited Basic,Postpaid Mobile,65.64,-1,1000,500,2020-06-17
PLNA3C7EED6E5,CUST100063562,Fiber 500Mbps,Postpaid Mobile,60.78,50,500,500,2017-05-16
PLN822CB258EB,CUST100090762,Unlimited Basic,Postpaid Mobile,33.81,10,500,500,2019-09-05
PLNB8E2875957,CUST100077155,Fiber 1Gbps,Postpaid Mobile,39.5,2,-1,500,2020-04-17
PLNE70BC6DCE0,CUST100078735,Fiber 500Mbps,Postpaid Mobile,72.64,-1,500,500,2016-08-01
PLNAE32EE3C63,CUST100036278,Family Share 10GB,Prepaid Mobile,143.61,-1,1000,500,2019-11-19
PLN7D51D9573A,CUST100064461,Unlimited Premium,Prepaid Mobile,67.01,5,1000,-1,2017-12-20
PLN171CE1942C,CUST100045063,Fiber 1Gbps,Postpaid Mobile,149.38,-1,-1,100,2025-11-15
PLNA702B74457,CUST100004383,Unlimited Basic,Broadband,108.76,2,500,500,2025-06-26
PLNB71EAF9DCA,CUST100067438,Unlimited Premium,Broadband,112.97,2,-1,100,2021-11-20
PLN099D597EC4,CUST100094195,Fiber 500Mbps,Prepaid Mobile,129.65,2,1000,100,2025-03-14
PLNDDA93FBC48,CUST100061238,Fiber 1Gbps,Postpaid Mobile,132.65,5,1000,500,2016-02-16
PLN48AC5266F2,CUST100024460,IoT Data Plan,Postpaid Mobile,23.01,-1,500,100,2021-10-13
PLN1FBE06A625,CUST100080029,Family Share 10GB,Prepaid Mobile,48.37,5,500,100,2016-10-22
PLN9A353BAA29,CUST100073123,Unlimited Basic,Postpaid Mobile,50.04,20,-1,100,2022-09-07
PLN0EB3512B49,CUST100033456,Family Share 10GB,IoT,89.86,-1,500,100,2018-04-27
PLN5E316D93D6,CUST100016346,Family Share 10GB,Postpaid Mobile,42.38,50,500,500,2022-08-20
PLND1189F8C8F,CUST100083489,Prepaid 5GB,Postpaid Mobile,110.22,5,-1,500,2016-07-29
PLNB0B5DBE60A,CUST100040032,Unlimited Plus,IoT,58.41,5,500,-1,2018-09-18
PLN9AF365A7BF,CUST100068128,Fiber 1Gbps,Postpaid Mobile,97.71,5,-1,100,2025-06-25
PLN6EB0974674,CUST100061894,Fiber 1Gbps,Postpaid Mobile,98.21,5,500,500,2016-10-12
PLNAE463BA2E6,CUST100098968,Family Share 10GB,Prepaid Mobile,48.27,10,-1,500,2021-05-06
PLNC2281C0B11,CUST100049627,IoT Data Plan,Postpaid Mobile,89.02,20,1000,-1,2024-01-01
PLNDCD0D6536D,CUST100064545,Family Share 10GB,Postpaid Mobile,113.52,20,500,500,2021-01-29
PLNC1926F59BB,CUST100015057,Family Share 10GB,Prepaid Mobile,24.59,10,-1,500,2026-02-15
PLNDDD5609823,CUST100027345,IoT Data Plan,Postpaid Mobile,85.64,20,-1,100,2021-08-09
PLNE86449442A,CUST100041874,Prepaid 5GB,IoT,63.79,5,-1,100,2024-02-14
PLNFE60501DAE,CUST100093458,Prepaid 5GB,Postpaid Mobile,128.08,20,500,500,2020-11-20
PLNE0C325507B,CUST100053876,Family Share 10GB,Postpaid Mobile,26.43,-1,500,100,2015-10-07
PLNEC3B6619B6,CUST100056309,IoT Data Plan,Prepaid Mobile,48.51,10,500,500,2019-05-22
PLND0BF9562CE,CUST100070851,Unlimited Premium,Postpaid Mobile,97.37,2,1000,500,2018-10-09
PLNE3F2CDAD9D,CUST100053753,IoT Data Plan,Prepaid Mobile,60.74,-1,500,-1,2019-01-01
PLNB9802FB842,CUST100056523,Fiber 500Mbps,Postpaid Mobile,82.1,5,1000,-1,2025-11-06
PLNEB8C562B1A,CUST100010392,IoT Data Plan,Postpaid Mobile,83.83,2,-1,100,2025-04-26
PLNF1D26972E3,CUST100011675,Prepaid 5GB,Postpaid Mobile,91.26,10,-1,100,2020-01-20
PLNAB6974CE5A,CUST100061868,Fiber 1Gbps,IoT,118.6,-1,1000,500,2015-11-21
PLND485803EE7,CUST100068979,Fiber 500Mbps,Postpaid Mobile,129.23,2,500,-1,2023-02-02
PLN48D4E5A262,CUST100059164,Unlimited Premium,Postpaid Mobile,127.99,50,-1,-1,2015-03-04
PLN4F567AD35E,CUST100035400,Fiber 500Mbps,Postpaid Mobile,143.77,20,-1,500,2025-04-05
PLN8CE7959BA2,CUST100081838,Prepaid 5GB,Postpaid Mobile,119.65,-1,-1,100,2022-12-17
PLN103C1AD2D7,CUST100086043,Unlimited Plus,Postpaid Mobile,85.89,5,1000,100,2019-12-15
PLNA2B0114CFF,CUST100088333,Fiber 1Gbps,Prepaid Mobile,87.02,10,500,500,2025-08-24
PLN4852A1D8DC,CUST100082693,Fiber 1Gbps,Postpaid Mobile,85.82,-1,-1,100,2018-09-19
PLN267BB395AB,CUST100092070,IoT Data Plan,IoT,90.25,10,-1,-1,2021-10-05
PLN086ACDB281,CUST100056436,Family Share 10GB,Broadband,53.12,20,1000,100,2016-01-10
PLN9779604749,CUST100039145,IoT Data Plan,Broadband,137.95,2,1000,500,2018-02-22
PLNED6D4254AF,CUST100059792,Fiber 500Mbps,Broadband,148.87,50,1000,100,2020-07-24
PLN84F6F89267,CUST100093428,Family Share 10GB,Prepaid Mobile,49.07,10,-1,100,2021-07-21
PLN51B6A007BF,CUST100069329,Unlimited Basic,IoT,113.99,50,-1,500,2022-01-09
PLN7F38E63181,CUST100015170,Prepaid 5GB,Prepaid Mobile,22.42,2,-1,-1,2017-06-24
PLN8E1B8C0D98,CUST100070086,Fiber 1Gbps,Postpaid Mobile,98.57,50,-1,-1,2025-08-15
PLN606BCB74A3,CUST100062045,Fiber 500Mbps,Prepaid Mobile,145.31,5,1000,-1,2021-03-31
PLN0A88B85CC4,CUST100071056,Family Share 10GB,Broadband,108.81,2,1000,-1,2024-01-10
PLN29FE864BE0,CUST100035675,Unlimited Premium,Postpaid Mobile,15.5,50,500,-1,2020-01-03
PLN28C638E649,CUST100005953,Fiber 1Gbps,Postpaid Mobile,31.0,20,-1,100,2025-02-07
PLN98848B567F,CUST100016623,Unlimited Basic,Prepaid Mobile,125.56,20,-1,100,2024-01-30
PLN8B31242760,CUST100070403,Unlimited Basic,Postpaid Mobile,23.91,-1,1000,100,2016-11-15
PLNC2897728F2,CUST100096422,Fiber 1Gbps,Prepaid Mobile,71.68,2,-1,500,2022-09-25
PLN2CF36622B7,CUST100091619,Unlimited Premium,Prepaid Mobile,38.89,50,1000,500,2017-08-13
PLN14BE4B935F,CUST100030193,IoT Data Plan,Broadband,66.34,10,1000,100,2019-12-10
PLNB87A77AE83,CUST100085725,Fiber 500Mbps,Postpaid Mobile,52.05,50,-1,-1,2016-06-08
PLN8826B87E7A,CUST100054450,Fiber 1Gbps,Prepaid Mobile,62.37,5,500,500,2020-10-12
PLN0C8E3B0AEC,CUST100028672,IoT Data Plan,Postpaid Mobile,80.23,50,-1,100,2020-03-19
PLNC6F0EEBE43,CUST100094048,Unlimited Basic,IoT,105.1,-1,500,500,2017-12-15
PLNB7078C297E,CUST100033303,IoT Data Plan,Postpaid Mobile,31.13,20,500,-1,2019-06-27
PLN9065E78DC9,CUST100042810,IoT Data Plan,Postpaid Mobile,146.55,50,1000,100,2019-03-22
PLNC5C290733C,CUST100092806,IoT Data Plan,Prepaid Mobile,69.88,2,500,100,2025-10-16
PLNB922CF5F6C,CUST100039883,Prepaid 5GB,Prepaid Mobile,33.36,-1,500,500,2024-03-04
PLN044C2E5512,CUST100084698,Unlimited Plus,Postpaid Mobile,47.08,20,-1,500,2026-05-12
PLN911AD2FB53,CUST100044809,Family Share 10GB,Prepaid Mobile,32.3,-1,500,100,2022-04-23
PLND03E195D30,CUST100005538,Prepaid 5GB,Postpaid Mobile,139.3,2,500,100,2023-11-09
PLNBF8A9134FB,CUST100024730,Unlimited Premium,Broadband,128.31,50,500,-1,2016-06-28
PLNFA7563100D,CUST100057401,Fiber 1Gbps,Broadband,40.99,10,1000,500,2025-08-06
PLN18CD9F4FEE,CUST100073538,Fiber 1Gbps,Postpaid Mobile,64.99,50,500,500,2022-11-02
PLNBDD57618AB,CUST100048600,IoT Data Plan,Postpaid Mobile,29.81,10,500,500,2021-10-01
PLN7E896410E2,CUST100069572,IoT Data Plan,Postpaid Mobile,140.99,-1,-1,100,2019-03-12
PLNDF75E9A13D,CUST100028802,Fiber 1Gbps,Postpaid Mobile,66.81,5,-1,500,2020-07-13
PLNB510D7D4AC,CUST100011822,Fiber 500Mbps,Postpaid Mobile,35.78,50,500,500,2022-04-12
PLND60E1725D4,CUST100061054,IoT Data Plan,Postpaid Mobile,98.23,50,1000,-1,2018-10-23
PLN6392E7DBEE,CUST100079884,Unlimited Premium,Broadband,128.55,10,-1,500,2018-01-16
PLNA2CA5BFF64,CUST100081015,Unlimited Plus,Postpaid Mobile,40.0,5,500,-1,2022-07-18
PLND6A60F53B7,CUST100064445,Unlimited Basic,Prepaid Mobile,86.89,10,-1,100,2023-10-23
PLN3BD41C3CDF,CUST100079281,Unlimited Premium,Broadband,74.07,5,-1,100,2021-12-28
PLN606B36B9A0,CUST100012478,Family Share 10GB,Postpaid Mobile,100.0,10,500,500,2022-08-12
PLNF67D0FD89D,CUST100093263,IoT Data Plan,Prepaid Mobile,37.46,10,500,100,2018-09-16
PLN305D7F6B57,CUST100077852,Unlimited Premium,Postpaid Mobile,143.03,10,-1,500,2022-02-28
PLNF79097939B,CUST100037125,Unlimited Premium,Postpaid Mobile,138.23,10,-1,-1,2023-08-19
PLNA5E7792135,CUST100028692,Family Share 10GB,Prepaid Mobile,35.26,20,-1,500,2019-08-15
PLNDE56A12CCE,CUST100062155,Prepaid 5GB,Postpaid Mobile,18.52,2,500,100,2025-09-18
PLNCA149F54C4,CUST100073220,Unlimited Plus,Postpaid Mobile,113.97,-1,-1,500,2016-05-10
PLN77926BE372,CUST100077287,Fiber 500Mbps,Broadband,125.65,2,-1,100,2016-05-05
PLND1D8912679,CUST100075528,Fiber 1Gbps,Prepaid Mobile,19.66,50,-1,500,2015-06-04
PLNC995690A0F,CUST100038340,Fiber 500Mbps,Broadband,129.88,2,500,500,2023-01-29
PLNE75CE08A3A,CUST100006532,Prepaid 5GB,Postpaid Mobile,130.1,-1,500,500,2019-06-02
PLNC1E37F69FC,CUST100061319,Unlimited Basic,Postpaid Mobile,69.03,-1,-1,-1,2019-02-22
PLN4C8CADA384,CUST100062037,Unlimited Basic,Broadband,86.41,5,500,500,2016-03-04
PLNB08F99D5C6,CUST100032319,Unlimited Basic,Broadband,142.15,5,-1,100,2021-08-07
PLNE8C21FB2F4,CUST100079921,Unlimited Plus,Postpaid Mobile,48.4,10,-1,-1,2016-12-20
PLN3FE345E326,CUST100083265,Unlimited Plus,Broadband,37.0,5,500,500,2026-05-14
PLNE5ED1BA1C0,CUST100056660,Unlimited Plus,Broadband,45.52,20,500,100,2015-06-25
PLN6CCC54D5EE,CUST100042936,Prepaid 5GB,Postpaid Mobile,136.25,20,-1,100,2025-09-06
PLNE2C9C1B20A,CUST100021308,IoT Data Plan,Postpaid Mobile,91.93,50,-1,100,2015-09-23
PLN390B04CCAD,CUST100012527,Family Share 10GB,Postpaid Mobile,66.38,50,500,500,2018-03-13
PLN8D30CFF184,CUST100048819,Fiber 500Mbps,Prepaid Mobile,89.42,-1,1000,100,2022-12-10
PLNFC50CC1A70,CUST100051879,Fiber 500Mbps,Postpaid Mobile,88.39,20,1000,100,2016-08-11
PLN0564B48E1B,CUST100071866,Fiber 1Gbps,Broadband,77.25,10,-1,500,2017-02-12
PLNDE4C2687F9,CUST100084690,Unlimited Premium,Prepaid Mobile,28.85,-1,500,100,2018-12-05
PLNDF266AC5B2,CUST100052820,Unlimited Plus,Postpaid Mobile,80.64,50,-1,100,2019-03-04
PLN57C7F0F0F1,CUST100005356,Unlimited Plus,Broadband,36.34,2,500,500,2017-05-28
PLN52CD9B43D2,CUST100099304,Family Share 10GB,Postpaid Mobile,29.81,20,500,100,2016-05-17
PLN0FAA8EBE02,CUST100082751,Prepaid 5GB,Broadband,55.79,20,-1,-1,2023-01-25
PLND5A73AD723,CUST100046994,Fiber 1Gbps,Postpaid Mobile,113.47,20,500,100,2024-12-30
PLNA3FCA8444B,CUST100024794,Unlimited Plus,Prepaid Mobile,109.91,50,1000,100,2016-03-03
PLNB88387744B,CUST100062499,Family Share 10GB,Postpaid Mobile,137.26,50,1000,500,2016-11-25
PLN8FC8E6256B,CUST100037807,Prepaid 5GB,Prepaid Mobile,69.68,-1,1000,100,2023-02-14
PLN0A15800CBC,CUST100043742,Family Share 10GB,Postpaid Mobile,133.09,20,-1,100,2017-05-17
PLN6EE82D4EF7,CUST100061700,Family Share 10GB,Postpaid Mobile,125.61,20,500,100,2026-02-15
PLN8F13061313,CUST100052532,Unlimited Plus,Postpaid Mobile,20.14,2,-1,500,2025-07-11
PLN6A3E3DEE4A,CUST100053479,Unlimited Basic,Postpaid Mobile,57.13,20,1000,-1,2018-05-21
PLN6B1A31E933,CUST100094588,Unlimited Premium,Postpaid Mobile,76.76,10,-1,100,2018-08-13
PLN21D5CDB3FA,CUST100014425,Fiber 500Mbps,Postpaid Mobile,117.9,-1,-1,500,2024-01-10
PLNB29301D576,CUST100087941,Family Share 10GB,Prepaid Mobile,109.28,5,-1,-1,2017-07-29
PLN7A290C6E99,CUST100044879,Fiber 500Mbps,Postpaid Mobile,130.8,5,1000,-1,2018-07-05
PLNAF4A888F8F,CUST100094750,Unlimited Plus,IoT,73.93,10,500,-1,2018-10-13
PLN430B6A4BDD,CUST100028270,Fiber 500Mbps,Prepaid Mobile,71.09,5,-1,100,2022-06-20
PLNE724053382,CUST100065226,IoT Data Plan,Postpaid Mobile,147.87,2,500,100,2018-07-07
PLNB83D147D3B,CUST100093698,Unlimited Premium,Postpaid Mobile,137.9,10,500,500,2017-03-27
PLNE193471C8A,CUST100030129,Prepaid 5GB,IoT,52.91,10,500,-1,2022-05-18
PLN8595D3B9CE,CUST100023443,Unlimited Plus,Postpaid Mobile,21.33,5,500,500,2020-06-11
PLN5D6A71304A,CUST100073509,Prepaid 5GB,Postpaid Mobile,29.46,5,1000,500,2018-08-12
PLNDF071F487D,CUST100035416,IoT Data Plan,Postpaid Mobile,130.24,10,-1,-1,2017-04-06
PLNB7E7D1FE56,CUST100085767,Unlimited Premium,Broadband,112.62,20,-1,500,2017-06-20
PLN80D401C5F8,CUST100088123,Fiber 1Gbps,Broadband,133.57,5,-1,100,2020-06-16
PLN2AB61B4DB3,CUST100033480,Fiber 500Mbps,Postpaid Mobile,120.27,-1,-1,-1,2023-07-12
PLNB4B6302E0B,CUST100004461,Unlimited Premium,Prepaid Mobile,133.01,20,-1,100,2015-12-24
PLN95359E9B0A,CUST100059566,Fiber 500Mbps,Prepaid Mobile,71.91,20,1000,500,2017-05-21
PLNE5ADEA7FF3,CUST100085535,Prepaid 5GB,Postpaid Mobile,123.88,20,500,500,2020-02-26
PLN20CEABA0FB,CUST100020516,Fiber 1Gbps,Prepaid Mobile,83.49,20,-1,500,2020-05-27
PLN9C72E29D6F,CUST100050991,Fiber 1Gbps,Postpaid Mobile,85.14,-1,500,100,2016-02-05
PLN2487CC8377,CUST100065187,Unlimited Plus,Prepaid Mobile,34.07,20,500,500,2019-05-19
PLN42024612D1,CUST100019152,Unlimited Plus,Broadband,73.97,2,500,100,2021-12-20
PLN2D14168E2B,CUST100013901,Unlimited Basic,Broadband,108.34,5,-1,500,2025-03-05
PLNF5AE806B41,CUST100021437,Fiber 500Mbps,Broadband,17.05,10,-1,-1,2024-01-14
PLNBA0404396C,CUST100010589,Family Share 10GB,Broadband,82.54,2,500,500,2023-10-12
PLNAEC3B3EBAE,CUST100066331,Fiber 1Gbps,Postpaid Mobile,41.3,2,-1,500,2015-03-10
PLN0048CDC557,CUST100055984,Fiber 500Mbps,Postpaid Mobile,41.33,20,500,-1,2017-07-03
PLNABDC367B64,CUST100031081,Unlimited Basic,Prepaid Mobile,148.55,-1,500,-1,2024-02-16
PLN77E92E431A,CUST100059384,Fiber 1Gbps,Prepaid Mobile,78.87,5,500,-1,2019-12-29
PLNBF5CCCCBD0,CUST100078845,IoT Data Plan,Prepaid Mobile,39.76,20,-1,100,2024-07-22
PLN20EE333528,CUST100097690,Unlimited Premium,Postpaid Mobile,72.01,5,1000,500,2017-07-15
PLN57D0669E76,CUST100012180,Family Share 10GB,Broadband,120.9,2,500,100,2015-07-05
PLNB0167BD79C,CUST100079222,Unlimited Plus,Postpaid Mobile,130.92,10,500,100,2022-01-03
PLNB583418D7C,CUST100009533,IoT Data Plan,Postpaid Mobile,34.1,50,1000,-1,2018-06-21
PLN7D7B3FB11E,CUST100008315,IoT Data Plan,Postpaid Mobile,64.46,2,500,500,2020-12-06
PLNF42165E1BF,CUST100040020,Fiber 1Gbps,Postpaid Mobile,29.87,2,500,500,2019-07-16
PLN71E4389B9F,CUST100088528,IoT Data Plan,Postpaid Mobile,27.03,2,1000,-1,2022-07-15
PLN1B7726DF74,CUST100076625,Fiber 1Gbps,Broadband,48.71,20,500,500,2023-08-20
PLN32FDDF1049,CUST100082221,Unlimited Basic,Postpaid Mobile,78.44,-1,1000,100,2023-04-10
PLNFE7405F5A9,CUST100045845,Unlimited Basic,Broadband,23.75,50,1000,100,2025-04-07
PLN8BFFFBA615,CUST100047208,Family Share 10GB,Postpaid Mobile,21.98,50,-1,100,2015-10-03
PLNB3A8B4D6A1,CUST100028179,Unlimited Plus,Prepaid Mobile,21.23,-1,-1,-1,2023-07-16
PLND2FFDDA792,CUST100085446,Fiber 500Mbps,Postpaid Mobile,41.92,-1,-1,-1,2023-01-21
PLN389580C607,CUST100097439,Unlimited Basic,Postpaid Mobile,87.35,-1,500,500,2017-01-04
PLN8CB31F07F6,CUST100072159,Unlimited Plus,Postpaid Mobile,73.85,5,-1,-1,2022-07-09
PLNCC18A491F7,CUST100059418,Prepaid 5GB,IoT,51.43,20,-1,100,2019-10-28
PLN0B2E75576D,CUST100042123,Fiber 1Gbps,Postpaid Mobile,105.36,20,500,-1,2020-06-07
PLNAC2527A3CE,CUST100078787,Fiber 1Gbps,Prepaid Mobile,133.29,2,500,500,2015-11-18
PLNFDC2AD6AA3,CUST100073118,Unlimited Plus,Postpaid Mobile,126.19,20,1000,-1,2018-08-26
PLN525442C52F,CUST100043589,Unlimited Plus,Prepaid Mobile,41.73,20,-1,-1,2015-04-13
PLN34365B7A81,CUST100009088,Unlimited Plus,Prepaid Mobile,122.41,-1,1000,500,2017-03-14
PLND87B54CEED,CUST100069659,Unlimited Basic,Postpaid Mobile,133.42,50,1000,-1,2022-11-22
PLN67FB0AA308,CUST100080645,Unlimited Premium,Prepaid Mobile,117.06,5,500,-1,2025-01-13
PLNCB2304C9F6,CUST100087145,Fiber 500Mbps,Broadband,120.84,-1,500,100,2023-01-22
PLN5037802B06,CUST100001058,Unlimited Plus,Broadband,70.05,10,-1,100,2026-05-18
PLN0A9609530B,CUST100095148,Prepaid 5GB,Broadband,141.6,10,-1,500,2015-03-19
PLN04AD78C271,CUST100096552,Family Share 10GB,Postpaid Mobile,76.17,20,500,100,2016-04-05
PLN9615D47F93,CUST100034961,Fiber 1Gbps,Prepaid Mobile,72.94,50,1000,-1,2024-06-23
PLN370D3F2027,CUST100078091,IoT Data Plan,Postpaid Mobile,127.31,50,-1,100,2020-02-28
PLN4A3476E98C,CUST100055758,Fiber 1Gbps,IoT,116.23,-1,500,500,2020-11-18
PLN2980A4C696,CUST100037314,Fiber 500Mbps,Broadband,83.59,-1,-1,100,2023-10-20
PLN96E348D2F2,CUST100027186,Prepaid 5GB,Postpaid Mobile,34.93,20,500,500,2021-07-17
PLNDC01280519,CUST100045928,Prepaid 5GB,Postpaid Mobile,73.18,2,500,-1,2022-09-23
PLNE233583BA7,CUST100091204,Unlimited Premium,Postpaid Mobile,79.5,50,-1,100,2017-04-12
PLN865A373EFB,CUST100057791,Prepaid 5GB,Prepaid Mobile,30.74,-1,-1,-1,2020-07-14
PLNAB77646C04,CUST100034330,Fiber 500Mbps,Postpaid Mobile,32.33,5,500,500,2015-02-16
PLNA822DAC845,CUST100029913,Unlimited Premium,Broadband,81.66,5,-1,-1,2025-11-09
PLN9DA61F7BE7,CUST100023667,Unlimited Basic,Prepaid Mobile,42.39,10,500,100,2019-01-13
PLN95F25544AD,CUST100074825,IoT Data Plan,Broadband,81.17,2,500,100,2019-03-02
PLN45BF7DCC0A,CUST100025006,IoT Data Plan,Postpaid Mobile,41.65,50,500,-1,2022-12-22
PLN0FF86A5CE3,CUST100016315,Fiber 500Mbps,Broadband,43.83,10,500,100,2017-09-03
PLN04D8E15F97,CUST100032196,Unlimited Plus,Prepaid Mobile,98.13,50,1000,-1,2016-01-03
PLNEAC16EB4D7,CUST100078806,Family Share 10GB,Broadband,132.8,5,-1,100,2016-11-07
PLN65064EC91C,CUST100034328,Fiber 500Mbps,Postpaid Mobile,47.63,50,500,100,2024-07-10
PLN9F3CD3F295,CUST100076765,IoT Data Plan,Broadband,135.71,50,-1,100,2022-02-22
PLNECEE43CC73,CUST100006483,IoT Data Plan,Postpaid Mobile,33.0,20,1000,100,2017-10-19
PLN61ACB192D1,CUST100025062,Unlimited Plus,Broadband,78.32,5,-1,500,2016-10-12
PLN19FD402EFA,CUST100017998,Family Share 10GB,Postpaid Mobile,134.4,5,500,500,2026-04-12
PLN43CBB43CF6,CUST100039831,Unlimited Plus,Postpaid Mobile,95.05,5,1000,100,2020-03-18
PLN1BFD607332,CUST100078445,IoT Data Plan,Postpaid Mobile,73.65,5,500,-1,2020-02-16
PLN2CEA73EDD9,CUST100072478,IoT Data Plan,IoT,88.71,50,-1,-1,2020-09-02
PLNA1D3F1C919,CUST100025221,Unlimited Plus,Prepaid Mobile,149.61,20,500,100,2016-02-03
PLN45710904B4,CUST100023141,Unlimited Plus,Prepaid Mobile,88.77,-1,1000,-1,2017-05-29
PLN958A6366B6,CUST100049670,IoT Data Plan,Postpaid Mobile,102.05,5,500,100,2020-12-15
PLN21D9DD112E,CUST100051193,Fiber 1Gbps,Broadband,82.38,10,-1,100,2023-03-19
PLNDC35166787,CUST100030451,Unlimited Plus,Postpaid Mobile,99.79,5,-1,500,2016-02-17
PLN00D641813D,CUST100025332,Family Share 10GB,IoT,73.5,10,500,100,2020-03-25
PLN6B7A206114,CUST100001828,Prepaid 5GB,Prepaid Mobile,83.2,10,500,500,2017-06-10
PLN6848F7401B,CUST100024616,Prepaid 5GB,IoT,35.57,50,500,100,2019-04-29
PLN45514B36BB,CUST100074807,Fiber 500Mbps,Postpaid Mobile,100.73,50,500,500,2023-02-19
PLN2A263FF29F,CUST100068148,Unlimited Premium,Broadband,68.48,2,-1,100,2016-06-28
PLN0454FDBFCB,CUST100060879,IoT Data Plan,Prepaid Mobile,30.55,5,1000,100,2016-05-03
PLN6AB1B164E0,CUST100078847,Unlimited Plus,Postpaid Mobile,80.8,10,1000,100,2019-09-14
PLNCD64863CFE,CUST100085259,Prepaid 5GB,Postpaid Mobile,58.62,5,500,-1,2019-10-21
PLNE597A2DA0E,CUST100000048,Prepaid 5GB,Postpaid Mobile,22.61,20,1000,500,2023-06-08
PLN3BBDC546A5,CUST100042153,Family Share 10GB,Broadband,75.63,50,-1,500,2019-02-06
PLN944AF8BB69,CUST100076350,Prepaid 5GB,Prepaid Mobile,100.91,2,1000,100,2023-05-23
PLN2BC98D14CD,CUST100053549,IoT Data Plan,Prepaid Mobile,141.58,-1,500,500,2026-03-16
PLN58206F13C5,CUST100036313,Fiber 500Mbps,Broadband,18.42,2,500,-1,2021-01-14
PLNFED99E3CEF,CUST100034841,Unlimited Basic,Broadband,62.85,50,1000,100,2017-02-12
PLN62B0AAE04D,CUST100026415,Unlimited Basic,Postpaid Mobile,27.69,20,1000,-1,2024-01-16
PLN0050FF3B30,CUST100060412,Fiber 500Mbps,Broadband,63.52,50,1000,-1,2022-02-08
PLN4A6E874480,CUST100044346,IoT Data Plan,Postpaid Mobile,32.21,-1,500,100,2018-09-25
PLNF79F6480EB,CUST100091693,IoT Data Plan,Postpaid Mobile,129.05,10,1000,500,2016-09-22
PLN6C9C41D3D2,CUST100086392,Prepaid 5GB,IoT,39.14,10,-1,500,2017-02-24
PLNB473971244,CUST100092811,Family Share 10GB,Postpaid Mobile,96.97,50,-1,-1,2024-03-24
PLN0362D6DECA,CUST100056647,Family Share 10GB,Broadband,141.66,2,-1,500,2023-12-16
PLN5D788BFC6E,CUST100087615,Family Share 10GB,Postpaid Mobile,136.94,10,-1,500,2019-03-07
PLN2797CDA373,CUST100053591,Prepaid 5GB,Prepaid Mobile,40.18,-1,500,100,2021-09-08
PLNEE9ABC21B6,CUST100007837,Prepaid 5GB,Postpaid Mobile,29.98,2,-1,100,2017-06-06
PLN7FEFE67ABD,CUST100013736,IoT Data Plan,Postpaid Mobile,40.09,-1,500,-1,2024-04-22
PLND9204F05C5,CUST100027245,Fiber 500Mbps,Prepaid Mobile,146.09,2,-1,-1,2019-09-07
PLNA2149735EE,CUST100070831,Unlimited Basic,Prepaid Mobile,149.18,5,1000,-1,2018-06-22
PLNAB9B87F650,CUST100048251,Unlimited Premium,Broadband,142.28,-1,1000,500,2022-07-16
PLN1D16F1B810,CUST100043941,Unlimited Plus,Broadband,65.93,10,500,100,2021-04-29
PLNA486D70207,CUST100066569,Unlimited Plus,Prepaid Mobile,142.7,5,-1,-1,2015-04-13
PLN63FB943AC6,CUST100050793,Unlimited Premium,Postpaid Mobile,43.88,10,1000,500,2018-10-09
PLND8CE5396C4,CUST100077831,Fiber 500Mbps,IoT,32.64,-1,500,-1,2026-06-02
PLN47F286FE48,CUST100021801,Unlimited Premium,Broadband,105.01,10,-1,500,2016-10-22
PLNDEE6E2D70D,CUST100077981,IoT Data Plan,Broadband,21.25,50,-1,100,2021-12-26
PLNC460C9F139,CUST100081428,Unlimited Basic,Postpaid Mobile,33.58,2,1000,500,2015-02-26
PLNF8630E929C,CUST100089657,Unlimited Premium,Prepaid Mobile,111.8,10,500,-1,2025-03-16
PLN05047CBB01,CUST100088562,Fiber 1Gbps,Prepaid Mobile,61.91,2,500,-1,2015-02-14
PLN622CE25E81,CUST100081405,IoT Data Plan,Postpaid Mobile,78.38,20,1000,-1,2021-04-20
PLN02FEF08E41,CUST100092207,IoT Data Plan,Prepaid Mobile,101.49,10,1000,500,2019-12-24
PLN96A401599C,CUST100066118,Unlimited Premium,Prepaid Mobile,148.4,20,-1,-1,2025-06-30
PLN3F77FB6462,CUST100010245,Unlimited Premium,Broadband,109.88,20,1000,-1,2023-11-13
PLNC7A6F5C946,CUST100057199,Family Share 10GB,Prepaid Mobile,95.68,10,500,500,2019-11-13
PLN37B3B7084A,CUST100047186,Unlimited Basic,Broadband,30.78,10,1000,-1,2015-01-23
PLN60BC0BE78B,CUST100085697,Prepaid 5GB,Postpaid Mobile,58.89,10,-1,100,2020-08-14
PLN98CF5FA303,CUST100016867,Fiber 500Mbps,Prepaid Mobile,127.89,20,1000,500,2022-08-24
PLN0B667A5FD0,CUST100022866,Unlimited Plus,Prepaid Mobile,34.73,20,500,500,2022-12-11
PLN6DCC7B73D1,CUST100011126,Fiber 500Mbps,Prepaid Mobile,99.19,5,500,500,2016-02-08
PLN3D5A6F807A,CUST100027693,Unlimited Plus,Prepaid Mobile,63.41,50,1000,100,2019-11-22
PLNAD03A55541,CUST100020322,Fiber 500Mbps,Broadband,56.27,10,500,100,2020-05-17
PLNEF167E9A4B,CUST100015838,Unlimited Premium,Postpaid Mobile,55.98,10,-1,500,2016-02-01
PLN6B92F34898,CUST100043019,Unlimited Plus,Postpaid Mobile,109.04,20,500,-1,2015-01-27
PLN67B5DF1CEE,CUST100074528,Prepaid 5GB,Postpaid Mobile,114.5,50,1000,500,2025-03-08
PLN4C75FC769A,CUST100066262,Unlimited Plus,Prepaid Mobile,65.3,50,1000,-1,2025-04-29
PLN8C89F295FF,CUST100082870,Unlimited Basic,Postpaid Mobile,35.93,5,500,100,2023-02-06
PLN0031D5FDBD,CUST100090144,IoT Data Plan,Prepaid Mobile,36.85,50,1000,-1,2017-01-15
PLN13F63DB2C0,CUST100006553,Fiber 1Gbps,Broadband,32.31,50,-1,100,2022-06-04
PLN0AA9879AEB,CUST100050015,Unlimited Plus,Postpaid Mobile,16.05,-1,1000,-1,2020-09-05
PLN3EFD6D8C19,CUST100030796,Unlimited Basic,Broadband,92.1,5,-1,100,2015-12-18
PLNDB8906DEFB,CUST100040299,Fiber 1Gbps,Postpaid Mobile,50.35,50,1000,-1,2016-08-23
PLND3EB6A4EC1,CUST100081880,Family Share 10GB,Prepaid Mobile,16.44,10,500,-1,2023-11-15
PLN64CC3D26C7,CUST100013897,Prepaid 5GB,Prepaid Mobile,63.79,2,1000,-1,2017-12-03
PLNF8F5401DDC,CUST100067857,Unlimited Premium,Prepaid Mobile,60.32,20,1000,500,2021-04-15
PLND9149C51D1,CUST100093145,Unlimited Basic,Prepaid Mobile,78.7,10,500,-1,2018-04-29
PLN3179969DEA,CUST100077136,Fiber 1Gbps,Postpaid Mobile,79.56,2,500,100,2020-11-12
PLN66CFCA64B5,CUST100015016,IoT Data Plan,Broadband,97.61,2,500,100,2018-11-09
PLND172BBA780,CUST100082407,Unlimited Plus,Broadband,111.11,20,1000,500,2018-09-02
PLN9F8348DFB2,CUST100067708,IoT Data Plan,Prepaid Mobile,53.78,50,-1,100,2015-11-03
PLN661ED1A457,CUST100094788,Unlimited Basic,Prepaid Mobile,134.4,50,500,100,2016-01-20
PLN3F95AC906F,CUST100074475,IoT Data Plan,Broadband,63.03,20,500,500,2026-04-14
PLNDF194CF70F,CUST100006663,Fiber 500Mbps,Prepaid Mobile,134.5,10,1000,500,2015-05-27
PLN62939D7FF2,CUST100015336,Unlimited Plus,Postpaid Mobile,139.69,5,-1,-1,2015-09-14
PLN71B51E1E69,CUST100046648,Fiber 1Gbps,Postpaid Mobile,41.86,20,-1,100,2022-03-25
PLN324E1817AF,CUST100030907,IoT Data Plan,Postpaid Mobile,66.38,-1,500,-1,2018-11-18
PLN7D0D702E5F,CUST100059540,Fiber 1Gbps,Postpaid Mobile,61.47,2,500,-1,2016-09-20
PLN5E617EFC52,CUST100033789,Unlimited Plus,Postpaid Mobile,123.32,2,-1,100,2017-03-17
PLN178801F951,CUST100051727,Unlimited Premium,Broadband,144.48,2,500,100,2017-01-11
PLN534F68C412,CUST100026450,Unlimited Premium,Broadband,110.48,2,-1,500,2024-09-18
PLN32D9B178A8,CUST100012364,Fiber 1Gbps,Postpaid Mobile,47.19,5,500,-1,2021-03-01
PLN40FEA80BE7,CUST100072857,Unlimited Basic,Prepaid Mobile,71.29,2,1000,500,2020-06-09
PLN199D7F619B,CUST100069280,Unlimited Plus,Prepaid Mobile,88.42,5,1000,100,2026-03-12
PLN698CC1CB17,CUST100096260,Fiber 500Mbps,Postpaid Mobile,36.3,20,500,-1,2019-12-25
PLN6BE18C14E6,CUST100076015,IoT Data Plan,IoT,103.9,2,500,500,2016-07-27
PLNF2C137E8BE,CUST100046816,Fiber 500Mbps,Postpaid Mobile,113.71,2,500,100,2015-11-10
PLN91F5A15B6C,CUST100099845,Unlimited Plus,Postpaid Mobile,36.81,10,500,-1,2020-02-08
PLN5D09AB3590,CUST100045160,IoT Data Plan,Postpaid Mobile,23.91,2,1000,500,2017-07-03
PLN5EE0273BFA,CUST100067429,Family Share 10GB,Broadband,123.73,20,1000,100,2016-05-01
PLNB0B258890A,CUST100024843,Prepaid 5GB,Prepaid Mobile,142.72,5,1000,500,2022-10-23
PLN05D2059508,CUST100049635,Unlimited Premium,Prepaid Mobile,124.71,-1,1000,100,2017-03-05
PLN6B61A4A73C,CUST100020863,Prepaid 5GB,Prepaid Mobile,80.67,-1,500,-1,2018-02-04
PLN0ED3072D01,CUST100098573,Unlimited Plus,Postpaid Mobile,40.79,-1,1000,-1,2026-02-10
PLN643C781FE7,CUST100028818,Fiber 500Mbps,Postpaid Mobile,41.1,2,-1,500,2020-11-14
PLN355B6782E2,CUST100085429,Unlimited Premium,Postpaid Mobile,84.48,10,-1,-1,2021-09-06
PLN1A11149FFD,CUST100006883,IoT Data Plan,Postpaid Mobile,32.16,-1,-1,-1,2016-10-22
PLNF796A10871,CUST100076938,Fiber 500Mbps,Prepaid Mobile,137.88,5,-1,-1,2022-06-09
PLN82BEA01B3C,CUST100089389,Unlimited Premium,Prepaid Mobile,71.5,2,-1,100,2019-04-05
PLNFEB3F8952A,CUST100053167,Fiber 500Mbps,Postpaid Mobile,63.65,5,-1,100,2020-09-06
PLNB951F40328,CUST100093429,Unlimited Basic,Broadband,28.83,10,500,-1,2021-04-09
PLNB8F7BDC558,CUST100028968,IoT Data Plan,Postpaid Mobile,18.43,50,500,-1,2016-09-05
PLN358A401FBE,CUST100009978,Prepaid 5GB,Postpaid Mobile,62.08,2,500,100,2024-10-21
PLN639202ACC7,CUST100027507,Unlimited Basic,Postpaid Mobile,129.78,50,-1,100,2020-02-16
PLN83C92DA2E7,CUST100037208,Unlimited Plus,Postpaid Mobile,19.53,5,500,100,2020-03-15
PLN71AEF37AF5,CUST100087028,Prepaid 5GB,Postpaid Mobile,71.63,10,500,-1,2017-03-28
PLN215986E037,CUST100068713,IoT Data Plan,Broadband,76.63,50,-1,-1,2022-04-05
PLN7C789B94EB,CUST100042535,Family Share 10GB,Postpaid Mobile,65.69,20,500,500,2018-02-13
PLN7EEA33F6B8,CUST100000435,IoT Data Plan,Postpaid Mobile,17.47,20,500,100,2025-08-30
PLND5153C4570,CUST100004045,Fiber 1Gbps,Broadband,115.52,-1,500,-1,2017-05-10
PLN3617AB86EA,CUST100089759,Fiber 1Gbps,Prepaid Mobile,91.35,50,-1,-1,2022-11-20
PLN89861979F3,CUST100051039,Prepaid 5GB,Postpaid Mobile,53.44,20,-1,500,2024-06-05
PLN53B2FE0722,CUST100059518,Unlimited Premium,Prepaid Mobile,95.24,50,-1,100,2022-06-12
PLN39FA703FD9,CUST100061367,Fiber 1Gbps,Postpaid Mobile,93.38,20,1000,500,2020-02-11
PLN3A10DA36BC,CUST100099273,Fiber 1Gbps,Postpaid Mobile,75.22,-1,500,-1,2016-11-18
PLN0E1EA7DEB2,CUST100025576,Fiber 1Gbps,Prepaid Mobile,40.33,2,1000,-1,2016-03-25
PLNF33503DFE6,CUST100001094,Family Share 10GB,IoT,74.93,50,1000,500,2017-05-18
PLN900A14551C,CUST100010461,Unlimited Plus,IoT,132.96,50,1000,100,2025-09-19
PLND009A99F20,CUST100072485,Unlimited Basic,Postpaid Mobile,138.58,-1,-1,-1,2022-02-15
PLNF96F99E4DE,CUST100062750,Fiber 1Gbps,Postpaid Mobile,52.28,50,500,100,2024-07-05
PLN7437F6676A,CUST100030628,Prepaid 5GB,Postpaid Mobile,17.05,20,500,100,2018-07-21
PLN256E53E289,CUST100065662,Fiber 1Gbps,Postpaid Mobile,68.35,20,-1,100,2015-12-12
PLNE917EAB42E,CUST100090461,Fiber 500Mbps,Postpaid Mobile,124.45,2,1000,500,2022-05-03
PLN0C53629B34,CUST100087432,Unlimited Plus,Postpaid Mobile,122.26,5,1000,100,2019-07-17
PLN1191397B92,CUST100042435,Fiber 500Mbps,Postpaid Mobile,105.75,2,-1,500,2024-07-22
PLN7A94F6F86D,CUST100009228,Prepaid 5GB,Prepaid Mobile,101.3,10,1000,100,2021-02-27
PLNB148485B2F,CUST100094438,Unlimited Premium,Prepaid Mobile,46.63,2,1000,500,2025-10-02
PLN1E3EC6D54B,CUST100020126,IoT Data Plan,Postpaid Mobile,129.77,5,1000,500,2018-07-04
PLN17CFE4C9A5,CUST100070517,Family Share 10GB,Postpaid Mobile,142.27,10,1000,500,2016-06-12
PLN363ED28047,CUST100033714,Unlimited Premium,Broadband,78.08,20,-1,100,2016-06-20
PLN1C143EEC19,CUST100099202,Unlimited Premium,Broadband,111.59,10,1000,100,2021-06-20
PLNCF259695B8,CUST100023494,Fiber 500Mbps,Prepaid Mobile,99.02,50,500,500,2017-04-03
PLNFF1BF8BD70,CUST100002390,Prepaid 5GB,Postpaid Mobile,21.38,20,1000,500,2018-07-13
PLN78D1B5AACE,CUST100034057,Family Share 10GB,Postpaid Mobile,69.67,-1,-1,100,2020-11-26
PLN4A3D6AB813,CUST100008388,Unlimited Premium,Broadband,107.68,5,1000,100,2022-04-26
PLN7AB81CEB9C,CUST100051505,Fiber 1Gbps,Prepaid Mobile,24.33,-1,500,100,2017-07-04
PLNDA89A49835,CUST100054891,Fiber 1Gbps,Prepaid Mobile,17.73,20,500,500,2021-08-21
PLN0C1B948104,CUST100001154,Family Share 10GB,Postpaid Mobile,83.21,10,500,100,2017-06-08
PLN8BC2F96FD5,CUST100018082,Unlimited Plus,Prepaid Mobile,26.56,20,500,100,2024-02-10
PLN3137ECB846,CUST100083232,Unlimited Plus,Broadband,78.16,2,500,100,2018-11-08
PLN3F32B8F5B7,CUST100036715,Fiber 1Gbps,Prepaid Mobile,68.18,2,1000,100,2016-01-11
PLN7E355EF84C,CUST100087823,Family Share 10GB,Postpaid Mobile,108.23,5,500,500,2020-03-13
PLN836D00288B,CUST100067809,Family Share 10GB,Broadband,130.92,20,-1,100,2020-04-28
PLN04CC813425,CUST100093308,Unlimited Basic,Postpaid Mobile,17.92,5,500,500,2025-03-26
PLND355A1A382,CUST100002657,Unlimited Plus,Postpaid Mobile,71.29,10,1000,100,2021-09-12
PLNBEB80FDBC3,CUST100007501,Unlimited Basic,Postpaid Mobile,122.7,-1,500,100,2023-06-14
PLN97003DA5E3,CUST100096497,Fiber 500Mbps,Prepaid Mobile,133.97,20,-1,500,2026-05-21
PLNC2B5E096D9,CUST100032133,Unlimited Plus,Broadband,147.79,50,-1,100,2022-06-12
PLND06EC06A3C,CUST100057535,Fiber 1Gbps,Postpaid Mobile,42.58,-1,500,100,2024-01-25
PLN6164E00750,CUST100013473,Fiber 500Mbps,Prepaid Mobile,18.02,5,500,500,2018-03-27
PLN23AF4D2B32,CUST100044793,Unlimited Plus,Postpaid Mobile,85.36,5,-1,100,2019-10-25
PLNF120305727,CUST100006097,Family Share 10GB,Postpaid Mobile,146.16,20,1000,100,2020-01-27
PLNFB8546B510,CUST100051813,IoT Data Plan,Prepaid Mobile,138.95,5,500,-1,2021-05-05
PLN0F72BE1F20,CUST100067208,Fiber 1Gbps,Postpaid Mobile,98.65,2,500,500,2015-11-24
PLN9D03E5AD50,CUST100072749,IoT Data Plan,Postpaid Mobile,79.68,10,-1,500,2016-05-01
PLN27712046B5,CUST100023743,Family Share 10GB,Postpaid Mobile,92.98,50,1000,500,2026-02-12
PLN021012E582,CUST100058138,Unlimited Plus,Broadband,58.88,2,500,-1,2026-01-10
PLN4CBDEA3BDF,CUST100022423,Prepaid 5GB,Prepaid Mobile,100.22,-1,500,-1,2015-05-02
PLNB9CFC120F9,CUST100071835,Family Share 10GB,Postpaid Mobile,89.56,5,-1,100,2020-05-27
PLNA27B37CFDC,CUST100005248,Prepaid 5GB,Postpaid Mobile,96.16,20,500,-1,2018-07-15
PLN6F1E9F4D5C,CUST100023682,Prepaid 5GB,Postpaid Mobile,22.03,10,1000,-1,2023-08-23
PLN25F2FA873E,CUST100022434,Prepaid 5GB,Prepaid Mobile,36.16,50,-1,-1,2022-10-07
PLNB8E0EED893,CUST100002687,Fiber 1Gbps,Postpaid Mobile,79.67,2,-1,500,2019-01-11
PLN8B27B81525,CUST100045923,Unlimited Premium,Broadband,40.62,50,500,100,2022-02-18
PLN7666F0F57E,CUST100079477,Family Share 10GB,Postpaid Mobile,81.94,5,1000,100,2025-07-22
PLNEB66A2246F,CUST100064372,Unlimited Plus,Postpaid Mobile,105.91,50,-1,-1,2020-09-26
PLND04438F068,CUST100033371,Unlimited Plus,Postpaid Mobile,17.32,20,-1,100,2019-10-24
PLN08BFB7B310,CUST100044856,Family Share 10GB,Prepaid Mobile,46.1,10,500,500,2025-07-14
PLNB9D02E21AE,CUST100046181,Unlimited Plus,Postpaid Mobile,124.83,-1,1000,500,2015-11-23
PLN5ED4011D53,CUST100067780,Unlimited Plus,Broadband,68.01,20,500,500,2020-08-08
PLN838D9FFE6C,CUST100060643,Prepaid 5GB,Postpaid Mobile,19.38,2,-1,100,2018-03-03
PLNFCEB1B3E57,CUST100041414,Family Share 10GB,IoT,36.51,2,500,-1,2022-07-27
PLN99CBE50DA8,CUST100091102,Prepaid 5GB,Postpaid Mobile,89.51,2,1000,100,2018-11-15
PLND78970C228,CUST100088367,Prepaid 5GB,Postpaid Mobile,38.56,2,1000,500,2024-01-16
PLN6B5CF7C33D,CUST100065197,Unlimited Basic,Broadband,34.61,50,500,500,2024-12-21
PLN660AF4B334,CUST100077175,Unlimited Plus,Postpaid Mobile,94.21,50,-1,100,2025-09-10
PLN5789AAC2A6,CUST100022467,Unlimited Basic,Broadband,85.38,50,500,100,2023-05-12
PLN7580959B03,CUST100094613,Unlimited Basic,Postpaid Mobile,47.57,2,-1,100,2021-11-12
PLNF881390290,CUST100098516,Fiber 500Mbps,Postpaid Mobile,146.88,5,1000,500,2023-07-14
PLNC654ABA809,CUST100075200,Prepaid 5GB,Prepaid Mobile,16.39,5,-1,-1,2024-09-28
PLNE8ACAE5F99,CUST100002500,Unlimited Basic,Postpaid Mobile,25.85,5,500,100,2022-09-06
PLN3BDDCC8204,CUST100066027,Prepaid 5GB,Postpaid Mobile,135.62,-1,500,500,2025-04-20
PLN3AC2BBCA1A,CUST100080924,Unlimited Plus,Postpaid Mobile,40.4,20,-1,-1,2018-02-16
PLN0315ABCB12,CUST100003889,Fiber 500Mbps,Postpaid Mobile,46.44,2,1000,500,2015-11-14
PLNF16651BD71,CUST100094762,Unlimited Plus,Postpaid Mobile,99.5,2,500,-1,2018-04-28
PLN11F12F2B00,CUST100098696,Unlimited Plus,Prepaid Mobile,62.58,20,500,100,2017-02-05
PLN7367529640,CUST100034224,Unlimited Plus,Prepaid Mobile,136.12,2,-1,-1,2018-02-13
PLN1DE6373756,CUST100052480,Unlimited Plus,Broadband,76.06,50,500,100,2024-05-23
PLNB0C4647654,CUST100049168,IoT Data Plan,Postpaid Mobile,16.89,20,-1,100,2023-07-16
PLN97E6659F28,CUST100074335,Unlimited Plus,Postpaid Mobile,110.43,2,500,500,2023-08-06
PLN61E03085B9,CUST100044330,Unlimited Premium,Postpaid Mobile,80.85,10,500,-1,2016-03-22
PLNBC82E55F34,CUST100092442,Fiber 1Gbps,Postpaid Mobile,57.73,-1,-1,500,2022-03-16
PLN3914C2CCE7,CUST100062974,Prepaid 5GB,Postpaid Mobile,139.09,50,-1,-1,2018-12-10
PLN0A77D4AB98,CUST100025298,Unlimited Premium,Postpaid Mobile,100.69,5,500,100,2023-01-02
PLN1D1109808D,CUST100032982,Unlimited Plus,Postpaid Mobile,74.3,50,1000,500,2017-08-22
PLN183AE75B3F,CUST100011882,Unlimited Premium,IoT,99.87,2,500,500,2025-06-02
PLND899385460,CUST100056904,Prepaid 5GB,Broadband,134.67,10,-1,500,2026-06-07
PLNDB6E84F53E,CUST100005081,Fiber 500Mbps,Postpaid Mobile,100.89,5,1000,500,2022-02-17
PLNA8CF5F537C,CUST100045191,Unlimited Basic,Prepaid Mobile,107.36,2,500,500,2018-03-24
PLN5273B8F035,CUST100033548,IoT Data Plan,Postpaid Mobile,122.24,5,500,100,2021-01-30
PLN09F6015B1E,CUST100077284,Family Share 10GB,Prepaid Mobile,21.19,50,-1,500,2018-05-14
PLN1D30AE5650,CUST100061338,Fiber 500Mbps,Postpaid Mobile,145.46,5,500,500,2021-05-06
PLN814189B5E4,CUST100043780,Fiber 500Mbps,Postpaid Mobile,36.56,50,500,500,2020-04-08
PLND027FBB10A,CUST100061317,Family Share 10GB,Prepaid Mobile,135.59,5,1000,500,2021-07-22
PLNBD890E5358,CUST100024830,Fiber 500Mbps,Postpaid Mobile,66.92,10,500,-1,2025-10-01
PLNCBF0FF893D,CUST100029428,Prepaid 5GB,Postpaid Mobile,95.59,10,-1,500,2018-05-30
PLNF6BBEF1766,CUST100083428,IoT Data Plan,IoT,30.31,50,-1,500,2017-09-19
PLN96FDF574FE,CUST100081442,Unlimited Premium,Broadband,75.03,50,1000,100,2024-06-08
PLN6E5FEB27C6,CUST100006116,IoT Data Plan,Postpaid Mobile,53.15,10,-1,100,2024-05-26
PLN05E3B7B32E,CUST100048294,Unlimited Plus,Postpaid Mobile,41.7,2,-1,-1,2019-10-13
PLN4CB62E8940,CUST100063596,IoT Data Plan,Postpaid Mobile,75.57,10,-1,100,2025-06-20
PLN6199D09CF4,CUST100046120,Unlimited Premium,Prepaid Mobile,64.73,10,500,500,2022-05-08
PLN69C5FDE5B5,CUST100068896,Unlimited Premium,Prepaid Mobile,101.78,10,1000,500,2020-07-17
PLNAE5279B247,CUST100079528,Prepaid 5GB,Postpaid Mobile,37.43,2,500,-1,2021-04-16
PLN1D34858C20,CUST100048363,Family Share 10GB,Postpaid Mobile,37.71,10,500,500,2015-03-05
PLN148753636E,CUST100050038,Unlimited Premium,Postpaid Mobile,39.63,50,500,500,2025-04-27
PLN894AD73440,CUST100074391,Unlimited Basic,Postpaid Mobile,51.06,20,1000,100,2015-07-20
PLNB752F730E1,CUST100050374,Prepaid 5GB,Postpaid Mobile,132.17,20,1000,100,2016-06-15
PLN1FEE35ADDA,CUST100044488,Prepaid 5GB,Postpaid Mobile,63.46,10,1000,100,2020-08-27
PLN668F69717B,CUST100094577,IoT Data Plan,Prepaid Mobile,68.3,10,1000,500,2018-08-19
PLNB95405ECF7,CUST100000637,Unlimited Plus,Postpaid Mobile,29.76,10,-1,-1,2022-07-03
PLNB720250A4A,CUST100024336,Unlimited Basic,Postpaid Mobile,134.56,10,-1,500,2018-05-31
PLND148EBD08B,CUST100086108,IoT Data Plan,Postpaid Mobile,41.57,50,-1,500,2016-05-27
PLNE2C448F0AC,CUST100089299,IoT Data Plan,Prepaid Mobile,17.25,50,-1,-1,2023-04-29
PLN4FDE2433BA,CUST100016590,Unlimited Plus,Postpaid Mobile,48.26,2,1000,100,2016-10-30
PLNFF52F5E5FF,CUST100025820,Family Share 10GB,Postpaid Mobile,26.43,2,1000,100,2021-05-31
PLN60D51CD01F,CUST100023059,Prepaid 5GB,Prepaid Mobile,27.76,50,500,500,2022-08-31
PLN904C2137D2,CUST100076346,IoT Data Plan,Broadband,49.67,50,-1,500,2023-02-09
PLNA6D18E9A03,CUST100061446,Prepaid 5GB,Prepaid Mobile,59.42,-1,-1,-1,2019-05-21
PLNAFEE13A704,CUST100004432,Unlimited Premium,Prepaid Mobile,76.52,10,-1,100,2015-12-16
PLN030EFBB67D,CUST100084080,Fiber 1Gbps,Prepaid Mobile,96.3,50,-1,500,2017-03-01
PLN1A74AC7787,CUST100095090,Unlimited Premium,IoT,96.13,2,1000,100,2024-07-29
PLN224738E156,CUST100067971,Unlimited Basic,Prepaid Mobile,93.2,2,1000,500,2020-06-13
PLN9D59C2D267,CUST100012538,Fiber 500Mbps,Postpaid Mobile,112.47,2,500,500,2019-11-19
PLN8FBFB3E0E8,CUST100030415,IoT Data Plan,Postpaid Mobile,107.99,2,-1,-1,2026-05-19
PLN334ECE27FB,CUST100064377,Prepaid 5GB,Postpaid Mobile,61.86,2,1000,100,2025-01-16
PLN0D0537CDD3,CUST100043352,Unlimited Premium,Postpaid Mobile,44.56,-1,1000,500,2020-04-28
PLNB1884FB81D,CUST100003801,Unlimited Plus,Postpaid Mobile,133.47,50,-1,-1,2025-10-03
PLN772313D9B0,CUST100059942,Unlimited Basic,Prepaid Mobile,48.09,50,1000,500,2024-06-27
PLND2148EE438,CUST100000439,Unlimited Premium,Postpaid Mobile,58.28,20,500,-1,2022-04-29
PLNAC49C0E253,CUST100001910,Unlimited Basic,Broadband,134.43,50,1000,500,2015-01-08
PLNC28DA4E743,CUST100077560,Family Share 10GB,Postpaid Mobile,68.01,20,-1,-1,2023-04-16
PLNC235376D19,CUST100053707,Fiber 500Mbps,Broadband,82.19,20,-1,500,2020-10-25
PLNBB3D814589,CUST100070226,Unlimited Premium,Prepaid Mobile,47.33,5,500,-1,2025-08-31
PLNBB9589F25A,CUST100099356,Unlimited Basic,Prepaid Mobile,97.26,-1,500,-1,2021-08-28
PLNA6BBC058C5,CUST100089359,Fiber 500Mbps,Prepaid Mobile,61.17,-1,1000,100,2023-03-03
PLNBEFE81D268,CUST100026988,IoT Data Plan,Postpaid Mobile,50.22,2,-1,-1,2024-08-05
PLN5684E8C504,CUST100027460,Fiber 500Mbps,Prepaid Mobile,111.38,20,-1,100,2017-04-19
PLND08288C649,CUST100068926,Unlimited Premium,Prepaid Mobile,45.11,-1,500,500,2021-01-28
PLNA745D0FE00,CUST100072501,Unlimited Premium,Broadband,58.8,-1,1000,-1,2022-12-22
PLN11BF9122DD,CUST100027735,Prepaid 5GB,Prepaid Mobile,133.9,5,500,100,2025-01-24
PLN3D92497539,CUST100057098,Prepaid 5GB,Prepaid Mobile,16.97,20,500,100,2026-05-27
PLN269612521E,CUST100084899,Fiber 500Mbps,Prepaid Mobile,114.6,20,-1,100,2018-09-02
PLN5FDE294F60,CUST100037097,Fiber 500Mbps,Broadband,142.59,10,1000,-1,2017-01-31
PLNA61C71966F,CUST100034012,Fiber 1Gbps,Broadband,37.19,50,500,100,2025-09-27
PLN9543376B05,CUST100044436,Unlimited Basic,Broadband,114.1,-1,1000,500,2025-06-25
PLN5B61D76258,CUST100004446,Unlimited Plus,Postpaid Mobile,146.17,50,500,500,2025-08-20
PLNE7F513A7F6,CUST100024433,Fiber 500Mbps,Prepaid Mobile,118.1,2,1000,500,2026-01-14
PLN41C6C4E48E,CUST100022689,Fiber 500Mbps,Prepaid Mobile,54.18,2,-1,100,2024-10-27
PLN701BD4E3AE,CUST100015535,Fiber 500Mbps,Prepaid Mobile,58.76,-1,-1,500,2015-09-23
PLN6990FAA0B7,CUST100076990,Fiber 1Gbps,Postpaid Mobile,15.26,50,500,-1,2023-04-20
PLN65BB669BB9,CUST100089523,Fiber 500Mbps,Postpaid Mobile,64.78,-1,500,-1,2022-05-14
PLN6B029897B6,CUST100007581,Fiber 500Mbps,Postpaid Mobile,118.27,20,500,-1,2018-11-06
PLND148E876C3,CUST100002537,Family Share 10GB,Postpaid Mobile,60.14,5,1000,500,2018-08-20
PLN12C67FBEDD,CUST100087921,Family Share 10GB,Postpaid Mobile,137.19,5,1000,500,2022-06-06
PLN3EDEB4E6EF,CUST100038695,Fiber 500Mbps,Prepaid Mobile,149.61,-1,-1,-1,2021-01-21
PLN420F85CD64,CUST100004225,Unlimited Plus,IoT,104.16,20,500,100,2017-11-24
PLN0E11E13196,CUST100019344,Fiber 500Mbps,Postpaid Mobile,74.51,2,500,-1,2021-12-21
PLN34A79AC6A3,CUST100053996,Fiber 1Gbps,Postpaid Mobile,90.17,50,1000,-1,2024-04-30
PLND636A2F035,CUST100073389,Unlimited Plus,Broadband,71.0,-1,500,-1,2020-05-03
PLN2E216B4608,CUST100046795,Family Share 10GB,Postpaid Mobile,15.19,50,1000,-1,2018-01-13
PLNBB67CA746C,CUST100084952,Fiber 500Mbps,Broadband,98.38,20,500,100,2019-06-27
PLND2004E49E3,CUST100043307,Unlimited Plus,Postpaid Mobile,87.25,2,500,-1,2015-07-07
PLN1365982FDD,CUST100095516,Family Share 10GB,Postpaid Mobile,140.2,20,-1,-1,2016-04-18
PLN24D782B4DF,CUST100093155,Family Share 10GB,IoT,56.76,2,1000,500,2015-03-05
PLN76D6C4D173,CUST100020707,Prepaid 5GB,Postpaid Mobile,144.23,50,-1,-1,2022-11-19
PLNB6B880D334,CUST100015352,Unlimited Basic,Postpaid Mobile,34.07,2,-1,-1,2018-06-01
PLN360D749342,CUST100013219,Fiber 500Mbps,Postpaid Mobile,34.37,5,1000,500,2015-09-27
PLNFB367E988E,CUST100061294,Unlimited Basic,Postpaid Mobile,121.5,-1,1000,500,2021-07-24
PLN61F3DD527A,CUST100080807,Unlimited Plus,Broadband,102.1,2,1000,500,2015-07-04
PLN6D353427B9,CUST100074319,Fiber 500Mbps,Prepaid Mobile,90.3,10,1000,-1,2022-08-02
PLNF68C1451C9,CUST100083051,Family Share 10GB,Postpaid Mobile,61.57,-1,1000,100,2020-01-22
PLN9D332C7CD3,CUST100071555,Unlimited Plus,Broadband,67.89,5,1000,500,2018-07-20
PLN4C963A09D7,CUST100083547,Prepaid 5GB,Prepaid Mobile,19.68,20,-1,500,2021-02-13
PLNC915DA5799,CUST100044479,Unlimited Premium,Prepaid Mobile,130.56,5,-1,500,2021-10-20
PLNB938B586AD,CUST100055765,Family Share 10GB,Postpaid Mobile,82.26,-1,1000,-1,2018-02-14
PLNC02D3F1F5E,CUST100056102,IoT Data Plan,Postpaid Mobile,114.88,20,500,500,2024-02-19
PLN1C9FE1270F,CUST100084997,Unlimited Premium,Postpaid Mobile,141.66,20,-1,100,2021-05-24
PLNA884A13A4F,CUST100088015,Unlimited Basic,Prepaid Mobile,87.69,10,500,500,2017-03-08
PLN2756542EFA,CUST100016540,IoT Data Plan,Postpaid Mobile,136.88,50,500,-1,2022-05-28
PLNF5814C909A,CUST100067771,Unlimited Plus,Postpaid Mobile,73.74,2,1000,-1,2015-05-06
PLN52381D69BE,CUST100033722,Unlimited Basic,Postpaid Mobile,67.02,2,500,100,2026-05-19
PLNDBBD6B5D68,CUST100071395,IoT Data Plan,Postpaid Mobile,103.89,5,500,-1,2022-05-08
PLNF997651556,CUST100088900,Unlimited Premium,Prepaid Mobile,120.47,50,-1,100,2020-02-22
PLN17C0B4DD14,CUST100032419,Fiber 500Mbps,Broadband,95.27,-1,-1,100,2017-03-25
PLN7AB7C58157,CUST100042858,Unlimited Basic,Postpaid Mobile,45.85,5,500,100,2025-12-18
PLNBD17BA476D,CUST100097684,IoT Data Plan,Postpaid Mobile,132.18,2,1000,100,2020-09-13
PLN2FAD71A08E,CUST100065206,Unlimited Premium,Prepaid Mobile,21.91,20,-1,500,2016-06-13
PLN620DF2888E,CUST100012075,Unlimited Premium,IoT,107.61,5,1000,-1,2018-07-27
PLNE76CAB7E30,CUST100041736,Unlimited Premium,Postpaid Mobile,17.87,20,500,500,2018-05-13
PLN1352E3B477,CUST100000222,Fiber 1Gbps,Postpaid Mobile,119.18,10,-1,500,2021-11-11
PLN2D55EB39BF,CUST100030151,Prepaid 5GB,Broadband,94.76,2,500,-1,2015-07-31
PLNDEA118178C,CUST100048721,Unlimited Premium,Broadband,116.41,-1,-1,100,2020-03-19
PLN9D674F9744,CUST100043954,Family Share 10GB,Postpaid Mobile,52.18,20,500,100,2015-11-05
PLNA20D267584,CUST100055228,Fiber 1Gbps,Postpaid Mobile,102.93,50,1000,-1,2015-02-27
PLN076414FB5F,CUST100054818,Family Share 10GB,IoT,29.6,10,-1,-1,2024-06-15
PLNA823A1307E,CUST100015049,Unlimited Basic,Prepaid Mobile,134.73,20,500,100,2019-07-19
PLNADE140009E,CUST100052361,IoT Data Plan,Postpaid Mobile,97.22,20,1000,100,2024-12-04
PLNFB96BA6505,CUST100021561,Prepaid 5GB,Prepaid Mobile,36.55,10,-1,500,2024-12-10
PLN3B976CB943,CUST100020374,Unlimited Premium,Prepaid Mobile,22.15,50,500,500,2015-04-17
PLN2C3CD2A16D,CUST100087716,Fiber 1Gbps,Postpaid Mobile,44.54,2,500,500,2025-06-16
PLNFBD70F7FC1,CUST100019665,Fiber 500Mbps,Broadband,28.28,50,1000,-1,2021-03-15
PLN59CF6ECCE5,CUST100039793,Fiber 1Gbps,Postpaid Mobile,42.8,50,1000,500,2024-08-06
PLNA565728DD0,CUST100007093,Fiber 500Mbps,Broadband,59.45,-1,1000,-1,2024-09-29
PLN443919584E,CUST100013055,IoT Data Plan,Prepaid Mobile,104.08,20,1000,500,2023-07-11
PLN9C838A1657,CUST100059636,Fiber 500Mbps,Prepaid Mobile,34.41,50,500,-1,2024-12-11
PLN1F2E4219F7,CUST100055267,IoT Data Plan,Postpaid Mobile,149.56,50,500,-1,2015-07-02
PLN22806EF878,CUST100021650,IoT Data Plan,Postpaid Mobile,38.04,20,1000,-1,2022-07-10
PLN55F6A5F929,CUST100054416,IoT Data Plan,IoT,61.77,2,-1,100,2017-08-01
PLNA784F22CDF,CUST100010930,Family Share 10GB,Prepaid Mobile,66.82,2,-1,100,2021-12-10
PLN7834F25968,CUST100014556,Fiber 1Gbps,Postpaid Mobile,113.59,2,-1,100,2024-03-25
PLN9428B7297A,CUST100068055,IoT Data Plan,Broadband,149.93,-1,-1,100,2017-03-19
PLN818B9F440B,CUST100076823,IoT Data Plan,Postpaid Mobile,62.44,-1,-1,100,2021-08-30
PLN2181DA5CA6,CUST100023805,Fiber 500Mbps,Prepaid Mobile,29.19,50,-1,100,2025-04-12
PLNE5ACD33824,CUST100059703,Unlimited Plus,Postpaid Mobile,147.05,5,500,-1,2016-10-23
PLN90747ADA5E,CUST100067995,IoT Data Plan,Postpaid Mobile,21.02,-1,500,100,2023-07-04
PLN4BE349E8CB,CUST100021648,Unlimited Basic,Broadband,29.12,50,500,100,2015-09-08
PLNFC75ABE82C,CUST100035418,Fiber 500Mbps,Postpaid Mobile,114.89,2,-1,500,2017-10-21
PLND0254797DA,CUST100017485,Unlimited Basic,Prepaid Mobile,97.32,10,500,100,2017-02-09
PLN5A81D039F3,CUST100053342,Unlimited Plus,Prepaid Mobile,34.35,2,-1,-1,2020-06-21
PLN67ED533624,CUST100006728,Fiber 500Mbps,Postpaid Mobile,35.75,10,500,-1,2024-07-14
PLN61DBC99EA0,CUST100067023,Unlimited Basic,Prepaid Mobile,36.85,2,-1,500,2016-10-26
PLN80C4205C8C,CUST100071737,Unlimited Basic,Postpaid Mobile,138.59,50,500,100,2022-08-24
PLNB0304CE50B,CUST100070846,Family Share 10GB,Postpaid Mobile,130.4,20,500,-1,2018-10-09
PLN9C6E996F73,CUST100086241,IoT Data Plan,Postpaid Mobile,28.12,50,-1,100,2019-04-23
PLNE68DAC2347,CUST100064293,Fiber 500Mbps,Postpaid Mobile,67.97,10,500,100,2016-12-10
PLN1CEB7B1BAF,CUST100038572,Unlimited Basic,Prepaid Mobile,74.83,5,500,-1,2020-08-16
PLNC82EBECE9D,CUST100077646,Unlimited Plus,Broadband,76.68,-1,-1,-1,2026-06-10
PLNA93B451334,CUST100052453,Unlimited Premium,Prepaid Mobile,82.72,20,-1,500,2016-02-17
PLNAE4DF5B18E,CUST100058318,Unlimited Basic,Postpaid Mobile,128.77,20,1000,100,2019-06-21
PLN9B565304A5,CUST100070650,Family Share 10GB,Postpaid Mobile,128.72,5,1000,-1,2020-07-27
PLN86ABF70D1E,CUST100030836,Unlimited Basic,Prepaid Mobile,24.53,-1,-1,-1,2021-08-29
PLN827AA8C1D7,CUST100071573,Unlimited Premium,Broadband,144.82,20,-1,500,2016-01-30
PLN07AFF2D276,CUST100025717,Family Share 10GB,Postpaid Mobile,148.36,10,1000,100,2022-08-09
PLN039655AAAD,CUST100069219,Fiber 1Gbps,Postpaid Mobile,126.78,5,-1,-1,2017-11-19
PLN244476FA91,CUST100013745,Prepaid 5GB,Broadband,21.59,-1,1000,500,2023-07-21
PLNE9F43A498B,CUST100006938,Unlimited Basic,Broadband,57.93,10,1000,-1,2024-04-16
PLN9FE368B249,CUST100055632,Unlimited Plus,Postpaid Mobile,79.68,50,1000,-1,2019-06-17
PLN31A6B9C64D,CUST100094813,Fiber 1Gbps,Postpaid Mobile,148.51,20,500,100,2021-08-03
PLN3100FFFC01,CUST100027796,Prepaid 5GB,Postpaid Mobile,103.6,50,500,100,2022-06-27
PLN84814947A5,CUST100012141,Fiber 1Gbps,Prepaid Mobile,133.38,2,-1,100,2017-05-29
PLN2C968BCA7E,CUST100003911,Unlimited Premium,Broadband,99.63,-1,-1,100,2016-08-17
PLNC362EEDA14,CUST100077448,Family Share 10GB,Postpaid Mobile,79.11,20,500,-1,2023-05-29
PLN6AD7143E5C,CUST100064570,Family Share 10GB,Prepaid Mobile,124.88,20,500,100,2016-12-09
PLN80BC27E3CF,CUST100070115,Prepaid 5GB,Broadband,46.9,10,500,500,2021-05-12
PLN919837B31C,CUST100062601,Unlimited Premium,Postpaid Mobile,59.63,2,-1,100,2021-02-21
PLN82167EC2DD,CUST100047425,IoT Data Plan,Postpaid Mobile,147.95,-1,500,100,2024-02-01
PLN3B4D3B89C8,CUST100077091,Fiber 1Gbps,Prepaid Mobile,94.23,-1,-1,500,2015-01-11
PLN77E3AC7924,CUST100015708,Unlimited Plus,Postpaid Mobile,129.54,20,-1,500,2015-01-17
PLN45B3F93595,CUST100016133,Fiber 1Gbps,Broadband,24.1,2,500,500,2018-04-03
PLNF7BA70DF73,CUST100092393,Fiber 500Mbps,Postpaid Mobile,139.34,-1,500,500,2025-12-10
PLND1C20C94FC,CUST100081024,Fiber 500Mbps,Postpaid Mobile,32.3,5,-1,500,2023-05-15
PLNBDA9C32A8A,CUST100016462,Fiber 1Gbps,Postpaid Mobile,138.6,50,500,500,2021-12-20
PLNC10EE6772A,CUST100049172,Fiber 500Mbps,Postpaid Mobile,126.47,2,-1,-1,2026-01-17
PLN65F594B512,CUST100099973,Unlimited Plus,IoT,83.1,50,-1,500,2024-05-07
PLNE1E3B494E6,CUST100073527,Unlimited Plus,Broadband,23.21,20,-1,500,2017-02-28
PLN58E822CDA2,CUST100002555,Fiber 1Gbps,Broadband,19.31,10,-1,500,2018-01-11
PLN0DDBF3C9CB,CUST100042602,Prepaid 5GB,Prepaid Mobile,61.72,20,1000,500,2022-02-19
PLN7F1903BBCB,CUST100073822,Unlimited Basic,Postpaid Mobile,119.24,2,500,100,2020-10-17
PLN2A09E7986E,CUST100019715,Unlimited Basic,Postpaid Mobile,59.19,50,-1,500,2019-03-16
PLN03D2B1F83B,CUST100097240,IoT Data Plan,Postpaid Mobile,107.81,20,500,100,2016-03-03
PLN7514751F80,CUST100047362,Fiber 500Mbps,Postpaid Mobile,28.56,20,500,500,2023-04-25
PLND6948A88D5,CUST100034668,Unlimited Plus,Postpaid Mobile,74.63,5,500,500,2022-07-02
PLNAC1A5A6931,CUST100072602,Fiber 1Gbps,Postpaid Mobile,97.1,2,-1,-1,2017-02-23
PLNED93AF03BF,CUST100005531,Fiber 1Gbps,Postpaid Mobile,28.9,-1,-1,500,2017-02-16
PLN5B3C3A394C,CUST100000527,Unlimited Basic,Postpaid Mobile,16.31,20,500,-1,2022-03-14
PLNF9F332049D,CUST100006286,Fiber 500Mbps,Broadband,24.34,-1,1000,500,2018-04-02
PLNA265E683DC,CUST100007717,IoT Data Plan,Postpaid Mobile,126.01,2,500,100,2022-07-02
PLN2DE5805676,CUST100028763,Family Share 10GB,Prepaid Mobile,82.06,-1,-1,500,2020-08-04
PLNE35C2C569D,CUST100024678,Unlimited Basic,Broadband,127.38,2,500,500,2020-02-02
PLN848BCD88C3,CUST100076678,Prepaid 5GB,Postpaid Mobile,121.92,-1,-1,100,2016-06-16
PLN90E453C04A,CUST100049165,Unlimited Plus,Broadband,19.47,20,500,-1,2024-10-01
PLNC8AD2AFAD2,CUST100000926,Fiber 1Gbps,Postpaid Mobile,118.21,50,1000,-1,2019-10-30
PLNB61DB9C02D,CUST100094434,Unlimited Basic,Postpaid Mobile,100.37,2,500,-1,2019-01-28
PLN56F39C57ED,CUST100095114,Prepaid 5GB,Postpaid Mobile,134.72,2,-1,500,2017-09-17
PLN5DF842C6BA,CUST100071916,IoT Data Plan,Postpaid Mobile,52.75,-1,-1,-1,2025-02-02
PLN4D822D1025,CUST100097463,Unlimited Premium,Postpaid Mobile,81.38,10,1000,100,2024-12-16
PLN24AC091A0A,CUST100044020,Fiber 500Mbps,Postpaid Mobile,70.87,10,500,500,2015-11-05
PLN7C30E3EF46,CUST100092324,IoT Data Plan,Broadband,30.11,50,1000,-1,2015-03-04
PLN10811A6114,CUST100087829,Prepaid 5GB,Postpaid Mobile,81.66,5,500,500,2015-08-06
PLNE2416307F4,CUST100096745,Unlimited Premium,Prepaid Mobile,141.27,5,500,500,2019-10-17
PLN96B584CDEB,CUST100092803,Prepaid 5GB,IoT,107.76,2,-1,-1,2019-09-06
PLNB37D8C9C47,CUST100049140,Unlimited Plus,Prepaid Mobile,122.66,-1,-1,100,2020-07-01
PLNDED3E5895B,CUST100076363,Fiber 1Gbps,IoT,44.56,2,-1,100,2022-08-10
PLNA2A0805DC6,CUST100009549,Unlimited Basic,Postpaid Mobile,69.83,-1,500,100,2021-10-31
PLN45716879A7,CUST100060466,Unlimited Premium,Prepaid Mobile,124.94,5,500,500,2015-01-30
PLN8A4D0AFCA6,CUST100095821,Fiber 1Gbps,Postpaid Mobile,23.39,-1,-1,500,2016-04-28
PLNE490272443,CUST100012232,Prepaid 5GB,Postpaid Mobile,32.61,-1,1000,500,2023-06-22
PLN2EA5FE8723,CUST100026852,Unlimited Premium,Postpaid Mobile,25.82,5,500,100,2021-12-18
PLNA8CC71B7D9,CUST100019394,Unlimited Premium,Broadband,46.01,20,500,100,2019-02-23
PLN85A50A67E1,CUST100099963,Unlimited Premium,Prepaid Mobile,73.73,5,-1,100,2023-01-27
PLNE602C88286,CUST100070383,Family Share 10GB,Postpaid Mobile,149.17,50,500,100,2018-12-06
PLNBDD4D33060,CUST100002658,IoT Data Plan,Prepaid Mobile,144.64,50,500,100,2016-03-21
PLNCD1ADD1ABF,CUST100013446,Unlimited Premium,Prepaid Mobile,118.12,-1,1000,-1,2015-12-11
PLNA67B207E77,CUST100029101,IoT Data Plan,Prepaid Mobile,47.28,-1,1000,500,2017-06-20
PLN0EFA43706B,CUST100029680,Family Share 10GB,Postpaid Mobile,123.35,5,-1,-1,2023-04-15
PLN0B6B411CC2,CUST100008738,Unlimited Plus,Broadband,109.15,20,-1,-1,2022-10-13
PLN4CE27C7964,CUST100071498,Unlimited Premium,Broadband,137.83,5,500,-1,2019-06-10
PLNFCF119B98C,CUST100089442,Unlimited Basic,Postpaid Mobile,60.16,5,500,500,2016-10-20
PLNA127856D43,CUST100071074,Prepaid 5GB,Postpaid Mobile,72.56,10,1000,-1,2023-07-04
PLN88EE7E5E0B,CUST100006709,Unlimited Plus,Postpaid Mobile,121.58,10,1000,-1,2018-08-21
PLN22C04115C9,CUST100062381,Fiber 500Mbps,Postpaid Mobile,76.78,-1,-1,100,2020-06-12
PLN8F41096F83,CUST100072337,Fiber 500Mbps,Postpaid Mobile,57.28,5,-1,500,2017-10-07
PLN14A2AA4B97,CUST100099127,Fiber 500Mbps,Postpaid Mobile,23.41,10,-1,500,2017-08-09
PLN73EA5AE388,CUST100042461,Fiber 1Gbps,Postpaid Mobile,77.32,50,1000,500,2026-04-10
PLN85B18B14F2,CUST100008844,Fiber 1Gbps,Postpaid Mobile,50.23,50,1000,100,2017-01-20
PLND0D8E49458,CUST100079743,Unlimited Basic,Prepaid Mobile,38.44,20,500,-1,2023-03-24
PLN1441ED8F50,CUST100044078,Prepaid 5GB,Postpaid Mobile,75.07,-1,1000,500,2018-12-05
PLN06619BD028,CUST100038331,Family Share 10GB,Postpaid Mobile,132.99,5,1000,500,2018-08-18
PLNAEB237D8A8,CUST100046883,Unlimited Plus,Prepaid Mobile,47.69,-1,1000,100,2024-05-26
PLN318082BAA0,CUST100042303,IoT Data Plan,Postpaid Mobile,57.85,5,1000,100,2019-05-27
PLN0E314FD5AE,CUST100044491,Fiber 500Mbps,Postpaid Mobile,31.17,20,1000,100,2015-12-18
PLN6C1728EFCA,CUST100005568,Unlimited Basic,IoT,140.26,20,500,-1,2017-01-04
PLNC90070AAB7,CUST100014337,Fiber 500Mbps,Broadband,17.31,2,500,500,2016-02-08
PLN4072624040,CUST100021905,IoT Data Plan,Prepaid Mobile,64.99,20,-1,-1,2020-06-26
PLN10854E5273,CUST100068521,Unlimited Plus,Prepaid Mobile,32.22,50,1000,100,2023-08-30
PLNC8FC454245,CUST100021123,Unlimited Plus,Postpaid Mobile,132.49,20,500,-1,2018-02-07
PLN5025CE710B,CUST100006087,Unlimited Premium,Postpaid Mobile,99.26,2,1000,100,2019-01-17
PLN95D65D9422,CUST100093199,Prepaid 5GB,Postpaid Mobile,59.47,-1,500,100,2021-09-03
PLNE8B99BFF7B,CUST100010418,Prepaid 5GB,Broadband,130.29,20,1000,-1,2019-12-14
PLN40026746E5,CUST100081787,Unlimited Plus,Postpaid Mobile,95.15,5,-1,500,2015-09-13
PLN4B4434B6D7,CUST100083146,IoT Data Plan,Postpaid Mobile,144.0,20,500,500,2023-06-14
PLN471C0AC472,CUST100005962,Unlimited Premium,Broadband,68.8,5,500,-1,2019-10-04
PLNC56F870FBE,CUST100043610,Fiber 500Mbps,Prepaid Mobile,50.52,10,1000,500,2015-02-13
PLN722BB0AA4D,CUST100038594,Fiber 1Gbps,Prepaid Mobile,59.75,-1,500,-1,2018-04-25
PLN610CDDB558,CUST100040073,Fiber 1Gbps,IoT,142.46,2,500,500,2023-03-02
PLN692974F1E2,CUST100040003,Unlimited Plus,Postpaid Mobile,58.54,20,1000,100,2023-09-23
PLN8FC699B687,CUST100089387,Fiber 1Gbps,Prepaid Mobile,102.93,20,500,-1,2023-09-20
PLN5B6C88C0DC,CUST100077839,Unlimited Plus,Broadband,46.83,-1,-1,100,2016-05-01
PLN8B9A161C36,CUST100076806,Family Share 10GB,Postpaid Mobile,145.54,-1,500,-1,2020-08-10
PLN929A1F1399,CUST100023486,IoT Data Plan,Postpaid Mobile,110.29,2,1000,500,2025-04-06
PLN80DEF1A7B5,CUST100087960,Prepaid 5GB,Postpaid Mobile,29.99,-1,500,-1,2026-01-03
PLN2F6BCB43B4,CUST100039651,Prepaid 5GB,Broadband,90.08,5,-1,500,2017-03-13
PLNE904ABD3C7,CUST100039962,IoT Data Plan,Prepaid Mobile,120.52,5,1000,100,2023-03-09
PLN5071BD88F8,CUST100049716,Prepaid 5GB,Broadband,123.67,5,500,-1,2017-08-13
PLN8669B77663,CUST100051463,Fiber 500Mbps,Postpaid Mobile,103.14,5,1000,100,2016-09-23
PLNB00CFB1F86,CUST100068441,Prepaid 5GB,Postpaid Mobile,56.59,-1,500,500,2024-08-01
PLN6002B5805E,CUST100021156,Unlimited Basic,Postpaid Mobile,149.39,2,500,500,2024-05-08
PLNA07B9B1370,CUST100011052,Unlimited Basic,Postpaid Mobile,70.2,2,-1,-1,2021-05-23
PLN4AF7E8C438,CUST100098790,Family Share 10GB,Postpaid Mobile,56.07,10,500,-1,2020-09-21
PLNA00474DDB9,CUST100020328,Unlimited Premium,Postpaid Mobile,31.12,5,1000,100,2020-10-11
PLN767A8D73F8,CUST100009506,Unlimited Basic,Postpaid Mobile,46.12,5,-1,100,2018-07-08
PLN821BCFB201,CUST100066446,Unlimited Basic,Postpaid Mobile,98.32,10,-1,-1,2023-12-23
PLNA7CBB8C1D8,CUST100099982,Unlimited Premium,Postpaid Mobile,56.85,5,-1,-1,2018-12-31
PLNF8228211DE,CUST100099303,Prepaid 5GB,Postpaid Mobile,105.62,5,1000,100,2024-01-31
PLN3E40662931,CUST100085076,Unlimited Plus,Prepaid Mobile,141.11,5,500,-1,2015-10-10
PLN4F52932C41,CUST100071435,Unlimited Plus,Broadband,128.74,10,500,500,2019-09-06
PLN674CDF73E3,CUST100070052,Prepaid 5GB,IoT,66.79,2,500,-1,2020-11-06
PLN6EDFF5F077,CUST100063144,Family Share 10GB,Postpaid Mobile,60.69,-1,-1,-1,2020-01-01
PLN8FC5CB5056,CUST100071477,IoT Data Plan,Prepaid Mobile,138.05,2,1000,500,2026-05-30
PLN621C63444A,CUST100056899,Fiber 1Gbps,Postpaid Mobile,62.73,5,500,500,2020-11-21
PLN8E5058E655,CUST100056328,Unlimited Basic,Postpaid Mobile,26.5,20,-1,100,2019-10-25
PLNF71B1BA0FC,CUST100049237,Unlimited Basic,Broadband,25.82,2,-1,100,2019-06-19
PLNE88D0601F3,CUST100016755,Prepaid 5GB,IoT,44.74,5,-1,100,2021-06-06
PLN3A053496D1,CUST100091521,Fiber 500Mbps,Postpaid Mobile,17.32,50,1000,100,2021-04-18
PLN9D7A1A3F1F,CUST100060156,Unlimited Premium,Prepaid Mobile,129.09,50,500,500,2023-03-24
PLN40DFF74EBF,CUST100021914,Unlimited Basic,Broadband,107.36,20,500,-1,2020-01-21
PLN4C5F79A163,CUST100022541,Unlimited Basic,Prepaid Mobile,40.92,-1,-1,-1,2022-06-08
PLNA6BD376068,CUST100048691,Unlimited Plus,Postpaid Mobile,56.88,2,-1,500,2025-07-18
PLN83DAD7C85A,CUST100067893,IoT Data Plan,Postpaid Mobile,141.06,50,1000,500,2019-04-05
PLN7F4A11D268,CUST100039915,Family Share 10GB,Prepaid Mobile,116.06,20,-1,-1,2022-10-09
PLNFBA966C83B,CUST100083811,Family Share 10GB,Broadband,137.84,20,-1,-1,2016-05-10
PLNDC8AF92585,CUST100098090,Prepaid 5GB,Postpaid Mobile,128.97,5,1000,100,2019-04-05
PLN96CE2DEE37,CUST100046403,Fiber 500Mbps,Broadband,70.19,-1,500,500,2023-04-21
PLN02F998BCC5,CUST100070578,Unlimited Basic,Postpaid Mobile,114.56,20,-1,100,2020-04-12
PLN2BBA4573F9,CUST100082149,Unlimited Basic,Prepaid Mobile,53.79,2,500,500,2026-06-29
PLNDB01C14203,CUST100015537,Prepaid 5GB,Postpaid Mobile,136.1,10,-1,500,2021-03-12
PLN4FAF5BFC4B,CUST100080959,Family Share 10GB,Broadband,39.75,50,500,-1,2025-11-29
PLNA29124A52B,CUST100022159,Unlimited Plus,Prepaid Mobile,101.55,5,-1,-1,2024-02-24
PLN3F8AC71371,CUST100024882,IoT Data Plan,Prepaid Mobile,63.12,10,500,500,2022-01-03
PLN3A6EFEB25D,CUST100017188,Fiber 1Gbps,IoT,119.09,-1,500,-1,2021-11-01
PLN2D83A32B87,CUST100017278,Fiber 500Mbps,Prepaid Mobile,127.31,5,500,-1,2023-09-17
PLN5415A89191,CUST100034126,Fiber 500Mbps,Postpaid Mobile,128.25,20,-1,-1,2016-11-16
PLNC71D3E5BD9,CUST100012338,Unlimited Basic,Postpaid Mobile,99.99,-1,500,100,2020-10-25
PLN7982623131,CUST100020674,Unlimited Premium,Prepaid Mobile,119.39,10,1000,500,2015-03-05
PLN8670A1F57A,CUST100040501,Fiber 1Gbps,Postpaid Mobile,25.55,5,1000,100,2017-08-04
PLNC0E9BA632E,CUST100029907,Fiber 1Gbps,Prepaid Mobile,67.46,10,500,500,2016-03-02
PLN8C761BCAD3,CUST100078609,IoT Data Plan,Broadband,54.22,2,500,500,2019-12-04
PLNA593333D30,CUST100002713,Fiber 500Mbps,Broadband,32.23,5,500,500,2016-06-29
PLN9E4A264B50,CUST100092420,Unlimited Basic,Prepaid Mobile,19.93,5,500,100,2019-06-05
PLN35A5CE8A36,CUST100060241,IoT Data Plan,Prepaid Mobile,102.09,20,-1,500,2020-08-04
PLN8FEB62ECD9,CUST100097102,Fiber 500Mbps,Prepaid Mobile,31.06,-1,1000,100,2019-09-28
PLNA61C524369,CUST100067866,IoT Data Plan,Prepaid Mobile,28.04,5,500,100,2022-01-15
PLN69B8890C83,CUST100094314,Unlimited Premium,Postpaid Mobile,101.11,5,500,500,2018-03-08
PLN25E66AB42B,CUST100090093,Fiber 1Gbps,Postpaid Mobile,133.53,10,1000,500,2017-02-06
PLN277A6D03D6,CUST100094180,Fiber 500Mbps,Broadband,137.88,2,1000,100,2016-03-22
PLN17E7CC7E4B,CUST100027940,Fiber 500Mbps,Postpaid Mobile,70.94,-1,1000,500,2024-10-09
PLNBF13C751C9,CUST100091593,Fiber 1Gbps,Prepaid Mobile,16.15,-1,-1,500,2022-06-18
PLN98F268474C,CUST100097951,IoT Data Plan,Broadband,54.56,5,1000,100,2017-08-11
PLNDF1E1FE812,CUST100016735,Unlimited Basic,Postpaid Mobile,22.12,50,-1,100,2023-09-04
PLN3DD9B21916,CUST100098801,Unlimited Plus,Prepaid Mobile,129.84,2,1000,500,2015-06-09
PLNE17657322E,CUST100034927,Fiber 1Gbps,Postpaid Mobile,125.61,10,1000,-1,2018-02-14
PLNBA4A7494EB,CUST100002142,Fiber 500Mbps,Prepaid Mobile,48.12,50,-1,500,2022-06-04
PLN54A5A6B4CE,CUST100089635,Unlimited Premium,Prepaid Mobile,120.03,2,500,500,2016-03-20
PLN2501499D3A,CUST100016670,Fiber 500Mbps,Prepaid Mobile,71.86,5,-1,500,2016-10-23
PLN6248E24710,CUST100061279,Unlimited Premium,Broadband,124.49,5,1000,500,2024-09-18
PLNA1BF6B83EB,CUST100024566,Unlimited Premium,Postpaid Mobile,127.91,2,1000,500,2023-09-29
PLN38083D6F45,CUST100058820,IoT Data Plan,Prepaid Mobile,73.86,-1,500,100,2018-07-17
PLN0D5BDB4DD8,CUST100050180,Unlimited Premium,Postpaid Mobile,16.86,5,1000,100,2015-12-11
PLN7135046855,CUST100081749,Family Share 10GB,Postpaid Mobile,106.9,2,1000,-1,2019-10-28
PLN1669F0C357,CUST100079441,Unlimited Plus,Postpaid Mobile,104.91,5,500,-1,2019-08-13
PLND3B389B283,CUST100013364,Unlimited Premium,Postpaid Mobile,81.28,20,1000,-1,2016-01-02
PLND4322E9F95,CUST100070687,Unlimited Basic,Postpaid Mobile,24.29,10,-1,500,2022-03-28
PLN2ADAAFE775,CUST100038327,Family Share 10GB,Prepaid Mobile,45.01,5,-1,-1,2022-05-16
PLN5D3FCF803F,CUST100075876,Prepaid 5GB,Postpaid Mobile,93.24,10,500,500,2015-12-23
PLN453A8B6FB1,CUST100062995,Unlimited Premium,Postpaid Mobile,96.51,50,1000,-1,2024-03-31
PLN6A006CC4BA,CUST100050487,Unlimited Plus,Postpaid Mobile,67.46,20,500,100,2017-01-19
PLN3FE6E1563A,CUST100085227,Fiber 500Mbps,Postpaid Mobile,145.3,5,-1,500,2018-06-02
PLN8238B56DC2,CUST100044381,Fiber 1Gbps,Prepaid Mobile,64.06,5,1000,500,2017-12-20
PLNA7C21084E5,CUST100027671,Unlimited Basic,Prepaid Mobile,39.32,5,1000,100,2022-08-27
PLN8C4E0AA408,CUST100077098,Unlimited Plus,Postpaid Mobile,90.52,5,500,500,2023-11-19
PLN96762BB631,CUST100031565,Unlimited Basic,Prepaid Mobile,123.59,5,500,500,2022-09-09
PLN888B13ECB4,CUST100015399,Prepaid 5GB,Prepaid Mobile,128.41,50,1000,-1,2026-05-20
PLN2FE9FB6EF4,CUST100057836,Fiber 500Mbps,Postpaid Mobile,135.04,5,1000,100,2015-11-24
PLN346B8DD4A8,CUST100026152,Unlimited Premium,Postpaid Mobile,122.25,50,-1,100,2015-06-13
PLN87C40303F7,CUST100045656,Prepaid 5GB,IoT,32.49,2,-1,500,2022-03-19
PLN82FF11F303,CUST100065275,Fiber 1Gbps,Postpaid Mobile,129.57,-1,1000,500,2025-12-06
PLN1E39E3BEDE,CUST100096223,Unlimited Plus,Prepaid Mobile,27.73,50,-1,500,2020-12-15
PLN90D261DD79,CUST100017832,Unlimited Basic,Postpaid Mobile,75.05,2,-1,-1,2016-09-14
PLNFBC2E20C7E,CUST100000607,Fiber 1Gbps,Postpaid Mobile,36.17,50,500,-1,2023-07-12
PLNF0F6EC4FF1,CUST100027191,Fiber 1Gbps,Postpaid Mobile,21.15,10,1000,100,2019-05-19
PLNBD54C86B65,CUST100035942,Family Share 10GB,Postpaid Mobile,46.06,20,500,500,2025-08-15
PLNE97B0D5A88,CUST100038895,Unlimited Basic,Broadband,58.66,10,1000,100,2024-04-11
PLNA6F34D36F0,CUST100048968,Unlimited Premium,Broadband,104.4,20,-1,100,2025-11-15
PLN022BCA5D5F,CUST100092337,Prepaid 5GB,Postpaid Mobile,134.72,10,-1,-1,2022-10-19
PLND7F1D833E0,CUST100064397,Fiber 500Mbps,Postpaid Mobile,21.01,-1,500,100,2017-06-15
PLN0F0A0772F6,CUST100001959,Unlimited Basic,Postpaid Mobile,106.81,2,500,500,2022-02-23
PLN6A35FCD681,CUST100064056,IoT Data Plan,Prepaid Mobile,38.27,2,500,-1,2024-09-23
PLND2D241A9AF,CUST100061497,IoT Data Plan,Broadband,51.63,20,-1,-1,2022-11-14
PLN6849CC6E1D,CUST100044634,IoT Data Plan,Postpaid Mobile,128.63,20,-1,100,2016-02-26
PLN01B1A84C61,CUST100024505,Fiber 1Gbps,Broadband,93.33,10,-1,500,2017-07-09
PLN63475462FF,CUST100046009,Prepaid 5GB,Broadband,105.5,50,-1,500,2016-06-16
PLN79A32A4EBE,CUST100059368,Prepaid 5GB,Prepaid Mobile,123.92,50,1000,500,2026-02-28
PLN03C596686C,CUST100012089,Unlimited Basic,Broadband,35.2,10,1000,-1,2020-01-03
PLND9E75C2B4F,CUST100063178,Fiber 1Gbps,Postpaid Mobile,95.04,5,1000,-1,2020-08-07
PLN7B078CE3E9,CUST100096510,Fiber 1Gbps,Broadband,103.58,-1,-1,500,2015-04-15
PLN06300B3B1C,CUST100094337,Unlimited Plus,Postpaid Mobile,57.83,-1,500,-1,2021-12-20
PLNAA8113FFC9,CUST100049070,Unlimited Plus,Broadband,104.61,10,-1,100,2017-05-21
PLNBB373282AC,CUST100089210,Prepaid 5GB,Postpaid Mobile,84.47,20,500,100,2025-03-17
PLNA2BCDE3192,CUST100073109,Prepaid 5GB,Postpaid Mobile,124.61,10,500,100,2017-05-22
PLN3A02540019,CUST100030418,IoT Data Plan,Postpaid Mobile,65.5,10,-1,100,2023-09-10
PLN2A6EFB18A8,CUST100051217,IoT Data Plan,Postpaid Mobile,123.72,10,1000,-1,2025-09-26
PLN3919C3FAFA,CUST100071769,Fiber 1Gbps,Postpaid Mobile,97.22,-1,500,-1,2023-10-06
PLNFF7708E74B,CUST100034766,Fiber 1Gbps,Postpaid Mobile,82.58,10,-1,500,2017-05-23
PLNE172EE9F5A,CUST100085202,Unlimited Premium,Postpaid Mobile,91.23,-1,-1,-1,2024-05-17
PLN8282B28274,CUST100050680,Unlimited Plus,Postpaid Mobile,17.67,20,500,100,2021-11-26
PLN315A6C3821,CUST100015519,Prepaid 5GB,Prepaid Mobile,100.01,20,-1,100,2025-02-17
PLN1B0D8678AA,CUST100026649,Prepaid 5GB,Prepaid Mobile,15.87,10,500,500,2021-04-19
PLNDE77EAB671,CUST100066708,Family Share 10GB,Prepaid Mobile,62.94,5,1000,100,2025-05-19
PLNAACEFEF780,CUST100036548,Family Share 10GB,Broadband,26.9,5,1000,-1,2024-11-22
PLN7AB8025090,CUST100056220,Prepaid 5GB,Broadband,29.23,-1,500,-1,2022-12-14
PLNC11E7DB644,CUST100077979,Unlimited Plus,Prepaid Mobile,115.62,2,500,500,2026-06-15
PLN2881B7B8C0,CUST100035993,Unlimited Premium,Postpaid Mobile,133.47,-1,-1,500,2023-07-07
PLNC5B78978C7,CUST100082816,IoT Data Plan,IoT,136.36,50,500,500,2020-08-16
PLNBDDA1C2190,CUST100003744,IoT Data Plan,Postpaid Mobile,149.1,20,500,100,2022-05-30
PLN70298CF86A,CUST100048607,Prepaid 5GB,Prepaid Mobile,61.52,10,500,500,2015-09-02
PLN77A58FA9D4,CUST100024392,Fiber 500Mbps,Postpaid Mobile,145.65,2,500,500,2024-12-26
PLNCE826B646A,CUST100089241,Unlimited Plus,Postpaid Mobile,53.96,2,1000,-1,2021-01-20
PLN04212A00E3,CUST100058443,Family Share 10GB,Broadband,85.89,10,500,100,2023-08-22
PLN5264E2970A,CUST100021601,Unlimited Premium,Prepaid Mobile,66.39,-1,-1,500,2025-12-02
PLN212A840BAC,CUST100071058,Family Share 10GB,Postpaid Mobile,33.87,2,-1,-1,2015-09-30
PLN3BE003F104,CUST100009308,Family Share 10GB,Postpaid Mobile,87.22,20,1000,500,2015-06-03
PLNEFE1515DF7,CUST100090294,Family Share 10GB,Postpaid Mobile,142.4,5,1000,100,2025-05-10
PLNAB3F4E2A8C,CUST100038978,Unlimited Premium,Prepaid Mobile,45.23,20,-1,100,2022-01-20
PLNF57DF5F57F,CUST100046837,Prepaid 5GB,Postpaid Mobile,90.21,20,-1,500,2021-02-05
PLN37A3C73275,CUST100080369,Unlimited Basic,Postpaid Mobile,140.18,5,-1,-1,2020-05-21
PLNB27149DD26,CUST100089039,Unlimited Plus,Postpaid Mobile,75.56,10,-1,500,2023-09-18
PLN733058028B,CUST100083041,Fiber 500Mbps,Broadband,15.72,20,500,-1,2020-10-23
PLN23F4D9FDA2,CUST100009020,Family Share 10GB,Broadband,42.38,20,500,100,2022-02-05
PLND693B7FC00,CUST100036468,Fiber 500Mbps,Broadband,105.12,-1,1000,-1,2019-01-28
PLNE9326A7203,CUST100063216,Fiber 1Gbps,Postpaid Mobile,117.35,-1,1000,500,2025-11-01
PLN551E384998,CUST100049886,Prepaid 5GB,Postpaid Mobile,42.97,-1,1000,-1,2016-08-20
PLND7A73F1807,CUST100071589,Fiber 1Gbps,Broadband,20.0,-1,500,100,2017-01-18
PLNB5F9D1DC51,CUST100068725,Prepaid 5GB,Prepaid Mobile,86.56,-1,-1,100,2025-04-04
PLNA07B8148BB,CUST100046351,Prepaid 5GB,Prepaid Mobile,94.45,50,-1,-1,2015-12-01
PLN998363C16D,CUST100011217,Unlimited Plus,Postpaid Mobile,79.35,2,500,500,2024-08-21
PLNF74F5FD0A2,CUST100032837,Family Share 10GB,IoT,95.97,10,500,500,2018-03-22
PLN2258C944AC,CUST100062453,Family Share 10GB,Postpaid Mobile,135.96,50,500,500,2022-03-04
PLNCECA9FA1DF,CUST100015115,Fiber 1Gbps,IoT,60.98,-1,1000,500,2021-02-02
PLN7C8CD688E4,CUST100034490,Fiber 1Gbps,Broadband,91.25,50,500,100,2024-08-12
PLND4D161C46B,CUST100078915,Prepaid 5GB,Postpaid Mobile,105.12,50,500,-1,2024-02-06
PLN06230BFBFB,CUST100084814,Unlimited Basic,Postpaid Mobile,16.55,10,1000,500,2023-08-10
PLN745798763E,CUST100062354,Unlimited Plus,Postpaid Mobile,98.4,20,-1,100,2023-06-24
PLNC36440E9ED,CUST100081238,Unlimited Basic,Prepaid Mobile,137.96,10,1000,-1,2019-08-13
PLN0BCEA4BA3A,CUST100008979,Fiber 1Gbps,Broadband,32.43,5,500,100,2015-05-21
PLN69EB45A851,CUST100059203,IoT Data Plan,Postpaid Mobile,90.18,50,1000,100,2020-07-07
PLN3D3A3AEFF7,CUST100017805,Unlimited Basic,Postpaid Mobile,140.97,-1,-1,100,2025-10-24
PLNB9ED989C13,CUST100067566,Prepaid 5GB,Broadband,44.94,5,1000,100,2017-12-12
PLNCE1E022A3A,CUST100015524,IoT Data Plan,Postpaid Mobile,21.26,20,500,500,2020-01-21
PLNA8F783ACE9,CUST100073988,Family Share 10GB,Postpaid Mobile,22.46,20,-1,500,2022-01-28
PLNC9875BCC4A,CUST100085964,Unlimited Basic,Postpaid Mobile,98.81,20,-1,100,2025-06-04
PLN81D82D1751,CUST100000226,Fiber 500Mbps,Postpaid Mobile,40.17,5,1000,-1,2022-02-11
PLN26026A1D9F,CUST100033874,Unlimited Basic,Postpaid Mobile,129.08,2,1000,500,2022-10-14
PLN37ADF48923,CUST100019302,Family Share 10GB,Prepaid Mobile,144.34,50,1000,-1,2024-07-16
PLN4AB70CD46C,CUST100074559,Unlimited Basic,Prepaid Mobile,85.65,50,-1,500,2021-12-13
PLNB9770B1882,CUST100015857,Unlimited Basic,Broadband,62.22,20,1000,-1,2021-12-19
PLN629F25C7C7,CUST100081729,Fiber 1Gbps,Prepaid Mobile,59.31,50,1000,500,2022-01-07
PLNF318C7336D,CUST100023861,Prepaid 5GB,Postpaid Mobile,99.99,20,1000,-1,2019-04-18
PLNE2E9C5A33D,CUST100058302,Family Share 10GB,Postpaid Mobile,35.82,50,500,100,2025-06-18
PLN34B26F1D95,CUST100012068,Fiber 500Mbps,Postpaid Mobile,42.31,-1,-1,-1,2018-10-30
PLNC2045E78A2,CUST100057577,Unlimited Plus,Prepaid Mobile,74.63,20,500,500,2020-06-20
PLNE2A910B5F2,CUST100078360,Unlimited Premium,Prepaid Mobile,61.2,20,500,100,2019-02-08
PLN84E2FCEA90,CUST100043774,Unlimited Basic,Broadband,90.64,20,-1,100,2021-01-23
PLN6DD9619D67,CUST100090169,IoT Data Plan,Postpaid Mobile,27.94,10,1000,100,2020-09-18
PLND410C89E51,CUST100042711,Fiber 500Mbps,Prepaid Mobile,126.28,50,1000,100,2017-02-28
PLN4449F2FAA6,CUST100034897,Unlimited Premium,Broadband,114.51,2,500,-1,2022-10-15
PLN80733534BD,CUST100005497,Unlimited Premium,Postpaid Mobile,44.84,5,-1,-1,2018-08-02
PLN1D9B504CBC,CUST100058608,Unlimited Premium,Postpaid Mobile,93.11,10,-1,100,2020-08-30
PLN8B505382D3,CUST100040155,Fiber 1Gbps,Postpaid Mobile,142.52,10,500,-1,2022-11-11
PLNDE2142D6E5,CUST100072716,Unlimited Premium,Prepaid Mobile,18.94,10,-1,100,2018-04-13
PLNC787336159,CUST100007777,Fiber 1Gbps,Postpaid Mobile,112.03,50,500,100,2017-07-12
PLN870FC4BACF,CUST100088719,Fiber 1Gbps,Broadband,122.13,50,1000,-1,2022-11-07
PLN82AB404ECB,CUST100047854,IoT Data Plan,Postpaid Mobile,38.05,50,1000,500,2018-09-07
PLN4FE07263C5,CUST100091875,Unlimited Basic,Broadband,91.25,50,1000,500,2022-04-19
PLN40BCA98010,CUST100011672,Unlimited Premium,Postpaid Mobile,127.24,2,1000,500,2017-02-27
PLN8F1948D3E3,CUST100059478,Unlimited Basic,Postpaid Mobile,128.83,2,500,500,2016-08-31
PLN67F86E327D,CUST100061278,Unlimited Plus,Broadband,148.2,20,1000,500,2020-03-16
PLN81A9E5BD01,CUST100067302,Unlimited Basic,Broadband,55.04,20,500,500,2022-12-19
PLN107BEFCF40,CUST100056571,IoT Data Plan,Broadband,43.6,5,500,100,2016-09-08
PLN40C48950ED,CUST100073813,IoT Data Plan,Broadband,28.42,10,500,500,2015-12-03
PLNEE9722E9BF,CUST100089204,Unlimited Premium,Postpaid Mobile,133.58,-1,-1,500,2016-09-30
PLNE3DBB314A8,CUST100072028,Unlimited Basic,IoT,142.21,50,500,100,2021-08-18
PLND3675A671B,CUST100066147,Family Share 10GB,Postpaid Mobile,138.97,20,1000,-1,2017-10-02
PLNF105DEE3DD,CUST100061552,Unlimited Premium,Broadband,149.03,-1,1000,100,2023-01-11
PLN51AA62ED4F,CUST100027187,Fiber 500Mbps,Prepaid Mobile,118.82,2,500,-1,2026-02-26
PLND986065DBA,CUST100089453,Unlimited Plus,Broadband,37.19,50,500,500,2019-05-20
PLNBF2D9968BF,CUST100056957,Fiber 1Gbps,Prepaid Mobile,120.36,5,1000,100,2015-06-19
PLNB11C3E7D5E,CUST100088370,IoT Data Plan,Postpaid Mobile,85.39,5,-1,500,2022-07-05
PLNBB024BB045,CUST100032366,Fiber 500Mbps,Broadband,62.67,2,-1,500,2024-10-16
PLN81C3F62955,CUST100068063,Family Share 10GB,Postpaid Mobile,121.57,5,-1,-1,2025-06-29
PLND336FC64CB,CUST100005050,Prepaid 5GB,Postpaid Mobile,19.46,-1,500,500,2019-04-04
PLNBBB411F653,CUST100037537,Fiber 1Gbps,Postpaid Mobile,140.28,10,500,100,2017-04-19
PLN2BE2C357D5,CUST100067768,Family Share 10GB,Broadband,66.58,2,1000,100,2016-12-30
PLNE16414143B,CUST100092156,Family Share 10GB,Postpaid Mobile,38.21,10,500,500,2016-08-10
PLN9C372063ED,CUST100020910,Unlimited Basic,Prepaid Mobile,78.94,20,-1,-1,2015-12-23
PLN7325131ACD,CUST100075136,Unlimited Premium,Broadband,105.55,5,500,500,2015-10-06
PLN81C088C977,CUST100030277,Prepaid 5GB,Prepaid Mobile,29.55,2,500,100,2021-01-03
PLN84800BE3C7,CUST100066457,Family Share 10GB,Postpaid Mobile,75.2,-1,500,-1,2021-11-10
PLNABC6224AA4,CUST100066986,Unlimited Premium,Postpaid Mobile,23.45,-1,-1,100,2015-04-08
PLN12C4D489A0,CUST100028463,IoT Data Plan,Postpaid Mobile,119.64,2,500,100,2017-02-28
PLNE4E6ADF588,CUST100044579,Prepaid 5GB,Prepaid Mobile,97.5,2,500,500,2021-10-04
PLNC8E4B2834B,CUST100066100,Unlimited Premium,Prepaid Mobile,68.22,10,1000,100,2015-09-10
PLNBD062FFE83,CUST100090617,Family Share 10GB,Broadband,51.62,5,-1,500,2019-09-24
PLN935C80BEE2,CUST100097350,Prepaid 5GB,Postpaid Mobile,52.39,10,500,500,2015-10-27
PLN536BAB8961,CUST100038679,Unlimited Basic,Postpaid Mobile,85.36,50,1000,100,2019-07-14
PLN20EE22ACBB,CUST100034257,Prepaid 5GB,Postpaid Mobile,148.87,10,-1,500,2016-03-23
PLNFB85CFB89D,CUST100098493,Unlimited Premium,Postpaid Mobile,99.63,10,1000,-1,2017-04-26
PLN22D3B8F0CA,CUST100044583,Prepaid 5GB,Prepaid Mobile,137.87,20,1000,-1,2023-05-15
PLN56AADB2317,CUST100063136,Fiber 500Mbps,Postpaid Mobile,136.55,2,500,100,2020-03-31
PLN374D8CD45D,CUST100015849,Fiber 1Gbps,Prepaid Mobile,32.98,5,-1,100,2025-03-03
PLN13804598DA,CUST100073712,Unlimited Premium,Postpaid Mobile,123.92,2,1000,100,2026-03-19
PLNFFEBCB97C5,CUST100020898,Family Share 10GB,Broadband,36.88,5,500,-1,2017-06-17
PLNC47B49E43F,CUST100005121,Family Share 10GB,Postpaid Mobile,102.11,5,500,-1,2020-05-01
PLN300DABA352,CUST100006316,IoT Data Plan,Broadband,29.31,20,500,-1,2026-04-10
PLNDAC7B23F53,CUST100001188,Family Share 10GB,Postpaid Mobile,30.61,50,1000,-1,2025-09-20
PLN5C87F6041A,CUST100071219,Unlimited Plus,Broadband,116.19,20,500,-1,2020-04-10
PLNA33B72942C,CUST100092741,Unlimited Plus,Broadband,102.72,20,500,500,2024-02-10
PLN79806B48F4,CUST100057871,IoT Data Plan,Postpaid Mobile,100.18,5,500,-1,2015-03-30
PLN1EC3A77599,CUST100076002,Fiber 500Mbps,Prepaid Mobile,67.84,10,500,100,2019-01-22
PLNADF46D317C,CUST100066065,Unlimited Basic,Broadband,23.45,50,500,-1,2020-07-22
PLN58C1AD2C20,CUST100040469,IoT Data Plan,Prepaid Mobile,120.5,50,500,100,2017-07-07
PLN9A621CB04A,CUST100080604,Family Share 10GB,Postpaid Mobile,79.85,20,-1,100,2021-12-21
PLN8A35C8D48A,CUST100065548,Unlimited Premium,Prepaid Mobile,101.22,-1,500,500,2017-04-25
PLN03C68B9E2D,CUST100057468,Prepaid 5GB,Postpaid Mobile,135.36,20,-1,-1,2025-06-25
PLNE655F55F04,CUST100046536,Unlimited Plus,Prepaid Mobile,96.6,-1,500,500,2015-01-07
PLNDDFDFBF7E1,CUST100037942,Family Share 10GB,Broadband,77.46,5,500,-1,2016-07-19
PLNDE34A47BDD,CUST100036621,Fiber 500Mbps,Postpaid Mobile,101.63,10,-1,-1,2017-07-17
PLNBB19318857,CUST100010515,Family Share 10GB,Postpaid Mobile,56.55,10,-1,-1,2025-03-21
PLN726A0E5BEA,CUST100018492,Fiber 500Mbps,Postpaid Mobile,57.55,-1,500,-1,2016-05-27
PLN6AD6AA0EBC,CUST100011653,Unlimited Premium,Prepaid Mobile,137.98,10,-1,500,2017-05-23
PLN4A91D6B210,CUST100006053,IoT Data Plan,Postpaid Mobile,102.78,20,500,100,2025-01-29
PLN30C3B91D2B,CUST100049200,Prepaid 5GB,Prepaid Mobile,47.32,20,-1,100,2015-03-12
PLNB10DEC1089,CUST100096962,Prepaid 5GB,Postpaid Mobile,69.78,50,500,-1,2023-09-09
PLN83098916E6,CUST100005026,Prepaid 5GB,Postpaid Mobile,116.65,5,1000,500,2019-11-03
PLN5A7CF69BA4,CUST100028227,Unlimited Premium,Postpaid Mobile,89.52,-1,500,-1,2018-12-09
PLN3CC133576F,CUST100004756,Unlimited Premium,Postpaid Mobile,41.45,-1,1000,100,2024-11-03
PLN0A00C88348,CUST100063331,Unlimited Plus,Prepaid Mobile,82.23,10,1000,500,2022-12-10
PLNC52AF6A2A6,CUST100060068,Fiber 1Gbps,Postpaid Mobile,133.77,10,500,500,2020-01-14
PLN5E7A090651,CUST100084599,Unlimited Premium,Broadband,112.76,10,500,100,2018-01-31
PLN2D52DDEF27,CUST100031114,Family Share 10GB,Postpaid Mobile,128.29,5,1000,500,2024-11-07
PLN1EB5BFB362,CUST100073254,Fiber 500Mbps,IoT,64.41,-1,1000,100,2021-12-12
PLNA47E7C264E,CUST100026106,Family Share 10GB,Postpaid Mobile,121.76,10,-1,100,2024-07-25
PLND0AA260AB2,CUST100084487,Unlimited Basic,Postpaid Mobile,50.13,5,1000,500,2019-06-27
PLNF3CB5C318D,CUST100086591,Prepaid 5GB,Postpaid Mobile,123.19,-1,1000,500,2019-10-08
PLN8F1AF62440,CUST100085486,Family Share 10GB,Postpaid Mobile,20.17,20,-1,-1,2016-10-09
PLN60753708E1,CUST100097438,IoT Data Plan,Postpaid Mobile,62.74,5,500,-1,2023-06-05
PLN23FE104932,CUST100080249,Fiber 1Gbps,Postpaid Mobile,23.6,20,500,100,2021-01-01
PLN1FCA395548,CUST100089844,Fiber 500Mbps,Postpaid Mobile,82.08,2,1000,500,2016-07-07
PLN81A4BDFD2D,CUST100035955,Unlimited Plus,Broadband,86.24,50,-1,-1,2017-01-08
PLN3009A60E69,CUST100055113,Fiber 500Mbps,Prepaid Mobile,145.25,50,500,-1,2018-04-27
PLNE540F5350B,CUST100079674,Family Share 10GB,Prepaid Mobile,69.16,2,-1,100,2024-09-14
PLNE86518782E,CUST100003254,Fiber 500Mbps,Broadband,91.7,20,500,500,2015-01-13
PLNC8A7CEDFDF,CUST100029162,Family Share 10GB,Postpaid Mobile,40.62,5,500,100,2018-12-18
PLN2E063F14C1,CUST100065569,Family Share 10GB,Broadband,146.72,10,1000,-1,2023-04-05
PLN45D8BC3CDE,CUST100085827,IoT Data Plan,Postpaid Mobile,91.22,5,1000,500,2015-07-10
PLN207A05588E,CUST100080607,Fiber 500Mbps,Prepaid Mobile,91.74,10,1000,500,2016-03-24
PLN62D97DD574,CUST100091526,Fiber 500Mbps,Prepaid Mobile,122.84,50,500,500,2020-07-17
PLNCCF5A86595,CUST100010527,IoT Data Plan,Postpaid Mobile,123.58,-1,1000,-1,2016-01-04
PLNE1569C7F0C,CUST100090092,IoT Data Plan,Postpaid Mobile,87.49,20,-1,500,2017-11-29
PLN3352D7BA07,CUST100082157,Fiber 1Gbps,Prepaid Mobile,31.88,10,1000,-1,2022-08-19
PLNA5BE98B608,CUST100078323,Unlimited Basic,Postpaid Mobile,147.71,2,500,500,2025-07-19
PLN3FBB7669B0,CUST100033811,Unlimited Plus,Postpaid Mobile,122.0,50,-1,500,2020-01-19
PLN4E9E315861,CUST100068824,Unlimited Premium,Postpaid Mobile,53.34,20,500,100,2022-07-06
PLN300B7815FD,CUST100016222,Family Share 10GB,Broadband,83.92,5,-1,100,2020-09-02
PLNCDE2064108,CUST100062173,Unlimited Plus,Prepaid Mobile,99.54,20,-1,100,2026-04-07
PLN08BD8A5F1A,CUST100053245,Fiber 1Gbps,Prepaid Mobile,71.65,50,-1,500,2016-05-31
PLN91D1E40E5C,CUST100098958,Fiber 1Gbps,Broadband,54.1,50,1000,-1,2022-01-09
PLN69A1280C12,CUST100039454,Prepaid 5GB,Broadband,68.11,-1,500,100,2026-05-18
PLN4FA757DFAC,CUST100011967,Unlimited Plus,Broadband,76.24,2,1000,500,2023-05-04
PLN0E17BEA1D3,CUST100015611,Fiber 1Gbps,Prepaid Mobile,96.22,10,500,100,2016-09-06
PLNABE77B2AA7,CUST100092940,IoT Data Plan,Postpaid Mobile,16.57,5,500,100,2017-02-03
PLN5B1FBC73C7,CUST100075182,Unlimited Plus,Broadband,35.4,5,1000,-1,2025-11-06
PLN8DEA10FFA5,CUST100069767,Unlimited Premium,Broadband,137.12,2,1000,500,2021-07-31
PLN6D402EA9F4,CUST100013287,Unlimited Premium,Postpaid Mobile,37.02,2,500,-1,2015-08-01
PLN36E8781681,CUST100069327,Prepaid 5GB,Prepaid Mobile,16.41,10,1000,500,2017-08-20
PLN3988B48F31,CUST100083461,Fiber 500Mbps,Broadband,53.11,10,1000,-1,2019-07-02
PLNB7362BFC25,CUST100075722,Fiber 500Mbps,Postpaid Mobile,47.29,-1,500,500,2023-10-02
PLN87CFF39A40,CUST100024291,IoT Data Plan,Postpaid Mobile,62.33,-1,1000,100,2016-11-20
PLN43456E7AD8,CUST100070872,Unlimited Basic,Postpaid Mobile,97.29,20,500,-1,2025-09-27
PLNFDEC5174D7,CUST100063459,Family Share 10GB,Postpaid Mobile,149.57,5,500,-1,2018-08-01
PLN544BDABA48,CUST100049310,Prepaid 5GB,Postpaid Mobile,116.57,20,1000,-1,2018-10-17
PLNE6D0021933,CUST100042293,Family Share 10GB,Postpaid Mobile,52.45,2,500,500,2024-09-07
PLND71EF788F4,CUST100094729,Unlimited Basic,Postpaid Mobile,32.41,-1,500,500,2025-10-18
PLN5E683FB617,CUST100046169,Fiber 500Mbps,Postpaid Mobile,146.65,-1,1000,100,2018-04-14
PLNC3FA4B63BF,CUST100051767,Fiber 1Gbps,Broadband,82.59,2,1000,-1,2024-04-13
PLNE8D0F2D379,CUST100012433,Prepaid 5GB,Postpaid Mobile,135.38,2,500,100,2022-06-13
PLNAA401014FB,CUST100056061,Fiber 1Gbps,Prepaid Mobile,129.6,10,500,100,2020-08-22
PLN9FD3A465E5,CUST100044263,Fiber 500Mbps,Prepaid Mobile,133.45,-1,1000,-1,2023-02-24
PLNEC27B71704,CUST100049843,Unlimited Plus,IoT,104.6,5,-1,500,2016-12-07
PLN1F6DD03E35,CUST100064627,Unlimited Plus,Prepaid Mobile,90.18,20,-1,100,2020-11-06
PLN541E8C7852,CUST100043259,Unlimited Plus,Postpaid Mobile,35.47,2,1000,500,2021-04-03
PLN2F991363A3,CUST100082817,Family Share 10GB,Prepaid Mobile,20.96,5,1000,-1,2020-08-13
PLNC61372CA29,CUST100059543,IoT Data Plan,IoT,26.82,5,1000,-1,2018-10-23
PLN96E01F6B06,CUST100019095,Unlimited Premium,Prepaid Mobile,91.84,-1,500,-1,2023-04-28
PLN1C46D1CAAD,CUST100051185,Unlimited Basic,Postpaid Mobile,112.42,10,1000,100,2021-08-21
PLNC9DE46A697,CUST100034182,Fiber 1Gbps,Prepaid Mobile,41.94,10,-1,100,2018-11-03
PLN2CE6428ECA,CUST100023258,Fiber 1Gbps,Prepaid Mobile,73.77,-1,1000,-1,2020-06-29
PLN968B9DA540,CUST100018258,IoT Data Plan,Prepaid Mobile,59.09,5,-1,500,2025-03-30
PLN532C5E7E4A,CUST100040470,IoT Data Plan,Prepaid Mobile,63.04,5,500,500,2020-08-14
PLN885C717CD3,CUST100022646,IoT Data Plan,Broadband,77.22,50,1000,100,2023-03-02
PLND10718A85B,CUST100050430,Unlimited Basic,Prepaid Mobile,48.48,20,1000,500,2021-06-30
PLNC0BD20B4DF,CUST100097473,Family Share 10GB,Prepaid Mobile,91.48,-1,1000,500,2018-12-23
PLNEEBAF65FB3,CUST100030713,Fiber 500Mbps,Prepaid Mobile,89.3,20,1000,100,2019-10-29
PLN0331F76031,CUST100036711,Fiber 1Gbps,Prepaid Mobile,102.02,20,-1,500,2016-02-10
PLN70C68E18C2,CUST100088965,Unlimited Plus,Broadband,30.43,20,1000,500,2018-07-30
PLN785FD7285F,CUST100021526,Unlimited Plus,Broadband,20.28,2,1000,-1,2021-08-17
PLN4AEC8E2FF4,CUST100066455,Fiber 500Mbps,Postpaid Mobile,115.18,20,-1,500,2024-12-11
PLN391ABE5D80,CUST100062702,Fiber 1Gbps,Postpaid Mobile,117.71,50,1000,500,2021-01-16
PLN7663F3044A,CUST100083115,Fiber 1Gbps,Postpaid Mobile,115.22,2,1000,500,2021-10-20
PLNB2F68D279D,CUST100031127,Fiber 1Gbps,Postpaid Mobile,85.35,5,500,100,2025-06-25
PLNEC28B1F252,CUST100009397,Unlimited Basic,Postpaid Mobile,144.99,2,500,-1,2026-03-01
PLN42154A63C4,CUST100008300,Unlimited Plus,Prepaid Mobile,59.25,50,500,100,2020-09-26
PLNB865164694,CUST100030788,IoT Data Plan,Postpaid Mobile,108.81,-1,-1,500,2024-05-29
PLN7F72C60596,CUST100022664,IoT Data Plan,Prepaid Mobile,99.27,10,500,100,2023-05-31
PLNB3E488A698,CUST100047194,Prepaid 5GB,Prepaid Mobile,139.63,-1,500,-1,2018-09-29
PLNDE96648344,CUST100035777,Prepaid 5GB,Broadband,129.78,5,500,500,2019-12-04
PLNB9A7B2208A,CUST100049940,Fiber 500Mbps,Postpaid Mobile,63.12,50,1000,100,2026-05-13
PLN4BE42DF459,CUST100019945,Fiber 500Mbps,Broadband,41.47,2,1000,100,2018-04-29
PLNC83F5877FE,CUST100049522,Unlimited Basic,Postpaid Mobile,41.19,2,1000,100,2017-05-28
PLNF5BF341CBD,CUST100042467,Family Share 10GB,Postpaid Mobile,78.65,50,1000,100,2023-10-06
PLNE07F672C86,CUST100043226,Fiber 500Mbps,Postpaid Mobile,73.1,50,1000,500,2024-04-21
PLNF903ADD209,CUST100014755,Unlimited Premium,Postpaid Mobile,35.28,10,-1,-1,2019-09-23
PLN0974B46584,CUST100092441,Prepaid 5GB,Broadband,61.88,5,-1,-1,2022-10-31
PLN2A682E7C3B,CUST100020477,Unlimited Premium,Postpaid Mobile,27.31,-1,500,-1,2017-08-30
PLNE4051C4412,CUST100096085,Unlimited Premium,Postpaid Mobile,65.22,10,-1,100,2020-01-08
PLN52BB8682AB,CUST100018346,Family Share 10GB,Postpaid Mobile,117.57,10,1000,100,2018-03-27
PLN8EF464FAE3,CUST100077212,Unlimited Premium,Prepaid Mobile,132.64,-1,1000,500,2025-09-15
PLN8AB9F0A7FB,CUST100067602,Unlimited Basic,Postpaid Mobile,54.6,5,1000,100,2019-04-07
PLN729AA274AF,CUST100080302,Fiber 1Gbps,Postpaid Mobile,31.57,2,1000,-1,2024-02-03
PLNC0779009FF,CUST100045352,Unlimited Premium,Broadband,22.87,-1,-1,-1,2019-12-06
PLNB7B60D8102,CUST100089163,Fiber 1Gbps,Postpaid Mobile,41.86,-1,-1,500,2022-06-10
PLN1848BB8CBD,CUST100022738,Fiber 1Gbps,Postpaid Mobile,120.02,20,-1,-1,2015-08-12
PLN578A945574,CUST100004434,Prepaid 5GB,Postpaid Mobile,103.86,10,1000,-1,2023-01-16
PLN756AF0F7DB,CUST100012047,Family Share 10GB,Postpaid Mobile,26.25,5,-1,500,2020-12-27
PLN360B36CF9F,CUST100040636,Fiber 500Mbps,Prepaid Mobile,20.16,-1,1000,500,2025-02-21
PLN2E3EB779A1,CUST100049019,IoT Data Plan,Prepaid Mobile,26.6,5,500,100,2019-09-05
PLN7AC35FAE79,CUST100014744,Fiber 500Mbps,Broadband,117.15,5,1000,100,2021-05-15
PLNEB1DAA9319,CUST100008772,Fiber 1Gbps,Prepaid Mobile,132.41,5,-1,-1,2020-04-01
PLN409D0684FE,CUST100079026,IoT Data Plan,IoT,115.64,10,1000,100,2019-11-22
PLN9FE559B600,CUST100004672,Unlimited Premium,Postpaid Mobile,87.24,-1,-1,-1,2019-12-26
PLN3365F60FAA,CUST100001581,Unlimited Plus,IoT,123.72,10,-1,-1,2016-04-19
PLN548482C460,CUST100092846,Unlimited Plus,Broadband,100.01,2,500,100,2016-01-08
PLNBD5457A4A2,CUST100081310,Unlimited Premium,Prepaid Mobile,45.14,20,-1,500,2019-05-28
PLN3718F8FBBA,CUST100094220,Unlimited Plus,Prepaid Mobile,65.77,-1,-1,500,2024-06-14
PLNF1E759304E,CUST100058741,Prepaid 5GB,Prepaid Mobile,134.85,20,1000,100,2017-12-29
PLN3CD94730AD,CUST100051066,Prepaid 5GB,Postpaid Mobile,77.96,20,500,100,2015-09-10
PLNF1A116AF92,CUST100060382,Family Share 10GB,Prepaid Mobile,91.01,2,500,100,2022-11-06
PLNA37A55B2B8,CUST100004376,Prepaid 5GB,Broadband,71.9,-1,-1,100,2025-08-22
PLND7DEC39EF0,CUST100013335,Family Share 10GB,Postpaid Mobile,110.59,-1,500,500,2015-10-15
PLNB67600974A,CUST100093302,Family Share 10GB,Postpaid Mobile,46.59,20,1000,500,2021-11-24
PLN6FD8136F7F,CUST100061501,Unlimited Basic,Broadband,97.29,2,-1,100,2023-02-03
PLN8A50CF20F4,CUST100054738,Fiber 500Mbps,Broadband,128.16,2,-1,500,2019-08-16
PLN74596D84AC,CUST100052271,Unlimited Plus,Postpaid Mobile,56.94,2,1000,500,2022-01-18
PLN3670AB4DD6,CUST100088668,Unlimited Basic,Postpaid Mobile,124.24,10,-1,100,2020-10-02
PLND822296799,CUST100015630,Unlimited Basic,Postpaid Mobile,149.84,2,1000,500,2026-04-04
PLN2631DC07DD,CUST100012021,Fiber 1Gbps,Postpaid Mobile,65.37,20,500,-1,2021-04-16
PLN29DA6A2A08,CUST100058142,IoT Data Plan,Prepaid Mobile,45.84,-1,1000,-1,2025-01-21
PLNFFAA0BFC44,CUST100097538,IoT Data Plan,Broadband,129.68,10,-1,500,2019-10-23
PLN15F40A0F99,CUST100047135,Family Share 10GB,Postpaid Mobile,81.44,10,500,-1,2015-09-05
PLN4DEB0B022B,CUST100050177,Fiber 1Gbps,Prepaid Mobile,130.76,20,-1,-1,2015-07-12
PLN40D8EE96CF,CUST100041275,Prepaid 5GB,Postpaid Mobile,140.77,10,500,500,2020-08-31
PLN70A7069375,CUST100026366,Prepaid 5GB,Prepaid Mobile,64.43,50,1000,500,2020-04-25
PLNE9F398D020,CUST100043244,Fiber 500Mbps,Postpaid Mobile,96.14,-1,1000,500,2023-05-27
PLN1C0D7120A9,CUST100032037,Fiber 500Mbps,Broadband,133.55,20,-1,100,2016-06-28
PLNA603BEE878,CUST100084366,Fiber 1Gbps,Postpaid Mobile,52.54,2,500,100,2018-07-23
PLN3EFCFF8F67,CUST100076410,Prepaid 5GB,Broadband,47.54,20,1000,500,2022-06-18
PLNF7CF687ADF,CUST100098167,Prepaid 5GB,Postpaid Mobile,63.45,10,500,500,2022-06-11
PLN342FA0B15E,CUST100020149,Unlimited Premium,Postpaid Mobile,74.68,20,-1,-1,2020-09-23
PLN1173F22455,CUST100042479,Fiber 1Gbps,Postpaid Mobile,73.81,5,1000,100,2024-01-05
PLN66DC447260,CUST100004386,Family Share 10GB,Postpaid Mobile,106.26,2,1000,500,2018-03-30
PLN290F77FCC3,CUST100013898,Prepaid 5GB,Broadband,60.09,-1,-1,100,2022-07-20
PLNB87CFDAD9F,CUST100048464,Family Share 10GB,Postpaid Mobile,58.5,-1,-1,500,2018-10-26
PLN17E865537C,CUST100014248,IoT Data Plan,Postpaid Mobile,129.44,50,500,500,2025-11-04
PLN57753C709C,CUST100044770,Unlimited Plus,Postpaid Mobile,45.46,10,1000,100,2018-10-12
PLNFD54AE3C38,CUST100014877,Family Share 10GB,Broadband,29.61,10,1000,-1,2021-02-15
PLNFA2F2C1084,CUST100093540,Fiber 500Mbps,Prepaid Mobile,135.79,50,1000,500,2021-08-28
PLN8164EA80E3,CUST100013069,Fiber 1Gbps,Postpaid Mobile,66.62,2,1000,100,2021-09-07
PLN341EA7B029,CUST100056848,Family Share 10GB,Postpaid Mobile,148.53,50,-1,100,2017-06-17
PLN6977183474,CUST100074789,IoT Data Plan,Postpaid Mobile,52.4,10,-1,500,2019-03-05
PLN81D5ECEF23,CUST100018391,Fiber 1Gbps,Postpaid Mobile,131.33,5,1000,500,2017-01-27
PLNAF32CFD6BC,CUST100029552,IoT Data Plan,Broadband,114.29,5,500,500,2019-02-05
PLN9FA55FFBC8,CUST100070690,Unlimited Basic,Prepaid Mobile,128.69,2,500,100,2024-12-26
PLNB8DDEAC08D,CUST100076953,Fiber 500Mbps,Postpaid Mobile,40.04,10,500,500,2019-10-15
PLN75D36DB3A8,CUST100056770,Fiber 1Gbps,Broadband,19.38,10,1000,100,2021-04-14
PLN6F233CE4CD,CUST100054880,Fiber 500Mbps,Postpaid Mobile,28.37,10,1000,100,2019-06-20
PLN7C29A6165C,CUST100025505,Unlimited Basic,Prepaid Mobile,86.22,-1,1000,500,2018-12-27
PLNE3A656266C,CUST100026117,IoT Data Plan,Postpaid Mobile,89.97,2,-1,100,2018-07-03
PLN6D3B6A689E,CUST100077239,Unlimited Premium,Postpaid Mobile,71.29,20,-1,500,2017-02-14
PLNAA0F28A444,CUST100006352,Unlimited Basic,Postpaid Mobile,89.67,5,1000,100,2019-03-11
PLN8CA32689E8,CUST100003695,IoT Data Plan,Prepaid Mobile,138.55,2,1000,500,2019-11-04
PLN9CFE88E7E9,CUST100023901,Family Share 10GB,Prepaid Mobile,140.67,2,-1,-1,2026-02-21
PLNECCB90AE3E,CUST100068093,Unlimited Plus,Prepaid Mobile,143.23,50,1000,500,2025-01-24
PLN0A8E7A6232,CUST100030070,Unlimited Premium,Broadband,61.55,5,500,500,2016-04-15
PLN9BC3B269CC,CUST100013686,Fiber 500Mbps,Postpaid Mobile,70.55,20,1000,-1,2023-08-16
PLN2FBC13DC49,CUST100061391,Unlimited Basic,Postpaid Mobile,49.69,50,-1,500,2022-11-11
PLNBE4CEFC6F0,CUST100011925,Unlimited Premium,Prepaid Mobile,82.75,5,1000,500,2020-08-23
PLN74412FC27B,CUST100013006,Prepaid 5GB,Postpaid Mobile,80.66,20,1000,500,2020-04-14
PLN898577A9C8,CUST100020569,Prepaid 5GB,Broadband,106.56,5,-1,500,2024-09-19
PLN3A2594A45C,CUST100052720,Unlimited Basic,Postpaid Mobile,39.0,-1,1000,-1,2021-11-15
PLN2AC3E15F17,CUST100050761,Unlimited Premium,Prepaid Mobile,81.74,2,500,100,2018-11-19
PLNE61C6708E8,CUST100051691,IoT Data Plan,Postpaid Mobile,20.42,-1,-1,500,2023-11-01
PLND7B771CA8C,CUST100008041,Fiber 500Mbps,Prepaid Mobile,56.16,20,-1,-1,2023-02-13
PLN2460340AFE,CUST100097558,Unlimited Basic,Postpaid Mobile,16.73,20,500,100,2021-04-19
PLN437659180B,CUST100042162,IoT Data Plan,Postpaid Mobile,120.5,50,-1,-1,2022-06-04
PLN07896EBD94,CUST100044167,Unlimited Basic,Broadband,122.66,5,1000,-1,2020-01-02
PLND26FDE27B1,CUST100025677,Prepaid 5GB,Postpaid Mobile,109.46,-1,-1,500,2016-01-25
PLN084B11EEB8,CUST100037316,Unlimited Plus,Broadband,107.98,-1,500,-1,2025-01-19
PLNCFD65187BD,CUST100021867,Prepaid 5GB,Broadband,92.88,20,500,100,2019-05-18
PLN089E06553E,CUST100029096,Prepaid 5GB,Prepaid Mobile,140.28,20,500,500,2022-06-01
PLNABD9E60B65,CUST100041948,Fiber 500Mbps,Postpaid Mobile,43.45,-1,500,-1,2019-12-21
PLN39735EF02D,CUST100011360,Unlimited Basic,Postpaid Mobile,82.42,20,-1,500,2016-12-03
PLNA645691EE3,CUST100050699,Family Share 10GB,Postpaid Mobile,53.56,10,500,500,2023-03-03
PLN0920E6B98E,CUST100020552,Family Share 10GB,Broadband,113.47,-1,-1,500,2024-12-19
PLN1FDF4F2683,CUST100068595,IoT Data Plan,Broadband,29.71,10,1000,-1,2023-09-02
PLNE58375665B,CUST100070286,Prepaid 5GB,IoT,113.73,-1,-1,-1,2021-03-23
PLN4CF4E945C3,CUST100081974,Unlimited Basic,Broadband,22.22,10,500,-1,2017-03-05
PLNE13F897283,CUST100091340,Unlimited Plus,Broadband,70.01,20,-1,-1,2018-01-16
PLN34C0D3F94D,CUST100099319,IoT Data Plan,Prepaid Mobile,131.74,5,1000,100,2022-10-26
PLNAAC2963301,CUST100043545,Fiber 500Mbps,Prepaid Mobile,18.36,10,-1,100,2022-05-11
PLN7FF1DC0318,CUST100036731,Prepaid 5GB,Postpaid Mobile,104.91,5,1000,100,2015-11-25
PLNE91F67B196,CUST100072738,Prepaid 5GB,Postpaid Mobile,140.81,20,1000,100,2018-06-29
PLN1DC5CB1A9F,CUST100062705,Fiber 1Gbps,IoT,31.51,20,-1,100,2024-09-02
PLNC6E64D1EFD,CUST100015734,Unlimited Plus,Postpaid Mobile,90.79,5,1000,-1,2016-12-23
PLN2D549954D7,CUST100092886,Fiber 500Mbps,Postpaid Mobile,71.59,50,1000,-1,2017-04-22
PLN3D90AC0D38,CUST100040819,Unlimited Premium,Prepaid Mobile,89.55,20,1000,100,2016-11-15
PLN4C80DB083F,CUST100039894,Family Share 10GB,Prepaid Mobile,132.36,10,500,500,2023-08-31
PLN9F4C7502E1,CUST100032021,Prepaid 5GB,Postpaid Mobile,32.64,-1,-1,100,2024-02-20
PLNAE89A865F4,CUST100069001,Family Share 10GB,Postpaid Mobile,98.34,10,-1,500,2018-03-07
PLNF9A8AD384B,CUST100036400,Unlimited Basic,Postpaid Mobile,21.92,-1,500,500,2018-08-19
PLN18238ECB24,CUST100050528,Fiber 1Gbps,Broadband,144.69,10,1000,500,2020-02-22
PLN38D76BD6C7,CUST100036228,Unlimited Plus,Prepaid Mobile,66.03,-1,-1,-1,2015-07-07
PLN95D609130D,CUST100016092,Prepaid 5GB,Postpaid Mobile,85.88,10,-1,500,2016-05-21
PLNCEDBE58D01,CUST100022309,Unlimited Basic,Postpaid Mobile,18.05,-1,-1,100,2024-07-05
PLNB7D2FADE07,CUST100092154,Family Share 10GB,IoT,105.38,10,500,-1,2019-09-17
PLN15474DDD65,CUST100050407,Unlimited Plus,Broadband,84.7,20,-1,500,2019-06-25
PLNF05A85FD80,CUST100080040,Fiber 1Gbps,Prepaid Mobile,26.92,10,1000,500,2016-07-18
PLN3A63BCA310,CUST100057469,Fiber 1Gbps,Postpaid Mobile,82.69,20,1000,500,2024-09-20
PLN86CB56B5D2,CUST100085751,Unlimited Premium,Postpaid Mobile,30.99,5,500,-1,2020-11-17
PLNCB3B3B9B05,CUST100060596,Family Share 10GB,Broadband,22.93,2,500,-1,2022-12-11
PLN0505342D6E,CUST100080198,Fiber 500Mbps,Postpaid Mobile,106.45,50,-1,500,2026-06-23
PLN18ACCD1335,CUST100051713,Fiber 1Gbps,Postpaid Mobile,60.5,50,500,-1,2022-05-19
PLN8672CECC02,CUST100023515,Unlimited Plus,Postpaid Mobile,102.82,2,500,100,2018-01-13
PLN74E7D07B60,CUST100005692,Fiber 1Gbps,Prepaid Mobile,80.1,-1,1000,-1,2021-01-21
PLN1428BA9B88,CUST100047218,IoT Data Plan,Prepaid Mobile,117.96,-1,-1,500,2025-01-03
PLN2E18D22192,CUST100025395,Unlimited Plus,Broadband,65.4,-1,-1,500,2025-09-29
PLN5B4162E5CC,CUST100001648,Fiber 500Mbps,Postpaid Mobile,40.44,50,1000,-1,2024-04-17
PLN4E393D21C9,CUST100097605,Unlimited Premium,Postpaid Mobile,50.46,5,-1,500,2016-08-23
PLN77EE9C7E46,CUST100046369,Unlimited Premium,Broadband,56.83,20,500,500,2018-08-23
PLNAD69038B0D,CUST100059014,IoT Data Plan,Postpaid Mobile,119.0,20,500,100,2017-10-10
PLNBE99437050,CUST100026384,Fiber 500Mbps,Prepaid Mobile,60.89,10,500,100,2017-09-15
PLN367B758165,CUST100088825,Unlimited Basic,Broadband,77.83,2,-1,500,2025-11-08
PLN6A9A2930CD,CUST100097776,Unlimited Premium,Postpaid Mobile,145.48,5,500,-1,2016-12-01
PLN1B0C016B5F,CUST100074108,Unlimited Plus,Postpaid Mobile,49.83,2,1000,100,2017-04-12
PLNF1DD7C1969,CUST100057805,IoT Data Plan,Prepaid Mobile,40.54,50,1000,500,2018-05-18
PLN411ACE4503,CUST100026730,Prepaid 5GB,Prepaid Mobile,93.96,20,500,500,2023-01-26
PLN8CAC5ABF98,CUST100078084,Prepaid 5GB,Broadband,87.72,5,-1,500,2022-08-01
PLN7C4CCBC916,CUST100010416,Unlimited Plus,Postpaid Mobile,32.55,5,1000,500,2016-11-25
PLND2C92AED6D,CUST100058881,Fiber 1Gbps,Postpaid Mobile,94.47,10,-1,500,2016-07-19
PLN62A5C186EF,CUST100021792,IoT Data Plan,Postpaid Mobile,117.24,50,1000,-1,2024-12-25
PLNDC6BE9B423,CUST100058358,Unlimited Premium,Postpaid Mobile,145.25,2,500,-1,2024-09-03
PLN7C23AD715E,CUST100066085,Unlimited Premium,Prepaid Mobile,105.25,10,1000,100,2021-06-10
PLNE727674E6D,CUST100095342,IoT Data Plan,Postpaid Mobile,72.49,20,1000,-1,2017-12-23
PLN4685C748D7,CUST100027740,Fiber 500Mbps,Postpaid Mobile,81.26,20,500,-1,2020-11-02
PLN750BDC3A65,CUST100064497,IoT Data Plan,Broadband,103.37,5,1000,500,2019-06-27
PLN040FC8EECB,CUST100021640,Fiber 500Mbps,Postpaid Mobile,28.71,10,500,500,2020-05-29
PLND12C4725BA,CUST100029746,Family Share 10GB,Postpaid Mobile,55.19,20,-1,-1,2023-07-19
PLN242D42B5FD,CUST100049115,Fiber 500Mbps,Prepaid Mobile,140.0,5,1000,500,2017-08-24
PLN3A6D006624,CUST100071939,Fiber 1Gbps,Prepaid Mobile,114.86,2,500,500,2018-06-28
PLNE6EB6887CC,CUST100095374,Family Share 10GB,Broadband,84.25,10,-1,-1,2020-06-24
PLN5729E41176,CUST100087392,Fiber 1Gbps,Postpaid Mobile,51.45,10,1000,100,2017-11-22
PLN41C4FC7684,CUST100078111,Unlimited Plus,Prepaid Mobile,116.2,5,-1,100,2025-04-07
PLN849263CE61,CUST100065364,IoT Data Plan,Postpaid Mobile,46.48,50,-1,100,2018-07-10
PLNBE0EDCA472,CUST100053534,Family Share 10GB,Broadband,50.11,20,1000,100,2020-06-22
PLNC55D6E8300,CUST100061361,Unlimited Basic,Broadband,96.4,20,1000,100,2022-08-29
PLN142C43A7EA,CUST100048124,Unlimited Premium,Prepaid Mobile,148.72,5,500,-1,2023-10-07
PLN1BDB44C99F,CUST100063627,Unlimited Basic,Prepaid Mobile,84.12,2,-1,-1,2018-11-21
PLN72A5E4E382,CUST100025497,Fiber 1Gbps,Postpaid Mobile,137.37,20,-1,500,2021-09-21
PLNB55D245295,CUST100078228,IoT Data Plan,Broadband,148.66,10,-1,100,2023-08-10
PLN9A306B01F6,CUST100053699,Fiber 1Gbps,Prepaid Mobile,118.08,5,1000,100,2015-05-25
PLN5822F7DCED,CUST100073508,Fiber 500Mbps,Broadband,60.56,5,1000,-1,2026-03-31
PLNA35BBB0620,CUST100020667,Prepaid 5GB,IoT,17.61,20,500,-1,2016-06-20
PLN6F029E3F07,CUST100014758,IoT Data Plan,Postpaid Mobile,141.6,50,1000,100,2024-11-14
PLN5C84481C24,CUST100097692,Fiber 1Gbps,Broadband,95.41,10,500,100,2018-01-07
PLN1646EC6FBA,CUST100005151,IoT Data Plan,Prepaid Mobile,115.41,2,-1,500,2018-12-07
PLN3FA9A2A65D,CUST100075461,Unlimited Plus,Postpaid Mobile,22.39,20,500,500,2021-11-06
PLN16B8528C19,CUST100017394,IoT Data Plan,Postpaid Mobile,101.22,2,1000,500,2017-12-03
PLN6ABDDA2F32,CUST100058859,Prepaid 5GB,Postpaid Mobile,74.09,-1,-1,500,2015-12-12
PLN20B096146C,CUST100049947,Unlimited Basic,Postpaid Mobile,145.41,5,500,100,2020-10-17
PLN965587310C,CUST100022226,Unlimited Plus,Postpaid Mobile,68.74,10,1000,-1,2017-07-19
PLN352343AB1C,CUST100080828,Unlimited Basic,Postpaid Mobile,139.65,20,1000,-1,2024-07-24
PLN0BB7929012,CUST100054741,Family Share 10GB,Postpaid Mobile,122.78,10,1000,500,2016-02-14
PLN079DF5741A,CUST100091013,Family Share 10GB,Postpaid Mobile,99.37,20,1000,100,2025-05-04
PLN08D90C64EE,CUST100023676,Family Share 10GB,IoT,129.49,20,-1,-1,2023-11-06
PLN73310122FF,CUST100031577,Unlimited Plus,Prepaid Mobile,50.48,10,-1,100,2020-04-22
PLN40B170F330,CUST100095709,Prepaid 5GB,Prepaid Mobile,72.87,-1,-1,500,2015-08-01
PLN9ECD385F11,CUST100011929,Unlimited Premium,Prepaid Mobile,83.88,5,1000,100,2024-12-24
PLN4D4A7E0C1F,CUST100019275,Family Share 10GB,Prepaid Mobile,21.35,10,1000,500,2019-01-23
PLNC788481AFA,CUST100044854,Prepaid 5GB,Postpaid Mobile,83.83,5,-1,100,2021-08-07
PLN9735ACA599,CUST100079376,IoT Data Plan,Postpaid Mobile,115.93,50,500,-1,2016-10-31
PLN9E24090604,CUST100094768,Fiber 500Mbps,Postpaid Mobile,44.11,20,-1,100,2022-04-14
PLNCFE7D9C150,CUST100007935,Fiber 500Mbps,Broadband,135.37,2,500,100,2024-02-01
PLN270BA8FD52,CUST100003282,Fiber 1Gbps,Prepaid Mobile,126.43,-1,-1,500,2020-12-16
PLN649D0C9D77,CUST100046164,Unlimited Basic,IoT,138.97,5,500,-1,2020-10-22
PLN1680A376C8,CUST100055820,IoT Data Plan,Postpaid Mobile,132.47,2,500,500,2025-12-06
PLNB2A2902D38,CUST100065770,Fiber 500Mbps,Broadband,89.22,2,500,100,2022-06-29
PLN70F30F98B4,CUST100050657,Unlimited Premium,Postpaid Mobile,140.9,-1,-1,-1,2018-10-25
PLNDFAE3F988C,CUST100060758,Prepaid 5GB,Broadband,88.12,-1,1000,500,2020-11-16
PLN24C9468F32,CUST100053557,Prepaid 5GB,Broadband,87.2,10,1000,-1,2023-09-13
PLNBE2F53A49E,CUST100020920,Unlimited Plus,Broadband,35.62,20,1000,500,2025-05-11
PLN497CB3F5BD,CUST100021193,Unlimited Basic,Broadband,88.04,5,1000,-1,2026-06-22
PLNFE782DF3CB,CUST100065481,Unlimited Premium,Postpaid Mobile,15.14,50,500,100,2025-01-16
PLNDAFE06C6FF,CUST100067876,Unlimited Plus,IoT,104.16,5,1000,500,2015-07-23
PLN97E86DB9D9,CUST100009629,Unlimited Basic,Postpaid Mobile,32.69,10,500,-1,2017-05-22
PLND01A42F5D9,CUST100096806,Unlimited Basic,Postpaid Mobile,16.3,50,500,-1,2023-12-16
PLN3777A92D55,CUST100081630,Unlimited Basic,Prepaid Mobile,56.53,-1,-1,-1,2023-02-06
PLND6ABEBD2AC,CUST100086269,IoT Data Plan,Postpaid Mobile,147.55,10,-1,500,2019-11-12
PLND6286144E0,CUST100097777,IoT Data Plan,Broadband,43.39,50,500,100,2015-05-04
PLN6BFFEE6305,CUST100081294,Unlimited Premium,Postpaid Mobile,106.17,50,1000,-1,2019-05-12
PLN216A4E721B,CUST100005171,Fiber 500Mbps,Postpaid Mobile,48.51,5,1000,500,2019-05-29
PLN0004FCE475,CUST100088592,Fiber 500Mbps,Postpaid Mobile,79.39,2,1000,-1,2018-06-27
PLNA0D0A5CF5F,CUST100088033,Fiber 500Mbps,Broadband,141.66,-1,1000,500,2020-11-25
PLNE01FF3DE03,CUST100044449,IoT Data Plan,Prepaid Mobile,134.43,20,500,-1,2021-12-02
PLN323ECB0258,CUST100041098,Fiber 1Gbps,Prepaid Mobile,22.09,20,1000,100,2015-02-18
PLN180B81C639,CUST100086711,Family Share 10GB,Postpaid Mobile,19.67,-1,500,100,2016-03-03
PLN57C7ADA2B9,CUST100061986,Fiber 500Mbps,Prepaid Mobile,92.85,50,-1,500,2023-12-29
PLN9F884D2D10,CUST100090584,Unlimited Premium,Postpaid Mobile,71.98,10,500,100,2019-06-24
PLND6567EED50,CUST100040595,Fiber 1Gbps,Prepaid Mobile,116.83,2,1000,500,2017-09-07
PLNBF40BD239B,CUST100055585,Family Share 10GB,Postpaid Mobile,103.3,5,-1,-1,2025-12-07
PLND7A1E3AB00,CUST100034132,IoT Data Plan,Postpaid Mobile,65.76,50,-1,-1,2018-01-07
PLN8E1E2EE30D,CUST100033881,Prepaid 5GB,Prepaid Mobile,23.37,-1,-1,100,2015-07-19
PLN68C6F756AF,CUST100023529,Family Share 10GB,Postpaid Mobile,148.12,10,-1,100,2023-11-10
PLND6A01564DE,CUST100006425,Family Share 10GB,Prepaid Mobile,130.1,20,1000,100,2015-05-01
PLN796A2C23B1,CUST100086858,Family Share 10GB,Prepaid Mobile,51.29,2,500,100,2025-11-14
PLNF60400D0A8,CUST100029075,IoT Data Plan,Postpaid Mobile,134.55,-1,500,100,2021-02-06
PLN19DABABF71,CUST100045875,Fiber 500Mbps,Postpaid Mobile,39.33,-1,1000,500,2017-02-04
PLN577DF1DFE0,CUST100037729,Family Share 10GB,Prepaid Mobile,41.98,10,1000,-1,2016-04-04
PLN48BDA69FB7,CUST100096654,IoT Data Plan,Broadband,25.05,10,1000,500,2015-11-02
PLNB0750D3D68,CUST100004088,Family Share 10GB,Postpaid Mobile,39.28,20,500,-1,2017-12-10
PLNFCD9F711C5,CUST100064331,Family Share 10GB,Broadband,24.51,5,-1,-1,2015-01-10
PLNC545D34C6A,CUST100022658,Unlimited Basic,Broadband,94.79,2,500,500,2021-12-14
PLN9B31A82A67,CUST100045218,Unlimited Premium,Prepaid Mobile,16.3,10,1000,-1,2025-10-22
PLN4A26103FAB,CUST100073511,Unlimited Basic,Broadband,133.15,5,500,-1,2021-10-31
PLN571B98E555,CUST100097735,Family Share 10GB,Postpaid Mobile,90.75,50,-1,100,2016-12-11
PLN9DC74D7CA4,CUST100054420,Prepaid 5GB,Prepaid Mobile,123.03,2,1000,100,2024-09-22
PLN2EA8EBA566,CUST100006943,Unlimited Basic,Postpaid Mobile,66.25,50,1000,-1,2024-03-10
PLN9DFCBAFB0A,CUST100098426,Unlimited Basic,Postpaid Mobile,69.85,50,1000,100,2023-08-12
PLN7FB8425A1B,CUST100053008,Unlimited Plus,Broadband,68.49,50,1000,100,2022-12-04
PLNEA2DCF839D,CUST100054413,Unlimited Plus,Postpaid Mobile,84.45,20,500,500,2023-11-14
PLNDA7EB47E53,CUST100059242,Unlimited Premium,Prepaid Mobile,30.18,-1,500,-1,2023-08-09
PLN4A94786857,CUST100080903,Unlimited Plus,Postpaid Mobile,101.6,2,500,100,2024-01-23
PLNA0FEC289DC,CUST100023161,Unlimited Premium,Prepaid Mobile,81.91,-1,-1,-1,2026-02-04
PLN316FCF7BBA,CUST100009132,Unlimited Plus,Postpaid Mobile,56.4,5,1000,100,2019-03-08
PLNCFDD05E1B7,CUST100048075,Unlimited Plus,Prepaid Mobile,80.38,20,1000,-1,2021-01-31
PLN63B3259A3C,CUST100084610,Unlimited Plus,Postpaid Mobile,139.75,2,1000,100,2018-04-18
PLN283B01F897,CUST100068544,Fiber 500Mbps,Postpaid Mobile,116.8,20,500,-1,2017-06-03
PLND1CF9598B2,CUST100039588,Unlimited Plus,Prepaid Mobile,107.31,5,-1,500,2026-01-04
PLN592F0E0E77,CUST100046998,Unlimited Premium,Postpaid Mobile,133.87,20,1000,500,2015-12-09
PLN618DB9450A,CUST100007424,Family Share 10GB,Prepaid Mobile,109.95,20,500,100,2016-04-29
PLN6A34D15AF0,CUST100010053,Family Share 10GB,Broadband,55.93,-1,500,-1,2017-11-08
PLNBBFAA40810,CUST100010939,Unlimited Premium,Postpaid Mobile,68.36,5,500,-1,2015-08-05
PLNC8A022BDED,CUST100021116,Fiber 500Mbps,Postpaid Mobile,37.53,5,500,100,2025-09-10
PLN1F564C35FE,CUST100058069,Unlimited Premium,Postpaid Mobile,102.77,20,1000,500,2019-08-03
PLN9CAE9B9927,CUST100069323,Fiber 1Gbps,Postpaid Mobile,15.66,10,1000,100,2024-12-01
PLN7DF86ED54B,CUST100070526,Fiber 500Mbps,Postpaid Mobile,131.06,10,500,-1,2016-01-31
PLNE3B2AF653C,CUST100030128,Family Share 10GB,Broadband,130.55,5,-1,500,2023-03-21
PLN40F5E11313,CUST100037653,Prepaid 5GB,Prepaid Mobile,113.98,50,-1,-1,2019-03-03
PLNDF4BB29AC1,CUST100070354,Unlimited Premium,Postpaid Mobile,82.81,-1,500,100,2021-02-21
PLNE8F1B03DBF,CUST100048503,Unlimited Premium,Postpaid Mobile,87.62,50,1000,100,2026-04-25
PLN9E4E0DACB4,CUST100052920,Fiber 1Gbps,Postpaid Mobile,24.49,5,1000,500,2024-01-31
PLN453AF35BA8,CUST100038776,Fiber 1Gbps,Prepaid Mobile,123.63,2,1000,500,2019-06-11
PLN946738E5FD,CUST100069598,Prepaid 5GB,Prepaid Mobile,36.9,50,-1,-1,2018-02-13
PLNBDD3AB62E6,CUST100064267,Prepaid 5GB,Postpaid Mobile,144.93,10,500,500,2023-09-21
PLNB7829872F7,CUST100025739,Unlimited Premium,Prepaid Mobile,38.43,10,500,500,2016-11-20
PLN0E7652E047,CUST100070139,Unlimited Plus,Prepaid Mobile,95.56,5,-1,-1,2019-03-09
PLN5E4AA056E2,CUST100054256,Fiber 1Gbps,Postpaid Mobile,40.33,10,1000,500,2020-05-28
PLNE95B2A3A86,CUST100014528,Fiber 1Gbps,Postpaid Mobile,16.7,10,500,-1,2023-02-16
PLN05C47D3482,CUST100000668,Fiber 500Mbps,Broadband,73.15,10,1000,100,2021-02-11
PLN2670880D14,CUST100090439,IoT Data Plan,Prepaid Mobile,93.41,2,500,100,2018-10-07
PLNA2C976D2EE,CUST100010373,Fiber 500Mbps,Postpaid Mobile,28.19,50,500,100,2023-03-03
PLNF7372EAE23,CUST100020412,Fiber 500Mbps,Postpaid Mobile,124.6,-1,1000,-1,2017-03-29
PLN0F0E605A81,CUST100096728,Unlimited Premium,Postpaid Mobile,56.92,10,-1,100,2018-10-16
PLN7ED6DC428B,CUST100071961,Unlimited Plus,Postpaid Mobile,17.9,5,1000,500,2017-01-24
PLN8D186BADBF,CUST100071740,Unlimited Premium,Postpaid Mobile,37.01,-1,500,100,2026-03-24
PLN74D8F675F1,CUST100098776,Prepaid 5GB,Postpaid Mobile,51.6,2,1000,100,2019-03-29
PLN84CEC746FC,CUST100056185,Unlimited Basic,IoT,114.95,-1,500,-1,2020-10-12
PLN7F0B1552F8,CUST100059190,Family Share 10GB,Postpaid Mobile,104.48,50,1000,500,2024-09-02
PLN04291F3C24,CUST100060261,Fiber 1Gbps,Postpaid Mobile,120.2,2,1000,100,2022-02-12
PLNAFE07C5AB2,CUST100054573,Unlimited Basic,Postpaid Mobile,24.28,50,500,500,2023-12-02
PLNEEBDCCD951,CUST100068716,IoT Data Plan,Prepaid Mobile,38.31,5,-1,-1,2025-08-13
PLN3FDD92524A,CUST100080488,Family Share 10GB,Prepaid Mobile,32.79,2,-1,100,2021-07-19
PLNAFDB93EEED,CUST100050045,Prepaid 5GB,Postpaid Mobile,46.44,-1,1000,100,2025-04-03
PLNDB484C5962,CUST100026680,Prepaid 5GB,Postpaid Mobile,37.05,10,-1,-1,2023-04-17
PLNA81848CB1F,CUST100069505,Family Share 10GB,Prepaid Mobile,123.04,2,1000,500,2015-12-06
PLN6C912DEAD0,CUST100028761,Fiber 1Gbps,Broadband,53.87,20,500,100,2024-05-01
PLN11509F99A8,CUST100016642,Unlimited Basic,Postpaid Mobile,115.9,-1,-1,-1,2026-05-17
PLN3CE6A34B1D,CUST100082372,Unlimited Basic,Postpaid Mobile,91.27,50,500,-1,2020-06-29
PLN93DE545884,CUST100080945,Fiber 500Mbps,Prepaid Mobile,79.26,10,-1,100,2015-07-16
PLN4BB150F5D7,CUST100014196,IoT Data Plan,Prepaid Mobile,83.7,2,1000,100,2026-04-05
PLNECCCD881D4,CUST100059563,Prepaid 5GB,Broadband,69.41,20,1000,100,2015-10-06
PLNAFACAA7623,CUST100035065,Unlimited Premium,Postpaid Mobile,57.77,50,1000,100,2021-09-22
PLN52D1840115,CUST100033026,Unlimited Plus,Postpaid Mobile,31.16,5,-1,-1,2018-03-31
PLNAA969FED20,CUST100038762,Unlimited Premium,Broadband,55.73,2,1000,500,2023-08-06
PLN6374E002A8,CUST100046551,Unlimited Basic,Broadband,93.27,10,1000,100,2021-10-02
PLN498D57C195,CUST100060132,Unlimited Basic,IoT,86.15,5,500,-1,2017-07-13
PLN4C040B6EDB,CUST100026777,Fiber 500Mbps,Postpaid Mobile,141.31,10,-1,100,2026-04-15
PLNCB1E6DB409,CUST100006317,Fiber 1Gbps,Postpaid Mobile,19.44,5,1000,100,2015-06-16
PLNE7C39A7072,CUST100012520,Unlimited Basic,Postpaid Mobile,94.06,20,-1,500,2024-01-28
PLNE494245CF8,CUST100098976,Unlimited Basic,Postpaid Mobile,137.57,20,500,500,2020-10-11
PLN83C835DC92,CUST100064112,Unlimited Basic,Postpaid Mobile,83.38,-1,-1,-1,2020-11-22
PLN31D723E4EA,CUST100034819,Unlimited Basic,Prepaid Mobile,17.65,10,500,100,2021-11-24
PLN1301854973,CUST100042871,Fiber 500Mbps,Postpaid Mobile,109.48,10,500,500,2019-10-21
PLN435CDEE29F,CUST100041301,Fiber 1Gbps,Prepaid Mobile,107.57,10,-1,100,2021-02-01
PLN7D902A16C6,CUST100087435,Fiber 1Gbps,Postpaid Mobile,36.19,10,500,100,2015-10-24
PLNA36722C542,CUST100069528,Unlimited Plus,Prepaid Mobile,38.5,-1,-1,100,2016-10-14
PLN7346F2E29D,CUST100008020,IoT Data Plan,Prepaid Mobile,87.1,2,1000,100,2016-08-14
PLNC654763E06,CUST100084613,Unlimited Basic,Postpaid Mobile,30.99,5,1000,-1,2025-01-20
PLNE505B8E0E5,CUST100090714,Prepaid 5GB,Postpaid Mobile,120.83,50,-1,500,2017-04-29
PLN2B1D571BF2,CUST100074621,IoT Data Plan,Postpaid Mobile,84.21,2,1000,100,2017-03-20
PLNFCFD35A9AB,CUST100021081,Unlimited Premium,Postpaid Mobile,47.64,2,1000,500,2016-10-26
PLNBADB998378,CUST100082619,IoT Data Plan,Postpaid Mobile,81.46,10,-1,100,2020-10-19
PLN7665E3F467,CUST100068489,IoT Data Plan,Postpaid Mobile,50.32,20,500,-1,2023-05-06
PLN08EE73C7AB,CUST100054823,Prepaid 5GB,Broadband,64.46,10,1000,100,2016-07-29
PLN7818294A09,CUST100069136,IoT Data Plan,IoT,64.05,10,500,500,2025-03-31
PLNC780E04D4C,CUST100087481,Fiber 500Mbps,Postpaid Mobile,43.66,5,500,-1,2015-07-16
PLNB33118ECA8,CUST100064400,Fiber 1Gbps,Postpaid Mobile,95.14,20,-1,500,2018-09-14
PLNFBFCCD28DD,CUST100069276,Unlimited Basic,Broadband,69.51,10,-1,-1,2024-05-12
PLNF126BEBCA3,CUST100082939,Unlimited Basic,Postpaid Mobile,43.49,20,500,500,2026-02-22
PLN7C0A2B8A6E,CUST100024787,Family Share 10GB,Broadband,75.26,-1,500,-1,2017-10-08
PLN70D68F0342,CUST100077933,Fiber 1Gbps,Postpaid Mobile,39.32,20,500,500,2023-06-13
PLNE6AE004E64,CUST100045302,Unlimited Basic,Postpaid Mobile,53.0,10,1000,100,2022-07-15
PLND56607BD1B,CUST100070873,Unlimited Premium,Postpaid Mobile,125.05,5,500,500,2018-11-09
PLN77BFC7A8A2,CUST100045658,Fiber 500Mbps,Broadband,105.31,5,500,100,2016-03-23
PLN4E4445084E,CUST100029046,Unlimited Premium,Prepaid Mobile,18.91,50,-1,100,2025-04-30
PLN3692369712,CUST100039417,Fiber 1Gbps,Postpaid Mobile,145.71,10,500,500,2020-08-09
PLN6C6299E1D9,CUST100055514,IoT Data Plan,Postpaid Mobile,112.93,50,1000,-1,2016-11-10
PLN97F4F1200A,CUST100019744,Unlimited Premium,Postpaid Mobile,116.83,2,-1,-1,2025-05-21
PLNE33E4C3001,CUST100033160,Prepaid 5GB,Broadband,123.47,50,-1,-1,2020-03-24
PLN3A4FD29BB9,CUST100088477,Prepaid 5GB,Prepaid Mobile,34.39,50,-1,100,2021-06-15
PLN2E6C9E26F3,CUST100050511,Fiber 1Gbps,Postpaid Mobile,75.12,5,-1,500,2024-11-19
PLN3C069E8287,CUST100097236,Prepaid 5GB,Prepaid Mobile,39.03,10,-1,500,2019-11-28
PLN3F1D9AFCB5,CUST100069554,Fiber 1Gbps,Prepaid Mobile,92.19,50,-1,100,2021-10-14
PLN1D082F9BEA,CUST100085093,Prepaid 5GB,Postpaid Mobile,63.11,50,-1,100,2015-05-30
PLN4C980FFB05,CUST100091148,Unlimited Plus,Broadband,60.33,5,500,500,2016-06-13
PLN08EE7CE0FC,CUST100060009,IoT Data Plan,Postpaid Mobile,126.55,10,1000,-1,2016-08-13
PLNC9A4CC821F,CUST100093573,Fiber 500Mbps,Prepaid Mobile,26.32,5,500,-1,2024-03-24
PLNB030A964AC,CUST100063086,Unlimited Plus,Broadband,100.18,-1,-1,100,2015-12-16
PLN453347FADA,CUST100048185,Unlimited Premium,Prepaid Mobile,44.53,-1,-1,100,2025-04-04
PLN6C11C6FB8B,CUST100040865,IoT Data Plan,Prepaid Mobile,118.66,-1,500,-1,2022-11-17
PLN8C4458C7B9,CUST100092903,Prepaid 5GB,IoT,44.88,10,-1,-1,2015-05-15
PLNB2FADEDED5,CUST100077281,IoT Data Plan,Prepaid Mobile,74.31,50,500,-1,2018-07-03
PLN2D701ACBC0,CUST100088517,Fiber 1Gbps,Prepaid Mobile,137.24,5,-1,-1,2025-06-04
PLN0C6530E7CC,CUST100031399,Unlimited Plus,IoT,17.1,10,500,500,2025-08-16
PLN6BCD70480D,CUST100003697,Unlimited Premium,Broadband,133.38,-1,-1,-1,2023-10-26
PLN4F3AEED1C6,CUST100015260,Unlimited Basic,Postpaid Mobile,119.92,50,1000,-1,2021-10-08
PLN220167C355,CUST100083395,Unlimited Plus,Broadband,41.22,2,500,500,2020-02-25
PLN0E22F77065,CUST100060648,Family Share 10GB,Prepaid Mobile,111.36,20,-1,500,2019-04-04
PLNF0C4449D0F,CUST100046952,Unlimited Basic,Prepaid Mobile,35.23,50,1000,100,2023-03-16
PLN5C23370E80,CUST100025753,Unlimited Basic,Postpaid Mobile,93.13,50,500,-1,2020-07-23
PLNF007A6CC90,CUST100026071,Fiber 500Mbps,Postpaid Mobile,23.78,20,-1,-1,2016-08-27
PLN5BFCBE3CAD,CUST100035699,Unlimited Basic,Postpaid Mobile,20.29,20,-1,500,2026-03-18
PLN3AC119DB21,CUST100069577,Unlimited Plus,Postpaid Mobile,103.39,2,500,500,2017-11-02
PLNB2EF737D30,CUST100009616,Fiber 500Mbps,Broadband,79.48,10,500,-1,2017-05-15
PLNCE1FFB8C50,CUST100086378,Fiber 500Mbps,Postpaid Mobile,86.57,10,500,100,2025-12-23
PLN6D73397C5F,CUST100085214,Family Share 10GB,Postpaid Mobile,114.05,5,500,500,2022-12-04
PLND14CBA907D,CUST100078470,Unlimited Plus,Broadband,136.37,20,1000,100,2022-11-12
PLN21143E9882,CUST100035271,IoT Data Plan,Postpaid Mobile,121.88,10,500,100,2017-06-07
PLN6ABC4B02C1,CUST100025013,Family Share 10GB,Prepaid Mobile,78.65,2,1000,500,2018-10-11
PLN04B1390892,CUST100003803,Fiber 1Gbps,Prepaid Mobile,139.55,20,500,500,2019-01-16
PLNB3A3648388,CUST100013986,IoT Data Plan,Prepaid Mobile,100.81,-1,-1,100,2020-07-09
PLN5451FF5573,CUST100081165,Unlimited Plus,Prepaid Mobile,146.06,-1,-1,500,2025-08-27
PLN331DC588A9,CUST100081137,Family Share 10GB,Broadband,17.89,-1,-1,-1,2018-04-29
PLND3079DDA52,CUST100067702,Unlimited Premium,IoT,107.26,20,500,500,2019-03-19
PLNFB19F91154,CUST100052536,Prepaid 5GB,IoT,90.3,50,500,100,2019-08-26
PLN3E177298E1,CUST100002400,Fiber 1Gbps,Broadband,57.82,20,-1,-1,2015-02-10
PLN255D5CAEC2,CUST100067424,Prepaid 5GB,Postpaid Mobile,91.95,2,-1,-1,2021-08-01
PLN0CA7D66EFE,CUST100054598,Unlimited Plus,Postpaid Mobile,50.93,-1,1000,-1,2025-11-26
PLN57ABCB7AAB,CUST100063720,Fiber 500Mbps,IoT,86.75,10,1000,-1,2017-03-07
PLN64C773EA25,CUST100016965,Unlimited Plus,Postpaid Mobile,132.36,5,-1,-1,2019-03-08
PLN5224A8BB88,CUST100096821,Family Share 10GB,Postpaid Mobile,32.44,10,500,-1,2020-01-25
PLN31E32B82B6,CUST100025718,Unlimited Basic,Postpaid Mobile,148.53,-1,1000,100,2018-03-25
PLNCD943973EE,CUST100032084,Family Share 10GB,Postpaid Mobile,127.36,5,1000,-1,2024-10-18
PLN724A40B4F8,CUST100068584,Unlimited Premium,IoT,76.83,50,-1,100,2015-10-27
PLN995ED65DB8,CUST100069494,Family Share 10GB,Postpaid Mobile,92.67,5,1000,-1,2024-07-18
PLN8D0191B868,CUST100037094,Unlimited Basic,Prepaid Mobile,68.9,5,-1,100,2016-11-11
PLN101675F0CE,CUST100070492,Fiber 1Gbps,Postpaid Mobile,69.27,5,1000,500,2016-02-16
PLNBA19EF70B4,CUST100033194,Fiber 500Mbps,IoT,52.25,10,1000,500,2020-10-17
PLN85626626D3,CUST100089983,IoT Data Plan,Postpaid Mobile,108.89,10,500,-1,2016-12-21
PLN11397D2949,CUST100007447,IoT Data Plan,Postpaid Mobile,34.97,-1,1000,500,2017-04-12
PLN886393743E,CUST100081879,Unlimited Premium,Broadband,118.99,50,1000,500,2017-03-15
PLNFED537CB7D,CUST100027597,Fiber 1Gbps,Postpaid Mobile,59.85,10,500,-1,2023-08-21
PLN24AC443E3F,CUST100092929,Unlimited Premium,Prepaid Mobile,30.61,5,500,500,2022-02-16
PLNADAB1883E8,CUST100051590,Fiber 500Mbps,Prepaid Mobile,103.21,2,1000,-1,2025-12-31
PLNF5B3FCB307,CUST100014067,Unlimited Basic,Prepaid Mobile,19.06,-1,1000,-1,2019-05-31
PLN1600C0C3EA,CUST100021315,Fiber 500Mbps,Broadband,138.23,10,-1,100,2025-12-26
PLN6689F7D555,CUST100042150,IoT Data Plan,Postpaid Mobile,52.46,20,-1,-1,2024-02-25
PLNA57E8A3562,CUST100026315,Fiber 1Gbps,Broadband,128.97,2,500,500,2018-04-30
PLNF7E7A76748,CUST100034443,IoT Data Plan,Prepaid Mobile,111.78,10,-1,-1,2026-03-24
PLN8D75BD3137,CUST100016741,Fiber 1Gbps,Postpaid Mobile,101.27,2,-1,-1,2018-06-18
PLN826889F68F,CUST100031514,Prepaid 5GB,Broadband,51.17,2,1000,500,2023-01-02
PLN55648FE094,CUST100050437,Family Share 10GB,Broadband,67.57,2,500,-1,2018-08-20
PLNECAD3E0298,CUST100084669,IoT Data Plan,Broadband,34.86,20,500,100,2015-10-02
PLN75A6BFBED3,CUST100074110,Unlimited Premium,Broadband,21.53,5,500,-1,2025-10-03
PLNFC56AE1085,CUST100047821,Prepaid 5GB,Postpaid Mobile,33.0,20,-1,500,2017-03-22
PLN2CB08DA729,CUST100035157,Unlimited Premium,Postpaid Mobile,125.05,20,1000,-1,2022-05-04
PLN0E4B0D23C6,CUST100074498,Unlimited Plus,Prepaid Mobile,84.71,-1,1000,100,2017-08-25
PLN5361B403B7,CUST100057506,Family Share 10GB,Postpaid Mobile,133.69,20,500,100,2026-05-05
PLN0D9584B7A3,CUST100008451,Fiber 500Mbps,Postpaid Mobile,98.48,2,500,500,2017-05-08
PLN775A0FFD72,CUST100074454,Fiber 1Gbps,Postpaid Mobile,106.61,20,1000,100,2018-08-22
PLNCE55A26FF0,CUST100024669,Prepaid 5GB,Prepaid Mobile,101.08,5,1000,500,2019-05-26
PLNE966DA87E2,CUST100013536,Unlimited Premium,Postpaid Mobile,67.91,5,500,500,2024-12-13
PLNC202648DFA,CUST100089133,Fiber 1Gbps,Postpaid Mobile,118.45,5,500,500,2023-04-09
PLN820B20061A,CUST100034006,Family Share 10GB,Broadband,42.22,5,-1,500,2017-01-01
PLN6B5E8C1CEF,CUST100024644,Unlimited Basic,Prepaid Mobile,102.19,5,1000,100,2017-05-06
PLN40256CF654,CUST100024180,Fiber 1Gbps,Postpaid Mobile,79.7,2,-1,-1,2019-02-28
PLNF7C77DBBFE,CUST100046141,IoT Data Plan,Postpaid Mobile,16.68,20,500,500,2015-01-31
PLN290CAB555C,CUST100031789,Fiber 1Gbps,Postpaid Mobile,86.78,10,-1,500,2018-12-28
PLN06942BB191,CUST100033524,Prepaid 5GB,Postpaid Mobile,17.59,20,1000,500,2024-02-14
PLND1F25B652A,CUST100006990,Prepaid 5GB,Postpaid Mobile,32.79,2,1000,500,2022-01-24
PLN88D58021C7,CUST100065883,Prepaid 5GB,Postpaid Mobile,94.1,10,-1,500,2020-04-21
PLNAA62D657CA,CUST100052986,Fiber 500Mbps,Postpaid Mobile,38.04,2,1000,100,2021-12-07
PLN95BB5C6910,CUST100052742,Unlimited Premium,Postpaid Mobile,48.81,20,500,100,2018-04-13
PLNAF88A21DF9,CUST100058558,Family Share 10GB,Broadband,103.97,10,-1,-1,2017-01-21
PLN04F7F9D7BD,CUST100035887,IoT Data Plan,Postpaid Mobile,21.43,50,-1,-1,2026-05-22
PLN3977441961,CUST100089980,IoT Data Plan,Postpaid Mobile,82.38,50,500,-1,2017-06-22
PLNAE0047AC04,CUST100095989,Family Share 10GB,Postpaid Mobile,105.69,10,-1,100,2020-11-19
PLNAEF407F4ED,CUST100063676,Prepaid 5GB,Prepaid Mobile,101.33,-1,-1,500,2019-05-27
PLN9707174612,CUST100063981,IoT Data Plan,Postpaid Mobile,147.64,50,1000,-1,2023-05-14
PLN5E62E1881D,CUST100093760,Unlimited Plus,Postpaid Mobile,80.86,-1,-1,500,2016-07-07
PLNA06C15C38E,CUST100083139,IoT Data Plan,Prepaid Mobile,108.22,20,1000,100,2021-11-20
PLN03C666DB41,CUST100097383,IoT Data Plan,Broadband,87.78,2,-1,100,2021-06-04
PLN676F0C4E8F,CUST100022010,Unlimited Basic,Postpaid Mobile,66.34,50,-1,100,2026-02-03
PLNCFC09B68C0,CUST100081665,Unlimited Plus,Broadband,105.76,2,500,-1,2015-06-27
PLNA2E3A0A870,CUST100036790,Family Share 10GB,Postpaid Mobile,62.19,50,-1,500,2018-12-29
PLN9350822E73,CUST100066107,Fiber 500Mbps,Prepaid Mobile,129.2,2,1000,500,2022-05-10
PLNFFCF7E88B4,CUST100090918,Unlimited Premium,Postpaid Mobile,64.04,20,1000,-1,2016-06-26
PLN648EEDB3B1,CUST100095783,Unlimited Plus,Prepaid Mobile,71.54,2,1000,-1,2026-05-31
PLN26C43DF25E,CUST100057150,Family Share 10GB,Prepaid Mobile,28.02,5,500,100,2017-10-28
PLN472D67EE18,CUST100006161,Family Share 10GB,Postpaid Mobile,91.31,5,-1,100,2016-08-22
PLN9C8D100E72,CUST100086406,Unlimited Premium,Postpaid Mobile,138.25,20,-1,-1,2017-05-28
PLN67F4848CBE,CUST100071093,Unlimited Plus,Postpaid Mobile,78.38,50,500,-1,2019-11-01
PLN2CB67FF17A,CUST100042716,Unlimited Plus,Postpaid Mobile,17.22,50,1000,500,2021-11-16
PLNEFF5EEB70C,CUST100068643,Unlimited Basic,Postpaid Mobile,86.7,50,-1,100,2025-10-15
PLN7D5E195481,CUST100015479,Family Share 10GB,Broadband,107.37,2,500,500,2016-07-11
PLN7A9694815A,CUST100062547,Prepaid 5GB,Postpaid Mobile,88.42,10,500,500,2017-09-12
PLNFE1B596A51,CUST100013840,Unlimited Basic,Prepaid Mobile,20.67,5,1000,500,2024-09-08
PLN82F26D03AF,CUST100098932,Unlimited Basic,Broadband,145.96,5,1000,-1,2024-04-14
PLN565BC917A2,CUST100005281,Prepaid 5GB,Prepaid Mobile,88.83,5,1000,500,2022-12-22
PLNA309AA3043,CUST100000254,IoT Data Plan,Postpaid Mobile,90.39,20,-1,100,2015-11-04
PLN9FE4907736,CUST100029048,Family Share 10GB,Postpaid Mobile,105.22,10,1000,500,2020-07-28
PLN2B880A787D,CUST100043903,Prepaid 5GB,Postpaid Mobile,102.27,20,1000,100,2023-04-24
PLNDF7EF0197C,CUST100078421,Fiber 500Mbps,IoT,33.48,2,-1,500,2015-10-26
PLN829BF03279,CUST100015904,Unlimited Plus,Postpaid Mobile,110.42,5,-1,500,2024-12-17
PLN22684DAAB5,CUST100086347,Fiber 1Gbps,Broadband,88.69,-1,500,100,2016-01-18
PLN4E1E236B08,CUST100090541,Fiber 500Mbps,Postpaid Mobile,137.77,50,-1,-1,2020-01-17
PLN281CB79C03,CUST100032912,Unlimited Plus,Postpaid Mobile,104.29,50,-1,500,2024-09-08
PLN46707A9960,CUST100018652,Prepaid 5GB,Postpaid Mobile,54.75,10,-1,100,2016-10-31
PLNF2418794FC,CUST100081681,Unlimited Premium,IoT,34.59,2,-1,500,2026-03-22
PLN03904B303A,CUST100010150,Prepaid 5GB,Postpaid Mobile,17.0,-1,-1,500,2015-01-10
PLN573180C448,CUST100093763,Fiber 500Mbps,Postpaid Mobile,113.73,5,500,100,2017-01-28
PLN4951B26BA4,CUST100099792,IoT Data Plan,Postpaid Mobile,138.56,50,-1,-1,2025-09-20
PLN1705EE32D5,CUST100013739,Unlimited Basic,Postpaid Mobile,31.15,50,500,-1,2024-03-07
PLN15E22124B5,CUST100040089,Prepaid 5GB,Postpaid Mobile,96.3,-1,-1,-1,2025-05-16
PLN678FC6BEEC,CUST100073029,IoT Data Plan,Broadband,37.98,2,500,100,2023-03-31
PLN26BACDA4F2,CUST100053469,Unlimited Plus,Postpaid Mobile,32.77,-1,-1,100,2019-05-14
PLN4829052B2E,CUST100008801,Prepaid 5GB,Broadband,40.2,2,1000,-1,2019-12-16
PLNC3D68F6857,CUST100028390,Fiber 1Gbps,Postpaid Mobile,56.73,5,-1,100,2017-08-23
PLNFE6FEB16F7,CUST100094018,Unlimited Premium,Prepaid Mobile,143.52,2,-1,-1,2015-02-16
PLN68E5C24CD3,CUST100025724,Unlimited Plus,Prepaid Mobile,116.6,5,-1,100,2023-07-18
PLND12DA392CE,CUST100089597,Unlimited Basic,Prepaid Mobile,118.04,-1,500,-1,2020-06-17
PLNDAF241FB51,CUST100072386,Fiber 1Gbps,Broadband,34.54,50,1000,100,2017-05-11
PLN33D8FCD0B5,CUST100086033,Fiber 500Mbps,Broadband,91.19,2,-1,500,2019-12-22
PLN9D2E01F5EB,CUST100062494,Unlimited Premium,Postpaid Mobile,64.13,5,1000,100,2023-04-03
PLN37217C06F2,CUST100008199,Family Share 10GB,Postpaid Mobile,112.7,2,1000,100,2023-07-24
PLN88E4415663,CUST100036517,IoT Data Plan,Postpaid Mobile,127.4,2,500,-1,2024-07-26
PLN5EE3838F37,CUST100039140,Unlimited Basic,Postpaid Mobile,41.7,20,1000,500,2020-01-08
PLN3EF01C1C57,CUST100031978,Fiber 500Mbps,IoT,38.14,-1,1000,500,2024-10-19
PLNE1BBB8F021,CUST100048807,Unlimited Plus,Postpaid Mobile,71.35,20,500,100,2016-08-29
PLN5C5DD1C16E,CUST100013413,Prepaid 5GB,Broadband,48.31,-1,1000,500,2015-02-01
PLNA9D9382F93,CUST100055285,Fiber 1Gbps,Broadband,18.61,-1,500,-1,2022-03-16
PLNEFF36CB4D9,CUST100092695,Fiber 1Gbps,Postpaid Mobile,46.55,20,-1,500,2026-01-30
PLN050A4B782D,CUST100038857,IoT Data Plan,Postpaid Mobile,57.45,2,1000,500,2019-10-30
PLNF538F87C51,CUST100001843,Unlimited Plus,Prepaid Mobile,21.47,2,-1,-1,2026-02-02
PLNB3BE953EC5,CUST100083082,Family Share 10GB,Postpaid Mobile,54.08,2,500,-1,2024-09-14
PLN78218DE41D,CUST100094033,Unlimited Premium,Postpaid Mobile,56.34,10,1000,500,2017-12-09
PLN52DE6BD1D6,CUST100073969,Fiber 1Gbps,Broadband,116.47,50,500,500,2019-10-24
PLNA20BFB1553,CUST100009012,Unlimited Plus,Postpaid Mobile,83.63,50,1000,500,2017-04-28
PLN84A7C76244,CUST100098973,Fiber 500Mbps,Postpaid Mobile,105.27,20,-1,100,2022-09-01
PLN8BF5A90A4B,CUST100005131,Fiber 500Mbps,IoT,106.94,10,-1,-1,2019-02-12
PLN3F6B7EE9F2,CUST100031630,IoT Data Plan,Postpaid Mobile,63.22,10,-1,100,2015-08-11
PLNEE3A2B0824,CUST100098296,Fiber 500Mbps,Postpaid Mobile,68.48,2,500,500,2023-11-04
PLN25DFBB04A6,CUST100006533,Unlimited Plus,Postpaid Mobile,71.62,20,1000,100,2017-01-03
PLNAC7E69DF15,CUST100043638,Prepaid 5GB,Prepaid Mobile,102.12,2,-1,100,2024-08-25
PLN3675014323,CUST100038172,Family Share 10GB,Postpaid Mobile,109.27,-1,1000,100,2015-07-29
PLN984459F715,CUST100088148,Fiber 500Mbps,Broadband,112.28,50,-1,100,2025-02-15
PLN863848AE3D,CUST100041983,IoT Data Plan,Postpaid Mobile,34.18,5,-1,-1,2026-01-15
PLNE3FCE28AE1,CUST100051868,Prepaid 5GB,Postpaid Mobile,37.54,50,500,-1,2015-09-30
PLNE75A90D247,CUST100065764,Unlimited Basic,Postpaid Mobile,91.79,2,-1,-1,2022-07-07
PLN6FA7C0B74E,CUST100015196,Family Share 10GB,Postpaid Mobile,71.1,-1,-1,100,2025-08-14
PLNDD8A94567B,CUST100097934,Fiber 500Mbps,Postpaid Mobile,66.43,50,-1,-1,2015-06-13
PLN46BB3CE1FA,CUST100029951,Unlimited Plus,Postpaid Mobile,131.79,-1,500,-1,2016-06-04
PLN0D63F35C74,CUST100061349,IoT Data Plan,Prepaid Mobile,114.62,20,-1,100,2025-11-12
PLN213DEA86F0,CUST100090603,Unlimited Premium,Postpaid Mobile,127.04,20,1000,-1,2025-02-11
PLN464235227F,CUST100068417,Fiber 1Gbps,Postpaid Mobile,138.49,-1,500,-1,2020-02-19
PLN3B7095ACCC,CUST100083148,Unlimited Plus,Postpaid Mobile,111.8,10,-1,500,2020-04-29
PLN42C431A519,CUST100041876,Family Share 10GB,Broadband,62.34,20,500,-1,2026-02-22
PLNF32E0D7E72,CUST100033002,Prepaid 5GB,Broadband,107.07,20,500,500,2018-06-06
PLNF4A7D547DE,CUST100065681,Fiber 500Mbps,IoT,113.57,50,500,100,2015-04-02
PLNE8DAF73F87,CUST100003821,Prepaid 5GB,Postpaid Mobile,79.72,2,1000,500,2026-01-09
PLN3EF97ED884,CUST100076437,Unlimited Basic,Postpaid Mobile,69.58,2,1000,100,2015-05-15
PLNBF1DD14D04,CUST100089315,Unlimited Premium,Prepaid Mobile,105.89,10,500,-1,2018-09-08
PLN6A335C0AC7,CUST100068547,Prepaid 5GB,Broadband,52.87,2,-1,500,2024-02-11
PLNE9CBBEC198,CUST100006749,Unlimited Basic,Prepaid Mobile,122.0,50,-1,-1,2025-12-02
PLN6C6C17BB12,CUST100008246,Unlimited Plus,Postpaid Mobile,16.25,5,-1,500,2021-04-06
PLNFEA35BD27C,CUST100015872,Fiber 500Mbps,Postpaid Mobile,26.86,50,500,100,2025-03-05
PLNC56A69C942,CUST100028494,Prepaid 5GB,Postpaid Mobile,42.96,20,500,-1,2016-03-02
PLN36B268FFC0,CUST100081191,Unlimited Plus,Prepaid Mobile,37.89,2,500,-1,2023-02-13
PLNE97854F200,CUST100065663,Fiber 500Mbps,Prepaid Mobile,92.02,50,500,500,2021-07-20
PLN28F2B5EFD2,CUST100027767,Unlimited Premium,Postpaid Mobile,70.73,-1,-1,100,2025-07-04
PLN097223B0AA,CUST100033276,Unlimited Basic,Postpaid Mobile,60.53,2,500,100,2017-03-31
PLND3C18AA5E6,CUST100031928,Family Share 10GB,Postpaid Mobile,64.05,20,-1,-1,2023-09-17
PLN5F74A3FFF8,CUST100064175,Family Share 10GB,Postpaid Mobile,20.95,5,500,-1,2023-01-24
PLN93C65F3DC9,CUST100043084,Unlimited Basic,IoT,65.21,20,500,100,2019-07-24
PLN6AA19A7AD7,CUST100007913,Unlimited Plus,Broadband,35.11,2,500,500,2017-03-18
PLN3248205052,CUST100055781,Unlimited Premium,Postpaid Mobile,139.04,-1,1000,-1,2026-06-28
PLNF53A46AC03,CUST100014926,Unlimited Basic,Prepaid Mobile,75.77,2,-1,100,2017-08-24
PLNAEF1D06E21,CUST100001259,Family Share 10GB,Broadband,115.19,10,1000,100,2026-05-23
PLN389AA575EF,CUST100093993,IoT Data Plan,Postpaid Mobile,29.79,20,500,-1,2019-04-11
PLN9091D33D2D,CUST100034295,Fiber 500Mbps,Postpaid Mobile,27.8,5,1000,-1,2017-09-05
PLNC9CBA8EA20,CUST100061336,Prepaid 5GB,Postpaid Mobile,69.23,50,1000,-1,2017-07-06
PLN720E586173,CUST100001276,Unlimited Plus,Prepaid Mobile,58.1,2,500,500,2017-03-11
PLNDE11E78BEF,CUST100013023,Unlimited Basic,Postpaid Mobile,55.48,5,1000,500,2019-10-26
PLN473E9F8983,CUST100008976,Family Share 10GB,Prepaid Mobile,77.49,10,-1,500,2015-12-31
PLNA0D378C65B,CUST100028473,Unlimited Premium,Prepaid Mobile,45.38,20,-1,-1,2026-03-30
PLN5642D48204,CUST100071078,Unlimited Premium,Postpaid Mobile,94.32,-1,-1,100,2026-01-08
PLNE792C3EC4B,CUST100028370,Unlimited Premium,Postpaid Mobile,73.32,20,500,500,2019-10-14
PLNB95DFCE8E6,CUST100001072,Prepaid 5GB,Postpaid Mobile,79.36,2,1000,-1,2017-06-05
PLN82E4B7250F,CUST100041734,Unlimited Plus,Postpaid Mobile,120.03,50,500,500,2017-04-05
PLNB7091127D5,CUST100003473,Unlimited Plus,Broadband,108.94,5,500,500,2016-06-16
PLNB350CB35A8,CUST100052747,Unlimited Plus,Prepaid Mobile,121.76,2,1000,100,2019-02-19
PLNB232D982AB,CUST100056343,IoT Data Plan,Postpaid Mobile,79.13,2,500,500,2016-09-28
PLN3CC3994408,CUST100039284,Unlimited Basic,Postpaid Mobile,58.74,20,500,100,2017-12-06
PLNFAACF21259,CUST100073586,Fiber 500Mbps,Broadband,69.38,50,-1,100,2015-05-25
PLN33F460E6F6,CUST100089420,Family Share 10GB,Prepaid Mobile,30.88,20,500,100,2024-05-26
PLN7BA2BB6DD9,CUST100055192,Fiber 500Mbps,Postpaid Mobile,113.05,5,500,500,2019-02-16
PLN5FAE00947A,CUST100000799,Fiber 1Gbps,Postpaid Mobile,23.9,10,1000,100,2020-10-22
PLNA74D64B472,CUST100033125,Fiber 1Gbps,Broadband,87.61,50,500,-1,2025-11-14
PLNFA7E1CC195,CUST100081610,Fiber 500Mbps,Broadband,81.48,2,1000,500,2024-11-18
PLNA318C7D846,CUST100011702,Unlimited Basic,Postpaid Mobile,61.32,10,500,500,2019-08-10
PLNB3F9784557,CUST100082198,Fiber 500Mbps,Postpaid Mobile,24.05,2,1000,500,2021-04-13
PLN07AD612B52,CUST100045190,Family Share 10GB,Postpaid Mobile,142.58,5,-1,100,2024-09-21
PLNF742322E9D,CUST100078931,Unlimited Plus,Broadband,22.01,2,500,-1,2023-01-09
PLN945954E107,CUST100069282,IoT Data Plan,Postpaid Mobile,76.75,50,500,100,2015-08-23
PLNC3B4D6444C,CUST100087472,IoT Data Plan,Postpaid Mobile,19.48,50,500,-1,2018-09-09
PLN5FF6C20DB2,CUST100027848,Unlimited Basic,Prepaid Mobile,133.07,20,1000,100,2025-02-27
PLN703AC4E374,CUST100057625,IoT Data Plan,Broadband,129.18,5,500,100,2023-11-19
PLNEF4E89826D,CUST100070352,Unlimited Premium,Postpaid Mobile,39.4,20,1000,500,2016-01-29
PLN6B7EA5D472,CUST100082196,Unlimited Premium,Broadband,106.02,2,500,500,2020-12-20
PLN39A24F824D,CUST100062093,Prepaid 5GB,Postpaid Mobile,102.52,-1,1000,-1,2018-05-14
PLNE8522E2045,CUST100065839,Unlimited Premium,Postpaid Mobile,87.81,10,-1,-1,2023-11-06
PLN14AE82610C,CUST100081007,Unlimited Basic,Postpaid Mobile,124.26,20,500,500,2020-08-31
PLN41001E7851,CUST100020315,Family Share 10GB,Postpaid Mobile,41.86,20,500,100,2015-01-26
PLN10F41C9668,CUST100054846,Family Share 10GB,Broadband,119.73,10,1000,500,2026-05-10
PLN09EE73E323,CUST100097549,IoT Data Plan,IoT,116.29,50,1000,500,2018-01-21
PLNBFDE1C08E7,CUST100034435,Unlimited Basic,Postpaid Mobile,90.45,5,-1,100,2022-03-23
PLN7138C0AE9F,CUST100092178,Fiber 1Gbps,Broadband,93.46,50,1000,-1,2020-11-28
PLN31C4462D38,CUST100012636,Unlimited Basic,IoT,39.97,20,-1,500,2018-09-27
PLN41F4A6251D,CUST100053372,Unlimited Plus,Postpaid Mobile,116.49,10,500,100,2023-08-20
PLN064DF6CF85,CUST100070963,Unlimited Premium,Postpaid Mobile,23.51,-1,-1,100,2015-02-21
PLN498935EA00,CUST100077366,Unlimited Basic,Postpaid Mobile,61.64,5,-1,500,2016-04-27
PLN99DF919513,CUST100090449,Unlimited Plus,Broadband,70.47,20,500,-1,2023-06-18
PLN5912CC0D69,CUST100058537,Fiber 500Mbps,Postpaid Mobile,20.83,2,500,-1,2025-03-22
PLNC971228163,CUST100062052,Fiber 1Gbps,Broadband,54.89,2,1000,500,2023-04-02
PLNC25F0BD4A0,CUST100007046,Prepaid 5GB,Postpaid Mobile,97.61,5,-1,100,2023-06-13
PLNCB10680A75,CUST100093958,Fiber 1Gbps,Postpaid Mobile,35.31,50,-1,100,2017-04-12
PLNDF65819836,CUST100031876,Unlimited Basic,Postpaid Mobile,46.92,-1,1000,-1,2018-07-11
PLNAA63478A7C,CUST100005575,Unlimited Plus,Broadband,73.7,10,-1,500,2016-01-02
PLN713DECA7DE,CUST100033190,Fiber 1Gbps,Postpaid Mobile,133.11,2,500,100,2016-01-23
PLNC984F95A37,CUST100041106,Family Share 10GB,Postpaid Mobile,74.67,50,500,-1,2017-01-06
PLNBB0ED1983C,CUST100095045,Unlimited Premium,Broadband,27.63,2,500,500,2022-11-14
PLNDDDBB49027,CUST100036802,Prepaid 5GB,Postpaid Mobile,106.57,-1,-1,-1,2025-04-10
PLNE9B9794DDB,CUST100095080,Prepaid 5GB,Postpaid Mobile,85.5,5,1000,100,2018-12-31
PLN8F0C835063,CUST100061948,Fiber 1Gbps,Postpaid Mobile,149.83,20,-1,100,2025-07-30
PLN99A1643D5B,CUST100019728,Fiber 1Gbps,Prepaid Mobile,130.26,50,1000,100,2018-07-25
PLNBEA5DD53FE,CUST100039882,IoT Data Plan,Postpaid Mobile,36.4,10,1000,100,2019-09-15
PLN5863265137,CUST100026422,Unlimited Basic,Postpaid Mobile,132.76,10,1000,-1,2017-05-15
PLN1211BC60A5,CUST100058046,Unlimited Premium,Postpaid Mobile,59.77,20,-1,-1,2022-12-31
PLNB8F2AD2AE0,CUST100019618,Family Share 10GB,Prepaid Mobile,132.88,2,1000,-1,2024-09-30
PLN20E2E4573F,CUST100023473,Unlimited Basic,Postpaid Mobile,41.26,10,-1,100,2024-05-26
PLNE7B5F150FC,CUST100033097,Prepaid 5GB,Postpaid Mobile,17.92,2,500,500,2020-04-06
PLND7D92C5C09,CUST100042350,Unlimited Basic,Prepaid Mobile,96.9,10,500,100,2019-03-30
PLN00A0F7A100,CUST100091815,Prepaid 5GB,Postpaid Mobile,68.89,10,500,-1,2024-10-18
PLNFEC082CD86,CUST100086177,Unlimited Basic,Postpaid Mobile,142.15,-1,500,100,2017-02-04
PLN008B837BE9,CUST100037497,Fiber 1Gbps,Postpaid Mobile,112.0,5,-1,-1,2023-05-18
PLND779BBB11C,CUST100006772,Unlimited Premium,Prepaid Mobile,15.88,20,1000,-1,2019-01-02
PLN466600CD6C,CUST100027752,IoT Data Plan,Postpaid Mobile,43.02,20,500,500,2026-01-12
PLN4DE1244792,CUST100087059,IoT Data Plan,IoT,53.3,20,-1,500,2025-02-28
PLN36EF1599FC,CUST100082009,Fiber 500Mbps,Postpaid Mobile,89.53,-1,1000,500,2024-02-06
PLNC83A3B41D0,CUST100035707,Unlimited Premium,Prepaid Mobile,148.75,2,-1,-1,2018-11-05
PLN7C3BE422BF,CUST100062388,IoT Data Plan,Postpaid Mobile,114.64,5,500,100,2022-11-16
PLNFD577BAF8C,CUST100002323,Prepaid 5GB,IoT,41.86,2,-1,500,2025-02-22
PLNC801C97FAF,CUST100002042,Unlimited Premium,Postpaid Mobile,88.97,50,-1,100,2019-07-03
PLN636DBA7B92,CUST100072879,Fiber 500Mbps,Prepaid Mobile,24.97,5,500,100,2022-06-15
PLN9D57819BE3,CUST100068454,Prepaid 5GB,Postpaid Mobile,26.52,50,1000,500,2024-03-25
PLNB772A6718D,CUST100038785,Prepaid 5GB,Postpaid Mobile,36.34,10,1000,-1,2017-07-30
PLND809242CDD,CUST100076509,Family Share 10GB,Postpaid Mobile,85.38,10,-1,100,2018-12-24
PLN637A8C3317,CUST100064459,IoT Data Plan,Postpaid Mobile,114.21,2,1000,100,2020-08-23
PLNABBFDA323B,CUST100069176,Unlimited Plus,Postpaid Mobile,15.12,50,500,100,2024-03-05
PLN8B755150D4,CUST100071591,Unlimited Plus,Postpaid Mobile,139.54,2,1000,-1,2016-05-13
PLN12E4F934C3,CUST100047356,Fiber 500Mbps,Prepaid Mobile,59.69,10,500,-1,2018-12-14
PLN0012B62E70,CUST100028952,Fiber 500Mbps,Postpaid Mobile,127.33,5,1000,-1,2021-09-20
PLN156A4A84B6,CUST100097617,Unlimited Basic,Postpaid Mobile,67.41,-1,500,-1,2019-06-16
PLN5697ED5A0C,CUST100018882,Prepaid 5GB,Postpaid Mobile,102.85,5,500,100,2020-09-14
PLNA36236AA1D,CUST100028127,Fiber 500Mbps,Postpaid Mobile,106.34,-1,500,100,2022-10-08
PLN8BB23ECD4B,CUST100084635,Family Share 10GB,Prepaid Mobile,108.46,10,1000,-1,2017-01-24
PLNCF105B0A52,CUST100081000,IoT Data Plan,Postpaid Mobile,73.43,50,-1,500,2018-01-19
PLND88FE9D484,CUST100031047,IoT Data Plan,Prepaid Mobile,136.65,2,-1,100,2020-08-25
PLND624D43198,CUST100036484,Unlimited Premium,Prepaid Mobile,17.52,2,-1,-1,2022-10-23
PLN6F7174819C,CUST100051947,IoT Data Plan,Postpaid Mobile,50.91,50,1000,500,2026-03-21
PLN4D18DDB7BF,CUST100087171,Fiber 1Gbps,Broadband,113.96,2,500,-1,2015-02-25
PLN966D6470A6,CUST100011583,Fiber 1Gbps,Postpaid Mobile,90.39,2,500,-1,2023-02-06
PLN0EB3ADFAAC,CUST100087058,Unlimited Basic,IoT,134.56,10,-1,100,2021-12-13
PLN4AAB8C8E28,CUST100088301,Unlimited Premium,Postpaid Mobile,125.57,2,-1,500,2019-10-03
PLNE435BACC4F,CUST100081011,Fiber 1Gbps,Broadband,69.38,2,-1,500,2020-03-29
PLND57ED3760C,CUST100070079,Family Share 10GB,Broadband,128.56,2,500,500,2019-10-24
PLNF3B360B8F2,CUST100098345,Unlimited Basic,Prepaid Mobile,78.69,20,-1,500,2021-02-17
PLNBECEFCA613,CUST100088373,Fiber 500Mbps,IoT,78.15,5,500,500,2025-01-28
PLNE1F00252B3,CUST100069601,Unlimited Premium,Broadband,58.6,5,-1,-1,2019-05-06
PLNCBFD5F5C2B,CUST100011253,Family Share 10GB,Prepaid Mobile,103.92,2,1000,100,2018-08-12
PLNE59E6CE3D4,CUST100041384,Unlimited Plus,Postpaid Mobile,112.98,-1,1000,100,2017-11-15
PLN72938B4BD6,CUST100056530,Family Share 10GB,Postpaid Mobile,126.9,10,1000,100,2024-11-22
PLN3197F2EBF1,CUST100087163,Unlimited Premium,IoT,118.54,10,-1,100,2024-05-22
PLNAE53DD1524,CUST100037673,Unlimited Basic,Postpaid Mobile,23.28,2,1000,-1,2015-05-20
PLN5746026EDB,CUST100074612,Unlimited Plus,Postpaid Mobile,121.73,20,500,-1,2017-07-06
PLN6D7D7EAB78,CUST100069938,Family Share 10GB,Postpaid Mobile,117.0,50,1000,100,2022-07-24
PLNC3D632BD0F,CUST100030251,Unlimited Basic,Postpaid Mobile,83.95,20,-1,100,2020-06-30
PLN7414F76F5A,CUST100039331,Fiber 500Mbps,Postpaid Mobile,129.61,50,-1,100,2021-04-01
PLNB000FB6555,CUST100069975,IoT Data Plan,Prepaid Mobile,64.4,-1,500,100,2025-01-29
PLNFDA4BF62C2,CUST100059945,Unlimited Basic,Postpaid Mobile,51.78,-1,-1,-1,2019-04-05
PLN47B56F40DE,CUST100022865,Family Share 10GB,Postpaid Mobile,102.59,10,1000,500,2017-09-27
PLN353CF21988,CUST100037270,Unlimited Plus,Prepaid Mobile,134.43,20,500,100,2024-08-07
PLN903322FFCA,CUST100015833,Unlimited Plus,Prepaid Mobile,75.22,50,1000,500,2023-03-21
PLN1F35CF2673,CUST100083837,Unlimited Basic,Postpaid Mobile,62.19,-1,500,-1,2025-01-30
PLN05FB506CDC,CUST100019698,Unlimited Plus,Broadband,70.51,5,1000,500,2021-10-08
PLN695AD037A8,CUST100049829,IoT Data Plan,Postpaid Mobile,85.91,2,500,-1,2025-10-23
PLN1598630FB4,CUST100088915,IoT Data Plan,Broadband,134.79,10,500,-1,2026-04-22
PLNC7E9E5A245,CUST100030252,Family Share 10GB,Postpaid Mobile,120.32,50,1000,500,2021-04-14
PLNAEE235B9A5,CUST100058748,Prepaid 5GB,Prepaid Mobile,83.43,20,500,100,2021-07-02
PLN1A7F9ECD78,CUST100064184,Unlimited Plus,Postpaid Mobile,109.0,10,500,-1,2016-05-17
PLN8EE13E7897,CUST100001479,Family Share 10GB,Postpaid Mobile,105.28,20,-1,100,2025-04-03
PLN32FCAEA53F,CUST100065182,Unlimited Basic,Postpaid Mobile,113.28,2,1000,-1,2019-05-08
PLN55888F2D8C,CUST100058972,Unlimited Basic,Prepaid Mobile,149.82,-1,500,500,2015-04-18
PLN9F443C4B12,CUST100094031,Family Share 10GB,Postpaid Mobile,113.47,5,1000,500,2017-08-12
PLN36F6BAEE41,CUST100097136,Unlimited Plus,Broadband,100.08,2,500,-1,2018-08-05
PLN5B4AD05498,CUST100010298,IoT Data Plan,IoT,122.3,-1,1000,-1,2026-06-18
PLN19BFA81803,CUST100067357,Fiber 500Mbps,Prepaid Mobile,49.07,50,-1,500,2024-02-05
PLN256656235A,CUST100066875,Unlimited Basic,Prepaid Mobile,45.39,5,500,-1,2018-08-12
PLN7F35BD84B0,CUST100078771,Unlimited Premium,Prepaid Mobile,68.03,50,1000,100,2024-12-08
PLNFE601199C0,CUST100073909,Unlimited Plus,Postpaid Mobile,78.7,5,-1,500,2025-01-22
PLN94154A029B,CUST100067287,Unlimited Basic,Prepaid Mobile,28.5,-1,-1,500,2025-09-30
PLN8F1AA4D82D,CUST100075089,IoT Data Plan,Postpaid Mobile,100.56,50,1000,100,2022-05-26
PLN1986C53EF9,CUST100040795,Family Share 10GB,Postpaid Mobile,60.66,10,-1,-1,2020-06-25
PLN312531AE0C,CUST100072081,Unlimited Premium,Postpaid Mobile,149.88,50,500,100,2017-08-29
PLN9C6063A764,CUST100075366,Fiber 500Mbps,Prepaid Mobile,97.45,20,1000,500,2020-11-16
PLNE7E7072467,CUST100003176,Fiber 500Mbps,Broadband,114.34,20,1000,100,2026-06-19
PLND1DE64BB2E,CUST100076716,Unlimited Premium,Prepaid Mobile,141.63,50,1000,100,2022-07-22
PLN5E9E629770,CUST100092415,Fiber 1Gbps,Prepaid Mobile,74.01,5,1000,-1,2020-10-20
PLN54BA461FBE,CUST100051068,Unlimited Premium,Postpaid Mobile,37.73,50,500,500,2025-06-23
PLN918937E33C,CUST100040118,Unlimited Premium,Broadband,96.73,5,1000,100,2018-04-21
PLN07BE16B052,CUST100053568,Unlimited Plus,Postpaid Mobile,62.92,-1,-1,100,2016-03-06
PLN9D0D246820,CUST100077015,Fiber 500Mbps,Postpaid Mobile,97.75,2,-1,-1,2015-03-05
PLNEA6582ED55,CUST100031889,Fiber 500Mbps,Prepaid Mobile,138.68,10,500,100,2022-02-08
PLN4B770F7246,CUST100045498,Fiber 500Mbps,Postpaid Mobile,87.23,-1,-1,500,2020-04-28
PLN66372A5DE8,CUST100076897,Fiber 1Gbps,Prepaid Mobile,87.08,10,-1,100,2025-03-10
PLNE379FDED6C,CUST100022769,Unlimited Basic,Prepaid Mobile,70.85,10,500,500,2020-03-27
PLN2B1E22A8BB,CUST100051779,Fiber 500Mbps,Postpaid Mobile,91.08,-1,-1,100,2017-11-14
PLND7BA71E9EB,CUST100088975,Fiber 500Mbps,Broadband,31.27,50,500,500,2015-04-20
PLN6A6022EC70,CUST100082865,Fiber 1Gbps,Postpaid Mobile,108.31,-1,1000,-1,2017-12-18
PLNB9C12F7D72,CUST100060986,Unlimited Basic,Postpaid Mobile,81.52,20,-1,100,2026-02-26
PLN878D6A9E6D,CUST100093351,IoT Data Plan,Postpaid Mobile,68.63,50,-1,500,2015-08-19
PLNDCB37DBAAC,CUST100083460,Unlimited Basic,Postpaid Mobile,27.05,2,-1,100,2024-11-21
PLN7004EF3894,CUST100091501,Fiber 1Gbps,Broadband,61.74,-1,-1,-1,2019-06-25
PLN8D28D9E170,CUST100077225,Prepaid 5GB,Postpaid Mobile,19.62,-1,500,-1,2023-02-19
PLN3ABB5555C8,CUST100084098,IoT Data Plan,Prepaid Mobile,41.72,10,500,500,2023-12-13
PLN50F777E53F,CUST100064629,Fiber 1Gbps,Postpaid Mobile,85.31,5,1000,500,2026-05-14
PLNE1D730C580,CUST100006590,Unlimited Premium,Postpaid Mobile,129.01,20,-1,-1,2017-11-19
PLNA80C533745,CUST100014791,Unlimited Plus,Postpaid Mobile,87.41,5,1000,500,2015-12-30
PLNB89B9F5B55,CUST100095788,Unlimited Basic,Prepaid Mobile,73.85,50,1000,100,2024-11-23
PLN4EE455187F,CUST100070314,Prepaid 5GB,Prepaid Mobile,67.76,2,-1,-1,2024-03-16
PLN75EAE7CF93,CUST100086689,Unlimited Plus,Broadband,88.36,-1,1000,100,2020-09-21
PLN5D5CFD98BA,CUST100034805,Unlimited Premium,Prepaid Mobile,20.71,-1,1000,500,2016-05-04
PLNEED6AA9BE5,CUST100053826,Unlimited Basic,Broadband,73.31,50,1000,-1,2021-02-04
PLNC322048C53,CUST100071667,Prepaid 5GB,Broadband,128.47,5,500,100,2024-01-20
PLN5621D4B756,CUST100065179,Fiber 500Mbps,Postpaid Mobile,149.02,-1,1000,500,2023-12-10
PLNA7877A26F9,CUST100008656,Unlimited Premium,Postpaid Mobile,66.19,-1,-1,100,2017-03-07
PLN1A36724C7B,CUST100095607,IoT Data Plan,Prepaid Mobile,114.44,20,-1,500,2015-12-07
PLNCF3A853A42,CUST100041180,Family Share 10GB,Postpaid Mobile,141.56,50,1000,-1,2020-03-12
PLN62904F99C6,CUST100044613,Prepaid 5GB,Postpaid Mobile,88.04,5,500,500,2023-04-09
PLNB882944578,CUST100046720,IoT Data Plan,Postpaid Mobile,44.18,50,1000,-1,2024-01-16
PLN683EBDE058,CUST100055610,IoT Data Plan,Postpaid Mobile,49.18,50,-1,500,2016-07-31
PLN7A7E1350DC,CUST100032671,Unlimited Premium,Postpaid Mobile,22.57,-1,-1,-1,2018-07-14
PLN85EE002E3A,CUST100038351,Unlimited Plus,Prepaid Mobile,107.44,-1,-1,-1,2019-04-15
PLNFA25E6F16B,CUST100021576,Family Share 10GB,Postpaid Mobile,65.41,20,1000,100,2016-02-23
PLNB41CA430D2,CUST100077228,Unlimited Plus,Prepaid Mobile,31.22,50,1000,-1,2019-07-19
PLNCA4E0EFD99,CUST100003568,Fiber 1Gbps,Broadband,55.51,2,500,100,2016-10-16
PLNFB8803CCA4,CUST100070172,Unlimited Basic,Postpaid Mobile,135.82,50,500,100,2019-02-25
PLN1ADFE69CF9,CUST100040033,Family Share 10GB,IoT,113.86,50,1000,500,2018-08-31
PLNF13626DE2C,CUST100022822,Family Share 10GB,Prepaid Mobile,116.18,10,500,100,2024-10-30
PLN7F1D5187CF,CUST100047628,Fiber 500Mbps,Broadband,46.91,2,1000,500,2018-07-25
PLN95ADEA48F5,CUST100067972,Prepaid 5GB,Prepaid Mobile,92.69,-1,-1,500,2025-07-20
PLN436DB10E9A,CUST100081235,Unlimited Plus,Postpaid Mobile,44.01,20,1000,500,2020-12-06
PLNC8A328D68D,CUST100006840,IoT Data Plan,Prepaid Mobile,33.54,10,1000,100,2019-06-15
PLN3F176F7266,CUST100093557,Fiber 1Gbps,Broadband,40.58,-1,500,500,2023-09-12
PLN7BB25322F7,CUST100039327,Prepaid 5GB,Prepaid Mobile,37.1,20,-1,-1,2021-03-19
PLNEAF7BFECE5,CUST100017207,Fiber 500Mbps,Postpaid Mobile,96.77,2,500,500,2024-09-07
PLNA1922CAE85,CUST100044497,Unlimited Plus,Broadband,82.17,5,1000,500,2023-02-26
PLN3C522A3D29,CUST100072500,Unlimited Basic,Prepaid Mobile,39.39,-1,500,-1,2025-02-26
PLN313F93ECC8,CUST100025745,Unlimited Premium,IoT,81.2,20,1000,500,2019-09-30
PLN0B082FBC46,CUST100000366,Unlimited Basic,Postpaid Mobile,19.98,20,-1,500,2022-09-04
PLNF0A6A99D9C,CUST100063728,Family Share 10GB,Postpaid Mobile,24.73,5,500,100,2017-06-10
PLN458EBC8850,CUST100015936,Fiber 1Gbps,Prepaid Mobile,29.73,2,1000,-1,2020-12-05
PLN546F018B19,CUST100007105,Fiber 500Mbps,Prepaid Mobile,59.23,20,-1,500,2017-09-25
PLN5FA402102F,CUST100018325,Unlimited Premium,Prepaid Mobile,27.68,50,-1,100,2015-01-10
PLN60FF0E5517,CUST100081196,Unlimited Premium,Postpaid Mobile,95.02,-1,-1,-1,2024-07-18
PLN1843AEBBC7,CUST100068241,Fiber 1Gbps,Postpaid Mobile,95.38,20,500,-1,2023-05-06
PLN1CA05EF9F9,CUST100048686,Unlimited Basic,Postpaid Mobile,56.08,20,-1,100,2024-09-25
PLN7663CDC8BC,CUST100077584,Unlimited Premium,IoT,81.55,5,1000,100,2021-12-28
PLN178282F9AB,CUST100069518,Fiber 1Gbps,Postpaid Mobile,23.04,50,500,500,2021-08-17
PLNEB0C4B8BCC,CUST100027422,Unlimited Premium,Prepaid Mobile,93.3,20,1000,-1,2017-05-12
PLNB53665C681,CUST100027293,Unlimited Plus,Postpaid Mobile,81.83,5,-1,100,2020-11-27
PLNEB52BF7246,CUST100031491,Unlimited Plus,Postpaid Mobile,122.97,2,-1,100,2021-08-15
PLN2856FC9383,CUST100008128,IoT Data Plan,Prepaid Mobile,36.47,10,500,100,2015-11-02
PLN230319A6FD,CUST100029032,Unlimited Plus,Postpaid Mobile,128.79,5,1000,-1,2025-03-14
PLN28BF3F7902,CUST100021476,Prepaid 5GB,Postpaid Mobile,91.05,50,-1,500,2021-02-19
PLN1A13860719,CUST100041967,Fiber 1Gbps,Postpaid Mobile,98.76,20,-1,100,2016-02-10
PLN5521537256,CUST100087956,Prepaid 5GB,Postpaid Mobile,126.07,5,-1,100,2020-11-19
PLNC72469E79B,CUST100019958,Family Share 10GB,Prepaid Mobile,118.58,2,500,100,2023-12-21
PLN99216B59DC,CUST100099489,Unlimited Plus,Broadband,81.68,50,-1,100,2025-05-21
PLNFCA5B67E10,CUST100052417,Fiber 500Mbps,Broadband,35.2,5,1000,-1,2020-01-08
PLNC7ED806F74,CUST100024326,Fiber 1Gbps,Postpaid Mobile,113.18,10,-1,-1,2019-09-01
PLN94CF10EC31,CUST100047597,Fiber 1Gbps,Broadband,119.85,20,-1,-1,2024-05-08
PLND38E372F3E,CUST100097314,Fiber 500Mbps,Broadband,27.19,5,500,100,2017-12-31
PLNA0A2181E9C,CUST100022685,Unlimited Premium,Postpaid Mobile,127.14,5,-1,-1,2026-04-16
PLN276F7F47A0,CUST100006842,Fiber 1Gbps,Broadband,142.29,10,-1,100,2025-01-24
PLN7FE557C385,CUST100075648,Prepaid 5GB,Postpaid Mobile,17.75,5,-1,100,2025-07-11
PLNBFD9E608FD,CUST100066778,Fiber 1Gbps,Postpaid Mobile,136.24,10,1000,-1,2019-04-24
PLNDF0B467099,CUST100006798,IoT Data Plan,Broadband,105.73,5,1000,100,2016-11-11
PLN65DB39C94D,CUST100093987,Fiber 1Gbps,Postpaid Mobile,146.56,50,500,100,2016-02-29
PLN8E2B2B0AED,CUST100084522,IoT Data Plan,Broadband,118.4,5,1000,500,2026-01-15
PLN003539E6DB,CUST100065677,Fiber 500Mbps,Broadband,115.16,5,-1,-1,2017-11-05
PLNA6F068769E,CUST100088110,Fiber 1Gbps,Postpaid Mobile,141.69,-1,-1,-1,2024-12-11
PLN4CDEAD4335,CUST100044090,Fiber 500Mbps,IoT,133.1,-1,1000,-1,2018-08-08
PLN48D5A9555D,CUST100057580,Unlimited Plus,Prepaid Mobile,71.39,20,-1,-1,2026-02-06
PLNE112ACBE6B,CUST100092248,IoT Data Plan,Postpaid Mobile,131.63,2,-1,-1,2022-06-07
PLN45FF6BB80C,CUST100021171,Family Share 10GB,Broadband,97.1,5,500,-1,2017-10-26
PLN8947142BD4,CUST100087767,Fiber 1Gbps,Postpaid Mobile,86.25,10,-1,500,2015-02-22
PLNA01D047469,CUST100075281,Unlimited Plus,Postpaid Mobile,18.15,2,1000,500,2023-10-24
PLNAD105342FE,CUST100000078,Fiber 500Mbps,Broadband,72.14,20,1000,100,2020-12-08
PLN8ECA2E654A,CUST100090236,Unlimited Plus,Prepaid Mobile,131.96,50,1000,100,2024-02-19
PLNC15416D7FA,CUST100044887,IoT Data Plan,Postpaid Mobile,74.34,50,-1,500,2017-12-09
PLN1A62B35D49,CUST100019164,Family Share 10GB,Postpaid Mobile,129.48,2,-1,-1,2022-10-29
PLND4696E948C,CUST100085627,Unlimited Plus,Prepaid Mobile,78.58,50,-1,-1,2021-08-09
PLNDF2DA24D35,CUST100068403,Unlimited Plus,Prepaid Mobile,123.62,10,-1,500,2020-11-13
PLN14E67D5AA1,CUST100024163,Prepaid 5GB,Postpaid Mobile,30.33,5,-1,500,2019-05-04
PLNCD0E90D814,CUST100039470,Unlimited Basic,Broadband,40.45,5,1000,-1,2017-04-21
PLN992F616A18,CUST100053471,Fiber 1Gbps,Prepaid Mobile,128.09,5,1000,100,2024-03-20
PLNB421ED608D,CUST100037979,Fiber 500Mbps,Prepaid Mobile,146.13,2,-1,100,2016-05-26
PLN62F9C5733F,CUST100022125,Unlimited Premium,Broadband,139.06,-1,1000,-1,2020-02-16
PLNCCB6AFE08B,CUST100016483,Fiber 1Gbps,Postpaid Mobile,133.56,10,-1,-1,2023-03-03
PLN46E54B13AD,CUST100033750,Fiber 500Mbps,Postpaid Mobile,87.04,20,-1,-1,2019-02-12
PLNAE4DAA6219,CUST100025501,Unlimited Plus,Postpaid Mobile,107.83,5,1000,100,2026-05-21
PLN61D58D2111,CUST100099154,Unlimited Basic,Prepaid Mobile,149.68,-1,-1,100,2019-02-08
PLN46CA2BDB3E,CUST100054167,Fiber 500Mbps,Prepaid Mobile,87.09,2,1000,100,2016-03-02
PLN4418EE613B,CUST100085611,Unlimited Plus,Postpaid Mobile,29.28,20,1000,100,2020-07-02
PLNFAEB6F9C2D,CUST100079283,IoT Data Plan,Postpaid Mobile,43.47,5,1000,-1,2016-07-31
PLN085AEA2AAC,CUST100086133,Unlimited Plus,Postpaid Mobile,66.5,20,500,100,2023-03-08
PLN999C1787C3,CUST100080087,Fiber 500Mbps,Broadband,79.0,50,1000,-1,2016-08-20
PLNAC250E7BC4,CUST100087020,Prepaid 5GB,Postpaid Mobile,90.77,-1,1000,100,2017-05-16
PLN0A836C2D78,CUST100076787,Unlimited Premium,Postpaid Mobile,109.85,50,500,500,2023-11-01
PLN20A7F9E145,CUST100028286,Fiber 1Gbps,Postpaid Mobile,29.31,10,500,500,2015-05-23
PLN520C86D181,CUST100035608,Prepaid 5GB,Postpaid Mobile,19.89,20,500,-1,2018-09-07
PLNC27ADCA979,CUST100054074,Prepaid 5GB,Postpaid Mobile,40.12,2,-1,100,2015-06-20
PLN7B321DE0ED,CUST100016316,Family Share 10GB,Prepaid Mobile,28.58,20,500,-1,2025-11-13
PLNE300DE5A7A,CUST100075002,Family Share 10GB,IoT,35.0,10,-1,500,2019-04-18
PLNC6B2F67814,CUST100063181,Prepaid 5GB,Postpaid Mobile,123.71,2,500,500,2017-03-23
PLNE30EC1D64B,CUST100082177,Unlimited Basic,Postpaid Mobile,65.78,20,1000,500,2023-04-26
PLN1696D76F2E,CUST100051297,Unlimited Premium,Prepaid Mobile,116.64,20,-1,-1,2022-06-20
PLNA7A41D4325,CUST100085465,Unlimited Plus,Broadband,142.32,-1,-1,500,2025-05-15
PLN355EA350BC,CUST100069074,Fiber 500Mbps,Postpaid Mobile,120.03,2,-1,100,2023-02-04
PLN6A086003E6,CUST100052677,Unlimited Basic,Postpaid Mobile,105.52,50,500,100,2018-12-04
PLNE36A49DD99,CUST100095963,IoT Data Plan,Postpaid Mobile,39.9,2,-1,-1,2017-06-23
PLN16EB87CF28,CUST100075695,Family Share 10GB,Prepaid Mobile,123.91,50,-1,100,2021-03-06
PLN38669ED3B3,CUST100088693,Unlimited Premium,Prepaid Mobile,137.58,50,500,500,2019-10-18
PLND314A9F427,CUST100039780,Unlimited Basic,Prepaid Mobile,130.13,20,500,-1,2024-05-18
PLN9BD9083E2A,CUST100034151,Family Share 10GB,Postpaid Mobile,88.35,20,500,-1,2017-03-08
PLN0298AF8842,CUST100047237,Fiber 1Gbps,Broadband,89.1,5,-1,-1,2024-11-14
PLN0519F4D35C,CUST100047745,Unlimited Plus,Prepaid Mobile,51.02,5,500,100,2018-11-10
PLNEB5BD93D65,CUST100028980,Unlimited Plus,Prepaid Mobile,58.81,-1,-1,-1,2026-06-21
PLN253472DA0C,CUST100040619,Fiber 1Gbps,Broadband,58.91,50,1000,100,2025-05-18
PLNBBD544317A,CUST100081984,Unlimited Plus,Prepaid Mobile,149.89,10,500,-1,2021-02-12
PLN108D9A698A,CUST100076073,Fiber 500Mbps,Postpaid Mobile,15.94,5,-1,100,2019-11-21
PLN7999660A34,CUST100000983,Fiber 1Gbps,Postpaid Mobile,106.99,10,1000,100,2022-12-07
PLN78D97EF6D0,CUST100034739,IoT Data Plan,Prepaid Mobile,40.28,5,-1,-1,2017-12-01
PLN2C834BD44C,CUST100000755,Unlimited Premium,Postpaid Mobile,36.2,2,1000,100,2023-10-21
PLNA55E25DF66,CUST100057721,Unlimited Plus,Postpaid Mobile,56.04,50,-1,500,2026-02-02
PLNFB03E8B074,CUST100099621,Fiber 1Gbps,Postpaid Mobile,71.78,-1,1000,100,2018-01-21
PLND7D71E816F,CUST100058587,Prepaid 5GB,IoT,45.73,20,-1,100,2016-11-20
PLND875FA1EB4,CUST100058282,Family Share 10GB,Broadband,107.45,-1,1000,100,2021-09-21
PLN0AEADA809A,CUST100079224,Prepaid 5GB,IoT,144.86,20,500,500,2017-03-21
PLNB74ACB67E9,CUST100010027,Fiber 1Gbps,Broadband,75.38,5,500,100,2022-10-02
PLN7D969A7154,CUST100020208,Family Share 10GB,Postpaid Mobile,73.28,20,1000,500,2024-11-24
PLNE2243116A2,CUST100067933,Prepaid 5GB,Prepaid Mobile,23.4,50,-1,-1,2022-06-15
PLNF101B18AC9,CUST100075014,Prepaid 5GB,Postpaid Mobile,48.5,10,1000,-1,2018-05-06
PLN7B1A59EBC5,CUST100058456,Unlimited Basic,Postpaid Mobile,21.27,10,1000,-1,2026-01-04
PLN8FA389EB57,CUST100059109,Fiber 1Gbps,Broadband,114.96,50,500,-1,2016-04-14
PLN2841F3BB85,CUST100000503,Fiber 1Gbps,Postpaid Mobile,82.08,5,-1,100,2016-05-10
PLNEE131458B0,CUST100052396,Unlimited Premium,Broadband,109.8,20,1000,500,2025-05-29
PLND85E8A6431,CUST100095816,Prepaid 5GB,Prepaid Mobile,133.19,5,1000,500,2023-06-04
PLN4ACB491955,CUST100012421,Fiber 500Mbps,Prepaid Mobile,129.4,50,-1,100,2018-07-17
PLNE87188B9B0,CUST100016967,IoT Data Plan,Broadband,115.13,2,1000,100,2017-12-15
PLNA3461E8E32,CUST100069905,IoT Data Plan,IoT,17.5,10,1000,100,2016-03-17
PLNDA39CB82EC,CUST100064657,Fiber 500Mbps,Prepaid Mobile,49.69,2,-1,100,2022-01-01
PLN70828AC075,CUST100042166,Fiber 500Mbps,Postpaid Mobile,95.51,5,1000,100,2020-05-03
PLN2134B818C8,CUST100044161,Family Share 10GB,Postpaid Mobile,91.85,-1,1000,-1,2016-10-18
PLNAA891A03E9,CUST100072296,IoT Data Plan,Prepaid Mobile,18.13,10,500,100,2023-02-05
PLNC00552901D,CUST100012824,Family Share 10GB,Broadband,106.9,2,1000,-1,2024-12-03
PLN94703483D6,CUST100056505,Unlimited Basic,Broadband,32.92,2,1000,500,2019-06-10
PLN400B15AAA2,CUST100003440,Unlimited Premium,Broadband,49.75,5,1000,500,2026-01-25
PLNA5D87A74E0,CUST100013143,Unlimited Plus,Postpaid Mobile,115.54,20,500,500,2015-10-27
PLN5FA2AD7C44,CUST100086677,Unlimited Premium,Postpaid Mobile,117.34,50,-1,500,2019-04-03
PLNE060884C38,CUST100006384,IoT Data Plan,Prepaid Mobile,78.01,20,-1,-1,2021-03-01
PLN3670D0D324,CUST100020937,IoT Data Plan,Postpaid Mobile,110.58,20,-1,100,2017-05-24
PLNBE1E480FC1,CUST100092571,Unlimited Basic,Broadband,128.8,50,-1,100,2022-03-12
PLN06B5699032,CUST100084682,Prepaid 5GB,Postpaid Mobile,134.76,10,-1,500,2017-05-18
PLN6D84C8DE10,CUST100089290,Family Share 10GB,Postpaid Mobile,43.27,-1,-1,100,2022-10-03
PLN87BC45BABC,CUST100090440,IoT Data Plan,Postpaid Mobile,118.52,50,-1,100,2021-11-16
PLN46155A6BCC,CUST100010620,IoT Data Plan,Prepaid Mobile,136.02,-1,500,500,2019-03-03
PLN38A1399380,CUST100068603,Fiber 1Gbps,Postpaid Mobile,68.0,10,500,500,2021-02-11
PLN32CF95D88C,CUST100017361,Unlimited Basic,Postpaid Mobile,47.54,5,1000,100,2021-08-15
PLN547D9ADAAE,CUST100075796,Family Share 10GB,IoT,55.45,20,-1,-1,2017-06-07
PLN105333E806,CUST100055411,Fiber 1Gbps,Postpaid Mobile,103.82,5,-1,-1,2022-08-20
PLN4DA2C099D8,CUST100093707,Fiber 1Gbps,Postpaid Mobile,79.92,2,500,500,2017-10-06
PLN8FB1B9734E,CUST100032273,Unlimited Plus,Postpaid Mobile,124.82,20,-1,500,2019-04-03
PLN6DB6407A13,CUST100069240,Unlimited Plus,Broadband,88.7,10,1000,500,2025-08-04
PLN0DF90DDC2A,CUST100069213,Fiber 1Gbps,Prepaid Mobile,148.77,-1,500,500,2017-06-27
PLNAACDE4652A,CUST100054396,Fiber 1Gbps,Broadband,95.79,50,-1,500,2015-06-19
PLN5BF567FD28,CUST100064572,Unlimited Premium,Postpaid Mobile,111.93,5,1000,100,2021-07-28
PLN8698BC7F50,CUST100082467,Unlimited Plus,Broadband,54.07,5,-1,100,2015-12-10
PLN704AFFCF00,CUST100048855,Prepaid 5GB,Postpaid Mobile,22.07,-1,-1,100,2017-03-22
PLN3D3E3BE1A2,CUST100062239,Fiber 500Mbps,Postpaid Mobile,53.83,2,1000,-1,2025-04-15
PLNA2B4928E2B,CUST100048165,Fiber 1Gbps,Postpaid Mobile,61.03,50,-1,-1,2023-08-07
PLN072C101946,CUST100063105,Prepaid 5GB,Prepaid Mobile,147.15,5,-1,100,2020-07-07
PLNDF9337F18C,CUST100000321,Unlimited Premium,Prepaid Mobile,75.27,-1,1000,500,2018-03-28
PLN0A11882AEA,CUST100037567,IoT Data Plan,Broadband,139.27,50,1000,100,2024-02-10
PLN415407652C,CUST100043409,IoT Data Plan,Prepaid Mobile,61.4,20,1000,-1,2023-06-26
PLN47AA35D74F,CUST100010923,Unlimited Plus,Broadband,132.44,10,1000,500,2015-11-15
PLN737188317A,CUST100037994,IoT Data Plan,Postpaid Mobile,133.17,20,-1,-1,2017-03-15
PLN4D3AA67A5C,CUST100064171,IoT Data Plan,Broadband,32.5,2,1000,-1,2021-04-26
PLNB9AC6EEA2C,CUST100077373,Unlimited Premium,IoT,38.86,20,500,-1,2022-02-07
PLNA935ADE807,CUST100045736,Unlimited Plus,Broadband,31.09,2,500,-1,2020-01-03
PLNAD8901F3B2,CUST100078362,Unlimited Premium,Postpaid Mobile,73.96,50,500,-1,2024-08-03
PLN9A6B5A2047,CUST100031752,Fiber 1Gbps,Postpaid Mobile,57.36,5,500,100,2025-02-25
PLN3408E5114B,CUST100060395,Prepaid 5GB,Postpaid Mobile,39.85,-1,1000,-1,2020-03-13
PLN405CAFE800,CUST100088635,Unlimited Plus,Prepaid Mobile,108.29,5,1000,-1,2016-07-21
PLN44E75DCE13,CUST100000711,Unlimited Plus,Postpaid Mobile,89.24,50,-1,500,2017-03-26
PLNAFBB5199B5,CUST100050610,Fiber 500Mbps,Postpaid Mobile,120.28,2,500,500,2023-01-06
PLNB6F1A563E5,CUST100082315,Unlimited Plus,Broadband,113.64,-1,1000,-1,2025-11-18
PLN9F1DE947EB,CUST100015894,Prepaid 5GB,Postpaid Mobile,66.13,50,1000,-1,2018-04-26
PLN2EC4445A20,CUST100051205,Unlimited Basic,Broadband,99.11,-1,1000,-1,2026-05-25
PLN75EF320C70,CUST100039984,Unlimited Basic,Postpaid Mobile,147.33,-1,-1,100,2015-06-17
PLNCBEE6FF434,CUST100095956,Unlimited Plus,Postpaid Mobile,124.46,50,-1,100,2020-06-07
PLNC05640FDB5,CUST100031353,Prepaid 5GB,Broadband,118.66,50,-1,-1,2019-06-20
PLN20483FDBBC,CUST100041324,Fiber 500Mbps,Postpaid Mobile,15.86,-1,1000,500,2018-12-31
PLN8E744419F8,CUST100093373,Unlimited Plus,Postpaid Mobile,99.24,50,500,100,2025-11-03
PLN8A97DE732C,CUST100036835,Family Share 10GB,Postpaid Mobile,71.56,2,-1,100,2024-06-30
PLNCE43516B3D,CUST100030313,Unlimited Plus,Prepaid Mobile,37.75,2,500,500,2017-04-19
PLN15966B7B6E,CUST100063110,Unlimited Plus,Prepaid Mobile,23.61,-1,500,-1,2025-09-06
PLN04D605E953,CUST100099337,Unlimited Premium,Postpaid Mobile,66.68,50,1000,100,2018-10-18
PLNAB797BBE7F,CUST100024403,Unlimited Premium,Prepaid Mobile,34.11,5,-1,-1,2025-04-10
PLNB9333EE463,CUST100041845,Unlimited Plus,Postpaid Mobile,100.93,20,1000,500,2024-02-10
PLN4D6EF0C57A,CUST100044701,Family Share 10GB,Postpaid Mobile,111.19,20,500,500,2023-04-10
PLN575C6BB034,CUST100019050,Fiber 500Mbps,IoT,65.79,20,1000,100,2023-12-08
PLNDA3E1E6B71,CUST100027570,Unlimited Premium,Postpaid Mobile,49.12,20,1000,-1,2021-08-30
PLNE88ECA01D6,CUST100054257,IoT Data Plan,Postpaid Mobile,65.16,50,-1,500,2021-03-19
PLN6CE230E56F,CUST100010486,Unlimited Premium,Postpaid Mobile,37.58,20,500,100,2021-08-01
PLN2B206EA02E,CUST100087471,Prepaid 5GB,Broadband,58.64,5,500,-1,2024-12-26
PLN2B615B0E4E,CUST100080508,Fiber 500Mbps,IoT,29.47,10,500,500,2026-06-15
PLN1F1AFD036C,CUST100044224,Unlimited Premium,Prepaid Mobile,76.57,-1,-1,-1,2020-03-25
PLN4D29172061,CUST100011512,Family Share 10GB,Broadband,132.2,20,1000,-1,2025-07-23
PLN42E44432F7,CUST100012750,Prepaid 5GB,Postpaid Mobile,117.4,50,-1,500,2024-10-15
PLNF62F7C9E68,CUST100022432,Prepaid 5GB,Broadband,93.41,5,-1,-1,2022-06-19
PLNBCC7DBC8C0,CUST100019148,Fiber 500Mbps,Postpaid Mobile,61.46,20,1000,500,2024-11-09
PLN0393977ACE,CUST100057634,Unlimited Basic,Prepaid Mobile,36.14,5,-1,500,2026-03-30
PLNB12A76A7FA,CUST100021319,IoT Data Plan,Postpaid Mobile,128.89,20,500,500,2017-07-19
PLNE19F300E74,CUST100079092,Fiber 1Gbps,Prepaid Mobile,79.6,2,-1,100,2023-10-14
PLN34904B6751,CUST100029944,Unlimited Basic,Postpaid Mobile,132.29,5,500,100,2018-11-05
PLN92B9CE9A3C,CUST100094722,Prepaid 5GB,Postpaid Mobile,37.35,20,-1,100,2025-07-01
PLNED0F0327BA,CUST100015274,Fiber 500Mbps,Broadband,103.88,5,-1,500,2016-01-10
PLNC9908E7040,CUST100061380,Unlimited Premium,Postpaid Mobile,66.11,50,500,100,2025-04-22
PLNC7660FC416,CUST100064871,Family Share 10GB,Postpaid Mobile,22.44,5,500,500,2018-03-20
PLN92C34275B9,CUST100027839,Family Share 10GB,Postpaid Mobile,101.43,50,1000,-1,2022-02-05
PLNF36AFAB0DC,CUST100002527,Fiber 500Mbps,Postpaid Mobile,91.83,20,500,100,2023-10-15
PLNB5E0C3369E,CUST100077331,Unlimited Plus,Prepaid Mobile,124.33,5,-1,-1,2026-06-08
PLN7C69884AD5,CUST100091200,Fiber 1Gbps,Postpaid Mobile,107.19,50,-1,100,2021-11-20
PLN972926AABC,CUST100018537,Fiber 500Mbps,Postpaid Mobile,107.56,-1,500,-1,2020-06-02
PLN7A6D2FF70A,CUST100063806,Prepaid 5GB,Broadband,33.77,50,500,100,2018-07-04
PLN6C152BE907,CUST100032356,Fiber 500Mbps,IoT,15.89,50,-1,500,2016-02-10
PLN62B9C40021,CUST100066983,Unlimited Plus,Prepaid Mobile,37.75,10,-1,500,2018-05-24
PLNC8ED8AD7BF,CUST100087754,IoT Data Plan,Prepaid Mobile,36.26,10,1000,-1,2016-04-05
PLN9AEE9D3A36,CUST100010390,Family Share 10GB,Postpaid Mobile,140.56,50,500,-1,2016-10-05
PLN8604E904E5,CUST100068175,IoT Data Plan,Broadband,77.43,2,1000,500,2019-01-05
PLNB0E830C72D,CUST100042496,Fiber 500Mbps,Broadband,60.35,10,500,100,2025-03-09
PLN1ED24BC594,CUST100050646,Prepaid 5GB,Prepaid Mobile,56.21,2,500,500,2018-08-13
PLN514BABCDA7,CUST100084816,Unlimited Basic,Postpaid Mobile,61.54,20,500,500,2023-09-03
PLNC9E6306EBA,CUST100060882,Family Share 10GB,Prepaid Mobile,37.95,5,-1,100,2018-10-30
PLND7E251BDD5,CUST100015076,Fiber 1Gbps,Prepaid Mobile,149.94,10,500,100,2016-05-04
PLN59221967A5,CUST100073630,Prepaid 5GB,Broadband,41.84,5,1000,100,2018-02-11
PLN04501AFB40,CUST100040582,Prepaid 5GB,Postpaid Mobile,102.83,50,-1,100,2025-11-20
PLNB7F473B41C,CUST100028079,Unlimited Premium,IoT,60.34,50,500,-1,2016-12-12
PLN6443FF745C,CUST100081217,Family Share 10GB,Broadband,93.59,2,500,-1,2021-02-25
PLNCC456A8370,CUST100079492,IoT Data Plan,Prepaid Mobile,57.2,10,-1,100,2015-10-13
PLNE17A347248,CUST100073678,Unlimited Basic,Prepaid Mobile,43.67,50,500,-1,2016-10-29
PLN5A99D7D60D,CUST100074499,Unlimited Premium,Prepaid Mobile,136.66,10,-1,500,2019-06-30
PLNFFB9A79E0D,CUST100073270,Unlimited Plus,Postpaid Mobile,122.23,50,-1,100,2015-03-31
PLNF806CACA51,CUST100068089,Prepaid 5GB,Postpaid Mobile,44.1,10,500,100,2021-12-04
PLN999F06C6D5,CUST100028385,Unlimited Plus,Postpaid Mobile,92.32,20,-1,100,2016-08-25
PLN449617CB22,CUST100081699,Family Share 10GB,Broadband,85.14,10,500,500,2021-09-22
PLN52563C4F9E,CUST100086972,IoT Data Plan,Broadband,53.36,-1,1000,-1,2026-05-03
PLN7B52D42EAF,CUST100059853,Fiber 500Mbps,Postpaid Mobile,131.8,10,500,-1,2025-06-02
PLNA8A412999B,CUST100085552,Fiber 1Gbps,Postpaid Mobile,58.07,10,500,100,2025-12-04
PLN65FF64740B,CUST100094634,Unlimited Basic,Postpaid Mobile,141.45,5,1000,500,2018-12-23
PLNDF2B5F232F,CUST100010440,Unlimited Premium,Prepaid Mobile,88.61,10,500,-1,2021-05-03
PLNE49E25B6E8,CUST100044500,Fiber 500Mbps,Postpaid Mobile,44.38,-1,1000,100,2015-05-30
PLNC492C7E3C7,CUST100013960,Unlimited Basic,Postpaid Mobile,79.92,10,-1,-1,2016-06-23
PLN747FE119BD,CUST100087142,Unlimited Plus,Prepaid Mobile,134.1,5,1000,500,2020-11-15
PLNCEAB164764,CUST100036056,Family Share 10GB,Prepaid Mobile,29.8,2,1000,-1,2015-03-20
PLN0FBF3E68F7,CUST100085129,Unlimited Basic,Postpaid Mobile,91.42,10,-1,-1,2019-06-09
PLN45AE103ABA,CUST100082924,Family Share 10GB,Prepaid Mobile,103.11,20,500,100,2024-04-11
PLN5DD3234438,CUST100023729,Unlimited Premium,Postpaid Mobile,119.37,5,-1,100,2016-02-16
PLN846D2C2E87,CUST100042836,Unlimited Basic,Broadband,72.65,20,500,500,2026-04-10
PLN373518DAD6,CUST100070838,IoT Data Plan,Broadband,72.04,50,500,100,2023-05-18
PLNE5E873FF16,CUST100019349,Fiber 500Mbps,Broadband,16.15,-1,500,500,2026-04-06
PLNA8C9560E53,CUST100037921,Unlimited Premium,Prepaid Mobile,140.04,50,1000,500,2026-06-15
PLN2B77D3A037,CUST100054048,Unlimited Premium,Postpaid Mobile,99.07,10,500,100,2016-11-20
PLN51A5CAFF84,CUST100077173,IoT Data Plan,Prepaid Mobile,24.07,50,-1,500,2024-01-03
PLNB602750C0F,CUST100004297,Unlimited Basic,Postpaid Mobile,120.72,5,1000,-1,2019-12-15
PLN7054B43871,CUST100071867,Unlimited Premium,Prepaid Mobile,84.21,-1,500,100,2015-08-28
PLNDCAC68782E,CUST100075960,Fiber 1Gbps,Postpaid Mobile,50.41,-1,500,-1,2015-08-17
PLN8E56C0C30E,CUST100096644,IoT Data Plan,Postpaid Mobile,139.72,50,1000,-1,2023-11-02
PLN51502DA8B2,CUST100085156,Unlimited Plus,Postpaid Mobile,121.91,20,-1,500,2022-06-15
PLNF3F3A48AB4,CUST100099061,Fiber 1Gbps,Prepaid Mobile,91.15,5,500,500,2022-11-26
PLN7087727BD3,CUST100071708,Prepaid 5GB,IoT,70.81,10,1000,-1,2016-09-14
PLN648F4D7C0F,CUST100027149,Family Share 10GB,Prepaid Mobile,82.66,20,-1,100,2023-08-19
PLN6B7AAA1F9B,CUST100088714,Family Share 10GB,Postpaid Mobile,50.49,20,500,100,2025-05-24
PLN796A2B30E1,CUST100049164,Unlimited Plus,Postpaid Mobile,104.12,20,1000,-1,2020-02-25
PLN07EBCE9791,CUST100035816,Fiber 1Gbps,Postpaid Mobile,64.22,5,-1,-1,2015-01-17
PLN9ABE12F051,CUST100002803,Unlimited Premium,Prepaid Mobile,127.01,50,-1,500,2015-01-31
PLN26B5197B59,CUST100047730,IoT Data Plan,Postpaid Mobile,87.98,2,500,-1,2021-06-19
PLNADCD61CF49,CUST100011792,Unlimited Plus,Postpaid Mobile,62.8,20,-1,100,2021-04-29
PLN28E2426B4C,CUST100057899,Unlimited Plus,Postpaid Mobile,132.11,10,1000,-1,2020-10-12
PLN5D7C5ADFCE,CUST100018031,IoT Data Plan,Broadband,75.64,-1,-1,100,2020-07-22
PLNA9279E5908,CUST100095104,Family Share 10GB,Prepaid Mobile,36.07,20,-1,-1,2016-03-08
PLN17AFF3D6A0,CUST100002148,Prepaid 5GB,Prepaid Mobile,149.22,-1,1000,-1,2018-12-17
PLN2753823E14,CUST100018527,Fiber 1Gbps,Broadband,65.57,5,500,100,2015-07-04
PLNF0D1CEC7CE,CUST100041521,Family Share 10GB,Postpaid Mobile,20.77,5,500,500,2020-04-01
PLNEDAF96BD38,CUST100042969,IoT Data Plan,Prepaid Mobile,30.78,50,1000,500,2020-02-19
PLNE1F51D7E02,CUST100025139,Unlimited Basic,Postpaid Mobile,37.69,50,500,500,2022-06-02
PLNDB7EE5E204,CUST100048498,Unlimited Premium,Postpaid Mobile,35.42,10,1000,100,2016-05-22
PLN4AB65CCB35,CUST100087257,Fiber 1Gbps,Postpaid Mobile,142.54,-1,-1,500,2017-10-19
PLN9FDA7F7F99,CUST100073127,IoT Data Plan,Postpaid Mobile,103.66,50,-1,100,2020-10-24
PLN6D4F7FEA7E,CUST100073856,Fiber 1Gbps,Postpaid Mobile,89.89,-1,1000,500,2015-01-21
PLNCF800FE713,CUST100070959,Family Share 10GB,Postpaid Mobile,26.14,-1,500,500,2023-02-21
PLN390ED2F085,CUST100023224,IoT Data Plan,Postpaid Mobile,86.74,10,-1,500,2021-06-09
PLN4B6D51B196,CUST100029545,Prepaid 5GB,Postpaid Mobile,69.4,5,1000,500,2025-04-18
PLN44A0F07FD6,CUST100054263,Unlimited Basic,Postpaid Mobile,98.72,20,500,500,2024-09-26
PLN0DF758D262,CUST100063552,Fiber 500Mbps,Prepaid Mobile,69.78,10,-1,100,2022-07-01
PLN6D6B04B075,CUST100074953,Family Share 10GB,Broadband,121.42,20,500,100,2017-01-18
PLN67D960F232,CUST100033007,Prepaid 5GB,Broadband,27.37,50,-1,-1,2017-08-31
PLNF6A7AFABD3,CUST100031124,Unlimited Premium,Postpaid Mobile,89.37,20,-1,-1,2024-10-13
PLNBD5494C8F7,CUST100096734,Fiber 500Mbps,Postpaid Mobile,140.15,2,500,-1,2018-11-07
PLN4AE995BF80,CUST100047602,Fiber 1Gbps,Postpaid Mobile,35.72,-1,1000,-1,2021-11-22
PLNC0ECE2D0CB,CUST100072111,Unlimited Plus,Broadband,53.21,50,500,100,2025-11-05
PLN70D69AF1B2,CUST100099652,Unlimited Plus,Prepaid Mobile,38.22,5,-1,100,2018-03-01
PLN9FBE07D966,CUST100058367,Prepaid 5GB,Postpaid Mobile,115.8,2,500,500,2017-10-27
PLNCABDF48105,CUST100079817,Prepaid 5GB,Postpaid Mobile,118.22,20,1000,-1,2023-01-30
PLN2F51FBF653,CUST100066657,Unlimited Premium,IoT,138.44,-1,1000,100,2023-11-21
PLN34A02D8CE4,CUST100047153,Unlimited Plus,Prepaid Mobile,53.88,50,500,500,2020-09-27
PLN0947BFB518,CUST100088629,Fiber 1Gbps,Postpaid Mobile,136.67,2,500,100,2016-05-11
PLN15E906C07A,CUST100039019,Unlimited Premium,Broadband,69.35,50,1000,-1,2018-11-10
PLNBE2F022F3C,CUST100019217,Unlimited Plus,Broadband,89.16,2,500,-1,2016-12-02
PLNCDA180C60A,CUST100021375,Family Share 10GB,Postpaid Mobile,37.37,10,-1,500,2022-12-29
PLND8E24F134F,CUST100059367,Unlimited Premium,Postpaid Mobile,91.11,2,1000,500,2023-03-28
PLND4CE630C08,CUST100006932,Fiber 1Gbps,Postpaid Mobile,104.37,-1,500,500,2022-04-28
PLN87A814408C,CUST100008767,Fiber 1Gbps,Prepaid Mobile,73.2,10,-1,-1,2017-03-10
PLN2329F99881,CUST100057288,Unlimited Basic,Prepaid Mobile,114.33,5,-1,-1,2023-09-04
PLN59C23AA002,CUST100091318,Fiber 1Gbps,Postpaid Mobile,21.98,50,-1,-1,2025-03-13
PLN852B69341F,CUST100069978,IoT Data Plan,Prepaid Mobile,70.61,-1,1000,500,2019-07-31
PLN594B2F232C,CUST100050912,Fiber 1Gbps,Broadband,101.5,50,500,500,2019-05-07
PLN5A26F65D3F,CUST100037760,Unlimited Basic,Broadband,32.58,20,500,500,2022-10-25
PLN76F13F694E,CUST100045476,Fiber 1Gbps,Postpaid Mobile,85.55,50,1000,100,2016-03-01
PLN8B12165F53,CUST100052375,IoT Data Plan,Postpaid Mobile,127.59,50,500,-1,2015-08-07
PLN181DC05100,CUST100004387,Fiber 1Gbps,Postpaid Mobile,18.28,50,-1,-1,2019-12-12
PLND3637A9C3E,CUST100064690,Prepaid 5GB,Prepaid Mobile,120.56,-1,1000,500,2023-10-24
PLN4AD52DA6AF,CUST100092671,Unlimited Basic,Prepaid Mobile,72.96,2,500,100,2021-04-15
PLND9D3F06F08,CUST100051427,Fiber 500Mbps,Prepaid Mobile,75.84,50,-1,100,2024-07-24
PLN0C4EC2A1F6,CUST100053362,IoT Data Plan,Broadband,89.46,20,-1,100,2022-05-06
PLN54428011A4,CUST100008628,Fiber 500Mbps,Postpaid Mobile,55.04,2,500,100,2024-11-24
PLN5BD58232B4,CUST100056399,Fiber 500Mbps,Postpaid Mobile,129.47,20,1000,500,2022-01-15
PLN89E6D10F97,CUST100060778,Unlimited Premium,Postpaid Mobile,84.11,20,500,500,2023-02-09
PLNBF011F4AAF,CUST100067057,Unlimited Plus,Postpaid Mobile,57.58,5,1000,-1,2024-02-16
PLN446FCC06FE,CUST100086160,Unlimited Basic,IoT,43.32,2,-1,500,2024-04-14
PLN23200D96B6,CUST100042872,IoT Data Plan,Broadband,78.17,20,-1,100,2016-03-21
PLN9E2B4AFA0B,CUST100020740,Fiber 500Mbps,Broadband,67.76,20,1000,-1,2025-10-31
PLN8FBAF8A81A,CUST100099521,Fiber 500Mbps,Postpaid Mobile,100.62,20,-1,-1,2019-05-26
PLN901E516C57,CUST100010905,Unlimited Premium,Postpaid Mobile,121.24,10,500,-1,2025-03-07
PLN3F76CC1E73,CUST100066401,Prepaid 5GB,Postpaid Mobile,51.3,10,-1,-1,2016-02-18
PLND485FB7A86,CUST100013894,Unlimited Plus,Broadband,94.41,-1,500,-1,2015-11-22
PLN2A23B6F718,CUST100008699,Fiber 1Gbps,Postpaid Mobile,137.97,-1,-1,100,2017-01-13
PLN89FFA9EB4A,CUST100018653,Fiber 500Mbps,Prepaid Mobile,120.27,50,500,500,2020-12-25
PLN89A0095CE6,CUST100034218,Prepaid 5GB,Postpaid Mobile,90.91,5,1000,-1,2016-06-25
PLNBA2377186C,CUST100095738,Family Share 10GB,Prepaid Mobile,50.52,-1,-1,500,2015-09-09
PLNE3D73D6294,CUST100004530,Fiber 500Mbps,Postpaid Mobile,49.47,-1,-1,500,2024-09-19
PLNF4E1BC4708,CUST100074473,Unlimited Plus,Postpaid Mobile,101.54,50,500,100,2016-05-18
PLNF2A3FE4974,CUST100087393,IoT Data Plan,Postpaid Mobile,65.37,-1,-1,100,2023-10-30
PLN36BE9493E9,CUST100014674,Fiber 1Gbps,Broadband,74.34,5,-1,-1,2022-06-29
PLN841A86E593,CUST100014909,Fiber 500Mbps,Postpaid Mobile,17.77,10,1000,-1,2023-09-13
PLNAB089B6AE6,CUST100057940,Unlimited Premium,Postpaid Mobile,53.49,-1,1000,100,2025-04-05
PLN73403ECA75,CUST100003231,Unlimited Basic,Postpaid Mobile,96.78,2,-1,-1,2023-08-29
PLN0F94F68E2A,CUST100011071,Unlimited Basic,Postpaid Mobile,112.06,-1,1000,500,2018-04-28
PLNA66A11EE86,CUST100026264,Unlimited Plus,Prepaid Mobile,107.48,50,1000,100,2021-06-11
PLND97E169D99,CUST100037328,Prepaid 5GB,Postpaid Mobile,73.33,50,500,-1,2016-06-06
PLN51E5497998,CUST100055484,Fiber 1Gbps,Broadband,72.5,20,1000,100,2019-09-17
PLNE461634432,CUST100073099,Family Share 10GB,Prepaid Mobile,86.76,-1,-1,500,2020-05-22
PLN1451F55E8D,CUST100036702,IoT Data Plan,Postpaid Mobile,116.61,-1,500,100,2025-01-01
PLN6D28750055,CUST100077859,Fiber 1Gbps,Postpaid Mobile,128.21,-1,-1,500,2016-11-07
PLN05EDA787D2,CUST100034843,Family Share 10GB,Prepaid Mobile,93.18,10,-1,-1,2021-04-11
PLN8943AD306E,CUST100021555,Family Share 10GB,Prepaid Mobile,85.79,50,500,100,2019-12-01
PLNACF9FEDED5,CUST100047873,Unlimited Basic,Broadband,85.01,5,500,100,2016-04-12
PLN5074500AE8,CUST100082454,Unlimited Basic,Postpaid Mobile,130.83,10,-1,-1,2020-03-24
PLND0641CCC7F,CUST100065673,Unlimited Plus,Postpaid Mobile,78.97,50,-1,-1,2025-11-05
PLN029E047462,CUST100014381,Unlimited Premium,Postpaid Mobile,37.31,20,500,500,2023-05-01
PLN430593E884,CUST100098847,Unlimited Basic,Broadband,66.55,10,1000,500,2018-01-03
PLNBA4E640CCA,CUST100054301,Family Share 10GB,Postpaid Mobile,46.04,5,-1,100,2023-05-21
PLN0972BD48E9,CUST100051754,Unlimited Premium,Postpaid Mobile,44.24,10,1000,500,2020-07-13
PLN2AAD32EADD,CUST100062892,Fiber 500Mbps,Postpaid Mobile,119.34,2,500,500,2023-11-21
PLNC0E4004868,CUST100072129,IoT Data Plan,Postpaid Mobile,25.32,-1,-1,100,2018-03-07
PLNC6F2D37D7A,CUST100033362,Unlimited Basic,Prepaid Mobile,54.71,10,1000,100,2026-03-20
PLN6EABD812F0,CUST100045780,Fiber 500Mbps,Postpaid Mobile,70.09,50,-1,-1,2020-11-18
PLNCCDA0D450F,CUST100069649,Family Share 10GB,Postpaid Mobile,24.94,-1,500,100,2015-08-13
PLNC40EF863AB,CUST100037262,Unlimited Plus,Prepaid Mobile,62.5,10,-1,100,2019-01-21
PLNAFEAF966A7,CUST100088984,IoT Data Plan,Postpaid Mobile,55.33,20,500,100,2017-04-06
PLN635C51C05A,CUST100037634,Fiber 500Mbps,Prepaid Mobile,127.81,-1,1000,500,2022-05-13
PLN730E7C7258,CUST100039863,Prepaid 5GB,Prepaid Mobile,77.05,10,-1,500,2015-11-24
PLN30F73F51B9,CUST100004690,Fiber 500Mbps,Postpaid Mobile,88.92,-1,500,-1,2025-07-08
PLN830D61C30B,CUST100017345,Fiber 500Mbps,Broadband,37.17,2,-1,-1,2021-05-30
PLN16350920FD,CUST100072610,Unlimited Premium,IoT,63.29,50,500,500,2018-03-27
PLN0FBA6F748E,CUST100093169,Unlimited Basic,Prepaid Mobile,16.75,5,500,100,2024-08-04
PLN827E50BC7A,CUST100016632,Fiber 1Gbps,IoT,32.31,-1,-1,-1,2023-06-02
PLN164A2006F4,CUST100010877,Unlimited Plus,Postpaid Mobile,75.45,10,-1,100,2017-09-12
PLNE8F7B1C946,CUST100068610,Unlimited Premium,Postpaid Mobile,128.3,-1,500,100,2020-03-16
PLN0FF47C53AC,CUST100065575,Unlimited Basic,Postpaid Mobile,86.52,-1,1000,500,2020-01-04
PLNF718909BAE,CUST100007498,Unlimited Premium,Prepaid Mobile,116.76,5,500,100,2019-04-10
PLN03AB5D88AB,CUST100075643,IoT Data Plan,Postpaid Mobile,53.2,20,-1,100,2017-09-28
PLN9DEE58D617,CUST100052074,Fiber 1Gbps,Postpaid Mobile,59.17,5,-1,-1,2016-03-19
PLN29D26262A1,CUST100039096,IoT Data Plan,Postpaid Mobile,92.79,5,1000,-1,2019-02-04
PLN173E098328,CUST100084060,Unlimited Basic,Postpaid Mobile,90.18,2,1000,100,2016-07-08
PLND14634AECB,CUST100093717,Unlimited Basic,Broadband,21.67,20,1000,-1,2020-12-15
PLN2CFAF83B50,CUST100071235,IoT Data Plan,Broadband,147.85,2,500,100,2024-07-09
PLN28F54097B8,CUST100020122,Family Share 10GB,Prepaid Mobile,23.15,10,-1,500,2017-01-13
PLN06F69E8208,CUST100049260,Unlimited Plus,Prepaid Mobile,115.93,10,-1,-1,2019-11-26
PLN7B2FE5EBF6,CUST100027617,Unlimited Plus,Prepaid Mobile,119.43,10,-1,-1,2024-12-23
PLNEAF158E854,CUST100044119,IoT Data Plan,Postpaid Mobile,35.41,5,500,-1,2017-05-13
PLN06A90837FD,CUST100010610,Fiber 500Mbps,Postpaid Mobile,103.51,50,1000,-1,2024-02-24
PLN330749A68E,CUST100094474,Prepaid 5GB,Postpaid Mobile,113.6,5,500,500,2024-07-11
PLN0C57763C79,CUST100028043,Family Share 10GB,Broadband,88.85,2,500,500,2022-02-14
PLND65DAF1D5B,CUST100002002,Unlimited Basic,Postpaid Mobile,80.05,10,500,500,2016-01-03
PLN081EDAA72F,CUST100021607,Fiber 500Mbps,Prepaid Mobile,20.03,2,-1,500,2022-01-15
PLN68397E77F8,CUST100076470,Fiber 500Mbps,Prepaid Mobile,24.13,20,1000,100,2022-10-22
PLN4611E6DE17,CUST100091254,Unlimited Premium,Postpaid Mobile,134.63,20,500,500,2019-09-29
PLN2E84D65A37,CUST100091847,IoT Data Plan,Postpaid Mobile,88.03,2,1000,-1,2023-10-03
PLN452EC7B5F3,CUST100099584,IoT Data Plan,Postpaid Mobile,124.53,2,1000,500,2023-10-15
PLNDC6AF3A9BE,CUST100086925,Fiber 500Mbps,Postpaid Mobile,53.57,10,1000,500,2023-01-17
PLN01B13ADA77,CUST100031194,Unlimited Plus,Postpaid Mobile,78.38,20,500,-1,2016-09-05
PLN810B2172E5,CUST100087827,Unlimited Basic,Prepaid Mobile,47.36,-1,-1,-1,2015-04-25
PLN16639E86D4,CUST100020610,IoT Data Plan,Broadband,47.74,-1,500,100,2016-10-26
PLN33C76D25D9,CUST100071170,Family Share 10GB,Broadband,124.84,50,-1,100,2019-05-25
PLNC1C118D35B,CUST100042214,Unlimited Plus,Broadband,65.4,5,1000,500,2015-05-19
PLND266836C71,CUST100033515,Unlimited Basic,Postpaid Mobile,19.55,10,500,100,2021-10-12
PLNC1A3BAA188,CUST100043459,Unlimited Basic,Postpaid Mobile,20.39,50,-1,-1,2019-11-14
PLN6D3C4F6110,CUST100055722,Fiber 1Gbps,Prepaid Mobile,69.34,-1,-1,500,2021-02-17
PLN7DB2177634,CUST100095313,Unlimited Premium,Postpaid Mobile,78.95,2,1000,500,2017-12-07
PLN3FBB64AD92,CUST100077214,Unlimited Basic,Postpaid Mobile,48.85,2,1000,-1,2024-07-09
PLN474435B8B4,CUST100054273,Prepaid 5GB,Broadband,19.74,10,500,100,2016-08-13
PLN833C6BB0CD,CUST100089806,Unlimited Premium,Postpaid Mobile,27.14,5,1000,500,2022-02-25
PLN2E8DC641D4,CUST100080683,IoT Data Plan,Prepaid Mobile,22.59,50,500,500,2020-03-14
PLN7914DC39D0,CUST100080776,Prepaid 5GB,Broadband,106.69,20,1000,500,2026-06-20
PLNCD3183586B,CUST100012681,Unlimited Basic,Postpaid Mobile,32.14,5,500,100,2015-05-16
PLND28C28D8EA,CUST100048492,Unlimited Basic,Postpaid Mobile,132.33,-1,500,500,2021-10-11
PLNFC42FD61CF,CUST100050457,Fiber 500Mbps,Broadband,141.66,50,1000,500,2023-01-20
PLNC1FFDBB20B,CUST100094670,Unlimited Premium,Broadband,53.13,50,-1,-1,2026-05-09
PLN7C7A55E8F3,CUST100020325,Prepaid 5GB,Postpaid Mobile,22.67,50,500,100,2019-07-02
PLNB3C22C1C85,CUST100080549,Unlimited Plus,Postpaid Mobile,103.16,20,-1,-1,2015-11-21
PLN0CCFAF672C,CUST100062727,Unlimited Basic,Postpaid Mobile,75.23,10,500,-1,2021-10-12
PLNFF1077B890,CUST100007706,Fiber 1Gbps,Broadband,95.46,2,1000,-1,2017-06-03
PLNFB18728260,CUST100044847,Unlimited Plus,Broadband,63.86,50,-1,100,2022-06-11
PLNE20090FE71,CUST100047502,Unlimited Basic,Postpaid Mobile,131.57,10,500,100,2023-05-02
PLN0DC6C3378F,CUST100019459,Unlimited Basic,Postpaid Mobile,47.89,5,1000,500,2022-05-23
PLN81893B1FC5,CUST100098870,Unlimited Plus,Prepaid Mobile,118.03,20,1000,-1,2017-02-14
PLN64FC6931C4,CUST100036098,Fiber 500Mbps,Postpaid Mobile,89.23,5,1000,500,2025-11-18
PLNA061C18A94,CUST100031642,IoT Data Plan,Postpaid Mobile,32.92,5,500,100,2020-03-24
PLN220CFD1C36,CUST100021687,Fiber 500Mbps,Broadband,132.01,-1,1000,100,2021-02-08
PLN0C2E30B1C0,CUST100070315,Unlimited Basic,Postpaid Mobile,36.7,-1,500,500,2026-02-28
PLN120C48CC07,CUST100019201,IoT Data Plan,Prepaid Mobile,69.46,5,1000,100,2016-11-15
PLNF704BD7775,CUST100032503,Unlimited Plus,Postpaid Mobile,45.06,-1,-1,100,2016-10-25
PLN4D327C427C,CUST100082358,Unlimited Premium,Postpaid Mobile,144.3,10,-1,-1,2023-07-03
PLNFDA8DC6032,CUST100051804,Fiber 500Mbps,Postpaid Mobile,69.74,50,500,-1,2022-07-10
PLN498FDB6F01,CUST100010929,Unlimited Plus,Prepaid Mobile,86.44,2,1000,100,2016-07-31
PLN1D243CF41D,CUST100056226,Unlimited Basic,Broadband,38.95,5,500,100,2016-01-17
PLN13C38530E4,CUST100088700,Prepaid 5GB,Postpaid Mobile,139.79,10,1000,-1,2021-07-31
PLN4AB1A64A23,CUST100050485,Unlimited Plus,IoT,118.33,5,1000,500,2026-02-24
PLNBF0C00B6AC,CUST100036543,Unlimited Premium,Broadband,138.76,10,1000,500,2019-04-16
PLN6AB66F4EF1,CUST100070777,Family Share 10GB,Prepaid Mobile,131.94,-1,-1,500,2017-03-17
PLNE320C26029,CUST100072863,Unlimited Basic,Prepaid Mobile,105.77,-1,-1,100,2019-08-25
PLN68665C0D53,CUST100057962,Unlimited Premium,Prepaid Mobile,87.73,20,-1,500,2016-06-01
PLN65D87B1899,CUST100092340,Unlimited Basic,Postpaid Mobile,121.19,50,-1,500,2017-04-19
PLN915537C6D6,CUST100008890,Unlimited Plus,Broadband,36.49,-1,500,500,2024-04-04
PLN2D2C776AE0,CUST100029738,Family Share 10GB,Broadband,88.58,20,1000,500,2024-04-24
PLN0BDE59F034,CUST100085927,Unlimited Plus,Postpaid Mobile,51.64,10,1000,100,2015-08-08
PLN0D363CC235,CUST100051024,Fiber 1Gbps,Postpaid Mobile,39.81,2,-1,-1,2015-07-27
PLND52462F276,CUST100005346,Unlimited Plus,Prepaid Mobile,112.06,2,1000,500,2016-04-24
PLN0DA1560CE0,CUST100022808,Unlimited Premium,Broadband,88.18,2,-1,100,2015-02-22
PLN97A7B8F6F7,CUST100017059,Prepaid 5GB,Postpaid Mobile,30.88,-1,1000,100,2024-10-14
PLNB944664675,CUST100010537,Unlimited Basic,Broadband,78.34,20,500,500,2020-07-24
PLNDAC5B824E3,CUST100054344,Unlimited Plus,Prepaid Mobile,66.73,20,-1,-1,2024-07-13
PLND338E708F1,CUST100002051,Prepaid 5GB,Postpaid Mobile,106.97,-1,1000,100,2020-01-16
PLN5BF95ECE16,CUST100018195,Fiber 1Gbps,Postpaid Mobile,77.04,2,-1,100,2019-09-01
PLNB4598B0C56,CUST100058953,IoT Data Plan,Postpaid Mobile,100.46,-1,-1,100,2016-07-20
PLN9B963A6F34,CUST100092073,Prepaid 5GB,Postpaid Mobile,51.88,2,1000,100,2018-11-20
PLN825B00FF33,CUST100015023,Unlimited Premium,Postpaid Mobile,37.15,10,-1,-1,2024-04-11
PLN464A4C2D74,CUST100019157,Prepaid 5GB,Prepaid Mobile,136.76,-1,500,-1,2016-10-24
PLN621907749B,CUST100005726,Family Share 10GB,Postpaid Mobile,127.04,10,-1,500,2022-12-23
PLNB4D3BB8EEA,CUST100004866,Prepaid 5GB,Postpaid Mobile,133.03,2,1000,500,2017-06-04
PLN0BE40DAEBD,CUST100091490,Prepaid 5GB,Postpaid Mobile,25.26,20,500,-1,2022-08-11
PLNCDAE0C26D7,CUST100052041,Prepaid 5GB,IoT,74.95,20,-1,100,2018-08-27
PLNB706EAFA9A,CUST100059697,Fiber 1Gbps,Broadband,35.77,50,500,100,2022-06-12
PLNE8EDE640C6,CUST100085918,IoT Data Plan,Postpaid Mobile,88.58,-1,1000,500,2022-09-17
PLN59659C88B0,CUST100042160,Fiber 500Mbps,Postpaid Mobile,105.14,-1,500,-1,2024-04-03
PLNA171F40D3C,CUST100056990,Unlimited Plus,Postpaid Mobile,26.78,2,-1,100,2015-10-04
PLN27DA8F45AD,CUST100049583,Fiber 1Gbps,Prepaid Mobile,107.52,10,-1,-1,2015-01-28
PLN8ED518AD29,CUST100003834,Unlimited Basic,Postpaid Mobile,75.34,2,-1,100,2018-12-12
PLN99D71C4D93,CUST100067818,IoT Data Plan,Prepaid Mobile,59.92,-1,500,100,2015-07-07
PLN98CE40DF2E,CUST100054950,IoT Data Plan,Broadband,56.21,20,-1,500,2023-11-21
PLNCFDA50E8F2,CUST100041515,Fiber 500Mbps,Postpaid Mobile,51.93,-1,1000,100,2025-12-03
PLN72502EEC3F,CUST100062825,Family Share 10GB,Postpaid Mobile,27.02,10,1000,-1,2019-04-08
PLN173F9AD967,CUST100039902,Fiber 500Mbps,Postpaid Mobile,53.49,10,1000,-1,2025-07-28
PLNCB6A329BAD,CUST100044989,IoT Data Plan,Postpaid Mobile,129.06,-1,500,100,2020-06-07
PLN40632D6BDE,CUST100035236,Fiber 1Gbps,Prepaid Mobile,24.79,10,1000,500,2024-03-20
PLNB5283933F0,CUST100061795,Unlimited Basic,Postpaid Mobile,99.96,5,500,500,2026-06-28
PLN204A074737,CUST100033424,Unlimited Basic,Postpaid Mobile,49.54,10,1000,-1,2025-10-07
PLN68DE7CAA81,CUST100011454,Unlimited Premium,Postpaid Mobile,75.74,10,-1,100,2017-02-05
PLN1D4E5D5CCE,CUST100043898,Prepaid 5GB,Postpaid Mobile,25.09,10,-1,500,2022-07-22
PLN07635EA8BB,CUST100051548,IoT Data Plan,Postpaid Mobile,77.98,10,1000,500,2021-02-14
PLN6CF25F6EBF,CUST100074034,Family Share 10GB,Broadband,135.92,20,500,-1,2020-08-13
PLN56FF7CBFDA,CUST100088922,Fiber 1Gbps,Postpaid Mobile,47.3,5,500,100,2016-10-10
PLN1F58EF62F8,CUST100055726,Fiber 500Mbps,Postpaid Mobile,131.77,-1,500,100,2025-08-18
PLNE9524AB11E,CUST100001559,Prepaid 5GB,Postpaid Mobile,99.7,5,-1,-1,2017-02-24
PLN2EB00D9BBD,CUST100024216,Fiber 500Mbps,Broadband,77.64,-1,-1,-1,2018-11-22
PLNA3EB1BBC7E,CUST100032609,Unlimited Premium,Postpaid Mobile,102.88,10,-1,500,2015-03-30
PLN7534DCFC66,CUST100089505,Prepaid 5GB,Postpaid Mobile,120.35,10,1000,100,2024-12-15
PLNEC394A8BF8,CUST100074303,Unlimited Basic,Broadband,87.84,-1,1000,500,2023-05-14
PLN300E88578B,CUST100020738,Fiber 500Mbps,Postpaid Mobile,46.63,50,1000,500,2023-12-28
PLN74D94C50F8,CUST100020641,IoT Data Plan,Broadband,79.35,10,1000,100,2018-05-02
PLN62AA3FBA55,CUST100066532,Unlimited Plus,Prepaid Mobile,103.41,-1,-1,-1,2015-07-15
PLNFF55F65623,CUST100083896,Unlimited Premium,Postpaid Mobile,120.1,2,-1,500,2025-11-26
PLN37081CCD4C,CUST100093290,IoT Data Plan,Prepaid Mobile,92.4,50,1000,500,2017-02-06
PLNB9E7D3D300,CUST100010045,Family Share 10GB,Prepaid Mobile,27.83,10,500,500,2016-01-12
PLNF120D4E66E,CUST100042686,IoT Data Plan,Postpaid Mobile,79.85,20,1000,-1,2024-02-29
PLNE2B7D88724,CUST100074555,Fiber 500Mbps,Broadband,99.92,50,500,100,2023-08-25
PLNAFEC09C223,CUST100028466,Fiber 1Gbps,Postpaid Mobile,129.62,50,1000,100,2025-03-07
PLN580662B299,CUST100050185,Unlimited Plus,Prepaid Mobile,69.11,2,1000,-1,2025-10-04
PLN09EF377FF0,CUST100007407,Fiber 500Mbps,Postpaid Mobile,34.76,10,500,-1,2023-03-05
PLN5589B644D6,CUST100011526,Family Share 10GB,Postpaid Mobile,88.72,-1,-1,-1,2019-07-18
PLN975006B816,CUST100081786,Unlimited Plus,Postpaid Mobile,135.52,20,1000,500,2021-01-13
PLN617AAD4CF2,CUST100035159,Unlimited Basic,Prepaid Mobile,15.49,2,1000,-1,2023-06-07
PLN6BADD9329A,CUST100011669,Fiber 1Gbps,Postpaid Mobile,126.48,20,500,100,2022-06-06
PLN09DEA215CC,CUST100073612,Prepaid 5GB,Postpaid Mobile,69.56,10,500,100,2015-06-02
PLN7EE8A3AFE4,CUST100054694,Prepaid 5GB,Prepaid Mobile,117.59,50,1000,100,2019-10-17
PLN2941E24B94,CUST100010004,Unlimited Plus,Prepaid Mobile,72.55,5,500,-1,2022-04-24
PLN7BE299E8AF,CUST100027936,Unlimited Basic,Broadband,57.96,-1,-1,500,2023-10-26
PLN8F65165C60,CUST100079218,Fiber 1Gbps,Postpaid Mobile,47.89,-1,-1,100,2023-02-21
PLN9F635A10C2,CUST100094298,Family Share 10GB,IoT,98.66,50,500,100,2020-08-20
PLN75D9F2900A,CUST100072574,Fiber 1Gbps,Postpaid Mobile,41.91,5,-1,500,2016-08-09
PLN4663633806,CUST100089926,Fiber 1Gbps,Prepaid Mobile,92.89,50,500,500,2025-01-12
PLNA8B4F0313A,CUST100086391,Unlimited Plus,IoT,47.54,2,1000,-1,2015-11-07
PLN235CF296FA,CUST100000650,Unlimited Premium,Broadband,118.49,5,-1,100,2020-12-08
PLN78371F0A16,CUST100018286,Fiber 500Mbps,Postpaid Mobile,135.23,2,500,-1,2016-09-17
PLNC199EE72E2,CUST100071907,Prepaid 5GB,Prepaid Mobile,76.02,20,-1,-1,2024-04-13
PLNA0D0384D58,CUST100022765,IoT Data Plan,Postpaid Mobile,127.07,50,-1,500,2019-05-15
PLN345D7875FA,CUST100064867,Fiber 500Mbps,Broadband,50.15,10,1000,100,2021-04-07
PLN3E69D1663E,CUST100056374,Family Share 10GB,Postpaid Mobile,47.35,-1,500,-1,2016-08-04
PLND7253CD77E,CUST100063253,Fiber 1Gbps,Prepaid Mobile,48.59,10,500,-1,2016-05-06
PLN8A2CD76CC6,CUST100090386,Unlimited Premium,Postpaid Mobile,136.5,50,-1,-1,2020-03-14
PLN78AA6887E9,CUST100010465,Prepaid 5GB,Postpaid Mobile,57.01,5,-1,500,2020-12-31
PLN6CC6CFB165,CUST100020193,Family Share 10GB,Postpaid Mobile,19.73,2,500,500,2015-06-19
PLN3246289F85,CUST100084156,Unlimited Basic,Prepaid Mobile,82.73,20,1000,-1,2025-08-22
PLN277F9EBE0D,CUST100058958,Prepaid 5GB,Broadband,112.16,10,-1,-1,2016-04-11
PLN4161218F7E,CUST100032492,Fiber 500Mbps,Broadband,124.72,2,1000,500,2019-05-04
PLNB97BAD68AE,CUST100084400,Family Share 10GB,Broadband,114.29,10,500,100,2025-07-09
PLN036F01DAD9,CUST100028184,Unlimited Basic,Postpaid Mobile,112.68,-1,1000,-1,2019-12-28
PLNCE543F9F3A,CUST100044269,IoT Data Plan,Postpaid Mobile,79.02,-1,500,-1,2023-03-06
PLN75911F2619,CUST100071900,Unlimited Plus,IoT,81.85,20,500,-1,2022-06-07
PLN59A36172C5,CUST100043059,Family Share 10GB,Postpaid Mobile,15.48,2,-1,-1,2016-02-10
PLN0685A4495A,CUST100073488,Unlimited Basic,Postpaid Mobile,42.98,20,1000,-1,2026-02-17
PLNDE902C7BF7,CUST100099544,Prepaid 5GB,Postpaid Mobile,33.61,20,-1,-1,2021-05-10
PLNCC9AF14613,CUST100018164,Unlimited Premium,Postpaid Mobile,83.37,5,500,500,2023-01-21
PLN41A23565EA,CUST100075213,Prepaid 5GB,Postpaid Mobile,82.43,50,500,500,2026-03-20
PLN159D84FD23,CUST100016013,Prepaid 5GB,Postpaid Mobile,145.02,2,500,-1,2023-09-10
PLNB42CF4772A,CUST100041212,Prepaid 5GB,Broadband,60.53,10,500,500,2021-10-21
PLNC75BE3C6C4,CUST100044000,Unlimited Basic,Postpaid Mobile,106.55,50,500,100,2017-11-08
PLN8944C4619D,CUST100005271,Fiber 1Gbps,Prepaid Mobile,86.2,50,500,500,2020-01-15
PLN58C823D5B0,CUST100042571,Prepaid 5GB,Prepaid Mobile,104.44,50,1000,100,2018-04-23
PLNA5AAEC5D28,CUST100097225,Unlimited Basic,Prepaid Mobile,125.31,20,500,500,2019-03-01
PLN76BB847839,CUST100016474,Family Share 10GB,Postpaid Mobile,58.5,50,-1,100,2023-07-30
PLN937E911978,CUST100051801,Unlimited Plus,Prepaid Mobile,74.37,10,1000,500,2021-09-26
PLN59C7DE08DD,CUST100083739,Unlimited Plus,Broadband,39.56,5,500,100,2021-06-10
PLN55BBAB0959,CUST100055891,Fiber 1Gbps,Postpaid Mobile,121.2,2,1000,500,2026-02-11
PLN54AD8713A6,CUST100061557,Fiber 500Mbps,Broadband,149.86,20,1000,-1,2016-06-14
PLNFB2799D91A,CUST100064148,Family Share 10GB,Broadband,125.72,2,1000,-1,2024-09-11
PLNA3CDE88732,CUST100058180,Unlimited Plus,Postpaid Mobile,71.77,50,-1,100,2025-06-23
PLN7BA665FE7F,CUST100066900,Prepaid 5GB,Prepaid Mobile,37.66,2,1000,100,2022-01-30
PLN71580AD3D3,CUST100016016,Unlimited Premium,Postpaid Mobile,57.97,-1,500,500,2020-10-22
PLNDC83FE6D0A,CUST100028923,Unlimited Basic,Postpaid Mobile,142.56,10,-1,-1,2023-05-25
PLN6DF51861E2,CUST100030671,Family Share 10GB,Prepaid Mobile,146.8,-1,500,100,2019-02-03
PLN58C3D03843,CUST100004874,Fiber 500Mbps,Postpaid Mobile,46.07,50,500,-1,2017-07-16
PLN3E2A471BAB,CUST100027398,Fiber 1Gbps,Postpaid Mobile,114.04,50,500,500,2015-06-04
PLN1F2499BB0B,CUST100047830,Family Share 10GB,Prepaid Mobile,25.33,50,1000,100,2020-03-30
PLN4A0EA305DB,CUST100016297,Unlimited Basic,Postpaid Mobile,134.72,20,500,-1,2021-06-11
PLNBC7A1736FE,CUST100087192,Fiber 500Mbps,Prepaid Mobile,39.51,10,-1,100,2020-06-11
PLN182F3FFACB,CUST100014584,Fiber 500Mbps,Broadband,121.48,2,-1,-1,2019-10-25
PLN3EBA6AAF59,CUST100096841,Fiber 500Mbps,Postpaid Mobile,137.27,10,500,100,2026-06-18
PLN62884D10F1,CUST100023569,Unlimited Premium,Broadband,64.47,50,1000,-1,2025-11-06
PLNF2A4F437BB,CUST100034095,Unlimited Plus,Postpaid Mobile,83.23,5,-1,100,2023-01-02
PLN2CC7A41830,CUST100079341,Unlimited Basic,IoT,116.09,-1,1000,100,2019-11-01
PLNBB60919008,CUST100000014,Unlimited Plus,Postpaid Mobile,22.78,5,1000,-1,2024-08-15
PLN44DEB98AE3,CUST100097696,Unlimited Plus,Postpaid Mobile,21.51,50,500,500,2018-09-28
PLN99E569CAF0,CUST100079080,Fiber 1Gbps,Postpaid Mobile,53.66,-1,1000,500,2016-03-06
PLN4B05750860,CUST100012377,Unlimited Plus,Broadband,79.41,5,1000,500,2016-06-12
PLNA9DBA21B56,CUST100003977,Fiber 1Gbps,Prepaid Mobile,49.78,10,-1,-1,2022-05-02
PLNEADB1E2999,CUST100035472,Unlimited Basic,Prepaid Mobile,57.74,10,1000,100,2016-01-23
PLN917ACA1778,CUST100040440,Family Share 10GB,Prepaid Mobile,87.23,10,500,500,2015-12-15
PLN71B1DE2ABB,CUST100058519,IoT Data Plan,Postpaid Mobile,90.38,5,-1,-1,2016-12-16
PLNB92F90C837,CUST100079598,Unlimited Premium,Postpaid Mobile,59.69,2,500,-1,2022-07-15
PLNBA06369C78,CUST100020850,Unlimited Plus,Prepaid Mobile,130.62,-1,-1,100,2016-01-12
PLN95D09840F6,CUST100047910,Fiber 1Gbps,Postpaid Mobile,128.21,10,1000,100,2017-04-16
PLN9903CEBEBD,CUST100046137,Unlimited Premium,Prepaid Mobile,143.49,20,-1,500,2023-08-22
PLNA252CC9806,CUST100039111,Unlimited Premium,IoT,34.95,20,1000,-1,2025-09-22
PLN0B492D5902,CUST100027071,Unlimited Premium,Broadband,40.87,-1,1000,-1,2018-02-22
PLN17BDF591A8,CUST100033214,Fiber 1Gbps,Prepaid Mobile,107.58,5,1000,100,2022-06-03
PLN15F1B996AD,CUST100058811,Family Share 10GB,Broadband,100.76,20,1000,-1,2020-07-26
PLNF81FFD157E,CUST100099126,Family Share 10GB,Postpaid Mobile,47.55,-1,1000,500,2025-09-25
PLNE78DB76259,CUST100053454,Prepaid 5GB,Postpaid Mobile,149.98,10,1000,500,2017-04-08
PLN9E9CB04D52,CUST100056349,Fiber 1Gbps,Prepaid Mobile,77.23,20,500,100,2016-04-03
PLN9870BBD2B4,CUST100000573,Fiber 500Mbps,Postpaid Mobile,81.78,2,500,500,2022-04-23
PLN73DFA9A4D7,CUST100092307,Unlimited Basic,Postpaid Mobile,90.95,20,1000,-1,2022-10-30
PLN25A9F85E94,CUST100031384,Fiber 500Mbps,Postpaid Mobile,122.19,5,500,100,2022-09-25
PLND9324743F7,CUST100069149,Fiber 1Gbps,Postpaid Mobile,99.31,-1,500,500,2021-02-15
PLN6908084419,CUST100012086,IoT Data Plan,Postpaid Mobile,78.92,5,1000,100,2025-09-17
PLNF3BF925106,CUST100066606,Unlimited Basic,Broadband,95.44,10,-1,-1,2023-09-26
PLNA7BCF227C0,CUST100084182,Fiber 1Gbps,Broadband,143.73,-1,1000,-1,2025-11-22
PLN46BC0DE878,CUST100087039,IoT Data Plan,Broadband,70.54,10,1000,100,2024-11-17
PLN16694C2975,CUST100012140,Unlimited Basic,Prepaid Mobile,31.77,10,-1,100,2025-12-07
PLN9B7540203B,CUST100038031,Fiber 1Gbps,Broadband,82.14,2,1000,-1,2015-08-01
PLN131CE0A6FE,CUST100010377,Fiber 1Gbps,Postpaid Mobile,55.06,-1,500,500,2025-11-21
PLND52D4FB5BD,CUST100014936,Prepaid 5GB,Broadband,130.22,2,500,-1,2025-06-07
PLNFD2C151DB2,CUST100065702,Unlimited Basic,Postpaid Mobile,108.54,-1,500,500,2020-05-23
PLNC212422FE2,CUST100042541,Fiber 1Gbps,Postpaid Mobile,27.96,10,500,500,2015-06-01
PLNB6535348CA,CUST100017801,Unlimited Plus,Postpaid Mobile,74.18,-1,500,100,2021-01-09
PLN7ADE2640A4,CUST100077429,Family Share 10GB,Broadband,59.46,-1,1000,100,2022-05-07
PLN1A64D72604,CUST100065472,Unlimited Basic,Postpaid Mobile,37.54,10,-1,-1,2024-01-10
PLN4F03DC6B2C,CUST100054206,Unlimited Plus,Postpaid Mobile,77.73,10,-1,-1,2018-05-19
PLN9432AD5D86,CUST100036141,Fiber 1Gbps,Postpaid Mobile,119.29,50,-1,500,2022-02-14
PLN02A3A8E595,CUST100092922,IoT Data Plan,Postpaid Mobile,57.26,2,-1,500,2024-08-12
PLNF1365D2C34,CUST100026921,Fiber 500Mbps,Postpaid Mobile,111.73,10,-1,-1,2016-09-03
PLNDB3680B3AF,CUST100067724,IoT Data Plan,Postpaid Mobile,25.42,5,-1,100,2023-03-31
PLNB7E62AB331,CUST100085381,Fiber 1Gbps,Broadband,71.38,5,500,-1,2016-01-18
PLN62DC750EE1,CUST100046932,IoT Data Plan,Prepaid Mobile,95.9,10,1000,100,2019-05-08
PLN7B150551D4,CUST100058785,IoT Data Plan,IoT,83.48,50,500,-1,2016-06-12
PLNEFB1C0388A,CUST100099124,Family Share 10GB,Postpaid Mobile,119.24,10,1000,100,2015-07-04
PLN45B3B888C9,CUST100075283,Family Share 10GB,Postpaid Mobile,100.72,10,1000,100,2025-04-26
PLN5974859E0F,CUST100048205,Family Share 10GB,Postpaid Mobile,83.51,20,1000,500,2017-11-30
PLN0DC9196E6A,CUST100051376,Fiber 500Mbps,Broadband,95.43,50,-1,500,2024-02-21
PLNF562A6E52A,CUST100057322,Fiber 1Gbps,Postpaid Mobile,72.91,10,1000,500,2026-05-19
PLNF871F35C63,CUST100090078,Prepaid 5GB,Postpaid Mobile,37.05,5,1000,500,2015-11-24
PLNF8C5A1276C,CUST100032874,Unlimited Premium,Postpaid Mobile,107.58,-1,1000,500,2022-09-28
PLNAC10C5C7E7,CUST100057181,Prepaid 5GB,Postpaid Mobile,93.41,20,-1,100,2016-01-25
PLNCA86E010AD,CUST100040425,Unlimited Plus,Prepaid Mobile,101.62,50,1000,500,2025-02-05
PLND20D812031,CUST100073883,IoT Data Plan,Postpaid Mobile,148.04,10,500,100,2017-12-11
PLN06F3D074CA,CUST100063824,Unlimited Basic,Broadband,49.85,-1,-1,500,2016-01-26
PLN751C64AAD1,CUST100084089,Prepaid 5GB,Postpaid Mobile,78.19,5,1000,500,2026-03-09
PLN8B79AB2CB9,CUST100048989,Unlimited Plus,Prepaid Mobile,133.44,-1,-1,500,2020-06-22
PLNB8E666F07A,CUST100030780,Family Share 10GB,Prepaid Mobile,89.45,-1,1000,100,2025-06-15
PLNC14E39B148,CUST100055250,Fiber 500Mbps,Prepaid Mobile,116.24,2,-1,-1,2020-07-29
PLNE439C18BE5,CUST100087880,Family Share 10GB,Broadband,53.78,20,500,500,2024-11-02
PLNEDEE0ED96E,CUST100072607,Unlimited Basic,Broadband,95.17,10,500,500,2018-04-09
PLN84BE720C30,CUST100087365,Unlimited Plus,Postpaid Mobile,68.52,10,500,-1,2017-07-20
PLN38FA8E4BB3,CUST100077068,Unlimited Premium,Postpaid Mobile,87.84,5,-1,500,2018-12-03
PLNA6C00605C0,CUST100003847,IoT Data Plan,Postpaid Mobile,149.36,50,500,500,2021-05-13
PLNA8AF6E2511,CUST100033566,Fiber 1Gbps,Postpaid Mobile,63.29,50,500,100,2018-03-30
PLNE8F006A781,CUST100078051,Unlimited Premium,Postpaid Mobile,107.75,-1,500,500,2018-10-05
PLN44307D4049,CUST100025038,Family Share 10GB,Postpaid Mobile,82.63,10,500,100,2017-10-16
PLN0C5B6B4B35,CUST100036138,Fiber 500Mbps,Postpaid Mobile,49.0,20,1000,100,2026-05-23
PLNE2282CD581,CUST100008556,Family Share 10GB,Postpaid Mobile,84.45,5,-1,100,2025-03-16
PLN53DC9D9C1F,CUST100053294,Unlimited Plus,Prepaid Mobile,15.8,-1,-1,-1,2021-10-14
PLN04952C763A,CUST100059089,Family Share 10GB,Postpaid Mobile,84.68,5,-1,500,2018-09-27
PLN8DCD7A507F,CUST100082698,Unlimited Plus,Postpaid Mobile,104.48,5,500,100,2016-09-16
PLN757C96AA57,CUST100008268,Fiber 1Gbps,IoT,66.75,50,500,100,2015-10-31
PLN5D83D0CA74,CUST100034060,Fiber 1Gbps,Broadband,37.57,2,-1,500,2023-12-02
PLN4078B7D427,CUST100038948,Fiber 500Mbps,Postpaid Mobile,59.65,20,1000,-1,2025-03-01
PLNC7E2DFA2B8,CUST100095750,Family Share 10GB,Postpaid Mobile,28.82,-1,500,100,2018-09-06
PLN841A54623B,CUST100012968,Unlimited Premium,Prepaid Mobile,32.17,10,-1,-1,2016-08-12
PLNB28074D3D5,CUST100051852,Unlimited Basic,Postpaid Mobile,128.26,5,-1,-1,2018-04-27
PLNC4C5EE85C9,CUST100075688,Unlimited Plus,Postpaid Mobile,45.32,50,-1,100,2016-04-24
PLN531AB06423,CUST100093826,Prepaid 5GB,Broadband,61.03,-1,500,500,2024-11-21
PLN5249D191D9,CUST100086184,Unlimited Premium,Postpaid Mobile,116.22,10,500,500,2015-12-13
PLN8993571134,CUST100032182,IoT Data Plan,IoT,27.66,2,-1,-1,2020-04-30
PLNAE4F00E18F,CUST100027637,Unlimited Basic,Postpaid Mobile,97.59,50,-1,-1,2021-07-27
PLNFCB0C8FABD,CUST100081904,Unlimited Basic,Broadband,116.75,50,500,100,2018-01-10
PLND37B6DDB0B,CUST100068654,Fiber 500Mbps,Prepaid Mobile,39.49,20,500,500,2016-03-31
PLN8B2A5C9D90,CUST100041739,Family Share 10GB,Postpaid Mobile,124.5,50,-1,100,2016-02-02
PLND82070B715,CUST100002422,Prepaid 5GB,Postpaid Mobile,131.86,20,500,-1,2020-07-18
PLN91B6823CEC,CUST100061455,Unlimited Premium,Prepaid Mobile,137.35,10,-1,-1,2020-04-02
PLN6B710E4F6A,CUST100031096,Unlimited Plus,Prepaid Mobile,27.97,20,1000,-1,2017-12-06
PLNBD56A722A9,CUST100059357,Fiber 500Mbps,Prepaid Mobile,120.94,50,-1,-1,2023-08-23
PLN3A546D5674,CUST100064011,Unlimited Plus,Broadband,74.21,20,1000,100,2024-02-25
PLN7F05166CE0,CUST100012818,Unlimited Basic,Postpaid Mobile,32.52,-1,-1,-1,2023-04-23
PLNC76B0EEA29,CUST100025507,Prepaid 5GB,Prepaid Mobile,78.16,2,500,500,2025-08-26
PLNA34E85431A,CUST100018251,Prepaid 5GB,Broadband,62.13,-1,500,500,2016-09-09
PLNA49B115D85,CUST100087902,IoT Data Plan,Postpaid Mobile,21.47,50,-1,100,2026-04-24
PLN4EDF652F7B,CUST100036533,Fiber 500Mbps,Postpaid Mobile,73.24,5,-1,500,2015-06-10
PLND68D78AF0B,CUST100085196,Fiber 1Gbps,Prepaid Mobile,26.59,50,-1,100,2018-02-06
PLNB5885072C9,CUST100048659,IoT Data Plan,Postpaid Mobile,144.49,5,500,500,2022-09-06
PLN670A5FDD4C,CUST100062300,Unlimited Basic,Broadband,92.9,50,1000,500,2018-12-24
PLNC4DE1EC0BC,CUST100061358,IoT Data Plan,Postpaid Mobile,87.44,2,-1,-1,2021-10-03
PLNB12F1F4B94,CUST100018607,Fiber 1Gbps,Postpaid Mobile,117.83,2,500,-1,2017-08-24
PLN770EA49976,CUST100074967,Prepaid 5GB,Prepaid Mobile,60.92,2,500,100,2024-09-25
PLN7AFCC3DBD7,CUST100019822,Prepaid 5GB,Prepaid Mobile,124.75,-1,500,100,2018-01-08
PLNF06A8B95F1,CUST100064178,Prepaid 5GB,Broadband,51.62,50,500,-1,2017-03-26
PLN179B328508,CUST100039949,Fiber 500Mbps,Prepaid Mobile,86.75,10,-1,-1,2015-09-25
PLNFF04AF0AAE,CUST100019169,Unlimited Plus,Postpaid Mobile,77.84,10,500,-1,2018-03-25
PLN55B5163948,CUST100038914,Unlimited Premium,IoT,76.94,-1,500,500,2019-12-12
PLN6DF008E210,CUST100081378,Fiber 500Mbps,Prepaid Mobile,130.19,10,-1,-1,2015-03-16
PLN0174F7BC08,CUST100011333,Fiber 1Gbps,Postpaid Mobile,106.62,5,500,500,2022-01-29
PLN51C457B5DF,CUST100015099,Unlimited Basic,Postpaid Mobile,67.25,-1,1000,100,2018-01-14
PLNC08D76E6B6,CUST100057164,Prepaid 5GB,Prepaid Mobile,17.04,2,1000,100,2025-09-30
PLND1693A5798,CUST100032393,Unlimited Basic,Prepaid Mobile,117.57,2,500,500,2015-05-25
PLNA5AB99327D,CUST100023595,Prepaid 5GB,Broadband,120.96,5,-1,100,2019-03-09
PLN53E845D3F3,CUST100060660,Fiber 500Mbps,Broadband,97.41,5,1000,-1,2020-05-05
PLN3D1BE519AF,CUST100005910,Unlimited Plus,Postpaid Mobile,90.81,5,-1,-1,2023-09-24
PLN6C76C03ADB,CUST100068458,Unlimited Premium,Prepaid Mobile,52.28,-1,500,500,2016-05-01
PLNEB63A9187F,CUST100048140,Fiber 500Mbps,Postpaid Mobile,57.46,50,500,500,2025-09-12
PLN9279480FCD,CUST100078933,Unlimited Basic,Postpaid Mobile,122.51,2,-1,100,2024-02-04
PLN47011AA426,CUST100088950,Fiber 1Gbps,Postpaid Mobile,133.67,20,1000,100,2018-08-27
PLND52746F10F,CUST100075466,Unlimited Premium,Postpaid Mobile,96.96,2,-1,100,2024-02-17
PLNB82F56B2C9,CUST100006222,Fiber 500Mbps,Prepaid Mobile,23.58,2,-1,-1,2023-08-17
PLN12F038485C,CUST100031808,Unlimited Premium,Postpaid Mobile,77.58,10,500,100,2021-07-31
PLN0EDE1528FD,CUST100027623,Family Share 10GB,Postpaid Mobile,132.98,20,500,500,2024-09-12
PLNF0A14B397B,CUST100005638,Unlimited Basic,Postpaid Mobile,39.08,50,500,-1,2022-02-21
PLN41CC7D3CB9,CUST100080728,Unlimited Plus,Postpaid Mobile,81.92,50,-1,500,2017-07-30
PLN36B087449C,CUST100010521,Fiber 1Gbps,Postpaid Mobile,72.71,5,1000,-1,2022-08-17
PLNBC30FA6EFD,CUST100067159,Family Share 10GB,Prepaid Mobile,96.78,10,500,100,2022-04-11
PLN6014CBD8CC,CUST100081333,Unlimited Basic,Broadband,48.06,-1,1000,500,2022-08-17
PLNB64CB99541,CUST100012133,Family Share 10GB,Prepaid Mobile,113.87,2,500,100,2024-10-10
PLNDB371B3F4E,CUST100083242,Prepaid 5GB,Postpaid Mobile,104.84,20,1000,100,2024-04-13
PLN5F33639C1F,CUST100071019,Fiber 500Mbps,Broadband,46.37,20,1000,100,2022-01-15
PLNB3447D55EE,CUST100019368,Unlimited Basic,Postpaid Mobile,112.77,2,500,500,2019-07-18
PLNA93A13A12D,CUST100004471,Unlimited Premium,Postpaid Mobile,120.25,10,-1,-1,2021-02-05
PLN5A704160C8,CUST100078454,Fiber 500Mbps,Prepaid Mobile,24.32,20,1000,-1,2025-02-09
PLN723DF9A0FB,CUST100038974,IoT Data Plan,Postpaid Mobile,91.16,20,500,500,2015-12-13
PLN7ED8AEBFAB,CUST100063111,Prepaid 5GB,Postpaid Mobile,40.5,5,-1,-1,2019-10-05
PLN430C6AC2CC,CUST100061357,Prepaid 5GB,Postpaid Mobile,128.97,5,1000,100,2016-03-06
PLN115DEB40A9,CUST100075545,Family Share 10GB,Prepaid Mobile,149.75,-1,-1,500,2015-01-16
PLNFFC3C879AF,CUST100099001,Unlimited Premium,Broadband,96.4,20,-1,100,2018-12-31
PLN2567EAE23D,CUST100084955,Unlimited Plus,Postpaid Mobile,80.3,-1,1000,100,2023-03-01
PLN58E521F44F,CUST100059398,Fiber 1Gbps,Postpaid Mobile,138.94,5,1000,-1,2025-09-10
PLN630A3646EC,CUST100096393,Family Share 10GB,Postpaid Mobile,118.84,20,1000,100,2021-08-17
PLN2DA3ACDC20,CUST100048897,Unlimited Plus,Postpaid Mobile,71.9,20,-1,-1,2017-03-18
PLN76DC865FE6,CUST100027862,Family Share 10GB,IoT,100.89,2,-1,-1,2025-11-05
PLNC47E911196,CUST100039386,Unlimited Plus,Postpaid Mobile,18.69,50,1000,100,2023-07-25
PLNEFA5C4FB05,CUST100099462,Prepaid 5GB,IoT,75.34,50,500,-1,2025-09-12
PLN5FB8DE8014,CUST100068573,IoT Data Plan,Postpaid Mobile,75.5,2,500,100,2018-03-10
PLN09EBFDAFB3,CUST100009125,Family Share 10GB,Prepaid Mobile,146.89,50,-1,-1,2021-12-25
PLNCB8438144D,CUST100022019,Unlimited Basic,Postpaid Mobile,116.92,2,500,500,2015-04-28
PLNAABA857C78,CUST100029969,Unlimited Plus,Postpaid Mobile,136.72,5,-1,100,2017-09-22
PLNB7CB42E409,CUST100006559,Fiber 1Gbps,Postpaid Mobile,76.94,5,-1,100,2018-12-16
PLN73CEADD61F,CUST100062306,Unlimited Plus,Broadband,80.59,2,500,100,2021-12-21
PLN814C3D3D2C,CUST100032059,Fiber 500Mbps,Broadband,29.56,-1,500,-1,2025-05-07
PLNBF6BA4D930,CUST100070000,Fiber 1Gbps,Postpaid Mobile,26.28,2,1000,100,2015-03-12
PLN71B427616A,CUST100045570,Family Share 10GB,Prepaid Mobile,80.54,10,-1,500,2015-08-15
PLNFC54801AA4,CUST100096772,Family Share 10GB,IoT,80.51,5,500,500,2025-09-15
PLN561A3AF530,CUST100055407,Fiber 1Gbps,Postpaid Mobile,117.5,2,1000,-1,2015-06-06
PLNFE6349CDC1,CUST100003175,Unlimited Basic,IoT,88.34,20,1000,-1,2022-12-15
PLNC8AFDDAD1D,CUST100015610,Family Share 10GB,IoT,47.73,2,500,-1,2023-01-22
PLNB2565F5BD2,CUST100094489,Unlimited Basic,Postpaid Mobile,146.29,50,500,-1,2019-11-07
PLN7CF00B0CB5,CUST100033061,Unlimited Basic,Broadband,31.95,-1,-1,500,2024-06-17
PLNDD7C2F97A9,CUST100076507,Prepaid 5GB,Postpaid Mobile,116.37,5,1000,100,2018-12-06
PLN5840FB0223,CUST100069571,Prepaid 5GB,Postpaid Mobile,77.78,50,500,500,2024-08-23
PLN972B386517,CUST100060455,Unlimited Premium,Postpaid Mobile,40.72,10,-1,100,2025-04-25
PLN247A79300B,CUST100097436,Prepaid 5GB,Postpaid Mobile,69.98,2,1000,100,2024-07-02
PLN40B5173867,CUST100011321,Unlimited Premium,IoT,134.65,-1,1000,500,2025-08-14
PLNF96D4E4B8E,CUST100032705,Unlimited Plus,Broadband,52.24,5,-1,-1,2021-04-27
PLN710DBF1293,CUST100059575,Fiber 500Mbps,Broadband,110.1,50,-1,100,2018-08-07
PLNCFA47BC236,CUST100071208,Family Share 10GB,Prepaid Mobile,87.76,20,500,100,2025-01-07
PLNF193ECFEE9,CUST100064807,Fiber 1Gbps,Postpaid Mobile,140.04,5,1000,-1,2025-04-17
PLNA842184A6D,CUST100028019,Unlimited Plus,Broadband,95.55,-1,-1,100,2025-10-17
PLN1FB7FA3895,CUST100036310,IoT Data Plan,Broadband,45.14,-1,1000,-1,2017-10-14
PLN8E4F5BCF74,CUST100027932,Unlimited Plus,Prepaid Mobile,53.34,20,1000,100,2022-08-30
PLN3C1AF2EBE0,CUST100007710,Fiber 1Gbps,Postpaid Mobile,109.67,2,-1,500,2016-07-08
PLN95F37DF0CF,CUST100089258,Unlimited Basic,Broadband,120.31,50,500,-1,2017-02-10
PLNDC22A13DD4,CUST100014520,Fiber 500Mbps,Postpaid Mobile,91.01,-1,1000,100,2020-12-18
PLN3CABCF65F7,CUST100065599,Fiber 1Gbps,Prepaid Mobile,31.23,-1,1000,-1,2019-06-17
PLNEEBB267FE7,CUST100079423,Fiber 500Mbps,Broadband,30.94,10,1000,100,2016-07-20
PLN6F0122E218,CUST100013229,Unlimited Plus,Postpaid Mobile,147.72,5,-1,-1,2021-07-27
PLNF86F3472DC,CUST100017364,Prepaid 5GB,IoT,99.86,-1,500,100,2017-02-19
PLN0EA877335F,CUST100071351,IoT Data Plan,Postpaid Mobile,64.2,-1,500,100,2022-04-04
PLNCD97A7BF81,CUST100095695,Prepaid 5GB,Prepaid Mobile,126.18,50,500,-1,2016-06-15
PLN5F1D69FF1A,CUST100059674,Unlimited Premium,Postpaid Mobile,97.67,-1,-1,100,2016-02-25
PLNB0B7C4FCCD,CUST100008836,Unlimited Plus,Broadband,38.75,5,1000,-1,2015-10-22
PLN53FB4775D9,CUST100089242,Unlimited Premium,Prepaid Mobile,18.57,50,1000,-1,2015-03-08
PLNF4D9F250CF,CUST100032004,IoT Data Plan,Postpaid Mobile,63.67,2,1000,-1,2020-12-27
PLNA2BC92D4ED,CUST100069912,IoT Data Plan,Prepaid Mobile,75.87,2,1000,100,2023-05-26
PLN7D46CAF856,CUST100082618,Unlimited Premium,Postpaid Mobile,24.87,10,500,100,2020-06-23
PLN8335D117F2,CUST100029296,Family Share 10GB,Broadband,67.89,10,-1,100,2025-02-03
PLN49E1C32C17,CUST100071730,Fiber 500Mbps,Prepaid Mobile,90.48,20,-1,-1,2016-02-17
PLN474E94ADB6,CUST100015910,Unlimited Premium,Prepaid Mobile,62.2,2,1000,100,2016-02-13
PLN37B34C7D49,CUST100056433,Fiber 1Gbps,Postpaid Mobile,125.34,5,1000,100,2018-08-01
PLN99C61310AF,CUST100004334,Unlimited Plus,Postpaid Mobile,86.92,20,500,-1,2023-05-29
PLN35F517AFA8,CUST100046746,Fiber 1Gbps,Prepaid Mobile,43.26,5,-1,100,2024-12-08
PLNDA35188A38,CUST100014721,Unlimited Basic,Postpaid Mobile,138.72,20,1000,100,2019-02-02
PLNF69E022238,CUST100046554,Fiber 500Mbps,Broadband,84.98,5,-1,-1,2020-04-24
PLNAE1247B7D8,CUST100013030,Prepaid 5GB,Broadband,69.69,5,1000,100,2022-10-29
PLNF68055F3C2,CUST100090063,Fiber 1Gbps,Postpaid Mobile,91.71,5,1000,500,2023-01-02
PLN34069A1884,CUST100088127,Fiber 1Gbps,Postpaid Mobile,56.11,20,1000,500,2023-05-06
PLN8A62F7130C,CUST100064771,Unlimited Premium,Broadband,49.2,-1,-1,-1,2022-08-17
PLN0FCA0B7CA8,CUST100071997,Fiber 500Mbps,Postpaid Mobile,147.51,50,500,500,2023-02-12
PLN5485BF40A9,CUST100055540,IoT Data Plan,Broadband,79.88,5,500,100,2015-03-14
PLN886E3CD96E,CUST100083832,Prepaid 5GB,Postpaid Mobile,97.86,10,500,500,2017-01-11
PLN2E75E01F21,CUST100016716,Unlimited Premium,Broadband,124.26,20,1000,100,2018-07-13
PLNF5D79C51D1,CUST100022612,Unlimited Premium,Broadband,112.92,-1,1000,500,2023-01-02
PLN13AE53B479,CUST100014207,Prepaid 5GB,Postpaid Mobile,140.05,20,500,100,2022-12-03
PLN8D03F31F00,CUST100079771,Prepaid 5GB,Postpaid Mobile,32.55,5,500,-1,2023-11-16
PLND2F2961950,CUST100067700,Family Share 10GB,Postpaid Mobile,63.58,50,-1,-1,2019-06-24
PLN013CBF5F8B,CUST100013295,Prepaid 5GB,IoT,123.17,20,500,100,2024-11-30
PLN81B968F488,CUST100099969,Unlimited Plus,Postpaid Mobile,67.06,50,500,-1,2022-08-11
PLN7868B7EE31,CUST100052447,Unlimited Premium,IoT,72.77,20,1000,-1,2024-05-10
PLNC33DF6FE6A,CUST100072792,Prepaid 5GB,Postpaid Mobile,39.3,-1,500,-1,2024-03-17
PLNCAE3A76D2A,CUST100007473,Fiber 500Mbps,Postpaid Mobile,55.08,10,500,100,2020-08-16
PLN18875E510E,CUST100020364,Prepaid 5GB,Postpaid Mobile,55.1,5,-1,500,2023-04-19
PLN3B64EDD0C4,CUST100072669,Prepaid 5GB,Postpaid Mobile,135.92,2,1000,-1,2023-05-29
PLNBE1B0F851F,CUST100088645,Unlimited Basic,Prepaid Mobile,125.81,50,1000,100,2016-03-29
PLN9697E72F3E,CUST100008554,IoT Data Plan,Prepaid Mobile,126.9,50,500,100,2023-02-10
PLNF23A0251FF,CUST100019632,Unlimited Premium,Postpaid Mobile,112.8,5,-1,100,2025-05-30
PLNA8A94E53C6,CUST100058122,Unlimited Basic,Postpaid Mobile,56.72,2,500,-1,2021-06-26
PLN8726EB4B2E,CUST100002547,Prepaid 5GB,Broadband,16.11,2,-1,100,2015-10-11
PLN29C68691E2,CUST100029828,Family Share 10GB,Postpaid Mobile,83.94,10,1000,100,2015-07-03
PLN1B21F4D1EF,CUST100074654,Fiber 1Gbps,Postpaid Mobile,89.69,5,1000,-1,2026-01-06
PLN7CB188A791,CUST100053750,Unlimited Premium,Prepaid Mobile,126.65,2,500,100,2018-03-24
PLN4E49E56530,CUST100009070,Unlimited Plus,Prepaid Mobile,81.33,20,1000,100,2024-05-14
PLNB6AB4D4BD7,CUST100010144,Family Share 10GB,Postpaid Mobile,49.68,5,1000,-1,2025-01-08
PLN8C7BD0A4F3,CUST100066726,Unlimited Plus,Postpaid Mobile,141.57,2,-1,500,2025-05-26
PLNC799CCE730,CUST100026562,Unlimited Premium,Postpaid Mobile,84.45,-1,-1,100,2022-11-15
PLNEB21A49C0E,CUST100048158,IoT Data Plan,Broadband,90.56,50,-1,-1,2018-03-29
PLNBDDAC204FA,CUST100022053,Unlimited Plus,Postpaid Mobile,59.06,-1,1000,100,2019-02-15
PLND2FA1AAD42,CUST100072143,Fiber 500Mbps,Postpaid Mobile,81.21,5,500,100,2024-08-10
PLN6B71354CBF,CUST100046562,IoT Data Plan,Postpaid Mobile,63.52,10,-1,500,2020-03-26
PLNEE09670307,CUST100019566,Unlimited Plus,Broadband,62.51,2,1000,100,2015-02-01
PLN7FCA3CEA29,CUST100062871,Fiber 1Gbps,Postpaid Mobile,27.99,5,500,500,2018-12-17
PLN0F72871592,CUST100049538,Unlimited Basic,Postpaid Mobile,70.98,-1,1000,100,2016-05-30
PLN1124B46638,CUST100064615,Prepaid 5GB,Postpaid Mobile,56.62,20,1000,500,2016-12-16
PLN00A74C4374,CUST100006566,Family Share 10GB,Postpaid Mobile,36.64,10,1000,100,2022-06-30
PLN6DF77826D6,CUST100010886,Prepaid 5GB,Postpaid Mobile,50.23,-1,1000,100,2019-02-18
PLN234D1A271D,CUST100082932,Prepaid 5GB,Postpaid Mobile,144.57,50,-1,-1,2021-07-03
PLNBDF08011EE,CUST100039515,IoT Data Plan,Postpaid Mobile,95.38,50,-1,-1,2015-11-03
PLN4CD3FA10E1,CUST100081136,Fiber 500Mbps,Broadband,85.07,2,1000,500,2024-03-16
PLNFF33E12B5E,CUST100046506,Fiber 500Mbps,Postpaid Mobile,22.93,20,-1,-1,2021-10-19
PLND4BE4A1E79,CUST100045721,Unlimited Premium,Postpaid Mobile,44.29,-1,-1,-1,2016-01-28
PLN8F6E3F0525,CUST100084147,Fiber 1Gbps,Broadband,133.4,5,500,500,2015-12-03
PLN2549E83E27,CUST100035052,Unlimited Basic,Postpaid Mobile,62.4,50,1000,500,2021-08-15
PLNC78F077C94,CUST100068505,Unlimited Basic,Postpaid Mobile,92.2,50,1000,500,2019-02-23
PLN2CD32B0BC2,CUST100045713,Fiber 1Gbps,Prepaid Mobile,119.56,5,500,500,2021-11-10
PLN29F0CFE087,CUST100086445,Unlimited Premium,Postpaid Mobile,21.78,20,1000,-1,2018-04-01
PLNE717698165,CUST100042630,Fiber 500Mbps,Broadband,100.49,2,500,100,2023-03-21
PLNF8CDBFFC66,CUST100043544,Family Share 10GB,Postpaid Mobile,76.43,-1,1000,500,2021-09-18
PLN4189820404,CUST100014251,Fiber 1Gbps,Postpaid Mobile,77.97,5,-1,-1,2017-06-16
PLN65021969B4,CUST100067151,IoT Data Plan,Prepaid Mobile,107.4,20,1000,100,2020-05-14
PLN33D51AFF2F,CUST100015676,Fiber 500Mbps,Postpaid Mobile,55.1,5,500,500,2018-03-12
PLNA9DB323FCE,CUST100099213,Unlimited Plus,Postpaid Mobile,78.01,5,500,100,2018-06-13
PLND25411D5B9,CUST100029033,Fiber 500Mbps,Prepaid Mobile,124.89,50,1000,100,2019-07-02
PLNFC773ED218,CUST100086362,Family Share 10GB,Postpaid Mobile,103.34,50,1000,500,2021-06-08
PLNEDBC5853CB,CUST100019569,Prepaid 5GB,Prepaid Mobile,65.8,50,500,500,2025-03-15
PLNF6B2BE71C5,CUST100042259,Prepaid 5GB,Postpaid Mobile,137.58,20,1000,-1,2015-01-18
PLN6C4C0842F5,CUST100050273,Unlimited Plus,Postpaid Mobile,86.29,50,1000,100,2017-08-12
PLN5DADDBC0C6,CUST100077348,Unlimited Premium,Postpaid Mobile,149.46,50,1000,500,2018-05-14
PLN7F0D0DA7AB,CUST100002609,Prepaid 5GB,Broadband,17.08,5,1000,500,2017-09-28
PLN3205514C9F,CUST100001152,Unlimited Basic,Postpaid Mobile,96.58,2,1000,500,2018-09-06
PLN3388E910D4,CUST100057463,Unlimited Plus,IoT,36.84,10,-1,100,2017-07-14
PLN0B4A1F2DBE,CUST100024200,Unlimited Basic,Prepaid Mobile,115.26,2,1000,-1,2022-08-18
PLN478BB6E2D4,CUST100022850,Fiber 500Mbps,Postpaid Mobile,42.13,20,500,500,2026-01-03
PLNE9727A0DA6,CUST100057119,Fiber 500Mbps,Postpaid Mobile,110.48,10,1000,100,2024-12-30
PLND1EAAE222E,CUST100076497,Unlimited Premium,Broadband,136.5,10,500,500,2015-12-12
PLNB6E0308246,CUST100066213,Unlimited Basic,Postpaid Mobile,101.29,5,1000,-1,2024-11-29
PLN76B508463B,CUST100024598,Fiber 1Gbps,Postpaid Mobile,131.16,-1,500,100,2015-05-14
PLN2FFA61B87F,CUST100063307,Unlimited Premium,Postpaid Mobile,121.21,20,1000,-1,2018-08-05
PLN35238A327A,CUST100075493,Family Share 10GB,Broadband,68.97,5,1000,-1,2017-03-13
PLN5D9BECBDCF,CUST100046286,IoT Data Plan,IoT,145.11,5,1000,500,2019-10-29
PLN0B98FCD72D,CUST100018390,Fiber 1Gbps,Broadband,93.91,5,1000,-1,2022-11-05
PLN923775F1F0,CUST100036066,Family Share 10GB,Postpaid Mobile,23.05,2,500,100,2025-02-03
PLN73D086DE7B,CUST100058746,IoT Data Plan,Prepaid Mobile,20.84,20,-1,100,2016-02-01
PLNED4EF80ACF,CUST100079035,Unlimited Premium,Postpaid Mobile,101.38,10,-1,500,2015-03-01
PLNFF6D37C4C6,CUST100088573,Fiber 1Gbps,Postpaid Mobile,145.06,-1,1000,100,2023-05-09
PLN867B020185,CUST100057531,Prepaid 5GB,IoT,24.02,-1,500,100,2019-11-25
PLNECF0A11BC0,CUST100062219,Prepaid 5GB,Prepaid Mobile,30.69,50,-1,100,2017-09-14
PLNDF33A8755E,CUST100078451,Fiber 500Mbps,Postpaid Mobile,133.3,2,500,-1,2020-02-25
PLNFD300C0A23,CUST100081401,Unlimited Basic,Prepaid Mobile,102.82,2,1000,500,2022-02-06
PLN6112B699E8,CUST100042990,Fiber 1Gbps,Postpaid Mobile,139.78,20,-1,100,2016-12-11
PLNB31B2B335A,CUST100090608,Family Share 10GB,IoT,85.92,10,1000,100,2018-02-09
PLNA8C1116844,CUST100082013,Family Share 10GB,Prepaid Mobile,69.77,50,1000,-1,2015-12-03
PLNFFFC4AD738,CUST100010337,Unlimited Premium,Postpaid Mobile,126.95,20,-1,500,2020-05-07
PLN32DE22F45E,CUST100019679,IoT Data Plan,Postpaid Mobile,97.5,10,-1,-1,2015-10-26
PLN76C507A881,CUST100014466,Unlimited Basic,Postpaid Mobile,20.87,2,-1,500,2020-10-12
PLN297E987CE3,CUST100053476,Unlimited Premium,Prepaid Mobile,146.97,2,-1,100,2023-03-18
PLNA3A882AF81,CUST100018151,Fiber 1Gbps,Postpaid Mobile,127.14,2,-1,-1,2016-06-12
PLNC00C162E81,CUST100081747,Unlimited Basic,Prepaid Mobile,66.78,5,1000,500,2015-01-23
PLN6473790467,CUST100005809,Unlimited Premium,Broadband,89.99,5,500,100,2023-04-27
PLN15293A5FB3,CUST100034724,Unlimited Basic,Broadband,93.45,20,-1,100,2023-07-24
PLNC2915FCDF8,CUST100047771,Fiber 1Gbps,Postpaid Mobile,27.82,10,500,500,2017-07-04
PLN561C91BEAA,CUST100080601,Fiber 500Mbps,Postpaid Mobile,62.73,50,500,-1,2019-05-29
PLN9B7BD0B37E,CUST100060291,Unlimited Premium,Prepaid Mobile,60.54,10,1000,500,2019-06-24
PLN239E2A0114,CUST100040727,Prepaid 5GB,Prepaid Mobile,105.7,10,-1,-1,2021-10-29
PLN5F5DEEF29D,CUST100069621,IoT Data Plan,Postpaid Mobile,28.29,5,-1,100,2026-05-02
PLNC6A497317C,CUST100052066,Family Share 10GB,Postpaid Mobile,80.89,-1,500,-1,2024-11-25
PLNEDDF81A603,CUST100007175,Family Share 10GB,Postpaid Mobile,24.99,-1,1000,500,2024-01-11
PLN4EE00893A9,CUST100099283,Fiber 500Mbps,Prepaid Mobile,44.75,20,-1,100,2023-01-06
PLN970ABE8319,CUST100086040,Unlimited Basic,Postpaid Mobile,137.46,10,1000,100,2015-11-24
PLNE02893FE0B,CUST100007242,IoT Data Plan,Postpaid Mobile,55.3,50,500,100,2026-01-24
PLND2E9A591F7,CUST100036157,Prepaid 5GB,Prepaid Mobile,144.72,5,1000,500,2017-08-06
PLNDFBC425BA8,CUST100078186,Fiber 500Mbps,Postpaid Mobile,40.63,5,500,500,2021-01-10
PLN1AAFE6A143,CUST100084396,Family Share 10GB,Postpaid Mobile,123.37,50,-1,100,2022-01-19
PLN3EFFDC2E9A,CUST100085655,Unlimited Plus,Postpaid Mobile,109.98,50,500,100,2024-05-12
PLNB3E40EEDD3,CUST100072244,Unlimited Basic,Broadband,24.65,10,1000,500,2019-04-18
PLN603B28C454,CUST100007989,Unlimited Premium,Prepaid Mobile,79.99,-1,500,-1,2024-07-05
PLN02951A0992,CUST100055289,Unlimited Plus,Postpaid Mobile,87.22,-1,-1,500,2015-09-18
PLN487F70E73B,CUST100096025,Fiber 1Gbps,Postpaid Mobile,71.39,50,-1,-1,2019-06-10
PLNA58C115E60,CUST100082267,Prepaid 5GB,Postpaid Mobile,121.25,20,-1,500,2023-12-22
PLNCC14298DC0,CUST100077006,Prepaid 5GB,Postpaid Mobile,65.09,5,500,500,2026-01-22
PLNAA9E5B2889,CUST100053913,Fiber 1Gbps,Postpaid Mobile,72.51,10,500,500,2024-12-10
PLN4AB13C784A,CUST100052895,Unlimited Premium,Prepaid Mobile,146.31,-1,1000,100,2023-05-07
PLN08F368A70E,CUST100093947,Family Share 10GB,Postpaid Mobile,90.37,50,500,500,2019-08-14
PLN811EDE9385,CUST100020371,Unlimited Plus,Broadband,128.21,20,500,500,2021-09-04
PLNF21C353489,CUST100072074,Unlimited Plus,IoT,104.17,5,500,500,2016-06-30
PLN91C361FE89,CUST100039305,Family Share 10GB,Prepaid Mobile,128.24,-1,1000,100,2018-09-22
PLN31DB00D01F,CUST100094496,Family Share 10GB,Prepaid Mobile,43.18,5,500,500,2017-09-21
PLN5851E77CD9,CUST100049616,Fiber 1Gbps,Postpaid Mobile,120.17,5,1000,-1,2018-11-07
PLN57C8C6DC48,CUST100068775,Family Share 10GB,Postpaid Mobile,146.72,20,1000,-1,2023-02-28
PLN6F6646FD96,CUST100099641,Unlimited Basic,Broadband,86.12,50,1000,100,2022-07-07
PLNED8F03DC4A,CUST100043293,Unlimited Plus,Postpaid Mobile,19.07,20,500,100,2018-08-24
PLN2841D07932,CUST100064912,Family Share 10GB,Postpaid Mobile,44.17,-1,500,-1,2019-01-05
PLN341EA167E1,CUST100081364,Unlimited Plus,Postpaid Mobile,81.81,50,-1,500,2024-12-12
PLN68E62A11A3,CUST100026729,Family Share 10GB,Prepaid Mobile,140.44,50,500,-1,2017-12-25
PLND2AC172997,CUST100082873,Unlimited Basic,Postpaid Mobile,75.22,50,-1,500,2025-08-27
PLN65EDB374F7,CUST100064971,IoT Data Plan,Postpaid Mobile,116.85,-1,-1,-1,2020-02-11
PLN582203B487,CUST100051383,Fiber 500Mbps,Broadband,132.01,50,-1,500,2018-05-29
PLNA05E588CBF,CUST100078594,Unlimited Plus,Postpaid Mobile,80.31,50,500,100,2025-01-09
PLN68F0F9A32B,CUST100080717,Family Share 10GB,Broadband,108.84,50,-1,500,2015-11-04
PLNF8F744BA96,CUST100084100,Unlimited Premium,Postpaid Mobile,81.92,10,500,-1,2025-08-07
PLN36534B3AE3,CUST100049849,IoT Data Plan,Prepaid Mobile,42.25,5,1000,100,2015-10-12
PLNB1918FA02E,CUST100003148,Family Share 10GB,IoT,57.45,2,-1,500,2024-09-15
PLNF8356F8EF5,CUST100066001,Unlimited Basic,Postpaid Mobile,68.57,20,1000,-1,2021-07-12
PLN228ABE572D,CUST100030563,Unlimited Premium,Postpaid Mobile,31.71,50,500,500,2024-06-06
PLNCF603E5EBB,CUST100074413,Unlimited Plus,Broadband,112.34,50,1000,500,2017-07-16
PLN461175F545,CUST100029070,Unlimited Premium,IoT,43.85,10,-1,100,2015-09-25
PLN9307A1C6AD,CUST100070064,Prepaid 5GB,Prepaid Mobile,54.22,2,-1,500,2022-08-04
PLN922F5004EE,CUST100016703,Fiber 1Gbps,Postpaid Mobile,120.37,50,1000,-1,2023-06-13
PLN58DFEF2BFB,CUST100052170,Unlimited Basic,Postpaid Mobile,88.64,5,1000,500,2021-05-19
PLN2792BC8C99,CUST100075668,Unlimited Plus,Prepaid Mobile,21.57,-1,500,500,2015-11-04
PLN55CB2DA8F4,CUST100067476,Fiber 500Mbps,Prepaid Mobile,48.9,-1,500,500,2019-12-02
PLND17196ECB6,CUST100041374,Prepaid 5GB,Postpaid Mobile,66.99,10,-1,-1,2023-03-18
PLN379710948F,CUST100067675,Unlimited Plus,Postpaid Mobile,111.64,20,1000,-1,2019-06-16
PLNA4BC8FF3C2,CUST100086634,Unlimited Premium,Postpaid Mobile,108.7,10,1000,100,2015-07-23
PLNC8EB95D7D3,CUST100028378,Fiber 500Mbps,Prepaid Mobile,55.13,2,-1,100,2016-12-14
PLN258E944D5A,CUST100046734,Fiber 1Gbps,Prepaid Mobile,18.65,20,1000,-1,2023-04-28
PLNABE589E448,CUST100017276,Prepaid 5GB,Prepaid Mobile,84.6,20,500,500,2020-03-18
PLNFD06E40E3B,CUST100076689,Unlimited Basic,Broadband,33.39,5,500,100,2015-12-19
PLN110CBFCB83,CUST100058846,Unlimited Basic,Broadband,131.36,20,1000,-1,2021-12-26
PLN1826BC9385,CUST100054801,Unlimited Premium,IoT,100.55,20,500,-1,2018-10-22
PLNA885B91DDC,CUST100025588,Fiber 500Mbps,Postpaid Mobile,63.34,10,1000,-1,2018-09-23
PLN9CD296AD88,CUST100045078,Unlimited Plus,Postpaid Mobile,26.84,20,500,100,2021-10-22
PLN2128EB2CAE,CUST100027395,Prepaid 5GB,Prepaid Mobile,146.05,20,1000,500,2020-08-06
PLNF5B53D286E,CUST100036625,Unlimited Plus,Prepaid Mobile,106.25,5,500,100,2019-07-20
PLN8DF69DB6A2,CUST100059830,Fiber 1Gbps,Prepaid Mobile,50.24,50,500,500,2018-08-05
PLN9642BD0D0E,CUST100012080,Family Share 10GB,Postpaid Mobile,87.31,20,500,500,2015-05-16
PLNFEB027C5F6,CUST100092723,IoT Data Plan,Prepaid Mobile,150.0,2,500,500,2024-02-14
PLN6CFD551B5B,CUST100018698,IoT Data Plan,Broadband,47.57,-1,-1,100,2017-03-01
PLN79D9B03704,CUST100017505,Fiber 1Gbps,Prepaid Mobile,124.95,20,-1,-1,2023-04-15
PLNEE3B740CBA,CUST100097221,IoT Data Plan,Broadband,67.25,-1,1000,-1,2021-07-16
PLN3ED07E3EF0,CUST100035933,Fiber 1Gbps,Prepaid Mobile,20.73,2,-1,-1,2020-09-12
PLN235E92CA3A,CUST100072900,Prepaid 5GB,Postpaid Mobile,99.15,10,-1,-1,2024-02-08
PLNFBD39C103E,CUST100084546,Fiber 500Mbps,Postpaid Mobile,92.45,10,-1,-1,2015-01-22
PLN1E741A6F72,CUST100080310,Fiber 1Gbps,Broadband,38.81,-1,-1,-1,2017-06-22
PLND2AB581E6C,CUST100027654,Family Share 10GB,Postpaid Mobile,110.42,20,500,100,2022-11-08
PLN436AC5B146,CUST100003281,Unlimited Basic,Broadband,146.83,5,-1,500,2021-02-25
PLNC0F75F16C0,CUST100022696,Unlimited Premium,Broadband,48.66,50,-1,-1,2019-06-08
PLN8781983209,CUST100021449,Unlimited Basic,Prepaid Mobile,136.99,5,-1,500,2023-07-07
PLNF42D7CF7C2,CUST100062682,Fiber 500Mbps,Postpaid Mobile,147.04,50,-1,100,2015-07-07
PLN053B619E05,CUST100049371,Unlimited Basic,Prepaid Mobile,41.94,10,1000,100,2023-10-08
PLND85133C279,CUST100047705,Fiber 500Mbps,Postpaid Mobile,71.77,10,1000,500,2015-07-09
PLND61E9EC6FF,CUST100052930,Fiber 1Gbps,Postpaid Mobile,71.16,5,-1,-1,2015-02-25
PLNCF4A8DDA27,CUST100077000,Fiber 500Mbps,Postpaid Mobile,140.24,50,1000,-1,2019-09-24
PLN32B486F56B,CUST100017827,Prepaid 5GB,Broadband,86.03,20,1000,-1,2020-12-08
PLN2AC3AACBF3,CUST100064383,Unlimited Basic,Prepaid Mobile,104.64,-1,1000,500,2026-01-27
PLN73B3F92F81,CUST100050009,Unlimited Plus,Postpaid Mobile,145.39,2,500,-1,2022-12-29
PLN1D6C734791,CUST100025525,Prepaid 5GB,Prepaid Mobile,122.16,10,1000,-1,2020-01-30
PLNE2AB19CBCB,CUST100026361,Fiber 1Gbps,Postpaid Mobile,80.56,5,1000,-1,2023-03-08
PLN5D139F77C5,CUST100040485,Fiber 500Mbps,Postpaid Mobile,17.66,-1,500,-1,2015-01-04
PLNAB36BB79E1,CUST100033782,Family Share 10GB,Postpaid Mobile,24.69,5,500,100,2020-10-06
PLN2EBC3DA43E,CUST100012333,Unlimited Basic,Prepaid Mobile,89.84,2,500,-1,2025-07-12
PLN6D072D73D7,CUST100013119,Fiber 1Gbps,Prepaid Mobile,91.1,20,1000,100,2019-08-07
PLN67E0E72DD0,CUST100011460,Unlimited Basic,Broadband,137.54,5,500,100,2023-03-30
PLN7A8E8F6946,CUST100067795,Unlimited Basic,Postpaid Mobile,119.91,2,-1,100,2016-11-07
PLNA51850939B,CUST100003680,Family Share 10GB,Postpaid Mobile,129.91,20,1000,100,2016-02-10
PLN5E49575DA2,CUST100091871,Unlimited Premium,Broadband,140.83,50,-1,500,2016-09-30
PLNE780D698C7,CUST100033330,Family Share 10GB,Postpaid Mobile,122.17,20,-1,100,2017-08-12
PLNB3B1EC5BF1,CUST100095052,Unlimited Plus,Postpaid Mobile,46.67,2,500,-1,2025-03-27
PLN100C05BD9E,CUST100044142,Fiber 1Gbps,Postpaid Mobile,122.22,10,500,500,2024-08-24
PLNF87D0675AD,CUST100049195,Prepaid 5GB,Prepaid Mobile,34.96,10,1000,-1,2020-05-31
PLN3F3EA34528,CUST100047093,Fiber 1Gbps,Postpaid Mobile,128.2,5,-1,-1,2019-09-09
PLN8FEB532DAF,CUST100057638,Unlimited Premium,Postpaid Mobile,132.81,-1,1000,500,2024-08-02
PLNB4526023E5,CUST100030236,Unlimited Plus,Postpaid Mobile,93.89,20,500,-1,2016-11-19
PLNB7266334B5,CUST100071592,Family Share 10GB,Postpaid Mobile,128.63,5,500,100,2024-04-12
PLN7616EB90C3,CUST100000777,Unlimited Plus,Postpaid Mobile,42.65,2,-1,500,2020-02-20
PLN3C74EC304E,CUST100069544,Family Share 10GB,Postpaid Mobile,125.83,2,-1,500,2022-04-13
PLNB1BF1C23C0,CUST100064506,Prepaid 5GB,Postpaid Mobile,21.58,50,1000,500,2016-02-04
PLN7237C42E30,CUST100058812,Unlimited Premium,Postpaid Mobile,143.59,20,-1,100,2020-04-23
PLNC92C8C90E0,CUST100019189,Unlimited Plus,IoT,52.27,50,500,-1,2018-09-27
PLNB8BDCF1BB2,CUST100005703,Fiber 500Mbps,Broadband,32.95,-1,1000,500,2025-01-26
PLNE46746662E,CUST100006439,IoT Data Plan,Postpaid Mobile,29.0,50,500,500,2022-02-24
PLNF93AF4541D,CUST100025714,Unlimited Premium,Broadband,144.51,10,1000,500,2017-02-21
PLN60B511BC66,CUST100022139,Fiber 500Mbps,IoT,52.35,10,1000,100,2023-11-05
PLN72547D9823,CUST100067040,IoT Data Plan,Postpaid Mobile,28.34,5,1000,500,2021-01-11
PLNBD6C79F5D3,CUST100012540,Fiber 500Mbps,Broadband,34.56,5,1000,100,2021-05-30
PLN17C7E2ADFF,CUST100060844,IoT Data Plan,Postpaid Mobile,71.56,5,500,500,2016-12-17
PLN7F059295B8,CUST100086582,Fiber 1Gbps,Prepaid Mobile,92.96,50,1000,-1,2024-08-23
PLN0753846BEF,CUST100030274,IoT Data Plan,Postpaid Mobile,102.94,-1,1000,500,2015-12-13
PLNC144B5E496,CUST100035851,Prepaid 5GB,Postpaid Mobile,72.6,10,1000,500,2022-10-02
PLND612D039DC,CUST100086001,Unlimited Basic,Postpaid Mobile,80.5,5,-1,500,2015-01-02
PLN67B252D569,CUST100002844,Fiber 500Mbps,Postpaid Mobile,124.43,20,1000,-1,2025-12-01
PLNC6D881513B,CUST100048934,IoT Data Plan,Prepaid Mobile,98.33,10,-1,100,2020-05-18
PLN9D1867CCB7,CUST100080855,Unlimited Plus,Prepaid Mobile,127.48,50,500,-1,2018-02-26
PLN87AA1C15C1,CUST100038892,IoT Data Plan,Prepaid Mobile,78.94,50,1000,500,2023-08-23
PLN0E3B418738,CUST100003173,Unlimited Basic,Postpaid Mobile,100.5,2,500,-1,2018-07-18
PLN131EC5A9D8,CUST100082424,Fiber 500Mbps,IoT,64.52,20,1000,100,2016-11-16
PLNB288F1AAC2,CUST100090037,Unlimited Plus,Postpaid Mobile,80.55,10,-1,500,2020-12-19
PLN94F3E01E68,CUST100097887,Prepaid 5GB,Broadband,31.35,20,1000,500,2024-06-20
PLN2F4EABC63A,CUST100092957,Unlimited Basic,Prepaid Mobile,94.38,2,-1,100,2019-04-30
PLNCBB3CF758F,CUST100076200,IoT Data Plan,Postpaid Mobile,137.23,2,-1,100,2025-03-05
PLNCE6976296A,CUST100029599,Fiber 1Gbps,Prepaid Mobile,114.82,2,500,-1,2019-11-28
PLN92042B7489,CUST100068409,IoT Data Plan,Postpaid Mobile,149.99,50,1000,500,2019-02-28
PLNC73C437435,CUST100053356,IoT Data Plan,Postpaid Mobile,30.54,2,1000,500,2026-06-28
PLNB0908FAFCC,CUST100022422,Unlimited Plus,Postpaid Mobile,80.66,5,500,-1,2022-11-10
PLN891D5F609F,CUST100048872,Unlimited Premium,Broadband,22.97,20,500,500,2021-08-28
PLN184037C3FD,CUST100079962,IoT Data Plan,Prepaid Mobile,107.77,10,1000,-1,2016-05-21
PLN8778F5D82F,CUST100004475,IoT Data Plan,Postpaid Mobile,74.92,2,1000,500,2020-12-18
PLN137616F2E6,CUST100057396,Unlimited Premium,Prepaid Mobile,52.35,10,-1,-1,2025-07-22
PLN00ABE3EC14,CUST100094497,Unlimited Basic,Postpaid Mobile,109.35,-1,500,500,2019-07-11
PLN696BF54A7C,CUST100059386,Family Share 10GB,Postpaid Mobile,69.34,5,1000,500,2016-10-08
PLN3A7DCDDCE6,CUST100083917,Unlimited Premium,Prepaid Mobile,125.81,20,500,100,2023-11-01
PLNB7EB6C31BC,CUST100048915,Prepaid 5GB,Postpaid Mobile,34.55,5,-1,100,2026-03-19
PLNA9AE71BA40,CUST100000893,Unlimited Plus,Postpaid Mobile,88.48,50,500,100,2015-02-10
PLN9CE2578648,CUST100006404,Family Share 10GB,Prepaid Mobile,146.03,-1,-1,-1,2017-11-20
PLN1F36AF78A2,CUST100065685,Prepaid 5GB,Postpaid Mobile,144.92,20,500,500,2022-04-04
PLNFA593F6C89,CUST100011172,Fiber 1Gbps,Broadband,34.95,20,500,100,2025-10-23
PLN7A81D7B3C7,CUST100072832,Unlimited Plus,Prepaid Mobile,65.33,2,-1,-1,2020-07-23
PLN26EBD0A6FB,CUST100076051,Prepaid 5GB,Broadband,28.14,50,500,500,2020-10-24
PLNA26946044D,CUST100087770,IoT Data Plan,Postpaid Mobile,71.58,50,1000,500,2020-01-30
PLN35C9E715CB,CUST100014020,Unlimited Premium,Postpaid Mobile,141.0,50,500,500,2016-12-06
PLNDEA3E3CBE2,CUST100048829,Unlimited Plus,Postpaid Mobile,111.99,50,-1,500,2020-12-26
PLN6757F2384F,CUST100074088,Unlimited Plus,Postpaid Mobile,86.97,2,-1,-1,2024-12-25
PLNA974C35CA5,CUST100013354,Unlimited Basic,Postpaid Mobile,49.34,-1,1000,-1,2017-10-12
PLN26DBA2B83C,CUST100087664,Fiber 500Mbps,Postpaid Mobile,29.03,10,1000,-1,2017-09-01
PLN2BC071AFD8,CUST100020006,Prepaid 5GB,Postpaid Mobile,18.23,-1,1000,500,2016-11-23
PLN0EEC04588C,CUST100067120,IoT Data Plan,Prepaid Mobile,105.98,2,-1,500,2019-12-12
PLNF21DBE1CCC,CUST100070609,Prepaid 5GB,Broadband,127.34,10,500,100,2015-07-20
PLN62937BB3A3,CUST100030742,IoT Data Plan,Broadband,115.08,-1,-1,100,2018-04-07
PLN7D7EEEB40B,CUST100057071,Fiber 500Mbps,Prepaid Mobile,96.86,10,1000,500,2016-08-16
PLN7CDF1DC63A,CUST100080494,IoT Data Plan,Postpaid Mobile,119.72,20,-1,500,2017-08-07
PLN29A0FF734A,CUST100024446,Prepaid 5GB,Postpaid Mobile,21.16,-1,-1,-1,2023-08-04
PLN54150B0A24,CUST100002235,Unlimited Premium,Broadband,128.71,20,-1,-1,2023-03-21
PLN767ED49FED,CUST100000515,Unlimited Plus,Postpaid Mobile,109.42,10,500,100,2018-03-08
PLN1D2040A6E7,CUST100031462,Unlimited Basic,Postpaid Mobile,87.92,50,1000,100,2026-05-04
PLNC4FAC1C24D,CUST100098355,Unlimited Basic,Postpaid Mobile,26.39,50,500,100,2017-01-02
PLNF3AD58C799,CUST100095839,Prepaid 5GB,Postpaid Mobile,73.23,10,-1,500,2017-07-14
PLND8697C5667,CUST100096850,Family Share 10GB,Broadband,67.19,5,500,-1,2018-12-10
PLN04C95A7E9A,CUST100099965,Unlimited Premium,Postpaid Mobile,15.17,2,-1,500,2019-06-19
PLN5E28F9BFC2,CUST100085152,Prepaid 5GB,Postpaid Mobile,81.8,20,500,500,2024-05-28
PLN2E5951B68F,CUST100067123,Prepaid 5GB,Broadband,64.39,10,1000,100,2022-03-10
PLND192669F99,CUST100032446,Fiber 500Mbps,Broadband,128.25,50,500,500,2015-05-31
PLN1FE7FE9905,CUST100042893,Family Share 10GB,Prepaid Mobile,122.95,-1,1000,100,2020-11-02
PLNCE83CA0FC1,CUST100019145,Unlimited Basic,Postpaid Mobile,96.43,-1,500,500,2017-04-26
PLN2FC37959ED,CUST100093038,Fiber 1Gbps,Postpaid Mobile,110.74,5,1000,-1,2025-11-29
PLN7C79ADE755,CUST100053325,Fiber 1Gbps,Postpaid Mobile,88.77,50,1000,500,2026-02-13
PLN54069E1D4C,CUST100032522,IoT Data Plan,Prepaid Mobile,119.0,5,-1,-1,2018-06-19
PLNDD01B4F93B,CUST100003123,IoT Data Plan,Broadband,100.34,2,1000,100,2024-09-12
PLN9E6C222D79,CUST100070525,Fiber 500Mbps,Postpaid Mobile,123.95,20,1000,500,2018-10-25
PLN2F289A4E61,CUST100047437,Family Share 10GB,Postpaid Mobile,146.85,5,500,100,2019-04-26
PLN76F81F12D7,CUST100013763,IoT Data Plan,Postpaid Mobile,116.72,10,500,500,2022-02-23
PLNE8F90E4DFE,CUST100035235,Family Share 10GB,Prepaid Mobile,28.03,5,1000,-1,2022-09-23
PLN74162D164C,CUST100074662,Prepaid 5GB,Prepaid Mobile,93.14,10,-1,500,2026-02-05
PLNCE8592E44E,CUST100089173,Unlimited Plus,Postpaid Mobile,80.04,50,1000,100,2025-04-18
PLND25AF4F929,CUST100074093,Fiber 500Mbps,Postpaid Mobile,15.04,2,-1,100,2023-07-01
PLNE765E9D3AA,CUST100031431,Unlimited Plus,Postpaid Mobile,59.97,50,-1,-1,2021-04-14
PLNB664CBCC71,CUST100092776,Prepaid 5GB,Broadband,81.71,50,-1,500,2016-08-19
PLN143DD1B833,CUST100095552,Unlimited Plus,Postpaid Mobile,74.82,20,-1,-1,2019-01-30
PLN24DCF67A46,CUST100089530,Unlimited Plus,Postpaid Mobile,31.71,-1,-1,-1,2022-07-27
PLNEE2D610384,CUST100028189,IoT Data Plan,Postpaid Mobile,18.28,-1,-1,100,2019-12-14
PLNF521123B23,CUST100074139,Family Share 10GB,Postpaid Mobile,113.6,5,1000,100,2021-01-28
PLNC6D4B3FB9E,CUST100006737,Prepaid 5GB,Prepaid Mobile,49.97,20,500,100,2021-03-23
PLN7FCF511269,CUST100024088,Unlimited Basic,Postpaid Mobile,136.16,5,500,-1,2024-12-21
PLN3B688D2186,CUST100034733,Family Share 10GB,Postpaid Mobile,77.31,5,-1,500,2026-01-31
PLN33D844AD3B,CUST100070015,Family Share 10GB,Prepaid Mobile,137.36,-1,500,500,2015-04-24
PLN226C749EB5,CUST100021754,Prepaid 5GB,IoT,26.35,2,500,100,2021-07-21
PLN8CB6157C83,CUST100086650,Unlimited Premium,Postpaid Mobile,121.56,20,-1,-1,2015-04-21
PLNF59BC56617,CUST100045344,Unlimited Plus,Postpaid Mobile,62.31,10,1000,-1,2024-04-21
PLNB517F3189C,CUST100010017,Prepaid 5GB,Broadband,49.87,2,500,-1,2022-07-23
PLN01BB96849A,CUST100049588,Fiber 1Gbps,Postpaid Mobile,71.63,2,1000,-1,2024-09-14
PLN6D33197549,CUST100041653,Fiber 500Mbps,Broadband,134.68,-1,-1,-1,2020-05-28
PLN3600363ECB,CUST100005493,Family Share 10GB,Postpaid Mobile,112.41,-1,500,100,2015-10-29
PLN1C9E404009,CUST100071838,Prepaid 5GB,Postpaid Mobile,83.33,-1,1000,-1,2015-03-05
PLN476B9CFF76,CUST100076858,IoT Data Plan,Postpaid Mobile,147.3,20,1000,500,2025-06-23
PLN4A58F727C4,CUST100047243,Unlimited Plus,Postpaid Mobile,149.0,20,1000,500,2021-05-22
PLN7124BC97BC,CUST100067656,Unlimited Basic,IoT,25.55,10,500,-1,2015-07-01
PLNE7E2A9B7FA,CUST100039113,Fiber 1Gbps,Postpaid Mobile,96.61,50,1000,100,2019-12-25
PLN7359DA04FD,CUST100010776,Unlimited Plus,Postpaid Mobile,115.95,5,500,500,2015-04-21
PLNBEE435F9A4,CUST100016507,Family Share 10GB,Postpaid Mobile,124.17,50,-1,500,2025-06-06
PLN375B4C5D90,CUST100070124,Prepaid 5GB,Postpaid Mobile,126.06,10,500,100,2015-06-19
PLNBBAAC78839,CUST100068634,Family Share 10GB,IoT,79.29,5,-1,-1,2017-12-24
PLNC041392146,CUST100025401,Fiber 500Mbps,Broadband,17.21,2,500,-1,2015-10-24
PLN89E48738A9,CUST100092300,Fiber 1Gbps,Postpaid Mobile,67.73,50,-1,100,2018-01-16
PLN372EDD241B,CUST100095489,Unlimited Basic,Prepaid Mobile,97.02,50,1000,100,2025-01-15
PLN668FC4C666,CUST100041376,Family Share 10GB,Postpaid Mobile,122.82,50,1000,100,2025-10-04
PLN8105EA3976,CUST100091960,IoT Data Plan,Prepaid Mobile,118.19,50,1000,-1,2019-05-13
PLNC6F8DA257B,CUST100033755,IoT Data Plan,Postpaid Mobile,98.95,10,-1,-1,2024-05-21
PLND22F0EF42C,CUST100076476,Unlimited Premium,IoT,60.97,2,500,500,2023-10-12
PLNF51502E858,CUST100076597,Fiber 500Mbps,Prepaid Mobile,25.95,2,1000,-1,2018-12-15
PLN50D66FB80A,CUST100077355,Family Share 10GB,Postpaid Mobile,120.14,10,500,100,2015-05-10
PLNE1E040EDFA,CUST100058684,Unlimited Basic,Broadband,98.25,50,-1,-1,2026-02-14
PLN76605AEA2A,CUST100025996,Unlimited Basic,Prepaid Mobile,62.18,5,-1,500,2023-04-06
PLN90B71073A8,CUST100061235,IoT Data Plan,Postpaid Mobile,28.36,2,500,100,2016-10-25
PLN733A68E5D1,CUST100059692,Unlimited Basic,Broadband,35.7,-1,-1,500,2021-07-15
PLNCDC83D1E57,CUST100081500,Unlimited Basic,Postpaid Mobile,96.22,10,1000,100,2018-12-07
PLN4D252C0F12,CUST100093058,Prepaid 5GB,Postpaid Mobile,84.67,-1,1000,500,2016-03-15
PLN92350AF5F9,CUST100069597,Prepaid 5GB,Postpaid Mobile,146.64,20,1000,100,2021-08-25
PLN96F80740A5,CUST100061521,Fiber 1Gbps,IoT,78.99,-1,-1,-1,2015-10-10
PLN09F4D0009F,CUST100053962,Fiber 1Gbps,Postpaid Mobile,15.17,5,-1,500,2019-11-16
PLNFBFA7F34CB,CUST100065327,Prepaid 5GB,Broadband,58.65,5,500,100,2018-04-25
PLNF09A950A68,CUST100053386,Fiber 500Mbps,Postpaid Mobile,34.77,5,500,500,2024-09-13
PLN40C715F9D8,CUST100073595,IoT Data Plan,Postpaid Mobile,79.24,2,500,-1,2018-06-04
PLN204F1A53B8,CUST100070019,Fiber 1Gbps,Prepaid Mobile,124.96,10,500,500,2017-01-02
PLN87D3F84354,CUST100051176,Unlimited Premium,Postpaid Mobile,64.08,-1,-1,-1,2017-09-22
PLNCB95A71E9F,CUST100006373,Unlimited Plus,IoT,56.11,5,-1,-1,2016-11-23
PLNABF3672EF3,CUST100081725,Unlimited Premium,Postpaid Mobile,44.96,2,-1,500,2021-04-30
PLN04E90796B3,CUST100004189,Family Share 10GB,Broadband,145.49,10,-1,100,2019-11-30
PLN82B8580AED,CUST100092343,Unlimited Plus,Prepaid Mobile,28.2,50,-1,100,2020-01-08
PLN3D676AD025,CUST100055653,Family Share 10GB,Postpaid Mobile,113.12,5,500,-1,2025-09-21
PLNC23772EECC,CUST100038670,Unlimited Basic,Broadband,91.95,10,500,-1,2025-12-24
PLN16D8D77EEB,CUST100009257,Unlimited Plus,Broadband,36.12,50,500,-1,2024-05-25
PLNE13842439B,CUST100082206,Prepaid 5GB,Prepaid Mobile,135.21,5,1000,500,2020-07-07
PLNEAEBCF2A12,CUST100062019,Fiber 500Mbps,Prepaid Mobile,135.06,-1,1000,500,2018-01-26
PLN6B2D4242B1,CUST100043082,Prepaid 5GB,Prepaid Mobile,58.53,2,500,100,2016-04-22
PLNAA7D4970BE,CUST100075979,Unlimited Premium,Broadband,78.53,50,1000,100,2022-12-28
PLN3724174A96,CUST100025873,Unlimited Basic,Prepaid Mobile,110.95,-1,500,100,2023-11-29
PLN8917776B27,CUST100042825,Unlimited Basic,Broadband,70.44,5,1000,500,2016-04-30
PLNB2E4EA840E,CUST100054330,Unlimited Plus,Postpaid Mobile,78.9,5,1000,100,2025-04-30
PLNF423FB453C,CUST100062520,IoT Data Plan,Postpaid Mobile,89.19,10,-1,500,2023-10-20
PLN25C66986E2,CUST100018565,Prepaid 5GB,Postpaid Mobile,48.44,50,500,100,2019-05-08
PLN7F51E73017,CUST100015678,Unlimited Premium,Prepaid Mobile,129.65,2,-1,-1,2022-01-19
PLN0FB2D8FA93,CUST100037197,Family Share 10GB,Prepaid Mobile,94.35,2,500,500,2015-11-19
PLNED72B3111C,CUST100033807,Family Share 10GB,Broadband,40.12,5,1000,-1,2021-09-20
PLNE99081C915,CUST100087219,Family Share 10GB,Postpaid Mobile,109.89,5,1000,100,2016-09-10
PLN0C2CA99E68,CUST100023695,Unlimited Basic,Postpaid Mobile,19.64,10,500,-1,2017-02-22
PLN177C61D341,CUST100043869,Family Share 10GB,Prepaid Mobile,68.09,50,500,100,2019-12-26
PLN01229B0A8A,CUST100093165,Fiber 500Mbps,Broadband,141.96,5,500,100,2022-05-22
PLN7244F0BC5B,CUST100032718,IoT Data Plan,Broadband,76.83,5,1000,100,2017-08-05
PLN7C02F55561,CUST100045986,Unlimited Basic,Postpaid Mobile,133.07,10,-1,100,2020-09-05
PLN3A5DEEF4D2,CUST100062943,Fiber 1Gbps,Prepaid Mobile,123.39,20,500,500,2019-08-19
PLN5D212C8C46,CUST100071310,Unlimited Basic,Prepaid Mobile,28.5,-1,-1,-1,2018-06-13
PLNDF709188D9,CUST100063936,IoT Data Plan,Postpaid Mobile,59.95,10,-1,500,2015-10-04
PLNE216C51274,CUST100002570,IoT Data Plan,IoT,102.09,-1,500,500,2022-06-17
PLN7F2C3DD296,CUST100033996,Fiber 500Mbps,Postpaid Mobile,107.79,2,1000,500,2025-09-30
PLN8B31D7A4AE,CUST100094129,Unlimited Plus,Postpaid Mobile,130.38,2,-1,-1,2018-12-10
PLNBE4969B3B7,CUST100093871,Prepaid 5GB,Broadband,135.06,20,1000,100,2019-12-12
PLNEA3764652A,CUST100063641,IoT Data Plan,Postpaid Mobile,61.65,10,500,500,2015-07-07
PLN8B951DF778,CUST100060463,Fiber 500Mbps,Postpaid Mobile,131.97,2,1000,100,2021-09-19
PLN57653954F6,CUST100035871,Unlimited Premium,Postpaid Mobile,134.84,-1,1000,-1,2020-07-24
PLN8E38EAC699,CUST100012699,Fiber 500Mbps,Prepaid Mobile,84.15,10,1000,500,2023-10-31
PLN36B99CA035,CUST100051753,Unlimited Plus,Postpaid Mobile,111.7,50,1000,100,2016-08-20
PLNBDBE926E03,CUST100080942,Unlimited Premium,Prepaid Mobile,117.39,10,-1,500,2021-04-19
PLN83EC683C4C,CUST100085360,Fiber 500Mbps,Postpaid Mobile,120.82,10,500,500,2025-03-02
PLN508686F03D,CUST100035538,Fiber 500Mbps,Prepaid Mobile,35.89,10,1000,500,2020-05-28
PLND42452D45F,CUST100006382,IoT Data Plan,Broadband,51.57,-1,500,100,2015-08-08
PLNFE6D6DF608,CUST100015428,Family Share 10GB,Postpaid Mobile,134.76,20,500,500,2021-11-18
PLNCED9B2055D,CUST100030854,Family Share 10GB,Prepaid Mobile,103.95,2,-1,-1,2017-06-27
PLN65ACB73A78,CUST100035329,IoT Data Plan,Postpaid Mobile,56.94,5,1000,-1,2022-06-17
PLN37CE886984,CUST100001755,Unlimited Premium,Postpaid Mobile,76.19,50,1000,500,2016-07-06
PLN3D78A4D229,CUST100032232,Fiber 1Gbps,Postpaid Mobile,27.96,50,-1,-1,2024-10-15
PLND22D343A06,CUST100025155,Fiber 500Mbps,Postpaid Mobile,143.7,2,-1,500,2021-05-10
PLN730281BD38,CUST100097312,Unlimited Premium,Postpaid Mobile,117.49,5,500,-1,2022-10-16
PLN840217F9B5,CUST100001743,Unlimited Plus,Prepaid Mobile,66.64,50,-1,100,2016-09-16
PLN5A82E3E708,CUST100013165,Unlimited Plus,Prepaid Mobile,22.98,2,1000,-1,2023-09-30
PLNFE31A9D8EE,CUST100061460,Fiber 500Mbps,Postpaid Mobile,30.57,20,-1,-1,2015-04-20
PLN166EA4472D,CUST100039150,Family Share 10GB,Postpaid Mobile,41.84,5,1000,500,2015-07-27
PLNE10D1D8BF1,CUST100026441,IoT Data Plan,Broadband,100.83,2,500,-1,2017-01-03
PLN6F8753CB45,CUST100008263,Unlimited Basic,Postpaid Mobile,19.63,10,500,-1,2019-08-29
PLN4A81991D76,CUST100002843,Unlimited Plus,Prepaid Mobile,95.23,20,500,-1,2019-01-09
PLNCF6575DD65,CUST100013586,IoT Data Plan,Postpaid Mobile,74.81,-1,-1,100,2023-08-27
PLN46062185E6,CUST100001430,Unlimited Basic,Postpaid Mobile,16.21,50,500,-1,2023-10-15
PLNA0B0A6D617,CUST100016081,Unlimited Plus,Postpaid Mobile,81.97,-1,1000,100,2015-05-29
PLN29B49A88C9,CUST100080742,Fiber 1Gbps,Prepaid Mobile,147.64,-1,1000,100,2025-09-07
PLND79B88C147,CUST100054369,Unlimited Plus,Broadband,112.67,5,500,500,2022-11-02
PLND079808F50,CUST100057095,Unlimited Premium,Postpaid Mobile,109.23,2,-1,500,2020-07-26
PLND15B277B37,CUST100032759,Prepaid 5GB,Postpaid Mobile,38.06,-1,1000,-1,2021-11-28
PLNFF9F7A7D31,CUST100099603,Fiber 500Mbps,Postpaid Mobile,72.0,2,1000,500,2020-11-17
PLN4747E8C9B4,CUST100016235,IoT Data Plan,Prepaid Mobile,67.67,2,1000,500,2018-01-31
PLNBEC9CC65A1,CUST100012539,Unlimited Plus,Postpaid Mobile,52.68,5,500,100,2022-09-17
PLNCB16712135,CUST100031601,Prepaid 5GB,Postpaid Mobile,73.87,20,500,500,2023-09-06
PLNF33C3CD784,CUST100087222,Unlimited Plus,Postpaid Mobile,141.08,50,1000,-1,2019-03-18
PLN3A0CF1924C,CUST100085324,Unlimited Plus,Broadband,90.75,5,1000,-1,2016-11-05
PLNF288AEAA06,CUST100028527,Fiber 500Mbps,Postpaid Mobile,98.64,20,-1,-1,2020-07-29
PLNBEC7F97D96,CUST100081071,Fiber 500Mbps,Prepaid Mobile,118.41,2,-1,100,2023-04-06
PLN6DD181812A,CUST100074003,Fiber 500Mbps,Postpaid Mobile,24.78,-1,500,-1,2025-11-05
PLN996C1BCE28,CUST100038308,IoT Data Plan,Broadband,145.06,2,-1,500,2020-11-27
PLN74A6614563,CUST100080303,Unlimited Basic,Broadband,129.94,2,1000,-1,2017-10-05
PLNC3E283978F,CUST100055114,Unlimited Premium,Postpaid Mobile,58.75,50,-1,100,2021-01-29
PLN9C912ADFCD,CUST100045545,Unlimited Basic,Broadband,34.72,20,1000,-1,2020-11-06
PLNF411CCC958,CUST100074844,IoT Data Plan,Postpaid Mobile,98.59,20,-1,100,2018-12-27
PLND8E17EF913,CUST100010739,Unlimited Plus,Postpaid Mobile,34.55,10,-1,500,2025-07-24
PLNA8790031D7,CUST100016391,IoT Data Plan,Broadband,89.51,2,-1,500,2024-02-22
PLN08C81FEACF,CUST100029447,Unlimited Premium,Postpaid Mobile,114.25,10,1000,500,2020-05-15
PLNF755D4EC2B,CUST100008403,Unlimited Basic,Postpaid Mobile,115.4,50,1000,-1,2024-09-24
PLNAADD2B6782,CUST100029510,Family Share 10GB,Postpaid Mobile,139.2,2,1000,500,2022-09-21
PLN764E2ED884,CUST100074037,Unlimited Premium,Broadband,77.84,-1,500,500,2016-02-10
PLN68DCC4D025,CUST100042023,Unlimited Plus,Postpaid Mobile,63.01,5,500,100,2024-04-23
PLNE3D7AA487D,CUST100038159,Unlimited Basic,Broadband,88.03,50,500,100,2021-11-14
PLN01478A0FF9,CUST100031077,Unlimited Plus,Postpaid Mobile,114.85,10,-1,-1,2022-07-23
PLNA8D6E4FA66,CUST100025164,Family Share 10GB,Prepaid Mobile,102.51,50,1000,-1,2018-07-10
PLN42154D1D2C,CUST100037737,Fiber 500Mbps,Prepaid Mobile,135.37,2,-1,500,2016-11-09
PLN6349E2FB32,CUST100060860,Fiber 500Mbps,Prepaid Mobile,129.48,-1,-1,100,2023-11-04
PLNCC9C315A2C,CUST100026924,Unlimited Premium,Postpaid Mobile,131.45,5,-1,100,2022-02-05
PLNB941E2B98E,CUST100094956,IoT Data Plan,Postpaid Mobile,127.36,50,1000,100,2024-03-28
PLNE4E4E83E13,CUST100085556,Prepaid 5GB,Postpaid Mobile,59.67,2,-1,100,2019-07-17
PLN0266E66045,CUST100049120,IoT Data Plan,Postpaid Mobile,42.6,2,-1,500,2022-01-12
PLN773790501A,CUST100036359,Fiber 1Gbps,Prepaid Mobile,114.36,20,500,100,2025-03-30
PLNA24B996848,CUST100093260,Unlimited Premium,Postpaid Mobile,99.67,-1,500,100,2019-03-11
PLNF7279A1AB2,CUST100010541,Fiber 1Gbps,IoT,88.62,2,500,-1,2016-08-30
PLNBD2048CE69,CUST100096441,IoT Data Plan,Postpaid Mobile,76.77,50,500,-1,2018-07-29
PLN685990A20F,CUST100075458,Fiber 500Mbps,Broadband,87.07,50,500,500,2023-09-18
PLN8FAEA7B106,CUST100072517,Fiber 1Gbps,Broadband,98.07,50,500,100,2025-03-20
PLNEDFC60678C,CUST100041919,Fiber 500Mbps,Prepaid Mobile,68.5,20,500,100,2026-03-06
PLN64CB3C7906,CUST100056751,Fiber 1Gbps,Postpaid Mobile,64.62,5,500,100,2023-07-18
PLN182B06DBFA,CUST100086971,Fiber 500Mbps,IoT,64.43,2,-1,100,2023-04-14
PLNA7EEAE37AD,CUST100046742,IoT Data Plan,Postpaid Mobile,45.48,-1,-1,-1,2022-04-20
PLN11A7255057,CUST100064607,Fiber 1Gbps,Postpaid Mobile,130.32,50,500,500,2018-11-07
PLNFA4BB8186D,CUST100003249,Unlimited Plus,Postpaid Mobile,83.65,2,1000,100,2017-04-19
PLN9AD804401B,CUST100077324,Unlimited Basic,Postpaid Mobile,93.63,20,500,-1,2026-02-05
PLN821160CA53,CUST100016783,IoT Data Plan,Prepaid Mobile,44.87,-1,500,100,2018-05-12
PLN55640D000A,CUST100047124,Family Share 10GB,Postpaid Mobile,20.04,-1,1000,500,2021-01-22
PLN9407E4C99E,CUST100081508,Fiber 500Mbps,Postpaid Mobile,130.37,5,500,100,2018-06-09
PLNDBBA48BF83,CUST100086120,Unlimited Plus,Postpaid Mobile,83.73,2,500,-1,2017-11-26
PLN53D76892B2,CUST100004203,Fiber 1Gbps,Prepaid Mobile,37.92,5,500,100,2021-03-05
PLN50F3BEA864,CUST100013934,Family Share 10GB,Postpaid Mobile,148.59,20,500,100,2016-10-19
PLNFA18EFFB23,CUST100016942,Unlimited Premium,Postpaid Mobile,113.76,10,-1,100,2024-01-19
PLNE521C7CE7A,CUST100067501,Fiber 1Gbps,IoT,137.35,-1,500,100,2019-03-15
PLN5ADABAF6A3,CUST100069376,Fiber 1Gbps,Postpaid Mobile,121.4,10,-1,-1,2021-02-27
PLNB4F0DB2C14,CUST100092319,Fiber 1Gbps,Broadband,133.65,2,1000,500,2024-02-08
PLN39F1F1338C,CUST100083197,Fiber 1Gbps,Postpaid Mobile,44.7,2,-1,-1,2017-04-16
PLNF9365BFA8C,CUST100087111,Prepaid 5GB,Broadband,96.1,20,-1,-1,2025-09-03
PLND3FE1B755D,CUST100002325,Unlimited Premium,Broadband,33.93,2,1000,100,2016-07-11
PLN520AA0998B,CUST100030183,Unlimited Premium,Broadband,22.32,10,500,500,2019-07-30
PLN40FAB9EA8B,CUST100051018,Unlimited Plus,Postpaid Mobile,124.57,10,500,-1,2018-04-22
PLN9FD864CEAD,CUST100068660,Fiber 500Mbps,Postpaid Mobile,72.64,2,1000,500,2018-12-07
PLN908C91EC62,CUST100073653,Unlimited Basic,Postpaid Mobile,103.05,10,-1,500,2018-01-25
PLN73A93AD9DE,CUST100044590,Unlimited Premium,Broadband,33.65,20,-1,-1,2025-08-07
PLN4248D478FB,CUST100029804,Unlimited Plus,Postpaid Mobile,122.02,20,500,500,2024-12-02
PLN5D509AE026,CUST100034964,IoT Data Plan,Postpaid Mobile,31.65,10,500,-1,2025-03-03
PLN434DA169F1,CUST100071066,Family Share 10GB,Prepaid Mobile,55.3,-1,500,-1,2020-06-10
PLNFC8F211421,CUST100067107,Family Share 10GB,Prepaid Mobile,62.58,5,1000,500,2020-05-26
PLN1B7F26D5BD,CUST100073424,IoT Data Plan,Postpaid Mobile,17.86,20,-1,-1,2019-11-23
PLNB5F579DCEB,CUST100084608,Unlimited Premium,Prepaid Mobile,111.6,5,500,-1,2015-02-19
PLNFA97FF3626,CUST100033853,Unlimited Basic,Broadband,42.99,-1,500,100,2022-10-04
PLND99A4F4FCA,CUST100034627,Unlimited Plus,Postpaid Mobile,147.39,20,-1,-1,2020-06-09
PLNAEE70DC4B2,CUST100078793,Unlimited Plus,Postpaid Mobile,72.48,-1,1000,-1,2023-01-20
PLN535DE13ED7,CUST100060549,Unlimited Premium,Broadband,22.33,2,1000,500,2016-04-25
PLND76B1731E4,CUST100005396,IoT Data Plan,Postpaid Mobile,57.88,10,-1,100,2020-12-14
PLN5DBCDF049E,CUST100013570,Prepaid 5GB,Prepaid Mobile,148.68,5,1000,500,2026-05-27
PLNB62539E2C0,CUST100065653,Family Share 10GB,Postpaid Mobile,18.3,20,-1,500,2026-06-02
PLN64C43BAB3D,CUST100026634,IoT Data Plan,Postpaid Mobile,16.52,20,1000,-1,2019-09-20
PLN9F82412CCE,CUST100070459,Fiber 500Mbps,IoT,147.23,-1,-1,500,2018-06-26
PLNF33AA07A4D,CUST100048909,Unlimited Plus,Prepaid Mobile,107.68,-1,500,-1,2025-09-09
PLN165F05C8A7,CUST100034011,Fiber 500Mbps,Postpaid Mobile,59.02,5,500,100,2024-02-08
PLN7AEE1198A9,CUST100036997,IoT Data Plan,Postpaid Mobile,120.18,5,500,100,2026-01-02
PLN26D6D0B62E,CUST100012923,Unlimited Basic,Broadband,35.67,20,1000,500,2024-11-06
PLN964A92FA2E,CUST100004057,Unlimited Plus,Broadband,53.7,5,-1,500,2022-11-28
PLN405775FDDB,CUST100005056,Unlimited Plus,Postpaid Mobile,39.4,20,1000,500,2026-03-02
PLNF173BE81DC,CUST100021620,Fiber 500Mbps,Prepaid Mobile,16.24,2,500,-1,2021-09-02
PLND4BBA912BD,CUST100039897,Fiber 1Gbps,Postpaid Mobile,25.56,20,1000,500,2015-03-09
PLN2A90BEF46D,CUST100078597,IoT Data Plan,Postpaid Mobile,22.86,-1,500,500,2024-09-03
PLN49A543C6EF,CUST100008684,Unlimited Plus,Postpaid Mobile,121.22,5,500,100,2023-02-03
PLNBBCF218DB9,CUST100053846,Unlimited Premium,Prepaid Mobile,40.95,-1,1000,100,2023-02-02
PLN6F0F8E1F9E,CUST100089286,IoT Data Plan,Broadband,78.78,20,500,100,2018-02-04
PLN9C7E43FDB3,CUST100031881,Unlimited Basic,Postpaid Mobile,102.43,5,500,500,2020-04-28
PLN25124FE17A,CUST100053771,IoT Data Plan,Postpaid Mobile,36.54,2,1000,500,2019-07-30
PLN28114EF1AB,CUST100068967,Unlimited Basic,Postpaid Mobile,80.26,20,500,100,2024-01-15
PLN9611406930,CUST100045462,Prepaid 5GB,Postpaid Mobile,29.79,20,500,500,2015-08-26
PLNB5A1AD9CA8,CUST100013362,Unlimited Basic,Postpaid Mobile,71.27,50,1000,500,2016-02-24
PLNE0C5AC8D3D,CUST100030454,Family Share 10GB,Broadband,114.11,-1,1000,500,2020-10-01
PLN69EAC216FE,CUST100056693,Family Share 10GB,Postpaid Mobile,82.36,50,1000,-1,2023-11-19
PLN758D30155F,CUST100073964,Family Share 10GB,Postpaid Mobile,73.34,5,-1,500,2023-04-01
PLN89EE586F7B,CUST100099115,Fiber 500Mbps,Broadband,21.59,5,500,-1,2026-05-09
PLNFFD39769E1,CUST100070663,Family Share 10GB,Postpaid Mobile,96.55,10,1000,-1,2024-12-04
PLN910A33B563,CUST100009591,Unlimited Plus,Prepaid Mobile,57.59,20,-1,500,2025-03-31
PLN6B4CDA1A83,CUST100008228,Fiber 1Gbps,Prepaid Mobile,40.37,50,500,100,2023-01-11
PLN86B4AD71BF,CUST100003241,IoT Data Plan,Postpaid Mobile,85.56,2,500,100,2017-09-22
PLN40140BC122,CUST100025912,Family Share 10GB,Postpaid Mobile,111.21,20,1000,500,2026-03-29
PLN3683542C15,CUST100080248,Fiber 1Gbps,Postpaid Mobile,49.63,50,1000,500,2024-07-19
PLN1D688B1780,CUST100084181,Unlimited Premium,Postpaid Mobile,59.24,20,-1,100,2022-11-20
PLNE45DBDAE68,CUST100061983,Family Share 10GB,Broadband,112.58,20,500,-1,2019-10-30
PLN705979B760,CUST100082405,Unlimited Premium,Prepaid Mobile,129.82,20,1000,-1,2026-05-23
PLNC50C85FC20,CUST100045856,IoT Data Plan,Broadband,76.48,20,1000,500,2024-06-19
PLN8B4CDE9B30,CUST100037504,Fiber 500Mbps,Postpaid Mobile,36.31,50,1000,100,2022-08-17
PLN228A9022ED,CUST100039792,Fiber 500Mbps,Broadband,62.91,5,500,100,2022-03-02
PLNF62D4F81EB,CUST100089372,Fiber 500Mbps,Postpaid Mobile,25.08,20,-1,100,2016-03-08
PLN4E557DD091,CUST100009633,Prepaid 5GB,Broadband,44.66,20,-1,100,2022-11-28
PLNF3E948E047,CUST100000431,Fiber 1Gbps,Broadband,125.29,50,-1,-1,2015-08-12
PLNF1C7E7D0E5,CUST100018141,IoT Data Plan,Postpaid Mobile,32.76,2,1000,-1,2021-05-26
PLN591AA4F6F1,CUST100037689,Fiber 500Mbps,Postpaid Mobile,118.2,-1,500,500,2023-01-20
PLN516BC74912,CUST100016925,Family Share 10GB,Prepaid Mobile,110.92,-1,1000,-1,2020-06-08
PLNA6704413E1,CUST100046034,Fiber 500Mbps,Postpaid Mobile,77.57,20,1000,100,2026-05-13
PLND1E83297B1,CUST100003240,Prepaid 5GB,Postpaid Mobile,142.25,2,1000,500,2020-04-11
PLN90D8295761,CUST100031900,Fiber 500Mbps,Postpaid Mobile,100.25,-1,500,500,2016-02-02
PLNDA0FF8DD87,CUST100080420,Family Share 10GB,Postpaid Mobile,126.61,10,1000,-1,2021-12-29
PLN16A01CD1A3,CUST100064106,Unlimited Plus,Broadband,60.16,20,500,500,2022-09-29
PLNB1AAC7AAA0,CUST100073001,Unlimited Plus,Broadband,48.57,10,-1,-1,2022-04-01
PLN224BCA0402,CUST100072165,Unlimited Basic,Broadband,123.27,-1,-1,-1,2023-03-10
PLN9EF16A868F,CUST100061775,Unlimited Premium,Prepaid Mobile,130.18,20,1000,-1,2022-10-14
PLN59761E907E,CUST100072161,Unlimited Premium,Postpaid Mobile,44.91,50,500,500,2025-11-06
PLN64C6445EBA,CUST100035002,Family Share 10GB,Postpaid Mobile,137.83,2,-1,500,2016-12-25
PLNB38281708F,CUST100039669,Unlimited Premium,Prepaid Mobile,125.97,-1,-1,500,2022-01-17
PLN746E267F3F,CUST100060970,Fiber 1Gbps,Prepaid Mobile,127.79,2,-1,-1,2018-06-10
PLN64E8974665,CUST100003457,Fiber 1Gbps,Postpaid Mobile,38.62,10,1000,100,2015-01-17
PLN0852C3789E,CUST100025882,Unlimited Premium,Prepaid Mobile,53.86,5,500,100,2017-10-31
PLN27185B63F3,CUST100015536,IoT Data Plan,Postpaid Mobile,25.16,-1,1000,100,2023-02-20
PLND893F89983,CUST100010967,Family Share 10GB,Postpaid Mobile,142.8,50,1000,-1,2017-09-18
PLN3883320AC5,CUST100085304,Unlimited Basic,Postpaid Mobile,47.98,50,1000,100,2024-02-09
PLNE839F9EC6D,CUST100075856,Unlimited Basic,Postpaid Mobile,142.98,10,500,-1,2024-11-25
PLN6EFA46D64C,CUST100073642,Fiber 500Mbps,Prepaid Mobile,104.07,-1,1000,-1,2022-12-30
PLN00778D7907,CUST100070587,Family Share 10GB,Postpaid Mobile,120.64,-1,500,-1,2017-08-03
PLNE39E31A351,CUST100028660,IoT Data Plan,Postpaid Mobile,91.62,50,1000,500,2021-10-30
PLNA465AF1924,CUST100051533,Unlimited Plus,Prepaid Mobile,124.21,-1,-1,500,2017-10-02
PLN4A1786D067,CUST100034375,Unlimited Basic,Postpaid Mobile,147.06,5,-1,100,2021-06-01
PLN0F15410AA5,CUST100047179,IoT Data Plan,Broadband,105.04,20,-1,100,2024-05-05
PLNB111F85898,CUST100051182,Fiber 500Mbps,Broadband,47.05,2,500,500,2026-02-05
PLN8C208FE9CC,CUST100021077,Family Share 10GB,Postpaid Mobile,121.94,10,1000,500,2022-07-08
PLN29801A04F2,CUST100044004,Unlimited Plus,Postpaid Mobile,66.99,10,-1,-1,2017-03-05
PLNF46D036E83,CUST100045716,Family Share 10GB,Postpaid Mobile,78.25,20,1000,100,2016-12-13
PLNE51C874256,CUST100068580,IoT Data Plan,Prepaid Mobile,26.54,2,1000,-1,2016-08-25
PLN55F0FFB95F,CUST100017852,Family Share 10GB,IoT,26.53,10,1000,-1,2015-03-18
PLNCB0E9BCF16,CUST100069925,Unlimited Basic,Prepaid Mobile,130.04,5,-1,500,2019-04-21
PLNA054FB92A6,CUST100093435,IoT Data Plan,Broadband,143.27,20,500,100,2015-01-03
PLN24267BE174,CUST100087369,Unlimited Premium,Postpaid Mobile,112.74,2,1000,100,2020-12-15
PLN3F89C7B8CF,CUST100029519,Unlimited Basic,Broadband,77.25,-1,-1,500,2021-04-08
PLNF5C49B59DC,CUST100018581,Fiber 1Gbps,Postpaid Mobile,138.83,2,-1,500,2015-10-27
PLN76F8ACF92D,CUST100032776,Unlimited Premium,Broadband,102.23,2,500,-1,2018-02-23
PLND1C42839E7,CUST100058977,Unlimited Basic,Postpaid Mobile,24.85,20,500,100,2021-05-29
PLNEAE5008E48,CUST100025779,Unlimited Basic,Postpaid Mobile,74.62,50,1000,-1,2016-04-06
PLN78FA583012,CUST100049480,Unlimited Premium,Postpaid Mobile,56.25,2,1000,-1,2017-01-04
PLN6C349288A1,CUST100001320,Prepaid 5GB,Postpaid Mobile,108.94,5,-1,500,2018-07-13
PLN733FE46EFA,CUST100050342,Unlimited Basic,Postpaid Mobile,33.99,5,1000,-1,2018-04-21
PLN6D2E29EB13,CUST100042372,Family Share 10GB,Postpaid Mobile,55.81,20,1000,500,2025-03-18
PLNDBCCB58414,CUST100083451,IoT Data Plan,Broadband,40.0,50,1000,500,2025-04-01
PLNF008D6A30D,CUST100046384,Unlimited Plus,Prepaid Mobile,106.56,20,-1,500,2020-09-05
PLN171DD0776C,CUST100047147,Prepaid 5GB,Broadband,86.86,10,1000,100,2019-01-21
PLN8337F946A1,CUST100075919,Fiber 500Mbps,Postpaid Mobile,91.66,10,500,-1,2017-11-22
PLNAC587B6995,CUST100050817,Unlimited Premium,Postpaid Mobile,45.36,2,-1,500,2025-11-29
PLN2E794B6AA5,CUST100090725,Fiber 1Gbps,Postpaid Mobile,64.6,20,1000,500,2024-01-20
PLN7993D056FA,CUST100070514,Prepaid 5GB,Broadband,141.97,5,500,500,2025-05-05
PLN259A1EE236,CUST100078346,IoT Data Plan,Postpaid Mobile,81.99,10,-1,500,2023-08-25
PLN782C37C5C7,CUST100001727,Unlimited Premium,Postpaid Mobile,122.47,20,1000,500,2017-05-01
PLN75E8C7DC43,CUST100093054,Unlimited Basic,Postpaid Mobile,90.2,20,-1,500,2016-06-02
PLND4BA771F6A,CUST100028643,Unlimited Basic,IoT,61.23,10,-1,500,2023-12-21
PLNC5868D1A78,CUST100025452,Family Share 10GB,Broadband,23.02,20,1000,500,2021-07-09
PLN3D76A8A67F,CUST100080189,Unlimited Basic,Broadband,43.89,5,500,-1,2021-01-04
PLN6F722A4203,CUST100065301,Fiber 1Gbps,Postpaid Mobile,58.51,2,500,500,2025-07-02
PLN78F4BE6278,CUST100048670,Prepaid 5GB,Postpaid Mobile,144.43,-1,500,500,2026-02-11
PLN06EC7E0DAE,CUST100073107,Unlimited Plus,Postpaid Mobile,79.44,10,1000,100,2026-01-31
PLN209716B4AC,CUST100052819,IoT Data Plan,Postpaid Mobile,126.63,5,1000,100,2019-02-07
PLN47400F50B0,CUST100084111,Unlimited Basic,IoT,75.44,10,-1,100,2025-02-16
PLN32EF7BD9BC,CUST100027153,Fiber 1Gbps,Prepaid Mobile,117.47,50,-1,-1,2016-04-02
PLN6072B089E1,CUST100037724,Family Share 10GB,Postpaid Mobile,21.86,10,-1,-1,2018-10-18
PLN61BE1BA95B,CUST100054679,Fiber 500Mbps,IoT,73.8,10,1000,500,2022-04-03
PLND4BAD1FFE1,CUST100078383,Unlimited Plus,Postpaid Mobile,122.74,20,1000,500,2023-07-23
PLN21B0E3AD6D,CUST100050306,Unlimited Premium,Broadband,67.22,50,-1,100,2015-04-25
PLN823E178E6C,CUST100063262,Prepaid 5GB,Broadband,83.96,20,-1,500,2015-02-20
PLN00327F185A,CUST100011174,Family Share 10GB,Postpaid Mobile,87.07,50,-1,500,2016-12-20
PLNC72CA8843E,CUST100042404,Fiber 1Gbps,IoT,54.21,-1,500,-1,2015-07-12
PLN913F5F6D9B,CUST100029325,Unlimited Basic,Postpaid Mobile,110.32,5,-1,500,2018-11-08
PLNEBE21CA7CF,CUST100049982,Unlimited Plus,Postpaid Mobile,55.68,20,500,500,2025-02-16
PLN7E9682D1BF,CUST100027506,Unlimited Basic,Postpaid Mobile,142.19,5,-1,100,2015-10-12
PLN23FBAB4DB0,CUST100085193,IoT Data Plan,Prepaid Mobile,106.92,20,-1,-1,2018-06-28
PLNE2A64D9EEA,CUST100096720,Fiber 500Mbps,Postpaid Mobile,121.62,20,-1,100,2019-07-25
PLN0DCBED84BB,CUST100094058,IoT Data Plan,Postpaid Mobile,91.3,5,500,100,2024-08-22
PLNAADEFD6E73,CUST100000645,Unlimited Basic,IoT,47.44,20,500,500,2018-02-05
PLNCFFB3DA8D2,CUST100031717,Fiber 500Mbps,Prepaid Mobile,82.81,5,1000,500,2025-06-29
PLNDE4B473289,CUST100019953,Fiber 1Gbps,Postpaid Mobile,96.83,-1,500,-1,2021-10-31
PLNF46060AB58,CUST100005339,Fiber 500Mbps,Prepaid Mobile,131.99,2,-1,100,2021-03-09
PLNEFE4D82704,CUST100082964,IoT Data Plan,Broadband,121.36,-1,-1,-1,2026-06-14
PLN51B91903FF,CUST100089565,Family Share 10GB,Postpaid Mobile,132.13,2,1000,500,2017-10-11
PLN183884080C,CUST100062654,Unlimited Plus,Broadband,20.32,2,500,100,2019-07-01
PLN083E638A24,CUST100031012,Fiber 1Gbps,IoT,15.25,-1,1000,100,2018-02-13
PLN9DD0828312,CUST100090279,Unlimited Premium,Broadband,114.96,10,500,-1,2025-01-25
PLN3806260FC3,CUST100012081,Prepaid 5GB,Postpaid Mobile,113.47,20,-1,500,2024-10-30
PLNC6852103F4,CUST100039348,Unlimited Basic,Broadband,43.31,10,500,100,2015-02-10
PLN38F9D1F110,CUST100008782,Prepaid 5GB,Postpaid Mobile,105.3,10,1000,-1,2026-03-06
PLN7D253CE42D,CUST100074445,Family Share 10GB,Postpaid Mobile,41.09,5,500,100,2023-02-25
PLN114C7C9216,CUST100064803,Unlimited Plus,IoT,105.2,50,-1,100,2018-11-02
PLN9039BEAC62,CUST100097386,Family Share 10GB,Postpaid Mobile,43.79,-1,500,-1,2022-03-29
PLN7F7EC18487,CUST100098086,Unlimited Premium,Postpaid Mobile,124.13,20,500,500,2026-02-19
PLN20351C32E5,CUST100018145,Family Share 10GB,Postpaid Mobile,131.17,10,1000,100,2023-03-31
PLNFB237D6530,CUST100016210,Prepaid 5GB,Postpaid Mobile,82.16,-1,-1,-1,2021-05-14
PLN5299B969FD,CUST100022421,Fiber 1Gbps,Broadband,54.03,5,-1,-1,2019-12-01
PLNC8B30768DE,CUST100083978,Unlimited Plus,Postpaid Mobile,137.53,-1,-1,500,2017-03-25
PLN7EB8366580,CUST100013804,Family Share 10GB,Prepaid Mobile,78.32,2,500,-1,2016-08-23
PLNE391DE549B,CUST100049147,IoT Data Plan,Prepaid Mobile,49.47,5,1000,100,2015-08-24
PLN1864D2B7C3,CUST100020592,Prepaid 5GB,Broadband,80.5,10,1000,100,2017-05-25
PLN23A19F5857,CUST100060571,Unlimited Basic,IoT,66.41,5,-1,500,2020-01-27
PLNAFC7815725,CUST100006788,IoT Data Plan,Postpaid Mobile,100.64,5,1000,500,2015-08-07
PLN86AF5EA170,CUST100076375,Family Share 10GB,Postpaid Mobile,64.25,5,500,100,2021-06-29
PLN23A43AE89A,CUST100001144,Fiber 1Gbps,Prepaid Mobile,20.71,50,-1,100,2017-04-15
PLNC120E6FFC1,CUST100099011,Family Share 10GB,Prepaid Mobile,89.96,2,-1,500,2018-06-21
PLNC19CD165FB,CUST100025465,Fiber 1Gbps,Broadband,55.59,2,-1,100,2021-07-01
PLNF4647274E5,CUST100063663,Prepaid 5GB,Prepaid Mobile,120.54,5,500,500,2024-08-05
PLN6D7DFE7873,CUST100007390,Unlimited Plus,Broadband,77.99,50,1000,100,2018-12-30
PLNF9377B7D14,CUST100058419,Family Share 10GB,Prepaid Mobile,40.21,20,-1,100,2019-03-02
PLNCA1949C4FA,CUST100000473,Unlimited Premium,Postpaid Mobile,141.54,5,-1,-1,2026-03-04
PLN3D2350959E,CUST100060083,Fiber 1Gbps,Postpaid Mobile,22.43,2,500,-1,2024-05-29
PLN6CE93DE2ED,CUST100057779,IoT Data Plan,IoT,116.61,20,1000,500,2022-11-21
PLN4B1210D1F1,CUST100033946,Fiber 500Mbps,IoT,15.6,-1,1000,100,2020-02-02
PLNC40E8C9F23,CUST100037384,Family Share 10GB,Prepaid Mobile,42.28,10,1000,500,2023-04-11
PLNEABF551DB5,CUST100079042,Unlimited Basic,Postpaid Mobile,34.02,-1,1000,100,2024-04-01
PLN4D2D96160E,CUST100009284,Fiber 500Mbps,Postpaid Mobile,29.02,-1,1000,-1,2017-02-09
PLN7EB06CE2BB,CUST100038856,Prepaid 5GB,Prepaid Mobile,88.27,10,-1,100,2025-03-09
PLN35E49E4AEB,CUST100057109,Unlimited Plus,Postpaid Mobile,46.73,-1,1000,500,2025-03-18
PLN940E237D2D,CUST100098788,Family Share 10GB,Broadband,33.55,10,1000,-1,2015-07-24
PLNFB7D2BAF80,CUST100070330,Prepaid 5GB,Postpaid Mobile,138.56,-1,500,500,2020-04-16
PLNF680B609B4,CUST100072753,Family Share 10GB,Postpaid Mobile,91.06,50,500,-1,2019-12-31
PLN98545DD420,CUST100083027,Unlimited Premium,Postpaid Mobile,99.08,50,500,100,2022-10-13
PLN1DC1E8AE6F,CUST100014929,Fiber 1Gbps,Broadband,86.81,20,-1,500,2018-10-17
PLN355C0C92DB,CUST100086806,Prepaid 5GB,Postpaid Mobile,82.49,10,1000,500,2021-05-29
PLN8C452114E3,CUST100047839,Fiber 1Gbps,Prepaid Mobile,86.09,50,-1,100,2018-12-02
PLN0E021C1221,CUST100069080,Family Share 10GB,Prepaid Mobile,21.87,50,-1,100,2023-03-14
PLNE85EC7FE3C,CUST100079285,Fiber 500Mbps,Prepaid Mobile,27.09,10,500,500,2023-03-09
PLNDAD3E347F5,CUST100011411,Fiber 1Gbps,Postpaid Mobile,76.72,50,1000,100,2018-02-25
PLNE891AC4B6D,CUST100039628,Unlimited Basic,Postpaid Mobile,15.06,2,1000,500,2025-06-22
PLN49F9764A54,CUST100082261,Unlimited Plus,Postpaid Mobile,25.04,2,500,100,2015-02-01
PLN0BC2F3C245,CUST100013203,Fiber 1Gbps,Postpaid Mobile,51.27,5,500,500,2024-03-02
PLNB5CDCC474B,CUST100039172,Unlimited Basic,Postpaid Mobile,133.07,-1,-1,100,2025-08-06
PLNA79A61B816,CUST100039738,Fiber 1Gbps,Postpaid Mobile,98.52,5,500,100,2023-07-03
PLNB45BAF62A4,CUST100034014,Unlimited Basic,Prepaid Mobile,125.47,2,1000,500,2025-07-30
PLND740FC3A6B,CUST100091135,IoT Data Plan,Prepaid Mobile,52.76,20,500,-1,2017-04-14
PLN31B8A9EC3D,CUST100058272,IoT Data Plan,Postpaid Mobile,92.6,2,-1,500,2023-10-28
PLN501A7C4578,CUST100058915,Fiber 500Mbps,Broadband,127.25,50,-1,100,2016-12-30
PLN44C8151063,CUST100003791,Unlimited Premium,Postpaid Mobile,129.09,-1,500,100,2025-06-16
PLN144A3927C7,CUST100013294,Prepaid 5GB,Postpaid Mobile,78.21,50,-1,-1,2015-11-27
PLN4C0474C776,CUST100036105,IoT Data Plan,Broadband,58.3,20,-1,-1,2022-08-22
PLN2285A29D4B,CUST100033312,Fiber 500Mbps,Postpaid Mobile,52.34,2,1000,500,2018-01-22
PLND7C8502973,CUST100085482,Unlimited Plus,Prepaid Mobile,48.28,10,-1,500,2019-09-29
PLN1F6F88C6F7,CUST100036708,Fiber 1Gbps,Postpaid Mobile,84.09,10,1000,500,2025-03-24
PLNA7C0D46F2A,CUST100033360,Prepaid 5GB,Postpaid Mobile,66.98,20,-1,-1,2025-06-29
PLN320643F2EA,CUST100016467,Fiber 500Mbps,Prepaid Mobile,128.37,2,-1,100,2019-04-16
PLN06428DC5E2,CUST100043298,Unlimited Premium,Postpaid Mobile,105.86,50,-1,100,2023-08-29
PLNE3B1F6D73E,CUST100060787,Fiber 500Mbps,Broadband,52.78,5,500,500,2024-07-30
PLNF841B14EBA,CUST100097338,Unlimited Basic,Prepaid Mobile,123.56,5,500,500,2025-10-30
PLNDFDC134281,CUST100038741,Fiber 1Gbps,Prepaid Mobile,103.18,5,-1,100,2023-04-30
PLN4A7F5B18B8,CUST100053778,IoT Data Plan,Prepaid Mobile,20.48,2,1000,100,2025-08-31
PLNA8779F49BE,CUST100050262,IoT Data Plan,Postpaid Mobile,49.88,5,500,500,2018-07-12
PLN63DC06CBA4,CUST100004674,Fiber 500Mbps,Broadband,58.3,5,500,500,2018-04-09
PLN3A336BE3A3,CUST100025152,Family Share 10GB,Prepaid Mobile,16.67,10,1000,-1,2024-01-27
PLN2FC4568419,CUST100059302,IoT Data Plan,Prepaid Mobile,125.77,-1,1000,500,2020-08-28
PLN4017D768A2,CUST100080874,Unlimited Premium,Broadband,50.34,50,1000,-1,2018-05-12
PLN3A923D9F2B,CUST100041260,Unlimited Plus,Postpaid Mobile,113.23,5,500,-1,2025-09-30
PLN350DC1B879,CUST100066770,Prepaid 5GB,Broadband,17.45,5,500,100,2021-08-01
PLN57EF496042,CUST100054011,Unlimited Basic,Broadband,137.5,2,-1,100,2016-03-19
PLNF0C7F9FAF1,CUST100066765,Fiber 1Gbps,Prepaid Mobile,134.72,-1,1000,-1,2021-12-11
PLNE394F15512,CUST100018954,Fiber 1Gbps,Prepaid Mobile,125.92,5,-1,100,2016-08-06
PLNCB3E57F5E0,CUST100062322,Fiber 1Gbps,Postpaid Mobile,119.95,5,-1,-1,2017-03-01
PLN9DB6D1A95B,CUST100027907,Prepaid 5GB,Postpaid Mobile,17.63,2,1000,500,2025-06-07
PLN339BBA0906,CUST100077103,Unlimited Basic,Postpaid Mobile,18.13,2,-1,500,2020-12-07
PLN05B6C5A165,CUST100090228,IoT Data Plan,Broadband,85.81,2,500,100,2021-12-26
PLN91F27B0E88,CUST100026944,Unlimited Basic,Broadband,137.95,50,500,100,2016-07-25
PLNE53797E685,CUST100019403,IoT Data Plan,Postpaid Mobile,44.82,2,1000,-1,2024-06-26
PLN3B60E2B854,CUST100035420,Unlimited Plus,Prepaid Mobile,117.78,10,-1,500,2016-07-21
PLNF87CB08E46,CUST100033638,Fiber 500Mbps,Prepaid Mobile,120.11,-1,-1,-1,2023-03-20
PLN7206BB2019,CUST100005724,Fiber 500Mbps,Broadband,87.55,2,1000,100,2019-12-15
PLNF137EF1B04,CUST100057592,Fiber 1Gbps,Prepaid Mobile,23.9,5,1000,500,2021-06-22
PLN9934E68E8E,CUST100006630,Fiber 500Mbps,Postpaid Mobile,97.9,50,500,-1,2015-05-17
PLNB9CC63A30D,CUST100038133,Family Share 10GB,Postpaid Mobile,77.61,-1,500,-1,2024-07-11
PLNDB760646AD,CUST100028196,IoT Data Plan,Prepaid Mobile,122.64,50,500,100,2019-01-02
PLNF06B128640,CUST100058297,Prepaid 5GB,Postpaid Mobile,66.97,10,-1,-1,2026-01-19
PLN39D7D94547,CUST100030878,Unlimited Basic,Prepaid Mobile,141.77,-1,-1,500,2020-05-19
PLN8103336CD5,CUST100062066,Family Share 10GB,Broadband,35.3,50,1000,500,2015-11-01
PLN6E97989254,CUST100033744,Unlimited Premium,Postpaid Mobile,149.84,2,1000,-1,2020-01-01
PLN9CA72B5327,CUST100010681,Fiber 1Gbps,Prepaid Mobile,98.68,2,-1,-1,2018-08-20
PLNA523083D25,CUST100054373,Prepaid 5GB,Postpaid Mobile,85.39,50,500,500,2023-10-11
PLNFF51A5564C,CUST100046182,Family Share 10GB,Broadband,79.27,2,-1,500,2020-06-20
PLN1B3DFF3451,CUST100077548,IoT Data Plan,Postpaid Mobile,57.75,2,1000,-1,2025-02-17
PLN4DD040453E,CUST100060817,Fiber 500Mbps,IoT,36.44,2,500,-1,2019-09-12
PLN8EBF6FB596,CUST100033928,Fiber 1Gbps,Prepaid Mobile,147.57,-1,-1,500,2020-02-25
PLN43017AF65F,CUST100098896,Unlimited Premium,Broadband,26.63,10,1000,500,2023-06-22
PLN3FF1AC7C1C,CUST100006112,Fiber 500Mbps,Postpaid Mobile,64.19,10,1000,100,2023-12-20
PLN9B1C257DA3,CUST100052136,IoT Data Plan,Postpaid Mobile,73.09,2,-1,500,2025-12-09
PLN46FCB3F8F3,CUST100030978,IoT Data Plan,Prepaid Mobile,96.56,50,-1,100,2025-10-29
PLN23DE270AA6,CUST100083011,Fiber 1Gbps,Postpaid Mobile,64.74,50,500,500,2015-07-13
PLN21A7B3E7C4,CUST100077679,Prepaid 5GB,Prepaid Mobile,71.04,5,1000,-1,2022-03-10
PLNB8035C0BE3,CUST100096926,IoT Data Plan,Prepaid Mobile,145.44,-1,1000,500,2015-11-04
PLNEFFED25A7B,CUST100002871,Family Share 10GB,Postpaid Mobile,105.11,10,-1,100,2021-07-03
PLN8D8874D103,CUST100026290,Family Share 10GB,Broadband,118.14,50,-1,-1,2016-06-12
PLN31C0165218,CUST100091487,IoT Data Plan,Postpaid Mobile,36.18,5,-1,500,2023-10-06
PLN5B43C73080,CUST100072812,Prepaid 5GB,Broadband,140.18,2,1000,100,2016-07-04
PLN8F593DFDC3,CUST100091998,Prepaid 5GB,Postpaid Mobile,23.09,50,1000,500,2024-07-23
PLNE4C5B08F19,CUST100039409,Unlimited Plus,Postpaid Mobile,24.58,-1,-1,100,2022-06-05
PLN6CC2C10D22,CUST100075556,Family Share 10GB,Prepaid Mobile,30.79,-1,-1,500,2018-10-18
PLN962F7AE7C1,CUST100016485,Fiber 500Mbps,Broadband,100.08,50,500,-1,2017-01-29
PLNC1B597EBA3,CUST100085271,IoT Data Plan,Postpaid Mobile,35.64,10,-1,-1,2022-10-13
PLN830A1407C5,CUST100061999,Unlimited Plus,Prepaid Mobile,104.43,2,500,100,2017-02-23
PLNAE670A7D2C,CUST100084247,Family Share 10GB,Broadband,79.31,20,500,500,2019-11-24
PLN929DEE71F2,CUST100091116,Family Share 10GB,Broadband,20.82,20,500,500,2015-11-26
PLN722CAABE7F,CUST100006988,Prepaid 5GB,Broadband,66.24,-1,500,500,2024-01-13
PLN637DEE5DE5,CUST100074665,Fiber 500Mbps,Postpaid Mobile,80.4,-1,-1,500,2023-07-07
PLNA01B3D7FD1,CUST100013844,Prepaid 5GB,Prepaid Mobile,120.13,5,500,100,2025-06-28
PLND082471577,CUST100093083,Unlimited Premium,Broadband,67.08,5,500,100,2020-08-31
PLN9446FBFCC6,CUST100008396,Fiber 500Mbps,Postpaid Mobile,51.58,10,-1,-1,2019-05-28
PLNDE7A2EA59D,CUST100088829,IoT Data Plan,Postpaid Mobile,68.5,2,1000,500,2020-08-22
PLN819E0066F3,CUST100095567,Fiber 1Gbps,Postpaid Mobile,123.54,20,1000,100,2015-10-18
PLN3E9C506909,CUST100027734,Unlimited Basic,Postpaid Mobile,112.81,20,1000,500,2017-05-18
PLNA5B996F865,CUST100059650,Unlimited Basic,Postpaid Mobile,121.05,2,500,500,2026-01-06
PLN597CA28AA2,CUST100002258,Unlimited Premium,Prepaid Mobile,87.15,-1,-1,-1,2015-08-19
PLN1213770516,CUST100045348,Unlimited Premium,Postpaid Mobile,120.5,2,1000,500,2017-02-14
PLN08FEBEF94E,CUST100076924,Unlimited Premium,Broadband,106.83,50,500,100,2015-06-09
PLN22AD6CAD91,CUST100067239,Family Share 10GB,Broadband,91.65,-1,500,100,2015-12-09
PLN1BF8AE49DA,CUST100008601,IoT Data Plan,Prepaid Mobile,20.12,20,500,500,2018-12-06
PLNFCDCF65444,CUST100017661,Family Share 10GB,Prepaid Mobile,17.42,5,500,500,2023-12-29
PLN459D4DF361,CUST100073752,Unlimited Premium,Postpaid Mobile,19.73,5,1000,500,2019-03-04
PLNA1933D1591,CUST100058255,Unlimited Basic,Postpaid Mobile,45.43,50,1000,-1,2024-05-15
PLN9C1F58935F,CUST100030067,Fiber 500Mbps,Postpaid Mobile,18.04,-1,-1,500,2016-01-06
PLN7E6C2423B6,CUST100054064,IoT Data Plan,Prepaid Mobile,99.29,20,500,100,2020-06-19
PLN7575F65CB8,CUST100017349,Prepaid 5GB,Postpaid Mobile,16.33,20,-1,100,2025-07-04
PLNF9EC3D3883,CUST100078939,IoT Data Plan,Postpaid Mobile,136.67,5,500,100,2015-03-30
PLN30A693F0D9,CUST100018599,Family Share 10GB,Postpaid Mobile,71.32,5,-1,-1,2023-03-24
PLND3D93826B3,CUST100029219,Family Share 10GB,Broadband,80.1,50,500,500,2026-03-13
PLN7C7D68EA34,CUST100008704,Unlimited Premium,Postpaid Mobile,97.65,10,500,500,2025-11-15
PLN1DCA996D8F,CUST100040284,Family Share 10GB,Postpaid Mobile,130.76,50,1000,100,2016-03-01
PLN1AF3C1E70F,CUST100058523,Family Share 10GB,Postpaid Mobile,42.88,2,500,100,2021-08-27
PLNDD241143C5,CUST100048693,IoT Data Plan,Postpaid Mobile,132.87,20,1000,100,2026-06-12
PLNEE0CE2905E,CUST100066529,Fiber 500Mbps,Postpaid Mobile,149.03,-1,500,-1,2017-07-26
PLN94EF75EBE6,CUST100014217,Unlimited Basic,Postpaid Mobile,145.74,2,1000,-1,2023-12-19
PLNFFB71E5FD6,CUST100091788,Unlimited Plus,Postpaid Mobile,80.0,50,-1,-1,2021-02-20
PLN3BA68E4B66,CUST100006808,Unlimited Plus,Prepaid Mobile,41.32,5,1000,-1,2017-03-19
PLN50A3E6A1C0,CUST100008791,Prepaid 5GB,Broadband,19.75,50,1000,-1,2020-12-20
PLN0B758AE009,CUST100000058,Family Share 10GB,Postpaid Mobile,104.3,10,-1,-1,2025-06-18
PLN408698BFA9,CUST100001315,Unlimited Plus,Prepaid Mobile,124.05,2,500,500,2018-10-23
PLN4494CF0BA4,CUST100033413,Unlimited Plus,Prepaid Mobile,122.49,2,1000,100,2016-07-31
PLN1F3FCF4491,CUST100032651,Fiber 1Gbps,Postpaid Mobile,26.87,-1,1000,-1,2023-09-21
PLN030B1A911C,CUST100009651,Unlimited Plus,Postpaid Mobile,148.0,-1,-1,100,2016-09-19
PLN80E4BB44BB,CUST100070918,Prepaid 5GB,Broadband,71.9,5,-1,-1,2022-04-04
PLN26E9E0C1B0,CUST100069096,Family Share 10GB,Postpaid Mobile,27.26,-1,1000,500,2021-07-12
PLN13FA2A9C82,CUST100088226,IoT Data Plan,Postpaid Mobile,107.2,-1,500,-1,2020-01-25
PLNF090912B73,CUST100089653,Prepaid 5GB,Broadband,111.78,20,500,-1,2025-06-23
PLN11CF519DD9,CUST100026299,Unlimited Plus,Postpaid Mobile,33.76,50,-1,100,2020-12-08
PLNA1DE0E6BFE,CUST100022784,Unlimited Basic,Postpaid Mobile,75.89,10,500,500,2015-02-26
PLN5AFBED4DCA,CUST100099816,Fiber 500Mbps,Postpaid Mobile,141.39,5,-1,500,2015-10-29
PLN5E92A81427,CUST100018938,Unlimited Plus,Postpaid Mobile,132.27,10,500,100,2019-06-29
PLN8AC16B1A6F,CUST100074768,Unlimited Basic,Postpaid Mobile,128.07,5,500,100,2023-11-19
PLN6F5592CB5A,CUST100086676,Fiber 1Gbps,Postpaid Mobile,103.56,50,-1,100,2023-07-09
PLN4CBB6B7CAD,CUST100011446,Family Share 10GB,Broadband,92.3,10,1000,-1,2024-06-28
PLN0E2B45C126,CUST100075202,Unlimited Premium,Prepaid Mobile,89.62,5,1000,500,2019-01-12
PLNB6958FF3A4,CUST100045298,Unlimited Plus,Postpaid Mobile,41.19,20,1000,100,2017-11-23
PLNBDEA5C0A99,CUST100031174,Unlimited Basic,Prepaid Mobile,54.38,10,500,500,2022-04-03
PLN6EA476D235,CUST100071185,Fiber 1Gbps,Broadband,107.98,10,-1,500,2022-07-07
PLND372D886A5,CUST100080562,Fiber 1Gbps,Broadband,105.24,5,-1,-1,2021-03-29
PLN50A9E92FA8,CUST100015538,IoT Data Plan,Postpaid Mobile,146.11,10,500,-1,2017-12-31
PLNDB3B947065,CUST100063143,Unlimited Basic,Postpaid Mobile,30.59,5,-1,500,2017-09-29
PLNDCCBB0EF5F,CUST100013817,Fiber 1Gbps,Postpaid Mobile,115.62,-1,1000,500,2025-12-28
PLN73773CCBD6,CUST100075983,Unlimited Basic,Postpaid Mobile,125.92,20,1000,-1,2018-03-28
PLN622AADB9ED,CUST100018846,IoT Data Plan,Broadband,136.33,20,-1,-1,2022-01-15
PLNAF7616657F,CUST100038888,Unlimited Premium,Broadband,115.05,10,-1,500,2019-09-10
PLND097D52455,CUST100033884,Unlimited Premium,Prepaid Mobile,51.94,20,500,-1,2025-07-01
PLN565AA2B496,CUST100077974,Unlimited Premium,Postpaid Mobile,49.76,50,500,500,2017-11-29
PLN4D3061886E,CUST100044702,IoT Data Plan,Prepaid Mobile,48.96,10,-1,500,2015-03-30
PLNA363F1D795,CUST100020357,Unlimited Plus,Postpaid Mobile,141.49,20,-1,100,2015-03-30
PLNDE12003B0D,CUST100004315,Unlimited Premium,Postpaid Mobile,16.13,5,1000,-1,2020-04-09
PLN18F63C5FCF,CUST100060025,IoT Data Plan,Postpaid Mobile,89.66,20,500,-1,2024-08-17
PLN2D7AF80E88,CUST100082098,Unlimited Basic,Broadband,51.98,2,1000,100,2022-06-17
PLNC182A29617,CUST100009248,Prepaid 5GB,Postpaid Mobile,100.68,-1,500,-1,2026-06-11
PLNE92CB8B944,CUST100063318,Unlimited Premium,Postpaid Mobile,145.11,50,-1,-1,2023-10-30
PLN6B987CB718,CUST100004731,Unlimited Basic,Postpaid Mobile,103.09,-1,500,100,2015-01-12
PLND060F9D4CF,CUST100056295,Unlimited Basic,Broadband,95.83,2,1000,500,2026-03-24
PLN37489E1431,CUST100053661,Unlimited Premium,Broadband,107.04,10,1000,100,2024-06-21
PLNDAA3F909B1,CUST100098116,Family Share 10GB,Prepaid Mobile,39.23,5,-1,-1,2019-06-03
PLNF1C572C73B,CUST100074346,IoT Data Plan,Broadband,58.68,50,500,500,2016-12-21
PLNE0B143DB18,CUST100055763,Unlimited Basic,Broadband,145.6,2,-1,500,2020-08-08
PLNE5060FA881,CUST100059651,Unlimited Plus,Prepaid Mobile,98.96,20,-1,-1,2016-03-18
PLN20FF3FFD9D,CUST100041100,IoT Data Plan,Prepaid Mobile,118.67,50,-1,100,2016-04-21
PLNA04149E14D,CUST100061854,Unlimited Premium,Postpaid Mobile,69.18,2,500,500,2020-03-23
PLNA2A1C5C725,CUST100031508,IoT Data Plan,Broadband,120.92,20,500,100,2025-11-10
PLNC5A5365E49,CUST100098949,Unlimited Premium,Postpaid Mobile,90.16,2,1000,100,2026-01-10
PLNB2E21CD562,CUST100078331,Unlimited Basic,Prepaid Mobile,54.25,50,1000,-1,2018-06-10
PLN530E6F53A3,CUST100087241,Prepaid 5GB,Prepaid Mobile,64.2,50,500,100,2017-11-15
PLNCDD8384183,CUST100056397,Unlimited Basic,Postpaid Mobile,148.84,5,-1,100,2026-01-31
PLN88A2FB2FD8,CUST100062963,Unlimited Plus,Postpaid Mobile,120.57,2,500,100,2021-02-03
PLN47DB9FC47E,CUST100026871,Unlimited Premium,Postpaid Mobile,28.6,10,-1,-1,2021-10-06
PLN0B5B4840AB,CUST100027035,Fiber 1Gbps,Postpaid Mobile,39.54,2,1000,-1,2022-10-15
PLNE178888510,CUST100091322,Fiber 500Mbps,Postpaid Mobile,32.61,2,1000,500,2016-12-20
PLNCFF1DFFACE,CUST100091291,Unlimited Basic,Postpaid Mobile,102.63,20,-1,500,2019-02-10
PLNA6AF13AF10,CUST100070156,IoT Data Plan,Postpaid Mobile,81.15,2,1000,500,2019-06-19
PLN19CF6AEC43,CUST100090166,Prepaid 5GB,Postpaid Mobile,60.8,20,500,-1,2016-05-30
PLNEE76A0B3A4,CUST100054516,Prepaid 5GB,Broadband,63.0,-1,500,-1,2020-10-25
PLN7859A8FA8B,CUST100083212,Fiber 1Gbps,Postpaid Mobile,137.8,2,1000,100,2025-06-27
PLN4C76B8BD60,CUST100001958,Fiber 500Mbps,Broadband,79.57,2,500,100,2017-02-25
PLN86D2915E80,CUST100002428,Fiber 500Mbps,Prepaid Mobile,124.93,-1,1000,-1,2021-06-10
PLN1FF8C8274E,CUST100089659,Unlimited Basic,Prepaid Mobile,91.2,10,-1,100,2022-02-15
PLNA84A6A37EC,CUST100091809,Fiber 1Gbps,Broadband,146.22,10,500,100,2022-03-20
PLN6FA0C48AA5,CUST100081778,Fiber 500Mbps,Postpaid Mobile,59.93,2,500,100,2025-03-08
PLN31662F0A69,CUST100055548,Family Share 10GB,Broadband,37.48,20,-1,-1,2024-05-14
PLN0EC3097E3F,CUST100070786,Family Share 10GB,Broadband,114.16,20,-1,-1,2018-03-11
PLN6A235E9CF2,CUST100049477,Prepaid 5GB,Prepaid Mobile,19.8,-1,-1,100,2023-06-01
PLN48A68DD87E,CUST100090821,Prepaid 5GB,Postpaid Mobile,114.97,50,1000,-1,2016-02-29
PLNEB95C0F115,CUST100057525,Fiber 500Mbps,Postpaid Mobile,16.25,10,500,-1,2021-07-03
PLN6B983181F6,CUST100035570,Unlimited Basic,Postpaid Mobile,66.1,2,500,-1,2018-08-01
PLNC41A8746E0,CUST100073129,Fiber 500Mbps,Postpaid Mobile,146.0,-1,-1,100,2022-05-26
PLN828751CB1B,CUST100059707,IoT Data Plan,Postpaid Mobile,22.54,10,500,-1,2016-01-26
PLNF27158B11D,CUST100098585,Unlimited Plus,Broadband,143.32,10,-1,100,2021-12-07
PLN5AD17B6E35,CUST100090417,IoT Data Plan,Postpaid Mobile,58.59,2,1000,-1,2015-03-27
PLND3F114453B,CUST100074678,Unlimited Plus,Prepaid Mobile,27.49,2,1000,-1,2019-03-07
PLNE617387735,CUST100021582,Prepaid 5GB,Prepaid Mobile,82.97,-1,500,100,2019-01-10
PLN0B2B7B64EC,CUST100053581,Fiber 500Mbps,Prepaid Mobile,34.22,-1,-1,-1,2018-06-02
PLNBC6E467F1F,CUST100042609,IoT Data Plan,Broadband,125.5,-1,-1,-1,2022-08-20
PLN26B43B5123,CUST100028441,IoT Data Plan,Prepaid Mobile,20.28,2,-1,500,2025-06-23
PLN3531C80E5C,CUST100033749,IoT Data Plan,Broadband,54.95,50,500,-1,2023-02-10
PLN254B585739,CUST100067790,Fiber 1Gbps,Postpaid Mobile,101.48,-1,-1,100,2017-11-05
PLN45595E2DC0,CUST100049409,Prepaid 5GB,Broadband,144.38,20,1000,-1,2015-11-05
PLN774319AED3,CUST100077443,IoT Data Plan,Postpaid Mobile,123.97,2,500,500,2022-08-29
PLN6FB42F1486,CUST100050325,Unlimited Basic,Postpaid Mobile,35.48,10,1000,100,2023-09-12
PLN05502F6857,CUST100087735,Fiber 1Gbps,Postpaid Mobile,50.12,5,-1,-1,2022-06-30
PLNFF4AFD46FE,CUST100019142,Prepaid 5GB,Postpaid Mobile,47.68,10,500,500,2015-12-15
PLNDD9A1686CF,CUST100097146,Fiber 500Mbps,Postpaid Mobile,27.59,5,-1,500,2019-01-02
PLNB756102C10,CUST100084579,Unlimited Premium,Broadband,97.39,20,-1,-1,2016-12-11
PLN37AA279CF7,CUST100059218,Prepaid 5GB,Postpaid Mobile,85.04,20,1000,-1,2021-08-21
PLN021D478308,CUST100074485,Unlimited Basic,Postpaid Mobile,39.41,20,-1,100,2016-09-01
PLNED961DFEEC,CUST100011301,Fiber 500Mbps,Postpaid Mobile,21.3,10,1000,500,2024-08-07
PLN8AB679D389,CUST100071601,Fiber 1Gbps,Broadband,109.35,10,1000,100,2024-09-27
PLN8186261136,CUST100099786,Family Share 10GB,Postpaid Mobile,131.14,5,500,100,2015-05-02
PLN90C29F64F4,CUST100000558,Family Share 10GB,Postpaid Mobile,126.09,-1,500,500,2024-10-08
PLNB582ECE71D,CUST100012793,Prepaid 5GB,Postpaid Mobile,140.16,50,500,100,2017-04-17
PLN7FEFCBE0F0,CUST100057319,Family Share 10GB,Postpaid Mobile,82.54,10,-1,500,2026-01-30
PLN576E4DF20A,CUST100075792,Family Share 10GB,IoT,109.79,2,-1,500,2021-06-03
PLN966669D704,CUST100057972,IoT Data Plan,Broadband,48.91,10,1000,100,2019-02-01
PLNFCB1084C78,CUST100031954,Fiber 1Gbps,Broadband,49.3,20,500,-1,2021-01-27
PLN26EAC26304,CUST100044420,Unlimited Basic,Postpaid Mobile,127.95,20,1000,-1,2025-05-10
PLNB4A59EF37E,CUST100004235,Unlimited Basic,Postpaid Mobile,133.47,20,1000,500,2015-04-09
PLNBA77F8BA2F,CUST100026196,Unlimited Premium,Prepaid Mobile,88.01,20,1000,500,2015-09-20
PLN0147DBC722,CUST100009626,Fiber 500Mbps,Broadband,80.3,10,1000,100,2022-08-29
PLNCBEDD172B2,CUST100093239,Prepaid 5GB,Postpaid Mobile,71.72,-1,-1,500,2016-05-08
PLND200969A3F,CUST100085989,Fiber 1Gbps,Prepaid Mobile,98.23,5,1000,500,2016-03-12
PLNA2D3DAA144,CUST100004774,Prepaid 5GB,Postpaid Mobile,89.43,-1,1000,500,2018-01-22
PLN291271BB5D,CUST100094915,Prepaid 5GB,Postpaid Mobile,109.81,2,-1,-1,2024-05-22
PLN8BFCDCE8A5,CUST100055746,Prepaid 5GB,Prepaid Mobile,147.87,-1,-1,100,2023-10-10
PLN30747AF77D,CUST100093939,Fiber 1Gbps,Broadband,117.94,20,-1,100,2022-12-02
PLN80DE87C8F3,CUST100070190,Family Share 10GB,Broadband,118.64,50,500,500,2018-11-26
PLN5F8A69A47C,CUST100079069,Fiber 500Mbps,Prepaid Mobile,142.54,10,1000,100,2023-03-24
PLN8CC2F272B6,CUST100000396,Unlimited Basic,Broadband,102.18,20,-1,100,2024-06-11
PLND9FEA089FE,CUST100050768,Unlimited Premium,Broadband,109.6,50,500,100,2016-05-27
PLNCDAF30D203,CUST100081025,IoT Data Plan,Prepaid Mobile,65.34,50,-1,-1,2016-11-06
PLN59B2BB6840,CUST100056531,Unlimited Basic,Broadband,112.59,5,500,100,2023-12-06
PLN4AEAA72783,CUST100018008,Unlimited Premium,Postpaid Mobile,149.84,5,-1,500,2018-07-16
PLN096DFD803C,CUST100016959,IoT Data Plan,Postpaid Mobile,17.99,20,500,-1,2024-01-20
PLNED00A7B833,CUST100031024,Unlimited Plus,Postpaid Mobile,93.16,2,-1,-1,2019-11-08
PLN97769BE18A,CUST100030604,Unlimited Basic,Postpaid Mobile,61.53,10,1000,100,2019-04-09
PLN6BB2A92FAC,CUST100093815,Fiber 1Gbps,Postpaid Mobile,67.93,50,500,100,2023-02-17
PLN328735ECCB,CUST100072458,Family Share 10GB,IoT,123.91,5,1000,100,2018-09-29
PLN6809113DD2,CUST100017985,Family Share 10GB,Broadband,88.53,20,500,-1,2024-07-30
PLND76D8B783C,CUST100043247,Unlimited Plus,Postpaid Mobile,146.68,2,-1,-1,2017-10-07
PLN72CF36268F,CUST100071250,Fiber 500Mbps,Postpaid Mobile,133.75,5,500,-1,2024-11-12
PLNC6390D3FFA,CUST100019931,Unlimited Plus,Prepaid Mobile,144.37,10,-1,-1,2016-07-27
PLND96E81EEB2,CUST100017441,Unlimited Premium,Postpaid Mobile,63.77,20,500,-1,2017-08-22
PLNB49E920927,CUST100060533,Family Share 10GB,Postpaid Mobile,33.33,50,1000,100,2018-06-20
PLN5758202B35,CUST100006695,Unlimited Plus,Broadband,134.8,50,500,100,2021-04-25
PLN0DA2F9E428,CUST100015329,Fiber 1Gbps,Prepaid Mobile,77.52,-1,1000,-1,2017-01-18
PLN588C408C3F,CUST100012758,Unlimited Premium,Postpaid Mobile,40.97,50,-1,-1,2024-11-04
PLN1926837838,CUST100094146,IoT Data Plan,Prepaid Mobile,61.43,5,-1,500,2019-07-03
PLN5DB8201668,CUST100061887,Prepaid 5GB,Prepaid Mobile,99.36,5,-1,100,2023-08-05
PLN2D81E3B936,CUST100036569,Unlimited Premium,Prepaid Mobile,81.22,5,1000,500,2019-12-27
PLNA03448CC28,CUST100013127,Fiber 500Mbps,Broadband,108.1,5,1000,-1,2022-03-03
PLNB61C52D1D9,CUST100068757,Unlimited Basic,Prepaid Mobile,144.67,2,500,500,2023-02-21
PLN8798806B70,CUST100038545,Unlimited Premium,Prepaid Mobile,147.94,10,500,500,2024-06-14
PLN437CE63637,CUST100079395,Unlimited Premium,IoT,112.97,20,1000,500,2025-03-12
PLN05DEC9300D,CUST100036444,Prepaid 5GB,Postpaid Mobile,107.2,20,-1,500,2015-05-05
PLN3F3735BBEC,CUST100043345,Unlimited Basic,Prepaid Mobile,19.69,-1,1000,500,2021-01-18
PLN52617067CD,CUST100088088,Unlimited Plus,Postpaid Mobile,43.98,2,-1,-1,2015-08-22
PLN3EE9A0D0A6,CUST100004071,Fiber 1Gbps,Postpaid Mobile,19.03,-1,1000,100,2015-11-05
PLN91AFECC9C3,CUST100058263,Unlimited Plus,Prepaid Mobile,66.58,-1,1000,-1,2021-01-09
PLN4D04C0BBCF,CUST100079546,Fiber 500Mbps,Postpaid Mobile,146.73,50,500,-1,2024-02-16
PLNB04E9D0E14,CUST100015243,Prepaid 5GB,Prepaid Mobile,101.43,50,-1,100,2016-11-28
PLN31A1B7328B,CUST100044804,Unlimited Basic,Prepaid Mobile,62.91,2,500,100,2024-09-06
PLNF76B441EB6,CUST100010238,Unlimited Plus,Prepaid Mobile,136.76,20,-1,500,2017-05-14
PLNEE00EAA076,CUST100080066,Prepaid 5GB,Postpaid Mobile,46.96,5,1000,100,2024-02-15
PLNB3F5A35041,CUST100096651,Family Share 10GB,Prepaid Mobile,40.36,2,1000,100,2023-11-04
PLN0AA6E28F87,CUST100070209,Unlimited Premium,Postpaid Mobile,141.66,-1,500,500,2021-02-23
PLNDEDE289692,CUST100076304,Prepaid 5GB,Postpaid Mobile,65.48,50,500,-1,2025-01-26
PLNB751EC29BA,CUST100061019,Family Share 10GB,Postpaid Mobile,100.59,10,1000,500,2015-09-04
PLNDFE3EE6BDE,CUST100076243,Family Share 10GB,Prepaid Mobile,20.65,20,500,500,2022-01-19
PLN82E33C9020,CUST100014005,Fiber 1Gbps,Broadband,65.31,2,1000,100,2023-05-05
PLNFB8A12C62A,CUST100024067,Unlimited Premium,Prepaid Mobile,86.61,20,500,100,2017-04-21
PLN5561AB8494,CUST100095922,Family Share 10GB,Prepaid Mobile,33.43,-1,1000,-1,2018-02-18
PLNDE63F5297B,CUST100027764,Unlimited Basic,Postpaid Mobile,132.63,20,1000,500,2018-08-11
PLND04DEBC66E,CUST100034592,Family Share 10GB,Postpaid Mobile,107.33,-1,1000,500,2019-08-13
PLN739B12FDC5,CUST100068536,Unlimited Premium,Postpaid Mobile,31.38,20,-1,100,2022-08-24
PLNB1CFC4913B,CUST100017812,Unlimited Plus,Postpaid Mobile,131.85,-1,500,100,2021-09-14
PLNBF42D79126,CUST100040920,IoT Data Plan,Postpaid Mobile,32.55,2,1000,100,2025-03-16
PLN5F6F980DDA,CUST100000120,Prepaid 5GB,Postpaid Mobile,140.11,-1,-1,100,2023-09-12
PLN46837A16A3,CUST100024254,Family Share 10GB,Prepaid Mobile,92.53,2,1000,-1,2019-07-30
PLNEB41A00584,CUST100040059,IoT Data Plan,IoT,56.02,10,1000,100,2019-07-24
PLNE511F8E832,CUST100002507,Unlimited Premium,Prepaid Mobile,92.41,50,-1,-1,2017-07-30
PLN9DF6E49D3A,CUST100011357,Unlimited Basic,Postpaid Mobile,32.42,-1,-1,100,2025-12-28
PLN7D4919740E,CUST100061082,Unlimited Premium,Postpaid Mobile,57.46,5,500,-1,2016-06-26
PLN0CA1FD7B21,CUST100091215,Unlimited Premium,Broadband,126.07,-1,500,500,2017-12-02
PLNF42A81E4B9,CUST100009201,Family Share 10GB,Postpaid Mobile,124.95,20,1000,-1,2022-03-16
PLN3FF64327F2,CUST100049902,Unlimited Plus,Broadband,108.78,-1,-1,-1,2021-03-02
PLNBE4F4FDD7D,CUST100000616,Unlimited Plus,Broadband,69.58,5,500,100,2015-01-15
PLNE7437493CE,CUST100039870,Fiber 1Gbps,Postpaid Mobile,114.3,2,1000,500,2018-12-26
PLNEB418E57BC,CUST100046240,Unlimited Plus,Broadband,53.42,20,500,500,2017-06-10
PLN56E09D7C90,CUST100079781,Family Share 10GB,Prepaid Mobile,84.85,-1,-1,-1,2020-05-14
PLNE6CD5E8DE0,CUST100019318,Family Share 10GB,Postpaid Mobile,136.97,-1,-1,500,2023-11-05
PLNE77A827BD9,CUST100070839,Unlimited Basic,Broadband,101.98,10,1000,500,2020-08-27
PLN6853FFD795,CUST100047386,Unlimited Plus,Broadband,90.92,-1,500,500,2023-07-05
PLNB28C027A04,CUST100069974,Fiber 1Gbps,Postpaid Mobile,27.03,20,1000,100,2016-08-31
PLN6225BB4A8E,CUST100083622,Family Share 10GB,Postpaid Mobile,111.63,20,-1,-1,2022-02-23
PLNE564192AA1,CUST100073758,Unlimited Plus,Postpaid Mobile,111.89,-1,1000,100,2019-10-29
PLN9EE7F2E011,CUST100000499,Unlimited Basic,Broadband,96.16,10,500,500,2024-01-06
PLNA2199A5ABA,CUST100090508,Family Share 10GB,Postpaid Mobile,71.98,5,1000,500,2026-01-08
PLN59C17FD706,CUST100083440,Prepaid 5GB,Postpaid Mobile,110.86,20,500,500,2024-06-22
PLNB38B178762,CUST100062234,Unlimited Basic,Postpaid Mobile,145.82,10,1000,-1,2015-09-13
PLN2DC0AAEACA,CUST100045912,Unlimited Basic,Postpaid Mobile,118.87,-1,1000,500,2017-03-31
PLN1EF6AEF7EE,CUST100006622,Unlimited Premium,Postpaid Mobile,142.38,5,-1,-1,2024-06-20
PLN869F5F3CDE,CUST100073920,Fiber 500Mbps,Postpaid Mobile,102.81,10,500,-1,2021-01-25
PLN573BAFBA37,CUST100077619,IoT Data Plan,Postpaid Mobile,53.7,2,-1,-1,2017-11-25
PLN2FE8E734DF,CUST100039474,Unlimited Basic,Postpaid Mobile,95.11,50,1000,500,2026-01-10
PLN339AA66054,CUST100042515,Family Share 10GB,Postpaid Mobile,126.93,2,500,100,2021-12-30
PLNB4E8E6AB14,CUST100088739,Fiber 500Mbps,Postpaid Mobile,139.66,-1,-1,100,2021-01-28
PLNA16416B106,CUST100064101,Unlimited Basic,Postpaid Mobile,52.96,50,-1,500,2024-08-11
PLNCDA03DBACE,CUST100064665,Fiber 500Mbps,Broadband,138.4,10,1000,100,2019-03-14
PLN36768203F8,CUST100034584,Prepaid 5GB,Postpaid Mobile,44.16,10,-1,100,2017-03-14
PLN8F5AB1018A,CUST100001109,Fiber 500Mbps,Postpaid Mobile,79.15,2,-1,100,2015-06-08
PLN89D582458F,CUST100027477,Unlimited Premium,IoT,62.87,20,1000,100,2021-03-12
PLN67A0617147,CUST100021968,Unlimited Plus,Postpaid Mobile,139.05,2,-1,500,2022-09-14
PLN68BCBAD9B8,CUST100096309,Fiber 1Gbps,Prepaid Mobile,16.16,-1,-1,-1,2023-01-18
PLNCD28E9079B,CUST100035832,Prepaid 5GB,Postpaid Mobile,128.63,10,-1,-1,2018-06-15
PLN61F1B7ECB3,CUST100053867,Family Share 10GB,Postpaid Mobile,91.4,-1,-1,100,2020-04-17
PLN7B452C7498,CUST100051307,Prepaid 5GB,Broadband,16.88,10,1000,-1,2023-01-07
PLN702AD91E84,CUST100059633,Unlimited Plus,Prepaid Mobile,96.95,5,-1,-1,2015-08-21
PLN9798816832,CUST100028759,Fiber 1Gbps,Postpaid Mobile,68.93,2,500,500,2026-05-06
PLN2194A1A4D0,CUST100002736,Unlimited Plus,Prepaid Mobile,148.48,-1,1000,-1,2017-06-06
PLN37910637C1,CUST100008803,Family Share 10GB,IoT,76.93,10,500,500,2015-07-29
PLNB8A93A7B48,CUST100034426,Family Share 10GB,Postpaid Mobile,90.62,20,1000,100,2022-03-25
PLN7341D45BE9,CUST100014358,Fiber 1Gbps,Prepaid Mobile,37.95,-1,-1,500,2023-04-26
PLN003675F58E,CUST100063198,Unlimited Plus,Prepaid Mobile,74.31,5,-1,-1,2024-09-27
PLN9AB0AD779D,CUST100067083,Fiber 1Gbps,Broadband,52.0,50,1000,-1,2018-01-27
PLN81F8C53426,CUST100093928,IoT Data Plan,Broadband,47.97,2,500,100,2024-08-23
PLN1D6A3758CC,CUST100050775,Unlimited Plus,Postpaid Mobile,102.52,5,500,100,2018-11-30
PLN40B1E0E237,CUST100026603,Fiber 500Mbps,IoT,114.12,50,1000,500,2025-10-27
PLNBA877B1A4D,CUST100067521,Unlimited Plus,Postpaid Mobile,26.7,10,-1,500,2020-01-15
PLN4DF19A1C3B,CUST100061642,Fiber 1Gbps,Broadband,145.24,10,1000,500,2018-11-14
PLN8FC78C6A75,CUST100038062,Unlimited Plus,IoT,137.31,5,-1,500,2019-03-25
PLN6DC2BF0874,CUST100019346,Unlimited Premium,Prepaid Mobile,83.91,10,-1,100,2024-03-12
PLNFD56F42BF8,CUST100004498,Unlimited Premium,Broadband,42.73,-1,500,100,2019-01-21
PLNB3865D3A34,CUST100073884,Fiber 500Mbps,Postpaid Mobile,34.12,-1,500,500,2021-02-02
PLNB083C4D010,CUST100025754,Fiber 1Gbps,Postpaid Mobile,44.54,50,500,100,2025-05-31
PLN44E1691B61,CUST100081218,Unlimited Plus,Prepaid Mobile,53.87,50,1000,500,2026-04-21
PLNE8DD99A19F,CUST100046601,Prepaid 5GB,Postpaid Mobile,55.13,-1,1000,500,2018-04-02
PLN3967786F5E,CUST100078109,Unlimited Premium,Broadband,116.08,-1,500,100,2023-01-05
PLN2D0DC08ACC,CUST100031160,Prepaid 5GB,Prepaid Mobile,25.18,10,500,100,2017-08-05
PLN147FF5FBA3,CUST100064138,Family Share 10GB,Postpaid Mobile,116.09,-1,1000,100,2017-08-04
PLNFEBBFED257,CUST100086726,Fiber 500Mbps,Postpaid Mobile,116.01,50,1000,100,2022-07-20
PLNBC4FF124AF,CUST100099471,Fiber 500Mbps,Broadband,109.77,5,500,-1,2019-04-02
PLNC2A575E939,CUST100056630,Unlimited Basic,Prepaid Mobile,130.38,2,-1,100,2021-01-03
PLN7EC66164A8,CUST100046238,IoT Data Plan,Postpaid Mobile,109.74,50,-1,100,2020-05-17
PLN5127FF7CE2,CUST100034062,Unlimited Premium,Broadband,108.37,5,500,100,2025-01-24
PLN9649EACB88,CUST100040543,Unlimited Plus,Postpaid Mobile,17.14,20,-1,-1,2024-01-06
PLNE9FD1BF085,CUST100059606,Family Share 10GB,Postpaid Mobile,58.38,50,-1,500,2021-07-26
PLN067BDE187E,CUST100038638,Unlimited Basic,Prepaid Mobile,141.25,20,500,100,2017-04-03
PLN467B7867FB,CUST100050001,Fiber 500Mbps,IoT,20.67,2,-1,-1,2018-03-13
PLNAF20B1F42D,CUST100009716,Fiber 500Mbps,Prepaid Mobile,20.56,-1,-1,-1,2025-07-01
PLN615068AC2C,CUST100098555,Unlimited Plus,Postpaid Mobile,132.95,-1,1000,100,2019-12-07
PLN87FC29540A,CUST100031436,Family Share 10GB,Prepaid Mobile,124.81,50,500,100,2022-04-24
PLNABBD1AA527,CUST100003456,Prepaid 5GB,Prepaid Mobile,42.58,10,-1,-1,2021-12-13
PLN0560BE4C6F,CUST100079027,IoT Data Plan,Postpaid Mobile,21.51,50,500,100,2024-12-26
PLNDAF3C81620,CUST100005881,Fiber 1Gbps,Prepaid Mobile,43.44,5,-1,100,2022-07-04
PLN4E848AAF84,CUST100042131,Unlimited Plus,Prepaid Mobile,145.21,10,-1,100,2015-02-15
PLND19FE75608,CUST100095277,Family Share 10GB,Postpaid Mobile,99.83,20,1000,500,2023-12-09
PLN5EC7AF9FDB,CUST100012916,Unlimited Basic,IoT,104.89,20,500,-1,2020-09-28
PLNB430B47C1A,CUST100077200,Family Share 10GB,Postpaid Mobile,131.72,20,1000,100,2021-04-14
PLN17E6CEBB09,CUST100056291,Unlimited Plus,Prepaid Mobile,53.26,50,500,100,2024-09-30
PLN5C0400E498,CUST100006907,Unlimited Plus,Prepaid Mobile,95.02,20,500,100,2015-08-18
PLN731D878CF3,CUST100087447,Unlimited Basic,Broadband,98.15,10,1000,100,2019-03-18
PLNF9C5AAE3D6,CUST100065008,Fiber 1Gbps,Postpaid Mobile,128.75,20,-1,100,2021-01-12
PLN9BBE981676,CUST100030345,IoT Data Plan,Prepaid Mobile,53.07,-1,1000,100,2019-07-09
PLNF8A64D8C34,CUST100005695,Fiber 1Gbps,Postpaid Mobile,79.65,2,500,-1,2021-02-24
PLN1571B6F038,CUST100097491,Fiber 1Gbps,Prepaid Mobile,47.95,-1,-1,-1,2022-11-23
PLN7145E6676E,CUST100098478,Fiber 500Mbps,Postpaid Mobile,44.0,2,1000,500,2026-06-22
PLN39D70A2420,CUST100078056,Prepaid 5GB,Prepaid Mobile,141.39,20,-1,500,2026-05-21
PLN39DC637C5F,CUST100052403,Unlimited Basic,Broadband,133.4,10,1000,100,2023-11-03
PLN25D57BD394,CUST100094027,IoT Data Plan,Postpaid Mobile,47.04,2,-1,-1,2020-11-23
PLN9D277DE201,CUST100059160,Fiber 1Gbps,Postpaid Mobile,107.34,2,-1,100,2024-12-29
PLNAA15A9C891,CUST100051353,Fiber 1Gbps,Postpaid Mobile,102.44,20,-1,100,2023-01-29
PLN9CB6A4130D,CUST100098706,IoT Data Plan,Prepaid Mobile,131.65,-1,-1,500,2025-10-20
PLN010AC1CCAB,CUST100091342,Fiber 1Gbps,Postpaid Mobile,144.7,20,1000,500,2024-07-12
PLN5023053E1F,CUST100021241,Fiber 500Mbps,Postpaid Mobile,115.93,20,1000,500,2020-03-02
PLN8ACF2B2D42,CUST100086560,Prepaid 5GB,Postpaid Mobile,36.16,-1,500,100,2023-09-30
PLN829AF9EA1C,CUST100050184,Prepaid 5GB,Broadband,34.44,10,500,100,2020-04-12
PLNC6D79D1B77,CUST100068737,Unlimited Plus,Prepaid Mobile,39.48,20,500,500,2022-04-19
PLNEA09B26FA0,CUST100093869,Family Share 10GB,Postpaid Mobile,41.1,2,-1,-1,2019-04-19
PLN83537D1EAA,CUST100064468,Prepaid 5GB,Postpaid Mobile,81.98,50,1000,500,2018-06-09
PLN3B26B86071,CUST100089826,Unlimited Plus,Postpaid Mobile,139.74,50,500,-1,2023-06-02
PLN49FDDED259,CUST100084878,Prepaid 5GB,Postpaid Mobile,23.2,50,1000,100,2018-02-21
PLN66976067D1,CUST100039976,IoT Data Plan,Postpaid Mobile,56.41,2,500,100,2018-12-25
PLN443B3EC4E7,CUST100072681,Unlimited Basic,Postpaid Mobile,146.79,50,500,100,2019-11-10
PLN37AD316631,CUST100063355,Family Share 10GB,Postpaid Mobile,102.95,2,-1,100,2016-04-15
PLNDE1B795AA0,CUST100070350,Unlimited Basic,Postpaid Mobile,50.09,2,-1,-1,2016-03-31
PLNBCF0AD4A3F,CUST100091438,Fiber 1Gbps,IoT,65.33,10,-1,-1,2018-09-26
PLN90CFB47752,CUST100050648,Fiber 1Gbps,Prepaid Mobile,103.83,50,-1,-1,2022-05-06
PLN11D815B34B,CUST100072077,Fiber 1Gbps,Broadband,46.46,-1,500,-1,2020-11-21
PLN44E893831B,CUST100044114,Unlimited Premium,Postpaid Mobile,32.39,-1,-1,500,2015-07-06
PLN9757A6D758,CUST100042965,Unlimited Basic,Postpaid Mobile,90.72,10,1000,-1,2017-11-03
PLN1B9C3A83D6,CUST100069802,Fiber 500Mbps,Broadband,129.58,20,500,-1,2017-06-02
PLNC71C4F5F9A,CUST100090132,Unlimited Basic,Broadband,89.87,10,1000,100,2023-08-23
PLN106B831A25,CUST100030355,IoT Data Plan,IoT,32.02,5,-1,100,2025-08-31
PLN45C7EDB9C0,CUST100019329,Prepaid 5GB,Postpaid Mobile,132.22,10,-1,500,2016-08-17
PLNE32827C7A4,CUST100093074,Family Share 10GB,Broadband,53.1,50,500,500,2024-03-11
PLN94F8A8B335,CUST100091233,Prepaid 5GB,Postpaid Mobile,29.31,50,500,-1,2020-06-14
PLN09472FD8C8,CUST100063716,Unlimited Basic,Prepaid Mobile,43.31,2,500,100,2017-09-22
PLN5E2E6FB8E7,CUST100098770,Unlimited Plus,IoT,147.25,-1,-1,500,2026-03-05
PLN92E29E63F0,CUST100043770,Prepaid 5GB,Postpaid Mobile,75.14,50,1000,-1,2019-09-23
PLN8077C9F00D,CUST100098115,Unlimited Basic,Broadband,140.12,10,500,100,2023-02-19
PLN066367EA8B,CUST100010068,Unlimited Basic,Postpaid Mobile,79.36,10,-1,500,2016-04-06
PLN1C08BD4ACC,CUST100055202,Family Share 10GB,Postpaid Mobile,76.86,10,-1,-1,2018-02-04
PLNB5FD65FA26,CUST100023193,Fiber 1Gbps,Postpaid Mobile,144.0,2,500,100,2021-12-30
PLNE18023DE03,CUST100065800,Prepaid 5GB,Postpaid Mobile,78.94,50,500,-1,2022-11-13
PLNB87D762E2C,CUST100026918,Unlimited Premium,Postpaid Mobile,88.12,5,-1,500,2015-01-11
PLN0EDBDCC8B3,CUST100045006,Fiber 500Mbps,Postpaid Mobile,141.53,20,-1,-1,2021-01-04
PLN091FED6F3F,CUST100007684,Prepaid 5GB,Postpaid Mobile,15.82,-1,-1,500,2025-03-16
PLNFECAF9FF95,CUST100050724,Prepaid 5GB,Broadband,109.73,5,500,500,2020-01-07
PLN2BDA69F042,CUST100028988,Family Share 10GB,Postpaid Mobile,56.03,-1,500,500,2016-10-01
PLN7E597D8E25,CUST100095859,Unlimited Basic,Prepaid Mobile,54.97,10,500,-1,2018-12-18
PLNDB8FAB771A,CUST100049044,Fiber 500Mbps,Broadband,112.98,20,1000,-1,2022-05-24
PLND15063A877,CUST100017945,Family Share 10GB,Postpaid Mobile,90.78,-1,500,-1,2022-08-29
PLN5A171EF3D6,CUST100015508,Unlimited Basic,Postpaid Mobile,68.83,20,-1,100,2017-04-14
PLN32308506C2,CUST100095565,Unlimited Plus,Postpaid Mobile,148.7,5,500,500,2025-06-08
PLN52C90C1BA3,CUST100063091,Fiber 1Gbps,Postpaid Mobile,101.6,50,1000,500,2022-08-05
PLNF211A30A6A,CUST100056334,Fiber 500Mbps,Postpaid Mobile,18.19,50,1000,500,2016-09-12
PLN4C749E4465,CUST100096460,Prepaid 5GB,Postpaid Mobile,93.43,-1,-1,500,2019-12-23
PLNF7DC1C34F4,CUST100026104,Prepaid 5GB,Broadband,85.88,5,500,500,2018-01-15
PLNB77CE54AA7,CUST100032657,Prepaid 5GB,Prepaid Mobile,75.53,20,500,-1,2020-01-17
PLN93206D051D,CUST100059474,Fiber 1Gbps,Broadband,110.52,50,500,-1,2017-03-21
PLN99106D7230,CUST100088165,Prepaid 5GB,Postpaid Mobile,16.79,10,-1,-1,2015-12-26
PLN39C8B386C2,CUST100073965,IoT Data Plan,Prepaid Mobile,84.53,20,-1,100,2024-11-18
PLN0C87A478FE,CUST100010927,Unlimited Plus,Broadband,109.93,10,500,100,2019-01-24
PLN46432CDF4B,CUST100068338,Unlimited Basic,Broadband,67.3,10,1000,-1,2022-09-03
PLN3982816F8F,CUST100047687,Family Share 10GB,Postpaid Mobile,110.14,-1,-1,100,2026-01-16
PLN30A4E6ED47,CUST100080150,Unlimited Basic,Prepaid Mobile,69.71,20,500,100,2022-11-02
PLN4D0C4D840E,CUST100093964,Family Share 10GB,Prepaid Mobile,20.07,-1,-1,500,2018-04-18
PLNCE7FAF3F63,CUST100085958,Family Share 10GB,Postpaid Mobile,128.16,-1,1000,-1,2024-05-05
PLNF34D31A2E6,CUST100009392,Family Share 10GB,Postpaid Mobile,101.04,20,500,500,2024-08-01
PLN1C8DCE002D,CUST100029633,Unlimited Basic,Prepaid Mobile,80.08,50,500,-1,2025-01-03
PLN97024DC196,CUST100063619,Family Share 10GB,Postpaid Mobile,87.57,2,-1,500,2016-12-23
PLNBB88EB67E7,CUST100006873,Fiber 500Mbps,Prepaid Mobile,38.61,5,1000,500,2024-05-01
PLNB1E32A9AE8,CUST100035916,Unlimited Premium,Postpaid Mobile,84.96,50,1000,100,2022-05-03
PLN58215B6116,CUST100020032,Fiber 1Gbps,Broadband,108.03,20,500,-1,2016-07-25
PLNE080B1F31C,CUST100035128,IoT Data Plan,Postpaid Mobile,111.37,50,-1,100,2024-10-19
PLN120D083149,CUST100067116,Unlimited Premium,Postpaid Mobile,94.98,2,500,-1,2015-05-04
PLNCCF5E441A6,CUST100040174,Prepaid 5GB,Broadband,17.35,2,1000,500,2025-01-11
PLN329B0ECE23,CUST100022790,Fiber 500Mbps,Postpaid Mobile,141.01,50,-1,-1,2019-06-08
PLN425BFF48EC,CUST100005238,Unlimited Plus,Prepaid Mobile,82.32,-1,1000,100,2020-10-06
PLN423B034E5D,CUST100000562,Prepaid 5GB,Broadband,78.88,10,500,-1,2022-09-28
PLN6702F3B08E,CUST100063578,Unlimited Premium,Prepaid Mobile,45.59,20,1000,500,2022-06-28
PLNC5400EF7D1,CUST100077221,Family Share 10GB,Postpaid Mobile,71.11,10,500,500,2021-04-13
PLND8E755F85A,CUST100063761,Fiber 500Mbps,Postpaid Mobile,58.09,50,1000,500,2025-07-02
PLNFDD5A1D890,CUST100082031,IoT Data Plan,Postpaid Mobile,142.26,50,-1,-1,2024-12-19
PLN46CDF1A720,CUST100093901,Unlimited Basic,Postpaid Mobile,49.68,50,1000,500,2016-07-24
PLN2CC4C7A76B,CUST100025948,Family Share 10GB,Postpaid Mobile,30.45,5,-1,-1,2021-05-01
PLN29E583A325,CUST100042647,Unlimited Plus,Broadband,48.36,2,1000,-1,2026-06-16
PLND1F1E43A1C,CUST100014376,Prepaid 5GB,Prepaid Mobile,28.76,2,-1,500,2023-08-31
PLN04D094F80C,CUST100044228,Family Share 10GB,Postpaid Mobile,77.38,50,1000,-1,2024-12-12
PLN30F57EA8AC,CUST100047000,Unlimited Premium,Postpaid Mobile,36.28,20,-1,100,2018-01-10
PLN5ED1B17834,CUST100081233,Unlimited Plus,Prepaid Mobile,15.42,10,500,500,2024-03-29
PLNAB4AA2550E,CUST100094251,IoT Data Plan,Postpaid Mobile,101.97,5,500,100,2018-04-20
PLN97FCADED18,CUST100091105,Family Share 10GB,Postpaid Mobile,85.5,-1,500,500,2017-09-10
PLN1D1AB3B69F,CUST100074596,Family Share 10GB,Broadband,62.13,2,1000,500,2017-04-19
PLN852CF03D1B,CUST100099322,Prepaid 5GB,Postpaid Mobile,16.05,20,500,-1,2016-07-08
PLN92CB03276F,CUST100053130,Unlimited Premium,Postpaid Mobile,24.64,20,1000,100,2017-01-12
PLNB22D1EDE56,CUST100077428,Unlimited Basic,Postpaid Mobile,96.66,5,-1,500,2021-08-29
PLND949626CBF,CUST100071874,Prepaid 5GB,Postpaid Mobile,102.19,2,500,500,2025-08-07
PLNEED10E2734,CUST100097374,IoT Data Plan,Broadband,106.0,5,1000,100,2015-03-01
PLN682980EC9E,CUST100064704,Unlimited Plus,Postpaid Mobile,149.87,2,-1,-1,2024-04-22
PLNA4EEE43EAC,CUST100029732,Fiber 1Gbps,Broadband,77.39,50,1000,100,2018-01-09
PLNAF95EAD889,CUST100085804,Fiber 500Mbps,Broadband,147.51,5,-1,-1,2023-04-16
PLN67829E1F1A,CUST100002129,Unlimited Premium,IoT,102.21,-1,500,-1,2020-08-16
PLN8B48F9246C,CUST100048552,Fiber 500Mbps,Prepaid Mobile,143.66,-1,1000,-1,2019-07-31
PLNC029EE1990,CUST100001658,IoT Data Plan,Broadband,81.58,20,500,100,2018-02-02
PLNF0EEAC00EB,CUST100076662,Unlimited Basic,Prepaid Mobile,70.64,20,-1,100,2023-12-22
PLN577D69A2E7,CUST100052734,Fiber 1Gbps,Broadband,124.73,-1,1000,500,2017-11-05
PLND381E9CA84,CUST100042524,Family Share 10GB,Postpaid Mobile,112.02,20,-1,500,2021-05-22
PLN68D00EA4D9,CUST100033337,Unlimited Plus,Broadband,149.17,10,-1,500,2021-06-23
PLNE4FE481E84,CUST100033172,Unlimited Plus,Postpaid Mobile,94.03,5,-1,100,2016-07-17
PLNFEEA6A1224,CUST100096834,IoT Data Plan,Broadband,94.45,2,500,100,2016-04-01
PLNA1CD84DFF0,CUST100095690,Unlimited Basic,Postpaid Mobile,22.96,-1,1000,500,2016-08-31
PLNDE120BD04C,CUST100062910,Fiber 500Mbps,Prepaid Mobile,128.54,5,1000,500,2026-02-19
PLNA177A0151C,CUST100074117,Fiber 1Gbps,Prepaid Mobile,118.21,5,500,-1,2018-08-04
PLND12A7B6328,CUST100017550,Family Share 10GB,Prepaid Mobile,97.4,50,-1,500,2024-03-10
PLN60D855D5A4,CUST100095562,Unlimited Premium,Prepaid Mobile,101.42,10,500,100,2025-07-13
PLNBE9B0CC791,CUST100034051,Fiber 1Gbps,Broadband,49.5,2,1000,500,2017-09-07
PLN123FB959E2,CUST100088275,Unlimited Basic,Broadband,136.71,20,500,500,2017-05-22
PLNE3B3136B0D,CUST100002306,Unlimited Basic,Postpaid Mobile,54.13,50,500,-1,2021-07-27
PLNA0838A954D,CUST100012292,Fiber 500Mbps,Postpaid Mobile,116.8,2,-1,100,2024-12-23
PLNCE151A5395,CUST100092461,Unlimited Plus,IoT,19.55,10,1000,-1,2022-03-01
PLN210F3E7521,CUST100039175,Unlimited Premium,IoT,70.23,-1,1000,100,2015-03-22
PLN550E369C6A,CUST100030732,Fiber 1Gbps,Broadband,38.66,10,500,500,2021-02-12
PLND1C3EC4350,CUST100029845,Fiber 500Mbps,Postpaid Mobile,101.65,50,500,-1,2021-09-19
PLN55616DF9C1,CUST100071577,Fiber 500Mbps,Postpaid Mobile,88.57,2,1000,100,2019-01-10
PLN8974629E10,CUST100005392,Unlimited Premium,Postpaid Mobile,42.76,-1,500,500,2016-06-09
PLN4D6498C88B,CUST100079934,Family Share 10GB,Postpaid Mobile,117.02,-1,-1,-1,2021-11-04
PLNF6FB52BB30,CUST100032403,Fiber 1Gbps,Postpaid Mobile,68.06,20,500,500,2023-12-16
PLNCFD4FD5C6F,CUST100022862,Unlimited Plus,Postpaid Mobile,93.7,-1,500,-1,2020-04-07
PLNC322BAC05A,CUST100062718,Unlimited Premium,Prepaid Mobile,95.1,20,-1,100,2017-03-11
PLNA393493375,CUST100053676,Unlimited Basic,Prepaid Mobile,79.83,20,500,100,2016-09-16
PLND9FAC12801,CUST100070471,Prepaid 5GB,Prepaid Mobile,49.49,-1,1000,100,2019-03-19
PLNA950770E47,CUST100096737,Unlimited Plus,Broadband,130.23,2,500,-1,2018-02-25
PLN64F9683832,CUST100038935,Unlimited Premium,Prepaid Mobile,137.51,5,-1,100,2019-02-17
PLNF2A000FAD6,CUST100057001,Family Share 10GB,Broadband,130.9,-1,1000,100,2026-04-11
PLNB669E56475,CUST100088552,Family Share 10GB,Prepaid Mobile,36.71,5,-1,-1,2025-08-27
PLN194873A898,CUST100027860,Fiber 1Gbps,Prepaid Mobile,143.68,-1,-1,500,2026-05-31
PLN0FF48BDA6D,CUST100047870,Family Share 10GB,Prepaid Mobile,82.23,20,-1,-1,2015-02-25
PLN77DC3AC1A5,CUST100068533,Fiber 1Gbps,Broadband,56.05,-1,500,500,2021-10-17
PLN244A63D294,CUST100098884,Fiber 500Mbps,Postpaid Mobile,135.89,10,1000,100,2024-10-16
PLNFE9E2EED10,CUST100093176,Unlimited Premium,Postpaid Mobile,26.23,5,-1,500,2017-02-14
PLN5B9B8B74D1,CUST100098035,Unlimited Premium,Prepaid Mobile,64.23,5,500,100,2020-09-19
PLNF9734FD100,CUST100060468,Family Share 10GB,Postpaid Mobile,136.84,10,500,500,2024-10-30
PLN4C21D28E9F,CUST100030131,Unlimited Plus,Broadband,77.16,2,-1,100,2021-02-17
PLND881BFD3C6,CUST100026307,IoT Data Plan,Postpaid Mobile,55.72,-1,500,100,2017-10-20
PLN15D8A9B6A9,CUST100052483,Unlimited Premium,Postpaid Mobile,91.82,50,1000,100,2019-08-26
PLN4898D4B054,CUST100044060,Prepaid 5GB,Prepaid Mobile,54.93,-1,1000,-1,2021-04-17
PLN77B5BD7547,CUST100016406,Unlimited Plus,Postpaid Mobile,69.98,-1,500,500,2018-07-09
PLN6F517CB410,CUST100088799,Fiber 1Gbps,Prepaid Mobile,127.96,50,1000,-1,2026-03-25
PLNDD0A313D43,CUST100021140,Prepaid 5GB,Prepaid Mobile,121.0,5,-1,-1,2020-05-22
PLN90EFF4FDE9,CUST100077124,IoT Data Plan,Prepaid Mobile,80.18,5,-1,-1,2022-03-07
PLN56B4594D9B,CUST100061584,Unlimited Premium,Postpaid Mobile,93.48,50,-1,500,2015-07-08
PLNAE07398AC6,CUST100054958,Unlimited Basic,Postpaid Mobile,98.9,-1,-1,100,2019-09-22
PLN1E53FC185C,CUST100044023,Unlimited Basic,Postpaid Mobile,84.63,50,1000,-1,2026-06-26
PLN37146713C2,CUST100093462,Fiber 500Mbps,Postpaid Mobile,91.68,50,1000,500,2025-11-10
PLN9A58D0B731,CUST100041927,Fiber 1Gbps,Postpaid Mobile,132.28,50,1000,100,2023-02-04
PLN8DA623E2B7,CUST100023092,Unlimited Basic,Postpaid Mobile,40.81,20,-1,500,2015-04-10
PLN8D7630CF4B,CUST100015450,Family Share 10GB,Postpaid Mobile,40.41,10,500,500,2019-03-26
PLN642C796869,CUST100005927,Family Share 10GB,Postpaid Mobile,93.53,20,500,-1,2015-06-04
PLNC9E1E51456,CUST100066270,Prepaid 5GB,Prepaid Mobile,70.03,50,500,500,2018-06-17
PLN1C1E4C5FB7,CUST100055974,Unlimited Basic,Prepaid Mobile,141.2,-1,-1,100,2018-09-16
PLN354C56B0AF,CUST100013063,Fiber 1Gbps,Prepaid Mobile,87.07,50,1000,-1,2015-01-30
PLNB7891E4EBA,CUST100046605,Unlimited Basic,Broadband,43.32,-1,500,500,2021-12-11
PLND11BC3EE5B,CUST100088833,Unlimited Plus,Postpaid Mobile,25.24,50,500,500,2023-08-09
PLNA30CA6AFBB,CUST100075561,Fiber 1Gbps,Prepaid Mobile,88.12,20,1000,100,2022-09-18
PLN9BC04FEBDB,CUST100081704,IoT Data Plan,Postpaid Mobile,20.54,2,1000,500,2025-04-19
PLN9909C5B48A,CUST100073832,Prepaid 5GB,Postpaid Mobile,135.12,2,1000,500,2024-03-18
PLN8F58836173,CUST100047431,Fiber 500Mbps,Prepaid Mobile,140.36,10,1000,-1,2026-05-03
PLND89CA2215F,CUST100068890,Fiber 1Gbps,Postpaid Mobile,85.03,10,500,500,2020-02-08
PLN6A994BA931,CUST100094142,Fiber 500Mbps,Broadband,47.64,50,500,-1,2015-03-31
PLN68AB424D21,CUST100006278,Family Share 10GB,Prepaid Mobile,28.54,-1,500,-1,2018-03-13
PLN408AEEB087,CUST100017572,Prepaid 5GB,Postpaid Mobile,60.82,5,-1,-1,2021-12-29
PLNBA555607C9,CUST100047522,Unlimited Basic,Broadband,63.31,50,500,500,2017-09-03
PLN54B9C7501D,CUST100023044,Unlimited Premium,Prepaid Mobile,25.22,-1,-1,100,2015-06-08
PLNC0948CAE77,CUST100004151,IoT Data Plan,Broadband,58.97,2,1000,500,2016-11-10
PLN5F4518D33D,CUST100040786,Prepaid 5GB,Postpaid Mobile,95.22,2,500,-1,2020-11-17
PLNAA5C4BCC90,CUST100045573,Fiber 500Mbps,Postpaid Mobile,28.33,20,-1,500,2025-01-21
PLN7B3EEB6D61,CUST100033239,IoT Data Plan,Prepaid Mobile,77.53,50,1000,100,2023-08-04
PLNA6D0769D79,CUST100086628,Fiber 1Gbps,Postpaid Mobile,148.41,50,1000,100,2022-11-26
PLNEA3E8E6294,CUST100064043,Family Share 10GB,Prepaid Mobile,125.3,-1,-1,-1,2024-07-17
PLNA9C6A7DD32,CUST100003256,Prepaid 5GB,Postpaid Mobile,79.26,5,1000,-1,2024-09-07
PLNB128E8A144,CUST100088901,Prepaid 5GB,Postpaid Mobile,117.55,2,500,100,2026-04-09
PLN1C24CD30C5,CUST100048851,Fiber 500Mbps,Broadband,113.05,50,-1,500,2021-06-24
PLN12FD085DFE,CUST100048386,Fiber 1Gbps,Postpaid Mobile,59.97,20,-1,100,2019-03-24
PLN61061F4004,CUST100065353,Unlimited Basic,Broadband,20.26,5,1000,-1,2021-02-09
PLN2E1CABE71C,CUST100060845,Unlimited Basic,Postpaid Mobile,115.42,2,1000,100,2019-09-13
PLN0E01AC7748,CUST100054617,Unlimited Premium,IoT,54.4,2,-1,100,2017-08-16
PLN2C8399235A,CUST100045700,IoT Data Plan,Postpaid Mobile,50.42,10,-1,500,2017-09-15
PLNE435ED5C54,CUST100014032,Unlimited Basic,Postpaid Mobile,82.98,20,1000,-1,2018-05-24
PLN90BB1D13B8,CUST100014739,Family Share 10GB,Broadband,146.64,2,500,-1,2026-02-22
PLNC4AED7E710,CUST100056975,Unlimited Basic,Postpaid Mobile,141.46,-1,-1,-1,2020-12-25
PLND1FDA86B93,CUST100010638,Family Share 10GB,Postpaid Mobile,122.1,-1,-1,500,2017-06-01
PLNFA14772BED,CUST100026073,Unlimited Plus,Broadband,82.81,-1,-1,-1,2016-11-02
PLN3ABB26F312,CUST100091313,Prepaid 5GB,Postpaid Mobile,44.71,5,500,100,2019-12-26
PLN84D501EBB8,CUST100083575,Fiber 1Gbps,Broadband,17.05,20,1000,500,2020-04-12
PLN3BB73F3E00,CUST100024724,Family Share 10GB,Prepaid Mobile,23.67,10,1000,-1,2022-11-05
PLNDBEDC5E17E,CUST100006267,Fiber 1Gbps,IoT,105.71,2,-1,100,2025-10-28
PLN1A3B36FB92,CUST100007231,Fiber 1Gbps,Postpaid Mobile,107.64,50,1000,100,2023-08-30
PLN72F9CB0A08,CUST100034595,Fiber 500Mbps,Postpaid Mobile,42.07,2,1000,500,2022-03-12
PLN102CBF0D7F,CUST100084788,Fiber 1Gbps,Postpaid Mobile,139.06,10,1000,-1,2026-05-28
PLN08FB9B8890,CUST100008062,Prepaid 5GB,Postpaid Mobile,122.39,50,1000,500,2021-02-24
PLN3701AD9AC8,CUST100010330,Prepaid 5GB,Postpaid Mobile,86.26,20,-1,100,2016-01-06
PLN56657E557B,CUST100023068,Family Share 10GB,Postpaid Mobile,95.84,20,-1,-1,2023-01-03
PLN2485D05A32,CUST100019621,IoT Data Plan,Postpaid Mobile,64.18,10,1000,100,2023-01-19
PLN64BF04EF34,CUST100008438,Prepaid 5GB,Prepaid Mobile,19.91,20,1000,-1,2025-11-09
PLNBD8E2E5321,CUST100033036,Fiber 500Mbps,Prepaid Mobile,115.22,20,1000,100,2015-04-06
PLN0872A2F02E,CUST100042318,Unlimited Basic,Prepaid Mobile,96.83,20,-1,-1,2025-11-12
PLN7A573C398A,CUST100074124,IoT Data Plan,Prepaid Mobile,73.31,-1,1000,-1,2025-01-23
PLN57BB1AB6EB,CUST100082503,Family Share 10GB,Postpaid Mobile,126.85,50,1000,100,2020-07-24
PLNF57447098E,CUST100027162,Prepaid 5GB,Postpaid Mobile,22.31,-1,500,100,2025-11-28
PLN0740CA86BE,CUST100045056,Fiber 1Gbps,Postpaid Mobile,91.48,2,-1,-1,2016-06-17
PLN729165492F,CUST100027585,Unlimited Plus,Broadband,100.64,2,500,500,2022-10-12
PLN9C04962B74,CUST100015613,Unlimited Premium,Broadband,22.4,-1,1000,-1,2021-01-02
PLN29959B434C,CUST100074586,Unlimited Premium,Broadband,72.69,20,-1,100,2019-10-21
PLN3BAB5EFFAC,CUST100091952,Unlimited Premium,Prepaid Mobile,97.83,10,-1,500,2020-07-04
PLNB1BC5A54E1,CUST100013601,Unlimited Basic,Broadband,73.87,20,-1,-1,2022-05-16
PLN24D69DE2D1,CUST100099393,Unlimited Premium,Prepaid Mobile,38.6,10,500,100,2025-08-02
PLN73FEE31836,CUST100024355,Fiber 1Gbps,Prepaid Mobile,107.36,5,1000,100,2015-01-14
PLNB1B37D7C00,CUST100099488,Prepaid 5GB,Broadband,78.77,2,-1,100,2020-07-06
PLN13070C38B2,CUST100098123,IoT Data Plan,Prepaid Mobile,53.13,50,500,-1,2022-04-02
PLN1AF96CF9E0,CUST100024989,Family Share 10GB,Prepaid Mobile,36.39,10,500,100,2018-02-02
PLN1BF994F01C,CUST100077760,Unlimited Basic,Prepaid Mobile,108.67,5,1000,100,2024-06-23
PLN9D382ADAEC,CUST100053307,Unlimited Premium,Postpaid Mobile,75.38,50,500,500,2022-03-06
PLN16DADF554A,CUST100047556,IoT Data Plan,Postpaid Mobile,121.18,2,1000,100,2020-01-29
PLNC0F524E04A,CUST100013024,Family Share 10GB,Prepaid Mobile,17.57,10,500,500,2019-10-20
PLN06F7655671,CUST100063830,Unlimited Premium,Postpaid Mobile,117.48,20,500,500,2018-03-06
PLN7BD7C9D343,CUST100047817,IoT Data Plan,Broadband,132.11,5,500,-1,2021-08-29
PLNF7298AAD40,CUST100090028,Family Share 10GB,Prepaid Mobile,18.95,5,1000,100,2023-06-16
PLN49C3877AA5,CUST100080168,Fiber 1Gbps,Postpaid Mobile,54.5,-1,1000,-1,2016-10-07
PLN6A3DC2297A,CUST100017690,IoT Data Plan,Postpaid Mobile,41.98,5,500,500,2018-07-09
PLNE899C66CF7,CUST100066208,Unlimited Plus,Prepaid Mobile,90.41,-1,-1,500,2018-08-17
PLN4D000637D0,CUST100077953,IoT Data Plan,Postpaid Mobile,130.82,2,500,-1,2024-07-06
PLN177AD52D60,CUST100057941,Unlimited Plus,Postpaid Mobile,20.12,20,-1,100,2018-09-18
PLNCE6D0B475B,CUST100077465,Unlimited Premium,Broadband,65.78,10,-1,100,2023-04-08
PLN238B2F7959,CUST100073581,Fiber 1Gbps,Broadband,67.97,50,1000,100,2020-05-22
PLN681CFAED1F,CUST100001973,Fiber 500Mbps,Postpaid Mobile,134.27,5,-1,100,2017-01-05
PLNCA218D8750,CUST100027861,Family Share 10GB,Postpaid Mobile,132.99,10,-1,-1,2024-08-13
PLNB4880F9801,CUST100026525,Fiber 1Gbps,Prepaid Mobile,17.42,50,-1,500,2015-08-12
PLN21662CA832,CUST100005613,Unlimited Premium,Broadband,36.14,-1,-1,500,2025-06-14
PLN69EAFD5917,CUST100006586,Unlimited Basic,Postpaid Mobile,36.06,2,-1,-1,2019-09-21
PLN391ED52999,CUST100033676,Prepaid 5GB,Postpaid Mobile,83.74,20,-1,-1,2022-07-21
PLNE2D5C9FA18,CUST100024509,Fiber 1Gbps,Postpaid Mobile,114.77,10,500,100,2021-09-19
PLN7973C1FE89,CUST100058583,IoT Data Plan,Postpaid Mobile,98.91,20,-1,-1,2024-10-31
PLN7F89DE732D,CUST100074838,Fiber 500Mbps,Postpaid Mobile,39.27,10,500,-1,2024-09-06
PLN462DBCC9D8,CUST100082249,Unlimited Basic,Prepaid Mobile,87.71,5,500,100,2016-03-23
PLNAA307B13AE,CUST100057293,Family Share 10GB,Postpaid Mobile,64.5,20,500,100,2019-01-19
PLNFA1715C091,CUST100012273,Fiber 1Gbps,Postpaid Mobile,117.12,10,500,-1,2022-08-01
PLNBF42DCBE2B,CUST100045649,Unlimited Basic,Broadband,143.57,2,500,100,2018-12-16
PLNFAE7C38E73,CUST100020008,IoT Data Plan,Postpaid Mobile,65.11,50,-1,-1,2023-09-01
PLN91A6B4F6E4,CUST100048121,Unlimited Plus,Postpaid Mobile,124.5,5,-1,-1,2022-08-24
PLN2FC5F12114,CUST100064743,Fiber 1Gbps,Postpaid Mobile,50.08,5,500,100,2018-04-23
PLNECBC15841D,CUST100016455,Unlimited Basic,Postpaid Mobile,79.11,20,-1,500,2024-06-29
PLN89960BDFE0,CUST100029052,Unlimited Premium,Prepaid Mobile,99.31,20,500,-1,2024-06-19
PLNB3A688569D,CUST100068147,Fiber 500Mbps,Prepaid Mobile,108.67,50,500,500,2023-05-08
PLNF83EFE2E98,CUST100013184,Family Share 10GB,Prepaid Mobile,117.45,2,1000,100,2021-04-25
PLN025C7345BE,CUST100064424,Unlimited Plus,Postpaid Mobile,109.9,-1,500,-1,2025-05-13
PLN14AAB79718,CUST100024136,Unlimited Plus,Postpaid Mobile,25.38,50,1000,-1,2026-05-29
PLN1035FA51D4,CUST100006511,Unlimited Basic,Postpaid Mobile,121.72,10,-1,-1,2024-08-20
PLN5C4F524A02,CUST100051819,Prepaid 5GB,Broadband,147.9,2,-1,100,2017-05-23
PLNB238BDCA98,CUST100095057,Fiber 1Gbps,Postpaid Mobile,125.2,2,-1,-1,2015-11-14
PLNA04BEAA7E0,CUST100015005,Family Share 10GB,Postpaid Mobile,57.07,50,-1,500,2023-08-25
PLNE911045B50,CUST100062852,Fiber 1Gbps,Postpaid Mobile,20.18,50,-1,-1,2026-04-20
PLN842C8CD82F,CUST100044632,Unlimited Premium,Prepaid Mobile,24.0,10,1000,-1,2021-09-21
PLN41D1469900,CUST100017448,Family Share 10GB,Prepaid Mobile,37.59,10,-1,100,2019-08-06
PLN9165FB9D87,CUST100062867,Unlimited Basic,Postpaid Mobile,54.21,2,-1,-1,2024-07-13
PLN04277BE0F6,CUST100096885,Fiber 500Mbps,Prepaid Mobile,18.51,5,-1,100,2025-02-01
PLN51AF5DB605,CUST100045639,Prepaid 5GB,Postpaid Mobile,93.04,2,-1,500,2022-03-08
PLNC68BA64EBD,CUST100041548,Unlimited Premium,Postpaid Mobile,45.16,-1,1000,500,2018-10-11
PLN5271F215B1,CUST100008366,Prepaid 5GB,Postpaid Mobile,34.49,5,1000,100,2022-08-16
PLND307080268,CUST100007499,IoT Data Plan,Postpaid Mobile,75.23,10,1000,100,2024-11-13
PLND04BD890AB,CUST100024133,Unlimited Plus,Prepaid Mobile,56.07,20,500,100,2021-01-13
PLN1FE6DDBAE7,CUST100029544,Family Share 10GB,Postpaid Mobile,63.34,2,1000,500,2020-03-23
PLN6C4AC63A86,CUST100070125,Fiber 1Gbps,Prepaid Mobile,46.1,-1,1000,500,2019-09-04
PLND61B30858F,CUST100067417,Unlimited Basic,Broadband,45.15,2,-1,500,2018-12-22
PLN89440A9D1D,CUST100073273,Fiber 1Gbps,Postpaid Mobile,81.09,2,1000,100,2021-09-25
PLN4ED00A0C07,CUST100038326,Prepaid 5GB,IoT,24.2,-1,500,-1,2023-07-05
PLN28FE25D9FF,CUST100005096,Fiber 1Gbps,Prepaid Mobile,90.48,10,1000,-1,2023-02-03
PLNABD8048EBB,CUST100038848,Fiber 1Gbps,Postpaid Mobile,59.35,20,500,500,2024-05-29
PLNF498577EC2,CUST100071332,Unlimited Premium,Postpaid Mobile,45.36,2,500,-1,2023-02-03
PLN5C839CA39A,CUST100044374,Unlimited Premium,Postpaid Mobile,57.08,10,-1,100,2020-11-30
PLN352D4A78A9,CUST100012547,Family Share 10GB,Broadband,137.94,20,1000,100,2021-08-18
PLNAB4253AC18,CUST100024007,Fiber 500Mbps,Prepaid Mobile,92.04,20,-1,-1,2017-02-05
PLN0C4B78A851,CUST100052712,IoT Data Plan,Prepaid Mobile,101.56,5,1000,100,2024-10-21
PLNAC1B7DD70B,CUST100018705,Fiber 500Mbps,Postpaid Mobile,128.72,20,1000,500,2021-07-01
PLNCD68FED5FB,CUST100000633,Unlimited Basic,Prepaid Mobile,45.82,20,1000,500,2018-11-16
PLN49DDACA553,CUST100086288,Unlimited Basic,Broadband,143.23,-1,1000,100,2017-06-10
PLN04A18F176C,CUST100042742,Family Share 10GB,Prepaid Mobile,134.35,10,500,500,2015-02-08
PLN4D8D4C5EAF,CUST100036923,Prepaid 5GB,IoT,19.66,50,500,500,2016-03-13
PLNC304F1C1F9,CUST100009307,Unlimited Basic,Postpaid Mobile,88.73,2,-1,500,2017-08-23
PLN6C57CC0D62,CUST100069220,IoT Data Plan,Postpaid Mobile,26.15,10,1000,100,2018-09-15
PLN5059D7AC60,CUST100083409,Unlimited Premium,Broadband,61.5,20,-1,-1,2024-09-25
PLN8777B210F6,CUST100021361,Unlimited Basic,Prepaid Mobile,19.53,20,-1,-1,2019-11-13
PLN441E2E5778,CUST100083045,Unlimited Plus,Broadband,87.2,10,500,500,2024-03-26
PLN13F46D9F17,CUST100010552,Family Share 10GB,Postpaid Mobile,126.58,20,-1,100,2022-02-09
PLN89973FA9CA,CUST100080085,Unlimited Basic,Broadband,52.04,20,-1,100,2020-12-28
PLNAB378F3E61,CUST100046515,Family Share 10GB,Postpaid Mobile,141.64,2,500,100,2017-11-03
PLN08B23EDE38,CUST100037182,Unlimited Plus,Prepaid Mobile,100.42,50,-1,500,2020-08-07
PLN329358DA00,CUST100019474,IoT Data Plan,Postpaid Mobile,78.54,50,-1,100,2023-01-15
PLN442166AC4B,CUST100085406,Unlimited Basic,IoT,47.11,2,-1,500,2023-03-16
PLN63CC964E4A,CUST100042966,Prepaid 5GB,Postpaid Mobile,78.33,10,500,500,2018-09-27
PLNCFA08C94CE,CUST100065145,Prepaid 5GB,Postpaid Mobile,113.96,5,1000,-1,2017-08-24
PLNB7EF524293,CUST100059165,Family Share 10GB,Broadband,50.09,-1,500,500,2024-07-10
PLN9AB785C773,CUST100071579,Prepaid 5GB,Postpaid Mobile,122.53,2,1000,500,2018-10-03
PLNE6EEE2D228,CUST100069077,Family Share 10GB,Prepaid Mobile,77.82,-1,1000,100,2022-05-19
PLN423805465D,CUST100075821,Prepaid 5GB,Prepaid Mobile,107.52,-1,-1,-1,2016-03-07
PLN43983CE3EB,CUST100011501,Family Share 10GB,Postpaid Mobile,148.5,2,500,500,2021-06-04
PLN34EECD1277,CUST100027763,Family Share 10GB,Postpaid Mobile,85.38,2,1000,-1,2018-10-06
PLNE11E7DB8D9,CUST100030768,Fiber 500Mbps,Postpaid Mobile,58.36,-1,1000,-1,2020-09-26
PLN78881F39BA,CUST100020153,Unlimited Basic,Postpaid Mobile,85.45,50,1000,-1,2017-04-19
PLN706A63C586,CUST100051407,Fiber 1Gbps,Prepaid Mobile,121.79,2,-1,100,2020-03-18
PLN330AE178F9,CUST100046525,Fiber 500Mbps,Broadband,111.05,-1,500,100,2015-06-15
PLNBF9D83AD60,CUST100043701,IoT Data Plan,Prepaid Mobile,129.47,-1,1000,-1,2025-10-16
PLN706CB96D3C,CUST100060592,Fiber 500Mbps,Postpaid Mobile,126.57,-1,-1,100,2018-11-01
PLNFA438BEB88,CUST100059427,Prepaid 5GB,Prepaid Mobile,33.91,20,-1,-1,2018-04-16
PLN72ADC0A81C,CUST100007247,Unlimited Premium,Prepaid Mobile,42.37,5,1000,500,2022-12-08
PLN5A6C8725B1,CUST100006233,Fiber 500Mbps,Postpaid Mobile,101.97,20,-1,-1,2025-10-26
PLNF3626F8F79,CUST100006723,Fiber 500Mbps,Postpaid Mobile,91.13,-1,1000,100,2020-12-03
PLN85F6F03FC1,CUST100042173,Family Share 10GB,Broadband,81.81,10,-1,-1,2015-07-04
PLN1A2B345061,CUST100022341,Family Share 10GB,Broadband,95.14,5,1000,100,2020-08-23
PLNE6E9ABA56B,CUST100006091,Fiber 1Gbps,Postpaid Mobile,129.35,20,-1,500,2016-02-05
PLN27BEF0D5D9,CUST100089391,Unlimited Basic,Postpaid Mobile,87.26,5,-1,500,2018-11-29
PLN7278DFA923,CUST100096847,Fiber 500Mbps,Postpaid Mobile,144.95,20,500,500,2020-10-08
PLNEA45D92389,CUST100092155,Unlimited Basic,Postpaid Mobile,107.02,5,1000,500,2024-01-27
PLN94195E3D24,CUST100008204,Fiber 1Gbps,Postpaid Mobile,78.08,-1,-1,500,2015-09-18
PLN8C85BAFC1E,CUST100072227,Family Share 10GB,Prepaid Mobile,34.53,2,1000,-1,2015-12-30
PLNCFC8F56193,CUST100015103,IoT Data Plan,Prepaid Mobile,17.04,-1,1000,500,2023-11-02
PLN78B52D725F,CUST100052746,Unlimited Premium,Broadband,42.17,20,-1,100,2017-08-21
PLND47D5F5032,CUST100082737,Family Share 10GB,Postpaid Mobile,57.44,10,-1,-1,2021-08-12
PLN5430FD8C22,CUST100045301,Prepaid 5GB,Broadband,140.66,50,1000,100,2016-01-05
PLNA3BA89B762,CUST100053506,Fiber 1Gbps,Postpaid Mobile,47.38,2,-1,-1,2025-11-19
PLN4A4D256D45,CUST100016035,Unlimited Premium,Postpaid Mobile,141.41,5,500,500,2015-11-18
PLN8B2B8B5855,CUST100055019,Unlimited Premium,Postpaid Mobile,93.19,20,1000,500,2020-07-18
PLNCD0423E9BB,CUST100030985,Prepaid 5GB,Postpaid Mobile,20.96,10,500,500,2022-02-04
PLN285066371B,CUST100023787,Family Share 10GB,Prepaid Mobile,35.07,5,-1,-1,2015-05-16
PLN45AEFB1F78,CUST100052783,Family Share 10GB,Prepaid Mobile,47.6,-1,-1,100,2015-06-16
PLN3440B57274,CUST100063297,Prepaid 5GB,Broadband,123.01,50,1000,100,2018-10-03
PLN057073E18A,CUST100072644,Unlimited Premium,Prepaid Mobile,108.53,20,1000,-1,2018-03-15
PLN3FF5965C2E,CUST100083962,Prepaid 5GB,Postpaid Mobile,41.75,20,500,100,2026-02-15
PLN15EA84457E,CUST100042536,Fiber 500Mbps,Postpaid Mobile,24.09,-1,500,100,2026-01-25
PLN3E850FD069,CUST100073416,Fiber 1Gbps,Postpaid Mobile,74.93,10,-1,-1,2023-05-16
PLNAA7E26BAE1,CUST100056643,Fiber 500Mbps,Broadband,51.5,20,500,100,2017-12-17
PLN7E24AA6809,CUST100003756,Fiber 1Gbps,Postpaid Mobile,144.69,50,-1,-1,2024-09-22
PLND2E64A1908,CUST100004908,IoT Data Plan,Postpaid Mobile,48.7,5,-1,500,2016-10-29
PLN8B6ADBD2F1,CUST100044475,Unlimited Premium,Prepaid Mobile,116.44,-1,1000,500,2016-08-16
PLN25593D1F0E,CUST100081865,Unlimited Premium,Broadband,146.53,-1,500,500,2019-11-27
PLN33F692D78B,CUST100037404,IoT Data Plan,IoT,149.63,2,1000,100,2022-10-10
PLNB6D4C43712,CUST100015355,Prepaid 5GB,Postpaid Mobile,17.59,5,500,100,2019-04-26
PLN2BDF3F32E1,CUST100082003,Unlimited Plus,Prepaid Mobile,104.49,50,-1,100,2021-11-26
PLNF92AB8B00B,CUST100015373,Prepaid 5GB,Postpaid Mobile,129.32,-1,-1,-1,2021-01-18
PLN5AE10D2383,CUST100092761,Family Share 10GB,Prepaid Mobile,146.7,2,500,500,2022-06-08
PLNDC90831277,CUST100075524,IoT Data Plan,Broadband,70.57,5,500,100,2015-09-08
PLN4F5220792A,CUST100028793,Unlimited Premium,Prepaid Mobile,52.16,10,1000,-1,2018-10-28
PLN2E4116600E,CUST100086885,IoT Data Plan,Postpaid Mobile,126.65,50,1000,100,2016-02-27
PLNF05079B849,CUST100082527,Family Share 10GB,Prepaid Mobile,68.1,-1,500,500,2020-05-16
PLNC5F28B0DD5,CUST100043529,IoT Data Plan,Postpaid Mobile,87.62,2,-1,100,2015-05-27
PLNEB44353734,CUST100067435,Unlimited Basic,Postpaid Mobile,66.59,-1,500,-1,2017-03-15
PLN1974DEA5E5,CUST100034142,Family Share 10GB,Prepaid Mobile,147.21,5,-1,100,2021-02-06
PLNAEB6AE87C0,CUST100075975,Prepaid 5GB,Broadband,117.95,50,-1,500,2023-02-02
PLN7B7F674DB5,CUST100005719,Fiber 1Gbps,IoT,69.35,-1,1000,100,2023-09-19
PLN456B421FF9,CUST100046461,Unlimited Plus,Broadband,20.37,5,1000,100,2026-04-26
PLN02D06FF786,CUST100076810,Prepaid 5GB,Postpaid Mobile,71.35,-1,500,500,2016-08-03
PLNAB073F2AD5,CUST100014614,IoT Data Plan,Broadband,133.77,50,500,500,2026-03-18
PLNC33C957903,CUST100022805,Unlimited Premium,Postpaid Mobile,92.32,2,1000,-1,2015-02-16
PLN0DAA1CC4BA,CUST100065850,Fiber 500Mbps,Postpaid Mobile,141.86,5,1000,500,2025-01-19
PLN5FC1DF47BF,CUST100024797,Unlimited Basic,Broadband,50.16,-1,500,100,2024-11-22
PLN953B3074D4,CUST100084512,Unlimited Plus,Postpaid Mobile,146.49,20,1000,500,2017-09-13
PLNA38232680C,CUST100061262,Unlimited Basic,Broadband,141.69,50,-1,100,2020-02-07
PLN17F0B1733A,CUST100085607,Fiber 1Gbps,Broadband,96.36,5,500,100,2018-10-15
PLNCE684DD6A5,CUST100092298,Family Share 10GB,Broadband,127.31,2,-1,100,2023-08-09
PLN3B321DF980,CUST100085798,IoT Data Plan,Postpaid Mobile,90.68,2,1000,-1,2018-07-29
PLNE21903E983,CUST100043383,Fiber 500Mbps,Postpaid Mobile,93.61,5,-1,-1,2018-07-22
PLNE218D97961,CUST100006502,Fiber 1Gbps,Postpaid Mobile,77.52,-1,500,500,2023-07-19
PLN6C041EB43E,CUST100067689,Fiber 500Mbps,Postpaid Mobile,131.82,5,-1,-1,2024-11-15
PLN4721DB4664,CUST100015876,Unlimited Basic,Postpaid Mobile,54.66,5,-1,500,2015-11-06
PLN2371D852BF,CUST100011022,Fiber 1Gbps,Broadband,108.49,20,-1,100,2018-09-22
PLN0DEC97B845,CUST100059596,Family Share 10GB,Postpaid Mobile,85.75,10,500,100,2023-02-18
PLN3E780D90EF,CUST100052001,Unlimited Plus,Prepaid Mobile,131.47,-1,-1,500,2016-04-10
PLNE0B7706138,CUST100071687,Fiber 500Mbps,Broadband,58.56,50,500,500,2019-12-01
PLNCE3826AB12,CUST100008908,Unlimited Basic,Postpaid Mobile,70.0,10,500,-1,2015-06-13
PLN951DEDD56B,CUST100035262,Prepaid 5GB,Postpaid Mobile,77.0,2,-1,100,2019-12-04
PLNC7BA0A537D,CUST100066249,Unlimited Premium,Postpaid Mobile,24.7,2,500,500,2022-10-31
PLNDAA19A12F8,CUST100011051,Unlimited Basic,Postpaid Mobile,50.48,2,1000,100,2018-11-09
PLN1E6BD0DB3E,CUST100021200,Unlimited Plus,Postpaid Mobile,107.44,20,1000,100,2018-04-27
PLN0C5D446D39,CUST100013269,Fiber 1Gbps,Prepaid Mobile,145.06,2,-1,100,2015-12-28
PLN90F89E4343,CUST100051808,Prepaid 5GB,Postpaid Mobile,105.82,-1,-1,500,2017-09-29
PLN2BBC76E62D,CUST100004761,Prepaid 5GB,Postpaid Mobile,54.53,10,-1,500,2019-04-05
PLN8525B760E0,CUST100074422,Prepaid 5GB,Postpaid Mobile,24.94,5,500,500,2020-08-31
PLN135C0873CA,CUST100064081,Prepaid 5GB,Postpaid Mobile,146.07,5,500,-1,2015-04-15
PLN255748BC69,CUST100026910,Family Share 10GB,Broadband,82.65,10,500,100,2018-02-26
PLNC0C7C417BB,CUST100011504,IoT Data Plan,Prepaid Mobile,129.43,10,500,-1,2017-08-10
PLN0A5C100D6A,CUST100043880,Unlimited Premium,Postpaid Mobile,54.7,50,-1,500,2022-07-02
PLN4FE78C150D,CUST100002132,Unlimited Basic,Postpaid Mobile,105.58,2,-1,500,2019-12-17
PLN45867B5379,CUST100016611,Fiber 500Mbps,Postpaid Mobile,112.78,20,-1,100,2018-12-03
PLN0463532A86,CUST100049784,Unlimited Premium,Postpaid Mobile,17.36,50,500,100,2016-12-28
PLNC6D2795C48,CUST100002006,Unlimited Plus,Broadband,118.52,10,1000,100,2020-09-23
PLN352BAC7269,CUST100098450,Unlimited Premium,Prepaid Mobile,72.72,5,-1,-1,2016-05-24
PLN118774264B,CUST100002985,Family Share 10GB,Prepaid Mobile,114.8,50,1000,100,2017-12-16
PLN432981FCE7,CUST100008443,Unlimited Premium,Prepaid Mobile,54.12,50,-1,500,2018-09-27
PLN6E516C3DA8,CUST100021251,Prepaid 5GB,Prepaid Mobile,65.44,5,500,100,2020-05-01
PLNC9603F2347,CUST100024945,IoT Data Plan,Postpaid Mobile,45.79,2,500,100,2023-08-14
PLNE7AE49FC1E,CUST100062778,Family Share 10GB,Prepaid Mobile,23.37,10,500,500,2019-09-16
PLNEBD8F09A19,CUST100001637,Fiber 500Mbps,Postpaid Mobile,105.23,50,-1,100,2019-03-10
PLN17A4AE8394,CUST100098903,IoT Data Plan,Prepaid Mobile,27.55,20,500,-1,2021-07-29
PLNE45D149E45,CUST100092611,Fiber 1Gbps,Postpaid Mobile,87.32,20,500,500,2023-08-08
PLND62CBC0632,CUST100020663,Fiber 500Mbps,Broadband,58.33,-1,-1,-1,2021-03-10
PLNBFF1806DA6,CUST100041559,Unlimited Premium,Postpaid Mobile,51.5,5,500,100,2019-01-11
PLN10C990E456,CUST100053131,Unlimited Basic,Broadband,70.35,50,-1,500,2016-12-12
PLN4578917C95,CUST100082883,Prepaid 5GB,Postpaid Mobile,77.51,2,500,500,2017-04-02
PLNE30C6DDB2B,CUST100095380,Unlimited Basic,Prepaid Mobile,37.81,-1,500,100,2016-06-01
PLN5AE7E1025D,CUST100014137,Unlimited Basic,Postpaid Mobile,140.01,5,500,500,2019-10-09
PLNA51FA5193B,CUST100043446,Unlimited Premium,Postpaid Mobile,46.95,20,500,-1,2021-02-14
PLNCB9E5911AE,CUST100097839,Prepaid 5GB,Broadband,142.64,20,500,-1,2020-06-03
PLN8F635B3D22,CUST100073879,Unlimited Basic,Postpaid Mobile,89.05,20,1000,500,2015-05-28
PLN23F85DAB2D,CUST100074314,Fiber 500Mbps,Postpaid Mobile,70.39,50,-1,500,2025-12-25
PLN2B6EF5D7B3,CUST100020066,Fiber 1Gbps,Postpaid Mobile,39.49,2,-1,-1,2018-02-13
PLNA9B22619DD,CUST100080637,Unlimited Premium,Postpaid Mobile,48.36,20,-1,500,2015-08-08
PLN0C95FB5FED,CUST100091145,Fiber 1Gbps,Postpaid Mobile,22.53,-1,-1,-1,2022-05-04
PLN7AE96E9A47,CUST100099577,Unlimited Premium,Postpaid Mobile,38.37,2,1000,100,2022-09-01
PLN4CF9D87FCB,CUST100043351,Unlimited Basic,Prepaid Mobile,84.87,-1,500,100,2015-08-28
PLN2F4F81465C,CUST100045673,Fiber 500Mbps,Postpaid Mobile,108.46,5,1000,500,2025-06-12
PLN344E4C8C0E,CUST100092924,Fiber 500Mbps,Postpaid Mobile,64.32,-1,-1,100,2022-06-26
PLN6E8C142E12,CUST100099865,Family Share 10GB,Broadband,119.25,20,500,100,2025-10-16
PLNE0A9577276,CUST100077905,Unlimited Premium,Postpaid Mobile,136.15,5,500,-1,2018-05-12
PLNDFDB4CFF38,CUST100086952,Unlimited Premium,Broadband,33.87,10,500,-1,2017-01-30
PLN6E3D8ECB39,CUST100087529,Fiber 1Gbps,Prepaid Mobile,119.07,-1,500,100,2024-06-09
PLN5655BB750D,CUST100046299,Unlimited Plus,Postpaid Mobile,143.53,10,1000,100,2019-01-01
PLN086295C082,CUST100079677,IoT Data Plan,Prepaid Mobile,25.38,5,-1,500,2021-12-19
PLNC837E50EE9,CUST100082481,Fiber 1Gbps,Postpaid Mobile,132.01,5,1000,-1,2023-02-06
PLNC9CDB8F43B,CUST100003398,Unlimited Plus,Broadband,108.77,5,1000,-1,2019-06-04
PLN23D61601FB,CUST100099597,Unlimited Premium,Postpaid Mobile,121.34,-1,500,100,2022-12-20
PLN70F2DB39E3,CUST100042878,Unlimited Basic,Postpaid Mobile,109.78,-1,-1,500,2022-04-02
PLN64B9944684,CUST100050211,Fiber 1Gbps,Broadband,83.5,10,500,-1,2026-05-02
PLNC083B15529,CUST100050298,Unlimited Premium,Postpaid Mobile,128.81,-1,1000,-1,2025-12-23
PLN8EF4C4A9C4,CUST100074409,Family Share 10GB,Postpaid Mobile,145.46,10,-1,500,2018-11-07
PLN0ABF9EAE2B,CUST100011971,Prepaid 5GB,Postpaid Mobile,145.99,10,500,-1,2023-09-26
PLNCF29275F1E,CUST100052389,IoT Data Plan,Broadband,80.93,10,1000,100,2023-07-09
PLN40643D66A5,CUST100049265,Unlimited Plus,Postpaid Mobile,47.36,10,500,-1,2023-12-28
PLN08844A5D4D,CUST100028659,Family Share 10GB,Postpaid Mobile,84.14,-1,500,500,2024-05-19
PLNCDF021D639,CUST100067528,Unlimited Basic,Postpaid Mobile,149.41,2,500,-1,2018-09-07
PLN84313C8F15,CUST100018109,Fiber 500Mbps,Broadband,101.35,5,-1,-1,2016-09-30
PLNDCCDDB8BD7,CUST100004980,Unlimited Basic,Broadband,69.15,50,500,500,2023-03-05
PLND23B43793B,CUST100082347,IoT Data Plan,Postpaid Mobile,144.77,50,1000,500,2015-03-24
PLN64090C6CB7,CUST100044800,Family Share 10GB,Broadband,131.24,20,1000,-1,2017-03-11
PLNA0A9717E22,CUST100053447,IoT Data Plan,Postpaid Mobile,42.66,-1,1000,100,2020-08-29
PLN86B3A0842D,CUST100016524,Fiber 500Mbps,Prepaid Mobile,57.21,2,-1,500,2017-01-22
PLN73AA5A76D7,CUST100052865,Unlimited Premium,Postpaid Mobile,34.03,-1,1000,100,2022-07-30
PLN9B23919988,CUST100009035,Fiber 500Mbps,Postpaid Mobile,44.29,2,-1,-1,2025-12-15
PLN58C0A7D928,CUST100015755,Unlimited Basic,Postpaid Mobile,47.49,5,500,100,2019-02-16
PLN3CEF70C031,CUST100041869,Unlimited Premium,Postpaid Mobile,58.89,5,-1,500,2023-09-15
PLN5908A859CD,CUST100054331,IoT Data Plan,Prepaid Mobile,65.43,2,500,100,2015-04-20
PLN01FAC23F1A,CUST100048054,Unlimited Plus,Postpaid Mobile,49.11,20,1000,100,2023-08-02
PLNCAAEFB30D9,CUST100081526,Unlimited Plus,Prepaid Mobile,27.12,5,500,100,2016-07-18
PLNCDF976DCF9,CUST100022034,Family Share 10GB,Postpaid Mobile,108.12,50,500,100,2025-02-07
PLN183352B3A2,CUST100020547,Fiber 500Mbps,IoT,42.11,-1,1000,100,2025-12-12
PLNAC2F3F9995,CUST100040187,IoT Data Plan,Postpaid Mobile,58.88,10,500,500,2020-07-15
PLN5AF85FE60B,CUST100028837,Unlimited Plus,Postpaid Mobile,45.5,10,1000,100,2015-06-22
PLN8E2D8C4F23,CUST100029691,Fiber 1Gbps,Postpaid Mobile,29.67,20,1000,500,2018-11-28
PLND26036F8F6,CUST100042625,Fiber 500Mbps,Postpaid Mobile,35.89,-1,500,500,2015-01-15
PLN6AE9A7DEE3,CUST100023267,Fiber 500Mbps,Postpaid Mobile,63.47,-1,500,500,2019-03-13
PLN67EF7B26A4,CUST100045317,Fiber 1Gbps,Postpaid Mobile,40.75,10,500,500,2018-07-15
PLN28CDD9AC61,CUST100043662,Fiber 500Mbps,Postpaid Mobile,81.59,20,-1,500,2015-06-12
PLN986F41773E,CUST100098350,Unlimited Premium,IoT,60.06,10,500,100,2021-04-29
PLNB8B557C37F,CUST100014369,Prepaid 5GB,Postpaid Mobile,78.83,2,-1,500,2021-08-28
PLN4A9250BD3B,CUST100054076,Fiber 1Gbps,Prepaid Mobile,105.58,10,-1,500,2020-06-14
PLN6E61897B6B,CUST100035463,Unlimited Premium,Broadband,69.33,5,500,-1,2021-03-13
PLN3E63F1CC76,CUST100081080,Fiber 500Mbps,Broadband,64.43,50,-1,500,2017-12-12
PLN023CE62DC3,CUST100042052,Fiber 1Gbps,Broadband,132.78,50,500,100,2020-10-16
PLN39096C25ED,CUST100034935,Unlimited Plus,Postpaid Mobile,114.89,20,500,100,2019-02-06
PLN68A9B8407B,CUST100064339,Fiber 500Mbps,Prepaid Mobile,40.29,50,-1,500,2016-01-10
PLN04581CED15,CUST100045502,Unlimited Premium,Prepaid Mobile,143.97,5,500,100,2022-02-23
PLNB54A83947C,CUST100095169,IoT Data Plan,Prepaid Mobile,121.57,10,500,500,2016-07-12
PLNB19B34DD6E,CUST100030343,Fiber 500Mbps,Prepaid Mobile,109.77,20,-1,-1,2017-01-28
PLN00F032471C,CUST100029155,Unlimited Basic,Broadband,98.65,5,-1,500,2021-08-24
PLN5EB5120D7D,CUST100009806,Unlimited Basic,Prepaid Mobile,65.18,5,-1,-1,2024-09-16
PLN4213DC5771,CUST100083003,IoT Data Plan,Broadband,116.56,-1,-1,500,2019-02-17
PLN0ADF5C66F2,CUST100045388,Unlimited Basic,Postpaid Mobile,108.74,50,1000,100,2021-09-16
PLND1482A479D,CUST100034980,Prepaid 5GB,Prepaid Mobile,108.0,50,500,100,2015-06-12
PLNC5805E0658,CUST100091851,Fiber 500Mbps,Broadband,22.84,5,500,100,2022-11-05
PLNB792FE13BA,CUST100001793,Family Share 10GB,Postpaid Mobile,48.2,10,-1,-1,2025-05-16
PLNE926EDAFFE,CUST100008201,Fiber 500Mbps,Postpaid Mobile,135.71,5,1000,100,2021-06-17
PLNF3D199ACEA,CUST100041125,Prepaid 5GB,Prepaid Mobile,26.92,50,1000,500,2020-12-11
PLN01BE61D42D,CUST100081188,Unlimited Premium,Postpaid Mobile,53.86,2,-1,-1,2015-08-04
PLN1B9FA80E0C,CUST100069733,Fiber 1Gbps,IoT,51.73,-1,-1,100,2022-11-29
PLN42DCCD467A,CUST100030893,IoT Data Plan,Prepaid Mobile,41.86,2,-1,500,2024-01-28
PLN9CAC621497,CUST100026965,Unlimited Basic,Postpaid Mobile,129.97,5,500,-1,2017-06-08
PLN6341372F80,CUST100034500,Unlimited Basic,Broadband,95.8,2,500,500,2016-04-16
PLN15CD1E74FC,CUST100091485,Unlimited Premium,Postpaid Mobile,143.56,20,1000,100,2023-05-08
PLN3771BC2AAE,CUST100035172,Fiber 1Gbps,Broadband,82.39,-1,-1,500,2018-06-27
PLNCECE46546F,CUST100028630,Family Share 10GB,Postpaid Mobile,119.89,50,500,100,2022-08-17
PLN5699E4897F,CUST100055077,Fiber 500Mbps,Prepaid Mobile,94.36,2,-1,-1,2023-03-21
PLN82E80F92CF,CUST100066014,Prepaid 5GB,Postpaid Mobile,105.2,2,1000,-1,2018-03-06
PLNEFB7921DB5,CUST100033783,Fiber 500Mbps,Postpaid Mobile,60.54,50,1000,-1,2015-09-03
PLNB1D485571F,CUST100014317,Fiber 500Mbps,Prepaid Mobile,126.21,10,-1,-1,2024-07-23
PLN5D0F2FECE1,CUST100074426,Unlimited Basic,Prepaid Mobile,136.38,2,500,-1,2020-12-23
PLN5BE48E910F,CUST100081641,IoT Data Plan,Broadband,124.75,20,1000,500,2022-03-09
PLN23FDA53C4A,CUST100015485,Prepaid 5GB,Postpaid Mobile,95.89,-1,-1,-1,2016-02-21
PLN39AADB2E51,CUST100007100,Prepaid 5GB,Postpaid Mobile,79.83,20,-1,100,2022-03-20
PLN91942F350B,CUST100094632,Unlimited Premium,Broadband,62.16,2,-1,-1,2025-04-06
PLN1DC8D28361,CUST100029582,Unlimited Premium,Postpaid Mobile,103.78,50,-1,500,2024-10-11
PLN40583CE419,CUST100092025,Family Share 10GB,Broadband,61.79,2,-1,-1,2022-03-06
PLN7E8C0F8E4F,CUST100022442,Unlimited Basic,Broadband,46.45,-1,-1,100,2024-03-28
PLN7515619FF9,CUST100001997,Unlimited Basic,Broadband,66.93,2,-1,500,2020-11-16
PLN779429BAE8,CUST100072424,IoT Data Plan,Postpaid Mobile,69.33,-1,-1,-1,2023-10-08
PLN9E38DAF8DE,CUST100006427,Fiber 1Gbps,Broadband,125.96,10,-1,100,2023-08-23
PLNE53F10C651,CUST100099268,Unlimited Premium,Broadband,38.67,5,-1,100,2018-02-13
PLNA7D038B6D3,CUST100098128,Prepaid 5GB,Postpaid Mobile,38.42,50,1000,-1,2015-03-09
PLN6234E61DEE,CUST100077445,Family Share 10GB,Prepaid Mobile,54.0,-1,-1,500,2017-12-26
PLN335A7C1B1F,CUST100078954,IoT Data Plan,Postpaid Mobile,108.82,2,500,500,2022-11-11
PLNE5FD87693B,CUST100073203,Fiber 1Gbps,Postpaid Mobile,61.8,-1,500,100,2019-08-08
PLN2EA105A4D4,CUST100054921,IoT Data Plan,Postpaid Mobile,87.88,-1,500,500,2020-06-16
PLN1C75337715,CUST100054571,Fiber 500Mbps,Broadband,102.35,50,1000,500,2019-02-24
PLN45B7FEEFDE,CUST100088938,Family Share 10GB,Postpaid Mobile,107.77,50,1000,100,2024-01-21
PLNEB3700C267,CUST100038044,Fiber 500Mbps,Postpaid Mobile,49.78,50,1000,100,2025-06-29
PLN1E0961E7AC,CUST100041890,Unlimited Plus,Prepaid Mobile,140.94,5,1000,-1,2024-03-24
PLNF1D2063705,CUST100054051,Prepaid 5GB,Broadband,140.64,-1,500,-1,2022-06-07
PLNEDD7CB38AA,CUST100091390,Fiber 500Mbps,Postpaid Mobile,15.78,20,1000,-1,2023-06-06
PLN7F3DD65B2C,CUST100087609,Prepaid 5GB,Prepaid Mobile,138.67,5,-1,500,2018-09-14
PLNEECC41DFF9,CUST100040453,Family Share 10GB,Broadband,58.28,2,500,100,2023-12-25
PLN87EF129D21,CUST100075263,IoT Data Plan,Broadband,112.1,-1,500,-1,2019-01-18
PLN946A0B7CB0,CUST100012852,Fiber 500Mbps,Postpaid Mobile,39.81,2,-1,500,2018-07-13
PLN033A0C127F,CUST100028777,Prepaid 5GB,Postpaid Mobile,54.29,20,500,-1,2023-02-05
PLNA9AB962FD2,CUST100044392,Unlimited Basic,Broadband,114.91,50,-1,500,2024-05-05
PLND4655E4A24,CUST100091740,Unlimited Basic,Postpaid Mobile,82.12,-1,1000,500,2016-02-05
PLNBB205C298A,CUST100048929,Unlimited Premium,Broadband,45.48,5,500,500,2025-02-25
PLN4F00810098,CUST100039042,Unlimited Plus,Postpaid Mobile,128.3,5,500,100,2016-06-15
PLNEAAC418F62,CUST100024681,Unlimited Plus,Postpaid Mobile,124.4,-1,1000,500,2023-07-17
PLN12A725AD10,CUST100049750,Fiber 500Mbps,IoT,43.01,50,500,500,2015-06-07
PLNF881AC0D0F,CUST100009152,IoT Data Plan,Postpaid Mobile,38.0,20,500,100,2018-03-25
PLN9584E60406,CUST100070740,Unlimited Plus,Prepaid Mobile,57.17,50,500,-1,2018-03-31
PLN984D275D5B,CUST100044559,Unlimited Premium,Postpaid Mobile,136.58,2,500,-1,2018-09-22
PLNEC8CED12FB,CUST100096301,Unlimited Basic,Postpaid Mobile,38.63,-1,500,100,2021-04-22
PLN860044ABF7,CUST100091945,Fiber 1Gbps,IoT,100.44,50,-1,500,2019-01-01
PLN8972804304,CUST100037477,Fiber 1Gbps,Prepaid Mobile,61.37,-1,-1,-1,2017-10-04
PLN051B2202A1,CUST100027230,Prepaid 5GB,Postpaid Mobile,23.53,50,1000,100,2018-11-03
PLN537612C2E3,CUST100044022,IoT Data Plan,Prepaid Mobile,71.9,5,500,100,2022-02-07
PLN6C8F42F36F,CUST100072265,Unlimited Plus,Prepaid Mobile,133.53,50,1000,-1,2015-09-14
PLNEE79BC7912,CUST100092495,Unlimited Premium,Postpaid Mobile,54.58,10,500,-1,2026-06-25
PLN4469F6EFE2,CUST100052833,Unlimited Plus,Broadband,90.38,2,-1,100,2020-11-27
PLN8057C0659E,CUST100055410,Unlimited Basic,Prepaid Mobile,25.74,20,500,-1,2024-05-14
PLNB8209BDC7A,CUST100066542,IoT Data Plan,Prepaid Mobile,81.08,-1,1000,100,2020-09-03
PLN4C5B2883FC,CUST100045179,Unlimited Premium,Postpaid Mobile,24.48,50,500,500,2020-01-15
PLN543DBE94CA,CUST100049893,IoT Data Plan,Postpaid Mobile,75.98,2,500,500,2019-01-17
PLNDA38CA1017,CUST100004138,Unlimited Basic,IoT,44.48,10,1000,100,2020-12-05
PLNE67E70013A,CUST100065809,Prepaid 5GB,Postpaid Mobile,22.75,-1,1000,100,2020-08-01
PLN7CE22BFE40,CUST100079654,Fiber 1Gbps,Postpaid Mobile,20.51,-1,500,500,2018-11-02
PLN80D39594A7,CUST100064802,Family Share 10GB,Postpaid Mobile,21.73,2,1000,500,2021-12-29
PLNE0EC1A50C7,CUST100036195,IoT Data Plan,Postpaid Mobile,138.98,20,500,500,2020-08-15
PLNA0CEDF06D8,CUST100083062,Unlimited Basic,Postpaid Mobile,65.63,20,1000,100,2024-11-22
PLN73A135EB07,CUST100099770,Family Share 10GB,Prepaid Mobile,26.51,5,500,100,2021-03-27
PLN8680E5C8CC,CUST100059538,Fiber 500Mbps,Broadband,52.89,2,-1,-1,2020-08-21
PLN12C596AB21,CUST100077244,Prepaid 5GB,Postpaid Mobile,124.26,-1,1000,500,2021-11-14
PLNE3815C465F,CUST100053200,Unlimited Premium,Postpaid Mobile,107.48,-1,500,-1,2016-06-17
PLNA845256CB9,CUST100067714,Unlimited Basic,Broadband,69.82,-1,500,100,2023-03-14
PLN5E48853B10,CUST100065066,Family Share 10GB,Broadband,24.56,10,500,500,2021-10-17
PLNA315A16C6C,CUST100029291,Unlimited Premium,Postpaid Mobile,41.81,-1,-1,-1,2019-08-08
PLN2E879C9C52,CUST100068548,Unlimited Premium,Postpaid Mobile,56.55,20,-1,500,2017-08-15
PLN57FE37A3D3,CUST100029049,IoT Data Plan,Prepaid Mobile,122.49,2,500,500,2016-01-06
PLND7DD8A6540,CUST100018830,Fiber 1Gbps,Broadband,62.49,-1,1000,100,2022-12-05
PLN171F6B820C,CUST100094475,Prepaid 5GB,Postpaid Mobile,143.03,-1,500,500,2022-04-04
PLN0D9EF278A5,CUST100033689,Prepaid 5GB,Postpaid Mobile,53.73,20,500,100,2019-08-05
PLN9D7D5E26D7,CUST100077079,Unlimited Premium,Postpaid Mobile,71.52,-1,-1,100,2019-05-22
PLN9587B9D448,CUST100078338,Fiber 500Mbps,Postpaid Mobile,70.52,10,-1,100,2025-11-04
PLN5814CD1E67,CUST100094600,Prepaid 5GB,Postpaid Mobile,37.92,5,500,500,2020-01-07
PLN7A14082C84,CUST100038828,Prepaid 5GB,Prepaid Mobile,22.84,2,500,100,2016-09-18
PLN1DB7815EF5,CUST100035426,IoT Data Plan,Postpaid Mobile,45.91,50,1000,-1,2022-01-31
PLN429F81375C,CUST100073427,IoT Data Plan,Postpaid Mobile,101.46,2,500,500,2024-06-02
PLNAFC2DB7BCC,CUST100011595,Family Share 10GB,Postpaid Mobile,70.22,10,1000,-1,2016-01-08
PLN92825C67C5,CUST100069449,Family Share 10GB,Postpaid Mobile,107.31,10,-1,100,2017-08-06
PLN0365194466,CUST100008409,Family Share 10GB,Postpaid Mobile,114.25,-1,1000,100,2017-11-05
PLN2C1ED6ECD0,CUST100066435,Fiber 1Gbps,Postpaid Mobile,46.0,2,-1,500,2018-12-11
PLNCFD1ADAF97,CUST100082899,Unlimited Basic,Broadband,141.4,50,500,-1,2017-12-29
PLN9A2C06AFE0,CUST100083992,Unlimited Premium,Broadband,80.89,5,500,-1,2022-02-10
PLNC359A1FBD5,CUST100053987,Unlimited Basic,Postpaid Mobile,114.37,10,-1,500,2015-05-07
PLN285A0646DA,CUST100052289,Unlimited Basic,Postpaid Mobile,67.41,5,1000,500,2017-08-26
PLNB27091AC45,CUST100025842,Fiber 500Mbps,IoT,41.68,5,-1,100,2025-04-27
PLNF202D794A9,CUST100016973,Unlimited Premium,Prepaid Mobile,62.49,20,1000,100,2024-08-30
PLN8FCD183E5E,CUST100050877,Unlimited Premium,Broadband,93.0,2,1000,500,2024-11-08
PLN6107495D56,CUST100044340,Unlimited Premium,Broadband,28.37,2,500,100,2017-12-26
PLN4395E6E8CB,CUST100008066,Fiber 500Mbps,Postpaid Mobile,51.24,-1,1000,100,2017-06-08
PLN8D1F9DA457,CUST100005320,Prepaid 5GB,Prepaid Mobile,99.57,2,-1,500,2019-07-27
PLN0148AEA34B,CUST100042701,Unlimited Basic,Postpaid Mobile,114.64,20,1000,100,2025-08-02
PLN2FC9177E70,CUST100025229,Family Share 10GB,Postpaid Mobile,139.39,10,1000,100,2021-03-12
PLN2B719D1229,CUST100050547,Unlimited Plus,Postpaid Mobile,74.54,10,-1,-1,2015-07-07
PLNC8515D54E2,CUST100000651,Unlimited Plus,Postpaid Mobile,124.48,-1,-1,500,2024-07-24
PLN79A8A80FF6,CUST100022377,IoT Data Plan,Postpaid Mobile,147.22,5,-1,500,2018-09-03
PLN95D8340660,CUST100086005,Fiber 1Gbps,Broadband,126.6,50,-1,-1,2021-08-28
PLN5620614354,CUST100001753,IoT Data Plan,Prepaid Mobile,49.06,5,500,100,2020-08-10
PLNA049B5053B,CUST100054914,Fiber 500Mbps,IoT,87.0,50,1000,500,2021-09-23
PLNBF839A6F04,CUST100090248,Unlimited Plus,Prepaid Mobile,87.04,10,500,-1,2019-01-01
PLN9E14F2F86E,CUST100087034,IoT Data Plan,Prepaid Mobile,102.89,-1,-1,500,2021-04-29
PLN9DD39D1905,CUST100049679,Unlimited Basic,Postpaid Mobile,144.79,2,1000,100,2023-01-21
PLND1AA16007C,CUST100072844,Family Share 10GB,Postpaid Mobile,99.5,20,500,100,2020-05-17
PLNCB0CE2F3B3,CUST100072910,Fiber 500Mbps,Postpaid Mobile,47.3,10,500,100,2025-03-28
PLNDDB814F96A,CUST100041912,IoT Data Plan,Postpaid Mobile,43.85,5,1000,-1,2015-07-04
PLND4FCD12137,CUST100085042,Unlimited Basic,IoT,65.6,2,-1,100,2019-04-13
PLND76632B715,CUST100080626,Family Share 10GB,Postpaid Mobile,82.99,5,500,100,2023-11-22
PLN69DEA83F38,CUST100055191,Unlimited Basic,Broadband,99.72,-1,500,-1,2017-06-07
PLNEE35CD733A,CUST100005829,Unlimited Premium,Postpaid Mobile,44.24,5,500,500,2025-11-18
PLNACC3C159C0,CUST100048743,Prepaid 5GB,IoT,81.88,5,1000,-1,2015-07-26
PLN9B102AA56D,CUST100047470,Unlimited Basic,Postpaid Mobile,31.73,20,500,500,2023-07-06
PLN88064AC42E,CUST100047191,Family Share 10GB,Postpaid Mobile,61.34,10,-1,100,2017-11-02
PLN92962A14A9,CUST100055558,IoT Data Plan,Broadband,59.02,20,-1,-1,2020-11-09
PLN501191484F,CUST100067799,Family Share 10GB,Broadband,34.44,-1,-1,100,2015-02-10
PLN0E65CC9255,CUST100067559,IoT Data Plan,Postpaid Mobile,21.41,10,500,100,2020-03-28
PLNF15409F274,CUST100091226,Fiber 500Mbps,Postpaid Mobile,136.14,10,-1,-1,2015-12-04
PLN407274E537,CUST100019558,Family Share 10GB,Prepaid Mobile,131.73,50,1000,-1,2015-11-13
PLNC4C8752615,CUST100021943,Fiber 500Mbps,Prepaid Mobile,18.17,20,-1,-1,2022-05-19
PLND6BB7D576B,CUST100059867,Prepaid 5GB,Prepaid Mobile,95.73,50,1000,500,2017-03-30
PLN1834EAD2E3,CUST100018755,Fiber 500Mbps,Postpaid Mobile,56.11,2,1000,100,2025-06-11
PLN1D69462617,CUST100002646,Prepaid 5GB,Postpaid Mobile,143.87,-1,1000,100,2017-05-22
PLN29DB42235E,CUST100053180,Unlimited Basic,IoT,61.77,10,1000,-1,2025-02-13
PLNFBE8485442,CUST100050470,Prepaid 5GB,Postpaid Mobile,88.87,5,500,-1,2018-05-10
PLN221AD8E710,CUST100094302,IoT Data Plan,Postpaid Mobile,109.53,20,-1,500,2015-12-02
PLN58497FBA2E,CUST100025755,Family Share 10GB,Prepaid Mobile,141.44,2,-1,100,2022-04-15
PLNFD87292262,CUST100020623,Family Share 10GB,IoT,23.78,-1,-1,-1,2016-07-01
PLN5F15ED80FC,CUST100038301,Unlimited Premium,Postpaid Mobile,73.13,50,-1,500,2025-01-06
PLNC73F437CF4,CUST100065221,IoT Data Plan,Postpaid Mobile,53.46,50,1000,500,2019-01-16
PLN1FCA5400D4,CUST100069620,IoT Data Plan,Postpaid Mobile,90.95,50,500,500,2023-07-09
PLNA23069BF3C,CUST100026181,Unlimited Plus,Prepaid Mobile,72.78,5,1000,-1,2019-08-20
PLN0E1DD14F0D,CUST100058549,Fiber 500Mbps,Broadband,53.27,10,-1,500,2020-06-23
PLNABBFD95BED,CUST100067755,Unlimited Premium,Broadband,95.82,20,1000,100,2025-01-20
PLN7D7B8A28EF,CUST100049298,Fiber 1Gbps,Postpaid Mobile,140.11,5,1000,-1,2018-08-06
PLNA35D861E82,CUST100030614,IoT Data Plan,Postpaid Mobile,16.14,2,-1,-1,2016-07-26
PLN0A4B6CBB32,CUST100055179,IoT Data Plan,Postpaid Mobile,73.79,-1,-1,500,2020-08-13
PLNB8A8653CE6,CUST100071515,Fiber 1Gbps,Prepaid Mobile,56.81,5,500,500,2020-06-28
PLN100E3B8688,CUST100082384,Fiber 1Gbps,Postpaid Mobile,67.64,20,-1,-1,2016-07-28
PLN411D7B5876,CUST100017644,Prepaid 5GB,Broadband,21.69,2,-1,100,2018-03-23
PLNC95EB3C4C2,CUST100076700,Prepaid 5GB,Prepaid Mobile,17.41,-1,-1,500,2018-12-08
PLNDAB356FBEC,CUST100082889,Fiber 500Mbps,Postpaid Mobile,36.43,10,500,100,2023-02-04
PLND12F8013EB,CUST100004552,Unlimited Premium,Postpaid Mobile,74.91,2,-1,100,2020-07-16
PLN71897B431B,CUST100080061,Fiber 1Gbps,Broadband,94.31,-1,-1,100,2025-12-25
PLN2816E23230,CUST100099719,Prepaid 5GB,Postpaid Mobile,34.24,2,500,100,2026-03-19
PLNBCDABFB7CD,CUST100053841,Unlimited Premium,Postpaid Mobile,147.82,5,500,500,2025-08-15
PLNBFFC348A3C,CUST100040522,Unlimited Plus,Broadband,64.07,10,-1,-1,2017-06-20
PLNC9F306D71E,CUST100086087,Unlimited Plus,Postpaid Mobile,87.41,10,1000,100,2015-08-29
PLNBAD2295CED,CUST100035786,Prepaid 5GB,Prepaid Mobile,126.21,50,-1,500,2018-06-20
PLNC5BF18429F,CUST100019272,Fiber 1Gbps,Postpaid Mobile,58.38,20,500,100,2019-11-25
PLN38A989CB48,CUST100043823,Unlimited Premium,Postpaid Mobile,97.07,5,-1,-1,2022-06-10
PLNBEF4645582,CUST100098313,Fiber 500Mbps,Postpaid Mobile,145.78,50,500,100,2023-02-24
PLN55CDDF11CF,CUST100019371,Unlimited Plus,Postpaid Mobile,123.55,10,-1,-1,2018-09-01
PLN59F743B16C,CUST100076505,Fiber 500Mbps,Prepaid Mobile,74.74,-1,500,500,2016-05-30
PLN6BE0DECFDC,CUST100029021,Fiber 500Mbps,Postpaid Mobile,110.02,20,1000,-1,2022-04-14
PLN7B70907FC6,CUST100078517,IoT Data Plan,Broadband,47.15,50,-1,-1,2021-11-26
PLNF00E34F69F,CUST100040623,Unlimited Plus,Prepaid Mobile,26.4,20,1000,500,2020-12-08
PLN99E75915E0,CUST100055975,Unlimited Plus,Prepaid Mobile,141.91,10,500,-1,2022-04-13
PLN135CE7A6A6,CUST100031570,Unlimited Premium,Postpaid Mobile,89.67,-1,500,-1,2018-11-02
PLN1D06396EBF,CUST100098570,Unlimited Premium,Postpaid Mobile,112.61,50,-1,100,2017-10-07
PLN8A767B77BD,CUST100028038,Prepaid 5GB,Prepaid Mobile,143.12,20,-1,500,2022-03-17
PLN04B0934802,CUST100038254,Fiber 500Mbps,Broadband,54.4,5,500,100,2019-04-26
PLN99B4387DE2,CUST100025336,Family Share 10GB,Postpaid Mobile,64.56,20,500,100,2021-08-25
PLNC84649EDFB,CUST100085359,Unlimited Premium,IoT,49.39,10,500,-1,2024-10-18
PLN893AB8B3E7,CUST100029838,IoT Data Plan,Prepaid Mobile,30.48,50,500,500,2023-05-23
PLN417CBCBAFE,CUST100081737,IoT Data Plan,Prepaid Mobile,88.33,5,500,500,2016-12-12
PLN86FC5AD78B,CUST100038763,Unlimited Basic,Broadband,128.08,5,1000,-1,2020-11-01
PLN58D9716223,CUST100000385,Fiber 500Mbps,Broadband,139.92,50,-1,-1,2018-06-28
PLNB48279D94D,CUST100026344,Unlimited Premium,Postpaid Mobile,24.0,2,-1,500,2015-10-25
PLN80E1A33008,CUST100077522,Unlimited Basic,Broadband,78.13,2,1000,100,2017-10-08
PLN1E4B1D497B,CUST100045783,Fiber 1Gbps,Postpaid Mobile,67.59,2,1000,500,2019-01-09
PLN517461F167,CUST100053548,Fiber 500Mbps,Postpaid Mobile,110.67,20,500,500,2023-01-01
PLN36350FF44E,CUST100088646,Prepaid 5GB,Broadband,125.14,20,500,-1,2017-05-28
PLNB01757DFC0,CUST100070674,Prepaid 5GB,Prepaid Mobile,42.47,10,1000,-1,2023-02-13
PLND3A8FA8821,CUST100002313,Unlimited Basic,Postpaid Mobile,114.77,5,-1,500,2023-04-01
PLN5977BED035,CUST100077109,IoT Data Plan,Postpaid Mobile,136.03,50,1000,-1,2015-09-05
PLNCCC280DD75,CUST100080255,Unlimited Basic,Postpaid Mobile,90.23,10,1000,-1,2019-10-06
PLN4FA466D638,CUST100016353,Unlimited Plus,Prepaid Mobile,118.59,50,-1,-1,2018-05-04
PLN3AACAB2038,CUST100067006,Fiber 1Gbps,Prepaid Mobile,59.39,20,500,100,2018-06-08
PLNE6AB247FEF,CUST100032336,Fiber 1Gbps,Prepaid Mobile,143.31,2,500,-1,2019-09-18
PLN821B3BB0DD,CUST100049458,Family Share 10GB,Postpaid Mobile,95.75,50,500,100,2015-07-08
PLNC32DE46019,CUST100078469,Family Share 10GB,Broadband,107.59,20,1000,100,2018-03-20
PLN78ADB35127,CUST100043451,Fiber 1Gbps,IoT,67.99,10,1000,100,2015-04-10
PLN80758B9B95,CUST100060469,Fiber 1Gbps,Postpaid Mobile,46.22,2,-1,-1,2018-10-21
PLN6BC2858502,CUST100037397,Family Share 10GB,Broadband,23.6,5,500,500,2016-11-15
PLNB6765E6FF1,CUST100068170,Fiber 500Mbps,Postpaid Mobile,42.88,10,-1,100,2018-11-18
PLN2BA9055D31,CUST100007614,Unlimited Basic,Broadband,90.55,10,500,-1,2016-12-26
PLNE3039234E2,CUST100052546,Fiber 1Gbps,Postpaid Mobile,110.06,5,1000,500,2021-04-25
PLN170F5C9C28,CUST100002694,Prepaid 5GB,Prepaid Mobile,140.49,5,500,-1,2021-10-30
PLN2192F63E65,CUST100030669,Unlimited Basic,Postpaid Mobile,57.59,2,500,500,2016-05-05
PLN872C8D4D2C,CUST100097591,Fiber 1Gbps,Broadband,66.66,10,-1,-1,2020-10-05
PLNBBCF8CFC4B,CUST100095483,Fiber 1Gbps,Postpaid Mobile,118.15,5,1000,100,2023-08-18
PLN225DE49CB3,CUST100020809,Prepaid 5GB,Postpaid Mobile,21.08,50,-1,500,2022-05-20
PLN3FAD528B91,CUST100071624,Prepaid 5GB,Postpaid Mobile,62.1,5,500,500,2023-03-05
PLN2F9FBE6CC0,CUST100030395,Family Share 10GB,Postpaid Mobile,110.73,10,500,-1,2020-05-27
PLN5176A97FBE,CUST100095723,Unlimited Basic,Postpaid Mobile,136.87,20,1000,-1,2018-12-23
PLN541B743DB3,CUST100029378,Unlimited Premium,Postpaid Mobile,24.18,2,500,100,2018-09-04
PLN2B7BB28946,CUST100081330,IoT Data Plan,Postpaid Mobile,45.22,50,1000,-1,2015-04-01
PLNF5978AEB40,CUST100079398,Family Share 10GB,Prepaid Mobile,33.55,2,-1,500,2021-12-03
PLNE2F28323B4,CUST100072112,Unlimited Basic,Postpaid Mobile,124.48,20,-1,500,2016-04-15
PLNA87E597ADB,CUST100048886,Fiber 1Gbps,Prepaid Mobile,120.91,50,500,100,2015-06-11
PLN115106EF3F,CUST100093339,Fiber 1Gbps,Postpaid Mobile,109.4,-1,1000,500,2023-12-03
PLN675A04082F,CUST100018191,Unlimited Plus,Postpaid Mobile,31.05,-1,-1,100,2020-07-29
PLND441EFB906,CUST100099769,IoT Data Plan,Postpaid Mobile,54.11,10,500,500,2020-07-15
PLN1046BE767C,CUST100080596,Fiber 1Gbps,Prepaid Mobile,124.64,2,500,100,2016-01-30
PLN639D114FDD,CUST100044573,Unlimited Plus,Postpaid Mobile,37.22,2,1000,500,2017-10-01
PLN94FC5D2B60,CUST100084351,Prepaid 5GB,Postpaid Mobile,99.4,20,1000,-1,2017-06-02
PLN703413950F,CUST100008071,Prepaid 5GB,Postpaid Mobile,139.42,20,-1,100,2024-10-27
PLNFC12D04A47,CUST100004642,Unlimited Plus,Postpaid Mobile,98.52,-1,500,100,2025-08-06
PLNA38E82565B,CUST100097267,Unlimited Premium,Postpaid Mobile,28.78,-1,1000,500,2023-05-27
PLN8FEA390581,CUST100008173,Unlimited Basic,Prepaid Mobile,91.51,10,1000,500,2015-11-12
PLN7D50285845,CUST100075351,Unlimited Basic,Postpaid Mobile,94.86,20,1000,-1,2024-02-16
PLN788A5CC84A,CUST100082297,IoT Data Plan,Postpaid Mobile,24.12,20,500,100,2019-06-08
PLN6309B21E5B,CUST100093903,Family Share 10GB,Prepaid Mobile,47.08,2,1000,-1,2015-08-22
PLNC94ED4CF23,CUST100074415,Fiber 500Mbps,Prepaid Mobile,146.83,50,500,100,2025-12-23
PLNC7C4CAB798,CUST100070625,Unlimited Plus,Postpaid Mobile,23.89,5,500,100,2020-03-11
PLNC34226E586,CUST100041943,Unlimited Basic,Postpaid Mobile,95.85,-1,-1,500,2022-06-16
PLN5D14F5D7AD,CUST100032432,Family Share 10GB,Prepaid Mobile,32.83,5,500,500,2016-02-18
PLN2B974B7EDB,CUST100066300,Unlimited Premium,Prepaid Mobile,40.23,2,-1,-1,2021-08-06
PLNB0A8001BE9,CUST100004362,Prepaid 5GB,Postpaid Mobile,113.25,2,-1,100,2016-12-06
PLN8F9900CF74,CUST100012922,Fiber 1Gbps,Broadband,85.64,20,500,-1,2026-05-19
PLN703574221A,CUST100017461,IoT Data Plan,Prepaid Mobile,145.37,20,-1,500,2019-10-09
PLN567F36D4B5,CUST100091726,IoT Data Plan,Prepaid Mobile,56.34,2,500,500,2018-02-09
PLN0924CC5A72,CUST100050507,Prepaid 5GB,Prepaid Mobile,56.25,5,1000,500,2022-09-28
PLN3516ADE94E,CUST100045236,IoT Data Plan,Postpaid Mobile,71.95,-1,500,-1,2016-07-30
PLNC48A41DA1B,CUST100026528,Unlimited Basic,Postpaid Mobile,82.46,10,1000,100,2026-05-19
PLNAF0CBBF225,CUST100057515,Unlimited Plus,Postpaid Mobile,80.69,-1,-1,500,2017-04-12
PLNE0846A8263,CUST100012595,Fiber 500Mbps,Broadband,70.63,20,-1,500,2019-10-06
PLNB769F343BF,CUST100047143,Family Share 10GB,Prepaid Mobile,39.04,50,-1,500,2024-07-20
PLN7E2294553F,CUST100003651,Fiber 1Gbps,Postpaid Mobile,58.29,20,500,100,2019-12-03
PLN6FEF436289,CUST100034034,IoT Data Plan,Prepaid Mobile,149.08,50,500,-1,2016-02-15
PLN785DD5F428,CUST100004886,Prepaid 5GB,Broadband,42.99,2,-1,500,2018-10-11
PLNCC912532EF,CUST100086505,Prepaid 5GB,Broadband,141.36,20,500,-1,2015-11-20
PLN1374E2C622,CUST100001612,Fiber 1Gbps,Postpaid Mobile,147.71,5,1000,-1,2016-02-27
PLNE310C67F0E,CUST100033123,Family Share 10GB,Postpaid Mobile,96.48,20,-1,100,2021-02-11
PLNA4FC7FFC24,CUST100036615,Fiber 1Gbps,Prepaid Mobile,82.42,2,500,500,2016-11-27
PLNC97D42532E,CUST100012743,Unlimited Basic,Prepaid Mobile,68.56,10,500,-1,2023-01-20
PLN20E0F2CAE5,CUST100094759,Family Share 10GB,Postpaid Mobile,125.83,2,-1,100,2015-08-04
PLN23431D2FB4,CUST100026069,Prepaid 5GB,Prepaid Mobile,110.97,-1,1000,-1,2016-11-07
PLN1DBF79F201,CUST100081668,IoT Data Plan,Postpaid Mobile,21.42,2,1000,100,2023-02-02
PLN4E76402A55,CUST100095207,Fiber 1Gbps,Broadband,149.14,10,1000,500,2022-10-22
PLN05E786A0BC,CUST100011710,IoT Data Plan,Postpaid Mobile,144.96,10,1000,-1,2020-09-09
PLN599AC5F48A,CUST100014734,Family Share 10GB,Postpaid Mobile,19.1,50,-1,100,2016-06-03
PLNF34F4DA43E,CUST100086121,IoT Data Plan,Prepaid Mobile,36.42,5,500,-1,2022-06-12
PLN87BB32C2F5,CUST100056450,Prepaid 5GB,Postpaid Mobile,82.21,50,1000,500,2015-07-25
PLN7357A37416,CUST100077425,IoT Data Plan,Prepaid Mobile,34.09,10,-1,100,2019-06-23
PLN5BA963D797,CUST100040342,Family Share 10GB,Broadband,100.04,5,-1,500,2022-09-21
PLN58D3E21314,CUST100083013,IoT Data Plan,Broadband,67.44,5,500,100,2025-08-16
PLNCCB040161B,CUST100041029,Unlimited Basic,Postpaid Mobile,17.92,20,500,-1,2018-05-20
PLN3F68817ED6,CUST100041665,Fiber 500Mbps,Postpaid Mobile,61.04,5,1000,-1,2025-05-14
PLN7837DDA2CF,CUST100053755,Fiber 1Gbps,Broadband,119.71,50,-1,100,2023-11-05
PLN06F62DC02B,CUST100032886,Fiber 500Mbps,Postpaid Mobile,21.91,20,500,100,2016-10-18
PLN73F3737C42,CUST100001176,Prepaid 5GB,Postpaid Mobile,53.63,2,500,100,2026-01-22
PLN70A2C9A56A,CUST100050506,Family Share 10GB,Postpaid Mobile,24.47,5,1000,-1,2015-01-18
PLND62F489E4C,CUST100080114,Unlimited Basic,Prepaid Mobile,83.72,20,-1,100,2016-12-25
PLN9209093A49,CUST100065017,Unlimited Plus,Postpaid Mobile,142.61,5,500,500,2024-04-22
PLN91ABCFC5E3,CUST100091289,Family Share 10GB,Postpaid Mobile,109.36,20,-1,100,2016-10-12
PLNA165AD6B13,CUST100059786,IoT Data Plan,Postpaid Mobile,138.12,2,-1,100,2015-05-25
PLNC655A22428,CUST100056251,Unlimited Plus,Postpaid Mobile,100.84,5,1000,500,2018-03-30
PLN318C5C0A3A,CUST100059390,Fiber 1Gbps,Postpaid Mobile,64.56,50,1000,500,2020-03-27
PLNE3F48CABCA,CUST100031083,Unlimited Basic,Broadband,65.65,5,1000,100,2022-04-09
PLN0F7B02A442,CUST100018731,Unlimited Basic,Postpaid Mobile,109.83,20,-1,-1,2018-08-19
PLN1CA28D510E,CUST100096842,Unlimited Plus,Prepaid Mobile,146.41,10,1000,500,2020-10-11
PLN01A263000A,CUST100065405,IoT Data Plan,Prepaid Mobile,106.8,20,-1,100,2019-07-02
PLNE14F0B9528,CUST100035070,IoT Data Plan,Prepaid Mobile,32.98,-1,-1,100,2023-09-08
PLNFDC24FDF30,CUST100078921,IoT Data Plan,Prepaid Mobile,24.26,50,1000,-1,2018-01-14
PLNC591BF7BFC,CUST100045737,Fiber 500Mbps,Postpaid Mobile,39.12,50,500,-1,2019-05-31
PLN1A7EF1DDEC,CUST100018802,Unlimited Premium,Prepaid Mobile,17.6,2,-1,-1,2019-05-27
PLN04159216EC,CUST100091332,Unlimited Premium,Postpaid Mobile,136.51,2,1000,500,2023-07-05
PLN7AE7FC950A,CUST100003059,Prepaid 5GB,Postpaid Mobile,106.37,10,1000,500,2026-05-07
PLND033503D2F,CUST100023817,IoT Data Plan,Postpaid Mobile,114.32,-1,1000,100,2020-01-13
PLN0095CC208B,CUST100011105,Prepaid 5GB,Broadband,18.94,10,1000,100,2021-07-26
PLN418CB29338,CUST100030357,Prepaid 5GB,Postpaid Mobile,71.66,50,1000,100,2016-01-31
PLNC9483484ED,CUST100070089,Family Share 10GB,Postpaid Mobile,78.77,50,500,500,2026-01-23
PLN0280609027,CUST100038306,Prepaid 5GB,Postpaid Mobile,122.72,50,-1,-1,2019-02-24
PLND3229430F9,CUST100060363,Fiber 500Mbps,Prepaid Mobile,62.0,2,-1,-1,2017-09-18
PLN83FEF0CAA3,CUST100079404,Unlimited Basic,Postpaid Mobile,129.89,10,500,100,2017-05-04
PLN654FA0AE3E,CUST100001435,Fiber 500Mbps,Postpaid Mobile,43.82,10,500,500,2019-06-20
PLN45BED1E5A2,CUST100014252,Unlimited Premium,Postpaid Mobile,126.15,10,1000,100,2023-03-04
PLN1B0EC996D5,CUST100077639,Unlimited Premium,IoT,111.36,50,500,-1,2019-09-18
PLND090C373FD,CUST100009728,Prepaid 5GB,Broadband,67.98,-1,500,-1,2021-11-08
PLNA5AFE8B812,CUST100011430,Prepaid 5GB,Prepaid Mobile,92.47,2,1000,500,2020-08-28
PLN0B96EC38A5,CUST100093133,Family Share 10GB,Postpaid Mobile,66.09,10,1000,-1,2018-10-16
PLNA1FC7AC298,CUST100063342,Fiber 500Mbps,Postpaid Mobile,60.33,2,-1,500,2022-06-21
PLNAA1451A449,CUST100009552,Unlimited Basic,Postpaid Mobile,122.35,10,500,100,2023-10-20
PLND0808BC05B,CUST100046029,Unlimited Premium,Prepaid Mobile,133.57,2,-1,-1,2025-02-11
PLN1C9469E7DF,CUST100046186,Unlimited Basic,Postpaid Mobile,137.7,50,-1,-1,2025-03-10
PLNA0F75D1B18,CUST100046723,Unlimited Premium,Prepaid Mobile,102.9,20,-1,100,2024-11-15
PLN938CAB33C4,CUST100030949,Unlimited Basic,Prepaid Mobile,91.65,5,1000,100,2019-09-14
PLN67AF7E0E85,CUST100037991,Unlimited Premium,Prepaid Mobile,20.3,5,1000,100,2024-03-11
PLNCC89985774,CUST100023076,Prepaid 5GB,Postpaid Mobile,99.44,50,1000,100,2021-12-06
PLN12A22FBA8D,CUST100038696,Fiber 500Mbps,Broadband,21.57,2,-1,500,2022-05-08
PLN8CF8226E89,CUST100094162,Fiber 1Gbps,Postpaid Mobile,33.27,2,500,500,2025-04-04
PLN54ADC22D78,CUST100079792,Fiber 500Mbps,Prepaid Mobile,43.02,-1,1000,100,2017-01-06
PLN6CB451B448,CUST100057149,Prepaid 5GB,Postpaid Mobile,74.19,5,-1,100,2024-09-30
PLN424D1F1B62,CUST100027358,Unlimited Premium,Prepaid Mobile,62.83,50,-1,500,2025-04-04
PLN7E2DDBFED6,CUST100075913,Unlimited Premium,Broadband,98.87,5,-1,500,2026-03-17
PLN90F2E2A9EC,CUST100068035,Fiber 1Gbps,Prepaid Mobile,68.25,5,1000,100,2016-08-28
PLN09F07FAD0F,CUST100046413,Fiber 500Mbps,Postpaid Mobile,61.94,20,500,100,2020-01-02
PLNB8A3FFA7B4,CUST100060316,Unlimited Plus,Broadband,18.12,10,-1,100,2021-10-22
PLND12AAE7811,CUST100075690,IoT Data Plan,Postpaid Mobile,51.84,2,500,-1,2023-03-19
PLN77924E8F59,CUST100093192,Fiber 500Mbps,Postpaid Mobile,106.31,-1,500,-1,2022-09-09
PLN26A37D3E4C,CUST100002157,Unlimited Premium,Postpaid Mobile,48.3,50,500,500,2017-06-15
PLN7A6162160F,CUST100040399,Family Share 10GB,Postpaid Mobile,114.49,20,1000,-1,2016-10-18
PLNC4D58D4740,CUST100080009,IoT Data Plan,Broadband,49.57,-1,1000,-1,2026-04-18
PLNA1A5302F0D,CUST100015950,Prepaid 5GB,Prepaid Mobile,31.46,50,1000,-1,2018-08-15
PLNE4B403093D,CUST100042978,Family Share 10GB,Prepaid Mobile,82.93,20,-1,100,2017-07-01
PLNF5BA6832B4,CUST100033102,IoT Data Plan,Broadband,146.12,5,-1,100,2024-12-26
PLNC896641297,CUST100027629,Family Share 10GB,Prepaid Mobile,49.83,50,1000,100,2018-04-17
PLN769843D8C8,CUST100004034,Prepaid 5GB,Broadband,32.26,10,1000,-1,2017-03-23
PLN70D551F3FA,CUST100010802,Family Share 10GB,Broadband,118.98,5,1000,100,2017-04-02
PLND192A7B8F1,CUST100014751,Fiber 1Gbps,Postpaid Mobile,46.61,5,1000,100,2025-10-14
PLN9CDDBA7063,CUST100041287,Family Share 10GB,Prepaid Mobile,119.81,2,1000,-1,2022-08-22
PLN6D21279491,CUST100045730,Fiber 500Mbps,Postpaid Mobile,88.33,2,1000,-1,2018-06-23
PLNC4B6610CE7,CUST100088267,IoT Data Plan,Prepaid Mobile,112.73,5,500,100,2019-04-05
PLNB1B5AF9699,CUST100085069,Fiber 1Gbps,Prepaid Mobile,118.15,50,1000,-1,2017-11-23
PLNF4C8FBE35C,CUST100085692,Prepaid 5GB,Broadband,43.79,2,-1,500,2026-04-30
PLN5F4F1CBEC4,CUST100029442,Unlimited Plus,Broadband,129.56,10,500,100,2015-03-16
PLN1023C22797,CUST100084740,Fiber 1Gbps,Postpaid Mobile,128.47,50,-1,500,2022-06-22
PLNF797995F4E,CUST100088006,Fiber 1Gbps,Postpaid Mobile,113.69,2,1000,100,2021-05-08
PLN04A8C09AB9,CUST100037102,IoT Data Plan,Broadband,94.58,20,-1,500,2017-09-15
PLNB3A9991092,CUST100055110,Fiber 500Mbps,Prepaid Mobile,89.79,2,-1,500,2015-08-28
PLN2098F7F954,CUST100064787,Fiber 500Mbps,IoT,61.92,10,500,100,2017-03-23
PLN00FD4B3998,CUST100062565,Prepaid 5GB,Prepaid Mobile,16.07,10,1000,100,2015-07-01
PLND3B1BEE0AC,CUST100091915,Unlimited Basic,Postpaid Mobile,74.27,2,-1,100,2018-09-18
PLNB1F0B19C25,CUST100017018,Unlimited Premium,Postpaid Mobile,23.5,50,500,500,2016-07-30
PLNA557DA3E42,CUST100083829,Unlimited Plus,Prepaid Mobile,28.97,-1,1000,500,2018-06-01
PLNB09AF770F0,CUST100016721,Unlimited Plus,Prepaid Mobile,129.45,50,1000,100,2015-07-22
PLNAD20B47BC2,CUST100092290,Fiber 1Gbps,Broadband,15.08,50,500,500,2021-09-12
PLN710E4E6DE3,CUST100003412,Unlimited Plus,Postpaid Mobile,37.36,50,500,100,2022-01-16
PLNACB53C1528,CUST100068571,Fiber 1Gbps,Prepaid Mobile,76.47,20,500,500,2018-01-08
PLN39E5D104ED,CUST100077089,IoT Data Plan,Postpaid Mobile,137.76,10,-1,-1,2017-12-18
PLNB1F8F04814,CUST100048935,Unlimited Premium,Postpaid Mobile,93.31,2,500,500,2017-12-15
PLND393A9AAE9,CUST100005274,Unlimited Plus,Prepaid Mobile,46.03,5,-1,500,2018-11-21
PLN86EC309FF7,CUST100072399,Unlimited Basic,Postpaid Mobile,64.86,2,-1,100,2020-07-06
PLND95D5DD7A2,CUST100083073,Prepaid 5GB,Postpaid Mobile,118.02,50,500,100,2023-07-22
PLN71C4E796CE,CUST100077995,Fiber 500Mbps,Prepaid Mobile,53.16,5,1000,100,2023-06-04
PLNA7F0672E9C,CUST100003710,Unlimited Premium,Postpaid Mobile,32.4,50,1000,100,2020-09-20
PLNDE812FFF83,CUST100093693,Family Share 10GB,Postpaid Mobile,128.67,10,1000,100,2016-10-26
PLND64A062515,CUST100079701,Unlimited Plus,Broadband,97.38,2,1000,500,2022-03-22
PLNF58F83E5FA,CUST100090403,Fiber 1Gbps,Prepaid Mobile,39.05,2,500,500,2022-06-25
PLN3E6094DFC8,CUST100073169,Unlimited Plus,Prepaid Mobile,52.06,2,1000,100,2022-08-19
PLNFB74580C7B,CUST100003993,IoT Data Plan,Broadband,89.89,10,-1,-1,2020-01-18
PLN64F6D30972,CUST100075716,Prepaid 5GB,Postpaid Mobile,81.35,2,-1,-1,2019-07-21
PLNC88FA10285,CUST100003434,Unlimited Basic,Postpaid Mobile,67.83,5,1000,500,2022-04-16
PLN2DA56DDE6A,CUST100063717,Unlimited Plus,Postpaid Mobile,45.91,50,1000,-1,2025-01-24
PLNA7ECDFCBD7,CUST100011063,Prepaid 5GB,IoT,22.37,50,500,-1,2018-09-22
PLN4F63EE6636,CUST100079585,Prepaid 5GB,Postpaid Mobile,85.0,10,1000,-1,2018-09-03
PLN057990E3F2,CUST100092930,Prepaid 5GB,Postpaid Mobile,79.25,50,1000,-1,2026-03-15
PLN1D95138F68,CUST100075581,IoT Data Plan,Postpaid Mobile,31.83,-1,500,-1,2023-10-20
PLN5A26280290,CUST100087634,IoT Data Plan,Postpaid Mobile,23.24,5,-1,100,2015-06-17
PLND8A2F583EA,CUST100050372,Prepaid 5GB,Broadband,21.74,20,500,500,2023-05-15
PLN16177783E7,CUST100014639,Prepaid 5GB,Postpaid Mobile,49.79,-1,-1,500,2020-02-26
PLN1C418F251A,CUST100071046,IoT Data Plan,IoT,109.87,-1,-1,-1,2024-04-27
PLN6B9A98E9F1,CUST100011707,Unlimited Premium,Postpaid Mobile,120.49,5,500,-1,2016-08-01
PLNDCED7A397B,CUST100029129,Fiber 500Mbps,Broadband,48.29,20,-1,-1,2025-09-25
PLNB13BF392BC,CUST100013247,Unlimited Premium,IoT,117.66,2,1000,-1,2020-08-22
PLNA80D160CF1,CUST100046268,Unlimited Plus,Prepaid Mobile,122.65,10,1000,100,2019-07-30
PLNB716236C6C,CUST100007229,Fiber 500Mbps,Postpaid Mobile,95.51,-1,500,100,2025-01-31
PLN5B2BFBD52F,CUST100049270,Prepaid 5GB,Postpaid Mobile,56.85,5,1000,500,2023-08-07
PLNB166ABE37C,CUST100091251,Fiber 1Gbps,Broadband,17.82,20,500,-1,2019-07-11
PLN29FD6B4D02,CUST100031321,Prepaid 5GB,Prepaid Mobile,121.91,10,500,-1,2015-10-03
PLN1467E8C586,CUST100085822,Unlimited Basic,Postpaid Mobile,82.3,10,-1,100,2024-09-01
PLNC11C53B2D2,CUST100031004,Unlimited Basic,Postpaid Mobile,100.3,5,-1,500,2015-06-26
PLND2046071AA,CUST100005296,Unlimited Basic,Prepaid Mobile,133.3,10,1000,100,2025-09-12
PLNB445974501,CUST100058760,Unlimited Basic,Postpaid Mobile,16.39,5,-1,100,2023-06-06
PLN8962963EBB,CUST100016705,Fiber 1Gbps,Postpaid Mobile,44.84,2,-1,500,2019-10-17
PLN0FA1ABAAAA,CUST100046852,Fiber 1Gbps,Broadband,130.69,2,500,-1,2022-06-11
PLN3AA1E851E8,CUST100031236,Family Share 10GB,Prepaid Mobile,117.5,50,1000,500,2015-05-13
PLN874AFE4D72,CUST100031208,Fiber 1Gbps,Prepaid Mobile,104.16,20,500,500,2015-09-30
PLN0D077A1059,CUST100001393,Unlimited Premium,Prepaid Mobile,99.94,2,1000,-1,2016-11-05
PLN167A52BF0C,CUST100072418,IoT Data Plan,Postpaid Mobile,125.49,2,1000,100,2025-01-26
PLN8A32544B98,CUST100005595,IoT Data Plan,IoT,93.46,20,1000,100,2025-02-23
PLNC7633A779B,CUST100099838,IoT Data Plan,Prepaid Mobile,57.13,20,1000,500,2025-07-20
PLND93234E1B5,CUST100044405,Unlimited Plus,Postpaid Mobile,97.62,20,-1,500,2017-06-09
PLNF3470D491F,CUST100071133,Unlimited Plus,Postpaid Mobile,141.81,10,1000,-1,2015-12-07
PLNC7C79D5DFF,CUST100091652,Fiber 1Gbps,Postpaid Mobile,70.6,50,1000,-1,2017-08-21
PLN855642BDF4,CUST100049991,Unlimited Basic,Postpaid Mobile,86.33,10,-1,100,2016-09-19
PLN7C7BC681F0,CUST100098475,Family Share 10GB,Postpaid Mobile,81.53,20,1000,100,2020-03-14
PLN305D33A808,CUST100092807,Fiber 500Mbps,Prepaid Mobile,97.62,10,-1,100,2015-06-03
PLN9C19B1CED9,CUST100030884,Unlimited Premium,Prepaid Mobile,140.77,10,-1,-1,2017-11-17
PLN32396262B3,CUST100048540,IoT Data Plan,Postpaid Mobile,71.62,20,-1,-1,2020-01-08
PLN46C110FC3A,CUST100043681,IoT Data Plan,Postpaid Mobile,114.73,-1,1000,500,2016-12-30
PLN0BE67D101E,CUST100032407,Unlimited Plus,IoT,32.43,-1,1000,500,2024-11-28
PLN9116B74C9B,CUST100006010,Fiber 1Gbps,IoT,75.61,20,500,500,2019-04-06
PLN2F8167584A,CUST100000532,IoT Data Plan,Postpaid Mobile,142.62,10,500,500,2019-10-01
PLN8B25DFA9DC,CUST100014066,IoT Data Plan,Prepaid Mobile,98.58,2,1000,-1,2023-02-09
PLN9742AB486E,CUST100091836,Fiber 500Mbps,Postpaid Mobile,104.37,5,500,100,2024-06-11
PLN75B0283C1A,CUST100028163,Unlimited Plus,Prepaid Mobile,20.73,-1,-1,500,2022-04-01
PLN0FE44FCA2C,CUST100020637,Prepaid 5GB,Postpaid Mobile,147.39,50,1000,500,2018-05-05
PLN77C7C0EA4D,CUST100054579,Unlimited Basic,Prepaid Mobile,135.43,2,500,-1,2025-10-02
PLNC3F9DC408C,CUST100074130,IoT Data Plan,IoT,35.01,-1,1000,-1,2020-09-24
PLN20801CEBF6,CUST100027628,Family Share 10GB,Postpaid Mobile,92.12,-1,500,-1,2016-02-20
PLN7BADDBF7CC,CUST100097758,Fiber 1Gbps,Prepaid Mobile,40.53,50,1000,-1,2015-06-17
PLN3F1713BA84,CUST100019584,Family Share 10GB,Broadband,149.33,10,500,100,2016-04-02
PLN9867F2391F,CUST100037923,Family Share 10GB,Broadband,124.84,5,-1,500,2022-08-24
PLN390DC5482F,CUST100072086,Fiber 500Mbps,Broadband,43.41,5,1000,100,2019-12-16
PLNFA135E274F,CUST100077359,Fiber 500Mbps,Prepaid Mobile,78.27,2,1000,500,2025-05-11
PLN6B4481FB63,CUST100011528,Unlimited Premium,IoT,149.65,20,1000,-1,2017-05-01
PLN51F305141E,CUST100034346,Fiber 500Mbps,Postpaid Mobile,117.32,2,1000,100,2018-01-03
PLN8579061088,CUST100005583,Unlimited Basic,Postpaid Mobile,96.11,2,500,100,2025-10-27
PLN5E67C0295B,CUST100083542,Unlimited Basic,Broadband,79.66,50,500,100,2022-11-08
PLN250B53EBFA,CUST100007840,Unlimited Basic,Postpaid Mobile,44.4,20,500,100,2024-12-16
PLN326166CC84,CUST100045198,Unlimited Basic,Postpaid Mobile,105.75,5,500,500,2025-02-16
PLN9F8EAE5E67,CUST100097024,Fiber 500Mbps,Postpaid Mobile,136.73,50,500,-1,2022-12-16
PLNCEE1933BE3,CUST100055579,Unlimited Basic,Broadband,26.33,50,-1,500,2015-11-14
PLNBD898A1174,CUST100072519,Unlimited Premium,Postpaid Mobile,71.66,20,500,-1,2015-12-22
PLN02B6BDFBF3,CUST100061752,Fiber 1Gbps,Broadband,103.0,-1,-1,100,2021-03-09
PLN0CB1D44717,CUST100019335,Fiber 1Gbps,Postpaid Mobile,128.16,50,-1,500,2020-05-02
PLN82EE8F5D4C,CUST100068141,Prepaid 5GB,IoT,119.48,50,-1,-1,2026-05-05
PLN374F6BD709,CUST100001904,Unlimited Premium,Postpaid Mobile,62.22,2,-1,-1,2017-01-24
PLNC7269A583B,CUST100033368,Fiber 500Mbps,IoT,101.77,2,-1,500,2020-10-20
PLN5A8F488838,CUST100007909,Unlimited Plus,Prepaid Mobile,101.93,2,-1,500,2024-10-29
PLN706F284C41,CUST100065357,Fiber 500Mbps,Postpaid Mobile,73.14,50,-1,-1,2024-05-23
PLN0B67B9F89F,CUST100068935,Fiber 500Mbps,Broadband,66.73,10,500,500,2020-06-12
PLNA7EE418CA0,CUST100092215,Unlimited Basic,Broadband,122.24,20,-1,-1,2023-05-25
PLN3377F7A05B,CUST100036010,Prepaid 5GB,Broadband,20.22,2,1000,-1,2025-07-18
PLN8C15AA33B9,CUST100068884,Unlimited Basic,Postpaid Mobile,41.09,50,500,-1,2019-04-24
PLN6F6B9A088F,CUST100027312,Family Share 10GB,Broadband,104.15,5,-1,500,2022-11-23
PLND6CFC587B6,CUST100063836,IoT Data Plan,Postpaid Mobile,38.22,50,500,-1,2015-06-25
PLN6BEC76B36C,CUST100000605,Fiber 1Gbps,Postpaid Mobile,78.2,20,1000,500,2020-07-18
PLN643094CDD5,CUST100080224,Unlimited Basic,Prepaid Mobile,112.84,2,500,500,2026-01-07
PLNC0E7229B2E,CUST100099625,Unlimited Premium,Postpaid Mobile,56.18,20,-1,100,2017-04-29
PLNA86EAAF824,CUST100059779,IoT Data Plan,Prepaid Mobile,147.3,20,-1,-1,2023-06-25
PLN4510B96F95,CUST100023690,Fiber 500Mbps,Postpaid Mobile,75.82,20,1000,500,2026-06-17
PLN5B7E3D108A,CUST100085988,Fiber 500Mbps,Prepaid Mobile,134.87,20,1000,500,2026-02-26
PLN5C3BE383B5,CUST100057992,Prepaid 5GB,Postpaid Mobile,117.51,2,500,500,2017-09-18
PLN591E9C0EF1,CUST100004150,Unlimited Premium,Postpaid Mobile,80.45,50,500,-1,2023-01-08
PLNC52978ED0E,CUST100018716,Unlimited Basic,Postpaid Mobile,86.16,10,1000,100,2015-04-30
PLN306DF82946,CUST100018944,Unlimited Basic,Prepaid Mobile,91.11,10,500,100,2018-12-25
PLN1C6CD3D003,CUST100098441,Unlimited Premium,Prepaid Mobile,33.49,5,-1,-1,2021-05-17
PLNF8CDA9D6B0,CUST100036061,Unlimited Basic,Postpaid Mobile,25.76,50,1000,-1,2019-06-11
PLN57F83C9E1B,CUST100057950,Fiber 1Gbps,Postpaid Mobile,20.51,20,1000,500,2025-11-19
PLN000BEFE174,CUST100056074,Unlimited Premium,Postpaid Mobile,57.78,20,1000,-1,2021-09-18
PLNA93C6BC461,CUST100018994,Fiber 1Gbps,Postpaid Mobile,63.53,20,-1,-1,2024-04-05
PLN3C795400EC,CUST100099187,Fiber 500Mbps,Prepaid Mobile,56.49,20,500,100,2025-05-14
PLN7CAE6898D7,CUST100080825,IoT Data Plan,Broadband,79.04,-1,1000,500,2023-09-25
PLN31DD3A4C00,CUST100051175,Unlimited Premium,Postpaid Mobile,59.69,10,-1,500,2018-05-28
PLNB2CCCD07D3,CUST100048724,Unlimited Basic,Prepaid Mobile,142.67,20,-1,500,2026-04-11
PLN14F578FE9C,CUST100006644,Prepaid 5GB,Prepaid Mobile,143.14,-1,1000,-1,2020-06-22
PLNDA625C9E04,CUST100057300,Fiber 500Mbps,Postpaid Mobile,141.39,50,1000,-1,2022-02-09
PLN8E78AD3F1F,CUST100079995,Prepaid 5GB,Broadband,27.74,2,-1,-1,2021-01-17
PLN25FF46B375,CUST100010908,Family Share 10GB,Postpaid Mobile,104.98,50,500,-1,2020-03-26
PLN84483BF4D1,CUST100013207,IoT Data Plan,Postpaid Mobile,21.1,50,-1,100,2015-12-06
PLN55C8948AC4,CUST100053537,Unlimited Plus,Postpaid Mobile,41.48,10,500,500,2015-05-27
PLNA7F9EB42B3,CUST100075859,Fiber 1Gbps,Postpaid Mobile,78.24,2,1000,-1,2025-10-20
PLNC329853EAD,CUST100002138,Fiber 1Gbps,Prepaid Mobile,86.02,5,500,-1,2024-03-25
PLNC2AF2E0093,CUST100094874,IoT Data Plan,Postpaid Mobile,130.49,50,1000,500,2020-06-07
PLN2FBB89964B,CUST100000141,Unlimited Basic,IoT,135.41,5,1000,100,2020-12-01
PLN647BF491DB,CUST100039193,Fiber 500Mbps,Postpaid Mobile,26.61,-1,1000,-1,2018-05-01
PLNBBBAE32D38,CUST100032309,Fiber 1Gbps,Postpaid Mobile,141.86,10,500,500,2023-01-31
PLNDFE45685CF,CUST100078992,Fiber 500Mbps,Prepaid Mobile,32.79,5,-1,100,2018-03-18
PLNBB6ADC2B17,CUST100006869,Unlimited Basic,Postpaid Mobile,22.54,2,1000,100,2020-10-09
PLN96B1697B19,CUST100030661,Prepaid 5GB,Prepaid Mobile,93.23,50,-1,500,2022-02-22
PLNE240A76356,CUST100065566,Unlimited Plus,Prepaid Mobile,78.52,2,-1,500,2021-04-29
PLN7CAADB133E,CUST100074019,Unlimited Plus,Postpaid Mobile,65.15,2,1000,100,2017-12-25
PLN069D7878DB,CUST100006518,Unlimited Basic,Broadband,71.32,50,500,100,2015-08-30
PLN393277FDCC,CUST100072182,Family Share 10GB,Broadband,19.59,-1,500,500,2017-07-21
PLN1E290AFFE7,CUST100014934,Unlimited Plus,Prepaid Mobile,70.35,10,500,500,2021-10-13
PLNB3555396B9,CUST100019594,Unlimited Plus,Postpaid Mobile,48.56,2,1000,100,2018-09-14
PLN55BCC3216C,CUST100021841,IoT Data Plan,Postpaid Mobile,146.48,50,1000,100,2022-03-05
PLN4785D188A4,CUST100045958,Fiber 1Gbps,Postpaid Mobile,19.21,-1,1000,500,2019-03-24
PLN1E57EC6A4F,CUST100075201,Fiber 1Gbps,Postpaid Mobile,58.75,5,1000,500,2026-05-03
PLN55619DC349,CUST100071424,Unlimited Plus,Postpaid Mobile,114.25,20,1000,-1,2019-10-12
PLN37A6913AAF,CUST100014726,Fiber 1Gbps,Postpaid Mobile,16.05,10,1000,500,2023-04-21
PLN1A49F55989,CUST100037638,Fiber 1Gbps,Prepaid Mobile,72.41,50,-1,100,2020-10-05
PLN3BA757933F,CUST100044043,Family Share 10GB,Postpaid Mobile,148.27,2,-1,100,2025-11-10
PLN5C1636E1D3,CUST100038934,Unlimited Plus,Prepaid Mobile,20.51,10,1000,500,2015-12-01
PLN0409E53C31,CUST100010720,Unlimited Premium,Postpaid Mobile,35.92,5,1000,500,2019-11-13
PLN619148220A,CUST100023706,Unlimited Plus,Postpaid Mobile,29.91,2,1000,-1,2017-12-25
PLN61D3B1A999,CUST100088465,Prepaid 5GB,Postpaid Mobile,100.37,10,-1,-1,2021-12-20
PLN78274AD9E7,CUST100065034,Unlimited Plus,Broadband,35.84,-1,-1,-1,2017-07-01
PLN3BC202BD7D,CUST100092026,IoT Data Plan,Postpaid Mobile,24.51,20,500,500,2016-10-21
PLNA3FAF4F7B5,CUST100025789,Fiber 500Mbps,Broadband,73.94,5,500,500,2021-10-03
PLNEC730C518F,CUST100031488,Family Share 10GB,Postpaid Mobile,22.29,10,-1,500,2024-01-04
PLNFE02483856,CUST100050608,Fiber 1Gbps,Prepaid Mobile,69.11,-1,-1,100,2017-10-04
PLN974AA85F6B,CUST100062222,Unlimited Premium,Prepaid Mobile,98.11,2,500,-1,2020-06-22
PLN281A9B94BF,CUST100090254,Unlimited Basic,Prepaid Mobile,17.02,10,1000,-1,2024-07-04
PLN7768FC39BE,CUST100021706,Prepaid 5GB,Postpaid Mobile,104.35,5,500,-1,2018-01-23
PLN4A36CCF3B2,CUST100025955,Unlimited Plus,IoT,68.36,20,1000,500,2020-08-23
PLN33DDC1A6F2,CUST100004236,Family Share 10GB,Prepaid Mobile,120.52,2,500,-1,2022-05-23
PLN3D482CEC89,CUST100012276,Unlimited Premium,Postpaid Mobile,43.17,50,500,500,2021-11-21
PLNEEA76E4B3D,CUST100050569,Fiber 500Mbps,Postpaid Mobile,43.79,50,1000,100,2024-11-05
PLN1F087603F2,CUST100062229,IoT Data Plan,IoT,135.26,5,-1,100,2016-05-09
PLN5A99A14F9F,CUST100057054,Fiber 500Mbps,Postpaid Mobile,132.79,-1,1000,-1,2017-04-02
PLNC9DCFB0530,CUST100084338,Family Share 10GB,Prepaid Mobile,23.26,2,-1,-1,2016-07-02
PLN9910F1F150,CUST100031706,Family Share 10GB,Postpaid Mobile,88.18,10,500,500,2020-10-19
PLN3F42D653B5,CUST100084905,Unlimited Premium,Postpaid Mobile,67.54,50,500,-1,2022-05-29
PLN5708FEEDAA,CUST100083371,Unlimited Premium,Broadband,135.43,20,1000,-1,2019-11-12
PLN8936018F66,CUST100000743,Unlimited Basic,Prepaid Mobile,79.9,50,500,500,2016-07-16
PLN66E965053D,CUST100001845,Unlimited Plus,Postpaid Mobile,143.83,2,500,100,2025-08-16
PLN138608824E,CUST100033486,Unlimited Premium,Postpaid Mobile,93.34,5,1000,500,2018-05-03
PLN2F41A13978,CUST100008762,Unlimited Premium,Postpaid Mobile,109.1,2,-1,100,2018-04-21
PLN48AB2207B0,CUST100017215,Prepaid 5GB,Broadband,78.02,10,1000,100,2020-05-05
PLNC2FE1B5489,CUST100000229,Unlimited Premium,Broadband,33.59,20,500,500,2018-08-22
PLN96E7251C7C,CUST100030539,Fiber 1Gbps,Postpaid Mobile,119.17,2,500,500,2015-10-28
PLN236E46920F,CUST100017281,Fiber 1Gbps,Postpaid Mobile,27.9,50,-1,-1,2018-06-15
PLNC83846C04A,CUST100029745,Family Share 10GB,Postpaid Mobile,53.85,5,-1,-1,2022-03-10
PLN25580453A3,CUST100075157,Unlimited Plus,Postpaid Mobile,69.85,-1,1000,500,2025-11-03
PLNA05FA06297,CUST100072125,Fiber 1Gbps,Postpaid Mobile,26.27,20,500,100,2022-12-29
PLN0FF46F4633,CUST100024240,Unlimited Basic,Postpaid Mobile,66.13,20,1000,500,2015-09-17
PLN130421299E,CUST100099296,Unlimited Plus,Postpaid Mobile,20.99,50,1000,500,2022-05-16
PLN8DE1024ECA,CUST100018987,Family Share 10GB,Postpaid Mobile,143.08,5,500,500,2015-05-10
PLN42E7395DE1,CUST100068234,Unlimited Premium,Postpaid Mobile,138.44,-1,1000,100,2019-08-04
PLN3C1CFEDF1A,CUST100089570,IoT Data Plan,Postpaid Mobile,59.24,2,-1,100,2015-11-01
PLN9B74D660D7,CUST100036827,Unlimited Basic,IoT,31.53,20,500,-1,2017-05-05
PLNB3661B5325,CUST100091525,Family Share 10GB,Prepaid Mobile,107.31,-1,500,100,2025-09-02
PLN1E8489C44C,CUST100039781,Fiber 500Mbps,Postpaid Mobile,70.42,10,-1,-1,2024-06-01
PLN295E1E631F,CUST100015669,Unlimited Basic,Postpaid Mobile,146.01,-1,1000,-1,2016-08-10
PLN6FD1BC4AEE,CUST100038845,Family Share 10GB,Postpaid Mobile,143.64,5,1000,500,2020-02-06
PLN4926731511,CUST100091305,Prepaid 5GB,Prepaid Mobile,118.18,50,-1,500,2016-03-16
PLNF8A432E38F,CUST100098729,Family Share 10GB,Postpaid Mobile,84.42,2,-1,100,2017-11-11
PLN842A29C355,CUST100086109,Prepaid 5GB,Postpaid Mobile,107.87,50,-1,100,2023-06-15
PLN5ACDF07E11,CUST100096992,Prepaid 5GB,Prepaid Mobile,24.95,10,500,500,2020-05-24
PLN555416625C,CUST100087540,Fiber 1Gbps,Postpaid Mobile,102.51,5,500,100,2017-01-06
PLN0919290692,CUST100081581,IoT Data Plan,Prepaid Mobile,133.22,10,500,500,2017-07-07
PLN0010D2FCD0,CUST100086583,IoT Data Plan,Postpaid Mobile,72.03,20,1000,-1,2024-01-05
PLN08B2E946C5,CUST100074477,Unlimited Plus,Postpaid Mobile,111.98,20,-1,500,2019-01-13
PLN272A993D6C,CUST100098509,Prepaid 5GB,Postpaid Mobile,78.61,-1,1000,-1,2025-03-13
PLN8B9B186DC4,CUST100057006,Fiber 1Gbps,Postpaid Mobile,144.18,50,1000,100,2020-05-12
PLN8A9928F687,CUST100088499,Prepaid 5GB,Postpaid Mobile,26.31,50,500,500,2023-11-02
PLN8C3ABB5BF4,CUST100064554,Prepaid 5GB,Postpaid Mobile,49.21,-1,1000,500,2021-11-22
PLNEA5AB32513,CUST100003575,Family Share 10GB,Postpaid Mobile,130.6,-1,1000,-1,2016-08-02
PLN6C2B71380C,CUST100042218,Unlimited Plus,Broadband,123.76,5,500,-1,2019-11-09
PLN0C7DC20040,CUST100058408,Fiber 500Mbps,Prepaid Mobile,98.67,5,-1,500,2018-03-11
PLN8556FD0970,CUST100013690,Fiber 500Mbps,Prepaid Mobile,105.27,10,-1,500,2023-10-25
PLN95CED2A085,CUST100013762,Unlimited Plus,Broadband,55.92,20,-1,100,2025-10-07
PLNE009306C82,CUST100045610,Prepaid 5GB,Postpaid Mobile,70.48,50,1000,500,2024-01-22
PLNCFF292BFFA,CUST100003358,Unlimited Premium,Postpaid Mobile,83.98,2,-1,100,2018-04-25
PLN8A835E18E3,CUST100050136,Unlimited Plus,Postpaid Mobile,28.87,50,-1,100,2025-07-12
PLND5C85A62EF,CUST100007226,Unlimited Premium,Prepaid Mobile,108.51,2,1000,100,2019-04-06
PLN3E567E6EA5,CUST100034754,Prepaid 5GB,Postpaid Mobile,67.13,-1,-1,100,2021-07-19
PLN269043182D,CUST100052556,Fiber 1Gbps,IoT,79.09,2,500,-1,2016-10-12
PLN944E855891,CUST100096972,Prepaid 5GB,IoT,27.53,20,-1,500,2021-11-19
PLN4BD7ADA1E9,CUST100016739,Fiber 500Mbps,Broadband,60.39,5,1000,500,2025-10-13
PLNC3751545F5,CUST100095917,IoT Data Plan,Prepaid Mobile,86.18,20,500,-1,2022-04-07
PLN947CA2E56C,CUST100000789,Unlimited Premium,Broadband,148.18,2,500,-1,2016-12-04
PLN19EDE52C6A,CUST100010016,Prepaid 5GB,Postpaid Mobile,125.25,10,1000,-1,2025-04-18
PLNF523868512,CUST100021223,Prepaid 5GB,Postpaid Mobile,135.18,5,-1,-1,2023-02-04
PLN2F0D23A30C,CUST100054350,Prepaid 5GB,Prepaid Mobile,67.44,10,500,100,2016-08-20
PLN78ACAFFA25,CUST100071618,Fiber 1Gbps,Prepaid Mobile,135.96,-1,500,100,2022-02-20
PLN7054C4A720,CUST100001876,Unlimited Plus,Prepaid Mobile,60.11,5,500,-1,2015-10-10
PLN62D91484AF,CUST100012135,Fiber 500Mbps,Postpaid Mobile,41.32,50,500,500,2016-10-05
PLND8223A19A7,CUST100083715,Unlimited Premium,Prepaid Mobile,146.37,-1,500,100,2021-09-20
PLN4FCB8D88DC,CUST100002339,Prepaid 5GB,IoT,51.63,20,500,500,2020-03-04
PLN7540AAC0DB,CUST100080888,Fiber 1Gbps,Prepaid Mobile,41.33,2,500,100,2021-07-24
PLN5BC57A067D,CUST100036109,Prepaid 5GB,Prepaid Mobile,135.98,5,-1,500,2021-09-04
PLN324418D8CE,CUST100025019,Prepaid 5GB,Prepaid Mobile,121.99,-1,1000,100,2016-03-01
PLN8136FD0DA0,CUST100065910,Unlimited Premium,Postpaid Mobile,86.61,10,-1,500,2016-04-11
PLND166ACEA80,CUST100096096,Family Share 10GB,Postpaid Mobile,28.39,20,-1,500,2018-03-05
PLN6348A15DAC,CUST100093358,Unlimited Plus,Broadband,101.21,2,-1,-1,2017-02-06
PLN3E4E332A9D,CUST100044767,IoT Data Plan,Postpaid Mobile,48.42,10,500,-1,2022-02-03
PLN8325050540,CUST100044335,Prepaid 5GB,Broadband,147.86,-1,1000,-1,2022-07-27
PLN8079480325,CUST100029871,Family Share 10GB,Postpaid Mobile,47.53,-1,1000,-1,2016-03-08
PLN66FA67F60E,CUST100013832,Family Share 10GB,Broadband,64.58,20,-1,-1,2017-07-12
PLNE24A6B25EA,CUST100070527,IoT Data Plan,Prepaid Mobile,72.23,-1,-1,500,2017-07-25
PLNF51624B364,CUST100017497,Fiber 1Gbps,Prepaid Mobile,79.87,50,500,500,2021-09-14
PLNAB96749667,CUST100022985,Family Share 10GB,Prepaid Mobile,112.05,2,500,100,2019-01-07
PLN30A351D09A,CUST100083357,Unlimited Plus,Broadband,51.0,10,-1,500,2019-05-17
PLN032A225214,CUST100050062,Unlimited Premium,Prepaid Mobile,46.77,20,-1,-1,2026-05-27
PLN7BD38D1AB9,CUST100046316,Unlimited Basic,Prepaid Mobile,19.78,2,500,-1,2017-12-19
PLN7220C309A2,CUST100004272,Unlimited Premium,Prepaid Mobile,148.58,2,1000,500,2021-12-05
PLNDB9F5B0144,CUST100071706,Unlimited Premium,Postpaid Mobile,142.87,10,1000,-1,2024-03-11
PLN11A4A2C5C0,CUST100092109,Unlimited Premium,Postpaid Mobile,54.39,10,500,500,2018-07-19
PLNC62ED54E28,CUST100002083,Unlimited Basic,Broadband,137.99,5,1000,100,2024-05-14
PLN47601A420E,CUST100065070,IoT Data Plan,Postpaid Mobile,32.15,20,500,-1,2016-03-06
PLN5A0CFB498C,CUST100034636,Family Share 10GB,Prepaid Mobile,96.23,10,-1,-1,2019-12-23
PLN76AA63CFAC,CUST100023283,Unlimited Basic,Postpaid Mobile,84.74,2,500,500,2019-06-13
PLND393414FBC,CUST100062657,Unlimited Plus,Broadband,24.38,2,-1,-1,2019-11-12
PLN7936764F84,CUST100082524,Prepaid 5GB,Broadband,93.07,20,-1,-1,2022-09-28
PLNFB0D1D536F,CUST100091271,Fiber 1Gbps,Postpaid Mobile,125.72,-1,-1,500,2017-04-29
PLN656DE04016,CUST100018445,Prepaid 5GB,Postpaid Mobile,54.15,50,1000,500,2021-01-14
PLN04CED6C13C,CUST100045793,Fiber 1Gbps,Prepaid Mobile,99.01,20,1000,500,2020-11-16
PLN8F51238DFC,CUST100010855,IoT Data Plan,Prepaid Mobile,33.85,-1,-1,100,2015-12-29
PLN3B250F7987,CUST100012070,Fiber 500Mbps,Postpaid Mobile,136.04,10,1000,-1,2015-03-04
PLN2F378DB971,CUST100085198,Fiber 1Gbps,Broadband,121.14,5,500,500,2017-04-27
PLN8D996E23B7,CUST100063629,IoT Data Plan,Postpaid Mobile,52.32,20,1000,100,2017-01-02
PLN140127DBC4,CUST100089932,IoT Data Plan,Prepaid Mobile,95.51,20,1000,-1,2020-07-26
PLN692D1C035B,CUST100068821,Unlimited Basic,Postpaid Mobile,46.84,-1,1000,500,2016-10-07
PLNCBA2AE12CE,CUST100079549,Unlimited Basic,Postpaid Mobile,68.42,2,1000,500,2016-12-17
PLNEC0C2CFE34,CUST100014350,Family Share 10GB,Postpaid Mobile,53.47,20,500,500,2026-05-16
PLNC27A7EB915,CUST100077942,Unlimited Plus,Broadband,146.76,20,-1,-1,2020-03-20
PLN1F09815487,CUST100052421,Fiber 1Gbps,Postpaid Mobile,144.4,5,500,500,2022-01-17
PLND8B34883AD,CUST100034936,Family Share 10GB,IoT,98.67,2,500,500,2016-04-04
PLN42BC1E88CD,CUST100042818,Unlimited Basic,Prepaid Mobile,42.94,50,500,500,2018-09-28
PLN61EF7353C7,CUST100004860,Unlimited Basic,Postpaid Mobile,44.76,50,-1,500,2025-10-03
PLN38DCA1BA92,CUST100087217,IoT Data Plan,Postpaid Mobile,123.55,10,-1,100,2019-01-09
PLN04AF46937B,CUST100038194,Unlimited Premium,Broadband,77.74,10,1000,-1,2023-04-10
PLNBAAF4864AE,CUST100029977,Unlimited Premium,Postpaid Mobile,58.28,50,-1,500,2019-09-19
PLNED3F9DF3AD,CUST100047506,Unlimited Plus,Prepaid Mobile,124.88,50,1000,-1,2015-05-02
PLN17CA59B74E,CUST100050376,Family Share 10GB,Broadband,18.31,20,500,100,2019-04-22
PLN7681F307C9,CUST100043328,IoT Data Plan,Broadband,132.66,5,-1,100,2024-02-16
PLN99D64A90D3,CUST100048353,Prepaid 5GB,Broadband,116.8,-1,-1,500,2017-03-07
PLN8B04A84A61,CUST100067270,Family Share 10GB,Prepaid Mobile,78.13,10,1000,100,2023-12-24
PLND206FF52C4,CUST100033292,Family Share 10GB,Postpaid Mobile,33.05,2,-1,-1,2023-06-23
PLNEB32E3E877,CUST100043653,Fiber 1Gbps,Broadband,117.12,-1,500,-1,2018-09-20
PLND78BCA19CA,CUST100062474,Unlimited Plus,Postpaid Mobile,73.21,50,500,500,2018-08-13
PLN87C1D99BB0,CUST100055128,Unlimited Plus,Broadband,54.76,10,-1,100,2015-07-09
PLN48183804AD,CUST100065866,Unlimited Basic,Postpaid Mobile,113.88,50,1000,500,2016-02-07
PLN68A005E6B5,CUST100026864,Fiber 1Gbps,Postpaid Mobile,133.89,20,500,-1,2015-06-01
PLN950884442A,CUST100055628,Unlimited Basic,Prepaid Mobile,75.0,20,-1,100,2020-02-12
PLN3FD18EF3E3,CUST100001041,Unlimited Basic,Postpaid Mobile,18.02,20,1000,100,2024-10-18
PLNC715507C5A,CUST100050935,IoT Data Plan,Postpaid Mobile,32.67,5,1000,-1,2015-01-03
PLNC76DACDE85,CUST100058182,IoT Data Plan,Postpaid Mobile,139.79,5,500,100,2019-04-11
PLNAD20B9201F,CUST100000358,Unlimited Basic,Postpaid Mobile,112.45,-1,1000,500,2017-09-16
PLNDB63F75334,CUST100099894,Fiber 500Mbps,Broadband,65.7,50,500,100,2018-06-26
PLN81B919CA1E,CUST100010251,Prepaid 5GB,Prepaid Mobile,87.93,20,500,-1,2025-08-03
PLNBB4315ED96,CUST100072618,Family Share 10GB,Postpaid Mobile,78.54,2,500,-1,2024-08-02
PLN2FC2239307,CUST100052643,Fiber 1Gbps,Prepaid Mobile,16.87,-1,1000,-1,2022-10-15
PLN2720B01949,CUST100099749,Unlimited Plus,Prepaid Mobile,132.79,20,500,500,2017-04-23
PLNFE40C53565,CUST100097339,Fiber 1Gbps,Prepaid Mobile,35.39,50,500,-1,2024-01-12
PLN4F175A39C5,CUST100023285,Unlimited Plus,Prepaid Mobile,99.76,-1,500,100,2017-03-13
PLN7DAD22A088,CUST100000890,Family Share 10GB,Postpaid Mobile,31.04,50,500,-1,2022-02-16
PLN4F20199DC6,CUST100005682,Unlimited Plus,Broadband,55.6,50,500,500,2017-05-18
PLN8709ECAD9D,CUST100087011,Prepaid 5GB,Postpaid Mobile,112.5,20,500,-1,2016-01-06
PLNF1B6366A2F,CUST100026639,Prepaid 5GB,Postpaid Mobile,65.58,50,1000,500,2017-04-02
PLN5602B2CD94,CUST100017662,Prepaid 5GB,Postpaid Mobile,77.42,-1,500,100,2021-09-24
PLN6C581A1608,CUST100056336,Unlimited Premium,Prepaid Mobile,138.63,-1,500,100,2018-02-27
PLN4958F944A1,CUST100049157,Family Share 10GB,Prepaid Mobile,112.97,5,1000,-1,2023-01-09
PLNA2C1C7CA7E,CUST100047903,Fiber 500Mbps,Postpaid Mobile,82.63,-1,-1,100,2018-10-30
PLN56B68C618E,CUST100031952,Unlimited Plus,Prepaid Mobile,45.55,20,500,500,2020-09-23
PLN82EDBD7F5E,CUST100046661,Prepaid 5GB,Postpaid Mobile,84.15,20,-1,500,2016-09-29
PLN302C305278,CUST100080113,Family Share 10GB,Postpaid Mobile,99.56,50,500,100,2016-04-06
PLN9002EE3685,CUST100036447,Family Share 10GB,Postpaid Mobile,47.76,20,1000,-1,2019-02-15
PLN17151F3AEA,CUST100046414,Family Share 10GB,Broadband,20.54,50,1000,500,2020-05-29
PLN04670D7832,CUST100031584,Unlimited Basic,Prepaid Mobile,48.14,5,-1,500,2018-01-01
PLN9285646991,CUST100008555,Fiber 500Mbps,Broadband,63.78,10,-1,100,2023-04-26
PLNF40C47BC48,CUST100079284,Fiber 500Mbps,Prepaid Mobile,123.26,10,-1,100,2022-06-26
PLN06D0157030,CUST100085781,Unlimited Basic,Broadband,85.22,20,500,100,2026-05-15
PLNB02EEE2DE4,CUST100012674,Fiber 1Gbps,Broadband,131.61,50,500,-1,2018-09-10
PLNE1BB8FF168,CUST100044166,Fiber 1Gbps,IoT,36.69,2,500,500,2020-01-24
PLND078620C35,CUST100037491,Fiber 500Mbps,Postpaid Mobile,117.95,10,-1,100,2015-11-01
PLN1B39AFBFF1,CUST100082563,Prepaid 5GB,Prepaid Mobile,131.71,50,1000,500,2025-12-10
PLND6A7791B25,CUST100096116,Prepaid 5GB,Broadband,142.12,10,-1,-1,2023-12-04
PLN2A4DBB4A1A,CUST100086197,Prepaid 5GB,Postpaid Mobile,73.4,5,500,100,2018-06-10
PLNB6626086DC,CUST100002249,Unlimited Premium,Prepaid Mobile,99.7,5,-1,100,2019-03-30
PLN2D2B2F4076,CUST100084329,IoT Data Plan,Postpaid Mobile,68.91,50,-1,100,2021-10-14
PLN4BF26DD984,CUST100093378,Unlimited Premium,Postpaid Mobile,71.35,2,-1,-1,2020-02-18
PLN37525682C2,CUST100090404,Fiber 500Mbps,Broadband,84.46,50,500,500,2018-06-25
PLN98B7CA6547,CUST100094960,Fiber 1Gbps,Postpaid Mobile,126.05,5,1000,-1,2016-04-20
PLNE3931DA8BB,CUST100023386,Unlimited Basic,Postpaid Mobile,53.6,5,1000,-1,2017-12-22
PLN268DAD4FC8,CUST100067880,Unlimited Basic,Postpaid Mobile,115.25,-1,500,-1,2016-02-13
PLN9A88BC63F9,CUST100024272,Unlimited Plus,Postpaid Mobile,75.13,20,500,500,2019-09-19
PLN802E676203,CUST100082462,Fiber 500Mbps,Postpaid Mobile,110.33,5,1000,100,2025-03-13
PLNC38922F7ED,CUST100092292,Unlimited Basic,Postpaid Mobile,147.44,20,-1,500,2021-12-04
PLN4DE58787F0,CUST100086702,Unlimited Plus,Postpaid Mobile,145.02,2,500,100,2024-03-09
PLN2398BE2062,CUST100013583,Fiber 500Mbps,Postpaid Mobile,49.68,5,-1,100,2021-11-01
PLNC324886E87,CUST100098565,Unlimited Premium,Postpaid Mobile,17.65,20,500,100,2025-01-14
PLN4943977B9D,CUST100070324,Unlimited Plus,Prepaid Mobile,73.1,2,500,500,2024-03-21
PLNB038058A40,CUST100029644,Fiber 1Gbps,Prepaid Mobile,21.66,-1,500,-1,2025-12-06
PLNACB1357C97,CUST100076607,Fiber 500Mbps,Broadband,142.02,50,1000,500,2023-03-21
PLNCAB222962E,CUST100071431,Family Share 10GB,Prepaid Mobile,129.05,-1,1000,100,2021-05-02
PLNF874CF5893,CUST100001589,Unlimited Premium,Postpaid Mobile,37.23,-1,500,-1,2017-04-09
PLN4D04E6B930,CUST100072181,Family Share 10GB,Broadband,36.93,2,1000,100,2017-03-20
PLNAA8780A83D,CUST100009663,Unlimited Plus,Postpaid Mobile,38.68,10,1000,100,2018-09-09
PLNF19CDF265A,CUST100087761,Unlimited Plus,Prepaid Mobile,91.51,20,500,100,2019-08-28
PLN8DDE89D1C6,CUST100020082,Prepaid 5GB,Postpaid Mobile,130.19,10,500,100,2026-03-31
PLNFBEAFE51D7,CUST100013719,IoT Data Plan,Broadband,125.63,50,1000,100,2024-04-30
PLN5CF3EB311A,CUST100052681,Family Share 10GB,Postpaid Mobile,140.72,-1,-1,-1,2023-09-09
PLN973132608F,CUST100075405,Unlimited Plus,Postpaid Mobile,99.82,5,500,100,2016-01-07
PLND27FFECBF0,CUST100026424,Family Share 10GB,Postpaid Mobile,123.66,50,-1,100,2023-05-20
PLN7A3438A1E5,CUST100069460,Unlimited Premium,Prepaid Mobile,94.35,50,-1,500,2020-02-27
PLN641C50067A,CUST100002119,Fiber 500Mbps,Broadband,104.69,20,1000,100,2016-03-31
PLNBE3DCDD228,CUST100008597,IoT Data Plan,Broadband,46.6,5,1000,-1,2024-05-02
PLNEA9396F58F,CUST100005321,Unlimited Plus,Broadband,51.03,-1,1000,100,2023-06-09
PLNC1BB5537E4,CUST100085570,Fiber 1Gbps,Prepaid Mobile,18.18,10,500,500,2025-11-03
PLN011D8F03C4,CUST100024769,Prepaid 5GB,Prepaid Mobile,36.72,50,1000,-1,2020-01-06
PLN190CDE6096,CUST100045375,Prepaid 5GB,Broadband,73.78,5,-1,-1,2020-11-30
PLN703776A33E,CUST100085138,IoT Data Plan,Broadband,27.12,50,500,100,2022-06-30
PLNA9335A43A3,CUST100056979,IoT Data Plan,Prepaid Mobile,99.82,20,500,-1,2025-03-12
PLN6CB76A040B,CUST100035488,Unlimited Plus,Prepaid Mobile,141.62,2,500,500,2025-05-16
PLN2632A46F0E,CUST100064004,Fiber 500Mbps,Prepaid Mobile,29.55,10,-1,500,2019-10-29
PLN5479CCB8CF,CUST100020729,Unlimited Plus,Broadband,25.25,2,1000,100,2017-01-24
PLN4FB3E67663,CUST100001141,Unlimited Basic,Broadband,109.94,5,500,-1,2019-11-09
PLN3A4076BE06,CUST100041808,Unlimited Premium,Postpaid Mobile,67.01,10,500,-1,2015-02-08
PLN2A8904B1BD,CUST100046492,Unlimited Plus,Broadband,116.03,10,-1,100,2016-12-22
PLNB61DA27210,CUST100005621,Unlimited Basic,Postpaid Mobile,124.41,2,500,-1,2022-07-26
PLN2A7187D0D0,CUST100043636,Family Share 10GB,Prepaid Mobile,100.65,50,1000,-1,2026-03-13
PLN983A4567FB,CUST100081919,Unlimited Premium,Prepaid Mobile,38.97,20,1000,500,2019-02-23
PLN8694086820,CUST100049717,Family Share 10GB,IoT,137.37,2,-1,100,2018-12-19
PLN1D53EAC26F,CUST100024530,Unlimited Premium,Postpaid Mobile,87.93,5,-1,500,2015-11-09
PLN38EA782E85,CUST100097859,Unlimited Premium,Postpaid Mobile,73.59,-1,-1,500,2023-07-03
PLNDA2F355D48,CUST100005732,Fiber 500Mbps,Postpaid Mobile,66.2,20,-1,500,2017-09-28
PLNF222A258E9,CUST100091463,Unlimited Basic,Postpaid Mobile,94.24,10,1000,500,2026-05-21
PLN3862D044D1,CUST100019828,Unlimited Basic,Postpaid Mobile,81.7,5,500,100,2018-09-23
PLN16CB230981,CUST100018920,Unlimited Basic,Broadband,126.29,-1,1000,500,2021-05-25
PLN20B15954A2,CUST100000925,Unlimited Premium,IoT,52.88,50,500,100,2021-05-22
PLN9855F94691,CUST100001738,Family Share 10GB,Postpaid Mobile,80.39,10,-1,-1,2016-06-27
PLN35E61718B3,CUST100080928,Fiber 1Gbps,Postpaid Mobile,60.23,-1,1000,100,2025-07-31
PLN989C5C8ACC,CUST100005200,Unlimited Plus,Prepaid Mobile,137.5,20,1000,100,2018-05-13
PLNE2C041AF57,CUST100042635,IoT Data Plan,Prepaid Mobile,122.84,-1,500,100,2016-06-24
PLNA0E40B24C9,CUST100038559,Unlimited Premium,Postpaid Mobile,33.57,5,-1,100,2023-01-07
PLN9B653C90B5,CUST100081113,Prepaid 5GB,Broadband,138.1,50,-1,100,2025-02-05
PLN78B79D3E39,CUST100065306,Unlimited Plus,Broadband,77.49,20,1000,-1,2025-01-06
PLN41D13A2A2D,CUST100042006,Fiber 1Gbps,Broadband,139.27,20,-1,-1,2022-07-21
PLN2C854B00BA,CUST100060129,Fiber 500Mbps,Postpaid Mobile,89.88,50,500,-1,2025-05-31
PLN4CBADA44D2,CUST100082583,Prepaid 5GB,Postpaid Mobile,94.24,2,500,500,2017-02-14
PLNBAD628D638,CUST100041963,Unlimited Basic,Postpaid Mobile,89.22,5,-1,500,2022-11-26
PLN71F0FB21B3,CUST100048627,IoT Data Plan,Broadband,54.11,10,1000,100,2022-01-26
PLNF5E91AD3A1,CUST100052428,IoT Data Plan,Broadband,20.26,10,500,-1,2015-12-29
PLN2D911CF160,CUST100018727,Family Share 10GB,Broadband,114.12,20,1000,-1,2021-07-23
PLNCE1BC75139,CUST100086271,IoT Data Plan,Postpaid Mobile,113.04,2,1000,-1,2017-08-20
PLN6B65F40AB1,CUST100095538,Fiber 500Mbps,Postpaid Mobile,127.54,2,500,100,2019-03-14
PLN444174E958,CUST100001882,Unlimited Basic,Prepaid Mobile,55.02,20,500,500,2018-06-10
PLN7CD0D18755,CUST100007667,Fiber 1Gbps,Postpaid Mobile,98.77,20,1000,-1,2025-01-13
PLNEEE7F6B782,CUST100084570,Fiber 1Gbps,Postpaid Mobile,118.69,5,500,100,2025-05-08
PLN156891932D,CUST100087443,Unlimited Plus,Postpaid Mobile,119.96,5,500,100,2017-08-21
PLNF9B0B1C093,CUST100080546,Unlimited Premium,Postpaid Mobile,61.83,2,-1,-1,2024-06-05
PLN266048794E,CUST100089478,Fiber 500Mbps,Postpaid Mobile,72.03,5,500,100,2025-12-24
PLN3850322A48,CUST100003189,Family Share 10GB,Broadband,79.7,5,500,-1,2019-10-09
PLNF77D902306,CUST100080090,Unlimited Premium,Postpaid Mobile,147.77,20,500,-1,2023-09-13
PLN68025C83A2,CUST100020049,Prepaid 5GB,Postpaid Mobile,54.09,-1,1000,-1,2022-08-29
PLNC2E6508B3B,CUST100007907,Unlimited Premium,Broadband,69.05,20,500,-1,2015-12-12
PLND282C03840,CUST100017453,Unlimited Plus,Postpaid Mobile,111.02,50,-1,-1,2021-12-19
PLN0FA5AA1430,CUST100005975,Unlimited Basic,Broadband,40.73,20,500,-1,2016-07-29
PLNFE4EAD7ABD,CUST100066869,Unlimited Basic,Postpaid Mobile,81.1,20,500,500,2020-06-29
PLNB29A49D1BB,CUST100037402,Fiber 1Gbps,Broadband,120.12,-1,1000,100,2020-05-29
PLN0FE838EF13,CUST100027965,IoT Data Plan,Postpaid Mobile,129.37,5,-1,100,2025-04-03
PLNCCEE4C6BAD,CUST100005189,Family Share 10GB,Broadband,28.92,20,-1,500,2015-07-08
PLNB42BDAE98F,CUST100012892,Prepaid 5GB,Postpaid Mobile,123.33,2,500,100,2022-08-17
PLNBE905EDFED,CUST100039847,Unlimited Premium,Postpaid Mobile,21.8,10,500,100,2016-07-20
PLN7EDF030C55,CUST100033454,Unlimited Plus,Postpaid Mobile,50.98,-1,1000,100,2023-06-21
PLNC2AB12EA20,CUST100032413,Unlimited Basic,Broadband,149.11,20,-1,500,2024-09-10
PLNF9A5E9ADBE,CUST100080554,Unlimited Plus,Postpaid Mobile,68.67,5,-1,100,2015-06-14
PLND10F75B629,CUST100077671,Prepaid 5GB,Prepaid Mobile,65.33,5,1000,-1,2023-02-02
PLN991061C4B0,CUST100047757,Fiber 1Gbps,IoT,53.03,50,1000,500,2017-01-19
PLNF1AAA41EBD,CUST100000089,Prepaid 5GB,Broadband,111.2,20,1000,500,2015-07-18
PLN302C9D9321,CUST100060935,Unlimited Plus,Broadband,59.58,50,-1,500,2016-04-18
PLNDB02769DE7,CUST100050738,Unlimited Plus,Postpaid Mobile,48.86,50,-1,-1,2021-07-01
PLN1DD0E2118A,CUST100006601,Family Share 10GB,Prepaid Mobile,94.07,2,1000,500,2025-09-14
PLN569CC159C0,CUST100015967,Unlimited Premium,Prepaid Mobile,17.52,20,-1,-1,2017-01-18
PLNF5DF2AE269,CUST100095461,IoT Data Plan,Broadband,98.91,-1,-1,100,2020-08-12
PLN0AF6BF4792,CUST100083024,Fiber 1Gbps,Postpaid Mobile,97.34,20,-1,500,2025-02-27
PLN2FD4499A40,CUST100074418,Unlimited Plus,IoT,112.54,10,500,-1,2021-11-29
PLN563F5260DB,CUST100091551,Unlimited Premium,Postpaid Mobile,78.42,10,1000,-1,2021-02-20
PLNF33317BDAE,CUST100029612,Unlimited Plus,Prepaid Mobile,113.58,5,1000,-1,2021-04-09
PLN18DBDE4C7D,CUST100051653,Family Share 10GB,Broadband,140.97,20,-1,500,2016-06-06
PLN172B520640,CUST100078410,Family Share 10GB,Broadband,65.55,2,-1,100,2023-07-03
PLNCD3BF7C990,CUST100098777,Fiber 500Mbps,IoT,23.95,50,500,100,2022-02-23
PLN8CCFF70766,CUST100003188,IoT Data Plan,Postpaid Mobile,98.81,50,-1,100,2024-03-05
PLN94D2A4745C,CUST100051369,Unlimited Premium,Prepaid Mobile,44.99,20,-1,500,2019-03-22
PLN10812B149D,CUST100016260,Unlimited Premium,Broadband,111.75,50,500,-1,2016-02-15
PLNCBCFB091DC,CUST100088121,Unlimited Premium,Postpaid Mobile,109.74,50,500,500,2021-07-31
PLN13B40CB52D,CUST100004983,Prepaid 5GB,Postpaid Mobile,77.68,-1,1000,500,2020-09-05
PLN2047442AE4,CUST100050323,Unlimited Plus,Prepaid Mobile,83.57,20,1000,-1,2025-10-15
PLNA5B20168E1,CUST100067309,Fiber 500Mbps,Postpaid Mobile,76.53,2,500,100,2025-06-11
PLN30A460BD93,CUST100029043,Fiber 1Gbps,Postpaid Mobile,104.8,2,1000,-1,2015-03-21
PLN6CCB128F5E,CUST100078429,Unlimited Basic,Postpaid Mobile,83.66,50,1000,100,2015-06-06
PLN692DC70AEF,CUST100020346,Fiber 500Mbps,Postpaid Mobile,129.94,20,1000,500,2016-06-04
PLN6B3BB3B456,CUST100001776,Family Share 10GB,Postpaid Mobile,21.28,10,1000,-1,2021-04-15
PLNE6ADBAA632,CUST100099464,Fiber 500Mbps,Prepaid Mobile,59.0,10,500,-1,2016-07-22
PLN98835A260C,CUST100015249,Fiber 500Mbps,Postpaid Mobile,134.0,-1,1000,-1,2024-09-22
PLNEB8C5C84DD,CUST100085142,IoT Data Plan,Postpaid Mobile,114.3,50,1000,100,2015-01-04
PLN8D80021A72,CUST100066433,Family Share 10GB,Postpaid Mobile,141.49,2,1000,500,2021-02-28
PLND5A37C6096,CUST100051309,IoT Data Plan,Prepaid Mobile,33.96,2,500,-1,2018-12-19
PLN2141787314,CUST100070132,Unlimited Plus,Postpaid Mobile,101.23,10,-1,500,2016-10-26
PLN51506089BF,CUST100066025,Prepaid 5GB,Postpaid Mobile,82.89,50,500,100,2016-03-21
PLN4AFF412CD4,CUST100056663,Family Share 10GB,Prepaid Mobile,126.03,10,500,500,2023-02-01
PLN89F0CF0B40,CUST100077245,Unlimited Plus,Broadband,39.74,5,500,100,2018-04-24
PLN784BF26022,CUST100063857,Fiber 1Gbps,Postpaid Mobile,42.32,10,500,-1,2022-08-29
PLN1544491563,CUST100039416,IoT Data Plan,Prepaid Mobile,101.25,2,500,100,2024-03-02
PLNE1590CB7E8,CUST100010563,Family Share 10GB,Prepaid Mobile,86.83,10,-1,-1,2019-07-08
PLN3850B42B0C,CUST100030597,Prepaid 5GB,Prepaid Mobile,47.84,50,1000,100,2022-10-16
PLN80B17F504D,CUST100057424,Fiber 1Gbps,Broadband,134.1,50,500,500,2021-07-13
PLN9B162D3D1B,CUST100099480,Prepaid 5GB,Postpaid Mobile,111.13,20,-1,-1,2017-07-19
PLN73BBBC1AF9,CUST100028800,Prepaid 5GB,Postpaid Mobile,59.28,50,1000,100,2017-05-22
PLN0110A01BCA,CUST100035170,Unlimited Plus,Postpaid Mobile,103.4,-1,1000,500,2019-09-14
PLNF9702A291B,CUST100041659,Unlimited Plus,Postpaid Mobile,121.76,2,1000,500,2015-10-07
PLND7F3BF840E,CUST100004271,Family Share 10GB,Prepaid Mobile,70.59,2,1000,-1,2024-03-16
PLN8C4D9D1FA0,CUST100012046,Fiber 1Gbps,Postpaid Mobile,148.39,2,1000,100,2024-04-13
PLN11A1DA11E7,CUST100042631,Unlimited Plus,Broadband,125.03,-1,-1,-1,2025-02-19
PLNC1AD777479,CUST100034620,Fiber 1Gbps,Postpaid Mobile,108.66,10,500,500,2022-12-08
PLNC507C05686,CUST100070972,IoT Data Plan,Postpaid Mobile,36.82,-1,1000,100,2022-03-02
PLN069A317C8C,CUST100043038,Unlimited Basic,Postpaid Mobile,108.76,50,-1,500,2018-12-14
PLNF5F53328F8,CUST100044391,Unlimited Premium,Broadband,81.82,-1,-1,500,2017-01-25
PLN642CED9080,CUST100078667,Fiber 500Mbps,Postpaid Mobile,50.61,-1,1000,100,2018-12-11
PLNA3F6679358,CUST100016478,Fiber 1Gbps,Postpaid Mobile,39.31,-1,1000,500,2019-09-07
PLNC6408CF5F6,CUST100092956,Fiber 500Mbps,Broadband,84.1,5,1000,100,2019-11-20
PLNAEA6022A07,CUST100041752,Prepaid 5GB,Postpaid Mobile,117.71,10,-1,500,2023-01-18
PLNCC777E35D8,CUST100060650,IoT Data Plan,Postpaid Mobile,132.23,50,1000,100,2016-10-16
PLN801B26301D,CUST100035373,Unlimited Premium,Prepaid Mobile,62.83,-1,-1,500,2025-07-23
PLNDBD07A9EDF,CUST100006954,Unlimited Basic,Postpaid Mobile,21.61,20,500,-1,2024-01-28
PLN35A9193292,CUST100060904,Unlimited Plus,Postpaid Mobile,116.66,10,500,-1,2018-01-02
PLN91BC45C656,CUST100062319,IoT Data Plan,Broadband,85.35,50,1000,100,2017-03-19
PLN4D98056F33,CUST100092182,Unlimited Basic,Postpaid Mobile,88.44,10,500,-1,2017-05-21
PLNE50A0733C7,CUST100018201,Unlimited Basic,Broadband,96.06,-1,-1,100,2022-02-15
PLNB74B4E891A,CUST100065955,Family Share 10GB,Postpaid Mobile,129.05,10,1000,500,2016-06-08
PLNCAC0429583,CUST100000389,Prepaid 5GB,Postpaid Mobile,72.41,20,1000,-1,2025-07-18
PLN88AB951F2D,CUST100024748,IoT Data Plan,Prepaid Mobile,140.7,2,1000,500,2018-03-18
PLN35DD45546D,CUST100000720,Family Share 10GB,Broadband,110.05,10,1000,-1,2020-06-02
PLN1C842CFC2B,CUST100000016,Unlimited Plus,Postpaid Mobile,33.25,10,1000,-1,2017-03-05
PLN1E1217B561,CUST100066790,Prepaid 5GB,Prepaid Mobile,27.78,5,500,500,2015-04-05
PLNA4069837F3,CUST100011518,Fiber 1Gbps,Broadband,77.22,50,500,500,2015-02-25
PLN036200B301,CUST100071857,IoT Data Plan,Prepaid Mobile,44.28,5,1000,500,2015-12-04
PLN402098349A,CUST100096265,IoT Data Plan,Prepaid Mobile,90.16,-1,-1,500,2026-04-26
PLN9C93E44549,CUST100040968,Fiber 1Gbps,Prepaid Mobile,68.74,50,-1,500,2024-08-14
PLN1E921B1CAE,CUST100015098,IoT Data Plan,Postpaid Mobile,60.61,50,-1,500,2023-01-18
PLN416460A157,CUST100086024,Unlimited Premium,Prepaid Mobile,87.08,5,1000,-1,2021-09-05
PLNBEF92A31A0,CUST100002636,Unlimited Premium,Postpaid Mobile,21.75,2,-1,100,2015-09-18
PLN7445958620,CUST100085518,Unlimited Premium,Postpaid Mobile,115.47,5,-1,100,2015-03-16
PLN54C5CB7C03,CUST100081229,Family Share 10GB,Prepaid Mobile,66.37,50,1000,500,2016-05-05
PLN9495A0D3E5,CUST100092053,Fiber 500Mbps,Broadband,97.72,-1,500,-1,2023-01-25
PLND2FB601F49,CUST100081393,Family Share 10GB,Postpaid Mobile,87.82,-1,500,-1,2021-08-29
PLN42BD3DB35D,CUST100092712,Unlimited Basic,Prepaid Mobile,90.95,50,1000,-1,2020-08-18
PLNDFA0E8CB76,CUST100043689,Prepaid 5GB,Prepaid Mobile,16.53,2,1000,100,2015-07-13
PLN661E078DAB,CUST100014997,Unlimited Premium,Postpaid Mobile,112.47,2,500,-1,2015-04-20
PLN8F86635CF4,CUST100013392,Unlimited Basic,Prepaid Mobile,117.04,-1,-1,100,2015-11-09
PLNBC2493857E,CUST100059161,Fiber 1Gbps,Prepaid Mobile,91.36,2,1000,-1,2017-09-24
PLNBB400A396D,CUST100064098,IoT Data Plan,Prepaid Mobile,66.28,20,1000,-1,2026-06-11
PLN9EFD212AF8,CUST100095880,Prepaid 5GB,Prepaid Mobile,125.26,-1,-1,500,2022-02-15
PLN628638634E,CUST100020824,IoT Data Plan,Broadband,34.48,2,1000,100,2025-02-15
PLNF92E7B1108,CUST100034646,Unlimited Plus,Prepaid Mobile,83.36,-1,1000,500,2017-11-13
PLN0661ACC101,CUST100048000,Family Share 10GB,Postpaid Mobile,94.53,-1,500,-1,2015-03-28
PLN534C2A8E87,CUST100064749,IoT Data Plan,Broadband,47.5,-1,500,100,2023-12-22
PLN9398E269BD,CUST100098293,Unlimited Premium,Broadband,20.17,2,500,-1,2023-10-10
PLN731AF12FE2,CUST100037940,Family Share 10GB,Broadband,22.59,50,500,-1,2018-05-16
PLN598C36B6A0,CUST100058599,Fiber 1Gbps,Broadband,43.15,50,500,100,2024-08-22
PLN4BA7ACF4CC,CUST100025537,Prepaid 5GB,Postpaid Mobile,128.91,5,500,100,2023-09-12
PLN831C915C37,CUST100021664,Family Share 10GB,Prepaid Mobile,81.92,5,1000,500,2017-02-07
PLNE56065D56C,CUST100081896,Unlimited Plus,Broadband,147.73,5,-1,100,2017-06-08
PLNBFAE28C399,CUST100083750,Family Share 10GB,IoT,45.43,-1,1000,100,2020-06-10
PLN284821F7DE,CUST100039909,Unlimited Plus,Postpaid Mobile,85.96,50,-1,500,2025-05-15
PLNEC366F547D,CUST100075701,Prepaid 5GB,Prepaid Mobile,16.19,5,1000,100,2024-05-16
PLND35910B002,CUST100084632,Fiber 1Gbps,Postpaid Mobile,132.1,10,-1,-1,2018-12-25
PLN7F12DA6729,CUST100022108,Fiber 500Mbps,Postpaid Mobile,89.2,2,500,500,2016-08-08
PLN6D09B4579C,CUST100012858,Unlimited Plus,Postpaid Mobile,15.51,2,-1,-1,2025-05-05
PLN767DBA5EF9,CUST100076907,Unlimited Basic,Postpaid Mobile,37.88,-1,500,500,2017-09-06
PLNE9C37743D9,CUST100004152,Prepaid 5GB,Postpaid Mobile,78.99,2,-1,500,2025-08-19
PLNC68CD4168E,CUST100065905,Fiber 500Mbps,Postpaid Mobile,59.72,50,1000,100,2020-05-29
PLN5B1F990DF0,CUST100089593,Fiber 1Gbps,Prepaid Mobile,89.01,5,1000,100,2016-09-21
PLN3FAD9B9823,CUST100058163,Family Share 10GB,Postpaid Mobile,131.58,2,-1,-1,2024-12-27
PLN423E444AC4,CUST100085884,Family Share 10GB,Postpaid Mobile,80.01,10,1000,100,2017-11-08
PLN5D8B5D7549,CUST100091066,IoT Data Plan,Prepaid Mobile,102.55,50,-1,-1,2024-12-23
PLN153209067D,CUST100039556,Family Share 10GB,Prepaid Mobile,49.93,10,500,100,2021-08-15
PLN080682A73D,CUST100071350,Unlimited Premium,Postpaid Mobile,66.65,10,1000,100,2019-12-10
PLN743A0CF9EA,CUST100079380,Fiber 1Gbps,Postpaid Mobile,65.77,-1,-1,100,2015-04-08
PLNB3B9DC5F23,CUST100045426,Fiber 500Mbps,Broadband,32.32,20,1000,500,2024-07-02
PLN5260BDAB17,CUST100020175,Unlimited Plus,Prepaid Mobile,45.87,20,500,100,2017-07-11
PLN8C44771A89,CUST100052761,Fiber 500Mbps,Postpaid Mobile,38.89,20,-1,-1,2023-10-24
PLN4C8A503E85,CUST100056424,Family Share 10GB,Prepaid Mobile,113.11,-1,1000,-1,2018-03-22
PLN1E220CCDEA,CUST100010859,Prepaid 5GB,Prepaid Mobile,113.24,2,1000,100,2015-09-29
PLN69CA1EC008,CUST100059111,Unlimited Premium,IoT,66.29,10,1000,100,2015-10-26
PLN18E1AF066F,CUST100060899,Unlimited Plus,Prepaid Mobile,16.13,20,1000,100,2016-10-07
PLN0BFA5A4B96,CUST100057189,Family Share 10GB,Prepaid Mobile,22.66,5,500,-1,2022-03-01
PLND88F690201,CUST100020857,Unlimited Basic,Postpaid Mobile,83.32,2,1000,500,2018-12-05
PLN0B643D7A68,CUST100009700,Fiber 500Mbps,Postpaid Mobile,88.11,10,500,500,2026-04-21
PLN991BD6384E,CUST100093465,Family Share 10GB,Postpaid Mobile,102.83,2,-1,-1,2024-06-07
PLNF0DD36D11F,CUST100094886,Fiber 1Gbps,Broadband,65.73,10,1000,500,2023-06-01
PLNE2F050816B,CUST100058679,IoT Data Plan,Postpaid Mobile,114.21,20,-1,-1,2025-09-24
PLN2BE0BD890A,CUST100052218,Unlimited Basic,Postpaid Mobile,90.58,50,-1,-1,2021-08-12
PLNEBD203F211,CUST100047377,IoT Data Plan,Prepaid Mobile,145.45,50,-1,100,2022-05-22
PLN5AC034AC32,CUST100099298,Fiber 500Mbps,Postpaid Mobile,146.11,-1,-1,100,2024-12-11
PLN861CA4777F,CUST100086624,Fiber 1Gbps,Prepaid Mobile,32.68,2,1000,-1,2026-05-12
PLN3D2D7DAAE3,CUST100077598,Unlimited Basic,Prepaid Mobile,125.1,2,500,100,2022-06-29
PLN8E50864545,CUST100065347,Fiber 1Gbps,Postpaid Mobile,34.65,5,-1,-1,2025-03-10
PLN10237340CB,CUST100041531,Family Share 10GB,Postpaid Mobile,19.69,10,-1,500,2019-02-06
PLN6A543229BF,CUST100037251,Unlimited Premium,Postpaid Mobile,40.79,10,500,500,2022-04-13
PLNE82AFD4B11,CUST100081328,Fiber 1Gbps,Prepaid Mobile,105.74,2,500,500,2019-04-29
PLND8482FEB33,CUST100001014,Unlimited Basic,Postpaid Mobile,142.58,10,500,-1,2023-09-04
PLN41445B3D4B,CUST100020400,Family Share 10GB,Postpaid Mobile,123.0,50,1000,500,2017-07-31
PLNABAFCEBA32,CUST100042113,Family Share 10GB,Postpaid Mobile,55.87,-1,500,500,2023-04-08
PLN8648731FE1,CUST100004035,IoT Data Plan,Postpaid Mobile,109.19,-1,-1,500,2021-12-25
PLN7032EF103F,CUST100036275,Fiber 500Mbps,Broadband,39.85,-1,-1,500,2019-05-29
PLN2AF305022C,CUST100036528,Unlimited Basic,Postpaid Mobile,18.38,50,500,-1,2018-06-01
PLN571843D597,CUST100084107,Unlimited Plus,Prepaid Mobile,128.23,5,1000,100,2026-01-24
PLNABA03F118F,CUST100015728,Unlimited Plus,Prepaid Mobile,40.81,-1,1000,-1,2024-09-29
PLN2E84D9AF5C,CUST100029719,Fiber 500Mbps,Prepaid Mobile,92.72,20,500,-1,2022-10-27
PLN3C49065A9A,CUST100032524,Fiber 500Mbps,Prepaid Mobile,48.71,10,500,500,2022-09-09
PLN7F61887876,CUST100071022,Unlimited Basic,Postpaid Mobile,87.32,10,1000,-1,2020-02-28
PLN0AF195B05C,CUST100097405,IoT Data Plan,Postpaid Mobile,41.74,2,-1,500,2017-09-05
PLNABFA74341B,CUST100085982,Unlimited Plus,Postpaid Mobile,40.56,50,500,500,2022-11-24
PLN7C89A9D44D,CUST100037791,Unlimited Plus,Postpaid Mobile,103.89,2,500,100,2015-12-21
PLN526DC6FCB0,CUST100098586,Fiber 1Gbps,Postpaid Mobile,76.52,10,-1,-1,2021-02-12
PLN0EDD57E9B0,CUST100004614,Fiber 500Mbps,Postpaid Mobile,54.58,-1,-1,100,2022-05-14
PLN5CCC2BAB2A,CUST100014690,Fiber 500Mbps,IoT,40.51,20,500,100,2021-11-13
PLND2B440CCC5,CUST100051105,Prepaid 5GB,Prepaid Mobile,138.14,2,500,500,2020-09-30
PLN60B96D8F16,CUST100027633,Fiber 500Mbps,Postpaid Mobile,21.35,20,-1,-1,2019-09-23
PLNC7B9422AE7,CUST100036333,Prepaid 5GB,Postpaid Mobile,110.37,2,1000,-1,2015-11-23
PLNF06DDC65DF,CUST100013919,Fiber 1Gbps,Postpaid Mobile,139.91,-1,-1,-1,2024-05-16
PLN1CEBB1E3C2,CUST100074912,IoT Data Plan,Postpaid Mobile,78.58,5,-1,-1,2019-08-08
PLNC5E0802214,CUST100094376,Family Share 10GB,Prepaid Mobile,41.76,2,500,500,2023-08-26
PLNCA31AC119F,CUST100007608,Fiber 1Gbps,Postpaid Mobile,140.7,2,500,500,2019-07-31
PLNDB748CBE7A,CUST100093716,Unlimited Plus,Broadband,99.28,-1,1000,-1,2015-12-24
PLN8250957263,CUST100066482,Unlimited Plus,Broadband,105.57,20,-1,-1,2021-06-11
PLN41063E378B,CUST100004569,Fiber 500Mbps,Postpaid Mobile,71.38,2,-1,500,2016-08-18
PLN4EB3E1BAC8,CUST100057130,Family Share 10GB,Postpaid Mobile,26.63,50,1000,-1,2018-12-15
PLN26EF8D6E85,CUST100098393,IoT Data Plan,Postpaid Mobile,15.87,50,-1,-1,2024-02-03
PLN04277B089F,CUST100064778,Family Share 10GB,Broadband,124.82,10,-1,-1,2026-04-26
PLN9CC920A47E,CUST100023369,IoT Data Plan,Postpaid Mobile,46.86,2,500,500,2018-08-25
PLN6C7A53ACFC,CUST100006605,Family Share 10GB,Postpaid Mobile,50.72,5,-1,100,2023-02-02
PLN2B03B3DCB5,CUST100092902,Family Share 10GB,Prepaid Mobile,58.15,10,500,100,2021-09-11
PLNC8B19BB9EA,CUST100029191,Fiber 1Gbps,Postpaid Mobile,110.86,50,500,100,2021-11-04
PLN1DD494EB51,CUST100099501,Unlimited Basic,Broadband,43.39,50,1000,100,2017-11-12
PLN57EE111A75,CUST100064681,Fiber 1Gbps,Postpaid Mobile,124.16,-1,1000,100,2018-05-09
PLN21DEC1C1BC,CUST100016725,Family Share 10GB,Broadband,148.48,-1,500,-1,2018-11-05
PLND4862F324C,CUST100070158,Prepaid 5GB,Prepaid Mobile,77.77,2,1000,-1,2021-01-12
PLN1F44EE39D0,CUST100019838,Fiber 500Mbps,Prepaid Mobile,124.0,5,-1,100,2017-10-27
PLN40B4FE9FC1,CUST100089612,Fiber 500Mbps,Postpaid Mobile,146.21,10,500,-1,2016-04-02
PLN84643ECD39,CUST100098657,Unlimited Plus,Prepaid Mobile,89.61,10,1000,500,2017-08-19
PLN94A1C670E7,CUST100066528,IoT Data Plan,Prepaid Mobile,79.13,5,-1,100,2020-08-02
PLNA6E439CC98,CUST100050595,Unlimited Plus,Postpaid Mobile,23.49,50,-1,100,2024-03-09
PLN16F717A4D5,CUST100065335,Unlimited Premium,Postpaid Mobile,110.83,10,1000,500,2019-11-16
PLNB3B2A81E40,CUST100059845,IoT Data Plan,Prepaid Mobile,134.69,10,-1,100,2023-01-14
PLNA749D33D2B,CUST100053635,Unlimited Basic,Postpaid Mobile,142.07,-1,500,-1,2017-12-23
PLN197D09F330,CUST100008825,IoT Data Plan,Postpaid Mobile,122.75,5,1000,-1,2023-12-30
PLN909A0F434D,CUST100044423,Fiber 500Mbps,Prepaid Mobile,148.89,-1,1000,500,2025-11-14
PLNA0C14D720B,CUST100096950,Unlimited Plus,Broadband,106.06,5,1000,-1,2020-11-14
PLN1A5C391792,CUST100039724,Fiber 500Mbps,Prepaid Mobile,146.99,5,500,100,2020-04-12
PLN2CF15EEDCD,CUST100018596,Family Share 10GB,Postpaid Mobile,20.82,5,-1,500,2015-11-19
PLN65D6C0F0F2,CUST100012914,Unlimited Basic,Postpaid Mobile,94.52,10,-1,100,2023-08-25
PLN6E1D01E82E,CUST100087258,Unlimited Basic,Prepaid Mobile,84.67,5,500,500,2025-10-29
PLN78CCB64EA7,CUST100042414,IoT Data Plan,Broadband,136.57,20,1000,100,2020-11-26
PLN5033B12C55,CUST100088433,Family Share 10GB,Prepaid Mobile,77.92,5,-1,100,2026-03-04
PLNBDDD170901,CUST100028367,Unlimited Basic,Postpaid Mobile,80.31,-1,500,-1,2015-05-06
PLNF5531987FA,CUST100070660,Unlimited Basic,Prepaid Mobile,95.23,50,-1,500,2023-05-22
PLN39E9931906,CUST100002705,Prepaid 5GB,Prepaid Mobile,43.34,50,1000,100,2017-09-10
PLNF6360797D8,CUST100080432,Family Share 10GB,Postpaid Mobile,119.12,5,500,100,2022-07-09
PLNA0F11DF22D,CUST100054731,IoT Data Plan,Prepaid Mobile,102.3,10,-1,-1,2017-09-18
PLN5432E80A5D,CUST100017593,Unlimited Premium,Postpaid Mobile,116.57,20,1000,500,2021-08-18
PLNCEF6B618B3,CUST100084592,Fiber 1Gbps,Broadband,104.11,10,1000,100,2025-12-26
PLN1E2449FBF1,CUST100035014,Prepaid 5GB,Prepaid Mobile,26.66,20,-1,100,2018-06-12
PLNE47485DBAF,CUST100022327,Fiber 1Gbps,Postpaid Mobile,34.18,20,1000,500,2017-03-17
PLN00A6350E28,CUST100088381,Fiber 1Gbps,Postpaid Mobile,59.1,10,1000,100,2025-07-31
PLND36335A996,CUST100038783,Unlimited Plus,Postpaid Mobile,46.83,50,-1,-1,2019-03-22
PLNE0CC59C579,CUST100075243,Unlimited Premium,Postpaid Mobile,51.67,-1,1000,-1,2025-07-07
PLN640D523AD7,CUST100065273,IoT Data Plan,Postpaid Mobile,113.27,2,-1,100,2020-09-14
PLNAB4BFECB9F,CUST100000216,Unlimited Plus,Postpaid Mobile,146.6,20,1000,100,2023-07-02
PLNAFF8D78D7F,CUST100062587,Fiber 1Gbps,Postpaid Mobile,82.5,-1,-1,-1,2021-11-10
PLN9BF528161A,CUST100092659,IoT Data Plan,Broadband,121.74,5,-1,500,2020-09-10
PLN1B8BACC0C5,CUST100070159,Family Share 10GB,IoT,104.05,10,1000,500,2024-01-01
PLNC714C1092D,CUST100021518,Prepaid 5GB,Postpaid Mobile,66.57,20,-1,100,2018-12-27
PLN46A6A458E5,CUST100039235,Unlimited Premium,Prepaid Mobile,132.92,20,-1,-1,2022-04-20
PLN186EE69F88,CUST100058733,Prepaid 5GB,Broadband,56.02,5,500,-1,2016-02-01
PLNDD1BED96A1,CUST100075728,Unlimited Basic,Postpaid Mobile,148.87,-1,500,100,2015-10-15
PLNF901C6F519,CUST100070591,Unlimited Premium,IoT,93.44,2,-1,500,2022-12-16
PLN3DA270F7D3,CUST100038407,Unlimited Plus,Prepaid Mobile,66.0,2,500,100,2024-03-19
PLN11CF89F77C,CUST100039682,Family Share 10GB,Postpaid Mobile,108.62,2,-1,500,2022-05-23
PLN34587617E4,CUST100079326,IoT Data Plan,Postpaid Mobile,44.36,-1,500,-1,2016-06-04
PLNC4FC243454,CUST100001025,Fiber 500Mbps,Postpaid Mobile,39.31,10,500,100,2024-03-07
PLN502CB4F623,CUST100041404,IoT Data Plan,Broadband,98.85,5,1000,-1,2019-01-02
PLN62E94AF236,CUST100083857,Prepaid 5GB,Prepaid Mobile,26.4,-1,500,100,2026-02-02
PLN6792AE01BA,CUST100029304,IoT Data Plan,Postpaid Mobile,147.14,10,500,500,2016-09-11
PLN4F9046BB13,CUST100014696,Fiber 500Mbps,Prepaid Mobile,79.7,-1,500,500,2025-12-08
PLN144ADA874B,CUST100061769,Unlimited Plus,Prepaid Mobile,21.34,50,1000,500,2020-04-17
PLN0CE2A6EE54,CUST100037004,Fiber 1Gbps,Postpaid Mobile,23.25,50,500,100,2018-05-12
PLN1CA7FEC7D0,CUST100049329,Unlimited Premium,Prepaid Mobile,126.77,5,-1,500,2022-04-14
PLNA0F77970C4,CUST100080486,Family Share 10GB,Prepaid Mobile,149.04,5,-1,100,2015-10-15
PLN1432E787BD,CUST100099503,IoT Data Plan,Prepaid Mobile,65.28,2,-1,-1,2015-10-24
PLN7F527ED69B,CUST100009266,Family Share 10GB,Postpaid Mobile,16.03,2,500,500,2024-08-03
PLNBD791E7B98,CUST100080793,Fiber 500Mbps,Postpaid Mobile,126.89,10,1000,-1,2021-04-05
PLNA65088DC10,CUST100046713,IoT Data Plan,Broadband,100.25,-1,1000,500,2023-10-10
PLNCFA837E39A,CUST100093200,Fiber 500Mbps,Prepaid Mobile,36.83,-1,-1,-1,2023-09-23
PLN4B1BC63C6B,CUST100081542,Unlimited Basic,Broadband,60.99,20,500,-1,2020-10-10
PLN04107707A6,CUST100060309,Unlimited Premium,Prepaid Mobile,44.87,10,-1,100,2024-11-06
PLN81D3BC9D81,CUST100021719,Unlimited Premium,Postpaid Mobile,89.31,10,-1,-1,2025-11-27
PLNEE44BDDEAC,CUST100010329,IoT Data Plan,Postpaid Mobile,24.28,-1,500,500,2015-07-24
PLN58964260A5,CUST100061042,IoT Data Plan,Postpaid Mobile,34.79,10,1000,500,2015-08-13
PLNB070A863F7,CUST100058459,Fiber 500Mbps,Postpaid Mobile,132.25,20,1000,-1,2018-06-02
PLN5D59B4F59F,CUST100021827,Fiber 500Mbps,Prepaid Mobile,145.59,20,-1,500,2020-03-30
PLN598D323697,CUST100060411,Fiber 500Mbps,Broadband,57.7,50,500,-1,2023-07-05
PLN9D491DFE01,CUST100029919,Prepaid 5GB,Prepaid Mobile,28.65,2,500,500,2021-10-26
PLND340F699CA,CUST100025783,Unlimited Premium,Postpaid Mobile,24.54,10,-1,100,2019-01-09
PLN909194572D,CUST100031934,Prepaid 5GB,Postpaid Mobile,128.95,2,500,100,2025-07-23
PLN900B4C9B3A,CUST100015061,Family Share 10GB,Prepaid Mobile,138.03,20,-1,-1,2024-06-05
PLNCC77E0E618,CUST100069713,Fiber 500Mbps,Prepaid Mobile,98.39,50,1000,-1,2018-10-13
PLNF0D8B57AC7,CUST100082329,Unlimited Premium,Postpaid Mobile,106.26,-1,500,100,2025-04-18
PLN8A587D5966,CUST100028026,Unlimited Premium,Postpaid Mobile,108.67,50,1000,500,2020-10-28
PLNCD17863791,CUST100001272,IoT Data Plan,Broadband,32.17,2,500,-1,2020-02-25
PLN3B8ED2280F,CUST100041920,Family Share 10GB,Broadband,40.02,-1,-1,500,2018-12-10
PLNF13E85616B,CUST100088064,Unlimited Premium,Postpaid Mobile,145.21,50,-1,-1,2026-03-28
PLN804F5053D8,CUST100099564,Fiber 500Mbps,Prepaid Mobile,126.3,5,-1,500,2020-07-01
PLNDB2CB51E3B,CUST100081918,Fiber 1Gbps,Postpaid Mobile,139.93,20,1000,100,2018-06-01
PLNA9987F4BAC,CUST100091874,Unlimited Basic,Postpaid Mobile,49.55,10,1000,100,2022-03-28
PLN8FBDE5DF36,CUST100094655,Prepaid 5GB,Postpaid Mobile,96.3,50,1000,-1,2019-03-20
PLN89A7141463,CUST100048368,Unlimited Plus,Prepaid Mobile,144.44,2,1000,-1,2020-09-21
PLNB0EE141DEF,CUST100072628,Unlimited Plus,Postpaid Mobile,135.72,20,-1,-1,2024-05-14
PLN80ABFFEBB9,CUST100066144,Unlimited Basic,Postpaid Mobile,41.86,-1,1000,100,2020-01-28
PLN756F3E1D77,CUST100021099,Unlimited Basic,Prepaid Mobile,88.4,5,1000,-1,2018-06-02
PLN7BB206EE9E,CUST100046715,Fiber 500Mbps,Postpaid Mobile,26.52,-1,-1,100,2017-05-05
PLNF9E3BADEED,CUST100081584,Family Share 10GB,Postpaid Mobile,29.06,20,500,100,2017-01-13
PLNE68A4DFB37,CUST100065185,Unlimited Plus,Postpaid Mobile,35.59,-1,1000,-1,2019-12-27
PLNC1236CF3E8,CUST100045559,Fiber 1Gbps,Broadband,132.83,10,500,-1,2018-07-03
PLN6C7F6B06C3,CUST100041960,IoT Data Plan,Postpaid Mobile,75.19,2,500,100,2015-11-19
PLNBF73699BB3,CUST100082199,Prepaid 5GB,Postpaid Mobile,115.27,-1,1000,500,2015-04-13
PLNC25D3ADE1A,CUST100074805,Family Share 10GB,Broadband,62.91,10,-1,100,2025-08-21
PLN812AC12BE4,CUST100046173,Unlimited Premium,IoT,15.34,2,-1,-1,2020-10-10
PLN4DDCC94AB7,CUST100048814,Unlimited Plus,Broadband,102.26,-1,-1,100,2025-08-03
PLNDA0A112FA1,CUST100010716,Unlimited Basic,Broadband,133.37,50,-1,500,2021-07-10
PLND93669CB82,CUST100059971,Fiber 1Gbps,Broadband,117.59,2,1000,500,2020-03-01
PLN650197BDA4,CUST100053664,Unlimited Plus,Postpaid Mobile,139.63,50,1000,100,2021-04-22
PLN64EF20FC13,CUST100052790,Prepaid 5GB,Postpaid Mobile,127.11,10,1000,500,2017-02-27
PLNB8182B5281,CUST100033168,Unlimited Premium,Prepaid Mobile,58.41,20,1000,-1,2022-11-29
PLNE2F4A06F9A,CUST100097537,IoT Data Plan,Prepaid Mobile,73.73,5,500,500,2024-09-19
PLN51C6A24673,CUST100080952,Prepaid 5GB,Broadband,92.98,-1,500,-1,2019-03-11
PLNB390CAA279,CUST100095412,Prepaid 5GB,Broadband,43.95,50,500,500,2022-08-05
PLN3C0FD336BA,CUST100088178,Unlimited Basic,Postpaid Mobile,97.22,20,500,100,2026-02-23
PLNEAFEBFC934,CUST100044207,Unlimited Premium,Postpaid Mobile,92.22,20,1000,500,2026-01-12
PLNB323E7B8D8,CUST100061900,Fiber 500Mbps,Postpaid Mobile,115.99,10,500,-1,2017-01-24
PLNF75DBE8428,CUST100014115,Prepaid 5GB,Broadband,142.58,5,-1,-1,2020-01-22
PLN17E366F610,CUST100094164,Unlimited Premium,Broadband,76.0,10,500,-1,2016-07-12
PLN350CE51C77,CUST100025245,Fiber 1Gbps,Postpaid Mobile,68.26,5,500,-1,2022-03-01
PLN77BDC2DE98,CUST100084933,Unlimited Premium,Prepaid Mobile,73.8,20,1000,-1,2025-11-11
PLN7A6D44E753,CUST100065466,Unlimited Plus,Broadband,43.77,2,500,100,2026-02-05
PLNB34B89BE90,CUST100042055,Fiber 1Gbps,Postpaid Mobile,48.95,-1,-1,-1,2024-02-20
PLND0C427E317,CUST100020132,IoT Data Plan,Broadband,96.75,10,-1,-1,2024-02-16
PLNB77346306B,CUST100015624,Unlimited Basic,Prepaid Mobile,54.7,10,-1,500,2015-03-18
PLNDED2D6E862,CUST100004617,Fiber 500Mbps,Prepaid Mobile,135.92,-1,-1,500,2023-02-05
PLNC717AABA53,CUST100068229,Fiber 500Mbps,Postpaid Mobile,53.66,5,500,-1,2020-04-01
PLN279D0A02BB,CUST100026654,Unlimited Plus,Prepaid Mobile,144.46,10,500,-1,2017-09-14
PLN5C3788CCA4,CUST100029934,Family Share 10GB,Broadband,46.82,20,500,100,2023-02-21
PLN9370570A37,CUST100054230,IoT Data Plan,Prepaid Mobile,146.85,20,-1,500,2018-12-04
PLN001E98DA85,CUST100080530,Fiber 1Gbps,Postpaid Mobile,62.07,-1,-1,-1,2026-05-03
PLN1FA9762331,CUST100085731,Unlimited Basic,Postpaid Mobile,118.79,50,-1,100,2017-07-05
PLNF440D1BDC2,CUST100062371,Family Share 10GB,Postpaid Mobile,44.5,2,-1,-1,2018-11-20
PLNF9FC449A9C,CUST100091358,Unlimited Basic,Prepaid Mobile,27.87,-1,500,100,2019-11-08
PLN455CD3E454,CUST100053596,Unlimited Premium,Broadband,49.81,5,-1,500,2024-07-01
PLN76A5CB4DAE,CUST100065253,Fiber 1Gbps,Postpaid Mobile,94.05,20,500,100,2019-10-20
PLN84935B13FA,CUST100002549,Fiber 1Gbps,Postpaid Mobile,80.58,50,1000,500,2017-08-07
PLN4F2FA372C7,CUST100059280,IoT Data Plan,Postpaid Mobile,46.76,20,1000,500,2024-08-01
PLNE94C9BE804,CUST100018823,Unlimited Premium,Postpaid Mobile,70.63,50,1000,100,2020-09-14
PLNA193828B9D,CUST100092897,Unlimited Premium,Postpaid Mobile,100.36,5,-1,100,2019-06-25
PLN2A10685C6C,CUST100049863,Fiber 500Mbps,Prepaid Mobile,149.4,10,-1,500,2015-12-18
PLN7016DCF1AD,CUST100038607,Prepaid 5GB,Prepaid Mobile,66.38,2,1000,100,2024-05-25
PLN7224FF27DA,CUST100007042,Unlimited Premium,Postpaid Mobile,135.82,2,1000,100,2022-06-16
PLNF00B75939F,CUST100022344,Fiber 500Mbps,Postpaid Mobile,114.89,5,-1,500,2018-01-01
PLN8B159BAB4D,CUST100047943,IoT Data Plan,Postpaid Mobile,130.66,20,1000,-1,2026-03-21
PLN8DC0ED24A9,CUST100042068,Prepaid 5GB,Postpaid Mobile,88.22,2,1000,500,2016-10-04
PLNCCE610032B,CUST100001083,Family Share 10GB,Postpaid Mobile,131.16,5,1000,100,2015-09-26
PLN454B32CD0E,CUST100031319,Unlimited Plus,Postpaid Mobile,74.59,20,-1,-1,2023-08-04
PLNFCF7CDC3A0,CUST100087133,Prepaid 5GB,Postpaid Mobile,84.12,5,1000,500,2015-05-04
PLNCD918D76CE,CUST100082460,Unlimited Premium,Broadband,130.78,10,1000,-1,2022-08-06
PLNB11FD57730,CUST100018712,Family Share 10GB,Postpaid Mobile,49.02,5,1000,100,2020-12-31
PLN899521BDED,CUST100061420,Unlimited Premium,Broadband,37.91,2,-1,500,2018-12-05
PLNF6B08F995B,CUST100020726,IoT Data Plan,Postpaid Mobile,136.52,-1,1000,100,2026-06-06
PLN548C37613B,CUST100079630,Prepaid 5GB,Broadband,36.25,-1,500,500,2015-12-01
PLNF78E950CF3,CUST100065522,Unlimited Plus,Postpaid Mobile,122.83,5,500,100,2018-02-12
PLN5A11AA60B1,CUST100056953,Unlimited Plus,Prepaid Mobile,91.95,50,500,100,2017-11-04
PLND513EA80E7,CUST100017900,Fiber 1Gbps,Postpaid Mobile,56.02,5,-1,-1,2021-11-02
PLN8EC4F55C03,CUST100020938,Unlimited Basic,Broadband,80.31,5,1000,500,2018-11-14
PLN11DAD6D147,CUST100053997,Fiber 1Gbps,Postpaid Mobile,20.42,50,1000,500,2019-03-16
PLND22C8A112D,CUST100025926,Family Share 10GB,Postpaid Mobile,139.97,-1,1000,100,2020-11-23
PLN620CDC3438,CUST100051551,IoT Data Plan,Prepaid Mobile,125.48,5,-1,-1,2024-04-02
PLN985540ABE3,CUST100058838,Fiber 1Gbps,Postpaid Mobile,20.38,10,500,500,2025-11-20
PLNED61EE4048,CUST100027481,Prepaid 5GB,Broadband,17.04,-1,1000,100,2025-01-16
PLND254798ECF,CUST100093508,Fiber 500Mbps,Postpaid Mobile,101.44,5,-1,500,2026-05-24
PLN3439132EEC,CUST100006453,IoT Data Plan,Broadband,124.87,20,1000,-1,2021-10-03
PLN52FF1781AF,CUST100008990,Prepaid 5GB,Postpaid Mobile,101.45,5,1000,100,2023-12-07
PLN4521B758AF,CUST100098024,Fiber 500Mbps,Postpaid Mobile,46.47,-1,1000,100,2018-09-26
PLN3E7F664621,CUST100006146,IoT Data Plan,Prepaid Mobile,41.55,10,-1,500,2015-06-27
PLN2842B61845,CUST100036142,Family Share 10GB,Prepaid Mobile,69.0,20,1000,500,2017-05-22
PLN8C165CFD3D,CUST100091560,Unlimited Basic,Postpaid Mobile,117.05,10,500,-1,2026-03-22
PLNBBE97493D2,CUST100004292,IoT Data Plan,Postpaid Mobile,17.51,20,500,100,2015-02-14
PLN97B6482DF9,CUST100011850,Unlimited Basic,Broadband,37.51,2,1000,500,2019-02-17
PLN75D60CEA77,CUST100078759,Unlimited Premium,Postpaid Mobile,24.85,5,1000,100,2020-08-15
PLN19494A1928,CUST100022040,Unlimited Plus,Postpaid Mobile,142.77,20,1000,500,2015-10-17
PLN4F0B799A09,CUST100073380,Unlimited Plus,Postpaid Mobile,149.13,-1,500,500,2025-09-29
PLN3AACBEE504,CUST100047743,Unlimited Plus,Postpaid Mobile,117.07,-1,-1,500,2021-11-10
PLN66A13B895E,CUST100026892,Unlimited Plus,IoT,117.13,-1,500,100,2026-05-21
PLNE2DDC17638,CUST100099390,IoT Data Plan,Postpaid Mobile,60.06,20,-1,500,2020-07-18
PLN07AC94D40B,CUST100075865,Fiber 500Mbps,Postpaid Mobile,45.66,5,-1,100,2026-06-01
PLN5A846352F0,CUST100080108,Prepaid 5GB,Postpaid Mobile,62.55,20,1000,100,2017-05-26
PLNDAB03A44C8,CUST100055970,Prepaid 5GB,Postpaid Mobile,142.11,20,-1,100,2017-02-09
PLN1EC3C61272,CUST100094845,Family Share 10GB,Postpaid Mobile,21.42,2,500,100,2022-11-19
PLND6D2F15355,CUST100085630,Family Share 10GB,Prepaid Mobile,86.89,-1,500,100,2025-02-13
PLN30171554DB,CUST100018618,Unlimited Premium,Prepaid Mobile,139.15,5,1000,-1,2018-05-06
PLNDC92E97463,CUST100040890,Unlimited Premium,Postpaid Mobile,51.74,10,500,-1,2026-01-13
PLN021A5501DD,CUST100032579,Fiber 1Gbps,Postpaid Mobile,64.97,10,-1,500,2020-01-23
PLND32C20A264,CUST100050918,Family Share 10GB,Postpaid Mobile,144.09,-1,-1,-1,2021-11-23
PLNFFDB5E03D6,CUST100012051,Unlimited Plus,Postpaid Mobile,33.43,10,1000,100,2025-08-15
PLN4F5E82F86E,CUST100082077,IoT Data Plan,Postpaid Mobile,35.33,-1,-1,500,2023-12-17
PLN8098ADB72F,CUST100075950,Unlimited Premium,Postpaid Mobile,52.42,20,1000,-1,2021-06-23
PLN0188B3FE6F,CUST100079809,Fiber 1Gbps,Prepaid Mobile,97.49,50,500,500,2018-10-24
PLNBF6D6DE30A,CUST100083033,IoT Data Plan,Prepaid Mobile,144.5,5,1000,100,2025-08-02
PLNB3C3607975,CUST100025666,IoT Data Plan,IoT,58.75,20,-1,500,2021-09-23
PLN3D20C56655,CUST100079149,IoT Data Plan,Postpaid Mobile,141.58,10,500,100,2019-06-16
PLN4BD9D659A6,CUST100008208,Unlimited Basic,Prepaid Mobile,92.1,-1,500,-1,2023-09-21
PLNC71C03FDBE,CUST100095181,Unlimited Plus,Prepaid Mobile,63.5,20,500,100,2017-02-22
PLN0E74642576,CUST100060561,Prepaid 5GB,Broadband,27.77,20,1000,500,2025-09-10
PLN0777183F1F,CUST100040570,Fiber 500Mbps,Postpaid Mobile,31.19,5,-1,100,2018-10-15
PLN88B3FCC7E1,CUST100018038,Unlimited Basic,Postpaid Mobile,144.64,2,500,-1,2023-09-15
PLNEA3CCF556E,CUST100008420,Family Share 10GB,Postpaid Mobile,63.89,10,500,100,2019-07-17
PLN7D1CB209DD,CUST100066513,Unlimited Premium,Postpaid Mobile,111.22,2,-1,500,2025-11-18
PLND3DCC55130,CUST100073120,Prepaid 5GB,Postpaid Mobile,110.45,20,-1,-1,2024-12-25
PLN827AB2147F,CUST100055096,Family Share 10GB,Postpaid Mobile,82.62,50,-1,100,2019-11-05
PLNE0B9E755DB,CUST100044051,IoT Data Plan,Postpaid Mobile,101.89,10,500,-1,2017-03-26
PLN507E40C6EF,CUST100047874,Prepaid 5GB,Broadband,27.83,50,1000,500,2023-08-25
PLN11BE73E7A2,CUST100041699,Fiber 500Mbps,Prepaid Mobile,53.56,5,1000,100,2024-05-05
PLN623DBC07FA,CUST100003118,Prepaid 5GB,Postpaid Mobile,23.23,-1,-1,500,2022-10-29
PLNE4F0D8C880,CUST100023004,Unlimited Plus,Broadband,20.66,50,-1,100,2021-05-26
PLNAAAA642C62,CUST100027207,Unlimited Plus,Broadband,31.15,-1,-1,100,2016-06-01
PLN7E3FD68B23,CUST100007484,Unlimited Premium,Prepaid Mobile,76.9,50,1000,-1,2015-03-29
PLN1D769D95ED,CUST100034613,Unlimited Basic,Prepaid Mobile,60.91,5,1000,500,2025-05-19
PLN09CA58A96E,CUST100093598,IoT Data Plan,Postpaid Mobile,132.08,10,1000,100,2016-01-26
PLN225D2C1280,CUST100072275,Prepaid 5GB,Postpaid Mobile,70.66,2,-1,500,2020-09-02
PLNBDD3B22987,CUST100034729,Unlimited Plus,Postpaid Mobile,93.91,50,-1,-1,2021-04-28
PLN0F4E64F946,CUST100055058,Unlimited Basic,Postpaid Mobile,111.04,-1,-1,-1,2017-02-24
PLNA635466371,CUST100041840,Unlimited Basic,Postpaid Mobile,48.41,-1,-1,500,2021-12-28
PLNF2F10A54CD,CUST100093461,IoT Data Plan,Postpaid Mobile,84.21,-1,500,500,2019-05-18
PLN61412A20A4,CUST100051967,Unlimited Basic,Postpaid Mobile,67.69,-1,500,100,2020-05-28
PLN912FC38B43,CUST100024778,Prepaid 5GB,Postpaid Mobile,65.34,5,-1,100,2019-03-20
PLN139A8258CC,CUST100013854,Family Share 10GB,Postpaid Mobile,53.94,-1,1000,500,2023-06-02
PLN6D9A3C9E27,CUST100058789,Unlimited Plus,Postpaid Mobile,15.79,-1,500,500,2025-10-01
PLN0E8963DCA2,CUST100073375,Fiber 1Gbps,Postpaid Mobile,60.43,-1,500,500,2015-11-03
PLN6366C048B2,CUST100009752,Unlimited Basic,Postpaid Mobile,53.65,50,-1,500,2023-12-12
PLN52C13F1976,CUST100072322,Family Share 10GB,Postpaid Mobile,118.38,5,1000,-1,2015-09-20
PLND5320B66D3,CUST100094896,Unlimited Premium,Broadband,126.53,50,1000,100,2015-12-01
PLN1D4C473073,CUST100007155,Unlimited Basic,Prepaid Mobile,58.48,-1,1000,100,2023-02-11
PLN45A9CFB35F,CUST100046576,Unlimited Premium,Postpaid Mobile,62.55,10,500,100,2018-11-28
PLNB29A66121B,CUST100064405,IoT Data Plan,Postpaid Mobile,61.93,5,500,500,2021-04-11
PLNA29C138AD9,CUST100050729,Family Share 10GB,Prepaid Mobile,86.25,10,1000,-1,2023-08-28
PLN9884426E9D,CUST100022015,Unlimited Premium,Prepaid Mobile,96.88,20,500,100,2018-04-08
PLNB34275C4AD,CUST100088859,Unlimited Premium,Postpaid Mobile,38.25,5,1000,500,2017-01-21
PLN5A7B118261,CUST100001673,Unlimited Plus,Postpaid Mobile,81.8,10,500,500,2026-02-24
PLN9F40B07CDC,CUST100086459,Fiber 500Mbps,Prepaid Mobile,80.41,5,-1,500,2024-12-01
PLNDEC8CE182D,CUST100016704,Unlimited Premium,Broadband,148.86,-1,500,-1,2017-01-06
PLN5760204B3C,CUST100036917,Fiber 1Gbps,Postpaid Mobile,69.8,50,500,100,2016-04-25
PLNDDD5B9B4BC,CUST100055010,Unlimited Basic,Broadband,144.34,5,500,-1,2018-01-19
PLN6243FCFE43,CUST100053030,IoT Data Plan,Postpaid Mobile,70.04,2,-1,500,2017-09-24
PLNFCD4B40DF2,CUST100071104,Unlimited Plus,Broadband,24.69,2,1000,-1,2020-03-23
PLN301D5B35BF,CUST100027095,Fiber 1Gbps,Prepaid Mobile,138.74,-1,1000,100,2022-05-27
PLNF15426D701,CUST100033004,Prepaid 5GB,Postpaid Mobile,26.51,-1,500,-1,2015-07-03
PLNB932CAFCE8,CUST100072157,Family Share 10GB,Prepaid Mobile,112.32,50,1000,-1,2023-02-27
PLN17A506EE24,CUST100016909,Prepaid 5GB,Broadband,34.8,-1,1000,500,2018-10-18
PLN5AF3C6C8F1,CUST100037799,Unlimited Premium,Postpaid Mobile,45.87,5,500,100,2026-03-04
PLN2E6BFC546D,CUST100063628,Unlimited Plus,Postpaid Mobile,120.05,5,500,500,2023-06-25
PLN60FAF2FBB3,CUST100062307,Unlimited Plus,Postpaid Mobile,125.33,2,1000,100,2021-06-14
PLN769B0EA585,CUST100084086,Fiber 500Mbps,Postpaid Mobile,145.36,50,-1,500,2017-09-09
PLN729F2F36C3,CUST100001588,Unlimited Premium,Prepaid Mobile,31.1,20,-1,500,2025-09-23
PLN3F2ADC5ABB,CUST100017965,Fiber 500Mbps,Prepaid Mobile,40.84,5,1000,100,2023-01-09
PLN259998595B,CUST100031923,Unlimited Plus,Postpaid Mobile,41.37,5,500,100,2018-09-05
PLN3177E5CA8F,CUST100096672,Unlimited Basic,Postpaid Mobile,105.22,10,1000,-1,2015-01-23
PLNA973CBB00E,CUST100067124,Unlimited Plus,Prepaid Mobile,97.29,20,1000,-1,2021-07-31
PLN20BCCB0FF0,CUST100010937,Fiber 500Mbps,Broadband,31.14,5,-1,-1,2017-09-07
PLN8F8668FCB8,CUST100090995,Unlimited Plus,Postpaid Mobile,33.77,-1,500,100,2018-03-02
PLNED81D91B29,CUST100086373,IoT Data Plan,Postpaid Mobile,123.32,2,1000,500,2018-10-11
PLNCA27C1D98E,CUST100058450,Unlimited Premium,Postpaid Mobile,128.15,-1,1000,-1,2023-06-26
PLN0B2183502C,CUST100043117,Prepaid 5GB,Prepaid Mobile,94.84,5,-1,-1,2026-06-05
PLNB9824D0D2B,CUST100051513,Unlimited Basic,Postpaid Mobile,22.55,2,500,100,2016-02-15
PLNE1C043C364,CUST100030874,Unlimited Basic,Postpaid Mobile,44.3,5,1000,-1,2020-02-06
PLN844BD6ED12,CUST100065540,Prepaid 5GB,Postpaid Mobile,45.94,50,500,500,2026-02-26
PLNB021E2BB72,CUST100029761,Unlimited Premium,Prepaid Mobile,49.07,20,-1,100,2016-03-15
PLN42EA1C3429,CUST100040148,Fiber 500Mbps,Postpaid Mobile,96.54,10,-1,-1,2024-07-03
PLNCE06D90251,CUST100082859,Unlimited Premium,Postpaid Mobile,74.55,2,1000,100,2017-05-16
PLN4BEAED17F2,CUST100044902,Unlimited Basic,Prepaid Mobile,38.47,2,1000,-1,2023-04-09
PLNF41A0E027A,CUST100057081,Family Share 10GB,Broadband,59.97,50,-1,-1,2026-01-20
PLNFE646B5439,CUST100010801,Fiber 1Gbps,Prepaid Mobile,118.85,20,1000,500,2015-06-13
PLN58E783CF41,CUST100033053,Prepaid 5GB,Postpaid Mobile,74.49,-1,-1,500,2023-12-01
PLNDF8E7ED465,CUST100066174,Unlimited Premium,Postpaid Mobile,112.0,20,-1,500,2024-10-24
PLN58F973F06B,CUST100024658,Unlimited Plus,Postpaid Mobile,142.65,2,500,-1,2022-04-25
PLN950A0F2DD3,CUST100006795,Family Share 10GB,Postpaid Mobile,127.07,2,500,500,2020-11-15
PLN442A691A8E,CUST100074859,Fiber 1Gbps,Postpaid Mobile,46.13,10,500,100,2024-03-27
PLN6615B45A4B,CUST100046519,Fiber 500Mbps,Prepaid Mobile,42.84,2,-1,500,2022-11-16
PLN2931C85E55,CUST100009396,Fiber 500Mbps,Broadband,51.81,20,1000,500,2018-06-17
PLN0A39C243D8,CUST100003168,IoT Data Plan,Postpaid Mobile,116.73,20,-1,100,2019-01-24
PLN1F9FC2978A,CUST100012978,Fiber 500Mbps,Postpaid Mobile,104.01,50,500,-1,2022-06-08
PLN43DCCD3F89,CUST100000277,Fiber 1Gbps,Broadband,26.5,10,-1,500,2021-07-16
PLN2E942BDBCB,CUST100001007,Family Share 10GB,Broadband,144.27,50,500,500,2020-07-20
PLN76249E4DA0,CUST100005370,Unlimited Premium,Prepaid Mobile,89.65,-1,500,100,2023-12-29
PLN987ECE7292,CUST100066731,Unlimited Basic,Postpaid Mobile,122.29,5,1000,500,2017-01-12
PLNA4C16515AA,CUST100058266,IoT Data Plan,Postpaid Mobile,131.14,50,-1,100,2024-02-02
PLND9D05A43D8,CUST100049703,IoT Data Plan,Postpaid Mobile,36.74,10,1000,-1,2025-06-27
PLN9A240A766F,CUST100087103,Unlimited Premium,Broadband,135.21,-1,-1,100,2023-06-07
PLN096624F845,CUST100090991,Unlimited Plus,Prepaid Mobile,50.69,20,500,100,2017-01-02
PLN1701DD640E,CUST100013403,Fiber 500Mbps,Postpaid Mobile,100.94,2,1000,100,2021-09-09
PLNFB9AAD2CE4,CUST100030981,Family Share 10GB,Postpaid Mobile,112.1,10,-1,-1,2024-09-06
PLN771BC45993,CUST100044320,Family Share 10GB,Broadband,115.54,5,1000,500,2017-04-19
PLN648115449F,CUST100094891,IoT Data Plan,Prepaid Mobile,101.13,50,500,-1,2023-08-06
PLNEAD5D96469,CUST100073834,Fiber 500Mbps,Prepaid Mobile,68.82,5,1000,-1,2024-06-01
PLNC04DE4E3F2,CUST100019161,Fiber 1Gbps,Postpaid Mobile,22.45,2,-1,-1,2017-01-30
PLN3D7BECF908,CUST100085306,Prepaid 5GB,Broadband,114.06,5,1000,100,2022-11-01
PLN26A44C3CF0,CUST100058396,Unlimited Basic,Postpaid Mobile,50.63,5,500,-1,2018-01-09
PLN8084277DCF,CUST100059513,Fiber 500Mbps,Postpaid Mobile,47.12,20,-1,100,2015-03-13
PLN20C1B2B022,CUST100078539,Prepaid 5GB,Prepaid Mobile,17.21,10,500,500,2024-06-21
PLNB924B02995,CUST100070667,Unlimited Basic,Postpaid Mobile,27.0,5,-1,500,2023-05-30
PLN04BFFDD4AC,CUST100077757,Fiber 500Mbps,Postpaid Mobile,36.98,5,500,-1,2015-10-27
PLN6244A3DA04,CUST100030712,Unlimited Premium,Prepaid Mobile,23.59,5,-1,100,2018-06-16
PLN08A5A67B6C,CUST100054754,Fiber 1Gbps,Prepaid Mobile,44.11,-1,1000,100,2020-04-23
PLN95FE8E2640,CUST100099307,Unlimited Premium,IoT,54.27,5,500,100,2017-12-09
PLN2AB90D9115,CUST100054926,Unlimited Plus,Postpaid Mobile,111.44,-1,-1,100,2024-09-05
PLN5AB8D1572E,CUST100083772,Family Share 10GB,Postpaid Mobile,121.5,5,-1,100,2015-09-01
PLNF7C1B0DC46,CUST100065879,Unlimited Basic,Postpaid Mobile,40.71,5,1000,100,2019-10-24
PLNB3A846E64A,CUST100062728,Fiber 500Mbps,Prepaid Mobile,104.99,-1,1000,-1,2023-11-26
PLN6E29189314,CUST100034582,Unlimited Premium,Broadband,134.13,20,500,500,2016-05-11
PLN52C2AE8108,CUST100064109,IoT Data Plan,Postpaid Mobile,20.71,50,500,100,2017-08-06
PLN0E1649AD75,CUST100005849,Unlimited Plus,Postpaid Mobile,138.82,-1,500,500,2016-02-01
PLN27DA2829A0,CUST100039330,Family Share 10GB,Postpaid Mobile,139.48,10,1000,-1,2022-12-08
PLN7039844471,CUST100077904,IoT Data Plan,Postpaid Mobile,75.5,-1,-1,500,2016-08-29
PLN915E60D392,CUST100010584,Unlimited Plus,Prepaid Mobile,129.35,2,500,100,2025-09-24
PLN75F70C569D,CUST100082670,Fiber 500Mbps,Broadband,24.65,5,-1,500,2022-07-04
PLN35B1969DFD,CUST100090267,Prepaid 5GB,Prepaid Mobile,26.35,20,500,500,2023-03-01
PLNDBEC7E17CC,CUST100039456,Fiber 1Gbps,Postpaid Mobile,135.8,20,1000,-1,2025-05-10
PLNE0FE7CFC24,CUST100052939,Unlimited Plus,Postpaid Mobile,148.68,5,1000,100,2017-11-14
PLN657CEBCDE5,CUST100021567,Unlimited Premium,Postpaid Mobile,139.39,20,1000,100,2018-02-19
PLNBD74359181,CUST100026572,Fiber 500Mbps,Postpaid Mobile,100.37,10,1000,100,2023-06-13
PLN1FCEFFF9AF,CUST100087382,Fiber 500Mbps,Postpaid Mobile,108.91,2,500,-1,2018-02-04
PLN2FE322D831,CUST100080322,Unlimited Premium,Postpaid Mobile,48.46,2,1000,-1,2017-02-05
PLNDF58D8B261,CUST100023361,Fiber 500Mbps,Broadband,72.76,10,-1,100,2017-07-02
PLN7002227251,CUST100077255,Unlimited Premium,Postpaid Mobile,111.51,20,-1,-1,2020-11-22
PLN116E0250EC,CUST100024755,Fiber 1Gbps,Postpaid Mobile,18.66,-1,-1,500,2017-02-21
PLN4DFD3A1022,CUST100098707,Fiber 500Mbps,Prepaid Mobile,148.53,-1,-1,100,2017-08-31
PLN210C0D56FF,CUST100092791,Unlimited Plus,Prepaid Mobile,31.45,50,1000,-1,2023-04-08
PLN40094D7009,CUST100073913,Fiber 500Mbps,Postpaid Mobile,102.16,5,1000,-1,2020-02-06
PLNEB7D386EC4,CUST100025962,Unlimited Premium,Postpaid Mobile,113.17,50,1000,-1,2022-03-17
PLNA45CE62452,CUST100008455,IoT Data Plan,Prepaid Mobile,104.15,-1,500,-1,2016-05-27
PLNB5C71A2C54,CUST100040490,Unlimited Plus,Postpaid Mobile,115.81,10,-1,100,2023-09-01
PLN992E2C3E63,CUST100035895,Family Share 10GB,Postpaid Mobile,94.97,10,1000,500,2017-09-06
PLN52E69CA2EC,CUST100040341,Prepaid 5GB,Prepaid Mobile,64.59,50,1000,-1,2017-05-06
PLN62CE57B53B,CUST100020278,Unlimited Basic,Postpaid Mobile,89.1,50,1000,-1,2023-07-15
PLN254C86182E,CUST100084951,IoT Data Plan,Broadband,97.46,50,500,100,2016-10-26
PLNDA7456B608,CUST100080058,Family Share 10GB,Prepaid Mobile,25.51,20,500,-1,2022-12-16
PLN8CE93B6B82,CUST100076957,Family Share 10GB,Prepaid Mobile,75.51,5,500,100,2021-12-23
PLNEB06AF2D6E,CUST100063966,Fiber 1Gbps,Postpaid Mobile,29.94,5,1000,100,2024-11-27
PLNC72CCD6FA2,CUST100004735,Unlimited Plus,Prepaid Mobile,100.96,20,500,-1,2018-07-27
PLN8E4A5975E1,CUST100065730,Unlimited Plus,Postpaid Mobile,97.09,5,-1,100,2025-09-01
PLN99876F6A44,CUST100080112,Unlimited Basic,Broadband,29.92,10,500,500,2021-01-01
PLNB11692BD3F,CUST100099523,Fiber 1Gbps,Postpaid Mobile,51.32,-1,500,100,2015-11-08
PLN648963DA4B,CUST100045176,Fiber 1Gbps,Postpaid Mobile,21.99,50,1000,500,2019-05-28
PLN8BAA5C7E9A,CUST100061033,Fiber 1Gbps,Postpaid Mobile,124.71,20,500,100,2018-12-24
PLNECF2163E0C,CUST100001178,IoT Data Plan,Prepaid Mobile,65.29,5,-1,100,2020-04-11
PLNFC02F0654A,CUST100068492,Unlimited Plus,Postpaid Mobile,115.33,2,500,500,2016-09-24
PLNC67BA05514,CUST100011720,Fiber 1Gbps,Postpaid Mobile,15.2,10,500,-1,2016-01-05
PLNC0DE80FEFB,CUST100033909,Family Share 10GB,Prepaid Mobile,94.95,10,-1,-1,2019-04-29
PLN2C0168D511,CUST100042249,Unlimited Premium,Postpaid Mobile,54.86,50,500,-1,2022-04-05
PLNEC9BE89EF9,CUST100012389,IoT Data Plan,Postpaid Mobile,88.44,50,500,-1,2017-11-14
PLN332869524E,CUST100011662,Unlimited Plus,Postpaid Mobile,105.42,50,1000,500,2019-12-29
PLN4E19A40AC1,CUST100038364,Unlimited Basic,Postpaid Mobile,149.43,5,1000,-1,2022-04-10
PLN7AB5DEC8CF,CUST100074290,Unlimited Plus,Postpaid Mobile,83.42,50,500,100,2017-05-30
PLN00D0C1FDBD,CUST100051143,Unlimited Premium,Postpaid Mobile,44.54,-1,500,500,2019-11-17
PLND8B0F6A1B8,CUST100017884,Unlimited Basic,Prepaid Mobile,100.2,-1,500,100,2025-01-25
PLN81FD3A0F11,CUST100038859,IoT Data Plan,Prepaid Mobile,79.4,50,500,100,2021-08-24
PLNC5B67BE6F4,CUST100091046,Fiber 1Gbps,Postpaid Mobile,77.98,20,1000,100,2016-09-08
PLNA3DC296636,CUST100068841,IoT Data Plan,Postpaid Mobile,47.18,10,1000,500,2025-10-28
PLN3A8EBE3E64,CUST100030922,Family Share 10GB,Prepaid Mobile,75.44,50,500,-1,2015-02-05
PLN09085A6E65,CUST100091197,Unlimited Plus,Postpaid Mobile,23.01,10,-1,500,2015-08-06
PLN5F0E3BAAF2,CUST100086481,Fiber 1Gbps,Postpaid Mobile,106.03,5,1000,500,2023-12-05
PLN6678A41AE1,CUST100007490,Prepaid 5GB,Postpaid Mobile,136.69,2,500,-1,2025-01-25
PLNCF67E17F99,CUST100064767,Unlimited Premium,Prepaid Mobile,68.28,5,-1,100,2021-07-11
PLN90154E183B,CUST100066757,Unlimited Plus,Broadband,68.62,10,1000,-1,2017-08-08
PLNF42FB841F3,CUST100014199,Unlimited Basic,Postpaid Mobile,105.24,20,500,500,2023-12-25
PLN6E34A4B425,CUST100063695,Unlimited Plus,Postpaid Mobile,82.29,10,-1,-1,2025-10-14
PLNAAE5034A1F,CUST100069084,Fiber 500Mbps,Prepaid Mobile,63.85,20,-1,-1,2026-05-14
PLNBB7DE6AB93,CUST100003470,Unlimited Premium,IoT,119.84,2,1000,-1,2015-08-18
PLN3C40284309,CUST100000710,Prepaid 5GB,Postpaid Mobile,80.98,-1,-1,-1,2017-04-22
PLNB74876A3ED,CUST100060602,Prepaid 5GB,Postpaid Mobile,18.55,-1,500,100,2019-07-03
PLN68F613AA0F,CUST100012865,Unlimited Premium,Postpaid Mobile,122.62,20,-1,-1,2016-11-26
PLNF971611AF8,CUST100004697,Unlimited Plus,Postpaid Mobile,124.17,50,500,100,2020-10-22
PLNA8818B38DE,CUST100042161,Family Share 10GB,Broadband,37.15,2,-1,-1,2023-03-12
PLN9C588C8813,CUST100090000,Unlimited Premium,Prepaid Mobile,28.21,2,500,100,2020-09-28
PLNA654090CF2,CUST100045576,Fiber 500Mbps,Postpaid Mobile,60.33,50,-1,100,2020-04-07
PLNF5D74D4352,CUST100002638,Prepaid 5GB,Prepaid Mobile,51.32,2,1000,100,2017-01-19
PLN829DDDA574,CUST100099790,Unlimited Basic,Prepaid Mobile,38.74,10,500,100,2025-06-13
PLN116F9C743F,CUST100049060,IoT Data Plan,Postpaid Mobile,136.01,2,-1,-1,2018-12-22
PLNCB8CFB4F3E,CUST100035309,Unlimited Plus,Postpaid Mobile,52.93,2,-1,-1,2019-05-15
PLNBFBB2AD036,CUST100016792,Prepaid 5GB,Postpaid Mobile,41.14,50,1000,-1,2015-12-04
PLNDF6BA9E73C,CUST100041962,Unlimited Basic,Prepaid Mobile,84.12,50,500,500,2025-09-05
PLN418641EC83,CUST100080707,Fiber 500Mbps,Prepaid Mobile,34.14,2,1000,-1,2015-06-17
PLN431925F82E,CUST100054197,Unlimited Plus,Postpaid Mobile,29.56,-1,500,100,2021-07-25
PLN8BEE45CC26,CUST100068826,Family Share 10GB,Broadband,144.48,20,500,500,2021-12-19
PLN7BCC36FDFF,CUST100060106,Fiber 1Gbps,Postpaid Mobile,81.52,10,-1,500,2020-06-25
PLN1BAB840508,CUST100001462,Family Share 10GB,Postpaid Mobile,149.22,50,-1,-1,2022-07-19
PLNAB0F504879,CUST100019283,Family Share 10GB,Broadband,36.67,20,500,100,2024-07-14
PLNA6174B5749,CUST100043317,Family Share 10GB,Prepaid Mobile,77.81,50,500,100,2025-11-28
PLN5EDB5FCAE0,CUST100001881,Fiber 500Mbps,Broadband,20.52,20,-1,500,2025-04-21
PLN8B9CDCA923,CUST100086438,Unlimited Plus,Postpaid Mobile,60.89,2,500,100,2015-06-27
PLN210D4D3DBD,CUST100060534,Fiber 500Mbps,Prepaid Mobile,79.66,20,-1,-1,2020-05-24
PLN744EA3B575,CUST100074689,Unlimited Plus,Prepaid Mobile,78.14,20,500,500,2022-02-22
PLN05C1746643,CUST100087765,Unlimited Plus,Broadband,147.74,20,1000,100,2017-01-29
PLNB3D9A72B81,CUST100043240,Family Share 10GB,Postpaid Mobile,29.84,-1,1000,-1,2015-07-13
PLND4FF2801AF,CUST100001771,IoT Data Plan,Postpaid Mobile,17.17,50,1000,-1,2021-06-16
PLN6105C65264,CUST100010660,IoT Data Plan,IoT,149.47,50,500,-1,2016-03-14
PLN31D5517A27,CUST100075544,Fiber 500Mbps,Prepaid Mobile,109.29,5,-1,500,2022-12-30
PLNBFC21C2574,CUST100098494,Fiber 500Mbps,Prepaid Mobile,17.54,5,1000,100,2022-09-07
PLN59178881C4,CUST100050440,Unlimited Plus,Prepaid Mobile,100.14,5,500,100,2016-07-22
PLNAC412EB544,CUST100092523,Fiber 1Gbps,Postpaid Mobile,17.73,20,-1,100,2020-01-20
PLN7B944AF898,CUST100022548,Unlimited Plus,Postpaid Mobile,102.79,20,-1,500,2024-09-02
PLN7B683E81B5,CUST100070155,Fiber 1Gbps,Postpaid Mobile,47.4,50,-1,100,2020-12-16
PLN9774286281,CUST100088697,Unlimited Premium,Postpaid Mobile,90.49,10,1000,-1,2025-01-09
PLN0C808D08C2,CUST100007650,Fiber 500Mbps,Postpaid Mobile,22.72,2,1000,-1,2018-08-08
PLN8EDD6BF08E,CUST100042451,Unlimited Plus,Postpaid Mobile,135.17,20,-1,-1,2020-10-11
PLNF0958643C0,CUST100075666,IoT Data Plan,Postpaid Mobile,121.94,10,500,-1,2020-09-25
PLNF37F887517,CUST100057413,Family Share 10GB,Postpaid Mobile,63.78,5,1000,500,2016-04-29
PLND1769E8ADB,CUST100040976,Unlimited Premium,Prepaid Mobile,138.82,5,-1,100,2021-01-02
PLN994C2C7D16,CUST100002111,Family Share 10GB,Postpaid Mobile,130.78,5,1000,-1,2018-02-27
PLNA5FA390061,CUST100025906,Unlimited Basic,Postpaid Mobile,40.45,50,-1,100,2023-09-04
PLN1FEF75F5D6,CUST100033406,Unlimited Plus,Prepaid Mobile,35.24,50,1000,500,2021-12-01
PLND314A4FC12,CUST100028811,Fiber 500Mbps,Prepaid Mobile,119.76,10,500,500,2023-12-08
PLNAA03A78662,CUST100024457,Unlimited Plus,Broadband,43.57,-1,-1,100,2025-03-10
PLN8C36ABBA9C,CUST100077070,Unlimited Basic,Postpaid Mobile,149.96,-1,1000,500,2017-09-20
PLN995A145FBB,CUST100038955,Unlimited Premium,Prepaid Mobile,118.84,10,-1,-1,2024-02-28
PLN4D2D2D4425,CUST100093710,Fiber 500Mbps,Prepaid Mobile,41.71,5,-1,100,2015-04-02
PLNCA64AEDC77,CUST100048441,Fiber 1Gbps,Prepaid Mobile,95.15,2,500,100,2016-04-16
PLN180C565769,CUST100050030,Fiber 1Gbps,Prepaid Mobile,105.65,50,500,500,2018-11-13
PLN74AE0F1DC0,CUST100066269,Unlimited Basic,Postpaid Mobile,22.45,50,500,-1,2021-11-24
PLN0C20A5E95C,CUST100034150,Family Share 10GB,Broadband,78.98,-1,500,100,2018-03-22
PLN7CCE2271BE,CUST100050265,Fiber 500Mbps,Postpaid Mobile,23.45,20,500,-1,2016-12-15
PLN91C03B372A,CUST100028937,Fiber 500Mbps,Postpaid Mobile,87.86,5,500,100,2023-08-30
PLN233D0B7CB1,CUST100072332,IoT Data Plan,Postpaid Mobile,88.33,2,-1,-1,2016-08-09
PLNAC8DAAE114,CUST100023300,Unlimited Plus,Broadband,37.54,50,1000,100,2023-02-10
PLNA9F20DC590,CUST100010941,IoT Data Plan,Broadband,147.23,20,1000,100,2026-05-15
PLND245B5258C,CUST100025274,Fiber 1Gbps,Postpaid Mobile,112.12,-1,-1,-1,2017-01-31
PLNE67163968E,CUST100047545,Unlimited Premium,Broadband,85.68,-1,500,500,2016-11-07
PLNA20C35F692,CUST100017986,Prepaid 5GB,Broadband,58.95,20,1000,100,2019-09-20
PLN7E25C4462C,CUST100098387,Unlimited Basic,Postpaid Mobile,100.98,5,1000,500,2018-05-27
PLNF53BE66898,CUST100007497,Fiber 500Mbps,Postpaid Mobile,34.06,10,500,500,2015-09-28
PLNA1D2CEF60F,CUST100038784,Fiber 1Gbps,Prepaid Mobile,74.64,10,500,500,2018-01-11
PLN26CDA8D5F7,CUST100076739,Family Share 10GB,Postpaid Mobile,125.0,5,500,-1,2016-04-25
PLN794ACCE980,CUST100025954,Fiber 500Mbps,Broadband,39.86,10,500,500,2023-10-21
PLNFDD0266CCE,CUST100013081,IoT Data Plan,Postpaid Mobile,91.31,2,1000,-1,2022-03-26
PLNCAB9387E76,CUST100088516,Fiber 500Mbps,Prepaid Mobile,82.0,20,1000,-1,2021-09-11
PLN6C5F9F7FA1,CUST100087063,Prepaid 5GB,Broadband,143.87,20,1000,500,2018-02-05
PLN72656769A6,CUST100087486,Unlimited Plus,Postpaid Mobile,47.27,2,-1,100,2019-05-26
PLN7A573330E5,CUST100090285,Prepaid 5GB,Postpaid Mobile,31.14,-1,-1,500,2018-06-01
PLN02D6788C42,CUST100057741,Fiber 500Mbps,Prepaid Mobile,113.12,-1,1000,500,2017-07-15
PLN62FF46B9AB,CUST100002643,Unlimited Basic,Postpaid Mobile,51.72,20,500,-1,2015-04-21
PLNEEF8CF1238,CUST100044292,Fiber 1Gbps,Postpaid Mobile,15.5,50,-1,100,2020-12-07
PLN8262219A0D,CUST100080351,Unlimited Premium,Broadband,93.23,2,-1,100,2016-10-23
PLN41F58FDB87,CUST100037304,Fiber 500Mbps,Broadband,132.3,-1,-1,100,2024-08-04
PLND0C2E79DFC,CUST100096704,Unlimited Basic,Postpaid Mobile,31.58,20,1000,100,2019-04-03
PLNC1197B36DE,CUST100083716,IoT Data Plan,Postpaid Mobile,74.55,20,500,100,2023-10-09
PLN85E88C4B63,CUST100074922,Family Share 10GB,Postpaid Mobile,135.29,2,500,500,2025-10-17
PLN9756CB5BEF,CUST100041700,Unlimited Premium,Postpaid Mobile,122.74,5,-1,100,2015-11-06
PLN4F78C58152,CUST100062128,IoT Data Plan,Postpaid Mobile,18.12,-1,500,500,2023-04-21
PLND6D4223190,CUST100073009,Unlimited Plus,Broadband,39.55,5,1000,100,2023-05-22
PLN4925F09872,CUST100089677,Unlimited Plus,Postpaid Mobile,37.75,50,1000,100,2021-09-24
PLNEADCADF3CB,CUST100002087,IoT Data Plan,Broadband,140.28,20,1000,-1,2017-03-07
PLN6E1FCE5026,CUST100096788,Unlimited Premium,Postpaid Mobile,26.96,50,1000,100,2018-06-15
PLN07A179D26A,CUST100001994,Unlimited Plus,Broadband,63.57,10,500,100,2017-03-25
PLNF7FF354A99,CUST100080523,IoT Data Plan,Postpaid Mobile,99.91,5,-1,-1,2023-02-04
PLN683F97A772,CUST100067936,Unlimited Plus,Prepaid Mobile,137.83,5,500,500,2019-02-12
PLN02B30764B6,CUST100020923,Unlimited Basic,Prepaid Mobile,82.85,50,500,100,2018-05-14
PLN6BC4365FFA,CUST100046814,Unlimited Plus,Postpaid Mobile,144.32,20,-1,-1,2017-02-02
PLN7B9B5523D1,CUST100094291,Unlimited Premium,Prepaid Mobile,121.85,-1,-1,-1,2017-02-21
PLN80A2834908,CUST100037516,Fiber 1Gbps,Postpaid Mobile,126.8,10,500,-1,2025-08-26
PLN026F57720B,CUST100086727,Unlimited Premium,Postpaid Mobile,71.4,5,1000,100,2019-03-07
PLNDEFA832D0A,CUST100052764,IoT Data Plan,Postpaid Mobile,123.06,50,-1,-1,2022-12-27
PLN4E0FA5DD38,CUST100021556,IoT Data Plan,Prepaid Mobile,121.28,20,1000,100,2017-05-29
PLN2B3CC28318,CUST100030620,Prepaid 5GB,Postpaid Mobile,53.16,-1,-1,500,2019-07-11
PLN23F730E2AE,CUST100059629,Prepaid 5GB,Postpaid Mobile,133.53,20,-1,500,2022-12-05
PLN0AD738956A,CUST100069331,Fiber 1Gbps,Postpaid Mobile,73.41,2,1000,500,2022-08-13
PLN0668E76489,CUST100082480,Unlimited Premium,Postpaid Mobile,67.77,10,1000,500,2020-02-23
PLNDFDEFBE693,CUST100070455,Unlimited Premium,Broadband,149.37,10,500,-1,2017-11-11
PLNA67C979161,CUST100084991,Fiber 500Mbps,Postpaid Mobile,115.78,20,1000,500,2017-07-31
PLND81A0D49E3,CUST100015574,Family Share 10GB,Prepaid Mobile,43.43,20,500,100,2018-10-03
PLN0A93D0FBEE,CUST100064663,Fiber 1Gbps,Postpaid Mobile,103.36,5,1000,100,2024-12-23
PLND27F9E7470,CUST100041263,Fiber 1Gbps,Broadband,55.98,10,500,500,2019-07-03
PLNE0EB6240A8,CUST100002715,Fiber 1Gbps,Prepaid Mobile,140.84,20,-1,500,2021-12-25
PLNF9FFF4317B,CUST100076791,Fiber 1Gbps,IoT,130.35,-1,-1,100,2020-11-11
PLN2C2D29D924,CUST100060011,Family Share 10GB,Postpaid Mobile,43.54,10,-1,100,2023-08-14
PLN83750EA9A1,CUST100059301,Fiber 500Mbps,Prepaid Mobile,21.94,2,500,500,2017-05-03
PLND5237839D8,CUST100060911,Family Share 10GB,Broadband,130.3,20,500,-1,2024-05-15
PLNE17077F87A,CUST100029339,IoT Data Plan,Prepaid Mobile,86.95,-1,1000,100,2024-06-01
PLNB06494CE22,CUST100062289,Unlimited Basic,Postpaid Mobile,25.74,2,500,500,2017-01-31
PLNB18E2D5577,CUST100061490,Family Share 10GB,Prepaid Mobile,45.14,10,500,-1,2015-09-17
PLNF9D4E632A5,CUST100052793,Fiber 500Mbps,Prepaid Mobile,64.25,5,500,500,2017-03-13
PLNF06DB3CB33,CUST100083627,Fiber 500Mbps,Broadband,55.24,5,-1,100,2025-05-17
PLN6702F22B56,CUST100072004,Unlimited Basic,Prepaid Mobile,24.42,20,500,-1,2025-03-05
PLN5A808B8FB8,CUST100063126,Prepaid 5GB,Broadband,27.73,-1,-1,500,2017-07-25
PLN9764FB06F4,CUST100028345,Family Share 10GB,Postpaid Mobile,110.49,5,1000,100,2020-08-08
PLN579BC90E8F,CUST100002799,Unlimited Premium,Postpaid Mobile,39.95,2,-1,100,2025-10-24
PLN7EC81FE0B7,CUST100025943,Fiber 1Gbps,Postpaid Mobile,100.56,5,-1,500,2022-09-11
PLN5B31C7556A,CUST100018276,Fiber 1Gbps,IoT,73.62,5,1000,500,2016-05-19
PLNA55D9E1777,CUST100006800,IoT Data Plan,Postpaid Mobile,73.02,50,1000,-1,2025-08-06
PLNF2996D9AAC,CUST100031703,Prepaid 5GB,Broadband,36.04,2,1000,-1,2023-04-19
PLN9AA432C7B7,CUST100054470,Unlimited Basic,Postpaid Mobile,141.74,50,1000,500,2023-06-15
PLN2D342AE278,CUST100005547,Fiber 500Mbps,Prepaid Mobile,75.29,50,-1,100,2021-07-14
PLNFD306A66BD,CUST100021330,Unlimited Basic,Broadband,17.47,50,-1,500,2023-08-29
PLN4C97D968EA,CUST100074955,Unlimited Premium,Postpaid Mobile,146.9,2,-1,-1,2021-12-31
PLN7E2C312070,CUST100065795,Unlimited Premium,Postpaid Mobile,113.3,2,-1,500,2018-01-17
PLNE90994E8A9,CUST100030143,Unlimited Basic,Prepaid Mobile,63.53,2,-1,-1,2022-10-31
PLNE45C68C34E,CUST100090664,Fiber 500Mbps,Broadband,32.65,5,500,-1,2022-10-09
PLN833F63E9C7,CUST100072661,Prepaid 5GB,Postpaid Mobile,73.11,-1,-1,-1,2021-02-11
PLN60F346D855,CUST100027868,Unlimited Basic,Broadband,123.09,20,500,-1,2025-03-05
PLNB5D28FD6DF,CUST100096455,Fiber 500Mbps,Broadband,45.81,2,-1,100,2021-03-04
PLN03FB16FD6A,CUST100045373,Fiber 1Gbps,Postpaid Mobile,60.82,2,500,100,2015-01-28
PLNA51AB22B7F,CUST100078271,Fiber 1Gbps,Postpaid Mobile,45.1,50,-1,500,2025-09-07
PLNF1F20D3CCE,CUST100016440,Prepaid 5GB,Postpaid Mobile,18.93,2,1000,100,2019-10-27
PLN91906771E1,CUST100056611,Family Share 10GB,IoT,58.1,5,-1,-1,2021-02-13
PLN2A4E549E63,CUST100089868,IoT Data Plan,Prepaid Mobile,84.7,20,-1,100,2018-02-19
PLNB13C8B5C9D,CUST100092327,Unlimited Plus,Postpaid Mobile,58.37,10,1000,100,2025-11-27
PLN735486F613,CUST100001996,Family Share 10GB,Broadband,89.53,5,500,500,2021-10-17
PLNA95DC4AA87,CUST100096615,Fiber 500Mbps,Postpaid Mobile,48.14,50,-1,500,2021-07-28
PLN61F60C4430,CUST100029722,Fiber 1Gbps,Postpaid Mobile,103.98,5,-1,-1,2018-02-27
PLN33EDEFD3B6,CUST100004492,Unlimited Plus,Postpaid Mobile,69.55,50,1000,100,2018-08-26
PLNCA425A99E2,CUST100058009,Fiber 500Mbps,Broadband,136.85,20,-1,-1,2016-05-26
PLNE44ECC9F85,CUST100072580,IoT Data Plan,Prepaid Mobile,128.05,20,1000,500,2022-08-24
PLNB09F772D20,CUST100029001,Unlimited Plus,Postpaid Mobile,148.35,-1,500,100,2023-03-09
PLNC05527F0CC,CUST100031252,Prepaid 5GB,Prepaid Mobile,138.55,10,1000,500,2015-08-21
PLN07FA5E87DB,CUST100050590,Prepaid 5GB,Broadband,38.16,20,-1,100,2023-05-27
PLNEF1F862D80,CUST100031882,Prepaid 5GB,Postpaid Mobile,102.27,20,1000,-1,2020-06-24
PLN5D5038997F,CUST100041162,Fiber 500Mbps,Prepaid Mobile,43.0,-1,-1,100,2022-10-29
PLN28F39407BC,CUST100068439,Prepaid 5GB,Postpaid Mobile,46.12,-1,1000,500,2019-01-18
PLNFB9DF4E550,CUST100053633,Unlimited Plus,Prepaid Mobile,112.51,10,500,100,2024-01-04
PLND72847D623,CUST100002974,Family Share 10GB,Postpaid Mobile,44.63,-1,500,100,2023-05-27
PLND1EB9CCBC0,CUST100040560,Fiber 500Mbps,Prepaid Mobile,93.63,5,1000,-1,2024-01-20
PLNB703524024,CUST100055023,Unlimited Basic,Postpaid Mobile,57.93,5,-1,100,2019-03-05
PLNE9293D1CE5,CUST100025793,Prepaid 5GB,Broadband,134.93,10,-1,100,2023-03-20
PLN35171179C1,CUST100035198,IoT Data Plan,Prepaid Mobile,77.27,5,500,500,2019-08-03
PLN254A194FCF,CUST100088995,Fiber 500Mbps,Prepaid Mobile,36.34,5,500,500,2018-11-18
PLNE0FB8F5A11,CUST100040384,IoT Data Plan,Broadband,53.92,20,1000,-1,2018-07-30
PLN4081F35A6E,CUST100027964,Unlimited Premium,Postpaid Mobile,28.7,5,-1,100,2021-03-31
PLN30A07E2E72,CUST100017193,Unlimited Plus,Postpaid Mobile,146.57,20,500,100,2024-12-31
PLNC0E2886904,CUST100079562,Prepaid 5GB,IoT,142.6,-1,500,100,2018-04-06
PLNB71D7FBA5A,CUST100058880,Unlimited Basic,Postpaid Mobile,17.24,-1,-1,500,2022-01-15
PLN31D9CF641C,CUST100020668,Unlimited Plus,Postpaid Mobile,147.98,2,1000,-1,2022-05-19
PLNAD59E50752,CUST100032191,Prepaid 5GB,Broadband,113.21,2,500,500,2017-08-16
PLN5D1EB40BEB,CUST100086961,Unlimited Plus,Broadband,104.49,10,500,100,2019-06-17
PLNAF50ACC128,CUST100098491,IoT Data Plan,Broadband,145.6,20,1000,-1,2023-01-02
PLN670A5D9D26,CUST100098710,Family Share 10GB,Broadband,84.57,10,1000,-1,2025-05-27
PLNF7461658FF,CUST100035206,Unlimited Basic,Prepaid Mobile,96.62,5,1000,100,2017-08-19
PLN1B17E99A3D,CUST100011520,Fiber 500Mbps,Broadband,21.65,5,1000,-1,2018-09-17
PLN397856DBAA,CUST100003384,IoT Data Plan,Prepaid Mobile,146.25,10,1000,-1,2022-02-02
PLN8E4BAFE063,CUST100088385,Unlimited Basic,Postpaid Mobile,17.64,-1,500,-1,2023-09-25
PLN7A1EE197FD,CUST100045047,Fiber 500Mbps,Prepaid Mobile,72.01,5,1000,100,2024-10-20
PLNBC86639173,CUST100045565,Unlimited Plus,Postpaid Mobile,30.13,20,-1,-1,2016-02-03
PLNB097F7B814,CUST100068304,Unlimited Basic,Postpaid Mobile,112.33,10,-1,-1,2015-12-21
PLN509D003D48,CUST100022351,Prepaid 5GB,Postpaid Mobile,136.75,20,-1,-1,2019-03-04
PLN459B30F0B4,CUST100069894,Unlimited Plus,Postpaid Mobile,32.26,5,1000,-1,2017-10-30
PLN5B4816AEC1,CUST100075055,Family Share 10GB,Broadband,113.7,5,-1,500,2015-07-11
PLNB32942A29C,CUST100028357,Prepaid 5GB,Postpaid Mobile,17.49,5,500,500,2022-10-06
PLN65F8F57AC9,CUST100077317,Unlimited Plus,Broadband,149.76,10,-1,-1,2021-09-14
PLN4200780B9C,CUST100006621,Prepaid 5GB,Prepaid Mobile,92.55,5,500,500,2021-08-10
PLN575F8F336B,CUST100070703,IoT Data Plan,Postpaid Mobile,88.7,10,1000,500,2017-07-14
PLNCE9F5CDAD2,CUST100034077,IoT Data Plan,Broadband,49.11,-1,500,-1,2018-08-31
PLNBFDB453369,CUST100056476,Unlimited Plus,Prepaid Mobile,147.53,2,1000,500,2025-11-01
PLNFB71E51019,CUST100014068,Prepaid 5GB,Prepaid Mobile,110.28,5,1000,-1,2020-10-13
PLNFD651736DC,CUST100074849,Unlimited Premium,Postpaid Mobile,36.11,2,-1,100,2016-11-12
PLND9B690D805,CUST100025659,IoT Data Plan,Prepaid Mobile,145.28,50,-1,-1,2025-10-13
PLN15DBB1E4A0,CUST100088107,Family Share 10GB,Prepaid Mobile,138.14,10,-1,-1,2020-06-04
PLN8B1373A7B6,CUST100012542,IoT Data Plan,Postpaid Mobile,34.17,2,-1,500,2021-08-03
PLN587BD3E7A0,CUST100076040,Fiber 500Mbps,Broadband,59.21,10,500,-1,2024-02-05
PLN8C469C01D9,CUST100006548,Unlimited Premium,Broadband,72.01,20,-1,500,2018-01-25
PLND081CC404E,CUST100018387,Prepaid 5GB,Postpaid Mobile,52.65,10,500,500,2015-08-03
PLNBDA93B4281,CUST100082629,IoT Data Plan,Postpaid Mobile,60.76,-1,500,500,2019-01-24
PLNEF6C5BBBD3,CUST100049133,IoT Data Plan,Broadband,30.8,50,500,500,2017-05-12
PLN6AC80BB8C0,CUST100016823,IoT Data Plan,Postpaid Mobile,23.7,20,1000,500,2026-01-11
PLN024E6FA92F,CUST100084198,Family Share 10GB,Broadband,137.6,-1,-1,-1,2023-01-20
PLN9C6391BE3A,CUST100083078,Fiber 500Mbps,Prepaid Mobile,75.16,50,-1,500,2025-04-29
PLN7DF487E63E,CUST100040234,Prepaid 5GB,Prepaid Mobile,96.79,10,-1,100,2025-07-06
PLNE42E68B9C8,CUST100043272,Unlimited Plus,Prepaid Mobile,132.0,2,1000,-1,2023-08-30
PLN8718F70921,CUST100057389,Fiber 1Gbps,Prepaid Mobile,141.68,5,1000,100,2022-02-17
PLN1D883332CA,CUST100095194,Prepaid 5GB,Broadband,18.07,20,-1,-1,2021-07-31
PLN7E2EF37DBD,CUST100007454,Unlimited Plus,Postpaid Mobile,83.37,2,1000,-1,2015-07-21
PLN76E7FBF49A,CUST100004312,Prepaid 5GB,Broadband,79.55,50,-1,500,2023-10-03
PLNDE64B8BC63,CUST100038212,Fiber 500Mbps,Postpaid Mobile,119.51,5,1000,100,2021-03-13
PLN00C0E8E60C,CUST100077860,Unlimited Premium,Postpaid Mobile,107.8,2,-1,-1,2016-12-01
PLN48937540FF,CUST100040728,Prepaid 5GB,Prepaid Mobile,79.59,-1,500,100,2024-07-23
PLN55F83BCC28,CUST100092028,Family Share 10GB,Broadband,112.58,10,-1,100,2026-05-16
PLN391AF45B93,CUST100027210,Unlimited Premium,Prepaid Mobile,116.97,20,1000,100,2021-11-13
PLN492283B251,CUST100060677,Unlimited Premium,Postpaid Mobile,73.35,2,500,500,2020-02-26
PLN5387E4AE87,CUST100074065,Unlimited Premium,Postpaid Mobile,100.73,2,-1,100,2017-02-18
PLN1E9441A088,CUST100077891,Unlimited Basic,Prepaid Mobile,65.79,10,500,100,2020-09-10
PLN33BB7D47B2,CUST100034918,Fiber 1Gbps,Postpaid Mobile,139.29,10,1000,100,2021-02-03
PLN922F68F2EA,CUST100099811,Fiber 1Gbps,Postpaid Mobile,41.29,-1,1000,500,2022-12-01
PLNEDBA943349,CUST100068628,Fiber 500Mbps,Broadband,24.93,20,500,500,2025-05-25
PLN5D1EE1C987,CUST100018373,Fiber 1Gbps,Prepaid Mobile,84.36,5,500,500,2021-07-18
PLNEF5350975C,CUST100091982,Unlimited Premium,Prepaid Mobile,128.7,50,500,-1,2020-11-20
PLNF67EBEE0FC,CUST100039589,IoT Data Plan,Broadband,15.47,-1,-1,500,2026-05-27
PLN4D89BFB675,CUST100029933,Prepaid 5GB,Prepaid Mobile,91.96,5,1000,500,2024-12-01
PLNDEAFEFE460,CUST100055905,Unlimited Premium,Prepaid Mobile,77.91,20,1000,-1,2022-11-25
PLNAFCAE6CB68,CUST100037329,Unlimited Plus,Broadband,69.54,20,500,-1,2022-10-12
PLN00B6BA9E6E,CUST100000323,Family Share 10GB,Postpaid Mobile,88.14,5,-1,-1,2022-05-04
PLN6BE7D3F917,CUST100089518,Prepaid 5GB,Prepaid Mobile,122.52,10,-1,100,2016-05-31
PLNAB179EA811,CUST100064689,Unlimited Premium,Prepaid Mobile,58.34,20,1000,-1,2018-07-02
PLN1DA3DAC7DE,CUST100049495,Fiber 1Gbps,Prepaid Mobile,73.55,10,1000,100,2019-11-03
PLNBCFAA72977,CUST100085565,Fiber 1Gbps,Broadband,30.12,20,1000,100,2015-03-16
PLN1BAF609800,CUST100021881,Prepaid 5GB,Broadband,145.62,20,1000,-1,2026-05-28
PLN8EFC4E5770,CUST100052352,Prepaid 5GB,Prepaid Mobile,134.34,50,500,-1,2025-01-01
PLN98061510C2,CUST100001580,Unlimited Plus,Postpaid Mobile,27.1,-1,500,500,2023-05-04
PLNEB1B69FF18,CUST100021492,Unlimited Basic,Postpaid Mobile,95.99,10,1000,100,2022-03-18
PLNC900D057D7,CUST100070675,Unlimited Basic,Postpaid Mobile,87.06,50,500,-1,2021-06-07
PLN6F3A5E6257,CUST100038968,Fiber 1Gbps,Prepaid Mobile,131.66,50,-1,500,2025-08-08
PLN63AAC5AD4C,CUST100019297,Unlimited Basic,Prepaid Mobile,147.72,-1,1000,-1,2018-06-15
PLN76786ECC53,CUST100074227,Unlimited Basic,IoT,47.97,20,500,100,2017-02-17
PLNA25BEA6A7A,CUST100089563,IoT Data Plan,Postpaid Mobile,140.02,10,1000,100,2025-05-09
PLN3FD5621596,CUST100006228,IoT Data Plan,Postpaid Mobile,21.65,-1,500,100,2023-05-15
PLNC86B1482F6,CUST100066845,Unlimited Premium,Postpaid Mobile,37.02,2,1000,500,2016-12-01
PLN7FC02B8EAC,CUST100038551,Fiber 1Gbps,Prepaid Mobile,146.55,5,500,500,2018-08-30
PLN5B913BDB74,CUST100089234,Unlimited Premium,Broadband,54.08,2,1000,500,2023-07-28
PLN23CEF5EF9E,CUST100035032,Fiber 1Gbps,Postpaid Mobile,137.07,20,-1,-1,2020-03-02
PLNAC6240310A,CUST100091167,Prepaid 5GB,Postpaid Mobile,105.19,20,500,-1,2023-03-15
PLNC22C7007BD,CUST100058943,IoT Data Plan,Prepaid Mobile,94.72,5,1000,500,2022-12-21
PLN9D23398C7A,CUST100068202,Family Share 10GB,Postpaid Mobile,104.69,10,1000,500,2016-09-23
PLN24B9D10641,CUST100065304,Prepaid 5GB,Postpaid Mobile,57.53,5,-1,100,2019-03-06
PLN5797112CBC,CUST100098104,Unlimited Plus,Postpaid Mobile,149.26,5,500,500,2015-01-06
PLN1ECA55DAF3,CUST100076366,Prepaid 5GB,Prepaid Mobile,77.36,10,500,100,2017-12-10
PLNF6200FAE74,CUST100098199,Unlimited Basic,Postpaid Mobile,32.24,5,500,500,2015-09-29
PLNB0FE9DFE84,CUST100054476,Family Share 10GB,Broadband,38.1,5,-1,500,2023-10-11
PLNC8BFE9F050,CUST100003402,IoT Data Plan,Broadband,110.13,5,500,-1,2015-06-08
PLND6493858C1,CUST100081061,Unlimited Basic,Postpaid Mobile,61.52,-1,500,500,2024-03-11
PLN8C6B6863BD,CUST100057237,IoT Data Plan,Postpaid Mobile,86.91,-1,1000,-1,2020-02-10
PLNF7060625BF,CUST100083157,Prepaid 5GB,Postpaid Mobile,67.85,20,1000,-1,2017-06-08
PLN24BC7FD5DE,CUST100064353,Family Share 10GB,Postpaid Mobile,60.88,50,1000,500,2021-11-21
PLNE355D3438D,CUST100021794,Family Share 10GB,Prepaid Mobile,73.66,50,500,-1,2025-08-22
PLNED749410D3,CUST100092030,Family Share 10GB,Broadband,67.11,5,1000,100,2015-01-07
PLN60A2A2CB3D,CUST100044566,Unlimited Premium,Broadband,125.1,-1,-1,-1,2025-05-28
PLNC7DE0E9E38,CUST100063092,Unlimited Premium,Prepaid Mobile,129.67,2,1000,100,2018-04-23
PLNF9362C75E5,CUST100000300,Unlimited Plus,Broadband,99.36,20,500,500,2025-07-12
PLN24390B1122,CUST100015097,Unlimited Premium,Postpaid Mobile,24.62,50,1000,100,2024-10-09
PLN30C6EA3FF2,CUST100048678,Fiber 1Gbps,Broadband,134.13,20,-1,-1,2021-07-14
PLN3DD0555253,CUST100074583,Unlimited Basic,Postpaid Mobile,128.99,2,500,500,2025-06-23
PLN71E49F7C3D,CUST100024855,Family Share 10GB,Broadband,110.49,-1,1000,100,2022-01-21
PLN0D39A49A38,CUST100010435,Unlimited Basic,Postpaid Mobile,39.63,20,-1,100,2017-06-04
PLNC2BAC19F9C,CUST100074103,Fiber 1Gbps,Postpaid Mobile,144.79,5,1000,100,2020-07-30
PLN9A77C83FEC,CUST100031046,Family Share 10GB,Broadband,32.22,20,500,500,2015-09-04
PLN958D4A4C39,CUST100090322,Unlimited Plus,Prepaid Mobile,89.68,2,-1,500,2024-09-05
PLNCA86EBAFB9,CUST100092749,IoT Data Plan,Broadband,96.85,5,1000,100,2018-08-10
PLN400C687C5E,CUST100029170,Unlimited Premium,Postpaid Mobile,71.47,-1,-1,500,2025-07-10
PLN10DE7F1B05,CUST100021287,Unlimited Basic,Broadband,122.66,50,500,100,2023-02-04
PLNCECA7F373D,CUST100033377,Fiber 500Mbps,Postpaid Mobile,71.05,50,1000,500,2024-05-07
PLNA88584ECE4,CUST100061873,IoT Data Plan,Prepaid Mobile,43.34,-1,500,100,2023-10-13
PLNE4AD1944D0,CUST100013491,Family Share 10GB,Postpaid Mobile,115.92,50,500,100,2024-06-24
PLN2D9AE471ED,CUST100098041,Unlimited Basic,Broadband,102.78,2,500,100,2025-05-20
PLNA4C05A05E5,CUST100016528,Unlimited Premium,Postpaid Mobile,149.91,50,500,-1,2024-10-06
PLNE278EDEF14,CUST100048774,Unlimited Plus,Prepaid Mobile,110.45,5,1000,-1,2020-11-02
PLNC6A21E3B37,CUST100023336,Unlimited Plus,Broadband,121.37,5,500,500,2015-01-12
PLN13C870E00B,CUST100007573,IoT Data Plan,Postpaid Mobile,31.36,2,-1,-1,2023-11-08
PLNBF45038242,CUST100091657,Unlimited Premium,Broadband,36.53,50,1000,500,2016-01-29
PLNBFCE51C7FE,CUST100044069,Fiber 1Gbps,Broadband,33.81,5,-1,-1,2022-01-05
PLN1676810060,CUST100033451,Fiber 500Mbps,Prepaid Mobile,138.12,2,500,500,2026-04-07
PLN6D37FA5108,CUST100074524,Fiber 1Gbps,Broadband,95.02,20,-1,-1,2024-01-03
PLNC2741372AF,CUST100054003,Family Share 10GB,Postpaid Mobile,60.08,-1,500,100,2015-01-06
PLN03F8473674,CUST100007898,Unlimited Premium,Postpaid Mobile,53.89,20,500,100,2017-01-13
PLN71094A6821,CUST100063844,Unlimited Basic,Postpaid Mobile,30.79,20,-1,-1,2015-08-16
PLN5471B04576,CUST100074592,Family Share 10GB,Postpaid Mobile,55.41,-1,-1,100,2025-12-02
PLNAD03E247F9,CUST100077881,Fiber 1Gbps,Prepaid Mobile,58.48,50,500,100,2017-09-13
PLNFA7960E103,CUST100014463,IoT Data Plan,Postpaid Mobile,94.73,-1,-1,-1,2015-01-11
PLNB3078AC3B6,CUST100037893,IoT Data Plan,Postpaid Mobile,142.43,5,-1,-1,2018-12-08
PLNDC311BBD2E,CUST100078632,Fiber 1Gbps,Broadband,105.62,2,-1,100,2025-03-09
PLNC50C6D7A4D,CUST100095136,Unlimited Basic,Broadband,106.02,50,-1,100,2024-03-18
PLN2FE718C090,CUST100063080,Family Share 10GB,Postpaid Mobile,50.85,50,1000,100,2015-03-04
PLN9398C5F165,CUST100097539,Prepaid 5GB,Broadband,149.08,-1,-1,100,2021-02-14
PLN3033C6E238,CUST100046531,Unlimited Plus,Broadband,36.7,10,-1,-1,2016-08-17
PLN9631AD072B,CUST100031644,Family Share 10GB,Postpaid Mobile,76.74,10,500,100,2021-08-02
PLN9FBDA7FB9C,CUST100041207,Prepaid 5GB,Broadband,34.44,5,500,500,2021-06-27
PLN3240B040BF,CUST100006021,IoT Data Plan,Postpaid Mobile,23.66,20,500,500,2025-03-14
PLNE5881C18DE,CUST100056002,Fiber 500Mbps,Prepaid Mobile,134.25,-1,500,-1,2024-04-10
PLN01D4C79484,CUST100088447,Unlimited Basic,IoT,128.91,-1,1000,500,2022-12-29
PLNF30D5ABC2A,CUST100060140,IoT Data Plan,Postpaid Mobile,70.76,50,500,100,2024-05-19
PLN6DD3617A8E,CUST100022905,Unlimited Plus,Broadband,79.69,5,500,100,2021-12-01
PLN8CEA24877D,CUST100086957,Unlimited Premium,Prepaid Mobile,22.73,50,-1,-1,2022-03-21
PLN416085D14F,CUST100037998,Family Share 10GB,Prepaid Mobile,139.75,50,-1,-1,2018-06-04
PLN85BC6ED637,CUST100014958,Prepaid 5GB,Postpaid Mobile,145.7,10,500,-1,2020-06-22
PLN5284BEA547,CUST100010824,IoT Data Plan,Postpaid Mobile,21.5,-1,1000,100,2016-12-14
PLN0AD554C3F2,CUST100089313,Fiber 1Gbps,Postpaid Mobile,63.46,20,-1,-1,2017-11-11
PLN2FE722A0E5,CUST100073328,Prepaid 5GB,Broadband,147.2,-1,500,500,2016-09-21
PLN33C44002E0,CUST100074579,Family Share 10GB,IoT,74.55,20,-1,-1,2019-06-17
PLN302FD1C8EE,CUST100092862,IoT Data Plan,Postpaid Mobile,97.79,10,-1,500,2022-11-13
PLNEDC75BCECD,CUST100038436,Family Share 10GB,Broadband,48.58,10,1000,-1,2022-08-12
PLNE5B093DFDB,CUST100050164,Fiber 1Gbps,IoT,37.81,2,1000,-1,2018-12-25
PLN7DD961F728,CUST100075616,Prepaid 5GB,Postpaid Mobile,40.64,20,-1,100,2025-01-08
PLN613EF17993,CUST100077454,Unlimited Basic,Broadband,37.74,-1,500,100,2022-08-22
PLN4CDF3917D3,CUST100026993,Unlimited Basic,Postpaid Mobile,108.54,5,1000,100,2017-08-27
PLNAEA8A2D13F,CUST100035715,Fiber 500Mbps,Postpaid Mobile,51.96,2,-1,500,2022-11-14
PLN6C776097BD,CUST100063564,IoT Data Plan,Postpaid Mobile,136.46,2,1000,-1,2019-09-22
PLN7D346287C4,CUST100040220,Family Share 10GB,Prepaid Mobile,89.53,10,1000,-1,2019-01-02
PLNBBB914A0AE,CUST100093113,Family Share 10GB,Broadband,108.91,10,1000,-1,2015-08-08
PLN184AC43453,CUST100007373,Fiber 1Gbps,Postpaid Mobile,108.18,20,-1,500,2015-01-19
PLNCC91DABDCF,CUST100091299,Prepaid 5GB,IoT,26.6,5,500,-1,2025-12-14
PLN736936DC69,CUST100019216,Family Share 10GB,Prepaid Mobile,75.6,-1,500,500,2020-04-26
PLN9FE25D8888,CUST100081881,Unlimited Plus,Broadband,142.59,2,-1,100,2017-12-09
PLN0B4CBD9B36,CUST100041223,Unlimited Basic,Broadband,81.14,-1,1000,100,2019-01-28
PLN959644B46F,CUST100099360,Unlimited Plus,Postpaid Mobile,31.39,5,500,500,2022-08-16
PLN42004D6D84,CUST100051265,Fiber 500Mbps,IoT,103.04,50,-1,-1,2023-11-14
PLNF9226E97C4,CUST100087718,IoT Data Plan,Broadband,23.58,2,500,100,2018-05-01
PLN9C15DD305D,CUST100016370,Fiber 500Mbps,Postpaid Mobile,25.2,20,-1,100,2015-12-06
PLNA3246A90A7,CUST100014990,Prepaid 5GB,Prepaid Mobile,136.84,50,1000,100,2020-06-13
PLND7F8D4DDFD,CUST100096187,Unlimited Plus,Postpaid Mobile,28.34,10,1000,-1,2025-08-08
PLN5762D1E2BC,CUST100000881,Unlimited Plus,Broadband,141.87,5,1000,100,2023-08-29
PLN6D87DA4B40,CUST100075917,Family Share 10GB,Broadband,148.07,-1,-1,-1,2020-08-05
PLNF2F88362DF,CUST100038603,Unlimited Basic,Postpaid Mobile,79.8,20,-1,-1,2022-03-16
PLNEAEE528B56,CUST100098440,IoT Data Plan,Postpaid Mobile,68.75,50,-1,-1,2017-09-16
PLN2466AF2631,CUST100028325,Fiber 500Mbps,Broadband,133.12,50,1000,500,2016-08-24
PLNF302A7E3F1,CUST100097328,Unlimited Basic,Broadband,140.13,20,1000,-1,2016-09-07
PLN715777F73D,CUST100054564,Fiber 1Gbps,Postpaid Mobile,140.41,50,500,-1,2017-04-09
PLN91FD928E3F,CUST100069249,Fiber 500Mbps,Broadband,132.93,50,-1,-1,2020-09-03
PLNB127C35883,CUST100069750,Unlimited Basic,Postpaid Mobile,112.04,5,500,-1,2024-11-15
PLN0874B235B6,CUST100040541,IoT Data Plan,IoT,21.24,2,-1,500,2016-01-16
PLNA62698E680,CUST100074081,Unlimited Premium,Postpaid Mobile,37.28,50,500,-1,2023-09-22
PLN796120D467,CUST100060197,Unlimited Basic,Postpaid Mobile,115.22,2,500,500,2026-01-18
PLN7D40466809,CUST100009761,Prepaid 5GB,IoT,104.51,10,1000,-1,2024-11-26
PLN079A576F62,CUST100019001,Unlimited Basic,Postpaid Mobile,26.84,-1,-1,-1,2025-07-05
PLN4E5DE700D5,CUST100086629,Fiber 500Mbps,Postpaid Mobile,50.21,10,1000,500,2023-03-04
PLN414CEF5AFB,CUST100019336,Unlimited Premium,Postpaid Mobile,47.78,-1,500,-1,2023-07-08
PLN82A31F7CF9,CUST100031314,Unlimited Premium,Postpaid Mobile,66.52,20,500,100,2023-12-29
PLNF591B26BB3,CUST100001953,Family Share 10GB,Postpaid Mobile,78.77,2,500,100,2022-04-15
PLNA884137258,CUST100028178,IoT Data Plan,Postpaid Mobile,113.01,5,500,100,2018-12-14
PLN434E872EA2,CUST100038831,IoT Data Plan,Postpaid Mobile,31.74,20,500,-1,2017-05-19
PLNC97A8D4854,CUST100007122,Unlimited Plus,IoT,55.03,-1,1000,100,2024-10-08
PLN9CCE18CBEC,CUST100017808,Unlimited Basic,Postpaid Mobile,45.57,-1,1000,100,2015-11-24
PLN7D6D9F8813,CUST100044857,Unlimited Basic,Postpaid Mobile,122.65,50,1000,500,2026-04-09
PLN990A8E3BF7,CUST100023275,Unlimited Plus,Prepaid Mobile,37.71,2,1000,500,2022-10-11
PLNAEA4843BA0,CUST100086714,Unlimited Premium,Prepaid Mobile,50.2,50,-1,-1,2016-05-09
PLN10AB25B3D9,CUST100081611,Family Share 10GB,Postpaid Mobile,60.72,5,500,500,2026-05-20
PLN9189E7F36B,CUST100023198,Fiber 1Gbps,Prepaid Mobile,64.7,-1,-1,500,2015-09-20
PLNBA2909466F,CUST100023542,Unlimited Premium,Prepaid Mobile,121.89,-1,1000,-1,2015-09-06
PLNFAB0EB4776,CUST100098281,Fiber 1Gbps,Broadband,92.7,50,500,100,2016-01-25
PLN79F4780176,CUST100077715,Unlimited Plus,Postpaid Mobile,60.22,-1,500,500,2021-04-22
PLN790CC526CD,CUST100091904,Fiber 500Mbps,Prepaid Mobile,109.24,20,-1,500,2018-01-26
PLND45FD752BA,CUST100025120,Prepaid 5GB,Postpaid Mobile,75.11,20,1000,500,2021-01-11
PLN83F42CC63E,CUST100045546,Family Share 10GB,Postpaid Mobile,91.74,-1,1000,-1,2016-08-12
PLN2318489AF9,CUST100011537,Family Share 10GB,IoT,91.03,10,500,-1,2015-08-13
PLNE9AC7C947E,CUST100018245,Unlimited Premium,Broadband,37.14,20,1000,100,2017-06-26
PLNABD7AD7DA3,CUST100041506,Fiber 1Gbps,Postpaid Mobile,134.56,5,500,100,2020-01-23
PLN32CFE3B5B4,CUST100081817,Family Share 10GB,Postpaid Mobile,28.97,50,1000,-1,2015-05-18
PLN7D5F756CBB,CUST100012348,Fiber 500Mbps,Broadband,31.78,50,-1,-1,2021-03-23
PLNE4ED94B68B,CUST100080629,Unlimited Plus,Postpaid Mobile,40.11,5,-1,-1,2015-12-11
PLN6E1957F896,CUST100052462,IoT Data Plan,Postpaid Mobile,61.89,50,-1,100,2020-06-10
PLNCBDD087BB2,CUST100035958,Unlimited Basic,Prepaid Mobile,45.64,-1,1000,-1,2025-02-04
PLN221BB7C29E,CUST100036409,Fiber 1Gbps,Broadband,87.94,-1,500,100,2025-12-05
PLN79B92CCE3C,CUST100083891,IoT Data Plan,Broadband,102.08,10,500,100,2025-12-16
PLN2E57B9477F,CUST100001835,Prepaid 5GB,Prepaid Mobile,103.35,50,1000,100,2017-10-08
PLN67C9FF4ED8,CUST100068840,Family Share 10GB,Postpaid Mobile,97.4,2,1000,-1,2024-12-07
PLNA064D5562D,CUST100014899,Fiber 1Gbps,Broadband,84.03,50,-1,500,2021-09-20
PLN212B79F281,CUST100065504,Prepaid 5GB,Broadband,24.94,-1,-1,100,2015-12-22
PLNF62C83CC2F,CUST100093016,Fiber 500Mbps,Postpaid Mobile,96.03,2,500,-1,2022-12-24
PLN2B66DFBC55,CUST100083431,Family Share 10GB,Postpaid Mobile,53.75,20,1000,100,2020-03-24
PLN5E83A2777C,CUST100085468,Prepaid 5GB,Postpaid Mobile,69.83,10,1000,100,2019-06-04
PLN51F159105C,CUST100015173,IoT Data Plan,Postpaid Mobile,137.78,-1,-1,100,2026-05-26
PLNA138EB0079,CUST100059189,Fiber 500Mbps,Postpaid Mobile,99.88,-1,-1,100,2016-03-30
PLN3871107836,CUST100096505,Unlimited Basic,Postpaid Mobile,104.45,2,500,-1,2018-06-10
PLNFE2A6117FC,CUST100055147,Fiber 1Gbps,Broadband,17.07,-1,1000,-1,2022-05-04
PLNA1B3595175,CUST100096622,Family Share 10GB,Postpaid Mobile,137.74,10,1000,500,2016-12-01
PLNBB858D8527,CUST100033768,Unlimited Premium,Postpaid Mobile,49.44,-1,1000,-1,2022-07-12
PLNA6663B570C,CUST100046409,IoT Data Plan,Broadband,124.69,50,500,100,2025-01-09
PLND888B00822,CUST100087191,Unlimited Premium,Broadband,116.5,10,1000,500,2016-03-04
PLN23FCD4463B,CUST100009896,Unlimited Premium,Postpaid Mobile,35.84,50,1000,100,2019-10-18
PLN0817C1062E,CUST100053815,Family Share 10GB,Postpaid Mobile,49.08,50,1000,-1,2017-06-15
PLN779D5F38F8,CUST100047824,Prepaid 5GB,Postpaid Mobile,117.77,2,-1,500,2017-12-09
PLNA5B69A9BF3,CUST100089916,Prepaid 5GB,Postpaid Mobile,22.05,5,1000,-1,2020-04-02
PLN5ECAA7CCDD,CUST100041309,Unlimited Basic,IoT,61.95,20,500,100,2025-12-09
PLNAF34D0A365,CUST100087799,Family Share 10GB,Broadband,51.24,2,500,-1,2020-10-14
PLNE0B8265D81,CUST100026560,Prepaid 5GB,Broadband,115.07,20,-1,500,2023-05-03
PLN28F51F02E3,CUST100015053,IoT Data Plan,Postpaid Mobile,81.02,50,500,-1,2018-01-20
PLNC4B206DED2,CUST100014844,Unlimited Basic,Postpaid Mobile,69.92,2,1000,100,2020-01-27
PLNC60A6AA952,CUST100001552,Fiber 500Mbps,Postpaid Mobile,123.95,20,500,100,2023-11-25
PLNE93BEB5B33,CUST100036977,Prepaid 5GB,Prepaid Mobile,95.9,-1,500,-1,2020-09-21
PLN538AE88E93,CUST100089100,Unlimited Basic,Postpaid Mobile,138.5,10,500,100,2025-03-01
PLN7D9DB8BB63,CUST100062393,Fiber 1Gbps,Broadband,134.36,5,-1,-1,2017-06-19
PLN62BDAA568A,CUST100060801,Unlimited Plus,Prepaid Mobile,149.2,-1,-1,100,2015-01-20
PLN0D36033B84,CUST100035616,Family Share 10GB,Prepaid Mobile,138.96,-1,-1,500,2024-08-11
PLN37149DB1B7,CUST100044327,Unlimited Basic,Prepaid Mobile,123.71,50,-1,100,2021-01-30
PLN25635445EE,CUST100008013,Prepaid 5GB,Postpaid Mobile,77.21,10,1000,-1,2025-08-27
PLN4DB08F4920,CUST100030756,Prepaid 5GB,Postpaid Mobile,46.75,20,500,-1,2022-12-17
PLN96AA572E19,CUST100023308,Unlimited Basic,Postpaid Mobile,53.43,20,1000,-1,2019-03-12
PLN7F60756BBA,CUST100036686,IoT Data Plan,Postpaid Mobile,119.29,-1,500,100,2019-07-27
PLN6B7C6E7BE3,CUST100047636,Unlimited Basic,Broadband,147.08,5,500,500,2017-06-23
PLNC578BA85FA,CUST100048292,Fiber 1Gbps,Prepaid Mobile,133.35,50,1000,-1,2022-03-27
PLN45F61C86F2,CUST100067186,Family Share 10GB,Broadband,27.75,10,-1,-1,2018-05-02
PLN6BBCE7CADB,CUST100019919,Fiber 500Mbps,Postpaid Mobile,142.13,-1,1000,-1,2018-07-18
PLNDC428F370A,CUST100088474,Family Share 10GB,Postpaid Mobile,30.97,5,500,100,2025-08-07
PLN82BFC83959,CUST100013838,Unlimited Plus,Postpaid Mobile,79.9,10,500,500,2022-12-05
PLN252679AEE9,CUST100008027,Family Share 10GB,Prepaid Mobile,88.39,20,500,-1,2016-01-25
PLN5D9078751D,CUST100066112,Fiber 500Mbps,Postpaid Mobile,122.06,10,1000,100,2019-12-16
PLN9F22EB37A2,CUST100018009,Fiber 500Mbps,Postpaid Mobile,105.63,50,-1,500,2015-01-28
PLN23E8EE104F,CUST100064149,Unlimited Plus,Postpaid Mobile,37.56,2,-1,500,2015-04-12
PLNBC3332AA64,CUST100056191,Unlimited Premium,Prepaid Mobile,98.91,50,-1,500,2024-09-26
PLN8C15E71AD0,CUST100010402,Family Share 10GB,Postpaid Mobile,75.08,2,-1,100,2018-10-21
PLNAB1B1D2728,CUST100088463,Family Share 10GB,Postpaid Mobile,73.89,20,-1,500,2024-06-04
PLN9A756D9FBB,CUST100005584,Unlimited Basic,Prepaid Mobile,149.57,-1,1000,500,2021-10-19
PLN77A314E832,CUST100070537,Prepaid 5GB,Broadband,25.18,20,1000,-1,2018-02-13
PLN320A5979BE,CUST100065743,Fiber 500Mbps,Postpaid Mobile,45.75,20,1000,100,2020-08-11
PLN04ED8A779B,CUST100050008,Unlimited Plus,Postpaid Mobile,93.93,2,1000,-1,2016-08-25
PLN3E0BBE9C4C,CUST100078101,Fiber 1Gbps,IoT,89.02,-1,-1,100,2021-05-15
PLN089AF1D7FB,CUST100048204,Unlimited Plus,IoT,127.81,50,500,500,2018-12-02
PLN24616E4828,CUST100046560,Family Share 10GB,Broadband,88.54,20,500,100,2022-10-28
PLNDEECA2DCC3,CUST100056069,Unlimited Basic,Prepaid Mobile,25.71,2,500,100,2021-01-05
PLNCB3EE1319F,CUST100056998,IoT Data Plan,Postpaid Mobile,102.99,20,1000,500,2024-03-07
PLN9FEC91FBEE,CUST100069608,Fiber 500Mbps,Broadband,88.07,-1,-1,500,2021-04-18
PLN546DAFA805,CUST100018513,Fiber 1Gbps,Broadband,85.27,50,-1,100,2024-09-26
PLN955117F8A2,CUST100057654,Unlimited Premium,Broadband,51.88,2,1000,-1,2024-11-05
PLN621A684A66,CUST100049747,Fiber 500Mbps,Broadband,112.19,-1,-1,-1,2022-08-16
PLN62B61FC671,CUST100023965,Unlimited Premium,Postpaid Mobile,60.13,20,-1,500,2017-07-03
PLN3693EAA48A,CUST100008853,IoT Data Plan,Broadband,43.92,10,1000,100,2020-10-09
PLN8150FBF3B0,CUST100010518,Fiber 1Gbps,Postpaid Mobile,92.43,10,-1,100,2016-01-15
PLN234F1C3A51,CUST100099873,Unlimited Premium,Postpaid Mobile,116.56,2,1000,-1,2015-06-21
PLNF8A8DF0B5B,CUST100052647,Unlimited Basic,Postpaid Mobile,72.07,2,1000,100,2023-05-23
PLNA912DBAF8E,CUST100026997,Unlimited Plus,Broadband,88.84,5,-1,500,2016-04-03
PLNC618BE3BFD,CUST100075337,Family Share 10GB,Broadband,147.05,20,1000,100,2016-12-25
PLNDA40B87656,CUST100081267,IoT Data Plan,Postpaid Mobile,141.68,10,-1,-1,2015-10-20
PLN9154E57A35,CUST100081480,Unlimited Plus,Prepaid Mobile,83.42,5,-1,-1,2020-11-22
PLN2C57331A8E,CUST100093739,Prepaid 5GB,Prepaid Mobile,29.99,20,-1,500,2023-05-11
PLNEEAFF1DD0B,CUST100069152,Unlimited Basic,Prepaid Mobile,142.05,20,1000,-1,2025-04-14
PLNC583FABEBF,CUST100074198,Unlimited Premium,Postpaid Mobile,137.71,5,1000,100,2020-06-22
PLN8A0CA95E66,CUST100087906,Fiber 1Gbps,Broadband,89.06,5,1000,100,2019-06-05
PLN0B117E15A1,CUST100044575,Unlimited Premium,Broadband,144.8,5,500,-1,2016-04-20
PLNEF55952621,CUST100036685,Family Share 10GB,Prepaid Mobile,92.39,20,1000,100,2025-09-17
PLN4037BAC03F,CUST100099537,Family Share 10GB,IoT,139.7,2,500,500,2016-08-21
PLN46FF6A91DE,CUST100090648,Fiber 1Gbps,Broadband,125.66,50,500,100,2017-03-28
PLNDED01A119C,CUST100010084,Prepaid 5GB,Postpaid Mobile,28.99,5,500,500,2025-05-19
PLNFA4917C4D6,CUST100060733,Family Share 10GB,Prepaid Mobile,121.01,50,-1,100,2020-02-06
PLN86756EA37E,CUST100023107,Unlimited Basic,Postpaid Mobile,120.84,5,1000,100,2017-10-12
PLNF67D514DC4,CUST100034852,IoT Data Plan,Postpaid Mobile,116.25,50,1000,-1,2019-01-16
PLN73FB4CD4B7,CUST100027292,Unlimited Basic,Broadband,79.71,2,500,100,2019-11-18
PLN6A7D33AA85,CUST100041348,IoT Data Plan,Postpaid Mobile,18.78,-1,1000,100,2020-06-14
PLN0CAD71D3D5,CUST100036058,Unlimited Basic,Prepaid Mobile,17.15,-1,500,500,2021-04-27
PLN3C2C4DBB93,CUST100000643,Prepaid 5GB,Broadband,60.6,50,-1,100,2025-12-29
PLNE814F4A90E,CUST100034384,Fiber 1Gbps,Broadband,136.93,10,1000,-1,2021-04-13
PLNDAE89A24AE,CUST100058385,Unlimited Premium,Prepaid Mobile,126.0,10,1000,500,2018-03-10
PLNA00360DBDB,CUST100077886,Family Share 10GB,Postpaid Mobile,77.66,5,-1,100,2023-09-23
PLNDDFE2CF1A4,CUST100038425,Family Share 10GB,Prepaid Mobile,26.2,20,500,100,2015-07-03
PLNB1AE66CCE7,CUST100053493,Prepaid 5GB,Postpaid Mobile,62.11,5,-1,-1,2022-03-23
PLN7F743E2CB9,CUST100063581,Family Share 10GB,Postpaid Mobile,118.38,20,500,500,2024-11-27
PLN9F7021F9F2,CUST100024894,Unlimited Plus,Postpaid Mobile,120.26,2,1000,500,2025-07-15
PLNE6E4FFD85D,CUST100013457,Prepaid 5GB,Prepaid Mobile,86.95,50,-1,-1,2025-11-03
PLN3B22287031,CUST100040891,IoT Data Plan,Broadband,109.91,5,1000,-1,2019-11-23
PLN6016FDD50D,CUST100013907,Fiber 500Mbps,Postpaid Mobile,71.41,50,500,500,2021-12-11
PLNCE5D8FA79F,CUST100002751,Unlimited Basic,Postpaid Mobile,149.3,-1,1000,-1,2021-06-02
PLN32D0EF52AA,CUST100037541,Prepaid 5GB,Prepaid Mobile,26.19,2,1000,-1,2019-10-24
PLNCDD50D23DA,CUST100010139,IoT Data Plan,Postpaid Mobile,40.86,-1,1000,-1,2017-05-20
PLNC56C8E76BB,CUST100033060,Fiber 500Mbps,Broadband,93.99,50,500,100,2022-06-30
PLN27A46CBBC8,CUST100058888,Unlimited Plus,Postpaid Mobile,45.44,20,1000,100,2026-02-02
PLN4B0CF238B0,CUST100012111,IoT Data Plan,Prepaid Mobile,102.38,10,-1,500,2021-07-27
PLN26BE34A28D,CUST100092010,Unlimited Premium,Postpaid Mobile,24.65,20,-1,100,2022-06-05
PLN3C6A2A2ED6,CUST100028695,Unlimited Plus,Postpaid Mobile,131.32,20,1000,100,2018-08-10
PLN4ABB1FD8C3,CUST100048161,Fiber 500Mbps,Postpaid Mobile,43.61,2,1000,500,2024-05-31
PLN7F2F307A4C,CUST100000101,Family Share 10GB,Broadband,124.98,20,1000,100,2021-04-19
PLN375296EFE8,CUST100034502,Unlimited Basic,Prepaid Mobile,15.78,20,1000,100,2019-05-25
PLN7B882C0EAF,CUST100040745,Family Share 10GB,Prepaid Mobile,127.59,5,1000,-1,2026-04-04
PLNEF7CDC2D6F,CUST100015896,IoT Data Plan,Prepaid Mobile,142.68,50,500,100,2021-09-08
PLN1625446F87,CUST100054787,Prepaid 5GB,Postpaid Mobile,88.51,2,1000,500,2019-03-22
PLN641BADFC32,CUST100012020,Fiber 500Mbps,Postpaid Mobile,142.99,2,-1,500,2024-05-21
PLN665EF403A2,CUST100013853,IoT Data Plan,IoT,95.82,10,1000,100,2022-04-11
PLNFC322D9854,CUST100012162,IoT Data Plan,Postpaid Mobile,20.26,20,1000,500,2016-11-25
PLND99960B14A,CUST100031986,Family Share 10GB,Broadband,53.47,50,1000,500,2020-09-14
PLN1DC517A693,CUST100041458,Prepaid 5GB,Prepaid Mobile,61.95,2,500,-1,2015-02-08
PLNCDDDC0B10F,CUST100080935,IoT Data Plan,Postpaid Mobile,38.06,5,-1,-1,2017-11-16
PLN46E2704FB5,CUST100083100,Unlimited Premium,Prepaid Mobile,75.83,50,1000,-1,2020-04-16
PLN11D913A4B2,CUST100004677,Unlimited Plus,Postpaid Mobile,113.23,20,1000,-1,2020-05-07
PLN44E36052D5,CUST100078729,Fiber 1Gbps,IoT,102.17,-1,1000,100,2016-06-17
PLN655826BD0B,CUST100033979,IoT Data Plan,Postpaid Mobile,82.38,20,500,-1,2016-02-06
PLN98723A854B,CUST100075392,Family Share 10GB,Postpaid Mobile,48.67,50,1000,-1,2023-12-21
PLN6078A5E9BF,CUST100067712,Unlimited Plus,Postpaid Mobile,129.68,20,1000,500,2019-03-27
PLN06330C3A11,CUST100070552,Fiber 1Gbps,Prepaid Mobile,134.27,-1,1000,500,2019-12-02
PLN7C89FED0A9,CUST100033105,Unlimited Basic,Postpaid Mobile,90.94,50,500,-1,2016-01-29
PLN96A3BDEB88,CUST100023623,Fiber 500Mbps,Postpaid Mobile,109.67,10,-1,100,2018-08-06
PLN22700CEAD9,CUST100065138,Prepaid 5GB,Broadband,75.39,-1,-1,100,2017-08-02
PLNFC01619C6C,CUST100079344,Family Share 10GB,Prepaid Mobile,117.39,20,500,100,2026-04-24
PLN7318C7FDE1,CUST100052264,IoT Data Plan,Postpaid Mobile,63.26,10,500,-1,2018-08-18
PLN283A261CAE,CUST100000544,Unlimited Premium,IoT,17.18,2,-1,-1,2019-11-23
PLN62F355B7B5,CUST100061963,Unlimited Basic,Postpaid Mobile,120.57,50,-1,500,2022-08-25
PLN62CBF9EAD8,CUST100042887,Prepaid 5GB,Postpaid Mobile,31.99,20,1000,-1,2024-12-16
PLNBEAB3102F5,CUST100039825,Unlimited Basic,Broadband,110.19,50,500,-1,2025-02-18
PLND6B44C96C5,CUST100074266,Fiber 1Gbps,Postpaid Mobile,114.06,-1,-1,100,2024-09-07
PLN7799F9186D,CUST100065637,Unlimited Plus,Prepaid Mobile,27.98,20,-1,100,2024-05-04
PLN5EF6988BCE,CUST100075555,Family Share 10GB,Postpaid Mobile,44.82,5,-1,100,2019-09-13
PLNFA4186778E,CUST100049977,Fiber 500Mbps,Prepaid Mobile,43.81,10,500,-1,2026-04-10
PLNEE07F7A87A,CUST100045896,Fiber 1Gbps,Postpaid Mobile,110.01,20,-1,-1,2025-03-09
PLNF2B06E338F,CUST100083638,Fiber 500Mbps,Postpaid Mobile,122.01,50,500,-1,2017-05-25
PLN629F191209,CUST100083419,IoT Data Plan,Prepaid Mobile,44.35,5,-1,100,2020-08-28
PLND43822D3CA,CUST100008347,Unlimited Premium,Postpaid Mobile,97.09,5,500,100,2023-11-08
PLN6CECCD9D46,CUST100058261,Fiber 500Mbps,Postpaid Mobile,47.18,50,-1,500,2016-07-03
PLN8042C14C73,CUST100048077,Fiber 500Mbps,Postpaid Mobile,135.18,5,500,100,2015-02-24
PLNCABF621B14,CUST100050443,IoT Data Plan,Postpaid Mobile,61.51,20,500,500,2017-02-18
PLN474CC09476,CUST100033147,Fiber 1Gbps,Postpaid Mobile,18.15,2,1000,100,2023-04-07
PLNE80BC349E9,CUST100026387,Unlimited Plus,Broadband,23.47,2,1000,500,2020-07-07
PLNEC1C14368C,CUST100093499,Prepaid 5GB,Prepaid Mobile,55.39,20,-1,100,2025-05-21
PLN7CD4CC4B94,CUST100049379,Unlimited Basic,Postpaid Mobile,45.98,50,500,500,2021-07-20
PLN66D5A6B30C,CUST100044319,Unlimited Premium,Prepaid Mobile,120.5,20,1000,500,2024-09-28
PLN68D0C24819,CUST100006008,Unlimited Basic,Broadband,86.7,2,500,-1,2025-08-24
PLNF90352E481,CUST100015594,Unlimited Basic,Postpaid Mobile,137.57,20,500,100,2023-06-22
PLN7010E941D7,CUST100033302,Fiber 500Mbps,Postpaid Mobile,16.18,-1,-1,100,2021-11-18
PLN031DF0A403,CUST100036312,IoT Data Plan,Postpaid Mobile,19.08,-1,500,-1,2025-04-28
PLN177B67540D,CUST100020702,Fiber 1Gbps,Postpaid Mobile,120.57,-1,-1,500,2020-05-10
PLN64B3AA04D7,CUST100031955,Prepaid 5GB,Prepaid Mobile,53.78,20,-1,500,2016-05-19
PLN28E024D006,CUST100018573,Fiber 1Gbps,Postpaid Mobile,92.67,2,1000,500,2015-07-07
PLN13CC30F4E9,CUST100035150,Unlimited Premium,Postpaid Mobile,73.72,20,-1,500,2017-06-13
PLND5BB8BF0C4,CUST100018165,IoT Data Plan,Postpaid Mobile,118.58,2,-1,100,2019-01-22
PLNBC603711EE,CUST100025552,Unlimited Basic,IoT,143.38,-1,-1,500,2024-05-17
PLN6A692C9841,CUST100064265,Unlimited Premium,Broadband,110.5,5,1000,-1,2023-04-22
PLN0EBD987D1F,CUST100091067,Unlimited Basic,Broadband,16.58,20,1000,100,2022-11-01
PLN475EAC8D04,CUST100088375,Unlimited Basic,Postpaid Mobile,16.26,50,500,100,2020-01-27
PLN742F2CD33B,CUST100024102,IoT Data Plan,Prepaid Mobile,15.19,-1,500,500,2023-12-30
PLN71193DBA60,CUST100009236,Fiber 500Mbps,Broadband,89.67,2,1000,-1,2016-09-11
PLNF07886AA11,CUST100033658,Fiber 500Mbps,Postpaid Mobile,37.17,-1,1000,500,2022-02-17
PLN9087E74309,CUST100097653,Prepaid 5GB,IoT,33.75,50,1000,100,2020-10-22
PLNA9B15F593A,CUST100071127,IoT Data Plan,Postpaid Mobile,96.63,5,-1,100,2022-07-03
PLN34FB9DDD27,CUST100014183,Prepaid 5GB,Postpaid Mobile,147.08,20,1000,500,2018-01-18
PLN71C85ED845,CUST100039475,IoT Data Plan,Postpaid Mobile,42.04,-1,500,500,2018-03-25
PLN1B85BC2122,CUST100057991,Unlimited Premium,Broadband,57.28,2,500,500,2021-01-03
PLN50B0E9E2F0,CUST100007025,IoT Data Plan,Broadband,29.41,-1,-1,500,2020-04-17
PLNF5192BBAE6,CUST100089462,Unlimited Basic,Prepaid Mobile,38.74,10,1000,500,2023-03-28
PLN17968F4702,CUST100015122,Family Share 10GB,Prepaid Mobile,22.83,-1,500,100,2022-12-23
PLN4DFB4342C7,CUST100008638,Fiber 1Gbps,Broadband,82.39,2,500,500,2024-01-22
PLND2BE2B64D5,CUST100052212,Prepaid 5GB,Broadband,22.16,10,-1,500,2025-12-27
PLN596041F12F,CUST100091922,Fiber 500Mbps,Prepaid Mobile,60.82,-1,500,-1,2023-01-08
PLN9356163865,CUST100064154,Unlimited Basic,Broadband,118.33,10,500,100,2019-05-07
PLN78CAC3C5F3,CUST100008304,Prepaid 5GB,Postpaid Mobile,38.12,5,-1,500,2021-07-08
PLN73DEA5B788,CUST100039236,IoT Data Plan,Postpaid Mobile,46.57,-1,1000,100,2025-05-26
PLN862F4D891F,CUST100032160,Unlimited Plus,Postpaid Mobile,139.4,-1,500,-1,2019-05-24
PLNCD9F2A98CB,CUST100054265,Family Share 10GB,Broadband,102.56,-1,-1,500,2024-03-27
PLN4E4846BE8D,CUST100044721,IoT Data Plan,Postpaid Mobile,88.58,10,-1,500,2019-03-30
PLN5FDC501872,CUST100009800,Family Share 10GB,Postpaid Mobile,116.37,50,-1,-1,2019-07-02
PLNB10761BC02,CUST100005463,Prepaid 5GB,Broadband,66.06,5,500,-1,2026-06-30
PLNDA23079460,CUST100032758,Fiber 500Mbps,IoT,69.84,-1,500,-1,2017-11-08
PLNA8D65922C1,CUST100015380,Unlimited Plus,Prepaid Mobile,27.71,10,-1,100,2018-08-04
PLN439D7BD2CF,CUST100093324,IoT Data Plan,Postpaid Mobile,77.25,50,1000,100,2024-04-02
PLN66ED446A86,CUST100053306,Unlimited Plus,Postpaid Mobile,60.08,5,-1,-1,2015-08-20
PLNBF0378459A,CUST100021035,Prepaid 5GB,Postpaid Mobile,142.99,2,1000,-1,2020-12-26
PLNB694366638,CUST100080346,Unlimited Premium,IoT,124.77,2,500,500,2020-05-14
PLNE69646772A,CUST100021252,Fiber 500Mbps,IoT,86.28,-1,1000,-1,2015-12-08
PLN9D6935FC9D,CUST100014191,Prepaid 5GB,Postpaid Mobile,79.28,-1,500,100,2016-01-27
PLNC7BBE696DC,CUST100077226,Unlimited Plus,Prepaid Mobile,133.31,-1,500,-1,2015-04-05
PLNEEDB06B443,CUST100035323,IoT Data Plan,Postpaid Mobile,89.91,20,-1,-1,2015-03-13
PLN1FB3D5CD27,CUST100030507,Family Share 10GB,Postpaid Mobile,115.15,2,1000,-1,2018-08-25
PLN8DE908F877,CUST100012666,Unlimited Plus,Postpaid Mobile,133.42,10,-1,-1,2025-07-18
PLNB3FE31637C,CUST100077346,Prepaid 5GB,Postpaid Mobile,93.26,50,1000,-1,2023-01-03
PLN58551ABDB6,CUST100041178,IoT Data Plan,Postpaid Mobile,110.8,-1,-1,100,2024-09-29
PLN91CCB97ADC,CUST100021349,Fiber 1Gbps,Postpaid Mobile,31.46,50,500,-1,2021-10-26
PLNC30842FB56,CUST100008775,Unlimited Basic,Postpaid Mobile,107.31,5,500,-1,2019-05-07
PLNE8DE7983DC,CUST100097561,Unlimited Premium,Postpaid Mobile,34.84,20,500,100,2020-04-24
PLN451E42822A,CUST100042504,Fiber 1Gbps,Postpaid Mobile,84.19,5,-1,-1,2022-04-18
PLNEA1C0CEDFC,CUST100017288,Prepaid 5GB,Postpaid Mobile,132.16,10,1000,-1,2025-11-28
PLN779FADE1FF,CUST100034400,IoT Data Plan,Prepaid Mobile,56.53,50,500,500,2026-03-21
PLNE6794B6A09,CUST100082043,Family Share 10GB,Broadband,105.31,20,500,500,2025-06-18
PLNA61BC36CD8,CUST100008557,Family Share 10GB,Prepaid Mobile,15.86,50,-1,100,2025-08-13
PLNF0F399FAAD,CUST100095559,Family Share 10GB,Postpaid Mobile,58.74,-1,1000,-1,2023-05-09
PLN09B092E73D,CUST100017110,Prepaid 5GB,Prepaid Mobile,115.5,20,-1,500,2022-04-05
PLN5C9CC9E1A1,CUST100089477,Fiber 1Gbps,Postpaid Mobile,142.21,2,-1,100,2024-06-23
PLN37A3D0BA50,CUST100077494,IoT Data Plan,Postpaid Mobile,142.02,-1,1000,-1,2021-03-21
PLNF9EE87ABD5,CUST100088030,Unlimited Basic,Postpaid Mobile,30.28,2,500,500,2015-04-14
PLNAA6BC76AA1,CUST100075820,Unlimited Basic,Postpaid Mobile,43.06,2,-1,100,2024-03-09
PLN338F902486,CUST100040477,Fiber 500Mbps,Postpaid Mobile,148.92,-1,500,-1,2025-05-04
PLN0E308DB8D9,CUST100068997,Prepaid 5GB,IoT,77.1,50,1000,-1,2022-05-02
PLNBFA1738AA7,CUST100077423,Unlimited Plus,Postpaid Mobile,104.06,5,500,100,2015-12-07
PLN8269AE685A,CUST100081341,Family Share 10GB,Postpaid Mobile,50.22,-1,500,100,2021-02-08
PLN5F74DC0659,CUST100031136,Fiber 500Mbps,Postpaid Mobile,38.38,10,1000,100,2024-04-07
PLN668DB01E21,CUST100059679,IoT Data Plan,Broadband,88.53,50,-1,100,2025-08-09
PLNB541E9A402,CUST100095294,Unlimited Basic,Prepaid Mobile,69.76,-1,1000,-1,2018-07-07
PLND4A8994197,CUST100072828,Family Share 10GB,Postpaid Mobile,37.66,10,1000,500,2018-07-14
PLN98D2D9D677,CUST100057009,Fiber 500Mbps,Prepaid Mobile,102.58,-1,500,500,2020-11-23
PLN0000D4537F,CUST100021900,Unlimited Basic,Broadband,20.4,10,1000,-1,2017-04-04
PLN7D54DB2A6F,CUST100051933,Prepaid 5GB,Prepaid Mobile,75.54,50,1000,500,2021-01-04
PLNC931D9D9D3,CUST100091083,Family Share 10GB,Prepaid Mobile,20.66,50,-1,100,2017-01-02
PLND714C86574,CUST100068918,Fiber 500Mbps,Postpaid Mobile,130.99,-1,500,500,2015-12-01
PLN15F6325198,CUST100081574,Fiber 1Gbps,Broadband,95.41,5,500,500,2026-05-26
PLN7A2587E235,CUST100003000,Unlimited Plus,Broadband,144.04,50,1000,-1,2023-01-21
PLN99C20C5292,CUST100052909,Unlimited Premium,Postpaid Mobile,105.76,5,500,500,2025-07-21
PLN70903C9827,CUST100077643,Family Share 10GB,Postpaid Mobile,92.6,2,-1,100,2021-01-07
PLN2271515940,CUST100080099,Prepaid 5GB,Broadband,147.73,5,1000,500,2023-06-15
PLNC54C1503FB,CUST100080309,Fiber 500Mbps,Postpaid Mobile,31.73,5,1000,100,2024-05-05
PLN1D5A07E0BD,CUST100025903,Fiber 1Gbps,IoT,142.6,2,500,500,2017-09-21
PLNAB7CB70D2C,CUST100061024,Fiber 1Gbps,Broadband,81.93,20,500,100,2019-12-04
PLNB54B56D408,CUST100071720,Fiber 500Mbps,Postpaid Mobile,123.14,2,1000,500,2019-05-24
PLNFBBC2B1C78,CUST100088101,Prepaid 5GB,Broadband,103.68,50,-1,500,2019-06-15
PLNE2C6ECA058,CUST100099185,Prepaid 5GB,Prepaid Mobile,103.89,5,1000,500,2025-12-29
PLN352ED1F01D,CUST100077045,Unlimited Premium,Postpaid Mobile,35.75,5,1000,-1,2023-05-30
PLN3AF712CAE0,CUST100023053,Family Share 10GB,Prepaid Mobile,44.77,10,1000,100,2021-04-13
PLNBD26A4B13B,CUST100073030,Unlimited Basic,Postpaid Mobile,121.73,50,500,500,2019-04-10
PLNE531ABB10A,CUST100021646,IoT Data Plan,IoT,37.99,10,-1,100,2021-02-02
PLN1DB4A17647,CUST100019970,Fiber 1Gbps,IoT,75.55,2,1000,-1,2016-07-14
PLN714668E27B,CUST100039688,Unlimited Plus,Broadband,120.2,5,-1,-1,2018-04-28
PLN09F81DA7D9,CUST100053522,Fiber 1Gbps,Postpaid Mobile,131.72,2,-1,-1,2023-09-11
PLND60C230A2A,CUST100071733,Fiber 500Mbps,Postpaid Mobile,132.81,10,500,500,2023-10-02
PLNF4D6B7514B,CUST100040289,Unlimited Premium,Prepaid Mobile,67.6,-1,-1,100,2017-12-06
PLNF7005D01AD,CUST100015742,Prepaid 5GB,Broadband,77.82,5,-1,100,2023-09-18
PLN52065912E7,CUST100020197,Prepaid 5GB,Postpaid Mobile,62.5,2,-1,500,2024-04-06
PLN41ECD85874,CUST100099863,Family Share 10GB,Postpaid Mobile,54.95,-1,500,100,2020-02-21
PLNC1F2F37C6D,CUST100050954,Prepaid 5GB,Postpaid Mobile,117.85,-1,500,-1,2016-07-21
PLNDF2A3BD94A,CUST100028267,Unlimited Plus,Broadband,130.72,10,-1,-1,2018-07-25
PLNDA653B9BDA,CUST100098381,Fiber 500Mbps,Postpaid Mobile,63.55,20,1000,100,2018-01-26
PLND6892D6CB6,CUST100004884,Unlimited Premium,Prepaid Mobile,121.58,20,-1,-1,2018-05-21
PLN7C6911FD07,CUST100073665,Fiber 1Gbps,Prepaid Mobile,140.77,2,-1,-1,2020-09-23
PLNF0A029D968,CUST100096318,IoT Data Plan,Postpaid Mobile,38.97,50,-1,-1,2023-03-26
PLN045A885F65,CUST100083283,Unlimited Basic,Broadband,45.19,-1,-1,500,2015-09-06
PLN09F2E8AC5A,CUST100083377,IoT Data Plan,Broadband,95.13,10,500,500,2023-02-09
PLNA6D0A038BC,CUST100073806,Fiber 1Gbps,Broadband,55.02,10,500,-1,2021-05-17
PLN5B5399B732,CUST100052196,Unlimited Basic,IoT,114.52,2,-1,100,2024-09-03
PLN588D843133,CUST100002662,Unlimited Plus,Postpaid Mobile,114.08,5,500,-1,2023-02-19
PLN97B6579B43,CUST100005930,Fiber 500Mbps,Postpaid Mobile,16.62,-1,500,-1,2023-12-14
PLN918E4DCCDB,CUST100049763,Unlimited Plus,Postpaid Mobile,33.45,2,1000,500,2025-10-11
PLN488914B447,CUST100098110,Fiber 1Gbps,Postpaid Mobile,94.05,-1,-1,-1,2025-01-16
PLN0CB943D45E,CUST100074151,Fiber 500Mbps,Prepaid Mobile,136.65,2,500,500,2025-04-16
PLN49D406C392,CUST100077300,Unlimited Plus,Postpaid Mobile,142.84,50,-1,500,2017-02-07
PLNC21EB95F59,CUST100005018,Fiber 500Mbps,Prepaid Mobile,138.75,20,1000,500,2015-10-28
PLN72B0927905,CUST100031623,Prepaid 5GB,Postpaid Mobile,124.08,20,1000,100,2023-02-08
PLN3CF227AD0A,CUST100067087,Unlimited Basic,Postpaid Mobile,80.55,50,500,500,2017-10-07
PLNE2CD34F163,CUST100052326,Family Share 10GB,Postpaid Mobile,149.34,10,500,100,2023-05-03
PLNB152004F8D,CUST100001346,Unlimited Plus,IoT,130.94,10,-1,100,2018-05-04
PLNB86A878247,CUST100032553,Family Share 10GB,Postpaid Mobile,56.96,2,1000,100,2021-07-08
PLN50378BE463,CUST100030400,Fiber 1Gbps,Postpaid Mobile,96.89,50,500,100,2025-09-23
PLNAADA00A489,CUST100045890,Unlimited Premium,Postpaid Mobile,112.25,-1,500,500,2024-01-20
PLN207AD45A7A,CUST100010283,Fiber 1Gbps,Broadband,69.88,10,500,100,2025-01-07
PLN989786FD3F,CUST100056284,Fiber 1Gbps,Prepaid Mobile,45.74,50,-1,100,2023-05-23
PLNB3AD1AB7F9,CUST100017891,Prepaid 5GB,Postpaid Mobile,117.41,50,500,-1,2019-10-24
PLN57B8A71199,CUST100031452,Fiber 1Gbps,Prepaid Mobile,98.12,20,1000,100,2019-02-13
PLN6841956E2D,CUST100046370,Unlimited Basic,Prepaid Mobile,48.06,5,500,100,2023-05-04
PLN08387409EA,CUST100062016,Fiber 500Mbps,Postpaid Mobile,131.6,2,500,500,2019-02-10
PLN4D2017B623,CUST100049573,Unlimited Premium,Postpaid Mobile,87.47,10,500,100,2020-08-28
PLN5B2501CBF0,CUST100000113,Fiber 1Gbps,Broadband,112.3,5,1000,100,2018-05-08
PLNB4C3A663C0,CUST100067757,Unlimited Plus,Prepaid Mobile,146.45,2,1000,-1,2026-06-20
PLN38B7EEEA2D,CUST100076482,Fiber 1Gbps,Broadband,63.62,10,-1,500,2020-11-02
PLN4E9B5174B3,CUST100048212,Prepaid 5GB,Postpaid Mobile,92.67,50,1000,-1,2022-04-10
PLN2D974F259E,CUST100012290,Unlimited Basic,Postpaid Mobile,128.7,5,1000,500,2019-03-20
PLN7D91F7ACE1,CUST100087813,Family Share 10GB,Postpaid Mobile,97.96,10,1000,100,2019-03-04
PLN10DB979061,CUST100031559,Unlimited Plus,Prepaid Mobile,39.7,20,1000,-1,2015-09-20
PLN9078B15157,CUST100014270,Unlimited Premium,Prepaid Mobile,43.26,10,-1,100,2024-04-08
PLN934C1FEF95,CUST100047264,IoT Data Plan,Prepaid Mobile,98.42,20,-1,-1,2018-07-12
PLN711547E871,CUST100056598,Unlimited Plus,Postpaid Mobile,145.07,2,-1,100,2018-03-15
PLNF7A63D0078,CUST100047884,Unlimited Premium,Postpaid Mobile,71.55,50,500,100,2016-12-28
PLNEB74BECFEB,CUST100075223,Unlimited Basic,Prepaid Mobile,89.7,2,-1,100,2024-03-01
PLNDE0B7F3194,CUST100075600,Fiber 1Gbps,IoT,128.48,5,-1,-1,2023-09-12
PLN2D66C11243,CUST100023849,Family Share 10GB,IoT,59.98,2,1000,100,2017-07-09
PLN7E40276E4B,CUST100014977,Fiber 500Mbps,Broadband,122.29,-1,500,100,2025-10-21
PLN056D0D6626,CUST100027397,Fiber 1Gbps,Postpaid Mobile,65.5,50,500,500,2025-12-07
PLN14B85E231B,CUST100038454,Family Share 10GB,Postpaid Mobile,19.1,-1,1000,500,2021-05-24
PLNF549AA51BD,CUST100036930,Unlimited Basic,Prepaid Mobile,117.94,50,1000,100,2018-12-10
PLNA2F0105C91,CUST100027508,Unlimited Premium,Prepaid Mobile,89.48,-1,1000,500,2024-03-29
PLN622766B322,CUST100023342,Family Share 10GB,Broadband,109.66,5,-1,100,2016-08-11
PLN83ED275056,CUST100068469,Unlimited Premium,Broadband,142.56,2,1000,100,2021-03-12
PLN17A06D89F1,CUST100071234,Unlimited Premium,Postpaid Mobile,138.09,10,-1,500,2024-04-02
PLNDC4125357C,CUST100095346,Family Share 10GB,Prepaid Mobile,65.11,10,500,500,2019-12-04
PLN181CB04AD6,CUST100049340,Fiber 500Mbps,Prepaid Mobile,47.29,5,1000,500,2017-08-28
PLN1D4D272988,CUST100066921,Unlimited Plus,Prepaid Mobile,62.86,-1,-1,-1,2020-06-21
PLNF3A2ADD549,CUST100054073,IoT Data Plan,Prepaid Mobile,25.95,2,500,100,2023-03-14
PLN3A0E4C14FA,CUST100087678,Fiber 500Mbps,Postpaid Mobile,93.92,-1,-1,100,2023-06-11
PLN3DF0ABC8D9,CUST100075444,Family Share 10GB,Broadband,99.28,20,-1,-1,2023-11-16
PLN6E253F6994,CUST100035058,Prepaid 5GB,Postpaid Mobile,131.51,10,1000,500,2024-01-31
PLN6B664BB9B9,CUST100027786,Prepaid 5GB,Broadband,22.69,-1,1000,500,2024-01-23
PLND38D1BAFCA,CUST100063483,Family Share 10GB,Broadband,115.38,-1,-1,-1,2016-03-24
PLNFBF31FCBBB,CUST100078400,Unlimited Basic,Broadband,134.46,2,1000,100,2019-09-01
PLN38A1190DD5,CUST100054502,IoT Data Plan,Postpaid Mobile,39.95,20,1000,-1,2025-01-20
PLNF1F746DBD2,CUST100045568,Family Share 10GB,Prepaid Mobile,110.65,-1,-1,500,2025-02-09
PLN87BF703A82,CUST100007007,IoT Data Plan,Broadband,138.91,-1,1000,500,2019-11-24
PLN8FAE80CF90,CUST100033209,Fiber 500Mbps,Postpaid Mobile,79.94,20,500,500,2017-05-06
PLNF475BAEFA6,CUST100077898,Unlimited Plus,Broadband,114.48,50,-1,500,2021-04-18
PLN9A3B5F648F,CUST100093026,Prepaid 5GB,Postpaid Mobile,41.93,5,-1,100,2021-02-13
PLNB81AEC23DA,CUST100024187,Fiber 500Mbps,Postpaid Mobile,115.7,20,500,500,2016-01-05
PLNB9F64EEAC4,CUST100048336,Family Share 10GB,Postpaid Mobile,116.83,2,-1,500,2017-02-27
PLNAEDD17E033,CUST100040804,Fiber 1Gbps,Prepaid Mobile,28.91,-1,500,500,2016-06-16
