asset_id,customer_id,asset_type,manufacturer,serial_number,install_date,status
ASTFB4BC27D4D,CUST100033665,Handset,Apple,79376F43362B4D3E,2024-02-12,Returned
AST1D3846E3F2,CUST100093030,Set-Top Box,Apple,E6901019A03C4CB8,2022-12-28,Returned
ASTB520FE89BF,CUST100080638,Router,Samsung,E0E4BF3A500742D3,2023-06-17,Active
AST7A7CD56F50,CUST100015858,Handset,Samsung,EFDFC9696B6747EF,2019-12-17,Returned
AST25A45E1C38,CUST100057084,Set-Top Box,Samsung,771A949683E04812,2019-05-09,Active
AST2DDD0A12D3,CUST100034674,Router,Samsung,89C6439867744B48,2022-07-15,Active
AST5C48E5B2BC,CUST100078357,Smartwatch,Google,C4E9BB1168DB4DE7,2019-03-28,Active
AST8FB7D61D66,CUST100077173,Router,Arris,FE3C47191D724F08,2024-03-13,Decommissioned
ASTDCAB4F3DB8,CUST100071897,Home Security Hub,Apple,42A3AE1FCA60418C,2019-08-16,Active
ASTD138E1B234,CUST100003395,Handset,Huawei,F71AEFD4A77A4621,2021-03-19,Active
AST45729CCF1B,CUST100016730,Set-Top Box,Google,AB749414BA6A4255,2016-10-29,Active
ASTB766C114DD,CUST100092747,Modem,Google,75B76D8E5B2B4914,2020-01-11,Active
AST3EE5883117,CUST100019761,Handset,Arris,BBFF96C6CA874324,2016-04-09,Returned
AST53A112B535,CUST100063528,Modem,Cisco,1F676AB5870D4864,2021-12-26,Active
AST4B61495881,CUST100069649,Modem,Apple,2A9C2495041A4DD1,2016-10-01,Active
ASTE6662B2D5A,CUST100059408,Modem,Arris,4BD7F48AD0C54CE1,2022-11-27,Active
ASTF07ABF0846,CUST100088071,Modem,Google,F4B1780950414DA5,2020-05-29,Active
ASTB4D73E81BA,CUST100053482,Router,Apple,E4562FA4D6594E93,2026-03-24,Active
AST9AEABC5A90,CUST100093217,Handset,Apple,CA31F235F031431A,2016-02-19,Active
AST51D273E65A,CUST100097521,Home Security Hub,Samsung,A494FC80F8754DBA,2017-02-15,Active
ASTB427E84174,CUST100059231,Router,Huawei,3A370D99977C4E63,2024-11-18,Active
ASTD8747AEE3F,CUST100014602,Modem,Google,16CDD3D814BD4210,2021-10-05,Active
AST6C3EB2F9FF,CUST100069379,Set-Top Box,Cisco,48CCFE5CA38546DF,2017-03-14,Active
ASTC1A94F1CC2,CUST100015803,Router,Samsung,CE0C75F5643A4DEA,2024-12-20,Returned
ASTBC05BD8474,CUST100072418,Set-Top Box,Nokia,3857706A30774F5B,2025-01-22,Returned
AST4370EA50AD,CUST100018036,Set-Top Box,Samsung,0D5214C3F5CA4475,2018-03-21,Active
AST8DF54DCDB7,CUST100038649,Router,Nokia,25A2961049294692,2023-03-20,Active
AST4D17D9030E,CUST100039378,Modem,Nokia,00CCB868D3EA42B8,2016-02-11,Active
ASTD16D6BDF2F,CUST100066587,Handset,Nokia,54E38CAD46344F6B,2018-11-03,Active
ASTFE6C0F5B05,CUST100019202,Handset,Arris,029B5A5178194E5D,2022-07-31,Returned
AST616A1F6EAF,CUST100094753,Router,Nokia,65CE68E82F6B46FE,2024-12-31,Active
ASTE2064AB2F0,CUST100095545,Home Security Hub,Cisco,3522066356094E04,2026-03-27,Active
ASTCEA5D6C6FA,CUST100049169,Handset,Huawei,67E42CF0274A4884,2024-07-20,Active
ASTDE59FB667B,CUST100011831,Router,Cisco,A629F201CFE44F56,2021-03-17,Faulty
AST8709D0BCD8,CUST100068477,Home Security Hub,Google,B1A2995A7C114BF6,2023-10-21,Active
ASTAD38917CE3,CUST100045751,Set-Top Box,Samsung,3B0D21A719984342,2025-08-27,Active
AST8C6BB63986,CUST100060592,Handset,Cisco,2DB927A6AC80497F,2022-02-26,Active
AST93C16441D4,CUST100087744,Handset,Arris,52CC7DF5386D4D54,2025-04-04,Active
AST20D80148C7,CUST100045450,Handset,Google,895E00B31C3F4705,2026-02-27,Active
ASTACB327921A,CUST100041326,Handset,Huawei,C65ED7561FEF4170,2023-10-02,Active
ASTFFA116C34B,CUST100010363,Router,Samsung,844BB2BE62044456,2024-03-28,Active
ASTC51D6F62CD,CUST100091244,Modem,Cisco,5E320C49D35C4A99,2019-02-23,Active
ASTE8952B0AED,CUST100052356,Handset,Cisco,1FFC677865584AEA,2024-08-16,Active
ASTFDCE5BF789,CUST100043016,Handset,Nokia,38FF8565592F4B9E,2024-04-06,Active
AST64C303E861,CUST100068846,Modem,Arris,58AC03DF3FEF4929,2019-07-04,Active
AST3A681998B4,CUST100022087,Handset,Apple,3F6D4A3D683C489D,2021-08-11,Active
AST6EE149EA73,CUST100015546,Handset,Huawei,10B082ADD4B84945,2022-02-17,Active
ASTB0391D7712,CUST100029383,Set-Top Box,Huawei,F860302026484512,2025-09-20,Active
AST2319EFDF8E,CUST100098062,Handset,Apple,3EBE6B58A59D412F,2020-06-16,Active
ASTB0DB857B8E,CUST100032407,Handset,Samsung,3D20D4A1A9EE46A6,2018-01-18,Active
AST7773095974,CUST100073083,Handset,Arris,D6A2A95E27B44393,2022-06-30,Active
AST85F847D7A9,CUST100053366,Set-Top Box,Apple,3B8B32B5324C404F,2024-08-23,Active
AST0574ADE788,CUST100063569,Handset,Samsung,39840177487F4CCD,2022-05-09,Active
AST24CD7CC44B,CUST100033984,Smartwatch,Samsung,EEF1C7A0796245F0,2018-09-07,Active
ASTA21BA2C582,CUST100096453,Modem,Google,03C7F6E3F3704A6D,2022-05-18,Active
ASTE1930E8B5B,CUST100082687,Router,Cisco,659720E4DE1B47C4,2024-08-05,Faulty
AST324A4CE136,CUST100070301,Smartwatch,Google,4056157841BB4706,2020-08-30,Active
ASTA7491B89BF,CUST100055459,Handset,Nokia,12645D03CCE94694,2025-12-13,Active
AST48498A6AC1,CUST100006632,Handset,Samsung,E847E13220E44F7C,2017-01-14,Active
AST7447ABF0EA,CUST100057144,Handset,Google,A05553F645A345BE,2017-10-17,Active
AST0E2E160EEE,CUST100092658,Handset,Nokia,71D316E2FB2E487D,2024-09-19,Faulty
AST8CA933A8F5,CUST100038055,Set-Top Box,Arris,E84E6DAF8E474B7F,2020-12-16,Active
ASTD8C0B51AC4,CUST100093512,Smartwatch,Samsung,6AD6758ED52548BD,2021-09-21,Active
ASTC47ABCB481,CUST100046856,Set-Top Box,Nokia,64F983E3667647B2,2024-05-20,Decommissioned
AST536662F34F,CUST100021707,Handset,Huawei,E3E7B162993E4725,2025-09-04,Active
ASTFA4ED26333,CUST100088361,Handset,Nokia,C5EC673A1963429B,2022-05-07,Returned
AST01D5412FF1,CUST100040604,Router,Google,DB7D9FC83E794119,2019-12-26,Active
ASTA39698540C,CUST100090955,Handset,Samsung,DF0087C2BEF54EC9,2025-10-09,Active
AST224AE769DB,CUST100023968,Router,Arris,C24A071ADC1C4329,2020-05-31,Active
AST5360AD99F0,CUST100008078,Handset,Arris,2F24401B63AC4168,2020-10-19,Active
ASTCBD677EAD1,CUST100067994,Handset,Cisco,62E3E38C544B4D73,2025-06-02,Active
ASTD14236A2DD,CUST100007760,Set-Top Box,Cisco,0E668EE80A8E4DE8,2021-05-28,Active
ASTC7D450FC55,CUST100097055,Handset,Google,6DE645900D6140B0,2023-04-27,Active
ASTCF23697C8D,CUST100069419,Handset,Arris,177F40C4D1DB420F,2016-07-14,Active
ASTA71A34A98D,CUST100063517,Handset,Arris,1356E82FE7CA43D7,2022-08-02,Active
ASTB3B75BE391,CUST100025277,Router,Cisco,701F01D8B92C42E0,2019-08-06,Active
ASTCED3B5AD6F,CUST100024642,Set-Top Box,Samsung,3E57948B70BC4597,2024-08-06,Active
AST84D803F9DC,CUST100074099,Home Security Hub,Arris,EBBC229860864BC4,2017-05-13,Active
AST8347DFBFBF,CUST100026936,Set-Top Box,Apple,4922C256BB6E4488,2023-03-01,Active
AST95A7B25C46,CUST100003156,Handset,Nokia,BBDE5FFAB30F4A07,2018-05-23,Returned
AST810691EB2C,CUST100011322,Set-Top Box,Google,AA3E4BBBE6DB44C7,2024-05-03,Active
ASTBDFAEC5493,CUST100053878,Handset,Nokia,8FD055EB2CC84B68,2025-06-04,Active
AST53D8406345,CUST100098682,Home Security Hub,Samsung,41363973929A438C,2016-09-17,Returned
AST6234B2FC5E,CUST100071485,Handset,Nokia,D4ADA77911954942,2025-01-13,Active
AST3F986E44DC,CUST100061409,Smartwatch,Samsung,91357DE6FB1D4FD6,2022-08-31,Active
ASTFB27BEB74E,CUST100007900,Modem,Samsung,B4E6BE64ACDB4E51,2024-03-19,Active
AST5AA6B60A72,CUST100068593,Handset,Huawei,3FC47A14BDC4453F,2017-06-14,Faulty
AST321F876328,CUST100037133,Handset,Apple,A71AD2551C9A4ACF,2018-09-28,Active
AST36F8187039,CUST100074602,Router,Cisco,9AFB1C3A4EE64076,2017-09-04,Faulty
ASTF5B3FF5E70,CUST100087401,Router,Nokia,45F16206545949BB,2023-02-13,Active
ASTD0A7B1CCBC,CUST100088813,Handset,Nokia,4610E958F918426A,2020-04-19,Active
AST9E2DE16A4D,CUST100045202,Set-Top Box,Google,4FAA5F9A9AE34154,2022-07-24,Active
AST8AA6A475C6,CUST100045106,Handset,Samsung,AC515759636644F3,2023-04-16,Faulty
AST2317AA48F6,CUST100026299,Router,Arris,8910C5A125744169,2021-10-07,Active
AST4458035010,CUST100008599,Router,Google,B6966619E836453D,2021-01-05,Active
ASTC11B285D71,CUST100057268,Modem,Samsung,3CDA3DCF0F1F483E,2017-08-15,Active
ASTA0FC0C8436,CUST100073220,Handset,Huawei,7579B39A5BB344EF,2017-05-29,Active
AST9B605942B6,CUST100059776,Handset,Huawei,A23F18B8DA894B85,2025-10-23,Active
ASTCAA6C23A9D,CUST100030185,Router,Arris,758F394B6A354042,2016-12-19,Active
AST7BD5AC3A01,CUST100036724,Modem,Huawei,2EF127C17A5942EE,2017-11-08,Active
AST2A253984F0,CUST100085016,Modem,Samsung,C4C3AF241C5948B6,2024-04-19,Active
ASTEA59637BC5,CUST100097273,Handset,Google,7AD6D90FBC304F9C,2022-07-18,Active
ASTDD1873CD0E,CUST100018381,Handset,Samsung,5829E47063814F65,2017-06-02,Faulty
ASTD8B2CB4667,CUST100086532,Router,Samsung,24E69283B58745F6,2022-04-23,Active
ASTFFE5C8E59A,CUST100097302,Set-Top Box,Google,D58654B71C5F4CAA,2023-07-27,Faulty
ASTCE9A033E4E,CUST100088432,Modem,Apple,16DA8D8024AF4568,2024-04-22,Active
AST6DD793AD50,CUST100095058,Handset,Arris,9B6E04EC167048FE,2024-09-03,Active
AST150153BF8C,CUST100080307,Handset,Huawei,A70DBD51866444D9,2023-04-09,Active
ASTBC5DD9FA80,CUST100001870,Handset,Nokia,1BD91BCC71F84D13,2025-11-18,Faulty
AST479DAFD661,CUST100016171,Router,Nokia,30D768F0514C41FC,2019-11-04,Active
ASTE9996AD06A,CUST100019353,Handset,Google,50303335B85C4B93,2023-11-15,Active
AST15960085D6,CUST100055267,Set-Top Box,Google,BE759F61CC28467E,2017-11-09,Active
ASTD4991C71B1,CUST100048331,Handset,Cisco,48213835E8F84BB1,2024-12-22,Active
ASTAE995BB22E,CUST100048849,Router,Cisco,41F4E8A9A8064C66,2021-11-26,Active
AST192635ECAC,CUST100002110,Set-Top Box,Arris,187C0140AB9F40C7,2025-01-25,Returned
AST111BE0D122,CUST100021704,Modem,Huawei,D91E6DA5ABC54C66,2017-11-09,Active
AST01A55DCC46,CUST100037556,Smartwatch,Apple,CBE9F427C93B474F,2022-10-24,Active
ASTDDD13B460A,CUST100015097,Set-Top Box,Samsung,9C9DD25A5B2E4BF1,2022-01-04,Active
AST2F9686798A,CUST100058387,Handset,Google,9E3C19185AC54E99,2018-05-24,Active
ASTA3CAF7D891,CUST100085005,Router,Samsung,D2ABD01335E04173,2022-02-18,Returned
AST9EAFE29C7A,CUST100027969,Handset,Google,F25E81851EA44F8E,2025-03-13,Active
ASTC8C324F765,CUST100087090,Handset,Samsung,4E2DEB49D7E2427E,2019-09-03,Active
AST59B0155B80,CUST100079819,Smartwatch,Arris,09F25968699940F6,2022-11-16,Active
AST99D5D4038E,CUST100052043,Handset,Huawei,CC612F43C7E44FAF,2024-01-29,Returned
ASTA2F0469A61,CUST100077710,Handset,Samsung,B6870720C17746C5,2022-01-13,Active
ASTB8BD50DF94,CUST100019177,Set-Top Box,Samsung,D1468F9343534C09,2023-04-12,Active
AST85E10E6F63,CUST100043612,Handset,Cisco,F47A077FF1144CD1,2019-12-02,Decommissioned
ASTCFB0EB0A95,CUST100015776,Smartwatch,Apple,0F3194772E554FDA,2019-10-06,Active
ASTDC69571C0C,CUST100099260,Router,Cisco,B2F851CB531D4E4A,2020-08-18,Active
AST0D91D66112,CUST100030393,Set-Top Box,Google,61C8D0807B5C4408,2020-04-02,Active
AST93A3324D2E,CUST100096452,Handset,Apple,DD95025DAB7C4353,2022-08-08,Active
ASTD0C3BF0344,CUST100059742,Handset,Samsung,5729AE015B854056,2020-06-01,Active
ASTBE19D7F733,CUST100038146,Router,Huawei,EBE7D9A9CC034DA1,2018-02-04,Active
AST900FC5ADEB,CUST100031638,Handset,Google,5657B1E7CCE44AB4,2018-10-11,Active
AST675707CCDD,CUST100058466,Set-Top Box,Cisco,2F9B91C204E548F6,2018-02-20,Returned
AST5FE60CB7A4,CUST100003117,Handset,Nokia,9C34A9BCE3664CF0,2022-01-11,Active
AST7DC2E082C5,CUST100002745,Router,Arris,7FFD10D89B8D4ABC,2017-06-20,Active
ASTBDE8C6E847,CUST100078647,Modem,Apple,E30315D5AB254A11,2021-10-30,Active
ASTBB84067FFA,CUST100025641,Handset,Samsung,6C4E6AA79EA447FB,2017-09-13,Returned
ASTF922AED85A,CUST100055839,Router,Cisco,D251573547C74660,2023-04-09,Active
ASTE154C05F41,CUST100032995,Handset,Nokia,F3D2FB62A8E746CF,2024-05-27,Active
ASTF816DF36BF,CUST100041226,Handset,Nokia,7CF73A81A80947BC,2024-03-05,Decommissioned
AST5C6C405A33,CUST100022709,Handset,Nokia,F897BAC0F2364016,2022-01-27,Decommissioned
AST6E4A513752,CUST100018063,Modem,Huawei,05B55CBA9F324BFC,2017-01-21,Active
AST30177453A0,CUST100023564,Set-Top Box,Huawei,8CAE9A7041964086,2023-02-28,Active
AST98E3A468F1,CUST100095053,Router,Apple,EBA1FA3035774AAD,2024-10-25,Decommissioned
AST052E113706,CUST100051449,Modem,Arris,AC506F3DA7F2468B,2023-05-03,Active
AST01282F3DF0,CUST100002535,Modem,Huawei,F9453F20526844E1,2018-07-29,Active
ASTB5802F78EF,CUST100081664,Handset,Apple,0891D6C618794BF8,2024-12-05,Active
AST7E4B482BAD,CUST100024050,Modem,Google,E5B3B48796124249,2025-05-11,Active
ASTB7786CFE97,CUST100082918,Handset,Huawei,0826673E381E4600,2022-09-05,Active
AST25E46836AA,CUST100007819,Handset,Nokia,6659D6F631814AF5,2017-08-26,Faulty
ASTA308AACE53,CUST100058940,Handset,Huawei,72EB97C3E88D402F,2019-07-01,Active
AST229351973F,CUST100069287,Handset,Nokia,126A44A232794195,2024-11-25,Active
ASTEDADEF4C5D,CUST100040786,Router,Nokia,B2BB4259C9BF47EE,2024-06-21,Returned
ASTD19B184788,CUST100098509,Set-Top Box,Cisco,80F713CE660A4CA9,2025-04-13,Active
ASTEA8D6DCC09,CUST100084045,Home Security Hub,Google,6F84C5518B5C4F97,2020-07-04,Active
AST1BC2C29961,CUST100095240,Set-Top Box,Arris,8B4C2FDF278240FF,2017-10-05,Active
AST93B4EFD79D,CUST100010366,Set-Top Box,Arris,61C1F566CCD2427C,2025-04-19,Active
AST966CF9B0C9,CUST100033825,Set-Top Box,Nokia,10F10BD2E4AD4E2D,2022-05-26,Faulty
ASTE1868E1AD2,CUST100032469,Router,Google,5AE9141D1428462D,2021-07-31,Active
AST6349568F63,CUST100020762,Router,Samsung,B90AAF1A501549BD,2016-09-25,Active
AST584266F2CF,CUST100014024,Router,Huawei,DD779259850341F1,2021-07-13,Active
AST32CA393027,CUST100065342,Router,Apple,574945BCF9424848,2022-12-22,Active
ASTA4ED00F1CB,CUST100020699,Handset,Arris,E2AFBF64DE514747,2022-09-16,Active
ASTBBB4A71245,CUST100038465,Handset,Apple,7635273F1FBD4C2F,2018-12-21,Active
AST203B143F6E,CUST100046322,Handset,Nokia,1E9E5B2B845549A4,2021-06-04,Active
AST84E42CB261,CUST100043122,Handset,Cisco,67731828497645BE,2017-12-14,Active
ASTE5FAD0F3FF,CUST100000188,Set-Top Box,Arris,84E79829723C493C,2024-04-13,Active
ASTFCA0276BB3,CUST100077563,Home Security Hub,Nokia,9AC44C41F1DF45F9,2023-04-19,Returned
AST112C21DAE3,CUST100022125,Modem,Google,337D44A721C641EF,2016-10-10,Active
AST9706677A0E,CUST100075786,Handset,Samsung,87B6E54F614A47AE,2019-10-22,Active
AST98A8748B22,CUST100041521,Modem,Arris,D2631318A9334895,2021-08-12,Decommissioned
AST60A41C9815,CUST100071706,Handset,Samsung,22C721DCFE81413C,2023-06-20,Active
ASTFF60485785,CUST100097320,Modem,Huawei,03DE5B35F4494E07,2023-11-28,Active
AST68E02FB3D8,CUST100051523,Handset,Cisco,10DE50128B2B4D77,2017-07-09,Active
AST639EF80581,CUST100040253,Handset,Huawei,68985907D2C841FD,2024-08-14,Returned
AST2540B3B216,CUST100050499,Handset,Arris,B7F03066DF08452D,2023-10-04,Returned
AST6747053A4C,CUST100094802,Handset,Apple,B26B8AEF6D9C4817,2016-07-12,Active
AST54352B045A,CUST100026914,Home Security Hub,Cisco,955CF18E372A4286,2026-02-11,Decommissioned
AST82C08F651E,CUST100093782,Modem,Samsung,67AE55F77E2043D6,2026-06-26,Active
AST2D0D9F8E27,CUST100073699,Handset,Google,0CA5B08E28CD43A0,2016-04-13,Active
ASTB415AB0A96,CUST100027188,Handset,Samsung,8E4C746B0D214F88,2024-10-03,Active
AST02217CE7F6,CUST100012366,Home Security Hub,Huawei,AF1776D02ED94D1E,2023-02-05,Active
AST9E55F904CF,CUST100028502,Modem,Cisco,86B34FB2A3084F06,2024-07-30,Active
AST771874303E,CUST100075359,Handset,Cisco,10662FCA1B3F4B2B,2022-12-31,Active
ASTD0F5D88C01,CUST100040189,Home Security Hub,Samsung,2D650D5261464A88,2022-06-01,Active
AST1B2E6D23A3,CUST100066963,Handset,Google,EBA220A12034487B,2023-08-31,Active
AST46D29FB22B,CUST100093326,Set-Top Box,Samsung,9CAD3CB1A4C9494C,2019-11-21,Active
AST69324B6963,CUST100083873,Router,Huawei,72AB7CF9406C413F,2016-08-18,Active
AST7B41F36563,CUST100040561,Handset,Samsung,556F94A0A35C45F0,2021-09-15,Active
AST90C9AE44EF,CUST100062248,Router,Cisco,BA9EE10D3A1C4AAE,2025-08-31,Active
AST452AA4EAF7,CUST100089495,Set-Top Box,Cisco,FED61DEC46464E2E,2019-02-21,Faulty
AST26BBBA5729,CUST100097438,Modem,Arris,ADB035DFCADC4310,2019-08-20,Active
AST9CFF6BA1F6,CUST100031855,Handset,Huawei,D784BD4DE46343DD,2023-05-17,Returned
AST94358209F7,CUST100074970,Handset,Huawei,A2282E074801422F,2026-02-24,Active
ASTFED6019E2F,CUST100038008,Smartwatch,Nokia,0FB2C85C083A4EB6,2018-06-29,Faulty
AST7EE41494B0,CUST100033539,Set-Top Box,Nokia,0D86705FB081491D,2021-07-01,Faulty
AST49E7C6B202,CUST100020783,Handset,Samsung,EB896D8083EC461B,2024-12-30,Active
ASTF3D358AE95,CUST100004452,Smartwatch,Samsung,8297022ECFBF49FE,2025-01-16,Active
AST2E02EAA2CA,CUST100085996,Modem,Arris,EC00E3D4B5514B46,2024-02-01,Active
AST58D7D2A2F9,CUST100072603,Handset,Apple,2FFF4955C4BC477F,2023-03-03,Active
ASTAAEF7A72F5,CUST100058167,Home Security Hub,Samsung,16557FA85EBA489F,2021-07-22,Active
AST8C1C41DBC8,CUST100081565,Router,Samsung,D36326450C584F4D,2023-01-19,Active
AST44A5893169,CUST100029946,Router,Apple,13B3BEDF7A8046E2,2020-04-13,Active
AST83F70E1D65,CUST100085025,Router,Google,64384F74B4DB499C,2018-06-12,Active
AST5B9D115B24,CUST100076351,Router,Arris,041817AB293C45B2,2024-04-06,Active
AST095FCD70E7,CUST100036572,Set-Top Box,Cisco,6B94786BAC404D20,2022-02-19,Returned
AST9EC7450FEC,CUST100055119,Router,Google,25B3A171BADD4E06,2017-03-15,Active
AST8268CE23D7,CUST100033041,Set-Top Box,Cisco,68583E922CC747A8,2021-07-19,Active
ASTB9FF1696EB,CUST100008129,Modem,Google,B380747D5E1941B3,2022-06-10,Active
AST7457D44965,CUST100062175,Modem,Apple,D7D6B29E301B4D8E,2018-02-14,Active
AST1B3F64861B,CUST100095667,Set-Top Box,Nokia,A9525A0E8E164A6B,2021-08-12,Active
ASTD89BEAA689,CUST100094076,Set-Top Box,Google,AB9F7A6CA23C4943,2019-06-13,Active
AST803C4FFBAB,CUST100044370,Router,Arris,526C0DFBE105410B,2016-05-16,Active
AST21AD37A6CB,CUST100059860,Router,Apple,D73356241ADC4841,2024-11-01,Decommissioned
AST6D5B1824C9,CUST100043439,Handset,Nokia,4FA6958246CE4077,2017-10-29,Decommissioned
AST32E3EA2590,CUST100040194,Handset,Arris,6470AF2E45314E85,2026-06-30,Active
AST525F4BB378,CUST100066623,Smartwatch,Huawei,AFB5DB824A114971,2020-03-24,Active
AST55115D3FB4,CUST100005746,Smartwatch,Apple,81395DF6ED054CE6,2025-07-28,Decommissioned
AST1C236D5DE7,CUST100089040,Router,Huawei,6D06F037D45E4BEE,2021-05-21,Active
ASTE780556825,CUST100060659,Handset,Samsung,8BC4E2EF0F134CF0,2016-04-12,Active
AST02FC88234D,CUST100084491,Handset,Samsung,D011D83A639746ED,2024-06-12,Returned
ASTE84A5F2095,CUST100077539,Modem,Arris,7B2B3E430CDD4BA5,2018-06-19,Active
AST5FA6E62603,CUST100089668,Handset,Samsung,F572F333031546FE,2019-07-27,Decommissioned
AST1836E98073,CUST100045975,Smartwatch,Cisco,CBFC7759BD0246C8,2024-07-02,Active
ASTCD72B9523C,CUST100098235,Handset,Samsung,BB157B83020044CD,2020-11-17,Active
ASTE996E94B46,CUST100092786,Router,Cisco,FBFE23D6C92F4468,2016-07-14,Active
AST09CA1E5012,CUST100076516,Router,Samsung,46D8D00AA4C54778,2019-07-12,Active
AST71B5BE0E25,CUST100092045,Router,Arris,37C56C4B7BC54DA5,2023-02-27,Active
AST33D4C0B2CF,CUST100055857,Home Security Hub,Samsung,B6692D6979184CEF,2024-01-29,Active
AST88560A9078,CUST100008836,Router,Nokia,F65C2DDF425C4688,2017-02-14,Decommissioned
AST3B09BE3181,CUST100063938,Router,Samsung,29135905A0264437,2023-11-24,Active
ASTD9C7989E5B,CUST100066257,Router,Huawei,1A1CD2D4081845D2,2025-07-06,Active
ASTD6CFA044D5,CUST100055800,Router,Apple,C534C9D4EB0746B0,2020-05-26,Active
ASTC0468D57E2,CUST100078434,Set-Top Box,Arris,AC3E338F561A478A,2016-05-11,Faulty
AST1FDC7F7810,CUST100009189,Handset,Google,1E0E43CFBA254E4D,2020-08-29,Active
ASTC8A196EFC0,CUST100042646,Router,Arris,A29077B8842347D0,2023-10-18,Active
AST8B65B42B69,CUST100013906,Router,Apple,F04FCEF4E197477F,2020-07-18,Active
ASTA88853D525,CUST100078263,Router,Huawei,8B42979A4B254C19,2016-12-30,Returned
ASTE4D346D888,CUST100049072,Handset,Apple,F69B4565A0B5460F,2022-03-22,Active
AST36BC7E4215,CUST100054432,Set-Top Box,Nokia,635DF6E57B9548E3,2019-04-06,Active
AST515C0099A3,CUST100043333,Handset,Apple,8036E51C873E4CF0,2020-10-16,Active
AST2264CEF617,CUST100068582,Router,Cisco,BCEB4F983EF64694,2025-02-04,Active
AST94F29E43F0,CUST100025823,Handset,Samsung,C0AC5FCC9621473B,2016-11-18,Active
AST4EF8007A21,CUST100023791,Handset,Samsung,675B451C31584F71,2017-10-12,Active
ASTEDFA5A9CF4,CUST100085127,Smartwatch,Nokia,8BA0402E5ED94AE4,2024-11-30,Active
ASTB889591852,CUST100025902,Handset,Google,10C8DBC276C94132,2024-07-12,Active
AST1EA2B53BDD,CUST100068999,Router,Samsung,C4AB59DA66D64F61,2025-07-27,Active
AST506BDB3848,CUST100013526,Handset,Apple,7D6DFC9033654D9F,2018-03-03,Active
AST03510B74CC,CUST100047823,Handset,Cisco,11B43D76AE4B48C3,2017-05-23,Active
AST92C1EBD59A,CUST100000535,Set-Top Box,Huawei,6EBF0CDA623D446D,2017-07-08,Active
AST5F7AEE527A,CUST100047788,Modem,Arris,4BB80B3323DA47B0,2017-09-30,Active
AST6D14FDEEAE,CUST100091728,Handset,Huawei,525AA9FD659B41E7,2026-03-11,Active
ASTCABAC1BFA2,CUST100061382,Handset,Samsung,BD020665C2894599,2019-02-26,Returned
ASTEE5789B039,CUST100012190,Set-Top Box,Apple,61E8EDE087F0429B,2024-06-17,Returned
ASTF81059B559,CUST100036785,Modem,Arris,67B2132CFD254D3C,2016-12-28,Active
AST25CC7821E9,CUST100014830,Set-Top Box,Samsung,778F7112198C4477,2017-07-11,Active
AST42F872B778,CUST100027388,Handset,Apple,79E46B673C434635,2018-01-30,Active
ASTED21DDCE1B,CUST100036874,Modem,Huawei,47FA857B984C41FD,2024-11-01,Active
AST789B61A66F,CUST100066906,Smartwatch,Cisco,D998055EEF664C23,2020-03-28,Active
ASTC2A057F91A,CUST100028253,Set-Top Box,Samsung,0ECE005CA2E04C42,2016-01-22,Decommissioned
ASTE5791DDA69,CUST100000319,Router,Huawei,3A7EAEEB93A9468F,2018-05-02,Active
AST8E40F1F63C,CUST100076095,Router,Cisco,80ED4861EF4F4CEC,2019-05-07,Active
AST336600004B,CUST100049086,Home Security Hub,Samsung,E9430363CD3545B5,2020-05-11,Active
AST9B2E3E5E51,CUST100072896,Handset,Huawei,90951C1B12244D04,2021-11-15,Active
AST32425C6FC4,CUST100067137,Handset,Nokia,5B709611ED844ACB,2023-08-16,Active
AST084FB5D5E6,CUST100076897,Set-Top Box,Cisco,4C57E4FA63BD4872,2026-05-12,Active
AST46D45AB7D8,CUST100016986,Handset,Google,0FD26D64B64E44D6,2019-08-18,Active
ASTA1EB18F940,CUST100099634,Handset,Huawei,1E1891353F4A4076,2022-01-18,Active
AST05461E8729,CUST100018339,Handset,Google,67725A23DE7E4A1E,2018-09-18,Active
ASTDE48388DDD,CUST100036591,Router,Samsung,CF6AF180E1154386,2016-09-18,Active
ASTDD4CB179F4,CUST100088141,Set-Top Box,Google,84F15F31707A4EB1,2017-11-28,Active
AST85C7D709D2,CUST100062158,Router,Arris,38BAD63E56C749DE,2017-09-16,Faulty
ASTA731FC0D08,CUST100072795,Router,Nokia,A1B2938D46EE413D,2026-03-22,Active
ASTC6EF34BB1E,CUST100062554,Handset,Samsung,44F8DA2FA6E1419A,2017-04-17,Active
AST761F3B530D,CUST100026601,Router,Nokia,A5716B7D74E84710,2018-08-22,Returned
AST154428B08B,CUST100085665,Handset,Google,3CD4632E86154283,2018-08-08,Active
AST89C18290B9,CUST100089872,Handset,Huawei,536E5E7B27D54149,2017-12-09,Active
ASTAA78E521AB,CUST100024077,Smartwatch,Samsung,01D805BD5EBE4E3C,2025-11-22,Active
ASTBC46BEE892,CUST100029986,Handset,Cisco,7C62014645D7434D,2024-05-12,Active
ASTA5E5D9FF55,CUST100088628,Router,Huawei,D1357F1D185240A4,2024-08-18,Active
AST8E6932EBC4,CUST100087984,Router,Cisco,DEC1FA317D2A4F9D,2025-12-23,Active
AST1DC76740FE,CUST100031324,Modem,Google,75204DA531984466,2024-02-18,Active
ASTA166C7E80B,CUST100090602,Smartwatch,Huawei,B082C3098B464ECF,2016-09-05,Active
ASTA5402D568F,CUST100005101,Set-Top Box,Samsung,79B22B8A7EF94B1A,2022-07-08,Active
AST9640DE76D3,CUST100025966,Handset,Cisco,98A86465E4DB4C54,2018-12-30,Active
ASTEF79E16E39,CUST100096521,Router,Arris,6FFC77B982B34CAE,2025-02-14,Active
ASTE07883D4C2,CUST100056487,Modem,Google,CDEBFFD4F5B14B07,2022-07-27,Active
AST49411B9D46,CUST100073717,Set-Top Box,Cisco,EC779DA36F1C4EDD,2023-02-20,Active
AST67D4408A90,CUST100069972,Smartwatch,Samsung,0AEB3353EDF844F9,2018-05-21,Active
AST5C4539119F,CUST100089620,Set-Top Box,Nokia,C7E77B88BB964772,2022-08-24,Active
AST3B196E3B4D,CUST100025946,Router,Arris,362C9D0D3EC1483B,2022-08-26,Active
AST33112A9C8B,CUST100027265,Home Security Hub,Arris,4F808FB5A37A46DC,2016-04-25,Active
ASTFBDF6D2D2E,CUST100022261,Handset,Google,D256A9B1E8244F09,2024-03-14,Active
AST482C386FE0,CUST100010020,Handset,Google,E1450136BC6642C0,2025-04-11,Returned
AST2A50A1FA70,CUST100093136,Router,Google,BB3F17CD45194105,2021-03-06,Returned
AST606D3E2631,CUST100018585,Modem,Apple,849F41C8627E4C32,2021-11-24,Active
AST5D815511D1,CUST100037006,Router,Nokia,65B99CF4953F45F3,2016-06-03,Active
AST85F724369E,CUST100062157,Handset,Samsung,044C3D3FDF9E46CF,2025-04-13,Active
AST2FE2A89D0F,CUST100099378,Set-Top Box,Samsung,073C6E2C275E4D03,2023-04-30,Active
AST8B7E4EA9A8,CUST100014085,Set-Top Box,Arris,2D4E6CEBBAB24023,2021-01-31,Active
AST6D152F8708,CUST100032094,Set-Top Box,Nokia,D668FB41D4B549C9,2023-12-10,Active
ASTC916F23ED7,CUST100058226,Router,Samsung,D3380F0E1C544C25,2019-02-26,Faulty
AST81A639A304,CUST100001274,Set-Top Box,Samsung,DAD45AD1BEEB40F3,2026-01-05,Returned
ASTC962CD0602,CUST100030464,Router,Nokia,8B3299F3FF23447D,2021-04-02,Active
AST84183EF7AD,CUST100054280,Handset,Nokia,B35269E0A09E4049,2021-05-13,Active
AST4E3A4AD1A2,CUST100013725,Handset,Nokia,69C43E11897B4755,2018-06-07,Active
AST2A752D9A18,CUST100088296,Home Security Hub,Samsung,46309DDBF3404780,2018-01-14,Active
ASTC0093BF3BA,CUST100006401,Smartwatch,Apple,B700774D4BBD4FBB,2020-03-05,Active
AST616C300540,CUST100095426,Handset,Google,626A69E6324F453B,2016-05-25,Active
AST106119F6B1,CUST100053936,Handset,Huawei,034E337A33654BC6,2017-07-24,Active
AST9B7A76F41A,CUST100095753,Handset,Arris,2C7AC9DCFD6B413E,2023-10-28,Active
ASTDD6F4D300E,CUST100017619,Handset,Apple,1C5510D5A3844547,2021-08-03,Decommissioned
ASTE35AF81BD1,CUST100074395,Handset,Samsung,4D7C96D690884389,2018-11-03,Active
ASTB3572B6E70,CUST100022092,Modem,Arris,C7F38E308E3F4492,2026-04-02,Active
AST7EBB57C9A9,CUST100089566,Handset,Cisco,C781C196DC1B4607,2026-06-11,Active
AST062EE3DA79,CUST100032581,Modem,Arris,5681F138BDE74764,2017-09-28,Active
AST5EA3348D43,CUST100023606,Modem,Huawei,C7DBEBAA591246F8,2025-12-13,Active
AST685865AEDF,CUST100022077,Handset,Nokia,7DF28E534AD74F22,2018-05-12,Active
AST18D4329FA1,CUST100041144,Modem,Nokia,104F87DEB4754E9F,2017-11-14,Active
ASTB11112578B,CUST100081057,Router,Samsung,7FC803008A124284,2017-06-27,Active
ASTAC9E2A6FE9,CUST100013425,Set-Top Box,Arris,6921A86C2E294835,2025-08-23,Active
AST50114C32B0,CUST100053288,Home Security Hub,Arris,100CD2249F814061,2017-04-21,Active
AST39B8E344DD,CUST100002854,Router,Arris,5F51A76B20D741D9,2021-10-15,Active
AST03FA5DD0B0,CUST100057538,Modem,Samsung,1641104703F444DA,2025-01-07,Returned
AST58B6EFF958,CUST100022430,Set-Top Box,Google,9026D82E79F1479C,2020-08-28,Active
ASTEDE552D31E,CUST100059927,Handset,Apple,9FBA23E61C6D49E0,2021-03-24,Active
ASTDDFA7D183C,CUST100068883,Modem,Apple,4CFD39FC578742A8,2023-09-02,Active
ASTA70CE8DE4D,CUST100078074,Router,Samsung,28565A86B097432F,2025-09-09,Active
ASTF4F62CB9FA,CUST100019883,Modem,Nokia,EDD2693A61CD4418,2026-05-20,Active
ASTC293201B3B,CUST100084011,Handset,Nokia,66A26FE157044DDF,2018-07-26,Active
AST651F033235,CUST100033513,Set-Top Box,Samsung,E86062926B794AE5,2023-08-07,Active
AST2BF7237795,CUST100010483,Set-Top Box,Cisco,8984C5C2F3AB4F4D,2019-11-27,Active
AST32D01D86B5,CUST100075584,Router,Google,3CD1BF59F4F8464D,2017-02-22,Faulty
AST7F1F4DAD01,CUST100022911,Set-Top Box,Apple,2F6CEB363C4B43F4,2020-02-16,Active
AST9FA10E2329,CUST100028084,Router,Samsung,1BCD31F766924FF2,2017-12-10,Active
AST433CE732E9,CUST100035741,Home Security Hub,Nokia,B30FF47F72AD4101,2022-11-12,Returned
AST0F2A1B1592,CUST100009153,Modem,Apple,7BCD2FE72618447B,2026-04-27,Active
AST9784899DD6,CUST100093424,Home Security Hub,Google,ECB3588C946749BB,2025-02-20,Faulty
AST4913354A56,CUST100080520,Smartwatch,Apple,5E6AE03F60A3422F,2018-06-11,Returned
AST1988EC2D9D,CUST100056979,Handset,Nokia,063548ED54D94867,2017-04-24,Active
AST7A6ECF3B68,CUST100013949,Router,Cisco,F561C16BAA764D99,2026-05-25,Active
AST4ABE773D7E,CUST100070601,Handset,Arris,A33E19E4AE454D2F,2020-02-05,Active
AST438FBDDC68,CUST100043186,Handset,Huawei,CCD1872FAB774535,2023-09-28,Active
AST0B39A05BB5,CUST100087717,Handset,Apple,BE7A1E8E7F5A4418,2020-12-10,Active
AST532B494AC5,CUST100024194,Handset,Cisco,048E59B539AF4DAD,2021-12-21,Active
AST5A3D1734D4,CUST100030306,Router,Apple,67A62C71BACB4D8C,2025-09-14,Active
ASTC7D5BD0C32,CUST100052829,Modem,Google,99E5737A1BBE491E,2017-02-05,Faulty
AST1BF3582765,CUST100033483,Set-Top Box,Arris,5504868F72B04801,2016-12-13,Returned
ASTD0B4006C3D,CUST100019103,Router,Google,5678B4A6E9D44C4A,2021-06-28,Active
ASTEB745AC0A5,CUST100075238,Modem,Arris,E4AA231B94824CF0,2016-02-03,Active
AST2A43FFCEE4,CUST100028414,Modem,Google,B9306F2528BD48EE,2018-08-15,Active
AST2EB14822FF,CUST100062922,Modem,Samsung,58E1564C185441B0,2022-06-04,Active
AST1B71376021,CUST100018959,Handset,Huawei,44FEDD77469A47A0,2026-05-03,Active
ASTE8AC75C253,CUST100013610,Set-Top Box,Cisco,C572088E3BC34554,2024-05-04,Faulty
AST02AF99D969,CUST100005810,Handset,Samsung,2BB9AB6A9B544DBF,2019-11-30,Active
ASTC29A767F38,CUST100047810,Set-Top Box,Samsung,5C29562BDE0B4166,2025-05-23,Active
ASTD9F7906873,CUST100045876,Router,Nokia,14C99F03AE36474E,2023-01-25,Active
AST2430E4B345,CUST100021699,Router,Cisco,269CFEB43B954710,2018-08-31,Active
ASTAD466BC602,CUST100072235,Handset,Cisco,A4E35DD3673F4B9F,2019-03-21,Active
ASTDC4000575D,CUST100057525,Router,Cisco,5DC3C80C79AE4C18,2017-02-16,Active
ASTAAA29AFDD9,CUST100091853,Router,Apple,FE1D91AEFEA641B9,2018-06-30,Decommissioned
ASTD19EED1083,CUST100075535,Handset,Cisco,F78BAAD8576140BF,2019-03-03,Active
AST8B243BBF9F,CUST100051891,Handset,Google,35B674588D034436,2021-06-04,Active
AST4832557960,CUST100031943,Smartwatch,Samsung,C74650CB5FBE4D64,2020-09-11,Faulty
AST7ED94D7341,CUST100085395,Handset,Cisco,A1F1BAB9FA23428D,2024-01-10,Active
ASTB1543B9BA7,CUST100019261,Set-Top Box,Samsung,D479BD07B1D841D4,2018-05-14,Active
AST3030A06895,CUST100052068,Handset,Apple,B9F7FC9D2FBA48F2,2020-06-13,Faulty
AST5106B92441,CUST100040738,Handset,Cisco,55CD4B8B0E3746F4,2017-05-16,Active
AST13D633A7F7,CUST100078823,Handset,Samsung,E538407E9CCE4326,2026-01-01,Active
AST9201B42939,CUST100028311,Home Security Hub,Arris,C0D38D4138FA4AFE,2019-06-10,Active
ASTFDE8D58F53,CUST100063549,Handset,Nokia,EA4B4BB15D6446D4,2018-03-06,Faulty
ASTAB51F420BF,CUST100040555,Handset,Google,0807B7E957804923,2026-03-15,Active
ASTB510623127,CUST100097510,Router,Huawei,D7CD179E93D649D5,2023-02-21,Returned
AST671C78589F,CUST100040066,Router,Arris,FBDA61B369FD415A,2024-02-17,Active
ASTB34272B355,CUST100070062,Router,Arris,CCA32004DFA64118,2018-06-24,Active
ASTD98B4D52CE,CUST100078542,Handset,Arris,59D27EA638C746A2,2023-04-28,Active
AST93194A0693,CUST100085225,Handset,Cisco,707762B9241548B4,2021-04-22,Active
AST201C48ADEB,CUST100070626,Handset,Cisco,49E8A546B757496C,2024-03-27,Active
ASTB62D19A058,CUST100097786,Handset,Huawei,79E79450B3B4450C,2016-08-09,Active
AST4C0EDB4F6A,CUST100039291,Smartwatch,Google,076621D7AD6A4B56,2021-08-31,Active
ASTFC364C3D5F,CUST100082876,Set-Top Box,Nokia,605EC3C192F1430E,2024-01-27,Active
AST8D1CF037BE,CUST100035632,Handset,Cisco,59BFE695BF2B43AB,2020-03-01,Active
AST057E0F02F8,CUST100054754,Handset,Huawei,022D5F8FCF264EF7,2021-05-12,Faulty
AST2C5459E072,CUST100057549,Handset,Cisco,D87E9439EE3C42CB,2025-12-01,Active
AST0BEACFF95D,CUST100073521,Home Security Hub,Apple,E4992ED803EE405E,2021-03-08,Faulty
ASTA0C81A46B7,CUST100021073,Router,Arris,7228DC52D76E42DA,2017-04-13,Active
AST379C046378,CUST100071810,Handset,Samsung,44F5AD7D87124922,2024-07-10,Active
AST226A724A90,CUST100053162,Router,Apple,318C656E37764E0E,2024-04-20,Active
ASTFB17674F69,CUST100087317,Set-Top Box,Huawei,EBA1AFBE9A5641FE,2019-08-07,Active
ASTA0FAE4FE75,CUST100097766,Handset,Cisco,3C27DD678EDA432A,2026-01-23,Active
AST110C536D4F,CUST100008569,Modem,Nokia,67C21A48E2774D0B,2017-07-07,Active
ASTD30399EABF,CUST100038033,Handset,Arris,BC78A9FCCF87404C,2023-08-11,Active
AST5E23374E11,CUST100087587,Set-Top Box,Google,A0736D3061974527,2019-03-20,Active
ASTF1B61ED965,CUST100070693,Modem,Cisco,7DD96FC9321E4CCA,2022-02-03,Active
ASTA89C6D71C4,CUST100077203,Smartwatch,Google,FE9520C86C68453F,2024-05-17,Active
AST3BD319C5A8,CUST100070120,Handset,Nokia,071BAC4D802A47A8,2026-01-20,Active
ASTF83D61ED82,CUST100097336,Set-Top Box,Arris,D45745A0EC8F4871,2022-03-04,Active
AST5D06A979AD,CUST100019264,Router,Google,B75DD2FA78B84B16,2017-10-04,Active
ASTD0E81379C7,CUST100060901,Handset,Cisco,BEA5E340469346D4,2020-10-26,Active
ASTA0A3D9FF24,CUST100057989,Modem,Nokia,221443B604DB4157,2024-03-17,Active
ASTA5288347F7,CUST100077025,Home Security Hub,Apple,6E44C8F29E7B4468,2016-07-13,Active
AST373867D488,CUST100079981,Home Security Hub,Google,A4F2587CA9F7494D,2022-12-20,Active
ASTAEDE1D43A2,CUST100001371,Handset,Google,561316854CE54D52,2026-03-21,Active
ASTCD7BE49108,CUST100066443,Router,Huawei,29D60629283B4442,2017-08-29,Active
AST00DA6B2851,CUST100093787,Set-Top Box,Google,57237B63A7DE419E,2018-12-16,Active
AST4AA50ECC24,CUST100069030,Smartwatch,Apple,1C5497CAC398440B,2024-06-15,Active
AST714FD32B69,CUST100055870,Handset,Samsung,BB18391A96744573,2025-05-08,Active
AST7AF5F32D0D,CUST100029378,Router,Arris,A0301216B4F54430,2025-05-30,Active
AST5BCC679C5D,CUST100035131,Handset,Apple,B344AC41AC8C4085,2016-09-15,Active
AST65093984AF,CUST100066444,Smartwatch,Arris,8B7ED42701764AD8,2024-08-11,Active
AST449B38DF94,CUST100030929,Handset,Nokia,731958FFDE524F2E,2025-06-13,Active
ASTC5C70258FF,CUST100024542,Handset,Huawei,1213ACC7A1E14737,2023-02-22,Active
AST368B9F6BA3,CUST100098978,Router,Arris,0EC00D1E813941F5,2025-12-02,Active
AST6427F1DA8B,CUST100097314,Handset,Apple,7474984001A740AF,2022-05-31,Active
AST75534C2422,CUST100036456,Modem,Google,FDA7A53A17B444FA,2022-11-25,Decommissioned
AST4FACDE342B,CUST100057228,Handset,Nokia,0A16E49EF6134FFA,2023-08-08,Active
ASTBAA009E6AB,CUST100019137,Handset,Arris,DE5DCB58B2674B9B,2021-07-31,Active
AST22B1DB9FFE,CUST100078738,Handset,Huawei,1ED0300EEB244439,2018-01-11,Active
AST98B97634BB,CUST100067469,Set-Top Box,Cisco,E7272EF8717A44A2,2021-03-30,Faulty
ASTFCAA83070A,CUST100030955,Handset,Cisco,D011D4DB04C14035,2016-08-30,Active
ASTDB7335C289,CUST100004296,Set-Top Box,Huawei,ACB6954E6E4B48F8,2018-06-02,Faulty
AST2919E9B8A8,CUST100001208,Router,Samsung,73B6F99B40C640F2,2018-03-22,Active
ASTF71031D873,CUST100055254,Set-Top Box,Apple,006620A281BA472C,2022-03-22,Active
AST37B1FE639C,CUST100067616,Router,Google,BD7089CCB8114B77,2026-03-21,Active
ASTF7EC7CB1F2,CUST100095821,Handset,Nokia,9C20B488D23B496B,2023-12-03,Decommissioned
AST7B65561E8C,CUST100099206,Modem,Google,B8399FDAD3D84D03,2025-07-17,Active
ASTC8F7ED1B2F,CUST100059953,Home Security Hub,Apple,F6A3E499DF2F46E3,2022-02-07,Active
AST13F7BC961A,CUST100032252,Handset,Huawei,334FE2E081A84985,2023-06-07,Active
AST020F77FAD5,CUST100030663,Modem,Arris,5744C58C2AC84FFC,2021-07-17,Active
AST461E38D483,CUST100090376,Router,Samsung,6FFB238BDFF44DB8,2021-10-25,Active
ASTB4149BDD5A,CUST100005220,Handset,Arris,3A4621F8E02443FF,2022-04-27,Faulty
AST4C265D6B4E,CUST100099267,Smartwatch,Samsung,BC7168DBB2CB4DE9,2023-02-16,Active
AST9A1729029F,CUST100014792,Handset,Huawei,269713A5AC314494,2023-01-07,Active
AST44FBB4F66C,CUST100076491,Handset,Samsung,0DDC1F4E74494F71,2024-08-29,Active
AST197B695D32,CUST100001943,Router,Samsung,CF0CE8F87A084452,2026-03-25,Active
AST4CC18D68D7,CUST100096803,Handset,Arris,4BE3D105C5F4403A,2016-03-20,Active
ASTF2D412D5C8,CUST100050188,Handset,Cisco,CF5669CB7F3C477F,2019-10-29,Faulty
AST76F77CB3D4,CUST100010894,Set-Top Box,Apple,82313C239DBE4165,2017-03-07,Active
ASTA1A0714893,CUST100011226,Handset,Samsung,4B36C081443E4DD5,2018-03-17,Active
ASTDA617A31E8,CUST100018970,Handset,Google,6557028F5A074F6B,2018-01-04,Active
ASTA559F9072A,CUST100024130,Handset,Arris,75D6D8D19BF84D80,2020-08-20,Active
ASTAF7E2035AC,CUST100047050,Set-Top Box,Nokia,DE3579E2FF0542A0,2024-04-20,Active
AST3D63985B29,CUST100065174,Set-Top Box,Huawei,F2ADE152A43F4D00,2017-03-05,Active
AST29F4A5553B,CUST100018053,Handset,Nokia,C71EB594C4394204,2018-06-14,Active
AST5F3344A0E2,CUST100051725,Handset,Apple,F67F8AC66CC94AFD,2018-09-12,Active
ASTD82B979396,CUST100029423,Router,Cisco,7B78CD40E35B4802,2026-05-13,Active
ASTD28FE0AF6D,CUST100017451,Modem,Samsung,161B618C9B204BBE,2025-11-26,Faulty
ASTDAB29FB9B4,CUST100091652,Handset,Apple,37686AA034354B4A,2023-12-20,Active
ASTF5EAA0EE19,CUST100040923,Handset,Huawei,A66C20E742B540FF,2019-10-10,Active
ASTAC43E3B2DF,CUST100017338,Set-Top Box,Google,2AD1E8A7D18F4CF7,2020-01-17,Active
AST45014F086E,CUST100092101,Router,Nokia,0ADA2DB43FBD4CC9,2017-08-02,Active
ASTBE8754DD90,CUST100004524,Handset,Huawei,BEE3034494884557,2016-05-25,Active
ASTB3D78264C7,CUST100069732,Set-Top Box,Samsung,B2D31EB09BD947E0,2024-06-12,Returned
ASTC83F52237B,CUST100092322,Handset,Cisco,7516EFAD19C24E23,2023-11-18,Active
AST14A4A3CF5D,CUST100046285,Router,Samsung,1DB120DA0B5E4E4E,2021-01-13,Decommissioned
ASTB38E3C8A62,CUST100097768,Smartwatch,Samsung,6DCE6E067DEE47D6,2017-10-27,Active
ASTF1CF3A5485,CUST100017751,Handset,Huawei,D519EE108BF74698,2016-08-05,Active
AST2F7407016A,CUST100054037,Handset,Nokia,CB44DBCEDD16476C,2023-03-31,Returned
AST6D3F9BD1E5,CUST100028827,Handset,Arris,01AC8383A3BF49E2,2018-02-04,Active
AST18E623C85E,CUST100049819,Router,Google,7FEE57CA101C489C,2018-02-11,Active
ASTD184394658,CUST100001123,Handset,Huawei,E774C3F0DD2D4639,2026-01-06,Active
ASTF2A387F7A1,CUST100064414,Modem,Cisco,8F6328F9CD6B4BDF,2024-01-17,Active
AST54ADBE5B0D,CUST100018213,Router,Google,0CD4A97C685748E9,2023-05-11,Returned
ASTCC7F569B13,CUST100024735,Handset,Huawei,F5B3463A2D78405B,2021-12-25,Active
ASTBDB8C13E6A,CUST100070756,Handset,Arris,927B64A6B5714A08,2022-03-25,Active
ASTEA48703DE8,CUST100068452,Modem,Nokia,51C0C2E61788466F,2022-05-16,Active
AST0A9934C6E1,CUST100014546,Router,Apple,B9628B0A88D94707,2018-03-17,Active
AST28143BFA4D,CUST100006339,Smartwatch,Cisco,7D284DBF4BD445AF,2023-01-12,Active
AST4A8038BD48,CUST100040123,Handset,Cisco,C3E18FB5E2104000,2016-04-16,Faulty
ASTE322DA9CCE,CUST100087296,Set-Top Box,Samsung,4F819DD1799743CE,2024-09-11,Active
AST2A353318B8,CUST100023352,Router,Cisco,D934064C597D46DD,2022-09-26,Decommissioned
ASTBA5BBFAB2F,CUST100027709,Router,Google,038FFCBB6F8342C1,2016-10-20,Returned
ASTDCD1377106,CUST100036096,Handset,Nokia,2731D35CEA7B40ED,2025-06-14,Active
AST93698F63E7,CUST100096044,Handset,Cisco,08E16E84B2364748,2016-02-10,Active
AST349846B19D,CUST100052366,Home Security Hub,Cisco,DE306787A4C7454C,2016-03-16,Active
ASTBE07C5B66E,CUST100006610,Handset,Nokia,6C87281C593C4415,2023-04-08,Active
ASTFBACE7F683,CUST100041584,Router,Arris,9056B84FD0584784,2020-03-25,Active
ASTE6B3A06418,CUST100026710,Handset,Cisco,6BBC201DF06B4307,2018-08-21,Active
AST165D96F684,CUST100058147,Handset,Huawei,C36E20300F8F494A,2020-04-23,Active
AST301C763D65,CUST100003770,Modem,Samsung,BFE46DC5405142EA,2017-11-13,Decommissioned
ASTB5D0B224B0,CUST100011268,Router,Apple,1560A0FE278549FD,2020-03-30,Active
ASTC210C14CDE,CUST100060842,Handset,Apple,A6DDF96E246C44C9,2017-12-03,Active
AST44EC2B6240,CUST100080938,Home Security Hub,Apple,21C0CF374A5F48B6,2017-10-03,Active
ASTD96885708A,CUST100040529,Handset,Apple,ECB6CE98EF4D41C0,2022-09-21,Active
ASTF196055B1E,CUST100093524,Router,Arris,9AC06D4D6BF147D3,2024-03-04,Active
AST63823F589B,CUST100021778,Router,Google,D96C7D9905D6432A,2016-02-09,Active
AST87AA003D6A,CUST100004555,Home Security Hub,Arris,83BF9C48C784427F,2022-06-19,Active
AST4E579117C7,CUST100026398,Handset,Cisco,33D4298CCBDB4F78,2016-05-25,Active
AST6931DFB386,CUST100093368,Handset,Arris,CA3009F578ED4DE5,2017-08-08,Active
ASTFCD4B2981A,CUST100037361,Router,Samsung,1CFF234BD91F4D60,2023-11-20,Active
AST7C857AFAA1,CUST100075949,Router,Google,9C004969877B47CC,2020-09-18,Active
ASTC60AE3BA5B,CUST100030851,Handset,Nokia,43F86CB0B0C747EC,2019-06-03,Active
ASTC2E1D37E5F,CUST100051499,Handset,Samsung,008EBE4E8C324DAF,2016-01-05,Active
ASTC07E0D6737,CUST100079908,Handset,Cisco,AF547EC9471A4C19,2016-12-29,Active
ASTFE7061B029,CUST100080146,Handset,Cisco,A94E43C39FA04648,2026-02-08,Active
AST80744EBA5F,CUST100018153,Handset,Google,734D4AF6E2CA4FC5,2023-08-17,Active
AST53F0780EE7,CUST100029288,Set-Top Box,Google,9B7C9F1B50AF44E7,2019-03-30,Active
AST3AA70531EE,CUST100092577,Handset,Apple,96AE367C43464CA2,2026-06-02,Active
ASTA45B317ED5,CUST100008844,Set-Top Box,Arris,9B1F4C8E24AA471F,2021-09-20,Active
AST4B7092BAE4,CUST100062359,Set-Top Box,Nokia,F4C17E08FCC64233,2016-04-26,Returned
AST5126DDD186,CUST100088951,Handset,Nokia,7EAD7764F61D4BBD,2016-09-28,Active
AST16C9DA6ACB,CUST100034650,Handset,Samsung,B07A9AF202914CF4,2016-03-22,Faulty
AST8B33F2CF3B,CUST100082580,Handset,Samsung,809B28CAF14D4E4A,2016-06-24,Active
ASTBBAE2FAC32,CUST100015696,Router,Samsung,52C961A5031C40C7,2021-12-09,Returned
AST7A0BA35722,CUST100021950,Router,Samsung,75BC4C9FB87F491D,2021-07-08,Active
ASTD51F7A7E3A,CUST100061341,Set-Top Box,Apple,AA8B1898B2274126,2019-06-24,Active
AST913772DE56,CUST100073927,Handset,Nokia,981CEF90F8DE4AC1,2022-02-01,Active
ASTADB38D2F8A,CUST100044418,Set-Top Box,Google,837BE93C7DDF44F5,2019-03-02,Active
AST94D6B6CDDF,CUST100009959,Modem,Arris,5A8386B85B244A99,2025-06-16,Active
AST578565E92E,CUST100088494,Smartwatch,Samsung,78FEC7137FFC455E,2023-01-19,Active
ASTEE293C0062,CUST100073268,Router,Nokia,F8E519BFFB2A4645,2016-03-25,Active
ASTEF5FCFBBE6,CUST100022163,Set-Top Box,Arris,1845D501B1C7429C,2021-08-26,Active
AST8EE79AA1F0,CUST100032974,Router,Nokia,D47A1BCA9F0547F4,2022-03-29,Active
ASTBEE31FC172,CUST100043556,Modem,Arris,FDFD3CC8C0564C9E,2023-10-15,Active
AST061097D036,CUST100099963,Handset,Samsung,42CCAE77E0EA4FBF,2022-08-26,Active
AST9B41E3D2CC,CUST100006515,Modem,Huawei,5452F26C012D4BEC,2020-10-18,Active
AST68F62083C5,CUST100086613,Set-Top Box,Arris,9BB2136E52354576,2016-07-08,Active
ASTD2E3861743,CUST100035972,Modem,Apple,52FE3051A3A8420E,2024-07-23,Faulty
AST048914CDFC,CUST100071847,Modem,Google,798F80EDF2B34A09,2022-06-01,Active
AST14F5531643,CUST100027646,Router,Cisco,5135A37DADAD46D6,2020-02-25,Active
ASTAC8098FA04,CUST100058440,Handset,Samsung,D6B5B05CE0074BAB,2016-05-16,Returned
AST60B8966743,CUST100017849,Handset,Apple,1AF97A790B874675,2025-09-29,Active
AST0EEF3A2588,CUST100067685,Handset,Samsung,B8D5F0C1D2C84658,2016-03-28,Active
AST1548C4E51C,CUST100022269,Handset,Google,8229A44821904FF3,2019-04-26,Active
AST5EB7EAB97F,CUST100043953,Router,Nokia,4E5DC019C08B4E9C,2019-05-17,Active
AST6E845B261E,CUST100095435,Handset,Apple,73539D73E01F41D6,2021-11-13,Active
AST6890BFB274,CUST100021486,Router,Samsung,AF9358E280DE4E72,2019-03-09,Active
AST23E0BF3A48,CUST100044719,Handset,Cisco,FD077DDEC5AC43E9,2019-12-15,Active
AST3A15845E2D,CUST100094312,Handset,Apple,260DF8656F144C40,2017-08-16,Active
AST5748428A54,CUST100066216,Handset,Samsung,F12C276A4F494E46,2021-03-25,Active
AST09DEFB7A41,CUST100085710,Router,Huawei,DD7E0A89BFDB4FE6,2025-10-31,Active
ASTC8A20F8FC8,CUST100076115,Set-Top Box,Google,E7D9ACAE9DF3491B,2021-01-07,Active
AST347658D12B,CUST100081099,Router,Nokia,A6A721927D654B8E,2025-06-23,Active
ASTCBA8CD288F,CUST100002059,Handset,Samsung,90493B9F602C4ADB,2019-05-05,Active
AST9A014188E5,CUST100005915,Modem,Google,2561FB210EC04265,2019-12-15,Active
AST4F2781EE34,CUST100025988,Handset,Apple,6D8E6909C3894B06,2018-11-05,Active
ASTFB7C8C959A,CUST100064885,Router,Nokia,37F25F37AEF948E8,2021-11-19,Active
ASTE0ECA8B831,CUST100007487,Set-Top Box,Google,CB355505A3D84549,2023-07-09,Returned
ASTDB33C5F12B,CUST100054939,Handset,Apple,F14544F925D24452,2025-12-14,Active
AST1D9FE441C2,CUST100016194,Smartwatch,Huawei,A9B0081D5C6641FA,2017-04-28,Returned
AST46A85330ED,CUST100091466,Handset,Apple,CA22CAB479D14E2F,2020-04-18,Active
AST2DBAA6D317,CUST100012638,Handset,Apple,E492120FFC7A4D12,2019-12-17,Active
AST1B2A282CDB,CUST100040520,Handset,Nokia,D320B6F6C8E147C5,2017-02-12,Faulty
ASTEC98A55F24,CUST100034899,Handset,Google,DABE1939A5D44032,2023-12-03,Active
ASTCAF11730D1,CUST100011308,Handset,Google,52E359265A01435B,2016-01-27,Active
ASTC43F1730EE,CUST100005545,Handset,Arris,53735881D6F545F5,2021-05-21,Active
AST27BEBBECD1,CUST100043110,Set-Top Box,Google,3A1DA8961847432E,2018-04-08,Active
AST5CBF543B3D,CUST100094274,Router,Apple,1A408FDF00DD44E4,2018-11-18,Active
AST51E1BC0B57,CUST100094789,Smartwatch,Apple,32DE3940C28A41E0,2024-11-16,Decommissioned
AST41AA4276B1,CUST100080201,Router,Samsung,85F8B69EB8F645AE,2019-10-25,Active
ASTB0B0FB0A35,CUST100086221,Handset,Google,EC159E977A6F4BD0,2020-02-25,Active
ASTDC0013F8FC,CUST100008581,Handset,Arris,EB2BBED6E9444731,2016-12-07,Active
AST13A19873A8,CUST100070898,Router,Arris,1F9CA6FAA14B4E79,2020-02-05,Active
AST321D99B029,CUST100004906,Set-Top Box,Huawei,6C4FE327E4B34748,2022-06-12,Returned
ASTBB54710904,CUST100001111,Handset,Nokia,FA321826DEF04D21,2016-12-24,Faulty
ASTC49E042F55,CUST100006878,Handset,Samsung,3711B4E8498445BE,2016-01-19,Active
AST65A85D96D0,CUST100050691,Handset,Huawei,AF0CB1BD84814518,2016-03-23,Active
AST4F02CD7390,CUST100063656,Handset,Huawei,99A84DFED5254199,2023-06-14,Active
ASTD56709715C,CUST100080948,Router,Huawei,FE6C9367C7374FCF,2018-11-27,Active
ASTE3789795F2,CUST100040767,Smartwatch,Google,CFFB1B1B92F14C91,2020-08-06,Active
AST36D3A1215B,CUST100015585,Handset,Apple,D9B44AB2590D402D,2019-07-28,Active
AST121C2B7B32,CUST100023082,Handset,Samsung,D19E11AAF22D4C5A,2017-04-06,Faulty
AST358937891C,CUST100086587,Handset,Huawei,267555FBFD9C4424,2018-02-11,Active
AST805D645A17,CUST100007719,Handset,Arris,A5775781A9B7465C,2018-01-31,Active
AST45BF7A2566,CUST100038665,Handset,Samsung,355058071A0D4D11,2021-02-28,Returned
AST7F2931E84F,CUST100012243,Modem,Huawei,E6AD8EE53A3D49E7,2026-03-05,Active
AST33ABC51B48,CUST100086441,Set-Top Box,Google,D5A846596CEB47E9,2023-10-22,Active
AST88083CB7BF,CUST100066213,Handset,Google,FD870C62AF884C2A,2018-03-25,Active
ASTC334334A22,CUST100037200,Set-Top Box,Samsung,D885975EAD5144F2,2022-08-06,Active
AST911A0B5B21,CUST100030771,Handset,Apple,87E2078DB9884DCB,2018-10-28,Active
ASTE968836777,CUST100033868,Router,Arris,CD7A7219A30B4FCD,2017-05-25,Active
AST503AFEBA11,CUST100076719,Handset,Cisco,E2C5976999904387,2025-10-23,Active
ASTCB6ED57D67,CUST100086968,Handset,Huawei,4AF39F16898C419A,2021-09-21,Active
AST23A3AA2F8A,CUST100083026,Smartwatch,Samsung,CE8E7ACCC550492A,2020-10-16,Active
AST1A42CC685B,CUST100003708,Set-Top Box,Huawei,9FA6C53C554F4EE2,2018-02-18,Active
ASTA1D27ABC56,CUST100048660,Home Security Hub,Google,03BCDB7F5645446B,2016-05-10,Active
ASTE2F71BBF0D,CUST100048699,Router,Samsung,55838B970A614E7D,2018-01-23,Active
AST9CC8C18D92,CUST100093109,Home Security Hub,Cisco,2A72424C104A462F,2017-01-30,Active
AST893AECFB0C,CUST100004194,Smartwatch,Apple,8AB6B653D54F47E8,2017-03-12,Active
AST6277947179,CUST100090688,Set-Top Box,Apple,7AE56DCE1C204770,2021-11-30,Active
ASTE93C09D6DA,CUST100076739,Modem,Huawei,4641A5A57ADA4339,2024-08-28,Active
ASTAC7B6BCE8D,CUST100007401,Handset,Apple,7736F2B0DCFA43F6,2019-03-20,Active
AST33A51D1868,CUST100083517,Smartwatch,Apple,0339FC903D3A43D8,2020-05-17,Active
ASTEAC2C61C2A,CUST100081815,Handset,Huawei,3343467D0E304648,2019-03-13,Active
AST20743291DB,CUST100049548,Modem,Arris,9940ACF8118B4C7E,2019-04-17,Active
ASTA90373F2E9,CUST100015726,Router,Huawei,5C30C75E56DA48B3,2019-01-10,Active
AST2465C99154,CUST100045277,Router,Apple,9C9A549566C74ABA,2023-06-03,Active
ASTFC15062D8E,CUST100074908,Handset,Nokia,42DB5271394C4A91,2020-04-12,Faulty
AST102371D9CC,CUST100008442,Router,Apple,33D7F442E6B945A8,2017-10-27,Active
ASTF6A4277F13,CUST100065641,Handset,Nokia,9EE7E7F2971F44FA,2022-06-21,Active
ASTE7AF9FCF66,CUST100093998,Modem,Google,C8B05B6A537849CB,2025-08-12,Active
AST5151A7E45E,CUST100002810,Handset,Google,2BD08389B4654DF1,2024-04-25,Active
AST70C83448BE,CUST100013607,Modem,Arris,C467B715A58A4D74,2021-06-30,Active
ASTD1C84FA231,CUST100060059,Modem,Cisco,BE9B1A37DED34977,2016-12-18,Active
AST6CC2B37070,CUST100074930,Handset,Google,9E77477EC3BC4A66,2023-04-21,Active
AST5B5D6A6CFF,CUST100028381,Modem,Google,323DF1B12BAC46E8,2021-02-08,Active
ASTD87BE9F55F,CUST100029092,Handset,Nokia,8A70C67E4D4B4AB2,2025-07-11,Active
ASTD55B9A6FB2,CUST100050606,Handset,Cisco,838D61BF3A8F465A,2022-07-17,Active
AST85B961AA68,CUST100002863,Router,Huawei,8868FB5BC7004B96,2019-07-07,Returned
ASTE58D49CFB0,CUST100064211,Handset,Arris,99C1C974C21247BA,2022-08-09,Faulty
AST8C67F0C13E,CUST100075401,Modem,Nokia,C81F67F05CD94D2C,2017-07-26,Returned
AST3F1B42B18D,CUST100014391,Modem,Cisco,1913B1E3873E48D0,2020-10-02,Active
AST1837759DB5,CUST100048342,Router,Apple,B92BB37B9A7E4980,2024-02-19,Active
ASTC87DE6DF40,CUST100041811,Router,Nokia,1ABC41AC14A3471D,2023-07-29,Active
ASTA7BB5637B7,CUST100036790,Handset,Arris,F0EB5B6FAEB54C80,2024-10-27,Active
ASTF305CDCFEA,CUST100068611,Handset,Nokia,B1FA61D35F1C442D,2016-11-10,Active
AST888391C352,CUST100049873,Modem,Arris,AE9118EA45FF4EA8,2022-03-02,Active
ASTC53BEF3FC4,CUST100060808,Set-Top Box,Google,A613F94214CE4FD7,2022-10-31,Active
AST7F6B095AD5,CUST100046109,Router,Samsung,8E8A8FA7EB444520,2024-09-07,Active
AST62AD4D4458,CUST100030586,Handset,Arris,29834B8405944345,2018-10-24,Active
ASTCD54FDB753,CUST100015871,Modem,Huawei,A3AC20C6A0044D14,2022-05-18,Active
AST001EBD6586,CUST100001088,Modem,Arris,3B2B00CB81084CD0,2016-01-06,Active
AST8AD6C67C4A,CUST100090142,Handset,Apple,1757154759964AEF,2017-10-09,Active
AST082C4ED01D,CUST100011601,Handset,Google,A08FE990F5744A80,2023-08-26,Active
AST806269A2DD,CUST100082129,Set-Top Box,Huawei,842ACE089E6F4D36,2020-08-06,Active
AST11A4B29563,CUST100027754,Set-Top Box,Huawei,3B7D9BB001F744BA,2023-07-04,Returned
AST84B7725EFA,CUST100040747,Modem,Apple,2E7911763FCB4985,2017-09-30,Active
ASTEBF60F122F,CUST100023729,Router,Nokia,70B73FE859864EBE,2024-06-01,Faulty
AST1DE39417FD,CUST100056845,Handset,Huawei,143C2EA540DB4B86,2019-01-01,Returned
AST49B4DEC915,CUST100011419,Set-Top Box,Samsung,E42C603A2A944DF7,2016-01-18,Active
ASTD61E1E643B,CUST100085071,Router,Apple,E2DDB78BCA8C4443,2023-10-10,Active
AST55BA76E446,CUST100067750,Handset,Apple,A9DA30B711D34AAB,2024-11-16,Active
AST3765544CFC,CUST100065260,Set-Top Box,Google,09A3BFE2EF0F4C5C,2016-12-01,Active
AST33CD8259D4,CUST100080679,Handset,Samsung,F3AB43460B794795,2023-10-21,Active
ASTC5807800F2,CUST100003001,Handset,Google,DA95ECAE9EDA417B,2025-04-17,Active
AST7C692481ED,CUST100087625,Set-Top Box,Apple,978445022C3948EA,2022-11-06,Faulty
AST46600FD460,CUST100082871,Home Security Hub,Cisco,553F4272BCC74277,2018-04-22,Active
AST2CFB0D4FDF,CUST100043922,Handset,Nokia,61B66DC227374568,2019-12-24,Active
AST82E6252D9A,CUST100017545,Handset,Google,16CEB5F9DB2B4915,2018-02-24,Active
ASTC5C6EAE42F,CUST100032178,Set-Top Box,Samsung,F5ACAD036205471F,2023-12-12,Active
AST8B1A88CE58,CUST100004047,Router,Cisco,09E0205556934C6A,2025-10-07,Active
AST1E13F03B53,CUST100037442,Modem,Apple,2CB8973737E8406A,2020-02-20,Faulty
AST317A32465A,CUST100055668,Router,Nokia,6EC9FCB0089A4B39,2026-05-10,Faulty
ASTFCA27E8A85,CUST100085403,Handset,Arris,17EB8D03BD5448C8,2019-07-31,Active
ASTCD7F024D90,CUST100000738,Router,Nokia,A160FC1EC47D41B9,2016-10-29,Active
AST2535EE1BC6,CUST100054508,Set-Top Box,Samsung,7A2233E51E884B4B,2020-03-18,Active
AST778281D901,CUST100096876,Handset,Arris,D68EF7E602794CD3,2024-04-22,Active
ASTD20EE59F98,CUST100021861,Handset,Samsung,F3196ECB087C4B81,2018-01-05,Active
ASTE47CBD9271,CUST100025714,Set-Top Box,Cisco,2F1AF0D21D8D4454,2017-05-30,Faulty
AST284061AE2A,CUST100042901,Set-Top Box,Google,4C82B16CE2244322,2025-08-06,Active
ASTDF57FDF526,CUST100048805,Handset,Arris,DD267239B2484FF2,2019-06-13,Active
AST0BF71B21AD,CUST100024689,Home Security Hub,Nokia,AF3982F6598E4CCD,2021-01-24,Faulty
AST5EB00419AC,CUST100069678,Router,Huawei,14FCDFE395E044FE,2025-05-13,Returned
AST97A9568F5A,CUST100071748,Modem,Huawei,39A53A87DAF34BD9,2024-08-19,Active
ASTA3A8C3BC98,CUST100054682,Router,Cisco,32C73A602AD74920,2022-09-17,Active
ASTF8DC3F1F66,CUST100041018,Handset,Apple,EB804299904D4823,2021-02-18,Active
ASTCB23D2AA93,CUST100050343,Router,Cisco,5345400019904FB5,2019-12-04,Faulty
ASTDFC8612674,CUST100052462,Handset,Arris,BF575C2126B34C45,2019-10-19,Active
ASTFA35BD74EE,CUST100031970,Set-Top Box,Apple,163595391EC74A98,2025-03-25,Active
ASTA4B67E50D9,CUST100088421,Router,Huawei,6D70FF208EDD4D8A,2024-04-25,Returned
ASTC111A7D3E8,CUST100099873,Handset,Google,003A8F3E1ED44C7B,2022-12-21,Active
ASTB152FD9B91,CUST100027864,Handset,Arris,96426DC367F7469E,2023-08-07,Active
ASTD9074A7D0E,CUST100070129,Handset,Apple,23EA892AFADA4D0A,2025-03-01,Decommissioned
ASTC3BC04B82B,CUST100036854,Modem,Arris,BEE529E60627482C,2026-06-02,Active
AST141A94D645,CUST100066396,Handset,Huawei,E8E2234A6C5A46DD,2020-10-20,Active
AST01DCE381C2,CUST100084711,Handset,Huawei,D6495A25B6624115,2026-01-03,Active
ASTD7DB3EC802,CUST100013818,Router,Samsung,C4310DD077B049BF,2024-04-22,Active
AST4786BFE1B6,CUST100029640,Set-Top Box,Nokia,469C77E283894552,2025-02-03,Faulty
AST10E97D0B08,CUST100075899,Modem,Cisco,F62EDB5820E44358,2018-07-07,Faulty
AST7436505103,CUST100099294,Router,Nokia,134EC64A6BB74EEE,2024-05-31,Faulty
ASTA3753FD658,CUST100056122,Handset,Cisco,7F33657513A54BE9,2021-03-17,Active
ASTD708D921CC,CUST100082856,Router,Huawei,2D8EC6E40D294371,2017-11-12,Returned
ASTD28A21104D,CUST100055634,Smartwatch,Cisco,117F3FD474344662,2017-04-05,Active
ASTE9BED613C3,CUST100046277,Set-Top Box,Arris,36F7514554274722,2016-10-06,Returned
AST345538B89F,CUST100003489,Modem,Samsung,F4CA388BE5204955,2017-12-29,Active
ASTCCFC329F38,CUST100075487,Router,Samsung,D0792748C3664F6A,2019-03-09,Active
ASTFB91EE1001,CUST100016286,Handset,Cisco,A18AA03EE7C24B0C,2021-04-27,Returned
AST0235B31F99,CUST100044048,Handset,Huawei,556CB174E49C49E3,2024-12-25,Active
ASTB73CFE8741,CUST100026022,Set-Top Box,Samsung,45007F212ED74AE1,2024-04-20,Active
ASTEFF7A7248E,CUST100032266,Router,Samsung,EA1206C0AF754F4E,2021-02-03,Faulty
AST776F7CA2BE,CUST100067905,Home Security Hub,Cisco,06ED69A706F242B9,2024-12-05,Active
AST32B8E0C0A3,CUST100087170,Smartwatch,Huawei,61CB6CF869654EAF,2025-05-04,Active
ASTA38CEA6D19,CUST100086208,Handset,Apple,319E5C60E190409E,2017-04-26,Active
ASTE7121E7BF8,CUST100022369,Handset,Google,2C15171D30E345D4,2022-11-17,Active
AST01439F88A5,CUST100023530,Set-Top Box,Samsung,05CBE8F315CC40DE,2024-01-25,Active
AST070C286522,CUST100058684,Router,Huawei,7CE08BAE699A4738,2024-04-12,Active
ASTBE1B1910F4,CUST100033671,Smartwatch,Nokia,D877A47FFC5541A8,2020-01-15,Active
AST6B4E676700,CUST100017013,Handset,Samsung,9BE0EC060DE44196,2019-06-20,Active
AST7F49E04B79,CUST100089666,Router,Nokia,68272BA0A610463F,2021-04-13,Active
ASTD8025818AC,CUST100091011,Handset,Cisco,FF87F23B91494F40,2024-03-02,Active
AST745E89D02A,CUST100025824,Handset,Arris,B7B3719201884109,2024-02-28,Active
ASTC3B0A0FB10,CUST100067455,Handset,Google,FCE9F05EEC94430B,2021-05-28,Active
ASTBCBBCAF2B3,CUST100014368,Modem,Arris,F879235ED5AA4D63,2024-05-21,Returned
AST6F649DD816,CUST100010293,Handset,Arris,B6CF658BE45F4DD5,2020-02-09,Active
AST72B1DB2E87,CUST100059014,Handset,Apple,03599365524C412E,2023-12-08,Active
AST499389B583,CUST100014777,Handset,Google,7F817B163D4A4F0E,2021-07-12,Active
AST1D86022131,CUST100075592,Set-Top Box,Huawei,FE1810069B1A41A6,2021-02-25,Active
AST086C48ACE6,CUST100098122,Modem,Cisco,C56A0823C13E4D1D,2022-08-13,Active
AST70E96CD2F2,CUST100049779,Home Security Hub,Cisco,9E1979EF78DA4018,2017-06-08,Active
AST1760C4F668,CUST100038503,Handset,Cisco,C57F716081CE4DBD,2026-03-04,Active
ASTD0B526154D,CUST100001963,Handset,Arris,9B69409300F64E9D,2017-02-13,Active
ASTDEB430B132,CUST100062084,Set-Top Box,Arris,ED2C498E3CF6402B,2020-10-09,Active
ASTDC82CBDB14,CUST100061808,Set-Top Box,Nokia,65589A526B0E426C,2019-04-02,Active
ASTC1D74A8B91,CUST100066510,Home Security Hub,Huawei,AAA2CA4E533D41E8,2019-01-01,Active
AST080414B744,CUST100056505,Router,Google,CAEECA84613D4902,2023-02-04,Faulty
ASTC920B79D23,CUST100080579,Router,Huawei,5A13D7705A8C48E6,2019-02-10,Active
AST10C1222D7A,CUST100022887,Handset,Samsung,CAE9B51C073444B7,2023-10-06,Active
AST9A287C52E3,CUST100014972,Router,Cisco,7624C9A6120C41BD,2024-05-11,Returned
ASTE9426E3F1D,CUST100036527,Handset,Cisco,CBA04DCF22EA43E7,2020-02-09,Active
ASTC611E266C7,CUST100029347,Modem,Cisco,742A32183DFF4765,2018-12-31,Active
AST379611C09B,CUST100003302,Modem,Samsung,232D179E64FE41EB,2018-06-07,Active
AST533B25350E,CUST100097361,Handset,Arris,764E6244D83A4227,2024-03-07,Active
AST203C8D3B1D,CUST100023830,Set-Top Box,Huawei,84D2418877134306,2025-12-07,Active
AST58B32F3EE1,CUST100036314,Handset,Arris,1C62CF22656C4CB0,2017-09-06,Active
ASTD56942FAA3,CUST100065469,Handset,Cisco,9F5F1BA0E26A4E6E,2020-03-11,Decommissioned
ASTE799F95707,CUST100090950,Modem,Cisco,23317EA942214F7C,2019-10-23,Active
ASTDCF61D2270,CUST100094650,Handset,Apple,14C41DEC565E4A37,2020-06-30,Returned
AST5819BA67E7,CUST100045683,Router,Nokia,528A358E5FF543FC,2020-11-20,Active
ASTCE4D1EA199,CUST100070501,Handset,Samsung,262EC3CCA47641BE,2022-07-01,Returned
ASTCAE5A1A048,CUST100094366,Handset,Nokia,144A86D378A243C4,2019-02-27,Active
AST62B0340E25,CUST100046965,Set-Top Box,Huawei,3348D969166849D3,2022-08-05,Active
AST7C296E9A13,CUST100080358,Router,Huawei,27072DC3DCCC4801,2017-07-29,Returned
AST28558CB215,CUST100005082,Home Security Hub,Samsung,C8A6C24620C94A80,2016-11-03,Returned
AST424B0E23A5,CUST100006650,Set-Top Box,Apple,3213A77C96A54C32,2017-05-29,Active
ASTB994546C62,CUST100045933,Set-Top Box,Huawei,7B813E16846A4138,2021-12-23,Returned
ASTE847993E09,CUST100058244,Router,Cisco,E5C875DE6567486E,2025-12-10,Active
ASTD0AE568F7B,CUST100008729,Set-Top Box,Cisco,E592305A6A384444,2019-04-23,Faulty
AST0BF4A73795,CUST100097169,Handset,Cisco,366C281260F74365,2023-06-02,Active
ASTEBDBC40C8B,CUST100079736,Modem,Huawei,B46483331136477A,2022-03-29,Active
ASTDD469F85E8,CUST100008173,Modem,Google,96B5221B95C14B9D,2023-02-27,Active
AST6813988DA4,CUST100015526,Home Security Hub,Huawei,1205F8261A104A1B,2016-06-17,Active
ASTE7B7EB7BAC,CUST100047177,Router,Samsung,1DF555D2F69E4432,2021-05-15,Active
AST8FB5FD48CE,CUST100087193,Handset,Huawei,20CEB3AAAD4845E2,2016-01-07,Active
AST9FB7C5470C,CUST100090859,Modem,Arris,E2A52E43BA044D91,2025-02-08,Active
ASTCE540357DD,CUST100037601,Handset,Google,1AA01AE509E54A1B,2019-09-01,Active
AST115CCCAFA3,CUST100008064,Router,Huawei,53E76783A352429F,2022-03-12,Active
ASTCFAFD09DF7,CUST100075210,Handset,Samsung,3769847F03E144DD,2022-03-12,Returned
AST3BD59E47A1,CUST100004098,Router,Nokia,053B7AFCE7C24652,2017-03-06,Active
AST06B33E1C25,CUST100041564,Handset,Cisco,197B01E148A546B9,2019-04-17,Active
AST9374A24306,CUST100003270,Handset,Huawei,65F2C90FDA424A95,2026-01-02,Active
AST4D28FFBF79,CUST100019061,Modem,Apple,75A0B2F192084E9C,2025-01-26,Active
AST9DCFD6CBB3,CUST100053410,Set-Top Box,Samsung,A60219C72C374147,2025-03-26,Active
ASTD1EB3BA0D1,CUST100052160,Modem,Arris,BDCB433CC81749C4,2022-10-31,Returned
AST6D8E0C7396,CUST100007081,Handset,Samsung,CD92B79CC3804213,2019-09-01,Active
AST41FBBDD0C9,CUST100065873,Handset,Samsung,6750C03298D344C6,2017-04-21,Returned
ASTFBEAF757F6,CUST100059970,Home Security Hub,Arris,31621D1053CA4D89,2020-09-01,Active
AST9EA032D786,CUST100059424,Set-Top Box,Nokia,53C5790E6793429D,2023-12-08,Active
ASTBF80C08BAD,CUST100015193,Modem,Arris,CE78DCFBFB66499C,2021-02-04,Active
AST37472BC054,CUST100084932,Router,Nokia,C9C57655D4CF4B93,2017-09-30,Active
ASTB52C8048BC,CUST100060846,Set-Top Box,Cisco,3E56B271DE2D43CA,2024-08-28,Active
AST09AFE6DCC2,CUST100066701,Handset,Google,EA1F78F4A7EA4284,2016-05-25,Active
AST198B2623A1,CUST100047021,Set-Top Box,Nokia,5FAD36DDFB3249FF,2023-02-14,Returned
ASTFAC3E17D1C,CUST100071245,Router,Arris,B0700DAB5B174D09,2021-04-14,Active
AST5C011B31E1,CUST100044237,Set-Top Box,Apple,9FC59EF77F3E4427,2017-06-12,Active
ASTDBF039E6C2,CUST100098863,Handset,Samsung,FE46E1B6D6AB45EC,2017-09-18,Active
ASTB2B571DC46,CUST100001638,Router,Apple,D4CD31DB53394238,2025-09-10,Active
AST9A962F780F,CUST100025438,Smartwatch,Cisco,C84431C53493437A,2019-05-12,Active
AST23D6D1A195,CUST100043139,Handset,Arris,EC73F25B26934F3B,2019-07-19,Active
ASTFDA3737647,CUST100050447,Set-Top Box,Huawei,C0E0663230744B37,2025-04-15,Active
AST84B79BFB1C,CUST100034475,Handset,Huawei,42FB7508C2B34C96,2021-01-14,Active
ASTA14E7B261E,CUST100009896,Modem,Samsung,643FA196649642F5,2024-10-26,Faulty
AST631A353201,CUST100040086,Smartwatch,Samsung,B239446C915D4429,2025-02-17,Faulty
ASTABD0C9A81A,CUST100098288,Set-Top Box,Google,63FC83DFEAE64879,2023-12-19,Active
AST9951F877A7,CUST100093895,Handset,Google,C2A780B541E44C5A,2023-06-04,Active
AST75AB05947D,CUST100023914,Home Security Hub,Google,58F550FE1C09466E,2022-10-03,Active
AST3570EC3CAF,CUST100053310,Handset,Apple,8F2E6138F89540E9,2019-04-25,Active
AST3E88A69BAF,CUST100031730,Set-Top Box,Nokia,811A99282DD84FD2,2025-04-27,Active
AST2353C7C4BD,CUST100001978,Router,Huawei,5305AD6C38A1457F,2017-12-26,Active
ASTD920BC0365,CUST100076423,Set-Top Box,Arris,F25A456D79DC491A,2020-11-02,Active
ASTCC8F62ED22,CUST100028852,Router,Nokia,4C884E12AD77474C,2016-01-06,Active
AST05F566A3DC,CUST100007122,Modem,Cisco,4A31FCE4EBCC4783,2017-05-03,Active
ASTF219A431B6,CUST100064331,Handset,Arris,DAC1A1F3B15C43BE,2021-11-01,Active
AST690A10E66E,CUST100016340,Modem,Apple,7C36FCF695BE4A06,2020-09-22,Active
AST282ED431D3,CUST100059608,Router,Apple,0BEBBA2EFEF84E5A,2026-06-30,Active
AST7A27CDF538,CUST100080585,Handset,Huawei,DE0767AA677D41EA,2023-01-24,Active
ASTEA29E0671B,CUST100036090,Modem,Google,EE6E016D0E4A4658,2017-11-06,Returned
ASTA1E3ECF553,CUST100069230,Modem,Huawei,624E71664B7F4791,2016-10-29,Active
AST38E1A5CA21,CUST100083127,Router,Huawei,50C29870194C431F,2024-04-09,Active
ASTA87811FDEF,CUST100081723,Handset,Huawei,95C7EACD9DE04B88,2021-03-03,Active
AST371DA64310,CUST100051619,Handset,Nokia,C5D51EA4B95D40F8,2018-10-06,Active
ASTB89325F2FA,CUST100013039,Set-Top Box,Apple,5E509869DE774D58,2016-04-04,Returned
AST8080BF111B,CUST100064443,Handset,Samsung,2EDB177BC0A1423F,2017-08-28,Active
ASTDBFC84BE90,CUST100019475,Modem,Huawei,0AFBC5440B394E73,2024-01-20,Active
ASTBE3363A028,CUST100092125,Handset,Nokia,80D3B4CF321B44C6,2020-02-23,Active
ASTD0DD671464,CUST100076833,Home Security Hub,Cisco,4CEE85C5DF7649FD,2025-09-16,Active
ASTA1B96C55BA,CUST100009165,Handset,Nokia,E9AE8695ED4C42F5,2024-09-02,Active
AST3636CEAF10,CUST100088576,Set-Top Box,Cisco,3F408C59711A46F4,2021-03-22,Decommissioned
ASTF2F4561FA0,CUST100035806,Home Security Hub,Google,BBF97104D58941FF,2020-10-21,Active
ASTEF3CF71B0A,CUST100044313,Handset,Apple,5B221C3663F6459E,2018-04-25,Active
AST1413000185,CUST100016118,Home Security Hub,Nokia,F70ED2549A094B64,2016-01-01,Active
AST299F5C95AA,CUST100018024,Handset,Nokia,16D54D4217204307,2019-02-03,Active
AST8EB9E3DE33,CUST100059694,Modem,Samsung,B7B0F727BCBD4BF4,2023-12-25,Active
AST95B02D7C69,CUST100080128,Set-Top Box,Google,406E6BFB84A6407F,2022-08-30,Active
AST1A39C5CDD0,CUST100038180,Router,Huawei,50C100C53C4E4EB2,2019-04-04,Active
AST15B4683D89,CUST100034592,Router,Cisco,5192DB3E534F43B1,2023-11-18,Active
AST3D5E53EBC2,CUST100016641,Modem,Apple,1D7A222478A84D97,2018-03-27,Faulty
AST231582BFDA,CUST100096371,Set-Top Box,Samsung,0DC5B6EE43FE4130,2016-11-29,Active
ASTE07B40ECF7,CUST100088193,Set-Top Box,Huawei,B62CE5BADF8C42A4,2018-01-22,Active
ASTCE6955BDF3,CUST100095025,Set-Top Box,Samsung,B17C3FDF69034D56,2022-11-14,Returned
AST228481148D,CUST100007975,Router,Huawei,139C4244E3FA4925,2019-12-30,Active
AST1740388A0B,CUST100019976,Home Security Hub,Samsung,35745D483EE14431,2017-07-01,Active
ASTAAC938953F,CUST100056740,Smartwatch,Nokia,B5FD56E6D43E4115,2024-11-25,Active
ASTD8D6DF3302,CUST100071664,Handset,Cisco,4143CD65C00F4BCC,2018-08-08,Active
ASTB0A0C8F7AF,CUST100084878,Modem,Arris,DA34ED82FDC74FF4,2019-04-20,Active
ASTE179429AD3,CUST100018989,Handset,Nokia,1C93AF5CE3F34ECB,2025-05-24,Returned
AST76FEDE0335,CUST100016212,Handset,Apple,DDBA7E53EDFD416F,2018-07-04,Returned
AST6C4B3017E4,CUST100082712,Modem,Nokia,80662DE4DA314BF9,2024-02-11,Active
ASTA11D87AED5,CUST100070639,Router,Cisco,FF88A0B669424BCD,2026-06-19,Returned
AST37315A3170,CUST100085129,Smartwatch,Apple,E4F061869EBC419B,2017-09-07,Returned
ASTE7BF3DB8BA,CUST100098700,Router,Huawei,BE133F22C6664D19,2022-08-27,Returned
AST4F029703F3,CUST100098103,Router,Google,59DA0564B3964A65,2018-05-30,Active
AST4CBEAC8324,CUST100064339,Handset,Samsung,7D2B81CF54E64347,2025-10-21,Active
AST4D9EDA779A,CUST100096859,Handset,Nokia,9E94A88057B54E0C,2025-04-23,Active
ASTB9859F9353,CUST100067277,Smartwatch,Nokia,B7B174099B6F442E,2020-08-25,Active
AST7E88987F74,CUST100068974,Handset,Samsung,DEAAAB36C8494EE5,2019-02-06,Active
ASTAE559F780D,CUST100086555,Handset,Apple,5A2C6D90753C4EE5,2022-10-27,Active
ASTC64C451898,CUST100086434,Router,Google,F290633B79D5455E,2020-12-07,Active
AST66206D9640,CUST100021026,Set-Top Box,Arris,9902B0FADF3D412A,2019-10-27,Active
ASTE61DF0CAD4,CUST100089663,Handset,Samsung,54BB855DB0744905,2022-07-03,Active
AST447AFAD1B6,CUST100034858,Router,Google,E3E13EAD9FB54DE5,2023-02-20,Active
AST43BC9ED7FB,CUST100072408,Router,Cisco,65DB171369C848A5,2020-06-11,Active
AST1071E072BE,CUST100098120,Router,Apple,736D43D759234D59,2017-06-26,Faulty
ASTD00AD1DF43,CUST100025478,Handset,Google,0B83A65296A34A4A,2018-12-20,Active
AST61E3398F19,CUST100046251,Handset,Google,5231A6ABC35347DB,2023-08-14,Active
AST50E54785C6,CUST100097391,Modem,Samsung,5A050BA970924C23,2020-12-25,Active
ASTA57F393F1C,CUST100053044,Router,Cisco,C3B74AE81EA74BBF,2025-12-19,Active
AST8682085D8F,CUST100006220,Set-Top Box,Nokia,FB6A8C87F54B4E04,2023-08-24,Active
AST484663EAAB,CUST100066089,Modem,Nokia,7B0FE3B118124384,2025-07-11,Returned
ASTB26A2BBA0D,CUST100055485,Home Security Hub,Nokia,CA0882C04A5A403B,2022-11-17,Active
AST5A2AE06EB6,CUST100059601,Set-Top Box,Arris,AA5521BC6D9940AB,2018-02-14,Active
AST9BD90D55CF,CUST100029638,Modem,Samsung,CDA8CE955C504E0F,2022-08-13,Active
AST80CB612325,CUST100013034,Router,Google,795F5AD6149D4F37,2018-08-31,Active
ASTD73AAD60BD,CUST100056618,Router,Cisco,FC2A687018CE4B31,2023-06-23,Active
AST4A361FC149,CUST100045009,Smartwatch,Huawei,EB68DC0EEEB2446A,2020-01-09,Returned
AST9768FD3C40,CUST100093442,Handset,Samsung,9CE935CBE85240D6,2020-01-18,Active
AST443CAB0656,CUST100029473,Handset,Google,6369BB2E72F84996,2024-12-17,Active
AST38F5E630FB,CUST100025691,Home Security Hub,Cisco,A61AAF9C3C3C43F9,2020-06-06,Active
AST38DEDFCC29,CUST100039826,Modem,Arris,460F9A11DEB54EB1,2024-01-17,Returned
AST00A0DDFEC4,CUST100065659,Router,Cisco,588821B2EE424BC4,2023-07-29,Active
AST6250A0D5C6,CUST100053405,Handset,Arris,A88B7C1525D143C6,2025-07-05,Active
ASTE00AF45A70,CUST100005708,Modem,Google,8F0AF650A30B465E,2021-05-24,Active
ASTAD8DC4020D,CUST100051401,Home Security Hub,Apple,27CE27C6DB9E4943,2025-09-13,Active
AST1196FD72AF,CUST100059183,Router,Huawei,ED2A815E5AC64A9E,2020-07-27,Returned
AST6C70F84A1B,CUST100008804,Handset,Huawei,3B64AC6869F3409E,2023-07-15,Active
ASTAA7DCD3974,CUST100012247,Handset,Cisco,72A69BDC3B5945B9,2022-08-09,Active
AST82BE08B2F5,CUST100079570,Set-Top Box,Arris,67D542AA77F24F44,2019-07-11,Active
AST8E9C054563,CUST100029405,Modem,Huawei,C7495CF5C82040A6,2023-08-10,Active
AST5671D1AD20,CUST100077917,Handset,Nokia,03E26F7882A74522,2023-05-20,Active
AST90512B61D3,CUST100041677,Modem,Arris,DB9A9E197A144C6E,2019-02-23,Active
AST8B175898CD,CUST100037686,Handset,Cisco,75479E6D1F24488B,2021-01-22,Active
AST80D6382AC6,CUST100018421,Handset,Nokia,81BE062F1C6B4426,2025-03-01,Active
AST75B80742A8,CUST100079803,Set-Top Box,Samsung,646F0D0D26ED4762,2021-01-15,Active
AST5583C82D01,CUST100010708,Router,Samsung,95B12FE561844790,2026-04-22,Returned
AST33403097F2,CUST100096080,Set-Top Box,Google,B4851F216B2E4E90,2024-01-03,Active
AST10D03D6600,CUST100083455,Modem,Apple,3C1B43164B614A08,2017-07-20,Active
AST670261B25A,CUST100070757,Handset,Cisco,CC143292EF9F477B,2021-07-31,Returned
ASTA19F52FA90,CUST100095401,Handset,Apple,91E99F9AA2CB4CE2,2016-06-23,Active
AST5C13BF6EBE,CUST100032862,Set-Top Box,Apple,3F12171D1F2B4149,2019-10-22,Active
ASTD5DC618475,CUST100069409,Router,Nokia,A6FB9E83AD9B4D7A,2023-02-03,Faulty
ASTAE0C82FBE3,CUST100084824,Handset,Nokia,900484C8A921415C,2022-06-06,Active
AST2D50CDB7F5,CUST100048030,Home Security Hub,Arris,00A9703F4CD5459C,2017-08-09,Active
AST5AC483C742,CUST100041696,Handset,Google,D1630E9B8B9743FD,2018-03-31,Active
AST989B45268A,CUST100039332,Handset,Google,41B38CF758D949C9,2022-07-02,Active
AST1F999644FD,CUST100062010,Router,Nokia,32BCC1CEC8604B85,2023-11-20,Active
ASTBAA38BBF12,CUST100092184,Handset,Apple,5DA67291BAD44EBF,2020-04-12,Active
AST8414523BDA,CUST100090737,Home Security Hub,Arris,979B9FB103884CA7,2016-12-30,Decommissioned
AST752A2493D5,CUST100015472,Handset,Cisco,CC1C8371B9B9447E,2023-05-29,Active
AST936E095D64,CUST100093582,Home Security Hub,Cisco,0918781021C74339,2025-05-10,Active
ASTB9B2CE1832,CUST100068644,Handset,Cisco,9DAE5DBA659849EF,2023-05-21,Returned
AST36EFF5883F,CUST100012260,Handset,Nokia,DD11EB0283EC4784,2024-10-08,Active
AST5BB052A2EC,CUST100038299,Router,Arris,F6F1C454DEAE4277,2025-07-10,Active
AST9769843C79,CUST100083592,Router,Apple,4D82A9165C554A72,2023-12-27,Active
ASTA6A1156FB3,CUST100005947,Handset,Huawei,C6FEEC0BF6774944,2021-09-17,Returned
AST22ADE13796,CUST100093285,Handset,Arris,38F82077C94A4F32,2017-07-17,Active
AST4CDC3BD1CC,CUST100061498,Modem,Samsung,D0A90219CF3F490F,2023-04-30,Active
ASTF2C9233C6F,CUST100067099,Set-Top Box,Apple,AE0232E4789D4F66,2021-11-07,Returned
ASTD10180F4AA,CUST100037734,Router,Apple,339F26BAFE054190,2025-03-21,Active
AST443E8968E9,CUST100035819,Handset,Apple,F1F4F36103AF42F9,2025-07-27,Faulty
AST293A3665D8,CUST100068289,Set-Top Box,Arris,97685FB97FE14CF9,2021-01-29,Active
AST5853A403F6,CUST100078120,Handset,Google,4C957BD41EE14670,2020-03-26,Active
ASTF47C5C990F,CUST100036138,Handset,Arris,D8E90753931545B5,2018-07-15,Active
AST0962765160,CUST100024437,Handset,Samsung,4E614D5169AA4B79,2018-01-28,Active
AST2453F5747A,CUST100037253,Handset,Google,92E03C2D505143C0,2020-03-29,Active
ASTE62C8DC63E,CUST100042245,Handset,Arris,B7653D22358D4CCC,2020-05-08,Active
ASTFFC4FC7522,CUST100046217,Modem,Samsung,83D588CCB7B74374,2020-04-28,Returned
AST0310DCBC71,CUST100027692,Handset,Arris,420BFD3A449B4F8A,2020-01-18,Active
AST2380108C2A,CUST100038303,Handset,Google,32C41269FC714E1A,2018-03-01,Decommissioned
AST6B8FC59186,CUST100018557,Router,Apple,2A31BCA685DA4671,2016-06-30,Active
AST468B152194,CUST100079354,Modem,Nokia,2334D79ADB9A497A,2024-01-03,Active
AST1B3CFF167B,CUST100067487,Modem,Nokia,56D3A52BBB664D59,2017-04-24,Active
ASTB6DEAEE2C5,CUST100084539,Modem,Cisco,3850051F33CB4A86,2026-02-21,Active
AST50AC5E54F0,CUST100009980,Set-Top Box,Apple,11EB3EF1148F4CFF,2025-09-05,Active
ASTE9ED765C2A,CUST100039013,Set-Top Box,Cisco,5DB18871055B41F3,2022-02-05,Active
ASTD9D8A6B8B3,CUST100075835,Modem,Samsung,8318BE5FB33D44F4,2022-09-03,Active
ASTC5AF6785CD,CUST100041014,Modem,Nokia,2C0EED5A8AF34647,2024-08-29,Active
ASTC3A634EB77,CUST100079683,Router,Samsung,9B32B90CC4054451,2023-06-14,Active
ASTF3753BEC9D,CUST100025856,Handset,Cisco,397022B34325489F,2016-07-12,Active
ASTB9CCEF9662,CUST100044604,Handset,Nokia,6D23437B73C14DFF,2023-05-31,Active
AST33242CEC50,CUST100058782,Home Security Hub,Arris,E75494ABDAC74901,2018-12-23,Returned
AST2DF6D8E6AE,CUST100005308,Handset,Cisco,9381697901244217,2020-04-23,Decommissioned
AST97F579CC2C,CUST100007784,Modem,Samsung,1855A353E1C54B6E,2018-11-12,Returned
ASTDD6557C4AA,CUST100038367,Home Security Hub,Apple,36B4BB30CBA54F41,2024-02-15,Active
AST05F2392DB1,CUST100028474,Modem,Google,EE31CF090922446B,2019-01-19,Active
AST0DCDB49F0D,CUST100035068,Set-Top Box,Nokia,175CA594C6374E3E,2018-07-26,Returned
AST25EDF2ACC7,CUST100029008,Modem,Arris,B293DE838DD94352,2016-12-16,Active
ASTB3DBDB7BFF,CUST100064298,Handset,Arris,89919DFD40D34D0B,2017-09-28,Faulty
ASTE75E3EA3EC,CUST100092233,Handset,Cisco,0510BAC1A7584414,2016-07-22,Active
ASTCF828519CB,CUST100029937,Handset,Cisco,687D0B822C42449F,2022-11-03,Active
AST78AE186EC6,CUST100088655,Home Security Hub,Nokia,4DBED3FEA7674338,2021-06-09,Returned
AST7D70D56BE5,CUST100032088,Handset,Huawei,A67DFDE3CF9F4FCE,2026-06-16,Active
ASTCCF1C87260,CUST100026616,Router,Samsung,7499F015F68149C4,2020-08-17,Active
AST2963C59F55,CUST100001602,Router,Nokia,AC24913EF7384A51,2024-12-24,Decommissioned
ASTAD4E5A2BD7,CUST100068431,Router,Google,E00D036D96E24172,2025-12-16,Active
AST1915A768C1,CUST100056187,Handset,Google,77670E28B45E41E9,2016-01-30,Active
AST5EF9839461,CUST100043447,Modem,Cisco,8291E652641F4DE2,2026-01-25,Active
ASTA4B10663C8,CUST100023131,Set-Top Box,Arris,01B27294EA4E4C27,2023-09-18,Active
AST1975E63AD8,CUST100041691,Home Security Hub,Apple,C7539C61DED748DF,2020-02-21,Active
AST484D8E5385,CUST100011294,Router,Samsung,B364DD61EF634E9D,2025-08-26,Active
ASTB8B6E20878,CUST100001342,Handset,Huawei,237967F8D99D4D5F,2017-11-07,Returned
ASTC6F5EE5754,CUST100055084,Handset,Huawei,49F8F875BDED4CC5,2016-06-30,Active
AST194A36698D,CUST100086878,Router,Cisco,587D31722D3D469C,2016-09-22,Active
AST18EB87EDE7,CUST100047613,Handset,Arris,DC02E7AC0C014199,2017-06-17,Active
ASTE5BF2596BB,CUST100002610,Modem,Cisco,F0483D188E1142A5,2025-06-21,Active
ASTC3E5D6CBEF,CUST100030101,Modem,Google,1C602561536348FC,2025-05-08,Returned
ASTDF92F80552,CUST100095447,Handset,Huawei,7444A5564EFE4DA2,2019-11-23,Faulty
AST69A578ACEC,CUST100066072,Set-Top Box,Huawei,B90B921318F644BF,2023-11-07,Active
AST92D795B8D0,CUST100059384,Handset,Google,4BC662587BBB49B8,2025-07-26,Active
ASTD24AA6357E,CUST100084166,Set-Top Box,Nokia,FA5CA814511B4EEF,2016-07-24,Active
ASTD4D41638F6,CUST100030460,Modem,Cisco,ADD7637C45D24AF9,2023-08-18,Active
AST244CA11EC1,CUST100049167,Home Security Hub,Cisco,8152145B44394581,2019-07-06,Active
ASTC2A2B2B00A,CUST100092060,Router,Apple,E64EA2B1636A46E9,2022-08-02,Active
AST5877E95AAE,CUST100050588,Handset,Apple,791F4ED5E442476A,2019-09-07,Active
AST99D78455BF,CUST100021854,Handset,Arris,3DF883FA42A349AA,2022-11-02,Faulty
AST2DE049C532,CUST100019046,Set-Top Box,Huawei,32DE18FBCB044A57,2022-04-13,Active
AST2C58E71409,CUST100036792,Smartwatch,Google,12E5DAABBD8E4F37,2025-03-31,Active
AST85367E4521,CUST100097290,Handset,Samsung,D4CA2BC1E9474A7E,2025-04-13,Active
ASTCC7A3CEFE2,CUST100024618,Router,Huawei,B082E68B6FD949F8,2017-11-22,Returned
ASTC91E520E2A,CUST100008885,Handset,Nokia,EDF9C3313DE24354,2019-09-04,Active
ASTC90F5DFD18,CUST100012939,Handset,Cisco,FEBE381A8C9242DC,2018-04-13,Active
ASTCD6E78C8F5,CUST100090709,Smartwatch,Apple,7640FDFFFD144FCD,2024-06-16,Active
AST9F5D027AC3,CUST100010465,Handset,Arris,456FE3E170344E82,2018-06-22,Active
AST86550A0C6E,CUST100025494,Router,Google,022943DA102D4A8D,2020-03-25,Active
AST0C34D70D43,CUST100071014,Handset,Samsung,9053D1A65DC6417E,2023-04-08,Active
AST58F6237595,CUST100010482,Set-Top Box,Nokia,91510C2454494C19,2024-10-10,Active
AST032AEEB1A6,CUST100066181,Handset,Huawei,B29E6C358F3545A4,2019-08-31,Active
ASTC888F31313,CUST100024089,Home Security Hub,Samsung,7EB56152E5DA4B18,2022-04-20,Faulty
ASTBE468B86FA,CUST100007223,Home Security Hub,Nokia,0F0AA93222984401,2018-01-05,Active
ASTE5903A8B78,CUST100048367,Handset,Samsung,1E7F853AA666461C,2019-08-29,Active
AST273DE9141A,CUST100021532,Router,Samsung,84F3BFCA350E4C13,2019-01-29,Active
AST025B10B9DB,CUST100000413,Modem,Google,B18CC01DCDC84E3C,2023-07-04,Active
AST6EFFDE03D9,CUST100045437,Modem,Cisco,4065B07051B44A66,2023-03-20,Active
AST42DE518D34,CUST100011154,Router,Arris,EE3BC2EC26434C5A,2022-12-22,Active
ASTC7B18F3264,CUST100090886,Handset,Huawei,01E8C63AF0744473,2022-12-28,Active
ASTA4DEE07DB0,CUST100030399,Handset,Nokia,1A80E5CC28C84F29,2016-07-16,Active
AST68F2F28B00,CUST100046083,Handset,Cisco,9953D042BFA34A97,2023-04-15,Active
AST760C4C71AA,CUST100014711,Handset,Arris,F6B120BC492A484A,2023-06-26,Decommissioned
ASTB199C587D0,CUST100052616,Set-Top Box,Samsung,1B9F4E31FB254210,2022-05-19,Decommissioned
AST28520D13E1,CUST100024156,Router,Cisco,4FAAB4BFD9FF4F7C,2026-02-17,Decommissioned
AST9D0A26C1B7,CUST100030627,Home Security Hub,Apple,CC34578FD5BB425E,2023-07-08,Decommissioned
AST9AD2F6EB07,CUST100028252,Set-Top Box,Apple,969CC1265C664ACB,2017-11-28,Active
AST4D85651D30,CUST100029325,Home Security Hub,Cisco,2E044552D88B4430,2020-10-16,Active
ASTDE6A8BC5BF,CUST100001456,Router,Samsung,9BE135BE2A994C13,2022-01-29,Returned
AST7EA27EE928,CUST100097039,Router,Huawei,509F019114764EEB,2017-08-25,Returned
AST68B7F501AD,CUST100094648,Set-Top Box,Cisco,0FFE7AC9A44B477F,2020-08-08,Faulty
ASTF3ECC8B288,CUST100074739,Set-Top Box,Arris,7F081883DC3F46FA,2019-08-24,Active
ASTA175D73E39,CUST100095230,Router,Nokia,0F61C6596F304346,2016-05-28,Active
ASTEA44EF96EF,CUST100055549,Handset,Cisco,4258003611E548FA,2020-04-20,Active
ASTA0123E7D76,CUST100093017,Router,Huawei,6FB732B9DAEE4EE5,2023-03-04,Active
AST4F3AB0BB2C,CUST100097470,Set-Top Box,Nokia,30405FC5DFB34121,2023-11-23,Returned
AST67BA06610E,CUST100049577,Handset,Google,88C61C4EDF9C4FB2,2023-05-23,Returned
ASTD1ED7B1212,CUST100086927,Handset,Apple,F63AE71239FA4DD7,2020-09-04,Active
ASTD5B88976C3,CUST100012566,Router,Samsung,52C08BED95604569,2025-07-12,Active
AST9D91BE41EF,CUST100075311,Router,Huawei,C0CCED228FC0488B,2020-05-10,Active
ASTFF711BB743,CUST100058933,Handset,Huawei,77E3949CA1904C80,2021-09-07,Faulty
AST070E6772F2,CUST100068810,Handset,Samsung,6EC29CE1D33B4E1C,2020-11-03,Returned
AST1DADE4D0DA,CUST100017996,Modem,Samsung,1E5E809A2CEE4664,2025-03-26,Active
AST253C9503B0,CUST100089518,Modem,Huawei,01FB27751D494970,2017-02-04,Active
ASTFF5620DD0B,CUST100099201,Router,Samsung,4E915BC2A7BF4C72,2019-06-12,Active
AST06B63DD6BE,CUST100017803,Home Security Hub,Huawei,1A823CD5CE454DB9,2025-10-21,Active
AST89018BF345,CUST100062597,Smartwatch,Arris,8223F7CC5C814760,2017-09-16,Active
ASTA4155149C0,CUST100014905,Set-Top Box,Arris,1BA36D0F5991428A,2019-10-26,Active
ASTCF6EA38F43,CUST100044948,Handset,Samsung,7B508C24493348D1,2022-11-01,Active
ASTAC58EF144E,CUST100063169,Handset,Huawei,FAAC9D39F53849A7,2023-05-06,Active
AST71809B8BC0,CUST100029918,Modem,Nokia,14C04529E9EE491B,2016-04-24,Active
AST453D8EF18A,CUST100094952,Set-Top Box,Cisco,6B645CE75E8F4C8D,2016-06-20,Active
AST38AF33E342,CUST100094985,Handset,Google,0E2DD77AB3834279,2024-04-28,Active
ASTB4C2CB8258,CUST100014146,Router,Samsung,A79E554F5A304946,2024-04-22,Returned
ASTDBCDB6C67C,CUST100031732,Modem,Apple,C864A4B4E52A4844,2016-05-12,Faulty
ASTA6E15377D0,CUST100082530,Handset,Cisco,60CD869952194EEB,2022-09-02,Decommissioned
AST271E78A678,CUST100090506,Handset,Cisco,E9326B95AA9A48F5,2017-05-27,Active
AST629CAA1EEB,CUST100080511,Set-Top Box,Google,479B281EF9944714,2018-07-03,Active
AST41BC202FDD,CUST100052097,Set-Top Box,Nokia,673B88E9EAA94B90,2023-11-07,Active
ASTAE6A6126F2,CUST100058153,Handset,Nokia,E240DAFBA86E4DC5,2022-03-18,Active
AST7114F1824F,CUST100064746,Handset,Nokia,BA0C6B34271A4105,2023-08-18,Active
AST003FF1B4AB,CUST100067215,Router,Google,441841AFC6BE4C9E,2025-05-21,Active
AST1E95184197,CUST100007823,Home Security Hub,Apple,58B1F804690E4D94,2023-09-16,Active
AST0513218824,CUST100061180,Home Security Hub,Nokia,1D79B0EA21B043B2,2020-12-02,Faulty
AST1DC6ED48A9,CUST100005062,Modem,Huawei,478B90D7C11B490A,2020-07-05,Active
AST9CF7BD81CD,CUST100013187,Handset,Google,5B7BF6BD8DD74955,2017-06-16,Active
ASTDECA509BEE,CUST100088190,Router,Arris,848CC62D96C54D92,2019-01-26,Active
ASTFCA5443133,CUST100047423,Router,Google,CEE679AFD39A4745,2018-01-20,Active
ASTA6391A7C17,CUST100062532,Handset,Samsung,C3039B06B9F24464,2017-01-31,Active
ASTA841A0690D,CUST100050963,Handset,Arris,C53AFBCE0A684F61,2018-07-15,Faulty
ASTBB01DF7298,CUST100015516,Modem,Apple,AD9C535B858549E4,2021-03-06,Returned
AST4C3116617E,CUST100042692,Handset,Google,ED576E5A09A24B8B,2025-07-30,Active
AST55DC82456A,CUST100079924,Set-Top Box,Nokia,D16635A992384B42,2016-10-12,Returned
AST3057848F4E,CUST100047485,Router,Apple,4CF7791BCAA940D5,2025-03-18,Active
AST4CF265B93F,CUST100014469,Handset,Cisco,BA7CB367FEB84DFD,2016-11-07,Returned
ASTB72B5179EA,CUST100081958,Set-Top Box,Google,B8F1F5E771244800,2021-03-19,Active
ASTB53F9C29CE,CUST100004439,Modem,Samsung,E608BA090F8A4F14,2024-02-10,Active
ASTC4E2957FA5,CUST100077681,Handset,Samsung,87044B9D4C6E42B6,2016-10-18,Active
AST64D9656C37,CUST100034114,Handset,Nokia,01DCA8B9BE62413F,2018-08-29,Returned
AST72A1C96881,CUST100019105,Set-Top Box,Nokia,43653FF6FC2D4C7C,2024-11-27,Active
ASTC7E0F1FA1E,CUST100030138,Set-Top Box,Nokia,8FCC8E80379544DA,2018-12-06,Active
ASTFC9050ED43,CUST100044567,Set-Top Box,Cisco,9D3865319A1B463D,2021-11-06,Active
ASTF8288E4AB8,CUST100000778,Modem,Apple,3B51F222FEA7475E,2016-04-21,Active
ASTD9A188CD54,CUST100013901,Router,Huawei,CF4C0A7B64E844DF,2022-04-11,Active
AST1B74444FD5,CUST100077708,Handset,Samsung,26F93D11C88E4018,2021-02-28,Active
AST5AEAAE7C02,CUST100061207,Router,Google,30CB0F1C122847A7,2022-06-14,Active
ASTEF82C254DD,CUST100011711,Handset,Arris,32344D8C6EB34CFD,2019-02-16,Active
AST29868E71EE,CUST100056663,Handset,Nokia,176E28CE845B4FAC,2025-02-09,Active
AST49D2928D3C,CUST100048562,Handset,Huawei,AF8EA9722B8148C3,2016-09-22,Active
ASTE1627AEE98,CUST100023092,Handset,Apple,CB15DE2B082943BB,2020-05-04,Active
AST5AC88A345E,CUST100078309,Handset,Google,305FF53C3C3049CB,2019-03-10,Active
AST9ED150B6B0,CUST100023407,Modem,Google,467DDD9E690843D9,2017-10-18,Active
ASTB3B243E6D0,CUST100082919,Home Security Hub,Arris,83163A321FB04019,2021-01-01,Active
ASTE8ADC4D195,CUST100074027,Handset,Samsung,602841169E664B64,2023-12-13,Active
ASTFEA2C91010,CUST100012875,Router,Cisco,B4491312CDF247A1,2018-05-07,Active
AST58F1CC2992,CUST100091699,Router,Google,1959D40CB27148C3,2024-08-30,Active
ASTB26DF56E9F,CUST100029769,Handset,Apple,39A275F5744A43B9,2021-08-05,Active
AST57094A3846,CUST100065882,Set-Top Box,Nokia,EF31437EDE1943DA,2018-07-01,Faulty
ASTC9D92EE0CE,CUST100012031,Modem,Cisco,2AF1310AAC8542E0,2020-03-13,Decommissioned
ASTC6CBCACA31,CUST100018642,Set-Top Box,Nokia,8ABDD2DDDA4C435D,2024-12-28,Returned
ASTAFE517753F,CUST100012909,Handset,Huawei,BFC4463677A04955,2024-12-03,Active
AST8C5B0D5D10,CUST100013880,Router,Samsung,E8BDA8B376104BFF,2020-01-18,Active
AST76E3537B21,CUST100091495,Router,Arris,43FA6BE723B04556,2025-07-02,Active
ASTFF36B01C10,CUST100022347,Set-Top Box,Google,68B620E872D94628,2025-11-03,Active
ASTE8F6BF37F5,CUST100090616,Handset,Apple,1120DCBF00CF4865,2020-01-05,Active
ASTF08B0190BF,CUST100029659,Set-Top Box,Samsung,1F06A4D83660449B,2025-05-09,Active
ASTA1D75BFD5D,CUST100009281,Handset,Huawei,737B6B5EAF6A45E1,2016-02-20,Decommissioned
AST2330F430E5,CUST100061473,Set-Top Box,Nokia,D4DD98EBD929498E,2017-12-21,Active
AST5B24E42CAB,CUST100050567,Modem,Huawei,93F56732E8FA42CF,2018-05-05,Active
AST81BD314B24,CUST100043585,Modem,Google,F6B6237CC02E4CA9,2019-07-13,Active
ASTA5DF349771,CUST100076149,Home Security Hub,Cisco,8DB55473CB324EAF,2022-09-18,Active
ASTAE19CD4BEE,CUST100090646,Set-Top Box,Google,3CD8F2103CB14A18,2016-05-08,Active
AST73008E76C0,CUST100071781,Home Security Hub,Apple,E57A56FAB2EF4C9E,2020-05-27,Faulty
AST8AA6C4564F,CUST100095647,Handset,Google,5A308DC5C0834D47,2021-10-28,Active
ASTD5C71E87CF,CUST100010543,Handset,Huawei,A66C03D2891E46E3,2023-01-11,Returned
AST050980AB48,CUST100013672,Handset,Arris,8CC246AF68714286,2022-05-09,Active
ASTF53BB3FD8A,CUST100057010,Modem,Cisco,E5E28E9AE39A4B8A,2025-09-14,Active
AST8D18798C4B,CUST100092961,Handset,Arris,0B79286A93D5479A,2024-02-17,Active
AST46D9DA49A8,CUST100085471,Modem,Nokia,1C1B185469C644C7,2024-02-24,Active
AST691949DC69,CUST100045693,Modem,Arris,82A0F70DF7274178,2021-04-09,Active
AST73867423BB,CUST100039557,Set-Top Box,Apple,9D1A30F1FE984727,2020-08-09,Active
AST4D4C450857,CUST100041812,Set-Top Box,Samsung,C3E5CD8AE7514156,2020-07-21,Active
AST0C4AD61B40,CUST100046672,Modem,Arris,722B8B8286DE4FB3,2019-02-07,Active
ASTE90246325C,CUST100008222,Handset,Nokia,47728C813532444A,2024-03-13,Active
AST9244EB8254,CUST100014983,Set-Top Box,Samsung,33FCCE293BF64E2F,2025-08-15,Active
AST475E64BAF5,CUST100089195,Modem,Arris,935FF58C3AC544CB,2021-08-24,Active
AST6019D0A170,CUST100062571,Handset,Apple,08FB90CDDAF343BC,2019-09-14,Returned
AST649ECEF533,CUST100087513,Handset,Samsung,824481C880024E91,2025-07-22,Active
ASTC3F3815FDC,CUST100088926,Handset,Google,C7CC20EC90EF4A84,2025-01-07,Active
AST15DB864009,CUST100002427,Handset,Arris,9E50D06507E2476C,2019-04-24,Active
ASTFCB61A7954,CUST100050879,Modem,Nokia,80D5DC90F1734EC6,2016-05-20,Faulty
AST7E1975849A,CUST100092130,Handset,Google,2B6E56B72BC747E7,2025-05-15,Active
AST2B547A292A,CUST100005406,Handset,Cisco,3060FD58078741B5,2018-08-17,Active
ASTFBE8C7D554,CUST100041389,Handset,Samsung,908CB31E41C2439F,2018-04-09,Active
AST7BF9AA4F43,CUST100084440,Handset,Apple,ACBADE9B8AB748F2,2023-12-18,Active
AST100CBB2487,CUST100087200,Modem,Cisco,427CF62E752247FB,2018-11-14,Active
AST97AF048E8F,CUST100064698,Set-Top Box,Cisco,E4822F95DA7C481E,2023-02-12,Active
AST5406ADBB5A,CUST100043298,Handset,Nokia,217BCF1D7FDE4A4C,2020-08-01,Returned
AST33002785E7,CUST100031922,Set-Top Box,Cisco,1B9610A6F17C447A,2021-06-01,Active
ASTCDB8ABF4D7,CUST100054763,Handset,Google,7D8E05CCB3F44D2B,2019-05-03,Active
AST3FA59D075B,CUST100066129,Set-Top Box,Huawei,F90D5CF0F0F7480C,2024-01-30,Active
ASTB76C5DCAEE,CUST100004586,Router,Cisco,12042E4C492C4A81,2017-11-16,Active
AST4723E65CB8,CUST100063294,Handset,Google,4FD52F7DD74C44D7,2017-12-26,Active
AST4C7C81BE08,CUST100055419,Modem,Arris,BB00FF1EF5FA4DB9,2024-02-07,Faulty
ASTCAF7BF3BC5,CUST100081423,Handset,Arris,7D2BAD1B9C944949,2020-02-05,Active
ASTB650EA5C79,CUST100043010,Modem,Arris,68A91C6D16394FC8,2016-12-05,Decommissioned
AST2B21A07C36,CUST100063313,Handset,Arris,41DBC3C2EB5B4748,2019-11-21,Faulty
ASTE8A994300B,CUST100024919,Router,Samsung,CA27972DF5714B9F,2026-03-22,Faulty
ASTD7975BB0E2,CUST100097746,Set-Top Box,Samsung,80AFC0317BB34EE1,2017-10-25,Faulty
AST327D566F95,CUST100025744,Set-Top Box,Apple,06AAF02F28D04EB2,2023-05-15,Active
AST725436BCDE,CUST100020456,Handset,Arris,47A6C596D26346D5,2016-04-24,Returned
AST93C2446392,CUST100010025,Set-Top Box,Apple,8FED1CC1C24C41B1,2019-01-22,Active
AST85BF8DC5A6,CUST100017564,Router,Nokia,EEF23063B170439A,2020-10-04,Returned
ASTE5BBD1F116,CUST100060546,Modem,Samsung,785352F9D5414A0C,2018-11-28,Active
AST4ABA95A9EB,CUST100081130,Modem,Huawei,7D061FEB1C9A447B,2021-12-12,Active
ASTE8F53EB782,CUST100032141,Router,Huawei,57007170995A4720,2024-11-09,Active
AST6D1D8422F9,CUST100044740,Set-Top Box,Arris,278562948D9B4334,2016-01-15,Faulty
AST338720B970,CUST100048218,Router,Cisco,93C94E62ED7045A7,2024-04-02,Active
AST701C9E679A,CUST100020127,Handset,Samsung,2154EB88CA3F4876,2018-02-02,Active
AST7692CA9A45,CUST100035030,Set-Top Box,Apple,4BC89960FBD742E3,2020-07-22,Active
AST46A54A049A,CUST100017834,Set-Top Box,Arris,9505FA15473C465D,2019-12-16,Active
AST104F5030E8,CUST100099911,Modem,Google,8639BA50F6FA433D,2017-04-25,Active
AST4382FC8920,CUST100068748,Router,Cisco,8851962C76B544C4,2019-03-02,Active
AST0B0C0FC2E5,CUST100050529,Set-Top Box,Google,EBA9FBD0553F4050,2016-11-18,Active
AST754B334003,CUST100034696,Modem,Cisco,86CFA71F9C3B4EC8,2016-02-29,Active
AST74780143B1,CUST100017512,Handset,Arris,6ABB6F4B8BDD4D0E,2022-08-27,Active
ASTA27CE5CBEC,CUST100018618,Set-Top Box,Huawei,6708663E178D4B0A,2017-08-23,Active
AST3C78826C58,CUST100088588,Router,Arris,2B8BA24BD7E541C5,2021-05-03,Active
ASTEDE267BAE9,CUST100009288,Modem,Google,8D8BF21758374074,2016-04-20,Active
ASTE1B9455C32,CUST100036241,Set-Top Box,Arris,87C04C733D374283,2023-06-23,Active
AST4DD34D8B9C,CUST100055466,Router,Google,985C9B661F6E4B0F,2018-03-13,Active
AST60059FCB86,CUST100047507,Smartwatch,Cisco,FABEF90EF47A4E62,2022-12-09,Active
AST801AF71BF8,CUST100079874,Handset,Arris,AB77084FD2A74B86,2017-12-31,Active
AST31B2C6CCAF,CUST100047663,Handset,Google,64E7A38DFA16426A,2018-10-07,Active
ASTF334B3FD28,CUST100097309,Modem,Google,E577BF5AC9514F6F,2021-12-07,Active
AST996666EEA5,CUST100025136,Set-Top Box,Samsung,C7C35788F8604D11,2016-12-29,Active
AST21E414F0E3,CUST100012673,Set-Top Box,Huawei,04B730DEBDC84233,2024-11-09,Active
AST309F1DE4D1,CUST100007722,Modem,Samsung,2190018FE7DA40FE,2016-04-24,Active
ASTA92098A1BA,CUST100093949,Handset,Google,188A7E8C9C3E44B3,2019-04-22,Active
AST7824481F41,CUST100011017,Home Security Hub,Apple,0F344130A6DA4A5C,2022-01-12,Active
AST95595864F5,CUST100020306,Router,Huawei,6AD46E6F29274077,2021-04-02,Active
AST9CE0EBE5E3,CUST100035861,Set-Top Box,Huawei,8D6C037BC3684A1F,2022-10-16,Active
AST76F3A1B47F,CUST100035505,Router,Cisco,56F3F142E67646CB,2016-05-29,Active
ASTEBD56AF339,CUST100064976,Handset,Cisco,961F52951FA94387,2024-12-30,Returned
AST485CF64CD9,CUST100042724,Handset,Apple,2381566D35D14D39,2023-01-30,Active
ASTBE84CD9558,CUST100043191,Router,Huawei,1920C223862D48AF,2024-04-24,Active
ASTB9AC64D1A0,CUST100019200,Handset,Nokia,232302FABFA54356,2024-09-25,Returned
AST354936EF3D,CUST100035408,Set-Top Box,Arris,51E2637C99434A9E,2019-09-18,Active
AST2F24064DAA,CUST100041734,Set-Top Box,Cisco,D8473E266D294238,2017-04-09,Active
AST2CE135FFD3,CUST100038309,Set-Top Box,Samsung,52E7552C66C74CBF,2018-10-29,Faulty
AST0DE66C6391,CUST100000622,Handset,Cisco,FFD0A42C0A0D4B21,2021-03-10,Active
AST800C4D097D,CUST100026579,Router,Cisco,2E0CC98D14314F88,2025-01-27,Active
ASTE00A899533,CUST100017496,Router,Samsung,8C70D3A4D7194862,2019-04-23,Active
AST23D83DE081,CUST100047878,Set-Top Box,Huawei,3B9F7DC172A44A81,2023-04-12,Active
AST6DE25C4D3B,CUST100065042,Modem,Cisco,F103F68697074372,2019-08-31,Active
AST2DFC252FA0,CUST100012708,Home Security Hub,Arris,BA4516BE0BAF4A82,2022-10-09,Active
ASTD7E4BD2BFD,CUST100061001,Router,Arris,37104A5902614678,2021-03-06,Active
AST692BEF4820,CUST100027704,Handset,Cisco,B2B8131510974753,2016-04-05,Active
ASTA3DA139C65,CUST100013272,Handset,Nokia,8085ED54B32A4C13,2023-10-04,Active
AST8FDF319F2A,CUST100073260,Handset,Apple,CB43EBB78C5A451B,2025-08-09,Active
ASTFE70F864EE,CUST100017734,Handset,Google,B692AFBA08204813,2020-04-23,Returned
ASTE223F3410C,CUST100059588,Handset,Huawei,0E4CA262B8084208,2018-08-04,Returned
AST2BC3B6F4E5,CUST100074842,Router,Nokia,6976D81F470A4C0B,2019-12-03,Active
ASTDB77DD4B9D,CUST100069696,Set-Top Box,Google,A234FFCDFFD64517,2018-01-25,Active
AST56487F523E,CUST100089918,Set-Top Box,Nokia,F55A1F4DE0B74436,2017-01-12,Active
ASTC9142CCCA8,CUST100098801,Handset,Arris,69377075E1A24C8F,2019-10-15,Active
ASTD8BAF17C36,CUST100011549,Handset,Huawei,4287E58ACFD54915,2022-08-01,Active
AST08B75B0E47,CUST100027757,Handset,Apple,E9CCEA7410224C01,2023-09-28,Active
ASTA280A75B4D,CUST100036520,Handset,Huawei,72B4108F67AA442A,2024-04-30,Active
AST3FC7012FD2,CUST100079496,Router,Arris,D2BEC98399754D39,2016-02-28,Active
AST247AA8C523,CUST100033519,Handset,Samsung,F39F1EF336F14BB6,2019-02-22,Faulty
AST6FBA255FCE,CUST100082038,Handset,Nokia,A20868C7B9AB4785,2020-10-27,Faulty
AST164299406A,CUST100077321,Handset,Nokia,EBB7AC750D624D2D,2017-12-03,Active
AST7B913470C7,CUST100049828,Router,Nokia,5AFCE253F0AB4609,2022-02-04,Active
AST8480E600AA,CUST100014147,Smartwatch,Arris,52F335A1E4A34AC4,2021-03-31,Active
AST963ABC1E90,CUST100034371,Router,Apple,BC20FE5384E04989,2024-09-11,Faulty
ASTCFC1EC9DD6,CUST100060960,Modem,Cisco,296B42879C3C48D0,2024-03-25,Active
AST2CC3C75E82,CUST100020903,Handset,Apple,B3EED283ABF440D8,2020-11-01,Active
AST88475E914D,CUST100030909,Modem,Huawei,55576B68F4104CD8,2020-08-05,Returned
ASTED6A02E3CC,CUST100030567,Modem,Google,0848FFACC3C54482,2025-05-18,Active
ASTDC6FBBB31C,CUST100093664,Handset,Apple,0E12586541EA4D24,2021-05-16,Active
AST54B5F1C6C8,CUST100012189,Modem,Apple,75F899D4DFC34B94,2016-04-02,Active
ASTC8842C1F75,CUST100027086,Handset,Samsung,4AF30CBBC7E947CD,2024-10-06,Active
ASTE47D9D503A,CUST100003794,Handset,Apple,113DDC08550F46E3,2020-11-10,Active
AST7FED4D1271,CUST100029890,Handset,Cisco,B4B918502C944F39,2022-06-02,Faulty
ASTD3F30BC2DD,CUST100009071,Set-Top Box,Samsung,86EF9A3449254C07,2016-02-13,Active
AST9E1174EEE0,CUST100031658,Handset,Google,2F3D75DB07EF4B90,2018-06-04,Active
AST36F320A94C,CUST100059006,Handset,Google,91670B51BCF24BAC,2026-05-12,Active
AST790B271997,CUST100082230,Router,Cisco,BE606ED3AEBB4E8F,2024-06-29,Active
ASTA3A2EFA390,CUST100034979,Router,Nokia,9EF55C05E7F94071,2016-03-28,Active
ASTD55970B726,CUST100095961,Handset,Huawei,A4B85E36AE51442D,2020-01-12,Active
ASTA93EF5EDFB,CUST100044969,Handset,Apple,9759A91DE3A44438,2026-05-10,Active
ASTA440059911,CUST100012187,Handset,Arris,193A5CB4D74A448D,2026-03-27,Active
AST0C0C2CE9D5,CUST100010846,Router,Samsung,E0230ED12AE34787,2025-05-19,Returned
AST7E1EC0BF27,CUST100073217,Handset,Samsung,5E00DEE2D4124505,2025-07-11,Active
AST155B110DE2,CUST100068626,Set-Top Box,Apple,E04F291AB92A4872,2019-10-15,Active
ASTC1E4B687C1,CUST100071864,Modem,Samsung,5FAE811744B64A9F,2016-02-09,Active
AST5E6AC61A3B,CUST100049380,Modem,Arris,09050F73AD4E4F22,2023-05-01,Active
ASTF8CFDF88F6,CUST100049197,Modem,Samsung,CCA94162514B4642,2023-04-03,Active
AST1BB36E01CD,CUST100047487,Router,Google,EBD0707518774C9A,2024-05-06,Active
ASTB1E17BE881,CUST100086300,Modem,Nokia,4FB951075C6F4D1A,2024-10-11,Active
AST0B554A7393,CUST100053974,Handset,Huawei,62EC619BD32E4328,2021-06-24,Active
AST40C28F8687,CUST100093591,Modem,Huawei,E8521E5286014AF6,2025-10-31,Active
ASTD9AF2D1604,CUST100024778,Handset,Samsung,E56E1779663F4D9A,2019-12-02,Active
AST1DBB67F6EF,CUST100013677,Handset,Google,C5183C0A935545F8,2025-09-25,Active
AST5A526E89AA,CUST100047045,Router,Samsung,11FDB8F26B284B5A,2019-07-18,Faulty
AST95A0FC2EA9,CUST100008266,Set-Top Box,Samsung,E068963585FE453C,2025-05-15,Active
ASTE5E1DA77F6,CUST100034409,Smartwatch,Cisco,4EE5CCDA30C74B14,2023-01-26,Active
ASTDC44EC469B,CUST100065657,Set-Top Box,Cisco,FE05FD8A72664E09,2021-06-17,Active
AST8FCE9EFA73,CUST100042953,Handset,Samsung,D526F6BC58C84867,2023-09-17,Active
AST39B078AD21,CUST100064868,Handset,Huawei,EC7F2706B21649C5,2024-05-21,Active
ASTCD1E7CB4F8,CUST100073804,Modem,Samsung,1A85AD82F6BB42AD,2022-09-20,Active
AST7B6DA8F0AB,CUST100010384,Set-Top Box,Nokia,1BDF56C97EC64E0C,2022-04-04,Active
ASTAD3C23772A,CUST100028126,Router,Google,312E9996781B4A9C,2021-06-09,Active
AST65583FAFEE,CUST100032288,Router,Cisco,BF1D3F1D00B94F5F,2023-04-15,Faulty
ASTC052996208,CUST100002390,Handset,Arris,8A822964A7AA48E9,2024-08-29,Active
AST5323A77904,CUST100013951,Router,Cisco,9BF1ADB29CD8467B,2021-12-11,Active
AST7C6DD6C104,CUST100036504,Set-Top Box,Samsung,DE4A8C67E44F4595,2018-05-22,Active
AST4057071F78,CUST100013172,Router,Cisco,1E61A11AE48444C0,2021-08-27,Returned
ASTB64F8199F2,CUST100046606,Modem,Huawei,028B45DEA1C34A2A,2018-04-28,Active
AST8C884BBBB2,CUST100044697,Handset,Google,DA7CE9044BDB423F,2024-12-18,Active
AST989EE52E05,CUST100034800,Router,Apple,EB869F0DC0CC4531,2023-06-02,Returned
ASTE759B0E59B,CUST100048287,Handset,Arris,B72CD83993D647F8,2016-06-12,Active
ASTE18743E409,CUST100009379,Modem,Google,0605BF43AE6F413C,2016-06-20,Active
AST61B2FE317F,CUST100014104,Modem,Nokia,094A03FD0B134330,2022-12-15,Active
ASTBBAA7088F6,CUST100016605,Modem,Apple,01EBE1B0E27E4D72,2019-04-25,Active
AST438414ACED,CUST100075195,Modem,Nokia,9A38F55DD1E746BC,2018-08-07,Active
ASTA409F969BD,CUST100094984,Handset,Nokia,0FE0DD610F8B4748,2019-06-06,Active
AST6E74841842,CUST100098416,Handset,Arris,2699B9CDB1714D28,2019-03-07,Active
AST1F41B9A0C9,CUST100042496,Handset,Nokia,8DF183EAE4D5422E,2026-06-30,Active
AST3C5D40C7A8,CUST100031698,Modem,Cisco,3C4B655AC1824409,2018-03-18,Active
ASTB7905E5C24,CUST100042090,Home Security Hub,Nokia,3A28C3FFC2694577,2023-05-09,Faulty
AST3FC297BA7F,CUST100090456,Router,Cisco,9F144B3C2D384A9D,2026-05-12,Active
ASTEC06648425,CUST100025945,Handset,Nokia,1A3AE6E80A204174,2016-12-29,Active
ASTDFF77461BF,CUST100061054,Handset,Apple,192A4BA2BF1B4E94,2017-04-04,Faulty
AST95610EE537,CUST100075486,Set-Top Box,Samsung,C68191CDA09C4F60,2016-09-24,Active
ASTA031F294FB,CUST100035100,Handset,Apple,2A92798F41924EAF,2020-02-22,Active
AST77B3877726,CUST100043493,Set-Top Box,Huawei,239D5A665E0E4149,2020-11-25,Returned
ASTF819AD4CD2,CUST100071266,Handset,Nokia,80C8D979BC9046DC,2017-12-04,Active
ASTB88F93691A,CUST100062566,Modem,Google,E0841DA09302440E,2025-04-02,Active
AST65A36FFBF9,CUST100011311,Modem,Apple,D488672B1D954048,2026-04-17,Active
AST3A3958AC91,CUST100052626,Set-Top Box,Arris,171CB1F6E3C54E30,2020-09-07,Decommissioned
ASTE3E00361AC,CUST100000250,Handset,Arris,5BB29CF91F634B07,2019-11-20,Active
AST3ADC7352B1,CUST100054093,Handset,Huawei,9D7202BD6388439F,2019-03-25,Active
ASTA90491E186,CUST100059996,Modem,Samsung,0650280E88CE4639,2016-07-06,Returned
AST4A229BC4DD,CUST100071894,Router,Arris,6D341CA048734BF4,2017-12-18,Active
AST64663E2009,CUST100008420,Handset,Google,BDDA32BF909C44E6,2017-07-09,Active
AST4273EFB013,CUST100005712,Router,Nokia,A8DC902B7F644623,2020-08-10,Active
AST354D94304A,CUST100055027,Handset,Apple,AEA1CB1019A54598,2021-06-07,Active
AST77758A940E,CUST100000609,Set-Top Box,Apple,4F4FB9D624FE4B29,2024-05-29,Active
ASTECCC6027EA,CUST100081433,Modem,Samsung,0185C9A7C3704A1F,2020-06-20,Active
AST4B21732267,CUST100052555,Handset,Samsung,AC7193904B034A4E,2019-09-01,Active
AST1DF70B0A38,CUST100070841,Home Security Hub,Cisco,6BA7C73F46CB4C11,2019-03-26,Active
AST39F93B58F3,CUST100008740,Set-Top Box,Apple,E2DDD70275B04B5D,2024-08-06,Active
AST7012A2E739,CUST100084811,Router,Nokia,82274C34DDF14E48,2025-07-08,Active
ASTC4DDD22A40,CUST100059104,Set-Top Box,Arris,1D0C42F9B7384336,2016-07-23,Active
AST9E0CFA7412,CUST100071209,Handset,Huawei,690B5437F57B45EC,2022-01-18,Active
AST055FA56781,CUST100002329,Modem,Arris,5D2599ADF63E4BC1,2018-07-24,Active
ASTA2AB0AA4BE,CUST100016744,Set-Top Box,Nokia,B5F2779BF9BB4F0C,2025-07-03,Decommissioned
AST48135D6527,CUST100098335,Handset,Nokia,38469F96B8704974,2019-08-27,Active
AST6B115D3A31,CUST100061516,Handset,Google,2A176F9F903E4785,2018-09-18,Active
AST59F9DEE892,CUST100043719,Handset,Huawei,8E79DAE6FDFF4CED,2019-12-25,Active
AST6A292D86D0,CUST100037588,Set-Top Box,Google,A73F1E25A453457F,2023-07-11,Active
AST1291A732D0,CUST100045203,Handset,Apple,C53F80D59D4E44F8,2025-09-11,Active
AST00B3E7EBDE,CUST100079640,Handset,Google,062745ED1F754EAC,2024-02-01,Active
ASTF86EDE6948,CUST100050469,Handset,Google,9BEF0478A69F4981,2018-07-27,Decommissioned
ASTC015AC9D4A,CUST100092278,Handset,Google,034A0B394B154032,2026-01-27,Active
ASTC4C0808714,CUST100072199,Handset,Google,BD47549CB7DE481B,2019-06-20,Active
AST5B1FC470F8,CUST100083662,Router,Huawei,78601E7862AF4735,2019-12-29,Active
ASTC204C62E02,CUST100023711,Handset,Huawei,DA2B468382BE46E3,2018-09-16,Active
ASTEAD743AD2F,CUST100034320,Handset,Samsung,E2431474D3B54D87,2024-04-23,Active
AST2D058A527B,CUST100053323,Smartwatch,Samsung,9DC01BB6257044EF,2018-12-12,Active
AST905CE1E703,CUST100077079,Handset,Samsung,E12E2CE563334CA4,2025-02-12,Active
ASTAC5E49F92D,CUST100016540,Handset,Apple,D907741797BA4A2D,2023-12-05,Active
AST910C83DB51,CUST100055596,Handset,Cisco,EB120893D8C14B7A,2019-09-29,Returned
AST80DB5DEED5,CUST100077775,Home Security Hub,Huawei,03151F210390416F,2016-08-11,Active
AST9533FD905D,CUST100064152,Handset,Nokia,5313C7D02FA041F3,2024-01-01,Active
AST88AAE03F3C,CUST100077338,Router,Huawei,0944E534B5764952,2019-03-24,Active
ASTC3C2272E7A,CUST100034134,Handset,Google,B0812B57C79942C6,2017-05-02,Active
ASTD4BCEB3B10,CUST100053160,Set-Top Box,Samsung,5F6499BCFB69413C,2022-12-18,Active
ASTED6F1A4426,CUST100078224,Handset,Nokia,767CBFFB7B404B20,2025-03-13,Returned
AST874E0A1C48,CUST100028387,Handset,Huawei,0881C6B226A048E7,2025-06-09,Active
AST4D31261E5B,CUST100060829,Router,Cisco,E5D68878189A449A,2026-05-19,Active
ASTBFFEA879E3,CUST100035190,Set-Top Box,Samsung,5C74E1A86315494D,2020-12-07,Active
ASTDD2990AE88,CUST100039166,Modem,Samsung,9C7F4AF107254AFF,2024-11-09,Active
ASTDE24532521,CUST100013578,Handset,Google,BB56E57E79DE4A6B,2026-05-06,Returned
AST891B867921,CUST100069889,Set-Top Box,Apple,F43C39B5FF7D4FBA,2021-07-26,Faulty
ASTFDCF9730C0,CUST100065717,Handset,Nokia,E929CB096CFB4292,2026-02-24,Active
ASTA775AC0FCD,CUST100019015,Router,Nokia,E57438B3201841B4,2020-06-20,Active
AST1BD652CA2E,CUST100050694,Handset,Arris,79CA059002EE48D1,2017-02-06,Active
AST1939CC3A07,CUST100084041,Router,Apple,1ACD330634524453,2022-02-09,Returned
ASTA46433B7C3,CUST100060987,Modem,Nokia,1F86E0612D4C4333,2026-03-26,Returned
ASTD5C42C7A56,CUST100043470,Handset,Cisco,7303BB1DDAD24AB9,2026-04-25,Returned
AST3704E8CC9A,CUST100024064,Router,Samsung,F9D826922FF84F03,2022-11-15,Active
AST6266328623,CUST100088557,Handset,Samsung,514977874DB74FAB,2024-04-17,Active
AST7822E1072A,CUST100056835,Handset,Google,595C6582B39E4F85,2024-05-25,Active
AST972FE55617,CUST100058951,Handset,Arris,FDCF969B93C74EE3,2025-11-08,Active
AST3D80235A86,CUST100067640,Handset,Huawei,FDD8BCA15978444A,2016-05-25,Active
AST0EFA11C572,CUST100043286,Handset,Arris,7B3348AE51604830,2017-04-25,Active
AST2B8AD08DA1,CUST100072397,Handset,Samsung,26749E1D951148BB,2019-02-27,Active
AST93331E0495,CUST100025893,Set-Top Box,Apple,7928C6ED6E5C48CE,2018-01-04,Active
AST23C7DF19D4,CUST100031381,Modem,Arris,D17590E596EE4377,2022-01-28,Active
AST127AD2318D,CUST100092147,Set-Top Box,Apple,E82CA0C791FB414C,2024-10-07,Active
ASTCEA5BCCAD0,CUST100093934,Handset,Cisco,3F64BFD6A6864EA5,2018-01-22,Active
ASTDDB2BBAEB6,CUST100069125,Handset,Huawei,66A25FFB2CD9461B,2024-09-26,Active
AST567AE75BEF,CUST100025553,Router,Nokia,FC60FF97936F4ECD,2019-06-02,Active
AST4D1AE850BC,CUST100035361,Modem,Apple,AF3B93789E0D469A,2020-02-21,Active
ASTDEAF55645C,CUST100048498,Modem,Huawei,1EC252E340384FF8,2025-01-10,Active
ASTB4844A957F,CUST100001778,Set-Top Box,Arris,C957B75E89DE4874,2019-09-02,Returned
AST81AC825C21,CUST100081121,Handset,Google,3FA5E1CE89C44B8B,2018-11-10,Active
ASTB94CA38E0E,CUST100074192,Router,Apple,470DF5EA5E2E401E,2016-03-03,Active
ASTE9975F6E80,CUST100069771,Set-Top Box,Huawei,8301113C21714FA5,2021-04-16,Faulty
ASTA109A9FB0A,CUST100007426,Smartwatch,Samsung,40A7A1FA22604A01,2025-04-13,Decommissioned
AST42998C6C34,CUST100027155,Router,Huawei,279EE17E28524755,2024-07-13,Returned
AST60BD1991A3,CUST100007028,Router,Nokia,78F75D21D4EF4C15,2020-09-29,Active
AST59B10D30A6,CUST100013614,Home Security Hub,Huawei,D7D210FBC84E41BE,2023-01-01,Active
ASTA52C732145,CUST100007256,Handset,Samsung,DEE999C5E7574BBC,2025-03-29,Active
AST1571CA6852,CUST100006469,Router,Nokia,3C7B3378D17342C5,2026-03-23,Faulty
ASTEA50A9A19F,CUST100071885,Set-Top Box,Cisco,D7F05F713E644794,2016-05-07,Active
ASTDFCBA9AA07,CUST100008566,Set-Top Box,Apple,3DC12CEED4C8483E,2023-05-08,Active
AST2B1C9C1D5F,CUST100006423,Handset,Apple,621BB1D570174EC8,2018-02-12,Returned
AST01B4F80C08,CUST100059259,Router,Cisco,275611C30C39438D,2023-09-24,Active
AST0FE085AB17,CUST100009941,Modem,Arris,DE832B92E0864BF2,2025-04-25,Active
AST805F4D4DBE,CUST100034060,Set-Top Box,Huawei,E724D39DCF9A4924,2020-04-16,Returned
AST9D344548E9,CUST100072889,Modem,Arris,68A486FBF4844418,2021-02-15,Active
AST1C89A5485D,CUST100094705,Smartwatch,Google,ADE75BC2DF074E56,2018-09-19,Active
ASTACB5452830,CUST100046859,Home Security Hub,Google,89FD7182B8D94D49,2025-02-14,Active
ASTF97013A14F,CUST100076376,Set-Top Box,Cisco,D932FAF2C51448BF,2020-04-14,Active
ASTCEE46FC48D,CUST100006153,Router,Cisco,631D08E09BAD4A91,2016-02-02,Faulty
ASTFABF37C4A9,CUST100006431,Modem,Cisco,0C5CD63C22B34F43,2016-06-23,Active
ASTB7464DC80B,CUST100040202,Handset,Apple,5E1DBCB51331472B,2023-01-01,Returned
AST73F13C4A51,CUST100042809,Handset,Samsung,E7D5A733EBF241EB,2025-02-04,Active
AST1132FD6F7D,CUST100054398,Router,Google,EF65A4E14CE34EA4,2022-06-30,Returned
AST9C6DC19E95,CUST100084008,Modem,Huawei,E0F9D3DA99CB478F,2016-10-03,Active
AST59F9638160,CUST100051508,Set-Top Box,Samsung,73EC76912F624182,2022-05-05,Active
AST4042697A4A,CUST100097683,Home Security Hub,Samsung,5E231B3529AB42CD,2024-05-10,Active
AST43BDCD6A8D,CUST100086864,Smartwatch,Nokia,5B4AB3E4F6C84920,2025-07-21,Active
AST167CAE59E5,CUST100090702,Handset,Samsung,5E4700B35AF6430F,2020-05-13,Active
ASTB046CDF284,CUST100002443,Router,Nokia,40826BC10C8B41D3,2024-10-03,Decommissioned
AST19C93CD2E4,CUST100012959,Handset,Huawei,30893DE3CE05430E,2026-01-28,Active
ASTC426CC7C8C,CUST100085078,Modem,Samsung,8DF49171A22744F8,2021-03-18,Returned
AST53445EFF9E,CUST100037313,Router,Huawei,231E847734DD4FDE,2023-11-05,Active
ASTE7B6EB3892,CUST100087569,Smartwatch,Apple,048CBF87536543B3,2019-06-21,Active
ASTCDB4374D3A,CUST100062292,Handset,Huawei,FB2198C88230400F,2020-02-14,Active
ASTA0ACF8B123,CUST100004899,Handset,Cisco,66F4528032974FBD,2023-02-08,Faulty
AST6866D026E3,CUST100088180,Handset,Samsung,169F35E666CC4953,2019-09-11,Active
AST0E8C14C938,CUST100094239,Modem,Samsung,30A7E74C83254CAD,2026-04-08,Active
AST40350129F6,CUST100001411,Set-Top Box,Samsung,5305DAEABD9D43BD,2018-06-26,Active
AST9CEE2F4168,CUST100029607,Handset,Huawei,85EB4FF3D8AD4262,2026-05-12,Faulty
ASTDE717FDDA4,CUST100068364,Handset,Arris,6B7BA85BF06B47FE,2022-03-13,Returned
ASTA5692B755C,CUST100025079,Handset,Apple,A2217E709DE84748,2016-02-16,Active
AST714A48E7CC,CUST100009366,Handset,Huawei,075A54F4663D4FB4,2024-08-23,Active
ASTD82D4F7299,CUST100086763,Set-Top Box,Huawei,6CB3A45E44DF4BF8,2024-11-14,Active
ASTFB9DFF1A99,CUST100064740,Router,Huawei,FABA9479A531477F,2020-12-05,Returned
ASTA5CB39389B,CUST100071261,Router,Apple,8BAA6AD751174413,2023-08-21,Active
ASTBE4FD814DB,CUST100047865,Smartwatch,Samsung,E1ABFA0A01E64A70,2025-01-22,Active
AST801F1C3574,CUST100051876,Router,Cisco,6F2BF85E85C84602,2019-02-11,Active
ASTC5F0AA06E6,CUST100048456,Set-Top Box,Nokia,CE8A649DE1BF4AAD,2022-02-03,Active
AST9604062680,CUST100084985,Router,Huawei,02EEA363EF5C4AEB,2018-05-16,Active
AST9083CFB7F0,CUST100045717,Set-Top Box,Google,61B7628D762D4F51,2025-08-17,Active
AST4CD581EE9C,CUST100015464,Set-Top Box,Apple,A85571FDDA1248FF,2017-03-21,Active
AST9583B62F47,CUST100015324,Handset,Samsung,D7B5954066974D91,2026-01-23,Returned
ASTFDF0949426,CUST100069144,Handset,Huawei,D936341869F04685,2022-08-10,Active
ASTF2B43F8390,CUST100012558,Handset,Apple,E822A489DA71477F,2024-02-19,Returned
AST7453E9EB2A,CUST100031161,Set-Top Box,Huawei,1CD25181E7834E44,2022-04-06,Active
AST581C6D0167,CUST100013919,Router,Cisco,3D51FD35269F4073,2020-06-27,Active
ASTE4DEC3181F,CUST100061567,Home Security Hub,Cisco,9E2BE2127D914946,2021-01-02,Faulty
AST7FFE56D728,CUST100044602,Router,Samsung,AF71B3F1AB9E40C1,2020-02-19,Active
AST5BABADE21A,CUST100088318,Router,Cisco,332763EBB2354B1F,2019-04-30,Active
AST57081C1A24,CUST100021900,Modem,Arris,FCE3620128AB412A,2026-05-03,Active
AST84592CC414,CUST100030008,Handset,Apple,DDB26886AF7A4106,2022-09-02,Returned
AST1229C9C9FD,CUST100006807,Home Security Hub,Huawei,0A6490C817BB4F1F,2021-08-24,Active
AST5841053209,CUST100065702,Set-Top Box,Arris,66FA7835A2DE45BF,2025-01-13,Returned
AST7469BD0A7C,CUST100056565,Home Security Hub,Cisco,E2D7DB1C61294C34,2019-06-22,Active
ASTB0E0175FFF,CUST100096491,Router,Arris,D04C92320D194501,2016-12-04,Active
AST0A5C8E2FDD,CUST100091948,Router,Arris,CA2D06C39BC24D27,2023-09-14,Active
AST3EC2D4B3B2,CUST100099314,Router,Nokia,C29CBE69541F4EF3,2020-09-27,Active
ASTC7AF5138FA,CUST100051749,Modem,Google,558FF9840BD84E33,2020-06-23,Active
ASTAA24B3482E,CUST100073156,Router,Samsung,0B801880A2444E1B,2021-03-07,Active
ASTA2E8C3EEF8,CUST100077150,Router,Samsung,43F9A67DC10D4CA3,2022-03-21,Faulty
ASTB693F1AA9D,CUST100096092,Handset,Samsung,2AAAD77E42AF4281,2024-01-20,Active
ASTA1F9071D12,CUST100080460,Modem,Apple,EDA0285A79274B07,2018-08-06,Active
AST3A9CC40CE7,CUST100046006,Router,Samsung,9E600DC10C6B4A77,2018-04-27,Active
AST6B7AB9312A,CUST100007727,Router,Apple,39BA3C76913F4374,2026-01-13,Faulty
ASTAC5AFD94C5,CUST100097841,Router,Nokia,A382398F73034D64,2017-01-30,Active
ASTA8AB383327,CUST100077127,Set-Top Box,Apple,95341661695743FF,2023-09-28,Active
ASTDF3C0550EE,CUST100009651,Router,Arris,069961590BC941A5,2016-09-18,Active
ASTCA68738268,CUST100071395,Smartwatch,Huawei,D1C1912644834193,2022-02-21,Active
AST733A01B97D,CUST100010689,Handset,Samsung,1E36CAF57C594173,2017-09-09,Active
AST9C75FA37B1,CUST100025713,Handset,Apple,5F9AE58901E94B46,2022-03-07,Active
ASTA9EFC7A6EB,CUST100020115,Handset,Arris,7CB685AEB6EC484C,2022-04-07,Active
AST9964CE93A9,CUST100027623,Set-Top Box,Huawei,3989C1B0761841B7,2016-02-26,Active
ASTD1B82F02D1,CUST100023895,Handset,Nokia,95F160AB377D4CF8,2025-07-26,Active
AST350705E01B,CUST100047158,Smartwatch,Huawei,173509E1E4FB4D44,2017-12-09,Active
AST7FFEF15A25,CUST100016016,Handset,Apple,4D500A239C874ADE,2020-08-03,Active
ASTF321790BDA,CUST100072704,Set-Top Box,Apple,645265E2CF32457E,2021-01-14,Active
AST97E2F32EA7,CUST100041894,Set-Top Box,Arris,C0A80D2B06374D27,2016-01-25,Returned
AST8957A5E7CF,CUST100057868,Home Security Hub,Cisco,58DF634ED91145B3,2023-08-19,Active
ASTD04F10DD01,CUST100030976,Router,Nokia,E5E259530A59456A,2023-08-25,Active
AST0058243AAC,CUST100044223,Modem,Apple,AAEB838ACB11460B,2018-08-20,Faulty
ASTB6CC613AD6,CUST100054221,Handset,Huawei,4741FF42A09A402D,2019-01-15,Faulty
AST9F41C7FA78,CUST100079386,Set-Top Box,Huawei,3F82CDD194C2493A,2022-03-01,Active
AST1050A5A739,CUST100086175,Handset,Huawei,0CBD79C882F349FF,2020-02-23,Returned
ASTFC4327ECFE,CUST100009161,Modem,Nokia,9C0BC230277B4FB5,2022-11-22,Active
ASTD70E4D7913,CUST100053963,Set-Top Box,Google,D812D81A4F344306,2016-03-20,Decommissioned
AST885AF37F9A,CUST100050853,Modem,Arris,37FF3EA8E08E4486,2021-04-14,Active
AST31967499A8,CUST100098533,Handset,Apple,B6686E0413524CD0,2024-07-26,Active
AST084BEADF59,CUST100026782,Modem,Apple,33736E7B5E5E4345,2023-03-11,Returned
AST8D889B9ADF,CUST100015897,Set-Top Box,Arris,DB91C5B44F70453B,2020-09-11,Active
ASTF803D6C7B7,CUST100020714,Set-Top Box,Huawei,CEFFC9AB674D475F,2018-01-14,Decommissioned
AST4B73CC8E59,CUST100088877,Modem,Samsung,83471B154EE64109,2019-08-26,Active
AST879B74FCBA,CUST100069278,Handset,Samsung,603FC22D05874D8A,2021-07-29,Active
AST21F6EE9CA0,CUST100041516,Handset,Cisco,E5138CDBE8ED4C8C,2017-03-15,Faulty
AST9309EDCA0C,CUST100090534,Router,Cisco,54C346DDA17D4BD4,2026-04-20,Active
ASTAC68531981,CUST100092464,Router,Arris,9C3157747AA94D6C,2017-08-20,Faulty
AST988F917C2B,CUST100066758,Modem,Cisco,883D7C7AE83E4B22,2019-04-26,Faulty
AST487CFC789D,CUST100078594,Handset,Apple,2A8A72D1E21E409C,2022-06-04,Active
AST3765ACCE13,CUST100030283,Modem,Google,5B58B7B9D57C402E,2021-08-16,Active
AST0D5C47B710,CUST100066121,Set-Top Box,Huawei,33BF723ED0794502,2019-01-29,Active
AST0E554E7BA9,CUST100055728,Handset,Samsung,255CF0C66D58403E,2016-11-19,Faulty
ASTEACF7E9996,CUST100081686,Modem,Arris,651A557E170349C4,2018-08-16,Active
AST3E48E9C81D,CUST100028504,Handset,Huawei,A562002D9AB34E7F,2021-08-10,Active
AST45066C6354,CUST100098873,Modem,Cisco,EBA350321FB24489,2022-10-12,Returned
ASTAFAEF4E344,CUST100004075,Modem,Apple,CD4F9B2927FE4A5E,2017-03-25,Active
AST8E7987A95F,CUST100089101,Set-Top Box,Arris,3EE747272B1B4649,2022-01-19,Active
AST81631D2673,CUST100097961,Handset,Apple,E610D1F2FF694586,2020-04-04,Active
ASTBDF52F27DB,CUST100068929,Modem,Apple,39B30BD719A54865,2024-05-17,Active
AST3B8D3EFFF7,CUST100064149,Handset,Google,0479589E6FFE42C4,2026-03-21,Active
ASTE2523AF131,CUST100087276,Router,Google,0FAFD4BE7D344C36,2017-09-26,Active
AST72CB3C10BE,CUST100042843,Handset,Apple,B8DD7FBB4B2146DC,2017-09-04,Faulty
AST4E08636629,CUST100044445,Handset,Nokia,0E42280279A64533,2022-07-07,Active
ASTCF9C67D122,CUST100023726,Router,Huawei,A22F7C9617114CD0,2022-09-05,Active
AST333EE10280,CUST100042416,Handset,Google,5F488E79939D478B,2026-03-20,Active
AST7DAF419D83,CUST100058703,Router,Huawei,77ED4729B62D46BA,2022-01-16,Decommissioned
AST7577388C83,CUST100011533,Smartwatch,Apple,609D607233294CF5,2019-01-12,Active
ASTDB71EA32B6,CUST100070662,Modem,Google,0177968AA71549BB,2017-10-02,Active
AST3BA5541E50,CUST100085048,Set-Top Box,Arris,DCF316000D784462,2024-10-04,Returned
AST0886B66447,CUST100074182,Router,Arris,631BF7C776BF4936,2021-02-20,Active
AST68FB73C69F,CUST100010901,Router,Apple,71E2CC63B6674824,2024-07-17,Active
ASTCD996A6501,CUST100061104,Handset,Arris,39BC9AB562554AC1,2019-11-12,Active
AST87738EAD86,CUST100099598,Router,Arris,94D9735072154BF6,2025-09-09,Active
AST2886E02B42,CUST100098152,Handset,Huawei,23ACAB42D6DD4EFE,2016-07-18,Active
AST7C3D60B574,CUST100008215,Smartwatch,Cisco,AA4828E2C3434335,2024-08-23,Active
AST22A66DD854,CUST100002025,Handset,Huawei,803A17524E824BAD,2026-04-16,Decommissioned
AST1ECA0CC0BA,CUST100072263,Handset,Apple,E11658D5B4AC4A9B,2023-01-13,Active
AST89BB11AA78,CUST100055045,Handset,Huawei,8C48D9AE046246A2,2021-10-15,Active
ASTFECF950788,CUST100062374,Handset,Cisco,2441E9B2E2E641B5,2022-12-18,Active
AST1C4B9CC34B,CUST100014107,Handset,Arris,E37DB9400BF84642,2020-09-03,Active
AST839D5AF0FC,CUST100049463,Handset,Cisco,39C84C10AED34BA6,2016-11-04,Active
AST8EA8D906F4,CUST100075397,Handset,Samsung,169D8A17C2A24596,2020-05-25,Active
AST396F54D2EE,CUST100001701,Home Security Hub,Cisco,C2A170BC6A134015,2018-03-30,Returned
AST6F2F25DC67,CUST100006313,Set-Top Box,Arris,7E8FBEB5F70F4B6D,2023-04-08,Returned
ASTADAC949E40,CUST100011427,Smartwatch,Nokia,CB0C8D11F0E94410,2021-02-21,Active
AST7B2730A70D,CUST100020154,Set-Top Box,Arris,F46E0FD8ACE34D26,2020-04-09,Decommissioned
AST0F4629232A,CUST100043849,Home Security Hub,Samsung,322DCF2F781A498A,2018-02-19,Active
AST7B8D1A3811,CUST100077109,Handset,Apple,E34D66B454004183,2019-02-10,Active
AST2385E5474B,CUST100093359,Router,Nokia,FAFEE52D2C5441B3,2018-09-29,Active
AST0AF62C007C,CUST100021240,Handset,Cisco,83D8B22D2E9949C8,2020-08-11,Returned
AST1DCC7CE3C6,CUST100066021,Handset,Samsung,A34A15D238DF4553,2019-06-26,Faulty
AST1D28CF38BC,CUST100079534,Router,Cisco,27A0432429974BC6,2017-03-04,Active
ASTE008170BF9,CUST100096098,Handset,Huawei,488C62AFF88B420F,2018-05-31,Active
AST9563F24D39,CUST100010625,Set-Top Box,Cisco,3E28F52831EA4DD0,2022-03-19,Returned
AST6B3D1234D6,CUST100019925,Set-Top Box,Google,C5236B9225764FDD,2017-02-22,Active
AST3C5549A5F1,CUST100087272,Router,Apple,C60AA5E8FF464D39,2020-04-20,Active
AST81CBBDEDB6,CUST100088279,Handset,Google,4A3CC2381ED74234,2021-11-22,Active
AST9B2F508AF3,CUST100072859,Handset,Google,FEBCA766ECEE4689,2025-05-31,Active
ASTD4080489C4,CUST100004053,Handset,Nokia,730C03D621E240DE,2016-08-29,Active
ASTB46038D7DC,CUST100074638,Set-Top Box,Huawei,F8D0C5466CD84253,2021-12-13,Active
ASTC570482A37,CUST100020563,Smartwatch,Samsung,619D3C1A51574B21,2026-01-17,Decommissioned
AST029F2DF0D0,CUST100020270,Router,Nokia,A33C339E4EBA4F00,2024-01-22,Active
ASTD33CF76F41,CUST100077678,Home Security Hub,Huawei,FD398EA6D0C346B6,2019-06-30,Active
AST82DA9333F4,CUST100062425,Handset,Cisco,C4A30142F5AA4F23,2022-01-18,Active
ASTE6FAF6E298,CUST100049768,Modem,Huawei,338491DBA9344619,2016-01-26,Active
AST3A0139C8AC,CUST100061681,Handset,Cisco,1E6EE19BBD4C4864,2020-07-31,Faulty
AST7680287463,CUST100002541,Router,Nokia,4F0F5AE637F64436,2025-11-23,Decommissioned
AST86720F0540,CUST100099958,Handset,Huawei,A81A8F2D9808464D,2020-04-23,Active
AST70C0373112,CUST100000109,Home Security Hub,Google,7CB883DEAB244BA5,2020-03-08,Active
AST85DA372E36,CUST100095149,Handset,Apple,378A3897D9EA44BD,2016-09-22,Active
ASTE5AE805037,CUST100029701,Router,Google,019615681A4544AA,2018-03-03,Active
AST2F3647643C,CUST100037923,Router,Apple,4192CE5861F94292,2017-05-06,Active
ASTE2452D919F,CUST100018872,Router,Google,B793F08AA0AD4BC5,2022-07-18,Returned
AST224C0CBE5D,CUST100028641,Handset,Huawei,CAAB4F53BED84CB0,2026-02-19,Returned
AST11D1B28B99,CUST100093792,Handset,Nokia,72FA02E5FEFB43EF,2017-08-01,Active
AST2B70E5065F,CUST100016846,Home Security Hub,Cisco,34EEA4E6960F41BA,2026-06-14,Active
ASTD864C43388,CUST100038349,Router,Google,82FCCC145F3846FF,2017-11-03,Active
AST1FFE696CDF,CUST100097966,Set-Top Box,Nokia,316C37A4E5ED4F25,2016-07-25,Active
ASTE29394E091,CUST100006869,Router,Apple,98F5E764CAEB4536,2024-10-05,Decommissioned
ASTE3BB8A8330,CUST100080809,Modem,Cisco,5475E323DAA34CAD,2022-05-31,Active
ASTF5CEC99BBF,CUST100075296,Handset,Arris,6FA96105BE464907,2024-03-31,Active
ASTEF5C1CD9C6,CUST100050652,Router,Arris,67D19ABA29BE4126,2022-07-06,Returned
AST67481ABEC3,CUST100050441,Handset,Google,9D4AE765355E490A,2016-02-23,Active
AST2D1E67B350,CUST100036640,Set-Top Box,Arris,22CF7BF890D14D19,2022-08-22,Returned
ASTF3A29150A2,CUST100050023,Handset,Cisco,1BA4B0DD98EF405E,2018-02-19,Active
ASTE3D8B2CEA6,CUST100006781,Handset,Arris,F25220D2D991462A,2023-08-29,Active
ASTB1A8BEC2D0,CUST100076920,Handset,Samsung,1EA32DD0CEA14FCA,2021-05-16,Active
ASTB5065E20A4,CUST100079763,Handset,Nokia,804F3151E92D4C10,2016-07-19,Returned
ASTAD53F05FC5,CUST100032664,Handset,Cisco,A22FAC92F88F42CD,2022-09-14,Active
AST1D566EF046,CUST100054886,Modem,Google,63A9AC2ACB014BB0,2017-02-13,Returned
ASTEB5D9DF0AB,CUST100079098,Modem,Arris,80A9676304B54AC8,2025-12-11,Active
AST0C44C4168D,CUST100010432,Modem,Apple,672FA1BDD53146A8,2024-02-06,Active
ASTE963C658C3,CUST100073559,Set-Top Box,Arris,6BC508F20BE4421E,2026-02-09,Active
AST9ECCB19C66,CUST100043050,Router,Apple,BDD068D580EB409E,2025-11-13,Returned
AST4E2BB98A0A,CUST100045584,Set-Top Box,Cisco,E766567070EF4335,2021-11-06,Active
AST15BEA84CA4,CUST100069162,Handset,Apple,8124F2E4079F474D,2016-12-04,Active
AST1C2D3F6BA4,CUST100053263,Router,Apple,C9412592803B480F,2024-09-29,Active
ASTF75E30C73E,CUST100083903,Handset,Nokia,B2092408205945FD,2026-01-25,Active
ASTE61C749B97,CUST100041288,Set-Top Box,Apple,59BF10781E6B4DF4,2023-12-03,Active
AST3B3A469F91,CUST100005644,Router,Huawei,014103FC5175438E,2017-01-01,Active
AST4F152CF08F,CUST100047178,Handset,Apple,FBBA74EDE2704D28,2018-12-31,Active
AST0AD6889232,CUST100001394,Set-Top Box,Arris,E2205C8198554399,2018-10-06,Active
AST93CA688C5D,CUST100000433,Handset,Nokia,F54F84F87F5A45D4,2023-02-12,Active
AST09830497B5,CUST100051505,Router,Cisco,EB2577CF6107499C,2018-05-17,Active
AST80ABEC0E96,CUST100009175,Modem,Apple,2C4F15B2E0094275,2018-03-23,Active
AST699EDA7B7A,CUST100098385,Set-Top Box,Nokia,C91FEF1360414934,2016-05-22,Active
AST5EEF37774A,CUST100089443,Router,Nokia,CECD2085113A4412,2023-06-09,Active
ASTB5D1AFF4A1,CUST100038464,Router,Huawei,2AAD97049DE64338,2017-05-14,Faulty
ASTEF2EBAC86C,CUST100059381,Router,Huawei,39DD3CC1B819452E,2025-10-05,Active
AST137D78AE91,CUST100027644,Handset,Arris,18E15FF6B671464D,2024-08-20,Active
AST790AEA972A,CUST100012862,Handset,Google,FD53DF622AB44FA9,2016-06-15,Active
ASTCABFDE26FC,CUST100025064,Handset,Nokia,E877A52EEF0F4522,2017-05-13,Active
ASTF41C979C2D,CUST100021465,Handset,Huawei,F70B96FBB40E4D7F,2025-08-24,Faulty
ASTF1C7A541DE,CUST100028986,Set-Top Box,Google,19B66604B68947DE,2023-03-17,Active
AST4456E48784,CUST100013247,Home Security Hub,Apple,D14964B8C2DE4D7E,2024-08-13,Active
AST5AFC86C549,CUST100041605,Handset,Google,075EB20603D64969,2019-05-25,Active
AST182CB92141,CUST100050045,Handset,Arris,86F92A18400A4CAF,2021-08-14,Active
AST6A0056395B,CUST100035739,Handset,Huawei,4A1642CEFD534D65,2018-09-12,Active
AST8462423926,CUST100077272,Handset,Apple,81A2D4E7D2914DBD,2020-05-19,Active
AST9F75A41371,CUST100048274,Set-Top Box,Nokia,AB947BB863E14462,2025-01-26,Faulty
AST30F66CC170,CUST100061775,Router,Cisco,997A70CEA3544AD4,2023-09-06,Returned
AST476A1293ED,CUST100028897,Home Security Hub,Google,85169240309443B2,2017-01-10,Active
ASTB2EC1C548B,CUST100007588,Handset,Samsung,B0C77427EB3B4E3E,2021-07-18,Active
AST1025B375B5,CUST100084592,Router,Huawei,62F1075E53064BCC,2016-09-02,Decommissioned
AST7653471F24,CUST100029250,Router,Nokia,4FEB1077105C4AFA,2025-03-04,Returned
AST0BB010B830,CUST100002128,Handset,Apple,27797A7E58AC4ACF,2016-01-28,Returned
AST5BDC1051C1,CUST100053504,Modem,Nokia,CEABF50F23884F58,2022-03-30,Active
ASTF367727D65,CUST100060378,Handset,Arris,BBB8C27F997E46AB,2026-05-04,Active
ASTA8B8DBE2BC,CUST100045563,Router,Nokia,C263ABFC71564F19,2021-06-22,Active
AST492929EBAF,CUST100039788,Set-Top Box,Arris,758150A3BD5C4BFA,2025-01-30,Active
AST7CF0B619AD,CUST100008735,Handset,Samsung,CDF057BA982F44A6,2019-04-24,Returned
AST8861639480,CUST100051020,Modem,Samsung,3EB6AE5FDBE646B7,2023-07-03,Returned
AST971AD80917,CUST100045978,Router,Huawei,5CF98DD3FAA44C4C,2024-09-04,Active
AST576A8E893B,CUST100026403,Modem,Nokia,17CD22AB18AE4D25,2024-10-12,Faulty
ASTD08CA67B67,CUST100098032,Handset,Apple,50EAED257D864FED,2026-05-14,Active
AST1E26A11203,CUST100020191,Set-Top Box,Apple,9B5D77BFF51A4A2A,2020-09-17,Active
ASTB9A4389D16,CUST100055723,Router,Cisco,3023A58E93D04CFF,2018-05-16,Active
ASTFAB3CDDCE3,CUST100083065,Set-Top Box,Apple,D4B0682F7CC64C0B,2022-07-23,Returned
ASTB85B9B1182,CUST100063780,Handset,Samsung,53DC7C8EFC254D83,2023-03-18,Returned
ASTFB258AE837,CUST100068955,Modem,Huawei,8F9FD79E2ABA416D,2024-08-26,Faulty
AST38F4A89F82,CUST100088627,Home Security Hub,Arris,2DCB6847EAC841D3,2017-08-24,Active
ASTA8BB85A749,CUST100063375,Home Security Hub,Nokia,E32D730C4AB247C1,2025-04-01,Active
ASTA40ED9EB62,CUST100050292,Set-Top Box,Nokia,1EB561D593F94168,2024-01-25,Returned
AST63FA3154F8,CUST100058168,Set-Top Box,Samsung,16969B8528384C04,2020-09-09,Active
AST719A3D173A,CUST100081324,Router,Huawei,083C407AA86148BB,2020-07-31,Decommissioned
AST7CEBE18141,CUST100079275,Handset,Apple,19182961F8604A3B,2016-11-20,Returned
ASTCB3B6DA690,CUST100004778,Handset,Arris,C1DC9616D1024F5C,2024-03-04,Returned
AST16785B4258,CUST100022985,Router,Google,6B64686B72534BBC,2020-06-25,Active
AST03ABA5B9D7,CUST100009672,Handset,Google,86A4C6EE1E6444AD,2016-10-25,Faulty
AST9392E30E17,CUST100055383,Router,Nokia,EDDF8BDF74E64260,2022-05-10,Active
ASTD9DA0A51B0,CUST100012589,Handset,Nokia,50325313B0344AE9,2022-08-03,Active
AST37CC1E4A29,CUST100026313,Modem,Arris,9C881C2EE5704398,2022-05-06,Active
AST7832C642F4,CUST100093556,Set-Top Box,Google,49348F6D8E19488D,2020-11-23,Active
ASTAFB454AD55,CUST100007780,Router,Cisco,1C455ACF2A674E11,2026-02-23,Active
ASTFAE6AC6269,CUST100064574,Handset,Cisco,0DFC79D424A84EC5,2019-01-17,Active
AST45EF98D3F2,CUST100070854,Router,Samsung,128240FF6AAC4776,2021-04-13,Active
ASTCE187620E4,CUST100078181,Handset,Arris,293C276C365245D8,2021-02-14,Active
AST4F9FC19272,CUST100031613,Set-Top Box,Arris,A1E46C452E9241DF,2024-08-09,Active
AST9B639E1A27,CUST100045155,Set-Top Box,Apple,E3D8851A9F834728,2024-10-25,Active
AST589C70BA7E,CUST100046776,Router,Huawei,8EE3EEC783B54E52,2021-09-15,Active
AST32EA7C3232,CUST100002533,Router,Apple,5B5497CA80684DD2,2021-10-17,Faulty
AST2D11D4F67F,CUST100047749,Router,Arris,AB8A2552B9AE4EC8,2025-01-08,Active
ASTB4C9F554B9,CUST100053692,Router,Arris,53BB4E3F971E48FD,2022-07-27,Active
ASTDC835165CF,CUST100062229,Set-Top Box,Google,216C5A66B6014477,2019-01-03,Active
AST99D89CAA47,CUST100082270,Router,Huawei,BE90A0E40B9F4764,2025-08-13,Active
ASTF31318F834,CUST100014789,Handset,Apple,13FDBB68BA854AAB,2021-05-23,Active
AST6918892832,CUST100050004,Handset,Arris,185AEF7A3BF549AE,2016-07-29,Active
ASTC49700BDD1,CUST100014870,Handset,Cisco,0B25D3C37A654F6B,2016-04-22,Returned
AST9B7692EEA8,CUST100085064,Handset,Apple,6B1EAC2BB53048B2,2021-08-30,Active
AST9FE71423AE,CUST100068370,Handset,Nokia,AC50037123F343F1,2021-05-01,Active
AST7FEC8B642B,CUST100067703,Home Security Hub,Nokia,C421A3669B294376,2020-05-25,Active
ASTAB26FA86BA,CUST100088211,Router,Samsung,549E9B3A761447A2,2019-06-19,Active
AST949D04343F,CUST100093291,Modem,Arris,FEDEB6CF477F446C,2020-06-19,Active
ASTAEA816DF7B,CUST100097141,Set-Top Box,Apple,EFF665A7E5AA41CE,2020-08-28,Active
AST4984AA5343,CUST100091271,Handset,Huawei,714249B5B2D4477C,2016-03-08,Active
AST8F70A0F019,CUST100051019,Modem,Google,84320F5928ED470A,2019-11-22,Returned
AST822BB8FA6F,CUST100077188,Home Security Hub,Arris,44A032B6735E4522,2017-09-23,Active
AST4A66879BBF,CUST100013169,Set-Top Box,Google,B8C1B36A56FF4646,2016-07-25,Decommissioned
ASTB56F3F9BF9,CUST100024600,Router,Huawei,3A50E5B54D664CE0,2020-06-18,Returned
AST449A076372,CUST100000625,Modem,Samsung,F672C871BCD24B19,2017-09-17,Decommissioned
AST262AA8C95A,CUST100089411,Handset,Cisco,EC0C354C203F47E8,2018-10-26,Active
AST3D5F175F2D,CUST100081235,Router,Arris,AA950E04111D4635,2024-04-29,Active
AST82E55287DB,CUST100008703,Handset,Nokia,F18C55570AA9470D,2022-08-27,Active
ASTBE40FEFAD6,CUST100048075,Modem,Huawei,3DD6E1B6A8344599,2025-12-17,Active
AST5C7FE14FF9,CUST100018118,Handset,Samsung,E880C414FC664A11,2024-01-26,Active
AST193FB16F89,CUST100020850,Modem,Samsung,1913DD26DE324210,2020-10-04,Active
AST23A080B401,CUST100066293,Modem,Google,5CF180A7F67646F2,2019-05-22,Active
AST5EC56715E4,CUST100044704,Set-Top Box,Cisco,059769B7B0C64158,2021-12-14,Active
AST82C4E93AE5,CUST100084509,Modem,Samsung,4C7A793050D24881,2017-12-24,Returned
AST0B92103D2B,CUST100021266,Set-Top Box,Apple,FE1A1585FC534068,2025-11-11,Active
ASTE821E9BEC2,CUST100023551,Handset,Google,3184855C8446407F,2021-09-19,Returned
ASTD20146B4F6,CUST100035460,Handset,Samsung,209FEB90D1DE4C6B,2025-08-15,Active
ASTE74CABC69C,CUST100087319,Smartwatch,Nokia,469B6116221F4D98,2017-01-21,Active
AST1947E896A5,CUST100006446,Handset,Apple,348368158A9C4173,2018-11-05,Active
ASTC067B0F948,CUST100048375,Handset,Huawei,E14382ADA644404C,2018-10-27,Active
AST206F805003,CUST100049350,Modem,Huawei,DD4811DC1543481D,2024-11-14,Active
AST24841F2A1B,CUST100099262,Modem,Cisco,A223A08650FD4519,2025-12-05,Active
ASTDD544285CB,CUST100009649,Handset,Apple,BA52445FE19E47FF,2019-12-23,Active
AST340AD10917,CUST100033424,Router,Apple,E6B83CB0B7D64AAD,2016-09-03,Active
AST5829EDBB14,CUST100060158,Router,Arris,3CC596C5EAD34DD6,2025-11-20,Active
AST13027A7A56,CUST100094534,Handset,Arris,E4D3E4A024054678,2019-03-04,Active
AST52498DA4ED,CUST100004710,Modem,Samsung,6FFB9AB6EAFA4D2B,2016-10-24,Active
ASTAF908C654D,CUST100057541,Handset,Samsung,1064004D88CA4F62,2021-10-01,Faulty
ASTC0682DB0ED,CUST100073072,Home Security Hub,Nokia,036A3539D9D34330,2024-07-10,Faulty
AST01B85AF0FA,CUST100064543,Router,Nokia,D2CD944412FF41DA,2016-02-21,Active
ASTCD7B9DE835,CUST100059433,Handset,Huawei,F915A447B82A4D0D,2018-02-08,Returned
AST1708593CB3,CUST100030202,Handset,Huawei,DCF65FA3A9C24C57,2026-05-06,Returned
AST714E5B166D,CUST100088455,Modem,Nokia,C75D1AD9874D4639,2022-02-01,Active
ASTE10FF2DD71,CUST100044348,Router,Nokia,72E34860B9DE4A1A,2021-07-05,Returned
ASTCAC125884E,CUST100034687,Set-Top Box,Google,31D6226B483E4868,2023-07-05,Active
AST29C4AB2CE5,CUST100000597,Handset,Arris,E630CF0AFA8C42B7,2020-04-19,Returned
AST7175DB9A8B,CUST100030163,Modem,Apple,F3A1648DA7E04D07,2018-08-23,Returned
AST224BC3DC2C,CUST100027410,Modem,Arris,8CB9624BC7694217,2017-03-31,Active
AST8E77A5451D,CUST100037594,Handset,Cisco,9252E1B557B0482B,2019-07-10,Active
ASTD710A28E02,CUST100001699,Set-Top Box,Samsung,20F35ACF4BDC4071,2018-07-17,Active
ASTC5A2E23D5A,CUST100003532,Handset,Cisco,63135B575A774D8C,2025-02-25,Active
ASTC93BDAAB59,CUST100048102,Router,Apple,1B742FEE01F94969,2023-11-12,Active
ASTDFF6810DB5,CUST100054251,Home Security Hub,Nokia,52F9BF91AF664903,2019-03-03,Active
ASTE5A89F4FD5,CUST100036468,Handset,Google,A15BF6D2111F48D4,2018-12-12,Active
ASTBED0B9F542,CUST100043582,Modem,Apple,B8D822A8117047CB,2020-05-15,Active
AST170C2C381B,CUST100064012,Router,Nokia,77DCDCB2BE584C59,2018-04-17,Active
AST2E3E7318C2,CUST100000762,Handset,Samsung,87C25509230747E5,2018-07-14,Active
AST7CBF7F072D,CUST100067381,Handset,Huawei,EE50BECB0D3D421C,2016-05-22,Active
ASTCA3D29A61B,CUST100068890,Router,Cisco,1B0847D1E8D44BEF,2019-08-07,Decommissioned
AST7DC5A6C70D,CUST100024014,Modem,Arris,FC8316BD8E174906,2018-12-06,Active
AST8662B215E6,CUST100073096,Router,Huawei,74A85BDD4C294D5A,2020-04-22,Active
AST8B30EDB330,CUST100022903,Home Security Hub,Nokia,D122F95864A84ED8,2024-05-06,Active
ASTBEB7F2D426,CUST100004010,Router,Huawei,F98F21736AE744DA,2022-12-29,Active
AST4B40D7B9DF,CUST100042979,Handset,Samsung,37240473AED54F1F,2023-09-01,Active
AST7D83D4BBCC,CUST100008544,Router,Nokia,6D7A8D7397D74A63,2026-01-12,Active
AST780C6D152A,CUST100012095,Handset,Nokia,1B8DB05021F54DE1,2026-06-13,Active
AST28FEF921E4,CUST100083137,Set-Top Box,Nokia,C51E0390EBCE4AB1,2016-02-01,Active
ASTD0165C3B0E,CUST100048093,Handset,Apple,C14159B2EED3410B,2018-08-24,Active
AST224FF6B103,CUST100025637,Router,Huawei,4400208AF31D49F6,2025-11-09,Active
ASTFB2D3A3C0E,CUST100089097,Modem,Apple,BD37B0A4AC804F35,2020-08-12,Active
AST3DB439D66E,CUST100008510,Handset,Apple,F0DE4F0B098B495A,2022-07-26,Active
AST370519B6ED,CUST100051009,Handset,Samsung,E2909E4648D04FE4,2025-12-24,Active
AST9C3F61D21F,CUST100000856,Handset,Nokia,94CFC17771C44B80,2021-08-11,Active
AST0885945CB0,CUST100075784,Handset,Arris,5DAE0C011A074263,2022-02-25,Active
ASTB9C392AB80,CUST100049319,Handset,Nokia,506523D28D164124,2018-08-16,Active
ASTCBA277AE66,CUST100059654,Handset,Google,EB88FAA3899840A3,2016-08-06,Returned
ASTB1FF7E8F16,CUST100070954,Handset,Samsung,0346D9CFF89B449B,2018-07-26,Active
AST94E643E5CD,CUST100022290,Modem,Huawei,41B7D7481EB14D67,2016-05-24,Active
ASTA77CB4E4F9,CUST100064683,Handset,Apple,2031FF649AFD4BC4,2020-06-08,Active
ASTA0AAAAFD66,CUST100035294,Router,Samsung,09CCA7BE03644A33,2022-11-06,Active
AST0131874D14,CUST100072884,Modem,Samsung,0B0346BF47F14BA1,2024-12-08,Active
ASTE9E0472394,CUST100002355,Handset,Huawei,87BA81F18F494A4F,2022-12-22,Active
AST740175161E,CUST100035623,Handset,Nokia,6D3EB65479CC4392,2018-02-28,Active
ASTBA373A062F,CUST100030003,Modem,Nokia,40CE70971C194286,2019-05-25,Active
AST06B6310BED,CUST100053423,Home Security Hub,Nokia,B67275867A3E4CA4,2020-12-14,Active
AST7997D5D3C6,CUST100051467,Set-Top Box,Huawei,69F6815695644909,2024-11-25,Active
AST21B44E0481,CUST100098668,Set-Top Box,Arris,55399E0CEBF84C6D,2023-09-29,Active
AST420070D4E5,CUST100022040,Handset,Huawei,4258CBFF873E49FD,2026-03-12,Faulty
ASTA415B8CA18,CUST100087212,Handset,Google,29B1C6E6CF274A33,2016-09-01,Active
AST1497D55226,CUST100051801,Router,Samsung,5BCC31E003154ABE,2020-02-22,Active
AST9F3972DF3C,CUST100034405,Handset,Apple,2523A67C137F43B2,2019-07-11,Faulty
AST765B0FFA7D,CUST100074847,Handset,Huawei,D152FCCAF3FD4A6C,2026-03-24,Faulty
ASTAC9881833B,CUST100045622,Handset,Arris,214070A414664F5C,2019-09-30,Active
ASTD590B39C6F,CUST100018904,Set-Top Box,Samsung,B6D923721F554047,2019-09-02,Active
AST66C75B0E82,CUST100081265,Handset,Huawei,914BE865BFDD450E,2021-11-10,Active
ASTF50BFA7025,CUST100031932,Set-Top Box,Nokia,706A434C0D3C4408,2016-06-20,Active
AST02DD456259,CUST100026248,Set-Top Box,Samsung,786A4F6A86594E67,2020-04-05,Active
ASTB56D6AC323,CUST100090532,Handset,Samsung,8A06DAC4334D4934,2025-08-13,Active
AST5D791E41B3,CUST100059872,Set-Top Box,Nokia,4C562003E11C465C,2020-01-19,Active
AST533FE5EEEE,CUST100058705,Home Security Hub,Samsung,DB21246630C24942,2024-08-08,Active
AST2296D4CE56,CUST100030766,Home Security Hub,Nokia,F5E4531EF6BF44FF,2025-02-04,Active
AST1AA7C1EC48,CUST100094948,Router,Google,B9BA517CAE184BE7,2023-03-02,Active
ASTF0BF51B0B7,CUST100006155,Set-Top Box,Apple,CAEB0C5F88AF4D77,2021-10-10,Active
AST90BC8EEFCC,CUST100012344,Handset,Google,4C2AC59DB655421B,2024-11-01,Active
ASTFE093A4BDC,CUST100068011,Handset,Arris,F881AEC067EE44FF,2016-12-23,Active
ASTD822B93549,CUST100086045,Router,Google,64F73429278249E9,2019-04-22,Active
AST55450257F3,CUST100081576,Router,Cisco,9B87BB184C284915,2018-04-11,Active
ASTB9D49E55F8,CUST100022076,Handset,Cisco,DB38DA1933394548,2026-05-30,Active
AST1304376589,CUST100036076,Router,Google,D44C7828A3CD48BE,2021-08-18,Active
AST241706513B,CUST100068122,Router,Huawei,50B1DE2051FD48E6,2025-07-16,Active
AST0C166C2712,CUST100014514,Handset,Samsung,20316F3449FF4DE0,2024-08-25,Active
AST5C29AA67A2,CUST100000132,Router,Huawei,2CD13AC0462A4DB7,2024-07-21,Active
AST8DE7E24667,CUST100056630,Router,Apple,34981AAC5CDF4945,2025-07-01,Active
ASTD2D0AA19A4,CUST100041291,Modem,Cisco,86B0DB51AB6447B2,2022-09-15,Active
AST738FAF4EFD,CUST100081595,Router,Cisco,DB8245A8DFB646CD,2016-07-13,Decommissioned
ASTDD0D72ED16,CUST100018598,Router,Arris,54A1F87F0C77464C,2017-03-08,Active
AST747C11EC26,CUST100044279,Set-Top Box,Apple,EEA11F4D17714F9D,2023-06-21,Active
AST9F84998591,CUST100018772,Home Security Hub,Cisco,ECDCF8BAFB60421B,2026-03-03,Active
AST18BAB524FD,CUST100025310,Modem,Arris,648EAF31C42C4FF4,2020-04-09,Active
AST5487A7B73C,CUST100046820,Smartwatch,Google,0450432C2EB54DC0,2018-01-02,Active
AST73A4E42283,CUST100026081,Handset,Google,4B3AEA2BCD06477B,2021-06-16,Active
ASTF18F5FF8FE,CUST100021810,Router,Google,8AE9C54B97B54E22,2017-05-25,Active
AST4FB667363C,CUST100062065,Handset,Apple,F5C8917CBA424CEE,2023-05-10,Decommissioned
AST7C381661E3,CUST100097848,Modem,Samsung,A42A8FC782E643F6,2025-11-14,Active
AST3472B8604B,CUST100068529,Set-Top Box,Cisco,4AE3F910259343ED,2020-10-28,Decommissioned
ASTD0DE4FC655,CUST100005301,Handset,Apple,641A7334DDCF40CE,2016-08-08,Active
AST398F122CF1,CUST100008370,Smartwatch,Cisco,3EB71C202ABF48BC,2021-08-08,Faulty
AST9EE774A100,CUST100068114,Handset,Google,944E4FBD19964154,2017-09-16,Active
ASTDDA218E608,CUST100049469,Router,Apple,AA4A849E73C74477,2017-05-16,Active
AST206253FECD,CUST100053379,Handset,Samsung,5EA368F4B50E40A7,2016-07-06,Active
AST42A63A376D,CUST100095991,Handset,Samsung,DD62528330CD430D,2025-02-13,Active
AST5DE756117F,CUST100000826,Set-Top Box,Arris,8B0FB6AD9A9745C5,2025-07-30,Active
ASTEC1FC81404,CUST100077415,Handset,Cisco,30ED70D51BD141E9,2018-05-28,Active
AST6C744E0BF2,CUST100066215,Handset,Huawei,6E08E1AA2E5E4AB8,2017-04-11,Returned
AST265140018A,CUST100054607,Handset,Huawei,55B2F71AA8DE48D7,2018-01-06,Active
ASTDA0DEF357B,CUST100051945,Router,Nokia,6708059A92414A88,2018-12-18,Active
ASTA0D0F8E9E6,CUST100047571,Handset,Samsung,067EB67117AC4163,2025-06-17,Active
AST5CDE4A6BED,CUST100023052,Home Security Hub,Apple,39CF164144EC4CEA,2020-12-09,Active
AST010E3C57BB,CUST100050267,Handset,Arris,39843380289840F7,2021-04-21,Active
ASTFB138ABB3F,CUST100039430,Handset,Nokia,44CE199086034F9D,2020-01-03,Active
ASTAEC83BD966,CUST100013733,Home Security Hub,Arris,55D73E45BB4D435C,2021-10-24,Active
AST4A63DE05DD,CUST100000566,Handset,Arris,C71301ECF379429B,2020-09-28,Faulty
ASTE74D226A04,CUST100085817,Modem,Nokia,2D648B50543E43CB,2017-06-13,Returned
ASTFC17B9E5C8,CUST100040548,Handset,Huawei,928BC55AD8034576,2020-07-09,Active
ASTCE59E9881D,CUST100099559,Modem,Google,C519038049C04E3C,2020-06-11,Active
ASTF0F0C2C7A1,CUST100056996,Handset,Nokia,EFEAE11E701F427C,2024-07-06,Active
ASTE774BF77DD,CUST100067564,Handset,Huawei,8347469FD2944753,2018-03-24,Active
ASTEFD1D0E949,CUST100009269,Modem,Samsung,CA30E73C421B4CA1,2020-05-18,Active
ASTB69587A126,CUST100052263,Home Security Hub,Arris,044AE527925A4158,2024-03-30,Active
AST277911C9E9,CUST100050199,Home Security Hub,Arris,D20B21BFFFA04C59,2021-06-29,Active
AST6B6D4BEDD2,CUST100019850,Router,Arris,D71F2CCF0DB241E9,2017-11-23,Returned
AST15C6003541,CUST100097774,Handset,Nokia,6ECDC582AE824675,2023-09-27,Returned
ASTFA4AD38AA8,CUST100031540,Handset,Cisco,7D08A7D6FF7F4663,2023-05-30,Active
ASTE31C8459E3,CUST100008365,Set-Top Box,Apple,605BD966F4B3409A,2018-03-23,Faulty
ASTBAFE1F7382,CUST100089100,Modem,Apple,BCD3A2EF796D44CC,2017-07-08,Active
AST5E99598D8F,CUST100021212,Handset,Nokia,C5BAAEDD3F424340,2021-11-22,Active
ASTABE0303CFF,CUST100030672,Router,Nokia,572FC9EE1E604B6E,2018-12-28,Active
ASTB8C3851C5C,CUST100037904,Handset,Arris,B53907DB83594041,2017-09-20,Active
AST0ABCB8CDA7,CUST100072404,Handset,Cisco,0DE5D91682BD4F8F,2018-10-12,Active
AST68D428FBC1,CUST100086077,Handset,Google,C93F8C67C1FF4342,2017-09-20,Returned
AST78080CEF67,CUST100005167,Modem,Nokia,7C415230CB394732,2019-04-02,Returned
AST526026D36F,CUST100038512,Smartwatch,Cisco,9CA440EADD6E4FAC,2016-01-09,Returned
ASTA9C2B1C143,CUST100038983,Router,Nokia,E11241B8F390499A,2016-03-12,Active
AST7E399B0AA2,CUST100032268,Handset,Cisco,179EBE4F183B46D5,2022-03-24,Faulty
AST62B4A3252E,CUST100070003,Modem,Arris,E03561349DB64060,2025-06-28,Active
AST3907A45AB9,CUST100041052,Handset,Cisco,E4502869C1F94CBB,2025-01-09,Active
AST5ED97F0E9B,CUST100094213,Handset,Samsung,A926FF0AC71F474E,2016-11-11,Active
AST813055DBA5,CUST100057079,Home Security Hub,Apple,F56F73AAE32740B3,2024-08-28,Active
AST83016698F6,CUST100093633,Handset,Arris,9902515B88FC45A1,2023-10-03,Active
ASTFA55A3D1F0,CUST100018209,Handset,Samsung,46FFFFE0E1CE4DAB,2025-02-03,Active
AST5A6A0864F9,CUST100029305,Handset,Cisco,C2056121E44A4239,2017-04-18,Active
ASTD3E9184EF6,CUST100013955,Handset,Samsung,12F0AE476BC54C34,2024-05-03,Active
ASTE22C69905C,CUST100053968,Modem,Apple,BB35200DB02E4803,2018-10-05,Active
AST7E03D6DEC5,CUST100062399,Handset,Google,00A87F25FD2148E3,2022-01-16,Active
AST133C32595A,CUST100044044,Handset,Nokia,17B90CB5D93E41B3,2023-06-26,Active
AST666EB4AFDA,CUST100011448,Handset,Apple,1E7E6C653995483C,2020-01-01,Active
ASTF5D8885FDA,CUST100000476,Smartwatch,Google,B8470EC647E14A4C,2022-12-10,Returned
AST82B047B9F4,CUST100023149,Modem,Google,6886D5183AAF4887,2025-11-11,Active
ASTE0246CCC53,CUST100035421,Modem,Apple,E0B708FEE031494B,2020-05-14,Faulty
ASTA555B4836B,CUST100066492,Set-Top Box,Google,4E1FECE59F644CB7,2025-04-25,Active
ASTFCBA15BDE0,CUST100099351,Set-Top Box,Samsung,BEFA2353ACDC4A7F,2023-10-24,Returned
AST2D9504A645,CUST100068888,Set-Top Box,Apple,E43BEA48BCF04C38,2018-09-04,Active
ASTFF23E77AE0,CUST100052185,Set-Top Box,Samsung,5860B49666444E03,2018-01-15,Returned
AST5A7BE14018,CUST100057740,Handset,Nokia,C8D8A108D0D844BB,2016-06-27,Active
AST02013B0777,CUST100087448,Router,Nokia,A56218D9DA754D2F,2020-06-21,Active
ASTF89BFFE25A,CUST100006255,Handset,Apple,D0A240805E1A487C,2021-05-02,Active
ASTBC00B8BDBF,CUST100029291,Handset,Google,DAAE070734C04000,2017-12-07,Active
AST569C84A028,CUST100018101,Router,Cisco,0CF15DCAC70745AC,2025-03-13,Active
AST260384E863,CUST100083360,Handset,Huawei,E5DF9E7FCA4349DD,2022-12-25,Active
AST3F9C0BA893,CUST100064961,Set-Top Box,Arris,EF85F33081934C54,2017-08-08,Active
ASTE6AAFA61B2,CUST100084856,Router,Nokia,912D06AE99D449F4,2016-09-26,Active
ASTF1FF78C7AB,CUST100093503,Handset,Cisco,3C0EE33C1FE64397,2019-04-23,Active
AST9A7A376195,CUST100089727,Home Security Hub,Samsung,E19C9FD21C57439F,2020-05-30,Active
ASTDEB467C565,CUST100035761,Router,Arris,5E63F5F3B7F2405F,2021-02-16,Active
AST7CABEE20B5,CUST100036483,Set-Top Box,Apple,20DC6214E2424328,2024-12-13,Active
AST68C253AA1E,CUST100076706,Router,Apple,9A902A6CF80C4CEB,2025-12-24,Active
AST31ABC9603B,CUST100000295,Router,Google,A091C2ABBC1C4C7A,2016-06-22,Active
AST8DEF1BCB15,CUST100081302,Set-Top Box,Nokia,D1E3469FDF35400B,2021-09-08,Active
AST9CE7D539D9,CUST100071868,Handset,Nokia,1D7EEC8DFDDA4764,2022-02-28,Active
ASTD78AC029B1,CUST100057571,Set-Top Box,Google,98A35F12D4B54D79,2016-05-13,Active
ASTCCCBB3D140,CUST100016419,Smartwatch,Huawei,4F9DBAB736E74EA5,2021-09-24,Active
ASTA2CF6EE03A,CUST100042742,Router,Arris,998BB6346863431E,2020-07-22,Active
AST522FBF5B28,CUST100060185,Handset,Google,C5E4D35F83F448E8,2024-01-04,Active
ASTF28E2B2754,CUST100063591,Handset,Google,D6DBDFD869364029,2026-05-15,Active
AST1305217D63,CUST100017832,Home Security Hub,Apple,F8F0CE031BF643AA,2018-08-26,Active
AST558C3AE7A9,CUST100012248,Handset,Samsung,71F43463591145BC,2020-06-19,Active
ASTA0E90C761A,CUST100097358,Handset,Cisco,3B5071ED03364C2D,2024-02-23,Active
AST44F313FD09,CUST100002678,Set-Top Box,Apple,C5739B6A309046BC,2016-08-26,Active
AST04E8ABF56F,CUST100068321,Router,Arris,D2F9C223A3FC416D,2017-09-11,Active
AST81B3797CDE,CUST100001751,Set-Top Box,Samsung,07E4DA760B814B86,2016-10-27,Active
AST9E484249CD,CUST100060482,Home Security Hub,Nokia,1674A93A32AF4599,2020-10-10,Active
AST71191CB97A,CUST100072348,Handset,Cisco,6F4A722900184F51,2023-09-10,Active
AST4D894B27B3,CUST100054394,Set-Top Box,Samsung,DFEEB4503B1A4192,2024-10-29,Active
ASTA80F3D32BC,CUST100037120,Set-Top Box,Nokia,76464156A4954369,2018-03-20,Active
AST6E97708926,CUST100060124,Router,Samsung,2A29B880419940A0,2021-12-14,Active
ASTB614877510,CUST100092339,Handset,Arris,CD6A58832E924EBA,2022-05-26,Active
AST091363CC24,CUST100002833,Handset,Apple,551B84E2B95245AD,2018-03-18,Decommissioned
AST0D37AE32B3,CUST100047624,Handset,Google,D191433FD25F4D85,2020-07-21,Active
ASTD0F14B9F12,CUST100087701,Modem,Huawei,37D74AF1C90C40FF,2016-01-30,Active
AST6FC15C26DD,CUST100014601,Router,Huawei,4A8BFF34644B447A,2022-01-04,Active
AST085F992908,CUST100052413,Handset,Arris,1229F157E23F4ABE,2018-04-14,Active
AST451A59AF9D,CUST100075186,Handset,Samsung,027F35BE49C8448F,2026-02-07,Returned
ASTDE2629B2D2,CUST100097195,Modem,Google,F8D2624FCFED4D98,2022-07-26,Active
ASTE79EA273D4,CUST100082354,Handset,Nokia,CA637016DE07421E,2016-05-19,Active
ASTBCE213A1B3,CUST100010246,Router,Huawei,044613FC4AE040B1,2020-10-25,Active
ASTE947DCBA43,CUST100082143,Handset,Cisco,CE21A25DD5904AC2,2020-08-01,Active
AST23599B76CE,CUST100002201,Handset,Samsung,7A95A1FFB50A4452,2017-07-27,Active
ASTB5CFEB1EB3,CUST100043757,Set-Top Box,Cisco,BB459FB0401746D2,2016-10-18,Active
ASTD6CE3F5489,CUST100040549,Modem,Apple,B36277BBA16A4EAB,2025-07-23,Active
AST4B99254711,CUST100098719,Router,Nokia,85E8CC82334C47B8,2016-09-19,Active
AST332E391FB5,CUST100074529,Modem,Samsung,D35B40BDDBD14DB8,2021-11-04,Active
ASTC4664F02D5,CUST100099786,Smartwatch,Google,B0F848E56107469F,2021-02-18,Active
AST85AB70DF26,CUST100019400,Handset,Google,28E2E9BBDD174F90,2022-10-11,Returned
ASTBBBAF98BEB,CUST100079667,Handset,Google,4B11B2F61A8F4AD4,2025-01-26,Active
AST7B97D4511F,CUST100036761,Handset,Google,8EC2018B8A40472D,2023-09-01,Active
ASTB8665FEA79,CUST100095127,Home Security Hub,Cisco,26D7657E90CC4099,2016-02-13,Active
ASTBD1C742DFF,CUST100039612,Handset,Arris,92B291B61E84489A,2018-06-28,Faulty
AST6CA6821C7F,CUST100078648,Home Security Hub,Huawei,64B643769C044BA1,2019-04-24,Active
ASTE627C6B414,CUST100084094,Handset,Huawei,AE4407B5024E43AC,2024-06-17,Active
ASTB109EF2641,CUST100042714,Handset,Samsung,C526B44C52A54948,2023-09-12,Active
ASTB958BEB6B4,CUST100057522,Handset,Samsung,C78EAC5672F74351,2021-02-09,Active
AST38A64A8987,CUST100012682,Router,Arris,7E696DD022904BEF,2017-06-18,Active
AST913F9C5B45,CUST100040214,Set-Top Box,Google,C557776DEEB347CA,2016-09-18,Returned
ASTF067C85253,CUST100096946,Smartwatch,Google,CE88B8008AAD45AF,2021-07-07,Active
AST2CF5181A55,CUST100010746,Set-Top Box,Apple,9D61C654561E4BA1,2018-05-13,Active
ASTEE4AD7B8A4,CUST100012833,Router,Samsung,25CDA0083DAC4533,2018-09-23,Active
AST2C8CEDB446,CUST100049433,Handset,Huawei,0076953FA55D4D45,2018-08-10,Active
ASTA4D0A8A179,CUST100026065,Handset,Apple,7C4D9D94B42B412A,2019-09-29,Active
ASTD874539787,CUST100016269,Home Security Hub,Nokia,39D9CAEFA0DF4FD7,2021-08-10,Active
ASTFF0ADADFDA,CUST100017312,Handset,Arris,309514EE425A45B8,2019-03-05,Returned
AST24690DD68F,CUST100041327,Handset,Nokia,7F27B2C1E1E84AD2,2021-01-08,Returned
AST0DF689F188,CUST100045136,Handset,Google,AFBAC098EC3D40E3,2026-03-02,Active
AST472EB81AD3,CUST100074250,Router,Huawei,B489366AC4BD4C92,2018-11-18,Active
AST0EC4394873,CUST100017123,Handset,Arris,6123F2E84BF04AD2,2018-12-28,Active
ASTF8BDF55FAE,CUST100019961,Router,Arris,C70C1332BEB44CD8,2018-07-03,Returned
ASTFEF743D0FA,CUST100059838,Router,Nokia,CFE246B949374518,2023-11-04,Active
AST8E7D7C7A8D,CUST100084557,Set-Top Box,Nokia,B23C8FCC9F824965,2025-11-06,Active
AST4FDC6E1D9A,CUST100019800,Handset,Google,4F096948272F4E07,2024-06-30,Active
AST59E323C83D,CUST100056155,Smartwatch,Cisco,E89DF7D547004F69,2026-01-10,Active
ASTF30798037E,CUST100024885,Handset,Apple,D31DAD3F2F90437F,2022-11-12,Active
AST1BEC4DEFA8,CUST100050456,Handset,Arris,2AC2F1A758A74DD8,2025-07-04,Active
AST40672D0521,CUST100089177,Handset,Huawei,2E929D2CBAC34290,2024-09-21,Active
AST54E2AC42BA,CUST100042408,Home Security Hub,Huawei,4E38F872A11B46C1,2017-07-08,Active
AST00869D52B0,CUST100095565,Router,Samsung,66F744A34E084DC9,2016-04-22,Active
ASTCD1C3BE119,CUST100009818,Set-Top Box,Google,0D13687A7D114501,2023-03-17,Active
ASTBA5127AFBA,CUST100010239,Handset,Huawei,1F4C3268B6484169,2024-02-29,Active
AST76D1FF32DA,CUST100002080,Handset,Apple,42155C6E14134CD6,2024-06-24,Active
ASTC38E01E393,CUST100043756,Handset,Huawei,57498A6C52B04CEC,2024-04-02,Active
ASTAE9ED94A01,CUST100013697,Handset,Nokia,8EB05D7239E241C4,2022-10-23,Active
AST180C97C3A0,CUST100062812,Modem,Apple,6CDE188D8DE54B63,2024-10-11,Returned
ASTDF432AECF2,CUST100057580,Router,Arris,9D9C2427D0FC4249,2021-08-30,Active
AST1AB4893E5B,CUST100035640,Set-Top Box,Samsung,219B1338F52249D0,2016-04-04,Active
ASTF5AFFBA9BA,CUST100019753,Router,Samsung,72B633B4B9C54240,2017-04-12,Active
AST54985E38BA,CUST100041222,Router,Apple,5B462E999F9743E5,2020-06-24,Active
ASTAF0C287670,CUST100005879,Handset,Huawei,09C410C85150433A,2018-12-08,Active
AST22D348FD50,CUST100079134,Modem,Arris,5CCDCCC0A8B64C4D,2020-04-20,Active
AST6FC247AF2A,CUST100068040,Home Security Hub,Apple,500EF03D9C8C416C,2017-10-25,Active
AST04F8E2127A,CUST100044669,Set-Top Box,Google,AC98602D587E4352,2024-01-27,Active
AST92E96F0DD9,CUST100090631,Handset,Apple,36A71EE5775D4A10,2021-01-31,Active
AST4AA0F69BCF,CUST100047328,Modem,Samsung,C77A754F325C4251,2017-04-22,Active
AST642B6E6DB3,CUST100011379,Handset,Cisco,D63FD011F6D04D27,2022-05-26,Active
ASTE2B1877407,CUST100007077,Set-Top Box,Apple,5FC8CEEE370F4177,2017-03-22,Faulty
ASTFCC74C7665,CUST100037260,Set-Top Box,Samsung,7FF11862FF8E41D1,2017-07-19,Active
ASTECB9A09191,CUST100026114,Set-Top Box,Samsung,B94CF79209004A4E,2025-04-15,Returned
AST55F3E29EB3,CUST100026002,Handset,Arris,C2FB759371DD4588,2022-09-18,Active
AST62C570C262,CUST100027856,Set-Top Box,Apple,FB2B18DBA44F484A,2018-09-06,Returned
AST5209F2FA80,CUST100065499,Router,Cisco,88B00DE180FC4BBC,2023-12-08,Active
AST95F22E4CE5,CUST100097107,Handset,Nokia,A252EB4E7A614CA2,2024-05-09,Decommissioned
AST6AF1950498,CUST100076447,Router,Samsung,B03C22C8B353444F,2022-03-18,Returned
AST55B9697C7D,CUST100094616,Router,Arris,D854E3BDCABF4136,2016-03-23,Active
AST43D7B6DFC8,CUST100005197,Handset,Apple,506E9063CDAA4E2A,2022-04-25,Active
AST181D8D9C9F,CUST100079359,Home Security Hub,Samsung,97A377C8DEB44897,2024-03-27,Active
AST6D99588F1A,CUST100040734,Set-Top Box,Cisco,AE854A9830E04AFC,2025-09-21,Returned
AST01D646F51F,CUST100091191,Modem,Nokia,9A927E39DCBA440E,2023-04-18,Active
AST7D6BEEC1C0,CUST100063877,Smartwatch,Nokia,B101E0ED125A4DF0,2022-12-23,Active
AST5B6D60944E,CUST100085580,Home Security Hub,Nokia,F6E872E556CA48C2,2021-12-24,Returned
AST91F1AB6B11,CUST100010120,Set-Top Box,Google,C7625715F087404B,2025-10-12,Active
AST1E487A1427,CUST100031544,Router,Huawei,8C5573D068F346AC,2021-08-04,Active
AST51C6F74032,CUST100017561,Handset,Huawei,697EED314F794D0E,2026-06-20,Returned
AST514ED35158,CUST100076597,Modem,Apple,59ABCF99AED94FAE,2016-01-09,Active
AST9517E53C89,CUST100088452,Router,Nokia,772E8046C5E144A1,2023-07-21,Active
AST585FEDDDCD,CUST100036063,Handset,Arris,CE2816CC4CE54E33,2022-07-29,Active
AST34D50CFDE9,CUST100085945,Router,Samsung,2C4A9436FF6E482A,2025-04-03,Active
ASTE1CA0DC42A,CUST100051148,Handset,Huawei,474045EED0A3424D,2018-09-02,Active
AST9423BF116A,CUST100028951,Handset,Nokia,EA0725EAE02D4CC6,2024-05-08,Active
AST8C1D0DFD55,CUST100015962,Handset,Cisco,478EF255D32442A3,2023-05-12,Active
AST99379F84A3,CUST100062617,Handset,Arris,F031CB84FC65406A,2026-03-26,Active
AST24B6C8BF81,CUST100027532,Router,Apple,6BB3881D57A047B2,2016-10-22,Active
AST734AFD31AD,CUST100085570,Router,Google,6A249781A8C041A7,2023-01-28,Active
AST0D5388B4ED,CUST100000090,Set-Top Box,Huawei,3B7292F1FC0E4C63,2024-09-15,Faulty
ASTD20A555A84,CUST100075139,Smartwatch,Google,2666FC9ED02940B9,2024-01-31,Active
ASTC9FF5ED642,CUST100076830,Router,Arris,0330D8B5B6534DEB,2016-05-26,Active
AST84ED2C13CE,CUST100019785,Set-Top Box,Nokia,10B9E1E994ED42F8,2023-07-18,Active
AST60C0BA98D2,CUST100025686,Router,Nokia,07D4F59BE67C4B25,2019-11-19,Faulty
AST99808CEBFF,CUST100018620,Handset,Samsung,6E77325E124A4217,2022-12-06,Active
ASTE2D3D85417,CUST100076265,Handset,Samsung,9B3668EAF90F435A,2025-10-23,Active
AST7E3E9D16F3,CUST100046488,Modem,Apple,D9362C1B905B4CF2,2019-05-26,Faulty
AST46A0619E8D,CUST100088339,Handset,Cisco,B1639EDFDA054DB4,2018-11-19,Active
AST363CE0EA12,CUST100055715,Handset,Arris,F35E9E7D41A2448F,2025-10-18,Faulty
AST1AB2E7B943,CUST100082836,Handset,Nokia,2A77FE59975946CC,2026-01-17,Active
ASTED323F6D55,CUST100075564,Handset,Arris,8F0BF3F2373A4F24,2024-04-05,Faulty
AST0F07790EE8,CUST100049797,Handset,Google,EB43A0F52BF04ABE,2022-11-14,Active
AST2FCB408A7E,CUST100047671,Router,Google,D8C8FEAD8B3D43AA,2016-09-01,Returned
AST49EBB64AED,CUST100037402,Set-Top Box,Nokia,7FA14E2E4B9841FD,2018-04-10,Active
AST22D7A64815,CUST100023339,Smartwatch,Huawei,346BF5943ADC4BA1,2023-10-19,Active
AST644DFD9013,CUST100024685,Set-Top Box,Samsung,8310975A89134A9D,2021-10-18,Active
AST665B57D80C,CUST100054857,Handset,Samsung,90732ABCDD4B448C,2023-09-22,Active
ASTAE61A82729,CUST100070491,Smartwatch,Arris,D6C140E62B534954,2021-11-02,Active
ASTCCA1414A53,CUST100080669,Router,Arris,D836D5973C5D4EAE,2021-08-25,Active
AST0E648F46E4,CUST100087034,Router,Huawei,A5BC8C59567E42C0,2023-12-10,Active
AST2DEBA387BC,CUST100063402,Handset,Google,E7C97825AF7A4137,2023-02-03,Active
ASTDF1E3D7D99,CUST100084958,Set-Top Box,Apple,3D5DF053FCDB44E3,2024-10-02,Active
ASTAB3A224B5C,CUST100005299,Home Security Hub,Nokia,8D1B1585C18D45BF,2023-01-26,Active
AST199D826AF2,CUST100044441,Router,Google,5158ADC90FCE45B4,2024-12-29,Decommissioned
AST82B1F04918,CUST100057179,Handset,Google,875A499E91E04C10,2022-01-17,Active
AST428A99F2D6,CUST100066669,Router,Apple,40C6E2931AE44AD5,2017-08-13,Active
AST9DA751417C,CUST100069108,Router,Nokia,EBCA9D269EE148FC,2020-12-23,Returned
AST993D614465,CUST100053388,Router,Arris,2FDEC3D3FE3C4FF3,2016-08-20,Active
ASTF648DA6F59,CUST100062277,Modem,Nokia,F00AD728B6C849DC,2024-03-24,Active
ASTF05E9A8E70,CUST100006334,Set-Top Box,Nokia,9FC398F9717A4BFE,2017-03-23,Active
AST87A11F901F,CUST100020759,Handset,Huawei,4A59EF7B50834795,2017-01-03,Active
ASTEE0CE43836,CUST100083988,Handset,Apple,976EAD2DE19A4F8D,2022-08-02,Active
ASTCDDF54D113,CUST100096487,Handset,Arris,1AE8ECDBA84A40D7,2016-01-12,Active
AST16C5C7CA6D,CUST100094118,Smartwatch,Arris,AB84649ECBD94AD7,2019-09-15,Faulty
AST0E3A36504E,CUST100001494,Router,Google,11442534475540C3,2025-10-23,Active
ASTF9EF81A482,CUST100047707,Set-Top Box,Cisco,C790CF03D0604D27,2020-10-30,Active
AST6C82317E57,CUST100037492,Handset,Apple,B0AF6FBB2F294EF0,2025-03-12,Returned
AST32EF6966D0,CUST100088356,Modem,Samsung,D7068B30162346A9,2020-12-11,Active
AST006634C84C,CUST100014898,Router,Apple,5E5612B02F544A98,2024-07-12,Active
AST1D8C9EC711,CUST100076444,Set-Top Box,Huawei,211E10F6E49F41E4,2019-05-28,Active
AST87920E36B6,CUST100033522,Handset,Samsung,D31F299D3B72452B,2024-07-01,Active
AST4CBD7AA397,CUST100063421,Router,Nokia,C2F65CA974694CED,2019-01-28,Active
ASTAF1B7B851B,CUST100080528,Home Security Hub,Huawei,0A5931949A374A34,2025-07-26,Active
AST27CB719636,CUST100020684,Router,Apple,E37A00DDDF82462C,2016-04-19,Active
ASTFC26643B13,CUST100053163,Handset,Arris,45D49437D0A9452F,2019-02-04,Active
ASTEF2276EAB8,CUST100047018,Handset,Samsung,96EB2033A3744939,2017-08-05,Active
ASTCC45A2A49E,CUST100041033,Set-Top Box,Huawei,35CDC91A26C6473A,2023-01-03,Active
AST20F061569F,CUST100057701,Handset,Nokia,C6816735DCCF4AE5,2024-10-08,Active
AST1EF1E1B25C,CUST100001059,Router,Arris,1F7B5C52331B4369,2017-03-24,Active
ASTDC08AF142A,CUST100045993,Handset,Huawei,A624078285E6458C,2024-09-26,Returned
AST8B0033124A,CUST100090127,Handset,Apple,5D19777783A542D3,2025-05-27,Active
AST14469FDA81,CUST100051461,Handset,Google,586E674048C8458F,2022-07-05,Active
ASTCC4836C132,CUST100070648,Home Security Hub,Cisco,236321D0C4B24F07,2019-03-21,Faulty
AST2AC4268F90,CUST100072669,Set-Top Box,Huawei,0680F467E8D3413E,2017-11-19,Active
AST654336900B,CUST100010505,Handset,Google,F5E7E49FABCA4394,2016-09-16,Active
AST8BE668D657,CUST100069834,Handset,Cisco,0FCEF65D15F545E4,2020-11-10,Active
ASTB0F8A897AC,CUST100075599,Handset,Arris,7EB72651DE0C4691,2020-06-25,Active
AST7004CA9077,CUST100041878,Set-Top Box,Samsung,B72618A8A0044833,2019-11-15,Active
AST2776418305,CUST100034127,Handset,Apple,AD655C4394454136,2025-09-28,Active
ASTDCE8C8473B,CUST100088203,Smartwatch,Cisco,700B19C29F124B3D,2023-03-26,Returned
AST213713FB84,CUST100073588,Handset,Apple,681BD35B8B434879,2023-06-02,Active
AST95856071C1,CUST100028009,Router,Google,00073C010D5C4A0C,2024-02-22,Active
AST37D429DD29,CUST100010513,Set-Top Box,Huawei,4DDAFE7EE73341ED,2018-10-31,Active
AST41E2AC0AF8,CUST100002337,Router,Samsung,5165CBE9646945A3,2020-05-04,Faulty
ASTA1BC5522F6,CUST100029808,Handset,Google,03CB1DEAE4904A59,2019-11-29,Active
AST2DACC17446,CUST100093357,Router,Google,6FFFCFC2A6604BD4,2017-03-18,Faulty
AST99E13F2A16,CUST100001790,Modem,Huawei,C9F55034961A419C,2023-04-09,Returned
ASTB70097AE8F,CUST100017296,Set-Top Box,Nokia,A40FF3F469A14A6D,2024-05-24,Active
ASTFB5FFB867F,CUST100082453,Handset,Nokia,2AD90090A8844D05,2019-02-23,Active
AST7426BEB869,CUST100054609,Router,Nokia,AE1AD99D9C5B44CE,2022-11-13,Active
AST0E99CCBCFA,CUST100045702,Handset,Samsung,F621D60A46634808,2022-10-14,Active
ASTD6D3D90577,CUST100069342,Set-Top Box,Arris,B2CF658A19954492,2024-11-05,Active
AST2A55104C66,CUST100085364,Handset,Cisco,8078BCBB4806440D,2024-12-04,Active
ASTDB0920129D,CUST100080860,Modem,Google,A7AFB76C8E8B497E,2024-04-23,Active
ASTBF63230832,CUST100039276,Handset,Arris,98664670B6F14A2C,2024-02-13,Active
AST897BCEBC8A,CUST100038298,Set-Top Box,Nokia,5172271AC91840A8,2020-06-19,Active
ASTCDA2ABFFBF,CUST100052361,Modem,Google,973BCC6302CA4C76,2017-07-11,Active
AST616632172F,CUST100029062,Router,Huawei,A6D1262A3D334682,2023-11-18,Active
ASTA40FF8ED9E,CUST100014130,Smartwatch,Cisco,FA29BDE8AFDC400F,2017-08-26,Active
AST8FD725B5E6,CUST100043661,Router,Samsung,84003CA5135644C9,2018-06-30,Returned
AST8585B2FE0F,CUST100049923,Handset,Google,BC48454A313849B5,2023-07-13,Faulty
ASTF0B9FBE8D6,CUST100079827,Smartwatch,Google,6ECF92A4798A4C1D,2018-11-19,Faulty
AST77FF03ACBB,CUST100044285,Handset,Cisco,F955CD9DBBC74549,2021-11-12,Active
ASTA83AAEAB24,CUST100041213,Home Security Hub,Arris,DC23A397D70B4A62,2023-08-03,Active
AST8F19FF7F52,CUST100005778,Smartwatch,Arris,30EC23ABE2024F92,2023-04-03,Active
ASTC285A57AEF,CUST100042964,Router,Samsung,068FB465F1224CCD,2022-08-19,Decommissioned
ASTBE0F5BB046,CUST100037886,Handset,Apple,1F2F52ABA67943AC,2019-03-05,Active
ASTE63A0B14B0,CUST100020767,Handset,Samsung,D664EF478BCE492F,2017-04-18,Active
AST5A0A1D0AD1,CUST100077439,Handset,Nokia,C3228F4239C540EB,2022-07-04,Active
ASTD597C50363,CUST100078053,Home Security Hub,Huawei,6372B376D8B040C9,2019-02-07,Active
ASTAB679FD509,CUST100094240,Set-Top Box,Apple,E1EF4B9DA4764FD5,2021-11-13,Returned
ASTA7FAD5F8C6,CUST100094293,Modem,Apple,977960E4AE6F431C,2025-01-31,Returned
ASTBD38718191,CUST100031388,Router,Cisco,393C4F8FD73E4A6B,2016-09-18,Active
AST71E7967C5E,CUST100091921,Router,Samsung,CD0F8575FFF74C25,2021-05-28,Active
AST29F5D0EB73,CUST100039986,Smartwatch,Apple,BAEC260FAFF14731,2026-05-10,Active
AST64E1903866,CUST100040240,Handset,Cisco,E4DECEE024CC4526,2023-11-08,Active
ASTDD8937451E,CUST100012268,Modem,Google,7A42C9844A564496,2023-11-12,Active
ASTB4D7EACB71,CUST100096396,Handset,Google,509F8D512DD04F3B,2025-05-11,Active
ASTE190205D69,CUST100093809,Set-Top Box,Nokia,175100B3CFFC46D6,2021-11-01,Active
AST5E29F3AD8B,CUST100018182,Handset,Samsung,5C15CA8E160B4CED,2020-07-27,Active
AST51E9C97572,CUST100024323,Set-Top Box,Huawei,C7210BD30C6C4031,2025-09-14,Active
AST363D4026E6,CUST100054507,Modem,Google,3CBAF06D6A314CCE,2021-07-31,Active
AST515A8CD3AF,CUST100078521,Router,Google,8F9335A29C7A4883,2016-04-13,Active
AST2233570C72,CUST100073594,Router,Arris,56C5F13030B640B4,2022-09-16,Active
ASTD813405F1E,CUST100093948,Handset,Nokia,AF2F0D290F034924,2017-07-05,Faulty
AST3D7A50495F,CUST100055492,Handset,Huawei,510D000101B44284,2020-12-03,Active
AST75A6FEE533,CUST100011486,Router,Apple,159DC05CB1124A66,2019-12-07,Active
AST18F8B17538,CUST100055635,Handset,Arris,729A9AA352E143B0,2019-04-08,Active
ASTD615D34FD9,CUST100032917,Handset,Nokia,D3AAF7CDEB3848BA,2016-08-12,Faulty
ASTAEEF70548E,CUST100062445,Handset,Nokia,F4921F5599514E99,2022-05-19,Active
AST6B6A8F00C5,CUST100050222,Router,Arris,B1916E79663544E1,2024-11-10,Active
AST3F213776FD,CUST100070283,Handset,Samsung,C722737F742E4072,2024-10-03,Active
AST930442CDCC,CUST100049378,Router,Arris,08623AF370D747E9,2025-12-27,Active
AST81CF21DD13,CUST100091345,Set-Top Box,Cisco,2F99A784C2C6426E,2023-03-09,Active
AST1393E6E72F,CUST100061921,Handset,Huawei,1C15CFC8678E4A65,2021-09-11,Active
AST1D93D88E48,CUST100097133,Handset,Google,83451ACCBB7346AD,2026-01-05,Active
ASTA5684493FB,CUST100058030,Handset,Apple,BCF29E568828439F,2017-07-11,Active
AST18DFC6351F,CUST100083693,Router,Apple,7621464FC1494C24,2018-11-27,Active
ASTB3EF9EBD58,CUST100030863,Router,Arris,21410D7808DD4F3E,2019-02-25,Active
ASTDC51643E5D,CUST100059914,Router,Apple,F08D3B575E0D4607,2020-03-20,Active
AST8CA5B4C8D1,CUST100082393,Router,Google,AFB53A46BD1F44D8,2025-09-29,Active
ASTEA5F50B0A6,CUST100000816,Handset,Huawei,BC6A64EFD66C4F0D,2023-02-15,Active
AST3FD97784F7,CUST100098983,Handset,Arris,23274740594A44B9,2022-11-02,Active
AST59B29AB4C7,CUST100004091,Router,Google,8A7C3DD2EA3942D2,2026-01-02,Active
AST8B377270C0,CUST100058981,Set-Top Box,Google,D362695E5E3144CF,2022-10-11,Returned
ASTF535394A9D,CUST100033858,Modem,Arris,56479750212043C4,2023-08-17,Active
AST73E69E657D,CUST100061111,Handset,Cisco,2CCC4A6AB5F64D12,2016-11-22,Active
AST74C3A618B2,CUST100059911,Home Security Hub,Apple,E5A9A9B6CAAA40E8,2024-04-24,Active
ASTCCB2874298,CUST100063721,Router,Nokia,64FA90C09E7B45C4,2016-01-06,Active
ASTD6B26CF0B1,CUST100012701,Router,Cisco,0622F180CEF74ABC,2017-06-03,Returned
AST8740FD3652,CUST100090351,Handset,Samsung,88A26C9610B5429E,2024-09-01,Active
AST02E1CAD6E3,CUST100059986,Home Security Hub,Google,A64B91EC28A944F2,2026-04-19,Active
AST1ABB41BE08,CUST100081842,Set-Top Box,Apple,61F24E8B8A924947,2024-06-13,Active
AST450B26D54B,CUST100009751,Handset,Arris,E67154296AF04DAC,2024-05-26,Active
AST05E621A90D,CUST100008551,Router,Apple,FCDA290A302240C2,2018-01-31,Active
AST5701E3BA6E,CUST100093449,Handset,Arris,B374A785C8C447AE,2023-08-15,Active
ASTB67D10D0B2,CUST100036556,Router,Arris,40E66DF08E5D4F1B,2019-09-24,Active
AST4819A01A59,CUST100019350,Handset,Google,3A248D1EB8FD49F2,2016-05-04,Active
ASTA1B6905B7B,CUST100041039,Modem,Cisco,817D665E31884306,2023-10-08,Active
AST9B82F557BD,CUST100009558,Handset,Arris,0DCD084092E148C3,2016-09-26,Active
AST4FDDD4AE0A,CUST100003204,Handset,Arris,C43C24D7BAD84D25,2025-01-30,Active
AST6130DD9DB1,CUST100063557,Handset,Samsung,5318EC43B1934D8A,2022-01-17,Faulty
AST0DEC6FC7E2,CUST100040206,Handset,Nokia,74C3DBC33C0E4E7A,2026-02-27,Returned
AST9BD619700F,CUST100041995,Router,Apple,C388B2F4578F497F,2024-07-04,Returned
AST1472529DAF,CUST100011335,Router,Google,84158EDC91034C66,2021-05-18,Active
AST9658BE16BC,CUST100036453,Handset,Huawei,7D7007B2ED404605,2018-05-13,Active
AST61E46883AC,CUST100096368,Set-Top Box,Nokia,DC994DA789394E6B,2020-05-01,Active
AST68BEFF0D75,CUST100027555,Handset,Cisco,FF6FC1E352BA46CF,2023-05-22,Active
AST54C9DA4A6C,CUST100017207,Handset,Arris,B250910B1351418B,2021-08-17,Active
ASTCFD51F7CA6,CUST100051486,Home Security Hub,Samsung,06AD70C41D1E4285,2018-05-11,Active
AST4A9346464D,CUST100031042,Handset,Google,622B3531293D4699,2018-06-22,Active
AST997F5416EB,CUST100019882,Router,Google,C4BDBCBBD57A44FB,2023-11-07,Active
ASTAD70AFE307,CUST100068977,Set-Top Box,Nokia,06B32941A40D41DE,2022-10-15,Returned
AST4622D89B9B,CUST100084232,Set-Top Box,Huawei,3279208CAA854001,2018-03-18,Active
ASTC925657CEA,CUST100099276,Handset,Cisco,8874982E851E4472,2021-08-19,Active
AST24CFD1B24C,CUST100096159,Router,Cisco,EF56F91803494685,2016-09-20,Active
ASTFB0D64C19F,CUST100010193,Handset,Huawei,E830FAD0C0B44220,2016-07-01,Returned
AST3BD1D63EA4,CUST100021455,Handset,Nokia,A62A334F9E734595,2022-10-27,Active
AST7945977E6B,CUST100045233,Handset,Huawei,F845E395DEAB4EE9,2022-10-31,Active
ASTCBDB630E77,CUST100086350,Home Security Hub,Arris,4C49CBF4781147B5,2024-12-01,Faulty
AST43EADB1F6A,CUST100049662,Modem,Apple,DFF27C534A5B4872,2018-08-24,Active
ASTD8817323FF,CUST100045435,Handset,Samsung,D8DD64F7C5794FF2,2024-05-20,Active
AST5FA141296A,CUST100085141,Handset,Arris,8542EAFD17DC4CB1,2016-09-20,Active
AST04B8A38C7B,CUST100054320,Router,Google,C4E334993E4A43F8,2016-05-12,Active
AST462EFD0DF3,CUST100016097,Handset,Samsung,3CA77DA833E24E72,2022-08-16,Active
ASTEE9DF3B8E1,CUST100045842,Handset,Huawei,04A3C8BC4A6F4227,2026-05-26,Active
AST8F52A2CC0E,CUST100071824,Router,Google,CFD0D2666C994CE6,2019-05-23,Active
AST415C1D56D1,CUST100083864,Set-Top Box,Nokia,578463F689D14FBF,2018-11-23,Active
ASTDEC1A9388A,CUST100091177,Handset,Apple,8E4A1DB66AC2425B,2021-02-09,Decommissioned
ASTBC5539940B,CUST100082834,Modem,Arris,906747B97330400D,2019-02-26,Active
ASTFFE129270C,CUST100020290,Router,Arris,59C1DAA1F93D4061,2017-12-13,Active
AST0FF788C2C0,CUST100008725,Set-Top Box,Apple,2F0AB0B57B9A49CE,2024-02-08,Faulty
AST332BAAD021,CUST100086796,Modem,Nokia,9CB18CA54E0A4B11,2022-09-17,Active
AST54EED21664,CUST100053778,Router,Huawei,285C7CE4F9894AE3,2023-12-12,Active
AST10F5341FC4,CUST100073296,Handset,Nokia,BAD374FB44DA4957,2022-06-19,Active
ASTD21A088813,CUST100003550,Handset,Arris,D41CB02DFE1E45EA,2018-09-04,Active
ASTD38E77BC72,CUST100002058,Handset,Cisco,F7BFF1F9497F41A5,2021-10-08,Active
AST2B4DA16058,CUST100044178,Router,Huawei,7F7195FBAA5E408F,2025-06-02,Active
ASTDC616864AD,CUST100040315,Handset,Samsung,F70907F9FB16459C,2020-12-21,Active
AST92A2B26956,CUST100003405,Modem,Nokia,40D664BFB9414434,2020-06-10,Active
ASTC5ED779E7C,CUST100012996,Handset,Arris,C9E2FC98CC3442A6,2024-09-15,Active
ASTE99085B465,CUST100056931,Handset,Nokia,0BB3DC7334F842FB,2021-07-15,Returned
AST1FDE3E2B0D,CUST100020066,Handset,Nokia,763E198D31924015,2021-10-14,Returned
ASTB4054C3DCA,CUST100072934,Modem,Cisco,CDB388BDAC894879,2016-02-01,Active
ASTE22400A3B0,CUST100081819,Set-Top Box,Arris,94B14172E6FE422A,2018-01-15,Active
AST196394EF2C,CUST100062717,Modem,Huawei,A68A814F74C94EEA,2020-06-30,Faulty
ASTBE0AEF2641,CUST100079650,Router,Cisco,F24D8B4953C741C3,2016-12-01,Active
ASTCA5F133BDA,CUST100053108,Handset,Cisco,A134B92F61CA4795,2016-08-20,Active
ASTF78592E8C1,CUST100024550,Router,Cisco,CB68E1A1E0184BC3,2022-08-05,Active
AST4963A8559A,CUST100026898,Router,Nokia,9BE14DFE5EDE4C89,2024-04-21,Active
ASTB57183F56C,CUST100060123,Router,Cisco,AFAF8B9652FA48A2,2021-12-30,Active
AST0D73945D1A,CUST100065014,Modem,Cisco,84E39ADE295B4291,2017-11-07,Active
ASTE1BAB1D7AD,CUST100023205,Modem,Apple,BD4AA04FFBED4DAE,2022-09-16,Active
AST8AB01AF768,CUST100076151,Home Security Hub,Apple,5FB27533DD534D3F,2019-05-04,Faulty
ASTAEEF18821D,CUST100089071,Handset,Huawei,5E4A650A388843A2,2022-02-05,Active
AST9DB7775693,CUST100036563,Handset,Arris,8548CCEC357F4468,2024-05-27,Active
ASTBBC5E591B7,CUST100075918,Router,Nokia,E174A0675C33414B,2026-02-21,Active
AST8E96EA85DA,CUST100034656,Set-Top Box,Samsung,25CD2D9F1D0A4BBB,2021-05-04,Decommissioned
AST37DD8A5E3C,CUST100057757,Set-Top Box,Arris,9FFEF8484DC84603,2021-05-05,Active
AST4B5CC01C69,CUST100003360,Handset,Samsung,954C9CFBCBCC4F45,2016-05-29,Active
ASTC12565A4D1,CUST100000031,Router,Huawei,3F87DDBB0A64420C,2021-11-01,Active
ASTFB18D49235,CUST100072158,Handset,Samsung,DBA865EE6FB14447,2016-03-29,Active
ASTE402E350CC,CUST100089198,Home Security Hub,Huawei,BC4D3145DBA14351,2017-12-07,Active
ASTB06BA51527,CUST100025525,Modem,Apple,405A3111D6954517,2023-06-16,Returned
AST8B7E5EE671,CUST100003368,Router,Google,7A941E88D15A42CA,2023-02-08,Active
AST0B83D6D49D,CUST100028058,Set-Top Box,Google,778C94F8649746C1,2022-10-25,Active
ASTFA69A97B54,CUST100053922,Handset,Apple,B5D9C87AC3E54164,2017-05-14,Faulty
AST74A28A6715,CUST100018338,Handset,Huawei,41240B12DE0D4D01,2024-12-24,Faulty
AST85FA59D98E,CUST100094496,Handset,Cisco,47A8E77DBD794469,2022-01-02,Active
AST6553A19517,CUST100022317,Router,Samsung,1E60C75FEB3F4214,2019-11-04,Faulty
AST9DBCCF4701,CUST100031601,Modem,Apple,C97885EF7775493D,2016-06-15,Returned
AST305E07524F,CUST100078131,Handset,Arris,C3DA7B3840854849,2021-09-20,Active
ASTB283E8A67C,CUST100008987,Modem,Arris,284B4E1AB4B24C00,2020-01-14,Active
AST5B72275437,CUST100035520,Set-Top Box,Cisco,674CFC394C3742B4,2019-06-09,Active
ASTFEF856E7A7,CUST100047101,Modem,Huawei,BEA4D153E0B84C08,2025-05-06,Returned
AST120B24DBCD,CUST100036622,Router,Arris,A807B1507EF0423B,2016-01-06,Active
AST0C3C2190F9,CUST100020407,Router,Huawei,E14A0E8A3D634862,2017-10-18,Active
ASTD041E6B10A,CUST100044513,Set-Top Box,Google,639A0ED2EFC248ED,2018-09-04,Faulty
AST83017E4C8D,CUST100079014,Handset,Nokia,4B8C3030D2B1431C,2019-12-24,Active
AST1894B06700,CUST100078079,Handset,Nokia,832647FE9754482A,2022-09-03,Active
AST65A0AFE3AB,CUST100031903,Set-Top Box,Arris,9246BA13E6044433,2024-08-29,Active
ASTE7631596FA,CUST100057122,Router,Cisco,6B4394C1BF6F433E,2017-01-03,Active
AST15904298DE,CUST100002531,Router,Google,E9775F89E0B3460A,2024-05-14,Active
ASTB08B840373,CUST100064951,Handset,Samsung,0491D207730F4284,2024-11-07,Returned
ASTDF64EAF91F,CUST100048579,Handset,Samsung,84265A82B6654F29,2022-08-27,Returned
AST6150AC8150,CUST100090319,Router,Apple,05CD4E841D634EC5,2024-02-16,Faulty
AST8BA6FF791B,CUST100084508,Modem,Apple,5EB0209717214F95,2025-01-20,Active
ASTC265C4978D,CUST100041324,Router,Nokia,10F460A926DF4923,2019-11-15,Active
AST30531535EE,CUST100069968,Handset,Samsung,69CE57984A3343A1,2019-02-04,Active
AST75393DF85B,CUST100070990,Set-Top Box,Apple,9591E622FC5D46A5,2025-06-03,Returned
AST3F86EF77D3,CUST100068094,Home Security Hub,Cisco,73A950057E134E50,2023-01-17,Active
AST0DADEC1762,CUST100008304,Handset,Google,D2476C97C497442E,2025-03-05,Active
AST0925CDD0D2,CUST100009678,Router,Google,D0A6C2D6D2174857,2021-05-08,Active
ASTFD73DE1202,CUST100058659,Set-Top Box,Apple,FB6EEB570BC24E2F,2019-11-11,Active
ASTED093410D8,CUST100006671,Router,Cisco,002255A9C047446B,2021-04-13,Active
AST7E00E69709,CUST100016922,Smartwatch,Samsung,A115231ECD19459A,2025-07-27,Faulty
AST7ADBD3A7DF,CUST100069339,Handset,Huawei,86349520478B4E3B,2021-03-01,Active
ASTD04D876439,CUST100061729,Modem,Huawei,17FEC732A2C64E99,2018-10-24,Active
ASTE51EB180F3,CUST100082188,Handset,Nokia,3E2F727598714745,2018-10-11,Active
ASTC43DF4E88A,CUST100096501,Modem,Arris,135F6F2587EB4AF0,2025-09-14,Active
AST7278761BEA,CUST100085605,Smartwatch,Arris,622C1C2887754CB1,2023-04-03,Active
AST4CF8608CFE,CUST100059990,Handset,Apple,9A199949C47C4A3D,2024-06-08,Active
AST89859EB8BA,CUST100064990,Handset,Google,F30D6541954C43B6,2022-05-28,Active
AST43D7C72859,CUST100049980,Set-Top Box,Cisco,7A2BFEB1C2AE4DBB,2018-04-16,Active
AST8000D630AC,CUST100018192,Home Security Hub,Apple,4EDB9D154BFD49EA,2024-10-14,Active
ASTEA87B443BE,CUST100065935,Set-Top Box,Huawei,5A4E060874DB46CC,2019-07-02,Decommissioned
AST7E1AF2D34A,CUST100073959,Modem,Arris,400B47A0406E4CEB,2026-01-28,Active
AST189EF0C7B3,CUST100033930,Modem,Huawei,579F7F04AA7C428F,2025-09-19,Active
ASTFB4603BD23,CUST100010900,Handset,Nokia,48E92F74B4A34A2A,2021-11-01,Active
AST32FB4E25B1,CUST100039185,Router,Huawei,A5D1CB71A64E4CF1,2017-04-20,Active
AST1A87FD08DB,CUST100066825,Set-Top Box,Apple,7DEA0C512DFD4B4E,2021-12-27,Active
ASTD67EAE6B8B,CUST100027234,Handset,Nokia,7EF357FD27FB46BF,2016-10-10,Active
AST7171802BB1,CUST100036130,Handset,Nokia,0DA6D145C41444B1,2023-03-29,Active
AST969046D639,CUST100064663,Router,Google,F2CD1FB984814B29,2017-01-03,Active
AST7B1D30CD2D,CUST100025892,Router,Arris,6FA8C66A76634F3B,2020-02-09,Active
AST53D12B846D,CUST100017438,Set-Top Box,Samsung,9963AF94B3E14EC3,2020-02-06,Active
AST1539B924EF,CUST100006444,Smartwatch,Arris,7BBEEDC88D0A4D8D,2016-08-26,Active
AST92BFEC453B,CUST100069435,Router,Huawei,12AF582B208D489A,2026-01-25,Active
AST78A7394D55,CUST100054535,Router,Google,D6B14CF721DC40E9,2023-12-06,Active
AST45E99F887D,CUST100008088,Handset,Arris,290DE27B8EEE43FC,2017-09-06,Returned
AST3601ED15A9,CUST100061483,Modem,Cisco,B185696CDF724AD9,2024-01-18,Active
AST680F09D03D,CUST100053975,Modem,Samsung,0153E0839F6E47A9,2020-11-22,Active
AST10060A6616,CUST100004462,Handset,Apple,A813DB3764A24F33,2026-03-20,Active
AST9CF2DFB9E7,CUST100003909,Handset,Huawei,C7E5B2838FB34EF5,2017-04-10,Active
ASTB121B479C1,CUST100034997,Smartwatch,Apple,9DA52CDFE0C446F5,2018-05-20,Active
ASTDB9E62D4E2,CUST100004482,Smartwatch,Cisco,2B6A6DEA554E4BEB,2024-10-03,Active
AST1BBAB8EEF1,CUST100015509,Modem,Samsung,5E74D671FF194899,2025-05-11,Active
AST1F823B2DE8,CUST100098517,Set-Top Box,Samsung,35D110DFABEF412F,2025-11-06,Active
AST5F7E551E2C,CUST100074291,Router,Arris,8CD228C9717D45F6,2021-02-02,Active
ASTEDBAA5823B,CUST100040803,Router,Nokia,37863A690BC34C9E,2017-03-13,Active
ASTF037F13F4F,CUST100072864,Handset,Huawei,DDA27291FDEF49FF,2025-04-11,Active
AST489F6A7C05,CUST100040628,Handset,Samsung,AFF32E62AC144FEC,2016-12-19,Active
ASTFE106E3AA3,CUST100058656,Router,Samsung,9C098FCE963E4D39,2020-07-27,Active
ASTD8D15B82DA,CUST100077096,Handset,Google,C3DB1F2BDB254362,2026-02-25,Faulty
AST0BDAC15698,CUST100023950,Router,Apple,CC4148E1BF044042,2021-10-25,Active
AST907C99DCF8,CUST100083685,Handset,Arris,3DDFD58B05754B04,2024-07-31,Active
AST2ADE7E03CF,CUST100004532,Router,Google,A0488D0B2FAA4EDE,2023-01-07,Active
ASTCB5D3BA9CF,CUST100004533,Smartwatch,Huawei,62189449CABF4F39,2020-10-21,Faulty
ASTA0D05E7DED,CUST100066736,Router,Google,0EC75EC9593D4C00,2018-05-16,Active
ASTEB2FF3C631,CUST100076228,Handset,Samsung,4CE0D2B55A6C4DA7,2019-12-01,Active
AST9ABF025D54,CUST100097148,Router,Nokia,69412E69ACA94C42,2023-09-07,Active
AST362D44B89E,CUST100060619,Handset,Google,2A674604D0E341EB,2019-10-28,Active
ASTD2B6AA272F,CUST100001601,Modem,Arris,DC3893518B554930,2019-05-13,Decommissioned
AST2DA2E5FFE6,CUST100017100,Smartwatch,Samsung,A52782BFB8C34BB4,2019-11-10,Active
AST0CD7C8D097,CUST100062326,Modem,Samsung,2EF55F7E3B174026,2020-02-16,Active
AST5CB32A47EC,CUST100097849,Smartwatch,Nokia,41C2DABAE0A847C8,2022-01-11,Active
AST6AE70425D6,CUST100073246,Handset,Cisco,82B24E414D4C4957,2023-01-01,Active
AST6BFB074730,CUST100056511,Router,Google,D3B11121F9B24AF1,2016-10-13,Faulty
AST52E9E953FD,CUST100083613,Handset,Apple,1513BAD54F984153,2016-02-06,Active
AST77C5919EF3,CUST100037034,Handset,Samsung,78B2F0CAE3424F57,2026-02-12,Active
ASTA81DCB013C,CUST100057339,Router,Samsung,6198ED01865449D5,2019-11-04,Active
AST03261BC173,CUST100020829,Handset,Cisco,8057718B513D451B,2023-04-05,Active
AST519F5FAD9D,CUST100075667,Handset,Google,34676DC26961492C,2026-01-31,Active
AST7FAC9C3E33,CUST100035651,Handset,Nokia,4F889A5D19EA4ECA,2022-06-02,Active
AST638DB0F911,CUST100087965,Handset,Nokia,4C38D13DBF014BDE,2020-09-24,Returned
AST1E37AF16E6,CUST100057390,Modem,Nokia,23CA4198A60A4937,2018-06-07,Active
AST8306C6D7AD,CUST100094014,Handset,Apple,2858353687FB46BB,2022-11-26,Active
ASTCFFA83C8F9,CUST100056899,Set-Top Box,Samsung,78BDEBFEFC2349B6,2018-03-07,Active
AST2A0B970BE7,CUST100005448,Handset,Google,52D67A061CEA4F75,2017-04-03,Active
AST02EECC221C,CUST100024204,Modem,Samsung,1254A0822FC04F8A,2017-01-22,Active
AST2EDDD52CAB,CUST100095512,Modem,Apple,BC1B5342392A4864,2019-02-16,Active
AST22EEB82DEC,CUST100082316,Handset,Cisco,CACFC0AAC05142DF,2025-06-15,Active
ASTA834FFFE1E,CUST100017048,Modem,Cisco,1E64E58561AC417F,2020-07-10,Returned
AST1016BB0611,CUST100036756,Set-Top Box,Samsung,358CD99C2E58468A,2018-06-02,Active
AST69AA0DF8E9,CUST100058352,Set-Top Box,Nokia,B8C55C19B21C4C75,2025-10-25,Active
AST96C4CAE3AE,CUST100030545,Router,Nokia,F81783AF200C403C,2016-09-03,Active
AST71F4235BE8,CUST100084843,Handset,Huawei,14F15146416746ED,2022-04-22,Active
AST24E0547A6B,CUST100096693,Router,Apple,C5747F5AF48C4E0C,2022-11-26,Active
AST453BEF50FA,CUST100015459,Router,Cisco,1D913ADC8280442F,2023-05-19,Active
AST2E52904B2E,CUST100033597,Handset,Nokia,6E75575A44E54604,2020-09-13,Active
AST67BC8471D1,CUST100089468,Set-Top Box,Arris,99F7EB0630CF4375,2022-05-21,Faulty
AST2DDF32300A,CUST100030714,Modem,Nokia,3BADFE52A3014E45,2021-11-15,Active
ASTCBF0F5664A,CUST100071694,Router,Cisco,D53E75D824234A18,2017-04-30,Decommissioned
AST4626F44B71,CUST100032206,Set-Top Box,Cisco,3273DA0D4DB341A3,2018-01-27,Active
AST7477AEA3E6,CUST100055818,Router,Google,6D6B2563576B4B15,2021-08-09,Faulty
AST5CFCFF2FD0,CUST100023757,Modem,Google,A2A0C3B196EE4CC0,2020-06-25,Active
AST962CEBD247,CUST100096249,Router,Nokia,71395119A7A34FA0,2025-12-03,Active
AST23427FEF45,CUST100072055,Set-Top Box,Google,A0144E0D73B64160,2018-06-16,Active
AST55F717F0EF,CUST100009918,Router,Huawei,88D6FA13BA5E4820,2022-08-02,Returned
AST725F6F917C,CUST100088442,Router,Nokia,4807A010B1EE476A,2025-05-27,Active
AST88477267CD,CUST100023267,Modem,Huawei,8E35DE3F336A485C,2020-07-10,Faulty
AST92E10D1FD3,CUST100079452,Handset,Apple,650D1BC279814C89,2019-05-24,Faulty
AST9BAD42DD4C,CUST100074272,Handset,Nokia,FFA400FE0E81418B,2018-08-05,Active
ASTF18042990A,CUST100081871,Router,Google,CFBA1A6297804DE6,2023-04-18,Active
ASTC2E62F68B2,CUST100048473,Set-Top Box,Apple,7E6E0A8F56CE46C1,2018-09-20,Active
AST34819E8D5D,CUST100053593,Handset,Nokia,6D64124C804945B5,2017-02-10,Active
AST16659E387E,CUST100064051,Handset,Huawei,40C1C055289E4476,2020-01-05,Active
ASTDF4F9A0F46,CUST100020107,Modem,Google,1EADA08158D8459F,2024-07-09,Faulty
AST358B01AA0C,CUST100047735,Handset,Nokia,C4B0E05549FC45E2,2016-12-20,Active
AST89CB0F29E6,CUST100021968,Modem,Apple,DECA0FD7303B4BDA,2024-10-17,Returned
ASTAC1AE2B5CD,CUST100051185,Set-Top Box,Huawei,30DB5FA8C0A34011,2026-05-08,Active
ASTDC9683FB08,CUST100028364,Set-Top Box,Cisco,9CE318CFA7D74806,2024-06-19,Active
ASTECCD4045CF,CUST100066695,Handset,Huawei,026916BE61384234,2018-09-04,Active
AST69FA33B642,CUST100014849,Handset,Huawei,8A9000AB747643F3,2019-06-14,Active
ASTB8C0F9965B,CUST100005670,Handset,Google,E90876270F4C45A1,2019-07-21,Active
AST0DEC6C927B,CUST100087524,Set-Top Box,Huawei,66AA96C24ECF474A,2018-01-31,Returned
AST35F6E31E4F,CUST100051707,Set-Top Box,Apple,5E3B17B9C4DA4AF7,2018-10-14,Active
AST9C037A1D2C,CUST100059902,Modem,Apple,4682FF9C130E42BB,2019-04-09,Active
ASTC9C2D8D5F2,CUST100074456,Set-Top Box,Arris,6D5A605BF7514B55,2019-01-08,Active
AST4139B496E9,CUST100008366,Handset,Google,CA9F54C84DB24AA1,2021-11-05,Returned
ASTBE717F52F5,CUST100085163,Handset,Apple,9B6B1FA9FA624E1E,2016-05-13,Active
ASTAF3B94E3F5,CUST100057409,Handset,Cisco,6722708818F44ED8,2026-04-19,Active
ASTD5A58BE9F8,CUST100068805,Router,Nokia,E7EC04E617474CF4,2017-05-03,Active
AST570739BE31,CUST100019052,Smartwatch,Google,60C115EB8598407A,2022-08-04,Active
ASTCD63DFFCEC,CUST100031058,Handset,Arris,77901BD1AA09446D,2026-01-16,Active
ASTC07B321D9C,CUST100000708,Router,Nokia,20014579015D4640,2021-09-01,Active
AST2685769649,CUST100036221,Router,Nokia,6F2D5F2C59764869,2022-09-15,Active
ASTEBB1EFD974,CUST100080048,Handset,Cisco,834A3BD9A1844610,2020-12-24,Decommissioned
AST9ACECAEA55,CUST100012162,Router,Huawei,DBA90D0CACD94262,2021-01-15,Active
AST038E9CC029,CUST100074629,Smartwatch,Arris,56D0EF5096BF4180,2023-12-28,Decommissioned
AST53BA7F9B9B,CUST100093946,Handset,Google,582BC684506F44D4,2023-06-13,Returned
AST6C142BA943,CUST100013583,Router,Nokia,106522823A2E40C3,2018-03-23,Active
ASTF4496BFF52,CUST100095488,Set-Top Box,Samsung,36B7DD56DCFF479B,2023-06-11,Active
AST142A080FE4,CUST100065991,Handset,Cisco,EEF485A1C3614FD1,2023-11-11,Active
AST8B537B9BCD,CUST100001217,Handset,Arris,AEA6870AAE844FA9,2017-09-01,Active
ASTA611C92F03,CUST100017607,Set-Top Box,Arris,96B02551F73040E8,2018-07-15,Faulty
ASTC518859B29,CUST100024141,Modem,Google,CB6B392343CF40C5,2024-01-04,Active
AST039A34EE0E,CUST100090678,Smartwatch,Nokia,5441D7E20A36434A,2019-01-15,Active
ASTFF3412870A,CUST100054028,Handset,Apple,F193C646A4344BB1,2024-10-09,Active
ASTC388C4ECE8,CUST100001253,Handset,Nokia,D5228ABE8C5A4F46,2023-11-20,Active
ASTF0F9A231B1,CUST100015479,Smartwatch,Cisco,E0F54EED01294111,2017-10-27,Decommissioned
ASTB1F64D8FD6,CUST100052151,Handset,Nokia,2B58C48AB71A4ACF,2023-03-24,Active
ASTAF43471F58,CUST100074949,Handset,Nokia,60FFD3A656244D0A,2019-05-27,Active
AST721D785559,CUST100036894,Handset,Samsung,70E04B93F6E242F7,2016-11-16,Active
AST5C8F752BB8,CUST100033440,Router,Cisco,4981B6C62121495E,2024-04-11,Active
ASTD25587564E,CUST100081039,Smartwatch,Arris,22C5C4E4269C431E,2022-05-21,Active
AST9A06DDE1C3,CUST100057020,Router,Apple,37F57032E83D4D26,2023-02-24,Active
ASTEE6202D58A,CUST100085973,Set-Top Box,Nokia,FD795E74113F4815,2019-07-14,Active
AST470AC71A4B,CUST100043399,Set-Top Box,Samsung,371FBBA082304040,2017-04-20,Active
ASTE5CE04F4E7,CUST100023308,Handset,Google,A5CAF69209FB4026,2020-03-01,Active
ASTDDED276E71,CUST100033886,Set-Top Box,Arris,2973470D776C413C,2024-05-22,Active
ASTC01E7442F4,CUST100092986,Handset,Samsung,6E5A056C4E334602,2018-04-22,Active
ASTE912EA5E6F,CUST100001783,Handset,Cisco,E3922CF6B4214029,2020-08-24,Decommissioned
AST8D0488FDB0,CUST100096443,Handset,Apple,F37011C100304F9B,2020-12-08,Active
AST66D44B595B,CUST100045748,Set-Top Box,Nokia,F85BA5C421044B28,2016-11-29,Active
AST9D79B43037,CUST100005682,Handset,Huawei,2CD1E05DA056447E,2019-02-14,Returned
AST09CE14A1AB,CUST100008241,Set-Top Box,Google,83CC77DD41174DFE,2025-11-23,Active
AST4A1571EF95,CUST100042271,Router,Samsung,C1ABA311F9D34761,2020-05-20,Active
AST606E55666D,CUST100017504,Handset,Google,890DAC8E8FC84A43,2018-01-12,Active
AST4D02A2E3D8,CUST100027421,Handset,Apple,76970A7CD9F3438D,2018-06-20,Active
AST9AE03C3F89,CUST100053015,Set-Top Box,Huawei,E0954AA5959D481B,2017-05-01,Active
ASTF9EA3E4A2C,CUST100025682,Handset,Apple,6DB47790C047401D,2020-07-17,Active
AST306FFC2E8C,CUST100046974,Set-Top Box,Huawei,3A413E6A9FA844E0,2024-08-30,Active
ASTEE5ACE6B00,CUST100043416,Handset,Cisco,4C0B73E5399243F5,2023-09-30,Active
ASTCE192589FA,CUST100050877,Handset,Arris,2E66916BC7A447C4,2024-02-14,Returned
AST729EEAFC30,CUST100028005,Handset,Nokia,1B0674155F1D4D43,2017-10-23,Active
AST4F604500B8,CUST100070368,Handset,Cisco,34CCA8AB78004089,2025-01-21,Active
AST643B0127AA,CUST100052265,Handset,Google,55F011F765EE4634,2023-11-02,Active
AST448D68B2C8,CUST100018775,Handset,Nokia,F7BDB1905A424F73,2019-04-28,Active
ASTC99D32315E,CUST100022939,Handset,Samsung,DFEB4AC16BCB42C2,2020-07-15,Active
AST97638F4264,CUST100014056,Handset,Nokia,8022A05BB1474BEF,2023-06-29,Active
AST4DA7192FD1,CUST100034961,Handset,Nokia,3768979C3DE445A2,2025-08-26,Active
AST5AF2F2735C,CUST100032255,Router,Samsung,2E56539A753B465D,2022-11-17,Active
AST105141383E,CUST100091566,Set-Top Box,Huawei,4BA0606BE0FC4544,2024-08-27,Active
ASTC6A96128E2,CUST100019257,Handset,Google,39EF81C4C8734D50,2018-02-26,Active
AST5A74B8FE1D,CUST100024359,Router,Cisco,F5B2F434B2264530,2026-02-24,Active
AST17990D618F,CUST100092103,Router,Arris,61673D05E8704EF3,2023-06-03,Returned
ASTE165614879,CUST100099681,Smartwatch,Arris,9ECD8FB5C41A41BC,2024-12-26,Active
AST6A02DA1A78,CUST100092884,Set-Top Box,Arris,E6DCD15C26D047B8,2020-01-24,Active
AST981D811BE7,CUST100015162,Set-Top Box,Arris,46DF675852CD4181,2023-01-10,Active
ASTA8DA2F68F9,CUST100026174,Set-Top Box,Google,77F16B9EBAF54CAF,2023-05-23,Active
ASTE9A6667D7B,CUST100099978,Home Security Hub,Nokia,90107D91BB2B43A9,2018-12-19,Active
AST3F8D1904F9,CUST100002406,Handset,Cisco,F8B069938A854A1F,2020-04-21,Active
AST84A8B22A2E,CUST100008505,Handset,Apple,3D99FD5782B342FE,2019-02-08,Decommissioned
AST933009CB0C,CUST100050851,Handset,Google,2BDF7CF5807A4DD9,2025-05-12,Active
AST61DA722A21,CUST100097300,Modem,Nokia,1D7901EB15A64293,2023-02-09,Faulty
AST92517E9A2B,CUST100031199,Router,Google,986FBD8F03294F05,2017-05-20,Active
AST8A443EFF98,CUST100036311,Set-Top Box,Apple,4EDF52DA56BE49AA,2018-06-18,Returned
AST41EC524FDD,CUST100043720,Handset,Samsung,4C7804A7DF4C4662,2021-04-13,Active
AST4DCD194DA1,CUST100068959,Handset,Google,7D04E300997544A4,2017-04-26,Active
AST4264D3456A,CUST100013662,Router,Nokia,0F2D806D68FB428B,2022-07-18,Active
AST6346B33F4A,CUST100053691,Handset,Cisco,F7F5D8A44CE947F0,2023-06-15,Active
AST102F61D6D9,CUST100021875,Modem,Huawei,4903CFC8B40A462B,2019-04-09,Active
ASTA9C3BBA454,CUST100090865,Handset,Cisco,0707AF2D3C1E4916,2016-02-08,Active
AST192AB0279D,CUST100018509,Router,Google,BB5A42FE6EE940CF,2021-09-19,Active
AST868097A771,CUST100091862,Handset,Huawei,71DAA2A7FD864625,2024-03-21,Active
AST6A45C8BF3F,CUST100081570,Modem,Samsung,EC47D120DE424D03,2025-11-09,Returned
AST43ABD7EC51,CUST100040832,Router,Google,04A21440EBEB4991,2025-01-27,Active
AST28AD4B7F11,CUST100011557,Handset,Arris,3235E195987C4393,2021-12-01,Faulty
ASTF14E68F18F,CUST100005492,Handset,Arris,7770780A0591431A,2020-08-27,Active
AST54B76A2CCD,CUST100085117,Handset,Samsung,361B333D3457400A,2024-08-02,Active
AST3DEE286A9C,CUST100093333,Handset,Samsung,FCE8094F16424D12,2022-10-15,Decommissioned
AST5CD441D6EA,CUST100000395,Handset,Huawei,E51BFAC1AD6E496B,2018-04-14,Faulty
ASTE92F04287A,CUST100089634,Smartwatch,Nokia,C1C8719FF2B54FC7,2026-03-30,Active
AST81EFF5DDD5,CUST100046833,Router,Arris,B383432232544430,2020-08-31,Active
AST5F98C70BDF,CUST100091459,Set-Top Box,Google,716355F12D2F4988,2026-01-06,Active
AST21AB8514F7,CUST100081470,Set-Top Box,Arris,0A67C78AF5D540AA,2025-05-07,Active
AST73AA04E80E,CUST100066662,Modem,Samsung,CC84FE66AF084D91,2020-09-14,Active
AST1EF4A7230E,CUST100022968,Set-Top Box,Nokia,DD2FFE6521C848AF,2018-01-20,Active
AST19E8C57049,CUST100068473,Router,Google,33C6BB3EEE9943F0,2024-06-19,Active
AST733D1C9CC4,CUST100053102,Set-Top Box,Huawei,CBE849CD61914BDF,2021-07-09,Active
AST9D8A776C76,CUST100017216,Router,Samsung,D1BCEDFBA9CD4C9C,2025-04-28,Active
AST285D3A368E,CUST100046982,Home Security Hub,Huawei,0A7731F9739A4DD0,2019-08-14,Active
ASTF9D76ED8F4,CUST100014096,Smartwatch,Huawei,44604106A62A420C,2019-01-18,Active
AST540E759BFE,CUST100018711,Modem,Cisco,296516246FE34DBD,2016-08-18,Active
ASTE8CA7CB54F,CUST100049238,Handset,Cisco,34BCFEDD5A3744A0,2019-08-09,Active
ASTF18CA3EABF,CUST100073744,Modem,Samsung,02CABA5ABD37479F,2018-08-17,Returned
AST092F3D4E6D,CUST100054748,Smartwatch,Cisco,ECB4B992FBFC4676,2019-02-12,Decommissioned
AST29EC61CCFE,CUST100075669,Handset,Cisco,17909035682343B7,2022-07-10,Active
ASTC2A7CD6EBE,CUST100032532,Set-Top Box,Huawei,23E483989A9C4921,2024-07-13,Active
AST4CC2EC04EB,CUST100054614,Router,Nokia,D05DFCF39D844670,2023-06-16,Active
AST318E0DF66A,CUST100096139,Modem,Nokia,01237E814DB04E63,2017-06-21,Returned
AST2E6B9FFF05,CUST100043809,Smartwatch,Arris,A51F7919ADE34B32,2017-07-15,Active
ASTD3A158B836,CUST100049787,Router,Huawei,F262C667777F4C4E,2021-10-10,Active
AST6A7A799CF8,CUST100003968,Handset,Google,1AF5153A44684C50,2023-01-31,Active
AST2E2B133834,CUST100027452,Handset,Nokia,E16EE9A5A16848A5,2016-08-13,Active
AST5B0D7A5E29,CUST100034092,Handset,Arris,463668A69D74434D,2022-02-23,Active
ASTF50F643111,CUST100021013,Handset,Google,7EDAAAF04E354168,2021-05-20,Active
ASTA64C1D1825,CUST100011284,Modem,Nokia,7F6BE13294BB4514,2022-10-04,Returned
ASTC81FD53F25,CUST100081676,Modem,Huawei,21302F28CD194750,2021-06-30,Active
ASTFC243AAFB7,CUST100083079,Set-Top Box,Nokia,73CE02B19CAB4CA8,2019-11-30,Returned
ASTBA844D721B,CUST100068377,Set-Top Box,Huawei,6184ADEF2D7A4AAE,2025-03-25,Active
AST758842564B,CUST100001296,Handset,Huawei,C8B094D3367B44C1,2016-01-14,Active
AST0BCA1E577F,CUST100038718,Set-Top Box,Samsung,BD6948CBC7334223,2022-09-28,Decommissioned
ASTFC4FB64AA4,CUST100006983,Handset,Google,5965A4F9935E4CC2,2019-07-16,Active
AST82CFBEBE45,CUST100045070,Router,Cisco,04F8C89971634F24,2023-03-09,Active
ASTC5C885BEFD,CUST100031940,Router,Samsung,8413C04B81414DFA,2022-05-01,Active
AST6BDFB081D7,CUST100056813,Router,Nokia,19E6DCCB79334BC1,2022-03-01,Faulty
ASTD80E3CA16D,CUST100027318,Modem,Cisco,7C60F73593EC406C,2024-07-28,Active
AST4B936F55A5,CUST100076085,Set-Top Box,Huawei,C4D631ABDA424FD3,2023-05-24,Active
AST8275D5DEDC,CUST100037652,Modem,Google,B38BDC1635D54400,2021-03-02,Active
AST12C1243ADD,CUST100092266,Router,Apple,1348A30082B64621,2016-12-10,Returned
ASTED836CDDCA,CUST100083986,Modem,Cisco,85A2BC62F3504AE3,2018-03-31,Active
ASTCC84A408FD,CUST100040358,Set-Top Box,Nokia,5BB2CCAA3C7A4F12,2021-12-24,Active
AST1CD6958B3C,CUST100071231,Router,Huawei,4CA5FC59142842C6,2019-09-19,Returned
AST82F89B07E4,CUST100010125,Handset,Nokia,07D181A291614594,2025-09-03,Active
ASTC3DB42DD76,CUST100054577,Handset,Cisco,DCB6504A82A04AC5,2023-03-17,Active
AST5D0CBCBE75,CUST100052187,Router,Google,B25C38D4D3334EEC,2020-08-17,Active
AST9BED734CA1,CUST100088658,Handset,Google,DFD2E3F8C07C47E1,2023-01-18,Active
AST0582D1F8EB,CUST100097417,Handset,Samsung,1E91AA5E310A44BF,2021-03-16,Active
AST3B0318CC19,CUST100098383,Home Security Hub,Apple,CE07FCF9225B4F79,2018-07-29,Active
ASTCF09A5290E,CUST100065565,Modem,Google,08534A26F04A46A4,2018-12-13,Active
AST4D625134BD,CUST100045196,Modem,Cisco,86CB84FA8CC34719,2022-07-25,Active
AST91A8559CEF,CUST100030897,Home Security Hub,Samsung,2E341422C1304068,2020-11-19,Returned
AST6B47AB1330,CUST100072832,Router,Cisco,547BE3735E944AA0,2025-01-08,Active
ASTB52F28D098,CUST100059820,Handset,Apple,ED92821339C64E2A,2021-11-21,Active
AST999604CD49,CUST100086007,Handset,Huawei,419F0EAC6AE44F06,2023-01-09,Active
ASTDF2C3806F0,CUST100082496,Handset,Google,C45DEEBCD5B046E9,2017-08-16,Active
AST516B705140,CUST100023600,Router,Google,2B437A2BE91E4DE8,2017-03-18,Decommissioned
ASTB75361934A,CUST100083860,Modem,Google,54DD264AD0094683,2025-07-09,Active
ASTE89387DDAD,CUST100030563,Set-Top Box,Arris,E466C7A8AA2A48A7,2023-03-24,Active
AST311DB7CA29,CUST100063798,Modem,Apple,C18DADFF1F6E498C,2016-11-28,Active
ASTCB7F3B916D,CUST100091481,Set-Top Box,Google,414B71EC3860457D,2024-10-04,Active
ASTEBF1018064,CUST100086379,Handset,Huawei,D398950C372247F5,2016-01-12,Active
AST3317B451FD,CUST100054344,Handset,Huawei,A6BD86B923B740A6,2016-09-18,Active
AST262E386148,CUST100061117,Set-Top Box,Arris,97C69E1FEF30491B,2025-03-13,Active
AST7951710629,CUST100062216,Modem,Google,F9EEE064EB434C8B,2021-12-26,Active
AST2BCDA8493B,CUST100067019,Router,Apple,C2461990579742DD,2020-06-10,Active
ASTFEC10D8056,CUST100099256,Router,Nokia,7EE6B685AEAA49CB,2026-05-18,Active
AST106AA7FE6F,CUST100022633,Handset,Nokia,25832F59555346AB,2025-05-09,Active
AST2AF0DB4EB4,CUST100028642,Handset,Google,CA6462D252004DB9,2022-02-15,Active
AST3186FB5D58,CUST100015278,Handset,Arris,8724A21DAB08453E,2016-01-31,Active
AST815FFC69EE,CUST100099384,Home Security Hub,Google,17A14B3B5CB9473C,2016-08-27,Active
AST8222594D8C,CUST100032615,Router,Samsung,012BAD2B55B048F2,2020-06-05,Returned
ASTAC8DDC3819,CUST100092353,Handset,Apple,5005633492E74EA1,2022-11-18,Active
ASTD000464F0B,CUST100043732,Modem,Google,2CDFA96D9FCF496E,2017-07-17,Active
AST839F649371,CUST100077032,Handset,Apple,99D72FBF53E14E12,2024-08-23,Active
AST83B7EED281,CUST100078406,Modem,Arris,30766B9634254641,2017-11-04,Returned
AST710FC48FE8,CUST100071573,Set-Top Box,Huawei,54257DC344AF497D,2025-05-27,Active
ASTBC8C5EFA1F,CUST100031858,Handset,Arris,4144EF275BA3415E,2018-05-26,Active
AST6FD1C0D641,CUST100013762,Router,Google,E7F963C13DB34F0B,2017-02-27,Active
AST59E48BA282,CUST100024461,Handset,Huawei,B8EF9E73EA2B4E28,2024-08-04,Active
ASTD5161A6974,CUST100010166,Set-Top Box,Huawei,0DF8C74A29944F64,2026-03-15,Active
AST3D1CA55235,CUST100068382,Handset,Samsung,643D199381994575,2024-04-12,Active
ASTEF7CB76364,CUST100088088,Set-Top Box,Cisco,97240D12D7034258,2021-05-06,Faulty
AST320AAA8FDD,CUST100004647,Router,Samsung,66D5603498C8484D,2024-08-07,Active
ASTDFFADF0D46,CUST100035452,Home Security Hub,Cisco,D948073CE2384FB1,2023-11-27,Active
ASTEDA451CCD5,CUST100068372,Router,Cisco,3F98B98D6C46442E,2025-09-09,Active
AST77A0D13113,CUST100081047,Handset,Cisco,55E8C6CC8C70408A,2023-10-15,Active
AST871DDAF16B,CUST100094384,Modem,Samsung,D5E7885074F44E87,2024-01-20,Active
AST22BB47A686,CUST100027655,Set-Top Box,Huawei,0723D0945C5446A6,2022-10-26,Active
ASTC3F77C2223,CUST100026423,Router,Cisco,EE425F4323224DCE,2020-08-18,Active
AST41783F4C6B,CUST100025932,Handset,Arris,C831FDFA32044A4A,2026-01-21,Active
AST572057A79E,CUST100079567,Modem,Cisco,2809CFED7920455C,2024-07-22,Faulty
ASTCBC46289F8,CUST100081138,Set-Top Box,Samsung,DFDD411FBD6742F8,2026-01-07,Active
AST4B0134CE49,CUST100007697,Handset,Google,1C611E079ABF4AF5,2016-11-05,Active
AST9EB678AB81,CUST100022103,Handset,Google,6AA539255D3942E7,2019-11-09,Active
AST0AEDC6726B,CUST100003016,Router,Samsung,C54FE1CAE4E94183,2026-04-25,Active
ASTCFE3989E35,CUST100085550,Set-Top Box,Cisco,C83CEA20FA8C425A,2024-06-13,Returned
ASTDFA4F0666A,CUST100035874,Router,Samsung,0CF84390B61848FF,2017-03-01,Active
AST1408B299C5,CUST100085658,Set-Top Box,Samsung,39AFE83BCF384BFB,2018-03-15,Active
AST21382FC1B7,CUST100066646,Handset,Google,2D51E1996E444B17,2020-10-18,Active
ASTBC49FD7EC1,CUST100043018,Modem,Cisco,F8CBD48AE4364F72,2023-07-06,Active
ASTFFF2773D4F,CUST100013828,Handset,Samsung,8282DAF98D944709,2017-04-12,Active
ASTEA6A297848,CUST100026804,Handset,Cisco,3738FB46A22F425B,2022-08-23,Faulty
AST7658F3268D,CUST100022628,Modem,Cisco,CF62DC48A5F24284,2017-08-21,Active
AST9CFE5DB899,CUST100066238,Modem,Apple,5B346AFF90BB46A6,2024-12-25,Active
AST17EE4AA943,CUST100084447,Set-Top Box,Samsung,841CE121D26042FE,2017-11-01,Active
ASTE7728BF713,CUST100024899,Handset,Arris,58B353D2692C41CD,2017-02-20,Active
AST4527D3AD70,CUST100023668,Home Security Hub,Nokia,B250FA45BEF2457A,2024-10-14,Active
AST478048EDC0,CUST100086140,Modem,Samsung,DAC6BEDE8D2647F4,2018-03-26,Active
AST5EB2D1D47E,CUST100063945,Handset,Apple,B5FCF5316C614DBE,2017-11-24,Faulty
AST23BCBB9CB9,CUST100039498,Handset,Google,E628B971A49F412E,2019-03-07,Active
AST88D5A6582A,CUST100074525,Set-Top Box,Arris,47DA8D61C543405E,2019-10-26,Returned
ASTADBBF81AA6,CUST100000760,Handset,Arris,47316ADAD6C84F33,2021-03-21,Active
AST68E3CEB362,CUST100032758,Handset,Nokia,AF91CDC751EF42EA,2016-08-23,Returned
AST3B0CBC0C57,CUST100030123,Handset,Google,6CD854C17AF04DEE,2026-02-07,Active
AST4472E1AD5E,CUST100016818,Router,Google,C6758C7FDE744B02,2024-05-16,Returned
AST7EBE2BD56F,CUST100074838,Handset,Huawei,E761176EB9814778,2019-09-21,Active
AST7B6F4B2CBE,CUST100022867,Set-Top Box,Samsung,39F0AA38A6DD4DD9,2025-08-26,Active
ASTF1E7B3FB93,CUST100049557,Handset,Arris,57C1B699361C4085,2020-01-18,Active
ASTCA6B550A49,CUST100076019,Handset,Apple,D9C9CAA2DE484D33,2020-09-15,Returned
AST8331FEE2B1,CUST100088955,Handset,Apple,81B31C74E1C14D3D,2025-02-15,Returned
ASTB759434058,CUST100040858,Handset,Arris,3DBDF765EC9E41DB,2018-05-26,Active
AST67666EFE60,CUST100080129,Modem,Nokia,4474C69C2A654ABD,2016-12-20,Active
AST12007D013D,CUST100021728,Handset,Apple,D0044BEAC67441ED,2016-12-19,Active
ASTF599322EDF,CUST100061519,Set-Top Box,Arris,65D8E4D8EAE84263,2018-07-08,Active
AST23D920563A,CUST100031167,Handset,Arris,9FC8E91DFBF1463B,2021-10-02,Active
ASTFC9295650F,CUST100051352,Modem,Arris,C27A832CD90446F0,2024-11-11,Faulty
AST267AA03A9B,CUST100057806,Modem,Cisco,6DDE2B22357C4904,2016-08-26,Active
AST893743826F,CUST100035843,Set-Top Box,Nokia,C27DACA559764ED4,2016-04-17,Active
AST652952EA8B,CUST100048980,Set-Top Box,Cisco,15BAA43A44964544,2023-01-14,Active
AST0B07E8F18D,CUST100020217,Handset,Apple,73C88AA1A4E64923,2018-08-17,Faulty
AST39ED985329,CUST100083178,Handset,Nokia,68EC060A115C4DAD,2021-08-23,Active
ASTEAEF124995,CUST100038666,Handset,Google,0E57F1DCEAE249B2,2020-06-17,Returned
AST96A5F4741F,CUST100056402,Modem,Huawei,CF93DF5DD46841B1,2020-09-21,Active
ASTD39C85687C,CUST100064625,Modem,Apple,E34A5D33A9B746F2,2025-05-24,Active
ASTFE478C86F0,CUST100020606,Modem,Cisco,CB625BFF9E6F484C,2018-12-04,Returned
AST4E4CF7DE1A,CUST100015494,Handset,Nokia,4567BA78E96D458B,2017-06-07,Active
AST41020D40C8,CUST100048219,Handset,Google,504B9A5B99714A2E,2018-11-06,Active
AST01CBF3DEF7,CUST100055367,Handset,Huawei,583AF3B5274349B4,2018-09-07,Active
AST37317134C2,CUST100024245,Set-Top Box,Huawei,61A765CA32194FC4,2018-11-08,Faulty
AST98582B0D56,CUST100098965,Set-Top Box,Arris,74F2804150C6433D,2021-05-08,Active
AST1C1A1BA498,CUST100028425,Modem,Nokia,9175C05D58704695,2019-03-17,Faulty
ASTB895771A75,CUST100091088,Router,Google,83434CEA5EE148CE,2021-08-21,Returned
ASTD1F5D2EF2D,CUST100052947,Router,Arris,1CE45D81D661467F,2017-01-24,Active
AST70093BD01A,CUST100075805,Handset,Google,EDC4F469E6894A5D,2024-04-27,Active
AST79F44FD023,CUST100096971,Router,Huawei,FC1EA13274ED4390,2017-05-31,Active
ASTB40824F5E3,CUST100013167,Set-Top Box,Arris,44D4E92E26564E27,2023-04-03,Active
ASTD76920EFA5,CUST100016593,Handset,Apple,4982DA18A17A47BF,2025-07-25,Active
AST7CA0D69CF3,CUST100001427,Handset,Cisco,AEE9A6CE4E7C4AA3,2025-04-15,Active
AST3D17E1AB1C,CUST100001465,Router,Cisco,CFDA5BEEFA154C8D,2017-01-17,Active
ASTE0FB7FBBC1,CUST100031533,Handset,Nokia,A26BBB8D54B14F9C,2018-04-10,Active
AST9C14966C7B,CUST100027707,Handset,Apple,BC40B1505C7743F7,2025-08-22,Returned
ASTDA2421F900,CUST100062854,Handset,Samsung,FE6695A3AA954635,2021-01-26,Returned
ASTC36824B133,CUST100045210,Set-Top Box,Samsung,771806D9543144E4,2019-03-29,Returned
AST4F3F7C74CE,CUST100044914,Modem,Arris,9E53A3B636944B0E,2023-08-21,Active
ASTBDD74BD149,CUST100008479,Smartwatch,Nokia,022D78FDDBA74596,2022-10-26,Active
ASTEDC484BB4D,CUST100034814,Handset,Arris,11F3BDC5826D478A,2024-10-19,Returned
AST4CDB052D17,CUST100081849,Handset,Huawei,0A5E72DB078A4E24,2020-01-19,Active
AST5DAECE41FB,CUST100042218,Handset,Cisco,B6EEEC8262F64981,2018-09-23,Active
ASTD7F2E7684F,CUST100052791,Handset,Huawei,33917E9648444D84,2022-09-17,Active
ASTA062F029D4,CUST100027570,Handset,Samsung,E68A92C566934214,2022-08-08,Active
AST7B79D09FE0,CUST100015812,Handset,Cisco,015BCFDC689F424D,2024-01-05,Active
AST112B007276,CUST100059158,Router,Arris,369B5A1A17724C80,2016-10-31,Active
ASTF241A95311,CUST100096844,Modem,Google,B4AF2798A24D4FC1,2022-10-11,Active
ASTCDD3564E3E,CUST100093869,Set-Top Box,Huawei,062D40792E424C0E,2021-12-15,Active
ASTF321C5C5B8,CUST100066579,Handset,Arris,B3DE44253DCC4D5C,2016-11-18,Active
AST66F4C9846E,CUST100063056,Set-Top Box,Cisco,A221B208ADB74081,2021-10-11,Returned
AST6DD1D94770,CUST100060880,Set-Top Box,Nokia,A5C0FE8AF9D44C58,2024-01-06,Active
ASTBC9C857C6C,CUST100061746,Handset,Samsung,15E0A87B53FC4694,2020-01-07,Active
AST0F4161C53D,CUST100036860,Handset,Nokia,9101995108314D05,2023-12-20,Active
ASTA62DCFDC70,CUST100056205,Set-Top Box,Apple,495CF86136124DEE,2017-01-16,Active
AST6DD0F6CC90,CUST100016701,Handset,Google,EBC2D9B7928843BB,2019-08-16,Active
AST7E4EF93B08,CUST100016706,Home Security Hub,Samsung,88C07254E67744D6,2022-10-11,Active
AST07E06D9A92,CUST100097098,Modem,Apple,B69FD3530ABD4C6E,2016-10-16,Faulty
ASTCE964B60B0,CUST100026940,Set-Top Box,Cisco,D3D945D6AF3A4BA0,2019-07-17,Active
ASTBE859DF749,CUST100052036,Set-Top Box,Cisco,92FFE271CF3B4F87,2018-07-24,Active
AST0D28261BF5,CUST100055824,Handset,Samsung,77EC24F5C3A54B8F,2025-11-11,Active
ASTF822495E8C,CUST100049767,Router,Nokia,C85ADEA521C04171,2020-06-21,Active
AST0BA844ADE0,CUST100020798,Handset,Apple,9C021653EF3F4128,2018-08-30,Active
AST06C273EB07,CUST100089933,Router,Samsung,E0D58A05637044E1,2026-01-20,Returned
AST238DE31848,CUST100003292,Handset,Samsung,2084F24FAE1D4DF4,2023-12-03,Active
ASTC23E076B34,CUST100015612,Handset,Apple,9AAE164C902942FF,2026-05-28,Active
ASTE29C04DF7B,CUST100020928,Handset,Nokia,F4E80709C7E34770,2018-07-26,Active
AST85B7FAC18F,CUST100086234,Handset,Cisco,7239AD0B65DB4754,2019-05-15,Returned
ASTE09473EA4F,CUST100037894,Smartwatch,Samsung,D5B6B7DFB7B2475B,2022-06-13,Active
ASTC19C227BE6,CUST100098054,Handset,Huawei,1260A2CEB4EC42DB,2020-11-01,Active
ASTD50336CDAC,CUST100039109,Home Security Hub,Cisco,C66B14CE711141CB,2024-12-21,Returned
AST1A2DEE95DF,CUST100099918,Router,Huawei,8F3D896FA4B945F6,2020-04-21,Active
AST24325F13A9,CUST100074242,Handset,Google,7ECD46FC12F04660,2017-12-14,Active
ASTE0F3F13FFD,CUST100096839,Handset,Samsung,44FF9E070DCF41B3,2021-04-15,Active
AST30DBAE00C6,CUST100043336,Set-Top Box,Arris,91DC146424ED44C2,2025-06-19,Active
AST314A18D5E5,CUST100000363,Smartwatch,Arris,74CE791F135848A1,2019-08-07,Returned
AST3A17006BA4,CUST100024903,Home Security Hub,Samsung,DE19C4BF171A410D,2017-02-11,Active
ASTCF806E5DFD,CUST100068675,Home Security Hub,Huawei,06554A396B804415,2019-09-06,Active
ASTD9458EC877,CUST100025509,Handset,Google,B26D217E771D4077,2021-01-15,Active
ASTEEB16F3E70,CUST100066607,Handset,Samsung,C755F86605884817,2025-05-28,Active
ASTA7694DD8EB,CUST100053244,Router,Nokia,C955B7BE0A384733,2020-09-03,Active
AST89929C2410,CUST100078090,Modem,Apple,D64933048E5C43C9,2024-06-18,Active
AST58D630403F,CUST100022189,Modem,Huawei,77D2151789F44A90,2022-02-25,Active
AST7C86C5760A,CUST100094903,Handset,Cisco,E60B86EC13E6450E,2021-01-17,Active
AST221CA8990E,CUST100004613,Modem,Google,B0375491BC674DA3,2024-09-28,Returned
AST77F2D95776,CUST100046730,Router,Huawei,91305F2436044552,2022-02-27,Active
AST18657189C9,CUST100036258,Handset,Huawei,6AA3B1AA33E04DA0,2021-06-27,Active
AST095B959932,CUST100088142,Handset,Arris,FAD4C2AC0B7E4BCC,2025-09-07,Active
AST81B031F4A8,CUST100090498,Set-Top Box,Cisco,E7FA6F5BD18E4188,2017-07-05,Returned
AST77A4FA5114,CUST100081509,Router,Arris,468F4FCC03144B2F,2019-06-25,Active
AST0128B903BE,CUST100029096,Handset,Apple,DE8B4663D2164B50,2019-07-14,Active
ASTF58EE3D424,CUST100075380,Handset,Google,7CBDBD3C4FBB4DA0,2019-12-16,Active
ASTA81C83B402,CUST100097167,Handset,Apple,5682AB43C72A480C,2019-07-12,Faulty
AST959D6D376D,CUST100032991,Handset,Apple,02965D0CCE6F4C2A,2017-01-15,Active
ASTAA530EF7DB,CUST100057650,Router,Apple,E54D3C06F5FB45AA,2020-07-02,Faulty
ASTD7D1FDD980,CUST100097887,Handset,Arris,F7DC5A6547914FBF,2016-10-23,Active
AST79261A2BD4,CUST100007076,Router,Samsung,D58D1632163540CF,2017-04-14,Faulty
ASTD183B74C64,CUST100066442,Router,Nokia,FD33BFA960DB46A8,2025-03-03,Active
AST736DDFA058,CUST100022024,Handset,Google,D666B6FE85C74F87,2022-07-04,Active
ASTD25C20D75A,CUST100088987,Modem,Apple,824A44E308D247FB,2018-01-22,Active
ASTED2382538D,CUST100018854,Modem,Huawei,53CDBA2F619D408D,2019-01-28,Faulty
AST2A5C28B182,CUST100017643,Handset,Samsung,D5D254B52CE84B29,2019-08-01,Active
AST65243517EA,CUST100030656,Set-Top Box,Samsung,0B4DAE289A154482,2021-12-16,Active
ASTC4FF5A4B16,CUST100016215,Handset,Apple,A43B39C58FA54669,2017-08-10,Returned
ASTEA229BFBA2,CUST100085967,Router,Google,325CDEF765984975,2020-06-03,Active
ASTDFF2907473,CUST100098940,Handset,Apple,6D49D7E0A3B24D69,2016-10-13,Active
ASTF468B76491,CUST100090227,Smartwatch,Huawei,DFC0A2EFC70F44DA,2016-03-27,Returned
AST3A3780C826,CUST100087837,Set-Top Box,Arris,8437705949AA4597,2026-06-26,Decommissioned
AST52EB6A13E7,CUST100027211,Modem,Nokia,764D1B7945BD4104,2022-03-24,Active
AST4771204B14,CUST100075459,Router,Huawei,863B11B4911D4237,2017-03-08,Active
AST60C11F85DE,CUST100008547,Handset,Huawei,7273994BCE4C45CE,2017-05-19,Active
AST1FA70B3DCF,CUST100082604,Router,Samsung,63D2208235704496,2022-03-01,Active
AST9AF2E64CF0,CUST100055236,Set-Top Box,Arris,C75DFE7A6A694716,2020-06-09,Active
ASTA91D6E05E1,CUST100085564,Modem,Samsung,E5BAE02BBF77433E,2022-09-13,Active
AST688D891D5E,CUST100041263,Handset,Huawei,B7B73A1C45594BEE,2023-01-20,Active
ASTB7AB1BCD21,CUST100045341,Handset,Samsung,24C95EF2ABBE450D,2020-03-27,Active
AST48103B83D9,CUST100065345,Handset,Samsung,E189700E2BB94823,2026-01-02,Returned
AST78A518B0A2,CUST100061888,Smartwatch,Cisco,65C435CC47D34238,2017-06-24,Faulty
AST2428EB071B,CUST100081287,Handset,Nokia,5DECE2A033B14A43,2021-03-30,Active
ASTCF063FF9E5,CUST100081734,Handset,Arris,85084EDF93E44A79,2018-08-06,Decommissioned
AST5336FCD67E,CUST100046633,Modem,Huawei,B5646DEBA6774557,2019-06-11,Active
AST07376CE12C,CUST100049544,Handset,Apple,F52D444C618C44CC,2021-08-20,Active
AST589EFD55F0,CUST100026678,Router,Cisco,9A18EEBA61DC4FB0,2019-09-28,Active
ASTD076EBD846,CUST100038735,Handset,Nokia,7EBA72CF7BB84005,2018-12-03,Active
AST29D9CDF1EB,CUST100040429,Set-Top Box,Cisco,BFF4EC6A130643AF,2016-04-21,Active
AST1D33AA1EF7,CUST100070520,Handset,Huawei,46A35FE16FC04757,2018-10-23,Returned
ASTF42FB69CEB,CUST100038059,Set-Top Box,Samsung,58EC9890C12E4950,2020-05-28,Returned
ASTA25C608A49,CUST100053871,Modem,Huawei,ECB67CEB51C14FAC,2024-06-21,Active
ASTC48CB327BA,CUST100011115,Set-Top Box,Apple,988D9CA1E75641B6,2023-03-26,Active
AST8C89180677,CUST100078614,Modem,Samsung,EB320D136F734B4A,2016-04-13,Active
ASTBFD1C36D42,CUST100040288,Handset,Samsung,D508E9E0D242445F,2018-10-07,Active
AST2A45B16CE8,CUST100061361,Set-Top Box,Samsung,E8DF5B5A70734AAB,2025-12-22,Active
AST825E027C91,CUST100053077,Handset,Huawei,7EDF124598AC456E,2020-06-22,Returned
AST085DE420B4,CUST100000081,Modem,Arris,C643FD965D1B46DD,2026-04-23,Active
AST48E83F04FD,CUST100056516,Set-Top Box,Arris,D6BA196CFD044CAB,2023-09-19,Active
AST4FD0E94279,CUST100071402,Router,Samsung,0399054050AE4908,2023-09-10,Active
AST3491B2961F,CUST100059823,Modem,Huawei,0DCBEE190DDA45CD,2024-03-04,Active
AST350FEABB9A,CUST100073768,Router,Samsung,58B222258A3F4430,2020-07-21,Active
AST216B1932B4,CUST100002707,Handset,Arris,0F5CC608EC5747B5,2017-11-22,Faulty
AST567EC358FE,CUST100003999,Router,Cisco,633FBBE3B26A441B,2018-10-08,Active
ASTCF385972DC,CUST100048475,Handset,Arris,C2ADA14202284816,2021-03-15,Active
AST416C82094E,CUST100029117,Set-Top Box,Huawei,B69E9D5658E04320,2016-06-06,Active
AST027CF8F31B,CUST100009157,Handset,Cisco,148AFB57E5194872,2022-02-14,Returned
AST82B550ACA2,CUST100035906,Handset,Samsung,BCABBC6FE6474C37,2024-06-19,Active
AST33F39499B1,CUST100004531,Handset,Huawei,B26AC89F72204A4A,2023-10-10,Active
AST17248EE46C,CUST100029947,Set-Top Box,Cisco,0FA8C09618C84646,2019-04-16,Active
AST8D5ADE92EC,CUST100099516,Modem,Google,0E95BABDB2AF437E,2018-06-27,Returned
AST7CC5E79C88,CUST100071422,Router,Apple,95C252F7EACB48B2,2020-07-12,Returned
AST70EE3DED05,CUST100091095,Router,Huawei,F90FCD8CE5D34A71,2020-09-24,Active
ASTA773A18E9D,CUST100005143,Handset,Arris,DB212CF38975440A,2023-09-12,Active
AST5C2A606B05,CUST100054362,Handset,Nokia,2DC22AB6EE0F430E,2026-01-27,Returned
ASTE3B13EE91F,CUST100068180,Modem,Apple,97EDC766FC9844C0,2021-11-09,Decommissioned
AST8860F6DF02,CUST100049459,Handset,Samsung,796DCF9859B34537,2018-06-15,Active
AST3416DB3AFC,CUST100070276,Modem,Cisco,37DA17F26C3944BB,2017-03-16,Active
ASTBF30C5292C,CUST100076729,Handset,Samsung,56396BB470914FE4,2018-04-20,Active
AST92B10B7313,CUST100036383,Modem,Apple,7148DD6FBE464D2B,2017-01-09,Active
AST6A6020D325,CUST100001648,Router,Arris,E4FB643B0DC54A8F,2024-02-22,Active
ASTB3B431D25D,CUST100036054,Handset,Cisco,DC7D5F01ACC64C3E,2016-12-20,Active
AST608F148DEE,CUST100074931,Handset,Google,A0FD64D7E1B14B57,2018-10-04,Active
AST01FD994223,CUST100080959,Modem,Google,3D89A7E3261F4E9D,2024-06-08,Active
AST7FD7F640BF,CUST100012733,Handset,Google,AB04AEDA5D614A3A,2019-06-23,Active
AST5B736D04CF,CUST100090110,Router,Cisco,DE842458C9A94597,2021-02-16,Active
AST465C1AC5BE,CUST100032410,Modem,Arris,21BC56D2A1AB476B,2025-07-02,Active
ASTE2A016B7D7,CUST100072528,Handset,Samsung,D78E6CCE75884A52,2025-10-24,Active
ASTD4684CDDB7,CUST100083052,Modem,Apple,67045827DE8E4342,2025-03-26,Active
AST1B051782D3,CUST100001297,Handset,Arris,1E9EAB69499446E1,2024-11-30,Decommissioned
ASTD3A2AAB388,CUST100082040,Handset,Arris,D9DC2B491D4C469C,2018-05-11,Active
AST03665825BF,CUST100029838,Router,Arris,850F0FA6941C45EA,2023-09-28,Returned
AST713119C464,CUST100078541,Router,Google,F986667C6D904C1D,2019-11-13,Active
AST85C8F40F02,CUST100004544,Router,Samsung,8069FA41E78447F7,2021-08-04,Active
AST8C3C9A1931,CUST100031184,Modem,Arris,2C407BF9400A4330,2024-01-15,Active
AST684E004ACF,CUST100010702,Set-Top Box,Google,55A837123CF64428,2026-04-24,Active
ASTC99B116F1C,CUST100022387,Handset,Apple,6EEE00EC25504EA2,2024-06-05,Active
ASTBE74CEAB6B,CUST100015028,Router,Cisco,4BBC659E43954DC7,2016-08-17,Active
AST0F586884F6,CUST100087440,Handset,Arris,B4605BDDC1DE471B,2025-02-13,Active
AST347D53924E,CUST100094719,Handset,Arris,B3019294B6794963,2020-11-14,Active
ASTD96513512E,CUST100098008,Set-Top Box,Apple,4F278A0642A34540,2024-03-26,Active
AST230E6F0079,CUST100064276,Router,Nokia,73DCEFEF8567401B,2023-05-20,Active
ASTA13A361D1F,CUST100049501,Router,Apple,D0D44EE8574B4E8A,2020-11-02,Active
AST09D8E379E0,CUST100033312,Handset,Samsung,F0C9E643FFFD4E23,2025-04-03,Active
AST6BCA5C33B2,CUST100090449,Handset,Arris,F3B752D54ED34A00,2025-05-06,Active
AST957D7F343C,CUST100071998,Set-Top Box,Arris,A5FEF90056604BD2,2025-04-10,Active
AST2C1F9F5107,CUST100038982,Modem,Samsung,1861C8B58D8C4133,2026-01-24,Decommissioned
AST34A1390773,CUST100005075,Set-Top Box,Cisco,C79825D841B5456D,2018-05-18,Faulty
AST71AB2C86FC,CUST100031937,Modem,Samsung,2E848A7ACC7E4472,2021-01-18,Active
AST0828AE9BCC,CUST100096434,Handset,Huawei,780175324BB94CE6,2024-04-30,Active
ASTA7D7821114,CUST100057299,Set-Top Box,Google,90661A82573341A6,2021-08-24,Faulty
ASTD058FB9CE7,CUST100094738,Modem,Huawei,5CD5C283714F4598,2021-08-03,Active
ASTBB0AB1B8AE,CUST100061021,Set-Top Box,Samsung,B083EC209E0B4C5E,2017-02-22,Active
AST605C19657D,CUST100037908,Handset,Google,87472FF2A29A4E16,2021-08-30,Active
AST956AE3AFAF,CUST100087906,Smartwatch,Cisco,C154CEDF2EAA4804,2017-05-05,Active
AST53932DA902,CUST100090214,Router,Arris,050EB276151D4D33,2024-09-20,Returned
AST87E1FFDF27,CUST100080028,Router,Samsung,DF5D338058514700,2018-06-28,Faulty
ASTF720BF8F7A,CUST100062936,Modem,Huawei,121A760587DD4A74,2016-09-15,Active
ASTBCAC254F43,CUST100065850,Router,Apple,91E83147BD5343A3,2018-05-22,Active
AST2AA1DF9671,CUST100040796,Handset,Google,08628DD4758346B6,2019-10-22,Active
AST8E7B8E444B,CUST100032247,Smartwatch,Google,58F5CC3FD8314918,2023-03-23,Active
AST81A7ECA40A,CUST100031906,Smartwatch,Arris,A56AAC4D29B54A58,2022-12-11,Active
ASTA642106442,CUST100070658,Router,Huawei,A6DF173275544C4A,2026-06-09,Active
AST916B239561,CUST100040837,Handset,Arris,7024A227652940CC,2023-04-14,Active
AST9F501B6291,CUST100027813,Set-Top Box,Arris,1E949F49E2614C37,2018-01-30,Decommissioned
ASTE83D033817,CUST100004502,Set-Top Box,Samsung,F121799E82A94B3D,2017-06-14,Active
AST4C2ED33547,CUST100026450,Handset,Huawei,5F92DFB60D0D41F2,2024-08-03,Active
AST2E8E9A6F79,CUST100053831,Router,Cisco,EC33CB318E844C5E,2024-04-08,Active
AST4C3230D683,CUST100063576,Router,Samsung,FDBB23BF1D7B438D,2016-06-20,Active
AST318EA46A6B,CUST100059691,Handset,Huawei,2C9934FC90F84819,2019-12-10,Active
AST9CA3E051C8,CUST100001277,Handset,Google,C73149EB2D0546A9,2024-09-07,Returned
AST70E0E9F835,CUST100090072,Set-Top Box,Apple,23C4267262D74129,2016-08-15,Active
AST49C22DC21F,CUST100082333,Handset,Huawei,904FF666F9454C03,2025-04-17,Active
AST32B7AA1877,CUST100018541,Handset,Huawei,27EDEE96A2394D29,2017-03-07,Active
AST8A9C2F8207,CUST100034847,Handset,Samsung,D574C3BDBD1A40E2,2025-11-17,Active
AST7F5F72E598,CUST100056890,Home Security Hub,Google,9AACDBEAB2F24BC2,2026-03-18,Returned
ASTE285F14C6D,CUST100091286,Router,Cisco,3EF6E02ED72E4483,2019-12-11,Active
AST585D842648,CUST100055381,Home Security Hub,Huawei,12747F08D4254527,2024-04-22,Active
AST0A7F43DF1E,CUST100092626,Handset,Samsung,6C25DD7FF44F495E,2016-03-29,Faulty
AST5F50DFB064,CUST100037860,Modem,Apple,1665808C1E2B4D67,2025-01-15,Active
AST991C3F8464,CUST100083367,Handset,Google,E4B55327A76D4B36,2023-11-08,Faulty
ASTE4D687367B,CUST100084696,Set-Top Box,Huawei,3A682512DC644AAD,2020-05-09,Active
ASTBD353E5788,CUST100097842,Home Security Hub,Google,43F583C6097D49F4,2017-08-27,Active
AST3934B4A484,CUST100094097,Modem,Huawei,858B32E4B7E340A0,2016-12-27,Active
ASTCD07D0FFF7,CUST100032656,Handset,Apple,8259532C9B87473C,2024-03-05,Active
ASTDBB60F49F9,CUST100066183,Set-Top Box,Apple,F5E8323B6A764B88,2021-01-08,Active
AST54DA04EF10,CUST100092648,Handset,Nokia,356A42622CCF4A38,2018-08-13,Active
ASTA145BBAC0F,CUST100060434,Set-Top Box,Huawei,3423589AF7CD4039,2026-02-15,Active
AST7DC620796B,CUST100059930,Modem,Huawei,A8E6BF1A88174965,2025-04-25,Returned
AST77A96CAE74,CUST100073835,Router,Apple,92D655B8F02B4668,2016-09-10,Decommissioned
AST6DF7EA9FD8,CUST100067435,Handset,Arris,FF883FD77BD04385,2021-07-13,Returned
ASTE867671859,CUST100031739,Handset,Nokia,088238736DDD4557,2025-10-30,Faulty
ASTC052F82116,CUST100041796,Smartwatch,Apple,D825646A957D441A,2025-11-12,Active
AST539B4CD06A,CUST100065939,Handset,Huawei,257CC2F53BD74149,2022-01-30,Active
ASTB1F2A3B0E5,CUST100075653,Router,Apple,E6B95EE3878C443D,2025-04-14,Active
AST0A07E0F603,CUST100055368,Router,Cisco,520D71AFC92A4444,2020-04-18,Faulty
AST6B5EF2823C,CUST100037896,Handset,Huawei,919C689246864CB9,2022-02-11,Active
AST931165E265,CUST100057520,Modem,Cisco,3E35EFFDF4F74B11,2025-12-23,Active
AST3D906E00B9,CUST100053284,Handset,Arris,7EC966753BB44047,2019-11-27,Active
AST5415A333F4,CUST100065382,Handset,Nokia,D5C911C2DA964503,2017-03-09,Active
AST7F4A606141,CUST100074367,Home Security Hub,Apple,47259D1A943C4FCC,2024-02-29,Active
AST148DC8CED5,CUST100080932,Set-Top Box,Apple,1399CA6DA2BB40A9,2022-03-05,Decommissioned
AST9DA7F40B5C,CUST100096742,Set-Top Box,Huawei,9716A4DD47E34003,2020-08-16,Active
AST297C44842C,CUST100008296,Handset,Cisco,C689621EAEC64219,2025-11-29,Active
ASTF82BC1EEDF,CUST100054027,Home Security Hub,Apple,344829CC6B46485A,2020-09-05,Active
AST6A01DF7967,CUST100076269,Handset,Arris,C81260CB4B774F55,2025-03-21,Faulty
ASTCDAA4C26FA,CUST100025222,Set-Top Box,Samsung,9C09CEC4D46049CA,2023-11-12,Active
ASTF13AB9C3EB,CUST100034865,Router,Arris,1209F192F5DD4AB2,2018-06-15,Active
AST9569A6CBDA,CUST100010094,Handset,Cisco,8384BE93A3214F07,2020-09-22,Active
AST2567EB83E3,CUST100035161,Handset,Google,0F3B946966BD40F1,2016-06-20,Active
AST723EBE310E,CUST100055385,Router,Cisco,8D183578FA754253,2026-06-22,Active
ASTE076F251F5,CUST100059618,Modem,Nokia,CB4EDD348D5A4DA9,2023-10-19,Faulty
ASTE6B9F90424,CUST100002378,Handset,Samsung,F41A0BE74C304246,2020-01-20,Active
ASTC5F4222D4D,CUST100092817,Handset,Google,3FA704B39E6B43F7,2017-07-29,Active
ASTCDC2700431,CUST100003406,Handset,Cisco,8365ACEB1C944F46,2022-10-14,Active
ASTAAC2FFB3C5,CUST100012774,Router,Apple,8F1F6237A4EC484F,2018-12-26,Active
ASTFBA0DE40D8,CUST100015729,Router,Google,2A208BFFBC86446F,2026-03-31,Active
ASTF0BDD15DAA,CUST100071589,Router,Google,EE836F31AA804250,2016-06-13,Active
ASTD5C0A5B464,CUST100008846,Handset,Cisco,F071698E692945C0,2023-07-28,Active
AST5CA9DAF12F,CUST100083857,Smartwatch,Huawei,C0D3C9E0ED9749A0,2025-01-14,Active
AST1CD6780DD2,CUST100076056,Set-Top Box,Apple,8655D390CFF0459E,2024-01-30,Active
ASTD405F263F7,CUST100029920,Smartwatch,Nokia,1E52FD53B9DB49EF,2017-11-04,Active
AST0E8AD47547,CUST100092669,Router,Nokia,8D651FF5145E45BA,2023-07-18,Active
ASTD5C9360B19,CUST100098617,Router,Nokia,34B777E515F24CD8,2017-01-28,Active
ASTA1268F3432,CUST100040660,Handset,Nokia,8615E87C198640C7,2023-03-22,Active
ASTC8BFCA7A8A,CUST100062906,Smartwatch,Apple,297CA39F1E5E4065,2021-02-19,Active
AST9F5539801E,CUST100080360,Home Security Hub,Cisco,F2E7ACC433494379,2019-03-26,Active
AST3450CD8114,CUST100069671,Handset,Huawei,4DDD49BB2581446B,2018-02-21,Active
ASTE45A39B6B8,CUST100062942,Modem,Apple,C2C9AA585A804F2F,2018-02-16,Active
AST7056ED33E2,CUST100092454,Handset,Nokia,E486D57605A04C96,2019-01-27,Active
AST9D9ADB7408,CUST100091083,Smartwatch,Nokia,0811693102EB4B7A,2017-11-25,Active
ASTF3224DA765,CUST100076117,Router,Samsung,924CA14C88964B27,2020-04-14,Active
AST5C965D4BE3,CUST100009965,Handset,Arris,883FFA276D674240,2022-02-02,Faulty
AST190306D52C,CUST100052995,Handset,Apple,E4FFC782DB954937,2025-06-13,Active
ASTBC8B65DF7F,CUST100001781,Modem,Apple,7FAE86BE6C5A4F81,2021-01-20,Active
AST3357311840,CUST100049289,Set-Top Box,Cisco,7DBDB5F821104D57,2016-02-09,Active
AST22342E1E32,CUST100065294,Handset,Arris,2BFF7F986CCB4662,2017-01-31,Active
AST8DD3F4275F,CUST100050348,Modem,Nokia,9C80F38BE05B4173,2022-08-12,Faulty
ASTD8ECFE49BB,CUST100092376,Router,Huawei,65E1B3C08CFD47CE,2024-05-26,Faulty
ASTB4125417DB,CUST100046786,Handset,Cisco,487179BAA6BB4AD7,2019-07-21,Active
AST397752A913,CUST100074484,Router,Google,8E4379CB37A34064,2019-01-16,Returned
ASTF52002159C,CUST100058867,Router,Nokia,134711D2A3454E03,2022-01-31,Active
ASTF302C7333E,CUST100034706,Router,Samsung,D57CA23516BD45E7,2017-05-03,Active
ASTDBF412CA68,CUST100091515,Router,Huawei,C5BEBCE54741422B,2018-11-02,Active
ASTE6E8F2BCC4,CUST100097056,Modem,Huawei,F076F8B40BAD4565,2019-12-09,Faulty
ASTD46726C85A,CUST100083463,Home Security Hub,Nokia,228438DB534D483A,2020-11-23,Active
AST51EA8D4A2C,CUST100062954,Router,Google,D2852C3B07D74188,2022-12-06,Active
AST606D380EF5,CUST100087132,Handset,Arris,FD63E81CA40B4D4E,2020-08-02,Active
ASTDA0AFC89A1,CUST100028169,Router,Samsung,8CB14483F14C44A6,2021-03-13,Returned
ASTE7F573D7C0,CUST100016468,Handset,Apple,D3E36150F9624573,2019-11-18,Returned
ASTF0AC77E909,CUST100029153,Set-Top Box,Nokia,9E2EF767901741D7,2016-09-30,Active
AST650EDD4E2D,CUST100042321,Modem,Google,E509BE3B57F64F28,2024-07-10,Active
AST033102A158,CUST100033410,Handset,Huawei,D2497FA9C3244050,2025-03-06,Decommissioned
AST83788226EA,CUST100015190,Handset,Cisco,0137D0BBBF7440C3,2023-03-27,Active
AST321D641807,CUST100023980,Home Security Hub,Cisco,971FE8118FDB436C,2026-04-14,Active
ASTCBB6037FD4,CUST100085792,Modem,Nokia,D1399F6912764448,2017-12-13,Active
AST129D9605BC,CUST100011971,Router,Apple,63F3AB2E2F2F4D49,2020-07-31,Active
ASTE0CED1DF40,CUST100011564,Handset,Apple,F830B4C4476046D7,2018-03-01,Active
ASTCB827F78D0,CUST100008890,Modem,Cisco,281DB881EE8A46AA,2024-08-31,Returned
ASTB5CB6607FB,CUST100038542,Handset,Cisco,BD3345CFD23E4CE1,2022-04-12,Active
ASTC6CE1D40E5,CUST100045923,Router,Samsung,43D1BE0006094E90,2020-09-04,Active
ASTC83707EDC5,CUST100019791,Modem,Apple,53B71AD0591B4A5D,2026-04-20,Active
ASTECFC6747CE,CUST100078807,Smartwatch,Arris,F9E262D1798C49CA,2020-05-22,Active
AST8050395010,CUST100064936,Handset,Apple,A9164626F3324C34,2018-05-19,Returned
AST3256039167,CUST100031316,Handset,Cisco,D9797710FBCF4E9E,2019-09-12,Active
AST0232CE67E8,CUST100039515,Handset,Samsung,1BB90FA725AF4A94,2017-12-05,Active
ASTD415865512,CUST100053365,Router,Arris,7BAE6762AEA44BF9,2019-12-12,Returned
AST05CCF6C531,CUST100011666,Handset,Arris,6B16F9F17E0F4DD0,2023-07-27,Active
ASTF8E4E3AB0E,CUST100035930,Modem,Huawei,AB514FA2A1444A3F,2017-07-12,Active
ASTB32F926732,CUST100027886,Router,Huawei,D7A3EC5599C24A6B,2018-02-24,Active
ASTAE808DDAE8,CUST100069525,Modem,Arris,FCB7856477144543,2021-06-16,Returned
ASTFC707C7994,CUST100055355,Handset,Arris,D8F30E4E475840C1,2026-05-09,Returned
AST9A09A86E7C,CUST100059162,Handset,Google,363442BE952E4F5D,2018-07-22,Returned
AST740AC32A29,CUST100092684,Router,Apple,861FB80209274F64,2019-11-30,Active
AST406499FDC8,CUST100032076,Modem,Arris,A3AFF64A06C54C3C,2023-10-02,Faulty
ASTA38E310697,CUST100034248,Handset,Huawei,B00BAAC94A2442FE,2016-08-16,Active
AST5E02AF88BB,CUST100075155,Router,Huawei,0F2068C0F3F746FD,2023-01-24,Active
ASTC6801F02AC,CUST100057838,Modem,Apple,C890D073FB554CDB,2025-05-11,Active
ASTF579FB5787,CUST100014034,Modem,Cisco,75E3B49780ED4AE1,2017-03-08,Returned
ASTDDEA4C37EF,CUST100075440,Handset,Samsung,5BB7832DEA094A69,2022-02-21,Active
AST94F88E3C9F,CUST100076697,Smartwatch,Cisco,479B6E5847264230,2025-04-29,Active
AST58DE413FBA,CUST100004420,Handset,Cisco,6A63186D94E244FD,2024-03-24,Active
ASTBB812D54C8,CUST100093271,Router,Huawei,7D30B6CAA07B440F,2016-01-25,Active
AST712C13E220,CUST100031139,Set-Top Box,Nokia,EC7302C09C5F41E7,2020-10-21,Active
ASTAD9DF23CA2,CUST100066734,Handset,Cisco,3538A29580F940E7,2017-02-27,Active
AST9BB1A687C8,CUST100019229,Router,Samsung,8916D23B5C58464D,2018-11-14,Returned
ASTFE1803E275,CUST100024952,Smartwatch,Nokia,9D56F1E31CB24D67,2018-05-23,Active
AST35C6B060C5,CUST100071797,Handset,Samsung,26C54BD9A2294443,2020-12-30,Active
AST2C811A5184,CUST100036848,Router,Cisco,085455645A1D4F28,2017-01-18,Active
AST63D28173C1,CUST100036112,Modem,Apple,E806BCDBC2EB4213,2025-08-24,Returned
AST9B607F5DC2,CUST100085729,Handset,Apple,8EAE5B1395AE49BF,2018-01-06,Active
ASTCFEAD6513F,CUST100023207,Handset,Huawei,22C8D98BDC544B52,2019-02-23,Active
ASTFE67FA35FB,CUST100002131,Home Security Hub,Huawei,B9FFE05F8690496E,2020-04-05,Active
AST5B65745EDD,CUST100041005,Handset,Nokia,29AB83AB114147D4,2025-01-12,Active
AST8465A2FD86,CUST100001498,Modem,Apple,6AA3B849E29A43B2,2018-11-07,Returned
AST07CFA39A5B,CUST100026278,Handset,Samsung,BBFF63E8E95C4784,2026-02-13,Active
AST31E4A719F3,CUST100059400,Set-Top Box,Google,CCF21B0449ED458D,2022-12-01,Active
AST0AAB28E699,CUST100047459,Smartwatch,Cisco,410D6A86E77843B6,2024-06-26,Active
AST77B7D2E854,CUST100042406,Modem,Cisco,13F0431DADBA4929,2025-08-11,Active
ASTADC8C97957,CUST100023669,Handset,Nokia,0A3D93DC43F5448A,2026-01-07,Active
AST07F60C7E82,CUST100038184,Modem,Huawei,34F8D56310F24DB5,2022-03-15,Active
AST936A669211,CUST100006522,Handset,Apple,1F9830DB0CFD4067,2025-01-10,Active
ASTD36F7311CC,CUST100055891,Handset,Huawei,E13F040A3A054466,2025-03-31,Active
ASTBDEA1241A5,CUST100018497,Router,Arris,65DB7C4EAD3347A3,2024-03-07,Active
AST2F6C4BDB96,CUST100063894,Smartwatch,Nokia,62E1A4088E424C72,2023-12-03,Active
AST192A7187A8,CUST100020074,Router,Huawei,129FEF8D6DC34C30,2020-01-30,Decommissioned
AST4AB17BD8CC,CUST100025657,Set-Top Box,Google,67312C4679E7453B,2017-03-12,Active
AST6D91F03B64,CUST100050582,Handset,Huawei,1593B980BCD94962,2022-06-16,Active
AST541D027B65,CUST100071627,Modem,Huawei,0B6E12C2CDB64496,2016-10-21,Active
AST1D063BC8EC,CUST100067515,Handset,Cisco,34C1CA9C196E484C,2019-02-16,Active
AST04FF1C81DA,CUST100005378,Smartwatch,Apple,211534C3E1B34545,2016-03-05,Active
ASTB824393533,CUST100096574,Handset,Arris,686CF5E09C624F93,2016-04-14,Active
ASTC6B9A7D4E0,CUST100015576,Handset,Nokia,FA177155A43F4DAE,2017-02-11,Active
AST2C5BE414F0,CUST100050446,Set-Top Box,Huawei,EE3E405F631B47CF,2016-06-02,Active
ASTF66FE120CC,CUST100090750,Set-Top Box,Arris,D748D575FD2A4BFE,2018-07-23,Active
AST050255F9EC,CUST100030960,Smartwatch,Apple,8D9CFCD5C11E409E,2020-01-20,Active
AST194139633C,CUST100077795,Handset,Google,01A206A055574864,2018-05-25,Active
ASTA22AF79B79,CUST100024999,Modem,Huawei,CB839D22B01A494B,2022-05-09,Active
ASTE5C44AF17F,CUST100048283,Handset,Arris,A5272CEE76D84BBD,2019-10-26,Active
ASTFB5E1F2958,CUST100089336,Handset,Cisco,75AA2A836B914254,2021-11-09,Active
AST0C0B26BA0B,CUST100090220,Modem,Cisco,7DA0183AC6804EA5,2020-11-04,Returned
AST3EDC0D6A73,CUST100031696,Modem,Apple,F0C3F1156035455C,2024-07-27,Active
AST605E90B690,CUST100089420,Handset,Arris,7176371B9C73429A,2016-09-13,Active
ASTF79A9C169B,CUST100086872,Handset,Apple,02E5F4E756A646C6,2020-05-24,Active
AST368DE7F2FE,CUST100014643,Router,Nokia,7D08BCA4EC1D4CDD,2019-05-12,Active
ASTFCB98F9148,CUST100047614,Handset,Samsung,CF0AE9CDDD87407B,2020-12-01,Returned
AST1534F4868F,CUST100052801,Handset,Cisco,AB778B7D8D494935,2022-10-11,Active
AST8261D24D20,CUST100043409,Modem,Arris,7C1EB52FB56B428F,2026-01-17,Active
ASTDF193E05EF,CUST100082352,Handset,Nokia,05980EC6FE4242A6,2024-01-20,Active
AST36CBF1C7CF,CUST100039140,Modem,Samsung,1AD3A00779004781,2025-06-26,Active
AST46E796AE54,CUST100071415,Smartwatch,Nokia,693E5FDE726C42F0,2024-04-07,Returned
ASTB48AA45F7B,CUST100085923,Modem,Nokia,8F5C31189DFB4677,2024-05-26,Active
AST1E74F2F53E,CUST100095445,Router,Huawei,7283631294E641F4,2018-01-24,Active
ASTAE7593C4F0,CUST100078318,Handset,Nokia,28E69452494D45C8,2016-10-28,Active
AST73C3735EB1,CUST100063463,Handset,Huawei,029407390A2D43F7,2024-03-12,Active
AST421CDCF618,CUST100088800,Handset,Cisco,734EF3F1B41F4781,2017-11-16,Returned
ASTC83C825DA4,CUST100037867,Set-Top Box,Apple,DCCD95919D0745C7,2020-01-30,Active
ASTA27CA8BF2A,CUST100081286,Handset,Nokia,6AA0DBF410144D61,2025-10-27,Faulty
AST258418700E,CUST100065317,Handset,Arris,159693FFECB24CAC,2020-01-02,Active
AST631A25CA68,CUST100025198,Handset,Google,0D09EAA14026469E,2016-08-10,Active
ASTA2A09BF2AA,CUST100065655,Handset,Cisco,D4D97C64DE874D4B,2022-04-06,Active
AST9F83E8C0C0,CUST100077756,Set-Top Box,Nokia,12485563408B4B8C,2025-05-09,Active
AST60B774F673,CUST100004718,Modem,Arris,AA95275F37ED4450,2024-11-08,Active
ASTE9DF5B6BA1,CUST100036508,Home Security Hub,Nokia,30E916B6D46B477B,2022-10-24,Active
ASTA8E6DA4854,CUST100006913,Set-Top Box,Apple,D7F34FF2AADD4C83,2020-08-31,Returned
ASTA1F52931AA,CUST100030523,Handset,Samsung,8AC054CD66D549F3,2022-10-18,Faulty
AST84F80112D8,CUST100058335,Set-Top Box,Huawei,E7B99BC6C5DC4EB3,2016-12-02,Active
AST23F6CF6394,CUST100066193,Handset,Samsung,7A3AB00DF6194489,2023-01-05,Returned
AST1DAB0FF95E,CUST100061861,Router,Arris,842544285D3B47E6,2016-09-18,Active
AST24A8867CCB,CUST100030401,Handset,Huawei,3EFEB405376C4D29,2024-12-22,Faulty
AST34368894F5,CUST100007195,Set-Top Box,Samsung,76F881BDCAC742EF,2025-06-01,Returned
AST51808CEABD,CUST100094696,Router,Google,F277BFA574D34C64,2019-01-19,Active
AST7FE8A91EF6,CUST100074405,Smartwatch,Nokia,E7EC2DAD999443ED,2019-06-07,Active
AST553CE14A76,CUST100083157,Handset,Nokia,D3E5372B046043DC,2020-02-21,Active
AST2ECD3D20F4,CUST100064714,Set-Top Box,Nokia,024CA4DC50D0453F,2016-06-05,Active
AST0E5D917ED3,CUST100027081,Smartwatch,Google,93889217FF004707,2016-04-10,Active
ASTE50020A416,CUST100053413,Router,Apple,1BF10C96FAB845C3,2023-05-05,Active
ASTABA0865C87,CUST100039333,Handset,Nokia,8FA9B4B1C4014B38,2018-08-23,Active
ASTD8E57899B2,CUST100077946,Set-Top Box,Samsung,80F191FC2FD54E82,2023-05-26,Active
ASTCDF8EA2A8B,CUST100099001,Handset,Samsung,FB91EBB008724AEB,2016-10-18,Active
ASTEC78D133C9,CUST100098453,Router,Samsung,83EDF257FBEC4327,2024-05-15,Active
AST90EF5257D0,CUST100074299,Set-Top Box,Huawei,F49FF9359E7B47E8,2021-06-07,Faulty
ASTA3B2C5DB78,CUST100081851,Router,Huawei,E2ACC0F1A19B4A9D,2020-11-12,Active
ASTD715C1CE04,CUST100062675,Set-Top Box,Google,E341B9DF4F8A4E66,2017-11-02,Active
AST3E1FBD9AF2,CUST100085155,Smartwatch,Cisco,C9F5CF082E534EE0,2023-04-20,Active
ASTDD52BD0686,CUST100054067,Router,Apple,16C8AA4847014632,2022-02-18,Active
AST99CEA29940,CUST100067446,Modem,Huawei,2C0A6F4DB2DF466B,2016-10-14,Active
AST2462EC258E,CUST100041358,Handset,Google,2F0F9AFD2D644809,2018-07-15,Returned
ASTF3E7A1322B,CUST100005286,Handset,Nokia,78AD1A8F2E0A436C,2019-09-20,Active
ASTAD602839D6,CUST100083107,Router,Nokia,18E9606BDFD1463C,2018-09-09,Returned
AST196F5AFDDC,CUST100086061,Handset,Google,9B095BF20D944804,2026-04-14,Active
AST3B028F76EE,CUST100055671,Set-Top Box,Google,37432121147A42A7,2022-06-25,Active
ASTFCD9491830,CUST100063423,Handset,Cisco,B58379B570034062,2020-10-25,Active
AST0A46CAEFE9,CUST100080759,Router,Samsung,B0920B51D2FA482F,2020-04-07,Active
AST51AED020BD,CUST100042291,Handset,Google,4D1601C680E24CF8,2023-12-18,Active
ASTE1B90003D2,CUST100088729,Router,Apple,AF1C295FE7F34E5D,2023-10-10,Active
AST4BD7AEE1C3,CUST100099180,Handset,Cisco,A98D9A6A53D044E4,2022-07-15,Faulty
AST107EA34A26,CUST100004914,Set-Top Box,Samsung,11570A0A64EA49BF,2024-02-03,Active
AST3F127DA604,CUST100085553,Modem,Apple,DF2CD37EBD67413A,2016-03-20,Active
AST044AF2BF1C,CUST100013064,Handset,Huawei,D4CD5DE6769F425E,2017-07-29,Faulty
AST4DD3DFF369,CUST100080280,Handset,Google,21C72929333141DA,2016-08-13,Active
AST077A7C99D1,CUST100005894,Handset,Huawei,A15F8A9B4ABC4072,2023-12-10,Faulty
AST8BBAF8D01B,CUST100053010,Handset,Samsung,6C366E0DEB484EA2,2026-01-09,Active
ASTCE36884AF8,CUST100020987,Set-Top Box,Huawei,E6FE21F16F4F429F,2018-03-20,Active
AST8D6D25294B,CUST100070418,Router,Arris,AEF636294D114D51,2020-12-01,Active
ASTE187DDD384,CUST100088603,Router,Apple,9FC345488B8E40AB,2026-01-10,Active
AST0271DF8D3E,CUST100087669,Set-Top Box,Huawei,9FCCB69CA4AD4446,2025-07-19,Active
AST1BAB598892,CUST100037735,Handset,Nokia,5994FFA6E3004552,2024-07-18,Active
ASTCA3B6C1838,CUST100009802,Handset,Huawei,D44BEB134CC54D7C,2024-06-11,Active
ASTB062940EFF,CUST100005263,Home Security Hub,Google,664EBE3B0F1D4D64,2017-06-09,Active
AST4D19E7806E,CUST100041850,Set-Top Box,Huawei,7348D41ADD5E4847,2023-04-19,Active
AST878101B88F,CUST100058480,Set-Top Box,Apple,0C743F3D59AB4F68,2019-06-10,Active
AST11BA6AC949,CUST100020720,Router,Samsung,C38B62C48153460A,2026-01-27,Active
ASTD92D828A9C,CUST100069781,Handset,Google,A8306B6DA9DC4327,2017-06-07,Active
ASTDC0D8F5029,CUST100058812,Handset,Nokia,13694FBB35FD4C77,2018-12-12,Active
AST8F10193838,CUST100074917,Handset,Huawei,CC97BF60FBF748DF,2020-09-12,Active
AST2D22B87262,CUST100064760,Handset,Apple,E1B8550DF70F4955,2016-05-30,Active
AST88614C6FCE,CUST100021768,Smartwatch,Huawei,9AFB87B2B7B44A6B,2016-04-01,Active
ASTCDCC14D803,CUST100004287,Set-Top Box,Google,EBB964FAA7874F2A,2021-07-01,Faulty
AST07843E25F2,CUST100008182,Handset,Nokia,2A90E59F65B94072,2019-05-05,Active
AST70539840EF,CUST100051402,Home Security Hub,Nokia,5DF8464653144A0B,2016-12-21,Active
ASTEE41D4972F,CUST100011428,Modem,Apple,BC391B4663F349D3,2023-04-11,Returned
AST7EDC23C835,CUST100099990,Handset,Samsung,4507ACE0205B4934,2023-02-09,Active
ASTB80751B3BC,CUST100022186,Modem,Nokia,B9B64581084141DC,2022-01-12,Active
AST50221B3141,CUST100093808,Set-Top Box,Arris,23BE5AB9EE80405D,2025-04-23,Active
AST8E346CBB28,CUST100062438,Router,Apple,5746228DD2504B92,2024-06-03,Returned
AST5A3C31A117,CUST100005623,Handset,Huawei,FA46B1172B0F444B,2022-10-13,Active
AST4E72AB3E97,CUST100060023,Modem,Google,75F657ACEB2F46A6,2017-09-28,Active
ASTF652ABF5D8,CUST100067850,Smartwatch,Cisco,B206C1CE4DC9451B,2016-10-22,Active
ASTB30B45CF71,CUST100005490,Router,Huawei,A64D804511304E92,2022-12-12,Active
AST19B7420925,CUST100058962,Modem,Nokia,339AB5CA5B8A4783,2021-08-12,Returned
AST049D9777F2,CUST100020804,Handset,Huawei,0B93EE0839B94381,2026-02-09,Active
ASTD624A51F29,CUST100002216,Set-Top Box,Samsung,346EAF02456F4EEF,2018-10-14,Active
AST41169A6F40,CUST100030097,Handset,Google,CE896E00D04041DB,2019-09-09,Active
AST45F9261E10,CUST100075489,Handset,Apple,3774984E5971492C,2021-08-01,Faulty
AST2FDA0537CC,CUST100031210,Set-Top Box,Google,93C50685D6754DBE,2020-03-07,Active
ASTC7949E7ACA,CUST100097706,Modem,Samsung,607455B17842446B,2023-02-23,Active
AST466D48A9D8,CUST100030926,Handset,Samsung,1E454736AE1E4778,2025-01-21,Active
AST9AC74DEE39,CUST100010175,Handset,Apple,18DCC54EE72C4715,2021-01-13,Active
AST700BDE3EFA,CUST100016532,Router,Nokia,6AD3A54095AF4924,2018-10-29,Active
AST5E0E282032,CUST100055231,Handset,Samsung,E2CBEE021ADB4653,2019-02-13,Active
AST7A34C74972,CUST100008154,Set-Top Box,Cisco,D95147EA96BE4FE8,2024-08-21,Returned
ASTF1458DECA9,CUST100001918,Handset,Google,34685C046FF04CD4,2019-02-17,Active
AST8A1A6D244E,CUST100016355,Modem,Samsung,725567D5D7C7493C,2018-03-28,Active
AST38ACD43D71,CUST100018769,Handset,Google,0DE048162D4F4133,2022-05-07,Active
AST1B65423B1B,CUST100085998,Modem,Huawei,7AA9A49AC45445CC,2019-09-04,Active
ASTA163C9588C,CUST100025921,Set-Top Box,Cisco,2964F3CA5BA44EAC,2024-08-23,Active
AST586889233B,CUST100002474,Router,Nokia,C21203E7B3344E34,2018-10-30,Active
ASTBCF6B69D28,CUST100096985,Home Security Hub,Arris,B78D2490C1CF4CFC,2024-06-26,Active
ASTCAB8AEA5E7,CUST100018116,Set-Top Box,Google,BF70A428E4154A39,2022-10-03,Active
AST7B38A0B629,CUST100084788,Smartwatch,Samsung,2A34CE2A801549E5,2023-10-08,Active
AST35B3EA27E4,CUST100097429,Router,Apple,E94D86160CC14534,2022-09-03,Active
AST455E0F7AEC,CUST100044683,Handset,Cisco,4AA3015FB849487C,2019-01-21,Active
AST11598A92E6,CUST100074589,Handset,Huawei,89792BBCE5AE4080,2016-02-11,Faulty
AST06547698FD,CUST100084855,Set-Top Box,Arris,6ABB0DA36A244CB7,2022-01-16,Active
AST729B55C17A,CUST100039360,Handset,Huawei,E8DF0B43821C4F8C,2017-03-25,Active
ASTE09330A25B,CUST100096201,Modem,Arris,2BC28A9828E24EE2,2024-06-27,Faulty
ASTB3BEA893C6,CUST100003679,Modem,Huawei,270407F64AA84754,2018-05-03,Active
ASTCFAAED1705,CUST100066652,Handset,Huawei,5C5FD45AC0EA4AF2,2021-01-14,Returned
AST4136F908E6,CUST100009173,Modem,Cisco,61F5BB056A2E4532,2019-02-02,Active
ASTE40117FA66,CUST100037827,Handset,Samsung,BB5C9838407E4384,2024-06-28,Active
AST31C197B5B1,CUST100050771,Handset,Huawei,53E4EC2580EE4153,2019-06-19,Returned
ASTE809EABCEE,CUST100051829,Modem,Huawei,C2B229DA8D39406D,2019-03-31,Active
AST68FFFE7956,CUST100032226,Handset,Nokia,066914F332C14249,2024-11-10,Active
AST3660A68313,CUST100006450,Router,Huawei,7386805732334EBD,2021-08-27,Active
AST494F58B653,CUST100084547,Handset,Apple,AE7E217F154A44FE,2020-05-23,Active
AST678CBE4EAF,CUST100063752,Handset,Huawei,03A861D682C04792,2020-03-18,Returned
AST58C29F2D50,CUST100012057,Set-Top Box,Huawei,77DCA1F2DE6B457E,2025-03-03,Active
ASTFEE821BE1B,CUST100017782,Handset,Nokia,8AE7A76592AA4597,2026-01-16,Active
AST2C7792AA54,CUST100031461,Handset,Apple,1E8D1791168F4B86,2020-08-02,Faulty
ASTFEDEE36CE0,CUST100043269,Handset,Samsung,1635CA38126E41FE,2016-02-18,Active
AST495A1BFE80,CUST100025097,Handset,Samsung,F489AAAE271D45A0,2025-06-24,Active
ASTFDA113D99D,CUST100053148,Handset,Arris,7EF3EF81AD434E7F,2024-12-09,Active
ASTB1BD2B9669,CUST100079400,Set-Top Box,Huawei,7C38B0ACFFEC463E,2019-11-03,Active
AST4F35D117AE,CUST100036954,Router,Cisco,91F6C51CFD994C46,2019-12-13,Returned
AST7C925A34EB,CUST100016893,Handset,Apple,B36293182D5C4089,2024-04-18,Active
ASTB02F6D43E3,CUST100020111,Set-Top Box,Nokia,B6BB07595F2B462B,2020-08-24,Returned
ASTF1AD1AA830,CUST100093965,Modem,Samsung,97C072596FB241FB,2017-10-14,Faulty
ASTDBC563E26C,CUST100035485,Set-Top Box,Samsung,7E566FF78E304109,2023-12-21,Active
AST08E82187C6,CUST100092224,Modem,Huawei,5249271D68FB4E11,2020-10-06,Faulty
ASTE29E7CD6B1,CUST100032698,Handset,Samsung,BDFC80D69BB94694,2020-10-26,Active
ASTD56CE9C787,CUST100095345,Home Security Hub,Nokia,AA5BE6BB025E403F,2018-07-11,Active
AST80FA7F761E,CUST100063771,Handset,Nokia,F968E17E58564081,2021-11-10,Active
AST3851E304D7,CUST100036190,Modem,Huawei,54CCD0687E9149A0,2020-06-08,Active
AST1F76B1924F,CUST100002527,Set-Top Box,Apple,B0B5442BE95A4026,2019-06-23,Active
AST42320D0237,CUST100092488,Smartwatch,Google,E249C9ABB5BD4543,2019-02-13,Returned
AST64A143CEE7,CUST100069622,Handset,Huawei,805AAECAB69C4194,2017-09-06,Active
ASTA411C32E81,CUST100080250,Router,Apple,FFD01A41713A4AA3,2024-01-13,Active
ASTF2FDFDC439,CUST100041884,Handset,Samsung,F1FC96F347334FB6,2019-08-08,Returned
AST081AC3E128,CUST100050829,Handset,Apple,875751A91D6B44A2,2023-09-02,Active
ASTD7C394FA04,CUST100059390,Handset,Cisco,832C097A06B645A1,2024-09-04,Active
ASTA53967E7EA,CUST100050928,Router,Google,2D18E140F24A4F40,2020-11-08,Returned
AST2403D25716,CUST100087353,Handset,Huawei,E048FCBA83734DBC,2023-04-04,Active
ASTFED5FE08F6,CUST100015506,Modem,Nokia,91B73D5DF8FF4D63,2016-07-04,Active
AST623B8D03F1,CUST100069280,Set-Top Box,Google,007CEE0021D94A93,2022-05-30,Active
AST7BFDFAB8DF,CUST100063166,Router,Apple,2546E73133824882,2025-10-24,Active
AST64D385B2A3,CUST100095632,Smartwatch,Google,86418F0ACE6144D5,2016-07-16,Active
ASTA2767E26B7,CUST100081481,Handset,Cisco,D9253E0230E1428D,2022-08-05,Active
AST902E9E2F1C,CUST100070840,Modem,Cisco,2C97B96B99D047CF,2018-12-19,Active
ASTAC48831BCA,CUST100038934,Modem,Google,2873F2F63CA84290,2025-11-26,Returned
AST5DD387B6A6,CUST100038094,Handset,Google,16A579DEC9734BE2,2021-01-06,Active
AST95B206EDFA,CUST100003682,Handset,Huawei,DE24EAF08E7549E2,2023-02-15,Active
AST8E27376374,CUST100006720,Smartwatch,Huawei,CAEE51D664AB4749,2022-06-08,Active
AST86F09EFCF1,CUST100044316,Handset,Nokia,8B26DEED4EF34779,2024-01-17,Active
ASTCCE4562FAF,CUST100039861,Handset,Huawei,5528EAA7290E43DA,2022-11-18,Active
ASTD6A0B0EBFE,CUST100033281,Modem,Nokia,ADEDD6C6886941C3,2026-03-10,Active
AST2E17BBD43A,CUST100014833,Smartwatch,Nokia,02DADEA7EEF940AB,2017-09-30,Active
ASTC0C7C829EA,CUST100020815,Handset,Cisco,2DEC0E9E47C449C7,2021-09-08,Active
ASTB91E5CAE25,CUST100083626,Modem,Arris,B7367DE4AA3044DB,2020-05-24,Active
ASTDFEB322F30,CUST100001475,Set-Top Box,Huawei,E14BC3176E3B4C02,2018-10-01,Faulty
ASTD5E854C069,CUST100080492,Handset,Arris,1B1EEB58A43E49CA,2025-09-15,Active
AST13C9E3875B,CUST100052277,Modem,Google,B98E05D94AA348FB,2018-06-02,Active
AST3A1C016697,CUST100095122,Modem,Samsung,6949589AE070453E,2018-06-28,Faulty
ASTC26D9AA556,CUST100058568,Smartwatch,Huawei,B4EF3F6136D94908,2024-09-02,Active
AST96CB405AA2,CUST100026894,Modem,Nokia,E6C72E77FC084EAD,2021-03-24,Returned
AST7CA1820474,CUST100098621,Router,Google,AEDF8D02FA8D462E,2016-01-25,Active
AST7D644DF5E7,CUST100017478,Set-Top Box,Google,19E5BDF4925F4963,2025-10-24,Active
ASTC6F17E5274,CUST100036987,Handset,Cisco,56D434C543604C60,2023-03-29,Returned
AST9B4D64D663,CUST100055197,Modem,Cisco,FF2CDC2EB3AC467C,2024-07-08,Active
AST1F69F8BF8B,CUST100001857,Handset,Arris,AD19F9A2358B48FB,2020-10-14,Active
ASTBBE4181631,CUST100008396,Set-Top Box,Arris,917E5AAB943A4C11,2022-01-11,Returned
AST226E5EDCA6,CUST100095726,Modem,Nokia,C3A6C2D8BB824A28,2023-08-22,Active
ASTB93CBF9158,CUST100092933,Home Security Hub,Nokia,1E42CABD6FFD456C,2020-11-09,Returned
AST501D91504E,CUST100048430,Handset,Samsung,6B080FFBB6B84F92,2024-07-11,Active
AST225584B529,CUST100082500,Set-Top Box,Cisco,C2EB6576A1D142DC,2026-04-02,Active
AST7CBA5C0E7B,CUST100030549,Handset,Cisco,19363BEDE0044CE6,2022-01-01,Active
AST9A4763FF31,CUST100020463,Set-Top Box,Apple,ADC6FE72FF3541C5,2026-03-17,Active
ASTCF4994949E,CUST100066006,Set-Top Box,Cisco,FC665E3AAD9A4716,2016-10-24,Active
ASTEF926FB5A2,CUST100032498,Handset,Huawei,89EF670DA89C4C30,2016-10-10,Active
AST93B9B1A3E3,CUST100072141,Router,Nokia,3703A504104E47F0,2016-07-13,Active
AST948FF6FA83,CUST100049529,Handset,Arris,2E1BA27FA3B24657,2023-05-24,Active
AST643C4A4E71,CUST100071383,Handset,Apple,8A7D3704D04F4440,2020-10-29,Active
AST3A09D4E005,CUST100099660,Smartwatch,Samsung,E2B77994271F4494,2017-09-03,Active
ASTFBB02172F5,CUST100046998,Router,Huawei,E1ED8F32A6DB46DF,2022-03-29,Decommissioned
AST358424B765,CUST100014646,Handset,Apple,9B8CFFF6BB4945A0,2023-03-14,Active
AST1D23185C4B,CUST100009776,Router,Apple,8FA75168E8A545A0,2023-03-29,Active
AST0FDA4ECA74,CUST100010524,Set-Top Box,Huawei,9FA7152B0FF24845,2020-06-25,Active
AST171430D117,CUST100051475,Router,Apple,2548547DDE0547E1,2023-04-01,Active
AST33EDD36D4F,CUST100092795,Handset,Google,C622E3EE9BD34D04,2017-02-02,Active
AST947D8CFE84,CUST100040611,Handset,Arris,79BFA45B2B694638,2023-03-05,Returned
AST0A9E765338,CUST100001794,Handset,Apple,3C27AC4A93F34DBD,2016-08-12,Faulty
ASTB42377AF91,CUST100028889,Smartwatch,Huawei,0F80A93DFB63408A,2019-04-13,Active
AST450DCEB4EC,CUST100007380,Router,Google,7A06569F976D4080,2024-06-05,Active
AST7ED7ABB71B,CUST100050136,Router,Nokia,A26AF95982FD4C93,2016-09-13,Active
ASTDA07BC7751,CUST100089433,Handset,Huawei,2FE9FFFC387F4730,2018-01-31,Active
ASTE393DA3022,CUST100046324,Handset,Samsung,8DA7A6CCF57E4C89,2025-02-25,Active
AST337E5D0584,CUST100086418,Handset,Arris,5638082F26F049B8,2023-03-08,Active
AST818C95D13B,CUST100088052,Modem,Samsung,9F4CC70486D84230,2021-07-24,Faulty
AST4AB60934CB,CUST100010925,Set-Top Box,Cisco,700F12B7BBAB4808,2025-05-12,Active
AST1F3ED87F8B,CUST100061600,Set-Top Box,Nokia,D7373D0D90B64F73,2019-04-27,Active
AST4A676001B9,CUST100085097,Router,Google,35E500D4FC55497C,2018-09-16,Active
ASTACB72C152C,CUST100075193,Set-Top Box,Samsung,2D1091CA1B0A4251,2020-05-22,Active
AST646CBCBEAD,CUST100080318,Handset,Google,2C711FA86D1E4C63,2018-05-12,Returned
AST8181785261,CUST100029777,Smartwatch,Nokia,F583B0C8F1474351,2021-03-28,Returned
AST759803D61E,CUST100077552,Modem,Huawei,10E495FE06864A16,2016-10-01,Faulty
ASTD9456F9EC9,CUST100061614,Set-Top Box,Samsung,5F4C6E209DAD4E51,2023-03-13,Active
ASTA7DBCDC82A,CUST100096529,Router,Apple,87D6198BAC2B4352,2018-08-04,Active
ASTD04EFA78FF,CUST100010429,Router,Nokia,658672657A8444AF,2024-03-29,Active
ASTB5A5BFD22B,CUST100048147,Handset,Apple,C7769A5755894534,2019-01-22,Active
ASTC74C53B29C,CUST100056082,Set-Top Box,Samsung,9A82BEBE03994294,2023-05-17,Active
AST48EEEFACE5,CUST100087479,Handset,Nokia,CDA0E1908E52461B,2018-03-21,Active
ASTD27F4CD027,CUST100055035,Handset,Google,99532DAE4D72401E,2022-12-28,Active
AST19579A4CB8,CUST100050116,Router,Google,BD48681BE4D84898,2018-04-24,Decommissioned
AST1AD2427800,CUST100024397,Router,Apple,EDF3ADD7F449453A,2018-01-15,Active
AST5482E987F9,CUST100024449,Set-Top Box,Arris,241350F39E1344AC,2017-07-15,Active
AST1814BBA585,CUST100074799,Handset,Cisco,C5C65DFDFC6E4ED8,2020-01-26,Active
AST8420CA6759,CUST100071229,Set-Top Box,Cisco,4C320AD8AD8E4DE7,2025-03-30,Active
AST7E6C96949B,CUST100067288,Router,Huawei,00E94FF15F044D74,2022-06-03,Active
ASTC445968E4E,CUST100064926,Modem,Google,88DF41AC0CF64D17,2018-09-01,Faulty
ASTB9823507B4,CUST100029971,Router,Arris,D367FCC29A3946C8,2018-08-19,Active
AST9D2F02425A,CUST100000384,Handset,Arris,29AA6279498B443B,2022-04-23,Returned
ASTBDE1FB7FF9,CUST100038445,Router,Google,7CCFEF38A19048CB,2018-05-12,Active
AST93086737F9,CUST100031999,Handset,Arris,313A9F30B1984174,2026-04-21,Active
AST4CAB4D5C42,CUST100026422,Handset,Huawei,E1E976E72AA649F5,2025-05-08,Active
AST1D99329D62,CUST100060412,Handset,Nokia,2424D83DCAEE4DB8,2021-09-16,Active
ASTF819A606C0,CUST100050741,Handset,Huawei,868917FD148246D0,2020-09-18,Active
AST50AD2B7F8F,CUST100014097,Modem,Nokia,C0F2C8F17F464CE1,2026-05-23,Active
AST79A56742C4,CUST100004850,Handset,Huawei,F1E48BC1B34B4FEF,2019-10-05,Active
AST90BC7957FA,CUST100022137,Router,Google,671AB54A6A3C4244,2019-06-22,Active
AST4F6E335EAA,CUST100072775,Handset,Arris,0E03C9A1B6A04DF3,2021-07-03,Active
ASTF2A938CD72,CUST100048070,Handset,Huawei,0ACE240138924764,2025-11-12,Active
AST3F71A9310A,CUST100082716,Handset,Arris,318C2FD906E54774,2025-12-06,Active
AST1BFCA5FEAB,CUST100081397,Home Security Hub,Nokia,A3FAF3C5CC124540,2016-05-04,Active
ASTC130822C70,CUST100029030,Home Security Hub,Arris,AAED74099B574C9A,2016-11-03,Active
AST65388ACF17,CUST100010958,Router,Google,CF8436AD67044446,2022-09-19,Active
ASTF1D7E22DCA,CUST100001493,Handset,Samsung,024346998DF24E86,2025-11-04,Active
ASTB22C124EBC,CUST100053537,Handset,Samsung,89C6E0F2C3404E7D,2016-12-07,Returned
AST9F76133151,CUST100089589,Set-Top Box,Arris,4B0DC706D51942FB,2020-11-29,Active
AST5B65D4E080,CUST100089114,Handset,Nokia,B5D03E356ED540A2,2024-02-08,Returned
AST7F7D203BD6,CUST100047287,Set-Top Box,Samsung,F81457CDC54C4184,2022-07-18,Active
ASTA4371FF08A,CUST100093355,Home Security Hub,Apple,80F6E84892FC456F,2024-10-14,Active
ASTF54A95ADC2,CUST100091984,Smartwatch,Apple,D7E4B23AC21841DE,2022-08-04,Active
ASTE8597D7F32,CUST100058728,Handset,Apple,4565DF14C79A48D3,2024-05-31,Decommissioned
AST8B61DEE52E,CUST100076163,Handset,Huawei,BFE9481DEDD24F33,2019-05-22,Active
AST195C32DEB4,CUST100088845,Modem,Apple,70782E339ECB4FEB,2017-07-23,Active
AST942A399223,CUST100083265,Handset,Cisco,7092644E7AED4782,2022-01-07,Active
AST4836CBEDD7,CUST100043423,Set-Top Box,Huawei,5D952377793F4275,2023-01-16,Active
AST0CCA19EA28,CUST100079459,Home Security Hub,Arris,E1F483AB9BD64366,2024-12-05,Returned
AST7FBBAD087A,CUST100031612,Handset,Nokia,04EDF0BAC4B9457B,2024-07-16,Active
ASTCD8EA9A7A9,CUST100070879,Router,Nokia,8871FEC0348F4A68,2019-01-11,Active
AST411972A1F4,CUST100025106,Modem,Google,0BA5DC191D4A4538,2017-11-01,Active
ASTF2294DD7FD,CUST100080733,Modem,Google,BCA8E19DEBCE466E,2023-08-19,Faulty
AST753C3B48EF,CUST100011037,Set-Top Box,Samsung,B92776C63A574E0A,2017-07-02,Active
ASTC359161C60,CUST100024805,Smartwatch,Huawei,7C5BE30D22C94384,2016-04-14,Active
AST4C75887DF1,CUST100093794,Set-Top Box,Huawei,EFB6FAE2921C45E3,2017-11-21,Returned
AST0E50C1E1AF,CUST100069296,Handset,Arris,8EA0F0587E6F4E7F,2021-04-25,Active
AST409A323ECD,CUST100058906,Modem,Huawei,5B1644F2968E4D1B,2018-09-05,Active
AST8373BF6E7A,CUST100013214,Router,Huawei,1B4914A19CDC4CF8,2017-03-03,Returned
AST97DF7FD4ED,CUST100015918,Set-Top Box,Nokia,E311DD5E0CEF420B,2020-03-15,Active
AST1EE124926E,CUST100093507,Set-Top Box,Huawei,8E36D030419A438C,2021-08-02,Active
ASTDF5E24F049,CUST100022557,Handset,Samsung,798BD9ECF5E649B9,2024-03-22,Returned
ASTF2BB49B24E,CUST100030776,Modem,Cisco,1FADA2834CAF4143,2018-05-30,Active
AST7D056BC243,CUST100003631,Modem,Arris,998C8F98FAB34B20,2016-08-23,Returned
ASTC4E5050033,CUST100029976,Handset,Huawei,232AC16ECF0544E2,2016-04-27,Active
ASTE43975022E,CUST100002600,Handset,Huawei,91267FFF06AC4E04,2021-09-26,Active
ASTB7A5098EF3,CUST100090792,Modem,Apple,57932576D78A4D9C,2023-04-08,Active
AST3CE6DB017F,CUST100008645,Set-Top Box,Nokia,38AA87268E024573,2016-06-12,Active
AST73A3DC0C34,CUST100003689,Router,Apple,89C1F5DA49494586,2017-09-11,Active
ASTEE7FACD8B6,CUST100037364,Modem,Samsung,831EE88F2363435E,2018-03-03,Active
ASTB85493B44E,CUST100056066,Handset,Nokia,C38F5DEABF9B44AF,2017-08-28,Active
AST9BE7A46E75,CUST100002773,Handset,Arris,3CF47B11A15F4F45,2019-08-22,Active
ASTD09AD9339B,CUST100093321,Modem,Nokia,2B25BBBF224948D3,2025-07-20,Active
AST797DC6D805,CUST100017142,Router,Cisco,7126FAF5804445E8,2017-08-26,Active
AST7537E7B261,CUST100012204,Set-Top Box,Nokia,C95080AB26B84169,2021-03-16,Active
AST9531D87116,CUST100004095,Handset,Apple,9C37E91CEFC44C5B,2026-06-04,Active
ASTC5AF8E68F5,CUST100070361,Handset,Samsung,0BBA0F7065444092,2018-10-20,Active
ASTBDACD11EB4,CUST100053874,Handset,Nokia,D05C6286D7A94B21,2021-03-15,Active
AST2AB9CF42FC,CUST100074823,Handset,Huawei,68D72B38B35F491E,2022-06-12,Active
ASTE32A3F128E,CUST100096451,Handset,Apple,758363D46A544F1E,2025-01-19,Active
ASTB469E0B721,CUST100034283,Router,Apple,D5529EE0F2E648F6,2025-11-27,Returned
AST0AE999F984,CUST100077414,Set-Top Box,Samsung,0286ED3F2FBA4D2F,2016-11-07,Active
AST25DBA0CE8C,CUST100092951,Set-Top Box,Huawei,1DBFEEDB648443A4,2018-09-16,Active
ASTB352CF30D5,CUST100094107,Modem,Arris,8B49457714AB49ED,2019-05-28,Faulty
AST2B895617B4,CUST100070726,Handset,Cisco,798818147B914723,2024-04-24,Active
ASTDE0915EAF0,CUST100055182,Handset,Google,54518B8E755F4950,2022-01-18,Active
AST09F8BD2BCA,CUST100029881,Set-Top Box,Cisco,2A08C2C8E3864C81,2020-07-21,Active
AST19F2D771A0,CUST100070190,Set-Top Box,Google,64DA3B3B4B3A4B8F,2016-11-20,Faulty
AST54B1247131,CUST100082906,Router,Nokia,C9959CE7FAC84A1E,2018-03-09,Active
AST099AEE0E6A,CUST100085241,Handset,Google,740467B236E84996,2026-01-28,Active
AST4096827EBF,CUST100087867,Handset,Samsung,2B5C3820889D441D,2016-05-04,Active
ASTFA1964DC23,CUST100086704,Router,Google,9A512931B6E44C03,2016-05-21,Active
AST21165ED22C,CUST100028413,Handset,Apple,597C219E5C9E4E41,2025-10-17,Active
AST68A50E0937,CUST100041133,Handset,Cisco,116DDBE764C34B96,2016-05-27,Faulty
AST46939D53A0,CUST100055563,Modem,Huawei,9045D65058F74719,2023-03-27,Decommissioned
ASTCE9F4A9681,CUST100081655,Set-Top Box,Cisco,1463F45E5F43440D,2025-01-30,Active
ASTF6C586FC1E,CUST100054406,Handset,Apple,1357F8BFFEF34514,2017-02-23,Active
ASTCFCEFD840D,CUST100016310,Handset,Samsung,0D7325654FCB41F9,2020-12-21,Active
AST0DEB21E477,CUST100048662,Handset,Samsung,52CE05DCA69A44B4,2017-10-02,Active
AST5FE4E66E6E,CUST100042072,Handset,Arris,6EF1EED1693E43BD,2019-08-19,Active
ASTD59FCA8BCF,CUST100025974,Router,Google,A25B3F7B23164754,2016-07-07,Active
AST3F5ABA546D,CUST100021471,Handset,Google,5A92692E51CE4731,2016-05-18,Active
AST0F6FE17151,CUST100024515,Handset,Samsung,7C4D1ACCE7614158,2024-11-12,Active
AST3C2172C5D0,CUST100038129,Set-Top Box,Huawei,F348BA9975FC48B6,2022-09-08,Active
AST2904344672,CUST100012045,Handset,Apple,C0FF7367A99E4120,2021-08-05,Active
AST3C55555D4C,CUST100059668,Router,Huawei,71D15431FEB54290,2017-05-28,Active
ASTDBDC50669B,CUST100032674,Router,Apple,C1D31EA6FA7E4688,2025-02-04,Active
AST6F25B59A40,CUST100046807,Modem,Apple,7992FFB17EC642B8,2023-11-05,Active
AST1B8AE7CDDD,CUST100006100,Handset,Huawei,09FA7153370B4613,2023-08-12,Active
AST1AC1E557C5,CUST100081652,Set-Top Box,Arris,5532BB6E966F4C71,2026-06-02,Active
ASTE62487DDC3,CUST100042755,Router,Nokia,E68C0F6AE8B547FD,2025-01-31,Returned
AST7706FD7EBA,CUST100073142,Handset,Google,E7D797B15FD94EAF,2025-08-27,Returned
AST68090A7CDA,CUST100078969,Router,Huawei,2A035DA0C25B4BEB,2021-02-17,Active
AST451A6942DB,CUST100070034,Home Security Hub,Apple,08EB48E58FA640D7,2021-05-07,Active
AST66102EF9AF,CUST100029944,Modem,Google,D1638A17EF404387,2025-01-14,Faulty
AST41CA55CCBF,CUST100073198,Set-Top Box,Google,075A3DF080084F53,2023-09-07,Active
AST64BA29D31C,CUST100057901,Router,Nokia,35D13E615E68472E,2020-05-05,Faulty
AST3313BE9BF3,CUST100012413,Handset,Google,551DD656A9D64C9F,2018-08-06,Active
ASTCD35C9A9D7,CUST100090601,Modem,Samsung,B779A0D151E743F0,2018-02-25,Active
ASTCD8259227E,CUST100018729,Router,Samsung,1D6AC14DEB0445D3,2020-05-15,Active
ASTBA82238BF0,CUST100065701,Router,Nokia,0FFE0819096F45BC,2018-03-21,Active
AST774649C8F2,CUST100058582,Set-Top Box,Samsung,9471DB5E59C34A5B,2021-12-08,Active
AST0F8348721E,CUST100058817,Smartwatch,Samsung,D96770A11FF24166,2017-06-01,Active
ASTC1D59AB448,CUST100048820,Handset,Apple,F70F654CD39E45E4,2019-05-17,Active
ASTFA24759648,CUST100058750,Handset,Huawei,20CEDDD3A2CC48E6,2019-09-07,Returned
ASTE8152CEB7B,CUST100034412,Router,Google,45E098F8420B4448,2025-06-11,Active
ASTDC0BC2F02E,CUST100072193,Modem,Nokia,A0410CB625504D22,2024-03-10,Active
AST67223C4B1B,CUST100059544,Handset,Apple,0A18DD05E0F641C0,2023-08-29,Returned
AST0313C13B57,CUST100079142,Handset,Nokia,9637EA2F8A814EB8,2024-02-10,Active
ASTFC03F0CE0C,CUST100076984,Handset,Huawei,BC8807A482774452,2023-02-03,Active
AST4855FC7CA3,CUST100096893,Handset,Arris,233B7A6F1DFE4E57,2019-05-16,Active
ASTA01B8E99C7,CUST100065797,Set-Top Box,Apple,0AEAD562793F41A8,2023-05-12,Active
AST97AE672FC8,CUST100023527,Handset,Apple,E476B1873987495C,2017-04-26,Returned
ASTECDEAE7FC7,CUST100098292,Router,Nokia,DBB3C9C0198E49CF,2016-12-04,Active
AST8E50D94A7D,CUST100071636,Set-Top Box,Nokia,F733AC50D1224FBD,2024-07-30,Active
AST6891C0F141,CUST100061208,Modem,Arris,8A372013272D45FB,2017-10-04,Active
AST71BEEC7B3A,CUST100005620,Handset,Cisco,326D429135FB4643,2022-01-20,Active
AST99F2315366,CUST100081920,Handset,Samsung,3D20014D8D0D4FCC,2019-09-27,Active
AST25A32755EF,CUST100051892,Modem,Cisco,A326CD92C3F7423A,2019-01-23,Active
AST7DFACC5FE2,CUST100004391,Smartwatch,Arris,EDFF6190F87E4E59,2024-03-09,Active
AST68FF4D21D3,CUST100007475,Router,Samsung,1254E13740E24EA6,2025-09-17,Returned
AST9481794580,CUST100099716,Smartwatch,Huawei,DD96BAAB406B4AB6,2017-09-14,Returned
ASTCC2805B5F6,CUST100098350,Smartwatch,Google,EB0992A543D74533,2022-04-09,Active
ASTF523481068,CUST100091226,Router,Cisco,B45A2B5F837449A7,2019-10-04,Active
AST351FDF9B60,CUST100078840,Handset,Nokia,24FDC9ED6EDA4C59,2025-08-29,Active
AST5307B956CF,CUST100094711,Handset,Arris,DEDD97DC287A4650,2021-06-21,Active
ASTC702495ACB,CUST100016790,Router,Apple,572B7B94BC7C4FC5,2022-07-15,Active
ASTA9D4F08355,CUST100032046,Set-Top Box,Apple,D91D8A8843BC47BE,2019-11-18,Active
AST19B17C262D,CUST100007328,Router,Cisco,862C4B52136E431D,2021-09-11,Active
AST7E57234B76,CUST100005184,Modem,Arris,7C71EB2D0F42488F,2019-07-06,Active
AST0E74B9A563,CUST100059376,Router,Cisco,63EAC2DB105C48F9,2023-01-28,Active
AST16F05B9408,CUST100036737,Router,Apple,1689BCE152C64443,2021-05-14,Active
AST3D535E7CAD,CUST100033619,Handset,Huawei,715F82BA261A4CDF,2023-05-21,Active
ASTEAD454E6C0,CUST100035936,Home Security Hub,Arris,D833A4723BCA4A34,2025-05-05,Faulty
AST89C98E5BAD,CUST100092208,Handset,Samsung,20596F3122064EC6,2017-06-15,Active
AST55674C07E8,CUST100058359,Modem,Huawei,8C7F659126654B69,2018-06-14,Active
ASTA1F74645A4,CUST100076047,Handset,Cisco,BE4A431835AD4ACD,2025-07-05,Active
AST0B4156F384,CUST100036228,Modem,Apple,82B84A61F1B54E65,2024-12-30,Active
AST2417E9425D,CUST100046078,Modem,Cisco,33DA584DC45946D6,2026-04-02,Active
AST7AE9DA1D06,CUST100094445,Router,Huawei,FAFF35D6F24B4820,2020-01-16,Active
AST19713184E8,CUST100007497,Handset,Cisco,AAD3638D844346B0,2025-10-21,Active
AST8181E6B1C8,CUST100091897,Modem,Google,3D85CD7635A04766,2021-11-10,Active
AST009D18897A,CUST100081834,Handset,Huawei,50B9A030E4444F89,2021-07-09,Active
ASTC8D1D3C222,CUST100012742,Handset,Google,08768ECA5A9349D0,2023-08-13,Active
AST60EDD75D80,CUST100094177,Handset,Huawei,B2C5F6E3B11E487E,2021-04-28,Active
AST14DC48BC0B,CUST100046812,Handset,Google,BD5F282084F54510,2020-11-29,Active
AST6CB17FC108,CUST100016241,Smartwatch,Cisco,A23A01DEDEEF487A,2026-06-11,Faulty
ASTAD3072ECFA,CUST100042558,Modem,Nokia,7FF99B6505964128,2025-08-26,Active
AST967A6572FD,CUST100043483,Smartwatch,Apple,D24220BA939D4BB2,2017-03-29,Active
ASTFB58467E9F,CUST100042184,Modem,Huawei,CBF552272E804A39,2018-01-10,Faulty
ASTE78F6A36EC,CUST100018193,Router,Samsung,A014BF9FBC6D4F06,2021-01-08,Active
ASTAE2D8EE8FA,CUST100079603,Handset,Google,F11262F8FD8A46F5,2019-04-11,Active
AST9BAA274C5F,CUST100046358,Modem,Huawei,845ADA2A8A8F48B3,2022-05-08,Active
ASTC0AA109173,CUST100011740,Handset,Nokia,C6272F4C2F8B48D7,2025-06-15,Faulty
AST73DE8FE7F0,CUST100044631,Set-Top Box,Nokia,945B3D6DF6744526,2024-11-29,Faulty
AST764256670B,CUST100065596,Handset,Arris,92B9D9ACE57844D4,2019-07-21,Active
ASTFC8CBEC813,CUST100067946,Home Security Hub,Nokia,034DB9D135BE40EF,2018-05-20,Active
AST9A27A480AA,CUST100017302,Handset,Apple,6219E75683BD44C1,2019-01-20,Active
ASTD082E23028,CUST100016653,Router,Nokia,65B5D43D23FC4716,2022-08-21,Active
AST0DF282533F,CUST100081647,Handset,Google,ED4EA8DAC0B14B61,2022-04-09,Active
ASTAEAB349A3C,CUST100070741,Router,Google,2C6B6FD9FAF945B9,2019-10-28,Active
ASTE6B3B49AB2,CUST100003311,Handset,Samsung,2EE762D0B6324A24,2016-04-15,Active
AST42D0CAC76D,CUST100071973,Handset,Samsung,EA1B7FE7778541D5,2019-11-25,Active
AST7D3EDFE10F,CUST100014529,Handset,Arris,53114F82D60C43DE,2024-01-24,Active
ASTD3395184C8,CUST100050590,Modem,Google,9063951EB6E442B2,2017-02-13,Active
ASTA0B6A78D9D,CUST100097844,Modem,Arris,0FABFAF77ECF462B,2017-11-20,Active
AST3364B1A5D2,CUST100091263,Set-Top Box,Arris,D2B173AF1747437B,2025-02-13,Active
AST51D74B9746,CUST100074725,Set-Top Box,Huawei,7CE33926F2674DF3,2016-11-05,Active
AST5F9620FFBE,CUST100024255,Router,Huawei,DC61B1E8BC084D58,2021-12-31,Active
ASTC6D3DCABB4,CUST100049997,Handset,Cisco,0FB3B43574644A87,2024-02-13,Active
ASTFAE4ABBC32,CUST100027263,Home Security Hub,Apple,2670E0511D9B43FB,2023-08-13,Active
AST9FB63045D2,CUST100094448,Router,Cisco,63860D375D534212,2024-02-19,Active
ASTE0F0F9D882,CUST100078563,Handset,Google,5DC95F9750E64BE1,2016-10-25,Returned
AST6AA9DBE30F,CUST100021252,Handset,Arris,6D188E18448C4ECA,2018-01-21,Returned
AST90F23F21D7,CUST100061779,Handset,Cisco,2B12A08E16504F9B,2016-11-06,Faulty
ASTB1FD67CB16,CUST100058379,Router,Huawei,84F1FF79BF724A3F,2025-06-27,Active
ASTFBF834B657,CUST100041539,Router,Apple,07115CE3708142D9,2018-11-28,Active
AST67A9422382,CUST100025903,Handset,Cisco,52904371DA5448AD,2019-03-09,Active
AST8E067A6D3E,CUST100043306,Smartwatch,Arris,8B25DAA0D43C4323,2020-08-10,Returned
ASTE0B37535D9,CUST100070372,Modem,Apple,60D59177B9F4484D,2017-09-16,Returned
ASTE754BB81BB,CUST100036457,Set-Top Box,Huawei,5341EBC0D6D14C52,2018-12-29,Active
AST81DC4ECD26,CUST100079399,Modem,Samsung,1DA94C89C127491D,2023-01-18,Active
ASTDB803B4CC7,CUST100017511,Modem,Samsung,6D86B44CB31C444C,2018-09-08,Active
ASTC3B6F906AE,CUST100052677,Router,Apple,138D054AD65147AB,2018-10-02,Active
ASTB40914FE42,CUST100022894,Smartwatch,Arris,2062DC4D0002410D,2024-05-14,Active
AST268668100E,CUST100008937,Handset,Samsung,A45A57E2B84544FE,2026-03-21,Active
AST5790B5C157,CUST100041340,Modem,Nokia,3A07CB0058D1420C,2021-04-20,Active
AST21E6DA1DFF,CUST100096413,Router,Nokia,6BB22131839941E1,2020-09-12,Active
AST5206B36C38,CUST100059638,Set-Top Box,Google,0AD9A96880164BF8,2022-10-21,Faulty
AST147676B39E,CUST100070929,Set-Top Box,Google,35D15DC23E774E19,2025-03-19,Active
ASTFA5CE3E421,CUST100027849,Router,Google,4A1244A0E68749F2,2023-02-04,Active
ASTD1E0EFFBF0,CUST100041170,Set-Top Box,Samsung,E9422A232E7D4CD5,2016-02-16,Faulty
AST6CD6394A84,CUST100015878,Modem,Huawei,57C8E41B702F4ED8,2017-06-13,Active
AST32BCDF83D8,CUST100096165,Router,Cisco,31920757E8384CE0,2024-11-25,Active
AST38CD81E0F0,CUST100093219,Set-Top Box,Nokia,1D215B298C5C4C31,2023-07-29,Active
AST460D0CE33B,CUST100004516,Router,Huawei,1F044D8F5D23441D,2018-05-06,Active
AST8E605096A3,CUST100053808,Set-Top Box,Arris,A68FCC6A49964164,2023-02-06,Returned
AST17A7CFEB80,CUST100050106,Handset,Cisco,59244E81CCF747AB,2018-09-03,Active
AST24132E63D6,CUST100005933,Handset,Cisco,E6F8D6A0444F4A89,2022-10-01,Active
AST0F6991483E,CUST100010949,Router,Nokia,79FB977B50314440,2016-09-12,Active
AST398F8B1373,CUST100074626,Router,Nokia,3DCD47DC560D4365,2020-03-02,Active
AST627727746E,CUST100063622,Set-Top Box,Cisco,DD700EBEAF244586,2019-03-01,Active
ASTA166429D6F,CUST100078606,Router,Cisco,FE9F130B6FF84B1D,2025-04-02,Returned
ASTF6649E1A74,CUST100033464,Handset,Samsung,76FB7C18E9EA4802,2017-08-23,Active
AST7157C5A3DD,CUST100091599,Handset,Nokia,42AE80350C224E5E,2025-08-27,Active
ASTA3996E24FE,CUST100084651,Router,Huawei,46CDA6224BFF4F99,2016-04-16,Active
ASTCDA327FEE5,CUST100051395,Set-Top Box,Arris,4D61E8D22DBB4482,2026-06-17,Active
AST6BCE0FCFDF,CUST100066427,Handset,Samsung,DDDC86F473E14E87,2024-08-29,Active
AST86A859297D,CUST100079517,Router,Huawei,B93DA87AA38D43C2,2026-06-23,Active
AST485ECB1528,CUST100006773,Smartwatch,Samsung,E5AF9C96CCB04956,2020-02-10,Active
ASTD68241536A,CUST100062152,Router,Cisco,7A632040332E411A,2021-03-29,Active
ASTC83EFDA73E,CUST100085231,Router,Cisco,BA2829FF5AF64082,2022-04-18,Active
AST0F5BF4AFF0,CUST100095568,Handset,Huawei,DE604C247D22442B,2025-11-24,Faulty
AST9D42833707,CUST100035026,Handset,Apple,A70BB3EA61B14E96,2018-08-28,Faulty
ASTD7ABFA6D73,CUST100041474,Set-Top Box,Nokia,5347144D68E849D8,2017-07-25,Active
AST5A97D12ED4,CUST100043784,Set-Top Box,Samsung,F7705273FA84437D,2016-04-25,Active
AST9039066D1A,CUST100033870,Handset,Nokia,7911E88BDB694E35,2019-07-04,Returned
AST3F0C6E40B7,CUST100063177,Handset,Samsung,36131794ACB94D35,2018-08-27,Active
AST7F0B242CA0,CUST100041982,Set-Top Box,Google,368115613EF0445D,2026-03-31,Active
AST5AAE6963B9,CUST100091487,Handset,Apple,247FA3E40B3F4228,2026-04-15,Active
AST7674EFBB91,CUST100030411,Modem,Arris,ED669299F562403F,2019-09-05,Active
AST14BFCD456C,CUST100015087,Handset,Samsung,362FA3BF69F84ACA,2019-05-26,Active
ASTFA3524715F,CUST100064318,Handset,Arris,ABC0DD0ECB414448,2023-10-16,Active
AST0A73EAAA16,CUST100072373,Modem,Huawei,C2601F6FDA6B402A,2020-07-10,Active
AST0C2E31CF17,CUST100062424,Handset,Cisco,96E0EB92FF354EB5,2024-05-21,Active
AST6A37C82CFC,CUST100072943,Set-Top Box,Nokia,AE79D340CCEF43BD,2020-05-09,Active
ASTA392F6A9E8,CUST100018044,Set-Top Box,Apple,9DA25A3B0F434B95,2024-04-02,Returned
AST8BF825E12A,CUST100020248,Modem,Huawei,F1C87D8778474989,2025-12-07,Decommissioned
AST834D99FFED,CUST100051308,Set-Top Box,Samsung,6A7F8538F24A4744,2021-07-22,Active
ASTE7724FE84C,CUST100058566,Modem,Nokia,1D6FEC07B8724BBC,2025-03-29,Active
AST13481D7C63,CUST100083012,Handset,Cisco,C0A2EC26CF0E4AAC,2026-02-09,Active
AST84B4A775E2,CUST100021357,Handset,Google,7DC548CF81F6415A,2020-09-22,Active
AST420CF0E814,CUST100033910,Handset,Google,145C9612896C4F83,2023-07-30,Active
AST09E3F34C33,CUST100089749,Handset,Google,8D130B88B09C4CCE,2022-12-11,Active
AST9C45FD0BB7,CUST100072903,Router,Nokia,CAA53DDD57D54BDA,2019-03-31,Active
AST5D2C9707BE,CUST100098503,Router,Cisco,F88C6D1E030A4950,2022-04-07,Returned
ASTBF18FDBD5F,CUST100000995,Handset,Cisco,CF6265846C1F4C9C,2024-06-13,Returned
ASTF7AC29D2D5,CUST100067826,Modem,Arris,8A2B9E7C4C9B4CE0,2023-11-28,Active
ASTBA3C96C9FB,CUST100025537,Handset,Arris,DDFF702F22B64013,2019-06-05,Faulty
AST47B485DAEF,CUST100055395,Router,Cisco,40BDDFA96D584041,2020-12-27,Active
ASTF15EB99560,CUST100005677,Handset,Samsung,3B1821C1E3DF4D93,2016-11-26,Active
AST456F196C6F,CUST100027337,Handset,Arris,FA14D61E819D41F8,2016-05-02,Active
AST8281EE1DD2,CUST100078041,Handset,Google,88672CD16A824693,2019-09-28,Active
AST78DA13B359,CUST100035983,Router,Google,9C3740EB7BB24C46,2024-08-15,Active
ASTC4D3A5401C,CUST100082713,Smartwatch,Apple,C3E487A806F44A91,2017-05-07,Active
AST35266F6E98,CUST100082294,Handset,Cisco,3337E4A15F0F4F2C,2023-01-19,Active
AST2EE2CCAC64,CUST100021991,Handset,Cisco,BB731434D7344C7E,2022-08-08,Active
AST340D10509C,CUST100074757,Handset,Apple,4B1CD384A7B443E0,2023-03-31,Decommissioned
AST461B3C9861,CUST100013566,Router,Samsung,7A47E4C17D364C28,2016-11-29,Active
ASTD244FBCF72,CUST100052181,Modem,Huawei,18D86F6A5EAB4098,2025-07-09,Returned
AST160B53E40F,CUST100011347,Router,Samsung,0E6114CCAEBD439A,2020-10-23,Faulty
ASTE2696CA95F,CUST100018903,Handset,Arris,35CE593FACFE4B60,2025-02-08,Active
AST5FA9B5E21F,CUST100032762,Handset,Apple,38FAD6AA43194663,2023-02-07,Active
AST7D7739F73B,CUST100045304,Set-Top Box,Huawei,3FF22C7C7AEC4482,2023-05-02,Active
AST40714C09DD,CUST100025786,Set-Top Box,Google,867CE6BC9E3E4EFC,2018-02-04,Faulty
ASTAD99F7BCBE,CUST100061598,Handset,Samsung,AC2C0AA849024CCA,2017-11-10,Decommissioned
ASTA046CD123F,CUST100093586,Handset,Arris,F9A77E5BB03F471E,2018-04-20,Returned
ASTDED54DB13C,CUST100048248,Handset,Huawei,C00E5EF625D24D70,2020-06-05,Active
AST27AECE5A5C,CUST100061679,Router,Huawei,3410728BA2C04F8A,2017-01-26,Active
AST34F32F6D96,CUST100006513,Router,Apple,D399D479AF8B44C8,2016-11-29,Active
ASTC48B81ACB2,CUST100064228,Handset,Apple,161D3C063C994248,2020-08-28,Active
AST59BF3C7766,CUST100076267,Set-Top Box,Nokia,174CE4FDA60043C0,2020-10-30,Active
ASTF559DDBFCE,CUST100028326,Handset,Samsung,C2074958ABAE4379,2024-12-23,Active
AST50438AA148,CUST100063468,Modem,Huawei,E73870B094044CE8,2016-06-11,Active
ASTD82CB158A6,CUST100070161,Handset,Cisco,123CD485A5104145,2017-01-25,Active
ASTA58E97A4A3,CUST100057624,Modem,Cisco,B4D9353AEF5A483F,2016-08-17,Active
ASTCBB61CC4E7,CUST100050402,Handset,Google,4E25FB94AE834A2E,2020-01-23,Active
AST6BF2521098,CUST100066138,Smartwatch,Apple,BA1C3EBA9E0E4E93,2019-12-24,Active
AST688CD79D09,CUST100050869,Router,Huawei,0D76609CA12B441F,2024-12-04,Active
ASTDE35C8D7F3,CUST100080060,Smartwatch,Cisco,53F36E4CA4BA45D2,2020-03-19,Active
AST912584B3CC,CUST100025699,Handset,Samsung,D7086CEDFE1A470D,2025-07-03,Returned
ASTDA92E57EF1,CUST100072214,Modem,Apple,B8CCEDA15BB14986,2025-11-17,Decommissioned
AST624886DA8A,CUST100032560,Handset,Huawei,03DF93E4C66D47C9,2026-05-14,Active
AST1DC2A47B5C,CUST100093477,Handset,Apple,61E226127DED4865,2019-06-03,Active
ASTFE30E4203C,CUST100021993,Set-Top Box,Google,7D07B5929B6D4AF9,2017-02-07,Active
AST9D4BED114A,CUST100032295,Router,Nokia,3D439751EACC4D67,2021-11-16,Returned
AST774FE4C952,CUST100047326,Handset,Samsung,B084DEEC3FBA4D16,2019-10-08,Active
AST40FDC1F1FE,CUST100018431,Router,Samsung,FEFE9CE4E77148F0,2019-09-14,Returned
ASTD660523F03,CUST100018055,Modem,Arris,0F20A199A9E745AA,2021-09-05,Active
AST4D130F9428,CUST100046886,Set-Top Box,Huawei,FF14227ED92A4F18,2025-02-19,Active
ASTC10169D567,CUST100059321,Set-Top Box,Apple,252B8E07A2C34355,2025-05-08,Active
ASTC7D8D9F9C3,CUST100025759,Router,Arris,3376AE21057647DD,2020-10-14,Active
ASTFA188F94DA,CUST100067623,Router,Samsung,360FE348BA984117,2024-07-14,Active
AST38E0E61D43,CUST100053837,Handset,Apple,D235FFEDB2DD4614,2021-10-22,Active
ASTA8A5F873B0,CUST100015538,Router,Google,C29ED3CD55EB4208,2017-12-10,Active
ASTE930194D6E,CUST100008817,Set-Top Box,Huawei,F8A63BD0357849EF,2023-06-18,Active
ASTBDFD467513,CUST100037243,Modem,Cisco,3E01C83795714499,2017-05-03,Returned
ASTB700096EC4,CUST100067966,Router,Huawei,9E7073FE2F6644AB,2024-01-03,Returned
AST7902BDFB1B,CUST100067296,Handset,Nokia,86E4B1B5BEB4426F,2024-01-23,Active
AST8B9AD6E1FE,CUST100054405,Router,Huawei,30B126F0B8864945,2024-08-28,Active
AST12049B952A,CUST100042770,Modem,Google,B84BC127B9F249FE,2018-03-11,Active
AST9D0EC9B0EE,CUST100000990,Set-Top Box,Arris,A4A7A9E04DA44861,2017-07-14,Active
AST85BFA37580,CUST100077164,Modem,Arris,3CA710A3BCF54568,2025-11-18,Active
AST9E779134EB,CUST100091148,Handset,Huawei,BFE109F5DF274631,2017-04-21,Active
AST036BBCE522,CUST100033272,Handset,Nokia,8AF6E348ECE147F0,2020-12-17,Decommissioned
AST0932B54F66,CUST100058530,Router,Apple,98591CE0EC3E43DE,2021-02-09,Active
AST34A3869E3D,CUST100044711,Set-Top Box,Google,863837FA67B14C2C,2023-08-16,Active
AST0B8D46B6F8,CUST100071543,Modem,Apple,126824F2B4DE4B72,2025-10-04,Decommissioned
AST31C2480921,CUST100024535,Smartwatch,Samsung,BE289591D96F4572,2021-03-13,Returned
ASTC52383205F,CUST100028034,Smartwatch,Apple,5946A58A72D34347,2026-01-23,Decommissioned
AST3F1701D6F7,CUST100021237,Router,Cisco,9D9F9F7C48EF4D92,2023-03-04,Returned
AST756818A295,CUST100057676,Handset,Google,3F51F0A909DB4C59,2020-07-15,Active
AST7F9E45AB76,CUST100005154,Set-Top Box,Apple,31A9328371EF44BD,2019-02-23,Active
AST873C219848,CUST100059948,Home Security Hub,Nokia,5043761C3F344A58,2025-10-16,Active
AST1E677685F6,CUST100084681,Router,Google,F8E9BD95FECA4819,2017-11-28,Active
AST53FD76248B,CUST100080311,Modem,Nokia,46667800AD2A4493,2026-06-28,Faulty
ASTA344870DE2,CUST100085270,Handset,Huawei,2FD53B8ACA294F24,2016-02-21,Active
AST832C6C0ABB,CUST100048091,Handset,Samsung,B4A89E22BB254C50,2024-08-26,Active
AST4E25400511,CUST100056000,Smartwatch,Google,97CA4E67623D4836,2020-12-24,Returned
AST3AFDD6B6FD,CUST100041680,Modem,Arris,C3F0CA9862EC4B38,2022-07-12,Active
ASTD8D930F001,CUST100037625,Smartwatch,Arris,F1D1E4813B5E455E,2024-04-20,Active
AST453340629D,CUST100095700,Handset,Nokia,C2BEEACA6C494A48,2022-07-07,Active
AST0E200409EA,CUST100052446,Router,Cisco,FAE97835C6D946AD,2020-09-01,Returned
AST6B53651893,CUST100038640,Set-Top Box,Huawei,55D8B87523DE45ED,2017-05-18,Active
AST979E452FB6,CUST100007755,Handset,Samsung,BCBB220ECBC247DA,2024-07-31,Active
AST037ED276FE,CUST100098012,Handset,Google,D8C819310D4E4B6C,2016-07-24,Active
ASTB323B43582,CUST100086438,Set-Top Box,Apple,269134B833774F00,2021-07-06,Active
ASTF457985183,CUST100051935,Handset,Huawei,BF94BC26B9234FB0,2017-08-11,Active
ASTEFA610590C,CUST100010817,Set-Top Box,Cisco,A8D426FEBAB34D80,2017-09-15,Active
AST45917F65D5,CUST100034336,Handset,Huawei,2A556B3E9CF24EF3,2018-12-21,Active
ASTFD23EE4BA5,CUST100059873,Handset,Samsung,BDDD05BEFA454B10,2021-08-14,Active
AST93D5C7A4A2,CUST100030478,Router,Google,6425FB5D60874956,2017-12-23,Active
AST7DF52477FF,CUST100096744,Set-Top Box,Arris,971576DFE2794D1F,2019-05-24,Active
AST8C314131F4,CUST100093044,Router,Huawei,2CD95CEF69454CFA,2017-02-02,Returned
ASTBA5ED6BA57,CUST100043684,Handset,Google,771437C5E08C4311,2023-12-24,Active
ASTA1E1669730,CUST100097402,Set-Top Box,Apple,926533D592694198,2019-12-15,Active
ASTE35A31CFE9,CUST100042998,Set-Top Box,Samsung,CA179B7A8992486B,2021-10-21,Active
AST8449763460,CUST100027383,Set-Top Box,Google,8EE2EB8B5D134DEA,2022-05-02,Active
ASTBCBDA19E4A,CUST100020569,Handset,Arris,5831FF67E1EC4B61,2019-09-08,Active
ASTF947E14E54,CUST100088807,Handset,Cisco,8532F078BC6F4C9D,2025-05-15,Active
AST9327517203,CUST100073999,Handset,Cisco,E89899CD2FC24911,2018-07-07,Active
ASTA9F640A7CB,CUST100062455,Router,Arris,F427C02C037C4137,2026-06-08,Active
AST1E2D63D9C9,CUST100002578,Handset,Nokia,21D6BB65DBA140B1,2020-07-01,Active
AST5205ADC460,CUST100040730,Router,Apple,AF8AF04D179F4035,2016-09-05,Returned
ASTC2E7B67A44,CUST100020723,Smartwatch,Nokia,34CB9FA0E6194DD3,2026-03-04,Active
AST895937ADAB,CUST100098770,Router,Apple,2499C3845E0E49EC,2019-04-14,Active
AST7B7CCE70F5,CUST100041078,Handset,Huawei,66BAF7E49B734EDB,2022-01-05,Active
AST45AFCF83D3,CUST100035255,Router,Huawei,9A797BA4BD754E84,2018-03-21,Active
ASTACB7963B31,CUST100065138,Router,Google,E36BBD6F17EB4919,2021-04-27,Active
AST854841DFDA,CUST100070125,Handset,Huawei,CD116A926F82478B,2025-01-07,Decommissioned
AST502038B339,CUST100081858,Modem,Huawei,A67D3DC4EE6245E9,2022-06-18,Active
AST34CB4B433A,CUST100029342,Handset,Apple,B16BE9E1AD224EA6,2016-04-26,Decommissioned
AST509FC2C692,CUST100044803,Handset,Google,DD7C8D3CEDC548AD,2022-01-26,Faulty
AST1B38F55779,CUST100097556,Set-Top Box,Arris,84CA15CD1A3844BF,2018-09-01,Returned
AST201081E3B6,CUST100046194,Modem,Huawei,8E1E027FD2CF4B4D,2016-05-19,Returned
ASTAEDA2E5031,CUST100013603,Modem,Apple,13D5B88223C64FB1,2018-12-08,Decommissioned
ASTB681164FD3,CUST100016990,Set-Top Box,Arris,EFD2549EF435426F,2021-06-03,Active
AST4B487994AE,CUST100053854,Handset,Cisco,067639A0A2DD4789,2020-08-18,Active
AST93A6E93948,CUST100069385,Router,Arris,7E6950E113D54EB2,2020-09-26,Decommissioned
AST6A11D133FD,CUST100089818,Modem,Apple,03B2E8B2F6044E75,2018-09-28,Active
AST1B437D4777,CUST100071315,Router,Samsung,FCB710DE1F4C4A00,2017-11-20,Active
ASTDFCA44EC67,CUST100087853,Router,Arris,C2986F5DCBF34177,2017-02-05,Active
AST9AAF02337F,CUST100013422,Router,Nokia,EDE0EAB0CD2A46D9,2023-12-28,Active
AST2BCB8E4D52,CUST100030420,Handset,Huawei,019FC4C67A194493,2022-06-13,Active
AST20BD3AE531,CUST100017109,Set-Top Box,Apple,5A49A5A19F124DF7,2019-07-05,Active
ASTA1D60667C3,CUST100089718,Router,Google,E9389148568043C0,2022-01-21,Active
ASTFD868E45FF,CUST100070470,Handset,Apple,52197A1296CD4EC7,2019-01-28,Active
AST035704926F,CUST100091314,Router,Arris,B410B6C527844208,2023-02-15,Returned
AST4FBC4B2B25,CUST100034675,Modem,Cisco,CCAD434C2E1F4378,2019-03-16,Decommissioned
ASTEDF68B0CEB,CUST100031138,Modem,Cisco,EB99FE75AA064E2B,2019-07-22,Active
ASTD9F0BEFC71,CUST100000740,Modem,Nokia,141FB916133A4FE7,2020-11-17,Active
AST867D5ADFE8,CUST100047280,Handset,Nokia,B042220434844EB9,2018-02-23,Active
AST1FAF099A62,CUST100089732,Set-Top Box,Apple,ECCC2C14F4A14EF7,2019-02-23,Active
ASTCF42FC6614,CUST100055496,Modem,Nokia,A2EC6A4D8A7A4856,2018-09-19,Active
AST4C88222ADC,CUST100082945,Router,Huawei,AE35E51B0DA94C69,2025-06-23,Faulty
AST25116D9CEB,CUST100002204,Smartwatch,Samsung,1AE22FDCFDA242F2,2024-05-03,Active
AST0F96DE6C4F,CUST100012512,Handset,Apple,3F4A1A71B614465D,2020-08-12,Active
ASTFB58CB2843,CUST100073132,Smartwatch,Cisco,B0FD66A81D6B4AB1,2017-04-10,Faulty
ASTD1DC96CFF1,CUST100071898,Handset,Arris,2609BA9AFDE144C9,2020-07-15,Active
AST754955B61B,CUST100023938,Handset,Apple,2CB10D8EAEEE4885,2020-02-20,Active
ASTF48E50FB2A,CUST100040274,Router,Apple,70E72A1D16354629,2016-09-24,Faulty
ASTC58A31B096,CUST100035158,Handset,Arris,022EAC89B2384C3F,2022-04-25,Active
AST2E2F2F7D6C,CUST100028522,Router,Arris,1AD7B415D6C24FF2,2016-12-23,Active
AST3FD9FAF7CF,CUST100001025,Handset,Arris,2974700619004A59,2020-11-26,Active
AST00B8AEDCE3,CUST100068824,Handset,Nokia,BB33EEC025E849E6,2017-05-30,Active
AST9A3EBC89B6,CUST100090526,Set-Top Box,Apple,4D9696BB0E4F4A10,2017-08-23,Faulty
ASTD7EBCFEF31,CUST100042446,Modem,Google,1CEA0FD59E854189,2021-12-13,Active
ASTC01617976F,CUST100087172,Router,Nokia,E0C6DA0E66B44B5C,2019-08-14,Active
AST76747A0131,CUST100019989,Handset,Nokia,B82D9BD6C82542A7,2017-02-03,Active
ASTCDE41E9FC4,CUST100019165,Router,Huawei,A419EA0043674091,2022-07-07,Faulty
AST2E32457132,CUST100003901,Handset,Google,DB3DA333CDC04D76,2023-11-29,Active
AST87DB3F82E7,CUST100058452,Handset,Cisco,6A0F01B81A2646EB,2017-01-23,Active
AST0D9A284227,CUST100082193,Modem,Huawei,D3CC603A47494F5F,2018-09-06,Faulty
AST769716BE36,CUST100020473,Handset,Apple,977621972B864A25,2022-09-11,Active
AST62A297E770,CUST100005974,Handset,Huawei,896030493F174570,2023-04-09,Returned
AST0A852A0F0B,CUST100086765,Modem,Google,9B19E43CDB2C421E,2016-07-23,Active
AST207EA3C664,CUST100019505,Router,Cisco,C24584EB27224B40,2019-11-01,Active
AST7690726868,CUST100026340,Router,Apple,FF19B583FB034ACD,2021-02-13,Active
AST6A31DC243E,CUST100000430,Handset,Nokia,64DA03FDAD704631,2021-03-03,Active
ASTFC89EC8263,CUST100057323,Handset,Nokia,05991910D6084821,2018-07-08,Active
ASTD938AF635F,CUST100037742,Handset,Arris,56B01D2EC9E04D28,2020-01-20,Active
AST855D6406CE,CUST100013495,Handset,Nokia,9B812894E78742CC,2025-04-27,Active
AST898CAB04DC,CUST100083110,Modem,Samsung,7F2ED5E250E34D2F,2018-08-13,Active
ASTA9B37D4344,CUST100010468,Home Security Hub,Nokia,3245E3B2C06A41EF,2023-02-18,Active
ASTFC4303F3F3,CUST100030175,Handset,Arris,A45AE835A93B4E82,2019-06-09,Active
AST3DF3C39F40,CUST100001361,Handset,Huawei,58E1FECF7DFE467D,2025-12-29,Returned
AST145DDB1B7D,CUST100090187,Handset,Huawei,02AD502DD06A4806,2021-11-26,Active
AST1FB09DC046,CUST100081343,Smartwatch,Samsung,5514A17DF2B647ED,2023-01-29,Active
ASTFE28559F33,CUST100037000,Handset,Cisco,5705033F9F524B15,2018-09-28,Active
ASTC006EF5A76,CUST100003462,Router,Nokia,609FE173A1B14B3E,2018-07-18,Active
AST80F880DBF7,CUST100000954,Set-Top Box,Arris,A1386DBB25D84F81,2019-06-08,Returned
ASTE2ED28CD5C,CUST100032383,Modem,Cisco,A21C85F5ADF54284,2023-08-27,Active
ASTBCA6D04447,CUST100020969,Home Security Hub,Samsung,C921F83561674FF9,2022-08-22,Active
AST1330A1B158,CUST100047687,Home Security Hub,Samsung,3693A99AB7BA4C65,2022-02-26,Active
AST81AE7825D9,CUST100004198,Smartwatch,Huawei,EC738CE169854CC1,2018-06-17,Active
AST7E3BF7D99E,CUST100063094,Home Security Hub,Huawei,46C3B19B830840B9,2026-01-14,Active
ASTDCF799EDB2,CUST100028434,Set-Top Box,Cisco,658860D4ED7E4177,2021-09-03,Returned
AST23A4C02F27,CUST100036997,Modem,Cisco,29ADA649EFDC46A9,2021-04-27,Active
ASTAE60B01745,CUST100063581,Set-Top Box,Apple,CD2C9A36B7FA47D4,2022-05-19,Active
AST9F9931C58B,CUST100074872,Set-Top Box,Arris,06641F5808E6491F,2025-02-08,Active
AST5CC49C4EDC,CUST100060070,Handset,Nokia,B62B5485841C45E8,2020-10-14,Active
ASTFA2DB3D7AB,CUST100011531,Router,Apple,3EA8D0C0B3BB4894,2023-07-17,Active
ASTCD7B104912,CUST100012173,Handset,Apple,06CCCF9DDD26420F,2025-04-11,Active
AST596B4E4A11,CUST100039691,Handset,Huawei,4EBF050701C54A2B,2020-06-11,Decommissioned
ASTD26808F87F,CUST100013883,Router,Arris,49F973561DAF4419,2021-04-29,Active
AST297DFAADE8,CUST100065127,Router,Huawei,354E840C5C5D446E,2025-10-17,Active
ASTD2EB158569,CUST100025810,Modem,Samsung,6E4D263FBF3B4C09,2023-12-11,Active
AST5288E20E83,CUST100033111,Router,Nokia,CD2321AC7F1B45AD,2022-12-14,Active
ASTE4844036C0,CUST100064648,Router,Samsung,BD0A402E29204BDE,2020-11-15,Active
ASTFFCEBA860E,CUST100008702,Handset,Huawei,C3C75589936C40B9,2017-12-23,Active
ASTFA1BB6CED1,CUST100068987,Modem,Cisco,58330467782D428E,2020-10-11,Active
ASTE5116F7876,CUST100052577,Set-Top Box,Nokia,6E920E8AA0544B3D,2024-02-20,Active
AST7ED8086A49,CUST100024457,Modem,Apple,F6297EDE72C942B0,2022-04-07,Active
AST00051F9C44,CUST100079982,Smartwatch,Cisco,8B44588046F14186,2018-10-29,Active
AST16A0BCC16C,CUST100078663,Modem,Google,CC4911A176D94098,2022-06-06,Returned
ASTD586AB820E,CUST100030624,Set-Top Box,Cisco,1B40602CE5D746A1,2020-04-09,Active
AST3A55AB74A7,CUST100090082,Modem,Cisco,34DDE86C51DA4AB9,2024-01-02,Active
AST0928B44CC9,CUST100090802,Home Security Hub,Cisco,7BB0422A7AC14C96,2022-04-09,Active
AST087096747C,CUST100000726,Handset,Huawei,9059D94B7B7F4A9A,2017-11-23,Returned
AST00376534DC,CUST100025137,Set-Top Box,Nokia,ED51FC64B60F4BC5,2026-04-10,Active
AST9B9446A589,CUST100059817,Router,Samsung,A8404889EB7A4DB1,2017-05-08,Active
AST1186F10448,CUST100025020,Router,Samsung,3050F038B71A46F8,2018-04-19,Active
ASTE8DC5B6322,CUST100089737,Handset,Cisco,64179BD8AC354642,2018-01-25,Active
ASTEE209993FE,CUST100052622,Modem,Nokia,7D90A2BC40FB4D6F,2023-12-21,Active
AST4393696BF3,CUST100002426,Handset,Apple,91BDCA3ACDE3494C,2016-07-26,Active
ASTD1E84E765C,CUST100090458,Router,Arris,CDE91F52775749A6,2017-06-11,Active
AST925134DC7D,CUST100056354,Set-Top Box,Apple,5C98459406244748,2018-12-11,Active
ASTF470A964B5,CUST100036632,Handset,Samsung,F3661EBDEAB44DF2,2020-09-07,Returned
AST08F3FBE444,CUST100035999,Modem,Apple,BD26924A31384566,2022-05-19,Active
ASTE10272FA7F,CUST100098289,Handset,Cisco,DA500771A19C4A54,2022-10-13,Active
ASTB0DAB8A7A3,CUST100004538,Modem,Samsung,09BA8A2D0F5A4BF6,2022-09-22,Active
ASTB729F609F6,CUST100028854,Handset,Apple,B9362A8AFEAD43A0,2023-03-30,Returned
AST10CB8F2C21,CUST100072069,Handset,Nokia,886DBCC24BF74D20,2016-07-04,Active
AST2F5FF60A76,CUST100093125,Handset,Arris,7F897904B5D846AC,2024-11-23,Active
ASTF9E3FC77DF,CUST100000214,Handset,Arris,82224455D0124869,2017-02-05,Faulty
AST7818480C2C,CUST100059988,Router,Nokia,362D92C6F6444967,2017-09-05,Active
AST5E39481313,CUST100030235,Home Security Hub,Nokia,AF19AF2D3E054C64,2016-07-17,Active
AST6D1E00FD4F,CUST100048929,Set-Top Box,Nokia,01F27AC1229F496B,2023-03-16,Active
AST74A0DC281C,CUST100074726,Home Security Hub,Nokia,03F9ADFCEA374FA8,2016-03-28,Active
AST950E94EC3E,CUST100006505,Modem,Samsung,3AD9665FB87A4491,2017-11-15,Active
AST3AE28C390D,CUST100006713,Handset,Cisco,677F1FB6D8D74A7B,2025-08-18,Active
ASTE43EDBD7EB,CUST100064580,Handset,Nokia,5728752A85BB424F,2025-07-01,Active
AST843D41E76A,CUST100078513,Handset,Cisco,51A83F624571464D,2018-06-21,Active
AST7CE56B1BFE,CUST100018690,Handset,Apple,82D74CE9D1C644C0,2023-10-24,Faulty
AST7BEA29EACD,CUST100017786,Set-Top Box,Samsung,EB9B6E83D87746BA,2018-08-22,Faulty
ASTC0EC7022EB,CUST100094498,Modem,Google,F6CD2D79A2334B2E,2017-08-09,Active
ASTB1C7508AC1,CUST100087983,Set-Top Box,Google,5A2E984E3A5C40AF,2023-04-06,Active
AST51FA5E4E03,CUST100093137,Handset,Samsung,B6606B2688E24FB0,2018-05-28,Active
AST1D33F54AC9,CUST100032640,Handset,Nokia,1C6B9F0060FE4328,2023-12-08,Returned
AST95EFAE3FEA,CUST100040295,Smartwatch,Arris,F0B350ED79AE490C,2017-08-16,Active
ASTF6D63B8CF2,CUST100093226,Router,Huawei,25A13D8FC63C4FFD,2026-04-04,Returned
AST4F9CF09471,CUST100085233,Modem,Apple,0EA630E4B99746EB,2024-07-10,Active
AST33B248754F,CUST100076560,Set-Top Box,Google,DDAF35CEFF6A4B96,2022-03-04,Active
ASTF069B8C579,CUST100079180,Router,Cisco,858C65E94DC6472F,2025-12-14,Active
ASTF05B02BCF7,CUST100078604,Router,Google,D8355C3701434FE2,2021-08-01,Active
AST8CC262B9DE,CUST100023130,Router,Apple,F0330F8556E5411D,2019-11-05,Active
AST91A22057E9,CUST100085733,Router,Samsung,A1B77BC3289C4879,2016-07-25,Faulty
AST53370CDF55,CUST100026689,Router,Google,B2EA9FDD9AEE4EE7,2018-07-03,Active
AST65BF1F44CE,CUST100097663,Home Security Hub,Nokia,693073FF5E87455C,2026-02-01,Active
AST18D5C81297,CUST100032971,Modem,Nokia,33E2184C58F948E1,2022-08-07,Returned
AST9281D22BF4,CUST100023210,Router,Nokia,F4B624ACD0C645FE,2016-09-21,Active
AST637261A51A,CUST100061960,Router,Cisco,A653F0BFA6AD4308,2018-06-30,Active
AST3DA2E3F685,CUST100008315,Handset,Google,6893425146D7418D,2019-09-10,Active
AST3B801FF631,CUST100052485,Router,Nokia,0B1A218096FC4537,2025-09-05,Active
AST4EA8396E86,CUST100095850,Smartwatch,Nokia,146D0CCF3FB6482E,2024-04-17,Active
AST4E35D22E78,CUST100072148,Handset,Huawei,8C008392764A4167,2025-01-21,Active
AST827CD6DE13,CUST100059938,Handset,Huawei,235040617EC94671,2019-12-23,Returned
AST10C1B89D88,CUST100068498,Set-Top Box,Apple,34F1ED4A58994AB0,2018-01-26,Active
AST354AFA7D09,CUST100091994,Router,Nokia,3E19190F8CB94033,2021-03-29,Returned
AST3E438AFB8F,CUST100084626,Smartwatch,Samsung,649934BD894B4E8A,2024-12-20,Active
AST9D1A720140,CUST100085363,Set-Top Box,Arris,34FDB8501910415B,2020-04-12,Active
ASTBCA3C9AAD9,CUST100013830,Set-Top Box,Google,0A9D5EFEC0EA49EE,2017-07-18,Active
AST263EF4DD00,CUST100023827,Handset,Apple,6F291ABB7133429F,2016-02-08,Active
ASTCC8D4E4B66,CUST100079911,Router,Huawei,8D4E3570B85440B9,2021-03-05,Returned
AST3FC3719D96,CUST100067305,Modem,Apple,FA0F51B1D0844B76,2025-02-18,Active
AST7AD3C92621,CUST100049159,Set-Top Box,Google,7252D9B95C77407A,2022-07-03,Active
ASTA364F9D5A0,CUST100047476,Handset,Arris,DEB9B74454F34A8B,2017-06-06,Active
AST768779D0E2,CUST100033824,Set-Top Box,Huawei,EBF4B300E44E4A28,2026-04-14,Active
AST496EB9B90A,CUST100057117,Handset,Apple,5267992052D74F70,2017-12-01,Returned
AST10762B8BE6,CUST100065101,Router,Apple,CC98ACB16AB747BE,2025-07-04,Faulty
ASTC502FF19AC,CUST100089824,Handset,Apple,F5C4A4857F3C48AD,2019-04-27,Active
AST0AA82A750A,CUST100005922,Router,Apple,3C8D93EA02D9462F,2017-11-05,Active
AST74C7BF4C64,CUST100086075,Handset,Nokia,C3B0CFEBBB6244D3,2024-03-02,Faulty
AST582F4A600A,CUST100086535,Router,Huawei,0684DE7BE84C40BE,2025-11-13,Returned
AST81FF015F8C,CUST100033442,Handset,Cisco,E3F3C61B91B54DBA,2017-07-17,Active
AST8497CA9A59,CUST100032932,Router,Samsung,44615CECEE314552,2023-05-08,Active
ASTEC3325FCBD,CUST100055275,Modem,Samsung,5FC7D3088D16455A,2021-12-20,Returned
ASTFB5B83B666,CUST100061441,Modem,Apple,FE78D1BB4B5E47FC,2023-11-24,Active
ASTC0A7E882D7,CUST100070123,Handset,Arris,0A997EFD3BEF44AB,2018-09-16,Active
ASTEECE00DF02,CUST100021734,Home Security Hub,Apple,1ADBF42A8D434049,2023-10-07,Active
AST4A2E2ED670,CUST100070238,Modem,Apple,4BD285E593E24FC7,2018-08-12,Decommissioned
AST034A218967,CUST100084263,Handset,Arris,8C8B4A7E4DEB409A,2020-04-16,Active
ASTFCE61D706E,CUST100007179,Handset,Google,203BD1D77A1244A9,2019-12-05,Active
ASTCBE8C50B8E,CUST100085648,Router,Huawei,9F0D583672F44EE3,2024-03-22,Active
ASTA88F263FDD,CUST100017277,Home Security Hub,Arris,C85E8233B8974C71,2023-08-12,Active
AST1385380126,CUST100069760,Modem,Huawei,AF8F206426A0445D,2016-04-19,Faulty
AST34E7227255,CUST100057142,Handset,Arris,B910B673D15041CE,2021-09-01,Active
AST18ADA7DDC1,CUST100026487,Router,Huawei,28105B7E6F6D49D2,2024-05-13,Active
AST09DE367E6B,CUST100043999,Router,Samsung,23250D95664A4F5F,2020-10-12,Active
ASTFB9F4EEE8A,CUST100095453,Handset,Huawei,ED2724B9AD864C15,2016-11-28,Active
AST5FAFB683F3,CUST100074438,Handset,Huawei,E13F0F5B663B4B8C,2022-09-25,Active
ASTD0361BACFF,CUST100003524,Modem,Google,2D4FD0BA2533413E,2024-02-15,Returned
AST3007CEB152,CUST100052600,Set-Top Box,Samsung,7C630CC38D004814,2017-12-18,Returned
ASTB0F43153CF,CUST100075327,Modem,Apple,07C3B42868084EBE,2017-12-14,Active
AST365FAE8B93,CUST100043287,Handset,Google,B014C7DD6B534B60,2019-08-17,Active
AST56EAFC2141,CUST100090905,Handset,Apple,4742ADC3FE114FFB,2021-02-25,Active
ASTBBFC151AC5,CUST100098726,Router,Cisco,2DA2743D9BAE4996,2021-06-29,Active
ASTD4A9BCD0A3,CUST100064744,Set-Top Box,Nokia,4F69F6AE5B2A4EA8,2019-12-12,Active
AST3B3BA14615,CUST100045208,Router,Google,2AC12D72C75647DF,2022-02-16,Faulty
AST7EF88A6212,CUST100087349,Router,Nokia,BFB46C41DCE54A64,2021-11-25,Active
AST354F5811A1,CUST100056728,Home Security Hub,Nokia,AD9B783698A14E0B,2016-01-07,Returned
AST868DE47233,CUST100080166,Handset,Google,CDDD98E547B2462B,2019-02-13,Active
AST5422925A75,CUST100013496,Router,Arris,FFD5477723004C59,2024-12-06,Active
AST4E28191400,CUST100082457,Modem,Arris,47CEEF893073433F,2020-06-11,Active
AST990B4526EE,CUST100059777,Handset,Google,AE8C6B7B448545DB,2018-11-12,Returned
ASTF11430846E,CUST100021166,Handset,Google,947FD6CA6F2E4B5E,2017-01-11,Returned
ASTF1360008D0,CUST100007597,Set-Top Box,Samsung,5BACD9643BBA4941,2023-07-02,Active
AST9AEDAAA9F0,CUST100007905,Set-Top Box,Nokia,431301CE987C4FE8,2017-01-13,Active
ASTBDBC01A21D,CUST100048216,Set-Top Box,Huawei,50B3CF82FC1D451B,2025-08-07,Active
AST17AB8F20EC,CUST100051817,Handset,Cisco,27D1AD1B759E4DC2,2023-08-16,Active
AST7210563270,CUST100033833,Home Security Hub,Samsung,111F014DF2F94116,2016-01-02,Active
ASTA496931D17,CUST100035786,Router,Nokia,B877979D34A14AA6,2022-08-23,Faulty
ASTDA3A198AA0,CUST100074142,Handset,Google,7EA7B7F05128457B,2017-11-21,Active
ASTB528B8FD4A,CUST100066515,Modem,Arris,C8AFC57E346E4648,2026-06-26,Active
AST01C7D478D6,CUST100069665,Handset,Apple,78570205399D45B7,2018-02-26,Active
ASTC70908EBB5,CUST100073339,Handset,Samsung,0E36D52B3EEA4062,2024-11-03,Active
AST551901B3EF,CUST100064874,Set-Top Box,Apple,6C1769F779B94DE0,2018-05-10,Active
ASTF8BF4FEB99,CUST100027602,Handset,Google,96E0E975592B4719,2017-11-08,Active
AST1FA043D451,CUST100085531,Handset,Google,BD3F40E74B3547D9,2022-02-08,Active
ASTBB5C11CA8E,CUST100029596,Set-Top Box,Google,81FC5028DE97407E,2017-03-18,Active
AST2E2D110A8E,CUST100015358,Modem,Apple,05B82891DE384911,2025-10-11,Faulty
AST8ED0C604AB,CUST100038906,Set-Top Box,Apple,D1E1AA4C4B994399,2024-10-22,Active
AST22265E2648,CUST100093997,Handset,Apple,08F7262812EA46E5,2019-04-28,Active
AST8A89BB0134,CUST100051688,Handset,Apple,14FC02262CB344E2,2019-11-02,Returned
ASTCD47EE71E9,CUST100006496,Modem,Huawei,4E5237EED0FD40D2,2021-02-04,Active
ASTD273D60248,CUST100003549,Home Security Hub,Nokia,E932121621B24DDC,2022-12-15,Active
AST58ED4D2913,CUST100040153,Modem,Apple,F5AEBDCDDDE04B7D,2021-04-06,Returned
AST3D7EFDC8C8,CUST100079291,Handset,Nokia,2DB376B7E5A34BC5,2020-09-09,Returned
AST6F8A6B0491,CUST100018637,Router,Samsung,C4A28A1406C24E28,2024-09-15,Active
ASTC75810D9F5,CUST100092797,Handset,Cisco,8667BEFF46514D4D,2025-01-05,Active
AST72901E92E0,CUST100036010,Home Security Hub,Arris,BD60E6546EAB4D91,2016-11-19,Active
AST4055BAEDD9,CUST100026279,Router,Google,8A020BD976E74F3A,2019-02-14,Active
ASTAB8CFBEE09,CUST100043202,Handset,Nokia,FD903C8F5DBA4DD4,2021-04-15,Active
AST1CB8E96A1E,CUST100073108,Handset,Arris,F6D17C3E2DC24031,2020-03-15,Active
AST83024DA7BA,CUST100077522,Handset,Google,9EF5E2BCE981421A,2026-06-24,Active
AST14EF7D3D64,CUST100002068,Router,Nokia,D1B4396533204435,2017-06-11,Decommissioned
AST861A6A952A,CUST100000196,Handset,Samsung,83C063BB81E54D69,2023-02-09,Active
AST50495217C5,CUST100055403,Router,Apple,B8AA4F19212C4E2E,2025-12-22,Returned
AST8E5FBCA040,CUST100013763,Router,Nokia,91D8C2F038344E26,2023-02-07,Faulty
AST708C9337BA,CUST100015449,Home Security Hub,Arris,CDCBA5BC5FEB4C93,2021-12-08,Active
ASTAF5879D98C,CUST100030040,Handset,Google,829FCD708E894939,2025-03-18,Active
ASTB3E7CB27AD,CUST100095959,Router,Samsung,9B464F73577C4D1E,2020-04-13,Active
AST0E8ECFD8DB,CUST100098441,Home Security Hub,Apple,A2F9D884816A4FCA,2025-01-28,Active
ASTB16D86E63E,CUST100060200,Router,Cisco,280FF7F9062649DA,2026-05-30,Active
ASTC8FC6F32F1,CUST100053233,Modem,Huawei,05468D2ED8FC4AB0,2025-05-31,Active
ASTACC6E06FCC,CUST100032860,Router,Samsung,67C12C9D101045CA,2023-01-19,Active
ASTA87BBF9D95,CUST100007756,Set-Top Box,Apple,B0801BC340B44B6D,2025-03-20,Faulty
AST32CA0C4418,CUST100097971,Set-Top Box,Apple,B695B36D0FB74B2D,2022-06-26,Active
AST2450295F66,CUST100036661,Handset,Samsung,09982D9EA6474F7D,2018-07-06,Returned
AST7D76A2E7A8,CUST100091768,Handset,Huawei,A44D22BC1B8947C5,2017-06-04,Active
AST30466A1670,CUST100028503,Router,Apple,BAF0D3C56FD54EC7,2020-12-27,Active
ASTBD35FC3954,CUST100051976,Handset,Cisco,C926B572CA0C4490,2021-02-21,Active
ASTDAF358D8AD,CUST100080514,Home Security Hub,Google,F1BFB7F1D26A426A,2018-05-04,Active
ASTEF788A3FF9,CUST100054227,Handset,Samsung,8B28611D6C1543B2,2017-11-19,Active
AST79C2FF4DC2,CUST100077938,Handset,Samsung,716D51729F10408A,2016-03-12,Returned
ASTED4F50BD16,CUST100047582,Smartwatch,Apple,FAF691EBB9D34143,2020-08-13,Active
AST14E42554AC,CUST100039977,Modem,Nokia,19BFC242464A4C90,2016-07-06,Decommissioned
AST51D97E7355,CUST100038452,Handset,Google,C1C4F31B11A747B6,2017-08-25,Returned
ASTB89BD050FB,CUST100011558,Handset,Nokia,15C3AA5B9D194B4E,2025-02-03,Active
AST5A180B8C78,CUST100025773,Router,Nokia,A18A82F6E82C4B46,2024-01-26,Active
ASTEE0879AEE7,CUST100012425,Router,Nokia,C513F6D3437F4950,2024-09-05,Active
AST2D62EE7CE7,CUST100088624,Set-Top Box,Arris,D9D79AC60A4B4D77,2017-04-11,Active
AST26987306CA,CUST100043604,Set-Top Box,Samsung,E02C9174BCC74F72,2026-04-11,Active
AST5E119EBA6E,CUST100087163,Set-Top Box,Arris,08F40F39428647B7,2024-10-17,Active
ASTC61190FBEB,CUST100032978,Modem,Samsung,658B23C8DCB442AE,2016-09-26,Faulty
AST076259B124,CUST100030618,Smartwatch,Huawei,E1DB4D3530124CCE,2025-07-04,Active
AST0A3E261103,CUST100059943,Handset,Huawei,43CBA81A012B498F,2021-01-19,Active
AST5DA5583A51,CUST100062131,Router,Cisco,9BA52D9448B942D0,2016-01-16,Returned
AST7E59BB6D5E,CUST100026014,Handset,Huawei,C592AF224F6A4CFC,2026-01-23,Active
AST8A09EB1D6D,CUST100034534,Modem,Nokia,3E13CF49AD3D429C,2020-07-29,Faulty
AST90BB8DBE7C,CUST100044106,Home Security Hub,Apple,0D186D4AB28E4806,2026-02-19,Active
AST40E05B42C5,CUST100033130,Router,Apple,000189039FA54345,2016-09-18,Active
AST9B827940C9,CUST100025287,Handset,Nokia,E628BC01FCD641DA,2017-04-24,Active
AST220D5FD770,CUST100043941,Smartwatch,Arris,8DFB0CA1BB9F49A3,2019-09-19,Active
ASTC4C142CBB3,CUST100019875,Modem,Google,BC35443BE6E54C90,2022-08-12,Active
AST984F64E2DB,CUST100014888,Set-Top Box,Google,3C6019672A584B98,2025-01-09,Active
ASTF629297E65,CUST100059004,Handset,Google,7D5CC3A9BC0C4FA9,2019-04-04,Active
ASTEA11714D45,CUST100082133,Router,Arris,95D7DC9380284AB2,2016-03-24,Active
AST6CF214BCC0,CUST100077329,Router,Arris,10B1740A663D4695,2025-03-22,Faulty
AST281BD88964,CUST100005925,Handset,Huawei,AE0839ED9D164481,2022-10-21,Active
ASTD2F3EEC6EC,CUST100010359,Home Security Hub,Arris,DEBBA08B17FC43CC,2019-04-29,Active
ASTF686355EC5,CUST100028549,Router,Google,E9564C2F5EF54A34,2017-03-15,Active
AST802DB94B00,CUST100030444,Handset,Apple,8DE05C0025AD44B0,2019-09-28,Faulty
AST26BBD79068,CUST100041352,Router,Cisco,419D9418A50F413B,2018-06-23,Active
AST322AA34B88,CUST100025152,Set-Top Box,Google,1226E4584AFC480B,2018-04-29,Active
ASTACC7AFB863,CUST100075869,Modem,Apple,77E4CB06389A4930,2018-11-17,Active
ASTCE701071C5,CUST100002577,Set-Top Box,Arris,C0C213E314694879,2020-04-08,Active
AST450E487871,CUST100029661,Router,Apple,667E4D5BA9FA454D,2017-05-24,Active
AST6BC87EC637,CUST100098118,Smartwatch,Huawei,DDE8ECFEE1DC489E,2017-02-19,Active
AST50C555BB5E,CUST100057631,Set-Top Box,Apple,3B501F1D8072435C,2016-06-02,Returned
AST46D786B019,CUST100031809,Set-Top Box,Cisco,2F30EA98E4194B22,2022-09-28,Active
AST3731960CD7,CUST100053907,Router,Google,012C53219FDC44E4,2019-11-24,Active
AST73E5416FDD,CUST100017565,Handset,Cisco,C22DD5BD889D42A2,2020-07-02,Active
AST6107FC906C,CUST100016409,Router,Cisco,644B68719D95489D,2021-08-09,Active
ASTEEA138755A,CUST100087631,Handset,Arris,F19D71E6248748DB,2023-04-19,Active
AST717224B2BE,CUST100088766,Set-Top Box,Cisco,29EBDC7F390B484D,2024-02-15,Active
AST58DC6A98AF,CUST100091949,Router,Apple,AA8042A9CB9242CD,2025-07-10,Active
AST909129C92B,CUST100027678,Smartwatch,Samsung,65D71B4AFF1F46FF,2019-06-24,Decommissioned
AST66A3A4F839,CUST100064717,Modem,Google,9B58949AF2E2455E,2017-03-18,Active
ASTC672193BF7,CUST100023246,Handset,Nokia,B649F8C36C4D41C4,2024-07-02,Returned
ASTE22C1EA594,CUST100093078,Router,Huawei,8F5585D9B8DB460C,2020-02-27,Active
ASTF560139477,CUST100099659,Router,Samsung,6E9180DDCC674DA6,2018-07-08,Active
AST6F17FD6530,CUST100035912,Smartwatch,Huawei,A59ADD61886C4463,2024-01-04,Active
AST51E83D6D22,CUST100063918,Handset,Arris,0C393525D8BE41EA,2016-07-21,Returned
AST39AA6C0305,CUST100033505,Smartwatch,Nokia,03DEF84E76B643B2,2024-11-06,Returned
ASTCD15CDCC02,CUST100035700,Set-Top Box,Apple,D94F01CA5996485E,2017-04-20,Active
AST481487242C,CUST100050607,Handset,Apple,2587880AE4B54B45,2021-03-09,Active
ASTC11FF64B0F,CUST100063048,Handset,Cisco,5CC79CC844AA4C33,2023-02-10,Returned
AST33025F6988,CUST100011305,Home Security Hub,Arris,8B0139F42BEE4E81,2022-10-11,Active
ASTDECD3B8E42,CUST100074419,Router,Huawei,B4B3AA1A35DA4BA6,2020-03-03,Active
AST56FEE7DBA6,CUST100040843,Set-Top Box,Huawei,AD9B927204054EFE,2017-06-06,Decommissioned
ASTA1018ADFA2,CUST100025552,Router,Google,B3C2123E68144239,2024-06-12,Faulty
AST14EA0ABA5B,CUST100031583,Router,Cisco,8C3784FAAC234D2A,2019-01-20,Active
AST712762A386,CUST100079094,Handset,Samsung,D2EB8EA4F26A4CBD,2021-11-03,Returned
ASTF49A680449,CUST100044181,Set-Top Box,Arris,39061A31AAA941B9,2017-12-06,Active
AST8CEF46763D,CUST100029760,Router,Apple,45B9B4E972D748A6,2016-09-08,Returned
AST29BAA10D4C,CUST100029864,Handset,Apple,C3376FD8200D4CC9,2019-04-06,Active
ASTBC2DC24142,CUST100063368,Set-Top Box,Google,1907813D11414933,2019-05-17,Active
ASTFABE60E003,CUST100095236,Set-Top Box,Arris,878C81F73D20495B,2019-12-10,Active
AST5393F38115,CUST100052206,Handset,Samsung,DCD1B50C84CF4498,2023-01-11,Active
ASTE3109E7B3C,CUST100051024,Router,Google,3F431F3BE5664F82,2016-11-20,Active
ASTE7792E9E0A,CUST100051808,Modem,Samsung,68C66E4684C94E25,2023-03-13,Active
ASTFA0BF8DA98,CUST100095179,Handset,Google,0B30BB5A58F544E9,2016-11-02,Active
AST4023797357,CUST100089723,Set-Top Box,Huawei,CA3057F2C5F04EAE,2026-02-28,Active
AST4B3541A8F5,CUST100092272,Modem,Nokia,767C32CC0AD54539,2016-12-27,Active
AST30ED4C73D2,CUST100087999,Set-Top Box,Apple,2FC0A3EB7C5B4323,2022-12-22,Active
AST7E48E09704,CUST100049027,Set-Top Box,Huawei,7B9035AEBEB645CF,2016-03-02,Active
AST009FEC1CF1,CUST100004292,Handset,Cisco,B20253685AA14715,2018-10-30,Faulty
AST58503C73FB,CUST100070078,Modem,Nokia,B489C3A06AD34D96,2020-09-18,Faulty
ASTB04F0541DB,CUST100027044,Router,Google,54C336F880CD4A4D,2025-05-16,Active
AST338CAACE5D,CUST100036601,Handset,Nokia,49473682C6514D29,2024-08-13,Active
AST4D323A81F9,CUST100093873,Handset,Nokia,4F55E8D2A9514732,2020-07-10,Active
AST97975B05E8,CUST100055902,Handset,Apple,7285B39D80E64E02,2024-01-09,Active
ASTAB96F0C47C,CUST100007908,Router,Cisco,B861A7D9B127422E,2019-11-30,Active
AST4359270450,CUST100021891,Handset,Apple,6B3EFF0484EE4C32,2022-02-07,Active
AST270031B039,CUST100066270,Router,Apple,C22FE2CF92EB4476,2019-06-03,Active
AST5F7719C3FD,CUST100085929,Handset,Cisco,A804024F2D8844D7,2018-01-01,Active
AST87F89BEF9D,CUST100030218,Handset,Samsung,D8D7CC6E090D4845,2024-09-04,Active
AST0107A5C714,CUST100006336,Modem,Samsung,58CB5752DF27436C,2020-07-22,Active
AST725B2312F2,CUST100043135,Handset,Google,308DD419C82449E8,2025-12-01,Active
AST105B180B6F,CUST100080000,Handset,Google,49647160E5934F24,2025-09-08,Active
AST03FEED3B7A,CUST100098351,Modem,Cisco,90C03074869D4656,2020-05-06,Active
ASTE396F276B1,CUST100046283,Modem,Google,07F40088C9F844FB,2019-10-09,Active
AST8978EE7629,CUST100002251,Handset,Nokia,59EDF3CD14AC4F36,2016-08-04,Active
ASTA70C9727DE,CUST100014985,Handset,Samsung,380091FBF12640EF,2024-08-29,Active
AST7657B1D85A,CUST100043142,Set-Top Box,Arris,F752D944FF33413C,2020-02-27,Active
ASTD47E066F9C,CUST100028172,Router,Huawei,B0AD4C1260674B78,2019-08-14,Active
AST9A51633EE0,CUST100088934,Modem,Google,0503D458DDBA425F,2019-08-22,Active
AST2DC19194FC,CUST100052975,Handset,Apple,15A65EEF525A432D,2022-06-02,Active
AST96E3FE2160,CUST100033501,Handset,Apple,09E16D96BB0648B8,2020-04-04,Active
AST90F8F4FBA1,CUST100027919,Handset,Apple,E69F202A8F2749AF,2017-04-22,Active
AST33CD5A2D3B,CUST100049138,Handset,Apple,7E2F4EEBEE474793,2020-03-22,Active
ASTF4A223233E,CUST100057503,Router,Nokia,6779B00F5794457A,2024-12-01,Active
ASTC82BF85FF6,CUST100096941,Handset,Cisco,2BB891FC86BC406F,2019-07-03,Active
AST384D53347B,CUST100043911,Handset,Arris,73A8520FF8764612,2023-04-09,Active
AST407E851420,CUST100070785,Home Security Hub,Samsung,751242FEE4E34078,2020-04-20,Active
AST69D1907A36,CUST100053802,Modem,Apple,487CD386A6EE43B2,2021-04-02,Active
AST7A1DD228A4,CUST100088418,Smartwatch,Google,3FD3E7856AAB4413,2025-04-05,Active
AST25AB3689EC,CUST100003111,Router,Apple,B542761C3F7B480E,2025-03-23,Active
ASTAE427C3473,CUST100052909,Modem,Samsung,D33C239B09AE41DB,2018-08-09,Returned
AST75965EE108,CUST100080381,Handset,Huawei,8222636A6C7B4FAA,2025-11-10,Returned
AST2925F81535,CUST100043660,Set-Top Box,Apple,03B60CF481CB46D8,2025-12-11,Active
AST84877013FC,CUST100017239,Modem,Arris,EC25CA1F46F544F2,2023-11-04,Active
AST846ECE2B6D,CUST100083174,Set-Top Box,Samsung,FBCC8EC9BBE44CE5,2024-08-21,Active
AST089A2E1E8A,CUST100000161,Handset,Apple,6E9923CD36AF4E82,2019-04-29,Active
AST838F6F86F5,CUST100065312,Handset,Nokia,7FB745F8C8F047CC,2022-02-01,Active
AST5EDFB24E89,CUST100081188,Modem,Nokia,22809FA710E94E9D,2018-05-26,Active
ASTF05C23C04C,CUST100013339,Handset,Cisco,2935A20D70FE47F2,2019-03-21,Active
ASTCF99F22478,CUST100017461,Handset,Arris,8C3CC36235E247CE,2018-04-13,Active
AST0A2E154D3C,CUST100056631,Handset,Arris,EB8C849269B142FB,2016-01-06,Active
ASTAC131F6995,CUST100054137,Router,Huawei,1208BA010E3C4CF4,2021-12-17,Active
ASTE422424ED6,CUST100052005,Handset,Google,76C3C5A999464A6D,2016-02-08,Active
AST102C8E2C57,CUST100068159,Handset,Arris,D93AF3DE730240F9,2023-08-01,Active
AST4EA9E0B150,CUST100045179,Router,Nokia,89784F74F35A424B,2023-10-31,Active
AST7196DCB06B,CUST100008980,Modem,Google,53B092AC15F145A5,2023-01-12,Active
AST7E1D3398C8,CUST100079968,Handset,Apple,33DD8D63891E4B93,2025-04-24,Active
ASTFA2CD15B88,CUST100038514,Router,Huawei,3D175FA904504E5D,2019-02-28,Faulty
AST4F639962EB,CUST100075275,Handset,Google,43812CAFF5844C8F,2018-05-26,Active
ASTE9347E9257,CUST100088694,Smartwatch,Apple,CE859FDA26794488,2025-08-19,Decommissioned
AST2F58F6AFD6,CUST100083275,Handset,Samsung,DD6EB3E8BEBD421A,2016-04-11,Active
AST482189A600,CUST100074483,Handset,Arris,721D859C7DE941F5,2022-03-16,Active
AST192C087A4F,CUST100039718,Set-Top Box,Cisco,E10B9303644B4341,2019-07-16,Returned
AST21375CF5C8,CUST100033636,Home Security Hub,Google,50C5211F4C094BD2,2020-06-01,Active
AST76BA1031BB,CUST100036738,Handset,Cisco,C4BD1352AED34B73,2016-11-17,Active
ASTBD6D9E37A3,CUST100071420,Router,Apple,1614C34639964162,2024-06-12,Active
ASTB3D13A24F9,CUST100003387,Handset,Nokia,5AA95095F1E44646,2020-09-03,Faulty
AST7A20B07B27,CUST100023316,Set-Top Box,Samsung,0306191E42924568,2018-07-18,Decommissioned
AST9A0087F75C,CUST100004190,Handset,Cisco,9CDC94AE79AA44FE,2026-02-03,Active
AST56210C5464,CUST100002498,Router,Cisco,946014FBC3C043CF,2017-10-06,Active
AST1A6AA592FC,CUST100047058,Modem,Huawei,3DEDA68186A94C2B,2018-11-16,Active
ASTEE3F53E36B,CUST100069121,Smartwatch,Nokia,987E4AC047A14FD3,2025-09-25,Active
ASTB4F95BA6EA,CUST100098576,Handset,Huawei,5E74AF885CA3418F,2018-06-07,Returned
ASTD7B7067B2B,CUST100019403,Handset,Samsung,F39FCA4D7E0C4DC7,2022-09-04,Active
ASTBD0D355E1D,CUST100015072,Set-Top Box,Google,C9002B86B44C4899,2026-06-09,Active
AST47617561AA,CUST100069196,Handset,Cisco,E5C912232D424B3B,2020-01-19,Active
AST3168559356,CUST100096235,Set-Top Box,Apple,5299994B23B445AE,2016-12-10,Active
AST0500AB13F8,CUST100067660,Handset,Huawei,F45E89EAE61949E6,2025-04-06,Returned
ASTBDF2F0A4F5,CUST100051922,Set-Top Box,Nokia,D85B100DE0B946E7,2016-07-02,Active
AST542B1C3F80,CUST100059354,Router,Arris,7C342D43D87E4829,2026-05-20,Active
AST121130C71F,CUST100025689,Handset,Nokia,5FE13AFF9DAE40F3,2018-01-02,Active
ASTE4E9A4F7B5,CUST100019234,Set-Top Box,Huawei,16312BF5C4F44301,2017-07-06,Active
AST07C3BF6C21,CUST100078659,Modem,Google,C84EC475038947F9,2019-07-22,Active
AST38AE05608F,CUST100085567,Handset,Huawei,A6C95369824F4651,2017-05-27,Active
AST7FCC3E0A73,CUST100046571,Handset,Google,90301F13DEED4737,2016-08-16,Active
AST553DBEEC80,CUST100059298,Handset,Nokia,3376DAB7E3674544,2023-06-11,Active
AST987B99667E,CUST100094860,Modem,Samsung,16541E33BB334028,2026-05-28,Active
AST0C69C97220,CUST100025187,Handset,Apple,7E5DE43E1D724274,2016-05-25,Active
AST4632B7A124,CUST100024352,Handset,Arris,0E51EE6703464F8D,2016-09-15,Returned
ASTB93857D675,CUST100085873,Handset,Cisco,BE02F2C02BEF47C3,2025-10-10,Decommissioned
ASTFFD18338D0,CUST100082901,Modem,Google,CE5554E281B3407A,2020-08-15,Active
AST5A80098AC3,CUST100046273,Set-Top Box,Samsung,FF3909A9EFCE45AB,2024-01-15,Active
AST01F632534A,CUST100019187,Home Security Hub,Huawei,045420DCFE0146C3,2018-03-18,Active
AST0F6AB4ABF2,CUST100052598,Handset,Cisco,499A60189B3F4AD9,2022-12-07,Active
AST18C19DC028,CUST100000110,Modem,Huawei,62C203FB0FA84115,2022-08-09,Active
AST5431E9BAD6,CUST100056911,Router,Nokia,67DB32AF33BA4D3D,2021-06-05,Decommissioned
ASTE8BF651972,CUST100011901,Router,Samsung,394F445C4F5843CF,2016-02-24,Faulty
AST2BBB775BB4,CUST100044021,Handset,Huawei,E5E250ED3A8244FA,2022-10-31,Faulty
AST9E0827BFBF,CUST100040774,Handset,Arris,5534136BA7F344A8,2021-08-27,Faulty
ASTAB02E06081,CUST100069028,Smartwatch,Samsung,14FCB195F13C48AE,2022-01-14,Active
ASTE1D07439E6,CUST100085324,Handset,Apple,1AD7CCC4B98248ED,2018-12-18,Active
ASTD0C77228C1,CUST100009482,Modem,Google,6DF1B99AD8CD4050,2016-09-25,Active
AST2CC30F8B9D,CUST100079866,Handset,Arris,8029D6ECA72149DE,2019-02-02,Returned
AST3A7E8E343B,CUST100024452,Router,Cisco,EE5BBD82D1E24E80,2018-04-12,Active
AST5087888CD2,CUST100019618,Router,Cisco,039859156BD34585,2019-09-03,Active
AST37CFBA5969,CUST100000005,Smartwatch,Arris,182B0B5A15464835,2021-10-17,Active
AST4E10D93461,CUST100013873,Router,Huawei,698B7F94D57B4D28,2018-07-03,Active
AST277F39AFB7,CUST100095576,Router,Cisco,3DF18A6C98444A6F,2022-10-06,Faulty
ASTFED170D26C,CUST100063181,Handset,Google,C135FD3B5C3A425F,2018-05-31,Active
ASTB6C883FB9B,CUST100075037,Handset,Arris,1304A409F1904A5E,2017-08-24,Active
AST88C6B9C2E4,CUST100069573,Smartwatch,Huawei,D8261A88C34C4E0E,2021-11-28,Active
AST24922193CB,CUST100066844,Handset,Samsung,D0EADFB0345F4AFE,2018-04-03,Active
AST84991784AB,CUST100014952,Set-Top Box,Google,EB5AE47BBBC24C46,2026-06-27,Returned
AST16616D8C0F,CUST100034974,Handset,Arris,39C200148C934A39,2019-07-31,Active
AST59E29647ED,CUST100043649,Set-Top Box,Apple,48FC307E9E6F4498,2017-10-03,Returned
AST1702FB9276,CUST100021139,Router,Arris,98AF92659871434A,2016-05-22,Active
AST0548217952,CUST100023569,Router,Cisco,811C73D4E01C42C2,2025-01-11,Active
ASTAE0A575E7D,CUST100027842,Modem,Cisco,5C8E880431F048B6,2024-03-13,Returned
ASTC701921F52,CUST100037123,Set-Top Box,Arris,5F6F4BB8505D4475,2022-04-17,Active
AST80F31E34F1,CUST100051600,Set-Top Box,Nokia,5666A357652C4A00,2022-08-13,Active
ASTA6B341DC8C,CUST100085423,Router,Cisco,2C0A4D2D276E4BFF,2021-01-13,Active
AST16AA4BEBEF,CUST100013481,Router,Huawei,4CC1100999EF4B8D,2018-03-17,Active
ASTC3B8DE963F,CUST100099477,Home Security Hub,Cisco,A2ACE163961341B7,2021-04-27,Active
AST26ADD59B24,CUST100074781,Router,Nokia,66DD947FA4D949C8,2018-11-28,Active
AST8A9299940C,CUST100073916,Handset,Arris,AC5A3DA3832B416C,2025-11-30,Active
AST37B7E673FB,CUST100004657,Handset,Apple,51A2724E30EC403B,2025-03-22,Active
ASTCE8570DBCC,CUST100077087,Handset,Google,DCCE47623D1A4BE7,2021-09-06,Active
ASTB062293AE8,CUST100080471,Handset,Arris,D82C5210C36D47BF,2020-05-20,Active
AST23A6B7AF1A,CUST100077733,Router,Arris,E39083E1134E44DD,2016-04-09,Active
ASTC452011AFC,CUST100031235,Smartwatch,Cisco,E2C156661C2240F3,2022-01-22,Active
ASTCD906C1499,CUST100028718,Router,Cisco,BCD29457EC034802,2023-11-11,Active
AST968D7F1AB7,CUST100093509,Home Security Hub,Cisco,2F2867337EF6437A,2022-09-27,Active
AST3D9E4177F5,CUST100065011,Modem,Arris,2A08D35280154923,2018-05-08,Active
ASTF94E5E80F4,CUST100076822,Home Security Hub,Huawei,395EC7F8A1EA4C66,2022-04-02,Active
AST9D361AC7A0,CUST100074904,Handset,Nokia,ED62E9BD1B78470C,2019-10-27,Returned
ASTD4846FCAF2,CUST100016854,Handset,Google,801EF21A573949A9,2017-03-03,Active
AST5A83CEE8D9,CUST100015129,Handset,Arris,314B5C25EDC94A01,2024-08-10,Active
ASTD4A72E9A54,CUST100068539,Set-Top Box,Google,FF57EA2CC99A415A,2019-11-05,Active
AST2F9033FB97,CUST100032001,Modem,Google,BD5D4B3675224EA6,2019-01-04,Active
AST58C24AE477,CUST100026009,Handset,Huawei,B32915CCFFAC40FC,2022-11-20,Active
AST69FCC4EC6E,CUST100019736,Smartwatch,Huawei,1A3FFD67D5DB4A55,2025-02-10,Active
AST6C8388F1B1,CUST100061735,Set-Top Box,Arris,FF97B4031C204C3C,2023-01-12,Returned
AST296DD46B39,CUST100073794,Handset,Huawei,082B4DFBFC094088,2018-02-08,Active
AST512D9610CA,CUST100059798,Router,Samsung,C403A164CD5B4CC0,2023-04-02,Active
ASTFF14D92C22,CUST100028301,Handset,Samsung,D86DDDC03FC94B1B,2024-12-12,Active
ASTF548ACB313,CUST100002659,Router,Cisco,D9893D1AB84B45D6,2022-03-16,Active
AST70CD3A8525,CUST100057018,Set-Top Box,Arris,5D6F1F5A53A54EA9,2023-03-19,Active
AST75EBCF69F6,CUST100066158,Handset,Cisco,3F53B0DC831A4914,2018-09-20,Active
ASTF71058E301,CUST100029227,Handset,Arris,38228C950CCD4510,2020-11-13,Active
ASTE44C2432D3,CUST100044966,Router,Google,A138EE0103764BE2,2022-07-25,Active
AST77EC37779B,CUST100088449,Router,Cisco,A99272CDB9A94404,2021-10-08,Active
AST44D7959B15,CUST100032360,Handset,Arris,6A3FF149F7834D4E,2023-10-25,Returned
AST2C03BDAE2C,CUST100069075,Set-Top Box,Apple,375BF5311F624FF1,2022-11-18,Active
ASTD4351FB093,CUST100057772,Router,Huawei,327FB96C02AF4C38,2023-07-29,Active
ASTAB55EA8CD5,CUST100034152,Modem,Google,B3EEC5E8B7C4471B,2020-06-22,Returned
AST0672CBF52D,CUST100004738,Handset,Nokia,CC5F52C9A0E64A3B,2025-11-28,Active
AST2D0D1FE9B0,CUST100073651,Home Security Hub,Arris,CE08D4D3FB08403F,2025-02-19,Active
ASTB397ACCF3C,CUST100011961,Router,Samsung,267F2143EA6A442E,2019-12-31,Active
ASTF49B77EC74,CUST100000197,Handset,Apple,CE721A07D11F4F03,2021-07-03,Active
AST8742F53984,CUST100005729,Modem,Samsung,EBCC7F1564044E62,2017-04-11,Active
AST15C07D4610,CUST100004224,Handset,Google,1D554E08562746D0,2020-11-22,Active
ASTB9A2A37C46,CUST100002669,Handset,Nokia,8264E48A018748C1,2016-09-15,Returned
AST0909B5F3F4,CUST100025465,Home Security Hub,Arris,1A5E242E0EE9413F,2017-03-08,Active
AST7160AF1695,CUST100030930,Modem,Cisco,6C040D8AF69F498E,2025-03-31,Active
ASTD126B26C81,CUST100037673,Modem,Arris,F4CC8D36DC5649BD,2016-08-03,Active
AST1490E3DEA0,CUST100041853,Modem,Google,BAB083069E6347AC,2018-11-10,Active
AST42F68F3ECA,CUST100025094,Modem,Huawei,1D2C9115814C43E8,2017-04-17,Active
AST523AD5F73E,CUST100030165,Set-Top Box,Huawei,5DD88C7D03CF4879,2021-11-13,Returned
AST9051DFBD7B,CUST100067280,Handset,Huawei,628DA335C37540DF,2017-08-24,Active
AST1A3C4453B3,CUST100036701,Set-Top Box,Google,C01E3A68F9F5443D,2016-04-17,Active
AST01BC7F5FCC,CUST100082553,Modem,Huawei,D38BCF951F37431B,2025-03-13,Active
ASTD42D99A00F,CUST100045777,Handset,Samsung,21E7F24C06A74CA0,2023-10-08,Returned
ASTBD885413DE,CUST100070079,Handset,Nokia,8ABADEB9E0AF409A,2022-02-21,Active
AST05C4BFD295,CUST100025059,Smartwatch,Apple,63ED1CF3848F42FE,2024-11-29,Active
ASTEFAC80CDBE,CUST100042214,Handset,Apple,0128E07986004B2C,2020-11-18,Faulty
AST704536C5CD,CUST100053073,Handset,Apple,8FE67C796FA541C6,2020-04-19,Active
ASTAB2CA73C6B,CUST100044280,Router,Arris,82694B33962349E9,2024-10-09,Active
AST38DDBF9D19,CUST100011074,Handset,Nokia,AE82C80D1C5F434A,2022-11-21,Active
ASTD95202CF0D,CUST100099147,Handset,Samsung,A39717FEAD2F47DB,2019-08-28,Active
AST38D5EB32E0,CUST100037821,Router,Huawei,AE66B57185594A09,2025-12-24,Active
ASTC576E40D10,CUST100064598,Handset,Cisco,C71B9E54276E4A20,2025-11-25,Active
AST28BF5B5FFF,CUST100015931,Router,Cisco,FDA72FE3C99548AD,2026-06-24,Active
AST60617CD1AE,CUST100033632,Modem,Huawei,243A196BB7834847,2026-01-25,Active
AST66CE866423,CUST100037817,Handset,Samsung,C80D16E1BDF14877,2024-12-31,Active
AST7D2FDD94CE,CUST100003080,Smartwatch,Nokia,8CEF02816ED74A61,2016-10-03,Active
AST9FB6E11CB0,CUST100063273,Set-Top Box,Huawei,4FAEC98EA2EB4DE9,2025-02-27,Decommissioned
ASTB3144349D4,CUST100000707,Set-Top Box,Apple,0B6323D8417E4A33,2019-06-09,Returned
AST2B3D9B9BBC,CUST100015700,Handset,Google,5F969D16F0864B94,2017-03-06,Active
AST59CC076612,CUST100019279,Set-Top Box,Samsung,3A1D7DDB12244BDC,2024-11-16,Active
AST08C6EA355C,CUST100049869,Handset,Google,D8A519B4DA264E95,2025-04-13,Active
ASTD1E29E5AF9,CUST100031079,Modem,Samsung,433C0D47A27C47F5,2022-06-08,Active
AST719AF8112C,CUST100000915,Modem,Google,9CDBA08138254420,2022-10-01,Returned
AST45C61FB372,CUST100033168,Handset,Apple,5534E868D3A346FB,2025-12-13,Active
AST99D0A4F776,CUST100064772,Handset,Arris,28AB67A276AD40D6,2024-08-29,Active
ASTCDB18DA623,CUST100021543,Set-Top Box,Arris,187DB9D86A4F4B0A,2024-06-10,Active
ASTB30EA989BE,CUST100095280,Handset,Nokia,1986A8D674594365,2016-07-30,Active
AST3149FA9D85,CUST100040688,Handset,Huawei,BAD8597F99944396,2016-11-01,Returned
ASTF8D34EDF72,CUST100089750,Modem,Samsung,929B93226B5445EF,2018-02-14,Active
AST5C78ACB8A4,CUST100015613,Set-Top Box,Huawei,D4700FC151CB4FBD,2016-05-28,Active
AST1C9F418602,CUST100008092,Modem,Google,D8F5E02673694666,2020-06-04,Returned
AST8A1BC5E72B,CUST100058164,Handset,Samsung,1D9895D3BC9B4E38,2018-09-12,Active
ASTDD5493A92A,CUST100025015,Handset,Samsung,7F35AA3FEE314E87,2021-09-01,Active
ASTD096DD9B91,CUST100056168,Set-Top Box,Arris,EB138668A6524D48,2025-01-15,Active
AST4AED157E50,CUST100037996,Handset,Nokia,1F7496FF4DC647EC,2020-08-25,Returned
ASTD062EB6EE0,CUST100049129,Handset,Arris,11663103CC234F55,2024-03-01,Active
ASTCA80BFEDE8,CUST100026649,Smartwatch,Huawei,4C31455A7A534B0D,2025-09-24,Active
AST2367FAF7FA,CUST100086037,Handset,Nokia,D4294B491B534723,2026-01-22,Active
AST8731567E76,CUST100063651,Modem,Arris,06C6E661A5814C27,2016-06-20,Returned
AST265DCCC0E3,CUST100046701,Handset,Nokia,1964B0CDE83B438A,2016-06-14,Active
AST22740AB264,CUST100007827,Router,Samsung,A39DE15883F042B6,2022-01-20,Active
ASTD6A96DC3FA,CUST100002431,Router,Cisco,CBB72EAA72944066,2024-07-20,Active
AST794EE5688C,CUST100052229,Handset,Arris,A9A2A139E5954EFA,2023-03-19,Active
ASTD8085FBD3D,CUST100044872,Router,Nokia,CEF1D853879A4392,2025-03-09,Active
AST29963E3587,CUST100070910,Router,Arris,684A66B934E844A4,2019-07-18,Active
AST5BA10F4D98,CUST100054709,Handset,Google,75341255E8054C92,2018-05-25,Active
AST4493B39A16,CUST100021283,Router,Apple,5FBB654164FF45FD,2020-05-21,Active
ASTEAB2129E07,CUST100049042,Router,Huawei,620D6D09682449EE,2020-02-06,Active
ASTBCB336C60A,CUST100093400,Router,Nokia,DB1D5ED3791A4247,2017-01-22,Active
AST920BCD6285,CUST100049076,Modem,Cisco,43A6E14BCF534727,2016-03-05,Active
ASTE5F90DB723,CUST100060386,Set-Top Box,Google,F5275CBB41894C6A,2021-04-24,Active
AST623E5D68E6,CUST100045498,Modem,Cisco,2ACBA1E8D06A41CA,2021-05-20,Faulty
AST3658F85FC1,CUST100020628,Home Security Hub,Huawei,6DAFADF07CAB4214,2019-02-01,Active
ASTE37B1056CD,CUST100087346,Router,Google,6036E5676A7F4BBC,2021-10-24,Active
ASTCA76445238,CUST100067769,Smartwatch,Apple,403488FA3DE8465B,2019-02-15,Active
AST2BBEF8032D,CUST100018411,Router,Huawei,0D3DA683DCF64D1F,2016-07-10,Active
AST39A290CE94,CUST100067324,Router,Apple,2FD7A180AFA34116,2017-09-17,Active
AST5C2CBD64D4,CUST100024598,Handset,Cisco,96A9C1FBB4484FA9,2023-07-01,Active
AST0CC2B1250E,CUST100088608,Modem,Samsung,07EC415BCD8945B2,2024-03-21,Active
ASTB18FBB030A,CUST100007281,Set-Top Box,Nokia,CE2F83171B234292,2023-01-26,Active
AST9EF5B78016,CUST100089525,Modem,Apple,6AA257C4A58C42FE,2019-01-02,Active
ASTF7372B69A7,CUST100036093,Handset,Samsung,DC7B769115B94E58,2023-09-18,Active
AST76E944E467,CUST100036167,Router,Nokia,84F46EFAF1914C47,2024-02-17,Active
AST8EF34E2787,CUST100056051,Set-Top Box,Nokia,134351FB40F143FF,2019-03-27,Active
AST452C23263C,CUST100001157,Router,Cisco,376274A1C5E24E40,2019-05-22,Active
AST2F84314BEA,CUST100036056,Modem,Google,48D7D3F28D4A4A2C,2019-12-25,Active
AST10D17BABA9,CUST100081323,Router,Apple,C028DF3951A144FD,2018-04-15,Active
AST00C3875146,CUST100095715,Handset,Huawei,5449F406CB594911,2024-08-24,Active
AST3E3D7A4A8E,CUST100009187,Handset,Huawei,C78E07418E664695,2020-01-29,Active
ASTF074C283F8,CUST100095698,Handset,Apple,700BBD37236941A1,2016-05-09,Faulty
AST1F560596F1,CUST100002740,Handset,Cisco,BA97CAFEF82746F6,2025-04-30,Active
AST0BF8E51CD4,CUST100027173,Handset,Google,84470079986D454D,2018-07-13,Active
ASTB30B993600,CUST100002653,Set-Top Box,Google,0EC86C784375446E,2025-11-11,Active
AST81FF597B91,CUST100058623,Handset,Huawei,E81B204A61154CBA,2023-12-29,Active
AST87A096F484,CUST100014462,Handset,Nokia,AF3090F94079478D,2020-12-31,Active
AST12AE3F8121,CUST100060443,Set-Top Box,Cisco,4AE0FACBF63B49AA,2022-07-24,Active
ASTAF88DC8114,CUST100016026,Router,Samsung,4B92B54588BB42D8,2016-07-23,Active
ASTE9610695C6,CUST100086113,Handset,Google,576A6B1D5B764377,2024-09-11,Active
AST499D488C0D,CUST100041807,Smartwatch,Nokia,02EC93809E7B489F,2017-12-11,Active
AST1FAE34767E,CUST100079052,Handset,Samsung,C9046A01715442CF,2022-03-01,Active
AST6F85A39229,CUST100034529,Modem,Samsung,6C002410E117448E,2022-09-30,Active
AST99E34E35A5,CUST100077236,Router,Huawei,99418DA707734460,2019-07-17,Active
ASTC2E9A18A1A,CUST100070593,Router,Cisco,E581CE55A9604848,2022-01-14,Active
AST426CEF7AEB,CUST100096591,Handset,Samsung,C3736923FBF4462E,2018-08-18,Active
ASTF961DC4982,CUST100033333,Handset,Huawei,060108DB35E14F44,2024-11-03,Active
ASTB2043CADEE,CUST100025715,Handset,Nokia,9C7DE50F86A14B44,2025-06-02,Returned
ASTD24C6D169F,CUST100033809,Handset,Arris,9EA1038770E74079,2018-03-12,Active
AST13F2269C21,CUST100050668,Router,Apple,3EB3DD8E7F8E4446,2022-11-27,Faulty
AST9271D6724F,CUST100023324,Handset,Samsung,6A56A01852424374,2016-07-10,Faulty
ASTE7C589E4BC,CUST100014310,Handset,Nokia,83D1E83034D54C60,2023-10-13,Active
AST0E1CC6546C,CUST100017521,Modem,Arris,9B4538B114A34437,2025-10-19,Active
AST73127C7B88,CUST100095475,Smartwatch,Arris,FDE3F28A0ED94470,2016-02-28,Active
AST3CBCA3D60E,CUST100050866,Handset,Huawei,E3532D450D36492E,2016-04-25,Active
AST22FF53589A,CUST100037672,Handset,Google,CBF917FD29844B71,2022-10-27,Faulty
AST35FEC44F04,CUST100093413,Router,Google,41A48A603F764F22,2024-05-28,Returned
AST6509F3D5A6,CUST100033536,Handset,Google,AF0C01EA23CD41B4,2021-04-06,Active
AST3B27F628D4,CUST100057561,Home Security Hub,Samsung,BB23D24CD2FD4E10,2024-07-06,Active
ASTE84841E042,CUST100082446,Handset,Arris,2613D18461B44353,2024-06-19,Returned
ASTDF760707EF,CUST100087143,Router,Nokia,632757912E9D4294,2018-06-14,Active
AST1C22402A1A,CUST100075753,Handset,Apple,0E0624EF54A3424C,2022-02-01,Faulty
AST1299BC3BF8,CUST100028757,Handset,Apple,0AE5FBA1E8FC49FA,2021-06-15,Active
ASTCBCCF87765,CUST100028637,Router,Huawei,B3B3D207EDF443E0,2020-10-27,Active
AST44B1456D44,CUST100076436,Set-Top Box,Samsung,EA89D9696D5B4485,2021-05-29,Returned
AST68FF34A6E4,CUST100022974,Handset,Nokia,15A113CB7F7E43D8,2026-02-06,Active
AST2A2A1A8152,CUST100037193,Set-Top Box,Nokia,5BD68C250A66428C,2023-11-14,Active
ASTDF583ED647,CUST100062522,Handset,Google,48163396D1CE4AF4,2016-09-25,Active
AST5F2E02CCC1,CUST100015715,Modem,Cisco,67EAEF99431F49EE,2021-04-18,Faulty
AST876C49C6CF,CUST100072230,Handset,Cisco,8298A5FC14694B8A,2023-11-02,Active
AST830964CDC2,CUST100092097,Handset,Cisco,132DAAA183C042C4,2020-12-15,Active
AST61F5F263B7,CUST100033188,Handset,Samsung,9EB5ADC188A84D19,2019-12-22,Returned
AST849DE696E9,CUST100093428,Handset,Apple,2FB98F54A7214E45,2018-01-03,Returned
AST03FFA4D46F,CUST100094667,Handset,Apple,109FA35496BF421A,2016-05-18,Active
ASTAFE1A8359B,CUST100043573,Set-Top Box,Google,B20D5B7112E14E79,2020-10-22,Active
AST7916919C00,CUST100082783,Modem,Arris,CA52DBEC93414671,2021-11-18,Returned
AST033BA0CBD5,CUST100061059,Set-Top Box,Apple,39AFCB4E0A5346AA,2024-02-28,Active
AST9F817DABD1,CUST100015147,Set-Top Box,Google,B1545F114AA84906,2019-01-29,Active
AST8B75E12DA7,CUST100041567,Handset,Huawei,89F5DECA902A4BA1,2017-01-07,Active
ASTC137864E00,CUST100095695,Set-Top Box,Google,D80E77DB11AC4257,2024-07-03,Returned
AST560B0A4A98,CUST100019851,Handset,Cisco,FDFA8C61D8E44A64,2026-01-04,Decommissioned
ASTE09DCF559F,CUST100070809,Smartwatch,Samsung,D613F7DCA67B42A6,2019-01-01,Active
ASTF213431E87,CUST100019181,Router,Cisco,DCB3C0009F4B4718,2024-08-31,Active
AST9507763E8C,CUST100052396,Set-Top Box,Samsung,8F4EB442C9A44DAE,2025-09-14,Active
ASTBA885866A5,CUST100023637,Handset,Huawei,6232B8E3BD114DCE,2022-09-14,Faulty
AST0EEDB1FA87,CUST100095378,Router,Google,7CED006A69A1483C,2018-12-24,Active
ASTFD88B44AD8,CUST100007884,Set-Top Box,Google,D5C0F843328F45B9,2021-09-03,Active
ASTBB56B9F502,CUST100000308,Smartwatch,Samsung,7C79A0E9057742EF,2021-03-20,Active
AST04D3459A88,CUST100004697,Set-Top Box,Google,3B2B41E6FE294CE8,2023-12-06,Active
ASTBA54721B8E,CUST100088859,Modem,Google,8A2D972043974A3C,2018-12-27,Active
AST8AC456D3C6,CUST100040557,Modem,Cisco,E7F17306E0694C9F,2023-12-19,Faulty
ASTBADED6177D,CUST100080864,Handset,Nokia,0D00FBD5FC924DBF,2016-03-27,Faulty
ASTA7463FEF3F,CUST100090504,Handset,Samsung,276DFCCD4975420C,2018-02-19,Active
ASTA5611CCE54,CUST100062947,Handset,Arris,434C6FAC25FC4E8F,2025-12-15,Active
ASTCCA2CFE071,CUST100001860,Handset,Nokia,F372F733D6C440C3,2021-05-14,Active
ASTC1335C01AD,CUST100062802,Router,Cisco,9DDE2E4459964EAF,2020-11-26,Active
AST317C5A9E84,CUST100006074,Set-Top Box,Google,FF0DC7B72A784873,2018-08-28,Active
AST683835C80D,CUST100078538,Modem,Google,6817CE45DE224F55,2020-02-06,Active
ASTDEEF42DC33,CUST100040010,Set-Top Box,Cisco,536E7C9152434FF9,2021-05-18,Active
AST9E302AFE22,CUST100065556,Smartwatch,Cisco,72C6CD587E604375,2019-05-26,Active
AST543F64594F,CUST100056481,Handset,Apple,73E6AB9A2D7A44EA,2016-10-19,Active
ASTBED5E82534,CUST100051158,Modem,Cisco,774ECAC6E4D245ED,2026-05-22,Active
AST7A7830E39D,CUST100024150,Handset,Arris,ECD0445B1A294F38,2022-06-18,Active
AST3C2A74DD15,CUST100016336,Home Security Hub,Apple,A9DC38D1625043C1,2024-05-26,Decommissioned
AST3E51A1747E,CUST100016205,Home Security Hub,Nokia,33269CB84D5E4C00,2018-02-21,Active
AST7DBE4517D1,CUST100053845,Modem,Huawei,A4DA6C980DAC41F8,2019-04-13,Active
ASTC239BF89BB,CUST100078721,Modem,Google,AA88D58DAD834ECA,2022-12-24,Active
AST0F1B7F74B2,CUST100093678,Router,Cisco,61AB44B86F31477A,2016-08-22,Active
AST37E28BF657,CUST100066948,Handset,Apple,D487F030504F4322,2017-08-30,Active
AST982AFC941C,CUST100070583,Router,Nokia,EF283914BC024A0D,2021-12-15,Active
ASTBB71D4721C,CUST100079884,Handset,Arris,D5BA1B86EF4D4FEC,2019-08-31,Active
AST4187E1BFE5,CUST100044234,Handset,Huawei,25FEE4C2B66C4C4B,2022-06-13,Active
AST0181DB67B6,CUST100085177,Home Security Hub,Nokia,8C5335652D17404A,2022-10-26,Active
ASTA28907F6C6,CUST100050031,Set-Top Box,Arris,E02573A66B204905,2022-04-19,Active
ASTB738AB7B20,CUST100025628,Modem,Samsung,E9B90B7F291643FF,2024-09-13,Active
ASTF24017AA14,CUST100019484,Handset,Huawei,425667567F8444CE,2020-10-20,Active
AST759C0DD00E,CUST100025874,Handset,Google,ABEEADAA18214A0C,2019-06-06,Active
ASTB50E8FD428,CUST100086205,Smartwatch,Arris,FFAA143FE1D24528,2022-01-16,Active
AST61FE825551,CUST100029900,Handset,Nokia,A9EB05106F304E8A,2025-04-19,Decommissioned
ASTE5D1170590,CUST100093451,Modem,Google,3E88540D2B1D4266,2018-02-08,Active
AST032B717535,CUST100039523,Handset,Cisco,A2CD662473FF4543,2020-07-08,Faulty
ASTD054C47D50,CUST100086446,Set-Top Box,Samsung,5EB40AE86C924FCA,2021-01-02,Faulty
ASTE05AFCCC82,CUST100035388,Handset,Google,9FEEFAF203DC4B7F,2022-03-13,Active
AST48818B9211,CUST100080640,Handset,Huawei,34AF597CF29F48B5,2024-07-14,Active
ASTB829DBF25F,CUST100091886,Handset,Google,BF20D615553B4D18,2022-09-04,Active
ASTF1B30584FA,CUST100079715,Handset,Arris,73CFA6A5E12245E1,2017-07-27,Active
AST1490BC2BB3,CUST100028773,Router,Google,CEA860A6D1BC4EAF,2023-11-04,Decommissioned
ASTC5B5936F6D,CUST100084777,Modem,Apple,913E12841E8242A2,2022-08-06,Returned
ASTE48D801039,CUST100043840,Handset,Cisco,7F11859E0BA84E48,2016-05-11,Active
ASTE7C828607B,CUST100007936,Set-Top Box,Cisco,35503B7D090B4B7B,2017-01-04,Active
AST3691CD9A78,CUST100060061,Router,Huawei,227E059E04AE4A4F,2022-08-29,Active
AST2482E09E3C,CUST100063175,Modem,Arris,A28572C8FC4245A0,2021-11-09,Active
AST42FB7876EF,CUST100005081,Set-Top Box,Cisco,D66F76996E0F46A7,2019-12-17,Returned
AST85D38CBBA6,CUST100074231,Handset,Apple,EEC084034D474707,2020-05-28,Active
AST052A7651DA,CUST100031192,Router,Google,43D6D8937FE34F9E,2021-07-11,Active
AST1FD75FC9B0,CUST100042006,Home Security Hub,Arris,E26823EDBB46476B,2019-10-26,Returned
AST10AA933FE5,CUST100085051,Handset,Arris,76F127E9C59245B8,2025-12-19,Active
ASTE882205A69,CUST100095503,Handset,Google,A56CCAD7BBD14B45,2019-06-24,Active
AST31112031C2,CUST100006169,Handset,Huawei,2DAA2C49C896435E,2022-07-03,Returned
AST63C33EDB88,CUST100000800,Handset,Nokia,702D117E2DC044C8,2023-11-28,Active
AST06EC959EFC,CUST100035425,Handset,Cisco,A32243795D6145E0,2017-12-13,Active
AST1AD3272988,CUST100063661,Set-Top Box,Huawei,833B224457C44B27,2022-12-13,Active
AST1D8F4BECAF,CUST100033304,Smartwatch,Cisco,37E87EC539CF4DC7,2023-10-25,Active
AST44162F987B,CUST100087249,Modem,Apple,A1B84C018E52474E,2023-05-30,Active
AST671423012A,CUST100092198,Handset,Arris,6CD71E9C684D4E37,2023-04-20,Returned
ASTDFEDE5F1EA,CUST100072072,Smartwatch,Cisco,949DCA174F474288,2016-03-19,Active
AST99A81F2292,CUST100096753,Modem,Google,23492E9A1FD2412F,2021-06-17,Active
AST174B323777,CUST100060419,Set-Top Box,Apple,54BFC1CFFF7F4290,2016-02-15,Faulty
AST11039F8472,CUST100094016,Modem,Nokia,BA2118CEB82B4ABA,2024-12-14,Active
ASTEADF767DB7,CUST100081086,Modem,Huawei,247182C10B1C4041,2018-09-15,Active
AST4ED84F64AC,CUST100095708,Handset,Arris,C2898AF717D444D5,2023-03-12,Active
AST5056C66A07,CUST100031801,Modem,Apple,5D72FA81FF8447A5,2020-07-17,Decommissioned
AST1F9DA09228,CUST100051137,Router,Google,184D7A8B5F034F52,2018-12-07,Active
ASTDA918C7D8B,CUST100066032,Modem,Cisco,297D024E9C174127,2026-05-22,Active
ASTE59CDEA240,CUST100072192,Set-Top Box,Arris,BC8E9D36B34544E4,2023-09-28,Active
AST0815C99CA7,CUST100079936,Handset,Huawei,F6ADC2C6B0E14C68,2020-04-18,Returned
ASTCCD0CBEFD8,CUST100009449,Set-Top Box,Samsung,499721B6912F4AC4,2020-05-05,Returned
AST4A25D2A8D9,CUST100078135,Handset,Arris,FFF6388EC5254D38,2020-09-25,Active
ASTBD58431DCA,CUST100092723,Modem,Nokia,F8C86E7BCE044881,2022-10-10,Active
ASTCE6B8618E7,CUST100001817,Handset,Huawei,BDD9A8DE7AEF44F2,2025-01-31,Active
AST7412AAF0C9,CUST100015955,Smartwatch,Cisco,3D5950799EF24B42,2017-04-02,Decommissioned
AST634219D8EB,CUST100078842,Modem,Nokia,7ECACBC148BE434D,2025-10-10,Active
AST5831781921,CUST100008728,Handset,Arris,B77C60DD8C0342C5,2024-03-16,Active
AST3F9A5E39E2,CUST100050334,Handset,Apple,13483E15EFC24A82,2024-05-15,Active
AST052B31DED4,CUST100064226,Set-Top Box,Samsung,C3643F18C48D41DA,2021-07-03,Decommissioned
AST52CB316854,CUST100026364,Router,Google,3B6955CDC75740AD,2016-01-02,Decommissioned
AST5A66CC14C6,CUST100092563,Handset,Apple,32561B8F7BAF4078,2021-07-17,Active
AST2AA38098F8,CUST100081178,Modem,Nokia,C5DC5BB938584295,2021-04-21,Returned
AST099368CAF9,CUST100024362,Handset,Huawei,4128342327AE4652,2020-02-17,Active
AST1C3B1900ED,CUST100077149,Set-Top Box,Samsung,CA45AA4A6E7D4B3D,2021-01-13,Active
AST7DE8341525,CUST100031146,Handset,Samsung,2B7EF3EF6EEF485C,2023-10-12,Active
AST52C83CE3B6,CUST100053631,Handset,Cisco,FCAE32F14BBD4228,2016-10-13,Decommissioned
ASTC74FBAB56C,CUST100024680,Handset,Google,8A19C73E70BD40BF,2020-01-28,Returned
AST97D9BAE889,CUST100034683,Modem,Cisco,278DF640E7C140CD,2023-02-08,Active
AST7C7FD68001,CUST100077261,Home Security Hub,Nokia,2690F77746224C34,2024-11-02,Active
ASTE21644EF83,CUST100060099,Home Security Hub,Google,3C3BD319C9F5418C,2025-03-11,Active
AST969A1CC214,CUST100036274,Modem,Samsung,59935CFD3107470E,2022-03-24,Active
ASTFC8EE4D26D,CUST100081636,Handset,Nokia,190CB69C694B439A,2020-06-25,Active
AST08D2394E51,CUST100009494,Handset,Samsung,DE3D7A387FDB4A20,2019-06-07,Active
AST6C58B26BC3,CUST100076168,Router,Nokia,818E4B9BF2EB4196,2021-10-11,Active
AST8BD8DBF984,CUST100065627,Handset,Cisco,782B874AE5444CE2,2018-05-19,Active
AST4BD9959F83,CUST100031274,Router,Google,8930B64EE4AA4170,2021-04-30,Active
AST7FD6C82EA9,CUST100069584,Set-Top Box,Huawei,61A6867153C64E6B,2024-08-09,Active
AST4A2392C8CB,CUST100058499,Router,Nokia,17683EBACA584BE0,2022-04-08,Active
ASTA44410B1F0,CUST100046724,Modem,Huawei,A83DB5D8769047DE,2021-10-08,Active
ASTC16717FB7C,CUST100009753,Modem,Huawei,5A6208ABB6B24A12,2024-07-03,Active
AST05ACCEB555,CUST100098860,Modem,Nokia,8832AAADDA0F4188,2024-02-23,Active
AST14C5BE87E3,CUST100040526,Modem,Samsung,4493E0DBAED44F0B,2020-03-22,Active
AST350726DA9E,CUST100017710,Router,Cisco,03E072B5D7F14067,2016-10-08,Active
ASTD6838FF499,CUST100089488,Handset,Apple,366AF41C7EB34AF8,2021-10-26,Active
AST54476FBC37,CUST100017856,Modem,Cisco,3707237B2EDF4F81,2024-04-10,Active
AST8737521DCD,CUST100038754,Router,Cisco,02544EEFA02C4AAA,2016-02-27,Active
ASTD9A7525053,CUST100099266,Router,Cisco,A66E116071B14595,2016-10-19,Active
ASTB37136AF34,CUST100001096,Router,Nokia,FA0A7B8A3BBB4DBC,2020-01-06,Active
ASTF7815C09D4,CUST100014556,Smartwatch,Huawei,1CC24E02EADC4667,2018-11-25,Active
ASTAF360D2C3B,CUST100044713,Set-Top Box,Apple,81055A1F21124ED6,2021-04-06,Active
AST474F527F40,CUST100087651,Handset,Huawei,AD8AD7BDF80C498C,2020-07-30,Active
AST7A259F93F6,CUST100035476,Modem,Apple,CC2E88BC426B4D93,2023-05-16,Active
ASTC9FC7CEA1D,CUST100022088,Handset,Apple,F222F192007842A6,2024-04-07,Active
AST7E3DD78D8F,CUST100014414,Handset,Samsung,E612A3CB3F7D44F5,2023-12-28,Active
ASTDFE16BB3D3,CUST100031764,Router,Google,9147162E123A4ED4,2024-08-25,Active
AST28BDE7FD34,CUST100045382,Handset,Nokia,203DA26064DD402C,2024-09-25,Decommissioned
AST35ECF98ACC,CUST100024392,Handset,Samsung,A9C2650DDD804AC9,2023-11-06,Active
ASTABDFB1899E,CUST100020398,Handset,Huawei,A2636DB1DA66426D,2017-08-06,Returned
ASTCB49C3FE63,CUST100041592,Modem,Cisco,4447A98662FF4D2D,2025-09-02,Decommissioned
AST60430CD497,CUST100052417,Handset,Nokia,A4485DB124384C91,2017-01-04,Decommissioned
AST2114F9DBA4,CUST100055153,Router,Apple,9FA6AF0E69B64AA6,2022-04-12,Active
AST74782D164E,CUST100050097,Handset,Apple,95572C508AD342F3,2022-05-28,Active
AST2F9464657E,CUST100008097,Handset,Nokia,6D0F5933EA88490E,2025-06-22,Active
ASTDA26EDAB4A,CUST100094526,Handset,Arris,90E56FAA82B2410E,2017-08-09,Active
ASTE19FD0AFF3,CUST100040325,Handset,Google,EAABE81F61E446BF,2024-03-17,Faulty
AST36292ABE3B,CUST100094683,Handset,Nokia,4ED3CAB960F34848,2016-08-16,Active
ASTE0A01C074A,CUST100008938,Handset,Arris,AD480DF4CF4F4491,2018-12-02,Active
AST26E32D9FE9,CUST100061672,Router,Cisco,E556F533FEC24FB6,2016-04-16,Active
ASTFA53A1E027,CUST100082599,Handset,Google,385E98E4939E41F9,2026-06-23,Returned
ASTCDDCD8B859,CUST100022065,Smartwatch,Huawei,23DC7B5FC3EA4093,2020-02-16,Active
ASTF734418A7C,CUST100006299,Handset,Huawei,4B8C882B167846F3,2025-08-15,Active
AST79C26F03B7,CUST100001937,Handset,Nokia,1C54FE0707F24BF0,2018-04-17,Active
AST6AD657B250,CUST100094973,Set-Top Box,Samsung,96C78C2AFA254517,2022-09-29,Active
AST0EF9E642C1,CUST100003376,Handset,Google,8EB80DBAEFBB4A69,2025-12-29,Active
AST624896C534,CUST100005320,Modem,Samsung,D347ECC9928B4554,2024-11-22,Active
AST54DCBDFA0D,CUST100097741,Smartwatch,Samsung,93B43C5FC3244940,2022-11-20,Active
ASTC2707A0C50,CUST100077289,Modem,Apple,3BB2DA93A04542DC,2016-06-06,Active
ASTD1D1DA22D7,CUST100012179,Home Security Hub,Cisco,23107AD24DAC4B9A,2021-09-28,Returned
AST8ADA3E0AD4,CUST100086337,Router,Nokia,78EE0F2CBBC64485,2020-07-01,Active
ASTF2104CDD7F,CUST100040607,Router,Arris,805425A8C3B544E0,2017-03-31,Active
AST49A1F0B434,CUST100085608,Modem,Arris,F3D811B77F1A43A8,2020-05-26,Active
AST143FF45E68,CUST100075482,Modem,Apple,7B0266C258C343E7,2022-01-11,Returned
AST3FBA607748,CUST100038620,Handset,Apple,76EF84C54248428F,2025-06-10,Active
ASTE36F020BD8,CUST100099652,Router,Arris,AD7F1255B2BC4321,2018-11-18,Active
AST18696A29DE,CUST100096718,Handset,Huawei,A345B9F04A5548C1,2024-02-19,Active
ASTDB777F2CF4,CUST100007952,Handset,Arris,E3356DCA949D42E8,2026-02-16,Active
ASTDCCA67072F,CUST100085083,Handset,Google,CD563E916F2D44F0,2017-07-07,Returned
ASTBDCBAEA097,CUST100007516,Handset,Apple,101C72227DEA436D,2024-05-17,Faulty
AST004FC220DA,CUST100061068,Modem,Cisco,9BE9D89497324DE6,2022-08-31,Active
ASTAF6118DFFB,CUST100047448,Modem,Cisco,8B558D666A5A4999,2021-09-26,Active
ASTA07D2890B8,CUST100032064,Set-Top Box,Samsung,57BAA6BAF3734E4A,2022-02-11,Active
AST6132A1FD99,CUST100028832,Modem,Nokia,2095649914D64054,2020-06-29,Active
ASTB557EE439B,CUST100044228,Handset,Nokia,C1881F13BED84B8D,2019-06-22,Active
AST591A8872DD,CUST100064629,Handset,Huawei,FAD172934F1C4F6E,2016-09-30,Active
AST840774BE11,CUST100035953,Set-Top Box,Apple,9824369B249F4F2C,2022-12-12,Active
AST46CC7C24E9,CUST100009964,Set-Top Box,Huawei,7EF8093CDD2041CD,2023-09-13,Active
AST57727A2B2A,CUST100053647,Modem,Huawei,33DE6F4D332F4578,2018-10-27,Active
ASTA9A47C447E,CUST100032434,Handset,Cisco,3BE8CB3B7FA648F7,2021-06-05,Active
ASTDB9856564E,CUST100025420,Router,Samsung,81250926FA0A4BB4,2018-08-27,Returned
ASTE1D5CF9F9D,CUST100035403,Router,Cisco,D9B6B3820A354E70,2018-06-10,Active
ASTCF8F9714F4,CUST100028066,Handset,Arris,A5AF4720EB0C41F8,2022-08-25,Active
AST48C1905D38,CUST100080894,Handset,Arris,716E5E14D35B449A,2017-02-14,Decommissioned
ASTB28C4AAAA3,CUST100040575,Modem,Cisco,BFE3E64D43894F13,2017-02-19,Active
ASTBDC12A9841,CUST100062020,Set-Top Box,Nokia,24F6B2ED58754AAE,2020-05-13,Active
ASTE9C8EF2669,CUST100019324,Set-Top Box,Samsung,D6685E1D139848DD,2023-08-24,Active
ASTFED42C6123,CUST100036238,Modem,Apple,C7D47DAD6A624B8D,2022-01-04,Active
AST8F0A9106EF,CUST100033377,Modem,Cisco,047D2152607D4DFB,2017-02-02,Active
AST53D5C2DA5F,CUST100009636,Router,Cisco,8541D51497D442C4,2024-04-30,Active
ASTD3C905000D,CUST100028023,Router,Cisco,95F230CCD4D74961,2024-06-01,Active
AST8CD6F9E5A5,CUST100011059,Set-Top Box,Apple,019ABB2759324782,2019-03-14,Active
AST7DF01C0574,CUST100001026,Handset,Apple,8CB9AD4E0D784D55,2025-11-11,Active
AST98B47A84F9,CUST100074912,Handset,Huawei,E71231A6E1744322,2022-08-09,Active
AST450189FAC2,CUST100009771,Smartwatch,Samsung,9260EDFE0B5F4B2A,2018-03-26,Active
ASTA56F0F7682,CUST100035919,Handset,Apple,2BDB1AEFC5564287,2020-08-04,Faulty
AST1AB4F80693,CUST100014498,Set-Top Box,Cisco,68C3AEE493A24D16,2025-08-15,Active
AST7098845AA3,CUST100022884,Handset,Arris,E38A6F7C44F84D79,2020-01-08,Faulty
AST5C385A2CF8,CUST100006926,Handset,Huawei,6C20E3A0B16D4CCF,2018-07-09,Returned
ASTD30AE8D3DC,CUST100079789,Router,Cisco,04D6EBC7D481425E,2016-12-28,Active
AST2F2CB95D29,CUST100015074,Handset,Apple,1A6C6B99D103457D,2022-04-08,Active
AST24C79788DF,CUST100044750,Modem,Huawei,7E377EB4D2E04884,2016-06-04,Active
AST16E2D89B8C,CUST100036731,Handset,Huawei,6ADCF48F01064E52,2021-01-13,Active
AST8B1446D888,CUST100025869,Smartwatch,Arris,30CCF0C5641A4138,2023-05-02,Active
ASTFDAC1A70C8,CUST100027118,Handset,Cisco,F8CC699088E44DB5,2022-12-19,Active
ASTA33BA95481,CUST100068728,Handset,Arris,CF2D22AAFC254F93,2018-01-03,Active
AST5C87504F13,CUST100095388,Handset,Google,18A2BCAFD6384CB8,2023-02-21,Active
ASTE9A62D87C2,CUST100056799,Handset,Google,ECC221C0C2134961,2016-07-14,Active
ASTFE4ED2F5C4,CUST100093153,Handset,Google,C7D79C7B557445F8,2018-12-13,Returned
AST55DCE671F8,CUST100063758,Home Security Hub,Nokia,0879BE69ED624FD7,2025-02-23,Active
AST2609999DF6,CUST100015997,Modem,Apple,2034F0F891F44183,2019-08-06,Active
AST0BBB2DDF71,CUST100003069,Handset,Huawei,6362F712F76742E5,2021-04-22,Faulty
ASTEA343DF41A,CUST100030571,Handset,Arris,8849B3468CA842A5,2020-05-05,Faulty
ASTCF24FFBCE5,CUST100097398,Handset,Huawei,155CD511C0814690,2020-01-21,Active
ASTD094E6DA06,CUST100054005,Router,Cisco,20F61E48636B4C1C,2022-11-01,Active
AST772DD0B347,CUST100036839,Handset,Cisco,E38949C84FEB4D42,2024-01-04,Active
AST20CCA77E66,CUST100036417,Handset,Apple,2AA2FDCEE509494B,2022-01-15,Returned
AST8673A00010,CUST100072951,Handset,Apple,F715AC0587764616,2025-07-04,Active
ASTF4645821D8,CUST100046168,Handset,Huawei,62544535B70C45E4,2026-02-04,Active
AST9628539EA5,CUST100063180,Handset,Huawei,56067B3155134FC0,2021-04-10,Active
ASTBB56F87C96,CUST100004174,Router,Nokia,87AF8A396BCD4C33,2026-06-28,Decommissioned
AST3560345B9F,CUST100043446,Handset,Arris,7354D25DD9144A2D,2017-06-03,Active
ASTC411A5BADC,CUST100091683,Handset,Apple,C63F2513C2C5479F,2019-02-11,Faulty
AST1B2081DEB9,CUST100045308,Smartwatch,Samsung,2D29853F88A94CE9,2024-10-01,Active
ASTBF1030BF9E,CUST100049020,Handset,Google,2546D682137D4189,2020-08-21,Active
ASTD37D7219EB,CUST100022881,Handset,Apple,1DF9383DDB2C4FC6,2019-10-25,Active
AST161594B5E2,CUST100081266,Smartwatch,Nokia,859056111BD54297,2021-07-05,Active
AST41370AA734,CUST100009284,Router,Arris,4A8A3C09C8F94051,2025-07-27,Faulty
ASTD5C69C35B4,CUST100017704,Router,Google,B79B0B2AB80641F8,2024-02-07,Active
AST536B5730C6,CUST100078330,Smartwatch,Apple,01DCF13BB1014D92,2024-11-20,Active
AST471585E721,CUST100081256,Set-Top Box,Cisco,6C760A9B678F412E,2025-08-12,Returned
AST91D496D747,CUST100045162,Router,Samsung,BD9B78F7EE13409B,2019-03-25,Active
ASTB4CC4B59F8,CUST100036800,Router,Arris,D828681A5A0A4271,2023-06-26,Returned
AST14E65A9500,CUST100053580,Set-Top Box,Cisco,7693D70FC4D4476D,2022-03-24,Active
AST4F2D696E56,CUST100074355,Router,Google,9C83802FED934E8F,2025-02-07,Active
ASTCDA1760523,CUST100080389,Handset,Huawei,95DEB1CD0A764195,2017-02-23,Active
AST666237CB23,CUST100021641,Handset,Nokia,DAF5942D62EB40C5,2017-12-18,Active
ASTBEF971479D,CUST100021192,Handset,Apple,54A558355B7D4C2A,2016-02-08,Active
ASTB9ABDD9946,CUST100046687,Handset,Arris,CECC4D3C66BC4EA1,2018-05-28,Active
AST09ADF7D7D5,CUST100026336,Modem,Nokia,0486854C7D244604,2022-05-11,Active
AST5D9942DFF1,CUST100087875,Modem,Apple,44FD52C505534D3E,2020-09-01,Active
AST5E187A123A,CUST100072811,Router,Nokia,9E967DEA4544498B,2016-05-29,Active
AST80A32C09E7,CUST100065263,Router,Nokia,9B69703D62184FF0,2021-11-12,Faulty
AST0AFA566FB0,CUST100072773,Handset,Arris,38A210441E904D0C,2024-06-05,Active
AST76594E66FC,CUST100054888,Router,Huawei,D1F626F137F04D58,2025-08-17,Decommissioned
ASTA18295787F,CUST100042541,Handset,Google,D3EFEA1463EE4D95,2018-02-03,Active
ASTFCB33F282F,CUST100098821,Router,Samsung,9BE949B82E3F4964,2025-01-25,Active
ASTDED1782AE7,CUST100012411,Handset,Arris,CCC9CFF9763940DC,2016-07-08,Returned
AST5020081313,CUST100005944,Handset,Apple,E4AA190311244DDC,2023-05-08,Active
AST7CF5E8FBAE,CUST100067584,Handset,Nokia,5CFDD9BDAB194A22,2022-05-06,Active
AST09D4CA0D9C,CUST100023784,Home Security Hub,Google,F40022498BAE4A67,2021-01-18,Returned
AST4DBC47DA37,CUST100099614,Set-Top Box,Arris,B6ADF42BCA8B4269,2022-02-19,Active
ASTD53BCD6479,CUST100022913,Modem,Samsung,4140650EE2564CEC,2017-11-01,Active
AST5681E443C2,CUST100051972,Modem,Samsung,707C6225484A462C,2025-07-19,Returned
ASTA6940D035B,CUST100007830,Set-Top Box,Huawei,768F2BBAC7834AD0,2024-09-23,Returned
AST8730D316E3,CUST100002247,Set-Top Box,Samsung,0734F2FE199F42EE,2018-12-15,Active
ASTC8041F5C79,CUST100035599,Router,Apple,6206E94C316B4E58,2023-09-02,Returned
ASTB86FC37A09,CUST100089551,Handset,Samsung,3CA00746AEBA4119,2018-01-11,Returned
AST1F6E0B2AAD,CUST100015263,Modem,Huawei,CC0106E79CDB4471,2025-11-23,Active
AST80C585AC26,CUST100078766,Router,Cisco,DC520020335749D3,2023-08-06,Active
ASTE09C4A3BAA,CUST100061488,Router,Arris,0DA49096E0194E63,2019-09-12,Active
AST15FC6D4B1D,CUST100082636,Set-Top Box,Huawei,F80BA9C54DB04917,2016-03-25,Active
AST960D376879,CUST100080304,Handset,Nokia,95B28888FF6043A0,2019-11-16,Active
ASTBA4243C3FB,CUST100051795,Handset,Arris,A147127BE78C451B,2016-02-21,Active
ASTE7C685D3FE,CUST100046485,Modem,Nokia,259C55B299384E96,2023-12-05,Active
AST9A8CE3820D,CUST100027848,Router,Nokia,B7D19589E343492E,2025-12-22,Active
ASTE533AA4AE4,CUST100084250,Handset,Google,7E46B7E15D1B4533,2024-12-24,Returned
AST5A0365E82E,CUST100061484,Smartwatch,Apple,7A447A9335BD4DBB,2016-08-27,Returned
AST769A9E47CA,CUST100027216,Modem,Huawei,BA37EC4D49214A6A,2023-08-31,Active
AST4592C5BB88,CUST100026626,Handset,Cisco,72E33D517CF241C7,2017-12-09,Active
AST8F2F9A0BC2,CUST100090087,Handset,Arris,CEB1A53A305D400F,2017-04-06,Active
AST8007170599,CUST100026954,Router,Nokia,826A107DE69145B4,2018-08-12,Active
AST8482B7D197,CUST100009596,Handset,Apple,F53DE653673A42C5,2018-05-13,Active
AST0F34706B7B,CUST100093580,Handset,Arris,3DF1007D23FD44A7,2019-01-20,Active
AST9D750D4EA9,CUST100093893,Router,Cisco,6C6ADD55373A4BE6,2022-10-01,Active
AST22E6CED8B2,CUST100086069,Modem,Google,62CB1316138E42C4,2018-09-17,Active
AST0EEDC97E57,CUST100075624,Handset,Cisco,F927A46358E54277,2024-02-29,Active
AST69CDAD1491,CUST100083381,Handset,Google,7A3E7782C4114616,2020-11-10,Active
AST136E60AD75,CUST100007744,Set-Top Box,Arris,D1F10085479D43F6,2018-03-27,Active
AST1E5465D0B6,CUST100061909,Set-Top Box,Arris,C88883A908F9494B,2023-01-29,Active
ASTC9B104F028,CUST100056779,Router,Samsung,19A5E62264284388,2020-02-27,Active
ASTA6EB589F6E,CUST100055178,Handset,Cisco,6AE95EEA2173418F,2022-01-13,Active
ASTF12AD99AF7,CUST100039892,Modem,Huawei,BC0356F871014F5B,2018-09-08,Active
ASTB69B90C22A,CUST100082096,Handset,Google,5643B258FDB841BD,2022-10-03,Active
ASTB966ED0D84,CUST100015911,Handset,Samsung,772CFB2C5D934605,2020-04-14,Faulty
AST1F4374179B,CUST100049428,Router,Apple,94C63F4AAB5E43B8,2026-06-20,Returned
ASTF8FC1401E1,CUST100001429,Handset,Arris,2D2AD09F4E1746CD,2023-06-03,Active
AST7F765C7765,CUST100005524,Router,Nokia,3A0FA32978924EE9,2022-01-22,Active
AST517D4F361C,CUST100000755,Handset,Huawei,110A71415C8440DA,2025-05-24,Active
AST6767868C19,CUST100090248,Set-Top Box,Cisco,FB40B362456A40C7,2019-08-12,Returned
AST170DEC8228,CUST100077830,Handset,Cisco,179E152DBB674D8B,2017-10-18,Active
AST3FBE35C57D,CUST100045543,Handset,Google,E98B5D40B0F74E4D,2018-01-07,Active
AST27C482478D,CUST100013741,Handset,Samsung,C643BBDC15C44AFB,2018-03-24,Active
ASTB90D6C449A,CUST100091468,Handset,Huawei,C2AE8C5371364337,2020-04-11,Active
ASTB1A40FCF72,CUST100096095,Home Security Hub,Google,0627697021984AA4,2018-10-26,Decommissioned
AST6E750A1790,CUST100069262,Handset,Apple,065178C7121D44CD,2018-02-01,Active
ASTE58FB0DE61,CUST100039729,Router,Arris,89968BF2D50146F1,2019-12-07,Active
AST8F8560C887,CUST100009364,Handset,Cisco,6356B8BE3E2347C0,2019-05-21,Active
AST2CCC4A68E1,CUST100005615,Handset,Google,1D623E47E29E412E,2017-11-15,Active
ASTB170B60940,CUST100083853,Modem,Google,5B5C4541EA3846FE,2023-11-25,Active
ASTC83CBAACB0,CUST100048486,Handset,Samsung,7CA6438F20E14CB9,2016-05-16,Returned
ASTE1AD2CED78,CUST100017795,Router,Nokia,00BB02953D3840F2,2020-12-12,Active
ASTDFFC6C2D40,CUST100005079,Handset,Samsung,1558B2B8566D4BC0,2024-07-12,Faulty
AST8EB7493795,CUST100017613,Set-Top Box,Google,B1EFC0DDD2974428,2024-04-10,Active
AST5402B95786,CUST100007886,Handset,Google,FEE5B18F8F504DE5,2017-05-08,Active
AST55C48B33E1,CUST100055714,Modem,Samsung,68AD4F00398249B4,2018-06-04,Active
ASTF54B6D3EC6,CUST100049791,Router,Arris,9DA1C3D68D784B4F,2026-05-25,Active
AST86F1DD30AD,CUST100057111,Set-Top Box,Huawei,DCB48A9A47DE445C,2021-08-02,Active
ASTABEAF1DD90,CUST100018476,Handset,Nokia,FDBF16D29D504B4E,2019-07-27,Active
ASTCD45B9D058,CUST100055760,Set-Top Box,Google,4677BF764CC74F1A,2016-02-05,Active
ASTBFD2B13DB4,CUST100068090,Handset,Apple,6F2E1D82A7D4441A,2022-06-25,Active
AST7AC9B2AFD9,CUST100087251,Handset,Huawei,46520CAC8FE94E65,2017-06-05,Active
ASTA8B10EB38E,CUST100061375,Handset,Apple,1B0323FE02AF455C,2019-09-26,Active
ASTA15D4099D2,CUST100036578,Modem,Nokia,EEDBCA7E76AE4263,2024-06-05,Active
ASTB48088223B,CUST100078651,Smartwatch,Samsung,F14A039090DE4BB2,2025-05-25,Active
AST1A4C3A6871,CUST100019531,Handset,Cisco,1377C715FC3E46D0,2017-01-09,Active
AST7DE4E2C16D,CUST100068403,Router,Samsung,96E07B6E35F840AF,2018-03-25,Active
AST23D3EE5D31,CUST100007389,Router,Huawei,5A449016FF644F62,2021-12-29,Active
ASTFCDD99556F,CUST100046799,Handset,Arris,4AD011EAE80C490F,2026-03-13,Active
AST716C768D80,CUST100051323,Handset,Samsung,C7365BE1F8D64246,2016-10-06,Active
ASTCD3B704BB5,CUST100055950,Handset,Samsung,F797DFCD66A145E8,2017-12-01,Active
ASTD6B19D10BC,CUST100029858,Home Security Hub,Nokia,6D0D3D80E3134E52,2020-07-30,Faulty
ASTBCF2BE0BBC,CUST100099373,Handset,Google,00EF38BC569146A1,2016-12-06,Active
AST9F2EA9AF42,CUST100052637,Set-Top Box,Samsung,7397EB91A1644397,2026-05-26,Active
ASTB0AD682188,CUST100084070,Set-Top Box,Samsung,C6870CAE1EB947A8,2019-11-29,Active
AST291F7BAFD2,CUST100023204,Router,Google,A9B39B934CDF4505,2019-05-26,Decommissioned
AST88F45DD184,CUST100045872,Handset,Cisco,671447CC78654DDF,2018-08-27,Active
ASTD0626B1D89,CUST100019038,Handset,Samsung,4835BB35CD814247,2025-07-07,Active
ASTFBD8F93CAA,CUST100082430,Handset,Samsung,001A86BF60DE47B8,2025-09-09,Active
ASTE29087A4C4,CUST100032662,Modem,Samsung,069E78DA999346BB,2023-01-03,Active
AST58CFE1A0D7,CUST100061552,Handset,Google,9450F0E2F2894E41,2020-08-02,Active
AST46130DF7EF,CUST100032156,Router,Nokia,04A890782FC74B7B,2020-03-15,Active
ASTE740237FA8,CUST100015363,Modem,Apple,D013DAB4C52741FE,2020-03-15,Active
ASTFF1F7C38EB,CUST100041344,Router,Apple,E751D161570C4055,2026-05-11,Faulty
AST3FD705FC98,CUST100019003,Handset,Nokia,45C29FDC19C74A49,2017-06-04,Active
AST3452687D0F,CUST100058300,Handset,Huawei,1A8C98296D994B6F,2021-10-02,Active
AST6A5DEF6BDF,CUST100050144,Router,Apple,63315DBFFB05424C,2022-10-07,Active
ASTDC0ED25D94,CUST100076086,Router,Google,6AE71EBD778D4FF1,2019-06-05,Active
AST2267F58BCE,CUST100020686,Handset,Samsung,085E865E869A430F,2019-08-03,Active
AST0C8C70984E,CUST100030059,Modem,Apple,D1504352F1BB4BA5,2020-01-29,Active
AST8B2E9DBA4F,CUST100092696,Handset,Cisco,83555F1D5E0B4EEE,2020-04-14,Active
AST1E6F4040B1,CUST100038584,Handset,Arris,333EEFCAB9BF4D7B,2025-06-27,Decommissioned
AST1F76242113,CUST100056702,Set-Top Box,Samsung,4830DF95B97C4187,2024-09-12,Active
AST5D5D7823E3,CUST100069317,Handset,Samsung,C686715940E940B8,2016-07-11,Returned
ASTCAEED80C97,CUST100070134,Handset,Apple,0DCFC2B3E89B423E,2016-11-27,Decommissioned
AST0A8148F90A,CUST100061570,Modem,Nokia,72BD2443F64D4659,2025-09-20,Active
AST61F3D1B932,CUST100070880,Modem,Huawei,9C01BE94A28C444D,2019-04-28,Faulty
AST166E682653,CUST100044286,Router,Arris,ECEAB42DF66C4F49,2024-09-19,Faulty
AST6D431ECE87,CUST100033542,Modem,Nokia,F7B7E5A0356541C7,2018-06-06,Active
AST9C3D771DBE,CUST100049974,Set-Top Box,Samsung,39CDA212359A407A,2023-08-12,Faulty
AST58CF6DD3AE,CUST100069514,Router,Cisco,318427B6A6294F39,2026-06-19,Active
AST5CC7A6DF07,CUST100090428,Router,Arris,2676F8E805314F93,2025-09-11,Active
ASTD3C83D8A3B,CUST100095993,Router,Huawei,B11FBDFC2D4D4C1F,2025-02-14,Decommissioned
ASTA8AFA256B2,CUST100076146,Router,Nokia,2843EB7984984F29,2021-03-31,Active
ASTF6978E98D2,CUST100085730,Handset,Arris,0E89C2AB58F04804,2020-11-23,Active
AST09344A223D,CUST100025243,Router,Google,B1A2E9F11ADF489D,2024-10-28,Active
ASTCE8BA5423F,CUST100041189,Router,Nokia,EA11C6AD0D1245AB,2016-04-23,Active
ASTBD8EACF8CE,CUST100066813,Handset,Google,4671C10367D84E5A,2020-04-12,Active
ASTA9BE90BFB3,CUST100099082,Handset,Apple,BEAA4A8EB6F74014,2019-03-16,Active
AST9BEB29DB0B,CUST100047534,Set-Top Box,Arris,CB24245EFA634F0C,2025-09-22,Active
AST3665267F7E,CUST100069407,Set-Top Box,Cisco,B7A3767B6F724981,2020-11-30,Active
AST914B7B866D,CUST100065930,Handset,Arris,EF38BCDF82B94B83,2017-02-08,Faulty
AST902AD5FD8B,CUST100074631,Set-Top Box,Nokia,622FD3D3CE9347ED,2017-01-30,Active
ASTD2FB24E2C5,CUST100050898,Set-Top Box,Cisco,F59C9B1CAD794E67,2016-09-24,Active
AST2F79A71021,CUST100015895,Router,Nokia,831F79B65DEA4B9E,2023-01-15,Active
AST28DE30D07E,CUST100040114,Handset,Nokia,02D7FE492B1C4F8E,2018-03-11,Active
AST57019467AB,CUST100057979,Handset,Arris,975D78DF7FD744C0,2021-04-20,Returned
AST64A6B5C2C3,CUST100098188,Modem,Huawei,403E4F972836471A,2016-03-11,Active
AST3E8997D32D,CUST100020939,Handset,Nokia,2C1244DCF5C84597,2019-11-07,Faulty
ASTF7D5F76C81,CUST100002933,Handset,Google,6ABD89EEA9A54DA5,2018-02-05,Active
AST37F6EA2F66,CUST100006320,Router,Nokia,25DAF27FFDCF4991,2021-05-25,Active
ASTC001EF2E87,CUST100021739,Home Security Hub,Apple,C2D0C6E7836C43CD,2024-10-08,Active
AST4BECE69477,CUST100082290,Set-Top Box,Apple,EE0547142A6E4EBB,2018-05-30,Active
ASTCB8F816943,CUST100031333,Handset,Huawei,11CBF5565D8B4B4D,2021-06-29,Active
ASTF764EC67FF,CUST100090228,Router,Arris,235838A88789497C,2024-07-10,Active
ASTA5F1D984D6,CUST100018251,Modem,Arris,2E81D4774EB34892,2026-04-24,Returned
AST37CD7D0E2A,CUST100040835,Modem,Google,5B72A4F0BAC4442D,2018-08-06,Active
AST201E419326,CUST100061472,Handset,Google,07FD9AF879D64AA8,2019-10-06,Active
AST6685142970,CUST100099198,Home Security Hub,Nokia,A21F6D670A3B4E0D,2020-09-24,Active
AST29B2E7BCFC,CUST100036141,Smartwatch,Huawei,0D809048D2DE4200,2025-06-14,Active
AST6308FA4D09,CUST100084636,Modem,Cisco,B81C5ADEAC2647A2,2026-02-05,Active
ASTD59891097A,CUST100071441,Modem,Cisco,48BFB8235D1C4F8D,2023-07-08,Active
ASTD871BA8C1D,CUST100008004,Set-Top Box,Nokia,837C3780C16447DE,2021-02-27,Active
AST1E67CB68AA,CUST100068160,Router,Huawei,4F7B622677C047DF,2017-10-19,Active
AST2BAD1C3C75,CUST100082252,Smartwatch,Apple,C52A1B89B55141A4,2016-08-27,Active
ASTBF5D59EF49,CUST100066376,Handset,Huawei,3D479C4207E64A7A,2020-10-17,Returned
AST23CD495CD0,CUST100052920,Router,Apple,D74BEF5028DA4744,2016-06-14,Active
AST131E684D61,CUST100022491,Smartwatch,Nokia,3CF5AA6E0D6C43F4,2016-11-12,Active
AST5A5C721012,CUST100076291,Handset,Nokia,42B9DB49FBF94EFF,2022-05-24,Active
ASTB9E99B04F5,CUST100086431,Handset,Apple,A3AEB198FB624160,2024-11-23,Active
AST04C55F5FD0,CUST100012493,Router,Arris,10359082A8FF497D,2025-04-24,Active
ASTE74D4C0038,CUST100018660,Modem,Google,F324597FF88D4988,2024-02-06,Active
AST557F9E427B,CUST100064347,Router,Apple,21ADBBA16FC34982,2021-04-25,Active
AST4E0AA2BC54,CUST100003781,Router,Huawei,F9FD0F2A457F40BD,2024-08-13,Active
ASTC296A03DB7,CUST100084304,Handset,Apple,E1978E17006B4567,2022-01-07,Active
AST334A61BF63,CUST100034698,Handset,Arris,0A134DF866AE4C93,2019-06-28,Active
AST6E05D93B25,CUST100065521,Router,Huawei,A1F7B0B1E0AC4B63,2020-05-03,Active
AST8ED6ADF782,CUST100023937,Handset,Apple,74E348DD32B7464B,2018-11-11,Active
AST9A6468CF0E,CUST100007636,Modem,Arris,ACD12306344F4E14,2021-01-22,Returned
AST32DEE4F16F,CUST100014217,Handset,Nokia,F3DF66C0A47746B4,2024-05-02,Active
AST326BFD97E9,CUST100060163,Set-Top Box,Huawei,8D157E0F2C794460,2025-09-17,Active
AST069B9E7732,CUST100034486,Router,Arris,24B6B55AF48D4CE1,2017-04-04,Active
AST3783FE39D6,CUST100026298,Handset,Huawei,CB840BBB904F4141,2020-10-03,Active
AST5B1F7AE568,CUST100020086,Handset,Google,504DE329A8154F00,2022-07-04,Active
AST54B79F6222,CUST100090341,Handset,Samsung,155E9B0FB30C49AC,2019-02-01,Active
ASTFB0A498684,CUST100004060,Home Security Hub,Nokia,B7DE15F01C3840F6,2019-10-14,Returned
ASTF19CB9042B,CUST100003801,Router,Huawei,33083660E45B4B47,2024-11-25,Active
AST3482FC5291,CUST100090380,Router,Apple,96C462E6D2624513,2026-03-15,Active
ASTC5B3A52A47,CUST100099248,Set-Top Box,Apple,31B4D515FE124239,2020-07-03,Active
ASTBD421115C5,CUST100047379,Router,Samsung,A4C060D7788C4199,2017-06-10,Active
AST348BB43C83,CUST100036703,Router,Arris,8C0684D22A6A412E,2022-06-01,Active
AST7B83FFD4C6,CUST100061468,Modem,Google,9642D837B5AB4FA7,2026-04-09,Returned
AST7D530E03CA,CUST100054298,Handset,Huawei,3372005DDEEC450C,2024-05-31,Faulty
AST2E8D25AAB7,CUST100085759,Modem,Samsung,A2BD6F9E8F654D40,2021-01-03,Active
AST11554B4A48,CUST100035941,Modem,Samsung,B129F4FB4B744E8D,2024-12-05,Active
AST29CF0CE18F,CUST100044381,Modem,Arris,0E535D73216D410B,2024-03-15,Active
ASTA9CB4A7A3A,CUST100052326,Router,Apple,B6B61317CEA8479D,2018-05-08,Active
ASTE0071A0DEF,CUST100020743,Handset,Huawei,63C3FC3252E740D5,2020-08-15,Active
ASTFA6BBE2956,CUST100020764,Smartwatch,Cisco,C837F4BECD1340BC,2026-01-14,Active
ASTF5EDC38669,CUST100043886,Set-Top Box,Nokia,2D78B0079BA64E53,2022-04-20,Active
AST5C181EEF46,CUST100050870,Modem,Google,360930E4535B4DE0,2017-12-11,Active
AST8CD330DCEA,CUST100036234,Handset,Samsung,93C52711C5214071,2018-07-31,Active
ASTE5E9BD1A80,CUST100038745,Smartwatch,Arris,51964A7C4BD94331,2021-07-21,Active
AST0089B41EB1,CUST100016441,Smartwatch,Apple,2D21903B98874437,2018-07-07,Returned
AST2FB2144EBA,CUST100094731,Handset,Apple,18F99178E6F7405C,2021-08-15,Active
AST9A2E0C92C6,CUST100043505,Router,Samsung,7691DD34E7F0440C,2019-03-25,Active
ASTC630BB3998,CUST100008557,Modem,Apple,62AE1CB84379443E,2020-12-05,Active
ASTA61EFF9F8C,CUST100074792,Handset,Cisco,CA8764B51C6A4C85,2018-01-25,Decommissioned
AST3CC2F3A921,CUST100015873,Modem,Google,79FBFD83CC6B4FA3,2022-08-06,Active
AST68D4AD7FA6,CUST100061789,Handset,Cisco,3C32DAD4CDEB4685,2022-07-19,Active
AST5FD108B54E,CUST100008926,Handset,Samsung,4644A9FED12449E0,2023-07-10,Active
AST2485316AAF,CUST100059273,Handset,Cisco,DD2245C85EED402A,2018-07-18,Active
ASTB16397BA28,CUST100071118,Handset,Huawei,B1B83BBCB7314AF1,2025-05-10,Active
AST745D0819CA,CUST100091968,Modem,Cisco,C5DD52A6C626443B,2019-09-21,Returned
AST10C57EA14E,CUST100028259,Router,Google,EAE096C24CF64D76,2024-10-20,Faulty
AST460D127EE4,CUST100096409,Modem,Nokia,85FCC18F087641ED,2018-07-26,Returned
AST3EFCD1B941,CUST100061293,Handset,Apple,25F1B480AE444AC6,2019-03-09,Active
AST36AF4E7DBC,CUST100033565,Modem,Samsung,089528A1A35142E0,2022-08-10,Decommissioned
ASTCF3D46F8C1,CUST100089125,Set-Top Box,Samsung,5C652B12D7D2432C,2020-06-23,Active
ASTDBEE5504F2,CUST100007137,Handset,Arris,56B92683C2BD45BA,2019-04-28,Active
AST199342F1DF,CUST100060695,Modem,Samsung,AFA5D94288BA43DB,2016-10-07,Active
AST1A3091C61C,CUST100058065,Router,Cisco,CEBC68F441734F70,2017-02-25,Active
ASTF6152FAC37,CUST100075905,Handset,Google,22D3B71F090348AE,2022-12-06,Returned
ASTA25764C833,CUST100068333,Home Security Hub,Apple,004F94D4C1164947,2026-05-02,Active
ASTF094E2FAB6,CUST100017652,Modem,Huawei,A9128F6E1E364026,2022-08-29,Active
AST865AC39BFB,CUST100098068,Handset,Nokia,081FCB91BC584F5A,2026-05-01,Active
AST007BAA2740,CUST100026548,Modem,Google,89CDF4F8945A4F67,2019-08-04,Active
ASTFE19097CA7,CUST100066081,Handset,Samsung,A1465B5EEBD5484F,2018-09-11,Active
AST2A6C826F23,CUST100054569,Handset,Nokia,1AEF0075874B4776,2019-04-23,Active
ASTB9DBCDE048,CUST100098610,Modem,Samsung,76F6CD5FEDBB4113,2021-10-02,Active
AST722C271A03,CUST100073095,Handset,Nokia,4CBB7355FF6F4C3A,2020-02-21,Active
AST4C74BD793C,CUST100038186,Handset,Apple,8BA456F2175C488D,2017-08-07,Active
ASTA1B5B50F6A,CUST100027716,Modem,Arris,ECB4C8B401C8494D,2023-03-18,Active
ASTD376746A3D,CUST100087659,Router,Nokia,E8081C089686454F,2026-05-13,Active
AST790557D4AA,CUST100059319,Handset,Samsung,584894A479A54108,2017-09-29,Active
ASTBA20B84FA2,CUST100065012,Handset,Google,E6B841051B524201,2018-07-29,Active
AST36835048A0,CUST100088730,Handset,Apple,7D16B6E0E4974500,2017-01-26,Active
AST7A788E1353,CUST100098476,Set-Top Box,Huawei,513B4FFA5E094D5F,2026-03-01,Active
ASTFF1AACC077,CUST100020634,Router,Huawei,9FADD7BB45484DF5,2021-04-20,Active
AST4EF1D19B0C,CUST100065039,Smartwatch,Nokia,71555672B7A64FB8,2022-03-24,Active
AST397E08CA83,CUST100044585,Modem,Google,5655B46F61694571,2020-12-03,Returned
AST06BCD3C3EE,CUST100055897,Handset,Samsung,D778957B9EAD4FAB,2016-06-01,Active
AST2F322418ED,CUST100053926,Handset,Nokia,4648239D94344964,2019-01-02,Faulty
AST6D0DE09653,CUST100096085,Set-Top Box,Google,8D0B5E3DD1654743,2018-03-08,Active
AST82AB88FAA8,CUST100044571,Smartwatch,Huawei,64120673AD144FA5,2024-05-21,Active
AST379EF36B42,CUST100065504,Handset,Arris,2E5644F01FCB4A5A,2025-06-08,Active
ASTEC71F62D22,CUST100011986,Set-Top Box,Arris,158B2E2095EC420A,2025-12-31,Active
AST17A200D659,CUST100086873,Handset,Google,301D2B93EFC0403E,2016-03-09,Active
AST0EE9963C29,CUST100068589,Handset,Cisco,840A0AC2DC374C95,2024-02-29,Active
AST9F8515F0AD,CUST100013703,Router,Arris,CDE99ECA746542A2,2016-02-12,Active
AST0E230CE63B,CUST100066346,Handset,Cisco,F7194DB176DF4943,2021-08-16,Active
ASTD29F940B8F,CUST100019066,Router,Apple,DA6ED56855574FFE,2025-12-28,Active
AST15F875C2CC,CUST100042154,Handset,Huawei,524DB41E04584F08,2018-02-06,Active
AST786B009A3A,CUST100068914,Handset,Nokia,5ADE0195EDF5482E,2016-01-01,Active
AST86A42E2A9C,CUST100065605,Home Security Hub,Huawei,0A19B4A806AF45E5,2023-02-06,Active
AST3E6A24BBED,CUST100013544,Router,Samsung,B93BD775038A42A3,2017-07-27,Active
AST7F600C4AE4,CUST100097693,Set-Top Box,Cisco,3DADEE28FE944CDC,2016-02-28,Active
AST7895F7A581,CUST100094906,Handset,Samsung,F8BEA7C138A64F2F,2023-11-08,Returned
ASTFBD34752C5,CUST100083057,Handset,Huawei,6F9260826A9F4770,2022-02-03,Active
AST8E38F1F79F,CUST100043921,Handset,Samsung,20E844F4669449EE,2018-11-17,Active
AST822B7AF7BF,CUST100040468,Set-Top Box,Cisco,B994EBC6FC454EE2,2017-02-12,Active
AST98D0238101,CUST100043255,Modem,Google,8A637E5F84FC482E,2019-07-23,Faulty
ASTDC6917E74B,CUST100085851,Smartwatch,Arris,67C2E4D78E624F42,2020-11-23,Active
AST130153E9EB,CUST100055834,Handset,Google,3FE5F77DC6054DFC,2025-03-01,Active
AST561603E526,CUST100067196,Router,Cisco,10AB05B543A74AA4,2016-08-27,Active
AST448199E776,CUST100041282,Set-Top Box,Google,A85D4598FC184A86,2021-07-30,Returned
ASTA00F33661A,CUST100021370,Handset,Google,7A5683C4B136423B,2016-10-05,Active
AST3EA38BE5BC,CUST100093131,Router,Huawei,E9CB536922D6410C,2026-04-28,Active
ASTAF6F13666C,CUST100053220,Smartwatch,Google,3AF5C54A54A5428A,2025-05-29,Active
AST3D662DF9A7,CUST100021253,Handset,Cisco,111B61486E764F73,2017-12-08,Faulty
AST446856FB06,CUST100030251,Handset,Apple,87822C5870844D8A,2019-01-14,Active
AST00C85C8533,CUST100000656,Set-Top Box,Cisco,2BDCC94EF9854149,2021-03-15,Active
ASTB7637082AC,CUST100055572,Handset,Huawei,2CE45E31E0D74B8C,2018-11-03,Active
AST507467FB5A,CUST100046352,Handset,Arris,2041AD0C3A7C4C4C,2018-04-22,Active
AST97993BD6BE,CUST100009507,Router,Samsung,AF2281CC8D54445B,2023-10-24,Faulty
ASTED484A5ACF,CUST100058243,Smartwatch,Google,8922779AD8E44122,2025-09-19,Active
AST808D3CC2B3,CUST100047484,Handset,Samsung,07107CE0B4B74EC1,2021-05-14,Active
ASTE7435370D4,CUST100084023,Smartwatch,Huawei,ECA8A3C9567549FF,2021-12-05,Active
AST6B277A2E70,CUST100072016,Smartwatch,Nokia,E391E8B9B671458E,2018-08-06,Active
AST780EBD1EED,CUST100062635,Handset,Apple,43FB410E5A6F40AB,2017-02-25,Returned
ASTBD964FEB12,CUST100051522,Handset,Samsung,A9CF964595524869,2017-11-05,Active
ASTB25B559298,CUST100012647,Set-Top Box,Nokia,704B2A9036F34F7F,2023-11-16,Active
AST96E905A33C,CUST100071674,Handset,Apple,07C2FEEA2FE84749,2022-05-26,Active
ASTF53C8076F5,CUST100003316,Smartwatch,Apple,54727DCFC8524070,2022-06-16,Active
ASTC2EF38F3F4,CUST100011008,Router,Arris,4378DCD8DE98416E,2021-09-08,Active
AST83CB0DCCA4,CUST100023493,Modem,Apple,DCCB2001168A417E,2022-08-15,Active
AST0EC9AA94D4,CUST100087939,Handset,Arris,D0F40B88890F411A,2023-02-03,Faulty
ASTD2F59C2C39,CUST100068765,Modem,Cisco,F10A807842EB4E46,2020-04-16,Decommissioned
AST51865550AB,CUST100020679,Handset,Nokia,14E051D1C8844303,2020-07-01,Active
ASTE3A80C08CD,CUST100000880,Set-Top Box,Cisco,244E0B84ADA0411A,2026-02-16,Active
ASTECCA7DB587,CUST100015530,Modem,Samsung,20D1D9B501E24004,2026-05-18,Returned
AST8FD80FA83A,CUST100062945,Smartwatch,Nokia,212E44E247C441B6,2018-03-25,Active
AST5D56329143,CUST100095321,Handset,Google,8B79475C6D264E7F,2024-05-08,Active
AST56CAB43FA0,CUST100066693,Set-Top Box,Cisco,89BE92C020C64548,2025-08-13,Returned
AST181C7F3DEB,CUST100059512,Handset,Arris,01555C75D6284DBA,2017-11-23,Decommissioned
ASTFE06D0DBF4,CUST100064370,Handset,Arris,05C48078BA524AF9,2022-03-08,Faulty
AST56317E43B2,CUST100091874,Router,Cisco,30DF7D8C22A445DF,2016-11-23,Active
AST143BF45896,CUST100059036,Set-Top Box,Apple,607CD713FD1F40EC,2016-11-24,Faulty
ASTED896749C6,CUST100018742,Handset,Nokia,9437D7FA038F4DB7,2024-07-16,Active
ASTC1AC4F3F45,CUST100077535,Handset,Cisco,244E45767DD74D8A,2021-01-11,Active
ASTFCDDF51B7B,CUST100059445,Handset,Huawei,6D473AA240D4475C,2016-04-08,Active
ASTE6DD8EB019,CUST100099624,Set-Top Box,Cisco,244C6379759E49CB,2018-11-04,Active
ASTE2EF732460,CUST100028702,Handset,Google,764DF0507F8E44C2,2018-02-10,Active
AST17242EEFAD,CUST100030172,Handset,Apple,D933E8B93B354E11,2020-10-03,Active
AST3424BCABD1,CUST100011459,Smartwatch,Google,D1517585AE6A4964,2016-04-04,Active
AST1182513C8B,CUST100074504,Handset,Huawei,9D5B69C3541A4262,2016-12-10,Active
ASTEC0FD66D02,CUST100077731,Handset,Apple,37516181E8CA4098,2016-04-17,Active
ASTFFA079506D,CUST100053409,Handset,Cisco,6E7A4BEF4FE74A35,2023-08-10,Returned
AST4B06014234,CUST100048500,Handset,Huawei,410B8129C65540DF,2021-09-28,Active
ASTB6F3AADFBE,CUST100073961,Modem,Arris,108B3FB001AB4FC5,2022-04-17,Returned
AST0716782A3B,CUST100031372,Router,Google,C1D191CC64AE49B4,2025-11-02,Active
AST01C2555741,CUST100071379,Modem,Nokia,8CBD54A01015491A,2023-02-17,Active
AST6D83C9D522,CUST100084913,Set-Top Box,Huawei,D2C328FC396E4286,2018-02-01,Active
ASTFEFAF24A28,CUST100083826,Smartwatch,Apple,F7B4395F82254CDF,2022-02-09,Active
ASTCA2D2C960B,CUST100033239,Handset,Cisco,54030C7AFEE645BC,2020-02-04,Active
ASTCB9A81F2DF,CUST100099640,Set-Top Box,Google,359E9E983A054E06,2025-09-09,Active
ASTB64FF04C13,CUST100016000,Handset,Samsung,FEFBD513A96F41E3,2020-12-01,Active
AST8A511A8FF2,CUST100076235,Set-Top Box,Apple,DBC09AEB863B4FEB,2026-06-18,Active
ASTE8D31D432F,CUST100004650,Router,Apple,3D85BD9EB3F44F8C,2018-12-31,Active
AST1000D550FC,CUST100028385,Handset,Apple,7044D1333DE243C6,2025-05-19,Active
AST7FFD037012,CUST100015001,Set-Top Box,Arris,4469E313A2BE43DC,2021-08-07,Active
AST85E238A0C7,CUST100045187,Home Security Hub,Samsung,6DD23FBCFBDC49B8,2025-09-11,Active
ASTABDF5731BD,CUST100020291,Router,Google,03F60FDA13144560,2017-10-08,Active
ASTA6AD0B0784,CUST100083148,Modem,Arris,88C00FADD4274F88,2020-01-18,Faulty
AST3DF54C09EF,CUST100071758,Router,Cisco,2E2B469B36654391,2020-01-10,Active
AST1DE049A736,CUST100057034,Set-Top Box,Huawei,062FFF0DDF46424E,2022-08-06,Active
AST727E0281A2,CUST100084197,Smartwatch,Google,37888C5F562C4B3F,2018-03-22,Active
AST7F0DDA2403,CUST100071890,Smartwatch,Arris,B4D37A4E22314702,2024-03-14,Active
ASTB1FC842C77,CUST100086028,Set-Top Box,Apple,9D1EBCC9733343BB,2016-02-01,Active
AST3AE846B57D,CUST100058005,Handset,Huawei,3D7DB058272A40A2,2023-04-05,Active
AST00275F310B,CUST100091593,Handset,Huawei,98353B0AEBE94A44,2016-04-14,Active
AST100742D01C,CUST100000953,Handset,Samsung,848674778ACF4666,2019-04-27,Active
ASTE1A65CC5BC,CUST100032665,Router,Apple,62939CA5FE7140D3,2018-02-21,Active
ASTA8AC6B08F0,CUST100033945,Router,Apple,C9464D02CD714BEA,2016-05-31,Active
AST428D5CA005,CUST100030691,Handset,Arris,C98A085F34C541B3,2020-02-17,Returned
ASTC5B8279090,CUST100082608,Handset,Nokia,5E1DE2DD9109490A,2023-05-17,Active
AST6723040A57,CUST100057942,Handset,Nokia,BD6E518DAC824B0B,2017-08-09,Faulty
AST9566443873,CUST100053540,Handset,Apple,E1753E0A1AE247FA,2022-08-14,Active
AST2C73F9B290,CUST100049283,Set-Top Box,Nokia,05CBFE0E0CC64565,2020-11-02,Active
ASTBD37E1D500,CUST100023510,Router,Apple,81EB4482429744A7,2016-10-12,Active
AST52E58829B0,CUST100005180,Handset,Apple,2BA5677818E5406B,2020-03-30,Faulty
ASTF1A2460D4B,CUST100056262,Handset,Cisco,0EAEC2A3E87E4C3E,2022-04-14,Active
AST179A09DDA7,CUST100050276,Modem,Nokia,C1D89B90B01A45DA,2018-01-23,Active
ASTAA93933C5D,CUST100003511,Router,Arris,7B99C2EE97884D42,2018-03-21,Active
ASTAAFFB155F7,CUST100022715,Set-Top Box,Google,5D0E812211CB48D5,2021-05-15,Active
AST247C916AD4,CUST100015418,Home Security Hub,Cisco,851C976BC95640D4,2018-03-24,Active
AST7FE6978083,CUST100058710,Router,Apple,988BAB6549F44A8B,2017-11-26,Active
AST82E55E76D9,CUST100081630,Handset,Nokia,60D1C3E779CE4EE0,2016-12-22,Active
AST1089A9E2E6,CUST100063405,Router,Cisco,983B530719A043BE,2025-11-26,Active
AST06C383FE52,CUST100068654,Modem,Nokia,BB267A0BD47E454A,2016-12-09,Active
AST44FA26B762,CUST100054116,Router,Google,DEBC857ECCC64AC6,2025-02-05,Returned
ASTE3757B451A,CUST100008601,Handset,Samsung,090642A46AC44BE7,2020-07-12,Active
AST0C8F80B33F,CUST100079193,Modem,Nokia,FDD8FD831C3441CB,2020-02-14,Active
ASTA661A1A51B,CUST100017453,Set-Top Box,Google,6747A80770484F95,2024-06-18,Active
AST6971AD0B55,CUST100080909,Smartwatch,Huawei,00CF6669E9AB488F,2016-07-15,Active
AST17A9A57694,CUST100008423,Handset,Nokia,8230C2C1379E4672,2017-06-23,Active
AST906FFDFDB5,CUST100060751,Set-Top Box,Nokia,6B364A186D344168,2025-02-26,Active
AST639360D064,CUST100084107,Handset,Samsung,F96B321F30AA4959,2018-05-28,Active
ASTB2D80D2FFD,CUST100074047,Router,Cisco,00FDBB7771C24558,2022-04-04,Active
AST62CBBAC937,CUST100008104,Handset,Arris,5E86C265740A4076,2023-09-09,Active
ASTC1E9F9390F,CUST100021128,Modem,Huawei,CD56D7E67672488B,2016-11-25,Active
ASTA04C781525,CUST100069050,Modem,Huawei,87AE4237AE6D41D8,2024-01-27,Active
AST500C338A69,CUST100037131,Handset,Google,2E5B9A2F9F9443B4,2022-06-10,Faulty
ASTD91B5110A9,CUST100054608,Handset,Arris,91CD2FECF4DE4E31,2022-05-18,Returned
AST703F66DEBE,CUST100056594,Handset,Apple,E08BCDF23775468B,2020-11-02,Active
AST027E9CCF8C,CUST100013679,Handset,Apple,E2DB6BBFCA274329,2026-04-03,Active
ASTC9D94AAC7F,CUST100051043,Handset,Nokia,130F8EAC6DEA4CD3,2026-04-30,Active
ASTD97E57F7D1,CUST100067869,Handset,Huawei,FAAE841912ED4007,2021-07-15,Active
AST99C8509C39,CUST100037109,Handset,Nokia,B6DF3474E6A94875,2025-08-18,Active
AST52096D0F92,CUST100032886,Set-Top Box,Nokia,8BEDAAD62B784900,2024-09-09,Active
ASTDAAF6CEBD1,CUST100084858,Router,Google,2004F79D0B184186,2022-11-30,Active
AST0D26BE685E,CUST100035224,Set-Top Box,Nokia,6BC9001951F44FB6,2024-12-07,Active
AST969779532F,CUST100042131,Modem,Nokia,896EE0AB123F4868,2020-07-16,Active
ASTA023178B29,CUST100032346,Handset,Samsung,0E488D1B1EB4401F,2022-08-21,Active
AST73B9C71A21,CUST100047427,Set-Top Box,Google,0CCB1996B2664E08,2023-10-24,Active
ASTCA173C8CB7,CUST100009515,Router,Huawei,A9F727B540A64F69,2019-04-18,Decommissioned
AST4EFA412DA9,CUST100080866,Router,Huawei,F307B211D6934055,2021-01-16,Active
ASTCE5AF8BE30,CUST100074430,Router,Huawei,E8DE4F74BBAA4627,2025-07-26,Active
ASTDC7A86C8B3,CUST100082462,Handset,Nokia,FC9FE563317A4475,2025-12-17,Active
AST258C91E637,CUST100057180,Handset,Samsung,DB8F6D187B294DDA,2016-02-26,Active
AST94A88CE4B2,CUST100063441,Handset,Nokia,27DCC0CF8923431E,2016-06-20,Active
AST9E1207EDE8,CUST100093870,Handset,Huawei,735D942AA8EB4607,2018-08-26,Active
AST9E51271D54,CUST100005279,Set-Top Box,Cisco,478083A9C4394756,2016-12-28,Decommissioned
AST57E883EB4C,CUST100040599,Handset,Google,DF0E08CCD86F4614,2025-02-10,Active
ASTD1A08E2141,CUST100021247,Router,Google,38EE4D982324415A,2025-10-07,Active
AST31D1F24498,CUST100089389,Handset,Samsung,76F5BD40B23445BE,2024-02-27,Active
AST8A0ABCAD38,CUST100018709,Handset,Samsung,11AD28AF22144AE4,2016-11-14,Active
AST2C49FAD480,CUST100058248,Modem,Google,95AB419FE478464E,2025-12-07,Active
AST375A2E65CB,CUST100058152,Home Security Hub,Nokia,39AA03E6EE2944FD,2020-12-08,Active
AST57DDC8CCA4,CUST100055504,Handset,Huawei,E99D80B76AD74E6D,2016-02-19,Faulty
ASTB834935FAC,CUST100060036,Home Security Hub,Nokia,EDE26D5426B94E51,2025-01-07,Active
AST95CAD0C06E,CUST100015313,Handset,Apple,913AE2D49A9343F0,2023-02-28,Decommissioned
ASTF831B63330,CUST100061073,Handset,Samsung,F8BA8137F78844DA,2022-06-03,Active
ASTD184557D09,CUST100022495,Handset,Samsung,6DF048C767E94C7B,2018-05-01,Active
AST1803AE0465,CUST100099822,Home Security Hub,Huawei,08E4ECF70907413C,2024-06-03,Active
AST8B6AE034BD,CUST100076566,Handset,Nokia,3807968E5ECA4513,2019-01-05,Active
ASTAE8256510F,CUST100071393,Handset,Nokia,8AEA261C830D4F4D,2021-11-12,Faulty
ASTEECEC1A751,CUST100044946,Set-Top Box,Huawei,D4EB2B367ACA45F5,2025-10-07,Active
AST1B474568A7,CUST100017287,Router,Samsung,7947D6AEA5254A04,2017-08-07,Active
ASTC2635C2619,CUST100016655,Router,Arris,920FF914B14C4C36,2021-12-06,Active
ASTE933D45C0A,CUST100033289,Router,Nokia,0A938BB9FC854628,2018-01-02,Active
AST1619D3F034,CUST100067674,Router,Cisco,7D6FB25CC3AC4854,2023-02-12,Faulty
AST22A9319862,CUST100038911,Router,Samsung,CC3019A11C45481E,2021-04-02,Active
ASTA5ABEEA2C0,CUST100045049,Router,Arris,976F9DB32D24436B,2026-01-09,Active
ASTFD2F66849F,CUST100092191,Handset,Cisco,B219179322854BAF,2018-10-23,Faulty
ASTEDFDF02ACB,CUST100061107,Router,Samsung,EB39BC08D5894CD8,2022-09-07,Active
ASTC616B38730,CUST100087556,Modem,Huawei,09F9EB37A61B46F6,2021-08-30,Active
AST33883B3EAB,CUST100048129,Modem,Nokia,A5DEC3A05B554803,2024-04-06,Active
AST9AF20D2C36,CUST100003605,Handset,Google,AF09CBDE45C942A8,2017-07-16,Active
AST7C65B6569E,CUST100060458,Modem,Apple,84E68A23B7C345BF,2016-03-29,Active
ASTDF2DF6D694,CUST100092573,Smartwatch,Samsung,0151DAE69B0A48A6,2023-01-31,Active
AST04A108803C,CUST100077637,Router,Samsung,D3D13770664F4F01,2021-11-11,Active
ASTF2ACACB59C,CUST100062420,Handset,Apple,927CF0B681104B26,2023-05-05,Returned
AST84BC810614,CUST100038859,Handset,Apple,20C5BCBD040E492A,2026-02-11,Returned
AST9952A7467E,CUST100066581,Handset,Huawei,7958DD5F47F847F6,2019-10-14,Faulty
AST3231079809,CUST100065682,Handset,Cisco,40E8AA6097124CBA,2024-02-26,Active
ASTA7F620BF18,CUST100037589,Set-Top Box,Cisco,392CD6AFF9B1455E,2020-10-05,Returned
AST9A8D1E37BB,CUST100039756,Modem,Samsung,58AA0300553A4DCD,2023-07-26,Active
AST372429C5E6,CUST100010727,Handset,Apple,988B8FD3EDBF4764,2025-07-25,Active
ASTB5D257E7E1,CUST100072357,Handset,Arris,B29F6E53EA4549DB,2018-11-13,Active
AST67AA341DEC,CUST100014734,Modem,Samsung,0D920EED5F2E413D,2018-11-25,Active
ASTD3D0727DF3,CUST100089207,Handset,Huawei,0C6CC4DDCEFD4AA0,2017-08-21,Active
AST55D9088C49,CUST100098967,Handset,Samsung,330CB0257F304C52,2016-09-24,Active
AST8CFB03D702,CUST100083279,Handset,Huawei,2E393326DDC34C40,2024-02-19,Active
AST13D75BF145,CUST100081977,Handset,Huawei,D17951332A6E4B37,2023-04-20,Returned
AST9C6816E11B,CUST100019945,Set-Top Box,Huawei,504205AB615B458E,2024-11-27,Active
AST3AD7EE4255,CUST100035090,Handset,Apple,E4587D7B6E56460D,2016-07-07,Active
AST1FB2D38C77,CUST100031145,Home Security Hub,Apple,1F73DF3E7DF04C96,2021-02-04,Active
ASTD5B971B67A,CUST100029591,Handset,Samsung,EC78EB1367E74C75,2019-05-12,Active
AST32CCB48CD3,CUST100088112,Handset,Huawei,34710EB7070442B5,2022-04-20,Faulty
AST918B056E55,CUST100029485,Handset,Huawei,10E19EECD5724A61,2024-02-06,Active
AST3F9AB35722,CUST100009774,Handset,Nokia,28C95D02AE534444,2017-09-21,Active
ASTCA8DF2BD86,CUST100090896,Handset,Arris,A5F15A58ECBE40B3,2016-09-11,Active
AST2B24D42336,CUST100009819,Handset,Google,5193E23E53BD41CA,2020-05-11,Active
ASTA2DF4D62C6,CUST100057434,Handset,Cisco,5C206CF7BA6A4BDC,2019-08-03,Active
AST459760CD67,CUST100038592,Handset,Google,33968943A2924A57,2022-08-09,Active
AST18420B0A82,CUST100015565,Smartwatch,Google,96DF06E6FC4445D6,2024-11-04,Active
AST54E6391A84,CUST100092403,Router,Google,F43F46CF78B8417E,2020-07-15,Active
ASTE63DF4B45C,CUST100084477,Handset,Cisco,25A3CEFF3DCA4250,2018-12-15,Active
AST8DA7F7BB7B,CUST100065459,Modem,Huawei,2F6B0667D32E4368,2019-12-16,Active
ASTB44D8D2731,CUST100015276,Router,Google,EAE18BA5E9974E20,2019-08-05,Active
AST40CF3A5707,CUST100016432,Modem,Samsung,224398786D294464,2020-11-22,Returned
AST4C54BD1CA1,CUST100022427,Handset,Samsung,72112572F8C34829,2025-09-07,Active
AST0D918CD7D2,CUST100096801,Handset,Huawei,C43473C85AF9453F,2024-05-07,Active
ASTA66E3C260C,CUST100059373,Router,Apple,092CF282E9D74B3F,2018-04-02,Returned
AST4A213A05A6,CUST100013576,Router,Arris,6FF821D5D1004A30,2020-03-16,Active
AST1CFB5CF963,CUST100024196,Router,Cisco,D1D9540804054DC0,2017-08-10,Active
ASTAD0C8E1288,CUST100011348,Set-Top Box,Huawei,EBCD3CFD267D491C,2025-11-18,Returned
ASTB0105EDA5E,CUST100076627,Router,Arris,D3A2D89ACB8E4F19,2020-08-25,Active
AST142D2897A9,CUST100052322,Handset,Huawei,CBAD2D6A33354A39,2022-10-11,Faulty
AST3D647FD776,CUST100040366,Handset,Cisco,FF060198787245C0,2025-01-09,Active
AST64C1661E4A,CUST100087515,Handset,Google,92115BC837C946E3,2025-09-11,Faulty
AST90ECF80730,CUST100036038,Set-Top Box,Apple,46F90EBAAF9F4FC8,2024-09-21,Active
ASTAF9324B371,CUST100018027,Handset,Google,D23745943B9A4101,2017-01-13,Active
AST839F96A5B7,CUST100046945,Handset,Google,5E96977D4CD84335,2017-07-21,Active
ASTC9A0839D95,CUST100026054,Router,Arris,07E04C0DE7314F31,2025-07-06,Active
ASTD1EA8D19FA,CUST100038705,Set-Top Box,Cisco,0C63A20EBA874037,2024-03-07,Active
AST2AEE4B331F,CUST100019769,Router,Huawei,D2F200054D744341,2026-04-01,Active
AST25254E5608,CUST100079514,Handset,Huawei,C97ADC5BB6634F9D,2017-10-05,Active
AST05541D3BF8,CUST100053101,Router,Samsung,923329C64E894E34,2020-01-18,Active
AST553BC550E3,CUST100022421,Handset,Huawei,0C4E61AF766E4AB3,2020-03-17,Active
ASTB6A11F4860,CUST100082814,Handset,Cisco,452B8E724D14441F,2024-09-15,Returned
AST46940565B8,CUST100035614,Set-Top Box,Google,54A2355260B04CD2,2020-10-20,Active
AST18B10E0446,CUST100013902,Router,Google,377A4076AABA49B8,2019-09-22,Faulty
AST97B512A957,CUST100021058,Modem,Samsung,89B8C9B61C5C4AC0,2024-05-09,Active
ASTA8E9BEC195,CUST100058371,Set-Top Box,Samsung,458272B0B24C4D91,2022-09-15,Returned
ASTC36C01197E,CUST100046740,Router,Google,586B5D0CF2B54248,2024-06-19,Decommissioned
ASTDF5B828B90,CUST100001683,Router,Cisco,EB79127589364BD1,2025-04-01,Active
ASTD398F16EED,CUST100011667,Handset,Arris,6714EE97FFA247C7,2026-06-29,Faulty
AST81D2E1394F,CUST100086639,Handset,Arris,74D4D849C0D84B8B,2026-01-22,Active
AST06CC483CC6,CUST100028457,Modem,Samsung,8C69642432AE417F,2022-11-14,Returned
ASTB5794B11DC,CUST100082582,Handset,Apple,1D7FEB3D7F0A40BC,2025-10-12,Returned
AST5459114248,CUST100073871,Smartwatch,Arris,4E06FDDBDB044A56,2016-12-01,Faulty
ASTC30886B05B,CUST100036322,Handset,Nokia,4E1FDD27138F47ED,2024-01-31,Active
AST18BD5B44EF,CUST100075099,Handset,Arris,DB008D59527C4954,2020-12-31,Active
ASTCF7B0676DD,CUST100060726,Router,Huawei,ADC5DB634A244402,2016-10-12,Active
ASTBB749FF535,CUST100087881,Handset,Apple,21F11EEAD4114364,2016-10-24,Active
AST0F7E4476AE,CUST100049725,Smartwatch,Google,6A230BEF4D134672,2019-01-02,Active
ASTC6CE560343,CUST100071096,Router,Huawei,D744BE0C1C5A4E17,2018-12-13,Returned
ASTAA761249C1,CUST100067858,Handset,Nokia,F8FAB79644C64883,2020-12-15,Active
AST5AC28425F0,CUST100067278,Modem,Google,533116C096744FE7,2020-12-11,Returned
ASTE283E85646,CUST100028645,Modem,Nokia,7E76B2477CCE4D86,2018-07-28,Active
AST3187BBEEE4,CUST100067917,Router,Cisco,B47FA3E992474F1C,2023-10-08,Active
AST5931566ACF,CUST100062058,Router,Apple,1F51388A61C1495D,2018-11-30,Active
AST7171A0B442,CUST100053876,Handset,Arris,89BA300F85C34EC7,2024-06-02,Active
ASTF1864D73F1,CUST100047751,Handset,Samsung,1DE0F9FFECDA4358,2023-07-14,Active
AST7B477014A4,CUST100008692,Handset,Google,C7938192878A4E0E,2021-06-10,Active
ASTF96B9F913F,CUST100044784,Handset,Google,E4BC689FEDFE481D,2025-07-18,Active
AST0410F0F629,CUST100006507,Home Security Hub,Nokia,8D49DD1DC99E4401,2024-08-30,Active
ASTC1380FBA65,CUST100015292,Set-Top Box,Google,A696789BCEE84232,2022-07-04,Active
ASTBF6BBAC0D5,CUST100090583,Modem,Samsung,B10A2F3C4257416A,2021-09-01,Faulty
AST9D3931B4D3,CUST100006897,Handset,Huawei,A401005FB3864C61,2019-04-08,Returned
ASTF71B5AA3EF,CUST100045501,Router,Samsung,9B5BB30748B348EA,2016-05-29,Active
AST67FA0A8267,CUST100046725,Handset,Huawei,4ECAAABED6414309,2025-09-28,Active
AST5E3ADC146E,CUST100011334,Set-Top Box,Huawei,775C6D8915594830,2022-11-12,Active
AST53B9ABD074,CUST100042585,Smartwatch,Nokia,C330C013BA814152,2022-09-21,Active
AST6B593D5032,CUST100036373,Modem,Apple,0EB50AFCA1CA42F9,2020-05-30,Active
AST2AEEC7361A,CUST100078154,Handset,Apple,FCAF72E6F64A4FE5,2020-07-27,Decommissioned
AST2419123957,CUST100070811,Set-Top Box,Arris,74F633BF58254477,2017-12-06,Active
AST6626A02153,CUST100099026,Handset,Huawei,61596F9BC8994220,2025-08-23,Returned
AST1CD947E87E,CUST100038801,Modem,Huawei,5293FB77389B47AE,2023-05-01,Returned
ASTDF12EC9197,CUST100022324,Set-Top Box,Nokia,7D6ECAFF7A544C3F,2023-11-29,Active
ASTA14CDCE288,CUST100088164,Router,Nokia,56F15C7E829C4FD4,2019-09-02,Active
AST41539C0E64,CUST100025486,Router,Google,321D89AC25E847F9,2024-02-27,Active
AST5110DCF06A,CUST100011628,Modem,Google,312F26E62BBB43F3,2019-12-15,Active
AST2DC46DBD8D,CUST100075330,Handset,Huawei,F824E3C5278245E8,2026-06-08,Active
ASTECA8496734,CUST100036211,Handset,Apple,0C1BFA0C1D234623,2016-01-27,Faulty
AST870AD0224B,CUST100052638,Modem,Samsung,E701F335A8F74485,2018-09-06,Active
AST4181167E55,CUST100050622,Handset,Samsung,C776FA0738174018,2021-01-26,Active
AST789E03F61D,CUST100031276,Router,Arris,ECA05A0B702B4BA0,2023-10-29,Active
AST09286F8BD3,CUST100039734,Home Security Hub,Google,26502B8770D34E53,2025-11-10,Active
AST7368D783C0,CUST100027995,Modem,Apple,2E9C98F83EED4686,2019-02-12,Active
AST21BC9B105E,CUST100066878,Handset,Samsung,D6036330AA2F4964,2017-02-27,Active
AST09917C8AE5,CUST100082703,Router,Cisco,5D0EB06160C14C83,2017-08-25,Returned
AST48BE554197,CUST100057193,Modem,Huawei,67137EBE5F2240BF,2020-04-30,Faulty
AST41EDEA3EDE,CUST100095134,Smartwatch,Cisco,41A3F5F15F854291,2017-02-25,Active
AST50CF29C526,CUST100065616,Smartwatch,Cisco,5F10C771835D48AB,2018-08-04,Returned
AST1067CB04C0,CUST100098305,Handset,Google,3EB4F07CB4CA4D6F,2022-10-04,Returned
AST69D36FA779,CUST100083559,Handset,Cisco,5DFF31307D854A82,2017-07-11,Active
AST396584680E,CUST100025171,Router,Nokia,CE9A009357094063,2016-02-10,Active
AST03B436626B,CUST100046556,Handset,Cisco,02E7E37AF8354BA0,2023-01-22,Active
AST18FD418D76,CUST100081363,Set-Top Box,Apple,544239849D0D4A21,2016-04-18,Active
ASTAAB8621F4E,CUST100093579,Handset,Samsung,FFBD8123547D45AD,2020-02-06,Active
AST06DE22FAC2,CUST100019595,Set-Top Box,Huawei,ECCB2CB2600D4244,2026-06-25,Faulty
AST078A76205A,CUST100011447,Router,Apple,3E1B4B8230564748,2019-06-29,Active
AST850DE59D08,CUST100006682,Modem,Cisco,7F9142C229334F1F,2019-01-03,Active
AST3E4CBDF2D7,CUST100006955,Handset,Huawei,97BFA726AAC04703,2019-01-17,Active
AST87F43D8E4C,CUST100079612,Set-Top Box,Cisco,6D3459AE4EC643F5,2020-09-06,Active
ASTB3CA5E733E,CUST100034785,Router,Huawei,F2C6681E437C44F6,2024-08-22,Active
AST8E937F9283,CUST100002976,Handset,Google,A66D46BECC9D4D08,2020-04-15,Active
ASTDCFC997F34,CUST100053965,Set-Top Box,Arris,921F96232B9346C3,2024-09-20,Active
AST0C33578CB0,CUST100091881,Router,Samsung,C118628DEC0E4378,2021-10-24,Active
AST9EE9DAAD7C,CUST100098771,Handset,Nokia,73DE2E237A31477D,2025-03-25,Active
AST40D1923615,CUST100082066,Handset,Google,D1046E6D7BD8409B,2026-02-07,Active
AST1C15612C15,CUST100032055,Router,Cisco,5E0AEAA6A1E446B6,2024-09-18,Active
AST16B7440653,CUST100096642,Handset,Samsung,505CB09A61474ABF,2020-04-18,Active
AST37929B976F,CUST100053836,Home Security Hub,Cisco,9A8B63B1425E4B28,2021-05-29,Returned
ASTEF244C3DD9,CUST100030359,Handset,Nokia,CF32F45319454492,2022-06-22,Active
AST7E874992D0,CUST100017052,Set-Top Box,Samsung,DC4E47E9E06C4332,2024-06-13,Active
ASTAF32A03349,CUST100032769,Router,Google,F625B68886514A6E,2021-01-25,Active
AST45E563E458,CUST100067231,Handset,Cisco,ED1061CA0E344FB3,2017-02-11,Active
AST3C8B453CC5,CUST100069640,Set-Top Box,Samsung,5137034867F04E3C,2019-11-27,Active
AST255E06A6FE,CUST100073774,Handset,Huawei,2E3E82278AE746A3,2016-06-06,Active
AST287AAD1347,CUST100038554,Set-Top Box,Apple,0EE3C42BF09A4C6E,2021-02-28,Active
ASTCF809AFF10,CUST100037921,Smartwatch,Arris,10CABD1CFC514DF5,2017-05-17,Active
AST9DBD7DF6E0,CUST100044529,Handset,Nokia,84C9D9EB7B874AEE,2017-08-04,Active
AST5186F4E84A,CUST100002488,Handset,Huawei,335737CD2EB6483E,2023-12-06,Active
AST93B696168D,CUST100060696,Handset,Arris,7B49ABDA892B4FE2,2016-02-05,Active
AST34F049B829,CUST100085670,Modem,Apple,5A4A9E2BFF5B4E35,2021-07-15,Active
ASTF82A963785,CUST100019992,Handset,Cisco,D226B31CA5954A40,2023-10-14,Active
AST4488F911B0,CUST100092724,Handset,Cisco,FD3BACC7A6A84D22,2025-12-25,Active
ASTD5A4FC8F19,CUST100006372,Modem,Arris,EDE97BAF28A147A7,2024-08-19,Active
AST23A620BB22,CUST100063527,Router,Nokia,1CAE4B5C1ED7470D,2022-03-08,Faulty
AST58B2FBDE27,CUST100099649,Handset,Google,BB787932B1B0434C,2018-05-28,Active
ASTC9B3165186,CUST100027343,Set-Top Box,Apple,7FF2D95C67874D46,2023-04-12,Active
AST0ADC585102,CUST100028675,Modem,Cisco,1A7F8D9841084ABA,2021-12-02,Active
AST340A5803A5,CUST100030037,Router,Google,0AAEC2FF7DC54F5A,2026-05-29,Active
ASTF486A3DAD6,CUST100038425,Handset,Google,D463F97568584D5C,2024-07-20,Active
AST5A1094208F,CUST100008619,Modem,Apple,CF42148424DA484B,2017-02-24,Decommissioned
ASTDACA072E92,CUST100013506,Router,Google,CC7BA1C314864FDD,2025-01-12,Active
ASTCE78632796,CUST100066894,Home Security Hub,Nokia,000B77F73CD246C9,2017-05-10,Decommissioned
ASTED8650D32B,CUST100069882,Handset,Arris,1AD1A2ED113D4359,2019-05-11,Active
AST18B24A15C5,CUST100053321,Home Security Hub,Nokia,12EC69AC612744C3,2020-06-04,Active
AST29D8F8C690,CUST100003884,Handset,Cisco,CE2597DEFFD2448A,2025-09-29,Returned
AST1EE3DCBE93,CUST100030182,Modem,Cisco,CAC35DBBAE754EB6,2021-07-17,Active
AST0DB5987E5F,CUST100016608,Smartwatch,Cisco,91DD25134B6F4A55,2022-11-18,Active
AST1D24CC319A,CUST100018237,Handset,Nokia,93E30A3B94314C2A,2024-06-02,Decommissioned
ASTBE5252E4A6,CUST100098361,Modem,Huawei,7665374DEFF14690,2017-08-02,Faulty
ASTEDB3FB7ED4,CUST100079897,Modem,Google,04F18865B9F94196,2020-03-08,Returned
AST32E5E7A3C9,CUST100033929,Modem,Huawei,FCAE6CD228A84C67,2017-05-14,Active
AST08127E4AF4,CUST100019920,Modem,Cisco,9EF66FD1C55C4059,2024-04-04,Active
AST7859D81CB1,CUST100096604,Handset,Nokia,794BF894D5F04510,2024-06-10,Active
AST45684B9E88,CUST100065392,Router,Samsung,288CB670F8834B0F,2024-05-24,Active
ASTA2849DE8DA,CUST100090891,Router,Cisco,1C29E44FEC3E4EEB,2023-12-14,Returned
ASTBF5B758CB3,CUST100099116,Set-Top Box,Google,50C73CBC4876406C,2024-01-05,Active
AST722D47163D,CUST100000177,Router,Arris,63DF9DB4A94C4BEA,2019-11-30,Active
AST951D529666,CUST100050494,Smartwatch,Arris,658AA952754648CD,2022-06-30,Active
ASTBF7D6FFC79,CUST100049571,Set-Top Box,Arris,F47FA7A8705C4EEE,2022-01-01,Active
AST49C5EF5848,CUST100075378,Handset,Cisco,0B292273C09F4AF1,2017-09-21,Active
AST4FB0022E5B,CUST100093547,Handset,Nokia,AAC72758F17A401B,2018-05-30,Active
ASTC0A0550531,CUST100066528,Set-Top Box,Nokia,7D86CA354B1B4DBB,2019-01-23,Active
AST1090018BAC,CUST100010976,Handset,Cisco,204F300B6A8A4F76,2018-06-15,Active
ASTEC0605B528,CUST100008101,Handset,Huawei,F696666FCD3147A3,2017-02-02,Active
AST2A13BDD1A9,CUST100085037,Modem,Google,6255DA968FFE4828,2016-01-31,Active
ASTC0BC8CA314,CUST100091608,Handset,Google,6C23AAAAC6764279,2018-10-09,Faulty
AST098B90A62D,CUST100004943,Modem,Google,ABDD004F043141AC,2020-11-10,Active
AST573C1B185A,CUST100030325,Modem,Arris,C1D582D7DD704D64,2021-05-31,Active
AST6299770AFF,CUST100015103,Handset,Arris,A6D1EB5E84A84E18,2022-01-28,Active
AST2DCED80DE5,CUST100034919,Modem,Apple,E83A1DF57496410E,2024-03-28,Active
AST86D0311DD0,CUST100033072,Handset,Apple,2FE28BF27D5E493F,2022-11-06,Active
ASTFE98FB8CD7,CUST100062194,Handset,Huawei,682827B7EC984CBF,2023-09-15,Active
AST70F0BE436F,CUST100063851,Handset,Google,8C540AC5440447A4,2023-01-25,Active
AST077FC44046,CUST100028959,Handset,Nokia,429808AC0C914A18,2020-11-02,Active
AST88E1E70785,CUST100055299,Set-Top Box,Apple,5650615F496D4BE0,2018-05-18,Active
AST6DD8737AD3,CUST100097318,Handset,Samsung,6BD69B4EBC9C4232,2025-04-12,Returned
AST93B03AE484,CUST100001924,Handset,Nokia,3F7B3C6A26134004,2023-01-29,Returned
AST57EE1097B4,CUST100096112,Modem,Apple,2E3354BD0C864DB9,2023-07-13,Active
ASTBF54ADE20D,CUST100092411,Set-Top Box,Huawei,29EE800435D7434C,2023-04-22,Returned
ASTBE51D89074,CUST100055722,Modem,Nokia,596019DABA9C4F72,2025-05-30,Active
AST34377EF43F,CUST100083972,Handset,Arris,29B03B28308E427B,2019-10-25,Active
ASTE897E1237E,CUST100099644,Router,Apple,C70D2B2D86D943D1,2020-02-18,Active
ASTF4C78C4FCF,CUST100082382,Router,Huawei,A01B147BB40D4828,2019-06-25,Faulty
AST1133C68D94,CUST100062862,Handset,Samsung,9AC0B43054324F0D,2025-06-20,Returned
AST87176D9F28,CUST100020620,Handset,Cisco,F0F20EC72CD1486B,2025-01-19,Active
AST9A3F4CFE05,CUST100096762,Router,Nokia,875C5ECEB9704843,2018-03-04,Active
AST444C2AC469,CUST100007743,Handset,Huawei,894834A9C1DF4E90,2017-06-13,Active
AST5543852232,CUST100076539,Router,Apple,61D1851A9DA947A6,2022-02-15,Active
ASTF368A4AD2C,CUST100084988,Set-Top Box,Huawei,BDCC97C7C9254A84,2017-09-04,Faulty
AST7F5657D897,CUST100027315,Handset,Nokia,EE0F7FE33F0A40C7,2022-06-02,Decommissioned
AST38B4B90D8B,CUST100066527,Handset,Arris,FFAB39A127BE43F0,2025-01-12,Active
AST5CDF190927,CUST100024257,Router,Nokia,B717F07589EB49F0,2021-11-16,Active
AST291EAA537F,CUST100087724,Home Security Hub,Arris,3C3FD371F6B04312,2022-04-26,Returned
AST865E1363B7,CUST100090502,Router,Cisco,3E654FD4985547CF,2023-11-24,Active
ASTB9152A9776,CUST100074846,Handset,Samsung,6871435AC46049E8,2018-03-26,Active
AST4E16D008E9,CUST100072284,Smartwatch,Samsung,6159EB4F8E6445AD,2019-04-04,Active
ASTB137F9436F,CUST100084964,Handset,Huawei,D4B19E7755844127,2023-08-18,Returned
ASTECC38DB010,CUST100013864,Router,Nokia,D4902A9257E24FB5,2020-11-15,Active
AST25000548B1,CUST100064633,Handset,Arris,A8FDF4D80F464C03,2016-03-12,Active
AST3EC38FB09A,CUST100008562,Handset,Arris,8D24717EE5D44F69,2026-04-01,Returned
AST5169EBD553,CUST100091605,Handset,Apple,19E292C223864F84,2019-02-24,Active
ASTE8DD22138F,CUST100026668,Router,Nokia,25869F9777104E32,2024-10-04,Active
AST37E8063C4A,CUST100027285,Handset,Arris,AF3334A4B05043E8,2024-04-14,Active
ASTAC6E7D2C5E,CUST100091989,Modem,Samsung,B8B92E76FF884D1E,2020-03-16,Decommissioned
AST480E6A8366,CUST100037488,Router,Google,0F23A6413D3C433E,2024-11-15,Active
ASTAEAD729C2A,CUST100021429,Handset,Huawei,F9C58A2E68514FEA,2023-06-01,Active
ASTAC8709519E,CUST100045178,Handset,Nokia,44FD7D499FFA4475,2017-09-14,Active
ASTCCF38EBC20,CUST100069819,Set-Top Box,Apple,A7CF763927F24EE5,2016-09-22,Active
AST600B537973,CUST100000374,Router,Arris,2B8E2CF282134D55,2018-05-10,Returned
AST22D403546F,CUST100019727,Set-Top Box,Google,E55A1650587A48C4,2025-11-16,Active
AST7C9D4E2BD2,CUST100080703,Handset,Huawei,6B69F4B663A4412C,2020-08-17,Returned
ASTD4CB806BBA,CUST100085562,Handset,Cisco,4B39088BD4F84BAE,2023-02-26,Active
AST6272BC4861,CUST100089320,Router,Google,4EC97774C3764E65,2022-02-23,Active
ASTC13C567B64,CUST100080083,Router,Cisco,47DBDFA4E59E4C92,2018-09-07,Active
AST1D6651828F,CUST100044616,Home Security Hub,Google,D46BB1CA09C042EB,2021-05-29,Active
AST8F28574532,CUST100045131,Router,Cisco,F38EA1D48A16475C,2018-03-08,Faulty
ASTC34EFE4D92,CUST100080430,Router,Arris,675E9247D87541FE,2019-04-13,Active
AST0231DC772E,CUST100091489,Set-Top Box,Samsung,EF28F4D100894560,2018-11-11,Faulty
ASTFD046A7FA7,CUST100047276,Modem,Samsung,F0CC566A20FC4312,2023-05-18,Active
ASTB4AC86DB81,CUST100045559,Router,Apple,EB2C1B3C61D04D8F,2025-07-01,Active
AST5B9648F8D4,CUST100060524,Handset,Nokia,7D00B6D5B1DC4426,2022-07-30,Active
ASTA64AE7B526,CUST100079998,Handset,Cisco,73613CF898B843E4,2018-05-04,Active
AST7832409019,CUST100044433,Set-Top Box,Samsung,47345CD4365C4383,2017-05-01,Active
AST086F6B4776,CUST100045436,Smartwatch,Arris,72B2402BE32B4FB8,2016-09-20,Active
AST937A308952,CUST100013624,Set-Top Box,Google,7B98069BE8254197,2024-12-03,Active
ASTE25FF5D537,CUST100000655,Handset,Google,67FB0BC5E81A4009,2023-09-26,Active
AST7A732A5027,CUST100099011,Modem,Nokia,872B36814EAF454D,2020-03-04,Returned
AST3B873FFFB3,CUST100027828,Home Security Hub,Nokia,A99F48ACD58F4517,2017-12-21,Active
ASTD5166A861C,CUST100038970,Handset,Huawei,A8CEC48861EA451B,2020-02-07,Active
AST17958D3E7B,CUST100011330,Router,Arris,6E58F8E549624C6E,2024-10-02,Active
AST5393441518,CUST100095356,Smartwatch,Arris,D2B3B1C1B6334E17,2021-12-02,Active
AST0ADD01B3D4,CUST100054707,Handset,Nokia,3D99450BA8204D69,2022-08-17,Active
AST1C9D9708A0,CUST100085460,Smartwatch,Arris,0C427E2CBB7445F9,2023-11-01,Faulty
AST0E745A23EF,CUST100082877,Set-Top Box,Google,D7A8DCE876944E32,2016-08-09,Active
AST7B194D7DE8,CUST100074951,Router,Apple,5DB16EB32E174E64,2020-01-08,Active
AST704206867E,CUST100045492,Home Security Hub,Huawei,3A3E390225AA41AE,2021-04-18,Decommissioned
AST6443902373,CUST100005834,Router,Apple,70FE5B53D3594CB6,2025-11-17,Active
AST78A0CD7AAE,CUST100099711,Set-Top Box,Huawei,23134219CB554326,2021-05-09,Returned
AST8A732D08BD,CUST100035422,Set-Top Box,Samsung,4F52CDF8E73745D8,2025-10-05,Active
ASTF8DBD5E2B8,CUST100014816,Router,Huawei,E21225E7F778425A,2024-07-07,Active
AST57D541BB78,CUST100082105,Handset,Arris,32155C6149DC4EB0,2021-09-05,Active
AST87B38BE433,CUST100025787,Router,Cisco,6573FE40070B491E,2020-06-30,Active
AST25914224E9,CUST100087342,Handset,Huawei,B16EEB6732B543F2,2016-11-05,Active
AST6F4E805A3A,CUST100005772,Handset,Google,78B048CCAAD94E4C,2025-04-11,Active
ASTFEC7ABAA20,CUST100064803,Set-Top Box,Apple,26F5938746BF4B33,2026-03-15,Faulty
AST4B858B6B67,CUST100027996,Handset,Arris,7A70D5346FEE407E,2019-02-03,Active
ASTBF6ACCFA23,CUST100042116,Home Security Hub,Nokia,1D3A68C1C6134736,2025-06-07,Active
ASTAB05923655,CUST100044552,Modem,Cisco,59AB9A828E3E4AC3,2019-02-28,Active
AST99C6E190DC,CUST100075953,Modem,Arris,DD6AB0BF8F5D4726,2022-01-12,Active
AST59A6E39795,CUST100017193,Handset,Google,738ECD4DFFA54DDD,2017-03-11,Active
ASTF72962E7FC,CUST100009363,Handset,Apple,B7926FA5D7D7488E,2017-04-06,Active
ASTF049E1D774,CUST100065548,Modem,Apple,8A70EAFB183F4283,2019-05-29,Active
AST7FFB317762,CUST100049944,Home Security Hub,Cisco,CFAF8CBE40DE42E4,2019-03-09,Returned
AST50A91DC3DA,CUST100069741,Handset,Arris,5E0B29004A73492A,2025-02-26,Active
ASTED143A8687,CUST100045920,Modem,Samsung,1DAEA0100C11464F,2023-07-13,Returned
AST6837ACD135,CUST100072758,Set-Top Box,Samsung,110B7D36262240DF,2019-06-27,Active
AST23FD80A354,CUST100076537,Set-Top Box,Samsung,F51818279C3944CF,2026-01-07,Active
ASTB33227AB75,CUST100046231,Handset,Apple,0648DF00354C4400,2022-08-13,Active
AST92B0AE63BA,CUST100005396,Router,Apple,C2378D4D18A0422D,2023-04-23,Active
AST6CAAC978EC,CUST100082620,Handset,Cisco,B8FA9BEA83BA40BD,2019-06-04,Active
ASTCE5453172C,CUST100095029,Handset,Apple,01C20C6DC28F4BEC,2024-08-13,Active
ASTBC366515B6,CUST100046599,Handset,Nokia,EB8A731659914031,2023-12-12,Active
AST34BFAEF22F,CUST100096662,Router,Apple,98BA67D1C3ED4B73,2023-04-03,Active
AST66A8FE0EC8,CUST100049837,Set-Top Box,Apple,C118BD01B73A4F9F,2022-11-06,Faulty
ASTFBA6D2EFD1,CUST100043097,Handset,Huawei,51330387126945C5,2021-10-25,Active
AST0F3394F69D,CUST100056041,Handset,Huawei,225E2DCBC9014234,2026-06-18,Decommissioned
AST4087D117FC,CUST100070331,Handset,Arris,7DE8647E1B664ABC,2022-01-29,Active
AST68C23B78D7,CUST100021748,Handset,Cisco,AF1FCC699A974DEE,2016-08-12,Active
ASTCD2CBDD4D3,CUST100086642,Handset,Arris,B53D93B59DC1419D,2017-01-19,Active
AST40B9ECA613,CUST100064159,Handset,Google,40E948BD152045F3,2022-10-22,Faulty
ASTA1DFE1F1E0,CUST100040792,Router,Nokia,7B3402D496A24898,2024-12-30,Returned
ASTC10324D54A,CUST100002772,Smartwatch,Samsung,37B16589FB564031,2022-09-17,Returned
ASTF20DBFBAC9,CUST100032836,Handset,Cisco,6779788FB4794A0C,2023-06-10,Returned
AST49834DA892,CUST100010495,Handset,Cisco,A8F5F4075D5D49A0,2020-08-28,Active
AST9B6C7BC74A,CUST100020060,Set-Top Box,Samsung,374339D51CF7488B,2019-03-07,Returned
AST6808E426BC,CUST100079888,Modem,Huawei,FC420BABB83B4299,2018-05-18,Returned
ASTD37E8EB56F,CUST100014798,Handset,Google,AE4084330F634D88,2018-04-13,Active
AST7515503294,CUST100010095,Set-Top Box,Apple,581DF86B6AE6404E,2023-07-25,Decommissioned
AST4C3030B216,CUST100003763,Handset,Cisco,D202803D4E1447C6,2020-12-31,Active
ASTA6E8652A90,CUST100066518,Router,Arris,CB6A7A6D59F74A89,2016-02-06,Decommissioned
ASTCAAA57E15A,CUST100020343,Router,Cisco,1FE55D3100CB417B,2018-05-17,Active
ASTAC337E42C6,CUST100095674,Set-Top Box,Apple,055CA4B90F824A93,2019-01-02,Returned
ASTCE0448DD8B,CUST100081020,Set-Top Box,Cisco,EADFF316D55A4872,2018-05-07,Active
ASTF1ABE04344,CUST100059891,Modem,Huawei,4DB53BA14DF04B3D,2024-01-22,Active
ASTD25C544FAB,CUST100002150,Smartwatch,Huawei,D47EBDA598F843E8,2024-02-11,Decommissioned
ASTFD3A855E0D,CUST100058717,Modem,Arris,9BCC9035C05F49DD,2023-07-25,Faulty
ASTABE9F98C42,CUST100011328,Modem,Cisco,05B18C0DEA254DAE,2023-01-26,Active
ASTA5F13AAC73,CUST100076765,Handset,Google,9C1D57F53D7F4C44,2016-10-14,Active
AST4DF33BA051,CUST100006491,Set-Top Box,Cisco,88C15A4AD0C14D17,2019-03-12,Returned
ASTFB4D190BFC,CUST100098312,Handset,Arris,30C9017C33E74632,2022-10-18,Active
ASTD8F48CFE78,CUST100064634,Handset,Apple,3F4B6C368F4F479D,2017-07-20,Returned
ASTB7B1862909,CUST100087777,Handset,Samsung,2767722E01074B4B,2017-09-08,Faulty
ASTCEEE6B9E9A,CUST100028123,Set-Top Box,Nokia,BF11DDDF5956446D,2017-03-21,Faulty
AST8282EBE135,CUST100029440,Handset,Nokia,1BE30A6E0B044AB6,2019-10-07,Active
AST89D20EF8B9,CUST100011515,Modem,Cisco,212D1DB437EF49F9,2019-12-13,Active
AST4DD8B6F660,CUST100057071,Modem,Arris,EE67CE47321048D3,2018-08-27,Active
AST8C62D76BEF,CUST100024231,Handset,Arris,AE99B460C6DD40DA,2023-12-12,Active
AST6E48CEAF08,CUST100015106,Handset,Nokia,7E3A0D766F674B01,2019-09-14,Active
AST7524A89176,CUST100098607,Smartwatch,Huawei,5173AA4CD4BB452D,2022-05-17,Active
AST47B512722A,CUST100038067,Modem,Arris,BFBCD2C532BF4390,2021-03-07,Active
ASTDB0253F2FB,CUST100064688,Modem,Apple,B2A7E6F5A2124697,2024-06-08,Active
AST61BBEB6698,CUST100068118,Modem,Apple,B85B84BA15264E16,2018-05-29,Faulty
AST17CF112489,CUST100045192,Router,Cisco,5C1E1832B11D422C,2020-05-09,Active
ASTCDDBA86EC3,CUST100077450,Modem,Google,2D72A04685314106,2026-06-03,Active
AST02C0CF9FB1,CUST100080495,Router,Huawei,83B89015461246C4,2025-02-02,Active
ASTE555F0E60E,CUST100060134,Router,Huawei,40AEAFA703F0411F,2019-02-13,Active
AST9642727EC2,CUST100022457,Home Security Hub,Arris,C0695CB0252B4962,2023-04-03,Returned
AST02D36136BA,CUST100041475,Smartwatch,Google,1D60415973E54476,2019-03-11,Active
ASTFC654CB978,CUST100033120,Home Security Hub,Cisco,3F57B9A09DEE4093,2025-03-16,Active
AST0D30413F75,CUST100086533,Modem,Arris,A6490E568CAF4E7A,2022-08-26,Active
AST77E86DAC65,CUST100059177,Handset,Google,AB3363E5EB264988,2026-02-14,Returned
AST3EA8BB6B0C,CUST100018730,Handset,Cisco,A28868E007994560,2023-12-22,Active
ASTC412DC3742,CUST100053651,Router,Apple,D65002046FF34233,2020-09-19,Active
AST36CB16E790,CUST100023370,Set-Top Box,Apple,14FDD64DE3164B43,2024-05-08,Decommissioned
AST7D9F2E6513,CUST100026834,Home Security Hub,Huawei,F43FB5550EDD4BA3,2019-01-02,Active
ASTC151F223DD,CUST100040544,Handset,Samsung,69DFE80E8960409A,2019-12-22,Faulty
ASTE32644C5AC,CUST100041227,Set-Top Box,Apple,8CC9E075F1BF4EDD,2026-03-22,Active
AST9CD626AB9C,CUST100079229,Router,Arris,6CA0293E9A77455F,2025-08-23,Active
ASTBB0B13E938,CUST100027456,Router,Huawei,8A92E0F21926473C,2020-09-30,Active
AST4480B86217,CUST100057706,Smartwatch,Apple,234AB3D594844088,2016-04-14,Active
AST773BA2D0E8,CUST100073058,Handset,Nokia,8CF3FAD1D4704D74,2021-01-30,Returned
AST59CA4318E2,CUST100024673,Handset,Cisco,3392DFB3B8834C20,2020-06-07,Returned
ASTF9ECB83BA7,CUST100029272,Set-Top Box,Google,33F21CE7083E4506,2018-04-21,Faulty
ASTC2BEB4AE9B,CUST100047744,Modem,Apple,66DB2A581727474E,2017-05-24,Decommissioned
AST5DDA89D6DF,CUST100001762,Handset,Arris,C27ABE5D68DF4744,2022-01-27,Active
ASTCD34485CB1,CUST100074477,Set-Top Box,Google,DEC09A10FFFB4E60,2021-04-27,Active
AST9EB2ED8F3F,CUST100063940,Handset,Samsung,EC640FDBAC724DF1,2022-03-05,Active
ASTDAD7E59AE3,CUST100039694,Handset,Samsung,99ECE40A244A45B1,2024-07-25,Faulty
ASTF471034F24,CUST100097529,Home Security Hub,Huawei,3AED4511E98B451C,2017-07-04,Active
ASTC2E4679516,CUST100060186,Handset,Apple,D37CC1E01F9F425F,2023-08-24,Faulty
ASTB6D26DDEBA,CUST100029289,Router,Huawei,4AAABA6BFACE49D5,2017-08-04,Active
AST2D49322746,CUST100014851,Home Security Hub,Nokia,2567D48F47D24275,2025-10-03,Returned
ASTF1E394517A,CUST100007868,Handset,Cisco,3E6EDF91922942A5,2016-05-14,Active
AST93E7EE77E8,CUST100055752,Handset,Huawei,84D67EB95DE24ABE,2024-06-07,Active
AST0FFA55DB63,CUST100031580,Home Security Hub,Apple,89E0F6D96EB84328,2023-10-06,Active
AST1C91FB3A30,CUST100026233,Router,Arris,36518E99F1F84F56,2025-02-10,Active
ASTD70581D8C8,CUST100057707,Handset,Samsung,96FC4369C0F641CA,2021-12-12,Active
ASTB65ADFD590,CUST100043971,Handset,Cisco,C3CD64497B654D1E,2021-04-13,Active
ASTDB974C240F,CUST100011605,Router,Apple,D2F3DC7C0F5642C2,2019-08-23,Active
AST5ADD43537C,CUST100038541,Handset,Huawei,2D41C605D2934974,2016-06-07,Active
ASTD16959D7B8,CUST100016138,Home Security Hub,Huawei,205622782D114583,2024-06-18,Faulty
ASTF3FB148DDA,CUST100033515,Handset,Cisco,2A2658455CF54ABF,2019-09-01,Active
ASTC73C7B5AF3,CUST100031311,Handset,Samsung,6A6A9048F26346B3,2020-10-07,Active
AST417AE42F58,CUST100059501,Handset,Huawei,C7F6B29F0D954A39,2024-08-31,Faulty
AST5D5F1445BD,CUST100080165,Handset,Cisco,3C977BD32B0D4090,2017-01-13,Active
AST7A24CAE0F6,CUST100007233,Router,Arris,DBABD30094234921,2022-04-23,Active
ASTE516A0BC78,CUST100080119,Modem,Apple,343761D04C1E46DF,2022-03-15,Active
ASTBEA815492F,CUST100098958,Router,Samsung,88D7AC361E994808,2021-11-03,Active
AST3FB131696F,CUST100070871,Set-Top Box,Nokia,B621541669DC4376,2021-07-21,Active
ASTD51C047CCF,CUST100031955,Handset,Cisco,C7CF718ADC0B4A22,2021-07-14,Active
ASTE1D0B90ED9,CUST100025283,Set-Top Box,Nokia,C7D7252CEC7A4631,2017-11-10,Active
AST791865E5FB,CUST100088805,Handset,Apple,3B2AC5FB0FC8480E,2020-04-24,Active
AST4585877DD4,CUST100060292,Modem,Cisco,C009F6C2785D4F6E,2020-04-29,Active
AST7A7E21F6E8,CUST100015445,Handset,Apple,45321776B3D94E57,2021-07-15,Active
AST875F5287D6,CUST100051333,Handset,Huawei,CD46D86A4CC64F00,2021-06-06,Active
AST165E8BB62C,CUST100013426,Set-Top Box,Cisco,6EE7B04AE834475F,2022-01-23,Active
AST4EE1AA59C7,CUST100048046,Set-Top Box,Google,DA8C3A023F534DF0,2021-11-03,Active
AST3869446427,CUST100026492,Handset,Arris,C205CADE78584731,2017-10-08,Active
AST2267DCA342,CUST100073898,Modem,Samsung,3F4EA977C7E44EBC,2020-12-22,Returned
AST55F71FDD72,CUST100083310,Handset,Cisco,0CEA6A19EE1B4021,2020-05-17,Active
ASTA823907D57,CUST100056889,Handset,Samsung,67A2C2B362414768,2016-11-04,Active
AST18BACA17CD,CUST100025489,Modem,Cisco,449DB8BC7143414D,2016-09-23,Returned
AST33D0FCB192,CUST100040949,Handset,Samsung,97C01BFA38FA49FF,2017-03-17,Active
AST8887C2229B,CUST100070598,Handset,Cisco,3CC40B0943ED4EE8,2025-03-16,Active
ASTD8CC4051AE,CUST100052533,Handset,Samsung,E3B2E4E3830C4287,2020-01-06,Active
ASTF0D1C678D3,CUST100097135,Modem,Huawei,22C3F499660549F6,2024-06-15,Active
AST02CF3F5C22,CUST100092709,Handset,Arris,A71A75C74C9A4F8F,2021-10-01,Active
AST9904C13539,CUST100028842,Router,Arris,20FD6F17AF554F3D,2022-04-11,Active
AST6ACA7CD58A,CUST100082921,Modem,Huawei,EE714E1D7F3D4643,2017-12-20,Decommissioned
AST906B91C9AF,CUST100009612,Handset,Samsung,83D086DE98F44388,2024-11-09,Returned
AST08C00467BD,CUST100028712,Handset,Google,0824650502CE4C6A,2018-09-09,Returned
AST29635AA1B3,CUST100019415,Home Security Hub,Huawei,594F20C7C9934AE0,2016-04-14,Active
AST20EF6039CF,CUST100027268,Handset,Apple,EDEA2E6CB35A4311,2026-01-12,Returned
AST984CDA4C17,CUST100084670,Modem,Huawei,DD98FB1AAFDB4853,2024-08-11,Active
ASTD9572045FD,CUST100081865,Modem,Arris,E5FDE5F456AC42A3,2023-08-25,Active
ASTC254C95111,CUST100066480,Set-Top Box,Samsung,F2429682D21E4A1E,2019-02-23,Returned
ASTACBAD6CCAB,CUST100052450,Modem,Huawei,98E195BE16B2457F,2025-02-28,Active
ASTBEAD50FC64,CUST100016461,Handset,Samsung,92569D9F4A8D433C,2020-02-23,Active
AST3A81C1A1D8,CUST100005137,Modem,Google,5352A542770442EF,2026-01-01,Active
AST42BAE71C1D,CUST100046483,Handset,Huawei,B87BC7F5182741D2,2024-08-31,Active
AST2DC9252C46,CUST100032326,Handset,Huawei,40995672F8574DE9,2024-11-23,Active
ASTB4E9BD5A1B,CUST100083745,Handset,Huawei,1B272092204A46E2,2025-11-13,Active
AST96D3A83F29,CUST100011384,Handset,Google,D9B28AD857434442,2019-12-14,Active
ASTD5E6EDD949,CUST100050134,Handset,Arris,9B8B4D0ADF0544A8,2017-03-30,Active
AST38817CC314,CUST100036485,Handset,Nokia,9DD01C91DC25461D,2022-08-10,Active
ASTF500AFE3C3,CUST100038105,Handset,Samsung,9773513805B44BDE,2026-05-10,Active
AST95A8A9F98A,CUST100081222,Handset,Cisco,60D6ED786219483E,2019-04-02,Active
AST09FB9F1F92,CUST100057281,Handset,Arris,8B3527363F05435A,2017-05-10,Active
AST8726CDD438,CUST100056759,Set-Top Box,Apple,4BD122874E3F45BA,2019-10-14,Active
ASTFBB48F8B01,CUST100033735,Smartwatch,Google,0278AC58BD244103,2018-07-10,Active
AST049EDF046F,CUST100002333,Modem,Samsung,D2F551A6603F4234,2020-05-26,Active
ASTCACE475FC5,CUST100080062,Handset,Samsung,E507FED568F04F27,2019-03-21,Active
AST83F339AFD9,CUST100043044,Handset,Apple,B94ED93792AA41DB,2019-01-04,Active
ASTDDEA90505A,CUST100091509,Smartwatch,Google,B0EC641965D74FD9,2017-07-02,Active
AST3D912CF120,CUST100070430,Modem,Nokia,88B7A127AB9B46F4,2022-11-04,Active
ASTCBC24AA2C3,CUST100007616,Modem,Apple,918E926FB94F46D7,2021-08-31,Active
ASTF2F36C1AE1,CUST100048749,Modem,Arris,415FF65C9C26489B,2024-02-17,Active
AST197BE7B649,CUST100093286,Router,Cisco,C01D954075D94F3C,2023-03-19,Active
AST5406BA0EB1,CUST100026367,Modem,Samsung,36486814372B48D2,2026-02-21,Active
ASTD43F81609F,CUST100047442,Set-Top Box,Samsung,F025B8565F714D36,2022-10-29,Active
ASTEC4EFD9A31,CUST100043626,Set-Top Box,Google,54932AF2442645EE,2024-04-13,Active
AST0E282B3169,CUST100002244,Handset,Samsung,49C2549512564E2B,2019-08-05,Active
AST12D7F1D4AA,CUST100043162,Handset,Arris,320B0F67A8ED443E,2023-07-09,Returned
AST1568DA031B,CUST100041594,Smartwatch,Apple,26E537D3AF094010,2023-04-04,Returned
AST24ECC0005D,CUST100025111,Router,Nokia,2F4E55BBD3D84A14,2017-12-31,Active
ASTAC28F067C3,CUST100004436,Handset,Nokia,82D4A6A0E6504F78,2025-04-24,Returned
AST22E6BD4E5F,CUST100094297,Handset,Nokia,33BE592E52FA49FA,2019-03-14,Active
AST657EC59011,CUST100026603,Smartwatch,Huawei,E493E802D6DE4B04,2023-07-27,Active
AST0862AA9F45,CUST100017601,Handset,Cisco,F18E5F0A06904530,2017-08-16,Decommissioned
ASTEABC90CEB6,CUST100089297,Handset,Arris,55D77FFB2AC340A2,2020-08-05,Active
ASTA903A391C7,CUST100044702,Router,Apple,9ADE54BE71B64B54,2021-04-28,Active
ASTEC777A092B,CUST100018986,Modem,Cisco,40DFA89E07E24838,2016-02-01,Active
ASTAE8695EC28,CUST100051649,Handset,Nokia,160999939C2C44DB,2016-01-01,Active
ASTB1FA81EBBA,CUST100037629,Modem,Cisco,08C8CDCAA6BA4477,2021-07-25,Active
ASTB4F05CB7D6,CUST100042004,Set-Top Box,Nokia,76050AEC510C4E24,2024-01-14,Active
AST209D1919F4,CUST100028695,Set-Top Box,Cisco,533C249175494F14,2018-01-28,Faulty
AST170E16AD05,CUST100066278,Handset,Cisco,7CBF7A946DC149CE,2019-02-26,Active
ASTA838E252EA,CUST100001425,Handset,Google,F9C7D777F11944B4,2018-03-21,Active
AST74EDD68BD9,CUST100088360,Set-Top Box,Google,8D96D540A8BE4E34,2025-10-08,Active
AST98F9D4998A,CUST100084303,Handset,Apple,1F4D5110182C4BB7,2021-09-11,Active
ASTF403A1F11D,CUST100081772,Handset,Google,0B0CE73E72F34962,2025-10-12,Active
AST5C5CE6F485,CUST100023439,Modem,Arris,27284FF20463454B,2022-12-21,Active
AST120236BF9B,CUST100031536,Home Security Hub,Cisco,2F54AE5CF2504089,2018-06-22,Active
AST3572E45555,CUST100090642,Handset,Huawei,BDF33058E2FB4C3C,2023-03-19,Returned
ASTD0FC420EF0,CUST100028825,Handset,Google,6622EAE5B0784E05,2016-02-21,Active
ASTC6C9A37224,CUST100023334,Set-Top Box,Arris,A39162DD165845EB,2020-04-19,Active
AST5231901644,CUST100022744,Modem,Samsung,484CB40EEB2B4659,2021-02-23,Active
AST273FA1459A,CUST100054819,Home Security Hub,Cisco,11D6674075064EEE,2021-09-05,Active
AST66E94835ED,CUST100076025,Home Security Hub,Samsung,20B2808F415C4B7F,2020-08-07,Active
AST93045B9889,CUST100085826,Set-Top Box,Cisco,2C0E232BA3A6419A,2024-11-24,Active
AST5D003DA4BE,CUST100049331,Handset,Nokia,AA58165B242F4D20,2018-10-15,Decommissioned
ASTE88BB9D8BF,CUST100007138,Router,Arris,6B1EFCBB1DE94C2F,2024-04-09,Faulty
AST6E15EDA371,CUST100045013,Modem,Apple,195EC3F12E16474F,2022-12-26,Active
ASTA5A6E6DA4C,CUST100099925,Handset,Cisco,BA5DD6475B464022,2022-09-01,Active
ASTDB8A0B683D,CUST100045175,Handset,Google,141EC2702DC94D23,2021-12-23,Returned
AST6044DD149D,CUST100087510,Handset,Apple,23F0ACF2001548D8,2024-02-25,Active
AST688B04F579,CUST100050591,Handset,Arris,5394F5D3B6824E93,2026-03-30,Active
AST1B8F78A5A0,CUST100037806,Router,Arris,5CA95C3E2D4B4D9E,2024-02-16,Active
AST4519611037,CUST100018821,Router,Huawei,B53CCABA510A4DB9,2020-12-24,Decommissioned
AST4A681BAFBE,CUST100075876,Modem,Google,06AA3F8E395E4E30,2022-09-23,Returned
AST6A99BD3864,CUST100017636,Set-Top Box,Samsung,3F6A965DF971434B,2020-05-13,Faulty
AST90F44D4C4A,CUST100023862,Set-Top Box,Huawei,6324E9C67DEA4368,2017-11-02,Active
AST63670F6DCE,CUST100006414,Handset,Cisco,F7C968A4FE03405C,2018-03-07,Returned
AST765D7321DE,CUST100048637,Router,Arris,DAD6F6FCFFF540FF,2016-09-07,Faulty
AST5B623E30B7,CUST100062702,Modem,Samsung,4FE0823BD4FD4AD3,2024-11-23,Active
AST365907925E,CUST100010640,Router,Arris,25405356C26F405F,2020-06-28,Returned
ASTA387BBB85E,CUST100026535,Set-Top Box,Nokia,426C74004E304BBA,2020-09-25,Active
AST36D68DFB28,CUST100089703,Modem,Cisco,D5BB4F1DED044A6F,2022-07-02,Returned
AST012519B5CB,CUST100025626,Handset,Nokia,B79F3A3F29C843A6,2025-03-03,Faulty
ASTB1B36191D2,CUST100075856,Router,Google,61208F0B806C4593,2022-09-17,Active
ASTC10151F2BC,CUST100088357,Home Security Hub,Samsung,F98582E5A1C940B1,2022-06-16,Active
ASTD4CF3F830E,CUST100041860,Home Security Hub,Apple,B71CE34DBFEB48B6,2022-11-01,Active
AST3DDAE5BF70,CUST100016315,Home Security Hub,Cisco,682339778B6E4B60,2024-10-12,Active
AST7E058E61F2,CUST100097884,Router,Cisco,FD2214A00F06458C,2018-11-01,Active
AST2232080CE0,CUST100008075,Handset,Cisco,34833AD7CFD5480F,2022-07-28,Active
AST63A11BA1AD,CUST100066875,Handset,Arris,22F9E7407149429A,2020-11-10,Active
ASTD7EA4538A0,CUST100069396,Modem,Arris,1F57D3E7B8D74888,2022-10-07,Faulty
AST06F5C76985,CUST100031755,Router,Nokia,B162D64977724613,2024-02-03,Active
AST62B1FC5866,CUST100058103,Handset,Huawei,368727B18D9B478B,2021-12-17,Active
ASTFAD18A9E8B,CUST100007214,Handset,Samsung,3CAA541FE1C641A1,2021-08-30,Active
ASTBA4F3F308C,CUST100091031,Handset,Google,642748AF085E4222,2019-10-22,Active
AST9EC5FAAA0A,CUST100057966,Handset,Nokia,655712B8775844CD,2019-04-16,Active
AST353B63A212,CUST100045416,Handset,Cisco,B9D24BC4924245F3,2024-05-19,Active
AST562A0EB8F2,CUST100031816,Smartwatch,Arris,6D7BD12868B34CE2,2018-11-26,Decommissioned
ASTB02F91D0D6,CUST100073805,Handset,Apple,65C25084A3134326,2019-09-19,Active
AST046CD9D451,CUST100033372,Router,Google,856EF68C99D24A32,2018-11-16,Active
AST7FB8F49598,CUST100002563,Set-Top Box,Samsung,E9298B7066154690,2024-12-16,Active
ASTABFAD0EF2F,CUST100062145,Handset,Google,E25B4FAC80414B1C,2019-07-29,Active
ASTABC562BA9A,CUST100020055,Set-Top Box,Arris,FA6A87D79AF24D88,2019-04-22,Active
AST7D6CA4C176,CUST100079396,Modem,Google,CA357EFA74E545B5,2019-12-13,Active
AST66737DE40B,CUST100075353,Set-Top Box,Samsung,016FBDB813834D7B,2020-03-08,Active
AST5A5309FBDA,CUST100014885,Home Security Hub,Nokia,60CCB6D1569D466F,2018-06-30,Active
AST9AEBB76565,CUST100095298,Handset,Google,8689DFEC58A54B25,2020-06-23,Active
ASTE31697D56F,CUST100062440,Modem,Samsung,A3B492B497C74018,2019-02-16,Active
AST3723096B89,CUST100034326,Handset,Apple,DA79FAA661CF4C94,2022-12-17,Active
AST746F3C5679,CUST100019991,Modem,Google,9CAC4724D08743C5,2022-04-15,Active
AST33B5C07A19,CUST100042765,Set-Top Box,Huawei,6BAD144DFAE54F6E,2020-12-18,Active
ASTCD0D27D072,CUST100073179,Handset,Apple,BDEC7DBF0B974620,2019-02-19,Active
AST19060E79B4,CUST100058941,Handset,Arris,B432E60DD3484199,2017-12-03,Returned
ASTAE9C420204,CUST100084443,Router,Huawei,8EB10763EB4E4BDC,2016-01-06,Active
AST47C6F08FF2,CUST100073002,Handset,Nokia,9570B3F66F134B91,2022-10-17,Active
ASTB5749C47A2,CUST100006742,Set-Top Box,Nokia,79A927A9022C4AD4,2018-09-20,Active
ASTDD1F0D651F,CUST100012812,Handset,Apple,DAA87B773EEC465E,2021-11-16,Active
AST2EAB3DE841,CUST100005912,Router,Google,197BC301D3BF48A3,2016-07-13,Returned
AST8C11074C14,CUST100038883,Handset,Cisco,678520FB112C4087,2021-10-02,Decommissioned
ASTFAFDFD9F55,CUST100097345,Router,Samsung,C59A1B4EE4464316,2021-12-02,Active
AST4A2EF603E7,CUST100010903,Handset,Samsung,658647B7D08F4800,2017-06-01,Active
ASTD705A5A331,CUST100099745,Handset,Samsung,A498306331D04410,2018-10-28,Active
AST0216165F2D,CUST100083406,Handset,Apple,D157E081CDA4464D,2021-06-10,Active
ASTBA98E3BE83,CUST100066884,Handset,Google,AEF7FE57C9CF4BC3,2018-11-26,Active
ASTA9D2A93A8F,CUST100028319,Home Security Hub,Cisco,669EDA7041494C07,2022-10-10,Active
ASTA4670D6E7A,CUST100082740,Handset,Nokia,1905FDC74CA043E7,2023-01-10,Active
AST5F598D999A,CUST100003695,Handset,Nokia,2957B18E2A344BE6,2026-03-16,Active
ASTE084C31EDD,CUST100048495,Handset,Google,4FCFEC196A284FE3,2021-06-21,Faulty
AST52DDFF07B8,CUST100035841,Smartwatch,Samsung,D40420EF01B94046,2024-01-23,Active
AST3E1119D7DB,CUST100088618,Router,Nokia,BAEA98236AAC48A3,2026-04-04,Active
ASTE4B32C1B67,CUST100057916,Router,Apple,D0420601029E45B6,2023-09-23,Faulty
AST32E796809F,CUST100053615,Handset,Cisco,A5CEB752B294421A,2021-07-10,Faulty
AST5D85E6FBBA,CUST100063637,Handset,Arris,E44409E6FB7143FD,2023-11-28,Active
AST8B39D4C2D4,CUST100010816,Router,Samsung,3D7F2AF162BE4D18,2024-10-17,Active
AST11994B255C,CUST100023820,Handset,Cisco,26608A1C526C4BED,2026-05-24,Active
ASTBF4AE06EA5,CUST100034646,Set-Top Box,Apple,7930037FEEF84B4B,2021-11-23,Active
AST57B9BC7883,CUST100076903,Handset,Cisco,A639AC05D8AF48CD,2019-04-29,Active
AST05B8B18DF6,CUST100050868,Handset,Apple,4D161C9EF10F4D2B,2016-06-29,Active
AST9F35FE750C,CUST100034464,Set-Top Box,Apple,08843719D9B94EFB,2017-08-01,Active
ASTC071D492C4,CUST100049234,Handset,Apple,5A0E4794131A407F,2020-08-19,Active
AST5BE89E3E2E,CUST100042197,Set-Top Box,Google,8CCF6145462D499C,2025-12-27,Active
AST7335B07606,CUST100097516,Handset,Samsung,7BC5D4EAB3D1435A,2026-05-31,Active
AST2692557067,CUST100030073,Handset,Nokia,9A155828EBB54378,2024-08-01,Active
AST8D9675FC39,CUST100055266,Router,Huawei,2F2A721DAB924444,2018-10-26,Faulty
ASTA1C5525B4E,CUST100086794,Handset,Huawei,8240EADF500B4ED8,2024-02-15,Active
ASTF184F46654,CUST100034743,Router,Google,6FC435CE3E474F57,2023-01-31,Active
ASTB7D02D8C62,CUST100025524,Handset,Samsung,148288302BDE4183,2018-09-22,Active
AST10C97F8CEE,CUST100063424,Modem,Cisco,81EBD247BCA341C8,2016-04-23,Active
AST09EC17E843,CUST100090273,Smartwatch,Arris,5ECDB22F122C477E,2020-09-09,Active
AST0B15477D11,CUST100055962,Handset,Apple,D26457B55B34499E,2023-01-12,Active
AST45772B3E88,CUST100094187,Home Security Hub,Google,91180635172B4A6D,2024-10-14,Decommissioned
AST7FD6C7DD36,CUST100095737,Set-Top Box,Apple,1CA535760F544F93,2022-05-07,Active
ASTF491909F51,CUST100077453,Handset,Apple,E2E9D9A05D994C80,2022-08-23,Active
AST88DA161140,CUST100058098,Router,Nokia,736AE67CD46F4BED,2016-02-26,Active
AST6ABA8B45C4,CUST100077618,Home Security Hub,Huawei,7C9169FFA7644BB5,2019-08-07,Active
AST57EE7DF6C8,CUST100051694,Router,Cisco,136097EEEB264AD3,2017-08-27,Active
AST5BE08DBD25,CUST100035815,Modem,Huawei,BD590DB25FAE42DA,2023-12-05,Active
ASTD466E16E56,CUST100056741,Modem,Google,36C3373276A44F91,2020-11-19,Active
ASTEBF0B0F9C2,CUST100099457,Home Security Hub,Apple,06F0D39EE98A4B38,2016-01-13,Decommissioned
ASTE205945AE1,CUST100062167,Handset,Nokia,5B557ECB00764CFA,2016-11-25,Active
ASTBCCF8E0CE4,CUST100084044,Handset,Huawei,A84E9B3965534AD2,2021-12-10,Active
AST0EE48F37F1,CUST100010596,Modem,Cisco,79A413073F144AD1,2018-03-08,Active
AST539B2ED69E,CUST100099195,Set-Top Box,Google,A0440A6FF1CF44EA,2023-06-11,Active
AST51E4BAF522,CUST100067363,Router,Arris,206518DB4DF94436,2026-01-04,Faulty
AST4976CF86BC,CUST100031478,Set-Top Box,Huawei,BA1A94B8EED34E53,2024-03-24,Active
ASTB2BBB2D758,CUST100094929,Handset,Huawei,941F77C4EF2A4D06,2023-08-06,Active
AST6868222534,CUST100026059,Home Security Hub,Huawei,3D71E8327FA84B19,2016-06-16,Active
ASTD3A3F125BF,CUST100097504,Home Security Hub,Huawei,12112C24996147B4,2016-12-16,Active
AST3DD7670E51,CUST100095274,Router,Apple,CB67CB054C0A4CA4,2021-08-09,Active
ASTC5EDF3456B,CUST100016525,Handset,Samsung,45B4FB0A689D46DC,2024-04-07,Active
AST6E5C173255,CUST100005964,Home Security Hub,Nokia,794AD818B55744F2,2024-07-14,Active
AST09AADDB132,CUST100084351,Handset,Huawei,AB411624CB4B4D92,2020-12-27,Active
ASTD3C255B785,CUST100096130,Handset,Google,2840A2D22BFA4A70,2020-08-27,Active
AST2C769F94A8,CUST100043071,Handset,Google,EEF81AD91F9647E1,2024-11-11,Faulty
AST7C8B1F90D7,CUST100025057,Handset,Arris,BE9A60E0FFF64A95,2019-03-05,Active
AST49F07CA68E,CUST100053071,Handset,Cisco,D702A373966E454B,2025-05-22,Active
AST2A6A101F33,CUST100027968,Handset,Nokia,56B1E07970854505,2023-09-03,Active
ASTABA02F9CD3,CUST100066212,Handset,Arris,E146CA68892045BE,2020-10-10,Active
ASTB4FA3000B2,CUST100008145,Modem,Huawei,1F953B1CBEC84B46,2024-06-09,Active
ASTDD060AA4A3,CUST100002283,Modem,Arris,6D41A5AE40474545,2016-08-06,Active
ASTE69576C46C,CUST100053594,Home Security Hub,Cisco,CB0CDBCE67D443AF,2017-05-19,Active
AST2DDFC8DB8B,CUST100084938,Handset,Samsung,5D64E6B1A7634CE1,2018-03-17,Active
ASTD5C493E846,CUST100058194,Handset,Nokia,F99A385956ED4351,2025-05-06,Active
ASTADF21D3812,CUST100083618,Handset,Samsung,B72E1B5EE6E241E6,2017-02-14,Active
AST918BDCCB3A,CUST100021564,Handset,Arris,B9604C9EDE3942EB,2018-09-12,Active
ASTA1C4D27DA1,CUST100058919,Handset,Cisco,C919F2B70E4E45A0,2020-04-07,Active
AST88B9BC9A41,CUST100090363,Handset,Google,7D3B2F174ACB49E7,2019-07-29,Active
AST06C4B25DC9,CUST100065237,Smartwatch,Nokia,84F03BC80ED141CF,2021-03-16,Active
ASTA46969142B,CUST100033043,Handset,Apple,247E958FD6F24ED0,2023-06-01,Active
ASTDAA2C00E71,CUST100011210,Smartwatch,Apple,B6B7CED154F347EE,2022-11-23,Active
ASTC680B04C80,CUST100037312,Handset,Google,095AFF8D704C492C,2020-03-19,Active
AST0E8CA1D755,CUST100006872,Handset,Apple,C17E4CF70E674B19,2021-06-06,Active
AST3EDB95DC9A,CUST100091441,Set-Top Box,Cisco,6574372139E94605,2020-07-16,Active
AST8BB076FFDB,CUST100009510,Set-Top Box,Cisco,E98E5D5A83614466,2020-02-01,Active
AST0B210FB446,CUST100084790,Modem,Samsung,1BDA78143B0D4616,2026-03-03,Returned
AST0E8166C786,CUST100010965,Modem,Cisco,4CBC3E68AC3F4B31,2021-09-19,Returned
ASTE21A0AD78B,CUST100059330,Handset,Huawei,81B2C06ACE6F4D38,2017-10-28,Active
AST48969F144A,CUST100062578,Router,Cisco,5AF6AEDF242A4508,2021-10-10,Active
AST9F915D01ED,CUST100081009,Router,Apple,1D053559FD0048FE,2021-05-18,Active
AST9CB167BC95,CUST100019144,Handset,Google,031A0C4C5E4F44A1,2023-10-15,Active
ASTD2AFB76B2E,CUST100021347,Router,Huawei,CDEF673FCF57434F,2018-09-28,Returned
AST1AED4A7067,CUST100027280,Handset,Google,16E6F85C4AEC40A4,2022-05-28,Active
ASTD4930CCBFB,CUST100000854,Smartwatch,Cisco,3CE4288F67494BC3,2025-10-16,Active
AST0FF7335A6F,CUST100094305,Handset,Huawei,FE8C77CCC72E460C,2021-01-06,Active
AST21D59C156F,CUST100076159,Modem,Samsung,43D60BA703C646B3,2021-06-30,Active
AST84471639FD,CUST100047937,Handset,Nokia,65C14B2DF04B4257,2017-12-24,Active
ASTEAE9C077D3,CUST100019056,Modem,Google,426E4376B5674ED7,2022-01-01,Decommissioned
AST4085A5532E,CUST100034171,Router,Google,1CF4EA60576E40E3,2020-12-20,Active
ASTC66ADA295D,CUST100031212,Handset,Arris,67C69818B3734F17,2017-03-06,Active
ASTE60A8AF8DC,CUST100086778,Handset,Nokia,5882246E196E4BDE,2024-05-17,Active
ASTADA68107FC,CUST100008175,Smartwatch,Samsung,47FA57A64132406F,2025-04-12,Active
AST505BD529D4,CUST100075965,Handset,Apple,CA12AC5459874D6C,2020-06-04,Active
AST8A29BDFEC3,CUST100054927,Modem,Google,423B4BF1715D403F,2019-07-22,Active
ASTC3B91C06A9,CUST100074619,Smartwatch,Apple,A94D2172F40B4BE8,2020-08-05,Active
AST6DD8BDAADD,CUST100084336,Handset,Cisco,69B0225DCFF64A21,2025-08-31,Active
ASTD4DFAD1306,CUST100033292,Handset,Huawei,0A5DC2ADCA9A4967,2017-06-03,Active
AST3DFB093B4E,CUST100060500,Router,Nokia,7EF519F357114B60,2021-06-21,Returned
ASTBCCCDEAA51,CUST100073092,Home Security Hub,Samsung,F1D6D20FF3AA46AE,2023-05-05,Active
ASTF441F5366C,CUST100079739,Router,Huawei,522B84D287504984,2019-03-01,Active
AST203BC44A4D,CUST100067028,Modem,Arris,B9B6CD8D9B3E4FA3,2018-01-07,Active
ASTC836AA152D,CUST100017056,Home Security Hub,Apple,A9D9DCCC20224F0F,2022-06-28,Active
AST00ECD41836,CUST100058329,Router,Arris,59AC80B6473E4D49,2024-08-13,Returned
AST99E4064877,CUST100077146,Router,Cisco,382CB34D981942E5,2020-10-24,Active
AST47DF1923B3,CUST100085409,Home Security Hub,Huawei,5214A9420FA34E1A,2024-01-20,Active
ASTC074F6679F,CUST100072488,Handset,Cisco,D8D50C784C594907,2019-06-25,Returned
AST228C3A4442,CUST100000877,Set-Top Box,Nokia,01F386400AD443A7,2023-07-04,Active
AST0141A7BC6A,CUST100002165,Handset,Cisco,B6DE882505C5465F,2024-11-26,Decommissioned
ASTB8E0C87B2D,CUST100016939,Handset,Cisco,CB5C4698760F48F9,2024-01-06,Active
ASTC47161AF31,CUST100036071,Handset,Apple,E1F71D783BF34A92,2019-04-28,Faulty
AST18595478BE,CUST100037090,Home Security Hub,Samsung,086DF3F5CDFF48EC,2025-10-07,Returned
ASTB1ADE90001,CUST100083308,Handset,Google,3EB40B1C107947A1,2025-06-17,Returned
AST069CAC5CA2,CUST100016583,Handset,Apple,74CFDFD386C2447B,2022-05-05,Active
ASTDC520D11C1,CUST100092854,Handset,Cisco,856CA0D86C8B46FC,2022-12-13,Active
ASTF1BE636470,CUST100039129,Modem,Apple,444C8FF647EA459D,2016-10-18,Active
AST053B4140AA,CUST100020073,Modem,Arris,52E4D80A4F7549A3,2023-10-20,Faulty
ASTC6385DA616,CUST100028582,Handset,Cisco,426C749017B74328,2023-09-22,Active
ASTE83F093BE3,CUST100064317,Modem,Huawei,3C1FDE3DA61C4705,2025-12-25,Active
AST4BA47AAFB4,CUST100070798,Router,Cisco,FFAFB2B4920C4D82,2017-06-19,Active
AST59079106AF,CUST100016228,Set-Top Box,Huawei,DCCC90E5538747DD,2025-02-08,Active
ASTBCC0AAF362,CUST100089276,Set-Top Box,Samsung,CFFC2AE76C5F4884,2018-11-30,Active
AST066C463282,CUST100033007,Modem,Cisco,99698E73CBB44CF2,2024-03-22,Active
AST05C595AF75,CUST100003952,Handset,Nokia,5FFAFFBB27174DBA,2026-03-13,Active
AST1EA41DDF16,CUST100013565,Handset,Samsung,68F74D795DFB47E9,2021-05-24,Returned
ASTDB6AEE75E8,CUST100068254,Handset,Arris,9B63DBCB0A964DD3,2025-08-20,Active
AST78E8E85BCF,CUST100084962,Handset,Apple,A0B009E51158454A,2021-09-22,Active
AST6CAF0486F3,CUST100012779,Set-Top Box,Samsung,CF5C6DBE08B446F3,2017-01-28,Active
AST0D8B983225,CUST100064366,Handset,Google,4DC90AD50EFB492A,2023-07-19,Active
ASTBBBF42459A,CUST100052998,Smartwatch,Huawei,314FD201CFDC4CE1,2019-08-29,Active
AST32E30E7CD3,CUST100035735,Handset,Google,A9A52781010049B6,2026-02-05,Decommissioned
AST1F6DC1B88B,CUST100027003,Handset,Samsung,9EC1535A02D64EF3,2021-12-14,Active
AST581683F5A5,CUST100005839,Router,Apple,3626A24D304B49D5,2024-03-27,Active
AST493D8D6745,CUST100014443,Modem,Nokia,DE66A82B27C44538,2025-01-11,Returned
ASTCA54180DBE,CUST100031786,Router,Samsung,385B51F081614AC5,2020-06-24,Active
AST51A84E3F87,CUST100006223,Handset,Google,079600B39658455C,2023-01-29,Returned
AST712F6C27DB,CUST100024318,Handset,Huawei,F67063BB1ED14E1A,2025-11-05,Active
AST21D34AE0D7,CUST100045556,Handset,Arris,2F42D018ED204C7B,2020-05-03,Active
ASTAFCD711485,CUST100045756,Router,Arris,D6B77B0167134DEB,2024-12-15,Returned
AST8D7006E26C,CUST100021068,Router,Nokia,ED997161BA5349B2,2026-04-05,Active
AST8FDDA14587,CUST100074387,Set-Top Box,Apple,7867AED306ED44D6,2020-06-12,Decommissioned
ASTAAC04749BB,CUST100028538,Set-Top Box,Google,2D8F30C705D74AE9,2023-10-05,Active
AST7EE493B931,CUST100048152,Handset,Samsung,43886E85E044402E,2023-08-19,Active
ASTF958D1B2C1,CUST100069613,Modem,Google,0BD724348C44441E,2022-05-06,Active
AST2D17F006DB,CUST100036691,Modem,Huawei,0C3FB7914E80482D,2017-11-02,Active
AST859EEB565F,CUST100077584,Router,Apple,5089CCEDA34A4E73,2025-03-30,Active
ASTB25FC205F9,CUST100033512,Handset,Cisco,CC80EE765B3F4850,2023-04-19,Active
AST470A5DB12D,CUST100006502,Handset,Nokia,EC53B40B542743F5,2018-03-08,Active
ASTAFD0390249,CUST100074911,Set-Top Box,Nokia,95A07F3A2A964B31,2023-05-31,Active
ASTFB6B9EF290,CUST100032605,Handset,Nokia,8044FF6B24424176,2021-01-22,Active
AST9E569166D8,CUST100047347,Modem,Google,2B3C38EF14B64A60,2017-10-04,Faulty
AST498F11EBDA,CUST100077273,Handset,Cisco,379E3C900EE54A22,2016-03-04,Active
ASTD696A688C2,CUST100081562,Set-Top Box,Samsung,3A9DA322D5254D2C,2018-08-03,Active
AST9C998AE0B3,CUST100002467,Home Security Hub,Arris,1BA32312CE00485E,2022-04-07,Active
AST2CA167C2F0,CUST100056824,Handset,Cisco,406B9C9DA5114464,2021-09-16,Active
AST1AD4B95EA7,CUST100068371,Router,Samsung,9AFD92B5056C4A31,2016-11-19,Active
AST54D0634F7C,CUST100002370,Handset,Apple,E33BC3563266477F,2020-08-22,Returned
AST484C32041F,CUST100033118,Router,Google,CAB7B3F35FA94190,2021-06-22,Active
ASTED25CBEA93,CUST100017677,Set-Top Box,Apple,B025E1E3FA04445D,2020-07-15,Active
ASTB407892233,CUST100017867,Set-Top Box,Samsung,B3945B79AF8B4CE7,2024-03-10,Active
AST07A418B410,CUST100012492,Handset,Arris,5E0CFCCC5C194982,2022-02-12,Active
AST67C4BA2BB3,CUST100005838,Handset,Huawei,9064736D376C46AE,2019-03-12,Faulty
AST2834D398F8,CUST100019723,Modem,Apple,2DB6175AE6274FBC,2021-05-19,Active
ASTFB284ED09F,CUST100010564,Handset,Arris,2771D0C0BD5343F6,2022-07-10,Active
AST3B77232612,CUST100054504,Handset,Cisco,8483EC565BD147E1,2025-09-26,Active
AST03B1CAB41B,CUST100092897,Handset,Arris,966F2EAAC9694A23,2017-03-24,Faulty
ASTDD22F7F316,CUST100036413,Handset,Cisco,379C8B88DA3A4069,2023-03-02,Faulty
AST51EB074217,CUST100054801,Router,Apple,EB533886D2854C07,2025-01-30,Active
ASTCE726ED276,CUST100082310,Handset,Arris,7DB7DC7D224B4FD9,2022-09-23,Active
ASTEB0CD68D65,CUST100068994,Modem,Google,6AC26FE18BDE4954,2025-10-10,Active
AST1E01230767,CUST100039274,Handset,Arris,F796ADF7D0724087,2025-11-23,Active
ASTF7EF66B8E5,CUST100030366,Handset,Samsung,F7CBF78A30324AD5,2022-04-05,Active
ASTD8710DD234,CUST100034377,Modem,Google,A8A6339060264D60,2016-01-16,Active
AST1041B3A7F1,CUST100056180,Router,Google,C87B6A00A5204514,2017-02-10,Active
ASTE90611C1BB,CUST100040751,Handset,Samsung,2363600CFDE94172,2018-08-26,Active
ASTD8B7C817AF,CUST100017062,Modem,Nokia,812BE9E7061C4D96,2018-08-25,Active
ASTF583E8B563,CUST100095207,Handset,Apple,3D34E52F37954E94,2020-06-10,Active
AST7D95FFB894,CUST100094045,Home Security Hub,Samsung,1DB2DBA072774810,2024-05-11,Active
AST4817FDDD9E,CUST100043129,Set-Top Box,Cisco,58329B381C2B4642,2019-03-28,Active
ASTB836346E3A,CUST100027870,Set-Top Box,Nokia,8B3A9A4EC356407F,2026-04-15,Active
AST8B48664E02,CUST100010187,Handset,Nokia,0C4C84455C0449F4,2017-11-11,Active
AST9185C93CCC,CUST100070477,Home Security Hub,Huawei,B526851A38DF4587,2017-11-13,Active
AST24EAE06A56,CUST100025852,Handset,Cisco,57D08862E01B42EE,2020-01-11,Active
ASTC1500415A4,CUST100086700,Router,Cisco,091511432C4247CD,2026-02-12,Active
AST2365AC42CA,CUST100098262,Home Security Hub,Apple,5AC3E9379B52459D,2021-06-02,Active
AST4C917812B8,CUST100072875,Home Security Hub,Apple,1C84B50D04D04462,2020-02-27,Returned
AST62301A20E3,CUST100070530,Set-Top Box,Huawei,71556F5ED4B044CB,2018-09-28,Active
ASTA7BD4EB5A9,CUST100037766,Modem,Apple,0CA2A6A5FFC54BF4,2026-03-30,Active
ASTF4787F3C9A,CUST100008824,Modem,Cisco,8B45D0B175074672,2022-07-30,Active
ASTE875934C7A,CUST100088175,Modem,Nokia,8D089AABCA6F4C38,2025-05-16,Active
AST7DE12EF330,CUST100047848,Set-Top Box,Google,B35BF75F50CB47DF,2021-11-15,Active
AST60325F0E6E,CUST100045195,Handset,Apple,318A358D69794E38,2021-08-21,Active
AST091D3CDAA5,CUST100097489,Handset,Google,9C125138780546EE,2021-06-25,Faulty
AST4C94FF367C,CUST100022266,Home Security Hub,Apple,2360A3C6D2654BE5,2021-06-15,Active
ASTB75B477C9C,CUST100039532,Handset,Apple,1CAC3DE0AF114B16,2025-02-27,Active
ASTEF68B50763,CUST100033627,Set-Top Box,Cisco,9D5160196A6C4F52,2025-02-14,Active
ASTFB02AB7A6B,CUST100034527,Modem,Nokia,96DDDD8232D745C0,2020-12-17,Active
ASTB918E5790A,CUST100045640,Handset,Apple,80612133A3A64555,2017-06-13,Active
AST509DCE8CC8,CUST100054443,Handset,Google,B55F869E5A3747E3,2024-10-25,Returned
ASTE796A0D567,CUST100080870,Handset,Nokia,D04A7094F17D4D04,2023-12-17,Decommissioned
ASTB3B28D516C,CUST100083582,Handset,Nokia,0CF1ACD67D4F4152,2016-07-21,Active
ASTDCDB003182,CUST100079621,Handset,Nokia,8484893178C3454E,2020-10-08,Active
AST11DFC152D5,CUST100036931,Modem,Arris,EB29E83E1E714418,2018-05-09,Active
ASTCB2DD9EA10,CUST100005290,Handset,Huawei,ABE1B96DE45B45B5,2025-12-02,Active
AST990EDB2153,CUST100048381,Set-Top Box,Samsung,6543EA5A07AC40DE,2025-10-13,Active
AST7DD0193602,CUST100061922,Router,Google,0478FB92F44E482B,2021-02-07,Active
AST4AC6BB17B0,CUST100015744,Smartwatch,Google,B981AC0392D74F6A,2019-11-27,Faulty
ASTEAABCEBED0,CUST100017573,Handset,Cisco,3B57054BB81E451E,2019-08-15,Active
ASTD965F58562,CUST100067771,Handset,Apple,1C999E2DADE24AF7,2021-03-12,Active
ASTB7EB0BC6A0,CUST100057331,Router,Nokia,1E50A906D33042C5,2025-03-28,Active
AST56319A45B9,CUST100072920,Modem,Cisco,56FDF016B78A4BC3,2024-11-20,Active
ASTB53CCAC2B8,CUST100045029,Modem,Cisco,8C5B3022D97E4F0F,2017-08-28,Active
AST77F39BB4BB,CUST100073547,Set-Top Box,Google,8411A5F3357C4648,2021-09-24,Active
ASTFB5190745C,CUST100093644,Router,Cisco,8E29D4DD7B9E408D,2018-05-04,Active
ASTCD94867E7F,CUST100068197,Handset,Google,FE164FD2D9084F40,2017-08-23,Active
AST659903EB5D,CUST100029516,Modem,Samsung,0804303951344053,2016-02-23,Active
AST6523F4DC95,CUST100022174,Set-Top Box,Apple,0BF460C72B624661,2018-08-10,Active
ASTA62C404C85,CUST100005215,Modem,Google,C230909A68084F2A,2017-10-17,Active
AST7A61D02A7F,CUST100087522,Handset,Huawei,B5A1948EE98D478B,2017-09-02,Active
ASTF624819E83,CUST100039349,Router,Nokia,E5535666813945BD,2019-04-23,Returned
AST62D1A1D6EE,CUST100068241,Handset,Arris,95F456575C8547A8,2026-02-26,Returned
AST4B88C42B3E,CUST100017433,Home Security Hub,Samsung,1842BBC7A968402B,2023-07-02,Active
ASTA5EF1DEC1B,CUST100014717,Router,Arris,9040A0B2553C45F9,2021-11-04,Active
AST1B7AA9C4CE,CUST100041739,Handset,Apple,3958B058FF1A4D01,2024-11-03,Active
ASTC341210E47,CUST100065519,Modem,Apple,22CDB397BD474A78,2026-05-10,Returned
AST7599340776,CUST100089255,Smartwatch,Samsung,8471E49794E74C6A,2023-08-30,Active
AST4FE3E4844E,CUST100005259,Set-Top Box,Huawei,BFC22932FDAE4462,2023-10-05,Active
ASTFC5161EDE5,CUST100038194,Modem,Cisco,8D57D0D41B034F86,2020-12-27,Active
AST6E73875170,CUST100077225,Handset,Google,2920C8903F1849DF,2023-04-22,Active
AST7E718E70EE,CUST100063728,Set-Top Box,Apple,CCCD35A6B43D4F8A,2026-06-10,Active
AST7B16467061,CUST100055322,Modem,Huawei,36EDAC0B04BE48FE,2017-09-17,Active
AST3181D8E4A5,CUST100090877,Handset,Cisco,987FD02C4E7740DD,2019-06-05,Active
ASTF5AC766665,CUST100004576,Set-Top Box,Nokia,5FC19E3D0A364FD1,2019-04-03,Active
ASTAB1F439B8B,CUST100068650,Set-Top Box,Apple,52544453F8C345EB,2020-09-01,Faulty
ASTF0F518BBB9,CUST100083329,Router,Arris,E50EDEB1A1A34A9D,2023-01-25,Active
ASTB41D1C7FCF,CUST100042513,Set-Top Box,Cisco,076DC0DBE1564BD2,2025-12-08,Active
ASTA86CC2CECB,CUST100040633,Modem,Nokia,9C5261C2C38A4C64,2018-11-22,Active
ASTAE01157ECA,CUST100018461,Smartwatch,Apple,B242FC6E14AF4903,2022-07-24,Active
AST19D9C801DE,CUST100046646,Router,Apple,6FEB83D14FC44738,2021-03-06,Active
ASTAA27188F2F,CUST100001352,Modem,Huawei,9F7EFAC2908C425A,2024-07-04,Active
AST91A5B9F84D,CUST100089489,Modem,Arris,ADEF778582DF4E80,2018-08-20,Faulty
AST20E7349E2B,CUST100065547,Modem,Arris,BC9E7A6D2AC1442A,2025-01-10,Faulty
ASTF066C5802D,CUST100002523,Smartwatch,Arris,116C2F0C21DA4610,2026-04-30,Active
AST5254511F2F,CUST100013220,Home Security Hub,Arris,7870889DB3F64791,2025-10-21,Active
ASTF878D563E7,CUST100093610,Router,Huawei,D689FFE924FC4588,2022-01-07,Active
ASTFD3A45DDFA,CUST100067851,Modem,Cisco,E76F7A6AE48D4615,2018-10-04,Active
ASTEAA8CA2BAA,CUST100062655,Home Security Hub,Arris,F33BAF5640644DB1,2016-06-22,Returned
ASTF0B7BCF0C6,CUST100089479,Modem,Cisco,8CC6D096FC1449A9,2018-10-05,Active
AST88ADADECFE,CUST100011155,Handset,Samsung,D3FEBD6C2CBC4361,2019-02-03,Faulty
AST1530F77300,CUST100089951,Handset,Apple,12AEF67D1D474C46,2018-07-16,Returned
AST68BEB693AB,CUST100084484,Router,Apple,E2FDDA8E5E7A4EA0,2017-06-14,Active
AST0A581C00CF,CUST100039851,Handset,Huawei,FE44E06BC9FD47C5,2018-09-07,Active
AST564AC0DC72,CUST100065928,Home Security Hub,Huawei,BBB5089C82E249F6,2023-03-02,Returned
ASTE8F1697FF4,CUST100053929,Handset,Arris,271B1F43EB3E4CE2,2019-05-01,Active
ASTDD3115D241,CUST100083646,Set-Top Box,Nokia,32F50DF04B154FB1,2024-04-06,Active
AST0ED080A683,CUST100072698,Modem,Samsung,605E4542E4FF4E88,2025-10-21,Active
AST6296E4D8DC,CUST100043278,Home Security Hub,Nokia,8B9824C8E81A4F2E,2016-07-10,Active
AST9AD43FD567,CUST100083808,Set-Top Box,Samsung,F6C2FD67EDC842F8,2017-10-16,Active
AST329AC2EF4E,CUST100029388,Handset,Samsung,98E8913D36FC44DC,2019-04-06,Active
AST53F3640180,CUST100066023,Handset,Google,97038BCCE5C74D5D,2018-01-28,Active
ASTE18094A0A3,CUST100086073,Set-Top Box,Apple,92A590F16A5949D2,2024-02-10,Faulty
AST276889FDBE,CUST100035526,Router,Huawei,3B1BA199D71A49EC,2018-04-21,Active
ASTB4207914B1,CUST100052887,Handset,Samsung,185CE6F0C5544DB5,2025-12-14,Active
AST86736EA30D,CUST100027125,Router,Huawei,3681EAC0BE4F4711,2019-01-01,Active
AST4401A7D791,CUST100034837,Home Security Hub,Samsung,7C060161B02E477A,2019-12-22,Active
ASTA1F9F5C1CF,CUST100013517,Set-Top Box,Samsung,37F754C9B9B548CC,2021-04-29,Active
ASTB86E987FEF,CUST100041477,Home Security Hub,Apple,DB0D02A030614773,2025-07-02,Active
ASTA1303C7C64,CUST100065625,Router,Nokia,BB53335516D047E9,2023-08-26,Active
ASTDEA3C276DE,CUST100073493,Router,Google,74AF83DD552A4922,2026-02-02,Active
AST2AB520AB6E,CUST100050160,Router,Nokia,3862BFBC0B7B45B5,2022-11-27,Active
AST74C64BDEDB,CUST100057764,Router,Samsung,EE0069CE75DA4ECD,2026-01-31,Active
AST44F877377E,CUST100001949,Set-Top Box,Nokia,762F11AA7353435B,2018-01-01,Active
ASTD7F1FB2AB9,CUST100082306,Smartwatch,Google,628B2050A5C642C1,2022-08-08,Active
AST0ADD9508A6,CUST100020787,Handset,Nokia,05FFF2903CE14645,2024-09-04,Active
AST509B517C31,CUST100068600,Handset,Google,2142B4228E0A4B0D,2020-06-21,Active
AST1BDC82F8BA,CUST100003585,Handset,Nokia,7FD580CB152C4EE3,2022-04-14,Active
ASTB65749D284,CUST100044851,Router,Apple,491F6FA5D0CB4D44,2021-07-21,Returned
AST1904096D72,CUST100001151,Router,Huawei,A7B8F436BBE842D5,2025-01-19,Returned
AST92F6588CE7,CUST100044795,Handset,Apple,31D62699654C4448,2022-12-05,Active
AST302B26A589,CUST100021872,Handset,Huawei,8E877C767A2A4028,2022-12-07,Active
AST95C302FAA6,CUST100000654,Modem,Arris,4D1132773AC143C7,2026-03-07,Active
AST1BCDBC584F,CUST100040712,Handset,Nokia,3A895BF05D57470E,2025-06-05,Active
AST82444F32AD,CUST100024005,Handset,Cisco,67E9C81BBA464191,2022-02-07,Active
AST1F7D893A90,CUST100048960,Handset,Huawei,876AFCFCB3F4417F,2020-09-01,Returned
AST99EE699DCC,CUST100056748,Set-Top Box,Nokia,0C739C8227654B7E,2025-03-05,Active
AST83CDB469A8,CUST100090473,Handset,Apple,B72FD34DDA9B4620,2022-07-09,Faulty
AST4DD5EE8E83,CUST100046032,Home Security Hub,Cisco,60EEB64B36774848,2016-07-12,Active
ASTCF456F0B0A,CUST100082203,Home Security Hub,Apple,4CA8F68A1A104AA5,2019-12-26,Active
ASTB679A0EDF4,CUST100023801,Router,Nokia,768FB4B6D0694AB1,2023-09-24,Active
AST820E1CA66C,CUST100046257,Home Security Hub,Cisco,5E9B5C9338644556,2025-07-03,Active
AST7B19442194,CUST100028868,Set-Top Box,Arris,9FC7813A3D4D4D45,2022-05-24,Active
ASTF5E7094B0A,CUST100040799,Home Security Hub,Arris,F87F4425894C4E0C,2019-12-10,Active
ASTB77A1B81BD,CUST100039958,Handset,Huawei,0C47FD5F9AFF4931,2020-08-09,Active
ASTF4AED2A125,CUST100017220,Handset,Nokia,27EE338D895E4534,2020-12-11,Active
ASTC44493872A,CUST100000326,Router,Huawei,E2A4622A39D34A22,2024-01-15,Active
ASTC6E7188903,CUST100025236,Handset,Cisco,F457DDBF6FEB4BE5,2022-10-15,Active
ASTD625981680,CUST100064171,Handset,Nokia,F77FE1CE122B4FFB,2020-10-01,Active
ASTE5ABCF4EF4,CUST100056323,Handset,Samsung,E4B9F2F66A734A9F,2023-08-20,Active
AST9CDAFE7479,CUST100089617,Handset,Cisco,E009EE9A333B453E,2018-12-27,Active
AST6C0F6F0419,CUST100049761,Modem,Cisco,5B85523C8B1F475A,2024-01-06,Active
ASTD3FDB823BE,CUST100061304,Home Security Hub,Google,0658F0936504419E,2021-09-17,Active
AST1D4292B817,CUST100073252,Router,Apple,7E2C2A195F154184,2021-07-26,Active
AST9F2D13548A,CUST100076810,Handset,Samsung,0CD2F15E31194F19,2019-04-26,Active
ASTC28F5BAE8B,CUST100021123,Handset,Apple,319BB220104D40C9,2023-08-19,Active
AST7DBEB6401F,CUST100023501,Handset,Huawei,61F870DB0B3D4D92,2016-11-09,Active
ASTDD18A4A35D,CUST100015581,Handset,Arris,11623EDD5E2C4D31,2019-10-15,Active
ASTDC89227425,CUST100016554,Set-Top Box,Samsung,DB1355600C234E86,2019-05-23,Active
AST8943A08D27,CUST100021138,Router,Google,B5DCB0AB76294476,2025-02-27,Returned
AST5A79C394FA,CUST100035001,Handset,Cisco,271440B428C64D5D,2024-05-16,Active
AST0F6E2C73F7,CUST100029467,Handset,Samsung,E814EBCC62C04F3C,2025-02-25,Active
AST243792FC4A,CUST100046145,Router,Arris,9842B9AA518A40BE,2022-05-11,Active
AST10A905AD4D,CUST100051146,Router,Nokia,0F8A9BB7FE474E03,2016-01-27,Active
ASTC2AEAB393F,CUST100068779,Router,Google,1701DF3676A94A4B,2018-02-03,Returned
ASTF007FA250A,CUST100003212,Modem,Huawei,8B1A3B3850254CE3,2023-01-22,Active
AST8CCD38E4C9,CUST100061384,Smartwatch,Arris,468894BB34734451,2017-06-06,Active
AST983769AD98,CUST100017993,Home Security Hub,Nokia,77112395A42E41B5,2023-04-14,Active
ASTE418B28373,CUST100068601,Handset,Apple,E5535772284D4DC6,2019-06-14,Faulty
AST925D6C001D,CUST100090166,Handset,Huawei,F9F93BAF939E40EB,2024-03-25,Decommissioned
AST91984AD202,CUST100004731,Smartwatch,Nokia,852410B4D0EC4255,2025-01-22,Faulty
ASTCDCDA1806B,CUST100000987,Handset,Apple,C60F565984E14D45,2017-04-18,Active
AST25CC4564B4,CUST100099839,Handset,Samsung,B267BAA585A24AAD,2026-05-10,Active
ASTDE5AD36158,CUST100069267,Set-Top Box,Google,021638F8E04948CD,2018-02-12,Active
ASTD6AEE799B2,CUST100076722,Set-Top Box,Samsung,A0DC3AB0BDEF48AC,2019-10-13,Active
AST2C813D757B,CUST100077879,Home Security Hub,Nokia,27F7765C868C426E,2019-03-14,Active
AST6CB8679CC7,CUST100004702,Router,Huawei,67F65232E7DD44B2,2016-01-30,Active
AST44E0176676,CUST100017804,Handset,Apple,BDCBAF002F214A70,2023-12-05,Active
AST68C970C433,CUST100068165,Home Security Hub,Google,ABB96AA1A4BF405C,2026-03-08,Active
AST68EC2085D1,CUST100095500,Home Security Hub,Samsung,09448AA7FF4945A3,2025-02-07,Active
ASTA1C15FFAD2,CUST100072827,Router,Google,C60C72C6C6724165,2021-07-19,Faulty
ASTEF869F29E7,CUST100024529,Router,Arris,9D8C3D18845F4382,2026-03-02,Active
ASTD5A8627C57,CUST100009491,Handset,Arris,226B8F8A82A04E0D,2024-05-01,Faulty
ASTEFC7DF1510,CUST100069303,Handset,Samsung,801783F5D87F4B9B,2018-11-16,Active
AST4D8FFD1380,CUST100047506,Handset,Nokia,6AB893D31A2D4BF9,2021-09-21,Active
ASTEDD56EE156,CUST100024079,Handset,Huawei,005F7BE9A6E7429E,2021-06-29,Active
AST6210572EFA,CUST100037320,Modem,Samsung,3548330EC9594A80,2023-11-10,Returned
AST5848842805,CUST100063648,Handset,Samsung,B07A27F5D3244248,2019-04-11,Active
AST64C5F2E4E6,CUST100060072,Handset,Arris,8DEC50FD899B4F49,2020-09-15,Active
AST3A7A3D850D,CUST100078896,Modem,Nokia,D19C14BE29234DA0,2024-02-06,Active
ASTDA960B026D,CUST100026148,Router,Nokia,D90470EB9FE04BAB,2017-11-23,Active
AST0AD02F16DD,CUST100057980,Handset,Huawei,885A501450184D6B,2016-10-05,Active
AST1163037FD2,CUST100088465,Smartwatch,Samsung,C06B4CC0C68C406F,2026-02-13,Active
AST16FC89AA86,CUST100071010,Handset,Google,96E62306B07D4253,2020-05-21,Active
ASTEB4C7943B5,CUST100085636,Set-Top Box,Huawei,18B0A1358C8844B5,2020-09-15,Active
ASTDB727C512D,CUST100017887,Router,Nokia,1BF6E6FD403B4663,2022-12-18,Active
AST8F3C78B891,CUST100086272,Handset,Apple,20E6D18991EE4A50,2025-03-21,Active
AST6105A5D5AA,CUST100034663,Smartwatch,Arris,79EE63D2DF56440A,2020-07-25,Active
AST2A66208F11,CUST100021211,Handset,Arris,356FC0A0E23D4BCC,2024-06-29,Active
AST6981147973,CUST100084420,Set-Top Box,Nokia,8153A6C7526743B8,2026-02-08,Returned
AST0425F974DC,CUST100062957,Set-Top Box,Apple,7F026E48A330428C,2022-02-26,Active
AST6EDA97ADFC,CUST100025904,Router,Samsung,D2169BD1E7DD4205,2021-10-26,Active
ASTC5627AB545,CUST100065351,Set-Top Box,Google,EBDA8C84243D4562,2018-10-11,Active
AST802DC54E8B,CUST100049524,Handset,Cisco,20A50809F2EC4823,2017-12-01,Returned
ASTA48604E454,CUST100040088,Home Security Hub,Huawei,0943D8C809CF4ED5,2019-09-05,Active
AST0B5048D9EC,CUST100031798,Modem,Apple,B1782656A35D4020,2016-01-14,Returned
ASTF55535A860,CUST100066241,Set-Top Box,Huawei,D30384BA4D8E4512,2017-04-24,Active
AST1782A0A9CB,CUST100079842,Router,Samsung,83EC17ACF86041DF,2024-10-03,Active
AST81454F5049,CUST100048079,Modem,Samsung,DC2757B28EA44C9B,2023-06-25,Active
AST88D0B83CAD,CUST100073590,Modem,Nokia,4E55377067944A06,2016-05-24,Active
ASTEF379EBAD7,CUST100061985,Modem,Google,63E6A57B74A447B8,2017-08-28,Active
AST99A7903B77,CUST100048538,Modem,Samsung,9EC73855B7E94EF7,2020-12-20,Returned
AST2F1BA1CF52,CUST100056366,Modem,Huawei,300748F7403347E6,2018-04-05,Active
AST30E8C2A5E3,CUST100009877,Router,Apple,75AD814D8ED14B91,2024-06-14,Returned
AST1C405D3850,CUST100062225,Smartwatch,Cisco,E20C70DE93854742,2024-06-17,Returned
AST14CE969D0B,CUST100010790,Handset,Apple,57D9B1C9CA4B4C8C,2016-03-28,Active
ASTD42DADBA63,CUST100039909,Router,Cisco,CC329A4B09DD4BBD,2022-03-18,Active
AST3A8E4C5F87,CUST100039695,Handset,Arris,3D1F0D29FF234D5F,2025-09-20,Active
AST617365B192,CUST100053176,Handset,Samsung,45599F19D3524150,2022-04-18,Active
AST5BBDBCA0BA,CUST100060993,Handset,Apple,A541954B883B4885,2017-12-09,Active
AST54299C561F,CUST100029292,Handset,Apple,6E136B18E9DF4137,2017-07-12,Active
AST0BB7726988,CUST100030085,Handset,Arris,928504F686114A08,2016-10-25,Returned
AST3EF9118EAF,CUST100086198,Handset,Samsung,3EF8753CAC9E462B,2021-09-14,Active
AST6F5B68DDA5,CUST100030098,Handset,Samsung,BFBAFC5BA28B43DB,2022-11-12,Active
AST5DE6EA0757,CUST100074965,Handset,Cisco,4909FBF710F24147,2020-08-14,Faulty
ASTD2A56599A2,CUST100037633,Handset,Google,B5A3689DAFBA4870,2018-04-13,Active
ASTD9A13F7C6A,CUST100061246,Handset,Huawei,D5C3EC4CFDC148F2,2020-07-20,Active
AST57187C2FB3,CUST100081698,Set-Top Box,Samsung,3055A3BEDE764398,2019-07-10,Active
AST2747AA4EC4,CUST100034462,Router,Cisco,9CEF4E72D48B4C06,2016-01-22,Returned
AST92D9FF148A,CUST100030269,Set-Top Box,Huawei,4D9473F83DAA4B2E,2024-01-11,Decommissioned
AST77449D7D66,CUST100076845,Modem,Arris,1836AA18027145FA,2025-12-10,Active
AST29BD6738EF,CUST100044699,Set-Top Box,Apple,3AB45CB89C0C4476,2020-11-22,Decommissioned
AST9331EBF1D3,CUST100065877,Handset,Cisco,69ED2DB585384E66,2019-06-19,Active
AST0AA705C64C,CUST100075431,Router,Samsung,1C1E6C5922D34CEF,2017-09-05,Active
ASTE0EBE0F3E0,CUST100033342,Router,Apple,FDAB85D15270432A,2019-09-16,Active
AST83E8469F2B,CUST100057987,Handset,Nokia,25CFF6D97F544EC1,2019-02-22,Active
ASTAA3F6B88BC,CUST100042904,Handset,Huawei,8E7DE78329F145B4,2021-02-13,Active
ASTDE04070A49,CUST100068636,Home Security Hub,Huawei,38EAE994FDD64BB9,2018-11-04,Active
AST66EC334C1B,CUST100021087,Smartwatch,Cisco,85D3B72D1E5E4F19,2016-02-09,Active
AST97C8E90BEE,CUST100027420,Handset,Arris,0D735A34EF66409A,2021-04-20,Active
AST611FB5992D,CUST100047113,Handset,Cisco,C31EC0890F8A47F6,2021-03-18,Active
ASTE30BA562C4,CUST100097593,Set-Top Box,Google,A26689AE7B8D4F85,2022-10-12,Active
ASTA4FCE86BDE,CUST100036779,Modem,Huawei,5CDDA39D9E0E4F03,2018-02-23,Faulty
ASTBD62527AA9,CUST100024764,Set-Top Box,Cisco,93CB7778829D4AFD,2023-12-01,Active
ASTD514FBB186,CUST100006863,Handset,Samsung,150C1D8C5E084A14,2017-04-19,Active
ASTDEB1A4D0DF,CUST100018323,Handset,Apple,69720F3F22524C49,2019-11-09,Faulty
ASTE0DF72EB7E,CUST100059780,Smartwatch,Huawei,AF0E0FFFABD64A49,2017-01-27,Faulty
AST9730447495,CUST100047832,Modem,Nokia,2891B0BF3A984C3B,2023-04-09,Active
ASTACC383C596,CUST100097428,Handset,Arris,6EAE158CF813475B,2025-03-08,Active
ASTEBF30DA05B,CUST100065588,Handset,Nokia,D3FC5117E7ED4B99,2018-04-15,Active
AST44E387EACA,CUST100084381,Handset,Cisco,EA0FD9BD68014777,2018-02-07,Returned
ASTAE1DDC17AA,CUST100027597,Home Security Hub,Cisco,2D594EF2C7CD451E,2023-03-26,Active
ASTEF14B223D7,CUST100086281,Smartwatch,Nokia,B9C0B6F90E414A78,2021-02-16,Faulty
AST4962F0AD8D,CUST100013475,Smartwatch,Arris,6327EC916B7144ED,2024-12-05,Returned
AST3884AF1531,CUST100005820,Set-Top Box,Huawei,F326314367654BE3,2025-06-11,Active
AST527D5EA5C8,CUST100070549,Set-Top Box,Google,3A80F883C5CC4895,2022-09-25,Active
AST2C9D1014D4,CUST100074137,Handset,Huawei,F4E655306241494D,2025-01-19,Active
ASTF2DDE4BF19,CUST100067822,Router,Google,0549167558654552,2019-12-17,Active
AST710EB0B28D,CUST100012360,Handset,Samsung,04BD3AC69FEB4333,2022-07-21,Active
AST420368A52A,CUST100025101,Smartwatch,Huawei,2FEE2F76DB654C25,2026-02-01,Active
ASTA0C77AEB5E,CUST100049477,Handset,Cisco,3BB2943836DD4E17,2025-11-12,Active
AST826E5C4686,CUST100048418,Router,Nokia,CF81A14155E44EDD,2023-08-27,Active
AST3B47FD9E16,CUST100078875,Handset,Nokia,0C6625BD80374A78,2021-11-17,Decommissioned
ASTFDDD8CD9F9,CUST100080868,Modem,Nokia,EF4BCB40F157432E,2019-10-03,Active
ASTF3CCB88ED4,CUST100015473,Handset,Arris,BB1FD93B78CA4B90,2022-04-10,Active
ASTAB40447CC7,CUST100053685,Handset,Google,FB1892402A5B4BAE,2017-06-12,Active
AST495FC8BF49,CUST100086427,Handset,Google,9EB2CF6A1D6E4912,2019-07-20,Active
AST8C2FA669B8,CUST100004222,Modem,Samsung,62809A03EE8941C7,2025-01-10,Active
AST60DD494DD0,CUST100053834,Router,Nokia,6BEFA585F5AB4A4F,2021-04-19,Active
AST5401C0AB85,CUST100028182,Set-Top Box,Samsung,FAE077EBD7A4420C,2026-03-03,Active
AST269132749B,CUST100092391,Router,Apple,11FFB3DEBAA74B89,2017-02-28,Faulty
ASTE8FF37F621,CUST100090418,Handset,Google,B6AA479D21974DC6,2024-04-03,Active
AST82ED575CDA,CUST100022841,Modem,Google,4DD74AC8E1204AF7,2017-07-07,Returned
AST038CDF46A1,CUST100065857,Handset,Arris,C121BE86EDB24C9F,2023-04-02,Active
AST45AAF66992,CUST100077069,Modem,Arris,64061955CEAB4457,2016-09-03,Active
AST814D67DD4E,CUST100069675,Handset,Samsung,F715E9AB1B604D2E,2017-10-17,Active
AST353A077022,CUST100036362,Modem,Nokia,2B7FB44CCF804936,2024-04-20,Active
AST64AA381DE2,CUST100002500,Handset,Google,B60583C62C9448F3,2025-06-13,Active
AST39DE25FB3F,CUST100031350,Handset,Cisco,9A6FB8C9B38143AA,2018-07-30,Active
AST7D0CA29F2B,CUST100088769,Router,Arris,CDE3BF4980334732,2016-09-13,Active
AST10C8C53967,CUST100096582,Handset,Nokia,A2F409F2607C424B,2024-04-02,Active
ASTE14296551C,CUST100049173,Handset,Samsung,7F29FC4A13F54271,2018-06-26,Active
AST30044EDB86,CUST100052410,Set-Top Box,Google,B156CE9E1B1B492E,2017-04-12,Active
AST79CD61B94F,CUST100048386,Handset,Samsung,4615474BFE3940F8,2021-11-12,Returned
ASTE6EDA685B1,CUST100074869,Handset,Apple,C1A90F7E828043A7,2023-01-22,Active
ASTEE7D7C53B3,CUST100011910,Set-Top Box,Huawei,DDE583F5494B41A4,2021-01-19,Active
AST0AF6E90AA7,CUST100087761,Home Security Hub,Arris,E9031C880C0540AC,2022-04-24,Active
ASTFCBDEDE5B3,CUST100020760,Set-Top Box,Samsung,8A1B903B60A14402,2022-04-12,Active
AST7F0D2919B2,CUST100075125,Handset,Apple,4C83C541F1604637,2023-12-06,Active
ASTE475D3CE8A,CUST100091836,Handset,Cisco,E5DDB88896CA4B4C,2022-05-31,Active
ASTD49EF1AE8F,CUST100089129,Handset,Arris,6CEFFCF82A734A79,2017-07-30,Active
ASTFBA83A3CA1,CUST100009090,Router,Arris,BAB0E906081C4AAE,2016-03-26,Active
AST24192599C4,CUST100087348,Handset,Apple,A161B28A55B04622,2021-04-02,Active
AST5051EEA959,CUST100015421,Handset,Google,ECF2D3CA233A4E09,2019-02-02,Active
AST73E04068FA,CUST100022638,Modem,Arris,2D682F19D16448FE,2024-12-29,Active
AST19A7276CDF,CUST100028211,Router,Apple,17D0FC7794864D05,2016-08-15,Active
ASTD2DD7163EC,CUST100056654,Modem,Cisco,18AC21DCEC3144B6,2021-03-05,Active
ASTC84E313BA6,CUST100011511,Router,Nokia,C144C7AA7CBF4F7C,2021-06-29,Active
AST965160AB09,CUST100029973,Handset,Arris,1AD2AF53CC2B4BD0,2023-09-19,Active
ASTC1F01FEFE5,CUST100017632,Modem,Cisco,C073D0B5E1B84482,2026-03-25,Decommissioned
AST84D850D721,CUST100012330,Handset,Huawei,EAD38665CAD14B6E,2024-11-19,Active
AST611A2BD8CD,CUST100039975,Set-Top Box,Arris,21DCC15FFC134800,2023-04-18,Active
AST5548A71B85,CUST100081027,Handset,Huawei,8DAC6501C4EF4DF3,2020-04-04,Active
ASTCB92F62C8A,CUST100009042,Handset,Huawei,20DC1C2A6BA443D8,2025-09-27,Active
AST7E4FBB8D80,CUST100070507,Handset,Google,2A2DCE2C4A384657,2018-12-06,Active
AST2B811B78AB,CUST100015492,Handset,Cisco,1ACA167A80174809,2021-07-08,Faulty
ASTDA85CDB76F,CUST100023153,Set-Top Box,Cisco,322689E531174A1D,2021-05-08,Returned
ASTD8A12AC80D,CUST100001565,Router,Cisco,670A326E28FE4B23,2016-08-09,Active
AST9C74896EAF,CUST100093617,Handset,Apple,0D1DFA2CC15C4C12,2019-02-07,Active
AST8A99E918B7,CUST100062280,Modem,Huawei,2FED14BAFA9649A9,2016-02-26,Active
AST9FE9DB679F,CUST100003421,Handset,Arris,C3AF295FB579423B,2025-05-22,Active
AST91A63DCE0A,CUST100010557,Smartwatch,Google,CEB6994329894D7B,2017-07-16,Active
AST7DBE54AA1A,CUST100054538,Handset,Samsung,65735D92917D47AC,2026-01-06,Active
AST3E541CFF89,CUST100036273,Modem,Cisco,298688866FB54F22,2024-08-31,Active
AST1135B7BE4C,CUST100074278,Smartwatch,Arris,BB8042A37FBC4CC9,2023-04-26,Active
AST996F90E3C3,CUST100050435,Modem,Nokia,F242278E8A3A4981,2022-12-21,Active
AST61D57F7160,CUST100099296,Handset,Arris,3069F7004CF74C89,2025-07-01,Active
AST3C4A5BC8CF,CUST100023219,Set-Top Box,Cisco,8C7A6B71FC8544B6,2016-03-05,Active
ASTCD8C2A41DA,CUST100044158,Handset,Samsung,043CD2D2F6A84BE3,2024-03-11,Active
ASTB81F3BCEC8,CUST100049270,Modem,Huawei,D69504E19FF34428,2017-01-21,Returned
AST5A72F7FDD6,CUST100078686,Handset,Samsung,E23D6F4EE6134D35,2018-10-26,Active
AST31BC685D46,CUST100070721,Set-Top Box,Samsung,0147927452B24A90,2018-12-29,Active
AST5395049B9E,CUST100094322,Set-Top Box,Nokia,CF3CE6D2441A4675,2026-03-24,Returned
AST8A5114A683,CUST100095560,Router,Samsung,8F430F39D1414221,2024-04-06,Faulty
ASTDA096B3E53,CUST100045692,Set-Top Box,Cisco,F8ACD2F9075445DE,2016-04-19,Faulty
AST91C4B9CCF2,CUST100073862,Modem,Nokia,F994ABC7662E42B5,2018-01-22,Active
AST79D3D0E09B,CUST100033862,Smartwatch,Huawei,651BD90FCF5F47E5,2021-01-09,Returned
AST1D1E8CB28E,CUST100058444,Router,Cisco,96A5C61A0E484BEA,2023-04-08,Active
AST90A0A4EC8F,CUST100071412,Set-Top Box,Apple,830B2650BF0F4127,2020-01-01,Active
ASTB083DB245F,CUST100039984,Router,Apple,EB22402CB184476B,2024-05-20,Active
AST4176D08E51,CUST100033548,Modem,Cisco,03D74DBA4ECB4BCB,2020-07-30,Active
AST4686D75949,CUST100056175,Home Security Hub,Samsung,0F750DD68020440B,2019-12-04,Active
ASTAA222E2B6B,CUST100035292,Router,Huawei,0286663E6B6644F6,2020-01-29,Active
AST19455F4276,CUST100086275,Modem,Google,26C70D38FAB04651,2026-04-04,Active
AST6F11DD4BCE,CUST100014207,Handset,Apple,4EB7661084194F8D,2022-06-07,Active
ASTB8DA794105,CUST100006813,Handset,Arris,4E0A57EBBD7C48EC,2021-06-09,Active
AST59D844B457,CUST100084874,Modem,Arris,DB21679A0B144166,2023-08-06,Returned
ASTDD75FF7968,CUST100047590,Modem,Arris,083E9E404362488E,2018-05-28,Active
AST00FADE432E,CUST100011972,Router,Huawei,373624EB35CF45B6,2017-05-05,Active
AST644E00C3E1,CUST100099813,Handset,Google,7E7E796EC76A4E42,2026-02-18,Active
AST884E0D7760,CUST100024948,Handset,Nokia,AA2CFA9C5AFA4479,2024-04-12,Active
AST7410073B7B,CUST100014227,Handset,Arris,3435810CDFB648B3,2020-05-26,Active
AST1C9360D1CF,CUST100063178,Handset,Arris,E9B58885E6FF49CC,2021-03-25,Active
ASTBA64CB4D82,CUST100019583,Modem,Google,1925CA77B04B4527,2019-02-17,Active
ASTC3AF9276BE,CUST100075265,Router,Google,E1D8919905764569,2016-12-29,Active
AST3764AA8807,CUST100016213,Handset,Arris,4E45D3F091A1493A,2022-07-21,Active
ASTA079C76217,CUST100023182,Router,Arris,BFCA5A997B3B43EB,2020-03-07,Active
AST6BACC5B36E,CUST100075066,Router,Nokia,0C791AF5D19648AA,2018-09-13,Active
AST4A4830A7B8,CUST100078477,Handset,Cisco,8B3D9F4903404699,2019-06-17,Active
AST89B7E1290E,CUST100044435,Handset,Huawei,5ADE96536F284E75,2023-01-24,Active
AST6C0FD1036A,CUST100035091,Handset,Apple,404140BA2B16428D,2021-09-17,Active
AST538C2B209E,CUST100074365,Handset,Apple,86E29826D44B4199,2026-02-15,Active
AST3F45BC8B79,CUST100066719,Home Security Hub,Arris,AEEB7F2BF31B4AB8,2017-12-31,Decommissioned
ASTA458D35F1F,CUST100034966,Router,Cisco,CCA6DF33F4D9466A,2025-02-02,Active
ASTF77136F751,CUST100088774,Handset,Huawei,47EC01024945479F,2019-01-04,Active
ASTBB62E72650,CUST100048436,Handset,Huawei,1D121EC75D7549B8,2017-07-26,Faulty
ASTC2EA44492C,CUST100036705,Home Security Hub,Nokia,07661A927BEA499E,2022-07-05,Active
AST196F9BC4EB,CUST100032097,Modem,Nokia,6531312D0DDA4899,2018-05-16,Active
AST451F0F481D,CUST100043603,Router,Cisco,D4E1A9DED8AD48B8,2024-05-09,Active
ASTDD436EB64A,CUST100086236,Home Security Hub,Cisco,C07C5B37DD4441CD,2016-06-12,Active
AST8CCF459985,CUST100042188,Router,Arris,296B66ADCA4346D9,2018-06-19,Active
AST6824120383,CUST100052565,Router,Apple,D1750E08B6FB4B0A,2021-11-12,Active
ASTB94293A3D9,CUST100063789,Home Security Hub,Samsung,46784C6BB48D4369,2021-03-05,Faulty
AST136159B131,CUST100053852,Set-Top Box,Cisco,D81DA1A39FB9442D,2020-05-31,Active
AST417EB89245,CUST100078556,Handset,Nokia,8625A7D414B141C1,2020-02-10,Faulty
AST44B3D8C2F4,CUST100046046,Home Security Hub,Nokia,DDEB53BB1C3A4B05,2017-12-07,Active
AST7042E0CAE6,CUST100021029,Handset,Arris,5359A9E4C5724B21,2025-01-15,Active
AST1A9840FF6D,CUST100009436,Router,Cisco,81D8BC0D786C4887,2016-12-30,Active
AST3E8F95D58C,CUST100081149,Set-Top Box,Huawei,0B261F91B2434D50,2021-12-02,Active
ASTF67D6AC00E,CUST100041209,Modem,Apple,7B1C908642574F57,2019-11-20,Active
ASTD89E155744,CUST100057605,Modem,Samsung,05AD7B4797E34AB3,2022-12-23,Active
ASTAC51A619A2,CUST100027090,Handset,Apple,01D13D44ECAE4154,2022-05-07,Active
AST404EBA47D7,CUST100082227,Set-Top Box,Apple,F4034F9EB2F94C66,2018-09-19,Active
AST27A9202D83,CUST100065185,Handset,Samsung,5F45A392B21C40F4,2022-07-19,Active
ASTCFC8D6BDB5,CUST100016909,Router,Huawei,C769AA8F9B964EA6,2024-09-22,Active
AST364B4EB9F6,CUST100081419,Handset,Samsung,95E223DB100E45FD,2021-09-18,Active
AST940C83A61C,CUST100019626,Handset,Samsung,5DDC01AF7B5843CD,2021-07-10,Active
AST1BCA68D813,CUST100056020,Modem,Google,72F3953440854F55,2016-07-21,Active
AST6CF10C0453,CUST100005254,Handset,Cisco,87D0A0FEB6784209,2025-06-08,Active
AST600B2DBBCB,CUST100034841,Handset,Arris,C9FCCA7BE25B4DC2,2023-01-04,Returned
AST5DC2204818,CUST100088031,Router,Nokia,B350D39629F14D0E,2019-08-12,Active
AST37F22DD928,CUST100046602,Router,Apple,F4D2EF8116CE4A42,2024-08-28,Active
AST3ADCBEADA4,CUST100027128,Set-Top Box,Arris,E05B4FA39BB84E19,2017-09-13,Active
ASTC850EEBFD5,CUST100001206,Smartwatch,Google,D5F632CDE5A9436D,2020-10-15,Active
ASTA631BD594B,CUST100068826,Modem,Nokia,A34CCA5CE15B4603,2025-04-01,Active
ASTFFDEB8D76D,CUST100004938,Modem,Samsung,547E8A1A11B14CDB,2021-03-04,Active
AST2A04EE8CA4,CUST100052787,Handset,Cisco,46DDEE93E8864F26,2023-10-21,Active
ASTF4CF3CAAC6,CUST100078573,Modem,Nokia,E4756B5D75964339,2018-01-24,Active
AST8D4F38F24F,CUST100032062,Set-Top Box,Apple,4FAA4CF78491437E,2021-06-03,Active
AST5450207C3F,CUST100041996,Router,Samsung,51F7FB01D18344C5,2023-02-08,Decommissioned
AST55F46682F5,CUST100003018,Handset,Nokia,042A2859091A4938,2020-10-05,Faulty
AST43A54B5270,CUST100035811,Handset,Arris,07EB67A0D47742EA,2018-09-29,Active
AST3ACE5D38CE,CUST100082718,Handset,Nokia,DA2032EBC4264714,2019-04-01,Returned
AST743A0CBA7B,CUST100016186,Handset,Google,46689CE34C3B4E70,2019-10-21,Faulty
ASTD69833808C,CUST100078631,Handset,Samsung,8B9EDEE387A041C2,2016-11-24,Active
ASTC3D79CED0C,CUST100066126,Router,Huawei,58B6C5DF23B94228,2020-01-24,Faulty
ASTF0B0157D16,CUST100083650,Handset,Huawei,EDA8830B248A4D3E,2026-05-23,Returned
AST69C4E294BF,CUST100071849,Set-Top Box,Samsung,62856E4491D34AF3,2023-06-08,Decommissioned
AST93D84EDE01,CUST100020105,Home Security Hub,Cisco,B564A5EAAB2544A3,2016-05-07,Active
AST6B70D964B5,CUST100003012,Handset,Cisco,F8B1B46A902F47AD,2026-06-11,Active
AST0992AD8106,CUST100054346,Home Security Hub,Nokia,A491825F0B484F77,2018-03-24,Active
ASTC2E4BAFA6A,CUST100003817,Set-Top Box,Nokia,0156C5D5543740E4,2017-12-21,Active
AST72296B65D5,CUST100026761,Handset,Google,47DE898D6F374298,2019-03-31,Active
ASTAC22739455,CUST100097811,Modem,Cisco,02BEB6B1AC254942,2022-10-30,Active
ASTD8EA0DF387,CUST100073085,Set-Top Box,Google,BA91CF48A23C4D12,2018-10-05,Faulty
ASTA9A2E185AA,CUST100090503,Router,Cisco,DE074A2BAC1C4789,2019-02-14,Active
AST1668FCD2B4,CUST100047654,Modem,Huawei,2F92D5FC64E0489B,2020-04-07,Active
AST17B2740644,CUST100061466,Modem,Nokia,8081E97E0AB04281,2021-09-01,Active
ASTFFA0587A64,CUST100078444,Smartwatch,Nokia,107511DF5D034BA4,2016-02-22,Active
AST6BB2D4835D,CUST100018575,Handset,Arris,EB60222255E44205,2024-10-14,Active
AST2CCF25F495,CUST100036733,Handset,Nokia,A6EAC3EBC3954322,2025-10-03,Active
AST6C358CAFD4,CUST100056270,Router,Huawei,3385152A42104599,2017-11-16,Active
ASTB18D564538,CUST100022912,Modem,Cisco,A18A2AAF0C30454C,2021-01-25,Active
AST1059D8FDA0,CUST100099571,Handset,Nokia,2DE4EDB3C7B84A70,2018-05-19,Faulty
AST01DBB05DA7,CUST100063137,Router,Arris,EB2DA49590D84E67,2021-02-15,Active
ASTA2400A9036,CUST100024630,Handset,Samsung,DDFD6481FC76407F,2025-08-05,Active
ASTCFBB20DB08,CUST100013509,Router,Apple,DCE0384A969A4AE5,2017-01-05,Active
ASTF27B70A6D1,CUST100011921,Handset,Arris,4830663354BC4BCC,2018-07-14,Active
AST4BCD8500CE,CUST100002524,Router,Google,C425074BFB31446A,2016-10-30,Active
ASTE41F0EAE85,CUST100039579,Modem,Google,4AE54F42A48D4C30,2016-07-04,Active
AST1F300FD9CF,CUST100005588,Modem,Arris,F2D8058B853142A2,2017-07-24,Returned
AST753DBA82CE,CUST100018312,Smartwatch,Arris,6E33257111AC4465,2023-08-26,Active
AST20F89B5711,CUST100015304,Handset,Apple,CF360AE627BD483D,2023-10-06,Active
AST45B94CA1D5,CUST100047154,Modem,Arris,12CE9EE2E6414776,2025-10-02,Active
AST008E2AE708,CUST100093974,Handset,Huawei,07890DBCAB034BC7,2023-06-02,Faulty
ASTC06BA77222,CUST100070262,Handset,Samsung,07716A13B3DD4905,2020-07-14,Active
AST654AB644B6,CUST100016741,Router,Samsung,809CB07982E8474F,2021-03-03,Active
ASTBA7B32A230,CUST100096661,Set-Top Box,Cisco,DFC98BF0B3804F26,2018-07-24,Active
ASTABABF2F65F,CUST100023670,Set-Top Box,Arris,86BE4F0216864CA0,2025-07-07,Active
AST8D3AD1418B,CUST100083898,Modem,Google,2CACBE027E424F0C,2022-04-28,Faulty
AST4302960731,CUST100011316,Router,Samsung,F318A462700041D9,2025-11-19,Active
ASTC8EC291B5E,CUST100094515,Set-Top Box,Google,95F3F36A8184404A,2023-08-29,Active
ASTE1F2D7ED94,CUST100080939,Smartwatch,Apple,8F850BDF4192456C,2026-04-04,Active
AST47DB87ED90,CUST100086848,Modem,Apple,977B77D58345457B,2026-02-01,Faulty
ASTC664CBD3AC,CUST100086314,Router,Cisco,2503C38E53814C74,2024-10-25,Active
AST51FCF54B09,CUST100042392,Handset,Cisco,2912779369A84379,2023-06-18,Active
AST23C5687788,CUST100050263,Router,Samsung,DBF49AC6B842441D,2018-04-17,Active
AST9ED27CB40B,CUST100038749,Handset,Huawei,535910E018B34505,2022-05-15,Active
AST5DD9059099,CUST100096045,Handset,Arris,D0A7FADD379D41B4,2017-11-30,Active
ASTD072BC674F,CUST100057130,Modem,Cisco,BAE3CE907BD94342,2019-08-04,Active
ASTEC21579361,CUST100028163,Handset,Cisco,5FA66C1A1F294BC9,2026-04-02,Active
ASTF3462691C9,CUST100000629,Modem,Samsung,B20A18A061A6496B,2025-11-15,Active
AST908901F328,CUST100050685,Modem,Google,0251A5C3D3CC4C70,2023-03-01,Active
ASTDBB433591F,CUST100049395,Modem,Arris,0F93999840704D6E,2021-08-15,Active
AST609B3766A5,CUST100034366,Home Security Hub,Apple,70C44004CFDC46B8,2019-10-05,Active
AST8C2BB812A4,CUST100044640,Set-Top Box,Nokia,12DF6A7E26CA42CD,2020-08-18,Active
ASTC825F5E508,CUST100015758,Router,Google,4A93E91DB3F74086,2016-11-02,Active
AST67EEF6C9A4,CUST100046415,Set-Top Box,Nokia,5BC6C411F4AD4FF2,2025-06-26,Active
AST91EDF78F36,CUST100083824,Set-Top Box,Apple,83B4C6D345464CBD,2025-05-31,Active
AST5242E06654,CUST100030217,Set-Top Box,Nokia,953EF50257A34BDA,2016-01-30,Active
ASTCBED2DF8A1,CUST100007483,Set-Top Box,Arris,74AF29A30971411D,2017-01-04,Active
AST3A56AACA5D,CUST100059498,Handset,Google,8433AAD76D7C4475,2019-02-10,Active
ASTF6EA5D6A99,CUST100072655,Modem,Cisco,657F1E2F6B0740C9,2021-02-02,Active
ASTC474097207,CUST100086168,Router,Arris,BDF59034A2844283,2017-08-01,Active
AST8E23D3269E,CUST100050423,Set-Top Box,Apple,5C44BAF6D00E44A9,2021-12-11,Active
AST9C9DBF7AC4,CUST100020360,Home Security Hub,Cisco,E87206747F794D32,2019-11-19,Active
ASTBA210C42FD,CUST100009501,Set-Top Box,Google,23BCDEEA7C714623,2023-08-03,Active
AST3510E239D0,CUST100046428,Router,Cisco,093BCDAA344848AA,2019-08-19,Active
AST05C6EF4ED7,CUST100061833,Handset,Cisco,0ABAB1E49DB14C64,2023-10-19,Active
ASTF93B660489,CUST100053384,Handset,Samsung,27C49D545C9B4F04,2017-01-05,Active
ASTB708ED464C,CUST100070482,Set-Top Box,Apple,E5F32D9766F144C8,2019-03-10,Active
AST283E84B8C2,CUST100010054,Modem,Huawei,6A9147F933A94D14,2024-02-26,Active
AST59EEAB268C,CUST100003533,Set-Top Box,Cisco,A1B06D76A1084AEF,2025-08-28,Active
ASTF9178A202F,CUST100033049,Set-Top Box,Apple,1375EC277E6D4896,2025-09-12,Faulty
AST7220BA3BD2,CUST100043461,Modem,Nokia,76FCEEF3E41D48FA,2020-01-11,Active
AST3A76E0E62A,CUST100077912,Set-Top Box,Huawei,3AD5D2DE32CE4CE2,2023-06-11,Active
AST304D21CD4B,CUST100063208,Set-Top Box,Google,9E1F3AF218704642,2016-06-04,Active
AST33BC8DD957,CUST100069112,Handset,Samsung,AA77007A6FB24B6A,2019-10-01,Active
AST4E0E04FC6D,CUST100057406,Handset,Google,B9478FF41745486F,2019-02-19,Active
AST8FAAD82EA8,CUST100039947,Router,Huawei,D6E76A0333E449CC,2025-07-27,Returned
AST1ADA0E07E1,CUST100025693,Handset,Apple,2B24DDF1AC8F464D,2026-01-20,Active
ASTF7CF29E742,CUST100023119,Handset,Samsung,4B492C69EE114F8A,2019-11-21,Active
AST58104989B4,CUST100042759,Smartwatch,Huawei,E64C0474C8D143CF,2017-12-03,Active
AST9D9DED8E00,CUST100083542,Set-Top Box,Nokia,E4BDB93442F84A6E,2021-10-08,Active
ASTF54420A276,CUST100025692,Handset,Cisco,75C95710B360495B,2017-08-23,Active
AST80927B2237,CUST100084004,Modem,Cisco,4E54A00EA4C94133,2022-12-04,Returned
AST16024B3EB1,CUST100019023,Handset,Nokia,6DE7693CB29844C6,2026-03-29,Active
ASTB5CFBCA6A0,CUST100087376,Smartwatch,Huawei,1C4F64836E4F4ACE,2026-05-11,Active
AST57CDA7F7CC,CUST100071321,Home Security Hub,Google,5601A00BA74848BC,2025-12-11,Active
AST56A5FF6DBB,CUST100073241,Modem,Google,AAF8EF12DDC449A4,2024-10-25,Decommissioned
AST060C0A32D4,CUST100005596,Set-Top Box,Huawei,32E7100000CF4422,2021-03-27,Active
AST417BFA0461,CUST100059505,Smartwatch,Google,6392D81BFC1E4B5B,2024-08-25,Active
ASTD2B906D6B6,CUST100081751,Handset,Nokia,DF3661951B354437,2021-07-11,Returned
ASTDB4941A11C,CUST100040516,Handset,Apple,EBCE0B8A08DD4B9F,2018-05-07,Active
ASTB525799E46,CUST100070082,Router,Samsung,21CBA332AAA04671,2026-06-25,Active
AST980C4EC4BE,CUST100088131,Handset,Nokia,8C3FDF30910D4253,2018-08-17,Faulty
ASTF90E08B768,CUST100091564,Modem,Nokia,645551B6DD0A4C9D,2021-04-03,Returned
AST51D39A4334,CUST100007835,Set-Top Box,Apple,6C9D1386B9364789,2019-05-26,Faulty
AST50DF9138BC,CUST100056086,Handset,Apple,1177524758684342,2017-08-31,Active
AST3595CA0893,CUST100010058,Home Security Hub,Cisco,6283FC4B544F471D,2016-05-22,Active
AST91A7DADBF7,CUST100002061,Set-Top Box,Arris,389CD7E0BFF0491E,2020-06-12,Active
ASTC178640EAF,CUST100073939,Handset,Apple,53496B4F7EF346CA,2021-01-31,Active
AST23EF89C563,CUST100071950,Handset,Arris,40914CF440D7419E,2023-07-13,Active
AST129AC25406,CUST100012592,Router,Google,E8F017CE6C1147DF,2021-10-25,Faulty
AST38F9B2FC20,CUST100079948,Set-Top Box,Google,D1C97E9AC83548E0,2018-06-23,Active
AST21921BBAC3,CUST100008009,Handset,Huawei,A80E10892B814565,2022-12-27,Faulty
ASTCC85DA9F18,CUST100056253,Handset,Nokia,782D7BF903BD4765,2019-02-07,Decommissioned
AST3FC228149D,CUST100048177,Set-Top Box,Nokia,B6F7E7B0CBBF440E,2023-07-21,Active
AST2C0D25C97C,CUST100032946,Modem,Nokia,F78FEEA8DDF74B97,2018-10-10,Active
ASTFA9078830E,CUST100051101,Modem,Nokia,C20ABA5802994AA6,2025-07-28,Active
AST7C56B87AFD,CUST100037879,Smartwatch,Google,4D8643A6C07D4D7F,2018-05-08,Active
AST4AEE3CFC00,CUST100012479,Smartwatch,Apple,95F8F0C62CEC4C50,2022-09-20,Active
ASTAD0C7C5B75,CUST100029037,Handset,Cisco,E43C4817B94D4348,2021-12-16,Active
AST117195DC56,CUST100073991,Handset,Google,A6F0D491522F49B2,2016-03-10,Returned
ASTAB0B5BEBD0,CUST100031474,Router,Google,BE76BBFA06A14C92,2021-10-31,Active
AST95825400CB,CUST100098778,Router,Nokia,8C6457678FD74D8E,2016-01-08,Active
AST1D873F7EBC,CUST100038878,Smartwatch,Apple,6C63593C73E64D58,2024-08-23,Active
ASTD4DECCB126,CUST100060935,Router,Google,367242E8DADD4F48,2016-10-23,Active
ASTE6C1FF8902,CUST100020218,Handset,Huawei,2A175BC609B7436C,2018-02-17,Active
AST958FF4E1AB,CUST100008359,Router,Google,3F6638111A184417,2021-07-15,Active
AST0F684324D4,CUST100097601,Handset,Apple,C0038F26B6AC40CF,2025-10-17,Active
AST37FE9EB03D,CUST100017544,Router,Nokia,134ECFEBF6074484,2019-12-23,Active
ASTA5B8F1595A,CUST100094980,Router,Google,7D5EDA105DA04CE2,2022-08-04,Active
AST38F3388CC2,CUST100068641,Home Security Hub,Huawei,3B19C9EE3EA54BC6,2021-02-28,Active
ASTD09821E6D7,CUST100030628,Smartwatch,Huawei,B9D277E9654F43F7,2020-08-22,Active
AST10973CF8FC,CUST100096898,Modem,Apple,34D641235A4240DE,2018-05-28,Decommissioned
AST109EBFC47E,CUST100036936,Home Security Hub,Cisco,3B84ACEDB50E4A15,2017-10-23,Active
AST2AA033DA82,CUST100072029,Router,Arris,C277A61945184001,2022-01-11,Active
ASTF46D09932F,CUST100095757,Handset,Nokia,8CD6DC4721894986,2021-04-25,Active
AST99DE30D36E,CUST100011420,Handset,Cisco,05BBA6CB49394198,2017-02-04,Returned
ASTCD09D9BD56,CUST100074361,Modem,Arris,CEA117A207AB4048,2021-05-09,Faulty
AST1EEE11DD41,CUST100000037,Home Security Hub,Apple,51249B14A6734E50,2026-06-26,Active
ASTF3E6E5F18E,CUST100015142,Modem,Apple,83A1EF36B01447A0,2017-09-13,Active
AST8D74E06D63,CUST100003563,Handset,Samsung,A43ECB8D6F3147D4,2022-09-03,Faulty
AST6F95CD81A5,CUST100091388,Smartwatch,Apple,96CE3F249C134925,2019-03-05,Active
ASTF79AFD4D00,CUST100011113,Home Security Hub,Apple,B66E2D33B2624B3B,2022-09-20,Active
ASTA8091FC983,CUST100006676,Handset,Nokia,664A7DEEC8474D86,2018-05-26,Decommissioned
AST010A7DE572,CUST100045526,Home Security Hub,Apple,65C1353BE9964D49,2019-05-05,Active
AST24DBE445A4,CUST100000448,Smartwatch,Cisco,A460C9204ACD4375,2017-10-23,Active
ASTA69D422777,CUST100052473,Handset,Samsung,2528112809114E90,2022-01-17,Active
ASTDBEF1CE9AF,CUST100068657,Router,Cisco,CE529366AD1543BC,2025-04-02,Active
ASTED014EEB09,CUST100040871,Handset,Apple,A25D58A07B3748B8,2016-11-18,Active
AST2EB67CC237,CUST100048685,Router,Apple,575AD85F7558455A,2025-12-16,Active
AST0596C800F0,CUST100047621,Router,Samsung,34E833DFE2EF4038,2025-09-27,Active
ASTDDA868A590,CUST100065467,Handset,Huawei,CE6B62BA18E149E7,2016-12-31,Active
ASTDA154E3F2E,CUST100064096,Router,Huawei,C6D1F0EE717A4D4E,2019-06-07,Active
AST7AF3BABB05,CUST100016630,Handset,Huawei,A411425BCF4244C2,2023-12-02,Active
ASTC65332B2B0,CUST100005923,Modem,Cisco,D81E78FD673441CF,2017-09-01,Active
ASTDC3FD42965,CUST100030321,Set-Top Box,Cisco,617266BC0D0E4540,2023-08-15,Active
AST88C8B60920,CUST100074318,Smartwatch,Huawei,2D0F3DE3A45F4ED8,2024-06-16,Faulty
ASTF3D04EEC88,CUST100079518,Modem,Samsung,E21BC5330A1A437B,2018-03-28,Active
AST85464960E2,CUST100030919,Modem,Nokia,9DDDBC2B5B754BE0,2016-09-08,Active
ASTABC866E118,CUST100092706,Router,Samsung,4B5894D253C54983,2021-04-02,Active
AST671AC9EF42,CUST100018038,Home Security Hub,Cisco,B34ED0DEF2A140E7,2024-09-02,Faulty
ASTD485C09BB8,CUST100028329,Modem,Cisco,B361DC51BE3C46A3,2021-01-10,Active
AST57BB571189,CUST100025582,Router,Samsung,CDD4399D6C80479C,2026-01-17,Active
AST441809EAF6,CUST100013089,Router,Huawei,307D4333A044489D,2026-05-01,Active
AST7B3F763C84,CUST100039229,Set-Top Box,Huawei,63E4A997160C4C3F,2018-05-02,Active
AST52986EF04F,CUST100080429,Router,Nokia,6B41BDE55090400F,2018-11-04,Active
AST6CE7D875B4,CUST100036989,Handset,Nokia,9A796DD19FE34C03,2024-10-22,Returned
AST5601189810,CUST100055277,Router,Google,1188C6EE38244C3D,2016-11-07,Active
ASTBCD60C8CF3,CUST100086492,Home Security Hub,Samsung,6AB9DC8B736A435E,2023-08-12,Active
AST9AC47AE0F6,CUST100033639,Handset,Nokia,82F31AE030644E09,2021-10-03,Active
ASTA7072C560B,CUST100036902,Handset,Huawei,28769EA325FB401C,2019-05-09,Active
AST1C22DB51DD,CUST100062865,Router,Google,F3EEA50525964DC5,2016-04-02,Active
ASTE4DDD53812,CUST100041065,Router,Cisco,A79E162151D34A2B,2023-12-15,Returned
AST9C400ACDE9,CUST100026042,Home Security Hub,Arris,71E5D2B0BBF24D83,2025-01-26,Active
AST2D945727F2,CUST100042093,Router,Huawei,D3AF1337684D4A17,2024-02-06,Active
AST7470811E46,CUST100023876,Home Security Hub,Nokia,C1D8B3059933416E,2020-02-27,Active
AST489129E184,CUST100015198,Modem,Apple,9A67ACD23BC04D29,2025-07-14,Faulty
AST5C733894EB,CUST100028321,Handset,Cisco,8D9A3DD568CC4C53,2018-10-13,Active
AST00B7E12434,CUST100083398,Handset,Arris,CDB67B603BF94014,2017-09-26,Returned
ASTDA23E25A8F,CUST100025458,Home Security Hub,Arris,E03402A205DC4B01,2016-01-27,Active
AST6B41AA1250,CUST100012446,Handset,Apple,E1C4E77CF8D64A8E,2021-05-10,Active
ASTC17C283894,CUST100080756,Handset,Google,C8208103C1B94751,2026-06-11,Returned
AST67D4E1301C,CUST100012770,Handset,Huawei,F135BE928AAD4AC3,2022-07-20,Active
AST42FC9E7624,CUST100091129,Handset,Nokia,C5BF578791AA4A95,2018-09-07,Active
ASTA12D0E0657,CUST100043151,Router,Apple,EBB49FCCD9354F33,2019-05-22,Active
ASTBAB98B160A,CUST100016767,Modem,Nokia,C64B003F92D84329,2025-06-07,Active
ASTDA00D93E0B,CUST100031796,Handset,Cisco,EE56905664AF401F,2024-04-16,Active
AST902827698D,CUST100031187,Smartwatch,Apple,16832EA04DA8469F,2026-02-28,Active
AST65DC4DEC0A,CUST100072867,Handset,Samsung,ED212DB52D7D4559,2020-01-26,Faulty
AST0A66CA0616,CUST100069288,Handset,Apple,AD80FD3D77194672,2021-10-12,Returned
AST67B3ACFA33,CUST100010602,Set-Top Box,Samsung,2EB0ACAF22BF47B8,2022-09-15,Faulty
ASTA208DFE663,CUST100073643,Handset,Apple,C424D593A6514743,2020-06-21,Active
AST332273CC4D,CUST100032561,Modem,Arris,4F09CBA1DAB54A8E,2018-09-15,Active
AST0F1AD208D8,CUST100068816,Set-Top Box,Cisco,B7D20DACDC8A4BC8,2020-03-22,Active
AST8FD248E56E,CUST100051855,Set-Top Box,Apple,7DB60F2CEC1A4207,2018-01-01,Faulty
AST49DB048F10,CUST100071413,Router,Google,0D534399731F4469,2024-06-03,Active
AST5618A01661,CUST100036530,Home Security Hub,Google,637E944F17CE4B46,2026-05-23,Active
AST1203B9717B,CUST100054576,Handset,Huawei,7C120F500C084F59,2020-11-28,Active
AST9E12784F11,CUST100099599,Modem,Nokia,FB10961F805E490F,2021-05-05,Active
AST1F6C414FF6,CUST100024717,Handset,Cisco,8262737685B34FC9,2016-12-01,Active
ASTF2FD4C2F30,CUST100014720,Modem,Cisco,7158F8B9FB0C4640,2017-06-22,Active
AST5DDA2F0242,CUST100027986,Handset,Huawei,AB4F9368FC974BA3,2020-08-19,Active
ASTD53EC7625B,CUST100074460,Handset,Cisco,01A6BE828BA44E25,2022-03-13,Faulty
AST8940191B69,CUST100084355,Set-Top Box,Nokia,A6ECDBC28A4F4EE4,2024-10-06,Active
AST4854C75EC8,CUST100064022,Modem,Cisco,2954B6CE7C1747DA,2017-08-08,Active
AST9C0A18D789,CUST100097306,Set-Top Box,Cisco,48808EA461B84C32,2022-11-08,Faulty
ASTEB0FB7B863,CUST100007314,Set-Top Box,Apple,193E77147CA54D92,2017-12-26,Returned
AST998A7C25D4,CUST100088648,Set-Top Box,Samsung,8BC85198F3904C28,2016-05-24,Active
ASTA7A9CD77A4,CUST100067474,Handset,Apple,F4F91B6CBEB34BB1,2022-04-30,Active
ASTDBE221B97E,CUST100096663,Handset,Huawei,DCE82E28BFFF4A14,2024-01-20,Active
AST8FA34C865C,CUST100036706,Home Security Hub,Apple,8396C31A568042CB,2018-12-30,Active
AST9EF49D7AF3,CUST100076803,Set-Top Box,Cisco,E43C04A27AF94176,2023-07-31,Active
AST5EBE5EBA23,CUST100008413,Smartwatch,Google,F80C90D7E88D47D0,2023-08-23,Active
ASTA41D2245E2,CUST100059353,Handset,Cisco,4195C63D91794339,2018-09-16,Active
ASTEFC429B087,CUST100002512,Handset,Nokia,23177875F2CA41D4,2026-03-03,Active
AST5673C6AA30,CUST100068701,Handset,Google,81488457A9C1422F,2025-07-12,Active
ASTE13E339967,CUST100032548,Handset,Nokia,5B7B319CC17647F2,2024-03-27,Active
AST0077E711C7,CUST100033270,Handset,Google,8C067EF8D0FB4B21,2016-01-25,Active
AST37666E1D89,CUST100016926,Modem,Huawei,1BD36B6BDA40455A,2017-01-29,Active
ASTF532D63E07,CUST100075872,Handset,Cisco,4149EAC35FB44BE0,2019-04-22,Active
AST68448C635B,CUST100043972,Router,Arris,1D9133DC2E8C43C9,2024-01-18,Active
ASTCBD2B64561,CUST100079323,Router,Apple,B0B03CF96DCC4E6F,2019-03-17,Active
AST59A08BA78B,CUST100060231,Modem,Nokia,6524D370AA8B4162,2026-05-17,Active
AST6280BC265E,CUST100068029,Handset,Cisco,17C6B08A45DB439D,2019-07-22,Active
ASTE3A8DBC657,CUST100059995,Handset,Samsung,BBD8BC4D26A44FED,2021-01-02,Active
AST261DAEFE78,CUST100033206,Handset,Apple,07EE63F160EF49E1,2025-04-10,Returned
ASTF0E26EB8B4,CUST100059811,Set-Top Box,Huawei,87AF6B95C7434535,2020-01-02,Active
ASTD7D1E75554,CUST100066211,Handset,Arris,D18A2EBDEB5B461F,2020-05-11,Active
AST775E0022B4,CUST100019946,Handset,Samsung,CB89F4EE15D94451,2017-01-27,Active
AST541FD093C2,CUST100000440,Handset,Google,037467A0BD0342A2,2018-08-18,Decommissioned
AST5049A512E4,CUST100079379,Handset,Arris,C8DAC10EE63F48D8,2021-08-13,Active
AST0B96DD2710,CUST100060893,Router,Huawei,A89DC8F28E584140,2019-03-14,Active
ASTB5F836C8D6,CUST100070650,Set-Top Box,Arris,B1EFA10E48EE426C,2017-03-26,Faulty
AST6CEF0D4D97,CUST100040589,Home Security Hub,Google,24AA32EDC3C34923,2023-08-30,Active
AST443E291A8A,CUST100086283,Modem,Cisco,1AAD9FD2FB77462C,2018-02-13,Returned
AST20466EF2F1,CUST100078571,Smartwatch,Samsung,8E430475ECB2414A,2019-04-29,Active
AST9D49634C53,CUST100063029,Router,Apple,2367A6DB6AFD4BE0,2018-09-03,Decommissioned
AST1ADA51BB2B,CUST100069826,Modem,Huawei,3DEA83C429EC467C,2020-06-19,Faulty
AST7A70B4338F,CUST100047473,Router,Google,299A98E5C6D14B27,2020-10-31,Returned
AST081A2B2659,CUST100051787,Set-Top Box,Cisco,DDB3E01858B84B91,2026-02-25,Active
AST5E864F8C7C,CUST100068340,Handset,Apple,E89B60F5D9BF433B,2024-02-09,Active
ASTDC84530C6E,CUST100033829,Handset,Huawei,B96D7E175E9E4D20,2016-06-08,Returned
AST93D1BF0C19,CUST100002102,Modem,Arris,40145EDD705E432B,2022-01-19,Faulty
AST394D0C71B9,CUST100005202,Smartwatch,Google,2508A7C66A504BBE,2016-01-16,Active
AST0F77D066BC,CUST100081414,Modem,Apple,2706124865C5452D,2019-12-02,Active
ASTBF336BB7C3,CUST100030441,Home Security Hub,Nokia,B88D5979EE4E47B9,2019-04-09,Active
AST784D3C71D2,CUST100049832,Modem,Apple,B98546FF208F43D9,2019-04-28,Returned
AST56898D8841,CUST100063536,Handset,Huawei,F828755752424F30,2024-09-30,Active
ASTBDA56B8C38,CUST100021588,Router,Apple,FFDE432001124FA9,2021-06-29,Active
AST35C73ED3DF,CUST100082801,Home Security Hub,Apple,4D701204520B4909,2016-11-21,Active
AST8FE1B8D2A8,CUST100069437,Handset,Huawei,EC1E06D91C8E4C1D,2021-02-10,Active
ASTF063A2FC40,CUST100065795,Router,Cisco,CB3334EFBDD44A8B,2021-03-22,Active
AST523D8D8535,CUST100041969,Router,Huawei,F620BC928E774465,2023-05-31,Active
ASTFE492C8766,CUST100012509,Router,Samsung,5F0759F698984EC7,2016-04-04,Active
AST1554944705,CUST100060884,Set-Top Box,Nokia,5B8B6A08954B4BD2,2022-01-22,Active
AST4CCDC80CEC,CUST100013108,Modem,Apple,88DA8FB1DE0E4A5C,2024-03-07,Active
AST341BED7CCA,CUST100038960,Handset,Nokia,8298D4F75E14433B,2018-05-28,Active
AST6EFB988E58,CUST100038949,Handset,Cisco,2ADB429A74AD4DC0,2025-12-25,Returned
AST6B4E2C42A0,CUST100099023,Set-Top Box,Google,4DD92C6333154918,2017-09-02,Returned
ASTADE8AC02C8,CUST100049074,Smartwatch,Google,A482788FD26E4BD0,2017-09-09,Active
AST687F26BCC2,CUST100098462,Router,Huawei,E4755486961B4381,2020-06-09,Active
AST3E6A331E6A,CUST100083658,Handset,Cisco,81E19987D9114D30,2021-12-26,Returned
AST31DBCD4384,CUST100051105,Smartwatch,Cisco,897A6E0A7F2D4808,2016-05-28,Active
ASTBA8FA3571F,CUST100096739,Router,Arris,7F5B8F774BC34967,2020-06-15,Returned
AST8E09D10C52,CUST100024638,Set-Top Box,Samsung,EDB87EF5F9754C67,2021-03-31,Active
ASTB866B48881,CUST100056831,Handset,Cisco,AF56F792F4684BA9,2020-04-15,Active
AST1774D5D4DE,CUST100059551,Set-Top Box,Arris,1B853D3F70C84630,2021-04-22,Faulty
ASTB2BEB6C865,CUST100025519,Set-Top Box,Apple,FC5D5727CC744B7F,2023-02-09,Active
AST66AAC4693B,CUST100012816,Set-Top Box,Apple,11166E0B7D0B4D9E,2023-07-13,Returned
AST41317344BE,CUST100081040,Set-Top Box,Nokia,AC73038A325948E9,2018-10-31,Active
AST436E890AC7,CUST100091159,Router,Google,97C5519F89294DC9,2019-03-04,Active
AST719435A261,CUST100044049,Handset,Arris,CB8BB82DFB2E4D6C,2018-11-22,Faulty
ASTCC63B85185,CUST100007420,Smartwatch,Google,D294B61656C9456E,2025-10-12,Active
AST9306510DEB,CUST100052997,Handset,Apple,165F2F3870DE443E,2023-02-04,Active
AST886DB344FB,CUST100025244,Modem,Apple,8E28702AE539402A,2022-02-27,Faulty
ASTCCB3BDBCF7,CUST100067719,Handset,Google,AF0921C79F884A4E,2022-02-10,Active
ASTDD486DA4B3,CUST100057880,Smartwatch,Apple,D142483CD0354E32,2025-01-07,Decommissioned
ASTA793BF6F1C,CUST100013204,Handset,Google,58DFB80148B740B1,2022-01-13,Returned
ASTE3FCFD0887,CUST100072337,Handset,Cisco,4C906736A4E74ECF,2020-04-30,Active
AST985C93F363,CUST100016065,Modem,Nokia,B836F56BA280481A,2020-08-02,Active
ASTBC7AE3A631,CUST100047304,Modem,Apple,DA38522158FF492D,2019-02-20,Active
ASTF7BA5F50C9,CUST100097631,Handset,Google,5A74110C4DFF4CB8,2021-03-05,Active
AST9048FC76D4,CUST100023212,Modem,Nokia,A4965683AC2E4BD4,2023-01-10,Active
AST2E0E77B6FB,CUST100009911,Set-Top Box,Arris,D93211E2E20D4630,2020-10-22,Active
AST0DE4887146,CUST100073440,Router,Huawei,FA1B8953E8324DBF,2021-06-07,Active
ASTB9D34F025A,CUST100016018,Handset,Apple,C3918190CE54492C,2026-03-15,Active
ASTEEA6D12720,CUST100061165,Modem,Google,E2DA167F09974F4B,2016-11-22,Active
AST8605079D20,CUST100088995,Handset,Apple,AB582F04747D420B,2020-04-15,Active
ASTD161F55A74,CUST100092887,Modem,Nokia,37DE8584EBFB4FD7,2026-06-20,Decommissioned
AST94F3D0B67B,CUST100045716,Handset,Huawei,41AB591862164B8B,2022-01-04,Active
AST319487B130,CUST100073243,Router,Apple,A83F2FFE9DFB4FA5,2018-03-15,Active
AST1409A39465,CUST100038149,Handset,Arris,62FBBEF0376B434E,2025-08-21,Active
ASTF78C5143A3,CUST100010247,Handset,Google,02F3CB54954A4777,2020-09-05,Faulty
ASTFA21B6B4F0,CUST100076640,Router,Apple,418DABE551224B17,2026-06-05,Active
AST03E84063C2,CUST100081962,Router,Arris,D3EEC2F2FCA9436C,2024-01-26,Returned
ASTA33AA11487,CUST100055802,Smartwatch,Nokia,B1BDD7326F694E81,2016-07-19,Active
AST91A8ABAC52,CUST100018597,Router,Nokia,3133D2572D2D4F78,2016-11-28,Active
ASTA639B67C24,CUST100005028,Handset,Arris,25B71D693C984585,2025-08-19,Active
ASTE33A663F3A,CUST100022130,Set-Top Box,Samsung,E4CF9E3C37B649E6,2022-11-07,Returned
AST2CED2291C2,CUST100085106,Router,Apple,1BFFB294035F4393,2017-01-11,Active
ASTFA89828F00,CUST100070965,Handset,Arris,9CCFB48B1ACE4702,2018-04-27,Decommissioned
AST622BA2A853,CUST100074433,Router,Cisco,CCE99EF779074785,2017-11-17,Active
AST028FFFE9DE,CUST100007675,Home Security Hub,Cisco,0C5E7E01E5DC4267,2022-01-05,Active
AST8D50D3A315,CUST100058766,Handset,Nokia,A9AA00491DC34E32,2023-12-08,Active
AST5D3A5BD0C9,CUST100028404,Modem,Samsung,CE62EEA5011749A7,2019-04-11,Active
AST2FEFB5E1F4,CUST100024277,Router,Nokia,6BD1B8B12FF148E5,2025-12-29,Active
ASTA9DA1DD819,CUST100071599,Set-Top Box,Apple,51ADB15D38124928,2022-06-18,Active
AST4BBB5BF504,CUST100077820,Set-Top Box,Huawei,145F32395D7C4A48,2016-03-16,Active
AST6F27379F62,CUST100064446,Modem,Nokia,0B600F327E93415A,2016-12-09,Active
AST63647C8D8E,CUST100000063,Router,Arris,ADFA9224A91542B4,2025-12-20,Active
AST8DE521A552,CUST100089957,Home Security Hub,Apple,68CF59B5878C4087,2025-09-14,Active
ASTD6A49A4773,CUST100064405,Router,Arris,7E34CF00E35B4569,2020-03-11,Returned
AST8842FA90F7,CUST100061196,Handset,Google,4FF3823C6FF64187,2022-02-28,Active
AST79C6A5D0A5,CUST100003982,Handset,Samsung,053543C3A0514330,2023-11-11,Active
ASTA56E29BB25,CUST100080645,Modem,Arris,07C5D6E65A024320,2017-08-29,Active
AST4A9D685833,CUST100034851,Handset,Google,FBB27A7FC90E4736,2019-01-31,Active
AST7EB731646D,CUST100092578,Router,Arris,67232409660043D0,2024-07-02,Active
AST3D022B334F,CUST100035219,Set-Top Box,Nokia,FCD7C847CFE3429B,2019-08-26,Active
ASTC9BA87D4E9,CUST100025347,Set-Top Box,Huawei,5C36E3F80725463B,2018-03-31,Decommissioned
ASTC3A0C18057,CUST100096420,Handset,Nokia,823B1E5A51264242,2022-07-13,Returned
ASTC75E4D4EA7,CUST100056998,Home Security Hub,Samsung,55F48F37A8BF4FF4,2017-09-05,Active
ASTBC7C52DD46,CUST100092552,Handset,Apple,05DAE3F0A0034D3B,2019-03-19,Active
AST5A265012F6,CUST100099305,Handset,Cisco,5D18A3FE6B5449D3,2016-09-23,Active
AST7ABAEA8109,CUST100013117,Router,Huawei,8C7B11E3D233421C,2023-11-14,Active
ASTAAB7987262,CUST100026764,Router,Samsung,BDA09366822D4E8B,2026-01-20,Faulty
AST9F6BF0CAE5,CUST100087061,Handset,Cisco,98FBC5D8F09C4D55,2019-08-26,Returned
AST84BC3029AD,CUST100078503,Router,Samsung,CAF0877D174144FA,2023-04-25,Active
ASTAA6D7AEC51,CUST100033401,Modem,Google,7AFB740E7AA54160,2019-11-25,Active
ASTD135505B01,CUST100017974,Smartwatch,Cisco,7DDB3CD9EBE74E61,2020-12-27,Active
AST48B0E27C02,CUST100006551,Router,Cisco,D5FE819942134FDC,2025-08-06,Active
AST8636685125,CUST100075833,Router,Google,CD45CBBB85FA4CA0,2017-03-28,Active
AST5697318F70,CUST100019954,Handset,Cisco,F78FD73D554E4584,2025-06-24,Returned
ASTC2B13B77DC,CUST100089019,Router,Google,9E80DB739A5A4D03,2017-12-22,Active
ASTEC2A8176AD,CUST100038202,Router,Samsung,714925A1B9464E78,2024-01-31,Active
AST32663522E0,CUST100034626,Smartwatch,Google,D18915CEBA45413D,2016-04-13,Active
ASTC712355DB1,CUST100093295,Handset,Nokia,735373473FE94350,2025-02-20,Active
AST061A83F6B4,CUST100062879,Router,Cisco,BC3D774C40AF4075,2024-06-07,Active
AST88AA2C39CB,CUST100066731,Modem,Samsung,851379C6DF1D49F4,2020-11-07,Active
ASTE89C2C5AB2,CUST100022737,Modem,Google,5E854CFB707D450C,2021-05-15,Active
ASTF0ED6D8E39,CUST100014188,Smartwatch,Cisco,561B66C87E1D41E1,2020-01-14,Returned
ASTDCA10C64E1,CUST100092936,Set-Top Box,Samsung,5DB13FD8180A4DBE,2025-12-31,Active
AST45D281F1D2,CUST100064421,Handset,Arris,134C5151C18442CF,2021-01-09,Active
ASTE9E99093FC,CUST100043376,Router,Huawei,0ED3A55C781E4588,2018-09-08,Returned
ASTCF81307956,CUST100052256,Set-Top Box,Cisco,A0F7D0E6E74C4FDC,2021-06-12,Returned
AST428642C7C9,CUST100040912,Modem,Nokia,1FA6A282362B4804,2022-04-15,Active
ASTB5C7C2F22A,CUST100023333,Handset,Apple,4286F5DC27644F6E,2017-05-08,Active
ASTB4E98CF7CB,CUST100061511,Handset,Apple,017BAB215EB84A54,2018-07-28,Active
AST55EC258A02,CUST100053921,Smartwatch,Google,D6569B2EAA67452C,2022-05-06,Active
AST7D79D05608,CUST100078398,Router,Arris,A64BA8FECC044940,2024-10-18,Active
AST186D865300,CUST100084062,Router,Apple,0A3CA8741E6647B1,2022-04-23,Faulty
AST443DE62EE9,CUST100044709,Handset,Apple,066CAD7E02C3478A,2026-06-08,Faulty
ASTE8EE47A555,CUST100076964,Handset,Huawei,E7360ED57F344E28,2025-05-06,Active
AST17A207B088,CUST100039590,Handset,Nokia,2BC4C16AA34C4E4D,2019-05-27,Active
AST4FB6DFDB72,CUST100033016,Handset,Cisco,BEAEC8D19CC84CB6,2019-05-20,Active
AST336D6F5593,CUST100007606,Home Security Hub,Google,287319399B7A422D,2021-06-01,Active
ASTB2495132FA,CUST100095351,Handset,Nokia,29269A6704FE4C4C,2018-07-30,Returned
ASTA0F782E58A,CUST100020395,Modem,Google,697C85E92F994C5A,2019-10-03,Active
ASTA6C4BA7DA3,CUST100029803,Router,Samsung,A28902AE72364521,2025-06-04,Active
ASTC3CAE5A17F,CUST100019384,Handset,Nokia,5A6521B5F8F04D2D,2020-07-12,Active
ASTFA6B525BCA,CUST100095846,Handset,Samsung,B37988B0D8FD4467,2026-05-12,Active
AST33B124280F,CUST100032818,Set-Top Box,Huawei,093B59130A9E4C62,2017-07-18,Active
ASTB07B612F2F,CUST100027462,Router,Arris,5ACCC52E2ADB4A25,2018-11-16,Active
AST64DEE8C066,CUST100015203,Router,Samsung,18FD7617C1AA4FAC,2020-06-30,Active
AST667FE2AAFC,CUST100071079,Home Security Hub,Nokia,620540CF7E1D4B11,2021-01-15,Active
ASTD5F8BFA68F,CUST100042772,Home Security Hub,Arris,1AE27282D3634DF0,2024-05-03,Active
AST54D0E131F7,CUST100041885,Handset,Samsung,7DA692A9D3354C50,2023-02-22,Returned
ASTBAF125F42E,CUST100066937,Modem,Nokia,99D3DE2282BB42E5,2022-05-26,Active
AST3387B318D5,CUST100021299,Router,Samsung,8E500EAC2F4140BA,2022-07-25,Returned
AST5E61081F26,CUST100076614,Router,Cisco,4224D4EC1A504740,2019-02-09,Active
ASTABFB76A631,CUST100060749,Router,Apple,84BB9BC8D6524FEE,2018-04-25,Active
AST85A7424130,CUST100006342,Router,Google,A79D18584202429E,2023-02-17,Returned
AST05651C522D,CUST100026638,Smartwatch,Arris,34E9CAE1AF51482B,2023-10-27,Returned
ASTE41544274D,CUST100035301,Router,Huawei,9F97228863FB4C5B,2021-05-28,Returned
ASTD9B656A6EE,CUST100005204,Handset,Google,5328ACCFD53B47BB,2022-10-05,Active
ASTD25313F59C,CUST100023442,Modem,Arris,5AC5283D9D7548A9,2021-01-07,Active
AST92F50534E1,CUST100024627,Handset,Cisco,5A82170D21044B88,2024-01-24,Active
AST84D2E36670,CUST100099913,Smartwatch,Nokia,B23FF9BC6FE14077,2022-06-29,Active
ASTDD5AFF4514,CUST100055579,Handset,Cisco,A50273E94A664022,2017-08-15,Active
ASTCDE1B2F236,CUST100058143,Modem,Samsung,07A9A14EA2F144B3,2021-11-10,Active
AST638570D6FA,CUST100021432,Modem,Google,7F827685336A4F7B,2021-01-24,Returned
AST9479EE383D,CUST100001161,Set-Top Box,Cisco,0A62249CB9284904,2025-11-30,Active
ASTD8A8969B8C,CUST100066429,Router,Nokia,01AAE0D900824F9F,2021-05-27,Active
AST6DDD8ED104,CUST100046448,Handset,Cisco,47538ECDB31D4EBB,2021-07-14,Active
AST4454BF4364,CUST100055732,Router,Huawei,88C3FDA62FD643B9,2022-01-23,Active
ASTEE9858A6F9,CUST100083061,Handset,Google,B58847B7058B4CC5,2018-10-29,Active
AST26267CFF16,CUST100091851,Handset,Cisco,3F7063544FD2495C,2016-07-17,Active
ASTAA900725CC,CUST100087865,Handset,Google,17FFAD42E6A7474E,2025-03-15,Active
AST49C19D8F29,CUST100070330,Handset,Google,55E1F098ACEF4B4F,2019-03-20,Active
AST372C02D21A,CUST100057376,Modem,Google,4C272B8DC125466E,2025-06-09,Active
AST17228E1CE1,CUST100063710,Router,Cisco,6B999601788E4B8A,2023-11-04,Faulty
ASTEB43A7263F,CUST100027752,Handset,Samsung,9008A08F2E494EE7,2018-06-07,Active
ASTFC15806311,CUST100027286,Router,Huawei,57E9F1DCEC3E414F,2022-11-30,Faulty
AST9876115340,CUST100097861,Handset,Cisco,BC1232459FB44028,2018-04-14,Active
AST3CFCB20032,CUST100031104,Smartwatch,Samsung,5735693D28CA4878,2016-06-03,Returned
AST561601341C,CUST100036049,Modem,Arris,0B9A5EC2ACF442F8,2024-10-27,Active
AST619742AAC5,CUST100087563,Router,Samsung,9BFEBA0B97AC4936,2021-03-14,Returned
AST3144A59789,CUST100051798,Modem,Cisco,92941B50BFB5427C,2022-08-23,Active
AST9FC6EAFF16,CUST100027503,Modem,Huawei,5AD7119010D54F64,2024-02-23,Active
ASTA1C6F0B846,CUST100094978,Set-Top Box,Arris,E89BA7902A1C477B,2026-03-21,Faulty
AST6D20A7D0CC,CUST100092600,Modem,Arris,63BBE02EA50041B7,2019-09-24,Active
ASTA52861B600,CUST100031011,Handset,Apple,62E70715259C41E5,2017-01-21,Returned
AST16DCCFCDCF,CUST100006490,Modem,Samsung,02D6E5A1DE8A4BAE,2022-05-29,Active
ASTF3832669BE,CUST100002161,Handset,Samsung,C7873D0CB90C4C54,2021-02-17,Active
AST9C14ABA012,CUST100007174,Set-Top Box,Cisco,5364AEF37B144E17,2021-02-13,Active
AST7BC38FE0C3,CUST100076238,Handset,Google,34F314A3AF2F4C0D,2021-05-28,Decommissioned
AST9673F7208C,CUST100023575,Handset,Cisco,B20E96934DCA44A0,2023-12-03,Active
ASTB82B1B97E5,CUST100022546,Handset,Cisco,B5837BEE7AF7448A,2026-01-13,Active
AST25861E002B,CUST100029882,Set-Top Box,Apple,06AB3497DBC54E32,2017-05-18,Active
AST89B7E58A5C,CUST100092564,Handset,Cisco,4EEB5C8FA8FF476F,2026-03-05,Active
AST8DACC16C68,CUST100024534,Handset,Samsung,AA4D02CE0E5C4048,2022-08-15,Returned
AST1D137134DD,CUST100052709,Handset,Arris,DD7C16E6C36E4E62,2021-01-01,Active
AST06846C3C3A,CUST100029105,Handset,Samsung,1D76681311D2447D,2020-01-19,Returned
AST63ECC5C4D1,CUST100034353,Handset,Apple,4998C27F502A495D,2024-10-02,Active
ASTB0229925AF,CUST100056465,Router,Google,94CEFD82C5BA44F0,2017-03-19,Active
AST8486186C07,CUST100064373,Set-Top Box,Huawei,B76878D0552C41E2,2018-11-04,Returned
AST3ABFCB1E03,CUST100014102,Modem,Cisco,1476D3D5FEA74874,2023-12-30,Active
AST315BD3605E,CUST100001764,Set-Top Box,Cisco,F6D9E731BE684051,2018-05-26,Active
AST446083239C,CUST100030190,Modem,Cisco,D32AB4B4450346A9,2025-08-16,Active
AST92E173AF18,CUST100051293,Set-Top Box,Nokia,8481CEA91FA44F84,2023-09-06,Decommissioned
AST887B65D3AE,CUST100001506,Modem,Samsung,ADD3601FE38D4E60,2022-01-02,Returned
AST52E6A1E523,CUST100097280,Handset,Cisco,CA89C6BFE4BC4CED,2020-11-10,Active
ASTF5F135AB9E,CUST100095901,Smartwatch,Nokia,E579C15A13094F84,2021-10-05,Active
AST463675061F,CUST100070007,Modem,Arris,2773F23B459D4745,2024-05-06,Active
AST40A0581B55,CUST100053586,Router,Nokia,2F299D3A37934D4E,2018-02-02,Active
AST5EE5C6528C,CUST100002084,Handset,Nokia,80A1028F5B7845EC,2018-11-28,Active
ASTE615BD2BD3,CUST100091431,Home Security Hub,Arris,6086BF57DCD144D8,2016-08-26,Active
AST95AAE7EE3C,CUST100005624,Modem,Cisco,62FABFA5884D4747,2016-07-06,Active
ASTC1885D126D,CUST100092120,Router,Nokia,18B07A12FD0042F9,2020-05-06,Faulty
ASTEAAF7D614E,CUST100084175,Handset,Google,3C40645150F14438,2019-12-22,Active
ASTFF0A44AB97,CUST100011705,Set-Top Box,Huawei,B48544C684E444FB,2020-07-16,Active
AST23FA2F2E02,CUST100043082,Router,Samsung,68F0F3742CEE4B9A,2023-06-26,Active
ASTBE2220E9F0,CUST100055844,Handset,Apple,2A24EB5AC58F4440,2016-12-25,Active
ASTE25D65B8C0,CUST100084098,Smartwatch,Arris,DB66ABEC07274274,2025-01-13,Active
AST170E78470B,CUST100078226,Router,Cisco,0C50A40931654651,2024-03-06,Active
AST0B5C2154A1,CUST100003969,Modem,Google,3AC64196F06A472E,2020-07-11,Active
AST632A59C397,CUST100038215,Set-Top Box,Arris,E50B4197F91441F2,2022-01-26,Active
ASTB4A6B1E69F,CUST100017181,Handset,Cisco,96F77BF4061D4C1C,2017-07-21,Active
AST2667C8E579,CUST100058090,Router,Apple,0DBF3971BBB34FC3,2017-09-15,Active
AST0D8526D76E,CUST100087402,Handset,Huawei,E24E35E60E5B4054,2025-03-07,Active
AST60AB6C1DA3,CUST100012764,Router,Cisco,1E6C4F01D531429F,2019-02-21,Active
AST7CA4DAD547,CUST100079706,Handset,Apple,3B17D0820C2F41FC,2021-12-25,Active
ASTF8CCDC5B29,CUST100021979,Handset,Arris,34039EEF11C04A53,2023-03-31,Active
ASTCF3F1E0440,CUST100040406,Modem,Arris,BCA4C396978A4ADC,2025-09-06,Active
AST1DBD60240A,CUST100070346,Set-Top Box,Huawei,FBEF8D65CB344E76,2019-01-19,Active
ASTADFBBE0FF0,CUST100003800,Router,Apple,81864363D9F04441,2020-09-10,Active
AST906FBDA4D1,CUST100021818,Smartwatch,Samsung,36BE910ADB9F4D05,2016-06-02,Active
AST01BF54A716,CUST100015965,Handset,Samsung,77EFC169040447B4,2023-10-14,Active
ASTF611EAC09B,CUST100049366,Handset,Cisco,DD48E1729FED45C2,2021-10-06,Active
AST7CE043DC2A,CUST100027126,Handset,Google,0471D590BE6D45DE,2022-12-04,Faulty
AST14D3B3C95E,CUST100071873,Router,Nokia,A0CD401DDF2140DB,2020-01-05,Faulty
AST2F9CC4C02B,CUST100096948,Modem,Samsung,2C6EEA07261542C5,2021-10-23,Active
AST628B9E8B28,CUST100015297,Set-Top Box,Samsung,E8FA2C943AA946EA,2020-06-20,Active
ASTC30209B2A5,CUST100019481,Modem,Google,0D750C4BBA174D47,2022-11-30,Active
AST2E172A12AF,CUST100010692,Modem,Samsung,A037459284FD4E5B,2022-08-04,Active
AST422201DF69,CUST100004993,Set-Top Box,Google,279DFD74F3154CD0,2022-11-09,Active
AST5C8724753D,CUST100042217,Router,Google,DD9A198E1FD54622,2021-10-03,Active
AST8014B85217,CUST100041801,Router,Nokia,6E45364791DE46B2,2020-12-29,Active
AST3ED92AACE5,CUST100011143,Router,Arris,B60699E99E3A409D,2023-03-08,Active
ASTA83839CE68,CUST100030580,Router,Google,26E71D62C7ED48DA,2020-01-01,Returned
AST744DF60560,CUST100091110,Handset,Samsung,A6208C75B3BB42B2,2023-07-01,Active
AST08CC3ECE15,CUST100090291,Router,Samsung,EE3B4858C14B4391,2025-06-09,Active
ASTFA6F55C8E8,CUST100037664,Modem,Huawei,A1D09ED797EA43DD,2019-01-18,Active
AST601F2EFC34,CUST100041044,Set-Top Box,Arris,EDD9665C84C246F7,2022-08-14,Active
AST6340371B52,CUST100006099,Router,Google,46B19A7BC9634E9F,2024-03-19,Active
ASTD5309E9218,CUST100025082,Router,Huawei,CAA17496C920480D,2021-09-18,Faulty
ASTF30044C09B,CUST100088155,Router,Samsung,FA561B8F5AD34A52,2025-04-30,Active
ASTA67ADECC99,CUST100021736,Handset,Huawei,84751170EBFB48CC,2023-11-25,Active
ASTEBA83C3B23,CUST100041315,Router,Arris,B183D8BA428D42B8,2023-12-04,Active
AST79BC30B9D8,CUST100004975,Set-Top Box,Samsung,D3B0283716AA4B94,2023-02-18,Active
AST1DF6E1E36F,CUST100012381,Router,Huawei,6606E03200054132,2020-07-06,Active
AST567BDAB1CC,CUST100071169,Router,Cisco,188AFCCD0C64493B,2025-07-05,Returned
AST0F9B6707C4,CUST100092556,Router,Huawei,A0B0E5682E8448AB,2023-04-21,Active
AST6065A2DFE9,CUST100025583,Router,Nokia,17DA0339208947F7,2016-01-30,Active
AST63A6B1DE61,CUST100062134,Modem,Huawei,7A0522721D5D45BD,2025-01-30,Active
AST9DA02BB7BB,CUST100031439,Router,Google,15CAF968FD534EE3,2022-08-31,Active
ASTC57AD1BF9B,CUST100077764,Smartwatch,Cisco,71DBB81A6A124443,2026-04-20,Active
ASTBEFD9B393F,CUST100014926,Router,Arris,9A7598A031F04C9B,2023-09-22,Active
AST6B52383F41,CUST100083389,Home Security Hub,Samsung,483AE52398134E06,2024-03-05,Active
AST34A90DE4F2,CUST100061647,Handset,Nokia,F6DFD39119C643A4,2025-03-14,Active
ASTD13700B60E,CUST100092409,Handset,Apple,A01016950A9C4D9C,2023-11-18,Faulty
AST41F6E09208,CUST100003125,Set-Top Box,Cisco,2E4C2753CF4648F4,2021-02-02,Active
ASTBEF3CA0E6F,CUST100064534,Modem,Cisco,F1DF52AF118F4C04,2024-12-11,Active
AST4687763E37,CUST100078629,Router,Google,157A1219171C418A,2016-08-19,Active
AST3E8F26DBF4,CUST100002340,Handset,Huawei,D478AA14AF44488D,2024-07-31,Active
ASTD4778EBAF2,CUST100000978,Handset,Arris,5DD179EBC3C74D5A,2017-06-08,Active
AST6222A06AC0,CUST100073006,Handset,Apple,95F8CDA54B0C4266,2024-02-27,Faulty
AST22069DE87F,CUST100042213,Home Security Hub,Samsung,0C83112861F94011,2018-10-16,Active
AST86C8FCDB9C,CUST100000464,Set-Top Box,Google,597BA4EBEAB049C5,2016-05-17,Active
AST29B29417E4,CUST100070988,Modem,Cisco,57847C9F30914FE2,2022-03-25,Active
AST4A2B6A84D0,CUST100045112,Handset,Arris,AEAB2653F4D94399,2016-01-04,Active
ASTF33CA40B97,CUST100070066,Handset,Huawei,8C4B75FC88C44FCE,2022-06-29,Active
ASTB882731F7B,CUST100051202,Router,Nokia,A369513DC1D6438E,2022-10-14,Active
AST11D47245B7,CUST100088899,Modem,Cisco,DB2C74FCD9A54B1E,2022-11-15,Decommissioned
AST142FF89E94,CUST100070305,Handset,Apple,E804F29E5471401B,2019-03-21,Active
AST23C2CC2A62,CUST100075573,Set-Top Box,Google,AB045B8169A04F97,2024-07-08,Returned
AST6E75AB6DEC,CUST100039753,Set-Top Box,Huawei,8DDD3DD3AE4E4453,2017-01-05,Active
AST8671FB911F,CUST100005798,Modem,Google,ABF554A785CD4D0F,2022-04-15,Active
ASTBF29B9052C,CUST100014407,Set-Top Box,Nokia,4AD8101263BC44C4,2022-11-05,Returned
ASTD6073412FB,CUST100019532,Router,Google,1DB1387F64FF4E6B,2022-12-20,Returned
AST1D8B26AF01,CUST100079571,Handset,Nokia,C594D53CA3004767,2017-07-22,Active
AST1B1070D0E5,CUST100049986,Modem,Samsung,1AB58760207142FE,2020-07-28,Active
AST1A14A8A719,CUST100048300,Router,Cisco,D1E2405F580C4964,2020-08-24,Active
ASTA25C2FBB53,CUST100051917,Handset,Nokia,750B976F75124E6E,2017-03-28,Faulty
ASTBEA14CF8BF,CUST100075671,Router,Cisco,A211B1428C774E0E,2024-12-05,Faulty
ASTBE4EB259BA,CUST100082996,Router,Apple,35135BBC577F451C,2024-06-03,Active
AST3C0689F7CC,CUST100058632,Router,Apple,F9B396DF517A4BE3,2025-04-21,Active
ASTB43AF99EE1,CUST100016792,Handset,Samsung,420239B45653499D,2024-09-16,Active
AST9AED436E5B,CUST100009186,Handset,Huawei,06C467B61F3348CA,2026-03-25,Active
AST0F47A89C4A,CUST100094179,Handset,Arris,04FA30ED65994A6C,2025-09-23,Active
AST09FDB199B4,CUST100083888,Handset,Samsung,4C92D04C6BCB4946,2018-12-24,Active
AST8A59CCE9DD,CUST100063570,Router,Huawei,4AB8D24F4F9F448B,2024-01-24,Active
AST9C63F153A2,CUST100069171,Set-Top Box,Arris,39E0AA3FAB7B4FDA,2024-09-14,Returned
ASTA7B3B3AE32,CUST100055798,Router,Nokia,35E1EC1657DB45D7,2022-11-21,Active
ASTB2F3024A73,CUST100019609,Set-Top Box,Huawei,C567CADE5CB94027,2019-06-02,Active
ASTCF74A7735E,CUST100019745,Modem,Google,E964BB524AB54464,2019-12-14,Active
AST5B9D5FCB92,CUST100079923,Set-Top Box,Nokia,30CF33AE67A749AD,2023-08-05,Active
AST56A16A43FA,CUST100020956,Handset,Huawei,ACC353821B9F4368,2022-02-09,Active
AST9C43BCD06E,CUST100086148,Handset,Cisco,3BF123ABC62A4B1B,2025-11-24,Active
ASTF009979034,CUST100072475,Set-Top Box,Cisco,C6E4502C4D0240BB,2019-06-29,Active
ASTACE037BEA4,CUST100088531,Modem,Apple,A3B94C8505F94ABA,2023-05-29,Returned
AST4871EAC1C0,CUST100059427,Set-Top Box,Arris,D536332F397F4C44,2019-07-12,Active
ASTAEE5191ACB,CUST100013279,Modem,Apple,607E234EBE6A4F59,2021-01-23,Faulty
ASTE645D780FA,CUST100048428,Set-Top Box,Samsung,143016A6D731478A,2020-12-22,Active
ASTE6C6B22D71,CUST100009290,Router,Arris,9B46AFBECEE042BB,2020-10-02,Active
ASTD087C0664D,CUST100008790,Modem,Google,6AFED0E904FE4BDF,2023-06-16,Decommissioned
AST05BEED7E21,CUST100048353,Handset,Nokia,858D59E8479745A0,2021-09-25,Active
AST6EC9CA9516,CUST100031122,Handset,Apple,386E5DA6DBC3405D,2026-01-09,Active
ASTD794E69047,CUST100000510,Handset,Google,EECFC3A2B09F4100,2025-03-19,Returned
AST683ED15BEF,CUST100012715,Set-Top Box,Samsung,2E256C6B15B343E5,2018-12-09,Active
AST3F0537C258,CUST100059113,Router,Google,98CD9BAB68714AA6,2017-08-15,Active
ASTDC45EBE768,CUST100022242,Handset,Huawei,1B7440E9FA434407,2020-09-20,Active
AST66B348945B,CUST100058145,Modem,Huawei,90DA1C8C52274E7F,2019-01-01,Active
AST1876F580F2,CUST100038103,Set-Top Box,Cisco,09BEB948599D41C7,2021-12-28,Active
AST40380668B2,CUST100084675,Handset,Apple,8B5D68DFD19648B6,2016-01-12,Decommissioned
AST6FE53332A8,CUST100057687,Handset,Samsung,3BBA2B470A534406,2016-10-24,Active
AST55AE246B34,CUST100075590,Handset,Nokia,FCA3C02EAE754A12,2019-04-26,Active
AST6E8284AD86,CUST100038092,Router,Nokia,8A645F89EE43439A,2019-11-24,Returned
AST29E08190B4,CUST100073269,Handset,Huawei,C0E674200E404192,2018-07-27,Active
AST4FA6E0194F,CUST100009232,Router,Cisco,04ED1D7FE67E472B,2017-02-13,Faulty
AST824F886645,CUST100077566,Modem,Samsung,0F8556B78CAC4D08,2017-04-01,Active
AST2614540483,CUST100022910,Router,Arris,172D03D93B694D13,2024-04-26,Active
ASTA4081DC837,CUST100029872,Handset,Cisco,2E6AF08383A9400E,2024-04-01,Returned
ASTECFC8FA35D,CUST100063227,Router,Apple,BE3D8B5C20FE4F17,2022-02-04,Active
ASTD4B7D0FC1B,CUST100096878,Set-Top Box,Cisco,8E0C9DF214D84CA1,2025-04-19,Faulty
AST8C14B0ED1D,CUST100059647,Handset,Cisco,7838BC4AEEBA4BFB,2025-12-17,Active
AST3DAF93A1F4,CUST100066704,Handset,Samsung,AE9F05DD9E044AD9,2022-07-30,Active
AST675881991B,CUST100044731,Modem,Samsung,9A425597486E40F3,2017-06-06,Active
ASTD04E286D92,CUST100062330,Router,Cisco,DF8029A6C74447BB,2021-10-19,Returned
AST500BB112D7,CUST100030746,Smartwatch,Cisco,8C3BD32591C94AB0,2025-11-11,Faulty
AST6B98FBD2F6,CUST100071361,Router,Arris,4515B98BB4F545B0,2025-06-02,Active
ASTDAE5B55F57,CUST100097142,Handset,Samsung,2D80CCA30A4C48CC,2022-07-14,Active
ASTB43960928C,CUST100057420,Home Security Hub,Arris,04CCD133041D4AB5,2021-03-23,Decommissioned
AST13CAF54E90,CUST100031279,Modem,Apple,B4EB7BF6958849B5,2023-08-11,Active
ASTD9EB287C33,CUST100063396,Handset,Cisco,F28D2059D16C445E,2016-10-15,Active
AST0887FCD37E,CUST100016371,Home Security Hub,Apple,1C3B57EE6AAD46D1,2022-01-30,Active
AST8889B73AAD,CUST100057832,Handset,Arris,D3F76AAFDFD14CE9,2023-02-14,Returned
AST22EF4DE118,CUST100035483,Router,Google,7FB221ADC2824D6C,2024-10-22,Active
ASTD418AF797B,CUST100070067,Router,Huawei,8410861AF8F24FC5,2018-02-11,Active
ASTB97ACBBB14,CUST100080100,Modem,Google,3E4A645C8F144693,2025-09-19,Active
AST8979BA2EF2,CUST100048765,Set-Top Box,Nokia,0FE0BF3BB8C94967,2023-02-14,Active
ASTE1CC29FCA6,CUST100036653,Home Security Hub,Cisco,8C800458CD134C74,2019-01-31,Returned
AST3F3D90F437,CUST100011359,Handset,Cisco,764F998CE0E44B91,2019-05-26,Active
ASTFD85941A50,CUST100037373,Home Security Hub,Apple,A330BD6DCD114DDC,2020-09-02,Returned
AST3547B16A95,CUST100049362,Handset,Google,3B140791843F4C34,2021-10-10,Returned
ASTFB6B1F1456,CUST100043199,Handset,Huawei,F9DE0F30149D4DF9,2022-07-12,Active
AST5CDE882489,CUST100073574,Modem,Huawei,89B74A476E8446EA,2021-08-05,Active
AST4D86FF093E,CUST100082972,Modem,Arris,9D46F43C290B4AFD,2024-11-11,Active
AST37D38F1366,CUST100051418,Router,Huawei,FD8555CF08534DD9,2016-07-01,Faulty
ASTBFBC503BB7,CUST100039915,Router,Samsung,B190DCC606BE4D00,2024-09-23,Active
AST890BE1EBF9,CUST100015434,Set-Top Box,Cisco,0B5904E3710F42D1,2024-06-20,Active
ASTDF170A7943,CUST100047384,Home Security Hub,Cisco,F3098F4C00594D4B,2021-06-14,Active
ASTEA91BEAEF3,CUST100083919,Handset,Apple,1C2EB61956874BB7,2018-09-05,Active
ASTABA76F8867,CUST100012800,Handset,Cisco,36F25C8D72E54030,2017-03-05,Active
AST15188E4548,CUST100012918,Handset,Apple,6353AA8D77D74C53,2022-06-27,Active
ASTF0B9B76350,CUST100024078,Handset,Huawei,7755F8E714F04834,2023-03-05,Active
AST7E6249F26C,CUST100099728,Handset,Samsung,42EFF237220D47D6,2018-05-15,Active
AST82DA29A3CD,CUST100021276,Set-Top Box,Cisco,3A65B09B10134E5B,2023-09-02,Active
ASTE94B9321FD,CUST100088232,Handset,Cisco,03C8CDDBEED84600,2023-11-11,Decommissioned
AST4CE8426088,CUST100006240,Smartwatch,Arris,96271AE934BC4F17,2024-09-08,Active
AST78822FB457,CUST100047086,Set-Top Box,Apple,673C7F3A765749E1,2020-03-21,Active
ASTC934ACF0B2,CUST100054438,Smartwatch,Huawei,5024708D0E064F24,2023-10-02,Active
AST61F7AC244F,CUST100048941,Smartwatch,Google,127DE2979288488F,2017-02-18,Active
ASTD1CAD69C77,CUST100094559,Handset,Apple,93B2AFADA35249B0,2023-10-24,Active
AST090CA9D195,CUST100058425,Handset,Nokia,A889F577D06F42B9,2019-07-05,Active
ASTEA066EDFA8,CUST100021712,Router,Nokia,99877CD345C1451E,2022-09-06,Decommissioned
AST54ECEC555E,CUST100039800,Modem,Huawei,41383B6348414530,2018-11-27,Active
AST67A4C6077A,CUST100093544,Handset,Nokia,E1C63B64173D4725,2024-08-14,Active
AST8EFC9B777C,CUST100092532,Set-Top Box,Arris,4C1830CAA1984623,2025-08-19,Active
AST80FE72A6B4,CUST100079091,Set-Top Box,Samsung,C26E3451701B4EF0,2019-03-02,Active
AST3726E3896F,CUST100088302,Handset,Huawei,0A799E819CE84F20,2022-08-20,Active
ASTE6A67442F6,CUST100000321,Home Security Hub,Google,8DEE1D9BFB36475A,2025-09-28,Active
AST3AC4437726,CUST100010748,Router,Huawei,F66111E6B1F14E94,2017-12-30,Active
AST6B53AF7C97,CUST100039367,Handset,Apple,FD149810908A491C,2017-07-15,Active
AST4AD5057770,CUST100035538,Smartwatch,Samsung,251050B05DA74915,2023-01-01,Active
AST61571EE3F1,CUST100044272,Modem,Huawei,BD1EC6E64FC745EB,2022-06-09,Active
AST91F2D60CA8,CUST100083119,Modem,Google,F7BD6EA6A1BC4316,2020-12-25,Active
ASTCB65518514,CUST100074727,Router,Google,6906B18895B44B29,2020-03-23,Active
AST27E99A219A,CUST100085465,Handset,Cisco,78B4649CE3724FF3,2022-07-17,Active
AST85D1DF693E,CUST100016955,Handset,Huawei,F4F49F591D8B4B44,2025-02-26,Active
ASTF86530B2A8,CUST100042786,Handset,Arris,7EEC9E59194144C6,2020-11-05,Active
AST76F6B3CCB6,CUST100054898,Handset,Cisco,FE440CC4661C46C9,2024-05-17,Active
ASTB703C7B09F,CUST100078429,Smartwatch,Google,BFE221947EDA4382,2018-03-20,Active
ASTEF9D9DD2DD,CUST100061978,Router,Nokia,A7BA13A2A8844956,2020-03-22,Active
ASTF4C2E51568,CUST100023262,Smartwatch,Samsung,77DB67BF0A4746AE,2017-07-27,Active
ASTD7225BEAE6,CUST100027607,Handset,Huawei,A9DE1BABB69E4FBE,2020-03-04,Active
ASTF78BF846A6,CUST100012422,Handset,Cisco,3AF30CFE3F1446BD,2024-12-10,Active
AST1AC87BAEE2,CUST100018536,Router,Huawei,2515DDA6CF744067,2018-11-29,Decommissioned
AST815BCC762A,CUST100000945,Handset,Cisco,7E6982835BB94B9A,2020-05-15,Decommissioned
AST9E738E8C5E,CUST100034690,Handset,Cisco,24C2CD8F65114E88,2022-07-06,Active
ASTA63B20B479,CUST100001919,Handset,Google,A1DE4634C2BC4D7B,2019-06-08,Active
ASTDDA1A7A729,CUST100054755,Router,Samsung,1A332F4197F54D4E,2021-08-19,Active
ASTDF2B01CB1B,CUST100017918,Handset,Google,7B98FEC2428E43A5,2018-09-17,Returned
AST9E9019D103,CUST100052190,Set-Top Box,Apple,C9E1D53821EC4EAB,2020-05-03,Active
ASTC395166581,CUST100083558,Modem,Samsung,65D9CDB58C044521,2016-06-18,Active
AST474B3C1753,CUST100043843,Handset,Nokia,5585E80013D54DE2,2020-03-22,Active
AST507B18EFA8,CUST100033802,Router,Google,52CD1A2B954A4015,2016-01-23,Active
AST6CBF3C2E59,CUST100040241,Modem,Nokia,5F03E60E268742B7,2019-08-25,Returned
AST8AC568598D,CUST100048901,Handset,Apple,CD7CC849414D41B4,2019-04-10,Active
ASTFB0AE35DC5,CUST100048736,Router,Nokia,D84231FF1E6E4BA3,2017-09-03,Active
AST159C2C0677,CUST100055201,Router,Huawei,CC6708DBB3294605,2020-12-20,Active
ASTF46E57A928,CUST100014963,Set-Top Box,Google,96E58E1BEEEC4FC8,2020-01-03,Active
AST0036FE702A,CUST100007603,Handset,Arris,3F5085ADA59D4BFB,2022-01-12,Active
AST6E4B7DB76B,CUST100069580,Handset,Google,75F4B71EBCC44BCA,2024-03-06,Active
AST57B5208D2C,CUST100090652,Router,Samsung,4886C5082E0C4184,2026-05-10,Active
AST9106BC0C3D,CUST100008691,Handset,Apple,53D690F530B545D2,2023-12-21,Returned
ASTF923043E22,CUST100071399,Home Security Hub,Huawei,9950C42197F341C3,2020-06-20,Active
AST3468FC62C8,CUST100086315,Router,Huawei,6A77B4F98FE84C01,2023-12-05,Active
AST7D12DF5A9D,CUST100066513,Handset,Nokia,A32639574DB94830,2021-08-23,Active
AST017306FF19,CUST100093518,Handset,Samsung,3D4A01B4FFD84544,2020-10-13,Active
AST47960FDF55,CUST100074791,Handset,Cisco,47FCE1AF6B064E44,2021-04-26,Active
AST91B8275765,CUST100090331,Modem,Huawei,6FD870EA03174482,2023-09-26,Decommissioned
AST672E25A403,CUST100018774,Modem,Arris,ED6FAD213A004B9A,2025-12-04,Active
AST9B07455899,CUST100054456,Router,Arris,EECC1DFA41B74E91,2025-04-23,Active
AST4E02F884A3,CUST100011086,Modem,Samsung,38A3304A05894CD8,2023-03-11,Active
ASTA892091ABA,CUST100023836,Handset,Apple,B1C3D2A5EE434AF0,2017-12-24,Active
ASTAB5D01DC58,CUST100037236,Router,Nokia,73C4993313334EB7,2021-10-13,Active
ASTCCA3035F80,CUST100032567,Modem,Nokia,1DAE580265B143AC,2020-08-08,Active
ASTD78A993B10,CUST100087083,Router,Huawei,64BF8B1BAC4F4899,2016-04-08,Active
AST97CD505D44,CUST100028209,Handset,Huawei,C79FBB8E46234CBB,2020-08-02,Active
ASTE3020C2754,CUST100036149,Modem,Samsung,CBA3F62A3E8B4CDF,2018-07-27,Active
AST38ADA49248,CUST100058348,Handset,Arris,F204A064B9C849EA,2025-05-20,Active
AST3E339A8360,CUST100040770,Handset,Arris,C51C9C039AE94EF2,2016-05-04,Active
ASTC3EE7701BB,CUST100048641,Router,Cisco,386696F2B4F24D5E,2016-09-12,Active
AST1EE4BF02D8,CUST100079944,Modem,Arris,4C3AB038DB4F4F40,2018-07-04,Active
AST8CF16E0DAC,CUST100013980,Handset,Nokia,8375A2CBB8114707,2025-09-26,Returned
ASTC2E8191A5A,CUST100005696,Smartwatch,Nokia,53B4B49712D646EB,2024-12-27,Active
AST31A6F116F5,CUST100059225,Handset,Nokia,4698415462714F97,2024-09-13,Faulty
AST7EAC1D3909,CUST100094551,Router,Google,80EB9D563F1C4EF1,2023-03-03,Active
ASTE0CB91E8FB,CUST100007224,Handset,Cisco,23EA123AD9B2410E,2018-05-27,Faulty
ASTFADDC66C3A,CUST100087368,Handset,Cisco,14B4E9CA2987491C,2019-05-18,Active
AST6F0A9AADC5,CUST100068534,Router,Cisco,69E40FC51D704E0D,2025-02-28,Active
ASTC46FDC339C,CUST100060567,Handset,Samsung,F45D80BAEF6E4A20,2022-03-17,Active
AST71434F3631,CUST100079995,Handset,Google,F8D3CFBDABC94CE3,2025-07-28,Active
AST7A59DA1A7F,CUST100096852,Handset,Samsung,9CB2A1E7E61F42B7,2019-04-10,Active
AST23F4DB7B36,CUST100030617,Router,Huawei,37C8F81085034D14,2025-09-03,Active
AST2F1701222E,CUST100007649,Handset,Arris,DEF9077B94644C17,2023-12-30,Active
ASTBAC3A8F893,CUST100068046,Set-Top Box,Google,E488EAE2ECED4986,2021-10-14,Active
ASTE88589A847,CUST100068373,Router,Nokia,10ABAD0EF7814D49,2025-02-22,Faulty
AST72C0F188E2,CUST100084818,Handset,Arris,163A3114AD0941DD,2016-04-10,Active
AST8496CF4345,CUST100074800,Set-Top Box,Apple,13EED4BE8F1C4AF1,2016-12-15,Active
AST4D8766AECB,CUST100005361,Handset,Cisco,3A975E752C2C42E9,2024-06-08,Active
ASTAB0001007B,CUST100045661,Handset,Arris,922703110DE54897,2024-12-19,Active
AST5FDDFE7729,CUST100020080,Set-Top Box,Arris,A990F1FB023E4E31,2017-11-28,Returned
ASTAED9E806E9,CUST100062785,Smartwatch,Arris,C7B4A6970A454986,2023-02-08,Active
AST1131A5FE9F,CUST100032476,Set-Top Box,Arris,F0BBFFDE015E411D,2025-07-29,Faulty
AST2FD7A2FB68,CUST100066944,Modem,Nokia,03A480FA4D8F42FA,2018-07-23,Active
AST46066FEB56,CUST100093680,Handset,Apple,241CCD2405DD47E0,2019-03-21,Active
ASTFC4F784B14,CUST100001387,Smartwatch,Cisco,FABE7A2ACB044B18,2020-01-22,Returned
AST6C321B9141,CUST100068993,Set-Top Box,Arris,2E6199A8E45D433E,2021-11-11,Active
ASTED071C6F10,CUST100048773,Handset,Huawei,2B80A34F0CF84868,2016-10-19,Active
ASTD836876CDE,CUST100010928,Handset,Samsung,E3A23083A8404752,2024-04-02,Active
AST68C68CA0F7,CUST100007806,Router,Nokia,43A358B63D3C4599,2022-11-13,Active
ASTA301516B8E,CUST100039507,Handset,Huawei,DD415F2030C5421F,2022-05-05,Active
ASTDB1A84E961,CUST100070958,Handset,Google,671FEFF562B347E7,2025-05-04,Faulty
AST89647DC4C2,CUST100077910,Router,Apple,A414CC2017E04EAC,2023-11-26,Active
ASTAFE101B529,CUST100012313,Router,Samsung,6FCF14C825794428,2021-10-26,Active
AST6750BD2192,CUST100068182,Handset,Huawei,B8D2F7A1B1C844F7,2024-07-10,Active
AST5BC7DB15BD,CUST100048774,Handset,Apple,F4D3DF53BFEE4718,2023-10-25,Active
AST4BA9BDA117,CUST100024877,Modem,Apple,A11FC56A406B46E3,2021-07-16,Active
ASTE8BFBD9BB1,CUST100045629,Modem,Apple,B2DC527434684D72,2020-01-12,Faulty
AST53DA12674A,CUST100056260,Set-Top Box,Samsung,13D4ACDC70C94BBD,2022-01-01,Active
AST270DA844E0,CUST100025339,Handset,Samsung,25238AD4458049F4,2024-04-24,Active
AST2DFB6F8B61,CUST100018371,Handset,Samsung,715B7FDA5A554E4D,2022-12-16,Active
ASTFBFBA5EEFE,CUST100054774,Modem,Huawei,D164358B285B47AF,2020-03-30,Active
AST314BADA69F,CUST100034193,Handset,Samsung,F4829A121F5F4573,2020-08-18,Active
ASTD8F96DAC4B,CUST100055079,Handset,Huawei,3C25D08528334593,2020-06-28,Returned
AST90B487238F,CUST100026180,Handset,Google,C756E86B8AA44C44,2020-10-24,Decommissioned
AST2F13461D91,CUST100050572,Router,Huawei,25E93677E70E4147,2019-11-10,Active
ASTA2C9E5B519,CUST100017251,Modem,Nokia,24CB432BCF364C74,2025-09-18,Active
AST02C7A00746,CUST100049012,Handset,Huawei,1638799049514C86,2025-06-20,Active
AST7C6F9CEE3E,CUST100066774,Smartwatch,Google,CB3CD8B8302D481A,2021-02-03,Active
AST11DDBF2FE1,CUST100028261,Router,Nokia,4F84E27C3E184CA5,2016-04-28,Active
AST8B076A0D53,CUST100071187,Handset,Google,A2322294241B488A,2022-11-01,Active
AST1646FB6908,CUST100098186,Set-Top Box,Huawei,44881A59479A410E,2017-07-25,Active
AST68582BE161,CUST100046238,Handset,Huawei,071FFE1B16004A0B,2024-03-17,Active
AST58E77F5304,CUST100091270,Handset,Nokia,5CD821494A2248A2,2026-02-10,Returned
AST1A48D22772,CUST100060151,Handset,Samsung,7647431AFAC5423A,2021-07-02,Active
AST97ECD875D5,CUST100006899,Handset,Nokia,52B5C55A791A4355,2026-01-16,Active
AST4BE8A408D4,CUST100052545,Handset,Google,586965BE1F7C42DC,2025-10-24,Active
ASTB74857F881,CUST100091361,Handset,Samsung,4DF59241E5D34F9C,2018-02-15,Active
ASTDBD0C2EBCE,CUST100071081,Handset,Google,8E77E1E37B2D4E9E,2019-04-15,Active
ASTB441BBFC10,CUST100063927,Handset,Nokia,BAB682B882434D75,2018-03-18,Active
ASTBC4D4E5ED9,CUST100061396,Smartwatch,Huawei,FA8F89D5E8E34F0C,2020-09-05,Active
AST09D62AC664,CUST100038826,Modem,Google,F47F7A6749894599,2016-12-03,Active
AST38B983E6EA,CUST100065992,Handset,Cisco,EC131F17338A4B4A,2018-07-11,Returned
ASTD526401B38,CUST100037446,Handset,Google,C29A98C61239403E,2017-12-29,Active
ASTFE368CF0ED,CUST100080910,Modem,Arris,041303F6784A463E,2018-11-30,Active
ASTD2063AD02B,CUST100075963,Smartwatch,Arris,F9E8C9D8236449C7,2026-02-07,Active
AST7B6032F468,CUST100030680,Handset,Samsung,69F89ABEBB2D4A6E,2016-03-25,Active
ASTD62599C2F3,CUST100039278,Set-Top Box,Arris,5739F24DA1504E0A,2024-10-13,Active
AST2517483064,CUST100058104,Modem,Cisco,C6D46ED83CA04DBC,2018-08-11,Active
AST147E6701C4,CUST100045055,Modem,Samsung,6C7DE00B0DE945CE,2024-03-17,Active
AST3BDC4E404A,CUST100022460,Modem,Huawei,333EA20FE7994591,2023-11-01,Active
AST82CD5AA3A1,CUST100056650,Router,Huawei,53599BFEEC314607,2017-02-24,Active
ASTE4B792D7B9,CUST100067010,Handset,Nokia,A8ACC9F9B8814812,2025-01-23,Active
ASTAEBB0E82A2,CUST100007644,Router,Cisco,DF6C7B217F784AE8,2018-03-21,Active
AST03E8D85858,CUST100092570,Handset,Arris,006F6B7E32124881,2021-05-08,Active
AST852FEBA358,CUST100063319,Set-Top Box,Samsung,9CE0602BF0414462,2017-09-14,Active
ASTC7EB4D6AB8,CUST100015629,Router,Cisco,6A4E38022AC241E5,2016-09-02,Returned
AST320480C403,CUST100051874,Modem,Huawei,AE27C633698142F7,2018-03-05,Active
AST87B7F419B4,CUST100064215,Handset,Samsung,C23F2382863B4B7B,2019-04-06,Decommissioned
ASTDB008DE294,CUST100001903,Router,Samsung,3A3EDFB861F74CE1,2025-10-18,Faulty
AST8779DFDF10,CUST100058055,Router,Huawei,C2343B49A4494A63,2025-03-21,Active
AST77CB3737AA,CUST100018525,Modem,Arris,CB0F4A0A49C043F0,2019-07-09,Active
AST76250EF5C8,CUST100063219,Modem,Apple,06A20103A22143A4,2026-03-12,Active
ASTD8F3A550BD,CUST100084454,Modem,Apple,CDE6B1D59947413D,2017-04-18,Active
ASTB7FA600990,CUST100082322,Router,Apple,ACBF985FABF8403C,2026-03-21,Active
ASTB3AAFF1B82,CUST100055724,Router,Google,CC788ACC61284BBB,2021-04-08,Active
AST3C79418FCB,CUST100087793,Router,Nokia,F4BB5BC0B3AB40F9,2022-04-08,Active
AST6C62297D83,CUST100056908,Smartwatch,Huawei,7CF8E72B6BF34256,2021-06-20,Faulty
ASTFAC9FC4B96,CUST100021616,Handset,Google,6C3EAE9829914605,2018-04-28,Active
AST24B6A6E7C9,CUST100079077,Set-Top Box,Cisco,468E6EED819346F5,2019-12-03,Active
ASTEBF4353EFB,CUST100022907,Handset,Cisco,134BB6EE62AC4C2F,2018-01-11,Active
AST5CF14B7C75,CUST100061051,Router,Google,94B00CA722EF49A3,2024-03-22,Active
AST7804ED3CE7,CUST100050017,Router,Huawei,D37BDFEB408F4B07,2022-07-09,Active
ASTD5F001FC9F,CUST100059920,Home Security Hub,Huawei,4740B424E71C48F8,2018-06-25,Active
AST3DF7FDA32E,CUST100026771,Handset,Arris,93D478C57EAD4C0F,2019-02-05,Active
ASTD874965741,CUST100098156,Handset,Nokia,3C437CD3BDCA429A,2022-08-15,Active
AST037BD97E94,CUST100080863,Set-Top Box,Arris,3B8E6E9BDA654EA9,2019-11-16,Active
AST4B218017C1,CUST100092139,Modem,Cisco,E6FEACFA80B94A37,2017-10-25,Active
AST084DD844E8,CUST100034711,Handset,Arris,9C6E6EFC6F6D4678,2017-09-03,Returned
AST62F13B93AF,CUST100074854,Set-Top Box,Arris,2B60B6611C7D4CE9,2018-12-19,Active
AST93D7624757,CUST100028891,Handset,Cisco,A144AF370F364256,2024-10-07,Active
AST086017DD6B,CUST100042651,Handset,Arris,43D949663F45411F,2017-05-25,Active
ASTFD7672A62E,CUST100064337,Handset,Huawei,ABC0E1354D23482E,2024-09-28,Active
AST24B5FA7EEF,CUST100045500,Handset,Google,2FEA153F632F4E9E,2019-03-29,Active
AST3998BC5538,CUST100001811,Set-Top Box,Arris,B1F7566E498B46A3,2021-09-05,Active
ASTC84276F667,CUST100066479,Set-Top Box,Google,05907AA7FE874380,2020-07-09,Active
ASTE8E1EA6BF0,CUST100060563,Handset,Nokia,49CA954EC7F84277,2016-04-13,Active
AST6C198CB610,CUST100038330,Smartwatch,Apple,B6E85E8EB25542B0,2017-07-31,Active
ASTD113C898DF,CUST100061064,Handset,Samsung,05BBC68DCE4D4CB6,2020-03-18,Active
AST1C416BE8A1,CUST100002973,Handset,Nokia,F00F7B7F640149B7,2016-05-20,Active
AST96510E192F,CUST100036873,Handset,Google,FAB3DB15FC624880,2023-03-15,Active
ASTD8CDA1CFD4,CUST100055111,Router,Nokia,265762048A5548E8,2025-01-16,Active
AST04BB57BDD3,CUST100024494,Set-Top Box,Samsung,C81EBE390E124027,2017-07-23,Active
ASTDDCBBEA4D0,CUST100086180,Set-Top Box,Arris,3F5DED27C7A34DB3,2018-08-07,Active
ASTDF6361BE7B,CUST100046008,Handset,Huawei,A780C3B18C2E43C3,2020-11-06,Faulty
AST26B42560F5,CUST100023363,Modem,Huawei,EBC83C823D1F4E2E,2022-04-12,Active
ASTD5BDDA6204,CUST100001727,Smartwatch,Huawei,B22B43CDA6644F5D,2022-03-30,Active
AST981F331BB2,CUST100022899,Router,Arris,FEB770375DE14212,2023-09-16,Returned
AST4C525D3F37,CUST100061003,Handset,Cisco,4AB6DC9B57054166,2021-01-19,Active
AST8DC6FE8F76,CUST100001567,Modem,Nokia,93D4D8DE11BA4FC5,2017-07-10,Returned
AST4761FE1DF1,CUST100087286,Handset,Apple,53C31A7D7C1D4DB2,2021-04-04,Active
ASTB77D2BD422,CUST100067896,Handset,Arris,C4D5AFB2E56042E9,2020-04-03,Active
AST0D3B2D4324,CUST100072962,Modem,Huawei,36F1B055360A4841,2017-10-11,Faulty
ASTF6C98F9B21,CUST100014580,Handset,Google,B88E97F7FDE14C29,2022-04-20,Active
AST218787A263,CUST100052780,Set-Top Box,Nokia,0679328452264D47,2019-03-05,Active
AST227511CC75,CUST100024426,Modem,Arris,15555EE48D7942AA,2026-05-19,Active
AST2C6D48A5FC,CUST100086783,Set-Top Box,Samsung,B07BC42B63A74FAD,2019-12-22,Active
AST83D940BD29,CUST100090867,Set-Top Box,Cisco,ECDDD4C40ECE4CFB,2022-02-12,Returned
ASTE9822F6C22,CUST100045562,Router,Cisco,99AE038C92B54D56,2021-04-17,Active
AST1C1C3E25A6,CUST100043228,Home Security Hub,Google,14FD2AAEA19C46A1,2019-11-02,Active
AST8D0B0F6090,CUST100069323,Router,Apple,120ACD4705D34952,2022-03-18,Active
AST83F133A5FC,CUST100068833,Handset,Google,960BAF28430F4098,2016-12-19,Active
AST29B47FFB5B,CUST100012361,Set-Top Box,Arris,C3D7A291964545EF,2022-07-24,Active
AST3D314A531F,CUST100071930,Set-Top Box,Huawei,E6C4053AEDCA4096,2024-12-14,Active
ASTF178665E05,CUST100012071,Router,Arris,7E5DB8E70FD84F62,2016-11-14,Active
AST9B92F207F0,CUST100086806,Router,Apple,2BCA92CF32B94659,2020-04-10,Active
ASTFA347F0A2A,CUST100065246,Smartwatch,Apple,6CE9F1C3F0E04ACA,2018-05-19,Active
AST8C25F05FCE,CUST100077514,Router,Nokia,5C6C8045E3E74131,2018-10-24,Decommissioned
AST4F2D418D23,CUST100079558,Handset,Arris,1E113D857DD04441,2022-08-24,Active
AST1473AB07C8,CUST100081574,Handset,Google,D3A669BCA0614399,2022-12-06,Active
ASTF03529565C,CUST100086616,Modem,Cisco,873DCF8113B646E1,2023-11-09,Active
ASTF3DC9B0842,CUST100069364,Handset,Nokia,CF39DA6C08644E50,2023-05-26,Active
AST3113BFB2CD,CUST100000162,Handset,Apple,A2D93C70B4C54726,2017-08-18,Active
AST5C98CC3192,CUST100027726,Modem,Google,A23332AC353A4BB4,2020-03-03,Faulty
AST7E0DED7112,CUST100080924,Router,Nokia,99CF9C9225D748B9,2019-12-02,Active
AST4AC9DF9721,CUST100044617,Router,Arris,50F7B8B179EE434D,2025-03-13,Active
AST994E3CEF9E,CUST100061733,Modem,Arris,F6A2717658CA49FF,2016-05-04,Faulty
AST1ECD24C54A,CUST100098460,Modem,Huawei,C4B4BAD29F1C4D69,2016-03-25,Returned
AST99F6561192,CUST100060942,Router,Huawei,E233A5ACA60B45C9,2021-09-14,Active
AST0B20EC817A,CUST100056579,Set-Top Box,Huawei,E511F0C74F294854,2019-03-23,Active
ASTF77683C338,CUST100028145,Handset,Samsung,A3D9E6B8D24046DE,2019-04-30,Returned
ASTCD079875A5,CUST100026697,Handset,Arris,AFCB2D38F857472D,2026-02-04,Active
AST983BF1012A,CUST100012131,Handset,Google,DF1F7589847E4C93,2024-11-24,Faulty
AST77734AB516,CUST100019167,Home Security Hub,Nokia,C246F6838886438C,2016-11-27,Active
AST8949747E74,CUST100002048,Handset,Samsung,3243E2B29DF4467E,2023-05-21,Returned
AST9E4AA48B83,CUST100005316,Set-Top Box,Nokia,B6C8967A7A104086,2026-02-26,Returned
AST4366145244,CUST100091701,Handset,Google,F14A721ABA3046BE,2024-12-21,Returned
AST8CE735BDAE,CUST100069189,Handset,Apple,8812F49C89AA413E,2023-01-02,Active
ASTD38DB50150,CUST100097580,Router,Samsung,0257527E5E134484,2020-03-02,Active
AST5F981462D0,CUST100077291,Router,Samsung,37738BA72E184A0A,2020-10-25,Active
AST7935C3AF73,CUST100023546,Smartwatch,Samsung,8EA98F2B6D8C4C19,2018-01-21,Active
AST01E365A39D,CUST100049721,Router,Google,A70B1D6600A641C9,2018-01-19,Active
AST1458490CEF,CUST100094144,Set-Top Box,Nokia,9FCE210BC28F43BF,2017-12-02,Active
AST2040D98DE7,CUST100018195,Handset,Nokia,856ED50BF72D41E9,2018-10-26,Returned
AST96F5CD7740,CUST100027009,Handset,Cisco,9449C83A8D4F40BF,2017-10-27,Active
AST5656175071,CUST100065487,Modem,Cisco,5EC6BB0443C24802,2025-12-28,Active
ASTA893E30F61,CUST100036587,Modem,Google,535E0361B3DE493C,2024-07-10,Active
ASTCACFC0E315,CUST100039865,Router,Cisco,F4C595DF721A43CA,2024-10-23,Active
AST97F36B4C05,CUST100054345,Modem,Samsung,22C07E7E8FA04BFA,2016-09-09,Decommissioned
ASTA9EBE67C16,CUST100098806,Router,Huawei,51FAE42FDF5B4EA6,2022-08-12,Active
AST527920FAF0,CUST100061140,Handset,Nokia,681584628D1B4672,2018-05-03,Active
ASTF801B56748,CUST100053629,Router,Cisco,E3CDEEDDC6114C35,2016-01-06,Active
ASTA8CBFE3B65,CUST100043888,Set-Top Box,Apple,F1E69AAA34204302,2024-09-29,Active
AST2985F41E46,CUST100061856,Handset,Cisco,FD2D0684F60D46EE,2024-12-10,Returned
ASTEA66489530,CUST100071293,Set-Top Box,Huawei,DADD0C4A842B4209,2021-05-09,Active
ASTF29D99A5D4,CUST100042251,Modem,Arris,5FF2AE3777BF4F09,2016-01-29,Faulty
AST65DC98E62E,CUST100085235,Handset,Google,CF21958492584C3D,2020-07-05,Active
ASTA7C5011179,CUST100066784,Set-Top Box,Samsung,3D9908CFF618488F,2017-12-09,Active
ASTD660DFAA48,CUST100080015,Smartwatch,Cisco,384B4F287E22493A,2020-05-22,Active
ASTA9A49592EA,CUST100011664,Modem,Apple,FD4B85479FE34045,2025-12-27,Active
AST4AA3C447BA,CUST100033459,Handset,Cisco,5BA0085586BB498B,2023-05-04,Active
AST3A7248B4ED,CUST100044121,Set-Top Box,Google,F96F75F86F8847A2,2024-06-10,Active
AST4A00EE6E44,CUST100059851,Handset,Google,FA452E02199F4419,2024-03-25,Returned
ASTA6B16D57EB,CUST100083510,Modem,Cisco,85260768BD3D423A,2016-01-20,Active
ASTBF53F14951,CUST100093791,Modem,Huawei,BFA4306A2EA94612,2023-08-09,Active
AST714BBEE0B1,CUST100023719,Handset,Arris,53D7DBD52229468E,2018-10-09,Active
AST5546F8E4F0,CUST100095359,Handset,Arris,F331E97555CF4FF1,2018-02-05,Active
AST95539B8FD3,CUST100001717,Set-Top Box,Nokia,21C76DC4FEEA42F3,2018-12-26,Active
AST7D5708AD34,CUST100058585,Handset,Arris,0C6E589151D94147,2022-07-31,Active
AST7FE34B89E6,CUST100046164,Router,Samsung,194E5F1101D443C5,2016-04-12,Active
AST851A78A0B9,CUST100061814,Handset,Arris,2703BA20D42E467F,2022-03-27,Active
ASTAACEBB9A0B,CUST100067448,Handset,Arris,BCAA4E024AAA4A20,2024-06-11,Active
AST34E6AAD974,CUST100070513,Modem,Nokia,E55B1B20472F43E3,2025-02-07,Active
ASTB142D9992B,CUST100078097,Handset,Arris,323E791D32EB467E,2016-03-14,Active
AST60F2A84AFF,CUST100090145,Router,Google,D273AC7A30304815,2022-10-27,Active
AST8CAD4FAC2B,CUST100053280,Smartwatch,Apple,DFE4B2D19DA74B6A,2020-10-04,Active
AST59DDC1C8E5,CUST100026392,Modem,Nokia,9F075E7E9F204F47,2020-10-31,Active
AST8BE7132A18,CUST100005634,Handset,Samsung,4F0159D0BF544076,2018-12-12,Active
AST2EF776552F,CUST100052042,Router,Cisco,08DDAF123B0C432B,2020-07-08,Active
ASTD0854117EF,CUST100061773,Modem,Samsung,B40F56141D554367,2017-12-02,Returned
AST3D2CD759C9,CUST100081975,Router,Cisco,5D06A07E0218495A,2024-11-02,Active
AST124285EBDB,CUST100035619,Set-Top Box,Nokia,71F835F86322426C,2024-10-04,Returned
ASTA049C432EC,CUST100004976,Modem,Arris,B951B987CDAB4AAD,2024-09-01,Faulty
ASTC418CC3CD9,CUST100068135,Smartwatch,Arris,D22F4112E8F34CC2,2023-09-08,Active
AST1398A25487,CUST100006979,Home Security Hub,Cisco,C491ADB2254A4A86,2020-07-21,Active
AST81797BD93B,CUST100044668,Handset,Nokia,2CBDB38C67C44FE6,2020-03-24,Active
AST5BABEF7070,CUST100082922,Router,Google,57D03CF42A4D4FCC,2017-08-17,Active
AST5201938D24,CUST100029990,Handset,Huawei,120FCA42AA1E4A01,2022-02-16,Active
ASTF5E31BB6AD,CUST100003278,Handset,Google,76C478F069A54181,2019-05-24,Active
AST4798CE58D3,CUST100058586,Modem,Nokia,D634FE7254264F78,2022-12-05,Active
AST6917EB277E,CUST100043023,Router,Cisco,8DE7AEBD31B845C6,2017-09-13,Active
AST10A3B1AA0E,CUST100075739,Router,Cisco,0E3DB4D6CE6B49DC,2026-04-02,Active
AST2458FA3FAF,CUST100056512,Set-Top Box,Apple,8EC081002DF34053,2019-11-23,Decommissioned
AST128E48DF47,CUST100087834,Home Security Hub,Arris,27DBCE5CDA86420B,2018-10-12,Faulty
AST2D33A2AAED,CUST100078241,Home Security Hub,Google,5F8D16B6FC0043FA,2020-01-08,Active
AST4EE3F2AFEB,CUST100010102,Router,Apple,44BED7BB4D9646F3,2018-05-29,Returned
AST2622EEDDF8,CUST100077170,Handset,Cisco,E27759BE46C24F8C,2016-01-03,Returned
ASTD9FE8643E7,CUST100095440,Home Security Hub,Samsung,AC3047907AA04813,2024-05-13,Active
AST983084EF87,CUST100083882,Set-Top Box,Nokia,6F51D2475F7045B9,2017-02-04,Active
ASTB0E3BF8FBF,CUST100099988,Handset,Arris,F31DE7C250DC4861,2020-07-01,Returned
AST31F0063271,CUST100030301,Set-Top Box,Cisco,7F8C6453594E468E,2017-11-27,Active
ASTD32484E2E6,CUST100059494,Set-Top Box,Huawei,62C6E3A6BA164CF1,2026-02-23,Decommissioned
AST728499B7EF,CUST100003042,Handset,Google,B6541C36A2F34562,2018-03-01,Active
ASTD1B8DAAE9B,CUST100036689,Handset,Huawei,95FC4C3E691347D4,2025-02-28,Active
AST40BA9A6231,CUST100096287,Set-Top Box,Huawei,51810D5B9C7A4F2B,2023-02-01,Active
AST5F1F322D69,CUST100025982,Home Security Hub,Apple,01A124736101498E,2024-06-04,Returned
ASTF167FA5F76,CUST100028181,Handset,Samsung,8EE1E14AA2D04387,2016-01-04,Returned
ASTCF3A37C801,CUST100067453,Router,Google,85369705F3074580,2016-06-10,Active
AST6A57BE9589,CUST100022441,Handset,Google,486645FF3EAB4401,2019-09-02,Active
ASTD43A59953E,CUST100097895,Modem,Arris,D5F5123B53464A56,2019-11-29,Returned
ASTE96A62EEB4,CUST100063859,Modem,Google,A8F1A3F3CB714A51,2023-10-12,Active
AST67970BD455,CUST100011157,Router,Samsung,5B627A1E1E6940D8,2025-10-18,Returned
AST52562F1F65,CUST100063266,Handset,Apple,C6EB5ACFFB924016,2023-11-13,Active
AST59EE766987,CUST100034879,Handset,Cisco,A8C261C3183B4335,2022-01-25,Returned
AST1B14667542,CUST100034732,Handset,Apple,CC955DE23AC74C8A,2022-04-06,Active
ASTEEB105D03C,CUST100054328,Handset,Cisco,F9A6D4BAC7A24E06,2018-02-01,Active
ASTD61CD45C9D,CUST100000757,Handset,Google,B562C912FD5F46CE,2020-02-09,Active
AST61B01191B5,CUST100066037,Set-Top Box,Cisco,0CC8EC29FDF542C3,2017-08-26,Active
AST041CAA0781,CUST100081110,Set-Top Box,Samsung,4FC7C976F30747BC,2024-03-01,Active
ASTD84E9E81B8,CUST100074388,Router,Nokia,D97C9AE19C6E4927,2019-12-29,Active
AST1986616AC3,CUST100048393,Handset,Cisco,2FA11371FA6647EB,2024-09-20,Active
AST6C3C5D0B33,CUST100087991,Handset,Google,A934AD49272E41FD,2019-11-24,Active
ASTE090ABCE71,CUST100025954,Home Security Hub,Google,52D7A959FE5942FD,2026-01-18,Active
AST3F0D0FCD4F,CUST100025702,Handset,Apple,0BBCA4D2ED7A4461,2019-02-11,Active
AST802922F89A,CUST100079346,Set-Top Box,Cisco,39B6FD97A73445C1,2021-05-19,Returned
ASTB858EFD41D,CUST100009746,Router,Arris,F0E912116BC9405A,2023-08-11,Active
AST85F0F2B8E3,CUST100095076,Router,Arris,8819F899E8E0463C,2021-07-09,Active
AST63323C23DB,CUST100042935,Set-Top Box,Huawei,50332AD494874633,2017-10-09,Active
ASTDE4F473750,CUST100061432,Set-Top Box,Apple,F667709B95B740D8,2020-11-18,Active
AST6D924CC830,CUST100065123,Handset,Nokia,DE42971BCC3244A0,2017-08-27,Faulty
AST947F7C111D,CUST100022954,Modem,Arris,742F8B828D074AB6,2017-05-18,Active
ASTB9A3266975,CUST100004351,Router,Apple,52356A68D10644A8,2020-11-15,Active
AST9840ACB51E,CUST100083921,Handset,Arris,B04B145FB2074A72,2020-03-21,Faulty
AST3FCB6227E2,CUST100088382,Handset,Cisco,C34B38F87083495A,2025-12-27,Active
ASTB901309C6E,CUST100066973,Modem,Apple,097464F4EFDE45B5,2021-02-02,Active
AST31A63A29B1,CUST100081649,Modem,Apple,113E0E1E2A1549D1,2016-06-18,Active
ASTC8CB82E756,CUST100093944,Set-Top Box,Apple,5AF379010FEF412D,2017-05-16,Faulty
AST6AC4A3C96D,CUST100027872,Handset,Arris,EE99513F38514FBA,2021-07-01,Faulty
AST9AE129E865,CUST100088501,Router,Nokia,AC77EE17750B4E9F,2019-04-14,Active
AST5C5D91002A,CUST100074693,Handset,Google,FF857DAE1B7548FD,2019-11-22,Active
ASTB5DCEA34E3,CUST100082897,Router,Google,45F735AF38D94A25,2019-02-13,Active
AST8AD0165310,CUST100027894,Router,Apple,27D3BD16960E4974,2024-07-14,Active
ASTBC7810208A,CUST100050143,Router,Google,7FED9559A8364BD8,2017-01-29,Active
AST134551EDEF,CUST100095704,Handset,Cisco,42A97CF65DE64969,2019-11-20,Active
AST34159C1030,CUST100016281,Handset,Samsung,7DD152B23A144FBA,2018-09-28,Active
ASTAB7AE2F593,CUST100079696,Handset,Samsung,8C4770FEC13C492B,2026-03-07,Active
AST9A49DA7094,CUST100084034,Router,Nokia,3D4601E5E59748CB,2016-04-07,Faulty
ASTC24C415E87,CUST100027219,Set-Top Box,Google,BB183C266C114E08,2022-05-28,Active
AST0735E8D181,CUST100015211,Handset,Google,E67F7259CAB340CA,2023-01-22,Active
ASTAEB8C44659,CUST100008008,Handset,Google,0FF1E8E85A9C4E6F,2019-05-10,Returned
AST312FAF3408,CUST100004415,Modem,Cisco,B80C23DBF0224CEC,2021-08-11,Active
ASTDD0CECFE58,CUST100095371,Modem,Apple,F708A1FFB6024E03,2020-02-15,Active
AST4500D979A8,CUST100091927,Set-Top Box,Huawei,960DE8DAF6F84F3C,2024-09-01,Active
AST08F590A25B,CUST100099246,Router,Samsung,143250EE22A54BB7,2022-01-05,Active
ASTF4151230B5,CUST100076530,Handset,Samsung,029D1037754943A0,2016-04-17,Active
AST2B36A42D47,CUST100074954,Router,Apple,4E1C243553CA4AB6,2022-10-02,Returned
ASTFB2DED8C96,CUST100091782,Set-Top Box,Samsung,9C78091901E340A6,2017-12-23,Active
AST98B00E753F,CUST100022712,Handset,Cisco,B3332F3849FF43E3,2026-02-14,Active
AST1198F29F8A,CUST100029862,Handset,Cisco,63FB8C6EE7AD431B,2024-10-05,Active
ASTEFA7EFD403,CUST100026218,Home Security Hub,Nokia,CBA8093DC8A64346,2020-06-12,Active
ASTF18DCAE6C0,CUST100093588,Set-Top Box,Huawei,CAF4D1F5B3DB4F53,2020-07-29,Active
ASTDB8C105777,CUST100022106,Set-Top Box,Apple,85B0C2C8E23B48D7,2017-03-05,Active
ASTA62A8A7824,CUST100032148,Handset,Arris,9ED25BD169634CAF,2021-09-01,Active
AST7E1DD0D27B,CUST100071519,Home Security Hub,Cisco,3A5922AD3AC94C7C,2026-01-28,Active
AST57BC991F8C,CUST100096817,Handset,Arris,B3AF8E0A73D145BC,2025-03-13,Active
AST21706DAB54,CUST100046744,Modem,Huawei,ECB4E66F3109406C,2023-04-23,Active
AST5EB5C36918,CUST100036207,Handset,Apple,61E9997043EA4941,2017-10-06,Active
AST6540BE8B41,CUST100056383,Smartwatch,Google,06D1BF956FD74837,2024-03-21,Returned
AST2E662087A0,CUST100067863,Handset,Cisco,C3CB39EA3B0F4E95,2019-02-27,Active
AST5B813CA9B3,CUST100087896,Home Security Hub,Arris,452F9409A54749A6,2023-04-27,Active
AST50C6730ADF,CUST100039976,Handset,Huawei,B239BB39B5B14D90,2023-10-25,Returned
ASTD526955043,CUST100079868,Handset,Samsung,94035D556CB14DAF,2025-12-12,Active
ASTEDEAB7E2A7,CUST100065676,Modem,Huawei,21BDE2E555C94610,2018-11-08,Active
AST01D93273DC,CUST100064400,Handset,Nokia,88048A14AA8E41FC,2020-08-28,Active
AST368B7E94D0,CUST100080214,Handset,Google,64367EFD668E416B,2017-06-07,Active
ASTF2C7DF1F70,CUST100025796,Handset,Nokia,D6DC31E285A441D6,2021-02-16,Active
AST83C700BFC4,CUST100074767,Handset,Apple,D516C6B1311C4A87,2024-12-05,Returned
ASTB9C0E2C205,CUST100071489,Handset,Arris,0DD4AD1768214618,2017-02-13,Active
AST2FA74AAA01,CUST100023167,Modem,Nokia,DC50A44A2D20453C,2016-08-24,Active
AST372DA2F995,CUST100004556,Modem,Samsung,6E2CB81592DB4A42,2022-10-31,Active
AST4751A5923F,CUST100012810,Router,Huawei,436F8682C3944D9A,2016-12-18,Faulty
ASTCD373438CE,CUST100020877,Handset,Nokia,6CB52437C30E4110,2020-09-19,Active
ASTF9589DF48E,CUST100028485,Set-Top Box,Samsung,1AF3FA78887546D0,2017-08-19,Returned
AST8524B2D745,CUST100093887,Handset,Arris,5318C2801EE34DBA,2020-12-24,Active
ASTFB08D73A4C,CUST100089065,Handset,Samsung,2D140C3E94954723,2020-09-28,Active
AST091D66C8BA,CUST100072972,Handset,Google,57110A06B09E4ED7,2022-08-18,Decommissioned
AST8DDBDAC58B,CUST100054210,Handset,Apple,A01BC13AFA534102,2026-06-25,Active
ASTA85DAC0605,CUST100059401,Router,Arris,9C234867CD204509,2017-04-11,Active
ASTAA50FED8A2,CUST100087088,Handset,Huawei,DA1160FEF95D434D,2024-07-24,Active
AST77CA40A479,CUST100067306,Handset,Apple,0509091985C3402A,2023-02-12,Active
AST39372B0564,CUST100014931,Set-Top Box,Samsung,5DDCDF73DE0948A4,2020-03-08,Active
ASTF313FCF415,CUST100002140,Router,Arris,02E028BF7BA5410B,2018-06-04,Faulty
AST447AF44992,CUST100013925,Modem,Huawei,F84FCEFC86514BA7,2025-12-30,Active
AST377601BD0B,CUST100055413,Router,Cisco,F15C4A4560B34CD0,2024-04-06,Returned
AST2F96433530,CUST100082046,Modem,Google,A86951FC2A0A4163,2022-08-23,Active
ASTDE8928FD58,CUST100091618,Handset,Samsung,154D56E2200349A7,2026-05-18,Faulty
AST5D4F175E4A,CUST100016054,Router,Nokia,E5337C53D1174DCF,2019-06-11,Returned
ASTF28A5BFDE9,CUST100069360,Handset,Cisco,E3A7C9AA4EEE4388,2016-08-29,Faulty
AST1EBCC85CD2,CUST100063066,Router,Cisco,108E1DE790454057,2022-05-16,Returned
ASTF7DDB7AA5F,CUST100068565,Modem,Apple,849B684E8E68417C,2020-02-01,Active
AST5C327EE97B,CUST100062872,Modem,Nokia,BB038116727044BA,2021-03-30,Active
AST5CB45DAA6B,CUST100048795,Home Security Hub,Nokia,5F4BFC3A53AE4421,2025-01-20,Decommissioned
ASTA2F5F59A27,CUST100040036,Set-Top Box,Apple,2DFC75D223294005,2018-06-28,Active
AST9BA2764539,CUST100072123,Handset,Nokia,C671A497D7534FBE,2021-06-18,Active
ASTE0D9A179B5,CUST100091560,Handset,Google,03D12942AA7B4AEF,2024-09-13,Active
ASTF5F99AD590,CUST100042657,Smartwatch,Google,19C3F21E168748FD,2026-05-18,Active
AST4CAC3972BC,CUST100041549,Handset,Arris,619E75F6CF2240C1,2023-07-06,Faulty
AST58325EC66E,CUST100043315,Router,Apple,BDC9835DA7C74E72,2018-09-01,Faulty
AST2483541AA4,CUST100078952,Handset,Nokia,4FD366A455A64FF7,2020-04-04,Active
AST1708E3D8A5,CUST100076201,Handset,Arris,FAC0E0E0F5BB46C4,2016-09-25,Returned
ASTA5C218A994,CUST100057201,Modem,Samsung,D6806DA8A4D4430F,2018-05-18,Active
ASTAEB3E3572E,CUST100065573,Handset,Huawei,FB9D6170F5494E54,2025-10-21,Active
ASTE35A316CC3,CUST100060003,Handset,Nokia,984ED621C4FA40A0,2024-12-20,Active
AST4463BC5055,CUST100063116,Handset,Arris,D04601BCEA584F7B,2024-08-30,Active
ASTDE0D6E0C5E,CUST100061303,Home Security Hub,Cisco,1B04C37A4C9E4A68,2019-12-15,Active
ASTEF831980F4,CUST100013502,Handset,Arris,8190A1F322FB4C58,2022-10-07,Active
ASTA22BC18526,CUST100053144,Router,Nokia,3098334CC5C341E8,2020-04-30,Faulty
AST8EB6A25CD2,CUST100079752,Set-Top Box,Huawei,9D4511CE4B7840E6,2022-05-22,Active
ASTEC43DFC632,CUST100035275,Modem,Apple,82640D44346E4F2D,2017-05-06,Active
AST3559243121,CUST100085049,Handset,Cisco,B503B0D2884B4715,2025-11-11,Active
AST860E751A3D,CUST100024086,Handset,Google,69E1738146814E0B,2022-11-23,Active
AST9418A4F48C,CUST100046230,Set-Top Box,Arris,D1ABFE50C8264739,2019-12-24,Active
ASTB0FF77F533,CUST100022734,Set-Top Box,Apple,A3109FED2B3D460A,2019-11-14,Faulty
ASTFEC48E9A9C,CUST100003222,Router,Cisco,39E86B0A7114478C,2023-10-29,Active
AST5BE749CB53,CUST100029205,Router,Nokia,9365F5958430462D,2026-01-17,Active
AST994C3442E8,CUST100028835,Modem,Google,724A83106F6F40E6,2019-01-02,Faulty
AST3C4BC9D546,CUST100025931,Handset,Cisco,7931D19831C34822,2025-10-02,Active
ASTAD337A5DAD,CUST100000312,Handset,Nokia,9CA5FDB0D1F9451E,2017-07-02,Active
AST6397CA4C9F,CUST100008305,Modem,Google,0E9C5C8015644DB9,2019-06-04,Active
AST3DB6F99E75,CUST100041192,Smartwatch,Nokia,FB8C7D83EA0D49E2,2020-11-28,Active
AST20E5A396F3,CUST100065739,Handset,Apple,A5F218AC09B242E1,2023-04-08,Faulty
AST12A869CF25,CUST100041252,Handset,Huawei,5CBE4B09D3A24E2C,2025-11-23,Active
ASTDDAF935E90,CUST100068578,Home Security Hub,Huawei,80410A2E2FA14E8C,2021-02-10,Active
ASTE92448141D,CUST100033704,Handset,Samsung,B337EBD2CB434B95,2024-07-14,Faulty
AST931091F5A5,CUST100034249,Handset,Apple,5CD456FFB7FF49DD,2022-09-02,Active
ASTCCCB28FA42,CUST100072152,Handset,Cisco,5C596D1B65C74624,2018-12-31,Active
ASTE05FB82EBB,CUST100042777,Modem,Google,6F94E87892F94419,2026-03-31,Active
AST3FA359C164,CUST100083858,Set-Top Box,Nokia,C2D08CF235FD411E,2016-10-23,Active
AST6C908E37C5,CUST100039883,Modem,Huawei,91EF952018C84BF0,2016-02-27,Active
AST372C6C5C47,CUST100007525,Smartwatch,Arris,6408A9EB34DC42D7,2026-03-04,Active
AST41AE8C4E0E,CUST100087413,Router,Arris,720503A3A7D64E99,2023-06-28,Active
AST63FE39FF86,CUST100060221,Handset,Arris,9D9D12B1C1824F73,2020-06-03,Active
ASTACE0C5B88F,CUST100065784,Handset,Cisco,E1AE00E13FA74E1C,2018-07-01,Active
ASTF91B28B779,CUST100074225,Handset,Nokia,AECD91E345B04754,2019-02-27,Active
AST124FFD1B2E,CUST100091951,Set-Top Box,Samsung,46B192FCFE0F4D9B,2020-07-11,Active
AST7745D42E48,CUST100093220,Modem,Google,C57430A551D84DC6,2025-11-24,Active
AST924FB36A12,CUST100074969,Handset,Apple,C9C588C43D814B2A,2025-06-24,Active
ASTE49B4183C5,CUST100047097,Handset,Apple,46F5A02A83E5409D,2019-05-20,Active
AST5894AB636B,CUST100013886,Modem,Samsung,5632FF51708F4458,2021-07-12,Active
AST3A9AB49589,CUST100064236,Set-Top Box,Google,12439322DA134147,2018-02-21,Active
ASTC7F47C37A6,CUST100057431,Handset,Apple,5DE2ADFF98354212,2021-01-04,Active
ASTDB43F68CD7,CUST100020155,Router,Huawei,A0B19AE387154EB1,2017-01-15,Active
AST56D7A9EFCD,CUST100081997,Handset,Apple,686F8D00B36649FF,2016-04-09,Active
AST9D1039CB4C,CUST100051753,Home Security Hub,Google,60B50FCDF27E4C3D,2025-03-19,Active
AST38BE1B2281,CUST100097775,Set-Top Box,Huawei,D69ADFA694E145D1,2021-10-24,Active
ASTA68637F8A2,CUST100000499,Handset,Huawei,D241BA44CFE742DF,2017-07-21,Active
AST221861F8E6,CUST100056388,Set-Top Box,Cisco,224C975794744FD0,2022-03-05,Active
AST455F7FB807,CUST100090572,Set-Top Box,Google,88EC342C50EF41B9,2017-01-10,Active
AST76D94BDFBC,CUST100097782,Router,Apple,4D5194547F9948CB,2024-11-08,Active
AST3A17B6B420,CUST100093753,Handset,Samsung,2C5991565D8E4502,2019-07-01,Active
AST6704B25F84,CUST100072910,Set-Top Box,Samsung,F069B1242B0D4C2E,2019-06-16,Active
ASTCD24F0494C,CUST100047043,Home Security Hub,Google,B6877D54028F4764,2020-03-18,Active
AST0F352D6E9C,CUST100088659,Handset,Google,2BB34A2558154B0B,2026-05-13,Active
AST24D692B08A,CUST100062690,Set-Top Box,Google,91D8AC2570C3448B,2017-12-04,Active
ASTE0636F1108,CUST100034948,Smartwatch,Cisco,3187F34726654DE4,2017-12-05,Active
AST34D9197FA5,CUST100097798,Router,Apple,1EEC89F13D524FC1,2018-03-31,Returned
AST03FC98595D,CUST100099323,Set-Top Box,Huawei,981D1B9C9C204CBE,2020-02-05,Active
AST3974BA6C96,CUST100037156,Router,Arris,40C2DDE6109E440C,2019-06-05,Active
AST9B02CB1522,CUST100005807,Modem,Google,82C8C7F26B4D4F19,2022-08-12,Active
AST16DDD6AF9E,CUST100097959,Router,Samsung,AE64149EAD9F426F,2018-07-18,Returned
ASTB59DC34B68,CUST100040490,Modem,Arris,A21F10651F3348AB,2020-04-24,Active
ASTB5AADF6FF9,CUST100020332,Router,Huawei,88609DE23450470C,2019-01-29,Active
ASTD497EE867B,CUST100080814,Set-Top Box,Google,D6B67885967D4654,2024-06-26,Active
AST98C2F958C6,CUST100069964,Handset,Cisco,6AE7205924744D24,2022-01-08,Active
AST943847CFA8,CUST100072898,Modem,Apple,B29E80D96A054CA6,2022-02-02,Active
AST00DDA91B4B,CUST100069764,Set-Top Box,Huawei,15D74615B5F04FAC,2018-11-12,Active
AST8FACB2B419,CUST100087086,Handset,Samsung,F031CCE0F0BE4121,2023-07-11,Active
AST3B64734DD6,CUST100054905,Handset,Cisco,9972E54357704E8D,2024-07-17,Active
AST1270F8D3EE,CUST100077777,Handset,Google,99A1B1DD010F4EC7,2020-10-01,Active
AST4832092EFE,CUST100002088,Handset,Apple,A463ECA3D9C3403D,2018-03-06,Active
AST694BC646C2,CUST100078002,Handset,Arris,B1AD7430FE944743,2019-10-31,Active
ASTFB2C6D2411,CUST100083153,Modem,Arris,5B9AECF8A23D419C,2021-03-18,Active
AST34BDFC2A78,CUST100008635,Router,Apple,A89C2C61DA704781,2019-12-31,Active
ASTA26CD53D94,CUST100081389,Modem,Apple,13E5B49334914A55,2023-03-10,Faulty
ASTB176995188,CUST100047163,Set-Top Box,Arris,278A45E514A147EE,2023-02-27,Active
ASTE923D44F1E,CUST100052751,Router,Cisco,C6F7F47197CF4106,2016-06-15,Returned
AST50BDFC52B5,CUST100059565,Modem,Google,D3771B934CD444F2,2023-11-23,Active
AST40A7C44450,CUST100031472,Set-Top Box,Arris,453C006088A54C27,2018-11-21,Active
AST2ACD8EB54D,CUST100081114,Router,Cisco,D490E39A25BA4A7C,2024-06-07,Active
AST04A3FEB142,CUST100092083,Router,Arris,F35C010379564109,2025-09-18,Returned
ASTC44E9B32F9,CUST100073675,Router,Huawei,D37E653D075E4EF4,2017-06-10,Active
AST0AF93DD89A,CUST100063059,Handset,Huawei,06EF7FA545484C0D,2016-03-30,Active
ASTFF5622DD56,CUST100064213,Router,Google,D973E499E3E6400A,2017-06-20,Returned
AST2163B51A7E,CUST100003329,Handset,Nokia,861031D34DE245D4,2017-08-15,Active
AST809BB7189A,CUST100011102,Handset,Huawei,809A562D2EC64D20,2022-10-08,Faulty
AST8D3BED10A9,CUST100053973,Router,Nokia,5EAF3ED0A3D7438B,2018-08-01,Returned
AST922E1DEAF5,CUST100046691,Handset,Cisco,23CE1AD2F5464CBC,2023-09-18,Active
AST43CCA98E72,CUST100089907,Handset,Cisco,0CE656113751421B,2017-02-28,Decommissioned
ASTC98EA3C4EE,CUST100023381,Modem,Cisco,28A26F450F2C4679,2019-01-15,Active
ASTF709BA6F3E,CUST100002487,Handset,Arris,E663EDF9F0E44856,2021-07-14,Active
AST6BFB851A66,CUST100076298,Modem,Apple,9A9ACFA2435841C6,2025-05-08,Active
ASTC574EA043B,CUST100001784,Handset,Nokia,36BF5C347D114103,2025-04-05,Decommissioned
AST02F36CB504,CUST100061034,Modem,Arris,8B28B6D26F294685,2016-09-16,Active
AST446C329830,CUST100087268,Handset,Arris,4413C2D3715A4871,2021-05-28,Active
ASTA4E7A26739,CUST100025908,Handset,Apple,237E5A4BD2EF4D03,2023-10-16,Active
AST69C566089B,CUST100027442,Modem,Huawei,7A085C870A9045BC,2025-12-30,Active
AST8F45D6183E,CUST100021820,Router,Nokia,64734309F9EC4DDC,2025-01-27,Active
AST0CCE4B4898,CUST100098507,Router,Apple,5865CE59EC3A4183,2021-04-12,Active
AST93554C9CDF,CUST100023026,Router,Huawei,03BB0568CFF34E58,2020-08-10,Active
AST931923D20D,CUST100053830,Handset,Arris,F30F8DAD59374607,2017-11-02,Active
AST281962F268,CUST100012433,Handset,Google,30530839E42D4350,2022-12-29,Active
AST2E6158194C,CUST100096219,Modem,Cisco,F8E7D7BE88C143B3,2022-10-30,Active
AST0C9454CCA9,CUST100088837,Handset,Arris,A3F3144F235443A9,2016-08-27,Active
AST686BB50A9F,CUST100026113,Router,Samsung,3BCF43FC903B4C12,2025-10-09,Active
ASTAAE0063F09,CUST100022971,Handset,Samsung,275549E412A24F00,2023-10-24,Returned
ASTD2BD37F9BF,CUST100020142,Smartwatch,Nokia,589A164757AE4F83,2023-02-22,Active
AST07E8281D9F,CUST100059068,Handset,Google,C8A21BE03505467E,2016-02-03,Active
AST63EC3786E9,CUST100088346,Handset,Samsung,63089DDF1E64462F,2021-08-04,Active
AST447A9AE07E,CUST100075495,Handset,Huawei,F9A4BFAC0A6C4953,2017-05-22,Active
AST23D6AA1E8D,CUST100014273,Home Security Hub,Arris,54F4299390564D3F,2025-11-26,Active
ASTBDBD98B1C4,CUST100049596,Handset,Nokia,D234A1AC52F04576,2017-02-17,Active
ASTC3767B1D4C,CUST100089287,Handset,Apple,CBEA80F55D7B430D,2025-03-13,Returned
AST756D07E4A3,CUST100075563,Router,Samsung,42E92DF40F28497C,2025-05-22,Active
ASTB62BB7367C,CUST100074133,Handset,Nokia,D96DEE82F56F4164,2022-10-08,Active
AST4A234F42D1,CUST100068476,Router,Arris,19E90DEC947B4889,2023-05-19,Active
AST904A379452,CUST100010647,Set-Top Box,Nokia,A71343CF204F4D58,2024-06-18,Active
AST6C1E496C41,CUST100053637,Router,Samsung,785DDDA93A2D4828,2018-06-22,Active
AST76F13A1BE3,CUST100033084,Smartwatch,Arris,4A784B0BD6B146A3,2016-05-26,Active
AST283994E2B3,CUST100081335,Handset,Apple,EEA22A4371A94B2A,2025-07-06,Active
ASTEDFCAD0604,CUST100053415,Modem,Huawei,4F15125CEFF54ACB,2020-04-26,Active
AST233A1DD629,CUST100080934,Modem,Nokia,2E5D362532A3413F,2016-11-06,Active
AST1969E07850,CUST100062642,Handset,Huawei,87EAD1C1B35F452F,2025-03-07,Active
AST5422B0644E,CUST100075971,Smartwatch,Arris,5B8A0CF69FA54936,2017-06-04,Active
AST8B30FDCB11,CUST100054033,Handset,Huawei,A7FAE652324F49FC,2020-02-20,Active
ASTA55319EF4C,CUST100051941,Router,Google,6C32199155F74143,2016-09-27,Active
ASTB068B98A25,CUST100058469,Handset,Google,13427A79A3AD4FD8,2025-10-12,Active
ASTBEC389C721,CUST100089550,Handset,Arris,9C88D8B29A6E44D0,2021-04-25,Active
ASTB5BD7DA67C,CUST100051673,Handset,Cisco,4467B135298C400F,2017-06-10,Active
AST2E35A227AD,CUST100094302,Handset,Huawei,12509C36B674479F,2021-07-03,Active
AST490B09DD32,CUST100028652,Router,Huawei,04FCF0D0D21F498B,2024-08-09,Active
AST02D0766DC4,CUST100087632,Home Security Hub,Cisco,3BEF70603B664B1E,2022-11-26,Faulty
ASTE1B594C37B,CUST100040019,Handset,Cisco,0D75C4C6550B4267,2024-09-25,Faulty
ASTAC080401F0,CUST100079328,Router,Cisco,C999A3933A524EB1,2020-04-13,Active
AST439C9C96D9,CUST100049700,Modem,Google,DD01BF922A844340,2017-01-04,Active
ASTFFA1EC71F6,CUST100015179,Handset,Arris,6BEC4C58B6764016,2018-11-07,Active
ASTE9B2E105F6,CUST100012200,Router,Nokia,9BCED55F122F4275,2016-11-28,Active
AST12349AC908,CUST100047966,Smartwatch,Samsung,AD60DD8A11FB4361,2017-07-25,Active
ASTCC3D611B95,CUST100075933,Handset,Cisco,290F70E1E2264403,2020-01-25,Active
AST66396E4683,CUST100075369,Router,Apple,961D412E16C5492C,2020-10-20,Active
ASTC020B94B7D,CUST100072991,Router,Huawei,D1739D4CDDAD4823,2022-07-30,Decommissioned
ASTF7CFE5D95D,CUST100095685,Router,Samsung,97B44FDDD7D04522,2023-07-15,Returned
AST38F235D071,CUST100099682,Handset,Nokia,EA38B23BC72F4309,2023-12-25,Active
AST61B382209E,CUST100067411,Modem,Apple,63BC8DBC0C8542C8,2018-07-13,Active
ASTD7B5D16726,CUST100063038,Handset,Cisco,FB2ECD3051FF4878,2025-11-21,Active
AST8F576648E5,CUST100055108,Handset,Huawei,C41281ACAC324E2E,2019-04-11,Active
AST19AE1CE248,CUST100062653,Handset,Samsung,86FA4A09EBB04348,2023-02-10,Returned
ASTC3E99F7B25,CUST100023164,Modem,Google,8E489A4BB115485C,2016-07-08,Active
AST21178C4D58,CUST100052788,Router,Nokia,A66B2735D6264238,2017-06-27,Returned
AST7E4E7F6E6E,CUST100086791,Handset,Arris,A032519C37924431,2017-02-01,Active
ASTC3AE5A81F7,CUST100031307,Router,Nokia,98D0D056DDCC41FA,2019-09-16,Active
AST3BF13F991B,CUST100096427,Modem,Samsung,9E8D20D531C14331,2023-03-30,Active
AST8C26FC800E,CUST100049305,Router,Google,06D8B8CDCE734FC8,2018-01-14,Active
ASTBFF42AD12F,CUST100049273,Smartwatch,Samsung,8A3C23C56C524D84,2026-06-29,Active
AST216550B64E,CUST100087005,Router,Arris,B49C0A50829E49A5,2024-10-28,Active
AST7631706166,CUST100046986,Smartwatch,Samsung,69B4F0C50104423F,2023-04-20,Active
AST9C41AAC287,CUST100057578,Home Security Hub,Google,7E0A7920977F42A5,2021-01-13,Active
AST2CE9668EA7,CUST100045186,Modem,Cisco,5B8142C3C6CF4F29,2021-04-03,Active
AST275091D20C,CUST100047604,Modem,Samsung,A4BE520E83C54BF0,2026-03-29,Active
AST3D3FE7A013,CUST100022540,Router,Nokia,35B73082F0D94209,2021-06-03,Active
AST396E9BA39E,CUST100035577,Handset,Arris,2EB4CAE55E68454B,2025-05-12,Active
ASTBEE76540BD,CUST100017666,Handset,Samsung,8BA5218936DA4D1E,2023-12-19,Active
AST32F6C10417,CUST100016345,Handset,Cisco,49A5EE7213364E35,2016-07-07,Decommissioned
ASTEBAAA28069,CUST100096301,Router,Google,1632F6704E004CFA,2022-02-10,Active
AST6FE1067EFE,CUST100068048,Handset,Nokia,1CC24D55376A430F,2020-10-03,Active
AST003FA528A4,CUST100066998,Router,Google,86FEA1A7F0494569,2024-03-25,Active
AST7D076B4BCF,CUST100050379,Home Security Hub,Nokia,3484A4C6AF314467,2016-10-22,Active
ASTE44C9F0966,CUST100068917,Handset,Arris,FDB135069AD04123,2023-04-03,Active
ASTA62D1590D0,CUST100067211,Set-Top Box,Cisco,128491CB32A44415,2023-10-16,Active
ASTEDCB13F318,CUST100088973,Router,Samsung,43F654FBDDA64E52,2017-07-21,Active
AST9B6A698849,CUST100004176,Router,Samsung,CADA69A7548848CE,2021-01-20,Active
ASTD5A49C260E,CUST100081690,Router,Arris,43A1559A0B1C43B7,2017-07-29,Active
AST87AD56008D,CUST100001414,Handset,Nokia,EC884B27E72540C2,2023-08-03,Active
ASTB118345589,CUST100005658,Handset,Samsung,4CA68510C6D5471C,2021-12-16,Active
AST99EEC6DF73,CUST100066994,Smartwatch,Google,3CED6E749A824861,2026-03-05,Active
AST7D9502FC2A,CUST100005665,Router,Nokia,76A931EF2B5F41A7,2020-01-30,Active
ASTD9A8C4FCEB,CUST100089753,Handset,Samsung,F478260522B546B2,2017-06-26,Active
ASTC0491080AB,CUST100052608,Handset,Nokia,EC1488E6794045B3,2020-06-04,Active
AST4C180C071C,CUST100034429,Router,Huawei,3139BBA14A5640DC,2019-10-26,Active
AST9D217B6BDD,CUST100005450,Set-Top Box,Google,59C20EFF90654DC3,2018-08-02,Active
AST34889C0C1A,CUST100076993,Handset,Cisco,DEC16A59663846E7,2026-01-23,Active
AST507E3BC820,CUST100064482,Handset,Cisco,B89D071A47764259,2021-03-22,Active
ASTF2FA96D4E3,CUST100014513,Modem,Google,D35599391508408C,2020-07-08,Faulty
AST23A184051E,CUST100024162,Router,Cisco,0106C3B84EF947D6,2021-10-01,Active
ASTB27BDFA80C,CUST100094437,Home Security Hub,Arris,EE506EC5296C4B2F,2020-03-01,Active
AST0CA783FDFF,CUST100093119,Router,Cisco,0F73F7E9D8AC4941,2019-10-19,Active
ASTE28E86BD37,CUST100088083,Handset,Google,FCD1C65AA8D04EBF,2023-03-16,Active
AST3871D6858D,CUST100015961,Handset,Cisco,324FA52FDD834941,2023-11-15,Active
AST489CAA391E,CUST100064117,Set-Top Box,Google,9A8099A9D9FF4584,2020-12-21,Active
ASTFF1C071334,CUST100039194,Set-Top Box,Arris,CBB4FA9AD6EA4AA0,2019-02-27,Active
ASTE750D6B255,CUST100008627,Router,Huawei,B47ED9C031CE4BFB,2025-01-28,Active
AST5B9E26B87D,CUST100052980,Router,Google,A305B6A3CDBE4077,2022-08-14,Active
ASTE964C98179,CUST100081616,Router,Huawei,E0118DAD7F77486E,2025-10-12,Active
AST103FBCBD00,CUST100093522,Handset,Nokia,1D4EAE476FBB4354,2016-08-09,Active
AST4E6CBA334C,CUST100034637,Home Security Hub,Apple,F0882C8586D546E8,2025-07-27,Active
ASTDE37611339,CUST100075247,Handset,Arris,127F583A7259400B,2022-03-22,Active
AST5424800570,CUST100083356,Handset,Nokia,E9F9E502DA414771,2019-09-16,Active
ASTACB4D85D37,CUST100020883,Set-Top Box,Nokia,48C4A70DD0B94D43,2016-11-21,Active
AST0F51D1940D,CUST100006271,Home Security Hub,Google,2926EB0BB7C04C98,2016-02-17,Returned
AST1F177826EA,CUST100009644,Set-Top Box,Huawei,C82D82EC3906483C,2018-09-17,Returned
AST1E9EC9D5C6,CUST100069020,Set-Top Box,Nokia,8C7099CD8FBF4EAC,2016-01-28,Active
AST5715A87AF1,CUST100083258,Handset,Samsung,C458553D6CF242CB,2025-02-20,Active
AST9478E32859,CUST100001430,Modem,Nokia,B619660B748B44B2,2019-10-18,Active
ASTA816298648,CUST100006376,Home Security Hub,Arris,154B5B5CB1124E3C,2022-11-15,Active
ASTD9425CC7C1,CUST100012408,Set-Top Box,Google,538245D884FF4B33,2022-10-09,Active
AST0BBA324E01,CUST100080636,Handset,Apple,292DC9DFAC594B0F,2019-02-10,Active
ASTB54233B3D2,CUST100030084,Handset,Nokia,558FB69F1C9845F8,2018-02-13,Active
ASTDA8B3E471A,CUST100099297,Set-Top Box,Huawei,B093D45A0A904619,2021-07-23,Active
AST29827CF850,CUST100094583,Home Security Hub,Cisco,E0D77A6CDDE6488E,2023-10-07,Active
AST572AB95824,CUST100043476,Handset,Huawei,763773ECF2414A3C,2025-09-17,Active
AST84E4FC4B01,CUST100055247,Router,Arris,1BDAB843113D4BDC,2021-07-19,Returned
ASTF751FEB13A,CUST100083225,Set-Top Box,Cisco,97C7C65E0A884848,2026-05-27,Active
AST91C1A4FDF7,CUST100024670,Set-Top Box,Huawei,CC90D06A0121433F,2025-05-10,Active
ASTB47AD2066D,CUST100085080,Modem,Nokia,7CF562113904428D,2016-11-13,Active
AST2CBB7E9390,CUST100043480,Handset,Samsung,D676EC3C32DC4A3B,2018-04-13,Active
AST0BA0DC0E67,CUST100047035,Modem,Arris,F3763A6160D540C5,2024-03-18,Active
ASTA2F94D6F6E,CUST100004493,Handset,Google,639D21F294F143FF,2024-06-25,Faulty
AST4134463B46,CUST100096810,Handset,Arris,717638B47BB84EF6,2024-04-10,Active
AST219C14B4DF,CUST100019513,Handset,Google,79EB29B9332A4F87,2019-10-27,Active
AST3DABBAA16F,CUST100011714,Modem,Cisco,178E746C7C064185,2020-11-24,Active
ASTDCB45BFA49,CUST100004127,Handset,Arris,8289E502B86C44F5,2024-05-29,Active
AST5ECEEBE916,CUST100019142,Modem,Apple,DDFE8472C81440A1,2019-10-27,Active
ASTDFE5EA6EE3,CUST100049252,Router,Cisco,7FD8B6124B9A41FB,2019-12-10,Active
AST12CF29020A,CUST100070223,Handset,Apple,FC5729E204B44A1F,2024-07-30,Active
AST63279F5777,CUST100015837,Handset,Nokia,DC008111F9BC4F06,2022-01-16,Active
AST1C65780B5D,CUST100027584,Handset,Samsung,FE22B4BF1D9946FE,2016-08-12,Active
AST024F4FB7E1,CUST100065816,Router,Google,373D06879F9648C1,2020-07-22,Active
AST627E068055,CUST100023869,Router,Huawei,FBC44752A8EE4052,2016-09-29,Active
ASTE542E982B4,CUST100083818,Modem,Cisco,FFA8BF84E1C8419E,2024-02-12,Decommissioned
AST5B4870A21A,CUST100034172,Handset,Nokia,D1AB9FDF91644B1D,2017-03-04,Active
AST987DFCF756,CUST100004286,Modem,Nokia,09F0F622B13F4D71,2022-04-14,Active
ASTAA5E4CA8E4,CUST100047493,Modem,Cisco,A9458BC0256B4BBF,2022-06-17,Active
ASTC6BACCB63A,CUST100014398,Handset,Samsung,56EFB5CA0F834BDE,2017-08-25,Active
ASTABB96D0E92,CUST100070927,Handset,Arris,3D35ECD04D094B33,2021-11-01,Active
AST0DB94CF619,CUST100045625,Router,Cisco,4EFEC453B98F482B,2023-08-01,Active
ASTCDBFABF40D,CUST100046084,Handset,Cisco,2F643E2DB57D44A8,2019-09-17,Active
ASTAC6E1923BA,CUST100055085,Home Security Hub,Nokia,8E91A9D88A9643FE,2023-07-07,Active
AST450F4A647D,CUST100019519,Set-Top Box,Huawei,97FF0431D7F64848,2023-11-18,Returned
ASTD8B0C7F6E6,CUST100070045,Home Security Hub,Arris,0DC44D287B4D4F98,2018-05-07,Active
AST74F491DE6B,CUST100003214,Home Security Hub,Apple,870DC51C01F242F6,2020-03-11,Active
AST2AACBBFAB3,CUST100082846,Router,Huawei,A199BE395FCF4B73,2017-01-18,Decommissioned
AST3A1651C4E2,CUST100057485,Handset,Google,2CC572C8E4F5468B,2022-07-02,Active
ASTA33E344986,CUST100031991,Router,Google,5883806382F842BB,2019-05-14,Active
ASTE1A4FE27E4,CUST100026540,Handset,Google,FB304A74AE984D95,2022-03-30,Active
AST0B940A7AA6,CUST100023913,Router,Apple,3C5A7502C4A147CA,2020-04-27,Active
ASTED106FF1B1,CUST100062935,Modem,Nokia,7BBE98842FB2431F,2018-04-03,Active
AST79158EB695,CUST100007073,Set-Top Box,Apple,C5836206998C4BAB,2018-06-28,Active
AST5BC0BDCC15,CUST100033285,Router,Google,A9CF1658D2104AAC,2016-11-22,Active
AST314EA26E89,CUST100084553,Handset,Google,9358AD633B58483A,2020-05-07,Active
ASTCE4394E311,CUST100040717,Router,Arris,F42854F7CAA34419,2025-02-09,Active
ASTFAC569F756,CUST100041877,Router,Cisco,6A747A0B79E942F7,2018-07-04,Active
ASTE684C54389,CUST100033248,Handset,Arris,5D2D65C6A4FF425B,2019-07-09,Active
ASTC67E44D114,CUST100071891,Router,Nokia,E078CC0952C44240,2024-04-03,Active
AST3C25ECE486,CUST100036291,Set-Top Box,Huawei,E33399B75E304129,2023-11-29,Active
AST79D054537C,CUST100099844,Router,Samsung,0727471D895C45A2,2017-04-29,Active
AST65661F10CD,CUST100005386,Handset,Arris,0EED45B370E946FC,2022-07-12,Active
ASTD5EC7E4441,CUST100089730,Modem,Arris,3E858C5774A54F75,2017-06-19,Active
AST5FEDE87E66,CUST100015994,Set-Top Box,Huawei,75867F793383490C,2019-10-28,Active
AST20F3B37380,CUST100092100,Set-Top Box,Arris,06EAE8B3916C4FF6,2024-05-13,Active
ASTE2EAD6476B,CUST100054207,Home Security Hub,Nokia,13478DC514944160,2019-06-26,Active
ASTC4393B2772,CUST100022895,Modem,Arris,09F206B99B45495A,2021-11-19,Active
ASTFD3B103FE6,CUST100042523,Router,Huawei,FF2E57CDACEB4CE2,2018-03-24,Active
AST28DA166DA5,CUST100087509,Handset,Apple,89AAC62F19DA4B31,2020-07-16,Active
AST7D0D8CA93A,CUST100006855,Handset,Cisco,BDDDFD1713B24DD6,2019-04-24,Active
AST1CD1E0C04D,CUST100072210,Handset,Apple,78C2873EADC34416,2021-03-28,Active
ASTB6FF006D4E,CUST100012459,Set-Top Box,Google,25FD036D05414887,2019-02-09,Faulty
AST4788867B21,CUST100083100,Smartwatch,Arris,41C584866C354CEF,2021-02-15,Active
AST0F9B3A7F10,CUST100079984,Handset,Arris,4CC31DD08EEF41BB,2025-10-07,Returned
ASTA90EC279FD,CUST100081877,Modem,Cisco,8D60ED9F23F84FF8,2016-02-08,Active
ASTF38DF0AC31,CUST100048655,Modem,Cisco,C4D1A52843704458,2023-04-01,Decommissioned
AST13D1C7F354,CUST100072229,Set-Top Box,Apple,DB45822BDBE045EB,2019-09-23,Returned
AST7C987A7123,CUST100054799,Router,Samsung,3B9B3F21C9E94A2A,2016-08-02,Active
ASTBAD2971A06,CUST100013032,Set-Top Box,Nokia,237AD39CD31A4F64,2024-02-05,Active
AST3CD9EDA3D2,CUST100070932,Smartwatch,Google,C194A3A7D6024F62,2019-12-12,Active
AST6C74F7195A,CUST100029293,Router,Arris,B32E1741C65348D7,2020-05-10,Active
AST3F0DFDE28D,CUST100099165,Handset,Huawei,A4D50EB6D10B42F2,2021-06-19,Active
AST7E214E5B8D,CUST100082881,Home Security Hub,Nokia,29EDC36687E34AD4,2021-03-22,Active
AST86FDDCF31E,CUST100011259,Handset,Google,1E8026314EFC4EB0,2021-11-08,Faulty
AST201DCB64B6,CUST100095537,Modem,Cisco,25F89D6600264955,2023-07-02,Active
AST428FBA7C7D,CUST100071417,Handset,Huawei,5C331102AA334831,2024-10-28,Active
AST18C8EA22AB,CUST100010506,Handset,Google,5E425957EB9648DC,2022-08-30,Faulty
ASTCCC7868A31,CUST100042375,Router,Huawei,010ECE3CEA894B79,2016-04-08,Active
ASTCF8E7EE3D4,CUST100064820,Handset,Samsung,3BAF629ABE7645B8,2017-07-02,Active
AST5FBDB77B8D,CUST100001969,Set-Top Box,Google,789AB23655A64464,2020-08-30,Returned
AST946FF51525,CUST100059051,Handset,Samsung,7E6999CCDC954050,2023-08-28,Active
AST38DAF30E30,CUST100034768,Router,Google,7ACD814AE9A14754,2018-06-05,Active
ASTEFBCF60CFC,CUST100047027,Handset,Huawei,CF0AD2703F904C4B,2024-11-28,Active
AST4A7C9B268C,CUST100076453,Set-Top Box,Samsung,8D7FEDFC11B544BE,2017-07-05,Active
ASTAA9F7C53F5,CUST100085836,Set-Top Box,Google,1EE7359237B74FF1,2020-10-14,Active
AST7E2B337A5C,CUST100039006,Modem,Apple,10E44C788E1B4708,2021-09-20,Active
ASTE4BC873D51,CUST100084934,Set-Top Box,Arris,A22E37CD072048F4,2017-07-05,Active
ASTC28135B585,CUST100073469,Router,Apple,E33E18A0D6FB4554,2024-07-19,Active
ASTD96DA315B6,CUST100079214,Handset,Arris,C0DBDAA3843C4582,2019-05-04,Active
ASTE2B99B8A3D,CUST100099729,Handset,Nokia,7CB64D816B8548D0,2024-12-19,Active
ASTFD4963BE73,CUST100062262,Router,Apple,3B5F1DD1786645B2,2017-09-24,Active
ASTC72F19E8D4,CUST100058337,Modem,Apple,FED6F384A0DD40AB,2020-07-18,Returned
AST4A4F414A71,CUST100046652,Router,Huawei,17F85AADF3504498,2022-09-24,Active
AST6E850F232B,CUST100083354,Handset,Apple,C7F7243CB0064038,2021-08-14,Active
AST2D687A1145,CUST100076278,Handset,Huawei,4288F76A127F4697,2021-11-02,Active
AST8DC93228F1,CUST100095953,Smartwatch,Nokia,794DDF226D834DC7,2025-11-27,Active
AST19FEABC8F7,CUST100095859,Modem,Cisco,0A68B09B053043F8,2020-02-19,Active
AST1FDA9BA10F,CUST100049598,Modem,Huawei,8304F46746B9437B,2025-06-22,Active
AST50BDDCBE98,CUST100085288,Router,Nokia,4C6E91683AD84F53,2025-11-17,Active
AST3E3BA3FC22,CUST100092301,Modem,Nokia,6675BEE31DEC40CB,2016-06-08,Returned
AST95723AD827,CUST100014161,Smartwatch,Apple,D9B3230D33A042A3,2018-05-12,Active
AST4305C9B96A,CUST100069329,Home Security Hub,Arris,EEA3DFB4FCA8471E,2016-09-06,Active
AST30DEEE53F0,CUST100075609,Router,Cisco,7ABA79F4A3484767,2018-08-05,Active
AST11FA71BB70,CUST100058863,Set-Top Box,Nokia,E016C512C5234CCB,2018-06-29,Active
AST61E4B3E011,CUST100033452,Handset,Samsung,1A1F949E6DFD45B7,2026-02-22,Active
AST2FDF17EEA5,CUST100096416,Handset,Huawei,4C29B1235CD2431A,2025-01-09,Active
AST6FC7E5F460,CUST100049611,Modem,Arris,F6239E8A552849CC,2021-06-29,Active
AST2135685A2F,CUST100046891,Handset,Nokia,2F033BA8F17A4B01,2025-01-03,Active
ASTBF31467739,CUST100005851,Handset,Arris,2920D3D22AAE4D09,2025-02-12,Active
ASTA550DB3ACF,CUST100070386,Router,Cisco,AF0934BDA8A842E3,2017-06-06,Active
AST4C344AEE39,CUST100037179,Router,Samsung,534D230FDB014288,2016-01-14,Active
ASTFF833BB4EE,CUST100063916,Handset,Cisco,1F6E85F8F96C47C6,2021-04-14,Active
ASTE843A5657A,CUST100094001,Modem,Arris,E3AA4D48819C4486,2021-07-23,Active
AST99D7BA3966,CUST100045074,Modem,Apple,8740095222BB405D,2018-03-02,Active
ASTDF5791C78E,CUST100099295,Home Security Hub,Cisco,AF2DEA1AB58C4D22,2024-03-10,Active
ASTC1E7823B9A,CUST100052928,Smartwatch,Google,6C70FA85302C48A2,2021-11-15,Faulty
ASTC68082E2B4,CUST100060404,Set-Top Box,Apple,2B49477EA7564020,2019-10-14,Faulty
AST8F01995343,CUST100006599,Handset,Cisco,91EEF3350D2F4F67,2022-06-22,Active
ASTAFC757C7F1,CUST100083498,Modem,Huawei,84AB8BEEC9904058,2025-04-05,Active
AST7E0A14B804,CUST100019766,Handset,Samsung,B47CDC5CBB214D05,2023-12-13,Active
AST565B5A678B,CUST100089771,Handset,Nokia,E6A05AF84867435E,2018-10-30,Active
AST196990D2C7,CUST100008193,Modem,Huawei,77E12025136447B8,2018-03-23,Active
ASTF5EBCF5784,CUST100001164,Router,Huawei,E643755E075B4819,2023-06-09,Active
AST34EFC8C751,CUST100075674,Set-Top Box,Cisco,EFE00A0D8E8A4DC1,2018-06-05,Active
AST3D0A21F002,CUST100043496,Handset,Apple,588A6E2FE7744E89,2023-02-10,Active
AST4CB5D82E64,CUST100083032,Router,Arris,C6C12CBCDF8F4C86,2016-05-22,Active
ASTBEF3195FE5,CUST100005783,Router,Cisco,B7C3C57169B140DE,2019-01-27,Faulty
AST7592A973CC,CUST100049460,Set-Top Box,Samsung,5BEA84881BE84F73,2024-12-31,Active
ASTCE255E4312,CUST100046976,Handset,Cisco,1926627503B84B52,2017-11-06,Active
AST1FF7BC5737,CUST100076687,Smartwatch,Apple,A90DCA4ED4624DE6,2019-12-04,Active
ASTCE21AA9135,CUST100067690,Modem,Google,2616AB54B4EA4ACC,2018-10-10,Active
AST07A0EDD8BD,CUST100079812,Handset,Huawei,0A16FC7374724275,2025-11-09,Returned
ASTDA4BEB53D0,CUST100056256,Handset,Samsung,A70C618DD5DE47DE,2022-05-13,Active
AST714F429736,CUST100014090,Modem,Cisco,6225AB43ADA84570,2020-11-22,Active
ASTA4CA2BABB3,CUST100065316,Router,Huawei,9178D27A962449B5,2016-01-03,Active
ASTC44737B9FD,CUST100097919,Router,Nokia,68B8C3D710F0477E,2017-08-27,Active
ASTB4357972AF,CUST100070782,Handset,Arris,B673EC36C5944781,2016-12-25,Active
AST513FA08C5C,CUST100051247,Handset,Apple,516BCA64BB2B4EBF,2025-10-03,Returned
AST2FFAEFB482,CUST100080686,Handset,Google,5CE9CDB730B54A99,2021-05-12,Active
ASTDC64E3C297,CUST100036439,Set-Top Box,Huawei,30FC4170BAB2407C,2022-12-17,Active
AST91AEA2C53B,CUST100030805,Set-Top Box,Apple,AC08696531F44A13,2019-03-28,Active
ASTA72851AEBF,CUST100067439,Home Security Hub,Apple,A7053D22F6DC4D3B,2024-07-31,Active
AST1AB2B6D447,CUST100083223,Handset,Google,04034B8762874BF8,2016-02-26,Active
AST3BB79436C0,CUST100034857,Modem,Arris,318E4D874FFF4D9F,2023-05-23,Active
AST4E497CE195,CUST100013871,Router,Arris,51B819C504AD4D61,2024-03-20,Active
ASTFC2890FDE2,CUST100046497,Handset,Huawei,E7AA7046BFE24445,2023-04-09,Active
AST45393ED6E8,CUST100053574,Set-Top Box,Nokia,DB456B9BDAE74C3D,2025-12-18,Faulty
ASTF47875D89B,CUST100002364,Handset,Arris,2876AFFC825141CF,2022-06-16,Active
AST465E3F9BA3,CUST100014070,Set-Top Box,Samsung,3E70AB08B80648C8,2024-06-01,Returned
AST9E24DA885B,CUST100065832,Modem,Google,2DA42BF7104C47F2,2016-01-06,Active
AST4C92A7F299,CUST100041768,Handset,Cisco,880D478027044B6A,2018-03-03,Faulty
AST76E4708E9E,CUST100062688,Handset,Huawei,30F1259BF8594C74,2026-05-24,Active
AST3CF94DEA35,CUST100031838,Smartwatch,Google,B21CE34630254DC1,2026-02-20,Active
AST4D93DFD7D9,CUST100042568,Handset,Apple,E09B162E69AE4658,2023-08-12,Active
AST88CFB4D368,CUST100002358,Modem,Huawei,D9238C5D32844ECC,2025-04-21,Active
ASTC56854EA01,CUST100040431,Router,Google,11D380DEC3434763,2019-10-10,Decommissioned
ASTB4296CD87F,CUST100080194,Smartwatch,Apple,B1F9A5158B4647F2,2016-04-21,Active
ASTEF388A9BAF,CUST100054867,Smartwatch,Google,B2B84BABA5864E97,2017-12-29,Active
ASTCC976202A1,CUST100066582,Handset,Google,B258EEA153714E6F,2019-01-13,Returned
AST5977D7DC4E,CUST100015648,Home Security Hub,Google,93E296C9DBF34858,2024-09-07,Active
AST33641FA421,CUST100023190,Handset,Nokia,19B67E6FADAA47CA,2020-04-16,Active
AST9CEB783E3E,CUST100039305,Handset,Huawei,A36016545A5743E6,2021-10-21,Active
ASTC0B0EBD923,CUST100056118,Modem,Huawei,7535AEEA4D5F475C,2016-04-09,Active
ASTA16B78DDC9,CUST100077325,Set-Top Box,Arris,D8F8606FDDB74AAC,2016-11-03,Active
AST96D2E2315C,CUST100032846,Router,Nokia,97AF6A6E101344D9,2025-02-26,Returned
ASTF20A77EE25,CUST100037519,Router,Apple,0D383511A0534BFE,2017-03-12,Active
AST84CEDF81F4,CUST100010711,Router,Arris,9A66355EE6AA4293,2024-04-16,Active
ASTE45DA36D6D,CUST100038122,Handset,Huawei,EA8DBEDF38A848A9,2025-06-07,Active
AST709BFD8230,CUST100007466,Home Security Hub,Google,297A201124EF4C24,2024-12-03,Active
AST45492F31D0,CUST100032237,Handset,Nokia,8BCD5F7F97684D8E,2019-01-07,Active
AST54733C5843,CUST100031363,Router,Apple,FFEF6E048F9C4CB1,2020-12-18,Active
ASTB88A554CB1,CUST100046511,Handset,Apple,AE20CEB92B514405,2024-11-05,Returned
AST17E466CD41,CUST100008160,Smartwatch,Google,A09BC0FB7FA446CB,2023-02-02,Active
ASTCA52647B0C,CUST100007184,Router,Google,B0432F636EE649EB,2020-10-21,Active
ASTFFAF39D615,CUST100042324,Set-Top Box,Samsung,348B1DC787D6458D,2021-08-31,Active
ASTB00C54C6ED,CUST100004513,Handset,Samsung,7ED6A5382BC645B0,2021-06-12,Active
ASTEA1A0E8B6E,CUST100073560,Handset,Huawei,3A152440BDA44CA7,2023-02-01,Active
AST76D533AEB1,CUST100070395,Router,Cisco,262C38CE175D4709,2021-09-28,Active
AST8FD50C9C68,CUST100021959,Handset,Nokia,17EE7F527D74416F,2022-09-04,Active
AST642A2CEFD8,CUST100040005,Handset,Samsung,1980FE6E9A594FB0,2024-05-16,Active
AST4E18A4FB34,CUST100084707,Handset,Cisco,712B3F4B343B4AEC,2020-09-07,Active
AST1257412189,CUST100043609,Router,Apple,88CF6381B23249DF,2019-05-22,Active
AST40D75A2244,CUST100010548,Smartwatch,Google,BC3C005CE8F14F20,2023-04-12,Decommissioned
AST430C5CC2B1,CUST100044623,Router,Apple,38083F99F50B441E,2016-08-27,Active
ASTC256A0D492,CUST100070680,Handset,Cisco,66C3515445C5438C,2025-03-14,Active
AST434A80490F,CUST100051435,Handset,Samsung,56AC20D562D7497A,2018-12-24,Active
ASTA07E1E8695,CUST100031865,Handset,Nokia,1A5879786FF34B4F,2020-11-24,Active
ASTCCFB5FB4C3,CUST100091738,Handset,Cisco,84DB9C7DE3B34B44,2016-11-02,Active
AST7CA0E35569,CUST100030836,Router,Apple,A9B58F48F20B4580,2016-08-21,Returned
ASTFC66655344,CUST100054260,Set-Top Box,Google,B7074A207EBB4CCC,2020-12-26,Active
AST5EC8DBFE6D,CUST100034580,Handset,Nokia,726FD93AB2EE4127,2019-08-10,Active
AST7D3E15069A,CUST100025534,Handset,Cisco,B5A1BEE529974BAB,2017-01-16,Active
AST4378A7618E,CUST100014518,Handset,Google,1400F5B71E104B0F,2025-10-21,Active
AST899B5B8FF2,CUST100059846,Handset,Apple,43ECE264C7234FEA,2018-01-01,Active
AST82CCF090FB,CUST100004210,Set-Top Box,Samsung,E0C578936C78424F,2019-12-18,Active
AST26DF3807CF,CUST100051425,Handset,Cisco,278CC69CAB0E4027,2023-12-12,Decommissioned
ASTD7954A6969,CUST100001556,Router,Arris,87A534786D3E4579,2019-08-21,Faulty
AST3F9CF272BD,CUST100061370,Home Security Hub,Apple,1CA540F8BE0546D1,2026-03-19,Active
ASTD58458B776,CUST100000823,Handset,Arris,B8C19AFF288C41E0,2025-03-22,Active
AST0D3CB45C76,CUST100040430,Smartwatch,Cisco,E52873F6069C4376,2023-11-12,Active
AST4BAD1E3CAA,CUST100025408,Modem,Google,6638822DF4434E75,2024-01-28,Active
AST719C46B5FD,CUST100013259,Set-Top Box,Cisco,CB6ABC9FBAF64303,2025-11-05,Active
ASTC8499DF069,CUST100035572,Router,Nokia,FF7956AF9BED4004,2020-05-30,Active
AST68D562D97E,CUST100087018,Smartwatch,Google,5DB873C818874AC1,2025-05-31,Active
ASTFA9AFDBD80,CUST100019468,Handset,Apple,6794263A5C604EDB,2022-05-13,Active
AST58468206E4,CUST100077446,Handset,Google,817F7CA784C54F3D,2025-02-27,Active
ASTD1280A974A,CUST100034489,Handset,Nokia,5D2F75DBC5E24054,2023-11-19,Returned
ASTE77BA4CA44,CUST100096119,Smartwatch,Huawei,4B76F110C48748F8,2026-05-05,Returned
AST73A0C3312D,CUST100031460,Handset,Samsung,19392D45E98C474D,2016-08-17,Active
AST497AC215D9,CUST100080505,Handset,Huawei,8133E26696894A54,2024-08-03,Active
AST0C0F18206D,CUST100008171,Handset,Cisco,1CC2637517454700,2017-10-10,Active
AST7FAAEA9521,CUST100098131,Modem,Nokia,0BD6A45E81034052,2024-04-16,Active
AST990E0C3285,CUST100061454,Handset,Samsung,87ACF163ED2C4616,2016-03-27,Active
ASTF92CDA282C,CUST100021758,Router,Arris,B1162BE1F4164908,2024-08-08,Active
AST06E63265D0,CUST100097739,Set-Top Box,Google,8A67084B5AA74171,2024-05-21,Active
AST08AF2C2CF7,CUST100072427,Set-Top Box,Nokia,B4835C49FE3B4AC5,2021-11-17,Returned
AST547847B8F0,CUST100092418,Modem,Huawei,6B99FB143D034702,2023-09-15,Active
AST0ED3BA7724,CUST100034945,Handset,Google,D4285077E47F4F86,2021-06-05,Faulty
ASTD72AADF5A9,CUST100002650,Router,Arris,D0E3E166D43F44D8,2025-10-06,Active
AST13ECF03BE6,CUST100082289,Set-Top Box,Cisco,88771C21E3B84A10,2017-02-17,Active
AST271A9FBE6E,CUST100047166,Handset,Google,7159CF700B4D4B40,2023-04-05,Active
ASTA661EC1C6E,CUST100035228,Set-Top Box,Huawei,581FD3D167CD4C07,2025-08-24,Active
ASTF9F354EED6,CUST100036891,Modem,Huawei,985CA31BEE9F43BD,2023-07-04,Active
AST09ACF5FF74,CUST100020947,Handset,Apple,2A353536C9324327,2022-10-15,Returned
AST9CC5301E39,CUST100084603,Router,Apple,7DF7395FB8154BB9,2016-07-13,Returned
ASTD80A124885,CUST100055447,Router,Arris,DAAAF66062404C8F,2016-09-04,Active
ASTF2B8A0D0C2,CUST100013476,Router,Google,D02A041106894909,2023-04-29,Active
AST784DADBCE5,CUST100094695,Smartwatch,Apple,9987BA4C04AF4059,2021-04-18,Active
AST0A3A257DCD,CUST100092702,Handset,Arris,4BF7383A66AB432F,2018-01-11,Returned
AST02F6BFDCBC,CUST100035054,Router,Huawei,73F60C12E34F4E18,2018-10-27,Active
ASTE95FA3123F,CUST100069847,Set-Top Box,Google,B88F07D0A4D14345,2026-03-18,Returned
AST5747752565,CUST100039878,Set-Top Box,Nokia,1960349B1DED43F6,2019-04-28,Active
ASTAD08DD03AA,CUST100089231,Router,Samsung,25B8E66C637746FB,2026-04-16,Active
ASTE080972B5D,CUST100010351,Handset,Nokia,3A1CDCD333324EE6,2021-10-21,Faulty
AST2C54C9C6F9,CUST100085574,Set-Top Box,Huawei,F7B112D98D5E42A4,2026-01-08,Active
AST0BB77524B5,CUST100031248,Smartwatch,Huawei,80E6E3555A8C4E68,2025-08-17,Active
AST1C6F287969,CUST100053602,Set-Top Box,Samsung,328754C304464167,2025-08-04,Active
AST52E05FD524,CUST100009329,Modem,Apple,998A36BADA3E4D03,2016-04-28,Decommissioned
AST554B816F37,CUST100099150,Modem,Apple,C75C4AAF6E0243FB,2025-05-02,Active
ASTDB3EC9E0CD,CUST100070444,Handset,Nokia,E62D6DCA01564FB4,2018-12-06,Active
ASTA15A06F836,CUST100079529,Modem,Samsung,E67EA48A2939497A,2016-08-10,Active
ASTD9D0821F2A,CUST100089568,Router,Apple,ABDC7EEF348A4227,2017-05-24,Active
AST4862701475,CUST100084177,Router,Samsung,4B628F220F124965,2023-06-23,Active
AST6DC8F1CE1A,CUST100042469,Router,Nokia,8AD543D30AB2415E,2019-10-24,Active
ASTCA8374D8E3,CUST100080174,Handset,Google,9F2D60E0CCBF47EE,2017-12-17,Returned
AST796AEFAE4A,CUST100063891,Handset,Apple,ABC0B8FF6C3F4DC1,2018-03-27,Active
AST968CC9DF20,CUST100001378,Router,Huawei,7C798DFB936E4053,2024-02-17,Faulty
ASTE6A6851C5D,CUST100018099,Set-Top Box,Huawei,DF339F4CC02E4E62,2021-03-16,Active
AST22CBE6D727,CUST100012273,Smartwatch,Huawei,069A9D2D34CB471E,2021-06-09,Active
ASTA48B51EC74,CUST100076717,Set-Top Box,Huawei,3EE12ABF406E41D5,2016-05-10,Active
AST1FB2A9D036,CUST100001480,Handset,Apple,DA852949790B4237,2023-02-21,Active
AST268E0E880F,CUST100009641,Handset,Huawei,E2787C6CC6594788,2018-06-17,Returned
AST4F6283DC41,CUST100070953,Router,Apple,AB5AA6A1C19B4CF6,2025-02-03,Active
ASTD3DCB055DE,CUST100060541,Handset,Huawei,14704A787830468C,2023-10-10,Active
AST030B086369,CUST100027269,Router,Arris,994CB07F868C485F,2019-01-21,Active
AST4B954B95F5,CUST100060325,Handset,Nokia,20E14C3E91864944,2026-03-19,Decommissioned
AST2DEA12DDA8,CUST100091950,Smartwatch,Samsung,A6504D3E5F674B5B,2026-06-23,Decommissioned
AST7BEA09AE78,CUST100029240,Smartwatch,Cisco,96574EDEB49D4D92,2017-12-09,Active
ASTD5AD0A932B,CUST100036956,Modem,Nokia,C6A2E5DABD6B4713,2020-09-11,Faulty
ASTF976ABAD57,CUST100086811,Router,Samsung,31D509F045664884,2025-10-13,Active
AST55CB5B5D6F,CUST100095825,Handset,Google,0C551B5213164793,2023-09-16,Active
ASTFFB842ABEF,CUST100019660,Handset,Huawei,293B928ABC44468C,2022-01-31,Active
ASTA24909F984,CUST100082643,Handset,Google,2206FDFDAB04477C,2024-09-13,Active
AST803DC86873,CUST100069214,Router,Apple,5E746292DC564952,2021-05-02,Active
AST607B53AB12,CUST100078177,Handset,Arris,CB02330A72644253,2022-05-08,Active
AST614005C327,CUST100074816,Handset,Apple,BF07323BA448499D,2017-07-11,Active
AST3E200278CB,CUST100070325,Modem,Samsung,5D2FAEC486904766,2017-06-04,Active
AST28C0290BBF,CUST100051263,Set-Top Box,Google,189B42F4D67640BA,2020-04-30,Active
ASTB8E697F423,CUST100094510,Set-Top Box,Apple,1389F417B20A4C8F,2024-05-09,Returned
ASTCB678CD8CD,CUST100032406,Router,Google,ACE5FC423D5E4CBF,2021-05-21,Active
ASTF702E6E4F8,CUST100054186,Smartwatch,Nokia,607AEFEAA97A45E6,2023-07-03,Active
AST99E2014BFD,CUST100047010,Set-Top Box,Nokia,47C39245091C4B29,2024-03-23,Decommissioned
AST8D12BE56E9,CUST100057591,Handset,Google,80489961D8DA4987,2024-02-05,Active
AST17271E30A5,CUST100045161,Modem,Samsung,4B98592CC4AC4357,2018-01-28,Active
AST485F8A3190,CUST100050483,Set-Top Box,Cisco,DC84E879847D4800,2024-12-12,Active
AST81C1D7C361,CUST100097562,Router,Arris,78F3553A4AE84376,2024-12-31,Active
ASTF9EF740CF4,CUST100070915,Handset,Cisco,B797897FE4B64900,2025-08-31,Active
AST78DE7F2D70,CUST100059892,Router,Nokia,233573A5127F467A,2025-11-28,Returned
AST87DF823B64,CUST100078338,Handset,Cisco,BDA0753A11584FF7,2020-02-26,Active
ASTA9AC4E4F32,CUST100035160,Set-Top Box,Cisco,B53540E962C8461F,2022-09-03,Active
ASTE6B5F28A05,CUST100008262,Modem,Google,15E37615800F451C,2023-01-09,Active
ASTC69215AE1B,CUST100064778,Handset,Cisco,60DEE2B8233C42AF,2019-04-08,Active
ASTCE875C42C0,CUST100070243,Modem,Arris,3C0A2661C4954E4C,2022-08-22,Returned
ASTAC642242BC,CUST100052664,Smartwatch,Samsung,E9E5F63F88BB477A,2017-02-11,Active
AST2494891B62,CUST100014257,Router,Cisco,A20C1F5EE5DB4EDD,2016-11-29,Decommissioned
AST21384F627A,CUST100042675,Handset,Arris,B1147FE12C39474B,2021-05-30,Active
ASTE201BA0F88,CUST100094919,Handset,Apple,958FC22F7B9E447D,2022-10-10,Active
ASTFDD81D6D9A,CUST100032446,Router,Arris,B2ABFD004A694954,2019-04-17,Active
ASTEBD5C3B260,CUST100047321,Set-Top Box,Cisco,EA76E90CD9C54A4F,2019-10-21,Active
AST88A76EEC5F,CUST100097299,Modem,Cisco,F8004C5D2A6043D8,2026-01-10,Active
AST1FDEFFF57F,CUST100076567,Set-Top Box,Samsung,52C9AEA9E57B430C,2022-10-28,Active
AST9331F8B07D,CUST100093615,Set-Top Box,Cisco,913D8A37F47E4F1F,2021-06-05,Active
ASTB4F4F029F0,CUST100085434,Handset,Arris,D427A1365FB14DDA,2026-02-12,Active
AST0C4F864F1E,CUST100097379,Modem,Arris,F475930310EA494B,2023-06-05,Active
AST88B7DE6FE7,CUST100035305,Set-Top Box,Cisco,06A442F7C8484C8B,2017-07-15,Active
AST1517221BC0,CUST100049176,Router,Samsung,78BDBC1054764D83,2016-08-31,Active
AST0048F228FF,CUST100068560,Modem,Google,086ECB762E084039,2022-07-15,Faulty
AST75B8F972CA,CUST100051111,Modem,Cisco,2AC985BF51E74F11,2025-05-18,Active
AST5E3C5E3FAB,CUST100070886,Handset,Samsung,94BB3E096A104133,2020-10-07,Active
AST8D6301F6C4,CUST100097866,Handset,Apple,4032F047C8FC4225,2018-12-07,Active
AST7D55F35296,CUST100086423,Handset,Huawei,88831F73E1484415,2019-06-29,Returned
AST2FABE05D65,CUST100078886,Handset,Samsung,3656F1B9C36C4A15,2022-07-12,Active
AST2E4781D25B,CUST100000657,Set-Top Box,Arris,FA41DC66E51F4A6E,2024-05-31,Active
ASTFB5E80AE4A,CUST100029236,Handset,Nokia,BC9B71AD150B4843,2021-05-08,Active
ASTD9E9FBE388,CUST100054881,Handset,Samsung,FDEBF31EBFBA4E30,2019-03-05,Faulty
ASTA4BF1C3CAA,CUST100073332,Handset,Samsung,3BAE2067AF564DD7,2023-02-14,Active
AST0D7F9F8194,CUST100049120,Handset,Huawei,30F409EED5074835,2026-06-20,Active
AST17169285FE,CUST100032623,Set-Top Box,Google,21B5C887D515408E,2019-07-31,Active
ASTD9E1D95B07,CUST100051122,Modem,Huawei,9F3E58BFBFDF4544,2022-05-21,Active
AST4ABFC5E5FE,CUST100001880,Handset,Samsung,5D3379AD69F9420F,2017-08-09,Active
ASTB274A5DC0C,CUST100045752,Handset,Arris,614256E49EF44FF7,2018-02-22,Active
ASTBAE9D81C82,CUST100098686,Modem,Nokia,092C906FAC704635,2025-04-29,Active
ASTDAB2FCA916,CUST100003604,Handset,Apple,C466C69338724B8D,2021-01-14,Active
AST3531C1C2B0,CUST100090661,Handset,Huawei,0F30DD2E957E4D3C,2022-01-04,Active
AST00A49A6388,CUST100038722,Handset,Samsung,E85425B9C7244364,2023-02-14,Active
AST61873F9A53,CUST100023573,Handset,Arris,A2324DE958274EFF,2025-12-21,Returned
ASTC100F673BD,CUST100070642,Router,Arris,8C3CDF5795AE401E,2016-01-26,Decommissioned
AST3C624828A2,CUST100036401,Modem,Apple,88ADD86AB3064F49,2023-11-25,Returned
AST05B60C568C,CUST100021048,Modem,Arris,4D9B5658421F4477,2020-04-10,Active
AST88EDD2CCFE,CUST100062283,Handset,Huawei,F089DE6610F64BF8,2025-11-23,Active
AST88EC49D76F,CUST100001952,Router,Nokia,99E12FEF06C04C45,2023-11-02,Active
ASTE022E87ACB,CUST100040663,Router,Samsung,F9702FC48C7C49D7,2020-06-29,Active
ASTF374A395F6,CUST100042885,Smartwatch,Samsung,6E3C39A805E64425,2017-05-18,Active
AST52848F8473,CUST100074835,Handset,Google,9CCB07BC69E34017,2022-08-04,Active
AST47B885CE56,CUST100031253,Modem,Huawei,EF4AE17FC9F64F13,2016-04-05,Active
AST7C715CB9D7,CUST100029198,Router,Arris,E025E63459D04043,2025-03-23,Active
ASTB5330B089F,CUST100046545,Modem,Nokia,217AB15B83A74AB1,2023-04-16,Faulty
AST35EE343C94,CUST100070848,Handset,Apple,20E3CA81F340401E,2017-06-08,Active
AST0256D6B7FD,CUST100084365,Handset,Samsung,8834C8371A154A2E,2021-04-08,Active
AST802DFA1B39,CUST100075595,Modem,Google,017F6C17EBF04A3C,2024-04-07,Returned
AST55CD21774C,CUST100010753,Set-Top Box,Cisco,1579ECB68DB148D4,2023-07-18,Active
ASTFCEE8A2269,CUST100052818,Handset,Apple,3506DBE573B14E4A,2019-07-19,Active
AST1F03BF53A6,CUST100090207,Set-Top Box,Cisco,E1D0FFDFDE684F80,2019-06-16,Active
AST0B136F7827,CUST100054496,Handset,Cisco,25F7B5F257FA4235,2025-06-29,Active
ASTBEFD8D8CE2,CUST100081132,Set-Top Box,Arris,48782CCC471C42AD,2016-04-22,Decommissioned
ASTDEDBA0EF74,CUST100042243,Set-Top Box,Cisco,EE2E5D2EE30E4CFE,2020-06-26,Active
AST3309423D1C,CUST100015643,Router,Arris,2F7ECA9C81C14BD4,2016-12-13,Active
AST6C1DAFC268,CUST100088460,Router,Cisco,3A2ED9FA027D46CD,2019-05-31,Active
AST7A35EF8532,CUST100066694,Handset,Arris,114A6180DD6449B3,2023-12-19,Active
AST1CE6CE65EC,CUST100095552,Modem,Nokia,F7BD55BEF8D24EBB,2023-05-29,Active
ASTCFBE8957D1,CUST100056585,Router,Apple,C60E767E8B654D0B,2017-09-10,Faulty
AST50A24EA6BC,CUST100082345,Modem,Cisco,BCEE0D0B5E644BBB,2023-11-30,Active
ASTA4F8E697A7,CUST100020272,Modem,Cisco,B426714C807D40CF,2025-11-02,Active
AST73BF1FBCED,CUST100084211,Handset,Samsung,BB8EC15119EC4741,2016-11-16,Active
ASTA31A08DFAD,CUST100096283,Modem,Huawei,F73EED3C075B4C2A,2021-12-30,Active
AST6826B957CA,CUST100089015,Router,Arris,A47F9DC1124F4036,2024-09-08,Active
AST0BAE7F9449,CUST100087410,Handset,Arris,1F12988F830F48E8,2019-07-14,Active
AST020C10E76D,CUST100060526,Handset,Apple,10C52DBCF88043DF,2022-02-19,Active
AST9A9B055385,CUST100013791,Handset,Huawei,3F38067A99B644A8,2016-07-17,Active
AST85E7E0CF36,CUST100094418,Handset,Apple,BAB898CCD5A74B9C,2019-08-22,Active
AST63DDFBF385,CUST100031641,Modem,Google,1561C3D4E80A4F7D,2016-12-31,Returned
AST306602BAE5,CUST100059763,Handset,Google,AA0AB42ED3614922,2023-06-17,Active
AST2EC45EC167,CUST100020682,Router,Arris,98E3E12EA40B4621,2017-07-17,Active
ASTD1D4218A14,CUST100006021,Set-Top Box,Google,FECA9C22088E42C9,2018-04-15,Active
AST40BA436DAB,CUST100015389,Handset,Nokia,32003D9BAB6045C8,2016-09-15,Active
ASTBE657301F5,CUST100089437,Handset,Huawei,0AC8DE1EB39D445D,2021-02-12,Active
AST9CBEBD8F2E,CUST100083878,Handset,Arris,EF62DBDFC3794A18,2020-08-25,Active
AST418F809BEE,CUST100044722,Handset,Samsung,DA9A9FEAACCD485F,2017-06-12,Active
AST2B67FCBFCA,CUST100088022,Router,Arris,AA0B34AB824A44DE,2022-12-01,Returned
AST5A4C42AB5E,CUST100034676,Smartwatch,Samsung,D2368474F2874488,2016-08-11,Active
AST049D62F4ED,CUST100057139,Modem,Google,35024BA0E1694707,2024-05-16,Faulty
ASTD46DC6920F,CUST100099129,Modem,Apple,43A5F1FF3C8E43B9,2016-09-01,Active
AST3086DBFBDE,CUST100082501,Handset,Nokia,B765C4B855BE424C,2018-04-04,Active
ASTB81FF1F951,CUST100095237,Handset,Arris,C1A23C0E6756450E,2019-07-24,Active
ASTF369D5D7EA,CUST100068949,Handset,Apple,8462AF35B283400C,2025-03-01,Active
AST6D8948190B,CUST100012960,Handset,Cisco,0F6746B583244C66,2020-09-09,Active
ASTAE8342EDE6,CUST100053290,Modem,Google,D2B9E9075777421F,2026-06-11,Active
ASTAD8D763DDA,CUST100048970,Handset,Arris,6C775C518AA84325,2021-05-10,Returned
AST0D66EBBD5E,CUST100097551,Router,Huawei,DE71C1748A504189,2023-12-10,Active
AST172283D41C,CUST100027387,Set-Top Box,Nokia,1078229946084B49,2025-05-13,Active
ASTF0FF9800C8,CUST100057007,Set-Top Box,Arris,997A8FA1EC914F9A,2024-11-15,Returned
AST25532D8CD1,CUST100060854,Smartwatch,Arris,B0F0DB8B3F6D4A32,2023-01-17,Returned
AST439CB8A56D,CUST100057616,Handset,Samsung,B4F66DC2856C48F6,2018-12-23,Active
AST74F8BBF44F,CUST100091812,Modem,Nokia,4206123B2C79419A,2016-12-26,Returned
ASTD2B79AB7A7,CUST100024471,Router,Samsung,733183693CEE4394,2022-11-29,Active
AST2726FAEE89,CUST100069446,Handset,Huawei,9856428FE5C94ED1,2025-05-25,Active
AST90B744256E,CUST100003228,Handset,Nokia,D2FED1037AF04923,2020-02-14,Active
AST353F87A6B0,CUST100083880,Router,Arris,44876ABF67AB4E01,2021-08-11,Active
ASTCFC8498C12,CUST100030120,Handset,Samsung,24A13B0DC5264758,2021-07-07,Active
AST634EA48B2D,CUST100097266,Modem,Nokia,D7344D556F4046AA,2017-05-14,Returned
AST3644080997,CUST100046818,Router,Apple,206BBF6D519F480E,2023-01-28,Active
ASTF3D50F034B,CUST100033242,Home Security Hub,Arris,ED7E9B9947534E89,2025-03-20,Decommissioned
AST18A45022EE,CUST100068950,Handset,Huawei,43273377DB7E4EE3,2017-08-06,Active
AST4161448412,CUST100087182,Handset,Samsung,7EC5AAA2CCE842B7,2018-09-04,Active
AST0FE1A2EF96,CUST100008604,Router,Samsung,9B77269C63264713,2023-08-22,Active
ASTB206AFD8C6,CUST100069175,Modem,Apple,91DE5DB3AF754E80,2022-02-24,Active
AST8DE91E695E,CUST100093924,Handset,Huawei,99E0599D43174E68,2024-05-12,Faulty
ASTB9EAA4615C,CUST100068312,Smartwatch,Google,3E3E725EFBEE44EC,2020-11-12,Active
ASTBC25A1831B,CUST100020859,Handset,Apple,6DD9260B609540B5,2025-03-24,Returned
AST0362BD6EE9,CUST100002109,Handset,Samsung,E7E8A7825C614796,2022-04-07,Active
AST1859212BE9,CUST100072988,Router,Google,CC5C0127BDC0445D,2020-11-28,Returned
AST6D734348A5,CUST100075516,Handset,Apple,6BECE3EE72A84DDF,2024-05-17,Active
AST6AF2204B82,CUST100013353,Handset,Cisco,BCBB753598AE43AD,2017-02-04,Active
ASTFED461AEAA,CUST100095759,Handset,Google,47920D4D0D504274,2016-12-30,Active
AST7F0B399996,CUST100015121,Home Security Hub,Google,F7B0660E72B14CCF,2020-06-01,Active
AST79D364E602,CUST100018669,Handset,Nokia,877A97BA4A5E4568,2024-04-13,Active
ASTC489342A83,CUST100064867,Router,Cisco,1D2EE8BDE10D4CA3,2018-08-24,Faulty
ASTDD76432161,CUST100091325,Router,Apple,1D5C70F9DC73427F,2023-07-06,Active
AST784C2DFC22,CUST100094797,Router,Samsung,FA581EAE076C4B58,2023-11-26,Returned
ASTCC1A9128A2,CUST100064777,Handset,Cisco,F29D83456D944574,2026-01-05,Active
AST2A765276A1,CUST100014206,Handset,Samsung,C74C1CF9D2F8477E,2024-03-13,Active
AST2C5C2F7B95,CUST100029382,Modem,Google,85549C7A85AE4410,2019-09-02,Active
AST449EC4BF2D,CUST100052534,Set-Top Box,Huawei,6D9AC5A41701436F,2025-10-21,Faulty
ASTA7EDFDD6F6,CUST100075641,Handset,Nokia,A28601D1F3EA48D6,2023-11-21,Active
AST3BC19F8455,CUST100045246,Modem,Nokia,5B29DED79A3D48A3,2025-12-23,Active
AST5C66159916,CUST100054256,Handset,Samsung,784DA2BD0F254A2D,2020-07-20,Active
AST34441B5A82,CUST100038903,Router,Apple,CF9A31002AA4498A,2017-03-14,Active
AST7214EA9D9E,CUST100054007,Router,Apple,1B699CB9211C4E36,2018-12-21,Active
ASTE0972906D3,CUST100062354,Handset,Google,2A3AFF5C108A4C27,2024-12-06,Active
AST4199F83769,CUST100096671,Handset,Cisco,43E3730053AC463F,2017-04-17,Active
AST7395E54A6E,CUST100018309,Router,Arris,5CE416B0ACD94FF6,2025-10-14,Active
AST6BED2D67A4,CUST100078772,Set-Top Box,Apple,2EA231A1B955451B,2021-02-08,Active
ASTF8F211FB70,CUST100053206,Modem,Nokia,D07FC1FD85B64292,2021-11-10,Decommissioned
AST18E1DE9659,CUST100024611,Router,Arris,541AEB6481064CB7,2021-08-12,Returned
AST74595F34F8,CUST100002093,Set-Top Box,Google,0313CB9C380E43D3,2018-03-04,Active
ASTC7A3BC6838,CUST100052701,Handset,Nokia,C150C24B0DC54CCA,2024-10-21,Active
AST20AF444FF3,CUST100017447,Router,Cisco,8C9559023A1C488C,2022-05-31,Active
AST63723C6719,CUST100015634,Handset,Cisco,1E4D11D5C7594658,2016-04-13,Returned
ASTE35CFA0864,CUST100024675,Home Security Hub,Apple,6F715E74569144D4,2021-07-03,Active
AST7D26AB5A64,CUST100048905,Smartwatch,Apple,EDEF48AB073A4A81,2026-02-28,Active
ASTAB0EE99995,CUST100027029,Modem,Google,C121CEA27C734BCB,2019-07-20,Returned
AST83DAA74077,CUST100065662,Handset,Arris,E1C4590AAD824594,2021-05-11,Active
ASTBB48D98E16,CUST100024798,Handset,Nokia,20D992C5928F4DA8,2022-12-19,Active
AST28E25A8D4D,CUST100046826,Handset,Arris,83E4BA1F1A2D4A4D,2020-02-05,Returned
AST6FAA0D45BE,CUST100052124,Modem,Apple,7732B95FB1CD49DB,2022-04-04,Active
ASTD52C3C352D,CUST100019412,Router,Cisco,7C283B18AE6B44B7,2016-09-26,Active
AST2D230E8C81,CUST100047122,Handset,Cisco,B191E6B73A9B4268,2020-08-22,Active
AST7126F5FB4E,CUST100022243,Router,Apple,AD0D994D7ABB40EB,2018-01-31,Active
AST707F3A1E67,CUST100069765,Smartwatch,Huawei,E71C98B851FC433E,2024-05-20,Faulty
AST79D126ABF0,CUST100030854,Router,Arris,25D0C1AF9F6C4133,2022-08-08,Returned
AST807E80102A,CUST100051521,Modem,Nokia,234DBE89745D4D11,2020-06-22,Active
AST309B0C563E,CUST100089459,Set-Top Box,Cisco,0118D1A22F514DC6,2016-02-18,Active
AST298545010F,CUST100061192,Router,Cisco,6B7910BA5C924643,2025-04-20,Active
ASTDF7AE047DD,CUST100094707,Router,Samsung,5A0AF6C956F744F3,2020-11-04,Faulty
AST9D90A4A489,CUST100060868,Handset,Nokia,8F03E95DD5754DFE,2018-03-08,Decommissioned
AST0F3F8167F4,CUST100068034,Handset,Cisco,C2C0B9FD00EB4DA5,2021-02-08,Active
AST1D0B37191E,CUST100090529,Handset,Nokia,5E246CCAA05E44FC,2024-09-18,Active
ASTF3EE84C513,CUST100055242,Smartwatch,Samsung,AE78836F2D7248C9,2022-11-20,Active
AST40717B7BB5,CUST100085525,Router,Samsung,6697DC166C1142FA,2022-10-09,Active
AST9FD4C7E235,CUST100085575,Set-Top Box,Apple,D50E0EC81D2648B5,2020-05-14,Faulty
ASTC3F561DAB0,CUST100028648,Router,Apple,CADFC042DE40456E,2016-08-21,Active
AST293801E7AE,CUST100016559,Modem,Arris,4BFE36FCA42E4AF2,2019-06-01,Active
AST4609C05339,CUST100014821,Modem,Samsung,41B8DD407C1E4A4C,2024-09-06,Returned
ASTA0C205B213,CUST100057414,Router,Apple,2F75350FAF254DCB,2021-06-24,Active
AST24ECE6C7BE,CUST100038313,Handset,Huawei,B259C5ECF2524844,2020-08-22,Active
AST639A088FC8,CUST100079552,Set-Top Box,Samsung,2C30084BEDBD492D,2025-12-03,Returned
AST9F77362628,CUST100071907,Smartwatch,Apple,8242F0E96DA24DC7,2017-04-23,Active
AST0D850FD662,CUST100050098,Router,Huawei,40F65D915A8243E7,2023-03-02,Active
AST3B375058B7,CUST100052523,Handset,Huawei,8C160F5065214DD8,2022-06-27,Active
AST745DDFD065,CUST100039373,Handset,Nokia,1FEAC4808C2249BE,2022-06-10,Active
AST3A6B601748,CUST100066534,Router,Cisco,57C365D8C1B94369,2024-07-06,Active
ASTAA5E4DFC0E,CUST100073772,Handset,Huawei,1AD5D79E81514689,2021-07-15,Active
ASTD4CA77115A,CUST100052383,Set-Top Box,Nokia,6456ACB98A3A421A,2020-07-14,Active
AST1301511534,CUST100008048,Set-Top Box,Google,AC11E77E917640B6,2022-12-06,Active
ASTF9D10B0A6F,CUST100043327,Handset,Arris,21D794382AB2487F,2019-05-02,Active
ASTBF6019E2BE,CUST100075051,Handset,Cisco,49E6285C86F64703,2021-08-20,Active
AST2C21A49E95,CUST100098411,Set-Top Box,Google,BEC9B8771EAE4654,2018-07-07,Active
AST76D780552C,CUST100028048,Handset,Google,3A66B99F96B14CE0,2018-10-13,Active
ASTD6FA521EDC,CUST100096079,Handset,Cisco,B64083BEC0384303,2023-09-12,Active
AST0018582BBA,CUST100087525,Router,Apple,4664AF569A5E4689,2025-03-11,Active
AST9DBE4910D0,CUST100048226,Handset,Google,259325EF16414310,2017-06-16,Active
AST297829B726,CUST100019594,Modem,Huawei,1C4DAC1C512140F1,2022-01-16,Active
AST07B85E04C4,CUST100080871,Router,Apple,46D486A0CFA54999,2018-09-24,Active
ASTC8FCD0414E,CUST100074672,Modem,Huawei,BA16FA688031470A,2024-03-10,Active
AST24178E5743,CUST100087450,Handset,Apple,635C05B119014BF3,2025-04-21,Active
AST52BC43D2CC,CUST100021802,Set-Top Box,Arris,B0073CC1A3AD4F51,2025-10-14,Active
AST65990FFA76,CUST100003895,Router,Huawei,E14C48C745AB4D33,2020-09-26,Active
AST5EBCAABC89,CUST100070143,Router,Apple,7DE3AFE407FF44BB,2020-08-29,Active
AST2731AA3BF0,CUST100098446,Handset,Samsung,1C3B7A4AE6564F4A,2025-05-26,Active
ASTB077301DBD,CUST100085966,Set-Top Box,Apple,7CD669194AB84595,2018-08-11,Active
AST919DF7ECFE,CUST100071134,Set-Top Box,Arris,D3B0C7C1DD7841D7,2016-02-18,Faulty
AST6A8B6FF185,CUST100065688,Handset,Huawei,CC493F7831E74392,2018-08-19,Returned
AST45CE5E1C68,CUST100090028,Router,Arris,190FB746DDF64E0C,2020-07-05,Active
ASTEEF10B983F,CUST100067914,Handset,Cisco,2A95A5265B3649AB,2023-07-11,Active
AST85D057EC9C,CUST100088886,Handset,Nokia,F38072548F8448B6,2026-03-02,Active
AST32B01832B0,CUST100009805,Set-Top Box,Apple,BBE1B7F953594358,2025-02-10,Active
AST17882A3658,CUST100005328,Router,Arris,5531767B19B54A25,2023-04-15,Faulty
ASTC744AF7A94,CUST100079838,Modem,Google,DB0B9279E4844A0E,2022-02-10,Active
AST9A8BBD866E,CUST100015428,Modem,Huawei,1E5BBFB008A44890,2017-06-04,Active
AST0CF06DE4A9,CUST100047037,Handset,Nokia,AF65CF9471524944,2020-12-06,Decommissioned
ASTE53D42B214,CUST100009323,Router,Google,8CFCC29231A248C9,2018-08-01,Active
AST0125A02817,CUST100091835,Router,Nokia,2D576D6B102841A3,2026-06-07,Active
ASTA1BDD70DDD,CUST100000069,Handset,Samsung,BC55A76333B94485,2019-02-10,Active
AST08D46B5669,CUST100018624,Handset,Cisco,E17F1613B9A14397,2016-06-12,Active
AST1A0D6B7C6D,CUST100034517,Set-Top Box,Arris,A11CE615A6A04C2D,2019-11-19,Active
AST0637665D6A,CUST100097019,Handset,Google,224CFEFDF3D1468A,2022-07-26,Active
AST71D81E65BA,CUST100034604,Modem,Huawei,609A487769024864,2025-09-08,Decommissioned
ASTD8816BD6AB,CUST100090781,Handset,Huawei,5BE2168C4E7F49D2,2025-07-28,Active
ASTB91A2C5544,CUST100095327,Modem,Google,63F4738873CC4CB6,2020-03-13,Faulty
AST63F68FC624,CUST100023428,Handset,Huawei,21FB20F1AA834E5A,2021-07-22,Active
AST2D6689AEE3,CUST100040771,Home Security Hub,Cisco,EC0C1A0A62C14FE0,2016-10-14,Active
AST58B4D9F67F,CUST100058049,Handset,Huawei,18862E540FE149EE,2023-10-12,Active
AST1DFE82CE3F,CUST100069798,Smartwatch,Arris,B62B42330E514C5A,2019-01-16,Active
AST5491EACCE5,CUST100018069,Home Security Hub,Samsung,AA43AA8A8F9E4D4A,2024-05-05,Active
AST91B5096F3B,CUST100055869,Set-Top Box,Arris,FAB2EA87010A491C,2017-08-21,Faulty
AST488DB58A8C,CUST100066691,Router,Huawei,47CD73C8A2594566,2017-11-06,Active
AST989E013641,CUST100000358,Handset,Arris,DFA4C1C5BCAA4F48,2026-05-06,Active
AST87EBCB69AC,CUST100069143,Home Security Hub,Nokia,440A37DD89834D8F,2017-01-17,Active
ASTB25CC1C50C,CUST100033368,Router,Huawei,7018564589AF4FCC,2024-06-22,Active
ASTB1FEDD92A2,CUST100072102,Handset,Apple,B01E8B20D1484E26,2016-05-08,Active
AST348F09F8D1,CUST100003810,Handset,Cisco,2700DC54D43E4EBB,2025-07-12,Active
AST8843DDAE9A,CUST100097565,Router,Nokia,5D376CA87CBA429C,2020-07-06,Active
AST672206EBAE,CUST100095569,Handset,Cisco,0472509FA81E43BA,2021-02-11,Active
AST460833D040,CUST100001677,Set-Top Box,Cisco,8F55302CF260420B,2026-03-30,Active
AST8740EAF55D,CUST100019751,Handset,Apple,FB7B86B5B00A4E34,2019-04-19,Active
ASTFD55526356,CUST100030286,Modem,Samsung,1FD613E869D6442D,2021-08-21,Active
AST934BB6A5C7,CUST100099042,Handset,Cisco,866FEF29BAA9480B,2024-01-17,Faulty
AST015BA824BC,CUST100076760,Modem,Huawei,28CDCCB7C867408E,2017-03-10,Active
ASTE0AE025C0E,CUST100063234,Home Security Hub,Nokia,ECF8CBAA1BD049E8,2024-08-31,Active
AST582E0B5012,CUST100088319,Modem,Arris,004937E7B6CF4BA3,2024-05-16,Active
AST95AD6EA328,CUST100039147,Modem,Huawei,F2D60C6F481F4EF6,2022-08-22,Active
AST3864130DDD,CUST100084859,Handset,Nokia,43C1BB99C1DA4BDC,2018-03-13,Active
ASTAD23D30BBF,CUST100091918,Handset,Huawei,E51C0407CF4B4F10,2017-11-11,Active
ASTF3CBF56C96,CUST100028044,Modem,Huawei,E9F147D268F641DA,2024-09-06,Active
AST5630FAF608,CUST100042111,Set-Top Box,Apple,A7BA28F3136D487F,2024-03-21,Active
ASTE563370E80,CUST100089629,Router,Nokia,3E0DE6379D114DFC,2021-07-25,Active
AST3AC363C3E8,CUST100050432,Handset,Nokia,039F46798DF64AEE,2016-02-19,Active
AST8D706C01B5,CUST100020324,Handset,Cisco,2F69A70E61674035,2019-02-06,Active
AST0B6013A8C1,CUST100065742,Set-Top Box,Arris,DF7D045DA8984D59,2017-12-09,Active
ASTEEBE231E08,CUST100011810,Modem,Cisco,429C033433124E5D,2026-04-27,Returned
ASTB2A6D3CF2B,CUST100019599,Smartwatch,Google,B05A84F2460244C2,2020-02-18,Active
AST16FD0EBEF5,CUST100047453,Router,Nokia,8497A182059B4B63,2018-04-28,Active
ASTFBA7D18808,CUST100003276,Handset,Apple,81C939868F4E4912,2016-12-12,Active
AST2F9FC46ECC,CUST100046424,Handset,Huawei,5AD75A9D4555400D,2025-04-02,Active
ASTA305987B1F,CUST100095188,Router,Cisco,DC610F1DAB944C1E,2022-12-28,Active
AST3F1EC8C5AD,CUST100076297,Router,Nokia,BE176CDE13604987,2024-01-01,Active
ASTC7E7D3AF03,CUST100011087,Handset,Nokia,4BF40172018C4EE8,2022-08-16,Active
AST1533572A4C,CUST100040198,Handset,Apple,D8DF2587B7B4422A,2023-02-16,Active
ASTECC5CD2ED2,CUST100038734,Home Security Hub,Nokia,B3DBB3ACBF42478C,2024-02-10,Active
ASTA519D7C3D9,CUST100042501,Handset,Samsung,B23EA848142B491C,2022-09-02,Active
AST64A399149A,CUST100013995,Smartwatch,Samsung,13A166AB923642A0,2016-09-27,Active
ASTBE6815A1A4,CUST100010787,Set-Top Box,Nokia,369A4511C26B4BBB,2021-01-02,Active
AST8C144FF030,CUST100010786,Handset,Arris,4FC35F68203A45A3,2019-04-20,Returned
AST7FD679C892,CUST100055974,Smartwatch,Cisco,01D0BE67ED5A4504,2023-10-11,Active
AST9A367EA2A4,CUST100031166,Modem,Cisco,D407A7881ECE48FF,2016-10-10,Active
AST4A715C49EB,CUST100033226,Router,Nokia,6FA6E707CFA24C9B,2021-01-02,Returned
ASTF5E1D56986,CUST100090121,Handset,Huawei,F7F94CCAAFA24FEF,2016-01-06,Faulty
AST2B79B362B4,CUST100075721,Handset,Arris,CCFBF251ED784FC7,2021-09-20,Active
AST1F7AF1FFF4,CUST100037978,Router,Huawei,E5C6D84DC79A4672,2023-03-19,Returned
ASTB796F30BAF,CUST100034241,Router,Samsung,0C6B0EF94143480F,2022-01-28,Active
AST5DF4C9DB55,CUST100012524,Handset,Arris,8692B2F5E7564B31,2026-03-26,Active
AST51D045BD4C,CUST100021508,Router,Arris,17E74978BDB74A04,2025-02-18,Active
AST3289EE12FD,CUST100055511,Set-Top Box,Samsung,9692BDAE73AA4E84,2019-12-10,Active
AST2D21B9995A,CUST100042159,Router,Arris,60E1316C87E540FE,2020-10-22,Active
AST4010D867CB,CUST100034314,Router,Samsung,47645ADEBBC6403E,2026-04-23,Active
AST7D4D6436F0,CUST100091179,Handset,Apple,31B19170867448F9,2021-08-28,Active
AST7FF512FAFD,CUST100004912,Router,Arris,BE544B28EB3A4EE5,2023-01-01,Active
AST7DB83C8B99,CUST100010162,Handset,Cisco,09BDC42BC03B494C,2021-05-22,Active
ASTD647BD5FDF,CUST100060568,Modem,Huawei,8F505FD0E9AB42FB,2025-11-28,Active
AST2D40BBA085,CUST100094170,Router,Nokia,C3C34261640044B9,2022-03-25,Active
AST78332EFCBE,CUST100060839,Set-Top Box,Huawei,116D96E6AB1E4E5E,2025-09-13,Active
ASTC8BDF982CE,CUST100042940,Set-Top Box,Samsung,5E0A6C56251A4341,2020-05-09,Active
AST69533A7A94,CUST100018263,Handset,Huawei,C3509CDAE0F84EEC,2018-09-29,Active
AST516343635C,CUST100043641,Handset,Google,E8348900D8F948CA,2017-09-26,Active
AST747453B05F,CUST100003149,Handset,Cisco,86D9F0D81808465E,2018-08-25,Active
AST50A6228539,CUST100040583,Handset,Cisco,A668C529850140B6,2018-08-06,Active
AST4B89471090,CUST100046210,Handset,Nokia,85D5E8F129AA4CAF,2025-11-24,Active
ASTF3503AB56D,CUST100013827,Modem,Apple,D39C4D460A904413,2023-08-10,Active
AST1FC0D25CB2,CUST100017746,Handset,Huawei,EC944FDD38EE4437,2019-11-29,Faulty
ASTF88F9718A4,CUST100099967,Modem,Google,62453C2F1B2B4A29,2017-10-01,Active
AST7579C9DCF0,CUST100007169,Set-Top Box,Apple,AD49DEE0B38F48A2,2021-03-26,Active
AST1EA3D5932F,CUST100080587,Modem,Cisco,35921D1ADA9546E1,2023-09-14,Active
ASTC7F136F8A7,CUST100099654,Handset,Nokia,7DA34CEE47B74117,2019-02-16,Active
AST2DB2136596,CUST100001813,Handset,Huawei,FDAFCB3CA94D49F5,2018-11-30,Active
ASTA5CE2E1605,CUST100002830,Handset,Samsung,AD8FB2FE3C3A4CCD,2025-09-12,Faulty
AST7D0A5B8404,CUST100007323,Modem,Huawei,2C5E0754FB9644D2,2018-11-26,Active
AST60DAEE8482,CUST100071574,Modem,Cisco,BCBBAE7EF84F4932,2023-10-13,Active
AST67B46CA5F7,CUST100039019,Modem,Nokia,1B2DA23B1B8C45E0,2026-03-13,Active
ASTB254C6EC4E,CUST100080278,Modem,Arris,9D4FF9B397084D7C,2016-03-13,Active
AST1904769BE3,CUST100018520,Handset,Apple,D73AD2EEEF3E465E,2025-04-30,Active
ASTE9641A979E,CUST100084300,Handset,Arris,665075D75B524DC2,2024-01-15,Active
ASTDCE18BEB84,CUST100026154,Handset,Apple,E17C910618B44764,2024-09-22,Decommissioned
AST0C9E82A2C4,CUST100097155,Home Security Hub,Samsung,72B8C8F65BC34B5A,2018-08-12,Active
ASTF7CFDBD1EB,CUST100016465,Modem,Cisco,B5EC3F9320894B2B,2020-05-18,Active
AST313B360795,CUST100064116,Handset,Google,C32C4CC3529D469A,2026-06-01,Returned
AST072B68DF40,CUST100028682,Router,Arris,D8ACF8A55E6A43B3,2020-04-14,Returned
ASTBC03E4039F,CUST100057165,Handset,Huawei,4BE97FE0C3324409,2022-10-03,Faulty
ASTD83C43434B,CUST100050219,Router,Nokia,394A651899DE403B,2016-06-05,Active
AST59BA0E073B,CUST100064898,Handset,Nokia,AD356B6BB590491F,2017-06-13,Active
ASTF1FF4724BA,CUST100082911,Modem,Apple,142343CF4D9B4070,2019-09-18,Active
AST0D9EBD56E7,CUST100051074,Handset,Apple,E8BCCCEE353F450E,2022-01-08,Active
ASTDD14E4DC55,CUST100099095,Home Security Hub,Google,941C27C0690C4A2C,2025-09-14,Active
AST34747099D0,CUST100067523,Set-Top Box,Huawei,1CF0522B79C04E64,2020-05-25,Active
ASTEC8DFBE2C2,CUST100048722,Smartwatch,Google,B011C96321AD487F,2025-04-07,Active
AST91F7684671,CUST100013698,Handset,Google,F568B7B606BD4CCE,2026-05-31,Active
AST712D6AC53A,CUST100089836,Handset,Cisco,EAB65EB447AE493E,2022-07-13,Active
ASTC9AEA4C63D,CUST100005019,Router,Huawei,A093087FBE8D4EB0,2020-09-11,Active
ASTC46B7610FA,CUST100099086,Modem,Huawei,B729CC8BF3694B73,2017-07-25,Active
AST2CD7F46BBD,CUST100056603,Router,Huawei,A879FEBDAFA9473C,2016-12-11,Active
ASTFD51E96052,CUST100074140,Handset,Arris,E1C7B757BFA14A7E,2021-02-17,Active
AST2899D3BE72,CUST100045479,Modem,Apple,2AF58E7851204DCF,2025-09-13,Returned
AST01D78209B3,CUST100014672,Router,Nokia,ADE8CEA4DE9C4BB5,2021-06-21,Active
AST23161B0A4C,CUST100027270,Set-Top Box,Apple,51A4F19DF2B0486C,2025-08-22,Active
AST41EDE49AE2,CUST100044577,Router,Arris,FCA79B9EBDB24DBC,2024-08-29,Active
AST3B0DDCACE7,CUST100074502,Modem,Google,4F2BCE6D5CA44E65,2016-04-22,Active
ASTF0B63D22DC,CUST100067002,Modem,Arris,E45E294186EA4102,2021-12-14,Active
ASTCBB7F48502,CUST100061234,Modem,Samsung,DF4447D6D1C24333,2019-02-02,Active
AST896350C96E,CUST100070446,Router,Apple,4E977DE8EBEF4460,2026-01-28,Faulty
ASTEB5BE196EF,CUST100089242,Handset,Apple,5E1533C4930A495B,2020-11-02,Active
ASTED21424028,CUST100067052,Handset,Samsung,93FDD37E995C43A8,2024-02-11,Active
AST45A878B587,CUST100019209,Handset,Nokia,F05C35868AFE4875,2025-12-31,Active
AST40170B31C7,CUST100072538,Router,Samsung,BCF0F2A9958B4DC6,2023-08-30,Active
AST93ACA5B95C,CUST100095349,Handset,Arris,D7D9AF2CDEFE4272,2017-01-04,Active
AST2A0CC004F8,CUST100070196,Handset,Huawei,ED81FD14AFCF46D3,2022-09-19,Active
AST61999DF5F6,CUST100012767,Modem,Samsung,B0513DF773394CE0,2020-01-16,Active
ASTD19521A967,CUST100006009,Router,Huawei,F275C52754D6406A,2020-01-05,Active
AST05DDEAF9E9,CUST100039225,Handset,Samsung,BA04FAC70557425B,2023-03-16,Active
AST4E3270BD7A,CUST100043026,Set-Top Box,Apple,44A6D52F50B547D8,2024-05-13,Active
AST1993E47221,CUST100001308,Smartwatch,Google,284163D67E774154,2023-04-04,Active
AST74A85F5D5C,CUST100086192,Handset,Apple,1D3674DA45B84E75,2017-06-29,Active
AST8721FCB99D,CUST100061585,Handset,Cisco,C31B190A3BD7430F,2017-05-01,Active
AST5F80A445F1,CUST100053441,Router,Google,5C8DC16127254F41,2020-05-12,Active
AST458976AA68,CUST100003118,Modem,Google,CA21809C2A9349B7,2023-10-20,Active
AST6B59AD0B03,CUST100014657,Router,Samsung,B912A8900D8044AA,2022-10-16,Active
AST2CF3799E37,CUST100071564,Router,Arris,92D4EE4741EB4BB3,2026-05-29,Active
AST0FF4EAAE26,CUST100099188,Handset,Cisco,88FBC9555551468E,2022-12-09,Active
ASTAEBC24F4C5,CUST100085217,Router,Arris,06F21358287140DC,2024-11-11,Active
AST25FCB7A4CB,CUST100020183,Handset,Cisco,87F8C1A53FFC4226,2022-11-05,Returned
ASTCF03DCF136,CUST100006207,Home Security Hub,Nokia,A73550510B7340B7,2026-06-13,Active
AST8CAA957424,CUST100077982,Set-Top Box,Apple,D1A5EEB5996746CF,2025-06-04,Returned
AST221CE580D9,CUST100014292,Handset,Apple,0B4AA530EF514190,2023-12-02,Active
ASTBD47EE61E1,CUST100024823,Router,Samsung,0942193E9C564EF6,2024-05-24,Returned
AST2F9C7DEF9E,CUST100007209,Set-Top Box,Nokia,F80B4B0AC3774A89,2018-11-21,Active
AST7B2E2C37FD,CUST100073505,Smartwatch,Apple,BE3C4415E1CB46C4,2023-09-06,Active
AST0234FB682F,CUST100038046,Router,Apple,0CD32DF7E6CA4D8E,2023-10-04,Active
AST91F83D5B4D,CUST100036940,Handset,Apple,AAC9744A9BB34CA1,2020-05-08,Active
AST2D3FA4119C,CUST100092560,Set-Top Box,Apple,AD34E6773B7D4714,2018-07-01,Active
AST9D2769F37F,CUST100008086,Set-Top Box,Cisco,62290537584D4663,2026-02-26,Active
ASTB21B0BAAF9,CUST100084395,Router,Google,2D07B08C83F84F80,2022-12-29,Active
ASTCA47419579,CUST100013153,Modem,Samsung,6147046A014D43D1,2017-06-27,Active
ASTE14836744B,CUST100094582,Set-Top Box,Arris,F5394E25D94B44CB,2020-08-21,Active
ASTE5B7B428A5,CUST100068942,Home Security Hub,Samsung,5A0158E8945849A5,2026-04-21,Active
AST6D58E8EE5B,CUST100076996,Modem,Apple,5C2E9B5761BF4134,2016-01-05,Active
ASTD930CEDB39,CUST100011064,Handset,Apple,420733AAAC924C97,2021-06-12,Active
ASTD31FB55DDA,CUST100026977,Home Security Hub,Cisco,E3367BA986684DCF,2023-10-27,Active
AST0142A47987,CUST100021611,Handset,Arris,AB9777B6CAF64D23,2020-11-08,Faulty
AST602BC45954,CUST100014834,Set-Top Box,Google,ADA26E07D4CD4C7B,2023-09-21,Active
AST57D8F082F0,CUST100088598,Router,Arris,A5BDF34EF1BE4020,2020-08-02,Active
AST62A345622C,CUST100061837,Handset,Nokia,4D0C3B7CDB364554,2024-03-04,Active
AST4AFE36ACFF,CUST100073373,Handset,Huawei,568B71EF25274686,2024-10-01,Active
AST2E2C35B8E9,CUST100054658,Set-Top Box,Google,5C85B8CA3C224EC5,2020-01-30,Active
AST178488C9D7,CUST100019881,Router,Apple,2522EBD98858433F,2021-01-27,Active
AST2B5C4831AF,CUST100040970,Router,Arris,1745E28071AF4A03,2017-02-17,Active
AST687F682759,CUST100084634,Set-Top Box,Samsung,789D440E7A204043,2017-10-04,Active
ASTDB935B54A8,CUST100037224,Router,Huawei,0CFE0B57C209438A,2023-07-08,Active
AST82E1C252ED,CUST100087903,Modem,Huawei,525285D5EDB04F62,2024-10-10,Active
ASTBC311EDF81,CUST100080433,Smartwatch,Apple,E6C1BE5CE4884767,2016-01-10,Active
AST14AB484798,CUST100050286,Handset,Arris,F26AB93D8EE84818,2023-08-04,Active
AST309BB00631,CUST100092761,Handset,Apple,A9259FD78ECC4191,2023-03-13,Active
ASTE98422617B,CUST100096735,Router,Cisco,97D1FEFB39F34A6D,2018-09-09,Active
ASTAF30FD8CF6,CUST100085468,Handset,Arris,CF05B084F7B94280,2018-08-23,Active
AST7E9535F723,CUST100094737,Modem,Samsung,458545CE88FA4A2E,2025-09-07,Active
AST833B1ADACD,CUST100050024,Smartwatch,Arris,13C42F2642514BFF,2020-01-11,Active
AST1ACAAD1B3F,CUST100056176,Modem,Huawei,6CD707C045814882,2022-11-13,Returned
AST9154DBF8B4,CUST100018870,Set-Top Box,Google,7A7D8A507C0244D7,2017-01-15,Active
ASTFC4616C60D,CUST100095580,Router,Nokia,99272FCD375C4C6D,2022-09-18,Active
ASTF60055CB5F,CUST100067989,Handset,Google,69288DC0815A4F82,2016-02-23,Active
AST7392F92426,CUST100070773,Handset,Samsung,010EE87EB48247DF,2018-07-07,Faulty
AST0281D35B60,CUST100062163,Modem,Huawei,E037C15AE43C48CA,2025-06-17,Active
AST18473596CF,CUST100092997,Router,Apple,A161633DE6B2403E,2022-09-07,Active
AST46341DBADF,CUST100014247,Handset,Huawei,4E33EACBDBA042A3,2016-10-24,Faulty
AST8409CC269B,CUST100007918,Router,Arris,D3A5DC6CCA4148B8,2022-09-25,Returned
ASTC9E8EAADB9,CUST100028606,Modem,Nokia,DFE48C098DBF4E4D,2023-04-10,Active
ASTB823739A12,CUST100043353,Set-Top Box,Huawei,F1E2787F0632497D,2021-11-14,Active
ASTD00334B766,CUST100073486,Set-Top Box,Apple,64BE7C262A2F4128,2025-07-13,Active
ASTC41817DECD,CUST100038341,Router,Huawei,A7736158F4AA49DE,2020-09-03,Active
ASTED9AF935EC,CUST100009646,Modem,Huawei,5BABDE46521A47DC,2021-06-25,Active
ASTEDF8173ADA,CUST100090374,Handset,Google,A13314AEFD104EE2,2021-05-22,Active
ASTE9767AED8B,CUST100011172,Set-Top Box,Cisco,F28EDABEA3C34435,2016-08-08,Active
ASTB3DA86E371,CUST100039704,Handset,Nokia,7EA81E2E013B4922,2021-09-19,Active
ASTDA2AA8AD66,CUST100067677,Modem,Samsung,EA0996536B164D92,2017-10-29,Active
AST8990B18FE5,CUST100095174,Handset,Arris,B2FD120454314ACD,2024-03-04,Active
ASTFA90D6A565,CUST100087598,Handset,Apple,7111B073D3D6447A,2022-08-14,Active
AST6C738CAD97,CUST100051715,Router,Huawei,E31CF3FBE6254B70,2022-10-31,Active
AST0B08A950B0,CUST100028177,Handset,Samsung,F28A3CC6CCA84943,2017-08-04,Active
AST0654014BFD,CUST100092135,Modem,Google,C0915ECBEB004FD5,2018-10-18,Active
AST5169262A65,CUST100057404,Handset,Google,24482FBABE9142AD,2021-03-01,Returned
AST5CD2334F5B,CUST100021257,Set-Top Box,Huawei,67AE817589E442BC,2024-12-10,Active
AST764BBDC019,CUST100066344,Set-Top Box,Arris,6DE79B15B7FB4A2E,2017-03-18,Active
ASTBF38F6A8ED,CUST100005878,Handset,Arris,50FDC26718DC471B,2017-04-18,Active
ASTF1801BF821,CUST100021735,Handset,Samsung,2E2A17B8455A45B1,2025-05-26,Active
AST529F3519CF,CUST100023703,Smartwatch,Apple,DB45ED4E5E674C81,2016-03-06,Returned
AST877852CABB,CUST100027087,Router,Arris,F86F5B5B52244B8A,2019-09-28,Returned
AST457B58767D,CUST100088433,Router,Arris,8EC5745BA1714978,2019-06-17,Active
ASTD6989F95EC,CUST100021602,Set-Top Box,Huawei,97167D50D217454D,2025-02-25,Active
AST369D0EF197,CUST100065018,Set-Top Box,Cisco,032C710CC24F403C,2024-09-02,Active
ASTB81BE9AC2F,CUST100020797,Handset,Apple,3EC6D67622E547B1,2020-07-03,Active
AST62D1424948,CUST100068173,Set-Top Box,Arris,846FADC95AEB4A96,2023-08-06,Active
AST03114637F7,CUST100005425,Handset,Huawei,278D2075FAD14A12,2019-12-11,Returned
AST98939611EA,CUST100064168,Set-Top Box,Cisco,5BB8B828527A4689,2018-08-28,Active
ASTD3B8AD2F62,CUST100069635,Home Security Hub,Nokia,FD584CF24FA744E6,2025-08-08,Active
ASTBAC396DECD,CUST100020036,Modem,Samsung,3107E9130A994ECE,2021-11-02,Faulty
ASTF60A4BA918,CUST100079402,Router,Huawei,798F37BEFB0245FC,2024-10-19,Active
ASTB82DD05434,CUST100017305,Modem,Nokia,4D65FD9455A24DAE,2019-05-27,Active
ASTB7D99148CE,CUST100022517,Router,Nokia,0D47ECD9E41449AF,2025-04-17,Active
ASTA26F20B716,CUST100009160,Handset,Samsung,2AC04B876D274DDA,2022-02-10,Active
AST4A7D4EB272,CUST100092572,Handset,Huawei,5D3D58BFD6A64A84,2022-04-07,Active
AST7ADBAE98BB,CUST100082050,Router,Apple,13443D4B55894DF6,2022-02-12,Active
AST9372BC628E,CUST100014001,Router,Nokia,2D649F68DC3E4BB4,2021-06-20,Active
ASTCA94DD7E7F,CUST100051410,Modem,Google,DFEBD0615A364C2A,2018-08-02,Active
ASTC63EB814BA,CUST100079407,Router,Cisco,E7DE90DA392A490A,2016-04-21,Active
AST0D241B4750,CUST100089008,Handset,Apple,C096CF98ADF943F2,2021-11-11,Active
ASTA966133D7C,CUST100098628,Modem,Samsung,36AF8FAC9DDB478F,2025-02-14,Active
ASTF29B1035D2,CUST100047357,Modem,Samsung,04211B4183E045FD,2018-04-25,Active
AST2264ED8F7A,CUST100061901,Handset,Huawei,4FFCBFE744FE47FC,2023-07-22,Active
AST6098E3F04B,CUST100034829,Handset,Google,64E4A0F2C345476A,2025-10-24,Active
AST8F57E5A977,CUST100058522,Handset,Nokia,9146BF68A8E5411C,2019-04-02,Active
ASTB2128E2BF4,CUST100093953,Handset,Arris,19C8391B786941B0,2018-12-08,Active
ASTE1FE9715F7,CUST100031083,Router,Samsung,F6A20EB833644A2F,2019-07-03,Faulty
AST6FFD2950CA,CUST100010631,Router,Cisco,38CD0227D26A4536,2018-07-31,Active
ASTD5CB50164E,CUST100061739,Router,Samsung,236376B1A52F45B2,2017-05-12,Active
AST24DA33DFCB,CUST100039537,Handset,Nokia,95A92B9749434328,2020-05-27,Active
AST890A0C85F2,CUST100007030,Handset,Google,234E8A63C3CF4B93,2016-12-01,Active
ASTC0459BF766,CUST100045966,Router,Cisco,5A7FABF093A344E0,2024-12-13,Active
ASTDEF968B0D3,CUST100019544,Modem,Nokia,D7D3560F4F5C44EC,2020-01-30,Active
AST2D10E93AE1,CUST100023412,Modem,Nokia,098111B821E44F30,2023-03-22,Returned
AST32747465A4,CUST100010325,Handset,Huawei,758973D5C2F54D39,2018-05-25,Decommissioned
ASTC5A301EEBA,CUST100061381,Handset,Huawei,E66D5306DFB84931,2017-05-04,Active
ASTEC5082E236,CUST100066601,Handset,Cisco,7BD5C13C4B1C4FBC,2022-03-22,Decommissioned
ASTEF588804CF,CUST100083556,Handset,Google,9E63A9DFD4CC4ECC,2016-04-21,Active
AST75D7442942,CUST100024790,Set-Top Box,Samsung,306427F628CE4D9C,2024-10-24,Active
AST48CD7F7FE8,CUST100053180,Handset,Huawei,FDEF5933BADD4F31,2021-06-18,Active
AST61E314A351,CUST100002558,Handset,Apple,9A400B4B043F40F5,2024-03-31,Active
AST6CB89F4F7C,CUST100038576,Handset,Samsung,35F6C6A450014713,2024-09-04,Active
AST7FDE2FA1DF,CUST100065367,Set-Top Box,Huawei,626B0D8310684C9F,2024-09-24,Active
AST944AB5B206,CUST100063264,Set-Top Box,Apple,FADDDEFE23734995,2021-11-09,Active
ASTA147A424BB,CUST100024169,Set-Top Box,Nokia,DAC3D2ED7E724871,2020-07-04,Active
ASTCC84A1DEED,CUST100014994,Router,Apple,5081E4D9CB3D4D16,2020-07-24,Active
AST6C6AB24B0C,CUST100012643,Handset,Apple,1231F3DA660348E1,2026-04-28,Active
AST3BD61ADD6D,CUST100077373,Modem,Nokia,D32B148812AB4BFD,2019-01-04,Active
ASTCB9AD38C0D,CUST100031603,Modem,Nokia,0C79C5B869F54DFA,2021-06-15,Active
AST0A271C22EB,CUST100020447,Router,Arris,9F45ED3E4CB9465F,2017-02-17,Active
AST681B2A213A,CUST100055255,Router,Nokia,CA3264860C2B4F51,2024-10-25,Active
ASTBF65F341CA,CUST100028700,Modem,Arris,1824E0456D404188,2025-10-07,Active
AST2EB6F054C2,CUST100046781,Modem,Nokia,E24993571D5B40B8,2020-04-07,Active
AST835ABE7A3A,CUST100077875,Router,Google,6B40044CC65D4A59,2022-07-26,Active
ASTA41F1D1C1A,CUST100090012,Set-Top Box,Arris,64E1378D11224482,2023-02-12,Decommissioned
AST4C41E8C22C,CUST100058876,Set-Top Box,Cisco,27DF42C2ECB54D9C,2026-02-28,Active
ASTA8618074A8,CUST100012695,Modem,Huawei,DD4389D20D9A4B47,2020-01-04,Active
ASTA7759426C7,CUST100083925,Handset,Arris,E77E9D89404B4641,2025-11-18,Active
ASTD128CDCA68,CUST100048243,Handset,Samsung,0B46B71BE7C44C53,2022-06-29,Active
ASTFBF60AE227,CUST100021838,Modem,Samsung,F603109B226B4CBA,2016-09-14,Active
AST5A0E16F431,CUST100095319,Modem,Samsung,0601299EE3514B00,2019-03-10,Returned
AST854F5587A4,CUST100057889,Router,Cisco,4F7140E66DF24BD4,2022-04-13,Faulty
AST881D607D1F,CUST100093234,Handset,Huawei,162BBD2658444AF2,2017-10-24,Active
ASTFCF9B0CF92,CUST100064100,Handset,Apple,235EF16ABFBD4BB7,2023-12-12,Active
AST1833B23835,CUST100085980,Router,Arris,340E9F7466844714,2023-05-09,Active
AST8900F32323,CUST100007496,Modem,Samsung,268455591F344130,2023-04-09,Active
AST5166B9B513,CUST100074350,Handset,Nokia,DE71898905174918,2019-06-17,Active
AST98A2399457,CUST100051970,Router,Huawei,712FED5A23FA4578,2025-01-07,Faulty
ASTD7BD3F1DAB,CUST100030298,Handset,Apple,3BF6061A49604DFF,2025-01-23,Active
AST507DE21D20,CUST100020037,Router,Nokia,2B68B8F3C46E4C18,2019-07-08,Active
AST05A2148F08,CUST100060259,Handset,Nokia,80D68B5F24134C9B,2019-03-28,Returned
ASTCD72D74E12,CUST100093244,Handset,Arris,4659F8F5EBBE43FB,2022-04-06,Active
AST4748CFB98D,CUST100048311,Set-Top Box,Samsung,B37A2A497EA24852,2020-11-10,Returned
ASTE330B9D9B3,CUST100099744,Modem,Samsung,8C526715EC4C4B04,2016-01-22,Active
ASTD7F0944390,CUST100090809,Home Security Hub,Nokia,395EB38A146E4C12,2018-02-27,Active
AST62B65BF165,CUST100038955,Router,Nokia,76E03FEEFFA24875,2021-10-08,Active
AST5A5C8F0EAB,CUST100065121,Set-Top Box,Samsung,EB792CE01E5D4252,2025-03-02,Active
ASTCC8B005968,CUST100047901,Handset,Google,5F6608A402764EBF,2024-02-02,Returned
AST7A87F798B8,CUST100035600,Set-Top Box,Samsung,92730DAACA1A4E07,2022-04-03,Active
ASTF12311DB75,CUST100089187,Home Security Hub,Nokia,FFE0A2C93E714C1F,2024-10-09,Active
ASTCE549AAA93,CUST100087417,Handset,Google,9592075808594F65,2016-07-23,Active
AST3F9C2FAE31,CUST100070344,Set-Top Box,Cisco,45B2711E008E476D,2017-12-17,Active
AST52C8DDCA64,CUST100098004,Modem,Arris,76E4732DA86D43AD,2020-03-18,Faulty
AST191B388720,CUST100066130,Modem,Cisco,AB56A8FFEB494E81,2023-03-01,Active
AST4888186428,CUST100046188,Handset,Nokia,ED826B4E0F60420D,2018-10-31,Active
ASTB4F88C0CA7,CUST100096410,Handset,Google,B802CC13546F4B11,2022-01-20,Active
ASTBEB233AE17,CUST100024620,Handset,Huawei,FCEC39530D9B4275,2021-01-09,Active
ASTD76EB95B69,CUST100050664,Router,Samsung,30A3914AA4394A38,2019-02-18,Active
ASTE277DF1B94,CUST100032542,Router,Google,D495B77FEE5A4B6E,2025-01-29,Active
AST4940D2AD37,CUST100081862,Handset,Samsung,B1824FFC9E3C42E0,2026-03-19,Faulty
AST6CC85DD9A3,CUST100085119,Set-Top Box,Arris,F267F16E482743E7,2020-08-03,Active
AST12C51FE433,CUST100077113,Modem,Cisco,463D442F4CAA4BCA,2023-09-26,Active
ASTCDD657345B,CUST100048639,Modem,Huawei,A695956FC7C8401E,2019-05-05,Active
ASTD2F95AE924,CUST100037569,Modem,Apple,A8392408AA1E433A,2017-07-13,Faulty
AST9D9156FDA8,CUST100084311,Set-Top Box,Huawei,D591BE97FCD746FE,2020-11-07,Active
AST337C539FFB,CUST100007972,Router,Apple,7AFEA088D3C94D80,2021-12-30,Faulty
AST369CD5561C,CUST100032150,Home Security Hub,Nokia,1E5D68D2CFC843B7,2020-11-29,Returned
ASTBCD443C6FA,CUST100079849,Modem,Apple,AF00BA38DF954AB5,2018-11-11,Active
AST3B3C29EADE,CUST100046870,Handset,Cisco,BF45EB630AD841DF,2018-01-14,Active
AST2230A9D440,CUST100009595,Handset,Google,54AE836471C44FAC,2016-12-26,Active
AST58FD8A6701,CUST100028925,Home Security Hub,Nokia,42493AF464E24A34,2017-07-31,Active
AST9E43B2DA83,CUST100080561,Router,Huawei,5AC1D4D7F29546DE,2020-01-06,Active
AST3480206E58,CUST100078909,Set-Top Box,Huawei,CDB7BA1CA5044412,2018-10-18,Active
AST319F0ABAE0,CUST100091528,Modem,Apple,E47185FE75DB4D77,2025-07-17,Active
AST52591751D1,CUST100091559,Modem,Apple,20608681DB144563,2016-05-05,Active
AST48FDCA64E0,CUST100044653,Set-Top Box,Google,58D7B11F4B184F40,2024-04-27,Faulty
AST604A290D8B,CUST100059412,Handset,Cisco,AEB0EA43D3E04D84,2017-06-08,Active
ASTE07EC7D59C,CUST100037431,Handset,Arris,08A96173F8764CFC,2021-01-08,Active
ASTFBA21763AB,CUST100065777,Modem,Apple,672586D8228A4E1A,2020-04-29,Active
AST06BB5E4CD5,CUST100061041,Set-Top Box,Samsung,EC2FCDF04FD14185,2023-09-10,Active
AST768DEB51FB,CUST100056379,Handset,Apple,3DD0B720444242A7,2017-07-27,Active
AST8BA7D0BACA,CUST100020522,Router,Cisco,17502EA6FA474A39,2018-01-25,Active
AST17DE26CB50,CUST100036256,Set-Top Box,Samsung,CBC55646B22547B7,2018-08-20,Active
ASTA2DFA7930C,CUST100047634,Set-Top Box,Apple,F8DFEC31113D4158,2018-12-25,Active
AST7B4ABCEBAC,CUST100044202,Router,Cisco,968780B4D16E4381,2025-08-23,Active
AST74EF5B103C,CUST100069191,Modem,Google,E62E0FC9453D47B5,2016-07-30,Faulty
ASTA15FBBA112,CUST100098712,Modem,Cisco,9A67F27068684B99,2022-04-18,Faulty
ASTEB4FC3A21D,CUST100083757,Handset,Google,DDF46437950A4C93,2021-06-28,Decommissioned
ASTAB93380B2E,CUST100097190,Router,Arris,5AE305D7BA744872,2021-11-11,Active
AST7412ED5BA1,CUST100099306,Router,Apple,90864FA972694736,2019-01-28,Active
AST574EB29DA9,CUST100004620,Handset,Cisco,944BBD9B84854A52,2021-04-30,Active
ASTD0AE82EFC3,CUST100023680,Handset,Apple,0EAED62124154FB9,2017-03-19,Faulty
AST289D9F001C,CUST100079282,Set-Top Box,Huawei,8B9D38FED22F4777,2017-10-06,Active
ASTC4A585D5AD,CUST100014328,Handset,Cisco,B12F2778B9044921,2026-04-05,Active
AST38548E9A0D,CUST100001171,Handset,Google,33EAD3AB16234422,2023-04-14,Active
AST166316C8E3,CUST100027750,Handset,Huawei,7AB3CE7E4FFE4D60,2022-11-10,Decommissioned
AST6D72373127,CUST100002462,Handset,Google,DDBF26C8BCD5405B,2022-07-10,Active
ASTB1613CCB09,CUST100035695,Handset,Huawei,6303FAAA4D8049F8,2016-11-15,Active
ASTDCAAA70911,CUST100032832,Smartwatch,Cisco,4BB6CB2BD8E04712,2025-10-18,Active
ASTA29C3D048F,CUST100035022,Router,Cisco,4AEF23822BAA4EC7,2024-08-31,Active
AST640C8D56AE,CUST100011706,Modem,Google,3987A7469EBC4C16,2025-12-05,Active
AST1A40BADACE,CUST100062177,Smartwatch,Cisco,F0D6C9A56D014978,2022-04-18,Active
AST7DEA1EBE2E,CUST100054123,Handset,Samsung,9D66C21AC36E49C7,2017-05-07,Decommissioned
AST24591B6146,CUST100009902,Handset,Cisco,CD7AD391BEEF4776,2019-09-27,Active
ASTB1B397CC47,CUST100072151,Handset,Apple,50FBBEA5703D4B6F,2024-07-23,Active
ASTD5F1C10128,CUST100095567,Handset,Cisco,BC0D57DA476B4EAD,2020-08-05,Active
AST175CA36406,CUST100058724,Router,Cisco,B114B1848CFE4776,2022-01-29,Active
AST6BE3F8AFC2,CUST100021834,Handset,Nokia,B62D737047714947,2023-07-26,Active
AST5B6A4E3B97,CUST100024001,Handset,Samsung,725802070E0B4BCA,2022-04-25,Active
AST4CE536142D,CUST100059649,Handset,Huawei,D3B0BE1091004781,2022-09-02,Decommissioned
AST19D3F185D3,CUST100086149,Set-Top Box,Google,C934A8C2C8C34FED,2023-07-15,Active
ASTD8EE5AC1AF,CUST100056476,Handset,Arris,81F85FD9A4E441F7,2026-01-20,Returned
ASTD7B36462E9,CUST100029715,Router,Huawei,A089E33F7DD34A50,2024-11-26,Faulty
AST124C2195FC,CUST100099607,Handset,Cisco,1A7D12192AD642AC,2022-07-11,Returned
ASTDD8107C239,CUST100065562,Modem,Cisco,E6F51F610A27461D,2022-10-25,Active
AST5517C48F50,CUST100001876,Handset,Nokia,1CD9BD28E23640E0,2026-06-16,Returned
AST10FD99FA31,CUST100048858,Router,Nokia,270A5A8646304B92,2019-03-26,Active
AST2F5180AB93,CUST100080544,Modem,Arris,31AA82C533DA45C2,2022-09-22,Active
AST7961FD9DDE,CUST100099015,Handset,Arris,56B8E27B9F3545C0,2018-09-19,Returned
AST9E77A69A7D,CUST100045432,Modem,Apple,63C4D7FB3E364F80,2022-03-14,Active
ASTDC536E4B1E,CUST100000673,Router,Google,A27777511BCB4B18,2020-07-19,Decommissioned
AST67AAF62A14,CUST100079314,Handset,Google,C4645CC48B53462D,2022-07-10,Active
AST9F5D34D647,CUST100027615,Handset,Google,6F81EEF4EA2B49B9,2017-10-01,Active
AST845396E8A0,CUST100077459,Modem,Huawei,C2011DC8ED064E73,2021-12-05,Returned
ASTFF3279B063,CUST100009768,Smartwatch,Huawei,75EB10B57AF349F8,2019-07-12,Active
ASTE47DC18323,CUST100087228,Set-Top Box,Nokia,D8FB13697E2045D0,2017-02-14,Active
AST92E2BAD344,CUST100063921,Modem,Arris,21C0ADE7286A4284,2021-11-10,Active
AST46FF53DCCB,CUST100049067,Router,Google,2930BF1B47554CCE,2024-03-18,Active
AST1748F86283,CUST100099367,Smartwatch,Samsung,54917972D0A942C8,2022-07-12,Active
AST7F74E60042,CUST100058089,Handset,Apple,BD33637C223544B7,2020-03-01,Active
AST9E3180BE04,CUST100029959,Router,Huawei,198A61C28D9A4E5D,2017-05-29,Returned
AST4F1ABA4F7D,CUST100093499,Handset,Huawei,66289F46BF1E4C7A,2022-12-15,Faulty
AST228252109A,CUST100061351,Router,Google,7B67E9C8D9164A79,2019-03-11,Active
AST34E6A00D60,CUST100037793,Handset,Cisco,F4ED62BB0EA846E8,2017-03-26,Active
AST8B52DE42D4,CUST100076129,Set-Top Box,Google,1556BAC92ECA459E,2020-04-15,Active
AST82F3AB1065,CUST100060478,Set-Top Box,Apple,DCFEACFCD62741EE,2025-05-02,Active
AST759FBE27DC,CUST100005842,Set-Top Box,Arris,16D69845BCE148F4,2018-05-28,Active
AST30144EC14D,CUST100094253,Router,Samsung,A6CAFE8A5E604F7B,2021-03-26,Active
AST385994D11B,CUST100073351,Handset,Apple,5A607E886F454320,2016-02-23,Active
AST3ABB01F8CB,CUST100005642,Set-Top Box,Cisco,46E22943915B48CC,2023-10-17,Active
AST4659368D02,CUST100055314,Handset,Cisco,F3B949FB73DF4C85,2023-09-28,Active
AST454240F3A3,CUST100006151,Router,Huawei,549A8F59A3654D4D,2025-01-28,Active
AST4FAC7F1B2D,CUST100043206,Handset,Apple,1925553476A245D6,2025-05-31,Active
AST796DAC6DF5,CUST100040472,Handset,Nokia,CDD36B5A8433408B,2021-02-03,Active
AST4A1D371877,CUST100002278,Handset,Cisco,3A47CF48322F4B2F,2018-09-26,Returned
AST680E351578,CUST100044892,Router,Arris,A3B506DCF69C4883,2024-08-24,Active
ASTDAD9DAAC16,CUST100084951,Smartwatch,Samsung,B214BC781F954136,2022-09-17,Active
AST136C6DD685,CUST100081912,Handset,Arris,FFB056859FD1423D,2020-09-30,Active
AST9290A4BEA1,CUST100038746,Set-Top Box,Nokia,9D42D0BF62424D97,2016-04-07,Active
AST93DA8880CB,CUST100066179,Handset,Samsung,9BDB69428A3F428E,2022-11-11,Active
AST6711565244,CUST100028872,Set-Top Box,Google,5304461242F64E1E,2025-11-03,Active
ASTBB22868294,CUST100045390,Handset,Apple,E6C3FC5328EF4F3E,2026-02-24,Active
AST92771D4A91,CUST100024651,Router,Samsung,C9C52F5219E243E6,2019-09-26,Active
AST5DAC7EC7CB,CUST100060318,Modem,Arris,92F9926113CB4109,2018-05-29,Active
AST9E6DCE6234,CUST100064615,Handset,Arris,5A04B11F85694BBE,2024-10-30,Returned
AST4E4FA22CD1,CUST100059024,Handset,Nokia,331F9B1CDCEF4E5A,2022-03-10,Active
AST9FE5041F03,CUST100067502,Router,Nokia,5CB76289338D4D46,2021-11-06,Active
AST31F0FDF4BD,CUST100033904,Home Security Hub,Nokia,6E45EDF36BF540FA,2021-07-04,Active
ASTA2D8EC1F4F,CUST100063280,Router,Cisco,50CB862DB33B4DC7,2025-05-23,Returned
ASTE3466E74ED,CUST100038637,Handset,Apple,B346606AD2004BDF,2024-05-26,Returned
AST03F0CD0B60,CUST100097717,Handset,Huawei,61B02BA70DE3449A,2022-12-10,Active
ASTDDEFF6C38D,CUST100006126,Handset,Samsung,DC2246EC189143B8,2024-08-24,Active
AST10022753F1,CUST100065055,Set-Top Box,Samsung,DF178548AD9B4CE6,2025-02-10,Active
ASTA24D7036AC,CUST100053117,Handset,Huawei,5BEC77497DEB4338,2025-10-30,Active
AST297EC13299,CUST100085850,Router,Samsung,B71A877A18254B45,2024-06-25,Decommissioned
AST7CA904F135,CUST100074288,Handset,Huawei,EFE5BFEA169B40FC,2016-01-22,Active
AST7C15B8DDD1,CUST100014747,Handset,Nokia,77AB806E6CAD4E8E,2022-08-02,Active
ASTF623E8949D,CUST100060116,Smartwatch,Apple,1381303BEFED43E0,2019-11-01,Returned
AST2C470939D6,CUST100045614,Modem,Samsung,19225BEA70B344D5,2025-11-23,Active
AST2C81F9F6A6,CUST100069666,Handset,Huawei,B095CB13957048DC,2021-10-01,Active
AST029E744423,CUST100046948,Handset,Cisco,9619EC0ACB9643C3,2016-11-08,Active
AST5599908405,CUST100095225,Router,Nokia,744422DDEF3F4B5A,2018-12-28,Active
AST5C3F29AC7F,CUST100022896,Handset,Apple,5B245345D940481B,2022-03-04,Active
AST81111078D5,CUST100086486,Handset,Google,EC31113A652A4541,2021-10-02,Active
ASTF6DDCEEECB,CUST100018644,Handset,Arris,B2ECFBBDBA4B4479,2019-03-22,Active
AST50334CB311,CUST100035633,Smartwatch,Nokia,A397F868DB204BAE,2023-05-28,Active
AST17C664E133,CUST100030368,Handset,Samsung,CA4B0B63D9BC4A0D,2016-05-01,Active
ASTD30AA9FBA6,CUST100020854,Handset,Apple,107046F399264682,2026-02-14,Active
ASTDCEC2AAC41,CUST100007635,Router,Cisco,4B2568593FB04875,2026-01-29,Active
ASTA081432BB9,CUST100059499,Smartwatch,Huawei,ECAA1B641F204DC1,2019-06-30,Active
AST91EC6A2D63,CUST100018188,Home Security Hub,Arris,60E5D2C200D74228,2024-12-25,Active
ASTE9A04AD048,CUST100027793,Router,Apple,7EC387427D604DB7,2021-09-16,Faulty
AST747CED871B,CUST100096471,Router,Arris,9FE7EC09AF174E02,2016-05-16,Returned
AST0A86D09EEE,CUST100099960,Router,Cisco,9558A35854D141F9,2018-04-04,Active
ASTA634A6E34B,CUST100017456,Router,Apple,E773DCC9368E4A21,2020-06-19,Active
AST59B2D8E683,CUST100058800,Modem,Nokia,6B0C635C02C64959,2020-11-19,Active
AST0ABF40CD88,CUST100051734,Router,Nokia,E6ADEA76B7F04C0F,2017-06-29,Active
ASTB81F0DF90B,CUST100069037,Handset,Apple,8386CD26FF374FAA,2020-02-23,Active
AST853A09BFB9,CUST100073568,Handset,Cisco,30E9B9CEB0184D43,2021-03-26,Active
AST27A050A31B,CUST100019655,Handset,Google,3546C324D9B64046,2020-05-24,Active
AST066ADB0EFC,CUST100007556,Handset,Huawei,DDDBEBEFF55A4512,2022-06-19,Faulty
AST94B7F91385,CUST100006020,Set-Top Box,Arris,ED3A614986D44910,2018-03-10,Active
AST91EF2496E3,CUST100097058,Router,Huawei,D2E2984EEBD84A5F,2022-06-26,Active
ASTB62E1DB927,CUST100094516,Handset,Nokia,686D70588F3A4795,2023-04-01,Active
ASTB724761B63,CUST100050564,Set-Top Box,Arris,EE4605FF4BF64139,2022-01-28,Active
AST62DD2782C1,CUST100024147,Modem,Samsung,F49D823A851C4281,2026-02-06,Active
AST189C97C90A,CUST100052607,Router,Samsung,1E8928E7F68C4B0A,2023-08-13,Returned
AST8CEA56BDEF,CUST100058212,Home Security Hub,Cisco,7ABB2D1A50AB40F6,2021-09-29,Active
AST59A63A6398,CUST100081042,Handset,Samsung,FF9E878168244385,2020-01-12,Active
ASTACD194231B,CUST100053795,Modem,Arris,5DA43FF5ECBB4660,2017-11-07,Active
ASTAAE614D360,CUST100078359,Handset,Huawei,03C4934AA0204C79,2024-06-12,Active
ASTEDDB6F4595,CUST100095923,Handset,Apple,82AC063351264D65,2023-01-20,Active
AST89E79B99E1,CUST100090238,Set-Top Box,Huawei,0DC31C1184E440CF,2017-03-15,Returned
ASTEEC0BD25D1,CUST100024020,Router,Samsung,D0D76A28B59C4C19,2022-06-12,Active
ASTF0A7008959,CUST100050291,Handset,Cisco,95038CF6796243B0,2019-10-29,Active
AST0B4C594039,CUST100003723,Router,Arris,7ABF67158B4148C3,2017-01-11,Active
ASTF255EF1AF3,CUST100062991,Modem,Arris,A82A273D22B04F2D,2022-10-25,Active
AST9893DD0CD1,CUST100077230,Set-Top Box,Google,4CB227F261C24EE6,2024-11-21,Active
ASTE6F7CA7350,CUST100035406,Router,Samsung,BF46C2EB2F254881,2022-07-16,Faulty
ASTDC4725CEF5,CUST100039484,Handset,Apple,DD3817F859C0439E,2020-05-26,Active
AST7C7556FD14,CUST100078624,Router,Samsung,B160D7F5BCC04749,2024-01-18,Active
AST30BA7C5211,CUST100073587,Handset,Huawei,3BCEEF74890F454F,2019-12-29,Faulty
ASTD5D81F3C1D,CUST100093669,Handset,Huawei,0EEA3034C1264DA5,2019-08-24,Active
AST2975689A31,CUST100091404,Modem,Arris,C9F92AA6E2C8443E,2025-06-25,Active
AST60AB4A3460,CUST100065072,Set-Top Box,Huawei,9A44D1E16DDE4FAA,2023-06-16,Active
AST4B9D5162B7,CUST100074008,Modem,Cisco,ABDFA3B0955740AA,2016-03-20,Returned
AST91375DC282,CUST100065732,Modem,Huawei,FFAFEC48BF2049F3,2022-04-01,Active
ASTB9238D2B6B,CUST100039634,Modem,Cisco,4B3F3BA145FB4466,2026-01-12,Active
AST4F9D4EBAC6,CUST100076354,Set-Top Box,Huawei,4024790EC9164941,2019-02-15,Active
ASTCF45A10CE4,CUST100061620,Set-Top Box,Huawei,8CF2DE2960344A3F,2018-08-03,Active
ASTF004100D68,CUST100008425,Router,Nokia,1728DBB2177E49A9,2017-03-20,Active
AST2AC9AA8E7F,CUST100016297,Handset,Cisco,FC42614CD1834D68,2025-08-19,Active
AST358C2C77B5,CUST100065740,Set-Top Box,Apple,4F964BF96B5E435E,2016-04-15,Active
ASTFC1FE597F7,CUST100014448,Handset,Apple,C7A385ED45B8477E,2021-02-15,Active
ASTD4F120D3A0,CUST100009821,Router,Samsung,A0196A3E224C42CA,2017-05-15,Active
AST151A5B4FEF,CUST100089371,Handset,Google,0997FFD4AEB4484A,2018-02-18,Active
AST9795209D56,CUST100003261,Modem,Google,39DD8C41500F4F04,2022-12-07,Active
AST2F50FE7497,CUST100090206,Router,Arris,3806423B3A7E4F2C,2019-12-03,Active
AST021D834766,CUST100066236,Modem,Arris,762608576B054191,2017-10-07,Active
ASTF1B48B396E,CUST100068898,Router,Arris,9E96DEBFB9584DA2,2016-05-25,Active
AST6F727D4709,CUST100069821,Set-Top Box,Google,5EEF4558325549E6,2016-06-17,Active
AST3A409159E7,CUST100014510,Set-Top Box,Samsung,839827260D7D466A,2023-09-22,Active
AST455C916C71,CUST100047652,Set-Top Box,Cisco,63BDD798E2AC4564,2022-05-27,Active
AST77FF68E6D2,CUST100002158,Set-Top Box,Cisco,2E5A97D98BAA43C9,2024-01-20,Active
AST0C57EA53BB,CUST100048246,Router,Samsung,65C64E14288E457E,2025-07-29,Faulty
AST33097A226A,CUST100069681,Home Security Hub,Cisco,728EECAB7EE44B9D,2020-11-16,Active
ASTFE62E3F77F,CUST100037618,Handset,Cisco,09F8F215B9FE4566,2022-03-29,Active
AST5EE7395A12,CUST100071434,Handset,Huawei,33F7A4B5CD3040BE,2021-07-30,Active
AST86BE191D6D,CUST100028558,Set-Top Box,Huawei,8B235C6865AE47E7,2019-08-26,Returned
AST2B0354E2A0,CUST100033511,Home Security Hub,Google,85C67204F0E44743,2023-12-01,Active
AST87D2D19F8A,CUST100061392,Set-Top Box,Apple,0FB154360E704032,2025-12-11,Active
AST995976E8CB,CUST100002348,Handset,Samsung,341F97D89671485E,2021-12-27,Active
ASTF018513838,CUST100065059,Set-Top Box,Arris,25E738B40A6E4F3D,2022-01-03,Active
AST66FB9071F7,CUST100058443,Handset,Samsung,3055AAAE76404D94,2020-04-03,Active
AST6121E550C6,CUST100095900,Set-Top Box,Google,39E52BE18B904497,2023-07-08,Returned
AST07AF743A42,CUST100016148,Modem,Arris,5F301850226742B6,2023-09-07,Active
ASTCCC8279D16,CUST100074465,Handset,Apple,3CF5672AA4D44310,2022-10-16,Faulty
ASTD06F70CAD0,CUST100099067,Handset,Cisco,ECA72250BFC34F9F,2017-11-15,Active
AST818DA73900,CUST100079902,Handset,Apple,73ED6D07BFD84E02,2023-06-19,Faulty
AST9848036669,CUST100042567,Set-Top Box,Google,660BDA00D0024CF7,2021-12-24,Faulty
AST9CD8EDBEC9,CUST100044185,Handset,Samsung,BD4C8B00567F4751,2026-01-29,Active
ASTAB078A7FD8,CUST100095460,Home Security Hub,Arris,6F7A43BE597A4CE1,2025-11-02,Active
ASTA4A41F37A9,CUST100075698,Router,Cisco,CF4883FC314D40D9,2017-01-12,Active
ASTEFA63AFB7B,CUST100039558,Handset,Huawei,44A2AF4F1B424429,2017-12-13,Returned
ASTB41A2C6887,CUST100032699,Modem,Apple,4D766295DBD248C1,2021-12-06,Returned
AST18826AB12E,CUST100063323,Handset,Huawei,632D2174C290493A,2022-05-04,Decommissioned
ASTB0DFB944A5,CUST100040481,Set-Top Box,Cisco,4850A863E2CA49F0,2020-07-11,Faulty
AST5EEEC0C3B4,CUST100041103,Handset,Arris,51677C1BDDCD41E0,2025-03-28,Returned
AST53451519E9,CUST100068237,Set-Top Box,Samsung,9F04E6EA4C4A4CAD,2021-07-30,Active
AST6F9F311395,CUST100049966,Set-Top Box,Huawei,C447E986D4C943EA,2017-03-28,Active
AST4CB09903BC,CUST100039318,Handset,Arris,46F3B5D8C4CD4C8E,2020-05-19,Faulty
ASTB087D2220C,CUST100007372,Modem,Google,B98176D9CF0942C9,2019-07-05,Active
ASTB4CF68D61C,CUST100018818,Handset,Apple,C088081268B54096,2020-12-05,Active
ASTC6062031F0,CUST100022175,Handset,Samsung,ACF6109385F24C0F,2024-06-21,Decommissioned
AST58F2765AFD,CUST100010376,Handset,Google,1BF66A94B9A549AE,2022-10-13,Active
ASTD3D023EC78,CUST100098808,Set-Top Box,Nokia,7C4D3853D1C94A0C,2017-12-13,Active
AST248A37E411,CUST100035657,Handset,Samsung,03F29C74157D4D0A,2022-05-14,Decommissioned
ASTCBE3D1F687,CUST100053011,Handset,Samsung,FDDDB23DAF184B07,2023-01-01,Active
AST4F22407606,CUST100059573,Router,Google,FEBC6117F0A14840,2022-09-29,Active
ASTB44E475BA8,CUST100018358,Set-Top Box,Cisco,E6BD3C4674A845C7,2021-05-23,Active
ASTB8B8DD3A8B,CUST100069454,Handset,Cisco,D675BF867FC945F7,2021-06-08,Active
ASTC923DB841E,CUST100085791,Handset,Google,11A5F84FC75F4261,2018-05-26,Active
ASTADA99CED00,CUST100082605,Set-Top Box,Huawei,243FCA0889DA43F4,2022-08-20,Active
ASTC9D283345C,CUST100099346,Handset,Arris,B98E21FC66FE43D6,2018-02-05,Active
AST548DEDDD6A,CUST100073090,Handset,Apple,41683016F0DC47A1,2018-10-18,Active
AST372D0D7C59,CUST100091374,Home Security Hub,Apple,F69271EB6AC4480C,2021-03-25,Active
AST7356C81E9D,CUST100087755,Handset,Samsung,DF26066FE49E443D,2016-11-24,Active
ASTEAAE8465F6,CUST100024834,Modem,Nokia,CB9EEFB9B7324940,2026-04-22,Active
ASTFE8C02F537,CUST100071839,Set-Top Box,Nokia,64FB6A4604674941,2017-05-27,Active
AST2A2AA0E6ED,CUST100085893,Handset,Samsung,FEE303C5B47545C1,2023-11-04,Active
ASTFEC3D0337F,CUST100074766,Router,Arris,081DB1C1252D4CAB,2019-10-30,Active
AST1AB4F179C2,CUST100023559,Handset,Google,27AE605509BE4498,2022-12-15,Active
ASTB5780B8149,CUST100047463,Set-Top Box,Samsung,2C88DE07B0194AC5,2025-01-02,Active
ASTAD477C09A1,CUST100000789,Router,Google,F2A9FBD177B540D4,2021-04-26,Active
ASTC513009011,CUST100070561,Router,Cisco,1E7CBFED71E444E3,2019-01-11,Faulty
ASTB8E8CB58E3,CUST100099832,Modem,Samsung,5434B800F7134ACD,2018-06-15,Active
AST750E5003A8,CUST100066020,Handset,Huawei,040CB92C53CF46EF,2023-12-05,Decommissioned
AST9E9490E54F,CUST100029076,Handset,Huawei,4746AA962CC343A8,2022-11-20,Active
ASTDA76CF0AF3,CUST100093111,Modem,Nokia,F1346D8D63B641DA,2020-09-21,Active
AST28A4459789,CUST100021654,Modem,Huawei,8584D7AD24C94A9A,2020-03-14,Active
AST8406EEDBF8,CUST100036666,Handset,Google,7B30BC79240E4AD9,2019-01-14,Active
AST2C32F2F1DE,CUST100028217,Modem,Cisco,8B04BD52A5FB465C,2020-01-13,Active
AST25B1DD2FA9,CUST100040664,Handset,Google,85E4E240762A4FBA,2021-06-27,Active
AST63B3630317,CUST100007717,Handset,Huawei,05E9A383366E4101,2019-07-15,Returned
AST318048256C,CUST100009148,Handset,Arris,71C3CBDFA7B94E30,2021-04-21,Active
AST1330E4D139,CUST100034094,Handset,Arris,DC34172592D14211,2026-05-03,Active
AST1004E52906,CUST100088611,Modem,Nokia,82F04DE2DE704FDB,2021-05-21,Active
AST250D614F49,CUST100009214,Handset,Google,3DE05AE0B0B24D80,2019-08-06,Active
AST5AC8EB7668,CUST100077799,Modem,Samsung,C8301157F161434E,2022-12-23,Returned
AST0B20CEFD16,CUST100056692,Modem,Arris,D84A25A7E2854058,2017-08-10,Decommissioned
ASTFB55961E1B,CUST100018661,Handset,Apple,DED23041D1614835,2018-09-29,Active
ASTDE1F086BA0,CUST100021562,Smartwatch,Cisco,DA22C1A46A094E68,2022-06-22,Active
AST81FA0FAAD6,CUST100028594,Router,Cisco,679B8F1A87CA4E4E,2017-01-22,Returned
ASTBB233C5B7C,CUST100074455,Handset,Huawei,9091FDF7F0134D5F,2016-10-03,Active
AST0E0D40B13A,CUST100004775,Handset,Nokia,6C4679134B044446,2016-06-13,Active
ASTBD6959289D,CUST100098275,Modem,Huawei,7D3A79E35DBD42D3,2024-09-15,Active
ASTF2EDC9D97B,CUST100061624,Router,Nokia,FD6554769D82466E,2017-09-08,Active
ASTC8D1261871,CUST100023776,Router,Nokia,3C09D62B428C4D01,2024-09-13,Active
AST76E3B7FEB0,CUST100056798,Home Security Hub,Arris,8FD3374B1E814717,2020-04-17,Active
AST9DB668F16A,CUST100070940,Set-Top Box,Samsung,45833B12FCD24BB0,2022-08-09,Active
AST1F5AA70AC8,CUST100030952,Modem,Huawei,34D1AF20BD4C47F2,2025-01-05,Active
AST515310FDFA,CUST100048708,Router,Huawei,FF5843E0A2AC46F0,2017-09-26,Active
AST783A6FA83C,CUST100029472,Handset,Google,45D4C71B465B417D,2018-10-29,Active
AST79D26A8D30,CUST100062825,Router,Cisco,880DEF83BDED45C5,2019-03-15,Active
AST1DD0F09ECA,CUST100056648,Smartwatch,Nokia,2F20F2D7A8B74C3C,2019-04-14,Active
ASTDDF460D41E,CUST100065442,Modem,Samsung,0D996CA86BA249BD,2022-06-29,Returned
AST6456DD16E4,CUST100037294,Smartwatch,Arris,3A9DC8BBC76349C6,2026-06-10,Active
AST6D0A789BFB,CUST100013962,Modem,Cisco,D7AB24B0738E4BE8,2017-07-03,Active
AST91C4A435D5,CUST100031436,Smartwatch,Apple,D2C2DE52599B4035,2021-06-11,Active
ASTC6E5289209,CUST100083877,Handset,Apple,8E4E9452F4724EC6,2019-05-19,Returned
AST1E4466D63F,CUST100068494,Modem,Nokia,4C1C3A1ACE864182,2020-11-03,Active
ASTA25AB3DBF7,CUST100033351,Modem,Huawei,22DCDE420DED456B,2018-03-18,Faulty
ASTEECAFBFC22,CUST100097283,Set-Top Box,Cisco,A86131DC071C4071,2018-06-08,Active
AST411070AB6C,CUST100025234,Handset,Arris,A316B6EA06FD4370,2019-01-16,Faulty
ASTE512D6D829,CUST100017092,Handset,Cisco,49047A4537F7430A,2018-12-15,Active
AST31C86848E5,CUST100067184,Handset,Nokia,237CB4E72EDC4843,2016-06-25,Active
AST21CDCA9627,CUST100043722,Handset,Samsung,E85BCD5739CE4F7F,2018-05-09,Active
ASTE1A7F17279,CUST100003775,Router,Nokia,515220177C3949A2,2018-04-04,Active
AST732387B043,CUST100077158,Home Security Hub,Huawei,29534F4A52CC455A,2020-03-04,Active
ASTC473D5A32B,CUST100030479,Handset,Arris,865FE666331442CD,2025-07-16,Active
AST19928E4B3A,CUST100003699,Home Security Hub,Apple,74A785502B174E16,2018-07-08,Returned
ASTA188F7637C,CUST100024982,Handset,Cisco,44477346B844446D,2019-07-23,Faulty
AST80AEE68B7D,CUST100086605,Set-Top Box,Huawei,DA6D464A92CC4E1A,2016-03-28,Active
ASTF997786C84,CUST100064303,Handset,Huawei,BDC23990178542F2,2026-01-15,Active
AST69C323F706,CUST100090335,Handset,Google,566FD9A8956943D3,2024-09-03,Active
ASTF8784DA5EC,CUST100009952,Router,Samsung,B53098FB302C40D4,2020-11-23,Active
ASTE19588CC0B,CUST100065979,Set-Top Box,Cisco,82A6BF7E2ECB45A6,2016-03-04,Active
AST7459C278A6,CUST100000798,Router,Samsung,21E578C114E44531,2018-12-23,Active
AST4C43D92A21,CUST100094628,Set-Top Box,Apple,BAE24D2DFD724D35,2022-09-10,Active
AST29780D9086,CUST100061916,Modem,Huawei,B14C561D1CEC45B1,2016-02-29,Active
ASTDAC0AAFA99,CUST100074647,Modem,Google,DF91D739F2A94C59,2020-07-30,Active
AST3C0E79DDD2,CUST100008053,Handset,Apple,2EEC38E7D432461C,2023-04-25,Returned
AST9D7492869E,CUST100060742,Modem,Arris,8FEBFD77D5944362,2016-02-25,Active
AST7A88FF576D,CUST100060461,Handset,Google,D93E057D5F104539,2023-02-27,Active
ASTBAC34F6285,CUST100051015,Handset,Huawei,4232BB3340604440,2017-03-18,Active
AST79B83E7B7D,CUST100075100,Handset,Arris,C1798A99E86F43C1,2020-01-06,Returned
AST5CE3D2422D,CUST100028575,Router,Samsung,D7EEE7327613467E,2017-03-25,Active
AST712B30A3E2,CUST100034287,Modem,Arris,9E9D7E68405B415B,2023-12-21,Active
ASTB0A25D5312,CUST100044970,Handset,Apple,20E3294E64C84322,2018-10-06,Returned
ASTCA8E738D1E,CUST100057175,Handset,Samsung,5F99719E826C451D,2016-04-21,Active
ASTF8B6BC247D,CUST100003262,Handset,Arris,7B6A4C9B8E3B4C6C,2023-01-09,Active
AST8751FEECB4,CUST100061267,Router,Samsung,CF7C2213628F426A,2022-04-11,Returned
AST4F91F15135,CUST100007093,Router,Nokia,A3A770DB5E474B56,2023-07-21,Active
ASTA013F795FF,CUST100063595,Handset,Samsung,E727C1EAA3D14AFF,2022-12-30,Active
ASTD6B5F54F91,CUST100013346,Router,Huawei,5F9C77283B564A08,2016-12-22,Active
ASTC5A5613015,CUST100026136,Modem,Nokia,27491DBA39C5414C,2025-11-07,Active
AST6808A1A9E3,CUST100037933,Home Security Hub,Google,B85B0CBA11C744D5,2016-05-18,Active
AST87FF834BE9,CUST100094067,Set-Top Box,Apple,D027D47364824864,2019-01-04,Decommissioned
AST23CFDA4A77,CUST100027734,Modem,Nokia,17407CD466204C46,2019-08-12,Active
ASTC90957A384,CUST100047763,Home Security Hub,Huawei,2DAC83FF34544617,2020-09-09,Active
AST133D1D7265,CUST100080470,Set-Top Box,Nokia,FD30583188E54D68,2023-02-28,Active
AST3BED63CA8F,CUST100084317,Handset,Huawei,9B5148EBDDCE495E,2016-09-19,Active
AST3C66E8EC63,CUST100080392,Set-Top Box,Huawei,4375E2E729AD4E03,2025-03-26,Decommissioned
ASTE1ED9DE7EF,CUST100097990,Handset,Nokia,D03D341817CE4A1D,2019-07-24,Active
ASTC1F1884278,CUST100048347,Handset,Arris,7D605CC085224207,2019-05-15,Active
AST1E6B1773DA,CUST100013585,Handset,Samsung,E68585ABEF6A4690,2020-10-16,Returned
ASTEC45F99887,CUST100096210,Modem,Google,AA46E7E05335430B,2024-09-28,Active
AST88D0AF281F,CUST100043823,Handset,Huawei,F950557A446248B5,2018-07-30,Active
AST64541B3FE0,CUST100072196,Handset,Google,BEA7C6744DB0472B,2023-08-10,Active
AST3C0756F9EF,CUST100048885,Router,Samsung,DFF5B4482B2E41B5,2025-05-11,Returned
ASTF3648EB479,CUST100024263,Modem,Nokia,69C0C19AD09A49D7,2019-10-27,Active
AST16FE8E78F7,CUST100024480,Handset,Arris,97C00EFF45984617,2022-09-14,Active
AST24F9A7A247,CUST100068885,Smartwatch,Google,09F865DB4C774EDE,2023-10-07,Faulty
AST0CA8711B96,CUST100020905,Home Security Hub,Google,923E6B1F419E4907,2018-04-08,Returned
AST29E91B3FC4,CUST100084755,Handset,Samsung,DA78AF2B1A3242C7,2019-03-08,Active
AST87ED3AA906,CUST100043860,Modem,Huawei,18BD37B882ED4B26,2024-12-10,Active
ASTFE1CE105A7,CUST100082596,Set-Top Box,Samsung,053B500263DD49C1,2020-12-18,Active
AST8ADC5F2D13,CUST100029909,Handset,Nokia,CD41A0BF317947DC,2023-06-20,Active
ASTA9A8F23114,CUST100082645,Smartwatch,Huawei,D68DFE449B634D9C,2018-01-11,Active
ASTB7F80AE5DE,CUST100045326,Handset,Nokia,3C111380AFDE4EF3,2016-08-17,Active
AST06549855E1,CUST100050089,Home Security Hub,Apple,D2C94E56B69A4F3F,2019-03-20,Active
AST7CE377F289,CUST100051487,Handset,Samsung,A597A0BEEFE34B48,2018-06-26,Active
ASTCE13B8D0A7,CUST100087861,Router,Apple,476F8DEEE63941E8,2024-10-25,Active
AST73D15E353E,CUST100018893,Set-Top Box,Apple,1C4801CB67344C30,2016-01-07,Active
ASTF97112FDE5,CUST100071359,Modem,Arris,E6ED7992DA2C4069,2024-06-25,Active
AST2F5653CE36,CUST100003737,Smartwatch,Samsung,01A6775B5EED440C,2025-07-01,Active
ASTFB21324E24,CUST100071427,Router,Huawei,ED8C188AB43D4951,2022-04-14,Returned
AST2761B53FC4,CUST100007865,Router,Huawei,93AE7CFC0526401B,2026-06-21,Active
AST4F89F11DF2,CUST100058162,Handset,Nokia,35FC8B6B66584611,2021-02-22,Active
AST712E77F89A,CUST100018777,Router,Nokia,A6B283941D884553,2025-12-08,Active
AST005EC3CF06,CUST100054366,Router,Nokia,862532A4E28947BC,2018-01-15,Active
ASTD5C9961DE9,CUST100086112,Handset,Arris,2B0062772B5D469F,2017-03-26,Active
AST3DE57D9310,CUST100001324,Handset,Nokia,E8C841B8F88E4F0C,2023-05-12,Active
ASTDAFEFA0B6B,CUST100004666,Home Security Hub,Huawei,110818F5CFB144A1,2020-12-01,Returned
ASTC05FB5F62C,CUST100061309,Home Security Hub,Cisco,33872E01C76544A2,2025-12-24,Active
AST48EB480F55,CUST100022474,Handset,Cisco,BD68999231914A87,2022-04-07,Active
AST3C3AD3D8CE,CUST100019941,Handset,Cisco,5F41F9D7DC454A37,2022-03-23,Active
AST203CE3DB68,CUST100077120,Router,Samsung,009C81463BA44C7F,2020-01-20,Active
AST8AABFCC7B0,CUST100044436,Router,Huawei,1AC46C8821954FC3,2020-02-03,Active
AST2080BF4949,CUST100020081,Set-Top Box,Arris,AF123F3AACFD4794,2016-03-14,Active
ASTBE3B1D9E6B,CUST100040418,Handset,Arris,AD382F5C67684578,2016-12-28,Active
ASTCEE986BC0D,CUST100039124,Handset,Huawei,87E4A60FB2EA4DD8,2016-12-28,Returned
AST935EEF6EFD,CUST100065032,Handset,Apple,BD95379AB99242E6,2023-07-19,Returned
AST6FD6CAF3DD,CUST100032378,Handset,Apple,A6A76285AFA54481,2020-01-14,Decommissioned
ASTD9D98DEFEF,CUST100024981,Handset,Huawei,49703E6AA226423D,2026-05-12,Returned
ASTE38165000B,CUST100032145,Router,Google,ADB5C5B1FF114FED,2023-11-12,Returned
AST6AE0469927,CUST100093479,Handset,Samsung,46CC098A1410470B,2022-11-01,Active
AST52D9A53933,CUST100096020,Router,Cisco,ED031FD5FD39447E,2016-11-25,Active
AST0B2FDCAE72,CUST100057881,Set-Top Box,Arris,BF156569310142D0,2022-10-17,Active
ASTACAA80DE2E,CUST100007468,Handset,Cisco,DF9057DD4C8F4536,2024-08-11,Returned
AST80ABACE7E5,CUST100062555,Handset,Arris,E2A8510764074553,2017-05-26,Active
AST809C90D7A0,CUST100094092,Handset,Huawei,7B304A845FA14E27,2016-10-21,Active
AST22F462A0C6,CUST100088801,Modem,Apple,6258BD35FDCB42CD,2021-03-07,Active
ASTEB733026E3,CUST100079191,Router,Apple,8CA19A903D4742D2,2023-06-14,Active
AST572025A7EA,CUST100091050,Handset,Huawei,B95490BB7A3F42EC,2017-12-16,Active
AST4651FE34F0,CUST100020056,Handset,Samsung,C67DEE3C0B8F4906,2017-11-12,Returned
ASTD61EC6EFBB,CUST100068975,Modem,Huawei,173783050C0948E7,2018-09-13,Active
AST55DDAF634A,CUST100026901,Router,Samsung,BF436689ABB343B7,2020-09-23,Active
AST9D22E03437,CUST100047208,Set-Top Box,Arris,47FCD38E35E0466A,2021-03-13,Returned
ASTD5D9404F38,CUST100092770,Modem,Arris,140C144AA1B949EB,2016-12-26,Active
AST9AA42D40ED,CUST100021238,Smartwatch,Cisco,0F86FB9B8FD9465B,2019-04-18,Active
AST9BF191C4A8,CUST100062423,Handset,Nokia,D9E621CF406E4A08,2024-08-03,Active
AST2354825EAE,CUST100061335,Router,Arris,3EAA133A790B4F84,2018-12-26,Active
ASTC4CDC5580D,CUST100098626,Router,Cisco,992C9FCF461A41DC,2021-01-13,Active
ASTFFB925FCE6,CUST100054343,Router,Nokia,25917E948628450C,2018-08-13,Active
AST676BD2229B,CUST100058281,Router,Apple,AF023CD8ABE24858,2020-08-19,Returned
AST4A8B28BB72,CUST100054734,Handset,Cisco,581E1128E17C41F2,2023-04-02,Active
ASTFEAD34AA7B,CUST100003858,Home Security Hub,Nokia,7C1A4E8D28EF4B21,2022-05-07,Active
ASTF0DC58004B,CUST100054034,Router,Samsung,7B924FC5158C4952,2020-08-12,Active
AST31CDFFCC47,CUST100067909,Home Security Hub,Nokia,13AEC424D7E14F95,2021-02-23,Active
ASTDC929E6A25,CUST100022892,Modem,Samsung,6DCB3677603F4B30,2026-02-26,Active
ASTF3B4512404,CUST100023571,Handset,Nokia,E572432A8C8B4480,2025-01-02,Returned
AST58E02A22A7,CUST100073495,Handset,Arris,660E619D6E004198,2021-11-29,Active
AST64AF1B7FDF,CUST100076383,Modem,Google,3F936039367D4DF3,2025-11-10,Active
ASTD309C8137A,CUST100021590,Router,Cisco,9940D59B722C4018,2024-12-26,Active
AST1AEB371291,CUST100056751,Handset,Huawei,2BD1A3C5E532446B,2022-02-06,Active
ASTDA1E805373,CUST100098393,Smartwatch,Arris,5F666AFE4A874DAE,2024-01-24,Active
ASTF45A662829,CUST100022385,Modem,Google,9401449298E14FDB,2019-11-11,Active
AST95ED9F010B,CUST100043519,Router,Arris,9EEF687800C84C0A,2022-02-12,Active
AST4FB1D5310C,CUST100001447,Set-Top Box,Cisco,B0136E16570E401E,2020-04-22,Active
AST95304ED2E8,CUST100030287,Router,Cisco,21109FAA5D244C37,2017-12-18,Active
AST446116392F,CUST100064123,Router,Samsung,F90A7139D95E4D00,2018-07-13,Active
ASTE808CAA614,CUST100029483,Modem,Cisco,8944FFF703124764,2026-06-27,Active
AST76ECE70833,CUST100083420,Modem,Google,C79AE2EECD344841,2019-11-21,Active
ASTAB3773FD58,CUST100095668,Set-Top Box,Nokia,E0D6494531D84CCD,2020-09-07,Decommissioned
AST1F956A339A,CUST100021687,Handset,Nokia,7CB1655A23A8472C,2016-12-18,Faulty
ASTB726EF9601,CUST100006471,Handset,Arris,D5A0E30A72F54F85,2016-03-21,Returned
AST62F7A133CA,CUST100083688,Router,Cisco,144D99FC9C614BC4,2025-10-29,Active
ASTF3D0BA10E5,CUST100034579,Set-Top Box,Samsung,F51CAF12A5234DDF,2026-03-08,Active
ASTCCA6596C4C,CUST100037512,Router,Google,0F686EC78BCC4F20,2021-03-21,Active
AST76A9C05721,CUST100027776,Modem,Cisco,67BC6E05E8FA4FEB,2023-05-01,Active
AST007026556E,CUST100000159,Handset,Samsung,522EB5B1623E4ACB,2024-05-08,Active
AST51AC0211B1,CUST100072363,Router,Google,C03BA602F2B54EF3,2025-12-26,Active
AST880BCE65CA,CUST100051610,Router,Nokia,BD7DBA0ACCD44123,2017-08-04,Faulty
ASTD5CAF06CC1,CUST100012649,Modem,Nokia,14A7F0D568714100,2018-05-23,Active
ASTDF76268D51,CUST100083102,Set-Top Box,Arris,56D5E8322239487F,2022-02-05,Returned
AST4FCF5990DF,CUST100093082,Handset,Cisco,65D4C596042A45DA,2016-09-10,Active
AST15FD74DA90,CUST100001138,Set-Top Box,Apple,8C1E4AFEFADA4FD8,2019-09-01,Active
AST232FF82BAB,CUST100014277,Router,Google,BF0B3766EA664687,2022-10-21,Active
ASTEC5D7C1FDB,CUST100012286,Router,Cisco,138A0874D3A3410D,2022-05-09,Active
AST241BF32B02,CUST100088770,Router,Arris,C7503FC6F95A4AF4,2024-10-02,Active
ASTE9B3E6BBC7,CUST100096535,Set-Top Box,Huawei,4B497CADBE09441B,2019-05-28,Active
AST84FB29EEBF,CUST100016812,Handset,Huawei,A677C02BDDB645EB,2018-04-26,Active
ASTBF4D448278,CUST100061579,Set-Top Box,Nokia,2A5C7192901541C8,2024-02-27,Active
AST8D4F6DAB8F,CUST100080094,Set-Top Box,Google,89CB6AF3E45648C3,2025-10-23,Returned
ASTE4CEA81902,CUST100087608,Handset,Cisco,4E84DAE660384082,2022-01-07,Active
AST6343CEBE83,CUST100055181,Handset,Google,54654E5ECAF04963,2021-02-17,Active
AST303EC93D33,CUST100066995,Set-Top Box,Cisco,50FF2CA15B0D4791,2016-01-06,Active
AST82A52302D8,CUST100067787,Handset,Arris,AAA0FAA928BB4D0A,2017-09-21,Active
AST04AD4F548B,CUST100073475,Smartwatch,Samsung,AE4CEE8719B14BBF,2020-11-05,Returned
AST348BDDB0D6,CUST100072356,Set-Top Box,Apple,C445F4E7A0334624,2023-04-17,Active
ASTBA536B771C,CUST100037417,Handset,Arris,66E5C69DF9444CA3,2025-07-24,Active
AST8EBB91D58A,CUST100058533,Handset,Samsung,4E5225B9B1A247C8,2022-07-20,Active
AST203F0B0120,CUST100001162,Router,Arris,40EB2A74A1DE4832,2025-01-03,Active
AST22418AE8E9,CUST100005573,Handset,Nokia,593F570CEB4C4FDB,2016-10-20,Returned
AST762A0B482D,CUST100097412,Modem,Samsung,02ED0DDD49BC4852,2022-12-01,Active
AST5F66BFCB79,CUST100072359,Handset,Huawei,08446422EA53498A,2017-03-08,Active
AST77ECF45F1E,CUST100088197,Router,Cisco,201E92AE78D64C67,2023-02-18,Faulty
ASTD98DAC21AC,CUST100049323,Handset,Apple,B47BC18CF45A4777,2024-07-03,Active
ASTE9906A3DC6,CUST100002906,Modem,Cisco,1E8578D8DD0F49A1,2021-05-10,Active
AST7E0AA914E3,CUST100036919,Handset,Cisco,4D46D6F75453452E,2024-06-09,Active
AST54C02EBB1D,CUST100059866,Handset,Samsung,08D53EA19FAA4642,2025-12-22,Active
AST454B99E2D8,CUST100026230,Modem,Arris,930D105179B84B7B,2023-11-02,Faulty
ASTB200334710,CUST100049694,Set-Top Box,Samsung,CA7254C74AF244AC,2024-08-29,Active
ASTAD25A0E8B9,CUST100066392,Handset,Google,A4EB79E272814867,2019-02-12,Active
AST24B9B03A10,CUST100028655,Handset,Arris,DACA573A5FD74033,2024-03-31,Active
ASTBF45899324,CUST100056435,Modem,Samsung,F279EC9A02D84380,2016-10-26,Active
AST0A0293AC82,CUST100078347,Handset,Nokia,43C8FE1C4B4C4019,2025-12-07,Returned
AST07B5E3428A,CUST100080231,Set-Top Box,Apple,EC789D98D7DC45F9,2023-01-11,Active
AST6B8DB6C8BE,CUST100079776,Handset,Huawei,9EC425FA84A94557,2023-12-29,Active
ASTBE0225B32C,CUST100026238,Router,Huawei,10D3F4B319C54872,2025-09-30,Active
ASTCA4A7DF6BC,CUST100050258,Handset,Samsung,53F8FF3C4CAE4118,2018-08-04,Active
AST58A98A1979,CUST100096570,Router,Nokia,FBC8C3078F9742F9,2018-11-09,Active
ASTB1A6C498C4,CUST100043030,Handset,Google,0102AA957C994992,2026-04-29,Active
AST3E654C12E8,CUST100065933,Handset,Apple,BAB10F3B08944930,2016-05-27,Active
AST53CAC0CEF6,CUST100034642,Smartwatch,Nokia,EEBBDC9325F34217,2017-12-30,Active
ASTB50900C050,CUST100002207,Modem,Apple,226E5A6E9C02466E,2022-08-07,Returned
ASTEC922B113F,CUST100046873,Handset,Arris,7680FCA1FF424CF8,2024-06-08,Active
AST5C504B6DB9,CUST100039041,Set-Top Box,Huawei,972D996E32E5474A,2019-12-01,Decommissioned
AST4F0E99E29C,CUST100059962,Modem,Samsung,98276FD30BF2413F,2022-02-23,Active
ASTF9FED055D2,CUST100024536,Handset,Nokia,764C2180F0E94224,2022-09-12,Active
ASTAB42A843AC,CUST100046708,Home Security Hub,Cisco,8908A0E8D1804679,2025-07-22,Faulty
AST8075EEB5DF,CUST100086256,Set-Top Box,Nokia,11A148F966EB4112,2025-06-03,Returned
AST8806BAB389,CUST100091113,Handset,Nokia,4A17F1E86B794B62,2018-07-01,Active
AST3BDD9B5769,CUST100035350,Router,Cisco,C0D038D172BA4823,2025-07-12,Faulty
AST4EBB82268F,CUST100056010,Modem,Google,69C80F555E034C3F,2022-03-13,Active
AST4FD1EC69D3,CUST100004636,Smartwatch,Samsung,14CF9552C3334A55,2016-05-31,Active
ASTDF94F925C1,CUST100011108,Set-Top Box,Arris,16A7D0A094E846FD,2017-01-20,Active
AST4C93D62D4D,CUST100020295,Handset,Apple,82DB76375BCC412D,2018-10-09,Active
ASTB50DC5B68A,CUST100058690,Router,Cisco,D0E31E83BCAC4730,2021-02-10,Active
ASTBA6BC10771,CUST100091503,Handset,Google,80EC65AEF47A44D4,2025-07-27,Decommissioned
AST1150CB023C,CUST100005864,Modem,Huawei,7BCFC7FF76F84041,2024-04-13,Returned
ASTCA0C8410F1,CUST100071736,Modem,Nokia,6C18A43D50CE44CB,2019-09-21,Active
AST8C3A6CA871,CUST100023699,Handset,Samsung,0AF0F1DFB72A4267,2016-01-28,Decommissioned
ASTF9D51B365F,CUST100002497,Set-Top Box,Cisco,68FDB058D223442B,2026-06-25,Active
AST256E92C642,CUST100046212,Handset,Apple,768FCB9F04A246F1,2018-04-24,Faulty
AST8EC897949F,CUST100082062,Set-Top Box,Apple,CC8F9AD7EFC04834,2024-04-22,Active
AST41FAC55F8C,CUST100033398,Router,Cisco,5A5C59032961434C,2022-10-30,Active
ASTE7AE561364,CUST100084739,Smartwatch,Google,29FF36B11D854A6F,2020-03-07,Active
AST86996A337D,CUST100089882,Router,Cisco,01C6C2C0586D4281,2019-06-06,Active
ASTAA54A79054,CUST100026477,Handset,Nokia,48152F2DF0EC4854,2019-09-11,Active
AST5D5CF82671,CUST100056254,Router,Google,AD5339B88E4C4C24,2019-10-21,Active
ASTAA1E3588CF,CUST100012291,Router,Apple,3BA44FC9C6094E57,2026-04-07,Active
ASTC06587F1D3,CUST100081732,Handset,Samsung,36342435B12440AF,2022-12-04,Active
AST406FE56BCE,CUST100056854,Handset,Nokia,5E020E2929DF4C53,2024-08-29,Active
AST468D626E7F,CUST100004643,Router,Cisco,A8C49FFE1FC148AA,2022-11-28,Active
ASTDDAE9E4F99,CUST100058477,Handset,Apple,82E6EF8BBFEA4159,2018-07-06,Faulty
AST4ADD1C1678,CUST100095016,Router,Samsung,A7CA6A185BF54965,2024-05-16,Active
AST6E0F0B1BC5,CUST100064824,Modem,Google,72401FCC5EFE4AE9,2025-09-24,Active
AST4254412FF6,CUST100038412,Handset,Google,1F2454D7150E480B,2025-05-26,Active
ASTE50C67A2D4,CUST100002220,Handset,Huawei,02DD9B0725ED4143,2025-08-12,Active
ASTF240C79A28,CUST100036929,Modem,Apple,0872F5FC4DBB470E,2025-09-23,Active
AST4B629DC010,CUST100089246,Smartwatch,Google,57B8672E865246F6,2022-11-26,Faulty
ASTFA1C3F788A,CUST100064062,Home Security Hub,Arris,153B18C225CC4C53,2016-11-20,Active
AST3BC436C9D8,CUST100015006,Set-Top Box,Nokia,6DB04E1922EA497C,2025-05-17,Active
ASTFD344F83CA,CUST100015625,Handset,Nokia,1EA530847EF94624,2022-12-28,Active
AST823D5C9EDC,CUST100004828,Set-Top Box,Huawei,9FB0FA77A1BB406C,2019-09-19,Active
AST31A0335F00,CUST100049250,Handset,Google,31786A8741CC4ECD,2024-06-07,Active
ASTF382BF5574,CUST100055436,Set-Top Box,Apple,CB5047CA46C24E35,2020-12-17,Active
AST53F94C64A5,CUST100044262,Modem,Huawei,679484BBF5B5498B,2019-07-22,Active
ASTF46EDCDEFF,CUST100041960,Smartwatch,Nokia,D2D3552C30E643AA,2025-08-31,Active
ASTDF3C27792D,CUST100077117,Handset,Cisco,ECD052BF304F4B23,2022-10-14,Active
AST9B08FDEC3F,CUST100062234,Modem,Huawei,6E6B822386084675,2018-12-14,Active
AST64B33E3271,CUST100084489,Home Security Hub,Google,6E60447892664EFA,2019-12-02,Active
ASTDC78AB83A5,CUST100047334,Set-Top Box,Nokia,BBC3F6FC81CD49C7,2017-08-24,Active
AST53A718E406,CUST100013974,Set-Top Box,Huawei,0D314FE1DE8A4231,2019-08-05,Faulty
AST95FAA39BD2,CUST100062119,Router,Apple,E79C27776DBF4FBA,2022-09-05,Active
ASTDAA3946667,CUST100023640,Handset,Huawei,5B287520812041BF,2022-02-14,Faulty
AST1BD70522AA,CUST100031956,Set-Top Box,Apple,8C6F796758044892,2019-10-29,Faulty
AST56A175EDDC,CUST100077034,Modem,Arris,C8450F04D1AA4F2D,2018-08-10,Active
AST5ACADF01CB,CUST100096609,Home Security Hub,Apple,C3054B9030334FBB,2019-11-17,Active
ASTA31E13EA4A,CUST100084968,Modem,Cisco,E19CCE0C33E647C2,2022-01-27,Active
AST038E90F973,CUST100056839,Handset,Samsung,C56CD4B011164767,2020-07-21,Active
AST7AED3B126B,CUST100079309,Handset,Cisco,570BEF3BA7EF44DB,2019-08-11,Active
ASTCFF1296CE8,CUST100049981,Router,Huawei,BE408E39EEDB4580,2023-12-09,Active
ASTF970433F58,CUST100088943,Modem,Google,83F278C103B3424C,2019-03-18,Active
AST0296FD110D,CUST100056939,Set-Top Box,Apple,79758E9841D24741,2025-12-15,Active
AST82D23F5B21,CUST100048693,Router,Huawei,3E25A2A7F16F4C2B,2025-02-07,Active
ASTD931EC8C9E,CUST100012371,Handset,Apple,E867D3AC692D4BA7,2021-07-20,Returned
AST1E133D1A8C,CUST100015394,Modem,Samsung,D092D8CDEB204485,2018-01-28,Active
AST6212D4D9A7,CUST100088619,Modem,Apple,CAC37EEAB3A84A34,2021-04-10,Active
ASTB18D9F98C2,CUST100033161,Handset,Huawei,CC5AEC471342480C,2024-12-05,Active
AST88F1616CA9,CUST100082400,Modem,Cisco,BAA6EF9AE42140B3,2018-12-27,Active
AST563FF66315,CUST100051501,Home Security Hub,Cisco,F95CCE5E56CA469E,2016-02-14,Active
ASTD28FB372D4,CUST100023395,Handset,Cisco,4A129E1EAC10497D,2017-12-02,Active
AST49B0F8D59B,CUST100019059,Router,Samsung,9B155D3837CF4C3B,2016-07-13,Active
ASTF293346A85,CUST100046645,Router,Arris,A894C5C8AD144F72,2020-04-04,Active
AST8C29E846F7,CUST100079464,Router,Arris,0D998570C5EE49C0,2016-03-18,Faulty
ASTC11EA1E5EC,CUST100081367,Home Security Hub,Apple,7B7B2922D2444573,2025-08-06,Active
ASTAC104926C5,CUST100095004,Handset,Huawei,82649EFBB3D84674,2016-12-10,Active
AST08E87D96E8,CUST100052629,Router,Huawei,44FB728EF866437D,2017-03-20,Active
AST85DED6EB72,CUST100029321,Modem,Arris,26803122340744D9,2023-02-16,Active
ASTD7AF151297,CUST100060321,Set-Top Box,Arris,953FB5F76B3E4E5C,2024-05-15,Active
AST11528002FB,CUST100064315,Router,Google,552691211C3841B4,2016-04-14,Faulty
ASTA8FBA82E0F,CUST100022914,Set-Top Box,Cisco,3B1F64EE6E674B24,2025-11-13,Faulty
AST38B12C20A0,CUST100096652,Handset,Cisco,4C3B2ACB8EF44A89,2020-05-19,Decommissioned
AST766F895649,CUST100071792,Handset,Huawei,4507183888AE4E52,2019-06-09,Faulty
AST94825C2309,CUST100076236,Handset,Google,FE3D6D7CA2A44464,2017-07-19,Active
ASTFA63CC749B,CUST100046832,Handset,Google,E0D98A2BCF5A4D2F,2021-01-24,Active
ASTD99BD771B2,CUST100032759,Handset,Arris,8385CF2CADAF44F9,2021-10-22,Active
AST4BF273CD6C,CUST100016924,Set-Top Box,Cisco,441A301F7A0B4D87,2024-07-14,Active
AST52BB4BF5BA,CUST100012653,Router,Samsung,3DAA0E9096914B96,2026-02-22,Active
AST536B55F94E,CUST100007839,Set-Top Box,Huawei,844B6E1F6DEE45D8,2018-08-06,Active
ASTB92B037AA1,CUST100045172,Handset,Google,A502DA4322E74DFB,2025-03-02,Faulty
AST22C0AE931F,CUST100062490,Home Security Hub,Huawei,90604F5F96DF461C,2020-05-19,Active
ASTCB1DC1F713,CUST100089455,Handset,Arris,1202D01469974822,2024-12-25,Returned
AST5854C339E9,CUST100003050,Handset,Samsung,B1A65FD7944D449E,2017-08-22,Active
ASTDE7A68F00A,CUST100012119,Handset,Arris,C5E5F92DF5454A88,2025-02-28,Active
ASTEB8CD8ED67,CUST100096712,Handset,Apple,AB71F50515414FF3,2023-07-27,Active
AST9CBB97BF4A,CUST100008673,Router,Samsung,67FA19B8B6D645F9,2023-05-11,Active
AST6183652771,CUST100042507,Modem,Google,FDBF10E38C4146EC,2017-03-26,Active
AST7C96B29AA5,CUST100002604,Router,Google,014C08CDD8974FBA,2024-06-11,Active
ASTF52D2F774E,CUST100005000,Handset,Arris,380D9704330344AC,2018-03-24,Active
ASTE25E6F7A55,CUST100001478,Modem,Cisco,099B5E064AAA42CF,2024-09-23,Active
ASTCCCE1CAE19,CUST100035584,Router,Google,E172C7FF7CD740A0,2024-04-26,Active
AST00B476F316,CUST100033645,Smartwatch,Nokia,B5E62D039A714231,2024-10-31,Active
AST5114F993B6,CUST100065207,Handset,Google,D9E67D19B98043AD,2017-05-19,Active
ASTDF33A12884,CUST100096884,Handset,Cisco,AF021509FDE3477E,2021-06-19,Active
ASTACBC7CD025,CUST100004645,Set-Top Box,Huawei,188993E06129479F,2022-05-11,Active
AST31324A5FA6,CUST100041150,Router,Huawei,92B333A830BD4F18,2024-01-25,Active
ASTC389FABB2B,CUST100080329,Handset,Nokia,AB4EDFC33C66468F,2024-06-09,Active
ASTD325284790,CUST100096672,Modem,Google,9B3EBFDEB5284ED0,2020-08-07,Active
AST2A5C7D10B6,CUST100055978,Modem,Google,E8AF0658F46D4ADE,2023-06-02,Returned
AST626A26FDC7,CUST100065529,Handset,Apple,A2B64C2478154FA4,2016-07-17,Active
AST132AF68627,CUST100059660,Smartwatch,Nokia,EABA5172EBDB43EF,2018-02-22,Active
AST66B296DAFB,CUST100008826,Handset,Nokia,50F6E6F7A5754BE2,2017-10-09,Active
AST351F686C37,CUST100057870,Modem,Huawei,FD3D97354318431F,2021-03-17,Active
AST786DCB9CF8,CUST100077378,Handset,Cisco,5DC37787BF9D4110,2018-12-06,Active
AST6CCD86BABC,CUST100091943,Handset,Apple,F29166AB822A4A5E,2025-03-25,Active
AST5EE67FF0D2,CUST100003506,Router,Samsung,51AE31D470014D01,2017-10-23,Active
AST2578B53967,CUST100092342,Router,Huawei,E829814FA83942EB,2017-02-12,Active
AST328043ABBF,CUST100083353,Handset,Nokia,878F0D3A1181486F,2022-05-18,Active
AST910F5F0691,CUST100035568,Handset,Google,BF7392370A0E4037,2022-12-18,Decommissioned
AST1ED4919AFC,CUST100074762,Handset,Huawei,B56DFC815EB343AD,2018-08-21,Faulty
AST64F03EA86B,CUST100062805,Handset,Huawei,5974FF4367A643AE,2019-01-25,Active
AST0B881A04F0,CUST100083440,Router,Nokia,62AA230FCD3B4CFB,2020-06-08,Active
AST7CD0565EBE,CUST100030861,Home Security Hub,Google,AD1D795341A2490D,2016-10-30,Active
ASTE78CE13409,CUST100069423,Smartwatch,Apple,1E5C1F39CC55491D,2016-04-29,Active
AST6C08D1FE3C,CUST100079251,Handset,Cisco,D32FD2AF996A4E81,2025-06-12,Active
ASTB7AB3FDA16,CUST100071382,Handset,Nokia,EF44F4D4FF4545FE,2021-10-07,Returned
ASTC06C9AB4A3,CUST100099030,Handset,Arris,58FFA9EA34EF48A4,2025-09-12,Active
AST99E9776861,CUST100041823,Router,Huawei,56A9F2CCCB374DE6,2019-12-07,Active
AST1499784B07,CUST100007863,Router,Huawei,794C28E513F84353,2017-05-21,Active
AST33754AF89E,CUST100007896,Handset,Arris,9D277EB73D05422F,2023-12-27,Active
ASTF2A104F21B,CUST100047835,Handset,Samsung,5F3C03B194E44AB5,2022-03-02,Active
ASTC3A283BA5F,CUST100081828,Home Security Hub,Arris,BB3D1A9558B742BC,2022-11-20,Active
ASTBF42F42E97,CUST100046675,Set-Top Box,Samsung,2E7DEFCA03C94388,2023-09-10,Active
AST79C9E7A298,CUST100077326,Router,Google,43E213DF6DBA4212,2024-11-21,Active
ASTC5ECFF0306,CUST100045564,Handset,Arris,0C47687BDDFF4389,2025-02-22,Returned
ASTE576E7901F,CUST100082517,Handset,Huawei,3994FA22FD384C8B,2022-11-01,Active
AST03F80B3CB3,CUST100076179,Handset,Cisco,94CA19AA63DC457C,2016-02-24,Active
AST80B3B85B38,CUST100095540,Modem,Apple,68EB0B1A67754FD1,2022-06-15,Returned
AST7D675EACBB,CUST100003459,Router,Arris,D5976A47FDEC4A8B,2017-10-11,Active
AST5D44859EE0,CUST100052320,Set-Top Box,Apple,52DB6B42B0614619,2019-03-30,Active
ASTEA67D1C7F8,CUST100018795,Router,Cisco,0E7055DD346441FC,2023-01-19,Active
AST7657E95BD5,CUST100077923,Set-Top Box,Huawei,B7E6424C21E34B57,2018-06-08,Active
AST5B6185BF94,CUST100081540,Router,Huawei,8DD367CADCB94C1D,2026-05-11,Faulty
AST026D89D6EB,CUST100060604,Modem,Nokia,DF38CA1BCAB44885,2025-09-20,Active
ASTB89FB64707,CUST100051027,Smartwatch,Cisco,4607AB29F75E44BD,2019-11-26,Active
ASTC7F297B2D2,CUST100041620,Smartwatch,Samsung,4354746DB35148CF,2017-12-15,Active
AST0EF482AD9D,CUST100015638,Router,Arris,D6EDB0D59E8C4457,2024-04-07,Active
AST73782BE07F,CUST100046266,Set-Top Box,Apple,011F3687A18F4303,2020-12-08,Returned
AST7A8256EA4F,CUST100086594,Router,Nokia,5E2F08E6DFA24717,2026-05-20,Active
AST64941C9EF3,CUST100052578,Modem,Samsung,636AE87473AF4D6C,2022-07-01,Active
AST116B5E1A9E,CUST100045939,Modem,Google,5529BB1DED4D415A,2017-04-24,Active
ASTAB1D478587,CUST100034880,Set-Top Box,Samsung,D7FD4C9CBFE249E4,2025-07-24,Faulty
AST4A74DAC1F3,CUST100066634,Set-Top Box,Google,53CAE8F65A81492B,2018-10-18,Active
AST6350BFF1C1,CUST100038569,Smartwatch,Nokia,E966D9C372A04691,2019-12-13,Active
AST0DDE0DC9AE,CUST100046794,Handset,Samsung,CB7A418D84074B3B,2016-01-19,Active
AST8547552455,CUST100071377,Smartwatch,Arris,A3284F6FD98B4129,2017-12-28,Active
AST9D99A59FA0,CUST100044099,Router,Samsung,02009B45195C4BAD,2017-04-14,Active
ASTF93A8A9444,CUST100044893,Handset,Apple,6E4C9A4CFACF4979,2019-10-24,Active
AST30E6D5D245,CUST100023896,Router,Samsung,DC52C18E04ED45F8,2024-09-16,Returned
AST2B629B865C,CUST100084424,Router,Google,CA15ABB86F604483,2023-02-10,Active
AST4390B2DE59,CUST100020603,Handset,Google,31FC1614D85540CB,2018-08-23,Active
ASTFF033228D6,CUST100028635,Modem,Google,C764141F315F4571,2017-07-30,Active
AST52B76F06C8,CUST100050184,Smartwatch,Nokia,27D0AC730ADB4833,2017-06-10,Active
AST36B86668E9,CUST100012029,Modem,Google,6D4A4EBE305C435F,2018-02-22,Active
ASTC20C42E071,CUST100068935,Smartwatch,Samsung,E44909E645884870,2021-10-12,Faulty
ASTB0636A875F,CUST100063267,Set-Top Box,Huawei,B842487C0BD748EA,2024-10-21,Active
AST55D8DF5F3B,CUST100070732,Router,Arris,3070DA6915D7403F,2021-01-02,Active
AST5C551724A9,CUST100096950,Handset,Google,1179198DB0004FAD,2018-02-05,Active
AST39ED9AA4F5,CUST100065761,Router,Huawei,BB4EC979B28A4B1C,2020-11-29,Active
ASTA53C3A24FB,CUST100049533,Handset,Nokia,BCDE740A549E4821,2026-06-06,Active
ASTFFC7B2C104,CUST100079046,Modem,Cisco,CD8D28FCDD7E46DA,2018-12-27,Active
AST439DF034B2,CUST100049147,Modem,Arris,CE70EF2894194888,2016-08-25,Active
AST0CC0640D82,CUST100040192,Router,Nokia,D545B9322995413E,2019-12-14,Active
AST2B2EEF5B99,CUST100014151,Handset,Cisco,1C5960C6F90342B7,2023-07-22,Active
AST6A959EEC7A,CUST100092716,Set-Top Box,Cisco,2F5E14A3F347497F,2019-05-25,Active
ASTA626148AFD,CUST100004331,Router,Nokia,7994AE276A614B75,2021-05-15,Active
AST20C071287D,CUST100087223,Handset,Google,AE012D01BC444C03,2022-01-17,Active
AST0133ABFCC0,CUST100027233,Router,Huawei,D831751FE25C4AD9,2025-08-31,Active
AST2F7CFAA99B,CUST100090023,Router,Apple,C2C6A86189E349AE,2026-01-22,Active
AST521911494F,CUST100033965,Handset,Apple,9D321AB260474F44,2024-03-04,Active
AST089154E266,CUST100019359,Handset,Nokia,2DCD2400EC2B4C02,2018-12-25,Active
AST9C15E80A4E,CUST100040487,Handset,Google,E477CB859091493E,2021-11-03,Active
AST06292C128D,CUST100045658,Set-Top Box,Cisco,EA5279EFD3BF4997,2017-07-14,Active
AST052864B4DD,CUST100007647,Handset,Cisco,40C461229F004BF0,2021-04-16,Active
AST70F51F016B,CUST100022733,Modem,Cisco,622840C23FBA4DC8,2025-12-27,Active
AST9529997596,CUST100037584,Handset,Google,44D382FD7E204AAE,2017-03-22,Active
AST596F3A84BA,CUST100082894,Handset,Google,E084F359AD624B7B,2025-01-26,Active
ASTC8FE89E73F,CUST100078878,Router,Google,B56DD5140F544598,2017-10-15,Returned
AST4CD70A0C6C,CUST100066069,Handset,Arris,956367BAAB2C4217,2024-02-17,Active
ASTC774191494,CUST100053711,Handset,Cisco,E81443BC737D4029,2016-03-08,Active
AST4B009BF82B,CUST100033916,Home Security Hub,Apple,6A5F98BE9B864DDB,2022-10-05,Faulty
AST04B5C1793E,CUST100074294,Router,Arris,F745834502F14D68,2017-06-03,Active
AST40BD74E53A,CUST100031781,Modem,Arris,CDDE93DD596248E9,2020-12-28,Active
AST017C40EC09,CUST100085209,Handset,Cisco,CEA47D836B6E4FB2,2020-06-25,Active
AST96C2D8C5E3,CUST100066088,Handset,Google,DBD7509363DE425F,2016-10-28,Active
AST1FF1F32E9E,CUST100069141,Router,Nokia,6789E1ABEF4B494D,2016-04-08,Active
AST5DFFA5D485,CUST100011572,Handset,Huawei,0D07DEBAF17F4226,2019-12-25,Active
AST8931E448C7,CUST100077299,Handset,Apple,2AAA80E751ED4BF7,2026-06-05,Active
AST8B26919331,CUST100084565,Smartwatch,Samsung,04A110641F3C4746,2017-10-02,Active
ASTDE2E3A9AF1,CUST100088945,Router,Google,5DB314A0ADAF4D7C,2023-11-15,Active
ASTC13776D635,CUST100076068,Handset,Google,EE9083A9C2D5403D,2022-12-29,Decommissioned
ASTF76F02A4D4,CUST100003193,Modem,Samsung,BAADAC11E28842CB,2021-03-01,Active
ASTF7ADF1A6F7,CUST100099377,Handset,Samsung,98154C17830243A8,2026-03-04,Active
AST71626D7732,CUST100060111,Router,Arris,2EF17B247B7249A4,2024-04-05,Active
AST815F5AE6BA,CUST100078843,Home Security Hub,Samsung,17CE3064456A4EE7,2026-03-16,Active
ASTA3F2A26123,CUST100092281,Smartwatch,Huawei,9ADD10E0DC47459C,2018-12-24,Active
AST15F0240E2B,CUST100029653,Router,Huawei,62E9705ED2FD492D,2019-02-26,Active
ASTF42665258B,CUST100003091,Handset,Arris,9C26070AC205421B,2020-09-01,Active
AST70C9A9F7CA,CUST100035394,Set-Top Box,Samsung,6A1D6353150A4C42,2018-06-10,Active
AST28B9FD727E,CUST100029869,Modem,Huawei,7DC536C8C390492D,2020-07-24,Active
AST574590FF2F,CUST100099192,Smartwatch,Huawei,65762CB51E7144A4,2026-01-30,Active
AST80E16ADE4F,CUST100022356,Handset,Samsung,D78D85E3F3DB4A5D,2019-10-25,Decommissioned
ASTD137CF6D00,CUST100025935,Router,Huawei,64B43FCB32ED48EE,2026-01-07,Active
ASTB96337D844,CUST100054677,Handset,Google,8553802918F14C62,2021-05-31,Active
ASTF1114B836B,CUST100078486,Modem,Cisco,7CA70DEABC95448E,2018-03-20,Active
AST766A2CEF58,CUST100026845,Set-Top Box,Huawei,5D2066ACCECD4B29,2020-01-01,Active
AST322EA96E66,CUST100040541,Router,Cisco,B7A6D8452C2D43BB,2023-10-08,Active
ASTEA04E9BB6E,CUST100047836,Handset,Nokia,EBC65B6E64454D70,2026-04-04,Active
AST72F0FC208F,CUST100085254,Router,Cisco,F906E3A3DE014830,2016-09-25,Returned
ASTAB87B85318,CUST100071750,Handset,Google,269ADC439BEC4DDB,2022-11-19,Active
AST030FDDD98B,CUST100056261,Smartwatch,Samsung,A37CBFE72FC648C7,2016-09-07,Active
AST9630C53159,CUST100041104,Handset,Samsung,03A88E69C004498A,2020-10-13,Active
AST4A5E1CA87D,CUST100007091,Home Security Hub,Apple,EFE280576E254CB7,2020-05-31,Returned
ASTA5EF4B491E,CUST100093062,Handset,Apple,EF7C132AF011426F,2021-07-09,Active
AST5A8983AF1E,CUST100008314,Set-Top Box,Apple,98E7B2BF48124916,2020-02-12,Active
AST01CAD987F8,CUST100030719,Set-Top Box,Arris,58CBF01592884BAC,2016-05-19,Faulty
ASTF4C16F50BD,CUST100035751,Set-Top Box,Arris,22CC6E3B034F4E72,2021-05-03,Active
AST28F928A9B8,CUST100041089,Router,Nokia,C521BD11610746E6,2016-07-14,Returned
AST9CE865D85F,CUST100011212,Handset,Arris,D8506A82E07B4777,2018-05-21,Active
ASTCE0CDDAE4F,CUST100050742,Home Security Hub,Huawei,EE5F7F2BE3DE433A,2020-11-22,Active
AST156F1538C2,CUST100052988,Set-Top Box,Nokia,DC65E72FFF2B47EC,2020-07-22,Active
ASTD1890B1C23,CUST100071337,Router,Cisco,33CA4A9188C444D3,2026-06-24,Active
AST46EF8AB53C,CUST100035862,Set-Top Box,Huawei,8E480E9DBFCF4371,2018-04-06,Faulty
AST01B37E14DD,CUST100012792,Set-Top Box,Cisco,14EBC73C3FF144BB,2018-04-28,Active
AST5837472F10,CUST100014975,Set-Top Box,Apple,A8975FBDC6D944FF,2016-05-15,Active
AST944A66C2F4,CUST100055348,Set-Top Box,Samsung,1783D5F0FE2D4D45,2017-11-23,Faulty
ASTC6465092EF,CUST100044661,Smartwatch,Apple,C0C430CD744F4A9D,2020-06-06,Returned
ASTBCB4A0D524,CUST100082745,Handset,Arris,ABA27D370BDE4BBC,2022-03-19,Active
AST7ADAE3CB28,CUST100052178,Handset,Nokia,EB98E2DAC7A14722,2025-09-05,Active
AST7DB9F7F65F,CUST100020572,Handset,Samsung,000CF0C0C84645F9,2019-10-26,Active
AST5F307A852D,CUST100008525,Modem,Nokia,11F470313BF94806,2023-02-24,Active
AST13BD304519,CUST100056203,Modem,Samsung,EC320918CF3346C6,2020-07-23,Active
AST0E54839142,CUST100085038,Set-Top Box,Cisco,CD4508B0ED0E4EBD,2017-05-03,Active
ASTEA32DA83FE,CUST100049705,Handset,Google,9A37E71BA6BE4188,2024-02-14,Active
AST4F9A640306,CUST100043132,Router,Samsung,B003A30093194249,2017-05-07,Faulty
ASTB86CD0973F,CUST100008255,Handset,Huawei,824C36EB354E48B9,2024-03-23,Faulty
AST075E942FA0,CUST100014501,Home Security Hub,Nokia,90A5900E57A048B1,2020-07-31,Active
ASTC4780489A6,CUST100011707,Set-Top Box,Nokia,BEE9C676343A4F6A,2023-08-30,Active
ASTE07381E0AD,CUST100020033,Handset,Samsung,7398D66358D74453,2016-06-23,Active
AST981CA508E5,CUST100047200,Handset,Cisco,E5EC7F7CF1BF4E93,2019-08-01,Active
ASTC005E5603D,CUST100079504,Home Security Hub,Apple,736EC4FFAC0A4CB1,2016-06-17,Active
ASTE0AB344282,CUST100029770,Smartwatch,Cisco,E26CAC574DD5406A,2017-08-05,Active
ASTCB6D8D43B5,CUST100013877,Set-Top Box,Apple,9A2A689B8E854004,2019-11-18,Active
ASTD8498907DB,CUST100080336,Modem,Nokia,094FB8FBC83B4E0F,2018-06-22,Returned
AST522CD7F5D1,CUST100089968,Handset,Cisco,D015B4665B294400,2019-02-28,Active
ASTEBB31F056C,CUST100073759,Router,Nokia,C202934D9E3D49E5,2025-10-25,Decommissioned
AST455863D14C,CUST100020243,Set-Top Box,Huawei,3964DE06AEA84A67,2018-06-17,Returned
ASTDC48B01214,CUST100092239,Set-Top Box,Nokia,9F90F1F35E0D4801,2016-06-17,Active
ASTE917B2856A,CUST100005086,Router,Apple,7437D00E478044DF,2021-12-13,Returned
ASTB5B71153D7,CUST100074292,Router,Nokia,FA5AED2B5A9A4E71,2025-07-23,Returned
AST42000258CF,CUST100001807,Home Security Hub,Arris,42B99A8E71A74037,2018-04-15,Active
AST75026266DD,CUST100072653,Router,Cisco,C1401C5EA258474B,2024-11-28,Active
AST266919AC43,CUST100083094,Handset,Google,BCA4A50B08084809,2020-04-28,Active
ASTB0CFC1D08F,CUST100026475,Modem,Arris,2B7F8B117158404E,2017-07-21,Active
AST7D6B3E5FB5,CUST100030577,Handset,Google,92F4A0CD16A24DC7,2025-06-29,Active
AST96691D8A14,CUST100072668,Handset,Huawei,D6564EEE7B6748DD,2023-09-18,Active
ASTA2BFBBCA67,CUST100057474,Router,Apple,088043E6A71B46DC,2024-01-31,Returned
AST0C15721D05,CUST100071123,Handset,Nokia,2930E1ED88574F1F,2022-06-18,Active
ASTB792CB28A7,CUST100015122,Set-Top Box,Apple,B88A50577E2F4424,2024-03-01,Active
AST42F8432061,CUST100010589,Handset,Google,C56DF2CCF251458E,2022-03-31,Active
AST71286B824B,CUST100067076,Handset,Nokia,2B6A55A6F60B40C8,2022-02-07,Active
ASTF8ADF6BB57,CUST100003428,Handset,Arris,4E1C3DEBC66E4AB3,2023-01-03,Returned
ASTF7A15EB0C0,CUST100017027,Handset,Samsung,0260BFD4BC2D41A6,2016-08-21,Active
AST0064367BC5,CUST100090762,Handset,Huawei,20A6657714F144CF,2025-11-07,Returned
ASTF5FF12B8CC,CUST100093086,Set-Top Box,Huawei,D5698C16BA764352,2016-05-24,Active
AST2EA09D9A8E,CUST100033023,Handset,Samsung,3E794D83E7C94D4F,2021-07-18,Active
AST30EA0151F0,CUST100040126,Set-Top Box,Cisco,9616ACEC8A48427F,2022-09-05,Faulty
ASTCB8110F1F6,CUST100084480,Modem,Apple,C8002E2EF6AD43E7,2018-10-04,Active
AST907FA6FD9A,CUST100039099,Router,Google,EA463308F7794ACA,2022-11-02,Active
AST8E2FAA1FDE,CUST100057022,Router,Google,60AE04682BD2415B,2024-06-15,Active
AST2F06B41D78,CUST100059508,Router,Google,812C1232A14E4EDE,2018-12-15,Active
AST4D3FB10D3D,CUST100082984,Handset,Huawei,B618B83922074B3E,2022-04-29,Active
AST3BE1D505C3,CUST100061445,Handset,Arris,5C6F3CCC2B234FE7,2023-11-09,Active
AST0C1CBB4118,CUST100097011,Router,Arris,F637151184774399,2018-03-03,Active
AST79B69620D6,CUST100064254,Handset,Cisco,E686ED08F2F14945,2026-01-11,Active
AST1F5841A797,CUST100096987,Router,Samsung,D4829BB2280A4CCF,2022-07-31,Active
AST2BAB0C335F,CUST100084768,Set-Top Box,Huawei,301B6D736A5042A2,2016-05-14,Faulty
AST138F297C34,CUST100021740,Modem,Nokia,0A3CEBDD2BD34B1E,2023-02-06,Returned
ASTBC3C29CD27,CUST100073779,Modem,Nokia,74E2DCD4B3CA4FC1,2024-06-03,Active
ASTE4BEBAAE3A,CUST100049728,Handset,Samsung,735DF5124FD24B1C,2020-01-17,Faulty
AST2051E0F916,CUST100088179,Handset,Arris,2387B8F6F55743D4,2018-02-27,Active
AST21D59D104F,CUST100009962,Smartwatch,Apple,60901928962E4546,2019-07-09,Active
AST77D413D92C,CUST100080800,Handset,Apple,81836A3F21724FBF,2025-05-24,Active
AST2D2B43885C,CUST100019043,Handset,Huawei,757B1551C1DB4876,2021-03-25,Active
AST466DBFACAF,CUST100066684,Handset,Huawei,F8E614BC21C44E5D,2020-12-14,Active
ASTE17DD13D87,CUST100031547,Modem,Cisco,FDE23B98738B411B,2019-05-22,Decommissioned
AST795AB4AD07,CUST100005800,Set-Top Box,Apple,7CDC9F7AEDD54DEC,2022-12-20,Active
ASTC6DF4542BB,CUST100088526,Handset,Samsung,61D578E468F549BF,2021-02-15,Returned
AST04D2E30E91,CUST100028004,Modem,Apple,19A48B63A5EE483F,2020-06-27,Returned
ASTA51BA75FF1,CUST100007472,Modem,Nokia,4C55298356314534,2019-07-24,Active
AST0ADE5DABB4,CUST100019376,Handset,Cisco,EB49468BAAB84BE7,2020-07-04,Faulty
AST7500D3C9AE,CUST100072902,Set-Top Box,Cisco,6F19E9B5163E4B44,2022-04-12,Active
ASTB965726E87,CUST100019419,Router,Google,7A2F1C9740D24C83,2025-10-09,Returned
AST0E5DBFA155,CUST100013660,Handset,Cisco,8A7B8A76AF51460E,2020-08-04,Faulty
AST5C06B93AA2,CUST100070570,Handset,Huawei,4E01E938B91143FD,2023-02-11,Returned
ASTEC17788483,CUST100038585,Handset,Cisco,E8B3E2BCD5184F30,2017-11-25,Decommissioned
AST8BFA7A604F,CUST100050548,Smartwatch,Nokia,13F2AC07CAE74F47,2023-06-25,Active
ASTF904F75763,CUST100001925,Handset,Apple,C7C0DE66106C4833,2019-08-19,Active
ASTAB1E6E794B,CUST100041497,Set-Top Box,Huawei,DF3D42B4B4BB4511,2021-06-02,Active
AST71FABA0CA8,CUST100010203,Handset,Samsung,25D2F54CA0DF40AA,2019-06-26,Active
AST0071EAD413,CUST100051076,Handset,Samsung,E26D7FEA9EFD4E0B,2021-09-07,Active
AST0792338DB9,CUST100042828,Router,Arris,ED08E15F0FA84EDA,2024-06-05,Active
ASTB27B4BFECA,CUST100030407,Smartwatch,Samsung,23A7B5E7807F4109,2023-06-22,Active
AST38E705CCE2,CUST100096639,Router,Samsung,9ABC9EB3E5C64DCA,2017-12-25,Active
ASTFC5A722BBE,CUST100062611,Set-Top Box,Arris,55453F9B5ABA4ADB,2016-09-30,Returned
AST8E0D2BC1FB,CUST100060747,Router,Samsung,2B3B727FA81140B6,2022-03-18,Active
ASTC9901C9168,CUST100081685,Router,Cisco,7DB659C85012455F,2024-03-16,Active
AST42898B15BA,CUST100057320,Modem,Samsung,D76F05D478194622,2016-08-24,Active
AST4453D86251,CUST100066273,Smartwatch,Google,9C6CBCEBA9ED4046,2019-03-22,Active
AST53580EC97E,CUST100072388,Handset,Arris,AB33FE64F3FD4764,2025-12-28,Active
AST7147E8E2DB,CUST100017249,Router,Nokia,BC32C0D81BA842DC,2026-01-15,Returned
AST80782A24D2,CUST100052409,Router,Samsung,9A5B6415973F41BD,2022-01-20,Active
AST25DBB5156B,CUST100085201,Handset,Apple,D56660DCCAEF4556,2018-11-06,Returned
AST1EBAA2364D,CUST100094223,Smartwatch,Cisco,56C9DF3F5C9E4E5A,2023-06-05,Active
ASTAD2E81CA29,CUST100013402,Handset,Samsung,59FA613A15E14B06,2016-11-24,Returned
ASTA85E443941,CUST100041026,Set-Top Box,Nokia,2D7D8E0E0C9E46B3,2017-02-17,Active
ASTFFEE582557,CUST100074448,Handset,Huawei,3084D262EC9B4363,2021-09-08,Active
AST03A67B69E1,CUST100065450,Handset,Nokia,66839EC691BB4CFB,2016-02-22,Active
AST35F80A9D2B,CUST100075295,Home Security Hub,Apple,12F86E69740E4F3D,2026-03-07,Active
AST3C8563241D,CUST100013635,Set-Top Box,Arris,2BD73482E17F474E,2024-08-22,Active
AST18DB0B37AD,CUST100097698,Handset,Samsung,23D51240229D4C77,2025-03-20,Active
ASTBB7DB95F96,CUST100089220,Set-Top Box,Cisco,6EECADBDFA9C4F58,2020-12-31,Active
AST59FA241CF1,CUST100077736,Handset,Huawei,00A2F8295F404AA8,2025-10-21,Active
AST9D38E308A8,CUST100001330,Router,Google,7F8108164A384417,2026-05-09,Decommissioned
ASTA18E50C0F5,CUST100088530,Handset,Apple,850422A24F0F434D,2021-09-26,Active
ASTF4BEDA313D,CUST100001888,Router,Nokia,D3CA72AB9EC5423E,2026-04-11,Active
AST961B6D2CFA,CUST100088053,Handset,Apple,9EDE9F7E574A47D3,2016-06-30,Active
ASTB1C9FADF05,CUST100080183,Modem,Apple,9867F24864FE4D37,2019-04-15,Returned
AST4B7C2E69EF,CUST100097873,Handset,Huawei,A2728080AA984969,2019-01-05,Active
AST2071148FD7,CUST100082246,Router,Apple,7FB135BB72F34071,2018-04-27,Returned
AST5B071049FC,CUST100096313,Router,Google,E24EC1EFF4A14DAD,2022-07-03,Active
ASTD9A5FD630D,CUST100062011,Handset,Nokia,5BE1203888ED49AE,2020-06-14,Active
ASTC2F89B9DF8,CUST100078585,Handset,Nokia,519985D4F452499D,2021-09-07,Active
ASTF1D4F9D726,CUST100039384,Modem,Arris,60E79EDF70DC4441,2016-05-08,Active
AST8AAA65EE1D,CUST100051142,Router,Cisco,119AF074085842ED,2021-05-26,Active
ASTC7DDDA9298,CUST100088021,Router,Huawei,B6FC4624C24A4225,2018-08-07,Active
AST632576937B,CUST100084784,Router,Huawei,BC84E45698664095,2019-05-29,Active
ASTF8F6EB1FD6,CUST100034207,Router,Arris,4AFD4F3073164197,2024-02-26,Active
AST1DE280CE87,CUST100086068,Handset,Samsung,28DF01DE66154705,2024-06-28,Returned
AST5B3B590E25,CUST100000642,Handset,Huawei,0D3599D204FC4F1D,2023-12-10,Active
AST899BE2A1D2,CUST100068984,Handset,Cisco,5467DF315A27448F,2016-10-27,Active
ASTE5F3DCE7D0,CUST100001348,Handset,Samsung,B8F69E2587544440,2020-08-27,Active
AST77B9EE59F7,CUST100028592,Modem,Apple,2880C272B7894297,2017-07-24,Active
AST2905C734D1,CUST100061455,Handset,Google,7D308E4A473B4236,2026-04-24,Faulty
ASTA50AF7AED5,CUST100023683,Handset,Cisco,4C39D97DB777403B,2017-08-14,Active
AST48A6930545,CUST100073458,Handset,Nokia,EDFE37204C4D4790,2018-05-04,Faulty
ASTF25FEBD3B6,CUST100024003,Home Security Hub,Huawei,E66EE1435E304C72,2016-05-07,Active
ASTEC62712E02,CUST100000982,Smartwatch,Nokia,65F172217F9D4CF6,2025-06-02,Active
AST560363FD28,CUST100011994,Router,Apple,823A9DF3086A4A10,2023-01-07,Active
AST4C76993F52,CUST100048254,Handset,Arris,121243B17E564D7B,2018-09-19,Active
AST0A8873B411,CUST100064320,Handset,Huawei,45FD69BC9D254437,2023-08-17,Active
AST29DFA6B038,CUST100029795,Router,Arris,6C364AB6BF374264,2023-06-15,Active
AST04CFB4D2F3,CUST100074524,Modem,Nokia,9587E3FEFD7C40CA,2020-05-08,Faulty
AST2E21922518,CUST100042530,Handset,Arris,89C111DA5C904BDB,2021-12-14,Active
ASTE8B2A11E87,CUST100062914,Handset,Arris,C5547997516A4EA5,2026-06-02,Active
AST5D816FE6C6,CUST100041186,Handset,Apple,E6860F6938E14FEE,2026-05-02,Active
AST250B3A8031,CUST100031590,Handset,Google,0CA1B6CDE55D407D,2026-04-07,Faulty
AST99C12CE1F4,CUST100064567,Router,Arris,7FAD0BFB9E564301,2016-06-14,Active
AST84A2E0850A,CUST100089273,Handset,Samsung,4629A4FB08C14491,2025-12-04,Active
AST6859A336E2,CUST100042464,Router,Cisco,230CFC7FB5E54670,2017-09-07,Faulty
AST10BB355DC9,CUST100011118,Handset,Arris,F856AD66667246E9,2017-11-06,Active
AST5698DB5988,CUST100051150,Handset,Samsung,09E0E06E46F9439C,2024-01-08,Active
ASTE3BDD21BD1,CUST100047957,Router,Samsung,639A5C0355DA44C5,2023-01-27,Active
AST5018014C70,CUST100089215,Router,Samsung,C89EE06067BB4CD0,2020-01-30,Active
AST8DE34C0D52,CUST100056964,Set-Top Box,Apple,6AA29BCBF8AF436C,2016-10-18,Active
AST24F1737E70,CUST100066644,Modem,Samsung,DAD9F930064345C9,2025-05-02,Returned
AST45EF7A0391,CUST100007961,Smartwatch,Huawei,D8FE34A70E274D2F,2023-07-05,Active
AST41084DA161,CUST100018809,Set-Top Box,Google,4889C14FFB9E4873,2023-03-20,Active
AST389362D518,CUST100018807,Router,Huawei,DC2BE33414654CD3,2025-08-24,Active
AST0185C606B7,CUST100064401,Handset,Apple,B12ACCF32F474C98,2026-03-10,Active
AST5118B3A983,CUST100037124,Router,Google,630FCBB552C345E1,2016-06-10,Active
ASTF0C766EC90,CUST100018580,Handset,Samsung,FCF4D7C18BF64056,2016-06-15,Active
ASTB19CBCB992,CUST100012603,Set-Top Box,Nokia,7177552EE45C4571,2021-07-22,Active
ASTED0C1E2088,CUST100068238,Handset,Cisco,600C0FF444984F02,2021-02-18,Active
AST33B37947A1,CUST100051001,Modem,Google,4368F3508CD840E1,2020-05-18,Faulty
ASTE906300F71,CUST100025850,Set-Top Box,Nokia,228C47018D9E4C5F,2018-05-26,Active
ASTA788834F8E,CUST100080339,Handset,Cisco,D1A6D8FD00904761,2021-10-11,Active
ASTC385B5FBF6,CUST100070970,Modem,Cisco,352D46A5FD7745DA,2016-08-17,Active
ASTF03E92FEC0,CUST100044132,Handset,Apple,D95A5A5A7E5240E9,2022-07-21,Active
AST7D4DF0814F,CUST100072694,Handset,Nokia,63E8B930124D4FA9,2023-07-28,Active
ASTD2794D3722,CUST100074559,Router,Apple,8F2F017344454BFD,2019-12-19,Active
ASTD902714B00,CUST100075896,Router,Huawei,621D36642219424B,2022-02-11,Active
AST0680759283,CUST100044288,Handset,Samsung,804EC924989F48E2,2020-11-26,Active
AST31EC520CA4,CUST100045541,Handset,Huawei,DABE35E454DD4FD7,2021-10-19,Faulty
AST5D59356DC1,CUST100042745,Handset,Nokia,5157F851E48A4558,2023-04-17,Active
AST627CB55E7E,CUST100056887,Modem,Arris,AB55B23CB01A43B6,2025-01-14,Active
AST5E3F5C8751,CUST100052932,Modem,Huawei,ED0E8EEB30D34C85,2026-03-01,Active
ASTD46E7E1149,CUST100054821,Handset,Samsung,7AAB0775D6354EDA,2017-12-26,Active
ASTB251D3281E,CUST100092360,Router,Samsung,9F9F9A9865034191,2019-05-29,Active
AST37BD36A2EA,CUST100062347,Router,Huawei,57F901C7FFCC4508,2026-05-26,Returned
AST835BAB9F24,CUST100023302,Handset,Samsung,20C54F62ABD449C0,2020-12-27,Active
AST5DCEF7B636,CUST100029103,Modem,Cisco,13A222E6DD28430A,2017-10-12,Faulty
ASTED4FA8761C,CUST100085304,Handset,Google,7C1DC56CC720463E,2017-02-28,Active
AST21651BE60E,CUST100020745,Smartwatch,Apple,498A1DE7021C42CD,2023-02-10,Active
AST27C910B14D,CUST100024105,Set-Top Box,Apple,669039C29FD44404,2016-06-01,Active
ASTB356E7A194,CUST100093208,Set-Top Box,Arris,C0DF2B8C46C0481C,2017-05-25,Active
AST7C1B1635E4,CUST100039053,Handset,Nokia,2FB8F44E16F44365,2022-05-03,Active
ASTA38579EB31,CUST100067797,Router,Apple,308268BC810B46D3,2021-09-17,Active
ASTEC36A6EAFA,CUST100064055,Handset,Nokia,5E3F725EEFC14050,2019-05-25,Active
AST05D03943E3,CUST100067543,Handset,Nokia,26691963607B410C,2023-03-09,Active
AST85CEAE8D12,CUST100028921,Set-Top Box,Google,87733EF911AD4E16,2022-02-03,Active
AST76DBD2779A,CUST100005600,Set-Top Box,Cisco,92C6E83901BF4898,2016-01-09,Faulty
AST6D9285A419,CUST100011829,Router,Samsung,92CD0A0B44624931,2019-08-21,Active
AST30AA6506F5,CUST100017090,Router,Arris,038A551854B543DC,2024-09-22,Active
AST338B70AD7D,CUST100037251,Handset,Google,0CE773A7F1C741D8,2025-05-07,Active
ASTA60F2E58A4,CUST100012272,Router,Nokia,5ACCBB47F21F4532,2017-01-04,Active
AST7F1FF857CB,CUST100040782,Set-Top Box,Arris,83309389F7184683,2022-07-18,Decommissioned
ASTC438C070AA,CUST100057302,Handset,Cisco,83EBE41DA0214AB7,2023-12-22,Faulty
AST392B0D15BC,CUST100017763,Handset,Arris,4AFAC9BB8F9F4558,2026-04-14,Active
AST1B7BE0D465,CUST100097480,Handset,Samsung,8428282DDC354D20,2024-10-31,Faulty
AST8018E84193,CUST100093128,Set-Top Box,Arris,E1469155B05B4FBE,2017-10-27,Active
AST958F6852BC,CUST100078526,Modem,Google,25BDB79DD32348F5,2020-07-13,Active
AST181236187C,CUST100019379,Handset,Nokia,9373365158B14606,2024-09-15,Active
AST4A220617E0,CUST100014126,Handset,Arris,9FEFCF0A4D59410C,2017-11-16,Returned
AST5FF8FEBD4B,CUST100043418,Smartwatch,Google,F790E627F2C342B2,2016-07-19,Active
AST11A671CF0C,CUST100062607,Handset,Samsung,915334F9930F4364,2017-06-27,Faulty
AST173D1CBBDD,CUST100041485,Handset,Samsung,08E70CE9A518427D,2026-04-15,Returned
ASTE7B2FA5E60,CUST100056995,Modem,Arris,6C8AA72E16CF4978,2026-03-22,Active
AST36F5449DB6,CUST100078290,Home Security Hub,Nokia,752FD044913846B9,2022-09-24,Faulty
AST6296E68AA9,CUST100019795,Set-Top Box,Samsung,DE7E917630AA48DB,2017-12-10,Faulty
AST8BB056D3D5,CUST100006291,Smartwatch,Huawei,1160470E575B4CBE,2020-02-08,Active
AST9D68B6CF37,CUST100087188,Router,Samsung,1F2F5D378CA044EE,2017-05-16,Active
ASTE9D207C9EB,CUST100035259,Handset,Arris,598737ABC6CB4988,2016-05-22,Active
ASTC2143EE396,CUST100078329,Set-Top Box,Arris,84D6CC67F58440ED,2024-12-26,Active
AST32C25ECEF8,CUST100087008,Set-Top Box,Cisco,DFDFF89CA2B74399,2020-03-30,Faulty
ASTE3B4E4421E,CUST100059949,Home Security Hub,Google,2697D1A13CB04374,2022-08-19,Active
AST80E69B11E6,CUST100015704,Modem,Nokia,481B3C16CCCB4654,2026-01-15,Returned
AST6BBFF8A87D,CUST100052714,Handset,Nokia,036B9EDBFBDA4275,2026-06-06,Active
AST37C1144CEE,CUST100099896,Set-Top Box,Apple,C9FED122D183488F,2022-03-01,Active
ASTD7E8D99A03,CUST100011056,Router,Nokia,D9197DD801D74073,2016-01-31,Active
ASTAA16D18F7F,CUST100033785,Home Security Hub,Samsung,1A81787AD9044BB8,2023-07-01,Active
ASTD152C1CFF3,CUST100016294,Handset,Samsung,5E519EA34D384E9E,2022-07-31,Active
ASTD839A0C86C,CUST100027542,Handset,Google,DC8C64AE272C4375,2020-04-28,Active
AST7CA5E552CF,CUST100083502,Router,Nokia,65FDA8EAF73543D7,2019-06-09,Active
AST5CB34FCEFE,CUST100019363,Handset,Apple,73FC7C55263342FC,2020-08-18,Active
AST2EE711792C,CUST100052585,Handset,Samsung,8011B222AC5E42A4,2017-11-12,Active
ASTA1BFF517E9,CUST100097099,Handset,Nokia,50F99C98769D4546,2022-03-12,Returned
AST201449F56F,CUST100039163,Handset,Apple,7F0AC6CFB5824022,2019-10-27,Active
ASTC03AE57C72,CUST100059657,Router,Apple,978AACFBFBD040F3,2022-07-24,Active
AST454E3B2CD0,CUST100068909,Home Security Hub,Samsung,BDFAE505E63345E0,2019-07-11,Returned
ASTC8D8E9AF3F,CUST100036610,Handset,Huawei,BCF7607F10F74634,2020-12-17,Active
AST0A2800902D,CUST100079788,Modem,Apple,0C51C89EC2AF49AE,2024-05-21,Active
AST3CF182903C,CUST100021539,Handset,Google,ACD64AC63AA949BE,2024-01-18,Returned
ASTA0C1D50131,CUST100046798,Handset,Apple,3DA9C16168814CF6,2016-06-26,Returned
AST704184FEBA,CUST100049655,Router,Apple,D30FF132FE4C49E7,2021-12-25,Active
AST952E27C5AA,CUST100003265,Handset,Nokia,1F523806348A4663,2021-10-14,Returned
AST152C218371,CUST100060668,Router,Samsung,60FC3EF95D5F47C2,2017-10-09,Active
ASTCC746330E9,CUST100075225,Handset,Nokia,4CB349BA3B9C4309,2025-05-03,Active
AST7798316BB3,CUST100079964,Handset,Arris,DB2F79871FB54C8B,2017-05-21,Active
ASTBDE4E09DCA,CUST100018137,Home Security Hub,Apple,DD2600F8645C46E6,2023-05-13,Active
AST2870950C30,CUST100008965,Handset,Google,3B1187D5E6D542BD,2018-05-09,Active
AST8EA9DC316F,CUST100019783,Handset,Nokia,5CDBD61BD7034B51,2023-01-11,Active
ASTFCC80F99DE,CUST100089997,Home Security Hub,Huawei,931B796BE64F4D8E,2020-10-12,Active
ASTB0285DCABD,CUST100023983,Handset,Google,E294BFD5C7F14095,2018-12-28,Decommissioned
AST054211FD82,CUST100015664,Modem,Cisco,BDDBB192ADEE4237,2020-02-09,Active
ASTF97371A978,CUST100081651,Modem,Huawei,A88A8B9FDAF04FFD,2017-11-27,Active
AST41627E0316,CUST100025944,Set-Top Box,Samsung,B000F9905BE44781,2026-01-03,Active
AST2C15390029,CUST100030962,Set-Top Box,Huawei,4E23A0BC7034434E,2022-12-20,Active
AST588A3FBA94,CUST100045929,Set-Top Box,Apple,C6E6844DDADE43D4,2018-08-11,Active
AST5AB506A4A3,CUST100028002,Router,Apple,50D460A29C1444E1,2017-09-20,Returned
ASTC41AE08A6A,CUST100038177,Set-Top Box,Google,A4025B92065C4052,2017-10-31,Active
ASTCBDFAEE68B,CUST100025029,Modem,Huawei,2D067993BFDF4A5A,2019-06-20,Active
ASTE48B6D3E78,CUST100083802,Router,Huawei,61D73E68B58E4E78,2017-09-24,Active
AST4960B088FB,CUST100001968,Handset,Nokia,9627AE80DCE64C14,2018-01-02,Active
ASTEC993FB46A,CUST100016203,Handset,Arris,ECC9B15FBC82401B,2017-04-25,Faulty
ASTD85C33F594,CUST100058783,Set-Top Box,Samsung,B437A807513C44A7,2025-01-21,Faulty
AST1A1605DC4E,CUST100085239,Modem,Cisco,0D3F2B36B0DB4FDB,2020-10-05,Active
AST34CDF35CB8,CUST100021629,Router,Nokia,2391214D943B487F,2016-10-06,Active
AST6F4D72B5D3,CUST100023657,Set-Top Box,Apple,03F412F7AEB24469,2021-03-16,Active
AST37093C99AA,CUST100076581,Handset,Google,6AE35E54EF224CCA,2025-09-27,Active
ASTE29F00A80C,CUST100030243,Handset,Huawei,BC0420FA59E74382,2022-04-19,Active
ASTF236DF23CA,CUST100057738,Handset,Google,470349070E714014,2020-04-08,Active
ASTA971655405,CUST100080118,Handset,Huawei,F33671B967124CA0,2017-06-14,Active
AST8119543629,CUST100044642,Smartwatch,Google,8EB7B24F93DF4A4B,2017-04-03,Active
AST4601D55836,CUST100070101,Smartwatch,Samsung,28AB5E539B774231,2025-09-13,Active
AST7994693D28,CUST100004444,Set-Top Box,Huawei,A0C775F4E184421E,2020-03-03,Faulty
ASTB0090B24C2,CUST100043930,Router,Cisco,4D4D047B34A646B8,2019-03-22,Active
AST0E3206063A,CUST100027589,Router,Samsung,9890D3A907164006,2020-09-16,Active
AST7381C42461,CUST100032953,Handset,Nokia,0C97AA2CA9184E40,2019-09-11,Decommissioned
AST0FEE847095,CUST100071766,Handset,Huawei,1853ED1E6C3E4953,2022-05-05,Active
AST6C96275E3D,CUST100047978,Smartwatch,Huawei,53BC194901914AE9,2018-03-12,Active
ASTB490F1348C,CUST100097804,Handset,Nokia,237EEA5EAF574B04,2020-06-10,Active
AST8118DBA327,CUST100063829,Home Security Hub,Apple,7F45C92186304FA4,2017-07-23,Active
ASTC3D21D4FBE,CUST100029042,Handset,Arris,B74D5475EFFF4592,2024-07-25,Active
AST5C0E290BE5,CUST100066537,Handset,Nokia,54BDE8BEBFEE4904,2017-09-12,Active
AST987DFBD633,CUST100080811,Handset,Arris,7F4B8D1D9FC64B93,2026-03-31,Active
AST29744A3AE1,CUST100011142,Handset,Google,FC45AA1F9BBC47D0,2020-06-16,Returned
AST56E11FEE19,CUST100031995,Handset,Apple,D765370F4608443C,2019-10-26,Faulty
AST6B55D32F4A,CUST100073687,Modem,Nokia,3A2D4A2AFA094C95,2025-07-25,Active
AST7299946C7D,CUST100083968,Modem,Apple,264E91350D6D412B,2024-05-29,Faulty
AST1FC9F659A0,CUST100078664,Set-Top Box,Nokia,EE5920047155444B,2018-05-21,Active
AST4B9A91E108,CUST100074468,Modem,Arris,397A8BC1B1F242C4,2023-04-01,Active
AST0CDB564D8B,CUST100020659,Smartwatch,Nokia,6B0B643A4FF045EF,2025-06-05,Active
AST2601A64B8D,CUST100023282,Set-Top Box,Apple,D5C748C4CB6B4E7E,2023-04-15,Active
ASTDEB274CE70,CUST100039161,Router,Huawei,DC1B783DB2C641C9,2016-12-30,Active
AST412BFDC6AC,CUST100087177,Modem,Arris,C494ADEC017E4070,2023-02-23,Active
AST4C69207A99,CUST100021859,Smartwatch,Samsung,6247A2FD29D44D94,2017-03-29,Active
AST2519C4FA02,CUST100097235,Handset,Samsung,A9BB66AA3FFD4CD1,2024-10-07,Active
AST1A71EC1ED0,CUST100026948,Home Security Hub,Google,A94DF124967047A3,2022-12-25,Active
ASTECD1909C49,CUST100007033,Handset,Samsung,00C85E3F58D64B4C,2021-03-26,Active
AST7A3000CEAA,CUST100057705,Handset,Cisco,CD38B5E3C7E94924,2025-08-15,Active
ASTB2C802C635,CUST100025058,Handset,Nokia,96062801297346F1,2017-10-11,Returned
AST147C3DC26E,CUST100031141,Set-Top Box,Huawei,8109279B22394CA1,2017-01-19,Active
AST5922D3D056,CUST100075587,Handset,Apple,3E340302E64C4FC9,2018-08-18,Decommissioned
ASTA83CBE968A,CUST100011130,Router,Google,756667088AE64E5C,2024-11-15,Active
AST01ED16073D,CUST100083255,Handset,Huawei,3B36E3E054E84A51,2024-03-06,Active
AST2DEF27C3AE,CUST100099603,Modem,Samsung,E7E1894FB6B44C11,2017-07-15,Active
ASTD12891E1F6,CUST100009126,Handset,Cisco,A505FB2C78B04B0F,2020-06-28,Active
ASTF809B23E47,CUST100069904,Handset,Arris,22A8D30C80C4436C,2023-06-16,Active
ASTF08164E941,CUST100009769,Router,Nokia,C0F49F974C794D20,2020-05-13,Active
AST7D30C9B2D7,CUST100062117,Handset,Huawei,CC1F00AD10264F14,2024-10-30,Active
AST6BED766C91,CUST100069226,Router,Huawei,C2BBFAE1F22C46B0,2025-06-20,Active
AST54847E6F97,CUST100062519,Smartwatch,Arris,830B04969067435F,2022-08-06,Active
AST864D440995,CUST100019625,Handset,Nokia,7B920DAC15FF4E04,2023-06-27,Active
AST0078CD87EF,CUST100025048,Home Security Hub,Nokia,90DEDD129F0F484D,2024-11-01,Active
AST825D470BA7,CUST100096033,Handset,Samsung,284FB2C2D88E4E4E,2020-04-09,Active
ASTC798FE5339,CUST100071535,Router,Google,7D410FE3495F465F,2017-02-11,Returned
ASTC8E9002583,CUST100055517,Router,Cisco,82FE4AFE2DD94248,2016-02-19,Active
AST7B2EA1DBCA,CUST100023051,Handset,Nokia,0F3871E69DFB48E9,2026-01-23,Active
ASTEFB2C672BF,CUST100041115,Router,Nokia,3C917D53BC984CFE,2019-09-11,Active
AST489BE33747,CUST100008789,Router,Google,FC9AE9F969654AB3,2023-07-26,Returned
AST69E5908F5B,CUST100080477,Modem,Arris,E4DD1BE916AA46CC,2019-05-29,Returned
AST2C36453030,CUST100033736,Modem,Google,A6550A323D624886,2025-11-12,Returned
AST5AE5AA265A,CUST100017046,Modem,Nokia,F82018E036ED48B3,2024-11-08,Active
ASTCD540FD26C,CUST100080651,Handset,Apple,F2AA7FE6BC9345F7,2016-09-21,Faulty
ASTF693F93B14,CUST100057346,Set-Top Box,Arris,ABD8448D51424FCC,2018-04-26,Active
AST1111460198,CUST100002728,Set-Top Box,Huawei,4C8B550E2BFF4939,2025-11-01,Active
AST127DBA121F,CUST100084526,Set-Top Box,Huawei,E3D0D6FCA1BC43CC,2024-07-16,Active
ASTB6E454D644,CUST100016610,Modem,Samsung,BDA17B7C999A4939,2025-12-26,Active
ASTE24F04CB92,CUST100068056,Router,Nokia,199C240239354707,2019-09-23,Active
AST6A514E859E,CUST100043771,Handset,Apple,3243F1EE9351426E,2023-06-29,Active
ASTD649C5449B,CUST100058273,Set-Top Box,Samsung,B2D1FAE361B84486,2018-04-04,Active
AST2C089243FE,CUST100099980,Router,Apple,A28C59F6B9DA412F,2016-06-20,Decommissioned
AST15BAEB7DDD,CUST100013427,Handset,Samsung,377D9FA70FE24818,2024-08-15,Active
ASTE35CCB92D9,CUST100089449,Modem,Huawei,294831DDE5554397,2020-01-28,Returned
AST8984867155,CUST100003098,Handset,Google,F05080F453E64245,2016-03-18,Active
AST9534C14C95,CUST100033461,Handset,Arris,C1D8131A48114186,2016-11-06,Returned
AST07E1B88F8F,CUST100023279,Router,Samsung,BA4345DCEE2A4131,2023-03-21,Active
AST0487CB89BD,CUST100090367,Handset,Apple,941608F0F5C24C6C,2023-07-20,Active
ASTDD1C5A15A7,CUST100072079,Modem,Samsung,173C95C32CEE4567,2016-10-18,Active
ASTFAF5F22CC0,CUST100036409,Handset,Apple,A3314F32982D4A35,2021-09-24,Active
ASTE66E227057,CUST100058052,Set-Top Box,Huawei,36C59AA1163A43D4,2024-07-30,Active
AST8C5FCF5FE6,CUST100007373,Handset,Huawei,2519F3EACDF148DE,2017-03-19,Faulty
AST7FDCAE025A,CUST100091075,Home Security Hub,Huawei,CFCD518247684D0F,2022-12-07,Active
ASTEB649B6A5C,CUST100065525,Handset,Nokia,F75AA93887A744BA,2024-07-09,Active
AST73D5917B02,CUST100093751,Set-Top Box,Apple,FF6CCE3C288D4CCE,2025-03-22,Active
ASTB2F939B876,CUST100076036,Set-Top Box,Arris,3F550C5C99CD4536,2022-08-10,Active
AST2056597C38,CUST100004216,Set-Top Box,Cisco,718D157EBEFB49F9,2025-01-04,Active
AST7FC94C3FF3,CUST100040211,Handset,Huawei,CBA38C7BDF254197,2023-04-27,Active
AST874AE69F5B,CUST100061566,Handset,Huawei,2893B40881F84FDD,2026-04-25,Active
AST1E33B09B7A,CUST100017078,Modem,Nokia,19BD00A4A9DE49C6,2017-10-27,Active
ASTA6D34AFCEC,CUST100003230,Handset,Samsung,7EB86542631E4BC9,2022-12-27,Returned
ASTF6FBC57B75,CUST100016936,Home Security Hub,Arris,A233BDDB4C5948F4,2024-11-07,Active
AST2A9BBCE540,CUST100057416,Set-Top Box,Apple,9ED61E0528114CD2,2019-03-18,Active
AST3797064D27,CUST100049546,Handset,Arris,FFC576032B344837,2025-01-20,Active
AST673A7AFDF8,CUST100034772,Set-Top Box,Arris,27EAF95BF2764BEB,2017-03-29,Active
AST3398043037,CUST100071676,Router,Nokia,EADC0988E69C4884,2023-03-26,Active
AST3A6A113D07,CUST100035747,Handset,Nokia,0C9CB327CDD94341,2024-06-15,Active
AST04BDEFABFF,CUST100080747,Handset,Cisco,ACB36B79FFE1470F,2025-01-17,Active
AST166AA99E84,CUST100037371,Handset,Arris,F800E998F58F45E6,2026-06-28,Active
AST8AD46185AC,CUST100033741,Handset,Apple,56A712867AF84F08,2022-11-24,Active
ASTD88A7982AB,CUST100004011,Handset,Nokia,BC9379D719634AF4,2023-01-20,Active
AST807BE3E667,CUST100071152,Set-Top Box,Huawei,25997993BFCF4411,2021-03-10,Active
ASTE4B0E0BFA1,CUST100038975,Handset,Arris,C9F1CC4FE9064E08,2021-07-04,Active
ASTABF4393A86,CUST100018606,Set-Top Box,Cisco,296CA0BD5BF041E8,2022-01-25,Active
AST554AAAFA6D,CUST100059237,Handset,Nokia,BAF4E8AA77B049D3,2021-11-19,Returned
ASTCC9F26189B,CUST100024512,Handset,Nokia,EF8086BE16574A14,2021-05-19,Active
ASTFD2078D565,CUST100047595,Handset,Huawei,CFCD5B37FDC543F8,2024-12-31,Active
ASTF3F43BB99B,CUST100020963,Set-Top Box,Google,7A254A07FE6E4081,2016-12-16,Active
ASTA6BD3ED726,CUST100040811,Home Security Hub,Apple,4FB978F6703747BF,2021-06-01,Active
ASTD0DE18E131,CUST100010015,Handset,Nokia,29B6F52E77B6472D,2022-08-14,Active
ASTA6040FC950,CUST100071018,Router,Nokia,1DF8ECE514D04483,2022-09-01,Active
AST0936A349B9,CUST100029784,Modem,Arris,E42217CE62DC481D,2016-09-05,Active
AST240CE90E11,CUST100084295,Modem,Arris,67C02F6AD3564BFD,2019-01-26,Active
ASTFF0C1C1C67,CUST100000500,Smartwatch,Nokia,1C29E2F196AF4207,2020-08-11,Active
AST097883BFCA,CUST100020448,Router,Samsung,C5AADBF714794695,2024-05-11,Active
AST4F6546DA21,CUST100057674,Modem,Nokia,3684773841C24C8F,2016-03-17,Returned
AST086FD3FB36,CUST100043685,Router,Samsung,F116B1D63BF6408B,2023-10-05,Active
AST07570ADD67,CUST100092248,Handset,Apple,E3B30C913EF14421,2020-01-09,Active
AST797FB8C4C3,CUST100062525,Smartwatch,Huawei,E49CB7D3588D42BC,2025-06-07,Returned
AST4964B2F23C,CUST100092914,Handset,Samsung,1500894B05CF44A4,2025-03-07,Faulty
AST654079BEA0,CUST100045069,Home Security Hub,Cisco,40F63DA0C5D849F2,2023-05-08,Active
ASTF20B1E6A07,CUST100044478,Handset,Huawei,0F5518D9D7C94AC6,2022-10-07,Active
ASTA2E2CEE6C4,CUST100089347,Set-Top Box,Apple,47C3131567AB445D,2019-06-01,Faulty
ASTD8E4B08A6E,CUST100051039,Set-Top Box,Nokia,9935DE3F65C6495C,2022-02-17,Active
AST5DD08589AB,CUST100093858,Set-Top Box,Nokia,EFBE07C2D38041AB,2021-07-18,Faulty
AST44D531749B,CUST100096982,Modem,Arris,7A01E6508A1C4870,2020-07-08,Active
ASTDFAA1C0968,CUST100027102,Router,Samsung,F23228A7E5DE4F16,2016-12-21,Active
AST04FE7DD85E,CUST100069552,Handset,Arris,6EAA1AD729574F53,2024-07-01,Active
AST63C7988956,CUST100031565,Handset,Arris,34270B4A53664775,2023-12-26,Faulty
AST3A6E263F94,CUST100092665,Set-Top Box,Arris,2B2A987CDBBC4883,2017-08-25,Active
AST4C652AB937,CUST100093647,Handset,Nokia,DD4BA4E0442B4278,2019-02-21,Active
ASTE901F38035,CUST100027310,Modem,Google,5E41BD634DF84EE7,2023-04-10,Active
AST40CCE94DEC,CUST100020546,Modem,Samsung,15FE1632EB8F445A,2026-04-21,Active
AST54904690FB,CUST100057833,Router,Huawei,4F073ADDC5264341,2021-02-25,Returned
ASTB6839BAE8B,CUST100082357,Modem,Cisco,56C4CC29761B4289,2018-06-25,Active
ASTDEF10BCD3E,CUST100033788,Handset,Google,0426E1BD31824D76,2020-08-30,Returned
AST617D07FFB6,CUST100081172,Handset,Arris,2AA504C25E094906,2023-04-19,Faulty
AST866EA531B8,CUST100020711,Modem,Samsung,C983897B6B2A4F29,2017-06-12,Active
ASTDD8FE548F2,CUST100019406,Router,Apple,F8D3D228594A4242,2019-07-04,Active
ASTD7CBF5BACA,CUST100007240,Set-Top Box,Apple,F2C44BD353D04265,2016-06-03,Faulty
ASTECBC394134,CUST100020879,Home Security Hub,Nokia,7369584E75B7419F,2023-11-11,Active
ASTC8752ADDF8,CUST100026324,Modem,Huawei,974C44E6444E4368,2017-10-07,Active
ASTAC7786A6DB,CUST100046669,Handset,Cisco,C2473F9349734FC3,2020-06-03,Active
AST34CE0AC942,CUST100024605,Set-Top Box,Apple,5745E09E60D441B2,2020-04-24,Active
AST3B55953E89,CUST100054442,Router,Samsung,99FCA0701D724116,2020-04-04,Returned
AST00008F4F26,CUST100016561,Handset,Samsung,9925BBC457924031,2021-02-21,Faulty
AST42B9A5E47A,CUST100047452,Handset,Apple,DBBD0A3930C44511,2026-01-16,Active
AST140D22941E,CUST100021437,Handset,Google,96A5CBD368B14ABF,2021-10-19,Active
AST7B890D43D2,CUST100035989,Handset,Apple,7A127EFE5FBA438C,2017-09-02,Returned
AST2C779832F5,CUST100081758,Handset,Cisco,93E259130AD64300,2021-04-24,Returned
ASTA3BAB71001,CUST100075892,Set-Top Box,Huawei,B1DA61FEFFEE4936,2019-06-29,Active
ASTAA0A89B0E1,CUST100017589,Home Security Hub,Huawei,44053E73A4FD47C2,2025-03-27,Returned
AST493E18FF5F,CUST100056530,Router,Arris,26AD1D62111B49FC,2022-06-20,Active
ASTEFEB3CCA6E,CUST100042456,Handset,Nokia,A49E1D06102B414F,2021-07-03,Decommissioned
AST096DD987B8,CUST100009986,Home Security Hub,Cisco,44860E1406D44D9C,2019-11-03,Returned
AST111E5100BF,CUST100023351,Handset,Samsung,46333FB4DB3D49B5,2025-12-01,Active
AST75E6D7F91C,CUST100003784,Router,Arris,47AF0B364A0942A8,2026-05-23,Active
AST84DDB4BD7E,CUST100070391,Modem,Google,E58EE28425A44436,2025-04-10,Active
ASTD52AC31468,CUST100020505,Handset,Nokia,32A71ECC0E3D43A6,2016-11-12,Active
ASTD617B12C49,CUST100077921,Modem,Samsung,9B104C826062469C,2020-02-09,Returned
AST224D446087,CUST100031033,Set-Top Box,Samsung,AEC3FFD9FBD04223,2018-10-18,Active
ASTD79000DD66,CUST100017258,Router,Cisco,ADAB8CAA010249EE,2024-06-22,Active
ASTDE21776AF1,CUST100037683,Router,Arris,A83E41758AEA4198,2025-12-11,Decommissioned
AST5ACB0EB3D1,CUST100033588,Router,Nokia,345AEB0964D94017,2016-04-04,Active
AST363F539DE8,CUST100084384,Modem,Nokia,DB9AE5E08BBB48F6,2017-12-05,Active
ASTAFFBAC48E0,CUST100069535,Router,Huawei,200E66317F284851,2021-08-26,Active
AST3DB6D0039A,CUST100019906,Handset,Huawei,A023CC2A44844652,2023-11-12,Active
ASTEF4331B790,CUST100047125,Handset,Google,7619991971A34697,2022-05-06,Active
ASTBB64CCCFA5,CUST100092136,Set-Top Box,Nokia,030AE69705984EBF,2023-04-12,Active
ASTB5F706853F,CUST100042203,Router,Cisco,FF119E14ED434783,2023-07-30,Active
AST6D23ADFB90,CUST100024841,Set-Top Box,Apple,EBAF30B437E6449C,2024-09-22,Active
AST61BF0798F2,CUST100043700,Smartwatch,Samsung,DF5FA9502E134E39,2025-03-28,Active
AST9CC212B139,CUST100057852,Handset,Samsung,5F3F2ACF7F4A4693,2023-10-12,Active
AST740DBDB782,CUST100081244,Home Security Hub,Samsung,C51CE1D940C2461C,2019-08-02,Active
ASTED499561B6,CUST100044501,Handset,Huawei,FD5AED6064F04765,2020-03-15,Active
AST07234E898D,CUST100025042,Set-Top Box,Samsung,EFFCF5F5031F444E,2018-08-02,Active
AST6FCE9A320C,CUST100023242,Handset,Cisco,3CB05763293E4E1D,2016-05-21,Active
AST445860EFFD,CUST100003361,Set-Top Box,Cisco,C0C83C5AC7C04B75,2026-05-04,Active
ASTF7F862672A,CUST100084326,Smartwatch,Samsung,0E8600E254574660,2025-09-21,Active
AST91FE6226BC,CUST100055339,Handset,Samsung,7A1D8EBFFD9947A9,2024-08-23,Active
AST4D0F1020EB,CUST100038409,Home Security Hub,Huawei,8C2EE5FFD9AC407A,2024-11-30,Returned
ASTEDCCB26BB7,CUST100017091,Router,Samsung,E0CCE6C328DB4749,2023-03-05,Active
ASTF910C1E587,CUST100033214,Router,Samsung,362E80DC949C4A07,2024-02-07,Active
AST4517992B2D,CUST100073823,Modem,Nokia,BA940A28083342BE,2021-08-02,Active
ASTE53BE9FA58,CUST100033589,Router,Apple,D078D776530E46D3,2020-04-18,Active
ASTAD32F3745D,CUST100001102,Router,Google,F9F0F780A7D74239,2025-04-06,Active
ASTA44D61C275,CUST100067844,Router,Apple,5CEFB46680B54888,2023-09-27,Active
ASTC15A600241,CUST100080841,Set-Top Box,Cisco,9EC5490507894BC4,2017-03-01,Active
AST6008B4BF32,CUST100001685,Modem,Samsung,03D80D425A924F01,2022-01-26,Active
ASTCD6C5B4E24,CUST100072320,Home Security Hub,Nokia,B07378B065604864,2018-05-31,Active
ASTF67BE2FB5C,CUST100065258,Handset,Google,72165EC46700444F,2017-11-30,Decommissioned
AST7F43D19F14,CUST100092173,Set-Top Box,Apple,4906BC0E01F94345,2019-05-14,Active
ASTA10B89345F,CUST100010072,Set-Top Box,Apple,35CB2E118A644DA0,2018-11-08,Active
AST0D10CFB50B,CUST100088804,Router,Apple,BC18ED476B184A37,2025-09-01,Active
AST8055631A19,CUST100019846,Handset,Arris,FC63248FF476402B,2021-11-26,Active
AST4A5C19C684,CUST100005256,Router,Huawei,E96273A4F65443FB,2024-04-13,Active
AST233B8043B0,CUST100025532,Handset,Samsung,23DF68CAD37346E3,2021-07-27,Active
AST162CC9FCC8,CUST100096835,Handset,Google,5A5EBD31E5294F61,2025-08-26,Active
ASTF6D060AF98,CUST100025720,Handset,Samsung,B0E40B004DDD41E7,2018-12-31,Active
AST8963E73226,CUST100042075,Handset,Cisco,6A9E9E358B444E5B,2020-12-13,Active
AST1E803BC372,CUST100069134,Router,Huawei,02A24DA03A8B4562,2023-06-11,Active
AST4651874321,CUST100090225,Modem,Huawei,514ECBACEF3C4704,2022-11-08,Active
ASTD539E8FD62,CUST100075386,Handset,Cisco,1150CE6CAA6341AE,2021-06-18,Active
AST623B41989D,CUST100070448,Router,Nokia,AD7F8BDC131A413D,2024-03-13,Active
ASTA143D294CA,CUST100065141,Handset,Google,AE42BBC13567405D,2020-09-15,Active
AST53BD6395BC,CUST100031898,Set-Top Box,Google,F81E9976071A45E9,2024-09-27,Active
AST4E446E1CD3,CUST100040834,Handset,Arris,550E8A6E74124B0F,2016-10-22,Decommissioned
AST8D394DA888,CUST100013057,Handset,Arris,AF620FB504564595,2018-12-08,Active
ASTE2ACB26C31,CUST100087864,Router,Google,F755BFCBE2A84936,2020-10-07,Active
AST81BEA9C020,CUST100067032,Set-Top Box,Huawei,F816994145094636,2023-06-26,Active
AST1AFB5E89D0,CUST100029098,Set-Top Box,Nokia,4A36AD3378524582,2025-06-16,Active
AST1239A42444,CUST100009307,Router,Nokia,82B555651FB449DF,2026-05-12,Active
AST7E50B75C35,CUST100060515,Router,Huawei,869BCBCE10DB4982,2023-12-29,Returned
AST55AE399901,CUST100013440,Handset,Huawei,8442C96C860846A4,2020-07-11,Active
ASTED6907FA7F,CUST100062085,Handset,Samsung,BEB03CC10C46487F,2021-06-01,Active
ASTA752780F19,CUST100058021,Set-Top Box,Nokia,E0DCCD0A9D544EFD,2017-10-03,Decommissioned
ASTB97047EC01,CUST100074100,Handset,Cisco,1A8D70164DCB47C4,2016-05-20,Decommissioned
AST2BB0BD3581,CUST100054478,Handset,Cisco,0C15404A562B48E6,2018-09-02,Active
AST58C8EC2264,CUST100072556,Home Security Hub,Google,F6855A6C39954E3F,2025-12-30,Active
ASTDA70E9B465,CUST100092154,Modem,Google,83C900C4509A426B,2025-04-24,Active
AST714EC1BBA3,CUST100057383,Set-Top Box,Cisco,2D3EE8A4A99640A6,2018-05-18,Active
ASTC717EE1175,CUST100001040,Handset,Nokia,F5937EC6F6AC427C,2018-03-06,Active
AST0757212478,CUST100087605,Router,Apple,1887CAAC63FD499A,2020-05-18,Active
AST8A95BE0376,CUST100030995,Handset,Nokia,6CEBF01E567340B2,2019-03-17,Returned
AST460B56F296,CUST100098893,Set-Top Box,Cisco,9B6CD9002DEC4E78,2020-08-15,Active
ASTA8BB1878B7,CUST100064311,Handset,Apple,8C5320DF41F147CD,2019-06-09,Active
AST6889E75BDB,CUST100084880,Handset,Huawei,E85F1100A56943C6,2016-05-13,Active
AST07B473BD16,CUST100061355,Modem,Samsung,86C1BF68820B4DE9,2024-11-06,Active
AST36E8349871,CUST100007841,Modem,Cisco,4B5EEA5779B6469B,2022-12-07,Active
ASTFC430B4827,CUST100055101,Router,Cisco,5620AD4471024500,2017-09-01,Active
AST32D0C39719,CUST100051641,Smartwatch,Apple,58C2823C18A649FE,2024-01-10,Active
AST71B500CA4F,CUST100038806,Modem,Samsung,F100E99149804FBA,2020-12-19,Active
ASTD3575A91BA,CUST100027027,Handset,Apple,2FFCDCA57AF54B2B,2025-07-15,Active
ASTC002F2AA8D,CUST100099237,Handset,Arris,AFE826785EA549BD,2024-08-05,Active
AST23577FC2B7,CUST100013667,Router,Nokia,B19910A9071E426B,2016-07-09,Returned
AST8CC2B82EF3,CUST100071725,Router,Arris,1EF8D8F227624D96,2025-12-20,Active
ASTE38F6B5A5E,CUST100088126,Router,Nokia,CD32A80341B94060,2017-09-14,Active
AST3487401DE8,CUST100005475,Router,Nokia,381A1C71E51849B3,2017-10-23,Active
AST1827F84984,CUST100033666,Handset,Samsung,5004B4F3EF41432C,2019-08-30,Active
AST453F82C8AC,CUST100029930,Router,Samsung,909081A143954C57,2022-02-16,Active
AST1E313FD854,CUST100094142,Handset,Google,535F28CF66AC46EA,2022-08-17,Active
ASTF8C860AFF5,CUST100035801,Handset,Samsung,AA34BA7F47D24011,2022-05-02,Active
ASTEB354D2D09,CUST100007747,Smartwatch,Nokia,3961CF1785AB4DBE,2026-05-22,Active
ASTB11653BA6B,CUST100086329,Modem,Arris,81DF978D815449CA,2018-11-15,Active
ASTA89BE47E7D,CUST100001219,Router,Cisco,CAEEE1FEF3F64414,2024-06-28,Faulty
AST232978AA40,CUST100031132,Home Security Hub,Nokia,233B94FCFB3B4DD0,2018-09-24,Active
AST03468E87E8,CUST100078349,Handset,Nokia,FF684EB09BD0456A,2016-12-29,Active
AST0B41304080,CUST100056926,Set-Top Box,Google,B17710F0BEC74C89,2017-06-21,Active
ASTC4C18919A7,CUST100041723,Modem,Cisco,BC5DACE477A74884,2019-08-18,Active
AST8F1D355C84,CUST100031456,Handset,Nokia,23E0F516587D4401,2021-04-08,Active
ASTDCB90472BF,CUST100024923,Handset,Arris,E9E4C7D85A1B4C77,2024-04-18,Active
AST57F1EC8899,CUST100064465,Home Security Hub,Apple,DADFE620B1384874,2021-04-29,Active
AST1434445204,CUST100016661,Home Security Hub,Arris,8FE1D42E95824406,2023-08-02,Active
AST626C842252,CUST100083371,Smartwatch,Apple,1145BF85DFD74C4C,2021-03-12,Returned
AST2902C836F6,CUST100014805,Home Security Hub,Cisco,725F558A25FC4BCF,2023-04-13,Active
AST07CFB262E7,CUST100015689,Handset,Apple,F95EDAD2B13744C0,2021-05-25,Active
AST79AAC23F37,CUST100043005,Smartwatch,Nokia,D967734E30C84526,2026-03-01,Active
AST552278461E,CUST100082455,Home Security Hub,Google,63C83E9882764948,2020-02-19,Active
ASTDCA77F7323,CUST100019574,Smartwatch,Nokia,9D88FA6ED63E4620,2018-07-13,Active
AST8BFF304425,CUST100040889,Handset,Google,4E526853A561483B,2022-01-22,Active
ASTDD3A220056,CUST100023005,Router,Samsung,09354BE7484F4B3C,2024-03-11,Active
ASTD1E1908F3A,CUST100074390,Modem,Cisco,2E10B9F8690648F9,2022-10-21,Returned
AST03F29B9772,CUST100039653,Handset,Huawei,551FA8EAD7D84857,2025-01-31,Active
AST06E3D2A7B8,CUST100085732,Router,Arris,D26023D5D8DA432F,2021-10-18,Faulty
AST33010CDA14,CUST100024393,Modem,Google,135B3A29C9F346AE,2021-08-17,Active
ASTDE4D61702F,CUST100036805,Set-Top Box,Cisco,E265C3FD5B4B4E28,2022-12-04,Decommissioned
ASTE932CC7E65,CUST100089998,Handset,Nokia,CA563FF23A0A40B4,2019-05-31,Active
ASTE1071B537E,CUST100011602,Handset,Huawei,E1144574353941BE,2018-02-28,Active
AST2EAE7AC8B5,CUST100049241,Set-Top Box,Arris,3B1BE7ECEFAF48F0,2021-10-03,Active
AST620556AF81,CUST100004519,Handset,Nokia,426E4D0E054740BD,2024-10-11,Active
AST2BF6957885,CUST100025276,Router,Huawei,B12B8D560EE94AD7,2023-12-14,Faulty
AST390A64B544,CUST100089657,Handset,Google,8AD41EE940B64C86,2025-10-04,Returned
AST7C08F14D35,CUST100095377,Set-Top Box,Apple,2A64EBA53EFB4E95,2025-04-23,Active
AST7EA5C5CC85,CUST100005463,Modem,Google,9A3701B3794A49D2,2021-03-12,Active
AST591F6B61A2,CUST100000253,Handset,Nokia,25812A29BCBD47BC,2021-04-03,Returned
AST8113075CF4,CUST100061725,Modem,Google,FF1D74603D9645B5,2022-10-09,Active
AST3E15C5FEB3,CUST100056269,Modem,Nokia,A7AF21C439224D20,2017-09-11,Active
AST87B7BBFDC9,CUST100021205,Router,Samsung,74AAB7BB0DA84850,2024-02-11,Active
AST6630271FF8,CUST100032983,Handset,Huawei,388A6C0C505D4B3D,2024-09-09,Active
ASTD63D703ED1,CUST100054897,Handset,Nokia,AC0F124E83C74DF4,2025-06-09,Active
ASTBA8D51CE83,CUST100082065,Router,Huawei,DC652B85BA3747B2,2020-07-29,Active
AST50705C4EB2,CUST100091638,Handset,Huawei,D242F20FAE074368,2023-01-21,Active
AST3BF402B878,CUST100064526,Modem,Samsung,F578842EB40F4AB2,2021-09-07,Active
AST7C5F4A00B3,CUST100024758,Handset,Huawei,F2B4ACBCA4EB4608,2020-09-25,Active
ASTF3C361ED15,CUST100051858,Modem,Apple,6B83A2A268EF45F8,2018-09-05,Active
ASTFC2E12F9E0,CUST100097927,Set-Top Box,Cisco,BF4B19C08B9447A9,2022-09-10,Active
ASTDE92BEC765,CUST100024167,Handset,Arris,6FAF4EDD6EE64AE8,2022-05-02,Active
ASTC5D81EC28F,CUST100086414,Modem,Cisco,1E0ED4ABC57C4305,2019-02-25,Active
AST1D3EDC9C81,CUST100046050,Home Security Hub,Nokia,45E7F5D0DD7C43F5,2018-08-29,Active
AST3028084B70,CUST100088101,Smartwatch,Cisco,26ABB1CAE6824A64,2026-01-25,Active
AST8152CC7F5F,CUST100004945,Handset,Nokia,8569A1D836EF432C,2016-07-25,Active
AST51326B2EE7,CUST100051931,Router,Apple,882C79F2334D45C1,2024-01-07,Active
AST156ABEECF0,CUST100068603,Router,Nokia,2DA895C156AB45F4,2017-06-11,Active
AST3F40E235E8,CUST100024337,Handset,Huawei,C658DB03E7394FD4,2023-04-06,Active
AST92D8CBE3A2,CUST100035870,Set-Top Box,Huawei,62BD0DBA7AC048A6,2023-09-08,Faulty
AST3A71B71B52,CUST100086612,Handset,Google,3A936EF80CF3495F,2025-09-22,Active
AST2FC92D0FE1,CUST100004246,Modem,Samsung,E62D5293C2134CA3,2016-10-06,Active
AST17E37A243E,CUST100005044,Modem,Huawei,08A3DF0937204CE5,2024-10-27,Active
AST3508110862,CUST100062027,Handset,Google,FB76DB142BFA4898,2017-07-31,Active
AST16B952F649,CUST100058479,Handset,Cisco,D0A0CD0EE6134B69,2024-08-05,Active
AST51D77010EA,CUST100042895,Set-Top Box,Google,1A225D43C05D44D8,2018-11-17,Active
AST36E07A5C4B,CUST100072755,Set-Top Box,Samsung,375FDA4C5A5C4C0C,2021-06-24,Active
ASTF52DB4A718,CUST100002154,Handset,Cisco,02626A3DD8C04684,2023-05-15,Faulty
AST17E210DEFC,CUST100006593,Handset,Huawei,D35A0E6344F743D8,2022-07-04,Faulty
AST36B3F24DFF,CUST100048284,Modem,Huawei,493EB6A6C9434B32,2022-08-08,Faulty
AST55364759F3,CUST100058235,Router,Arris,356200E557074562,2019-06-11,Returned
ASTEC32ABE8BB,CUST100068988,Handset,Cisco,38440B2714AF46AF,2023-05-31,Active
AST1D4B3CAFD9,CUST100075363,Handset,Huawei,2A6DFB44464D435F,2023-12-31,Active
ASTD9175BE3FD,CUST100003993,Router,Apple,F53DE2D646B2485C,2025-10-23,Active
ASTA65B6DDEFF,CUST100084700,Set-Top Box,Google,7D354CD23CAE4F82,2019-05-24,Active
AST9C9F815F43,CUST100027756,Smartwatch,Apple,5274CD963F704427,2016-10-31,Faulty
AST2CBF284D1C,CUST100066457,Modem,Google,6C96D5FAD4324C8F,2022-12-07,Active
AST27B0A92E5F,CUST100095414,Modem,Google,B2F4B331ADCB42FE,2022-08-22,Active
ASTA99670E185,CUST100067339,Set-Top Box,Arris,19465F5393D647C3,2020-06-08,Active
AST04374F023E,CUST100096970,Home Security Hub,Huawei,81C9FCA406494B01,2024-01-12,Active
AST47741C39F8,CUST100076051,Handset,Huawei,3C2B71083953465D,2019-02-17,Active
AST287D31ADE7,CUST100028948,Modem,Google,9076A4149BAD41BE,2018-01-05,Active
AST2E756B36F1,CUST100087449,Set-Top Box,Arris,D1D22A045B7F45A6,2016-04-30,Active
AST46BD01A2E1,CUST100084849,Set-Top Box,Nokia,3FA4BBC025D640C2,2021-11-21,Decommissioned
AST3ABFE3416B,CUST100045848,Set-Top Box,Arris,8F3E65AFB41F402D,2019-05-31,Active
AST833196E713,CUST100030285,Handset,Samsung,987A897D41334450,2019-07-09,Active
AST42214CBF3B,CUST100003553,Set-Top Box,Cisco,3632AA094C4A4BAF,2016-08-19,Decommissioned
AST8ECBE97F0E,CUST100068568,Set-Top Box,Google,D5C54D15D47249B1,2021-03-16,Active
AST16400879B9,CUST100042644,Handset,Samsung,536486D8BDD84CC6,2020-12-23,Faulty
AST250C31BCF7,CUST100012542,Handset,Apple,92C0DD5A40FC4978,2022-05-18,Active
AST80EBF2939A,CUST100092903,Router,Nokia,2B66941BDD704A88,2024-12-28,Active
AST7802EB36D3,CUST100086120,Set-Top Box,Apple,CE7D525126AE4F69,2019-05-04,Active
AST54B8F73193,CUST100094295,Smartwatch,Google,1DE295763E89491E,2022-11-03,Active
AST31CC149009,CUST100027258,Set-Top Box,Apple,99431E9D77524B58,2022-06-14,Active
AST270FC19053,CUST100044423,Router,Nokia,AD769379B1AA425F,2017-09-20,Active
AST2B5E6422D2,CUST100016750,Router,Nokia,4C36FFDE39C04587,2025-05-13,Active
ASTA8CB3EA0B8,CUST100015561,Handset,Google,14E0FD4B10B9438D,2023-08-21,Returned
AST5FCA0CE055,CUST100085362,Router,Huawei,465FEBE6A45D49DA,2016-12-17,Faulty
ASTAF86E88B76,CUST100092978,Handset,Google,46F726B0087C49C6,2020-07-31,Active
AST9619204CE9,CUST100098663,Set-Top Box,Google,0F587B49B3534D04,2018-08-30,Active
AST9A3F914E89,CUST100052685,Modem,Cisco,ECFFCD0441A84F64,2019-09-03,Active
AST1CA2A8EE80,CUST100002953,Home Security Hub,Apple,EBA73866087644A3,2021-03-09,Returned
AST6E3B18C5A8,CUST100053821,Handset,Apple,0D003DD6DD7044C1,2022-08-15,Active
AST680C76FA57,CUST100011904,Set-Top Box,Huawei,1BAA6C1201524F96,2018-10-22,Active
AST758B3561E0,CUST100083270,Handset,Apple,EEF767492E324159,2016-03-03,Active
AST0B94C3A9F1,CUST100088814,Modem,Samsung,90A0C3EC9F8141EB,2019-10-24,Faulty
AST3C10A84D17,CUST100005070,Handset,Huawei,1EE82CE51B4A43C8,2018-02-21,Active
AST758E87C250,CUST100005563,Set-Top Box,Samsung,38C9C50117534885,2017-04-27,Active
ASTAFA9D6BEE9,CUST100052693,Router,Apple,E442D05119014A4C,2020-11-01,Active
ASTCF46A4BD5A,CUST100059258,Set-Top Box,Google,B228DEB65CC447C2,2016-01-01,Active
AST9D98E9EE90,CUST100053544,Set-Top Box,Samsung,0677AB518054469B,2024-12-05,Active
AST12626F2F43,CUST100006330,Handset,Arris,866A48A298E946E2,2021-01-16,Active
AST5EA1FA74CC,CUST100044890,Router,Apple,3F857B29E7F4414B,2025-03-26,Active
ASTCB4F101440,CUST100076084,Home Security Hub,Cisco,03626AA9AFD647F9,2016-09-20,Active
ASTCAC5C2E914,CUST100073688,Router,Google,5BBC150D71554741,2016-07-06,Active
AST6FEB3C44B2,CUST100034463,Handset,Nokia,0831D4BF3FCB45BA,2020-05-27,Active
ASTDDB33A3676,CUST100051440,Handset,Nokia,EFC33851D90747A5,2022-09-23,Active
AST593B0BC8D6,CUST100045674,Router,Nokia,D1F3236F103A42EF,2016-05-27,Active
ASTCA2EFA4987,CUST100070943,Smartwatch,Apple,8879CB1C3AF641CF,2021-11-05,Returned
AST7EEEF215E1,CUST100042711,Set-Top Box,Cisco,BBC11DA1393F42EA,2025-01-12,Active
AST98F9BACACD,CUST100052692,Router,Samsung,02C7BF4A6B2645D0,2020-01-03,Active
AST57E62ADABF,CUST100034556,Handset,Nokia,E84FBDF1920B499F,2024-08-21,Active
ASTB7513830DC,CUST100012508,Set-Top Box,Samsung,125DA039203F4512,2024-07-12,Active
AST3D10AC1ADB,CUST100003482,Router,Google,3250FA0BECA64E2B,2016-07-26,Active
AST5520F52493,CUST100022444,Modem,Samsung,934C87A3CB604BB4,2017-09-11,Active
ASTF3A8AA635E,CUST100067471,Handset,Nokia,5CB5A25790BF410E,2018-10-01,Active
ASTE89B347281,CUST100027397,Handset,Apple,C647B84EBAF04B10,2017-10-04,Active
ASTBCB7B8FC70,CUST100082233,Handset,Google,853B6A1DF0274037,2019-05-15,Decommissioned
ASTA5632BA05A,CUST100002450,Router,Google,B43CE174DCF24C83,2023-05-16,Decommissioned
AST4DE3A412BB,CUST100049361,Set-Top Box,Huawei,C57EF4AD61524B53,2025-08-29,Active
ASTD8D3CE9101,CUST100085401,Handset,Cisco,2A376FAE20F94363,2018-11-30,Active
AST415EC78F8F,CUST100090609,Modem,Google,C13C5A4B12C7457A,2020-02-08,Active
ASTA9C6B9E68E,CUST100080855,Router,Arris,071979F146544BC0,2024-12-25,Faulty
AST45CF382E24,CUST100030984,Handset,Nokia,E3B3D0338F464C7D,2025-05-14,Active
ASTAEE8E6FA70,CUST100015169,Handset,Google,BBDC0B9F04494E90,2018-03-01,Active
AST84126442AC,CUST100083737,Router,Cisco,8097D40CAB874501,2024-09-07,Active
ASTDB10BD7F5C,CUST100098838,Router,Huawei,E990FC801CF947CB,2018-05-19,Faulty
ASTED9AA22C07,CUST100044333,Handset,Nokia,33108A696F504B9F,2019-12-24,Active
AST1B6BBE6672,CUST100041319,Smartwatch,Huawei,895191C5F1444F78,2022-02-28,Active
AST50725E7F9D,CUST100093531,Handset,Apple,CCF6D5BDD832428D,2020-06-05,Active
AST38D775AABD,CUST100082035,Smartwatch,Nokia,21D7B139074848EF,2025-10-05,Active
AST379E064E7A,CUST100000645,Handset,Arris,B33E52520C51459C,2019-12-18,Active
AST0608F294EC,CUST100020763,Handset,Arris,7C15DF856EEF4E26,2021-11-19,Active
ASTF8B1D5FB7D,CUST100089361,Handset,Cisco,41C406F601734487,2023-10-16,Active
AST9190AB6634,CUST100074728,Set-Top Box,Huawei,C14FADA572D54EDB,2024-11-08,Active
AST7A1CB3C6D9,CUST100077582,Handset,Samsung,5446182EF30641CB,2025-03-05,Active
ASTFA405B34D4,CUST100098650,Modem,Arris,80F438F537C9437A,2025-08-23,Returned
ASTDC9AF733C1,CUST100025246,Handset,Samsung,4CD3B33FDE914DB9,2026-05-26,Active
AST1EAA62A53A,CUST100084249,Set-Top Box,Arris,34373B5C586D4C30,2021-05-11,Active
ASTEE59C9A8B9,CUST100014525,Router,Google,08956F1E22A54DBA,2018-02-09,Active
AST350EB4856C,CUST100025379,Home Security Hub,Huawei,7387923736BB4351,2016-11-16,Active
AST77BB9564AD,CUST100007729,Modem,Huawei,1F0EDA5982EA4199,2017-04-15,Faulty
ASTA02E4A0D91,CUST100055593,Handset,Cisco,9B929DE89A224045,2021-08-17,Active
AST3DE3F9192D,CUST100026142,Set-Top Box,Google,A0B18E1B29CC4F49,2022-01-06,Active
AST0CC4DCAD0E,CUST100094024,Modem,Cisco,26C636E289F241D4,2023-07-09,Active
AST02E1358C1D,CUST100041234,Router,Nokia,BAE041BE36324D6A,2017-05-08,Active
ASTA62F41453C,CUST100024926,Handset,Google,88369252AE6B49D9,2016-11-16,Active
AST51C9DFC8C9,CUST100022547,Set-Top Box,Arris,3A8AAD31D73E4374,2016-04-25,Active
AST3D776E82C8,CUST100072846,Modem,Huawei,A1F8B813907B41CF,2021-03-19,Active
AST2832CA7F91,CUST100054375,Set-Top Box,Google,898372DDC5B045A2,2018-10-29,Active
ASTFDF8D2F305,CUST100092456,Set-Top Box,Cisco,8E0F8EB3F87A4592,2022-03-07,Active
AST7AFF976AF9,CUST100026297,Handset,Google,F88575367E7B4C78,2023-02-03,Active
ASTD133884A1E,CUST100087359,Router,Samsung,9184751287F047A6,2024-09-18,Active
AST1459291D89,CUST100023694,Set-Top Box,Google,E2402BEB21C94A71,2026-04-26,Active
AST50E0FC7345,CUST100092236,Router,Huawei,642978B3B0E64624,2023-01-20,Active
ASTC5B9EC6FD6,CUST100020873,Handset,Arris,E59A97A3352344FA,2016-12-11,Active
AST5891FBFBE2,CUST100025209,Set-Top Box,Apple,741D8D8B88BC4FB3,2016-03-15,Active
AST5EE09304B3,CUST100023075,Handset,Arris,D5D4BDDF6B934FC2,2018-02-04,Active
AST97BBEA6E57,CUST100068119,Handset,Nokia,AF06FE7CFBC64F57,2023-03-01,Active
ASTFF2EE859C6,CUST100009368,Set-Top Box,Nokia,4AC3A308C417461E,2018-09-03,Active
ASTFCF74ED707,CUST100019135,Router,Huawei,0800A9118F38414D,2021-08-11,Active
ASTDF0940DAA0,CUST100090888,Modem,Arris,E387BCEFEDD74128,2021-08-02,Active
AST5A5F9BD0C7,CUST100011312,Router,Arris,B1062E00961A4AB5,2022-10-26,Decommissioned
AST1BF0659A18,CUST100012477,Set-Top Box,Arris,3B88301F0328437F,2025-09-01,Returned
AST05F02F60A9,CUST100039829,Router,Google,8D727BEE229B4468,2021-07-17,Active
AST452204F32F,CUST100005327,Home Security Hub,Apple,ED379B94AAAB45AD,2021-10-15,Decommissioned
ASTF947D66BE6,CUST100011423,Handset,Nokia,445F293C5A794333,2021-03-06,Active
ASTBFA795EB9E,CUST100009461,Router,Apple,3E4DF7650AFC4FFE,2018-11-20,Active
AST282F8EDBBC,CUST100039923,Modem,Huawei,DCDE830581384A41,2023-11-18,Active
ASTB49BBFCC99,CUST100062428,Router,Nokia,FD3301DB88D14A09,2023-07-17,Active
AST888B6C4E6D,CUST100052840,Modem,Google,E63B38640A55498A,2017-01-19,Faulty
AST93A526D2DB,CUST100062069,Smartwatch,Samsung,D063F587204D4F69,2019-04-05,Active
AST96F65BB8A3,CUST100079498,Home Security Hub,Arris,8ECF8EBDFA22477C,2016-07-27,Returned
ASTB83F2D616E,CUST100091765,Set-Top Box,Arris,7E236DED4E834ED7,2025-06-05,Returned
AST48C985128E,CUST100084649,Handset,Google,F852F7BDA0D4427B,2019-08-02,Active
AST89AA2468AF,CUST100009102,Handset,Arris,9A85070F0DC64678,2024-03-19,Active
AST86EC1C7D02,CUST100095295,Handset,Huawei,62314EF626194011,2016-06-07,Active
AST0BAEE3F57B,CUST100043304,Handset,Apple,6CCB39166B2E4F71,2020-04-07,Active
AST85161A4E5F,CUST100017587,Modem,Google,0DA55A244F004909,2023-08-03,Active
AST0C528DDD8E,CUST100063732,Router,Cisco,13C9E4A5627F439F,2024-03-11,Active
AST95BE5869A5,CUST100068884,Handset,Huawei,3922263390DB4F60,2016-07-05,Active
AST78D47D9A17,CUST100026012,Handset,Google,D79913609A9A49B9,2020-10-09,Active
AST548DFC317B,CUST100057899,Router,Apple,2B2CD9AA82A24C8B,2021-01-13,Active
AST5B0497F8EB,CUST100067321,Handset,Google,4BCB133E5FB84736,2021-11-14,Active
AST917DB29515,CUST100006350,Handset,Samsung,496EDDBA63ED41F2,2025-07-15,Active
AST4A66FD41AC,CUST100082404,Set-Top Box,Cisco,AE4968EACACA4187,2018-06-24,Active
ASTFD4A16C6F9,CUST100082171,Smartwatch,Cisco,10A5C38F87704EE4,2016-07-04,Active
AST304672E152,CUST100043986,Set-Top Box,Nokia,A4703D6CF495446C,2018-11-25,Active
AST1C7134C1C3,CUST100071306,Handset,Nokia,949C82AA2B944068,2023-12-25,Active
AST4F741B125B,CUST100002714,Modem,Huawei,A988D10D9B5C4BAA,2020-03-24,Active
AST39547E0E77,CUST100015805,Handset,Arris,6506F7D5C6CB4F9D,2021-04-20,Active
ASTE5575204D7,CUST100024949,Handset,Apple,11265F2AEC7F40C7,2021-04-04,Returned
AST397F9F6B07,CUST100031864,Set-Top Box,Cisco,EFA96CB399584D20,2022-06-30,Active
AST08F8C1D488,CUST100082971,Handset,Arris,F733F13928E24579,2025-01-31,Returned
ASTA8912A4DEA,CUST100015569,Handset,Apple,3E034116D91D4034,2021-01-10,Active
AST914356193D,CUST100059411,Smartwatch,Huawei,F9F08A7D37DC423A,2017-06-04,Active
AST965F34A14E,CUST100000593,Handset,Samsung,9B23F1CBDD084475,2018-12-06,Active
AST1C5E1C6B0B,CUST100070268,Modem,Huawei,AEEDCCD0C2D84469,2021-05-26,Active
AST1DBBA5B8E1,CUST100058472,Handset,Arris,0918EA2C941F4842,2016-07-24,Active
ASTC6EA7DA77D,CUST100048969,Router,Apple,D31EE670227E4A8D,2020-09-25,Active
ASTE237E65504,CUST100092225,Router,Arris,C017DC31C632416B,2016-12-28,Active
AST089ADF447D,CUST100005190,Handset,Arris,E66B7AE5D1E941F0,2018-08-17,Active
AST0839276F8D,CUST100065988,Set-Top Box,Cisco,8683D5EC0AC447A6,2024-04-09,Active
ASTDAD452BFB3,CUST100075763,Handset,Cisco,DA47E8921FAD4A0B,2022-01-15,Returned
AST7A0F1B99F6,CUST100025782,Router,Huawei,E1DC52C52CE94F38,2020-05-13,Faulty
ASTB810D0FA4A,CUST100086034,Handset,Apple,E42AC5D1EA3C4DA7,2019-08-05,Active
AST80F6D34876,CUST100010492,Set-Top Box,Google,56842A5214924165,2024-10-08,Returned
AST8AD8EB64D8,CUST100040875,Handset,Cisco,D88CD3752D0E4200,2016-01-05,Active
ASTEB48CC6F76,CUST100000900,Handset,Cisco,58397ACB36BD424F,2018-01-28,Active
ASTB0D41D394D,CUST100034362,Router,Huawei,91CFDD0D17C84C00,2024-11-16,Active
ASTBD450709BC,CUST100086680,Handset,Nokia,9CF5D38576D94C75,2023-05-20,Active
ASTEA4585FA65,CUST100015616,Home Security Hub,Google,A06824B016DB4FCF,2018-04-01,Active
AST03D1CFE07C,CUST100078436,Modem,Samsung,E9F6DF554237419E,2023-10-26,Active
ASTCE99D9D5D5,CUST100022153,Modem,Google,1C68AC83E1A749CB,2020-03-27,Faulty
AST88DD5D12DB,CUST100056162,Handset,Google,FB9CE2A720634570,2019-07-04,Active
AST77D396E6F1,CUST100019228,Modem,Huawei,F6A86962ED5846AD,2018-06-13,Active
ASTCF42A09D88,CUST100026633,Set-Top Box,Apple,25D6665BB1D0472E,2022-07-04,Active
AST467DA0A1A1,CUST100033331,Modem,Samsung,79B0AEB4C1E0440A,2021-02-23,Active
ASTA7BCDB2C4D,CUST100084666,Modem,Nokia,A849F4C85CE84D93,2025-03-17,Faulty
AST4956759B30,CUST100086249,Router,Samsung,53393A59A569467C,2024-06-24,Returned
ASTFF3AEEF377,CUST100080398,Handset,Samsung,AEF1581B2CD343F5,2020-09-30,Active
AST25D692A6EE,CUST100076241,Set-Top Box,Samsung,AE21CE2C81B84EC2,2021-03-21,Active
AST26A90DE42B,CUST100078783,Set-Top Box,Cisco,64351BF9FED742E7,2016-04-27,Active
AST4B71BC7567,CUST100094455,Router,Nokia,5572746153FC49E7,2018-12-30,Active
AST423BE67B56,CUST100000038,Set-Top Box,Huawei,908EEEFF50FB495F,2017-06-30,Active
AST18153C3C9A,CUST100077653,Modem,Huawei,F408216165CA4418,2016-02-12,Active
ASTE7AB748454,CUST100067307,Router,Google,341191A74141472B,2016-04-27,Active
AST224655C087,CUST100049590,Handset,Huawei,1B6975A8807345BB,2026-02-23,Active
AST184772B35C,CUST100023078,Handset,Apple,4DA41E97BD4F41AF,2021-07-14,Active
ASTF4FCFAE399,CUST100017330,Set-Top Box,Cisco,4E78313D7BD540E3,2023-05-20,Active
ASTB8C67416E9,CUST100038785,Handset,Cisco,64D5A1582FBC47CD,2017-07-30,Active
AST2DD10C59F8,CUST100037261,Modem,Huawei,2F129129E65B4D37,2017-09-27,Active
AST4DF8DBAD38,CUST100091732,Handset,Samsung,EE23C9DD747641C2,2022-02-28,Active
ASTCA60C6B3CA,CUST100093310,Modem,Arris,927AE53FECF543A9,2017-06-30,Active
AST1CA2C76B08,CUST100078145,Router,Apple,746EB93EF97741BD,2019-03-24,Active
ASTEEEEEAD55A,CUST100033175,Handset,Google,E68CB7ADC0194085,2020-02-02,Active
ASTD7CDF79AB5,CUST100064981,Home Security Hub,Apple,98756D64E5764D29,2018-04-04,Active
ASTCF80A8C321,CUST100036369,Handset,Huawei,58F8E86175494CA8,2019-03-31,Active
AST8E34D198D6,CUST100004814,Handset,Arris,B3A266AC632C46F5,2021-09-15,Active
AST810E5CEDC2,CUST100003021,Router,Cisco,5165EE8B2F4145E3,2026-06-02,Returned
AST50283F9223,CUST100017112,Handset,Cisco,D4CD66CB27AC4409,2017-05-07,Active
ASTBB1321EE7D,CUST100084413,Router,Samsung,D5E096037D234677,2020-09-15,Active
AST04CE4913AF,CUST100087154,Handset,Huawei,EE8BE106F0AB47CA,2026-04-29,Active
AST434D914050,CUST100049484,Handset,Huawei,BF3EB7B0ED3B4B54,2018-12-21,Active
AST93C1AC9EC6,CUST100063880,Router,Cisco,6A9F50614E774DC9,2018-08-03,Returned
ASTDEC4553FD1,CUST100014226,Router,Apple,4BA07B37A2994C96,2019-01-21,Active
ASTA46DAC7CF2,CUST100074551,Home Security Hub,Nokia,840421942F8D48B3,2021-07-07,Active
ASTDEF20706C6,CUST100073969,Handset,Google,F240DD180B4641E3,2017-11-26,Returned
ASTFE704B1841,CUST100002000,Handset,Google,860DE4BCCE9B44A0,2024-09-28,Active
ASTBCDEE6E133,CUST100009212,Smartwatch,Cisco,4CE3731A0A1C4ACC,2024-01-12,Active
AST29DFD98C04,CUST100000884,Router,Google,A82F32727DC34887,2019-07-19,Active
ASTEBE43C694B,CUST100098159,Set-Top Box,Samsung,D3D29B56559840F6,2022-08-13,Active
AST46B19A1AD7,CUST100012072,Modem,Apple,308AC2F6D1564DD8,2023-03-19,Active
AST4D819B242E,CUST100011499,Modem,Apple,C32AB74257214853,2024-12-04,Active
ASTE58D42F609,CUST100075586,Handset,Arris,F033B0FC13DC47C6,2026-06-11,Faulty
AST841ADB3018,CUST100071404,Set-Top Box,Arris,9FACB5A2022740D3,2023-11-07,Active
AST892797D8BE,CUST100074841,Modem,Nokia,669077098183423D,2022-10-16,Faulty
ASTE73FA64DAE,CUST100021503,Handset,Nokia,2B1CE3CBD4F145B4,2023-01-04,Returned
AST0C499D1BA0,CUST100025800,Modem,Google,B274801E7D39445D,2023-03-19,Active
AST626E8DB441,CUST100072984,Handset,Google,26ABE4B3145F4E9D,2016-07-04,Active
AST83348617FA,CUST100087467,Handset,Nokia,33549EA8080F45F9,2023-08-04,Faulty
AST9DCB5227BE,CUST100069542,Modem,Nokia,BD14CA41AF0B43DD,2022-11-24,Returned
AST2AD0BF4BB9,CUST100055896,Router,Huawei,0C780BCA87214623,2016-03-06,Active
ASTC047451B42,CUST100000378,Home Security Hub,Google,C3F29AC7FB3C44A6,2018-07-01,Active
AST44A1E15479,CUST100098243,Modem,Google,F868B3BC7BB14CA2,2018-03-13,Active
AST493A67CB2A,CUST100053662,Set-Top Box,Google,FBF73A2663C44CDB,2026-01-18,Active
AST44C3BCAD2C,CUST100062940,Handset,Nokia,BC51E80C0F7E497B,2018-10-15,Active
AST16C4A3059E,CUST100064638,Set-Top Box,Samsung,16B3BDB859F342C5,2020-07-02,Active
ASTE5731C8B35,CUST100044359,Handset,Google,251CBF17BE214D89,2016-03-02,Active
ASTEA5E5F9A7E,CUST100051011,Handset,Google,893EFB1B93524AAB,2023-02-06,Active
AST3EED2784CD,CUST100075828,Handset,Google,D5588A9FD4EC42F9,2018-12-10,Active
ASTA7519E1B98,CUST100015476,Handset,Arris,1CC9F490D70E4B9C,2023-04-02,Active
AST2D737A8F1D,CUST100056521,Modem,Huawei,10C815167E5C423D,2019-06-25,Active
AST3671F77F44,CUST100007645,Handset,Arris,C2068051E36A4692,2016-07-26,Faulty
ASTFADD94F52B,CUST100067195,Router,Huawei,4A43661665EE44B7,2025-05-09,Active
AST98FD2CD5D8,CUST100003626,Modem,Cisco,A0212A462D9B40E1,2016-10-02,Active
ASTF64F33B739,CUST100022424,Home Security Hub,Huawei,E5D857D362B14D2A,2021-06-07,Active
ASTF8AB14E037,CUST100037970,Handset,Nokia,8BE9FBDE9CCE48C1,2017-03-15,Returned
ASTC3BC887C2D,CUST100046037,Set-Top Box,Arris,7BE7C6CD89DB475E,2020-09-08,Active
AST19CEAE3EE3,CUST100087663,Handset,Apple,B022169984C34A18,2019-07-27,Active
AST96CA19CB5F,CUST100018794,Modem,Cisco,C410AFB18C964B46,2024-07-13,Returned
AST33F9B63358,CUST100097418,Handset,Samsung,8AE84FB980084B88,2023-12-14,Active
AST34BB87138F,CUST100083694,Smartwatch,Apple,902B2DFD80FA4C61,2023-04-01,Active
AST9D1A4F58BA,CUST100006506,Router,Google,2BF16418233F4B0E,2017-07-27,Active
AST4A7736D750,CUST100033909,Router,Google,E2F996DED7904194,2020-08-27,Returned
AST358B64D70F,CUST100025432,Router,Huawei,150CB558BC2342AF,2020-03-17,Active
AST6BF3C9979D,CUST100060249,Handset,Huawei,98095CA92F344054,2021-09-07,Active
ASTA1030F76DC,CUST100072919,Router,Cisco,1290B943D6C243AC,2018-03-09,Active
ASTBF48C1378B,CUST100064869,Router,Huawei,AF48BE1136A147E5,2020-06-13,Active
ASTEB5BAE061B,CUST100017779,Modem,Arris,12215AD729F64CBF,2019-08-11,Active
ASTCE730614C0,CUST100026071,Home Security Hub,Nokia,D6F41011DAAE4EC4,2019-01-13,Faulty
AST64B795B9DE,CUST100083755,Modem,Samsung,8AE63A093A4A4B15,2021-02-08,Active
AST7430C4E0C8,CUST100057691,Handset,Arris,D195F81E3D3844CE,2022-08-06,Decommissioned
AST1BF4EFE6B2,CUST100003227,Modem,Cisco,38C9A41B6C1B4ECE,2016-09-11,Active
AST268B01DDE9,CUST100093329,Router,Samsung,A9BBB2FA95984A3B,2024-03-24,Active
AST8DF8709B39,CUST100000479,Set-Top Box,Samsung,798883B7AD114B0E,2022-07-29,Faulty
ASTE533D95CA4,CUST100067290,Handset,Cisco,F71405802E44468D,2022-09-05,Returned
AST9D155E7DAB,CUST100090368,Set-Top Box,Cisco,E946D3FEA7D34EF4,2016-05-24,Faulty
AST53BC294803,CUST100096655,Router,Huawei,D4C45EE9CF1A42C9,2021-08-25,Active
AST113A6FED12,CUST100039778,Handset,Google,39573CD67A284A22,2021-10-24,Active
AST94C17FDCED,CUST100064175,Handset,Apple,D16F61A880AD4848,2025-10-16,Active
ASTE438C24DD3,CUST100000315,Router,Samsung,DBE4385B8EE34A35,2016-12-09,Returned
AST9411DB80F7,CUST100058767,Handset,Huawei,E190766740504C28,2016-03-04,Active
ASTC252D6F2C7,CUST100043821,Router,Cisco,AA923D9261DB4CED,2024-09-01,Active
AST8102E17ACE,CUST100002269,Router,Samsung,BC834CC042F24AE9,2022-01-19,Active
AST6FC8BD6963,CUST100051506,Modem,Samsung,16727FFDB16E4CB1,2022-03-01,Active
AST4FC97C19B8,CUST100000948,Handset,Google,4C2F2725F59A4D36,2022-07-11,Active
ASTA5C560F347,CUST100030415,Home Security Hub,Arris,36F7114D14C1478F,2026-02-19,Faulty
ASTD2BFA500BD,CUST100089197,Set-Top Box,Google,C9FDA2B47FCA4E99,2023-01-28,Active
AST2F5B6FD880,CUST100068761,Modem,Cisco,1DE721EB292F484B,2016-02-20,Active
AST41BF1A52B6,CUST100049891,Modem,Samsung,B75B726BA69B4F84,2025-01-31,Active
AST2F819C7635,CUST100029336,Handset,Nokia,1EBC5CAE16C14E52,2018-08-21,Active
AST1F07F68383,CUST100090316,Handset,Huawei,B6AF94DC84424ECC,2025-08-02,Active
AST84F6160267,CUST100081217,Smartwatch,Samsung,87C41098DAC2425B,2016-03-30,Active
AST715137B7D1,CUST100016095,Handset,Apple,DFA0F434A88B4DEF,2024-02-10,Faulty
AST3B1D6F159B,CUST100022933,Router,Google,63D60323270342B2,2016-04-23,Active
ASTCA170D1052,CUST100032071,Smartwatch,Nokia,86000BB861D24A7F,2018-11-02,Active
ASTB05521F9B5,CUST100077248,Handset,Nokia,6D823FFD3A4D4086,2020-03-18,Active
AST6A35207664,CUST100012336,Smartwatch,Nokia,D7AD86C75E0748E5,2017-03-14,Returned
AST3A655AA553,CUST100089854,Handset,Nokia,9093DDEB59E240D2,2018-12-17,Active
ASTDD21827EBB,CUST100016781,Modem,Apple,D456441B989F4D05,2021-05-20,Active
ASTA24EF7DA4D,CUST100014570,Router,Nokia,FC81C702241D46DC,2018-12-27,Faulty
ASTCDBCF8FC77,CUST100007291,Handset,Huawei,CFB30F37451B436F,2022-12-25,Active
AST343D6ADA05,CUST100048278,Modem,Cisco,D44A07E87F6440BC,2025-07-10,Active
ASTD0A6EBE78C,CUST100093980,Handset,Cisco,DCA72D0C76CA45E1,2017-01-04,Active
AST2258B87D63,CUST100038916,Modem,Nokia,6CB294763555419A,2025-01-23,Active
ASTD37F28AC68,CUST100010522,Handset,Apple,ED39E07D46E54F39,2021-08-12,Faulty
ASTC7B8CADD86,CUST100018124,Handset,Huawei,B486BFE8A98F442B,2025-02-20,Active
ASTF47DCA8F72,CUST100045306,Handset,Nokia,26E7F24FA9074FB0,2017-12-03,Active
ASTA2AF9D4BE8,CUST100046836,Modem,Google,297CAD1A24284349,2021-08-15,Decommissioned
AST4AA807C279,CUST100099695,Modem,Google,C7738233B1824EAA,2018-08-05,Returned
AST0EC21FC0FC,CUST100061501,Smartwatch,Nokia,D6DB597DB3624127,2024-08-22,Active
AST4CEA501732,CUST100030884,Smartwatch,Cisco,7C3581A0BD654615,2025-01-06,Active
ASTD51C5C6078,CUST100047016,Handset,Arris,A7DA9BB48D3A4BFD,2016-09-01,Active
AST097E5408A4,CUST100081458,Set-Top Box,Huawei,659D0B5C8C2F44C1,2022-10-31,Active
ASTA2C98552B0,CUST100039822,Handset,Apple,0F69C8A9BD064A94,2025-10-03,Active
ASTB3DD285A3F,CUST100059094,Handset,Cisco,A1FD8F2CB5A8494B,2021-01-04,Active
AST26CBEDFD1A,CUST100019306,Handset,Cisco,637478F6AF694FEF,2022-08-14,Active
ASTC936FE26D7,CUST100093165,Handset,Nokia,E97540D65B2B47F4,2019-12-02,Active
ASTF48541BC08,CUST100007220,Set-Top Box,Arris,AC34F90AB44B4EC7,2020-01-16,Active
ASTE9B28030D2,CUST100022900,Router,Cisco,08315A75A0404F3C,2020-04-24,Active
AST2384D91B52,CUST100074481,Handset,Google,BF16330F54384A0F,2023-03-24,Active
AST446E4B5528,CUST100010377,Home Security Hub,Google,C9348EB33F3F4367,2019-09-18,Active
AST2CAAD97FAA,CUST100017596,Router,Google,AC7498852961458A,2024-06-29,Active
AST115B386E37,CUST100072536,Handset,Apple,299B340AF3ED4993,2026-02-07,Active
ASTD6626246CC,CUST100022263,Home Security Hub,Samsung,94B4F40CCA52458C,2019-08-29,Active
ASTDA7CC4B964,CUST100038088,Handset,Nokia,EEEA00B56E5F4B5D,2016-08-29,Active
AST7B26B78B33,CUST100024191,Set-Top Box,Cisco,E868DCA6DFB24DEE,2021-04-19,Active
ASTAA90B86470,CUST100042677,Handset,Apple,3982F0055FD146BA,2021-03-11,Active
AST4813E88871,CUST100008920,Modem,Huawei,66F0697D4DB14554,2016-08-12,Active
ASTFBD76A3A28,CUST100089814,Home Security Hub,Nokia,314F72E260EA4C71,2025-06-05,Active
ASTFA14DDD0FA,CUST100095171,Handset,Google,916311DDD1DA42BC,2020-01-09,Active
ASTFD52141E3E,CUST100066491,Handset,Cisco,3981E7A293804D70,2024-11-20,Active
ASTCA909399C0,CUST100087092,Modem,Arris,98279AFF9F704ABE,2017-12-22,Active
AST42ACC05BCA,CUST100076295,Handset,Apple,BD08AFEC43274B62,2022-05-31,Active
AST2AC54EE014,CUST100041206,Router,Huawei,AA25B3F92F6F46D3,2019-07-23,Active
ASTA9B2A222C7,CUST100089722,Handset,Nokia,0A3A014E6F2A4798,2024-11-17,Returned
ASTA690350640,CUST100060976,Router,Samsung,CD8A117C7FC24C61,2021-11-26,Active
AST2410EA6AA8,CUST100079626,Handset,Nokia,D4667FF02D594F1B,2021-07-14,Active
ASTDAA58B50B6,CUST100092012,Modem,Arris,48CC74D19817482B,2021-11-09,Active
AST14D65F8DC4,CUST100044245,Router,Google,525C1744302D4C01,2019-04-02,Active
AST070CED3B5C,CUST100038435,Set-Top Box,Google,E5CF6721E86A4287,2024-06-07,Active
AST5753C52F1D,CUST100017124,Router,Nokia,3101F3A48EAA44FF,2023-08-31,Faulty
AST1A590EF82B,CUST100069680,Smartwatch,Nokia,710749B0A6334F90,2024-04-12,Active
ASTEEF96C6A2E,CUST100066067,Handset,Huawei,1A898B8FF0274B70,2016-07-22,Faulty
AST86B5405ADA,CUST100099858,Set-Top Box,Huawei,DF3A888736254040,2021-07-12,Active
ASTB2435BACE0,CUST100062797,Handset,Cisco,235DBE7B84054A01,2025-05-04,Active
AST70559172BC,CUST100099622,Modem,Samsung,2A0943F5879B488F,2018-02-23,Active
ASTED8605EB1E,CUST100025454,Set-Top Box,Samsung,93A7CB283AB14AB4,2020-07-23,Active
AST9AA0090B5E,CUST100091776,Handset,Arris,E5F2B86932B8486D,2024-04-23,Active
AST4DF731C065,CUST100048900,Handset,Google,0C5A646A3A4449C4,2022-12-21,Active
AST2307C8FA73,CUST100007325,Set-Top Box,Huawei,53201129D8E244F7,2023-09-17,Active
ASTA328898002,CUST100014640,Handset,Google,EE3C00F3208A45DA,2019-06-14,Active
ASTAE95EC1501,CUST100028241,Router,Cisco,430A742D88B846D3,2023-06-25,Active
AST113C5EBA15,CUST100091521,Router,Google,A7FAC9791785424F,2020-03-31,Active
AST2B66D1B7D3,CUST100038980,Router,Google,D9C577CE7A87418F,2018-12-22,Active
AST5E1C2B93CB,CUST100005375,Router,Arris,CBA92FF2E10C4BF9,2023-01-05,Active
AST5FA84AC292,CUST100041559,Handset,Huawei,5EB7A35DEDD64484,2022-11-13,Active
AST2652120FDE,CUST100017528,Router,Huawei,58813C144CE64119,2026-03-20,Active
AST6637E1A043,CUST100082510,Handset,Cisco,B595CE60F4644E39,2023-11-19,Active
ASTC0E8B63319,CUST100094013,Router,Arris,8B904005CC0F4161,2020-10-23,Active
ASTB3DD58C46D,CUST100062950,Handset,Arris,1BA86E53EA5D4C6C,2024-05-01,Active
AST6C28E1B8DD,CUST100027393,Modem,Cisco,01529504C62D48F1,2018-11-29,Active
AST3099CC1A7B,CUST100062469,Handset,Cisco,7E620430C3EE4559,2019-05-01,Active
AST15277123E5,CUST100060801,Handset,Samsung,BCBCF1DE7B744872,2019-01-14,Decommissioned
AST73ED895143,CUST100013927,Handset,Cisco,B85D003CD25F4E94,2023-11-23,Active
ASTBEDCED82CF,CUST100000528,Set-Top Box,Samsung,4D02569BF0A54012,2018-02-19,Active
AST3E7EB00316,CUST100035258,Router,Cisco,1FDBA86A99324708,2021-05-18,Active
AST43FC3B821C,CUST100007144,Handset,Nokia,A4FF503B7EDD4C77,2024-07-02,Active
AST2F69D58015,CUST100014794,Handset,Apple,963A49523A48410B,2016-10-21,Active
AST5B8BFCE44D,CUST100030000,Handset,Arris,DB71F07EB12D452E,2019-09-28,Active
ASTEF0AA51293,CUST100025580,Handset,Apple,BE110195B8E34493,2026-04-29,Active
AST7E0E9B53A2,CUST100012456,Router,Huawei,852E2187F51749E8,2019-05-16,Active
AST7B5B9FA5F6,CUST100061692,Handset,Huawei,58D34F1B8BD24C68,2024-05-18,Active
ASTBE3F62F3FF,CUST100089345,Handset,Apple,50499C1EBA044A52,2017-06-29,Returned
ASTDF1E785990,CUST100024884,Router,Arris,737C239B3CDA4E91,2023-06-09,Faulty
AST0623367EE9,CUST100059173,Handset,Samsung,10036F2CFD5E46BF,2019-10-21,Active
AST66F1162777,CUST100037452,Handset,Cisco,34DCCD5BCF4B4635,2023-08-01,Faulty
AST58CBC235A3,CUST100043244,Modem,Arris,6F52C241660B40C4,2023-04-27,Active
AST0682770765,CUST100001075,Handset,Nokia,77DA1FD44133419A,2018-09-12,Active
AST5B9A1AB4A4,CUST100076992,Smartwatch,Apple,36F0D76EE16C45BA,2025-05-09,Active
ASTA439BC33B6,CUST100055611,Modem,Samsung,84246DEF269442B8,2017-05-05,Returned
ASTCEBC42B53B,CUST100044278,Handset,Google,C3194ECA976E45B6,2019-05-25,Active
ASTE8A5830CB0,CUST100003123,Router,Google,1C456EBAB0BC4B57,2022-05-18,Active
ASTE9C9DEB69A,CUST100025821,Modem,Cisco,9996604D24214F91,2020-07-22,Active
ASTE6265CC3ED,CUST100061176,Modem,Nokia,489DE3931D0445D5,2019-04-09,Faulty
ASTE3B5C3A9B4,CUST100069830,Handset,Google,F5E95569320F4F96,2019-08-22,Returned
AST65DD430683,CUST100070160,Router,Cisco,E92440855E324E65,2016-12-18,Active
AST573B7A37DF,CUST100015230,Router,Arris,7899A9F423C14523,2024-07-26,Faulty
AST5A970AFF60,CUST100060277,Home Security Hub,Google,921051F32AC4462C,2017-03-25,Decommissioned
AST6C233D7437,CUST100065170,Handset,Cisco,9C9361D5D8C743FC,2023-10-25,Active
AST360B7A541D,CUST100008664,Router,Google,EA1DF127001E41EE,2018-03-06,Active
ASTC93792CA48,CUST100025407,Modem,Cisco,755C431FA31A4C47,2023-04-08,Faulty
AST31BFC06677,CUST100038560,Handset,Cisco,FFD651CF3C6249B9,2024-11-04,Active
ASTECAE4E0F09,CUST100011682,Handset,Samsung,2AC92BD81B28464A,2018-11-19,Decommissioned
ASTEAEF1A2972,CUST100072471,Modem,Huawei,73B24C0E38EA4FA2,2020-05-06,Active
AST1F20E2B13A,CUST100045318,Router,Samsung,DEDDF1D02C064CBA,2020-10-21,Active
AST03CD6DE836,CUST100080267,Handset,Apple,3FFE826892074BB2,2023-11-11,Active
ASTEB48B62EE9,CUST100060765,Smartwatch,Apple,4D3BF46AAAD3420D,2020-04-15,Active
AST6BF8B59E1E,CUST100021443,Router,Google,3DDCE62FF1034409,2023-08-20,Active
ASTCB949652E5,CUST100097087,Handset,Cisco,2F612A3935E24110,2020-03-01,Active
AST0588E63B05,CUST100063091,Modem,Nokia,093470604D7F48FF,2018-11-23,Active
AST4E2F793107,CUST100044526,Handset,Arris,BDAA92904C964630,2024-09-29,Active
AST53B6BD57D8,CUST100083326,Router,Nokia,D82037FEFA594DA7,2023-08-20,Active
AST6773D9BBAA,CUST100072907,Modem,Huawei,9DE6D0FEC52A4CA9,2025-04-26,Active
AST1F38AA747D,CUST100036009,Handset,Huawei,5CDFEF4ED9BF4676,2020-07-10,Active
ASTD9D1E3F971,CUST100047242,Handset,Cisco,6C068B93B5434661,2024-01-06,Active
AST670A96B86A,CUST100001471,Router,Cisco,377B5F5D3C3E4A48,2026-05-15,Active
AST2C82B640E4,CUST100010230,Modem,Google,238295275A544064,2022-03-11,Active
ASTB73763613D,CUST100009971,Handset,Samsung,F2C138DBAB164EE4,2018-05-30,Active
AST011A903734,CUST100020648,Handset,Nokia,88F72F3670DC4F44,2016-10-24,Faulty
ASTEBCE33F65E,CUST100039702,Modem,Huawei,524F1115882F4B67,2022-09-16,Active
AST5255B08FD5,CUST100069371,Home Security Hub,Samsung,05429BEDE75646F3,2016-08-16,Active
ASTEB0B91C620,CUST100091116,Handset,Huawei,2DEDE2A272004471,2019-12-25,Active
ASTD7C5603028,CUST100009129,Handset,Huawei,E53F60E666FD4A88,2023-12-26,Active
AST7CCE5AD937,CUST100012307,Handset,Nokia,18D1E16260484D9D,2018-12-26,Active
AST0EE3E188B1,CUST100010687,Set-Top Box,Apple,CC055CD565AB4949,2022-08-27,Active
AST3DFC73BDC3,CUST100000098,Handset,Cisco,3C4EA1F2C98D4D59,2023-04-05,Active
ASTC18888D369,CUST100096842,Home Security Hub,Nokia,B8129F7AD5AC4337,2018-05-28,Active
AST59A3C201AF,CUST100008889,Handset,Arris,518287898FDF4471,2020-12-29,Faulty
AST49D7AA06D3,CUST100018279,Handset,Apple,26C22720B2AA4B2C,2016-09-14,Active
ASTBCB9A4B7A4,CUST100092843,Handset,Huawei,FB0951693DE0405E,2019-12-19,Active
ASTAC79F486BE,CUST100076323,Modem,Cisco,6B42DCB10CCB4801,2016-07-13,Active
ASTCEB358D728,CUST100086679,Handset,Samsung,157A9E74E16F47F6,2019-02-28,Active
ASTF4BE2F0EF8,CUST100024223,Modem,Nokia,2E6EBA639833484B,2023-03-18,Active
AST7C325F0F8D,CUST100093241,Router,Nokia,7006CF53A4064B6A,2025-02-01,Active
AST45C48A4952,CUST100063108,Handset,Nokia,B014EE8C64A44A42,2021-09-21,Active
ASTA3C7C9560A,CUST100014618,Handset,Apple,FDD9D1BB638246D3,2022-04-21,Active
AST54E2CACA74,CUST100076752,Smartwatch,Cisco,0552CCA15B004B1C,2022-05-21,Active
ASTF7831E984E,CUST100004369,Router,Nokia,35E21E0A257F40CE,2023-02-22,Faulty
AST2D0E8BB267,CUST100060968,Router,Huawei,C6CD72B4EAAD437F,2025-03-18,Active
ASTF1825B9B2A,CUST100037992,Router,Apple,CCC655EC9B914596,2017-07-24,Active
AST697C516B06,CUST100068736,Router,Huawei,8C48235734914F0B,2017-01-12,Active
ASTDA49FF7AFD,CUST100050945,Set-Top Box,Google,25D845901DBB4E3B,2021-02-16,Faulty
AST0969C2EB2B,CUST100009355,Handset,Apple,1DAE9AA4579D4EDC,2016-05-14,Returned
ASTD212C7DD71,CUST100031175,Router,Google,32E763DD1D164DE6,2024-01-30,Active
AST12FCBA8FDE,CUST100073976,Handset,Cisco,01AEBB336CE64544,2019-01-27,Active
AST0F762631C3,CUST100028701,Router,Arris,339E9A25A626415D,2023-01-24,Faulty
AST4A4EE29641,CUST100084368,Router,Apple,737579318BEA4BD4,2019-04-28,Active
ASTC71EE8CB7A,CUST100084550,Modem,Nokia,5680AF3DCC8146E0,2026-05-28,Active
ASTF42167E465,CUST100033284,Handset,Nokia,8E5C71E4F377429E,2017-09-30,Active
AST57A0042C2F,CUST100012804,Router,Apple,286F64F2C649478E,2021-06-17,Active
AST3531779DBE,CUST100081875,Handset,Huawei,CE8B09AC6FFE4721,2023-08-12,Active
ASTA23F2EE514,CUST100026348,Router,Samsung,6AE0CC8C8AAC46CF,2017-11-07,Active
AST4032FF7593,CUST100002508,Router,Arris,824CEF171E144D13,2016-03-21,Active
AST640AB6D296,CUST100049566,Smartwatch,Nokia,3AA615AEC1C94F7F,2023-04-19,Active
AST1058BA9365,CUST100018096,Router,Samsung,3C5BDAED712D4CE4,2016-01-01,Active
ASTB9F424DC4A,CUST100056767,Router,Apple,63D1186745394484,2021-11-27,Active
ASTC231E678AD,CUST100048646,Set-Top Box,Nokia,D882B6FA5DCB476A,2021-12-22,Active
AST1756EDE5A4,CUST100005598,Set-Top Box,Nokia,597F411548404056,2024-01-02,Decommissioned
ASTA3D64C7600,CUST100001626,Modem,Cisco,D298CB52DEAD4749,2020-09-19,Returned
ASTC34893E103,CUST100055838,Handset,Nokia,1DFDE5756AAF482D,2018-07-12,Active
AST40C5478AAA,CUST100036628,Router,Huawei,A549B70F59EB44B9,2017-09-08,Active
ASTC74C4A186C,CUST100071179,Handset,Arris,1A11098D3323444F,2024-06-08,Returned
AST0ABF0FC93C,CUST100081260,Handset,Samsung,6BE8EFA10CB04948,2019-06-26,Active
AST4153B2A67E,CUST100054359,Handset,Huawei,8985BA07194B4ECE,2021-10-03,Returned
AST1648ACDA65,CUST100042032,Router,Samsung,8E847DC3C6FA4D85,2022-04-06,Returned
AST126E31CB56,CUST100022544,Modem,Samsung,76FE19B8781A43DE,2022-05-16,Active
AST56898669F8,CUST100019037,Handset,Google,73245F71D3B7486D,2023-12-20,Active
ASTCF0AC639D7,CUST100081028,Set-Top Box,Cisco,488BFE7A1C6A44D3,2025-07-07,Returned
AST46950D17D9,CUST100047114,Handset,Apple,0ABB656C590342FD,2020-07-01,Active
AST89F40AC883,CUST100089973,Modem,Huawei,A53EC792AC9946C0,2017-06-14,Active
AST3B1609174D,CUST100074544,Handset,Apple,481C4E1F0C7A4E54,2019-09-14,Active
ASTBE5EE021DA,CUST100060886,Handset,Google,932424A0A1054269,2021-01-06,Active
ASTC537BD4569,CUST100017873,Handset,Nokia,87999FBB5AEC4D15,2016-02-11,Active
AST5F2882ADAA,CUST100037621,Handset,Samsung,0BC08E62E0B04E03,2018-01-02,Active
AST61491FE42B,CUST100036643,Handset,Cisco,1059D2A59F1C4627,2020-11-12,Active
AST4C2771695D,CUST100047623,Handset,Apple,085B2C8C701C4DB1,2019-12-17,Active
ASTA57108BD86,CUST100027869,Router,Nokia,F30374BFEE694C43,2022-10-22,Faulty
AST111313301E,CUST100028869,Modem,Apple,014767D94AAB4BE8,2021-10-16,Active
ASTD1CF0E6A82,CUST100037340,Router,Nokia,8BBE4F288B9A4FFA,2017-04-03,Active
AST02ED5F8AD1,CUST100090141,Handset,Nokia,C5C6AA9E07FB4152,2020-02-18,Active
AST9B19CCE31A,CUST100074807,Modem,Apple,6ACDE7328638480D,2021-04-01,Active
ASTD23004E269,CUST100008297,Set-Top Box,Huawei,AB18361BD13E4DAF,2024-12-29,Active
AST95C37ED461,CUST100028668,Handset,Arris,EF2A283BF3EB447E,2018-08-22,Active
ASTD50CC87953,CUST100089543,Handset,Huawei,B50C44E4B69F4BB1,2016-02-01,Active
ASTE440F68B43,CUST100004408,Handset,Apple,DAA56405A88E4665,2026-06-13,Active
AST7ED8C0CF7E,CUST100036452,Handset,Arris,041B7F3D82754FE0,2024-05-11,Active
AST95E1A470F5,CUST100048713,Modem,Samsung,9CCEB4D3809B4D17,2019-05-13,Active
AST4B1CCB9119,CUST100008414,Handset,Apple,6F88232D77CA4DB9,2023-02-20,Active
AST6B04CE4E4F,CUST100008573,Handset,Cisco,831A4AB1C109444F,2022-12-22,Active
AST9251BC1627,CUST100010480,Home Security Hub,Arris,DE9F6445C156492E,2016-05-30,Faulty
AST633B8796E5,CUST100086464,Router,Huawei,7CBC945DD0684F95,2016-05-14,Active
AST1862AB79EC,CUST100071120,Handset,Nokia,C626196511BB46EB,2023-02-03,Active
AST3C62F02EE7,CUST100090908,Modem,Apple,9155931B0A9F4A6E,2025-08-15,Active
AST6907E0E3C3,CUST100048626,Modem,Samsung,348E5F99B3244E0B,2020-01-29,Returned
ASTC5B8707751,CUST100005511,Router,Apple,BFB8BBD29E9B466C,2018-04-02,Active
ASTDF3A3886AA,CUST100003665,Handset,Apple,0C3EF19B23ED472E,2026-05-16,Active
AST8719C6ECFA,CUST100099668,Handset,Nokia,D84168856C314364,2025-10-05,Active
AST65558F45BE,CUST100005008,Handset,Google,0C9722EBD89640C9,2024-11-06,Active
ASTE6845F59FA,CUST100063901,Handset,Apple,518306147BDE4668,2019-08-06,Active
AST75A1BB9675,CUST100017248,Router,Apple,C1D99DC06DEF4BA1,2020-10-05,Active
AST1ED0E68E03,CUST100036194,Set-Top Box,Cisco,F90BA713991545CF,2019-08-13,Returned
AST333A606F1A,CUST100030749,Handset,Samsung,404A5D6DD42D44D5,2018-10-14,Active
ASTECFFA8F1DF,CUST100074979,Smartwatch,Google,0093955B23C4476F,2020-01-27,Active
AST9BE97F5E80,CUST100019198,Handset,Samsung,7AD06F0C50B44752,2022-09-16,Active
AST5BC657F878,CUST100048400,Handset,Samsung,073B285F12F54066,2024-04-30,Active
AST51414940E3,CUST100021513,Router,Huawei,74EF1BA7B373403B,2019-01-15,Active
AST49CE832098,CUST100088737,Set-Top Box,Huawei,E929BA0BDF8C4455,2017-10-22,Active
ASTCF58D37949,CUST100030360,Set-Top Box,Google,1A16A1545A014875,2022-12-14,Active
AST3BBDE481DE,CUST100034115,Home Security Hub,Cisco,EFCF41F040284D19,2026-05-06,Active
AST5D80BDD177,CUST100055019,Smartwatch,Cisco,961A1D6152504D2B,2023-11-26,Active
ASTC630478C73,CUST100020691,Handset,Samsung,F633CEDD03AA4A6B,2023-10-16,Active
AST7A52249F07,CUST100064798,Handset,Arris,9B5C88E01EB24BF0,2021-06-13,Active
ASTC296D3240F,CUST100028709,Home Security Hub,Huawei,67272082E20946C8,2020-06-09,Decommissioned
ASTA135B72200,CUST100046363,Handset,Nokia,2ADDC6EAEC144579,2022-05-19,Active
ASTEDE088DE8B,CUST100098743,Home Security Hub,Huawei,04828A0841A947AA,2021-10-30,Active
ASTA6FA620B87,CUST100060826,Handset,Samsung,835B6DE5D1534622,2017-10-03,Faulty
ASTD44FD2B662,CUST100056325,Handset,Samsung,6047B7E434BF4DF5,2026-03-08,Active
AST0F1F8D0C10,CUST100042807,Home Security Hub,Apple,2C504BA44D474D15,2020-08-17,Active
AST47F83E1D58,CUST100024111,Modem,Arris,2ABAA50D9AE143C9,2017-12-13,Active
AST0D47A0E6B3,CUST100007374,Router,Google,56AFBBE95B1244B3,2023-01-05,Active
AST61328457E2,CUST100078371,Handset,Apple,49BB7443A71841B3,2023-06-29,Active
AST5ADA87DA1B,CUST100001175,Modem,Google,6F196E68FC6B49D0,2021-11-20,Active
ASTC19DA2903D,CUST100037802,Router,Arris,202D235E54104CE8,2026-06-07,Active
ASTE2C557A366,CUST100043426,Set-Top Box,Cisco,94D9218640884DCD,2019-10-10,Active
AST6875F07C41,CUST100036767,Handset,Samsung,95466E10D47444B5,2026-02-01,Active
ASTD84E99BEB2,CUST100065092,Modem,Samsung,0B3FDF4AB83A407E,2025-01-26,Returned
ASTED988E2FD1,CUST100074246,Handset,Huawei,04BC24BD2323408D,2023-05-06,Decommissioned
AST77D2F76C56,CUST100065737,Handset,Nokia,4D2C091506964E31,2016-09-09,Decommissioned
ASTF4CFFEE993,CUST100067023,Modem,Google,4CB91A3AB9FE424D,2021-11-11,Faulty
ASTB71D9FBD2E,CUST100086292,Handset,Nokia,A3AAC2C5DCBB43C1,2017-04-10,Active
AST7B7CD98EAD,CUST100066737,Modem,Apple,297A901427594A30,2025-10-20,Active
AST073A077933,CUST100086790,Set-Top Box,Apple,F169FA96771D423E,2023-05-29,Active
AST0ADBBD7145,CUST100064296,Handset,Nokia,24A61A02B94B414F,2021-04-28,Active
AST3D0861E044,CUST100050601,Home Security Hub,Apple,F894F47530FA4905,2022-01-10,Active
AST28E13B8D43,CUST100038650,Modem,Cisco,22BABA369D28438A,2022-12-19,Active
AST46B0D71139,CUST100092871,Handset,Google,6E0C7482D0164914,2024-09-17,Active
ASTDBE3F5CEF4,CUST100054477,Handset,Google,19F4151043AF4AB6,2018-02-06,Active
AST1D2BD4FB3E,CUST100008047,Handset,Cisco,B485AE12ACFB493E,2021-09-17,Active
ASTC770707A4C,CUST100007765,Router,Apple,ED123B6AAC154B58,2025-03-17,Active
AST53686C8004,CUST100073366,Home Security Hub,Cisco,6A4C2289770F43F2,2019-08-03,Active
ASTA897B2716F,CUST100052655,Set-Top Box,Nokia,9B665BEAD01C4183,2018-12-01,Active
ASTC4632228B2,CUST100005262,Handset,Google,C943C49D1B714947,2016-02-19,Active
ASTFAB97A8CC6,CUST100088200,Handset,Google,2E95F45141994B3E,2017-12-13,Active
AST7DAC234187,CUST100035517,Set-Top Box,Samsung,46388D42153D44CB,2018-07-12,Active
AST33CB83898D,CUST100010942,Set-Top Box,Arris,BDF23BE5727F49CC,2016-11-21,Active
ASTD43588D0FA,CUST100057248,Handset,Huawei,FD65FB6F97484A91,2026-05-17,Active
AST41F9D90496,CUST100032068,Set-Top Box,Apple,B711C805026D480F,2018-07-08,Active
AST49180A6342,CUST100076544,Modem,Cisco,15BB06DA6C8F4202,2022-09-15,Returned
AST949972E539,CUST100012692,Handset,Samsung,2555ACAC27F64174,2018-11-18,Active
AST734E80466E,CUST100034477,Smartwatch,Google,A5AB500A3DC84056,2023-01-18,Active
ASTFFBC0F390A,CUST100056484,Modem,Google,E2F06F2EB48E42DF,2019-07-20,Active
AST872AC6A28D,CUST100084500,Handset,Google,93C5AE8D90F44E5D,2016-05-24,Active
AST240CBBA189,CUST100023436,Handset,Arris,D800B905BFE14D41,2016-01-21,Active
AST8A7FE98695,CUST100099138,Router,Huawei,A5BE5B9688804AB3,2022-04-21,Active
AST69430F71C5,CUST100091731,Handset,Nokia,503CD0BCDBD54AD6,2025-05-27,Active
AST080C30B81B,CUST100011678,Handset,Google,EA5F91C263674858,2022-10-04,Active
ASTEA6AE565C3,CUST100001435,Modem,Huawei,1AEFB990F7AE40DB,2016-09-25,Faulty
ASTA8B7FE5C40,CUST100007382,Handset,Cisco,5129EB1889794681,2022-07-28,Active
AST36594F268A,CUST100068041,Set-Top Box,Google,60957ED827BC4E87,2025-07-15,Active
ASTCE63234E0B,CUST100091292,Handset,Cisco,7C763C9CD50645F1,2025-09-05,Active
ASTB8D43F6525,CUST100068533,Modem,Nokia,D0035AB712FF4ADE,2021-09-18,Active
ASTE687BD484F,CUST100071365,Set-Top Box,Arris,44B51D1330D949B1,2024-12-31,Decommissioned
AST6007563291,CUST100046180,Handset,Apple,47B63819E6E44D1D,2020-11-02,Active
AST48BE793EA6,CUST100014803,Set-Top Box,Samsung,CE2BFB257CAC4276,2022-07-01,Returned
AST83B0DD90DA,CUST100090088,Router,Huawei,E941BDF3A68946C4,2025-10-29,Active
ASTD9695BE951,CUST100001503,Handset,Google,252DAB5309D64EE4,2018-03-24,Decommissioned
ASTEAF41C10DD,CUST100056008,Set-Top Box,Nokia,2240D36836274D7A,2017-10-10,Active
AST39B6B5091F,CUST100041550,Set-Top Box,Samsung,ACA0466FF17D4AF6,2018-08-09,Active
ASTDE0321B4E8,CUST100037122,Handset,Arris,30DE40032628450C,2022-05-19,Active
ASTC876DC3F2F,CUST100070497,Handset,Huawei,4AA677C8C08A49B3,2021-04-08,Returned
AST6D3F3D2171,CUST100011919,Handset,Cisco,FDB3A56C620C466F,2022-12-30,Active
AST3D9991FA07,CUST100084475,Handset,Cisco,9D66D84550164EED,2026-05-22,Active
AST62B8BF1F7B,CUST100049376,Home Security Hub,Nokia,DEABF3FEC5A4494A,2016-07-23,Active
AST17D512CA45,CUST100075328,Handset,Samsung,96140CEF6EB34911,2022-05-28,Returned
AST459AA6C01F,CUST100012373,Handset,Samsung,CA071B0EF4EA4282,2023-12-22,Faulty
ASTA8CBF6D659,CUST100062537,Modem,Apple,BE7E7B8313F14CEB,2016-10-21,Active
AST118B1196D7,CUST100029575,Modem,Huawei,C54D12E294EE4C94,2026-05-10,Active
AST8B74956CB6,CUST100060391,Router,Samsung,C1C158E2565147DA,2024-09-15,Active
ASTCEB905B570,CUST100034887,Set-Top Box,Apple,C7CCE31F948E4204,2023-08-25,Active
ASTA7476DD8C6,CUST100018569,Handset,Arris,68A77C770470469C,2020-11-19,Faulty
AST2BA260D717,CUST100023027,Handset,Samsung,69BF4650A95B413A,2017-07-21,Active
AST2AF8FF8B93,CUST100012043,Set-Top Box,Cisco,C015C9D086D1406B,2023-10-02,Active
ASTFC651B16D2,CUST100058079,Modem,Samsung,9833481F3FE74C2F,2016-08-02,Active
AST55CAB536EB,CUST100034883,Handset,Cisco,21ED4CF6C365400E,2019-03-13,Active
ASTF8632D620C,CUST100086673,Modem,Cisco,FB32A5AF8AD943D5,2024-03-18,Faulty
ASTF8ADB952E3,CUST100037183,Modem,Google,CA9AA889FCF54BC9,2021-05-10,Active
AST0320009917,CUST100064230,Handset,Nokia,61B63D15DA014A42,2016-08-31,Returned
ASTB27D25C37E,CUST100025511,Modem,Apple,39AD4C7B2B184E5C,2016-05-20,Active
AST19A555BCA6,CUST100033157,Handset,Arris,C32D560DF88848E0,2024-11-06,Returned
ASTEE1C96BA52,CUST100031035,Set-Top Box,Huawei,9A537A8C3EF94AF7,2020-05-10,Active
ASTE59E2F25FE,CUST100057292,Handset,Cisco,B9DC262365EB49B6,2016-06-12,Active
AST57FBC1C14C,CUST100033777,Router,Arris,83372EA38CE14356,2021-09-05,Active
AST7A7F51666D,CUST100085651,Router,Cisco,5D65B182781F47FA,2018-04-19,Active
AST352BA12434,CUST100006519,Router,Google,FCA8171D0C764E59,2022-01-07,Active
ASTC45287A489,CUST100067338,Handset,Nokia,5E7689CEEC824662,2019-06-04,Faulty
ASTB34DE2B847,CUST100024941,Handset,Google,2BEECBD66FD04D16,2016-07-26,Active
ASTE0D5E2CFDA,CUST100094668,Handset,Cisco,5314F263E3594F4E,2021-12-08,Active
ASTB1CBD5D156,CUST100006093,Router,Google,65F89939C5CC4327,2023-12-01,Active
AST2465887917,CUST100070465,Home Security Hub,Nokia,575F44F75C3A47A4,2016-06-29,Decommissioned
AST98BFFF8A85,CUST100004514,Modem,Google,4F8E1B4667114662,2025-09-22,Active
ASTD6290BA720,CUST100092861,Home Security Hub,Apple,3BBECEA5050E4AF2,2025-02-02,Active
AST85E3571B64,CUST100081441,Router,Cisco,AC9B55D409B445B1,2017-11-18,Active
AST0B81F4B994,CUST100084595,Modem,Apple,1FE34ECAE26A4733,2016-10-16,Faulty
AST18D3D2ED28,CUST100092113,Handset,Huawei,01054A4EF20B49E2,2018-03-19,Active
AST20B0337C1C,CUST100041586,Modem,Cisco,E88F413044AD4351,2020-06-27,Active
ASTAA2560E4F0,CUST100073551,Modem,Google,264B3010BC264DF1,2026-02-23,Active
ASTD17A6F03AB,CUST100003338,Home Security Hub,Cisco,775F0297E2A8428E,2020-01-31,Active
ASTCEBAB88DE7,CUST100055160,Router,Arris,FA225A9C1A6D4184,2017-03-13,Active
AST3364C1BE07,CUST100004769,Set-Top Box,Cisco,DE70D0D47A8A4676,2016-01-18,Active
AST71168CFCA5,CUST100028355,Router,Cisco,F3DAC02B11D44D21,2024-02-07,Active
AST352ED04FCE,CUST100097770,Modem,Huawei,C50262958CA14F5E,2021-10-10,Active
AST67E9C10437,CUST100078146,Handset,Apple,A180CC0C0B994DB4,2016-05-18,Returned
AST0FD448AC31,CUST100040381,Router,Apple,FF6DE82F28144975,2019-02-14,Active
AST149AA7D68E,CUST100060637,Modem,Apple,9D40FE3296694E2D,2016-12-06,Active
ASTC3214E0C34,CUST100038836,Router,Samsung,A9649FED927444F3,2021-03-03,Faulty
AST8EEF5EDA07,CUST100020661,Handset,Cisco,6758622D0E9D4F67,2021-03-28,Active
ASTF0CD554DE6,CUST100060096,Handset,Apple,ECDE208EEC58454E,2020-10-10,Faulty
AST47558B559F,CUST100086398,Modem,Google,275F2CF98E7E4906,2020-01-06,Active
ASTF1A9444AA1,CUST100006455,Set-Top Box,Arris,9ABC5E6648454979,2019-08-09,Faulty
AST8844C696AB,CUST100030482,Router,Nokia,5EC0871628C54B33,2017-07-12,Returned
AST649A42A2B9,CUST100048549,Handset,Arris,70A728D2762D4A37,2023-07-16,Active
AST14811D08E0,CUST100035891,Handset,Apple,567A94428F5348B3,2017-12-14,Active
AST8DFF1C3BE4,CUST100082479,Handset,Huawei,4A99C2C218A74644,2021-05-22,Active
AST65FFB2D29F,CUST100000600,Handset,Nokia,4735C9969B9C428A,2020-05-17,Active
ASTC300ACC10C,CUST100054407,Modem,Arris,B2A03F4A57A04BD1,2019-05-02,Active
ASTB2A1E83A52,CUST100060033,Handset,Nokia,2EDC9C34BDF3413E,2025-11-27,Active
ASTB3277BBE5B,CUST100038151,Handset,Google,30E377DE94974054,2017-12-17,Active
AST1ED457ACE2,CUST100077603,Handset,Nokia,B57CB0544E8E49C0,2026-06-20,Active
ASTDA0C095F0B,CUST100002434,Set-Top Box,Huawei,AA2AD02AE0124952,2021-04-15,Active
ASTA7D6CD39EC,CUST100064157,Smartwatch,Arris,64072B5A24BD4A8A,2024-11-09,Active
AST7EBC087588,CUST100027562,Router,Apple,190A8F7023B7411C,2017-07-23,Active
ASTF6E9C64386,CUST100064486,Handset,Samsung,3EA7253CEF3441C2,2020-04-17,Active
ASTC4B96EB2CA,CUST100042522,Smartwatch,Cisco,A07AE2BC728645AF,2017-06-24,Active
AST74FEA6D945,CUST100044207,Handset,Huawei,8F57D624CB1D4B3E,2023-08-08,Faulty
ASTC146C45F26,CUST100052858,Handset,Google,A70713FBD2534035,2023-05-06,Active
AST7822E12FE1,CUST100095510,Handset,Nokia,3AC7953C72D04592,2024-09-13,Active
AST683BAF94AE,CUST100046291,Set-Top Box,Arris,C9E7177C439E4DE4,2024-06-23,Decommissioned
AST3397B8513C,CUST100059840,Handset,Samsung,DEF05768B5A14C03,2025-02-16,Active
AST76D6143FD9,CUST100080081,Router,Google,7ECAC6FB553B4B65,2019-06-21,Active
ASTF2FE5AFC56,CUST100095601,Router,Nokia,46B825E3772646EC,2018-07-29,Active
ASTBB9C9E8878,CUST100020298,Home Security Hub,Apple,FDB101BF23F14E3E,2022-12-09,Faulty
AST393E51F836,CUST100021917,Handset,Apple,6386D99C6DC84402,2020-07-28,Active
ASTB44433CB33,CUST100094647,Smartwatch,Cisco,2053A2C792A74702,2017-08-23,Active
AST40453B4977,CUST100082909,Router,Apple,6A45543B1F6D4894,2025-09-24,Active
ASTD6FF51AFD8,CUST100094859,Router,Apple,979541AEF7DF4177,2020-04-22,Active
AST77E534770E,CUST100067101,Modem,Huawei,2901552D966741A9,2019-04-15,Active
AST2E0F4A478F,CUST100015549,Handset,Cisco,739024BB66AA420D,2019-01-16,Active
ASTEC7F0CEA1A,CUST100037342,Router,Google,E3C98989BD7A4178,2019-11-06,Active
ASTF1D033201A,CUST100022918,Handset,Apple,0EAA87DB59A54C29,2022-02-21,Active
AST1C29EF9EE1,CUST100013210,Router,Samsung,19798E31FB60476E,2022-07-14,Active
ASTC9CCA6523C,CUST100066536,Handset,Google,C045E505510D44F3,2025-04-22,Active
AST2FD7FAC13F,CUST100022038,Modem,Apple,CB11FAFB4EE049AC,2025-11-11,Returned
AST47B66C25FC,CUST100081545,Handset,Apple,6F2F9E5B1ACE45F4,2021-02-01,Active
ASTF763723871,CUST100001028,Router,Cisco,7349A86DBFF44D35,2020-09-15,Active
AST9C2242EF37,CUST100025030,Router,Google,C843054080C549CE,2018-06-21,Active
ASTF053D04242,CUST100089060,Handset,Samsung,0F39ECC6CFF347C3,2025-04-11,Active
AST543B93CB9C,CUST100029210,Set-Top Box,Arris,BE978535D970414C,2019-08-17,Active
ASTFB161A6FEB,CUST100022016,Handset,Google,58749BEEE475498A,2025-08-09,Returned
ASTCA2164422D,CUST100065656,Modem,Huawei,8AB783ECDF35455F,2020-08-31,Active
ASTB662AA0356,CUST100098688,Handset,Nokia,9D8F61BB350B4D1D,2024-03-04,Returned
AST88CFFF3A90,CUST100058523,Smartwatch,Arris,52215FEE2D6B44E8,2017-07-06,Active
ASTC1F390A3EA,CUST100017487,Modem,Samsung,9EB6EBFAC41E4B1B,2023-10-15,Active
AST827ED80097,CUST100074392,Modem,Huawei,29C5AFA722C7489E,2022-01-15,Active
ASTFDCEDC133B,CUST100083211,Modem,Google,912CB59E705C4E01,2022-08-24,Active
AST74755A582C,CUST100077183,Smartwatch,Huawei,990995B42C6A4F69,2021-12-14,Active
AST5A5BE67EB9,CUST100070912,Router,Cisco,B1A07CA7C3064749,2026-03-04,Active
AST0A6CD3EC3E,CUST100022029,Router,Samsung,F5086FB2D1754025,2020-11-17,Active
AST0403966159,CUST100028760,Home Security Hub,Arris,263F149C623C4107,2019-04-06,Active
AST96FD8DBFCB,CUST100049667,Handset,Cisco,80B1D1A105F94A92,2020-12-18,Active
AST54429FD9BA,CUST100031677,Modem,Huawei,04E7536F1703498E,2017-07-10,Active
ASTA83B64D237,CUST100006615,Set-Top Box,Arris,36035AE133D14912,2025-04-29,Returned
AST48ABCE1CE2,CUST100069806,Router,Apple,BFF0491CA48346FD,2024-12-01,Active
AST435122C8B1,CUST100043552,Handset,Apple,B579AA57FB0543F4,2023-07-21,Active
AST9A72F74B30,CUST100084064,Set-Top Box,Google,A17B2E6BF50F4AF0,2025-02-20,Active
AST0EB1971863,CUST100014307,Set-Top Box,Huawei,16B28DB3E2594F68,2022-02-16,Active
ASTABF36E488D,CUST100083511,Handset,Cisco,E3EA3ABD35194F52,2019-05-25,Active
ASTD07C4083E7,CUST100019580,Router,Arris,9D0057CC67AE4EB7,2018-01-21,Active
ASTED249A3BD3,CUST100087476,Home Security Hub,Apple,FE2B2A1072494DB3,2024-09-13,Active
ASTC5D6F7A0C0,CUST100041913,Smartwatch,Google,0F2A8194BF914CBF,2020-07-08,Faulty
AST3E84701A32,CUST100026409,Handset,Google,9912A934F143446D,2024-09-21,Active
AST73EB10CEE3,CUST100011579,Router,Apple,C820001790AB4AE7,2019-05-09,Faulty
AST8E377DB25D,CUST100049278,Handset,Huawei,FF0C329AE5F34315,2024-08-20,Active
ASTA544BB3E31,CUST100023690,Smartwatch,Samsung,D630D788875142E7,2017-10-06,Faulty
AST1F34B568D9,CUST100034015,Home Security Hub,Samsung,2611D1247CE84878,2024-03-27,Active
ASTA845D0862B,CUST100013146,Set-Top Box,Cisco,4173ABC4A790429A,2020-11-24,Decommissioned
ASTEC54E2D2E6,CUST100074937,Router,Huawei,6DCFCFAF778041CE,2017-10-19,Active
AST8F635F8AEF,CUST100085726,Handset,Nokia,AA30F08B94544B5E,2016-04-02,Active
AST4CAB6F2BC0,CUST100041028,Home Security Hub,Apple,01F6EA2B8C6740AC,2022-10-15,Active
AST8BA993327E,CUST100001461,Router,Cisco,D90F172500AB4ECE,2023-03-27,Faulty
AST2C83B842B0,CUST100093651,Handset,Samsung,F6DCCCFD488842EB,2021-12-24,Active
ASTB0FF0F4AE6,CUST100011377,Smartwatch,Huawei,506E4C8C75BE405A,2021-06-27,Active
AST57E91E6B27,CUST100026941,Handset,Arris,65187CB6B03648A2,2017-02-04,Active
ASTDD5650B5E8,CUST100028731,Home Security Hub,Google,838D511086F847A4,2019-10-04,Active
AST5A06BF3216,CUST100045362,Handset,Apple,5D63C3BCCB7E4C8E,2018-07-10,Active
AST8820343E71,CUST100037073,Handset,Nokia,7E9F8526E6E349ED,2023-01-20,Decommissioned
AST2C616EDA50,CUST100038331,Set-Top Box,Nokia,2EB5F84629F94C27,2024-11-27,Active
ASTCD21BE7C3B,CUST100005755,Modem,Nokia,D5C505AF4C184528,2018-09-05,Active
ASTB4E9135B96,CUST100081967,Modem,Arris,D7BE808494C3487C,2016-12-02,Active
AST31437E6CA6,CUST100084476,Handset,Google,ED5C992A28F04A1A,2016-05-03,Active
ASTB1A98DDA4C,CUST100088160,Modem,Nokia,5AEE886AB36A42CC,2022-01-08,Active
AST5505AD6E58,CUST100021364,Router,Huawei,5C975111B8E84779,2022-03-19,Active
ASTED9E24D9D7,CUST100065765,Handset,Arris,6297326D687B4A5E,2016-03-15,Active
ASTA377614D36,CUST100019621,Set-Top Box,Google,B388E7DFBAF042B4,2025-01-10,Active
ASTEA535D18D5,CUST100040190,Router,Apple,1C1974EFAF1445F3,2020-05-04,Active
AST38433F0B0A,CUST100089706,Handset,Cisco,4A17A68BC6D849B2,2020-04-16,Active
AST10D15F318F,CUST100008841,Router,Nokia,3FF89508CE864D50,2017-04-28,Active
ASTFE0F9FA364,CUST100047644,Handset,Arris,E1E65D12D3EB47CA,2016-12-21,Active
ASTF75850CC8D,CUST100001400,Handset,Samsung,D772591D845B492B,2024-08-04,Active
AST4A5089D3B7,CUST100008303,Home Security Hub,Google,4EE5E7EF4D9147DE,2025-08-22,Active
ASTC53AAB20AB,CUST100099449,Modem,Nokia,D30FA86A861F4819,2020-12-05,Active
ASTF9F312EA57,CUST100008849,Handset,Arris,608A2BF486D84D77,2021-12-23,Active
ASTD808E37FCD,CUST100038391,Router,Arris,B1563E1476424122,2025-09-08,Returned
ASTEBAFC33F0F,CUST100035630,Smartwatch,Google,58CE289C75034CA2,2019-06-27,Active
ASTD200B76B26,CUST100093551,Handset,Arris,BCF1751D53E54B4E,2024-02-23,Active
AST08AADC09DE,CUST100052465,Handset,Arris,379C2D98B3254D1D,2025-12-19,Active
AST318D2124C1,CUST100018761,Modem,Apple,BDFC127DB3CB452F,2017-03-29,Active
AST125040B42D,CUST100018534,Handset,Nokia,6A25FB0FF89145E9,2019-09-19,Active
ASTB74C7C0871,CUST100018793,Router,Samsung,5CDB06D817464BF1,2021-08-12,Active
AST0B88556A81,CUST100052624,Set-Top Box,Huawei,1E02953973F34B25,2020-06-30,Active
ASTE2D5C24691,CUST100048465,Handset,Apple,9003ED276FA14701,2016-12-06,Active
AST8BF7615890,CUST100008169,Handset,Apple,3A0F095A828449D1,2020-12-31,Active
AST3EF71E0DC0,CUST100042603,Handset,Huawei,E0FC284975074222,2023-05-11,Active
AST4B6F6A5524,CUST100059361,Home Security Hub,Google,7E5D621529A041DE,2023-12-27,Decommissioned
AST85BCAB819D,CUST100012931,Modem,Samsung,1162972090744598,2019-07-16,Active
ASTE5DE8C4EC3,CUST100092304,Handset,Arris,BC74727E3CC047B6,2016-10-26,Active
ASTA0E80BCCF8,CUST100003581,Handset,Samsung,B839A911019F4D70,2025-02-08,Active
AST40194D0994,CUST100049978,Set-Top Box,Samsung,B2D9D4EF3E3F44AE,2017-07-19,Active
AST51394B0DD3,CUST100000980,Set-Top Box,Arris,E1D9DCB1A07041F8,2017-06-18,Active
AST1BE76C644D,CUST100019476,Home Security Hub,Nokia,2FFAEAED4AC14321,2019-09-08,Faulty
ASTFEBB856559,CUST100081154,Handset,Arris,B40BCA8BF13C453F,2021-01-03,Faulty
AST8DAF82BEC6,CUST100017980,Modem,Cisco,2EF9B646B736484C,2020-10-12,Active
ASTB55F135B27,CUST100023077,Router,Huawei,776B6CC1208243E3,2024-03-31,Faulty
AST74D1147878,CUST100097343,Handset,Samsung,F3FDC24F93FE49D4,2021-09-23,Active
AST9083051328,CUST100015423,Smartwatch,Nokia,D79CEC8CFA1445C1,2025-11-19,Active
AST453E8A45B0,CUST100051977,Handset,Apple,E720D46070E744E2,2017-10-05,Active
AST63592884A8,CUST100030554,Handset,Apple,5D0689359DF540EF,2022-11-29,Active
AST9A0DBDF1A5,CUST100020416,Handset,Apple,BB0DC11397BD42C1,2026-03-28,Faulty
AST4ED19944E0,CUST100056194,Router,Apple,5551A1DF98674DFB,2019-05-10,Returned
ASTC0F375D3B9,CUST100001079,Set-Top Box,Arris,5C85EE592973477D,2019-10-01,Active
AST0BC8902DA8,CUST100056632,Handset,Huawei,DC9F06E58B004C11,2022-02-18,Active
AST8AACF2BA98,CUST100061499,Router,Apple,914854B0C1C74712,2026-05-11,Returned
AST0D62B35A54,CUST100020070,Set-Top Box,Arris,185D8D0485E446B0,2018-10-26,Active
AST0C9C9B4904,CUST100031645,Handset,Samsung,C9C0883AFEEF4507,2023-08-17,Active
AST14262857DB,CUST100013307,Handset,Apple,187160E6188E466C,2021-12-09,Returned
AST5AD89F25C2,CUST100012514,Handset,Apple,2C0D75D5F424477C,2020-08-27,Active
AST9F1E36AFF5,CUST100089954,Router,Google,01B9A44C13184E2C,2024-12-30,Active
AST9817955D86,CUST100003079,Set-Top Box,Google,6E12E45A8AB84957,2024-08-03,Active
ASTDB7FF0347B,CUST100011600,Handset,Cisco,D16D3DB3A129498B,2025-06-03,Faulty
AST75D7C7663F,CUST100026525,Router,Huawei,C134D171228D47D3,2022-11-15,Active
ASTDB64BB6C71,CUST100072485,Handset,Google,6039AF0311EB4C1F,2023-03-02,Active
AST8EE673F674,CUST100097082,Handset,Arris,E093FACA6BE44A97,2018-07-06,Returned
ASTB19D5A5475,CUST100024777,Modem,Nokia,CAED32D66D5E4B68,2023-07-18,Returned
AST57D5CA7E5E,CUST100038141,Set-Top Box,Huawei,A310E0640FB14C0D,2019-03-06,Active
AST36E9868D03,CUST100030466,Handset,Apple,0E4A324A853C454B,2019-07-06,Active
ASTB492D045FF,CUST100053433,Modem,Apple,A204911C3DE74795,2024-11-05,Active
AST68A8665A4B,CUST100017394,Set-Top Box,Arris,BF5BE27E3ACF4785,2021-04-03,Active
AST9248F82B48,CUST100023956,Set-Top Box,Apple,EC808097DA204C32,2017-08-27,Active
AST05127686B9,CUST100040762,Handset,Huawei,BCD8C9A46CAA47EA,2020-03-17,Active
ASTEB3CC95C8F,CUST100077880,Handset,Google,C0E8E00A8AE14862,2022-10-03,Active
ASTC9C172D1DB,CUST100044064,Set-Top Box,Cisco,BAFB942250174DC9,2020-05-23,Decommissioned
ASTE779D1D401,CUST100053841,Handset,Huawei,7610B6A991DF4555,2017-07-29,Active
ASTB895ACDE93,CUST100095696,Handset,Arris,6BA23AE23D444CD0,2023-03-11,Faulty
ASTA6142D761B,CUST100088016,Modem,Arris,AD1EF0C4A9A64297,2022-08-12,Returned
AST0CBFC5AA51,CUST100075598,Handset,Arris,FD2AC1A24A8E47B4,2025-11-22,Active
AST18018EC759,CUST100008334,Handset,Google,0ADFDF8F835F425F,2024-05-27,Active
AST5311516068,CUST100014890,Set-Top Box,Arris,49CC34204FFA483E,2019-04-27,Returned
AST573A20039A,CUST100071131,Smartwatch,Google,97932376487145EE,2025-11-26,Active
ASTEAD04FB0B0,CUST100007313,Handset,Apple,B677FC9469FF4218,2023-12-23,Active
ASTDFC697F24E,CUST100072023,Home Security Hub,Apple,F9CB80FE54A04C05,2024-08-25,Active
AST528B87FEB8,CUST100018784,Modem,Nokia,8611140D4F994D74,2018-10-17,Active
ASTBA4DC068B2,CUST100063990,Handset,Apple,F38ABEDE41E8470B,2025-04-20,Active
ASTB891333DC7,CUST100099217,Modem,Samsung,38F55C4204B444D4,2018-01-26,Active
ASTB9D163DBEB,CUST100019305,Handset,Nokia,6FA97E84522E4B2C,2025-02-10,Active
ASTBFCD20F862,CUST100089638,Handset,Huawei,C1C981744A18452E,2018-04-26,Active
AST5BA2E222B2,CUST100065464,Handset,Samsung,2629E7E723A64E4C,2020-04-27,Active
ASTF2AE1FC139,CUST100007522,Router,Google,B2C4406841034A72,2023-07-13,Active
ASTEAE3FFEE27,CUST100054266,Modem,Google,367D9531B35A464D,2020-11-16,Active
AST55B227008E,CUST100067418,Handset,Google,CC72AED6165D4A88,2022-08-04,Active
AST1F58E0ABBC,CUST100082541,Handset,Cisco,6CC7A90DF97D458C,2018-11-04,Active
ASTA7888479D9,CUST100084328,Set-Top Box,Cisco,BB4150951035444C,2024-09-16,Active
AST752230E783,CUST100050052,Set-Top Box,Google,F32C01EFFB0B4C14,2025-06-03,Active
AST1F60967C04,CUST100070685,Router,Arris,070BB9909DDB41F0,2016-01-11,Active
AST47F28874F9,CUST100028040,Handset,Samsung,4D8E7A8AB45544E0,2019-12-03,Active
AST4D747D7BA8,CUST100005363,Handset,Samsung,FA195B18275F470E,2016-03-29,Returned
ASTB136C6C251,CUST100066968,Handset,Huawei,300081024C394BB5,2019-11-09,Active
AST15D191A560,CUST100088996,Handset,Google,70E79E0B1ADC4040,2020-05-18,Active
AST8DFABDDC61,CUST100098435,Modem,Huawei,DB7FC1C53A6E4BF6,2017-11-13,Active
ASTD1033BD08C,CUST100075575,Handset,Apple,89AD6D9F36D64389,2022-05-12,Active
ASTF37C20FD68,CUST100072027,Router,Samsung,FD7A19BB5E754453,2022-11-26,Active
AST802253DC3A,CUST100010922,Handset,Cisco,E2C0EBF6A2804D78,2021-02-17,Returned
AST91982A9C0E,CUST100021812,Handset,Huawei,2C582AC2071F4EF2,2025-12-26,Active
AST7447E959E5,CUST100067428,Handset,Cisco,DF20318C29E94F93,2022-02-08,Active
AST4A19FF035B,CUST100096010,Handset,Google,DEF69A7BDB96457F,2024-12-23,Active
AST1379D2FD34,CUST100039106,Set-Top Box,Cisco,D96C22F3D8F14653,2021-06-17,Active
AST26DEABE6DA,CUST100038787,Modem,Cisco,55B94895115C401A,2016-08-20,Faulty
AST86F0D635A5,CUST100055300,Home Security Hub,Samsung,45D8DCBF1D744555,2021-06-21,Returned
ASTC24D636BF1,CUST100044317,Router,Samsung,47CCA460930F4C2A,2019-04-16,Active
ASTB3B0D48918,CUST100066621,Handset,Arris,A6F99430897F4F3B,2017-04-17,Active
ASTB880200D9D,CUST100061866,Router,Huawei,3B04AB0F945C40F4,2019-03-10,Active
ASTC8FE78AFD4,CUST100020724,Set-Top Box,Arris,E2256E72EE6D452A,2023-02-27,Active
ASTF1BADCC94E,CUST100054450,Handset,Apple,7CDD56AF2C8940D3,2026-04-15,Active
AST2DEF19E936,CUST100046372,Router,Nokia,4F4B5FC3AECC4FCF,2024-08-06,Active
AST67739EBF9B,CUST100011407,Handset,Apple,43A15172E9564AF7,2019-10-22,Active
AST93729F907D,CUST100080281,Router,Cisco,421957AAD4B54552,2020-09-27,Active
ASTE680FC6709,CUST100074324,Handset,Apple,C706F96D04054B79,2018-06-26,Active
AST5D9E5E77FA,CUST100027525,Handset,Nokia,75B64098B8864C6D,2024-08-20,Active
ASTDE28E71801,CUST100019349,Handset,Cisco,A55127CD4B89413B,2019-06-02,Active
ASTF974E8BAC9,CUST100091188,Set-Top Box,Nokia,833473E52D564DE8,2018-09-09,Returned
AST3632AC7521,CUST100012842,Handset,Google,573A6881C8EF4901,2018-12-24,Active
ASTC02E9DFBFD,CUST100066900,Router,Arris,38DC1CBB62E943CB,2020-06-23,Faulty
AST1BDB531AFB,CUST100034503,Handset,Nokia,3EE289635CF04500,2021-07-16,Active
AST31F0788BAA,CUST100015524,Modem,Google,9327BD13CC434E90,2018-06-08,Active
AST9D64AC533B,CUST100074563,Modem,Samsung,F6C02D3CD1804158,2026-06-23,Faulty
AST076C2D7361,CUST100006740,Home Security Hub,Cisco,771DE60B585948BA,2017-02-04,Active
AST1AA9C40C41,CUST100026401,Handset,Nokia,10007178D62843C8,2024-12-24,Active
AST3E78A796F9,CUST100089996,Home Security Hub,Nokia,8CB07EE4FAFA4826,2022-05-30,Active
ASTC87A8756D3,CUST100051327,Set-Top Box,Arris,5D5EFB12F0944CFC,2025-01-08,Active
ASTE651C288EE,CUST100044531,Set-Top Box,Huawei,F1CB0F4C2616449D,2020-05-06,Active
AST9ED6981894,CUST100006070,Handset,Google,840A1B0B9C94490D,2017-03-11,Active
ASTCCED4C4F79,CUST100011887,Router,Cisco,A721C9277EB04630,2022-11-03,Returned
AST6EF8322906,CUST100033088,Modem,Apple,1C117B2757A24293,2018-11-08,Active
AST1805304B45,CUST100065194,Handset,Google,7624F08469634082,2018-09-03,Active
ASTAFE61B9B4B,CUST100039170,Handset,Huawei,F0C3B4E2DA4C469D,2023-03-09,Active
AST2BF38CEC27,CUST100030505,Handset,Huawei,E3034255F82D40BC,2016-09-01,Active
ASTF1E63C7D04,CUST100027357,Handset,Huawei,1AC21D05DDD1431C,2019-12-21,Faulty
AST8EE0337774,CUST100013820,Handset,Nokia,DCEB103777654514,2022-05-08,Active
ASTD9E227E7BF,CUST100085451,Router,Cisco,B2B7AA5CFDEB4797,2020-04-20,Active
ASTD5B9D8A541,CUST100071052,Handset,Nokia,787C3443574441AF,2023-09-08,Active
ASTBCD89567B5,CUST100041195,Handset,Nokia,AA674137D17C4B7C,2023-05-05,Active
AST9C12A505CC,CUST100075396,Modem,Arris,F4EB7475700748E1,2023-12-13,Active
ASTE80C262040,CUST100010683,Handset,Google,6FAA04F1FC4845F0,2025-06-09,Active
AST0F2A87D54C,CUST100075579,Home Security Hub,Cisco,2E70C39C375A4321,2020-03-22,Active
ASTA17911FF8D,CUST100034578,Set-Top Box,Huawei,1844F445CA4F4CEB,2023-07-15,Decommissioned
AST1DEF2EE6D7,CUST100026368,Router,Cisco,0AA14E8FEC3549B5,2018-08-26,Returned
AST6441CEFA7A,CUST100098535,Router,Samsung,59CCBA4600D749E4,2016-10-11,Active
ASTC204C2DE6A,CUST100020592,Handset,Arris,C41C4255D7974A1B,2020-11-18,Active
AST4A20970046,CUST100011659,Handset,Huawei,1F3B6580E52F48A2,2023-02-22,Active
AST61B820AE07,CUST100095812,Handset,Huawei,5A8ECD62DCF443D1,2021-04-06,Returned
AST4FD7A89487,CUST100091146,Set-Top Box,Samsung,40806A87FCAF4099,2024-11-19,Active
ASTFFBFACE4B8,CUST100099282,Router,Arris,1C249DFB5B4341C0,2020-11-04,Active
AST61B997BBB3,CUST100094694,Router,Arris,FB6B86E211AD4D22,2023-10-09,Active
AST652CCF0E1F,CUST100036803,Handset,Samsung,D18E70406011487C,2021-06-05,Active
AST0147C6BC3F,CUST100034233,Router,Cisco,4BC904D106794BFA,2023-09-04,Faulty
AST0C0649E971,CUST100067539,Home Security Hub,Samsung,9539E7D84DE043C3,2018-11-11,Active
ASTC06603016E,CUST100023809,Modem,Huawei,94ACF2AF6E45458E,2021-10-07,Returned
AST85F3ED182D,CUST100065918,Handset,Arris,6B70D46721704B68,2022-05-19,Returned
ASTBABEAC0ACE,CUST100094010,Smartwatch,Nokia,2CC8E0F60CB44C2C,2016-07-09,Active
AST18BB80D740,CUST100096563,Handset,Arris,4858DDF811974B4E,2023-08-30,Active
ASTF8E98D30BF,CUST100022022,Handset,Google,F26FBD248FD94883,2019-05-27,Faulty
AST74302F1342,CUST100048317,Home Security Hub,Cisco,FF72B55154644A59,2016-06-28,Active
ASTD07A24EB0D,CUST100050568,Handset,Cisco,1DA29EF100144E7D,2021-01-19,Active
AST32BA56E0C6,CUST100077561,Smartwatch,Samsung,7F0E658E51EB42AE,2018-08-24,Active
AST52E23CC0CA,CUST100059751,Router,Cisco,349294F3B8E440F5,2022-05-15,Active
AST233C90980A,CUST100012113,Modem,Huawei,4C0CFAD267E9450F,2025-07-30,Faulty
AST37F53648F7,CUST100011443,Set-Top Box,Google,63421A5D59A74A0D,2024-05-17,Active
ASTE6D61D1B63,CUST100086675,Handset,Samsung,F7D997FBB61C4360,2024-08-21,Faulty
AST0007AC2252,CUST100097666,Home Security Hub,Google,E1CA08DD954F4882,2022-09-11,Active
AST9874CA36D7,CUST100022998,Handset,Google,D6FC18CA0E904144,2017-05-09,Returned
AST1097B79ADD,CUST100030248,Set-Top Box,Samsung,3DC14C7365D74723,2022-11-16,Active
AST67E385CE99,CUST100058465,Router,Google,5E9C7B5320EB4D54,2022-11-10,Active
ASTCF4C3D3D53,CUST100056800,Handset,Cisco,C73323B36F904439,2022-04-24,Active
AST825AA52F98,CUST100089669,Smartwatch,Google,847702A975DB4627,2021-10-15,Active
AST5DE9906F6B,CUST100090258,Router,Google,9CC45C3107104972,2018-05-14,Active
AST940817BCE3,CUST100031621,Router,Samsung,444A828D201A4E90,2023-10-02,Active
ASTCDE9EFE9EC,CUST100061080,Handset,Apple,BA40706D1029475E,2016-01-15,Active
ASTEDF6E51B66,CUST100058743,Set-Top Box,Arris,3DAD7094444A40B6,2022-07-30,Active
ASTD60BDE1892,CUST100050687,Smartwatch,Google,F233034DFF634B14,2022-08-03,Active
AST5C58F04EF6,CUST100068253,Handset,Apple,ECE4B0C02DC643AF,2025-02-14,Active
AST1862438809,CUST100047160,Home Security Hub,Cisco,4D69DC1A54D14855,2022-03-05,Active
ASTFCDFA52B28,CUST100033397,Router,Apple,1E31A329A0DC4B00,2023-04-14,Decommissioned
ASTE05DC5F5CE,CUST100030711,Handset,Huawei,214DEBAEFB2A46C7,2019-11-01,Active
AST04148A10CD,CUST100038546,Handset,Samsung,E9DF2F595EE2487D,2023-04-04,Active
ASTEFF8F9DFCB,CUST100002136,Handset,Google,454251E862074D98,2022-09-27,Active
AST913532FD90,CUST100092452,Router,Cisco,B226E82743574EB4,2019-03-27,Active
AST763E877333,CUST100089307,Modem,Google,7946CB5B391A42D7,2025-12-14,Returned
ASTEDB19FAAE5,CUST100076464,Set-Top Box,Nokia,1F93748F736D4846,2023-06-17,Active
AST66A72A0BE0,CUST100099539,Router,Arris,B7E5FDB43FC14B9F,2024-07-12,Active
ASTC656C02D44,CUST100069871,Set-Top Box,Huawei,448C8816075D4B7E,2020-06-01,Faulty
ASTDB28B6C2BA,CUST100047958,Modem,Apple,E5B17D03F1454DB1,2024-04-28,Active
AST7DF8DEC3B7,CUST100080202,Modem,Apple,5BA51D28AE7F45D7,2016-06-03,Active
ASTB4E242DA8D,CUST100094017,Modem,Huawei,72E1545149CB41A1,2018-02-27,Active
AST72D62FB66F,CUST100014384,Router,Arris,1E90BE76264A4A52,2022-04-23,Active
ASTA8FCB162E5,CUST100068847,Set-Top Box,Huawei,1EA3D004FA5944A1,2023-07-07,Returned
AST8766C120FC,CUST100028723,Modem,Samsung,5B397B6ED77A40A2,2020-06-07,Active
ASTB77434EDA3,CUST100018791,Modem,Apple,91D73B49D7AF411F,2017-03-14,Active
AST24987DE197,CUST100058321,Router,Apple,F0B1D46385C04BB8,2020-12-09,Active
AST2AD7CB57D3,CUST100025805,Router,Samsung,3365F401EA8340A1,2025-07-17,Active
ASTD1C05C496D,CUST100073077,Router,Google,737169795B1042F5,2026-06-15,Returned
AST3496538725,CUST100086770,Smartwatch,Google,6A2825AB462C4259,2021-08-21,Active
ASTD7FBCA4A54,CUST100045101,Handset,Cisco,58376E972F844C98,2018-11-25,Active
ASTEA625E157C,CUST100068050,Router,Huawei,8C3E3A0566AA4703,2022-04-08,Active
ASTF3DEF23F28,CUST100054403,Set-Top Box,Huawei,B7CEBF53796B4287,2025-09-25,Active
ASTCE39B9B12B,CUST100052797,Router,Apple,9083E1C135FC40D3,2016-01-10,Active
ASTBBF45FF6E6,CUST100059168,Home Security Hub,Cisco,DD4AC55A41B5404E,2025-05-17,Active
AST37E08CD95F,CUST100044945,Modem,Huawei,9B272944A18042E3,2021-12-06,Active
AST61445A1EC5,CUST100012172,Handset,Cisco,00A6B0187BE14EF0,2022-02-24,Active
ASTC623E62991,CUST100076094,Handset,Samsung,5C7D67AEF8B74202,2022-11-03,Active
AST6C0564FF0E,CUST100022183,Handset,Cisco,3EDCF13AF2A54882,2026-02-20,Active
ASTA1FFEEB96A,CUST100098187,Modem,Apple,33B8F8A271F44408,2025-08-02,Active
ASTD7BD1FF6AB,CUST100094994,Router,Arris,0648E15443594457,2017-07-08,Active
ASTA39B67DCE9,CUST100085189,Modem,Apple,4853B4BFD9BC48B5,2021-03-23,Active
ASTC0474EFE43,CUST100043033,Handset,Arris,A1DEE6E068EA4C34,2024-04-16,Returned
ASTEAF5270DA7,CUST100089139,Modem,Cisco,61B1EEDF0B0A43CC,2024-02-06,Faulty
ASTFF5C644C46,CUST100023194,Router,Cisco,C3008DA705C54A39,2022-12-17,Active
ASTADA39D8E53,CUST100029560,Handset,Samsung,6641CB07391E4E00,2022-12-23,Returned
AST4188D0352C,CUST100094901,Modem,Samsung,986DB5D9A456495E,2022-06-05,Returned
ASTF0ACBFFAB2,CUST100023922,Handset,Apple,CFEC3845EF2342D0,2022-02-02,Active
ASTFAA686667A,CUST100012499,Modem,Apple,4D8539BBD8A24D49,2025-07-19,Faulty
AST615D812108,CUST100011263,Modem,Samsung,CCB082C5942E488B,2019-06-30,Active
ASTBE65627C9A,CUST100012182,Modem,Huawei,0EBC81F81F304F12,2025-08-09,Active
AST69951934FE,CUST100000620,Modem,Huawei,41A33B56DA9E46C3,2022-10-22,Active
AST4C98233F41,CUST100068263,Modem,Google,147CEE48AB174259,2025-03-18,Active
AST90EAEE15EA,CUST100037125,Handset,Nokia,96A237087BAF4AA4,2017-04-01,Active
ASTD54F5050CA,CUST100079925,Router,Nokia,23901CD308A2444E,2020-05-09,Returned
ASTC78560341D,CUST100097144,Router,Google,9E26362E16E843D3,2018-05-20,Active
ASTC8D34C2C46,CUST100098282,Handset,Arris,FD09988A03354D87,2021-06-21,Active
AST274BDEBE86,CUST100016008,Handset,Huawei,A48116034E104C60,2017-09-05,Returned
ASTFBBCA318A0,CUST100096022,Modem,Google,35647B8939F347BE,2018-04-05,Active
ASTA0BA48D287,CUST100010381,Modem,Google,54319C92573C4C8A,2022-05-19,Active
ASTFCDB8BD4ED,CUST100032952,Handset,Arris,897FD318EFE4444B,2016-06-29,Returned
AST55EAE0373F,CUST100063848,Set-Top Box,Nokia,971C3A4ACA5943CC,2024-06-05,Active
AST0D2041B7AC,CUST100087311,Set-Top Box,Apple,137171F0DC65419E,2018-08-10,Active
AST474C25C734,CUST100039210,Router,Huawei,9E6DECC6B94C4A19,2024-07-11,Faulty
ASTB0B4E6070A,CUST100049107,Smartwatch,Samsung,3B4D4B0BD23D43A9,2022-05-04,Active
AST15B99811D0,CUST100071181,Handset,Cisco,060F9ED3ACCA4A62,2022-10-22,Active
ASTAF68E4BE10,CUST100048146,Router,Cisco,7D3A8490D6FE48D5,2018-06-16,Returned
ASTED8AAF784D,CUST100091885,Handset,Google,E492FED111154435,2020-02-15,Active
ASTB2BD4AAC96,CUST100013885,Handset,Apple,C73AEF926C8B43E1,2016-03-10,Active
AST075980874E,CUST100045513,Handset,Nokia,28007EC733B94D48,2019-12-30,Returned
ASTB2EF8C6644,CUST100048110,Modem,Cisco,1D813D0DC9AA4A62,2020-03-30,Active
AST52C7681211,CUST100017366,Handset,Samsung,AEBAA547093B46B0,2021-08-23,Active
AST78F4042158,CUST100033690,Handset,Arris,AA2DED1848184C8E,2021-07-25,Active
ASTFE351B596A,CUST100040306,Modem,Nokia,FACBEFC807544491,2018-02-28,Active
AST9F067FA5C0,CUST100003567,Set-Top Box,Huawei,029BDB3BF16045C7,2021-07-31,Active
AST9CAE11799B,CUST100028676,Router,Nokia,A1987C48FBAE4F70,2026-04-19,Returned
AST3C9736DCA1,CUST100071249,Handset,Samsung,87CB3BECCEFF4768,2020-06-01,Active
ASTE85D4BA7DE,CUST100068251,Router,Samsung,6233A15530BA4096,2018-02-27,Active
AST8C3772E1D1,CUST100071784,Handset,Samsung,9C2C676FC8E94B81,2025-12-17,Faulty
ASTD536A55493,CUST100054864,Handset,Apple,DC1B94E4F9314923,2024-01-23,Returned
AST8E165B28B9,CUST100026237,Set-Top Box,Nokia,12D46FB607444524,2019-01-12,Active
AST918288C73C,CUST100015317,Handset,Apple,66C2F5A8269C469C,2020-09-23,Active
ASTA721B3603A,CUST100041220,Router,Apple,B3A121CBBE3A4883,2026-03-24,Active
AST15FC43B1FA,CUST100063096,Smartwatch,Arris,E927561DA74B40D9,2021-03-14,Active
AST5927AF556A,CUST100091965,Set-Top Box,Cisco,405A62F3315E4CF8,2024-08-29,Active
ASTAA70002778,CUST100011416,Handset,Arris,1BAD3E5C2D844FBE,2024-12-11,Active
AST94FDA75961,CUST100077752,Handset,Google,2E6B7C26B3F14F4D,2024-02-12,Faulty
ASTD158F187FE,CUST100066525,Handset,Arris,375CAFD443744E57,2016-04-16,Active
AST769FD91556,CUST100027267,Set-Top Box,Nokia,A75A4CD0DC7F4DB1,2016-05-09,Decommissioned
ASTE3B01DAA34,CUST100099345,Modem,Arris,41FFC13D10724851,2025-02-21,Returned
ASTB317300A2F,CUST100079847,Handset,Google,9E3F93FDCC2349B4,2020-04-18,Active
ASTB313DFE80C,CUST100078598,Router,Nokia,746B432026234D0C,2017-08-30,Active
AST6E19D92F24,CUST100002409,Handset,Huawei,D19762BE8E1742A6,2023-04-11,Active
ASTDACABE359E,CUST100029109,Set-Top Box,Google,D657C4561BE848B5,2023-01-07,Active
ASTC2ACD847D3,CUST100024676,Handset,Arris,F74D83E29137431E,2016-11-12,Active
AST234E554D1F,CUST100083981,Router,Nokia,00BC48CB2C7A4AC5,2019-03-15,Active
AST0C7E30AD13,CUST100079605,Handset,Huawei,79F1F4D352924EF8,2016-09-30,Faulty
AST00A56FEB09,CUST100098615,Handset,Huawei,A305BA24C77B48A2,2019-12-08,Active
AST4E0A92B2F8,CUST100096470,Set-Top Box,Cisco,5F36200C66C047AE,2019-10-13,Active
AST995C0B373F,CUST100069353,Handset,Cisco,6963EF69942C4501,2026-04-05,Active
ASTD9E5C7C54D,CUST100094311,Set-Top Box,Huawei,187244B8ADA94EBE,2022-01-09,Faulty
AST15E6D09AEC,CUST100041917,Handset,Google,286E914EAB084C63,2024-12-07,Active
AST7DF7347F99,CUST100054668,Router,Google,F3A970DF3B314B45,2022-03-08,Returned
AST15C52B357A,CUST100068247,Handset,Nokia,2447A03BCC084A9D,2026-04-19,Active
AST597A981155,CUST100062536,Handset,Google,8928143DB62C4916,2019-11-20,Active
AST7B3E09755F,CUST100010700,Handset,Apple,2D2207DB734446BE,2021-02-02,Active
AST94B0DC15B4,CUST100057345,Router,Samsung,59AD17CA71E744E8,2021-12-14,Active
AST8368F7E9CB,CUST100075749,Set-Top Box,Arris,E510E61E8A6C4C5D,2019-02-06,Active
ASTE3C525C211,CUST100011575,Modem,Cisco,4D5180B109684D3B,2017-05-09,Active
AST905A4CC9DF,CUST100064953,Handset,Nokia,53399FCCC66B472B,2024-03-28,Faulty
AST0C87D9F923,CUST100087910,Smartwatch,Huawei,ACCCCF70844840F0,2024-05-06,Returned
AST433DB1D05D,CUST100067680,Modem,Cisco,D4CBCA84DEB64BB1,2020-10-09,Active
ASTF0717C9CC1,CUST100002825,Modem,Huawei,E970A108CA624942,2022-04-03,Active
AST13C814A707,CUST100029800,Modem,Nokia,B2F6FA7E2A174A08,2025-09-05,Active
AST59531175D1,CUST100001831,Handset,Cisco,80996FF0CFEA467C,2021-08-09,Returned
AST7F81939E2C,CUST100018659,Handset,Huawei,1E5BD5541039413E,2025-04-01,Active
AST14715EAA9F,CUST100075814,Router,Apple,0D11684839A64B0F,2021-07-08,Active
AST967B323204,CUST100002538,Home Security Hub,Google,C36592878F2140FB,2017-03-30,Active
AST7BD63C4096,CUST100081137,Router,Arris,46B4A0F1BF6A4ECA,2017-12-04,Active
AST430EC62EC1,CUST100002391,Handset,Cisco,93ADA338F35643F1,2024-06-08,Active
AST6807C8CA9E,CUST100093875,Modem,Arris,637BAD9D155A4C07,2024-07-30,Active
ASTD7A6DC9E87,CUST100007423,Modem,Cisco,22297330EB0B47D9,2023-04-22,Active
AST45BD49D463,CUST100047965,Handset,Google,8E7F8CE509604258,2024-03-21,Active
AST1465675ABC,CUST100066788,Home Security Hub,Arris,80B6C7CFDB13461E,2024-07-01,Active
AST6CCF157286,CUST100098214,Handset,Huawei,4A050A77C24A4E17,2018-12-01,Active
AST3291519812,CUST100096200,Handset,Arris,86D1734E62A74FA7,2020-10-28,Active
ASTF58F55E0CF,CUST100037265,Handset,Apple,6BA575652C0D41A6,2017-02-06,Decommissioned
ASTB7E4876F8D,CUST100093103,Router,Apple,1C80AFDAD9DE45F7,2022-04-19,Faulty
AST7422674A64,CUST100034085,Handset,Cisco,80FA5DCD577846BC,2023-05-15,Active
ASTDC8C86C2EC,CUST100045863,Router,Arris,84E4968442FE40B7,2025-05-08,Active
AST96ADB610C0,CUST100045017,Set-Top Box,Google,0B1416A2E4DA4FD9,2024-02-24,Active
AST01644403E2,CUST100056825,Handset,Google,FA17E45620C244AD,2017-07-21,Active
ASTC68D6BAB4B,CUST100049746,Handset,Nokia,420FE017391C4ABF,2019-03-20,Active
ASTE27299F7AB,CUST100020309,Home Security Hub,Nokia,E0599A60E3254B43,2021-12-17,Active
ASTD2D455A8C2,CUST100070535,Home Security Hub,Huawei,5D7CADEBB20F4C92,2024-04-02,Active
AST5FB8A8645D,CUST100049249,Set-Top Box,Google,75801974701F4134,2016-08-14,Active
AST65ECF31BA4,CUST100019495,Set-Top Box,Cisco,1DE9E587AC314260,2026-04-27,Active
AST757B6C2B5E,CUST100031556,Handset,Cisco,92B138ABD51447E3,2016-03-04,Active
AST3694B124F4,CUST100077623,Set-Top Box,Nokia,B7E451ABC07A493E,2024-02-15,Active
AST9D7D13F4F3,CUST100095423,Handset,Google,8A7BDE52687C4C67,2018-06-18,Active
AST3B72138B59,CUST100031403,Modem,Google,B330388918D4471B,2023-08-22,Active
ASTB965673336,CUST100019669,Home Security Hub,Huawei,A3D577FFBFAB426F,2017-10-24,Active
AST04E90584AD,CUST100011489,Smartwatch,Samsung,DCC726F8F2FB4B98,2021-06-13,Active
ASTC1FBA6D5CE,CUST100006457,Handset,Cisco,4963031832BF4213,2021-11-26,Faulty
ASTB6A2C40823,CUST100097340,Handset,Huawei,A2BA750C9B4B4434,2019-06-07,Faulty
AST388DF1E68F,CUST100032179,Handset,Google,78064F39A1F64F47,2020-12-09,Active
ASTFA24443D41,CUST100073795,Set-Top Box,Arris,8D24A7DB370F4C53,2021-02-04,Active
AST7379E593A0,CUST100083085,Modem,Apple,8CA968590D9C429F,2018-08-28,Faulty
ASTC745C19E89,CUST100081146,Router,Google,0297068790364187,2020-06-15,Active
AST1B74498F53,CUST100016242,Handset,Cisco,676C1D022D554500,2021-05-05,Decommissioned
AST43D5F7E266,CUST100037820,Modem,Google,5D79494E25954491,2024-12-11,Decommissioned
ASTD687919012,CUST100021542,Handset,Arris,B6804F20649A46AD,2023-04-08,Active
ASTBAF00FF44E,CUST100007898,Handset,Google,87C53C4707174377,2020-05-07,Active
AST7978F31BD5,CUST100025790,Smartwatch,Apple,B25FB12CA5864EE6,2020-12-24,Active
AST3A1BB56E68,CUST100090677,Handset,Huawei,0D34F05E58654DC5,2025-01-03,Active
AST43FFA2DC37,CUST100045519,Handset,Cisco,01F9B0A9BE094D0A,2020-08-13,Active
AST83083EA946,CUST100025513,Handset,Nokia,1CB733B16BD84133,2016-01-09,Decommissioned
AST662A5D7A41,CUST100074820,Home Security Hub,Nokia,07AA0C5528AA4991,2024-11-06,Faulty
ASTCAB968C503,CUST100011497,Handset,Cisco,7B467FEDD9764A73,2022-06-12,Active
ASTCFF898FDC0,CUST100091175,Handset,Cisco,C3D5FBC4840343B3,2019-05-22,Decommissioned
ASTD059B07016,CUST100056644,Set-Top Box,Arris,C4E8F4E57FFF4687,2020-09-19,Decommissioned
AST4C189C6E00,CUST100033698,Set-Top Box,Nokia,7DFC1208DB154958,2017-06-01,Active
AST1BB7F127FA,CUST100026904,Modem,Cisco,44FB841BCD734323,2024-09-30,Active
ASTF0A39996F8,CUST100012590,Modem,Google,1A408EA2962D48FF,2021-10-19,Active
ASTCA9C7CE244,CUST100072275,Router,Huawei,F253ED7B967247F1,2021-12-19,Active
AST1B85D761DC,CUST100002425,Router,Apple,65FA7B5153774414,2025-03-05,Faulty
AST68F9EB91B4,CUST100019486,Handset,Cisco,D9BE505A02AA48F5,2021-08-01,Active
AST8381BF3F4D,CUST100020087,Router,Google,77ED2A60689942FE,2023-12-30,Active
AST789016ED1F,CUST100026738,Smartwatch,Arris,AF9B192D45E046C0,2023-05-22,Active
AST99281F633E,CUST100045439,Router,Samsung,7C5BC8E1ECDD4D4F,2018-06-15,Active
AST93DB2860E2,CUST100043759,Home Security Hub,Nokia,7D07867DD054415E,2021-05-19,Active
AST93C233A03F,CUST100056612,Router,Cisco,465B3CC2F7DF4A25,2016-10-03,Active
ASTF047FAC890,CUST100014974,Handset,Google,D22D69D5877244F7,2017-11-30,Active
AST89695BB8D1,CUST100026724,Modem,Arris,04EC2946DAE74AFB,2025-08-20,Active
ASTE5D64F7296,CUST100047138,Home Security Hub,Arris,15E63D8DDDA642AA,2023-04-03,Returned
ASTE8727F0E05,CUST100056445,Modem,Huawei,99014EAF9886402F,2020-07-18,Active
AST7A4AB8A971,CUST100022141,Handset,Apple,95F8575028DE41A4,2024-08-26,Active
ASTD0EEE8B906,CUST100043790,Modem,Nokia,11433F440F8F494B,2025-12-18,Active
AST7B1244F9EA,CUST100078304,Handset,Apple,FD6DBB4AE40A4AA0,2021-01-15,Returned
ASTB848DE0A75,CUST100076277,Modem,Nokia,7B43C3A6CEC44F93,2021-05-08,Active
AST65E8F45AAF,CUST100072586,Handset,Samsung,044CFB1065B9418F,2016-04-28,Active
AST329833A4D2,CUST100050363,Handset,Nokia,92AAB1D937034E10,2022-03-29,Faulty
AST94B4334491,CUST100050066,Handset,Google,621C2C57077E402B,2024-01-31,Active
ASTD1C4F790B7,CUST100088408,Set-Top Box,Google,A0086876BAAD4762,2016-05-23,Active
AST1561DC4CA5,CUST100039617,Handset,Google,58B981DB791D4B9A,2017-01-30,Active
AST25615C5E5B,CUST100074643,Smartwatch,Huawei,38837063AE394FC0,2019-11-23,Returned
AST30CD2849AC,CUST100041297,Handset,Apple,15657FBC6C494E2B,2016-12-17,Returned
AST54CF982FD6,CUST100004323,Modem,Apple,3AB551E34C5A4F03,2019-09-15,Active
AST1A85D43C70,CUST100015910,Set-Top Box,Nokia,299D08967372467D,2022-09-11,Active
AST2A2F514A95,CUST100002611,Handset,Nokia,27D1E8D4325A4D62,2022-06-27,Returned
ASTD33B8097B6,CUST100094702,Handset,Nokia,82788BB09CC54E9D,2017-07-22,Active
AST0571B7380D,CUST100033896,Set-Top Box,Google,88571EADFD00423F,2017-06-26,Active
ASTE12AE5848D,CUST100078009,Router,Samsung,76C729ACB4FA45A3,2026-02-11,Active
AST6713196795,CUST100058924,Modem,Google,0BA7BB17D93344BA,2019-05-06,Active
ASTEBF73E272C,CUST100078482,Router,Huawei,EC09728209BE45CB,2019-10-29,Active
ASTE8C76FB345,CUST100029482,Set-Top Box,Samsung,84E858306F2942EC,2022-02-07,Active
AST64852F81B2,CUST100058709,Set-Top Box,Samsung,1F413EA485DA4B04,2024-11-24,Decommissioned
AST10839D11CE,CUST100057508,Modem,Apple,99550E2A05E74397,2017-08-14,Faulty
ASTAFEDE63774,CUST100050168,Handset,Nokia,A54F91AF8D464F47,2025-01-22,Returned
AST9A28ACE08C,CUST100004496,Router,Cisco,482C6F55DFDA475D,2018-01-22,Faulty
AST419D82A452,CUST100091591,Router,Google,C4EA2822A9064576,2026-01-15,Returned
AST353C33A14B,CUST100067271,Set-Top Box,Apple,3CDA0298A5DE4303,2026-03-23,Active
AST7635AA5192,CUST100010723,Handset,Google,226B92B2D4B0448D,2023-10-16,Active
AST12A6103B13,CUST100075501,Modem,Nokia,AC75C3ECB5BE4F7F,2026-01-03,Active
AST82CB0A4E97,CUST100091665,Handset,Apple,C5BB7E49040F45A6,2020-12-27,Active
AST4C628371AD,CUST100094808,Handset,Nokia,24187FDE41B3462A,2019-12-04,Active
ASTA2D2E36683,CUST100001071,Smartwatch,Nokia,C14AB8285BCE401C,2018-02-28,Active
AST725023EFA2,CUST100085618,Modem,Google,8C0DC42008DF4032,2025-02-15,Active
AST35524F3C89,CUST100027930,Router,Google,191A43594E124906,2026-03-15,Active
AST13299A4FBD,CUST100002417,Handset,Google,6831BD6123404745,2017-10-07,Faulty
AST88E486758F,CUST100047785,Handset,Samsung,7E77DEE1F5064BC8,2023-12-07,Active
AST7194A518B3,CUST100029204,Handset,Apple,21890B23ADB54F5B,2023-10-23,Active
AST0C58DE9247,CUST100081765,Router,Samsung,203BA7EFD17244CB,2023-04-30,Active
AST70E6C95BD1,CUST100041612,Smartwatch,Huawei,E12D07234B5A41D3,2016-02-01,Returned
ASTA259DDEE17,CUST100099153,Router,Huawei,F17965BE661843C4,2020-02-23,Faulty
AST610A972245,CUST100067802,Handset,Google,757C54C81B8C4E38,2024-11-16,Active
ASTB08824FF7D,CUST100073659,Modem,Cisco,C0F506850C1D441A,2018-01-10,Active
AST9898E1E596,CUST100022599,Handset,Huawei,6879D0E5318649FF,2025-09-30,Active
AST9913480112,CUST100069378,Home Security Hub,Cisco,2FD2C44666B14CDE,2020-11-19,Active
AST0137CD905D,CUST100003109,Modem,Arris,BDF887B0BF3E44DB,2023-07-01,Faulty
AST5178955E6C,CUST100063898,Modem,Samsung,069C022964B64A27,2024-12-17,Active
ASTE9C08F6E35,CUST100094119,Smartwatch,Arris,712274D28F1D4530,2016-04-11,Active
AST73E13DFBAD,CUST100028373,Router,Nokia,18D5A5674F1E48CD,2016-05-17,Active
AST29907F0965,CUST100002253,Smartwatch,Samsung,7595B28915C54404,2023-05-01,Active
ASTF70B3E93A7,CUST100052474,Handset,Arris,884CD9487479404A,2017-07-12,Active
ASTE29B274E3A,CUST100042871,Modem,Google,CEAE819930DC413B,2023-08-01,Active
AST9014EC896A,CUST100058432,Set-Top Box,Apple,392DFA03B3B3485D,2018-01-02,Decommissioned
AST35506486FB,CUST100097488,Modem,Google,26C18E1F55C04C29,2026-01-20,Returned
ASTF752F56BED,CUST100072932,Router,Apple,769BEEF2E9E940D4,2016-07-29,Active
AST0116B270F3,CUST100052478,Handset,Samsung,6B37FBBD4048415A,2022-10-11,Active
AST1FE28BF6E7,CUST100057943,Router,Huawei,11AC6CAC24FC4C3D,2023-03-30,Active
AST4D8EFB42B6,CUST100069248,Set-Top Box,Apple,E552A018C7C74930,2019-10-08,Active
AST5743C26C42,CUST100006152,Handset,Huawei,87628C3127B64383,2023-02-15,Active
ASTBFDB672D8C,CUST100066417,Modem,Samsung,C4A6A50661834A3C,2018-04-05,Returned
ASTFCCC969B04,CUST100049136,Router,Apple,E33FF42DD8B044F9,2020-09-26,Active
AST3B369DC59D,CUST100030605,Handset,Huawei,348B834B52534047,2023-12-23,Active
ASTBE2D9F5091,CUST100047449,Handset,Nokia,360ACA3A26734A47,2017-11-06,Active
ASTAD8394ED49,CUST100098538,Modem,Huawei,6E2D017965AF400C,2026-04-01,Active
AST3B23F84471,CUST100003963,Modem,Cisco,D369FE588BCA4765,2020-07-07,Active
AST015AC14ADC,CUST100056866,Set-Top Box,Apple,B485DB46F79B4631,2025-06-16,Returned
ASTC598D45493,CUST100052738,Smartwatch,Samsung,61AD4A370B4544CC,2016-10-29,Active
AST55F04EBEB7,CUST100056371,Modem,Cisco,ED9AE815E6FF4414,2023-11-16,Active
AST5F624F8D4F,CUST100082839,Modem,Cisco,8DF55612DB444DDC,2018-09-19,Active
AST7AD4912E02,CUST100063478,Router,Nokia,89559A04D0D547B2,2021-02-10,Decommissioned
ASTECE2C237F7,CUST100070829,Handset,Samsung,8E7ABB6D7ED34361,2016-10-01,Active
AST9F35AF9AE0,CUST100017708,Router,Cisco,2663E6D7E8064649,2023-09-08,Active
AST7E30DE0A69,CUST100031149,Modem,Samsung,761BBE6717814C24,2022-11-07,Active
AST7F5434BA97,CUST100054448,Handset,Nokia,4E5EEB3E4EAF4BDD,2024-08-30,Active
AST65DBA8FFDA,CUST100015352,Router,Huawei,3C53ABB56A2141F1,2020-07-22,Active
ASTD59135FE5F,CUST100007218,Handset,Google,96F8B090116A4799,2020-05-29,Active
ASTC7CF62CEE1,CUST100004455,Handset,Huawei,6200F889344E48A5,2019-09-29,Active
ASTE2929A4EDA,CUST100016502,Handset,Huawei,C34616CF3418441D,2022-02-11,Active
AST43510DC46C,CUST100052354,Handset,Samsung,93E2E13DE2184BE8,2026-01-31,Active
ASTCDC78050B1,CUST100009139,Router,Apple,EB3D9B6D8F664472,2025-12-05,Active
ASTEFFED764B2,CUST100072435,Router,Apple,CBB9AB9BEE9A4068,2022-12-06,Returned
AST66BCE9154C,CUST100028042,Router,Apple,DA17BBAB14834774,2019-10-31,Active
AST12C26CCE5F,CUST100049340,Modem,Apple,FFC0BD4892664CFD,2016-07-02,Faulty
AST94AFCB7F7C,CUST100062981,Handset,Apple,D663853A0B324CAD,2024-11-11,Active
ASTD7093D79DA,CUST100069406,Set-Top Box,Nokia,55FEABE2C4254C54,2017-12-28,Returned
AST77F67DA22F,CUST100048316,Router,Nokia,44B627FF277E49F0,2021-04-28,Active
ASTC030670E2A,CUST100098584,Smartwatch,Google,DDC7DB59DFB54A83,2019-10-04,Returned
AST36D0869FE3,CUST100031432,Router,Arris,311523A1FE6D4031,2023-11-03,Active
ASTE2EC36BE45,CUST100013712,Handset,Nokia,CBDDD5F4B55B4921,2019-01-08,Active
AST68617ABC1F,CUST100011060,Router,Arris,CCC43FB045F94C18,2025-09-18,Active
AST0886FBC4E7,CUST100077933,Handset,Samsung,58C9ED87604F4B31,2022-04-05,Active
ASTF6351BA371,CUST100018004,Handset,Nokia,9A21C132AB904D36,2018-05-25,Active
ASTC451650814,CUST100082202,Router,Samsung,E450669CCB54466B,2019-04-12,Active
AST783F5C5352,CUST100032649,Router,Google,C76BD29A28D64E27,2018-09-15,Active
ASTAF7B164169,CUST100058879,Set-Top Box,Huawei,400F60D8BD2B427E,2022-04-20,Active
AST400104973D,CUST100080570,Smartwatch,Google,548E07AB4ABE42F9,2020-04-10,Active
AST58C562F2D5,CUST100041264,Modem,Nokia,8201960C54A44EFF,2018-09-15,Active
AST9FE9E398EF,CUST100077985,Handset,Huawei,6313D84E35E04AC5,2023-07-16,Active
AST40E0A632E8,CUST100086467,Router,Arris,080F5FE282F14371,2020-06-15,Active
ASTFC8F6BF4F9,CUST100009659,Set-Top Box,Google,F93CE7974CA94791,2019-03-17,Active
AST85C1638C63,CUST100041925,Set-Top Box,Arris,C22ABDB827494DDE,2016-11-25,Faulty
ASTBD970C8CCA,CUST100097181,Router,Cisco,582DBF3710FD47A2,2016-04-24,Active
AST050446F25C,CUST100040078,Handset,Samsung,2A9B294AD52747B0,2016-06-08,Active
AST52899B2216,CUST100086877,Home Security Hub,Cisco,42519DE1F5754573,2022-06-01,Returned
AST57961E2009,CUST100007448,Handset,Nokia,0B3757AB938B4AE3,2020-08-27,Active
AST49FA11DF60,CUST100033757,Router,Arris,EF18E262D4B24451,2025-10-23,Returned
ASTB0335D5C19,CUST100040708,Router,Google,8469D5B1F8234EC8,2017-01-21,Active
ASTCBE205D335,CUST100015217,Set-Top Box,Nokia,B339CA81169F4147,2021-06-22,Active
AST9B8F7C9979,CUST100008726,Router,Google,C82B0305CF724BDA,2025-12-31,Active
AST361A2DCCD9,CUST100038618,Handset,Google,38EE304CDA014C70,2016-08-24,Active
ASTA552F9673A,CUST100079419,Set-Top Box,Cisco,1B4345D3DE714264,2018-10-28,Active
AST09DACE6291,CUST100064845,Router,Cisco,C2541A153EAD4DA3,2019-11-28,Active
ASTF37FFB456A,CUST100047666,Router,Huawei,B6BA9F5918974B9F,2022-05-07,Active
AST7B59395A85,CUST100076099,Handset,Google,3D11F63D0DCE4BC9,2020-07-28,Active
ASTD3064E7D56,CUST100023257,Set-Top Box,Google,816DAFF575F34181,2024-06-03,Active
AST6E77E49191,CUST100047290,Handset,Samsung,BA9CB9538C304D33,2026-03-22,Active
AST2B538B9407,CUST100038139,Set-Top Box,Cisco,35886250F38F49A9,2023-11-02,Active
AST5A090237D8,CUST100089984,Handset,Arris,496ACF5F431D4FD1,2017-04-22,Active
ASTA9998DD999,CUST100011085,Handset,Huawei,4DCA01AC79A340BA,2019-12-09,Active
ASTDDD347DB74,CUST100009521,Handset,Apple,13A320EE550849EC,2016-04-06,Active
AST76BEDD90C9,CUST100083651,Handset,Huawei,183566620A9748DF,2021-03-13,Active
ASTC85B7511D7,CUST100057601,Handset,Huawei,1A57E3A25B6E4503,2018-02-28,Active
AST02A6B5F11B,CUST100049604,Handset,Huawei,3B235371AFFB4A1F,2020-06-13,Active
AST96AA5E2648,CUST100047974,Router,Apple,559A7458B2A645FD,2021-07-22,Active
ASTE1A3164423,CUST100073984,Set-Top Box,Huawei,55B222F3A25F4866,2025-12-16,Active
ASTA12041B932,CUST100061475,Handset,Arris,7F489FCD2F1D4CEF,2023-01-13,Active
AST8F628C58ED,CUST100095710,Handset,Apple,7DDF9D925B7F45BB,2017-04-06,Active
AST2CAA055A8B,CUST100040150,Router,Google,1C9E6C50728E488C,2017-04-02,Active
AST7414655632,CUST100077590,Router,Huawei,8612029A1B124C75,2019-12-11,Returned
ASTE3842A9C80,CUST100098492,Set-Top Box,Nokia,DB9E60A42A5E476D,2026-02-10,Active
ASTD1BA2907C4,CUST100039376,Home Security Hub,Google,330FEEFD328C4A8F,2018-09-04,Faulty
AST582F29773C,CUST100009891,Router,Cisco,1A3B26F6E21747CF,2023-04-14,Active
ASTC4675C4352,CUST100022126,Handset,Google,2A6C50113EF04504,2022-12-21,Active
ASTD3151DE0D9,CUST100061517,Modem,Samsung,5FC12966251B430A,2016-01-11,Active
ASTF603A4315A,CUST100076296,Modem,Arris,E420EABED43445CE,2024-02-01,Active
AST8F84CC2A4B,CUST100039949,Handset,Apple,50FB4EE1B38B412F,2025-08-24,Active
ASTEF242CB70A,CUST100088981,Modem,Google,CE45872097784A3A,2019-03-03,Active
AST9A9823524D,CUST100007039,Modem,Google,F282E39502734711,2019-11-14,Active
AST747DA2EC26,CUST100045523,Router,Arris,1CD58BB5E1B145BE,2020-02-13,Active
AST132F6C1E57,CUST100004315,Handset,Arris,13761885392B44C4,2019-12-22,Active
ASTC203E6473C,CUST100044453,Handset,Apple,ED5640196DDC4223,2018-11-26,Active
AST791D21B55B,CUST100027974,Handset,Nokia,3FCF271CBDCF49D3,2019-01-07,Active
ASTF24192BCC8,CUST100039379,Router,Apple,2E315B16F8A54DEA,2016-10-07,Active
ASTB22A627D3A,CUST100040752,Smartwatch,Apple,29F2402A905749F5,2020-08-31,Active
ASTFAF3C39CBD,CUST100009926,Handset,Samsung,D2EF411C1EF94EA3,2018-08-25,Active
ASTB2FE321C4F,CUST100052002,Smartwatch,Nokia,0F8BDA78DB494830,2020-06-04,Active
AST0A7E770E74,CUST100095310,Router,Google,1D88701BFA344F94,2019-09-04,Active
AST1D69C3AF1A,CUST100058180,Set-Top Box,Samsung,1BBE56A94061402A,2020-11-15,Active
ASTB2B701CEB5,CUST100067061,Handset,Samsung,7A1639BAD9FD4036,2016-05-19,Active
ASTC122C5697F,CUST100056335,Handset,Arris,94550CCB207C4D20,2020-06-28,Active
AST56158594C7,CUST100099399,Router,Google,5E18F859195042F6,2021-04-27,Decommissioned
AST5F4F7157B4,CUST100050078,Home Security Hub,Samsung,ADFAC6F1CA454802,2016-08-04,Active
ASTDA5635B88B,CUST100077350,Router,Samsung,2AE8C66FD5224E1C,2024-01-07,Active
AST95BE5A6BE5,CUST100089776,Router,Arris,89CD43EFC1664ACF,2016-12-13,Active
ASTDFDC005793,CUST100055954,Router,Google,22D08FFF167E48B7,2016-07-24,Faulty
AST7735567454,CUST100061467,Modem,Google,10C6EBA510F442AB,2026-05-06,Faulty
AST54A922121C,CUST100042922,Set-Top Box,Huawei,29C1075C257744A2,2025-11-28,Active
ASTE9AD5503D5,CUST100055011,Set-Top Box,Arris,F649E961CB124F76,2017-10-17,Active
AST054699578A,CUST100032842,Router,Nokia,C94D0A61997C42CA,2023-05-29,Active
ASTF600465AE6,CUST100096832,Handset,Samsung,0C32654C0895471D,2022-04-25,Active
AST77714E9BE2,CUST100020446,Handset,Google,FCB562DCDCE04BB5,2023-04-02,Returned
AST5C089188D6,CUST100025265,Home Security Hub,Cisco,E41E68AF59E446F4,2021-11-18,Returned
AST749FFCC939,CUST100036297,Handset,Cisco,899EEC2D0A6B443F,2021-09-30,Faulty
AST9CB887A72D,CUST100018655,Handset,Arris,B57E9807C6CB4EA7,2016-01-17,Active
ASTAA8B783739,CUST100047067,Modem,Apple,B9E69B4358124F24,2018-09-04,Active
AST023FD943FB,CUST100029333,Handset,Nokia,0FDC12E3B466490D,2019-07-08,Active
ASTA16C572E9E,CUST100012347,Handset,Arris,29FB6A187E044B78,2020-09-11,Decommissioned
AST9B9983D472,CUST100071375,Handset,Cisco,7E1C663CA1B445BA,2019-01-22,Active
AST1D30A979A4,CUST100032248,Router,Nokia,F08BCC25A1EF4611,2017-08-17,Active
ASTC9F159C59F,CUST100010569,Home Security Hub,Huawei,4F7B36A0B5404916,2025-04-12,Active
ASTF6365AE6C3,CUST100038923,Router,Arris,564DD54BA1E54768,2026-01-20,Active
ASTE8F78B3F4B,CUST100001349,Router,Samsung,B64C3C4EFEAB425F,2020-12-19,Active
AST38816D3F81,CUST100064571,Handset,Google,554A7F9BAC9D49AE,2020-01-05,Active
AST05A0F462A8,CUST100080867,Modem,Apple,8AF30DBEBB594B9E,2021-05-21,Active
AST4A311403D0,CUST100009944,Handset,Arris,9DDBBB2E648E4B9B,2021-07-10,Active
AST3B1CDF5999,CUST100013611,Router,Arris,1617D9B13BCE45A5,2018-06-28,Active
ASTE75BA630FA,CUST100007295,Modem,Samsung,6C5EADE8A35C4251,2019-07-11,Active
AST35082659E2,CUST100005723,Router,Nokia,24762D3536CA474B,2016-07-28,Active
ASTBF5926C810,CUST100035723,Router,Huawei,3AA4C2EE56C640D4,2019-01-14,Active
AST785BD89193,CUST100076466,Smartwatch,Samsung,39159192080543F1,2024-02-15,Decommissioned
AST096F76FF06,CUST100045441,Modem,Apple,51C2E6AE904B45AA,2017-12-24,Active
AST32277FD522,CUST100007280,Handset,Samsung,174AE1226D274C16,2016-10-06,Faulty
AST307D15823A,CUST100060914,Handset,Arris,58DDD2E15EEA4ECE,2026-02-14,Active
AST21581E9488,CUST100052371,Handset,Google,B7B44C3496234491,2017-09-19,Active
ASTC5BC0F56E0,CUST100048911,Handset,Cisco,30745FC2B3C74783,2017-03-21,Active
ASTEB9A1A378E,CUST100022720,Router,Google,41426F1365144703,2023-01-29,Active
AST9B6BD117B2,CUST100049485,Set-Top Box,Arris,26E2D1F98F2C45B2,2024-12-06,Active
AST6F9EC0EA86,CUST100013485,Set-Top Box,Apple,0EE9F2C4C79D4396,2020-07-20,Active
AST235B512A03,CUST100061938,Set-Top Box,Nokia,AD2C10C23F4D46B4,2024-11-06,Active
AST4E8A16E5D6,CUST100012481,Modem,Huawei,FCE7C2F4414F44A1,2024-05-31,Returned
AST9DBC589BB9,CUST100070641,Handset,Google,4B12A939256C4FE7,2019-10-09,Returned
ASTAD78C16CFE,CUST100031687,Handset,Samsung,8B31B34693164437,2019-11-26,Active
AST73AE6F9000,CUST100040898,Set-Top Box,Google,F78672CF61EA485F,2026-04-22,Faulty
ASTB86ED8C52D,CUST100032667,Handset,Cisco,46E0E1664E994D09,2018-01-04,Active
AST1BD6457D07,CUST100094963,Handset,Google,57E27BBE31914CFA,2017-07-17,Faulty
ASTA5121405F2,CUST100080914,Modem,Huawei,7C9733FC35284207,2024-12-02,Active
ASTD2017D8271,CUST100049338,Handset,Cisco,D44AC03BB50B4496,2025-10-08,Faulty
ASTE1F9B02DEE,CUST100050834,Smartwatch,Google,E374A02155D3413C,2026-01-19,Active
AST5F5A716770,CUST100051144,Handset,Apple,6ED0F643B1EF41A4,2018-12-21,Decommissioned
AST9F902D628C,CUST100011035,Modem,Apple,A2CA0ED06E4A4A5C,2023-01-22,Active
AST47A0B91F3E,CUST100097692,Modem,Huawei,8A7BAD75E0114FE7,2017-08-09,Returned
AST89C01B58A5,CUST100035762,Handset,Arris,5B9EFBB583534EB8,2016-09-08,Active
AST4C04A1DF25,CUST100073964,Router,Cisco,4C536E3855304CB4,2024-06-21,Active
AST592CA3D351,CUST100092609,Modem,Samsung,0EE317B4C0074299,2016-04-11,Returned
ASTA4E180DB4D,CUST100030635,Handset,Huawei,F39BD19969324BB7,2022-02-05,Active
AST36F8E5708F,CUST100052464,Smartwatch,Cisco,ACD658A06BBB404D,2016-06-26,Active
AST67EA0252D2,CUST100072944,Modem,Google,658FB7EBE5D34C37,2016-01-28,Active
ASTF848902FB7,CUST100001460,Smartwatch,Google,90BF72E4051A4B48,2023-01-12,Decommissioned
ASTC8112C4388,CUST100098890,Handset,Samsung,2F4A651EB56F48A8,2016-04-10,Active
AST02D052D6B7,CUST100072313,Router,Huawei,8F39F295C6EE44EA,2017-06-06,Active
AST276D490A0F,CUST100054703,Handset,Samsung,C3C3E95C18F4482D,2026-04-22,Active
AST8B4B09580B,CUST100041059,Handset,Cisco,6D92170A40394EAB,2026-05-23,Active
AST8062D6CBA6,CUST100049586,Router,Apple,F2B811B906F84A6C,2021-06-17,Active
AST1DF70F36A1,CUST100071646,Smartwatch,Huawei,906D7BF210154055,2019-08-04,Active
AST6CB7A32F19,CUST100096534,Modem,Nokia,3A345E77C59B4C18,2017-06-19,Active
ASTD0881A2B66,CUST100085150,Modem,Nokia,623B3E67D4C943DB,2018-07-24,Active
AST28E4024856,CUST100054525,Handset,Arris,4412EB6D35924B75,2022-07-13,Returned
ASTC3FC46B1D1,CUST100006978,Set-Top Box,Google,27CD0E2938E042EB,2024-09-10,Active
AST5AB76EB1A9,CUST100086042,Modem,Apple,536ADAF5930E47BC,2017-04-14,Active
AST6682997B3A,CUST100044630,Router,Huawei,3FAB978501D9481A,2018-09-15,Active
AST6636A55F8D,CUST100088988,Router,Cisco,CD3BA13E16BB4CA7,2018-04-10,Active
ASTB699B38849,CUST100025354,Handset,Nokia,67D4BC62E0264A9C,2024-01-29,Active
AST68987A45A2,CUST100066350,Handset,Arris,B1CCBBBADE1D4946,2025-12-01,Active
ASTD31F4AC95A,CUST100096560,Modem,Nokia,F3EA0BEF519C4FCC,2025-02-24,Active
ASTD7AD42E008,CUST100008030,Handset,Google,2B7FB0491AB64E9A,2022-12-24,Returned
AST1151A85E05,CUST100089675,Handset,Samsung,954E5D89F370420E,2020-09-29,Active
AST2B553366CA,CUST100094443,Set-Top Box,Huawei,EAD87AB6ED534312,2020-09-18,Active
AST68CAF410AE,CUST100024767,Handset,Nokia,E8A3D7491462430B,2023-07-31,Faulty
ASTAC09479FCD,CUST100095513,Modem,Google,286129AB4A00421E,2018-01-17,Active
ASTF6227B144F,CUST100023715,Handset,Cisco,33E5A472DB524C1B,2020-09-21,Active
AST32E2079494,CUST100091718,Set-Top Box,Apple,AF3B670966654476,2026-01-18,Returned
ASTE98CBCDDE5,CUST100077575,Handset,Google,1FC8311D1C644C2A,2023-02-28,Active
ASTBF77415678,CUST100094339,Set-Top Box,Cisco,DB56597348E54314,2024-12-08,Active
ASTD5F1CD57A7,CUST100068054,Handset,Samsung,96D734A24443481B,2026-05-14,Active
AST41A105D188,CUST100061956,Set-Top Box,Samsung,F3D57B85705B4D7C,2020-06-23,Active
AST63CF6CB0B1,CUST100078596,Set-Top Box,Arris,AD0CC3E684CF402F,2025-01-31,Decommissioned
ASTBC57E7A2E8,CUST100008559,Handset,Apple,1E3645BE1B4040B6,2016-04-12,Active
ASTD51F3271FF,CUST100020342,Router,Huawei,6D8970B4FD474331,2021-05-02,Active
ASTD21C01FE41,CUST100066826,Modem,Nokia,AE56F225B30F4A22,2026-03-07,Active
ASTACF1527939,CUST100095176,Handset,Apple,42DD084816654674,2017-09-24,Active
ASTA9DE02C4A4,CUST100055833,Handset,Arris,1BDF01F6E96B4E90,2016-08-05,Active
ASTEC1BA37B6D,CUST100027614,Router,Nokia,ECF669214DCA416D,2026-03-08,Active
ASTA43751A7CF,CUST100032130,Handset,Cisco,7098BB5B7C82429D,2025-05-17,Active
ASTC59AD9ADF1,CUST100090767,Home Security Hub,Huawei,B7EC98137AD84604,2026-04-07,Returned
ASTA75C0E4A6A,CUST100088734,Handset,Apple,D5B3B480ADAA448A,2022-01-02,Active
AST5A67CABB49,CUST100064020,Handset,Samsung,7416E5D0C5F741B9,2022-03-21,Returned
ASTD32EF47012,CUST100018196,Handset,Arris,29F2CE5166324A9E,2024-12-07,Returned
AST6A45AA0F62,CUST100076603,Router,Apple,54368576E9E4419E,2026-01-12,Active
AST0377FDEF62,CUST100000926,Router,Huawei,9D40132A457B4A1F,2021-04-03,Decommissioned
AST3341C27A27,CUST100002489,Handset,Nokia,1519F0651AD44462,2019-01-15,Active
AST5303722E07,CUST100038398,Modem,Google,7DC933D93B324095,2017-09-30,Active
AST03BA57CB26,CUST100076834,Smartwatch,Google,3E09CBB407A649AC,2017-06-28,Active
AST39F2622AAD,CUST100095666,Handset,Google,6DD55DE87DF549B2,2021-05-20,Active
AST0585E6722F,CUST100080257,Smartwatch,Cisco,A7BC76CE84C04712,2017-04-11,Active
ASTA66BE11ABD,CUST100099615,Router,Samsung,426740E5EEBA4DA8,2024-11-25,Returned
AST25B83EC557,CUST100009528,Modem,Cisco,C8155A9A92DF4BCD,2017-06-01,Active
AST672E98F789,CUST100085047,Router,Cisco,F7E318A9E3B14569,2023-03-24,Active
ASTDC1866E033,CUST100040413,Set-Top Box,Arris,23279838C8D147B3,2016-02-21,Active
AST0E84EFCBA2,CUST100063674,Modem,Nokia,9FF0DE821EEA4669,2016-10-14,Active
AST3BDBA021C2,CUST100064514,Handset,Samsung,11341DFAA5CD42D1,2022-01-10,Active
AST8327DEA980,CUST100092900,Handset,Google,B3E915E6234249F0,2021-09-05,Active
AST436DC2216A,CUST100041760,Set-Top Box,Huawei,544B7BD10F9144B3,2016-01-03,Active
ASTBFEE88BECC,CUST100044162,Router,Google,ECD2F349F16F427F,2016-05-12,Decommissioned
ASTE1F156616E,CUST100021165,Modem,Huawei,0B7D6ACC40FD493D,2018-10-06,Returned
ASTFA6C874307,CUST100084568,Handset,Nokia,92B3B8D839104E8F,2016-12-06,Active
AST471FA430E4,CUST100049092,Modem,Arris,444158938D324827,2018-06-07,Active
ASTF2E1A0975F,CUST100033300,Home Security Hub,Arris,12DB81A557B84434,2018-11-14,Active
AST994B30414F,CUST100007306,Set-Top Box,Google,3EF6DF06CC6B47CA,2018-11-23,Active
ASTF03250AC4D,CUST100041294,Set-Top Box,Huawei,95167014D53D4458,2022-01-28,Active
AST38D8A81593,CUST100042215,Handset,Huawei,05D5067BBE864221,2025-12-04,Active
ASTADF5A2923B,CUST100068161,Smartwatch,Cisco,50478E0C48FC4F18,2023-05-23,Faulty
AST4A133EEDFE,CUST100075775,Router,Samsung,D0DA9E2B48D842C7,2026-01-11,Active
AST90C2F085D9,CUST100088051,Modem,Nokia,EAD9F87CE6604895,2019-04-09,Active
AST5C8F099BA2,CUST100014183,Handset,Arris,C947DB8573564F50,2021-04-13,Active
AST025EF4BD12,CUST100030413,Home Security Hub,Samsung,DC0F814ACD744F73,2023-01-29,Decommissioned
AST55B1BB7A1D,CUST100051480,Handset,Nokia,AE4F7F5BFE0D4D4F,2021-06-27,Active
AST3A9BA6B2EB,CUST100045465,Modem,Nokia,4886224BE03A4B4C,2024-08-31,Active
ASTA3262E56E6,CUST100040061,Handset,Apple,C1D7230AC2B94E72,2017-09-12,Active
ASTE180EED4BD,CUST100076276,Router,Samsung,8BC0D10A01924541,2021-06-03,Active
AST20D7644544,CUST100063890,Handset,Samsung,1A2A27E00CCB465A,2023-08-17,Active
AST5889AB90F9,CUST100083169,Handset,Arris,FD2DE1174F6741E6,2017-06-27,Active
ASTC4BA96FD93,CUST100013218,Handset,Nokia,37E3D648FD0545B4,2024-10-26,Active
ASTA6FBC7B222,CUST100092471,Handset,Nokia,00F554F3106047F4,2019-10-28,Active
AST3F17A98A4D,CUST100034074,Handset,Arris,55FEB26674134FB1,2019-08-27,Faulty
AST1ECAF96640,CUST100046896,Home Security Hub,Apple,D978F71F56684552,2023-08-24,Active
AST51FDE43CD6,CUST100058928,Router,Cisco,525DEF71275845E8,2018-02-22,Returned
AST993DEDF96B,CUST100088856,Handset,Arris,76F8F586BF734EE2,2024-03-28,Active
AST9D35856871,CUST100084537,Router,Cisco,43068715E4CB41F9,2022-06-17,Returned
ASTE0F69D2ADC,CUST100083180,Handset,Google,90FE31D667E24649,2019-05-28,Active
ASTC879A5813F,CUST100002812,Handset,Samsung,99DCFE41733249E9,2016-10-01,Active
ASTAF552E88A7,CUST100000678,Handset,Huawei,4A99149FF6C24D22,2017-03-16,Active
AST8CB4AE8B8C,CUST100070519,Handset,Arris,1C74730545054FA5,2018-11-10,Faulty
ASTC87D5162AE,CUST100065454,Modem,Cisco,6932078E35B9454E,2025-08-01,Active
AST0A7F9DBF8C,CUST100034575,Modem,Nokia,652D90DC8F044999,2022-08-13,Active
AST4007190D81,CUST100013312,Handset,Nokia,C1956092FB0648FA,2017-07-30,Active
AST03485227A6,CUST100035789,Handset,Google,122117B069B94F7E,2021-09-11,Active
AST9884A1ED9B,CUST100001002,Router,Nokia,27B771E682F84845,2024-04-26,Decommissioned
AST644034B087,CUST100040793,Modem,Huawei,0E7535FB2B534C82,2016-04-23,Active
AST3BE1F2B5D9,CUST100036679,Router,Apple,D739CBABEC6E4B7D,2019-01-08,Active
AST233E3AD92B,CUST100097102,Handset,Nokia,F079514BE15B4D0A,2023-03-26,Active
AST9B4AB4CE5C,CUST100061390,Router,Arris,9FC25E15FEDB421A,2025-07-15,Decommissioned
ASTDEB241C984,CUST100006025,Handset,Apple,48C579D78E514845,2021-12-30,Active
ASTB087F44609,CUST100055291,Router,Nokia,EEFA288C0D324660,2018-02-01,Active
AST8D8671DC56,CUST100054989,Handset,Google,496D046DE00E4B8F,2024-05-26,Active
ASTD9E88FC1C5,CUST100005761,Router,Apple,1D6A1849C2F545F9,2021-12-25,Returned
AST4F5B71F47D,CUST100096538,Handset,Huawei,C66020F9772B4E31,2025-12-18,Active
AST6355A0ABE4,CUST100010271,Router,Huawei,534BD857A46649D4,2021-02-07,Active
AST6BE8232582,CUST100096995,Set-Top Box,Nokia,5D33E0E6CC9C4979,2021-01-14,Active
AST0BDC002E97,CUST100086298,Modem,Huawei,1C20E070605A47CB,2020-10-04,Active
ASTAFB30F36BF,CUST100041494,Modem,Nokia,FC098F5F94F84375,2022-12-12,Active
AST1E762D29FC,CUST100083984,Handset,Nokia,5275E7A053554DF3,2024-12-27,Active
ASTBB629CA5E1,CUST100091705,Router,Apple,2C3D868677044764,2017-10-06,Decommissioned
ASTA33A16E7AB,CUST100096717,Handset,Arris,C48525EBF2DE433F,2025-10-02,Active
ASTDBD57F5FE4,CUST100028469,Router,Nokia,769D4BB41E574BD3,2017-01-11,Returned
AST76C85A1554,CUST100062735,Handset,Arris,811E48862F8A4C7D,2020-09-08,Active
AST9A5F2F4722,CUST100091792,Set-Top Box,Arris,4C9A1A0CD6D14315,2020-10-01,Active
AST37B4155C3D,CUST100040267,Handset,Cisco,3CD8F2394E384110,2025-03-01,Active
AST2FB6E8A8DB,CUST100018883,Set-Top Box,Apple,4E130E93E28B4E36,2023-03-13,Returned
AST7C72D5A1F9,CUST100039468,Modem,Apple,9D0B90466A76479F,2017-12-18,Active
ASTD92D9F70AF,CUST100053300,Handset,Google,6E1D7EDE2E934408,2017-02-22,Active
AST31D1B9E0C1,CUST100051562,Handset,Google,5BF25C4D6472482D,2016-10-10,Active
ASTE2BBE1ED12,CUST100047689,Set-Top Box,Samsung,CAA497D93FEA41AA,2019-02-02,Active
ASTFD1CC0E615,CUST100054744,Set-Top Box,Nokia,BC71B695F00F4B40,2024-01-01,Active
