contract_id,customer_id,contract_type,start_date,term_months,end_date,auto_renew,status
CTR272D2EA587,CUST100091276,Month-to-Month,2021-04-14,0,,False,Terminated Early
CTR3DAAF32B2E,CUST100077289,Month-to-Month,2018-12-10,12,2019-12-10,True,Active
CTRA9E8297058,CUST100018092,Month-to-Month,2021-06-21,12,2022-06-21,True,Terminated Early
CTR0C09217F63,CUST100023002,Month-to-Month,2019-11-05,24,2021-11-05,True,Active
CTRF80BD8A56B,CUST100009001,Fixed Term,2023-01-28,0,,False,Expired
CTR287D10D34D,CUST100047293,Month-to-Month,2016-07-27,24,2018-07-27,True,Active
CTR250A53BA85,CUST100064194,Month-to-Month,2017-12-23,0,,True,Active
CTRCC01AB924E,CUST100097252,Fixed Term,2019-05-21,0,,False,Active
CTRE68AE33F80,CUST100004577,Month-to-Month,2015-07-02,0,,True,Terminated Early
CTRC4D288BDA9,CUST100073824,Fixed Term,2025-12-22,12,2026-12-22,True,Active
CTR2288BE6E90,CUST100044825,Month-to-Month,2016-03-16,12,2017-03-16,True,Active
CTR01DE6DFD40,CUST100039536,Fixed Term,2015-10-17,24,2017-10-17,True,Expired
CTRFD96ACCE62,CUST100059788,Fixed Term,2022-06-19,12,2023-06-19,True,Terminated Early
CTR1BA3274A6B,CUST100070852,Fixed Term,2017-03-20,12,2018-03-20,True,Terminated Early
CTRE89936ACF7,CUST100074226,Fixed Term,2021-09-16,24,2023-09-16,True,Active
CTRD2F35CBAAF,CUST100085564,Fixed Term,2023-02-19,12,2024-02-19,True,Active
CTRFACB05F197,CUST100079622,Month-to-Month,2024-04-25,0,,False,Expired
CTR9A2572CD53,CUST100007429,Month-to-Month,2023-01-15,12,2024-01-15,True,Terminated Early
CTR5816BF0395,CUST100056157,Month-to-Month,2024-03-23,12,2025-03-23,True,Active
CTR937DAC411B,CUST100098581,Fixed Term,2024-07-08,0,,True,Active
CTR835EB43A7A,CUST100060364,Fixed Term,2023-05-11,12,2024-05-11,True,Active
CTR0B3BC58EB6,CUST100017649,Month-to-Month,2022-10-13,24,2024-10-13,False,Expired
CTR07D367B902,CUST100004210,Enterprise SLA,2020-11-17,0,,False,Active
CTRF5AD76F29F,CUST100018796,Fixed Term,2018-05-16,0,,False,Active
CTRC3C73586CB,CUST100033906,Month-to-Month,2021-04-05,24,2023-04-05,True,Active
CTRB168B1CFBD,CUST100029312,Month-to-Month,2021-05-23,12,2022-05-23,False,Active
CTR35C31F5C7F,CUST100080377,Fixed Term,2021-07-27,24,2023-07-27,True,Active
CTREDDBC9B51A,CUST100006718,Fixed Term,2022-05-29,12,2023-05-29,True,Expired
CTR33785598FD,CUST100016294,Fixed Term,2016-02-09,0,,True,Active
CTR4C39EAE2B3,CUST100030680,Month-to-Month,2022-10-17,0,,True,Active
CTRB2E576F637,CUST100041167,Month-to-Month,2022-05-09,0,,True,Active
CTR6E60820F53,CUST100097067,Fixed Term,2018-11-08,12,2019-11-08,True,Terminated Early
CTR61104540E3,CUST100076365,Month-to-Month,2023-01-12,12,2024-01-12,True,Active
CTRB413116E06,CUST100012390,Fixed Term,2018-05-05,0,,False,Active
CTR1EF13A76C0,CUST100064681,Month-to-Month,2024-09-13,24,2026-09-13,False,Terminated Early
CTR5A34B853BA,CUST100018053,Fixed Term,2019-03-20,0,,True,Active
CTR5FF560A8DC,CUST100022152,Enterprise SLA,2015-06-19,12,2016-06-19,True,Active
CTR6F83295246,CUST100011993,Month-to-Month,2015-08-19,12,2016-08-19,True,Active
CTR6D9F3E40ED,CUST100069119,Fixed Term,2025-01-04,24,2027-01-04,False,Active
CTRC1BB2B25FB,CUST100085257,Fixed Term,2019-10-08,24,2021-10-08,True,Active
CTR5EB4068FA3,CUST100075175,Month-to-Month,2015-12-25,24,2017-12-25,True,Active
CTRC23A1359C8,CUST100070016,Month-to-Month,2020-05-12,0,,False,Active
CTR1807B3C34B,CUST100093845,Fixed Term,2023-03-31,12,2024-03-31,False,Active
CTRE4EC52103A,CUST100088686,Fixed Term,2021-08-22,36,2024-08-22,True,Active
CTR286D832952,CUST100030580,Fixed Term,2018-11-27,0,,True,Active
CTR3943D5F9F3,CUST100050874,Fixed Term,2019-12-10,0,,False,Pending Renewal
CTRB0D1EE6932,CUST100044253,Fixed Term,2025-08-18,12,2026-08-18,True,Active
CTR1E9A9731DC,CUST100097807,Month-to-Month,2016-01-21,12,2017-01-21,False,Expired
CTR17BE879300,CUST100052145,Month-to-Month,2020-09-25,24,2022-09-25,False,Active
CTR0D969ED566,CUST100028389,Month-to-Month,2018-09-05,24,2020-09-05,True,Terminated Early
CTRB2E9F2B5A3,CUST100099541,Fixed Term,2020-05-02,0,,False,Expired
CTR835F444B41,CUST100025051,Month-to-Month,2022-07-05,12,2023-07-05,True,Active
CTR91CD1CB1A0,CUST100077928,Fixed Term,2025-02-02,12,2026-02-02,False,Active
CTRF005F8B45C,CUST100059805,Month-to-Month,2024-11-26,0,,True,Pending Renewal
CTRA17F6CF5C1,CUST100007966,Month-to-Month,2017-06-25,12,2018-06-25,True,Active
CTRA1A9160A9C,CUST100050284,Month-to-Month,2022-08-10,12,2023-08-10,False,Active
CTRA357B9E009,CUST100032009,Fixed Term,2022-09-17,24,2024-09-17,False,Active
CTRD55472E36F,CUST100017376,Month-to-Month,2023-01-19,24,2025-01-19,True,Active
CTR89A44A2186,CUST100040086,Fixed Term,2023-10-06,0,,True,Expired
CTR94DB8216E8,CUST100031346,Month-to-Month,2025-07-29,12,2026-07-29,False,Expired
CTRC4622CCAF4,CUST100055317,Month-to-Month,2017-05-20,24,2019-05-20,True,Active
CTR9AD8010E7A,CUST100052025,Fixed Term,2016-02-21,24,2018-02-21,False,Expired
CTRA37047E362,CUST100002947,Fixed Term,2017-07-17,12,2018-07-17,True,Active
CTRA43D78303F,CUST100070919,Fixed Term,2019-01-22,24,2021-01-22,False,Pending Renewal
CTR6FE632725B,CUST100037063,Fixed Term,2015-08-18,12,2016-08-18,True,Active
CTR9B89C86D69,CUST100047345,Fixed Term,2015-01-13,0,,False,Terminated Early
CTR53250BA6E7,CUST100081409,Fixed Term,2018-09-10,0,,True,Terminated Early
CTRB58D611527,CUST100018152,Fixed Term,2024-11-09,24,2026-11-09,True,Active
CTR8224FB32DD,CUST100088802,Fixed Term,2020-08-31,36,2023-08-31,True,Active
CTRB5CD6456CA,CUST100019141,Month-to-Month,2015-04-21,12,2016-04-21,True,Active
CTREB4E443B4C,CUST100050099,Fixed Term,2024-08-15,0,,True,Expired
CTRA577A402AA,CUST100051038,Month-to-Month,2018-01-14,12,2019-01-14,True,Active
CTR2F64C8962A,CUST100095127,Month-to-Month,2022-09-04,0,,True,Active
CTR36376A0500,CUST100020705,Fixed Term,2024-09-28,12,2025-09-28,True,Active
CTRBD86CB93B6,CUST100014348,Month-to-Month,2021-03-06,24,2023-03-06,True,Active
CTR5CDEC38C88,CUST100050678,Month-to-Month,2023-09-09,0,,False,Pending Renewal
CTR098FCADC5D,CUST100031802,Month-to-Month,2021-07-08,24,2023-07-08,False,Active
CTRCDF71ABF1F,CUST100068741,Month-to-Month,2023-04-27,24,2025-04-27,False,Active
CTR20AC112543,CUST100007055,Fixed Term,2024-01-27,12,2025-01-27,True,Expired
CTR1B29C890CF,CUST100033089,Month-to-Month,2024-11-30,24,2026-11-30,True,Active
CTR8AD416B1B2,CUST100074366,Month-to-Month,2015-08-18,36,2018-08-18,False,Active
CTR54630271E5,CUST100057107,Month-to-Month,2017-01-27,0,,True,Active
CTR0606FFD3D2,CUST100057046,Month-to-Month,2015-02-16,0,,True,Active
CTR8D2A75A8CE,CUST100015851,Month-to-Month,2021-09-29,24,2023-09-29,True,Active
CTR8C8B889C48,CUST100058399,Month-to-Month,2022-02-26,0,,False,Active
CTR317C43D810,CUST100023688,Fixed Term,2023-10-13,36,2026-10-13,True,Active
CTR8A46310F55,CUST100068817,Month-to-Month,2018-04-23,12,2019-04-23,True,Pending Renewal
CTREEA9037E76,CUST100063673,Month-to-Month,2018-11-18,24,2020-11-18,False,Active
CTR6EB39C6DD7,CUST100059858,Fixed Term,2024-07-05,24,2026-07-05,False,Active
CTRE83921512B,CUST100034401,Fixed Term,2022-09-29,0,,False,Active
CTRD2CFAF18E8,CUST100044829,Fixed Term,2021-01-19,24,2023-01-19,True,Active
CTRBB85FEF00B,CUST100014811,Fixed Term,2023-03-14,12,2024-03-14,True,Active
CTRF1B81910E5,CUST100032434,Fixed Term,2023-08-18,0,,True,Active
CTR5F21695382,CUST100041848,Fixed Term,2023-05-23,0,,False,Terminated Early
CTR1965425A66,CUST100024697,Fixed Term,2022-05-25,24,2024-05-25,True,Active
CTR18CB07D980,CUST100056622,Month-to-Month,2015-08-22,24,2017-08-22,True,Active
CTR1259EA4F9C,CUST100078504,Fixed Term,2021-10-10,0,,True,Active
CTR8795AB656A,CUST100035726,Month-to-Month,2019-12-06,12,2020-12-06,False,Active
CTREBC0DA3F57,CUST100004046,Fixed Term,2015-04-13,24,2017-04-13,True,Active
CTR78296063E3,CUST100058986,Fixed Term,2024-07-07,0,,False,Terminated Early
CTR80F482F844,CUST100060914,Month-to-Month,2023-09-01,0,,False,Expired
CTRE34E556EFB,CUST100053924,Fixed Term,2018-11-04,24,2020-11-04,False,Active
CTRCBD6A4B611,CUST100060868,Fixed Term,2021-08-20,0,,True,Active
CTR6BD41C88E9,CUST100006685,Fixed Term,2022-08-27,12,2023-08-27,True,Active
CTR62788FB083,CUST100023956,Fixed Term,2020-08-22,24,2022-08-22,True,Expired
CTR0E1F1A1904,CUST100047447,Month-to-Month,2015-08-05,0,,True,Active
CTR5874C27DCB,CUST100078955,Month-to-Month,2024-06-17,24,2026-06-17,True,Active
CTR5E4A48E526,CUST100062528,Month-to-Month,2021-12-03,0,,False,Expired
CTR3D9555629A,CUST100092556,Fixed Term,2020-08-19,12,2021-08-19,True,Active
CTR1EFB78E78F,CUST100071455,Month-to-Month,2023-07-07,24,2025-07-07,True,Expired
CTRD12CA1285F,CUST100042206,Fixed Term,2017-07-29,0,,True,Terminated Early
CTR1EC3D44E11,CUST100003441,Month-to-Month,2024-10-01,0,,False,Expired
CTR4F48FA1230,CUST100006588,Month-to-Month,2020-11-05,12,2021-11-05,False,Active
CTR6EDEFB09E9,CUST100043024,Month-to-Month,2019-06-20,12,2020-06-20,True,Expired
CTR54A215D5B7,CUST100022280,Fixed Term,2020-01-25,12,2021-01-25,False,Active
CTR675B752533,CUST100068273,Fixed Term,2024-12-04,12,2025-12-04,False,Terminated Early
CTRAB75DCBC42,CUST100033097,Month-to-Month,2020-03-15,24,2022-03-15,True,Expired
CTRD19461B2D7,CUST100098743,Month-to-Month,2021-08-08,12,2022-08-08,False,Active
CTR36FEB86A25,CUST100084949,Month-to-Month,2022-03-10,0,,False,Active
CTR2E4B4BE2A0,CUST100022898,Month-to-Month,2024-02-06,12,2025-02-06,False,Expired
CTR6994E5FEA2,CUST100042508,Fixed Term,2021-04-23,12,2022-04-23,True,Active
CTR762171954A,CUST100033038,Fixed Term,2021-10-23,12,2022-10-23,False,Terminated Early
CTR448B4180B6,CUST100080060,Fixed Term,2020-11-18,24,2022-11-18,False,Active
CTR6D78E5AB43,CUST100094092,Month-to-Month,2019-09-15,24,2021-09-15,False,Expired
CTR399AD773C5,CUST100052792,Enterprise SLA,2021-05-05,24,2023-05-05,False,Active
CTRBBB75ED6AC,CUST100058859,Month-to-Month,2019-09-27,24,2021-09-27,True,Active
CTR91FEBD591A,CUST100001840,Month-to-Month,2016-08-15,12,2017-08-15,False,Terminated Early
CTREB49A8A675,CUST100023984,Month-to-Month,2017-09-23,12,2018-09-23,False,Active
CTR3C25676919,CUST100040621,Fixed Term,2017-05-18,24,2019-05-18,False,Active
CTR89AAD058F6,CUST100072132,Fixed Term,2023-06-30,24,2025-06-30,False,Active
CTR9F8EABA55B,CUST100016578,Enterprise SLA,2022-02-25,12,2023-02-25,True,Expired
CTR1CDC16138E,CUST100083138,Month-to-Month,2017-07-31,24,2019-07-31,True,Expired
CTR8C30B8D8FC,CUST100076597,Fixed Term,2023-07-21,0,,True,Active
CTR2D4FF0550F,CUST100067222,Fixed Term,2020-04-06,0,,False,Active
CTR3A715BE363,CUST100050977,Fixed Term,2024-06-26,12,2025-06-26,True,Terminated Early
CTR2AFED4559F,CUST100042057,Month-to-Month,2021-12-09,24,2023-12-09,True,Active
CTRFAAF66F2D1,CUST100070450,Month-to-Month,2019-01-01,24,2021-01-01,True,Active
CTRF345D38D04,CUST100042728,Month-to-Month,2016-03-17,24,2018-03-17,False,Expired
CTRE676FF0F03,CUST100040806,Fixed Term,2019-12-30,12,2020-12-30,True,Expired
CTRCF907538CD,CUST100013579,Fixed Term,2023-08-06,36,2026-08-06,False,Active
CTR67FEC24291,CUST100076317,Fixed Term,2021-02-05,0,,False,Active
CTR465A9DF255,CUST100003822,Fixed Term,2025-09-04,24,2027-09-04,True,Active
CTRDEFB766141,CUST100080775,Fixed Term,2024-05-13,24,2026-05-13,False,Active
CTRC6245A2F8D,CUST100085191,Fixed Term,2019-07-04,24,2021-07-04,False,Active
CTR03589B2E9E,CUST100084439,Month-to-Month,2020-01-15,0,,False,Expired
CTR633D9FB846,CUST100051662,Fixed Term,2016-08-16,12,2017-08-16,True,Active
CTRA184CE29A4,CUST100088370,Fixed Term,2015-06-05,24,2017-06-05,False,Expired
CTR1D130395DB,CUST100095063,Month-to-Month,2021-05-21,0,,True,Expired
CTRDA6CEF676B,CUST100024483,Fixed Term,2021-04-21,12,2022-04-21,True,Terminated Early
CTR39CDE8E99B,CUST100010990,Fixed Term,2016-07-24,24,2018-07-24,False,Active
CTRCCD73710C1,CUST100067589,Fixed Term,2022-01-10,12,2023-01-10,False,Active
CTRDBF8A1B26B,CUST100035838,Fixed Term,2016-02-06,24,2018-02-06,True,Expired
CTRAB33F60459,CUST100035595,Fixed Term,2019-04-14,0,,False,Active
CTR106AC70F69,CUST100047600,Fixed Term,2022-03-06,12,2023-03-06,False,Active
CTR78D538FEBF,CUST100090908,Fixed Term,2020-02-04,12,2021-02-04,True,Active
CTRA3291A6E77,CUST100092062,Month-to-Month,2020-04-04,0,,False,Active
CTRA0B248C95F,CUST100091019,Fixed Term,2023-10-11,12,2024-10-11,True,Expired
CTRDB88A82D5A,CUST100060423,Fixed Term,2021-06-19,24,2023-06-19,False,Active
CTR7FC7FC22EE,CUST100070944,Fixed Term,2016-08-19,24,2018-08-19,True,Active
CTR08417F3EAB,CUST100009227,Fixed Term,2021-02-08,24,2023-02-08,False,Expired
CTRDF63D76528,CUST100007376,Month-to-Month,2018-09-10,12,2019-09-10,True,Expired
CTR462B1C0738,CUST100059181,Fixed Term,2019-02-23,24,2021-02-23,True,Active
CTRB86E162D8D,CUST100036807,Month-to-Month,2023-03-23,12,2024-03-23,True,Terminated Early
CTRCA142DC779,CUST100029374,Fixed Term,2018-08-20,0,,True,Terminated Early
CTR40C52F0868,CUST100067733,Month-to-Month,2020-11-08,24,2022-11-08,False,Terminated Early
CTR0485F880FD,CUST100046294,Fixed Term,2020-09-18,24,2022-09-18,True,Active
CTR15632A336E,CUST100058639,Fixed Term,2020-12-23,24,2022-12-23,True,Terminated Early
CTRA68F6819A9,CUST100039580,Fixed Term,2020-07-03,0,,True,Expired
CTRE1333B73AA,CUST100045617,Month-to-Month,2022-04-10,12,2023-04-10,True,Active
CTR1A47185668,CUST100028048,Month-to-Month,2018-12-19,24,2020-12-19,False,Active
CTR1FB19E74A8,CUST100002612,Fixed Term,2019-04-20,24,2021-04-20,False,Terminated Early
CTRB01338178B,CUST100051363,Fixed Term,2023-03-30,24,2025-03-30,True,Active
CTR2F1ECC3E3F,CUST100021721,Fixed Term,2025-01-20,0,,True,Expired
CTRB14D0FC177,CUST100052727,Fixed Term,2025-03-06,12,2026-03-06,False,Active
CTR1EC2F17D55,CUST100055841,Fixed Term,2021-09-16,24,2023-09-16,False,Active
CTR6E4E3AFA38,CUST100017153,Fixed Term,2018-08-19,24,2020-08-19,True,Expired
CTRAF31FF03AC,CUST100061805,Month-to-Month,2016-10-04,24,2018-10-04,True,Terminated Early
CTRBDDD24682A,CUST100016385,Fixed Term,2015-05-05,0,,False,Terminated Early
CTR5C9CAC30B1,CUST100099888,Fixed Term,2015-04-06,0,,False,Active
CTR07AEBCD95C,CUST100025937,Month-to-Month,2020-04-19,24,2022-04-19,True,Active
CTRD767AD5D25,CUST100079677,Month-to-Month,2018-08-19,0,,False,Active
CTRC19ABB6F06,CUST100026135,Fixed Term,2021-05-16,12,2022-05-16,True,Active
CTR4494A15244,CUST100083152,Fixed Term,2016-06-26,0,,False,Active
CTRB20DD5FEE2,CUST100070014,Fixed Term,2016-10-26,0,,True,Active
CTRF6936D531D,CUST100040152,Fixed Term,2025-12-09,0,,True,Active
CTR232C91D6F1,CUST100085402,Month-to-Month,2021-07-22,24,2023-07-22,True,Active
CTRC65B8FCC59,CUST100046333,Fixed Term,2015-02-01,0,,False,Expired
CTR0E1D332C6E,CUST100022075,Fixed Term,2023-08-17,24,2025-08-17,False,Active
CTR184888CD70,CUST100028711,Month-to-Month,2015-09-26,12,2016-09-26,True,Active
CTR5CEF8EA140,CUST100044255,Fixed Term,2023-10-30,24,2025-10-30,False,Expired
CTRD532FD912E,CUST100098213,Fixed Term,2021-12-02,12,2022-12-02,False,Expired
CTRAE36413685,CUST100020528,Fixed Term,2019-10-08,24,2021-10-08,False,Active
CTR353AE7A396,CUST100083744,Month-to-Month,2016-10-29,24,2018-10-29,False,Active
CTREDCB12ADB3,CUST100035103,Fixed Term,2025-04-25,0,,False,Pending Renewal
CTR2AAA74D69A,CUST100041480,Fixed Term,2023-12-16,24,2025-12-16,True,Active
CTRB147789A4D,CUST100070657,Fixed Term,2017-10-30,24,2019-10-30,True,Active
CTR3A96B53A00,CUST100040945,Month-to-Month,2017-03-19,12,2018-03-19,True,Active
CTRABC1654AB2,CUST100002464,Month-to-Month,2023-09-03,12,2024-09-03,False,Active
CTR11CEBA4A09,CUST100096084,Fixed Term,2018-05-12,36,2021-05-12,False,Active
CTR26781A7B94,CUST100080253,Fixed Term,2023-01-08,24,2025-01-08,True,Active
CTR895919EC3C,CUST100082623,Month-to-Month,2016-11-10,0,,True,Expired
CTR920B16F30E,CUST100064055,Month-to-Month,2020-07-22,0,,True,Terminated Early
CTR62403522F2,CUST100047799,Fixed Term,2015-05-30,12,2016-05-30,True,Active
CTR4282D8DF32,CUST100064991,Fixed Term,2018-11-11,24,2020-11-11,False,Terminated Early
CTR428685355F,CUST100036277,Month-to-Month,2020-11-13,0,,False,Expired
CTR988C31F76F,CUST100075083,Fixed Term,2022-09-08,24,2024-09-08,True,Active
CTR5C8D2B0798,CUST100096180,Fixed Term,2015-05-23,24,2017-05-23,True,Active
CTR02AC84CCCF,CUST100083303,Month-to-Month,2023-05-12,24,2025-05-12,True,Expired
CTR2EBC123EC8,CUST100043660,Fixed Term,2018-12-18,12,2019-12-18,True,Active
CTR03BE20E7F2,CUST100036780,Enterprise SLA,2024-03-09,24,2026-03-09,False,Active
CTRD5B2417B00,CUST100014029,Month-to-Month,2020-08-27,24,2022-08-27,True,Active
CTRB834684A1A,CUST100060563,Month-to-Month,2022-08-12,12,2023-08-12,True,Active
CTR34F23D765E,CUST100084232,Fixed Term,2023-11-26,12,2024-11-26,False,Active
CTR475AEACE8F,CUST100055645,Fixed Term,2016-08-18,12,2017-08-18,True,Active
CTR40E8F4042B,CUST100026808,Month-to-Month,2017-08-21,12,2018-08-21,False,Active
CTRB8626557E2,CUST100034648,Fixed Term,2020-10-10,24,2022-10-10,True,Active
CTR958CE2CC36,CUST100042644,Fixed Term,2016-08-29,24,2018-08-29,False,Active
CTR6BF0F9DC0C,CUST100002704,Fixed Term,2021-02-02,0,,False,Active
CTR5BE0B17E4A,CUST100079056,Month-to-Month,2022-02-28,12,2023-02-28,True,Pending Renewal
CTR5DA2406558,CUST100029470,Month-to-Month,2021-10-04,24,2023-10-04,True,Active
CTR9379ADB7BF,CUST100066309,Fixed Term,2021-10-23,0,,True,Terminated Early
CTR43097E8CF3,CUST100049566,Fixed Term,2022-04-27,12,2023-04-27,True,Active
CTRE6FDAC76B3,CUST100010387,Month-to-Month,2016-03-24,12,2017-03-24,True,Pending Renewal
CTR4F5A86E374,CUST100029978,Fixed Term,2018-08-28,12,2019-08-28,True,Active
CTR7DCD381A21,CUST100020786,Month-to-Month,2018-01-04,0,,True,Active
CTR0658D2C40B,CUST100076013,Month-to-Month,2025-11-25,12,2026-11-25,False,Active
CTR65ECDC0381,CUST100058544,Fixed Term,2023-10-13,12,2024-10-13,False,Active
CTRF9A0B2A9BA,CUST100011038,Month-to-Month,2021-09-09,12,2022-09-09,False,Active
CTRBA1B417E72,CUST100058259,Fixed Term,2024-10-10,24,2026-10-10,False,Terminated Early
CTR142BEB2A3F,CUST100055543,Fixed Term,2016-09-13,12,2017-09-13,True,Active
CTR8DB524C21B,CUST100016120,Month-to-Month,2019-12-03,0,,True,Pending Renewal
CTR05E834EDE1,CUST100082140,Fixed Term,2025-06-11,12,2026-06-11,True,Terminated Early
CTRC92585E920,CUST100056747,Fixed Term,2024-09-20,12,2025-09-20,False,Expired
CTR4E134CCA41,CUST100018536,Fixed Term,2025-02-03,0,,False,Active
CTR4192459C88,CUST100017796,Month-to-Month,2018-12-29,0,,True,Active
CTR43E1FADAFA,CUST100024269,Fixed Term,2018-03-20,24,2020-03-20,False,Active
CTR7DD473F98D,CUST100003048,Fixed Term,2024-05-02,24,2026-05-02,True,Active
CTRD3E0A4F8A6,CUST100053969,Month-to-Month,2024-02-11,12,2025-02-11,True,Active
CTR6AC27F1EE2,CUST100028911,Fixed Term,2020-05-04,24,2022-05-04,True,Active
CTRC39264E4D9,CUST100074081,Fixed Term,2025-03-25,24,2027-03-25,False,Expired
CTRB59D5ADC13,CUST100096533,Fixed Term,2018-04-23,24,2020-04-23,False,Active
CTR5D3DE99191,CUST100012786,Fixed Term,2016-05-10,12,2017-05-10,True,Active
CTR81E3456526,CUST100071076,Fixed Term,2015-08-20,24,2017-08-20,False,Active
CTRDC349198BB,CUST100037827,Month-to-Month,2023-08-06,0,,False,Active
CTRC548757F0D,CUST100067317,Month-to-Month,2025-01-27,36,2028-01-27,False,Active
CTR50F3C79791,CUST100022131,Fixed Term,2023-01-09,0,,True,Active
CTR4CB20B6EAE,CUST100081641,Fixed Term,2015-01-11,0,,True,Active
CTRE51EAB86A2,CUST100001421,Fixed Term,2021-07-14,0,,True,Active
CTR7C1520B867,CUST100015322,Fixed Term,2019-07-19,0,,False,Active
CTR2EB62E9125,CUST100080412,Fixed Term,2023-12-24,12,2024-12-24,True,Expired
CTRF5BC2C33B4,CUST100068467,Fixed Term,2019-12-04,0,,True,Active
CTR5397515ADB,CUST100088484,Month-to-Month,2023-02-12,12,2024-02-12,True,Active
CTRC261E81030,CUST100002685,Fixed Term,2021-07-19,24,2023-07-19,True,Expired
CTRA7067A4D89,CUST100044143,Fixed Term,2021-01-31,24,2023-01-31,False,Active
CTR1326DB1662,CUST100085675,Fixed Term,2015-03-28,24,2017-03-28,True,Active
CTR3D924451C1,CUST100011811,Fixed Term,2017-12-04,0,,True,Active
CTR52B9EA7188,CUST100033604,Fixed Term,2017-08-18,0,,True,Active
CTRA1BC05E852,CUST100088162,Fixed Term,2023-11-16,24,2025-11-16,True,Active
CTR9F63404399,CUST100028957,Fixed Term,2019-08-16,24,2021-08-16,True,Active
CTR54876B9883,CUST100086232,Fixed Term,2016-03-25,0,,False,Active
CTR6D73B7597B,CUST100037610,Month-to-Month,2023-11-01,24,2025-11-01,True,Active
CTR7B2484F579,CUST100077851,Month-to-Month,2018-04-03,24,2020-04-03,False,Expired
CTR2D6B194FEB,CUST100040399,Fixed Term,2023-01-13,12,2024-01-13,True,Terminated Early
CTRCED47D97D6,CUST100046639,Fixed Term,2021-06-09,24,2023-06-09,True,Expired
CTRD41F464776,CUST100049425,Fixed Term,2021-08-27,24,2023-08-27,True,Active
CTRFA5A5E937A,CUST100000792,Fixed Term,2023-09-30,0,,False,Terminated Early
CTR8B4C311334,CUST100070692,Enterprise SLA,2018-07-26,12,2019-07-26,False,Active
CTR7F42DAEF54,CUST100030862,Fixed Term,2022-03-24,0,,False,Active
CTRDA1941AA97,CUST100096767,Fixed Term,2015-03-04,0,,True,Pending Renewal
CTR1553B59EC0,CUST100003443,Month-to-Month,2016-12-05,24,2018-12-05,True,Pending Renewal
CTR891ED22945,CUST100016613,Fixed Term,2025-08-18,0,,True,Active
CTR1EB4B2C2F5,CUST100037484,Month-to-Month,2022-10-30,12,2023-10-30,True,Pending Renewal
CTRE7B1FE1103,CUST100037450,Fixed Term,2025-10-20,12,2026-10-20,True,Terminated Early
CTRFC0B06634E,CUST100009067,Month-to-Month,2024-01-11,0,,False,Active
CTR437FD74716,CUST100003041,Fixed Term,2023-10-11,0,,False,Active
CTR5BF21EB543,CUST100060160,Fixed Term,2019-03-27,24,2021-03-27,True,Active
CTR12C6B92862,CUST100078801,Fixed Term,2024-07-16,0,,False,Active
CTR18FA4317FD,CUST100057062,Fixed Term,2022-02-02,24,2024-02-02,False,Expired
CTR425CFE0CC4,CUST100083557,Fixed Term,2024-11-28,24,2026-11-28,True,Active
CTR93253545A5,CUST100047526,Enterprise SLA,2024-06-19,24,2026-06-19,True,Terminated Early
CTR67EC23EC9E,CUST100070478,Month-to-Month,2017-05-05,24,2019-05-05,True,Expired
CTRE324C1195D,CUST100055014,Fixed Term,2020-07-29,24,2022-07-29,True,Active
CTR5250B724F1,CUST100018641,Fixed Term,2024-11-09,24,2026-11-09,True,Active
CTRE5DB8564D7,CUST100004799,Month-to-Month,2021-01-09,24,2023-01-09,True,Active
CTR35B9567002,CUST100045589,Fixed Term,2023-08-22,12,2024-08-22,False,Expired
CTRB0EC5E61EC,CUST100088344,Month-to-Month,2025-06-14,24,2027-06-14,False,Active
CTR0539C590ED,CUST100072607,Month-to-Month,2015-04-13,0,,True,Active
CTR587E12C104,CUST100045395,Fixed Term,2015-11-19,0,,True,Active
CTR7A2A028008,CUST100098862,Month-to-Month,2020-06-05,12,2021-06-05,True,Active
CTRB3A4BB7A60,CUST100070982,Fixed Term,2024-07-14,24,2026-07-14,False,Active
CTR9FDD9A3299,CUST100019507,Fixed Term,2023-11-15,24,2025-11-15,True,Active
CTR793E75F43E,CUST100061169,Month-to-Month,2015-10-29,24,2017-10-29,True,Active
CTR7894C83ED7,CUST100092907,Month-to-Month,2025-12-02,24,2027-12-02,True,Active
CTRE9C9F703B0,CUST100049727,Fixed Term,2016-12-30,24,2018-12-30,False,Terminated Early
CTR8A91952404,CUST100045788,Month-to-Month,2021-10-04,24,2023-10-04,True,Terminated Early
CTRCA54CADE32,CUST100019777,Fixed Term,2017-05-24,24,2019-05-24,False,Active
CTR55038F4F39,CUST100005069,Fixed Term,2022-07-02,12,2023-07-02,False,Terminated Early
CTRC57A6EAB33,CUST100069846,Fixed Term,2020-10-27,24,2022-10-27,False,Active
CTRC6D5EB0CC8,CUST100086347,Fixed Term,2020-11-17,24,2022-11-17,False,Terminated Early
CTR5C62216317,CUST100005561,Fixed Term,2020-04-02,0,,True,Active
CTRF46BAEE154,CUST100093797,Month-to-Month,2021-01-11,12,2022-01-11,True,Active
CTR07E65B81CE,CUST100099754,Fixed Term,2023-12-02,36,2026-12-02,True,Active
CTRBC481A71E1,CUST100070118,Month-to-Month,2017-11-14,24,2019-11-14,True,Active
CTR7A3598F8C2,CUST100035179,Fixed Term,2021-09-29,0,,True,Terminated Early
CTR99D4063B8A,CUST100011315,Month-to-Month,2024-07-30,24,2026-07-30,True,Active
CTR7329F813C5,CUST100093187,Fixed Term,2017-06-18,24,2019-06-18,False,Expired
CTRCD8C5CA068,CUST100069170,Month-to-Month,2024-04-28,12,2025-04-28,True,Expired
CTRBB4893495B,CUST100043423,Month-to-Month,2023-08-16,24,2025-08-16,False,Active
CTR663092A634,CUST100000771,Fixed Term,2025-03-11,24,2027-03-11,False,Active
CTR8CBDF97C39,CUST100026492,Month-to-Month,2022-01-21,36,2025-01-21,True,Active
CTR9E4F2DB12A,CUST100048217,Fixed Term,2023-08-04,12,2024-08-04,False,Expired
CTR0285916D91,CUST100049893,Month-to-Month,2024-02-21,36,2027-02-21,True,Active
CTR7945AD75E9,CUST100018291,Month-to-Month,2018-07-20,24,2020-07-20,True,Expired
CTR718C8F1B34,CUST100086021,Fixed Term,2024-10-16,24,2026-10-16,True,Active
CTR7C658224A2,CUST100081275,Month-to-Month,2020-08-20,12,2021-08-20,True,Active
CTREEBD7B2488,CUST100065190,Month-to-Month,2015-03-18,12,2016-03-18,False,Active
CTRB71B904C93,CUST100006205,Month-to-Month,2022-08-09,0,,True,Expired
CTRF649861969,CUST100023247,Month-to-Month,2025-10-14,24,2027-10-14,True,Expired
CTRC471DE5961,CUST100056106,Month-to-Month,2016-11-18,24,2018-11-18,True,Active
CTR280F51D4BE,CUST100020120,Month-to-Month,2021-02-05,12,2022-02-05,True,Active
CTR9A1741A740,CUST100050639,Month-to-Month,2025-08-15,12,2026-08-15,False,Terminated Early
CTRD8236330F2,CUST100018403,Fixed Term,2020-10-07,0,,True,Expired
CTR04CF7F21D8,CUST100047379,Fixed Term,2016-08-03,24,2018-08-03,True,Active
CTRAEA6D241E3,CUST100060698,Month-to-Month,2024-03-02,0,,False,Terminated Early
CTR5F20B06E01,CUST100038904,Month-to-Month,2024-12-11,24,2026-12-11,False,Active
CTR23291D0384,CUST100029017,Fixed Term,2019-05-03,24,2021-05-03,True,Pending Renewal
CTRA4206D2B3D,CUST100092554,Fixed Term,2023-06-20,24,2025-06-20,False,Active
CTRA1FB6D8466,CUST100008244,Fixed Term,2025-10-23,12,2026-10-23,False,Active
CTR3CD06AC5FA,CUST100011124,Fixed Term,2018-11-15,12,2019-11-15,False,Expired
CTR6253281D83,CUST100032097,Fixed Term,2018-06-03,24,2020-06-03,True,Active
CTRB49DE0F9E9,CUST100044862,Month-to-Month,2025-06-03,12,2026-06-03,True,Expired
CTRC93F9542CE,CUST100020237,Fixed Term,2019-02-11,24,2021-02-11,True,Active
CTR6DBCE58B51,CUST100020636,Month-to-Month,2018-08-16,24,2020-08-16,True,Active
CTR02E868D50E,CUST100043238,Fixed Term,2023-04-01,24,2025-04-01,False,Active
CTR0975DFDA05,CUST100038945,Fixed Term,2021-05-05,12,2022-05-05,True,Active
CTRF15F5F3E33,CUST100097430,Fixed Term,2016-04-24,0,,False,Terminated Early
CTR0A22D60BCD,CUST100049483,Month-to-Month,2018-11-27,0,,True,Active
CTR458448EF6C,CUST100016170,Fixed Term,2025-04-13,12,2026-04-13,True,Active
CTREDAF7D9D0E,CUST100053320,Fixed Term,2022-03-14,12,2023-03-14,False,Active
CTR36E38C85F5,CUST100015587,Fixed Term,2022-07-28,0,,False,Active
CTR385A8E6EEF,CUST100099793,Fixed Term,2020-10-09,12,2021-10-09,True,Active
CTR9690CB510E,CUST100079751,Fixed Term,2025-05-20,12,2026-05-20,True,Active
CTRC8EC11484F,CUST100007890,Month-to-Month,2015-01-13,12,2016-01-13,False,Expired
CTR85BEC0943C,CUST100036068,Month-to-Month,2019-01-27,12,2020-01-27,False,Active
CTR4C10370808,CUST100001334,Month-to-Month,2024-12-19,0,,False,Active
CTR10EDEF8492,CUST100067606,Fixed Term,2015-09-04,36,2018-09-04,True,Active
CTR9A841B55A3,CUST100022559,Fixed Term,2017-02-23,24,2019-02-23,True,Active
CTR8380AB447E,CUST100031056,Fixed Term,2022-04-16,12,2023-04-16,False,Active
CTRF3180318A9,CUST100043435,Fixed Term,2017-06-13,0,,False,Active
CTRC65FBE90B7,CUST100062475,Fixed Term,2015-10-10,12,2016-10-10,True,Active
CTR35E887828A,CUST100025537,Fixed Term,2021-10-06,24,2023-10-06,True,Active
CTRE8A97BCA98,CUST100003379,Month-to-Month,2015-06-22,24,2017-06-22,True,Active
CTR192BF860D9,CUST100091596,Fixed Term,2022-06-16,0,,True,Active
CTR09BEBA4771,CUST100010289,Month-to-Month,2016-12-04,24,2018-12-04,False,Active
CTR75447097B3,CUST100047493,Fixed Term,2021-02-14,24,2023-02-14,True,Terminated Early
CTRD111A9A1DD,CUST100076890,Month-to-Month,2018-04-25,24,2020-04-25,True,Active
CTR6D574B6E00,CUST100050971,Fixed Term,2015-08-19,24,2017-08-19,True,Active
CTR6C66FB9AA0,CUST100048183,Fixed Term,2018-11-18,0,,True,Active
CTR55B25B89EC,CUST100025859,Fixed Term,2022-09-14,24,2024-09-14,False,Expired
CTR786878C41F,CUST100052821,Month-to-Month,2019-02-14,24,2021-02-14,True,Pending Renewal
CTR4284409104,CUST100025766,Month-to-Month,2025-04-30,12,2026-04-30,True,Active
CTR450FE0183B,CUST100054441,Fixed Term,2018-10-23,24,2020-10-23,True,Active
CTRABCD733864,CUST100011970,Month-to-Month,2017-09-08,0,,True,Expired
CTR0CAEE8D70A,CUST100002750,Fixed Term,2023-04-23,0,,True,Active
CTRB1DA24111B,CUST100041647,Month-to-Month,2018-05-28,0,,True,Active
CTRD83D3CFFAD,CUST100019523,Fixed Term,2019-06-30,24,2021-06-30,True,Active
CTRD2A2E314B3,CUST100078737,Enterprise SLA,2019-05-09,0,,False,Pending Renewal
CTR8460EF8C44,CUST100071757,Fixed Term,2016-01-12,0,,False,Terminated Early
CTR218742C902,CUST100015093,Month-to-Month,2016-08-21,24,2018-08-21,False,Active
CTRB7932AF6FA,CUST100054964,Fixed Term,2016-11-11,24,2018-11-11,False,Pending Renewal
CTRD6EBDB1B67,CUST100036816,Fixed Term,2022-03-05,24,2024-03-05,True,Active
CTR0C8E1D2828,CUST100051823,Month-to-Month,2019-12-18,0,,True,Active
CTRAB069AFC82,CUST100009502,Month-to-Month,2015-03-23,12,2016-03-23,False,Terminated Early
CTR7ED6961961,CUST100048511,Fixed Term,2024-11-14,12,2025-11-14,True,Expired
CTR35DD687E00,CUST100089427,Month-to-Month,2016-12-19,0,,True,Active
CTR9D220FEC49,CUST100057404,Fixed Term,2024-12-17,0,,False,Active
CTRF7D52B6C79,CUST100024173,Month-to-Month,2015-01-11,24,2017-01-11,True,Active
CTR1504AFD8EA,CUST100042534,Fixed Term,2025-06-20,24,2027-06-20,False,Active
CTR757B8B220E,CUST100081674,Fixed Term,2023-12-22,24,2025-12-22,True,Active
CTRFA3A023528,CUST100029212,Fixed Term,2023-10-17,0,,True,Terminated Early
CTRC0AE42FA3E,CUST100075316,Fixed Term,2024-04-15,0,,True,Pending Renewal
CTR5279593310,CUST100061658,Fixed Term,2023-11-16,0,,True,Terminated Early
CTRFA06996704,CUST100001691,Month-to-Month,2023-02-05,12,2024-02-05,True,Active
CTRCDD1178C7C,CUST100070703,Fixed Term,2016-04-19,24,2018-04-19,True,Pending Renewal
CTRE6B7C61D90,CUST100002320,Fixed Term,2016-10-11,12,2017-10-11,True,Active
CTR5E4694EAF6,CUST100004845,Month-to-Month,2019-10-21,0,,True,Active
CTR96988F9FCD,CUST100085963,Fixed Term,2018-08-19,12,2019-08-19,True,Active
CTRF8EA5A81A1,CUST100033094,Fixed Term,2023-10-15,0,,True,Active
CTR28CF032C40,CUST100011923,Enterprise SLA,2019-10-07,0,,True,Expired
CTR3A8E92FDD9,CUST100036789,Month-to-Month,2021-08-31,36,2024-08-31,True,Active
CTR0B534EFF4A,CUST100090669,Month-to-Month,2019-07-23,36,2022-07-23,False,Active
CTR4D4E127B04,CUST100061641,Fixed Term,2018-06-19,24,2020-06-19,False,Terminated Early
CTR8ADB63F028,CUST100098481,Month-to-Month,2020-05-22,0,,False,Active
CTRC584B3A86A,CUST100083307,Fixed Term,2019-01-03,12,2020-01-03,True,Active
CTR858FE161F9,CUST100014722,Month-to-Month,2020-11-27,24,2022-11-27,True,Active
CTR5F7CF91EE7,CUST100016987,Month-to-Month,2016-06-22,0,,True,Pending Renewal
CTRD5889BD2CE,CUST100098942,Month-to-Month,2025-02-09,24,2027-02-09,False,Terminated Early
CTR7DC9A811B2,CUST100092385,Month-to-Month,2025-09-12,12,2026-09-12,True,Active
CTR7E6F50DE04,CUST100063695,Month-to-Month,2023-11-17,0,,False,Active
CTRCCC25AC585,CUST100010337,Fixed Term,2025-01-23,36,2028-01-23,True,Terminated Early
CTR052C64E40E,CUST100035211,Fixed Term,2021-07-13,24,2023-07-13,True,Active
CTR8E8495B4D9,CUST100011158,Month-to-Month,2021-11-27,24,2023-11-27,False,Active
CTRA6D09C65CF,CUST100097220,Fixed Term,2021-02-07,0,,True,Active
CTR15E0F15F48,CUST100030774,Enterprise SLA,2017-06-10,0,,True,Active
CTRC664096549,CUST100067293,Month-to-Month,2025-02-27,0,,True,Active
CTR37171B59C0,CUST100042495,Enterprise SLA,2017-07-21,24,2019-07-21,False,Active
CTRD3577D1247,CUST100016916,Fixed Term,2016-12-04,24,2018-12-04,True,Active
CTR46190B8479,CUST100032891,Fixed Term,2019-07-01,12,2020-07-01,False,Active
CTRF03DA77004,CUST100091860,Enterprise SLA,2019-09-23,12,2020-09-23,True,Active
CTR85A5C6D465,CUST100068325,Month-to-Month,2022-04-14,0,,True,Active
CTRFC7F47D1E4,CUST100013968,Enterprise SLA,2024-12-09,12,2025-12-09,True,Pending Renewal
CTR74D30BAB5F,CUST100064402,Fixed Term,2023-06-07,12,2024-06-07,False,Active
CTR5B1E5F8A81,CUST100026514,Fixed Term,2015-07-11,24,2017-07-11,True,Active
CTR8955DE23E1,CUST100047742,Month-to-Month,2019-05-29,12,2020-05-29,True,Terminated Early
CTRAF4303B398,CUST100035657,Month-to-Month,2025-08-19,0,,True,Terminated Early
CTRB28283DB4E,CUST100059091,Month-to-Month,2015-07-24,12,2016-07-24,True,Expired
CTR518E37E318,CUST100060096,Month-to-Month,2017-07-09,24,2019-07-09,False,Active
CTR8F18912AB5,CUST100044443,Fixed Term,2025-06-21,0,,True,Active
CTRBF998AAEC7,CUST100054333,Fixed Term,2023-05-02,12,2024-05-02,False,Terminated Early
CTRF7CA6989FC,CUST100014981,Fixed Term,2015-10-04,12,2016-10-04,False,Active
CTR527956DF65,CUST100067599,Fixed Term,2025-01-11,36,2028-01-11,False,Active
CTRF446E10927,CUST100056276,Fixed Term,2020-08-04,12,2021-08-04,False,Active
CTRAA6A00A7F5,CUST100097877,Month-to-Month,2017-08-18,12,2018-08-18,False,Active
CTR89C1605D7A,CUST100063327,Fixed Term,2016-08-21,24,2018-08-21,True,Active
CTR0D2C93D026,CUST100095237,Month-to-Month,2018-01-19,0,,True,Active
CTRECFDBD4B7A,CUST100055959,Fixed Term,2019-07-08,12,2020-07-08,True,Active
CTR3F46EEF10E,CUST100097256,Month-to-Month,2019-05-22,24,2021-05-22,True,Active
CTRBC455F94A6,CUST100058080,Month-to-Month,2020-10-05,24,2022-10-05,True,Active
CTR924AABEF7F,CUST100097103,Month-to-Month,2015-03-19,24,2017-03-19,True,Active
CTR23DCAF65B0,CUST100025761,Fixed Term,2015-04-12,24,2017-04-12,True,Terminated Early
CTRCD3B95E453,CUST100004144,Enterprise SLA,2024-02-11,24,2026-02-11,True,Active
CTR52B7C3936C,CUST100089221,Fixed Term,2023-01-12,24,2025-01-12,True,Active
CTR1AE314087E,CUST100018290,Fixed Term,2024-04-26,12,2025-04-26,False,Active
CTR51E67DE09A,CUST100062429,Month-to-Month,2016-01-06,0,,False,Active
CTRD75EAB673F,CUST100027423,Month-to-Month,2017-06-03,12,2018-06-03,True,Active
CTR53F092048B,CUST100028506,Fixed Term,2023-03-24,12,2024-03-24,True,Active
CTR1F9FD36EF8,CUST100007721,Month-to-Month,2018-01-29,12,2019-01-29,False,Active
CTR989627F3F8,CUST100014832,Fixed Term,2025-12-17,12,2026-12-17,True,Expired
CTR840378B0FA,CUST100066458,Fixed Term,2017-06-27,12,2018-06-27,False,Active
CTR5FDDB4D139,CUST100019411,Month-to-Month,2019-02-05,0,,True,Active
CTR51584DF99B,CUST100097551,Fixed Term,2016-02-11,0,,False,Active
CTRCDFD2A05EC,CUST100070902,Month-to-Month,2018-04-04,24,2020-04-04,True,Active
CTR776BEEAFC3,CUST100001339,Fixed Term,2023-02-27,12,2024-02-27,False,Active
CTR71CC24B322,CUST100087428,Fixed Term,2021-12-01,0,,False,Active
CTREB1C4E60D8,CUST100065350,Fixed Term,2019-02-04,0,,True,Expired
CTR5AB32A02A2,CUST100040836,Month-to-Month,2021-09-15,36,2024-09-15,False,Active
CTRA6397A71C4,CUST100099387,Month-to-Month,2021-07-24,0,,False,Active
CTRCE9B52EC15,CUST100014829,Fixed Term,2021-09-21,12,2022-09-21,False,Active
CTR6EC8CAD9B3,CUST100022848,Month-to-Month,2016-09-21,24,2018-09-21,True,Active
CTR756A69F81D,CUST100063938,Fixed Term,2019-12-05,12,2020-12-05,False,Active
CTRA6205A2536,CUST100057922,Enterprise SLA,2017-10-15,0,,True,Active
CTR812F14CD17,CUST100087286,Month-to-Month,2024-02-11,0,,False,Active
CTRF49028BE0B,CUST100095511,Month-to-Month,2016-02-23,36,2019-02-23,True,Pending Renewal
CTR04E42D211F,CUST100053994,Month-to-Month,2025-03-29,12,2026-03-29,True,Active
CTR0E15998B20,CUST100075360,Fixed Term,2016-06-05,12,2017-06-05,False,Active
CTR18CDC6E157,CUST100044019,Fixed Term,2016-12-29,0,,False,Active
CTRD42F64D294,CUST100033213,Fixed Term,2022-09-17,24,2024-09-17,True,Active
CTR795554B8C0,CUST100084929,Fixed Term,2021-01-03,24,2023-01-03,False,Active
CTRF12C440A00,CUST100097902,Month-to-Month,2021-12-18,0,,False,Expired
CTRC9C15604C4,CUST100060737,Fixed Term,2024-04-04,0,,True,Active
CTRBD80B921C8,CUST100071447,Fixed Term,2016-05-21,0,,True,Active
CTR2E616E196C,CUST100018138,Month-to-Month,2018-03-25,12,2019-03-25,False,Active
CTRFD917CF293,CUST100013176,Month-to-Month,2015-12-01,12,2016-12-01,True,Active
CTRE4B6E04815,CUST100055843,Month-to-Month,2019-01-30,24,2021-01-30,True,Active
CTRA9FD3DB526,CUST100037273,Fixed Term,2024-09-13,12,2025-09-13,True,Pending Renewal
CTRCB77D29C05,CUST100057640,Fixed Term,2024-10-05,24,2026-10-05,False,Active
CTREF9D817060,CUST100050417,Fixed Term,2016-02-25,0,,True,Active
CTRBB9207D984,CUST100074238,Fixed Term,2016-02-19,12,2017-02-19,True,Active
CTR4B959540BC,CUST100084859,Fixed Term,2020-03-16,24,2022-03-16,True,Active
CTRF5578194C0,CUST100031969,Fixed Term,2017-08-19,0,,True,Active
CTR01A6C30AB0,CUST100088723,Fixed Term,2015-07-23,12,2016-07-23,True,Active
CTR4878BDCF7B,CUST100079308,Month-to-Month,2024-07-15,12,2025-07-15,False,Pending Renewal
CTR2E9AA360D8,CUST100031301,Month-to-Month,2016-02-06,24,2018-02-06,False,Active
CTR2E5D251E8B,CUST100006985,Month-to-Month,2025-03-19,24,2027-03-19,True,Active
CTR8DE18A9196,CUST100094126,Month-to-Month,2015-08-15,0,,False,Active
CTR1F5CB0A3C0,CUST100082969,Fixed Term,2018-09-11,0,,True,Expired
CTR99E22C8E21,CUST100072084,Fixed Term,2025-01-25,0,,True,Expired
CTR0BEC01F7F1,CUST100062858,Fixed Term,2017-12-04,12,2018-12-04,True,Expired
CTRD67E938ED0,CUST100047318,Enterprise SLA,2018-05-02,12,2019-05-02,False,Active
CTR0896717C41,CUST100035850,Fixed Term,2018-01-01,24,2020-01-01,False,Active
CTR7D1F7B93AD,CUST100050359,Fixed Term,2025-01-11,0,,True,Active
CTRE7A2D686C4,CUST100067440,Month-to-Month,2017-04-09,24,2019-04-09,False,Terminated Early
CTR0C15E25CFC,CUST100017223,Fixed Term,2016-06-24,0,,False,Active
CTRA2D06283C3,CUST100052508,Month-to-Month,2019-01-26,24,2021-01-26,True,Active
CTR020B0DD239,CUST100023866,Fixed Term,2015-02-13,24,2017-02-13,False,Active
CTR1A488B8514,CUST100099415,Month-to-Month,2022-03-30,36,2025-03-30,True,Active
CTR788EA68FA3,CUST100014366,Fixed Term,2024-02-20,0,,False,Active
CTRB42D833BB1,CUST100070561,Fixed Term,2017-07-16,24,2019-07-16,False,Active
CTR3377E73DED,CUST100091266,Fixed Term,2025-07-30,0,,True,Active
CTRE21A18A8DC,CUST100062157,Fixed Term,2022-03-02,12,2023-03-02,True,Pending Renewal
CTR4C40485DF8,CUST100097678,Fixed Term,2024-04-17,12,2025-04-17,False,Active
CTRFAEA24EB96,CUST100035284,Fixed Term,2019-01-19,0,,True,Active
CTR283E59420C,CUST100063093,Fixed Term,2021-01-24,0,,False,Expired
CTREF999C8285,CUST100090694,Month-to-Month,2023-07-13,24,2025-07-13,False,Active
CTRFFD8B470CC,CUST100016551,Month-to-Month,2020-05-04,24,2022-05-04,False,Active
CTRB2D994855E,CUST100004590,Fixed Term,2018-03-26,24,2020-03-26,False,Terminated Early
CTRDBA7DFC30A,CUST100096351,Fixed Term,2018-12-27,0,,False,Active
CTR46C498883D,CUST100004002,Enterprise SLA,2018-10-20,12,2019-10-20,True,Pending Renewal
CTR92ED7A8B74,CUST100075850,Fixed Term,2020-01-29,12,2021-01-29,False,Active
CTRBDEE404D5C,CUST100057663,Enterprise SLA,2022-01-23,12,2023-01-23,False,Active
CTRACBBE4B4C0,CUST100058472,Month-to-Month,2022-12-19,24,2024-12-19,True,Active
CTR080D3AE005,CUST100058619,Fixed Term,2020-12-26,12,2021-12-26,False,Active
CTR48D78385FE,CUST100046423,Month-to-Month,2017-04-16,24,2019-04-16,False,Active
CTR77B56934DE,CUST100011597,Month-to-Month,2018-03-26,0,,True,Active
CTR6E787A1940,CUST100033962,Month-to-Month,2022-10-18,24,2024-10-18,False,Active
CTR6F7DC11E1E,CUST100038637,Fixed Term,2025-03-19,36,2028-03-19,True,Active
CTRDD7E2FD451,CUST100058297,Fixed Term,2023-06-25,12,2024-06-25,False,Expired
CTRE2178542CE,CUST100092544,Month-to-Month,2019-07-10,0,,False,Active
CTRBD6B5B83B7,CUST100095356,Fixed Term,2022-05-02,0,,True,Terminated Early
CTRECBFB7DC95,CUST100024511,Month-to-Month,2016-07-09,24,2018-07-09,True,Active
CTR8ABDB819AB,CUST100094965,Fixed Term,2015-03-17,0,,True,Active
CTRBC8C5C7B6D,CUST100028360,Fixed Term,2020-06-26,0,,True,Active
CTRA2FFD8412B,CUST100045566,Month-to-Month,2022-08-16,0,,True,Active
CTR4ADBBD904D,CUST100006772,Month-to-Month,2016-12-03,0,,False,Terminated Early
CTR9CFD6616F8,CUST100037788,Fixed Term,2016-10-24,0,,True,Active
CTRD9EE6D5C0E,CUST100063454,Fixed Term,2017-01-06,12,2018-01-06,True,Terminated Early
CTRFEC6D1E284,CUST100074417,Fixed Term,2018-09-10,24,2020-09-10,False,Expired
CTRB381584594,CUST100074119,Fixed Term,2025-05-07,0,,False,Active
CTR0CC8ABB1F2,CUST100080471,Month-to-Month,2024-09-09,12,2025-09-09,True,Active
CTR297E187AC0,CUST100010864,Fixed Term,2017-12-07,24,2019-12-07,True,Active
CTR768229901C,CUST100055817,Month-to-Month,2019-07-15,12,2020-07-15,True,Active
CTRE18B64715C,CUST100060640,Fixed Term,2015-08-31,12,2016-08-31,False,Active
CTR9BEE6FEC4B,CUST100061629,Fixed Term,2024-10-04,0,,True,Expired
CTR6243838B16,CUST100056577,Fixed Term,2025-03-13,24,2027-03-13,True,Active
CTRF57FAC0B4B,CUST100096643,Fixed Term,2023-05-01,24,2025-05-01,True,Expired
CTRFE36FF53E0,CUST100059509,Month-to-Month,2015-05-22,0,,True,Active
CTR195006EFEC,CUST100064661,Month-to-Month,2022-09-30,0,,True,Active
CTRB4CC82F97A,CUST100092091,Month-to-Month,2023-05-24,24,2025-05-24,False,Expired
CTR647FCC9ECD,CUST100011636,Month-to-Month,2018-04-01,24,2020-04-01,False,Terminated Early
CTR9C377AFF31,CUST100056992,Month-to-Month,2021-03-27,0,,True,Active
CTR3289E31495,CUST100038210,Enterprise SLA,2018-08-20,12,2019-08-20,True,Active
CTR11188587ED,CUST100057745,Fixed Term,2016-04-18,0,,True,Terminated Early
CTR52129F498B,CUST100067983,Fixed Term,2021-05-29,12,2022-05-29,True,Active
CTR3AC5FA9F22,CUST100074312,Month-to-Month,2015-09-27,24,2017-09-27,True,Active
CTRF48FBE669D,CUST100054517,Fixed Term,2022-10-12,36,2025-10-12,True,Expired
CTR46796DA8DE,CUST100015822,Month-to-Month,2022-03-02,24,2024-03-02,True,Active
CTRAF37ECBB4A,CUST100025053,Fixed Term,2015-05-03,12,2016-05-03,True,Active
CTR508BA7665F,CUST100061142,Fixed Term,2019-06-10,0,,True,Active
CTR1FE3370276,CUST100038331,Fixed Term,2021-01-07,12,2022-01-07,True,Active
CTR429B2DA7DE,CUST100050007,Month-to-Month,2024-10-07,0,,False,Active
CTRB3799C5D4C,CUST100038144,Fixed Term,2024-08-08,12,2025-08-08,False,Active
CTR766EB8A3B4,CUST100067265,Fixed Term,2023-01-04,0,,True,Active
CTR45BAD20493,CUST100049690,Fixed Term,2024-06-15,24,2026-06-15,False,Active
CTRA8C1E5C82D,CUST100079860,Fixed Term,2017-08-31,24,2019-08-31,False,Pending Renewal
CTR7B5D5B29D0,CUST100047950,Fixed Term,2019-07-02,36,2022-07-02,True,Active
CTRFFB3555906,CUST100011959,Fixed Term,2018-05-26,0,,True,Active
CTR6530D9294B,CUST100099725,Month-to-Month,2021-05-09,0,,False,Active
CTRD123D0F012,CUST100098676,Month-to-Month,2022-12-24,12,2023-12-24,True,Active
CTR3E4FA9B43B,CUST100000587,Month-to-Month,2023-11-09,24,2025-11-09,True,Expired
CTR714F275775,CUST100096260,Month-to-Month,2025-07-25,0,,False,Active
CTR19A5D89639,CUST100061680,Fixed Term,2020-08-18,12,2021-08-18,False,Active
CTR41C21D8D5E,CUST100037607,Fixed Term,2020-10-08,24,2022-10-08,False,Active
CTR5121A0EA97,CUST100005224,Enterprise SLA,2021-12-29,24,2023-12-29,True,Terminated Early
CTR3D32F8CFEB,CUST100047097,Month-to-Month,2021-10-24,24,2023-10-24,False,Expired
CTRD600CB08B8,CUST100020360,Month-to-Month,2016-12-17,24,2018-12-17,True,Expired
CTR7394E6557E,CUST100017370,Fixed Term,2018-12-14,24,2020-12-14,True,Active
CTR413434891B,CUST100016596,Month-to-Month,2016-07-03,12,2017-07-03,True,Expired
CTRDC704883AB,CUST100019430,Fixed Term,2023-01-08,12,2024-01-08,True,Active
CTR71568A25D2,CUST100074815,Fixed Term,2019-03-07,0,,True,Active
CTR9FA07EB4F0,CUST100032618,Month-to-Month,2023-12-21,24,2025-12-21,True,Active
CTR01AB292DA2,CUST100065353,Fixed Term,2017-11-23,0,,True,Active
CTR0847899B82,CUST100083902,Fixed Term,2016-08-14,36,2019-08-14,False,Active
CTR688F5A9980,CUST100088651,Month-to-Month,2020-08-30,24,2022-08-30,False,Expired
CTRCF66511025,CUST100012868,Fixed Term,2021-03-02,12,2022-03-02,True,Expired
CTRE57E8A4107,CUST100058516,Fixed Term,2019-04-22,0,,True,Active
CTRFF3A57FF69,CUST100001387,Month-to-Month,2020-05-08,24,2022-05-08,False,Active
CTRE0367A6945,CUST100025387,Fixed Term,2016-06-23,0,,True,Expired
CTR8052F7F42A,CUST100020191,Fixed Term,2019-02-27,24,2021-02-27,False,Active
CTR2ECF435AE0,CUST100068561,Fixed Term,2021-04-22,24,2023-04-22,True,Expired
CTR2AA38720AA,CUST100001394,Month-to-Month,2020-12-28,36,2023-12-28,True,Active
CTR03AA634899,CUST100011762,Fixed Term,2020-01-31,12,2021-01-31,True,Pending Renewal
CTR1CCE0BCC3E,CUST100094153,Fixed Term,2022-12-20,12,2023-12-20,False,Active
CTRC1E3CCE01C,CUST100032574,Enterprise SLA,2022-10-27,24,2024-10-27,False,Active
CTREF44200F62,CUST100099469,Month-to-Month,2024-02-17,36,2027-02-17,True,Active
CTR4B4B5598BF,CUST100075118,Fixed Term,2020-11-09,12,2021-11-09,True,Active
CTR59FFAA12FD,CUST100014505,Month-to-Month,2024-06-02,0,,False,Active
CTR34CF5A32BD,CUST100070911,Fixed Term,2022-02-12,24,2024-02-12,True,Active
CTR8BA01534EA,CUST100002051,Month-to-Month,2020-01-07,24,2022-01-07,False,Active
CTR7EACA216F9,CUST100066993,Month-to-Month,2025-01-30,24,2027-01-30,False,Active
CTR725E6AA0DE,CUST100035008,Fixed Term,2021-07-22,0,,False,Active
CTR35AA1ED54F,CUST100015122,Month-to-Month,2016-08-09,0,,False,Terminated Early
CTR5D35716829,CUST100046088,Fixed Term,2016-07-23,24,2018-07-23,True,Active
CTRF2B207BF43,CUST100088892,Fixed Term,2017-08-12,24,2019-08-12,True,Active
CTR1AA360C417,CUST100056316,Fixed Term,2023-12-17,36,2026-12-17,False,Active
CTR3707B037BF,CUST100014642,Fixed Term,2015-07-19,24,2017-07-19,True,Expired
CTR52C3716F7D,CUST100036970,Month-to-Month,2021-03-13,0,,False,Pending Renewal
CTRA6A93B0323,CUST100013752,Month-to-Month,2017-11-04,24,2019-11-04,False,Pending Renewal
CTR459CDDBD96,CUST100095552,Enterprise SLA,2017-10-30,24,2019-10-30,True,Active
CTRB7394370E0,CUST100017942,Month-to-Month,2025-03-21,0,,True,Active
CTR2380F30321,CUST100050651,Enterprise SLA,2019-05-21,24,2021-05-21,True,Active
CTR2779D90B78,CUST100059201,Month-to-Month,2019-05-19,12,2020-05-19,True,Active
CTR1BD6D82617,CUST100019622,Fixed Term,2024-07-08,0,,False,Active
CTRC255CFCB48,CUST100062073,Fixed Term,2019-09-09,12,2020-09-09,True,Active
CTR76108242FE,CUST100005766,Fixed Term,2019-08-18,24,2021-08-18,False,Terminated Early
CTR36FACCCDBC,CUST100017405,Month-to-Month,2022-08-24,36,2025-08-24,True,Active
CTR1E06D9D4F0,CUST100006795,Month-to-Month,2025-03-03,0,,True,Expired
CTR511B0A0FE6,CUST100070610,Fixed Term,2024-12-31,12,2025-12-31,True,Active
CTR4E0DF38855,CUST100010353,Fixed Term,2016-12-11,24,2018-12-11,True,Active
CTR5FD7615C5D,CUST100027441,Month-to-Month,2018-05-16,12,2019-05-16,True,Expired
CTRC1C06F6895,CUST100001639,Enterprise SLA,2025-09-11,24,2027-09-11,True,Terminated Early
CTR51D7D1606F,CUST100029514,Fixed Term,2020-01-16,24,2022-01-16,True,Active
CTR2F73025200,CUST100091540,Fixed Term,2015-03-01,0,,True,Active
CTR0FC65BD716,CUST100067053,Fixed Term,2023-09-03,24,2025-09-03,False,Active
CTRE0F4F7525C,CUST100058677,Fixed Term,2020-07-07,12,2021-07-07,False,Active
CTR68E87DAEBA,CUST100048736,Month-to-Month,2015-05-31,12,2016-05-31,True,Active
CTR78456DF78E,CUST100069975,Fixed Term,2021-09-06,36,2024-09-06,True,Active
CTR6CF91EEA8C,CUST100015176,Month-to-Month,2017-06-19,24,2019-06-19,True,Active
CTRB565572804,CUST100031422,Month-to-Month,2022-01-22,0,,False,Pending Renewal
CTR9111184FED,CUST100024149,Fixed Term,2015-05-14,24,2017-05-14,True,Active
CTRCD00646E2D,CUST100042069,Fixed Term,2016-03-12,24,2018-03-12,True,Active
CTR0C7C1E31DA,CUST100014950,Month-to-Month,2017-12-28,24,2019-12-28,False,Active
CTR0835C8D1CB,CUST100092446,Fixed Term,2017-04-10,24,2019-04-10,True,Pending Renewal
CTR20A6C25542,CUST100032843,Month-to-Month,2019-05-02,24,2021-05-02,True,Active
CTR78BA5E7143,CUST100025845,Fixed Term,2024-03-10,0,,True,Expired
CTRBD8008684A,CUST100013794,Fixed Term,2021-04-20,12,2022-04-20,True,Pending Renewal
CTRB15565CBA5,CUST100008516,Month-to-Month,2019-10-28,0,,True,Expired
CTR82A2261854,CUST100084081,Fixed Term,2024-11-17,12,2025-11-17,False,Active
CTR9D9C538323,CUST100020784,Fixed Term,2015-08-15,0,,False,Active
CTRF549925A6D,CUST100083284,Fixed Term,2020-09-11,12,2021-09-11,True,Active
CTR6FB8444F83,CUST100040651,Month-to-Month,2018-03-05,0,,True,Pending Renewal
CTR9B42977442,CUST100042051,Fixed Term,2020-09-23,0,,True,Active
CTRF28DB730A8,CUST100034565,Month-to-Month,2015-12-19,12,2016-12-19,True,Terminated Early
CTR98D51D5F3C,CUST100057037,Fixed Term,2018-11-15,24,2020-11-15,False,Active
CTR4FE382A199,CUST100013778,Month-to-Month,2020-08-08,24,2022-08-08,False,Active
CTR34070F3332,CUST100090124,Fixed Term,2021-11-16,24,2023-11-16,False,Active
CTR8E80CB45E7,CUST100038435,Month-to-Month,2024-03-30,0,,True,Active
CTR86ADAB7F3F,CUST100002550,Month-to-Month,2025-04-11,12,2026-04-11,True,Active
CTRA43CFF5152,CUST100092695,Month-to-Month,2022-11-14,24,2024-11-14,True,Active
CTR8D9EB72E61,CUST100013178,Enterprise SLA,2016-04-07,0,,False,Active
CTRD0F0E6F866,CUST100031698,Fixed Term,2021-03-13,12,2022-03-13,False,Active
CTR7437F54C8B,CUST100038853,Fixed Term,2022-06-19,24,2024-06-19,False,Active
CTRDFFA94BD3C,CUST100004413,Fixed Term,2016-07-08,12,2017-07-08,True,Active
CTR2B119E9AA3,CUST100085980,Fixed Term,2019-11-18,24,2021-11-18,True,Active
CTRF850CF3E7C,CUST100003330,Month-to-Month,2017-04-05,24,2019-04-05,True,Active
CTR237645899D,CUST100089833,Month-to-Month,2019-03-03,24,2021-03-03,True,Active
CTR07CFC160DA,CUST100085720,Fixed Term,2021-12-08,24,2023-12-08,True,Terminated Early
CTRD3BA0A38BF,CUST100020713,Fixed Term,2016-08-14,12,2017-08-14,False,Active
CTRA78CEC17B2,CUST100044937,Month-to-Month,2020-07-29,0,,True,Expired
CTRED6D80E828,CUST100015845,Fixed Term,2023-02-08,24,2025-02-08,True,Expired
CTRA15B26EA09,CUST100042861,Month-to-Month,2020-10-19,24,2022-10-19,True,Active
CTRF47383583A,CUST100018260,Month-to-Month,2023-09-14,12,2024-09-14,False,Active
CTR99EB7B2AAC,CUST100039117,Month-to-Month,2025-05-01,0,,False,Active
CTR9B20E36383,CUST100063487,Month-to-Month,2023-01-07,12,2024-01-07,True,Active
CTREB1B6CF57B,CUST100090935,Fixed Term,2021-03-18,24,2023-03-18,False,Terminated Early
CTRA851638DCD,CUST100082060,Fixed Term,2020-09-13,12,2021-09-13,False,Active
CTR39D6941FEB,CUST100074223,Fixed Term,2019-10-02,0,,True,Active
CTR5917574C3D,CUST100093160,Fixed Term,2024-04-26,12,2025-04-26,False,Active
CTR8F028C3E4D,CUST100079910,Fixed Term,2019-05-10,0,,True,Active
CTR0D04C28A1A,CUST100071607,Month-to-Month,2025-08-20,0,,False,Active
CTR3DB6C8EB48,CUST100003114,Fixed Term,2021-06-15,24,2023-06-15,True,Active
CTRAB83E09297,CUST100036898,Fixed Term,2025-09-28,36,2028-09-28,True,Expired
CTR2656C04DEA,CUST100029000,Month-to-Month,2020-04-28,12,2021-04-28,False,Active
CTRB64A753C4C,CUST100061501,Fixed Term,2023-03-13,12,2024-03-13,True,Expired
CTR7AE2CEAF98,CUST100009000,Month-to-Month,2018-05-11,12,2019-05-11,True,Terminated Early
CTR67BB0068DC,CUST100084031,Month-to-Month,2024-10-30,24,2026-10-30,False,Active
CTR4678693B9E,CUST100041692,Fixed Term,2020-05-12,12,2021-05-12,True,Active
CTRDB4E78505C,CUST100006411,Fixed Term,2018-10-31,24,2020-10-31,True,Terminated Early
CTRA32F16E2E9,CUST100003520,Fixed Term,2021-05-23,24,2023-05-23,True,Active
CTR7432B0BBD7,CUST100080778,Fixed Term,2024-10-10,0,,False,Active
CTR3930D92576,CUST100026234,Fixed Term,2018-11-01,12,2019-11-01,True,Active
CTR9B08F92A35,CUST100027394,Fixed Term,2023-02-21,0,,False,Active
CTR211578F51A,CUST100040804,Fixed Term,2024-04-08,36,2027-04-08,True,Expired
CTRA64DCCF2CF,CUST100043239,Fixed Term,2025-02-08,24,2027-02-08,True,Expired
CTRCA86F05319,CUST100042909,Fixed Term,2021-08-01,0,,True,Active
CTREBE0AA91B9,CUST100025071,Enterprise SLA,2017-03-12,0,,True,Active
CTR303C002D29,CUST100029702,Fixed Term,2022-05-09,0,,True,Active
CTR5BBABE44EB,CUST100038865,Fixed Term,2017-12-15,0,,True,Pending Renewal
CTR64B8BBBF6F,CUST100041233,Fixed Term,2021-05-17,24,2023-05-17,False,Active
CTR7D688F5433,CUST100056473,Month-to-Month,2019-07-17,24,2021-07-17,True,Active
CTRB8C25D7BFB,CUST100066440,Fixed Term,2025-04-10,24,2027-04-10,True,Active
CTRF5839C7591,CUST100037254,Fixed Term,2017-02-22,0,,True,Expired
CTR13BC7B7E79,CUST100055415,Month-to-Month,2025-06-26,12,2026-06-26,False,Terminated Early
CTR088C9AF731,CUST100013436,Month-to-Month,2023-11-10,36,2026-11-10,True,Active
CTRD56EB3B629,CUST100027107,Month-to-Month,2024-12-27,12,2025-12-27,True,Active
CTRF9234FF858,CUST100049363,Fixed Term,2016-03-03,24,2018-03-03,True,Active
CTR43ED175735,CUST100021007,Fixed Term,2021-06-13,0,,False,Active
CTR61C0D41379,CUST100033021,Month-to-Month,2017-01-16,24,2019-01-16,False,Active
CTR90AB8A0E7D,CUST100013874,Fixed Term,2025-01-23,24,2027-01-23,False,Active
CTR4FF7DCABF9,CUST100014107,Fixed Term,2016-01-01,24,2018-01-01,True,Active
CTRE2283E5C8D,CUST100026591,Fixed Term,2022-09-17,0,,True,Active
CTR7429F1EB46,CUST100087378,Fixed Term,2023-08-20,24,2025-08-20,True,Active
CTRD666C6E748,CUST100043255,Fixed Term,2021-08-14,0,,True,Active
CTRFB04B682C6,CUST100020868,Month-to-Month,2021-06-22,0,,True,Active
CTR8B9440C67F,CUST100046932,Month-to-Month,2024-04-02,36,2027-04-02,True,Active
CTRD273C954BA,CUST100087910,Fixed Term,2017-11-06,0,,False,Active
CTR00BFCC083F,CUST100099875,Fixed Term,2020-01-05,0,,True,Active
CTR71DAEC03F4,CUST100004264,Month-to-Month,2017-07-22,0,,True,Expired
CTRD21B031EC8,CUST100080222,Fixed Term,2020-12-25,12,2021-12-25,False,Active
CTRE20382D2D0,CUST100014750,Fixed Term,2021-03-05,12,2022-03-05,False,Active
CTREEE904DABE,CUST100035652,Month-to-Month,2019-10-25,0,,False,Active
CTRAF6FA405FF,CUST100014391,Fixed Term,2022-06-02,12,2023-06-02,True,Active
CTR7D4F1261E4,CUST100084314,Month-to-Month,2025-07-21,12,2026-07-21,False,Terminated Early
CTR457C59238D,CUST100039616,Month-to-Month,2018-06-03,12,2019-06-03,True,Active
CTRBB25F729A4,CUST100050984,Fixed Term,2019-03-12,24,2021-03-12,False,Pending Renewal
CTR1A58628C64,CUST100048898,Fixed Term,2020-03-03,12,2021-03-03,True,Active
CTRE73E20D6B9,CUST100014286,Fixed Term,2018-03-29,0,,False,Active
CTRFEC42B789F,CUST100032497,Fixed Term,2022-01-24,24,2024-01-24,True,Pending Renewal
CTRA27D4A58AB,CUST100082178,Fixed Term,2019-02-11,0,,True,Active
CTRC622ED4186,CUST100063959,Fixed Term,2023-03-17,12,2024-03-17,True,Active
CTRE8F4F1CFB3,CUST100090296,Month-to-Month,2023-12-04,24,2025-12-04,True,Active
CTR93CCE6FF32,CUST100086696,Month-to-Month,2024-03-10,12,2025-03-10,False,Active
CTR89CB9BE657,CUST100037619,Month-to-Month,2017-01-15,24,2019-01-15,True,Active
CTRCBBD6E4CAC,CUST100044548,Enterprise SLA,2023-01-18,36,2026-01-18,False,Active
CTRE3E3A499DB,CUST100086702,Month-to-Month,2016-12-19,24,2018-12-19,True,Active
CTRE95191164F,CUST100078209,Month-to-Month,2017-04-23,12,2018-04-23,False,Active
CTR3655B78521,CUST100099568,Fixed Term,2021-12-17,24,2023-12-17,True,Expired
CTRC71DA31D00,CUST100002150,Fixed Term,2024-01-11,24,2026-01-11,True,Active
CTR2CC97196FD,CUST100013417,Fixed Term,2017-11-25,12,2018-11-25,True,Active
CTR7A85BEC504,CUST100040695,Fixed Term,2017-08-16,24,2019-08-16,False,Active
CTRB81359F0FE,CUST100087121,Fixed Term,2022-04-01,0,,True,Active
CTRDFD7A4CA98,CUST100020921,Month-to-Month,2023-04-29,0,,False,Active
CTRAA7AC16FD6,CUST100031296,Month-to-Month,2020-05-23,12,2021-05-23,False,Active
CTR2378A699BB,CUST100064872,Month-to-Month,2020-11-05,24,2022-11-05,True,Active
CTR4391DBC0C4,CUST100005630,Fixed Term,2020-04-13,0,,True,Active
CTRE60F31ECA8,CUST100000500,Fixed Term,2025-12-09,24,2027-12-09,True,Terminated Early
CTR48F43BAAD4,CUST100018292,Fixed Term,2017-07-31,12,2018-07-31,False,Expired
CTR828A5169C4,CUST100008441,Month-to-Month,2015-01-10,12,2016-01-10,True,Active
CTR850A6C05EF,CUST100048745,Fixed Term,2023-04-21,0,,True,Active
CTR66E100F198,CUST100013895,Fixed Term,2016-09-08,12,2017-09-08,False,Active
CTR6E8CFA32FB,CUST100082334,Month-to-Month,2020-08-27,0,,True,Active
CTR9C8F234626,CUST100064638,Enterprise SLA,2023-10-20,24,2025-10-20,False,Active
CTRF427784550,CUST100086631,Fixed Term,2022-09-04,12,2023-09-04,False,Active
CTRAAA1DCB00D,CUST100073977,Month-to-Month,2024-10-23,24,2026-10-23,False,Active
CTR55AEF72E56,CUST100083093,Fixed Term,2017-03-19,12,2018-03-19,False,Active
CTR68B532B886,CUST100070040,Fixed Term,2024-06-12,0,,False,Active
CTR57E1FC8A32,CUST100098666,Fixed Term,2021-05-29,24,2023-05-29,False,Active
CTRDC5550C3BD,CUST100094784,Month-to-Month,2015-01-30,12,2016-01-30,False,Active
CTRCE30EA5915,CUST100070891,Fixed Term,2019-05-28,0,,True,Active
CTRCF3FBB909F,CUST100049622,Month-to-Month,2022-01-07,0,,True,Expired
CTR06220683C1,CUST100042871,Fixed Term,2017-08-29,24,2019-08-29,True,Active
CTRD52AD37075,CUST100090156,Fixed Term,2023-12-17,24,2025-12-17,True,Terminated Early
CTR24F8835805,CUST100063154,Month-to-Month,2019-06-01,0,,False,Active
CTREF9D37A250,CUST100094668,Month-to-Month,2018-07-11,36,2021-07-11,False,Expired
CTR50E5D6B0B5,CUST100095168,Month-to-Month,2025-12-03,12,2026-12-03,True,Active
CTRB7A0865280,CUST100042437,Fixed Term,2015-10-02,0,,True,Active
CTRAF9E8F67A5,CUST100012038,Fixed Term,2017-02-12,0,,False,Active
CTRB36C51AB62,CUST100047326,Month-to-Month,2021-11-05,12,2022-11-05,False,Active
CTR1B03517443,CUST100064706,Month-to-Month,2015-08-22,12,2016-08-22,False,Active
CTR661ECA7559,CUST100015146,Month-to-Month,2015-03-02,24,2017-03-02,False,Active
CTRC9AF7BB3C2,CUST100068812,Fixed Term,2015-03-24,0,,False,Active
CTRE1B3C54158,CUST100063771,Month-to-Month,2020-03-15,24,2022-03-15,False,Terminated Early
CTR2D70DEB8F0,CUST100019637,Month-to-Month,2021-12-14,0,,True,Active
CTR971396AA52,CUST100003702,Fixed Term,2019-05-19,36,2022-05-19,True,Active
CTR711F1D4152,CUST100053169,Enterprise SLA,2024-10-06,12,2025-10-06,False,Active
CTR6F7FB998EE,CUST100036741,Fixed Term,2020-05-04,24,2022-05-04,True,Expired
CTR6A126EBAC2,CUST100033876,Enterprise SLA,2018-11-23,12,2019-11-23,False,Pending Renewal
CTR049D94AFDF,CUST100089868,Fixed Term,2024-03-22,24,2026-03-22,False,Terminated Early
CTR6731CE3724,CUST100012924,Fixed Term,2021-06-08,24,2023-06-08,False,Active
CTRB149CC7A83,CUST100016825,Fixed Term,2021-07-04,24,2023-07-04,False,Active
CTR5E7DB423FB,CUST100084280,Month-to-Month,2015-07-09,24,2017-07-09,True,Expired
CTRF38651A0FA,CUST100081681,Month-to-Month,2023-08-16,24,2025-08-16,True,Active
CTR2366B22107,CUST100055115,Month-to-Month,2020-11-28,24,2022-11-28,False,Active
CTR1B852808EC,CUST100062759,Fixed Term,2020-11-18,0,,True,Active
CTR843D47261F,CUST100071630,Fixed Term,2024-11-30,24,2026-11-30,True,Terminated Early
CTR141E2D8E02,CUST100053842,Fixed Term,2022-10-12,0,,True,Pending Renewal
CTRF93D3BDF2A,CUST100077263,Fixed Term,2022-12-13,12,2023-12-13,False,Active
CTR73C9959B00,CUST100035367,Month-to-Month,2025-07-29,12,2026-07-29,True,Active
CTRF9159D220F,CUST100050102,Month-to-Month,2017-07-13,24,2019-07-13,False,Expired
CTR8416980D0B,CUST100080334,Month-to-Month,2022-02-26,0,,True,Terminated Early
CTR40805969F3,CUST100036750,Month-to-Month,2021-08-20,12,2022-08-20,True,Active
CTR9CDED77364,CUST100066673,Fixed Term,2018-01-10,12,2019-01-10,False,Pending Renewal
CTR0E90BBDA04,CUST100068047,Fixed Term,2017-05-13,0,,True,Active
CTRFF33B50218,CUST100077436,Month-to-Month,2023-06-28,12,2024-06-28,True,Active
CTR9EF8EF042C,CUST100027471,Fixed Term,2017-06-06,24,2019-06-06,False,Active
CTR859AF2B641,CUST100052143,Month-to-Month,2022-03-06,0,,True,Active
CTR4DA14DCFAF,CUST100033306,Enterprise SLA,2015-01-05,12,2016-01-05,False,Expired
CTR80160EA5BC,CUST100015054,Month-to-Month,2025-06-27,36,2028-06-27,True,Active
CTRD48C34E181,CUST100041171,Month-to-Month,2016-11-13,0,,True,Pending Renewal
CTR66FB18F504,CUST100022216,Fixed Term,2021-11-05,24,2023-11-05,True,Active
CTR451C109A20,CUST100088119,Enterprise SLA,2022-12-25,12,2023-12-25,False,Expired
CTR1D395A3AEA,CUST100074108,Month-to-Month,2020-12-20,12,2021-12-20,False,Active
CTR5B133BA7AE,CUST100026056,Month-to-Month,2020-10-13,12,2021-10-13,False,Active
CTRBC4C8B2924,CUST100000755,Fixed Term,2023-11-11,0,,False,Active
CTR4E9C11988E,CUST100020827,Month-to-Month,2016-09-07,24,2018-09-07,False,Active
CTR27A4A57B7B,CUST100041552,Fixed Term,2018-08-25,36,2021-08-25,False,Active
CTR2FD1722F26,CUST100081261,Fixed Term,2015-08-04,0,,True,Terminated Early
CTR24B5157ECB,CUST100082791,Fixed Term,2021-04-19,24,2023-04-19,False,Active
CTRB1A98A33B2,CUST100011384,Enterprise SLA,2024-06-02,24,2026-06-02,True,Terminated Early
CTR1A09126584,CUST100068567,Fixed Term,2020-08-19,24,2022-08-19,False,Active
CTR3C94F9E5B5,CUST100048768,Fixed Term,2023-03-30,24,2025-03-30,False,Terminated Early
CTRF806DCB6C4,CUST100056332,Month-to-Month,2017-07-31,24,2019-07-31,False,Active
CTR7B93466E3A,CUST100042190,Fixed Term,2022-12-23,0,,True,Active
CTR75F96D461A,CUST100011812,Fixed Term,2015-08-22,12,2016-08-22,False,Active
CTR354E277301,CUST100026759,Month-to-Month,2016-10-30,0,,True,Active
CTR188E54FF4F,CUST100015615,Fixed Term,2016-02-19,12,2017-02-19,False,Active
CTR83BDE61121,CUST100004060,Fixed Term,2019-08-19,12,2020-08-19,True,Active
CTR8FA30717D3,CUST100004335,Fixed Term,2024-05-08,12,2025-05-08,True,Expired
CTR769EB341FC,CUST100061180,Fixed Term,2015-01-24,12,2016-01-24,False,Expired
CTR0854DEF0F6,CUST100053225,Fixed Term,2022-09-18,12,2023-09-18,True,Active
CTRAB85021C26,CUST100099368,Month-to-Month,2022-06-20,24,2024-06-20,True,Terminated Early
CTR9C1C5FC6D2,CUST100019613,Enterprise SLA,2024-03-26,0,,False,Terminated Early
CTRF5950BBB75,CUST100078350,Fixed Term,2021-06-19,0,,False,Active
CTR67613DE9BC,CUST100064913,Fixed Term,2016-11-24,24,2018-11-24,False,Active
CTRB393F12E46,CUST100071086,Fixed Term,2017-12-31,0,,True,Active
CTRD6D7090B2B,CUST100032200,Fixed Term,2021-11-22,36,2024-11-22,False,Active
CTR784FC99DE6,CUST100074858,Month-to-Month,2024-10-28,0,,True,Expired
CTR6A778FD684,CUST100010561,Fixed Term,2024-08-30,12,2025-08-30,False,Active
CTR9C1EF541D0,CUST100047546,Month-to-Month,2022-06-22,24,2024-06-22,True,Active
CTR4A35C574C4,CUST100020634,Fixed Term,2016-03-25,24,2018-03-25,False,Pending Renewal
CTRAF4EB5077B,CUST100044986,Month-to-Month,2020-01-10,0,,True,Active
CTRC2183213CB,CUST100046295,Fixed Term,2022-09-08,12,2023-09-08,True,Active
CTR5016621462,CUST100045731,Enterprise SLA,2023-06-16,12,2024-06-16,True,Active
CTRB21F5E3891,CUST100020666,Month-to-Month,2024-03-25,24,2026-03-25,True,Active
CTR5075B09072,CUST100028504,Month-to-Month,2019-10-30,24,2021-10-30,True,Active
CTR2FC9C34949,CUST100081633,Month-to-Month,2025-04-07,36,2028-04-07,True,Active
CTR1F9124DFA0,CUST100065145,Fixed Term,2017-04-18,0,,False,Active
CTR249F23098B,CUST100086006,Month-to-Month,2019-09-23,24,2021-09-23,True,Active
CTRA8A527E39E,CUST100016305,Fixed Term,2024-03-24,0,,False,Active
CTR732071231F,CUST100056948,Fixed Term,2019-02-26,0,,False,Active
CTR4F41E3FD4B,CUST100072718,Fixed Term,2018-07-25,24,2020-07-25,False,Active
CTRCCBC3B3E0A,CUST100053549,Month-to-Month,2025-12-13,12,2026-12-13,False,Active
CTR9F5B68293E,CUST100065582,Fixed Term,2017-04-03,24,2019-04-03,True,Active
CTRDEE46916B8,CUST100030347,Fixed Term,2020-11-14,24,2022-11-14,True,Active
CTR4939D704F9,CUST100048472,Fixed Term,2023-10-17,12,2024-10-17,True,Active
CTR7BB7F5FA83,CUST100087838,Month-to-Month,2024-01-17,0,,True,Expired
CTRD2F2102B32,CUST100047823,Fixed Term,2020-04-03,12,2021-04-03,True,Active
CTR90D6BE4268,CUST100010921,Month-to-Month,2017-12-05,12,2018-12-05,True,Active
CTR3914A321B1,CUST100019167,Enterprise SLA,2017-10-25,0,,False,Active
CTR12DC4A6DAB,CUST100029489,Fixed Term,2022-09-09,24,2024-09-09,True,Expired
CTR5FE1E0204A,CUST100016846,Fixed Term,2024-12-23,12,2025-12-23,True,Expired
CTRBDDD467AE3,CUST100054155,Fixed Term,2015-12-02,12,2016-12-02,True,Active
CTRB01FC1BD96,CUST100001818,Fixed Term,2016-05-26,0,,True,Expired
CTR387E5618D9,CUST100054256,Month-to-Month,2018-12-12,12,2019-12-12,False,Active
CTR56A5B15391,CUST100052671,Month-to-Month,2018-10-23,24,2020-10-23,False,Active
CTRCE0ABE61D8,CUST100086939,Fixed Term,2022-12-30,0,,True,Terminated Early
CTRB40A9A5BC8,CUST100079683,Month-to-Month,2015-07-25,36,2018-07-25,True,Active
CTR3D2D7561E8,CUST100053563,Fixed Term,2025-10-29,24,2027-10-29,False,Active
CTR054EDD42D8,CUST100022368,Month-to-Month,2017-02-28,12,2018-02-28,True,Active
CTR86E60FEE03,CUST100007568,Fixed Term,2015-06-15,24,2017-06-15,False,Active
CTR171BEFE604,CUST100091433,Fixed Term,2022-01-09,24,2024-01-09,True,Terminated Early
CTR3BB15D33F7,CUST100013837,Month-to-Month,2019-04-11,12,2020-04-11,False,Active
CTR08CD6E0819,CUST100006881,Enterprise SLA,2017-04-17,24,2019-04-17,False,Pending Renewal
CTR5ECEE5D415,CUST100016784,Fixed Term,2015-10-11,24,2017-10-11,False,Active
CTR7F1B744AF2,CUST100012679,Fixed Term,2016-04-04,0,,True,Active
CTR2233E626F4,CUST100039573,Month-to-Month,2025-10-09,0,,True,Pending Renewal
CTRD71AC61D4A,CUST100009266,Fixed Term,2018-10-03,0,,True,Active
CTR06ECD0D91D,CUST100005342,Fixed Term,2019-03-08,12,2020-03-08,False,Active
CTRCB24EA1601,CUST100068235,Month-to-Month,2015-01-30,12,2016-01-30,True,Active
CTRFA290CFFC8,CUST100090986,Enterprise SLA,2024-11-27,0,,False,Active
CTR242C921692,CUST100084467,Fixed Term,2016-05-09,0,,True,Expired
CTR39B0DFE51C,CUST100004356,Fixed Term,2016-12-06,12,2017-12-06,True,Active
CTR0F4D8F7852,CUST100079040,Month-to-Month,2025-09-23,0,,True,Active
CTR27B3DEB204,CUST100068657,Month-to-Month,2015-01-16,12,2016-01-16,True,Active
CTRCF9CB5EE86,CUST100075324,Month-to-Month,2015-12-05,0,,True,Active
CTR799E1E5019,CUST100045204,Fixed Term,2017-07-05,12,2018-07-05,True,Active
CTRC5943DC229,CUST100021347,Fixed Term,2021-01-06,0,,True,Active
CTRA54A7A9EFA,CUST100019867,Enterprise SLA,2024-09-06,24,2026-09-06,True,Active
CTR20E3604338,CUST100014108,Fixed Term,2019-04-15,24,2021-04-15,False,Pending Renewal
CTR7EFBEADEFD,CUST100067480,Month-to-Month,2022-11-25,0,,False,Active
CTR5552FE1C7A,CUST100097444,Month-to-Month,2015-06-04,24,2017-06-04,True,Active
CTR358D86D609,CUST100081824,Enterprise SLA,2019-01-17,24,2021-01-17,False,Active
CTR15BDA3B212,CUST100060753,Fixed Term,2020-01-09,12,2021-01-09,True,Expired
CTR8372B53951,CUST100022988,Fixed Term,2016-07-17,24,2018-07-17,False,Active
CTR5A5845D764,CUST100079090,Month-to-Month,2015-06-07,12,2016-06-07,False,Active
CTR3BA505D144,CUST100025145,Fixed Term,2023-11-05,24,2025-11-05,True,Active
CTR8E622F6F5F,CUST100023712,Fixed Term,2019-06-26,24,2021-06-26,True,Active
CTR595AAE70A7,CUST100053450,Fixed Term,2021-01-20,12,2022-01-20,False,Active
CTR6C3F217ABA,CUST100027827,Month-to-Month,2017-05-29,12,2018-05-29,False,Active
CTRCD3578684F,CUST100094471,Fixed Term,2018-08-26,0,,True,Active
CTR029B08B1C0,CUST100082875,Fixed Term,2024-10-03,0,,True,Active
CTRE2F187260C,CUST100008200,Fixed Term,2023-12-01,0,,True,Expired
CTR837CD12142,CUST100018798,Month-to-Month,2015-03-26,24,2017-03-26,False,Terminated Early
CTR39927C3215,CUST100065832,Month-to-Month,2024-08-06,0,,False,Active
CTRE0793316FE,CUST100092159,Fixed Term,2022-07-16,24,2024-07-16,True,Active
CTR820AD2958D,CUST100005911,Fixed Term,2025-09-22,24,2027-09-22,True,Expired
CTR8465C3B393,CUST100084722,Fixed Term,2024-02-02,0,,True,Expired
CTRAEF923D73A,CUST100069325,Fixed Term,2020-01-26,12,2021-01-26,True,Active
CTR88F90C1FC6,CUST100002597,Month-to-Month,2020-11-12,12,2021-11-12,False,Expired
CTR27CA568998,CUST100039331,Month-to-Month,2020-08-11,24,2022-08-11,False,Active
CTR45241B7E39,CUST100025526,Fixed Term,2022-02-06,0,,False,Expired
CTR246A3D5E76,CUST100071200,Month-to-Month,2025-07-21,12,2026-07-21,True,Expired
CTR05D2B753DA,CUST100092746,Month-to-Month,2019-11-04,0,,True,Active
CTR9D1EC78325,CUST100081985,Month-to-Month,2024-09-17,0,,True,Active
CTR4DAB89AE24,CUST100083912,Fixed Term,2023-12-01,12,2024-12-01,False,Active
CTR1EBEF3C175,CUST100060840,Fixed Term,2022-10-11,36,2025-10-11,False,Active
CTR7BC0B10C81,CUST100091693,Month-to-Month,2018-10-01,0,,True,Active
CTR093FC80507,CUST100022854,Enterprise SLA,2016-10-19,12,2017-10-19,False,Active
CTR82DE03EB49,CUST100077268,Month-to-Month,2016-04-19,24,2018-04-19,True,Active
CTRADB6E6D9EE,CUST100083073,Fixed Term,2017-09-17,24,2019-09-17,False,Active
CTR25400E4E4B,CUST100056389,Fixed Term,2019-06-20,36,2022-06-20,True,Active
CTRBC2A2644DD,CUST100007033,Fixed Term,2018-10-14,12,2019-10-14,True,Active
CTRD6A89332C0,CUST100032217,Month-to-Month,2015-04-19,12,2016-04-19,False,Pending Renewal
CTR069D8F7857,CUST100094615,Fixed Term,2025-09-12,12,2026-09-12,True,Active
CTR5E97612D74,CUST100004883,Month-to-Month,2020-10-05,24,2022-10-05,True,Active
CTRF74F47C279,CUST100057791,Month-to-Month,2020-05-26,24,2022-05-26,False,Expired
CTR75ADE2A24C,CUST100087439,Fixed Term,2021-08-25,24,2023-08-25,True,Active
CTR74B0F8EF1F,CUST100061590,Enterprise SLA,2015-01-30,24,2017-01-30,True,Pending Renewal
CTR204A8E642F,CUST100022338,Month-to-Month,2019-11-26,0,,True,Active
CTRF045DBA077,CUST100065642,Month-to-Month,2022-05-18,0,,True,Pending Renewal
CTR7354AC1520,CUST100077296,Fixed Term,2021-06-17,24,2023-06-17,True,Active
CTR77439735BF,CUST100075085,Fixed Term,2019-05-24,24,2021-05-24,False,Active
CTR22C6300F36,CUST100080068,Enterprise SLA,2015-09-27,0,,False,Active
CTR7CF8C6F3C1,CUST100025930,Enterprise SLA,2019-03-16,12,2020-03-16,True,Active
CTR6CA3B6F24E,CUST100086470,Fixed Term,2018-07-12,24,2020-07-12,True,Active
CTR3DDB581A7C,CUST100085538,Month-to-Month,2022-06-04,0,,False,Active
CTRF071EDD8D2,CUST100076877,Fixed Term,2023-12-07,24,2025-12-07,False,Active
CTREBA007582A,CUST100081037,Fixed Term,2018-08-21,0,,False,Active
CTR9DC3F464AF,CUST100066233,Fixed Term,2017-06-15,24,2019-06-15,False,Active
CTRBFB1C106DD,CUST100083579,Fixed Term,2020-11-29,24,2022-11-29,True,Active
CTRB1E6E26106,CUST100002804,Month-to-Month,2016-12-02,36,2019-12-02,True,Active
CTRC0F451233A,CUST100093436,Month-to-Month,2021-06-11,24,2023-06-11,True,Active
CTRE427671339,CUST100061137,Month-to-Month,2022-06-18,0,,False,Expired
CTR9EC001772D,CUST100087195,Fixed Term,2019-06-25,12,2020-06-25,True,Active
CTRA9B2D5E4FE,CUST100023849,Enterprise SLA,2016-12-26,36,2019-12-26,True,Active
CTRA7D8C68A07,CUST100064999,Month-to-Month,2024-07-13,0,,True,Terminated Early
CTR3E9CEE39BF,CUST100026262,Fixed Term,2023-02-22,24,2025-02-22,True,Active
CTR3BBC560712,CUST100028620,Fixed Term,2018-11-30,24,2020-11-30,True,Active
CTR4473383211,CUST100052662,Fixed Term,2016-05-26,0,,True,Active
CTRC80A2ACE98,CUST100065518,Fixed Term,2018-03-25,0,,False,Active
CTRB137E46086,CUST100059450,Fixed Term,2022-09-25,0,,True,Active
CTR43CE94CFB3,CUST100073621,Month-to-Month,2022-12-29,24,2024-12-29,False,Active
CTRC2E898DF9E,CUST100038395,Month-to-Month,2021-01-05,0,,True,Active
CTR3D2BA47426,CUST100041982,Fixed Term,2018-10-04,12,2019-10-04,True,Active
CTR3093DF8EEE,CUST100076868,Fixed Term,2021-07-13,36,2024-07-13,False,Active
CTR375F4189F6,CUST100088198,Fixed Term,2020-10-04,12,2021-10-04,True,Active
CTR0AED974251,CUST100052316,Fixed Term,2024-11-19,24,2026-11-19,True,Active
CTR8C9D459DD2,CUST100077929,Month-to-Month,2017-10-22,0,,True,Expired
CTR4707611CBA,CUST100062565,Fixed Term,2020-11-12,0,,False,Active
CTRE14871B76D,CUST100032209,Fixed Term,2024-08-07,0,,False,Expired
CTR0B65BF4344,CUST100033573,Fixed Term,2015-02-28,24,2017-02-28,True,Active
CTR9FD2981E77,CUST100090977,Fixed Term,2017-07-07,12,2018-07-07,True,Active
CTR4A217CEA51,CUST100011730,Fixed Term,2019-09-01,0,,False,Expired
CTR12365D6D8C,CUST100000977,Month-to-Month,2021-09-27,12,2022-09-27,True,Expired
CTRFA5B0BA5E5,CUST100010916,Enterprise SLA,2016-08-10,24,2018-08-10,True,Active
CTRE933E2296F,CUST100097948,Fixed Term,2021-09-16,24,2023-09-16,False,Active
CTR06CF31FA75,CUST100097920,Fixed Term,2023-08-29,12,2024-08-29,True,Active
CTRE8D2E1A90D,CUST100034592,Month-to-Month,2022-10-14,0,,True,Active
CTR73548D5FB0,CUST100023939,Month-to-Month,2015-10-25,12,2016-10-25,False,Active
CTR1EEF7BF500,CUST100033030,Fixed Term,2023-12-13,0,,True,Active
CTR39129C6D62,CUST100034380,Month-to-Month,2023-05-15,12,2024-05-15,True,Active
CTR1856EFD388,CUST100090481,Fixed Term,2018-10-16,36,2021-10-16,True,Active
CTR6D0237937D,CUST100086969,Fixed Term,2020-09-30,24,2022-09-30,False,Active
CTR15006350CF,CUST100037563,Fixed Term,2015-02-10,24,2017-02-10,False,Active
CTR13A1E7F654,CUST100068098,Fixed Term,2015-09-16,0,,False,Expired
CTRBD6EF0FE24,CUST100053572,Month-to-Month,2016-06-08,36,2019-06-08,False,Active
CTRE80545A762,CUST100054584,Fixed Term,2023-08-22,24,2025-08-22,True,Active
CTR5A5F7AAEAB,CUST100085658,Month-to-Month,2015-10-21,24,2017-10-21,False,Active
CTRE69A39DB01,CUST100041019,Fixed Term,2018-11-26,24,2020-11-26,True,Active
CTR49D39D7409,CUST100066418,Month-to-Month,2015-03-10,12,2016-03-10,True,Active
CTR39E554B218,CUST100047155,Fixed Term,2019-04-22,12,2020-04-22,False,Active
CTR73CB00C31A,CUST100099853,Month-to-Month,2025-02-13,24,2027-02-13,False,Active
CTR4116F68D8D,CUST100057408,Month-to-Month,2020-08-06,0,,False,Active
CTRE019EBB792,CUST100016632,Fixed Term,2021-01-14,24,2023-01-14,True,Active
CTRDDF7EF8A42,CUST100055089,Month-to-Month,2025-11-09,24,2027-11-09,False,Terminated Early
CTR6A880BB509,CUST100043595,Month-to-Month,2018-01-23,0,,True,Active
CTR48B9EFF800,CUST100036178,Month-to-Month,2020-08-17,0,,True,Active
CTRB289A3D72F,CUST100090194,Fixed Term,2017-04-12,12,2018-04-12,False,Active
CTRE29B2967D6,CUST100023846,Month-to-Month,2024-04-01,24,2026-04-01,False,Active
CTR5D3ED12A7D,CUST100009992,Fixed Term,2016-04-24,24,2018-04-24,False,Active
CTRAD3CC9F0F1,CUST100016808,Fixed Term,2016-10-29,24,2018-10-29,False,Active
CTR2BAB1DB572,CUST100018995,Fixed Term,2019-07-16,0,,False,Active
CTRFF24C5621F,CUST100023843,Month-to-Month,2024-11-26,24,2026-11-26,False,Active
CTR6FC6642A49,CUST100007199,Fixed Term,2015-01-11,24,2017-01-11,False,Active
CTRD8705167A7,CUST100058358,Month-to-Month,2015-09-22,36,2018-09-22,False,Active
CTR6D7F851204,CUST100088187,Fixed Term,2022-05-28,24,2024-05-28,False,Active
CTR7C7E6AD300,CUST100072874,Fixed Term,2021-11-06,12,2022-11-06,False,Active
CTR001E015865,CUST100048416,Fixed Term,2018-06-01,12,2019-06-01,False,Active
CTR5C11ABCB86,CUST100042029,Fixed Term,2024-05-03,12,2025-05-03,True,Active
CTR4881E12FFC,CUST100035437,Month-to-Month,2023-01-17,24,2025-01-17,True,Active
CTRD56F9361E7,CUST100074634,Month-to-Month,2018-02-08,12,2019-02-08,False,Active
CTR56D394FE02,CUST100021338,Fixed Term,2020-02-06,12,2021-02-06,True,Active
CTR21BBBA7124,CUST100031367,Month-to-Month,2018-07-03,0,,True,Active
CTRD2F3CA64BC,CUST100067021,Fixed Term,2020-11-30,24,2022-11-30,False,Active
CTRA8D6EFA5EC,CUST100034202,Month-to-Month,2020-12-07,12,2021-12-07,False,Active
CTR13C63ED39D,CUST100038166,Fixed Term,2024-07-23,12,2025-07-23,True,Active
CTR3426D6EC76,CUST100047274,Fixed Term,2020-09-05,0,,False,Active
CTRB9EFA415E2,CUST100004353,Fixed Term,2015-01-15,0,,False,Pending Renewal
CTR1C22E8E58E,CUST100082698,Fixed Term,2023-04-17,36,2026-04-17,True,Active
CTR92DFE75614,CUST100013034,Fixed Term,2022-08-24,0,,True,Active
CTRE3DDCC6DA0,CUST100033795,Fixed Term,2022-11-10,0,,True,Active
CTR0DB1FC826A,CUST100047843,Fixed Term,2020-05-06,24,2022-05-06,False,Expired
CTR8A2B94883C,CUST100007982,Fixed Term,2018-03-04,24,2020-03-04,False,Active
CTRCC8A038EC0,CUST100080657,Month-to-Month,2024-05-01,36,2027-05-01,True,Active
CTRF555F859B2,CUST100039044,Fixed Term,2025-11-08,24,2027-11-08,True,Active
CTR7DFB72C6DD,CUST100093062,Month-to-Month,2021-01-06,24,2023-01-06,True,Active
CTRF2EFF162FB,CUST100005935,Month-to-Month,2022-02-06,24,2024-02-06,True,Active
CTRB1E0367779,CUST100096912,Fixed Term,2017-05-18,24,2019-05-18,True,Active
CTRE0B72FFDB7,CUST100052538,Month-to-Month,2025-12-03,0,,True,Terminated Early
CTRED5E4496D2,CUST100010827,Month-to-Month,2023-08-13,12,2024-08-13,True,Active
CTRDC3D24DA3F,CUST100065999,Month-to-Month,2017-08-25,12,2018-08-25,True,Terminated Early
CTR02FFE5B42D,CUST100084940,Month-to-Month,2021-07-13,0,,False,Active
CTR6A170A9127,CUST100018820,Fixed Term,2017-10-21,0,,True,Active
CTREF3B8EA1CE,CUST100034709,Month-to-Month,2020-08-29,0,,True,Terminated Early
CTR84CF7400B9,CUST100038728,Enterprise SLA,2016-07-20,0,,False,Active
CTR378540DA9E,CUST100013680,Month-to-Month,2020-08-07,0,,False,Active
CTRC1A1AC1FC2,CUST100024486,Fixed Term,2022-02-08,0,,True,Active
CTR8953A520EF,CUST100016699,Enterprise SLA,2018-05-13,0,,True,Active
CTR82C1F3823F,CUST100059657,Month-to-Month,2024-07-02,12,2025-07-02,True,Active
CTRF6AB464D2E,CUST100068945,Fixed Term,2019-01-08,12,2020-01-08,False,Active
CTR3E129AE807,CUST100005331,Fixed Term,2018-09-26,0,,False,Active
CTR58E9019388,CUST100027060,Fixed Term,2020-01-07,0,,False,Active
CTRAA99CE86F1,CUST100097747,Fixed Term,2023-04-07,0,,False,Expired
CTR96BAECE48F,CUST100072600,Fixed Term,2023-12-24,24,2025-12-24,True,Pending Renewal
CTR6EA0D6DAFD,CUST100053587,Fixed Term,2016-01-07,24,2018-01-07,True,Active
CTRF11F3F50DC,CUST100059650,Fixed Term,2025-06-20,12,2026-06-20,True,Active
CTR1E7395E7A9,CUST100032505,Fixed Term,2016-12-10,24,2018-12-10,True,Active
CTRDB3A194369,CUST100098787,Fixed Term,2024-11-11,12,2025-11-11,True,Active
CTR76778C0513,CUST100098978,Fixed Term,2023-03-21,12,2024-03-21,False,Expired
CTR5DA936E32C,CUST100039811,Month-to-Month,2016-08-12,0,,True,Active
CTRF6E26D712A,CUST100000555,Month-to-Month,2015-08-15,24,2017-08-15,True,Active
CTR09903F473D,CUST100020375,Fixed Term,2021-06-27,24,2023-06-27,False,Active
CTRA6A49486A6,CUST100000722,Enterprise SLA,2020-09-06,0,,False,Expired
CTR6D1939E1D4,CUST100040772,Month-to-Month,2024-06-19,24,2026-06-19,True,Expired
CTR27A7B8B09E,CUST100068252,Fixed Term,2018-06-23,24,2020-06-23,False,Pending Renewal
CTR6A753499D1,CUST100021857,Fixed Term,2020-12-20,24,2022-12-20,True,Active
CTR2027DE5363,CUST100093361,Fixed Term,2021-11-07,12,2022-11-07,False,Expired
CTR9F7DCC5619,CUST100008620,Fixed Term,2021-11-10,24,2023-11-10,True,Active
CTREC0ED71229,CUST100095542,Month-to-Month,2016-10-24,0,,True,Active
CTR6F942A7375,CUST100004179,Fixed Term,2021-04-11,24,2023-04-11,True,Active
CTRCF6935D1F7,CUST100042093,Enterprise SLA,2025-05-15,0,,False,Active
CTR8F53ADAE55,CUST100022870,Month-to-Month,2024-09-08,24,2026-09-08,True,Terminated Early
CTRB29C2F60F6,CUST100096856,Fixed Term,2016-09-29,0,,True,Terminated Early
CTR809E56AF01,CUST100092619,Fixed Term,2018-01-30,12,2019-01-30,True,Active
CTR52C0892FC8,CUST100075594,Fixed Term,2024-12-13,0,,False,Active
CTR9B255E6E66,CUST100053568,Fixed Term,2017-01-26,0,,False,Active
CTR12AF8B620F,CUST100096649,Enterprise SLA,2024-08-24,0,,True,Terminated Early
CTRC319A170AE,CUST100034756,Month-to-Month,2019-08-23,12,2020-08-23,True,Active
CTRCC77319B7B,CUST100080698,Month-to-Month,2023-02-22,0,,True,Active
CTRD5C5C7793C,CUST100071468,Month-to-Month,2024-07-09,0,,False,Active
CTR96E2082CAD,CUST100051030,Month-to-Month,2018-09-07,24,2020-09-07,False,Active
CTR147CAA0201,CUST100095604,Month-to-Month,2016-01-27,12,2017-01-27,True,Active
CTRD1BD82227A,CUST100005304,Month-to-Month,2016-11-24,24,2018-11-24,True,Active
CTRC2AE1577D3,CUST100077427,Month-to-Month,2018-12-16,24,2020-12-16,False,Active
CTR32566A8724,CUST100025301,Month-to-Month,2025-11-05,12,2026-11-05,False,Expired
CTR481A301A9B,CUST100015272,Month-to-Month,2019-12-20,0,,True,Active
CTR8D5C19D715,CUST100090136,Month-to-Month,2016-11-02,12,2017-11-02,True,Active
CTR53E7A20380,CUST100081964,Month-to-Month,2017-04-15,12,2018-04-15,True,Active
CTR45E844A204,CUST100084999,Fixed Term,2025-02-07,0,,True,Active
CTR991539EFD6,CUST100048553,Fixed Term,2024-06-07,24,2026-06-07,False,Active
CTR0F684C95CF,CUST100038568,Fixed Term,2019-04-24,24,2021-04-24,True,Active
CTR82B8118ECB,CUST100037269,Month-to-Month,2017-03-21,12,2018-03-21,False,Active
CTR34A9D4FEF6,CUST100071445,Fixed Term,2021-03-30,24,2023-03-30,True,Terminated Early
CTRAE02E3FA30,CUST100059643,Fixed Term,2022-09-14,0,,True,Active
CTRB66BB86CC5,CUST100039714,Fixed Term,2018-09-05,0,,True,Active
CTR94718FD978,CUST100081789,Enterprise SLA,2022-02-15,12,2023-02-15,True,Active
CTRBAE0481F5E,CUST100068184,Month-to-Month,2017-04-05,24,2019-04-05,False,Terminated Early
CTRA42F11EF7D,CUST100083663,Month-to-Month,2024-04-11,0,,False,Active
CTR7F80BF3608,CUST100027428,Fixed Term,2015-11-27,12,2016-11-27,True,Active
CTRFD0DA24B66,CUST100009786,Month-to-Month,2018-06-06,0,,True,Active
CTR4B0AC67F0D,CUST100045524,Fixed Term,2022-10-26,0,,True,Active
CTRBCEC0501E2,CUST100091353,Month-to-Month,2022-12-29,0,,True,Active
CTRA73226FAE2,CUST100069284,Fixed Term,2015-12-08,12,2016-12-08,True,Active
CTR9F1327EC94,CUST100030874,Month-to-Month,2021-12-30,12,2022-12-30,True,Active
CTR8E9481AA9D,CUST100020064,Month-to-Month,2024-01-05,12,2025-01-05,True,Pending Renewal
CTR2B0DB328CA,CUST100027498,Month-to-Month,2022-06-06,12,2023-06-06,True,Active
CTRDAE0042BE0,CUST100075359,Month-to-Month,2020-01-05,24,2022-01-05,False,Active
CTR64E1A51171,CUST100086716,Fixed Term,2025-05-16,24,2027-05-16,True,Pending Renewal
CTR35CABB47A9,CUST100061551,Fixed Term,2023-09-23,0,,True,Expired
CTR082E116CEA,CUST100063071,Month-to-Month,2022-11-16,24,2024-11-16,True,Active
CTRAE2EA017E0,CUST100093368,Month-to-Month,2025-11-25,12,2026-11-25,True,Active
CTR6C7DB15B23,CUST100059400,Fixed Term,2016-09-13,12,2017-09-13,True,Pending Renewal
CTR944BA32F6D,CUST100062614,Month-to-Month,2023-11-13,24,2025-11-13,True,Active
CTR786E90E5AF,CUST100066955,Month-to-Month,2019-02-13,0,,False,Active
CTR264385A055,CUST100071879,Enterprise SLA,2022-06-11,36,2025-06-11,False,Active
CTR4B397676D4,CUST100021960,Fixed Term,2025-07-31,12,2026-07-31,False,Active
CTR2C4BE322B6,CUST100075915,Enterprise SLA,2017-11-01,12,2018-11-01,True,Active
CTR6B7518ABAF,CUST100098132,Fixed Term,2021-12-12,24,2023-12-12,False,Terminated Early
CTR772B2AA733,CUST100016528,Fixed Term,2025-06-10,24,2027-06-10,True,Expired
CTR8BBE3AE5E1,CUST100035101,Month-to-Month,2015-03-25,12,2016-03-25,True,Terminated Early
CTR11DD147F55,CUST100099698,Fixed Term,2024-02-16,24,2026-02-16,True,Active
CTR9365952DC7,CUST100085019,Month-to-Month,2015-01-01,0,,True,Active
CTR830F9FEC45,CUST100033011,Fixed Term,2023-08-03,12,2024-08-03,False,Active
CTRDF0F96185E,CUST100063629,Fixed Term,2016-08-22,24,2018-08-22,False,Active
CTR9A6DA8C576,CUST100059527,Month-to-Month,2021-10-25,24,2023-10-25,False,Active
CTR375C01C499,CUST100052625,Fixed Term,2022-05-02,0,,True,Active
CTRC4C6D16D9A,CUST100030562,Month-to-Month,2016-09-10,0,,True,Active
CTRBE1FCB630C,CUST100021325,Fixed Term,2016-01-17,12,2017-01-17,True,Active
CTREEA3869DBA,CUST100087785,Month-to-Month,2024-02-14,12,2025-02-14,False,Active
CTR96A865021A,CUST100068395,Fixed Term,2017-04-15,24,2019-04-15,False,Active
CTR4EB29C8B75,CUST100002751,Fixed Term,2017-02-18,12,2018-02-18,False,Terminated Early
CTR533F5E060A,CUST100077371,Fixed Term,2023-04-15,0,,True,Pending Renewal
CTRCE2BF1BC59,CUST100055815,Month-to-Month,2018-09-08,0,,True,Active
CTR070C9747E3,CUST100051105,Month-to-Month,2016-02-26,36,2019-02-26,True,Active
CTR1612A322B1,CUST100096517,Month-to-Month,2024-08-23,24,2026-08-23,True,Active
CTR5FFD5D375C,CUST100036664,Fixed Term,2016-04-24,24,2018-04-24,True,Expired
CTR672EA44D30,CUST100068438,Month-to-Month,2018-01-30,12,2019-01-30,True,Active
CTRE4ECC52B34,CUST100013970,Fixed Term,2016-07-24,12,2017-07-24,True,Active
CTRD871881BF4,CUST100011170,Month-to-Month,2019-05-06,0,,True,Active
CTR757AEBCBAE,CUST100028537,Fixed Term,2024-10-15,12,2025-10-15,False,Terminated Early
CTRE060344231,CUST100023512,Fixed Term,2023-12-04,12,2024-12-04,False,Active
CTRAF2ACD2F4A,CUST100034510,Fixed Term,2021-05-04,24,2023-05-04,False,Active
CTRC08ED03718,CUST100020844,Fixed Term,2023-05-05,0,,True,Active
CTR140D27EFA8,CUST100014841,Month-to-Month,2023-11-09,24,2025-11-09,True,Active
CTRA2D5B1B561,CUST100041490,Fixed Term,2021-05-15,24,2023-05-15,True,Active
CTR90E95B84E5,CUST100067582,Fixed Term,2017-03-04,0,,False,Active
CTR4682CF37F4,CUST100041662,Fixed Term,2021-08-19,24,2023-08-19,False,Active
CTRE121DA1BFB,CUST100069944,Month-to-Month,2020-10-29,0,,True,Active
CTR33E6B5A2A9,CUST100099572,Fixed Term,2019-10-05,24,2021-10-05,True,Active
CTR2D7F3BE77F,CUST100008955,Fixed Term,2019-08-21,24,2021-08-21,True,Active
CTRBD3F4BB01D,CUST100026756,Fixed Term,2023-08-15,24,2025-08-15,False,Active
CTR2BBD9F4943,CUST100034513,Fixed Term,2025-05-24,24,2027-05-24,False,Active
CTR8D5059D506,CUST100008672,Fixed Term,2015-02-06,24,2017-02-06,True,Active
CTR0CE81EA0EF,CUST100072550,Month-to-Month,2024-10-09,0,,False,Active
CTRCB340DFC90,CUST100063304,Month-to-Month,2020-03-07,0,,True,Active
CTR2CAFD1E99F,CUST100029809,Month-to-Month,2018-02-17,12,2019-02-17,True,Active
CTRF3CF0A2931,CUST100011466,Month-to-Month,2021-10-29,24,2023-10-29,False,Active
CTRDC50861841,CUST100035638,Fixed Term,2015-02-09,24,2017-02-09,False,Expired
CTRC4F0F7CB9E,CUST100067537,Month-to-Month,2017-05-29,12,2018-05-29,True,Active
CTR4BBF2515E5,CUST100078730,Fixed Term,2018-11-22,24,2020-11-22,False,Pending Renewal
CTREA40074286,CUST100087525,Fixed Term,2021-11-03,0,,False,Terminated Early
CTR136D296279,CUST100032676,Fixed Term,2019-06-12,24,2021-06-12,False,Terminated Early
CTR19F29609F2,CUST100041956,Fixed Term,2020-08-20,24,2022-08-20,True,Active
CTRABE702142E,CUST100004750,Month-to-Month,2017-07-12,12,2018-07-12,True,Active
CTR1E9839877B,CUST100029443,Fixed Term,2020-03-25,0,,False,Expired
CTR859AE4E94C,CUST100074293,Fixed Term,2023-06-12,0,,False,Active
CTRB74951E6D9,CUST100068953,Fixed Term,2022-09-27,24,2024-09-27,True,Terminated Early
CTR780807F764,CUST100062488,Fixed Term,2020-07-02,12,2021-07-02,False,Active
CTR2274E5B520,CUST100070782,Fixed Term,2018-12-08,12,2019-12-08,True,Active
CTRAEAA9FE04B,CUST100088667,Month-to-Month,2025-02-01,12,2026-02-01,True,Active
CTRCD3502C0BB,CUST100003781,Fixed Term,2021-01-26,24,2023-01-26,False,Pending Renewal
CTRA8370EC342,CUST100079948,Fixed Term,2022-07-28,0,,True,Active
CTR4D0C051DBE,CUST100052582,Fixed Term,2019-03-24,12,2020-03-24,False,Expired
CTR7D07C13175,CUST100014650,Month-to-Month,2020-07-10,24,2022-07-10,True,Active
CTR2E048AD140,CUST100012707,Fixed Term,2025-09-28,24,2027-09-28,True,Active
CTR26A2E2A2E6,CUST100031939,Fixed Term,2021-06-03,24,2023-06-03,True,Terminated Early
CTR5595BD81C7,CUST100072809,Month-to-Month,2022-04-27,24,2024-04-27,False,Expired
CTR1AEC763AC2,CUST100002886,Month-to-Month,2020-08-05,12,2021-08-05,False,Expired
CTR2A9C2CE1C6,CUST100060297,Enterprise SLA,2017-10-28,12,2018-10-28,True,Active
CTR179F37A04C,CUST100062178,Fixed Term,2021-03-01,24,2023-03-01,True,Active
CTR0A06F6BBB0,CUST100004081,Fixed Term,2020-07-11,24,2022-07-11,True,Active
CTRFCA9039931,CUST100073208,Month-to-Month,2020-05-23,12,2021-05-23,True,Active
CTR05A0F635F6,CUST100088738,Month-to-Month,2016-08-19,0,,True,Active
CTR2D202BF78A,CUST100057089,Fixed Term,2018-03-11,12,2019-03-11,True,Terminated Early
CTR7D0DDA755E,CUST100051033,Month-to-Month,2020-08-28,0,,False,Pending Renewal
CTRA9C70A4439,CUST100036073,Month-to-Month,2016-12-05,0,,False,Active
CTR8F6C21306F,CUST100027125,Month-to-Month,2022-10-27,24,2024-10-27,False,Expired
CTR40E0B793EC,CUST100037573,Enterprise SLA,2017-02-04,0,,True,Active
CTRC03074B9F1,CUST100086596,Fixed Term,2022-03-02,24,2024-03-02,False,Active
CTR78DCD13872,CUST100033313,Month-to-Month,2023-06-14,36,2026-06-14,False,Expired
CTR9E76F91283,CUST100012792,Fixed Term,2020-08-25,24,2022-08-25,True,Active
CTRA3B0DFEAA9,CUST100048496,Fixed Term,2020-05-10,0,,False,Active
CTRA368FB28A4,CUST100046490,Month-to-Month,2021-05-04,24,2023-05-04,True,Expired
CTRBF59CA879E,CUST100051812,Fixed Term,2025-10-25,24,2027-10-25,False,Pending Renewal
CTR7C9E168E99,CUST100044493,Month-to-Month,2021-01-20,0,,True,Active
CTRF4095C3CE6,CUST100028734,Enterprise SLA,2015-02-04,12,2016-02-04,False,Active
CTR422E28E4F0,CUST100056198,Fixed Term,2017-07-24,0,,True,Active
CTR3B05613BC3,CUST100016027,Month-to-Month,2022-04-26,0,,False,Active
CTRABBABA2165,CUST100088908,Month-to-Month,2015-08-03,24,2017-08-03,True,Active
CTR27B7A6EE1B,CUST100020393,Fixed Term,2020-12-24,24,2022-12-24,False,Active
CTRD72A99279F,CUST100024780,Fixed Term,2024-03-22,12,2025-03-22,True,Active
CTR5F362E124A,CUST100082043,Fixed Term,2025-08-23,0,,True,Active
CTR05347EAE08,CUST100011377,Fixed Term,2024-10-08,12,2025-10-08,False,Active
CTR3CBC9CF002,CUST100020658,Fixed Term,2024-07-08,24,2026-07-08,True,Active
CTR6375E27E75,CUST100059591,Enterprise SLA,2025-09-18,12,2026-09-18,False,Active
CTRDB6DD1A8FE,CUST100062414,Fixed Term,2022-09-06,12,2023-09-06,True,Active
CTR0C3270074C,CUST100083001,Month-to-Month,2020-05-29,0,,True,Terminated Early
CTR49FBFA7A0A,CUST100061580,Month-to-Month,2025-06-27,0,,False,Terminated Early
CTR3431C29B81,CUST100044010,Fixed Term,2021-05-20,24,2023-05-20,True,Expired
CTRDD86875947,CUST100004535,Fixed Term,2025-03-03,36,2028-03-03,False,Terminated Early
CTR443B72E61F,CUST100040980,Fixed Term,2015-12-12,24,2017-12-12,True,Active
CTR8D6862EFC9,CUST100031069,Month-to-Month,2024-11-07,24,2026-11-07,True,Active
CTR4174D1EDE0,CUST100092781,Month-to-Month,2024-06-30,24,2026-06-30,False,Terminated Early
CTR287835F52A,CUST100009953,Fixed Term,2015-10-21,24,2017-10-21,True,Active
CTRFCA9414743,CUST100080637,Month-to-Month,2021-06-11,36,2024-06-11,True,Active
CTR5A6BB7F890,CUST100012742,Fixed Term,2023-03-16,24,2025-03-16,False,Expired
CTRE4A54B7ED2,CUST100070966,Fixed Term,2021-10-30,24,2023-10-30,True,Active
CTREB9C9F3A34,CUST100037580,Month-to-Month,2015-12-11,12,2016-12-11,False,Expired
CTR1FA1FAAE2A,CUST100005231,Fixed Term,2015-02-10,0,,False,Active
CTR6B29C685D0,CUST100006644,Fixed Term,2023-04-26,0,,True,Terminated Early
CTRAAAD9A0A80,CUST100026180,Fixed Term,2021-03-05,24,2023-03-05,True,Active
CTR33B005F938,CUST100036941,Fixed Term,2022-05-01,12,2023-05-01,True,Active
CTR789CAE5B80,CUST100030468,Month-to-Month,2020-05-03,12,2021-05-03,True,Active
CTRA1B6B58CF1,CUST100020871,Fixed Term,2022-07-28,24,2024-07-28,False,Active
CTRA6FFE19282,CUST100067727,Fixed Term,2024-06-04,24,2026-06-04,True,Expired
CTREB8F516589,CUST100010261,Fixed Term,2022-05-21,0,,False,Terminated Early
CTR21BF4A0022,CUST100069140,Fixed Term,2017-10-03,24,2019-10-03,True,Pending Renewal
CTR5F779D70B3,CUST100053266,Enterprise SLA,2019-03-22,36,2022-03-22,True,Active
CTR2CCE062234,CUST100067709,Fixed Term,2024-07-26,24,2026-07-26,False,Active
CTRC0F419F35D,CUST100001681,Fixed Term,2024-02-20,0,,False,Active
CTRA9F72C0613,CUST100028055,Fixed Term,2016-08-23,24,2018-08-23,True,Active
CTR83A55B3B4F,CUST100008405,Fixed Term,2021-04-25,24,2023-04-25,True,Terminated Early
CTR5E2A118DA3,CUST100072867,Month-to-Month,2019-12-06,0,,False,Active
CTR82D533E833,CUST100036876,Month-to-Month,2018-10-02,24,2020-10-02,True,Active
CTR4D46837C35,CUST100066244,Fixed Term,2016-06-11,24,2018-06-11,False,Active
CTRA77FA42A86,CUST100089977,Fixed Term,2015-05-15,0,,True,Pending Renewal
CTR74F6769761,CUST100058211,Month-to-Month,2017-08-13,12,2018-08-13,True,Expired
CTR2290C8B025,CUST100093194,Fixed Term,2017-10-16,24,2019-10-16,True,Active
CTRB3D20E1F6A,CUST100009088,Month-to-Month,2019-09-10,0,,True,Active
CTR341A77B818,CUST100052234,Month-to-Month,2022-07-19,12,2023-07-19,True,Active
CTR883894E391,CUST100028421,Month-to-Month,2021-09-10,12,2022-09-10,False,Pending Renewal
CTR86BF5DE6CF,CUST100040757,Fixed Term,2025-09-19,24,2027-09-19,True,Active
CTR224D99F303,CUST100053295,Fixed Term,2017-09-06,24,2019-09-06,False,Active
CTRFC6C493DD5,CUST100013626,Fixed Term,2023-12-05,24,2025-12-05,False,Active
CTR3E86592803,CUST100072493,Month-to-Month,2025-12-30,12,2026-12-30,False,Active
CTRCC191FD5E1,CUST100012176,Fixed Term,2022-11-10,0,,True,Active
CTRF401DA773F,CUST100037919,Fixed Term,2019-12-28,24,2021-12-28,True,Active
CTR0CCC8F79C0,CUST100058146,Month-to-Month,2022-12-16,0,,False,Terminated Early
CTRE246809173,CUST100001782,Month-to-Month,2018-08-07,24,2020-08-07,False,Pending Renewal
CTRA7FB88DF90,CUST100016507,Month-to-Month,2015-07-26,12,2016-07-26,False,Active
CTR96C302E13C,CUST100081747,Enterprise SLA,2016-08-29,12,2017-08-29,True,Active
CTR774D939FC0,CUST100006193,Month-to-Month,2022-09-17,0,,True,Active
CTRCA578257E5,CUST100029120,Month-to-Month,2025-11-17,36,2028-11-17,True,Expired
CTR69518FF549,CUST100071913,Month-to-Month,2020-03-01,0,,True,Active
CTR37A309C8F7,CUST100012950,Fixed Term,2019-11-06,12,2020-11-06,False,Active
CTR69A90E31EE,CUST100015092,Month-to-Month,2020-10-27,12,2021-10-27,False,Active
CTRC0AA4C5CB3,CUST100099139,Fixed Term,2024-02-01,0,,False,Active
CTR88C0D3E56D,CUST100089899,Fixed Term,2016-08-05,12,2017-08-05,False,Active
CTRDDEAC5B8A7,CUST100026214,Fixed Term,2025-02-16,24,2027-02-16,True,Active
CTR1B48BA2AB6,CUST100075151,Month-to-Month,2017-07-31,24,2019-07-31,True,Active
CTR7E9FB40083,CUST100064441,Month-to-Month,2024-08-03,24,2026-08-03,True,Active
CTR7B58984A9B,CUST100053194,Month-to-Month,2023-02-04,24,2025-02-04,False,Pending Renewal
CTR3BF87A90D4,CUST100056805,Fixed Term,2025-07-09,12,2026-07-09,False,Terminated Early
CTR9B6EA96DDC,CUST100093736,Month-to-Month,2018-09-11,0,,True,Active
CTR1ADAED20FA,CUST100063317,Fixed Term,2024-11-25,24,2026-11-25,True,Active
CTR5EEED6C205,CUST100015174,Month-to-Month,2025-05-22,12,2026-05-22,True,Expired
CTR335AE7DF05,CUST100041909,Fixed Term,2015-07-14,0,,False,Active
CTRCA2902AC85,CUST100069052,Month-to-Month,2017-07-18,12,2018-07-18,True,Terminated Early
CTR26E779FF82,CUST100048027,Month-to-Month,2017-08-04,24,2019-08-04,False,Active
CTR74D288CB34,CUST100037392,Fixed Term,2017-10-19,12,2018-10-19,True,Active
CTRB677B23BB8,CUST100085978,Fixed Term,2022-12-16,24,2024-12-16,False,Active
CTRC7C954BCE9,CUST100055574,Fixed Term,2023-04-28,12,2024-04-28,False,Active
CTRD20AC3C2DB,CUST100072664,Month-to-Month,2015-07-17,12,2016-07-17,False,Active
CTR56DE382614,CUST100024472,Fixed Term,2024-01-16,24,2026-01-16,True,Active
CTRB174C75A74,CUST100042054,Enterprise SLA,2020-02-25,24,2022-02-25,True,Active
CTR7A059BDFA7,CUST100049369,Fixed Term,2018-11-18,0,,True,Terminated Early
CTRC131FB37B3,CUST100089827,Month-to-Month,2016-03-27,12,2017-03-27,True,Active
CTRF7BE637ABA,CUST100099703,Fixed Term,2022-07-18,0,,False,Active
CTRA4CDE57FFD,CUST100078667,Fixed Term,2023-08-31,0,,False,Active
CTR4503808563,CUST100079757,Month-to-Month,2018-02-03,0,,False,Active
CTRDA9897B88E,CUST100017492,Fixed Term,2021-06-27,12,2022-06-27,True,Expired
CTRF8D2DDA1AB,CUST100019190,Fixed Term,2019-12-20,0,,False,Active
CTR5CCB25D7FF,CUST100092675,Fixed Term,2025-08-27,12,2026-08-27,True,Active
CTR452968F9A0,CUST100052285,Month-to-Month,2017-09-10,36,2020-09-10,True,Active
CTRDD0ED026DB,CUST100046441,Month-to-Month,2020-01-16,12,2021-01-16,True,Active
CTRA0F8806822,CUST100053259,Month-to-Month,2019-04-03,0,,False,Active
CTR0C319CBFC0,CUST100036827,Fixed Term,2020-08-15,24,2022-08-15,True,Expired
CTR2C74F02E73,CUST100007936,Fixed Term,2019-02-26,12,2020-02-26,True,Active
CTR8BD8726433,CUST100067328,Month-to-Month,2022-09-08,24,2024-09-08,True,Terminated Early
CTR7BBC2DFACC,CUST100032051,Month-to-Month,2016-04-05,12,2017-04-05,False,Active
CTR59CBF746B5,CUST100076766,Month-to-Month,2015-03-08,0,,True,Active
CTRCF3C674E32,CUST100029676,Month-to-Month,2024-01-31,0,,False,Expired
CTR322BCAEA8C,CUST100059187,Fixed Term,2016-12-13,12,2017-12-13,True,Pending Renewal
CTR1AADA957E3,CUST100002334,Month-to-Month,2024-06-08,12,2025-06-08,True,Active
CTRED19317573,CUST100096062,Fixed Term,2016-04-06,12,2017-04-06,True,Active
CTRF6E58D7965,CUST100089181,Fixed Term,2020-11-02,36,2023-11-02,True,Expired
CTR55C0005443,CUST100048716,Fixed Term,2020-02-23,12,2021-02-23,False,Active
CTR107E562D53,CUST100099532,Fixed Term,2024-02-26,12,2025-02-26,True,Expired
CTR5C62C1B40F,CUST100006168,Fixed Term,2018-01-09,36,2021-01-09,False,Active
CTR2B33C10154,CUST100076719,Fixed Term,2023-02-02,12,2024-02-02,True,Active
CTRFF14C2A390,CUST100083072,Fixed Term,2021-11-28,36,2024-11-28,True,Active
CTRF7D8D51DEB,CUST100023808,Fixed Term,2016-09-25,36,2019-09-25,True,Pending Renewal
CTR6F87DE5D62,CUST100021938,Fixed Term,2017-07-31,0,,True,Active
CTR67E5F76333,CUST100052247,Month-to-Month,2024-03-31,24,2026-03-31,False,Expired
CTR2C2D67E712,CUST100027342,Fixed Term,2019-06-18,24,2021-06-18,True,Terminated Early
CTRD9EA66C3DB,CUST100003553,Month-to-Month,2023-04-25,0,,True,Active
CTRA91D2FB6E0,CUST100056670,Month-to-Month,2019-05-23,12,2020-05-23,True,Expired
CTR09C2220280,CUST100048980,Fixed Term,2015-04-03,12,2016-04-03,True,Active
CTR837C1EEBB6,CUST100073083,Fixed Term,2015-09-05,0,,True,Active
CTRB82A9951E9,CUST100000482,Fixed Term,2017-09-22,12,2018-09-22,False,Active
CTR0D4E984B4C,CUST100075656,Enterprise SLA,2024-08-05,24,2026-08-05,False,Expired
CTRF64E87E56E,CUST100063605,Month-to-Month,2023-12-10,12,2024-12-10,False,Active
CTR083D9D0C38,CUST100020332,Month-to-Month,2020-03-24,24,2022-03-24,True,Active
CTR190F4FDCEF,CUST100000598,Month-to-Month,2019-08-18,0,,True,Terminated Early
CTR3C1F498228,CUST100084695,Fixed Term,2017-09-10,0,,False,Active
CTRFF5057FDB1,CUST100034523,Fixed Term,2015-07-08,12,2016-07-08,False,Active
CTR334F22C063,CUST100079119,Fixed Term,2024-12-29,24,2026-12-29,True,Active
CTR9ED4DAA212,CUST100072588,Month-to-Month,2020-12-27,12,2021-12-27,True,Active
CTRE4DF4CC647,CUST100026112,Fixed Term,2025-08-29,0,,True,Active
CTRB5D9D245B0,CUST100044079,Month-to-Month,2019-03-03,0,,True,Active
CTR737FCA9C17,CUST100091723,Month-to-Month,2017-03-05,0,,True,Active
CTRE412408737,CUST100063905,Month-to-Month,2025-09-21,24,2027-09-21,True,Expired
CTRE3D0220453,CUST100069160,Month-to-Month,2024-04-19,24,2026-04-19,True,Terminated Early
CTR44F578E284,CUST100039245,Fixed Term,2023-06-18,24,2025-06-18,False,Active
CTRBC8C941AED,CUST100040119,Month-to-Month,2021-03-12,24,2023-03-12,False,Active
CTR88197390D5,CUST100038726,Fixed Term,2017-04-28,0,,True,Active
CTR94CB700115,CUST100014181,Month-to-Month,2018-05-16,0,,False,Active
CTRBAB1B78F92,CUST100071891,Fixed Term,2020-11-09,0,,False,Active
CTR402047F47A,CUST100097030,Fixed Term,2025-02-03,0,,False,Pending Renewal
CTRE399316D73,CUST100029499,Fixed Term,2020-09-17,12,2021-09-17,False,Active
CTR93B20B62BC,CUST100018318,Fixed Term,2016-12-29,0,,True,Active
CTR2882230B40,CUST100076265,Month-to-Month,2025-11-24,24,2027-11-24,True,Active
CTR9A479BBBB3,CUST100023291,Fixed Term,2022-03-08,0,,True,Pending Renewal
CTR266C5FEBD6,CUST100042260,Fixed Term,2020-05-22,12,2021-05-22,True,Expired
CTRFD4635CAD0,CUST100064062,Month-to-Month,2025-03-07,24,2027-03-07,True,Active
CTR9318C61837,CUST100036312,Month-to-Month,2015-06-26,12,2016-06-26,True,Active
CTR02C31DD7F3,CUST100078698,Fixed Term,2020-11-09,24,2022-11-09,True,Active
CTRBE3F8FB6DC,CUST100064251,Month-to-Month,2020-11-18,0,,True,Expired
CTR35CF8DC331,CUST100084374,Month-to-Month,2015-06-01,12,2016-06-01,False,Expired
CTRDA99D32853,CUST100056071,Fixed Term,2019-05-02,0,,True,Expired
CTR84EDECFAEC,CUST100018142,Month-to-Month,2016-02-08,0,,False,Active
CTREB0B9C52F9,CUST100010268,Month-to-Month,2016-04-21,24,2018-04-21,False,Expired
CTR31089C7F51,CUST100039329,Fixed Term,2024-01-19,24,2026-01-19,True,Active
CTR417A774FBE,CUST100038037,Fixed Term,2016-04-01,24,2018-04-01,False,Active
CTR3A22F3629D,CUST100081943,Month-to-Month,2019-10-06,0,,True,Active
CTR408EF0D196,CUST100027243,Fixed Term,2015-12-13,0,,False,Active
CTRE9EF95D1B6,CUST100066593,Fixed Term,2018-11-27,12,2019-11-27,False,Active
CTR7195D8B4A8,CUST100044017,Fixed Term,2019-10-20,0,,True,Pending Renewal
CTR661F7DE03D,CUST100090321,Fixed Term,2019-06-23,24,2021-06-23,False,Active
CTR0E5BA5718E,CUST100036353,Fixed Term,2020-02-11,12,2021-02-11,False,Active
CTRC24DB6594C,CUST100063789,Month-to-Month,2019-06-22,0,,True,Expired
CTR7FEFC7A6DF,CUST100039374,Month-to-Month,2020-01-31,24,2022-01-31,False,Active
CTR23848FE922,CUST100022934,Month-to-Month,2015-07-05,24,2017-07-05,True,Active
CTR1B2DB94D7D,CUST100042735,Fixed Term,2023-08-09,0,,True,Terminated Early
CTR3FE0829C44,CUST100071160,Month-to-Month,2019-06-08,24,2021-06-08,True,Active
CTRB4CD64807E,CUST100032597,Fixed Term,2024-12-11,12,2025-12-11,False,Active
CTR7B50AACEC4,CUST100096744,Enterprise SLA,2025-11-11,0,,True,Active
CTR3A380452A7,CUST100089790,Month-to-Month,2018-12-01,12,2019-12-01,True,Active
CTRF2DE2BF688,CUST100066048,Fixed Term,2024-08-03,24,2026-08-03,False,Active
CTR91F81AEA76,CUST100071906,Month-to-Month,2017-06-28,24,2019-06-28,True,Active
CTR786180E884,CUST100006352,Month-to-Month,2016-10-17,24,2018-10-17,True,Active
CTR9B80BD983E,CUST100024381,Fixed Term,2015-10-08,12,2016-10-08,False,Expired
CTR5E8A003CBA,CUST100023399,Fixed Term,2020-03-02,0,,False,Active
CTR5BA92CB698,CUST100046466,Month-to-Month,2022-07-10,0,,True,Active
CTRB6E1AB72E6,CUST100063568,Enterprise SLA,2016-08-18,24,2018-08-18,True,Active
CTRAA4EC1BB9E,CUST100065377,Enterprise SLA,2022-10-01,24,2024-10-01,False,Expired
CTR0BBD46CC1E,CUST100053960,Fixed Term,2018-08-21,0,,True,Active
CTR7E2F834B03,CUST100093801,Fixed Term,2016-11-11,36,2019-11-11,False,Active
CTR38D85D7C9C,CUST100030465,Month-to-Month,2023-03-22,36,2026-03-22,False,Active
CTR7986EF83A5,CUST100068897,Month-to-Month,2024-05-08,24,2026-05-08,True,Active
CTR76F44860EA,CUST100008305,Month-to-Month,2022-07-08,24,2024-07-08,True,Active
CTR33B4BCC6E4,CUST100081627,Fixed Term,2016-01-12,0,,True,Active
CTR238B85EB73,CUST100000533,Month-to-Month,2025-12-26,0,,False,Active
CTR975DC2A70D,CUST100035125,Fixed Term,2020-01-27,0,,False,Active
CTRBD8CDC7B95,CUST100036565,Enterprise SLA,2025-06-17,12,2026-06-17,True,Active
CTR2E8EC876E4,CUST100053370,Month-to-Month,2020-10-18,24,2022-10-18,True,Active
CTR76C2FE134F,CUST100001362,Fixed Term,2025-06-16,24,2027-06-16,False,Terminated Early
CTR32090E6899,CUST100042613,Month-to-Month,2025-04-14,24,2027-04-14,True,Active
CTR2A7B2C82C2,CUST100001088,Month-to-Month,2018-09-11,24,2020-09-11,True,Terminated Early
CTR63B6F91FBA,CUST100089172,Fixed Term,2020-06-17,0,,False,Active
CTR3C63C652A6,CUST100029406,Month-to-Month,2021-01-23,24,2023-01-23,False,Active
CTR229BCE3A70,CUST100006883,Fixed Term,2016-05-03,12,2017-05-03,False,Active
CTR729C897453,CUST100086975,Fixed Term,2024-08-15,12,2025-08-15,True,Expired
CTR653B5C8647,CUST100030723,Fixed Term,2024-08-05,0,,False,Active
CTR443A61C7D1,CUST100003627,Fixed Term,2019-01-20,24,2021-01-20,True,Expired
CTRDB909D17AB,CUST100098829,Month-to-Month,2019-11-14,24,2021-11-14,False,Active
CTR9151CF9C78,CUST100006546,Fixed Term,2018-07-16,0,,False,Active
CTR2197885826,CUST100028159,Month-to-Month,2020-06-20,24,2022-06-20,True,Active
CTR62D3A0BDAE,CUST100073109,Month-to-Month,2015-12-03,24,2017-12-03,True,Active
CTR1FBD4A51F4,CUST100009563,Month-to-Month,2017-01-23,24,2019-01-23,False,Active
CTRA99E3909EA,CUST100030845,Enterprise SLA,2017-01-23,12,2018-01-23,True,Pending Renewal
CTREDBA571E93,CUST100000009,Fixed Term,2021-11-08,12,2022-11-08,True,Active
CTRB42CEBB904,CUST100045815,Fixed Term,2018-08-14,24,2020-08-14,True,Active
CTR1733505F85,CUST100000853,Fixed Term,2017-01-31,12,2018-01-31,False,Active
CTR3F909AC9A9,CUST100032565,Month-to-Month,2017-11-02,0,,False,Expired
CTRA5347334C2,CUST100098251,Fixed Term,2024-03-24,24,2026-03-24,True,Active
CTREB49072DEF,CUST100003229,Month-to-Month,2022-06-11,12,2023-06-11,False,Active
CTR483533713D,CUST100081618,Fixed Term,2018-08-30,12,2019-08-30,True,Active
CTR016446038E,CUST100050638,Fixed Term,2024-11-11,24,2026-11-11,True,Active
CTRBC1A7B3E71,CUST100045862,Month-to-Month,2023-04-25,12,2024-04-25,True,Active
CTRE3FF83D9FE,CUST100094303,Fixed Term,2023-09-09,24,2025-09-09,True,Active
CTR51A453F335,CUST100059236,Month-to-Month,2020-08-14,0,,True,Active
CTR0D6D631D53,CUST100036483,Month-to-Month,2022-04-26,24,2024-04-26,True,Active
CTR278C6547C2,CUST100082389,Month-to-Month,2025-01-19,12,2026-01-19,False,Active
CTR3F85FE005C,CUST100035122,Fixed Term,2015-06-12,24,2017-06-12,False,Active
CTR3B10976E04,CUST100076313,Fixed Term,2019-11-01,24,2021-11-01,True,Pending Renewal
CTR5A54392717,CUST100064714,Enterprise SLA,2020-02-12,36,2023-02-12,False,Active
CTR079385D1AB,CUST100077729,Fixed Term,2019-09-28,24,2021-09-28,True,Active
CTR73BF834996,CUST100009197,Fixed Term,2016-02-04,24,2018-02-04,True,Active
CTR2DFEE7BEBF,CUST100019191,Month-to-Month,2017-11-04,0,,True,Active
CTR0E4C06B456,CUST100027975,Fixed Term,2022-12-12,24,2024-12-12,False,Expired
CTRE8003C4C5F,CUST100005310,Fixed Term,2021-02-23,0,,True,Expired
CTR678A4229C9,CUST100047505,Month-to-Month,2025-05-22,12,2026-05-22,True,Active
CTR128F22F0B8,CUST100089228,Month-to-Month,2022-05-30,12,2023-05-30,False,Expired
CTRE052BDA56A,CUST100070360,Fixed Term,2022-08-18,12,2023-08-18,True,Terminated Early
CTR457914AB39,CUST100076691,Enterprise SLA,2017-08-13,0,,True,Terminated Early
CTRE56839005B,CUST100081284,Fixed Term,2022-07-27,12,2023-07-27,False,Active
CTR0F8F15E0A3,CUST100093106,Fixed Term,2018-10-29,12,2019-10-29,True,Active
CTR9E2B59D2E2,CUST100012037,Month-to-Month,2020-05-29,12,2021-05-29,True,Active
CTR8E67B3F1AE,CUST100073255,Month-to-Month,2016-03-25,12,2017-03-25,False,Active
CTR9B2E99A2FD,CUST100056011,Month-to-Month,2025-02-14,12,2026-02-14,True,Active
CTRE23FAB0FE8,CUST100096014,Fixed Term,2021-10-17,12,2022-10-17,True,Pending Renewal
CTR01DAC16314,CUST100092816,Month-to-Month,2017-03-10,0,,True,Terminated Early
CTR97A61CB35E,CUST100099642,Fixed Term,2021-05-21,24,2023-05-21,False,Active
CTRD768B88171,CUST100072239,Fixed Term,2017-01-30,12,2018-01-30,True,Active
CTRA5D6B19106,CUST100054999,Enterprise SLA,2018-03-21,0,,True,Active
CTR1560D80373,CUST100035602,Fixed Term,2023-12-12,24,2025-12-12,True,Terminated Early
CTR2C413EEDE4,CUST100022965,Month-to-Month,2018-03-27,0,,True,Active
CTR39DCBBC3AF,CUST100097829,Fixed Term,2021-01-17,12,2022-01-17,False,Expired
CTR7EC15EB90E,CUST100034762,Month-to-Month,2019-01-01,0,,False,Active
CTREA5F0DB8CD,CUST100015459,Fixed Term,2023-06-13,0,,False,Active
CTR462BABD7D3,CUST100048443,Month-to-Month,2018-11-10,24,2020-11-10,True,Expired
CTR86AFA7BFF8,CUST100009157,Fixed Term,2017-06-01,0,,True,Active
CTR0555505331,CUST100062331,Fixed Term,2023-03-24,24,2025-03-24,False,Active
CTRF651FA1AF0,CUST100081803,Enterprise SLA,2020-04-24,12,2021-04-24,True,Expired
CTRA1C9C0D71C,CUST100027640,Fixed Term,2021-05-28,24,2023-05-28,True,Active
CTR4308593CBA,CUST100080388,Month-to-Month,2020-08-20,0,,True,Active
CTR0732D3451C,CUST100097860,Month-to-Month,2018-02-01,24,2020-02-01,True,Active
CTRD53B162E4E,CUST100070202,Fixed Term,2025-11-03,0,,True,Expired
CTRB5CDA7A21A,CUST100022134,Month-to-Month,2020-01-05,24,2022-01-05,True,Active
CTRC5D34001B3,CUST100067241,Fixed Term,2020-07-28,0,,False,Expired
CTR8069507B98,CUST100007934,Fixed Term,2025-08-24,12,2026-08-24,True,Active
CTREB6698D42E,CUST100070443,Fixed Term,2016-01-04,12,2017-01-04,True,Active
CTR9D2D51F352,CUST100028657,Fixed Term,2024-10-12,24,2026-10-12,False,Active
CTRD53FF2BFCC,CUST100091351,Month-to-Month,2022-05-09,24,2024-05-09,True,Active
CTR7621102082,CUST100008383,Month-to-Month,2021-01-19,0,,False,Active
CTRAE2E23BE54,CUST100064885,Fixed Term,2022-08-23,0,,True,Active
CTR33B88B385C,CUST100026841,Month-to-Month,2020-02-11,0,,True,Terminated Early
CTR07E0991404,CUST100099729,Month-to-Month,2017-12-03,12,2018-12-03,True,Active
CTR31DEBBCAA8,CUST100036303,Fixed Term,2017-11-27,24,2019-11-27,False,Active
CTR868E4BC1A2,CUST100060173,Fixed Term,2025-04-13,0,,True,Active
CTR0C64F7049C,CUST100061338,Fixed Term,2018-02-08,0,,False,Active
CTR3995479201,CUST100013250,Month-to-Month,2022-01-20,0,,True,Active
CTR4CFEC5A907,CUST100040061,Month-to-Month,2022-06-07,0,,True,Active
CTRBD8F9D7567,CUST100028234,Fixed Term,2019-05-11,24,2021-05-11,True,Active
CTR1049EEE2F3,CUST100046071,Fixed Term,2015-08-15,0,,True,Expired
CTR4ED7E99CD3,CUST100024401,Month-to-Month,2019-02-20,0,,False,Active
CTRC97B9F9B5D,CUST100041053,Month-to-Month,2017-02-08,24,2019-02-08,True,Terminated Early
CTR1FC6944196,CUST100044464,Enterprise SLA,2019-01-17,12,2020-01-17,False,Expired
CTR8476780059,CUST100019215,Fixed Term,2017-08-22,12,2018-08-22,True,Expired
CTR20E55C6B22,CUST100088519,Month-to-Month,2021-07-23,12,2022-07-23,False,Active
CTRB45FD136B2,CUST100074900,Month-to-Month,2025-01-06,0,,False,Active
CTRD1D8D461D3,CUST100045973,Fixed Term,2016-03-07,0,,True,Expired
CTR572B5C67E0,CUST100068705,Month-to-Month,2023-12-23,0,,False,Active
CTRA45EBA9FB6,CUST100004932,Month-to-Month,2018-05-26,0,,True,Terminated Early
CTR83F11981BD,CUST100040683,Month-to-Month,2015-02-23,12,2016-02-23,True,Active
CTR5B7FC64070,CUST100056913,Fixed Term,2020-08-29,24,2022-08-29,True,Active
CTR5DEB53BC08,CUST100050855,Month-to-Month,2024-06-11,24,2026-06-11,True,Active
CTRC3E79B3F86,CUST100054449,Fixed Term,2025-05-02,24,2027-05-02,False,Active
CTR6DBFDC1CB8,CUST100027399,Fixed Term,2020-01-06,12,2021-01-06,False,Active
CTRC6066926B4,CUST100085931,Month-to-Month,2016-11-27,24,2018-11-27,True,Active
CTR57FF8C798F,CUST100092762,Fixed Term,2023-12-19,24,2025-12-19,True,Active
CTRB4E71C1EEF,CUST100014901,Fixed Term,2022-09-17,24,2024-09-17,False,Expired
CTRBC9644C1A1,CUST100019983,Enterprise SLA,2015-09-24,12,2016-09-24,True,Active
CTR31D705F91F,CUST100050951,Fixed Term,2015-07-03,24,2017-07-03,False,Active
CTR365A9C5DD3,CUST100071953,Fixed Term,2023-07-26,24,2025-07-26,True,Active
CTR9C7A2707D5,CUST100048398,Month-to-Month,2021-06-13,12,2022-06-13,True,Active
CTR6177D28C67,CUST100063564,Month-to-Month,2017-06-02,12,2018-06-02,True,Active
CTR80C8D08F8F,CUST100027095,Month-to-Month,2019-12-06,24,2021-12-06,True,Active
CTR1CFF094EB0,CUST100013608,Fixed Term,2017-07-28,12,2018-07-28,True,Active
CTR3EB9AE8A02,CUST100005072,Fixed Term,2015-08-29,24,2017-08-29,False,Terminated Early
CTRA1126762E6,CUST100078460,Month-to-Month,2020-07-30,0,,False,Active
CTR5B21E43CC8,CUST100065113,Fixed Term,2016-02-23,12,2017-02-23,False,Active
CTR5CD94B4D63,CUST100068357,Month-to-Month,2019-01-02,12,2020-01-02,False,Active
CTR2BB40A511B,CUST100036662,Fixed Term,2016-04-20,24,2018-04-20,True,Active
CTR9E684C5C03,CUST100090684,Fixed Term,2024-09-23,24,2026-09-23,True,Terminated Early
CTR9E6656D8B0,CUST100074431,Month-to-Month,2018-07-16,12,2019-07-16,False,Active
CTR748B77FA6E,CUST100095741,Fixed Term,2015-06-29,12,2016-06-29,False,Expired
CTRCB1F042521,CUST100033581,Month-to-Month,2022-04-15,24,2024-04-15,True,Expired
CTRD9E054332F,CUST100050295,Month-to-Month,2023-05-28,24,2025-05-28,True,Terminated Early
CTR9508DBA472,CUST100048358,Month-to-Month,2015-04-23,12,2016-04-23,False,Active
CTR797ADB2F72,CUST100062912,Fixed Term,2018-09-21,0,,False,Active
CTR3EAA827548,CUST100028865,Fixed Term,2025-01-04,12,2026-01-04,True,Active
CTRFC3CA3BE93,CUST100095393,Month-to-Month,2016-04-04,12,2017-04-04,True,Active
CTR7FC3B56772,CUST100031253,Fixed Term,2016-12-31,36,2019-12-31,True,Active
CTRCAF085D1FB,CUST100053763,Fixed Term,2019-10-20,24,2021-10-20,False,Expired
CTRA13E814535,CUST100049068,Fixed Term,2022-11-16,0,,True,Expired
CTRE861953FC9,CUST100072201,Fixed Term,2019-04-15,0,,True,Active
CTR0081F60FC6,CUST100072276,Fixed Term,2025-12-11,24,2027-12-11,True,Active
CTRFEE783B2BF,CUST100042082,Month-to-Month,2022-05-03,0,,True,Active
CTRABB5782DA4,CUST100059133,Month-to-Month,2025-05-09,24,2027-05-09,True,Expired
CTRB09E6F332F,CUST100047138,Fixed Term,2021-09-26,12,2022-09-26,False,Active
CTR311A1F5E3F,CUST100084504,Fixed Term,2025-03-12,0,,True,Active
CTR8CA9A69B9F,CUST100066137,Enterprise SLA,2022-06-19,0,,False,Active
CTR9652FA00E4,CUST100011102,Fixed Term,2023-05-04,0,,True,Pending Renewal
CTR61EC2E3CCE,CUST100007858,Fixed Term,2023-03-16,24,2025-03-16,False,Expired
CTR2E10A5BAB3,CUST100038654,Month-to-Month,2020-01-25,0,,False,Expired
CTRE0F939E1F7,CUST100037384,Fixed Term,2024-09-13,24,2026-09-13,False,Active
CTREB348A7F42,CUST100030388,Fixed Term,2017-12-17,0,,True,Active
CTR7D5EEDFEDA,CUST100051423,Month-to-Month,2019-01-03,12,2020-01-03,True,Terminated Early
CTRB157526A04,CUST100094695,Month-to-Month,2023-03-06,24,2025-03-06,False,Active
CTR922C0CB7A5,CUST100016791,Fixed Term,2017-12-27,12,2018-12-27,True,Active
CTR91C59F1775,CUST100022051,Enterprise SLA,2017-11-13,0,,False,Active
CTRD8B5C78A9B,CUST100038998,Fixed Term,2015-10-11,0,,False,Active
CTRDCA73FC4E0,CUST100062064,Month-to-Month,2022-06-24,0,,True,Terminated Early
CTRDD49BC594B,CUST100051209,Fixed Term,2016-02-06,12,2017-02-06,True,Active
CTR76DF57BAF1,CUST100016953,Fixed Term,2019-07-07,24,2021-07-07,False,Active
CTR5C82E75213,CUST100024513,Fixed Term,2015-11-13,12,2016-11-13,False,Active
CTRCC47F376C5,CUST100091568,Month-to-Month,2025-03-02,24,2027-03-02,True,Active
CTRE972E68DD8,CUST100096483,Fixed Term,2020-07-24,24,2022-07-24,True,Active
CTR5E09B1A889,CUST100026910,Month-to-Month,2023-04-28,36,2026-04-28,False,Active
CTRD37839E55E,CUST100029026,Fixed Term,2020-11-20,12,2021-11-20,True,Expired
CTRADF2C5DE90,CUST100058242,Month-to-Month,2019-03-02,24,2021-03-02,False,Active
CTR91067A4F94,CUST100002577,Fixed Term,2019-03-18,12,2020-03-18,True,Active
CTR06D03EDFD3,CUST100041487,Fixed Term,2017-07-23,0,,True,Active
CTR0FECA143EF,CUST100046868,Month-to-Month,2019-06-20,24,2021-06-20,True,Active
CTR2A7C0E0AE8,CUST100045517,Fixed Term,2015-04-25,24,2017-04-25,False,Active
CTRBA1F95EA13,CUST100002154,Fixed Term,2022-10-07,24,2024-10-07,False,Terminated Early
CTRA8F6CD527F,CUST100066188,Fixed Term,2015-08-27,24,2017-08-27,False,Terminated Early
CTRCC104870F3,CUST100031217,Month-to-Month,2019-10-18,12,2020-10-18,True,Expired
CTR2B2BB89889,CUST100024039,Month-to-Month,2016-11-03,12,2017-11-03,False,Active
CTR4347E3A1E7,CUST100097464,Month-to-Month,2017-08-05,0,,True,Pending Renewal
CTR18203B08FA,CUST100020445,Month-to-Month,2025-01-24,24,2027-01-24,False,Active
CTR67A8EDA565,CUST100042831,Month-to-Month,2020-10-05,12,2021-10-05,True,Active
CTRC93E37D4EF,CUST100033017,Fixed Term,2022-04-03,0,,False,Expired
CTR2829459CB9,CUST100039479,Month-to-Month,2023-02-02,0,,True,Expired
CTR1E9D68E12F,CUST100046917,Fixed Term,2017-09-15,0,,False,Active
CTR4FACEABB7B,CUST100018321,Enterprise SLA,2021-01-10,12,2022-01-10,True,Terminated Early
CTRF7EE08D34A,CUST100020200,Fixed Term,2015-02-15,36,2018-02-15,False,Active
CTR48452078E1,CUST100067019,Month-to-Month,2021-01-02,12,2022-01-02,True,Expired
CTREF659A61A1,CUST100088038,Fixed Term,2015-09-25,0,,True,Terminated Early
CTR5126C4A5B3,CUST100021645,Fixed Term,2019-09-27,12,2020-09-27,True,Active
CTRA91C0B2FF3,CUST100089710,Month-to-Month,2020-12-06,36,2023-12-06,True,Expired
CTRDC7AED9516,CUST100068342,Month-to-Month,2023-10-17,12,2024-10-17,True,Active
CTRACFDACDC22,CUST100058902,Fixed Term,2015-08-19,12,2016-08-19,True,Active
CTR5D4248C1D4,CUST100016905,Fixed Term,2016-12-07,0,,True,Active
CTRF01AF36A08,CUST100024102,Fixed Term,2018-02-16,24,2020-02-16,False,Pending Renewal
CTR8A8F9B63D2,CUST100011622,Month-to-Month,2018-03-19,12,2019-03-19,False,Active
CTR619764EE10,CUST100012528,Month-to-Month,2020-03-26,24,2022-03-26,True,Active
CTR0F8B7E0AF8,CUST100051149,Fixed Term,2023-10-26,0,,True,Terminated Early
CTR91E71DDAF0,CUST100000906,Enterprise SLA,2016-05-21,24,2018-05-21,True,Active
CTR45FE08E6BC,CUST100002766,Month-to-Month,2015-03-13,12,2016-03-13,True,Pending Renewal
CTR47A8227A3C,CUST100022963,Fixed Term,2021-09-25,24,2023-09-25,True,Active
CTR225A66E644,CUST100061835,Month-to-Month,2015-05-20,12,2016-05-20,False,Expired
CTR65DBAF51DB,CUST100025986,Fixed Term,2019-02-08,12,2020-02-08,True,Active
CTRBF45051ED4,CUST100041025,Fixed Term,2016-01-29,0,,True,Active
CTRF400755988,CUST100083453,Month-to-Month,2020-04-19,12,2021-04-19,True,Active
CTRB20D922D0C,CUST100015747,Fixed Term,2022-06-28,0,,True,Active
CTRC14B89A353,CUST100051371,Fixed Term,2015-02-11,36,2018-02-11,True,Active
CTR3EDEBAEC6F,CUST100073476,Fixed Term,2025-10-05,12,2026-10-05,True,Active
CTR3961AA940E,CUST100077115,Fixed Term,2015-04-23,12,2016-04-23,True,Active
CTR340D884CF0,CUST100045824,Enterprise SLA,2025-01-21,12,2026-01-21,True,Expired
CTRAE8DB9C4C6,CUST100081290,Month-to-Month,2016-05-03,0,,True,Active
CTR3406841A0B,CUST100070217,Fixed Term,2025-10-21,24,2027-10-21,True,Active
CTR219441975D,CUST100089047,Fixed Term,2016-08-18,0,,True,Active
CTR173068AB5C,CUST100081608,Month-to-Month,2016-02-24,12,2017-02-24,False,Active
CTR388E1BD70C,CUST100012729,Enterprise SLA,2019-08-17,0,,False,Active
CTRB39F54A853,CUST100084444,Month-to-Month,2015-09-25,12,2016-09-25,True,Active
CTRA9833464CF,CUST100037512,Fixed Term,2021-03-17,0,,False,Active
CTRF78A3ACFAC,CUST100084064,Month-to-Month,2022-11-18,0,,False,Active
CTR35C83D2436,CUST100055224,Fixed Term,2021-10-21,24,2023-10-21,True,Expired
CTRB29827B778,CUST100009036,Fixed Term,2016-04-10,24,2018-04-10,True,Active
CTRA912373C32,CUST100072286,Month-to-Month,2023-04-11,24,2025-04-11,False,Terminated Early
CTR11EEF1B24A,CUST100071825,Fixed Term,2016-06-30,12,2017-06-30,True,Active
CTRF48B980F2E,CUST100056476,Month-to-Month,2018-05-01,12,2019-05-01,False,Active
CTR39CC8EE6AB,CUST100079676,Month-to-Month,2015-12-26,12,2016-12-26,True,Active
CTR07004AC352,CUST100063190,Month-to-Month,2019-10-14,0,,False,Active
CTRDC81A14592,CUST100075025,Fixed Term,2019-02-23,0,,True,Active
CTRBEB91FD00A,CUST100008906,Fixed Term,2025-12-10,12,2026-12-10,True,Terminated Early
CTR541B0D3C08,CUST100071667,Fixed Term,2025-11-26,0,,True,Active
CTR954D4233B1,CUST100029096,Fixed Term,2022-05-03,12,2023-05-03,True,Pending Renewal
CTRF556B30DAB,CUST100095236,Fixed Term,2019-11-11,0,,True,Active
CTR01C6B11B30,CUST100035057,Month-to-Month,2018-01-20,0,,False,Active
CTR3568BC1838,CUST100010593,Month-to-Month,2022-05-04,24,2024-05-04,False,Active
CTR9270CD1D31,CUST100014468,Fixed Term,2017-05-07,12,2018-05-07,True,Active
CTRC3023E4CF1,CUST100091204,Fixed Term,2022-09-16,36,2025-09-16,False,Active
CTRBFC6D60DEB,CUST100024771,Enterprise SLA,2019-10-11,24,2021-10-11,True,Active
CTRA0F166F1B9,CUST100045625,Fixed Term,2016-10-31,24,2018-10-31,True,Active
CTR3D373F38DF,CUST100029606,Month-to-Month,2023-05-10,12,2024-05-10,True,Active
CTR2666183916,CUST100064503,Month-to-Month,2017-12-06,12,2018-12-06,True,Active
CTR56F5AF889C,CUST100063746,Fixed Term,2018-10-04,24,2020-10-04,False,Active
CTR60ACD27DFE,CUST100031192,Month-to-Month,2025-06-26,12,2026-06-26,True,Active
CTR9925C5717C,CUST100050503,Month-to-Month,2024-04-17,12,2025-04-17,False,Expired
CTR17FA3DD3C1,CUST100081533,Fixed Term,2024-06-12,12,2025-06-12,True,Active
CTRDCA73BEA48,CUST100071207,Month-to-Month,2024-09-14,0,,True,Pending Renewal
CTR62177D890E,CUST100060302,Fixed Term,2020-03-19,36,2023-03-19,False,Pending Renewal
CTRE176CCC3F1,CUST100038116,Month-to-Month,2022-09-20,0,,True,Active
CTR2CAD271924,CUST100051862,Fixed Term,2016-09-13,24,2018-09-13,True,Active
CTRAD1DFBDF1D,CUST100085284,Fixed Term,2015-01-07,24,2017-01-07,False,Expired
CTR43534F464D,CUST100044105,Month-to-Month,2018-10-11,24,2020-10-11,True,Active
CTRB3158555DE,CUST100037912,Fixed Term,2025-02-08,24,2027-02-08,True,Pending Renewal
CTR081D8B239D,CUST100014364,Fixed Term,2019-11-23,24,2021-11-23,False,Pending Renewal
CTR4D23E6CC39,CUST100018748,Fixed Term,2017-03-22,24,2019-03-22,True,Active
CTR645A6EDC57,CUST100044789,Fixed Term,2017-07-03,24,2019-07-03,False,Active
CTR2B37BDD43B,CUST100061534,Month-to-Month,2016-04-05,0,,True,Terminated Early
CTR6F53674BF3,CUST100024245,Fixed Term,2023-01-14,0,,True,Active
CTR94A8984D07,CUST100080704,Fixed Term,2017-02-08,24,2019-02-08,True,Active
CTRDC21171706,CUST100057381,Month-to-Month,2019-03-16,24,2021-03-16,False,Active
CTR96C182252C,CUST100054557,Fixed Term,2025-08-31,24,2027-08-31,False,Active
CTR03F1AC56E1,CUST100017805,Fixed Term,2021-12-16,24,2023-12-16,True,Active
CTR995DA4E03D,CUST100012125,Month-to-Month,2016-05-31,0,,True,Active
CTR12A404129D,CUST100040655,Fixed Term,2018-09-07,36,2021-09-07,True,Active
CTR367608DA81,CUST100059884,Fixed Term,2017-12-31,12,2018-12-31,True,Terminated Early
CTR0B8F5C64A4,CUST100012079,Fixed Term,2019-05-08,36,2022-05-08,True,Expired
CTRFE6341CA76,CUST100012496,Month-to-Month,2023-06-07,24,2025-06-07,False,Expired
CTR876F3377E2,CUST100041614,Fixed Term,2020-01-29,24,2022-01-29,True,Active
CTR574CA131BB,CUST100056105,Fixed Term,2018-10-21,12,2019-10-21,False,Expired
CTR677DE185FC,CUST100058624,Fixed Term,2020-04-27,24,2022-04-27,True,Active
CTRCEF400E5D4,CUST100081514,Fixed Term,2018-06-30,0,,True,Active
CTR30F826A030,CUST100087856,Fixed Term,2020-12-30,12,2021-12-30,False,Active
CTR618A60CF8F,CUST100062621,Month-to-Month,2016-03-02,24,2018-03-02,False,Active
CTRB979B0F461,CUST100038495,Month-to-Month,2020-08-17,24,2022-08-17,False,Active
CTR739C72A533,CUST100070127,Month-to-Month,2016-02-26,36,2019-02-26,False,Active
CTR34C279CBA9,CUST100067810,Fixed Term,2019-09-19,24,2021-09-19,True,Active
CTRB12ABF088E,CUST100016378,Fixed Term,2020-03-13,24,2022-03-13,False,Active
CTR3E279E4885,CUST100084616,Fixed Term,2020-11-09,12,2021-11-09,False,Active
CTR4B1D669745,CUST100091421,Fixed Term,2024-05-22,36,2027-05-22,True,Active
CTR9462773517,CUST100051318,Month-to-Month,2017-11-18,24,2019-11-18,True,Expired
CTR0A857B2EDB,CUST100057495,Fixed Term,2018-02-17,12,2019-02-17,True,Active
CTR5300CDF9D2,CUST100000823,Fixed Term,2019-06-04,24,2021-06-04,False,Active
CTR441764AA29,CUST100048280,Fixed Term,2021-01-21,12,2022-01-21,True,Pending Renewal
CTR71CEF979C8,CUST100018509,Month-to-Month,2018-07-07,0,,False,Active
CTR3BF5A36B85,CUST100013667,Enterprise SLA,2020-03-29,24,2022-03-29,False,Active
CTRDFCF55DA80,CUST100088829,Enterprise SLA,2024-04-13,0,,True,Active
CTR10F37B6ABF,CUST100061721,Fixed Term,2015-05-29,24,2017-05-29,False,Pending Renewal
CTR8FBB4351BD,CUST100026289,Fixed Term,2017-04-15,12,2018-04-15,True,Active
CTR9A0FCA1B4E,CUST100049381,Fixed Term,2024-05-28,24,2026-05-28,False,Pending Renewal
CTR925D5D34E5,CUST100067929,Fixed Term,2018-05-14,12,2019-05-14,True,Active
CTRCE4533BD24,CUST100078342,Fixed Term,2017-04-25,24,2019-04-25,True,Active
CTRCAAB21F2AC,CUST100081938,Fixed Term,2021-05-05,12,2022-05-05,False,Active
CTR719D763C2F,CUST100044003,Fixed Term,2019-04-06,24,2021-04-06,False,Expired
CTR4D5B61E5A9,CUST100048809,Fixed Term,2024-10-29,12,2025-10-29,False,Active
CTRF2B2FCF66A,CUST100005757,Enterprise SLA,2016-08-09,24,2018-08-09,False,Active
CTR9BACBBE6D8,CUST100090588,Month-to-Month,2016-07-03,24,2018-07-03,False,Active
CTRC251C0F994,CUST100075634,Month-to-Month,2019-02-24,12,2020-02-24,True,Active
CTRFC4FA62185,CUST100080736,Month-to-Month,2018-06-16,24,2020-06-16,False,Active
CTREDEF4628C1,CUST100070239,Fixed Term,2020-06-20,12,2021-06-20,True,Active
CTR16AD53762D,CUST100014691,Fixed Term,2022-09-21,24,2024-09-21,True,Active
CTRABFC6F5D72,CUST100057294,Fixed Term,2018-04-17,0,,False,Active
CTR315082CB10,CUST100032992,Fixed Term,2024-03-22,12,2025-03-22,True,Active
CTR8FB7A7DC92,CUST100090978,Fixed Term,2025-09-21,0,,True,Terminated Early
CTRA89CD04B71,CUST100050851,Month-to-Month,2017-04-23,12,2018-04-23,True,Active
CTR6B563F6F87,CUST100076616,Fixed Term,2020-12-10,0,,True,Terminated Early
CTRFAD53006C8,CUST100067915,Fixed Term,2015-09-18,12,2016-09-18,False,Active
CTR00B289986A,CUST100002485,Fixed Term,2022-12-07,12,2023-12-07,False,Terminated Early
CTR6713E6F421,CUST100028686,Fixed Term,2017-05-27,0,,False,Active
CTR5377C01BD7,CUST100020896,Fixed Term,2015-09-09,12,2016-09-09,True,Terminated Early
CTR9ECE47BF1F,CUST100010021,Month-to-Month,2016-02-22,0,,True,Active
CTR41335FCC96,CUST100083424,Fixed Term,2015-01-13,0,,True,Active
CTR22E9307AC9,CUST100058215,Enterprise SLA,2025-07-30,0,,False,Expired
CTRD6B0F1C034,CUST100036398,Fixed Term,2024-07-25,0,,True,Pending Renewal
CTR67ED5B4C04,CUST100033115,Enterprise SLA,2016-06-20,12,2017-06-20,True,Active
CTRC596EC31DD,CUST100071330,Month-to-Month,2021-02-23,36,2024-02-23,True,Active
CTR0AA1238BE4,CUST100024601,Fixed Term,2024-12-10,0,,False,Pending Renewal
CTR170C2A7BB7,CUST100099938,Month-to-Month,2025-10-06,36,2028-10-06,True,Active
CTR264A2691F6,CUST100031327,Fixed Term,2017-10-23,0,,False,Active
CTRCC096175D0,CUST100022010,Fixed Term,2020-11-17,0,,True,Active
CTR4CEB59562B,CUST100040672,Fixed Term,2020-02-28,12,2021-02-28,False,Active
CTR43C7B6570F,CUST100060354,Fixed Term,2023-06-17,0,,False,Active
CTR8B86D8C395,CUST100092169,Fixed Term,2025-09-29,24,2027-09-29,True,Expired
CTRB8FA7E7211,CUST100097782,Month-to-Month,2022-11-22,24,2024-11-22,True,Active
CTREFE8CF4295,CUST100083050,Fixed Term,2021-11-08,0,,True,Active
CTRB12FE3F79E,CUST100040251,Month-to-Month,2021-04-23,12,2022-04-23,False,Active
CTR2175EEF4E3,CUST100094955,Fixed Term,2020-07-05,0,,True,Terminated Early
CTRFFB155C19E,CUST100054886,Month-to-Month,2025-10-05,12,2026-10-05,False,Active
CTRE3C33F1673,CUST100044520,Fixed Term,2017-02-03,24,2019-02-03,False,Active
CTR54DBE05E6B,CUST100025699,Fixed Term,2024-03-24,12,2025-03-24,True,Active
CTR821D0EFF26,CUST100083120,Month-to-Month,2018-01-24,24,2020-01-24,True,Terminated Early
CTR99252B3912,CUST100039809,Month-to-Month,2019-10-09,0,,False,Expired
CTR191FD00E54,CUST100069985,Month-to-Month,2019-07-31,24,2021-07-31,False,Active
CTR53AF5A002F,CUST100094298,Month-to-Month,2024-02-13,0,,False,Active
CTR27C8B76EB4,CUST100014109,Fixed Term,2020-11-13,24,2022-11-13,True,Expired
CTR176C23723B,CUST100082532,Month-to-Month,2016-05-08,12,2017-05-08,False,Active
CTRDD423D9F6B,CUST100011956,Month-to-Month,2024-03-09,24,2026-03-09,True,Active
CTR4B915CE563,CUST100050721,Fixed Term,2020-11-28,24,2022-11-28,False,Expired
CTRB8B28A7EFA,CUST100043617,Fixed Term,2017-09-01,24,2019-09-01,True,Pending Renewal
CTR532E56903D,CUST100010319,Fixed Term,2020-11-17,0,,False,Active
CTR31CFBE834E,CUST100011776,Fixed Term,2022-04-12,36,2025-04-12,True,Pending Renewal
CTR17E1431945,CUST100049794,Month-to-Month,2023-08-31,0,,True,Active
CTRC6DE8A9672,CUST100026876,Month-to-Month,2023-01-09,24,2025-01-09,True,Active
CTR5AEF63BC23,CUST100036044,Fixed Term,2020-12-18,36,2023-12-18,True,Active
CTR6320FE1A83,CUST100006686,Fixed Term,2023-02-27,36,2026-02-27,True,Active
CTR8088EDC7AF,CUST100009553,Fixed Term,2020-03-19,12,2021-03-19,True,Active
CTRA8E2464121,CUST100074979,Fixed Term,2024-02-12,12,2025-02-12,True,Active
CTR5FBBF5ED62,CUST100072321,Fixed Term,2024-01-11,24,2026-01-11,True,Active
CTRF7370CD3F1,CUST100082429,Month-to-Month,2022-10-09,36,2025-10-09,True,Pending Renewal
CTR75B27A9E0C,CUST100044457,Month-to-Month,2025-10-25,0,,True,Expired
CTR63CB4C2C14,CUST100064167,Fixed Term,2017-12-15,12,2018-12-15,True,Pending Renewal
CTRDF849F60D1,CUST100055466,Month-to-Month,2025-01-05,24,2027-01-05,False,Active
CTRC49F8ACDD7,CUST100088105,Month-to-Month,2018-12-18,0,,False,Active
CTR2A41E39E04,CUST100045080,Month-to-Month,2021-01-20,12,2022-01-20,True,Active
CTRC0648FDA30,CUST100012049,Month-to-Month,2017-08-05,24,2019-08-05,True,Active
CTR19EDF12BCA,CUST100057977,Month-to-Month,2024-05-13,12,2025-05-13,False,Active
CTR1310E784A5,CUST100022813,Month-to-Month,2015-07-04,12,2016-07-04,True,Active
CTR356211E9BE,CUST100094058,Fixed Term,2017-07-17,24,2019-07-17,True,Active
CTR940902707B,CUST100059635,Fixed Term,2021-01-10,24,2023-01-10,True,Active
CTR956D79BC5C,CUST100082222,Month-to-Month,2020-03-23,12,2021-03-23,True,Active
CTR3D3F472A22,CUST100062388,Fixed Term,2021-07-09,24,2023-07-09,True,Active
CTR6E58AF3DE2,CUST100087334,Month-to-Month,2021-03-21,0,,True,Active
CTR759594A488,CUST100055949,Fixed Term,2016-04-10,0,,True,Active
CTRB6BC91D2FA,CUST100003142,Fixed Term,2019-06-23,0,,True,Active
CTR439BE8C2BD,CUST100064856,Month-to-Month,2016-07-11,12,2017-07-11,False,Expired
CTREB44176803,CUST100016729,Fixed Term,2016-10-27,36,2019-10-27,True,Active
CTR73ECF7206E,CUST100083908,Month-to-Month,2015-04-08,12,2016-04-08,True,Expired
CTRBE93D87093,CUST100084106,Fixed Term,2021-04-02,0,,True,Active
CTR6B189168C3,CUST100077240,Fixed Term,2015-10-15,24,2017-10-15,True,Terminated Early
CTR0EBAD7EC82,CUST100017176,Fixed Term,2024-01-11,12,2025-01-11,True,Active
CTRF9CA63880F,CUST100014923,Month-to-Month,2024-01-18,36,2027-01-18,True,Active
CTR558C4CFCCB,CUST100036280,Fixed Term,2022-03-04,24,2024-03-04,True,Active
CTRA21DE28E76,CUST100004705,Month-to-Month,2015-04-07,24,2017-04-07,False,Active
CTR66DA954D46,CUST100009766,Month-to-Month,2015-07-17,0,,False,Active
CTRC131F7522E,CUST100038482,Enterprise SLA,2023-05-03,0,,True,Active
CTR92B78509A2,CUST100091081,Fixed Term,2017-11-09,0,,True,Expired
CTR50C172DD9F,CUST100037682,Fixed Term,2025-03-06,0,,True,Active
CTRB5A8C54322,CUST100014424,Month-to-Month,2025-10-19,12,2026-10-19,True,Active
CTRAD9059AD9B,CUST100050563,Fixed Term,2022-02-08,0,,False,Active
CTR24FA22F9A2,CUST100061416,Month-to-Month,2016-03-16,24,2018-03-16,True,Expired
CTR066E2173A6,CUST100011464,Month-to-Month,2018-01-01,12,2019-01-01,False,Active
CTR1467195BFD,CUST100016774,Fixed Term,2017-11-02,0,,True,Active
CTR5B37A85E47,CUST100057267,Fixed Term,2017-04-02,0,,True,Active
CTR975BA4C643,CUST100092168,Fixed Term,2024-06-25,24,2026-06-25,True,Active
CTRC7382D50A1,CUST100033875,Fixed Term,2023-09-04,0,,True,Expired
CTR726C56E96D,CUST100086603,Fixed Term,2018-06-06,24,2020-06-06,True,Terminated Early
CTRE6B1EA878C,CUST100098849,Fixed Term,2020-10-14,12,2021-10-14,True,Terminated Early
CTR4EB108F5E0,CUST100050017,Fixed Term,2018-08-25,0,,True,Active
CTR49A3242755,CUST100099347,Fixed Term,2025-12-30,24,2027-12-30,True,Terminated Early
CTR9562E4390D,CUST100032336,Fixed Term,2024-09-18,12,2025-09-18,False,Active
CTRD211A29B96,CUST100012471,Fixed Term,2019-09-17,0,,True,Active
CTRD91FA269EA,CUST100071772,Fixed Term,2018-08-09,24,2020-08-09,False,Active
CTR13CCAD33CD,CUST100077229,Fixed Term,2023-11-21,24,2025-11-21,False,Active
CTRB6D415F41C,CUST100098267,Enterprise SLA,2016-05-21,24,2018-05-21,False,Active
CTRBFE9DCF5C6,CUST100088342,Month-to-Month,2020-09-25,36,2023-09-25,False,Active
CTR8C1F57C015,CUST100026183,Fixed Term,2025-04-02,24,2027-04-02,True,Active
CTRA67353A9F8,CUST100085768,Fixed Term,2015-05-02,24,2017-05-02,True,Terminated Early
CTRD747081989,CUST100025163,Fixed Term,2018-02-21,24,2020-02-21,True,Active
CTR45FB597332,CUST100027435,Fixed Term,2017-09-01,12,2018-09-01,False,Expired
CTR8B49AF0D46,CUST100034247,Enterprise SLA,2020-08-09,0,,True,Active
CTRDF3656DFCC,CUST100018677,Fixed Term,2020-01-15,24,2022-01-15,False,Expired
CTRB0FC280E5A,CUST100048756,Month-to-Month,2020-11-28,24,2022-11-28,False,Expired
CTRB0FE443828,CUST100045950,Fixed Term,2017-08-13,24,2019-08-13,True,Active
CTR3DA1B5A50C,CUST100033922,Month-to-Month,2023-06-23,0,,False,Active
CTR6E24692234,CUST100093237,Fixed Term,2017-02-26,12,2018-02-26,True,Active
CTR03C3E2C268,CUST100030708,Month-to-Month,2025-08-29,24,2027-08-29,True,Active
CTR4E6037EE8D,CUST100071865,Fixed Term,2020-07-16,0,,False,Active
CTR09D2C3277F,CUST100046702,Fixed Term,2025-07-03,24,2027-07-03,False,Active
CTR98705F06C6,CUST100047498,Fixed Term,2025-08-10,36,2028-08-10,True,Active
CTRD408056357,CUST100014482,Month-to-Month,2025-07-28,0,,False,Active
CTR0D809C77D8,CUST100082016,Month-to-Month,2017-02-20,12,2018-02-20,False,Terminated Early
CTR99BA3A8FE9,CUST100064451,Month-to-Month,2024-08-10,24,2026-08-10,False,Expired
CTRCD9730B859,CUST100002095,Month-to-Month,2019-02-11,12,2020-02-11,False,Active
CTRC232F3397A,CUST100047187,Month-to-Month,2023-04-13,0,,True,Active
CTR8EAB267D4D,CUST100072244,Month-to-Month,2021-01-10,0,,True,Expired
CTR590749F29B,CUST100094652,Month-to-Month,2015-09-14,12,2016-09-14,True,Active
CTRC1C3142FA5,CUST100019735,Fixed Term,2021-01-31,24,2023-01-31,False,Active
CTR96A745F05F,CUST100004562,Month-to-Month,2020-06-10,12,2021-06-10,True,Active
CTR1410C03209,CUST100023514,Month-to-Month,2025-05-29,12,2026-05-29,False,Active
CTRD921A56ABA,CUST100082728,Fixed Term,2017-03-18,12,2018-03-18,True,Active
CTRFE9A21C50F,CUST100013673,Month-to-Month,2024-06-30,12,2025-06-30,True,Terminated Early
CTR88374DBFBF,CUST100071321,Fixed Term,2024-04-28,24,2026-04-28,True,Active
CTRA1C02A4011,CUST100075299,Fixed Term,2024-02-16,0,,False,Active
CTR2715F95D03,CUST100056269,Fixed Term,2017-10-19,24,2019-10-19,False,Active
CTR3BEA86145C,CUST100068487,Month-to-Month,2025-05-17,24,2027-05-17,True,Active
CTR3447AEA262,CUST100024394,Fixed Term,2015-04-04,36,2018-04-04,False,Active
CTR914FE1A3B2,CUST100040255,Fixed Term,2023-03-20,12,2024-03-20,True,Active
CTRFF224C1079,CUST100031201,Month-to-Month,2016-10-30,0,,True,Active
CTR4392F2EFE0,CUST100091220,Fixed Term,2023-08-26,0,,True,Active
CTR931585AF8F,CUST100005828,Fixed Term,2025-02-06,12,2026-02-06,False,Active
CTR86595B67E0,CUST100008397,Fixed Term,2024-01-10,36,2027-01-10,True,Terminated Early
CTR7A5ECCD968,CUST100015276,Fixed Term,2025-11-21,0,,False,Active
CTR78B80CF16F,CUST100099215,Fixed Term,2019-10-26,12,2020-10-26,False,Active
CTRB987F59E83,CUST100032932,Month-to-Month,2024-02-07,36,2027-02-07,True,Active
CTRAF3725B59E,CUST100091223,Month-to-Month,2025-12-16,12,2026-12-16,False,Active
CTR551879F178,CUST100055578,Fixed Term,2023-02-12,0,,True,Active
CTRBDE196CB17,CUST100058284,Fixed Term,2017-03-12,0,,True,Active
CTRFA5127F607,CUST100072170,Month-to-Month,2022-04-07,24,2024-04-07,False,Active
CTR6CDC96CE9C,CUST100080726,Fixed Term,2015-03-25,24,2017-03-25,True,Active
CTR90FEC565A2,CUST100032353,Fixed Term,2017-12-30,24,2019-12-30,True,Active
CTR735E7D3483,CUST100019757,Month-to-Month,2023-02-23,12,2024-02-23,False,Active
CTR760D049122,CUST100060348,Month-to-Month,2021-10-18,12,2022-10-18,False,Active
CTRC06ED49042,CUST100016206,Fixed Term,2022-09-17,0,,True,Active
CTR4EDB203AEC,CUST100032504,Fixed Term,2016-08-15,0,,True,Pending Renewal
CTR04CE8BE1F0,CUST100093624,Month-to-Month,2024-02-05,24,2026-02-05,True,Terminated Early
CTR46D4C4A55A,CUST100045710,Fixed Term,2018-02-17,0,,True,Active
CTR78726635FC,CUST100030409,Month-to-Month,2025-09-21,0,,True,Active
CTRAAF0AED529,CUST100013356,Fixed Term,2022-05-30,24,2024-05-30,True,Pending Renewal
CTR2D342BB04F,CUST100007634,Month-to-Month,2017-01-09,0,,True,Active
CTR88CB0879F1,CUST100068569,Month-to-Month,2023-01-10,12,2024-01-10,True,Active
CTR95017F0DE8,CUST100086120,Fixed Term,2017-06-14,0,,True,Active
CTR36672FFB6C,CUST100023917,Fixed Term,2018-07-27,12,2019-07-27,True,Active
CTR2D54D12C27,CUST100027432,Fixed Term,2021-10-19,24,2023-10-19,False,Expired
CTR2C584CDC10,CUST100094755,Fixed Term,2016-02-17,0,,True,Active
CTR310A6A9149,CUST100001791,Month-to-Month,2019-11-15,12,2020-11-15,False,Active
CTR255B1F83E8,CUST100096959,Fixed Term,2022-02-16,0,,False,Pending Renewal
CTRA7B39160C2,CUST100050745,Fixed Term,2021-03-30,0,,False,Active
CTRC0421CEEB5,CUST100062307,Fixed Term,2019-03-22,0,,False,Active
CTRDD73DA652E,CUST100070362,Fixed Term,2016-04-12,24,2018-04-12,True,Expired
CTR2D4D06B586,CUST100054348,Fixed Term,2015-04-22,12,2016-04-22,False,Active
CTR245FC7EFED,CUST100040240,Fixed Term,2020-12-09,12,2021-12-09,False,Active
CTR6E44FD628F,CUST100034463,Fixed Term,2020-07-06,12,2021-07-06,True,Active
CTR6CF78E0A9D,CUST100069912,Month-to-Month,2017-04-23,0,,True,Active
CTR254A4E8F7B,CUST100032514,Fixed Term,2020-06-24,24,2022-06-24,True,Active
CTR749C3AFC61,CUST100042396,Month-to-Month,2016-07-02,12,2017-07-02,False,Active
CTR8495B62D7F,CUST100022504,Fixed Term,2023-04-04,0,,False,Expired
CTRF766E5033F,CUST100073215,Enterprise SLA,2024-11-23,24,2026-11-23,False,Active
CTR6DBF104C07,CUST100079193,Month-to-Month,2024-08-29,12,2025-08-29,True,Expired
CTRF511AC7BC0,CUST100047733,Fixed Term,2025-03-18,12,2026-03-18,False,Active
CTRAD7B987B8C,CUST100060580,Fixed Term,2016-09-19,12,2017-09-19,True,Active
CTRCDAB901B59,CUST100000867,Fixed Term,2024-11-23,24,2026-11-23,True,Expired
CTRF45CC7837D,CUST100087327,Fixed Term,2018-09-11,12,2019-09-11,False,Active
CTR91F2024672,CUST100031813,Fixed Term,2022-01-10,24,2024-01-10,True,Active
CTR6A15DDD1AB,CUST100046668,Month-to-Month,2025-02-16,12,2026-02-16,True,Active
CTR9CB8F5F002,CUST100070814,Fixed Term,2021-08-04,24,2023-08-04,True,Active
CTRDDF2CE68CB,CUST100025904,Fixed Term,2017-01-03,12,2018-01-03,True,Active
CTR216DC13214,CUST100001790,Month-to-Month,2025-11-05,12,2026-11-05,True,Expired
CTR917BA1F050,CUST100011557,Month-to-Month,2023-04-19,24,2025-04-19,True,Active
CTRF517C41F70,CUST100036270,Month-to-Month,2018-02-01,0,,True,Terminated Early
CTRD8121247E5,CUST100093228,Fixed Term,2015-05-01,0,,False,Terminated Early
CTRF461A6BCCF,CUST100059898,Fixed Term,2017-08-29,24,2019-08-29,False,Expired
CTREACC8E681C,CUST100037961,Fixed Term,2017-07-18,24,2019-07-18,True,Pending Renewal
CTR132C7B57A9,CUST100030099,Month-to-Month,2021-01-30,0,,True,Terminated Early
CTRBEC94AAA16,CUST100058072,Month-to-Month,2022-01-26,0,,False,Active
CTR01A6CEE1EE,CUST100068470,Month-to-Month,2019-01-21,24,2021-01-21,False,Active
CTR075AE22668,CUST100088860,Fixed Term,2021-04-12,24,2023-04-12,True,Active
CTR390E5C1DFD,CUST100076206,Fixed Term,2019-12-02,12,2020-12-02,True,Active
CTRB5670B0B62,CUST100003291,Fixed Term,2015-11-30,0,,False,Active
CTRD76E5FA971,CUST100001675,Month-to-Month,2015-04-25,12,2016-04-25,True,Active
CTRF607342213,CUST100080671,Fixed Term,2016-06-16,12,2017-06-16,True,Active
CTR40B80776A5,CUST100086231,Enterprise SLA,2021-10-16,0,,True,Active
CTRF8CC36E147,CUST100075211,Fixed Term,2020-01-27,24,2022-01-27,True,Active
CTR439FFD1B72,CUST100027284,Fixed Term,2025-06-12,0,,False,Active
CTR23A3A81E59,CUST100098128,Fixed Term,2020-06-18,12,2021-06-18,True,Active
CTR523FC995B6,CUST100024044,Fixed Term,2015-05-18,36,2018-05-18,True,Active
CTR5C12C18E06,CUST100020184,Fixed Term,2020-09-17,12,2021-09-17,True,Active
CTRED3084EC66,CUST100081795,Fixed Term,2022-12-28,12,2023-12-28,True,Active
CTR8A05BAEBFF,CUST100089569,Fixed Term,2025-09-08,12,2026-09-08,True,Active
CTR32345D23A5,CUST100098387,Fixed Term,2021-09-09,0,,False,Active
CTRDD139F79FF,CUST100009093,Fixed Term,2019-08-24,24,2021-08-24,False,Active
CTR3890A49C2F,CUST100049317,Month-to-Month,2022-03-04,0,,True,Active
CTRDA7C7B69B7,CUST100019449,Fixed Term,2024-01-15,24,2026-01-15,False,Expired
CTRA8CD491F52,CUST100029394,Fixed Term,2017-02-13,12,2018-02-13,False,Active
CTR2CC1C0C010,CUST100066029,Month-to-Month,2020-04-08,24,2022-04-08,True,Active
CTR72D230383A,CUST100050278,Month-to-Month,2018-04-28,12,2019-04-28,True,Active
CTRA9F18D8B23,CUST100027287,Month-to-Month,2018-01-08,24,2020-01-08,True,Active
CTR095D2FDC36,CUST100056320,Month-to-Month,2025-05-16,12,2026-05-16,False,Pending Renewal
CTR405E205EED,CUST100041106,Fixed Term,2016-02-26,24,2018-02-26,True,Pending Renewal
CTR5E548E0A14,CUST100069692,Month-to-Month,2023-07-08,12,2024-07-08,False,Pending Renewal
CTR9320571620,CUST100079797,Month-to-Month,2022-03-27,24,2024-03-27,True,Active
CTR0490923372,CUST100069105,Month-to-Month,2019-02-23,0,,False,Terminated Early
CTRD242F64A71,CUST100060712,Fixed Term,2024-09-17,12,2025-09-17,True,Expired
CTR93028E1741,CUST100072529,Month-to-Month,2015-03-24,24,2017-03-24,False,Active
CTR549E98B365,CUST100060413,Fixed Term,2016-10-26,12,2017-10-26,True,Pending Renewal
CTRDF99B834C2,CUST100063223,Fixed Term,2024-04-15,0,,True,Active
CTR3CA4862CB0,CUST100008981,Fixed Term,2016-12-12,24,2018-12-12,True,Active
CTRA6EDD27901,CUST100088357,Month-to-Month,2019-09-12,24,2021-09-12,False,Active
CTR44992BD1E3,CUST100020652,Month-to-Month,2023-12-08,24,2025-12-08,True,Active
CTR8EE3E2CD7A,CUST100016388,Fixed Term,2015-03-09,24,2017-03-09,True,Active
CTRF74CC0943B,CUST100037198,Enterprise SLA,2025-03-11,0,,False,Expired
CTREFFBB55867,CUST100064031,Month-to-Month,2017-09-20,24,2019-09-20,False,Terminated Early
CTR8F1F3BD546,CUST100075210,Enterprise SLA,2018-01-09,24,2020-01-09,False,Terminated Early
CTR0B1FE36B61,CUST100094608,Enterprise SLA,2020-07-01,24,2022-07-01,False,Active
CTRC9166291DB,CUST100053943,Month-to-Month,2022-07-14,24,2024-07-14,True,Active
CTR74413FABF8,CUST100073539,Fixed Term,2015-06-23,24,2017-06-23,True,Terminated Early
CTR9EB3ACDCC4,CUST100086244,Fixed Term,2018-05-21,24,2020-05-21,True,Active
CTRDBC6B77C74,CUST100032503,Month-to-Month,2023-10-30,0,,False,Active
CTR4FD7B21C5B,CUST100075622,Month-to-Month,2018-05-30,24,2020-05-30,True,Expired
CTR7F978CE048,CUST100045107,Month-to-Month,2017-03-21,24,2019-03-21,True,Active
CTR3125CBDF7E,CUST100066569,Month-to-Month,2017-09-22,24,2019-09-22,True,Active
CTRFEBC88BA9C,CUST100096869,Month-to-Month,2019-11-11,12,2020-11-11,True,Active
CTR8D780F65A4,CUST100027178,Month-to-Month,2024-10-05,0,,False,Active
CTRED010DE54C,CUST100015931,Month-to-Month,2022-01-16,12,2023-01-16,False,Active
CTR1932AACDA0,CUST100096941,Fixed Term,2019-11-09,0,,True,Active
CTR3C6F9F172E,CUST100003065,Month-to-Month,2022-10-23,24,2024-10-23,False,Terminated Early
CTR9DD0AA11EE,CUST100051985,Month-to-Month,2022-06-27,12,2023-06-27,True,Pending Renewal
CTRC3B1A45390,CUST100093535,Fixed Term,2018-05-21,24,2020-05-21,False,Active
CTR0478371A02,CUST100041239,Fixed Term,2019-05-26,24,2021-05-26,True,Active
CTRF494ADCCBF,CUST100009037,Fixed Term,2025-04-06,12,2026-04-06,True,Active
CTRA29AAAE78A,CUST100020597,Fixed Term,2017-12-23,0,,True,Active
CTRCDD97A43B0,CUST100002428,Fixed Term,2023-02-09,24,2025-02-09,True,Active
CTR8F35E695EB,CUST100089611,Fixed Term,2024-07-19,12,2025-07-19,True,Active
CTRC5532799A2,CUST100000718,Fixed Term,2017-12-10,24,2019-12-10,False,Active
CTR45EA8C9BC2,CUST100038925,Month-to-Month,2019-04-28,36,2022-04-28,False,Active
CTR145419FA3B,CUST100084096,Month-to-Month,2025-07-17,36,2028-07-17,False,Active
CTR74DE287679,CUST100013013,Fixed Term,2015-09-04,12,2016-09-04,False,Active
CTRA618E3815D,CUST100009975,Month-to-Month,2020-06-23,0,,True,Active
CTR1D9E857A85,CUST100025921,Fixed Term,2017-10-29,12,2018-10-29,False,Active
CTR88BA654E7D,CUST100078057,Fixed Term,2022-01-14,24,2024-01-14,True,Expired
CTR121845EF2C,CUST100007056,Fixed Term,2023-08-09,12,2024-08-09,True,Active
CTR8719698EB6,CUST100081177,Month-to-Month,2019-08-08,24,2021-08-08,True,Active
CTRA72A695045,CUST100086581,Fixed Term,2020-03-02,0,,False,Active
CTR5D3AFFB267,CUST100045883,Fixed Term,2020-09-02,0,,False,Expired
CTRA394385A75,CUST100066302,Month-to-Month,2023-09-27,0,,True,Pending Renewal
CTR371856D955,CUST100038741,Month-to-Month,2024-02-21,0,,True,Expired
CTRF41C5118E6,CUST100086553,Fixed Term,2018-09-29,36,2021-09-29,True,Active
CTR7149DF5DEA,CUST100032013,Month-to-Month,2016-02-22,24,2018-02-22,False,Active
CTRD7F4D4FEE0,CUST100060326,Fixed Term,2018-04-28,0,,True,Expired
CTRD45337B0D4,CUST100078674,Month-to-Month,2016-01-30,24,2018-01-30,False,Active
CTR5F8E0EAC26,CUST100082107,Fixed Term,2023-08-18,0,,True,Active
CTR7FAF857813,CUST100085926,Month-to-Month,2018-10-08,0,,False,Active
CTRC1CA3DD63C,CUST100061016,Fixed Term,2020-09-15,0,,True,Active
CTR4B88EDF068,CUST100079071,Enterprise SLA,2018-07-19,12,2019-07-19,True,Active
CTR6D0E031B98,CUST100014102,Month-to-Month,2022-07-18,0,,True,Active
CTR72AF93AA00,CUST100020769,Month-to-Month,2021-08-06,12,2022-08-06,True,Active
CTR1F99398616,CUST100049783,Enterprise SLA,2017-03-10,24,2019-03-10,True,Expired
CTR84BCE83CFE,CUST100016586,Fixed Term,2025-09-06,24,2027-09-06,True,Expired
CTRD464E250E7,CUST100062919,Month-to-Month,2018-01-15,24,2020-01-15,False,Terminated Early
CTRF6400DC68D,CUST100060746,Fixed Term,2024-02-10,24,2026-02-10,True,Active
CTR2EAAB11AFF,CUST100099805,Month-to-Month,2020-11-15,0,,True,Active
CTRC5335AB7C8,CUST100037654,Month-to-Month,2017-04-29,24,2019-04-29,False,Terminated Early
CTR154117B668,CUST100023867,Month-to-Month,2015-12-15,24,2017-12-15,False,Active
CTR344BB6B577,CUST100048466,Fixed Term,2020-09-08,24,2022-09-08,False,Pending Renewal
CTR20F9F4C52C,CUST100072722,Month-to-Month,2023-11-07,24,2025-11-07,False,Active
CTRA518D243A0,CUST100036691,Fixed Term,2018-09-23,0,,False,Terminated Early
CTR4B59A0930A,CUST100039978,Fixed Term,2019-04-29,24,2021-04-29,True,Expired
CTR23E055104D,CUST100099222,Fixed Term,2025-08-31,24,2027-08-31,True,Active
CTRDD3A7CB854,CUST100022913,Fixed Term,2022-10-08,12,2023-10-08,True,Active
CTR7B891A4134,CUST100078073,Fixed Term,2015-03-08,0,,True,Active
CTR892F917408,CUST100022822,Fixed Term,2019-03-07,24,2021-03-07,False,Active
CTRC257EEDB47,CUST100078718,Month-to-Month,2019-11-19,24,2021-11-19,True,Active
CTR25714E1AB4,CUST100056254,Fixed Term,2019-05-02,0,,False,Active
CTR3B2049C212,CUST100001901,Fixed Term,2021-07-17,0,,True,Active
CTR39045B5921,CUST100046163,Month-to-Month,2017-02-10,12,2018-02-10,True,Active
CTRFAD77B2592,CUST100031931,Month-to-Month,2018-01-07,24,2020-01-07,False,Active
CTR48B8BA753F,CUST100064879,Month-to-Month,2025-01-23,12,2026-01-23,False,Active
CTR5030898942,CUST100073101,Fixed Term,2021-03-23,0,,False,Active
CTR6D985F9EC6,CUST100018130,Fixed Term,2024-05-06,0,,True,Terminated Early
CTRBF4DB3A44D,CUST100091417,Fixed Term,2020-08-10,24,2022-08-10,True,Active
CTRC41669C277,CUST100052029,Fixed Term,2018-03-19,36,2021-03-19,False,Active
CTR195DD07677,CUST100039264,Fixed Term,2024-03-26,0,,True,Active
CTRCEA3FBDECC,CUST100055658,Month-to-Month,2015-05-27,24,2017-05-27,True,Expired
CTR2D3DC7DD1C,CUST100090163,Enterprise SLA,2023-01-11,12,2024-01-11,False,Active
CTR216E4F6BA0,CUST100085725,Fixed Term,2016-04-15,12,2017-04-15,False,Active
CTRB5B98D3C4C,CUST100009582,Fixed Term,2019-09-26,24,2021-09-26,True,Active
CTR27BB87EDAE,CUST100094580,Fixed Term,2018-04-04,24,2020-04-04,True,Active
CTRAF45E9CD90,CUST100058989,Fixed Term,2019-09-25,0,,False,Expired
CTRBBF8C094AE,CUST100054538,Fixed Term,2019-07-07,12,2020-07-07,True,Active
CTRB68747C2C4,CUST100091078,Month-to-Month,2022-08-05,24,2024-08-05,True,Active
CTR49035AE0B6,CUST100050294,Month-to-Month,2025-10-03,0,,True,Expired
CTR3F2149B42A,CUST100064658,Month-to-Month,2020-08-18,24,2022-08-18,True,Active
CTREAFE0C65ED,CUST100027021,Month-to-Month,2016-08-20,24,2018-08-20,True,Active
CTR7E40F44D88,CUST100052523,Month-to-Month,2022-09-23,24,2024-09-23,False,Active
CTRC423522CB3,CUST100003922,Month-to-Month,2024-12-13,24,2026-12-13,False,Active
CTR782F5454A2,CUST100008911,Fixed Term,2021-05-20,24,2023-05-20,True,Terminated Early
CTR361356DF7F,CUST100078257,Fixed Term,2024-07-05,24,2026-07-05,False,Active
CTR76EFE56D48,CUST100009188,Fixed Term,2025-02-22,0,,True,Terminated Early
CTR5CCD50D3A3,CUST100014757,Fixed Term,2024-05-27,24,2026-05-27,True,Active
CTR564603B5BE,CUST100031136,Month-to-Month,2019-12-09,12,2020-12-09,True,Active
CTR7CC55666B9,CUST100019881,Fixed Term,2024-01-12,24,2026-01-12,True,Active
CTRDCD8370FA0,CUST100093268,Month-to-Month,2024-12-10,24,2026-12-10,True,Active
CTRFB886C5AE3,CUST100045400,Month-to-Month,2020-01-21,12,2021-01-21,True,Active
CTR257D1C836A,CUST100021376,Month-to-Month,2015-10-10,0,,True,Active
CTR6C0D2CED79,CUST100017296,Fixed Term,2017-12-25,12,2018-12-25,True,Active
CTR26A6958B1B,CUST100029640,Month-to-Month,2018-12-30,36,2021-12-30,False,Active
CTRD147CECB00,CUST100010713,Fixed Term,2020-02-26,0,,False,Active
CTRF72F16F81F,CUST100018143,Fixed Term,2016-10-23,0,,True,Active
CTR68E6C148EF,CUST100053113,Month-to-Month,2022-09-07,12,2023-09-07,False,Active
CTR67784B93CB,CUST100006894,Fixed Term,2017-01-25,12,2018-01-25,True,Active
CTR24D1E91B17,CUST100052419,Month-to-Month,2024-09-28,12,2025-09-28,True,Active
CTRA3D546967D,CUST100001022,Fixed Term,2015-11-11,24,2017-11-11,True,Terminated Early
CTR4BC09B1E96,CUST100057817,Month-to-Month,2016-08-08,0,,False,Active
CTR1BE00AF38F,CUST100059139,Month-to-Month,2018-06-18,24,2020-06-18,True,Active
CTR0FDA6B440B,CUST100096452,Fixed Term,2024-07-03,24,2026-07-03,False,Terminated Early
CTR4379129C66,CUST100086343,Fixed Term,2018-07-07,12,2019-07-07,False,Active
CTR4047E62932,CUST100008887,Fixed Term,2023-09-06,24,2025-09-06,True,Active
CTR9FE4028D5E,CUST100036344,Fixed Term,2021-03-15,0,,True,Active
CTRBB0FB968FB,CUST100041292,Fixed Term,2016-04-11,24,2018-04-11,False,Active
CTR69815C3582,CUST100003935,Fixed Term,2021-04-25,24,2023-04-25,True,Active
CTRFBB818C282,CUST100016790,Fixed Term,2020-01-14,24,2022-01-14,False,Active
CTR55D4A1DF63,CUST100037861,Month-to-Month,2025-02-15,24,2027-02-15,True,Active
CTR5C7B6ACAD5,CUST100042354,Month-to-Month,2025-06-17,0,,False,Pending Renewal
CTRE86475F5F8,CUST100004186,Fixed Term,2022-07-14,0,,False,Active
CTR4D4DACE930,CUST100097287,Month-to-Month,2017-11-14,0,,True,Active
CTRAB6A5D7DD8,CUST100031170,Month-to-Month,2018-04-24,24,2020-04-24,False,Terminated Early
CTREE5FA107A1,CUST100013548,Fixed Term,2021-04-15,0,,False,Expired
CTR6C597697BD,CUST100070258,Month-to-Month,2023-08-04,24,2025-08-04,True,Expired
CTR838DD9BEC3,CUST100037831,Enterprise SLA,2025-02-21,0,,False,Expired
CTR2A553F38F9,CUST100080054,Fixed Term,2018-11-16,0,,True,Active
CTRB517FAC3E4,CUST100048766,Month-to-Month,2017-01-28,0,,False,Active
CTRB04522651A,CUST100087241,Fixed Term,2024-04-05,0,,True,Active
CTR0BA4D55030,CUST100004101,Fixed Term,2016-10-07,12,2017-10-07,True,Active
CTRB5FF6ABF8A,CUST100066164,Month-to-Month,2017-03-20,12,2018-03-20,False,Expired
CTR7BC7452026,CUST100093226,Month-to-Month,2022-12-20,12,2023-12-20,True,Expired
CTRA1313D75BF,CUST100055837,Month-to-Month,2020-11-26,24,2022-11-26,True,Expired
CTR8142227456,CUST100064306,Fixed Term,2020-01-23,36,2023-01-23,True,Terminated Early
CTR0C4E9A8D23,CUST100040880,Month-to-Month,2017-03-22,24,2019-03-22,False,Active
CTR1013592618,CUST100093314,Month-to-Month,2020-03-18,24,2022-03-18,False,Active
CTR37737BBE93,CUST100044517,Month-to-Month,2024-08-06,0,,True,Active
CTR68FCC6E7A4,CUST100090848,Fixed Term,2019-01-22,36,2022-01-22,False,Active
CTR8EAC2E3A52,CUST100076794,Fixed Term,2018-12-21,24,2020-12-21,True,Active
CTR3FBC23DA87,CUST100006845,Fixed Term,2022-06-16,24,2024-06-16,False,Active
CTR47395B1CFA,CUST100016455,Month-to-Month,2020-12-16,12,2021-12-16,False,Expired
CTRBEFCF4400A,CUST100092559,Enterprise SLA,2025-06-03,12,2026-06-03,True,Active
CTR09197D1F47,CUST100015448,Month-to-Month,2021-04-15,0,,False,Active
CTRD6AABDAF7F,CUST100071895,Fixed Term,2019-06-06,24,2021-06-06,True,Expired
CTR64D34B2079,CUST100076898,Month-to-Month,2021-09-19,12,2022-09-19,True,Terminated Early
CTR519F5019F2,CUST100088632,Fixed Term,2021-09-08,12,2022-09-08,False,Active
CTRD32341A2F6,CUST100000819,Month-to-Month,2024-09-12,0,,False,Active
CTRCDEE6E9822,CUST100095967,Fixed Term,2021-07-27,36,2024-07-27,True,Active
CTR109D8C1326,CUST100021299,Month-to-Month,2015-10-01,24,2017-10-01,True,Expired
CTR065D50AC97,CUST100026290,Month-to-Month,2021-06-30,24,2023-06-30,True,Active
CTR7CDFE19915,CUST100057570,Month-to-Month,2019-07-08,12,2020-07-08,True,Active
CTRC6109BBB3B,CUST100047891,Month-to-Month,2024-06-15,24,2026-06-15,True,Terminated Early
CTR3BD82D276A,CUST100054134,Fixed Term,2020-09-03,12,2021-09-03,True,Active
CTR360ED0947C,CUST100006934,Month-to-Month,2017-05-03,12,2018-05-03,True,Terminated Early
CTRE3F9CC3340,CUST100090216,Fixed Term,2021-05-26,0,,True,Active
CTR06812B010D,CUST100023703,Fixed Term,2025-04-13,24,2027-04-13,True,Active
CTR24AAA4E293,CUST100057128,Fixed Term,2025-03-11,24,2027-03-11,False,Pending Renewal
CTR8A44C657AC,CUST100060218,Fixed Term,2025-04-30,24,2027-04-30,True,Active
CTR9C00222C02,CUST100081606,Enterprise SLA,2018-03-12,24,2020-03-12,False,Pending Renewal
CTR99485DD3AD,CUST100002083,Fixed Term,2020-08-10,12,2021-08-10,False,Active
CTR50B5B54887,CUST100068543,Month-to-Month,2023-01-13,24,2025-01-13,False,Expired
CTRBEFA91BF0D,CUST100033237,Fixed Term,2023-11-28,0,,True,Active
CTRE7EA6CBD83,CUST100004782,Fixed Term,2022-03-08,12,2023-03-08,False,Pending Renewal
CTRF4E9B00BAA,CUST100037732,Month-to-Month,2018-05-04,24,2020-05-04,True,Terminated Early
CTR9E67042E23,CUST100053608,Fixed Term,2017-07-16,36,2020-07-16,True,Terminated Early
CTR54FC5FCAEB,CUST100072190,Fixed Term,2020-11-17,0,,True,Terminated Early
CTRE64ECC53BB,CUST100004357,Month-to-Month,2023-01-18,24,2025-01-18,True,Active
CTR3371425ADC,CUST100047784,Fixed Term,2021-02-24,24,2023-02-24,True,Active
CTR91B873B502,CUST100074589,Fixed Term,2025-03-31,36,2028-03-31,True,Active
CTRCA7CC9F37A,CUST100036965,Fixed Term,2024-10-28,24,2026-10-28,True,Active
CTRF5264895DE,CUST100027417,Month-to-Month,2022-12-12,0,,False,Active
CTR1833503C2F,CUST100053654,Month-to-Month,2025-03-03,0,,True,Terminated Early
CTR47FB056E35,CUST100006641,Enterprise SLA,2018-12-29,24,2020-12-29,True,Expired
CTR94FCA2898A,CUST100016819,Month-to-Month,2016-11-01,12,2017-11-01,False,Active
CTR7D30FAD801,CUST100025006,Fixed Term,2018-05-08,0,,False,Terminated Early
CTRCC1349461D,CUST100003555,Month-to-Month,2022-04-02,24,2024-04-02,True,Terminated Early
CTRBCE3E254A4,CUST100067970,Fixed Term,2015-05-15,12,2016-05-15,False,Expired
CTR7F662DB9D0,CUST100033381,Fixed Term,2024-10-06,0,,True,Active
CTR08DD60B5FB,CUST100093071,Month-to-Month,2021-09-30,24,2023-09-30,False,Expired
CTR9215183C19,CUST100031699,Month-to-Month,2020-05-07,0,,False,Expired
CTR195F2A7B50,CUST100097257,Fixed Term,2021-02-06,36,2024-02-06,True,Expired
CTR926BF5F224,CUST100056075,Month-to-Month,2017-11-18,12,2018-11-18,True,Active
CTR7CAB78D6C0,CUST100061434,Fixed Term,2016-01-02,24,2018-01-02,True,Active
CTR0E5F740215,CUST100034984,Fixed Term,2022-08-26,36,2025-08-26,True,Active
CTR47671FAC64,CUST100092475,Fixed Term,2017-07-31,24,2019-07-31,True,Active
CTR7D775780F7,CUST100036128,Month-to-Month,2022-09-03,12,2023-09-03,False,Active
CTR7112E311FE,CUST100043223,Month-to-Month,2019-05-30,12,2020-05-30,True,Active
CTR105FFA1A40,CUST100052539,Enterprise SLA,2020-01-31,0,,True,Active
CTR269CE13212,CUST100060676,Month-to-Month,2020-12-28,12,2021-12-28,False,Expired
CTRC1EE2A4805,CUST100047724,Fixed Term,2023-05-11,12,2024-05-11,True,Expired
CTRBF651CF13B,CUST100084572,Month-to-Month,2023-10-09,24,2025-10-09,True,Active
CTRC5E43E5B78,CUST100019140,Fixed Term,2016-02-27,24,2018-02-27,True,Active
CTR504175BD61,CUST100062955,Fixed Term,2023-05-23,24,2025-05-23,False,Active
CTR5DD46DE20C,CUST100033825,Month-to-Month,2024-08-21,12,2025-08-21,True,Expired
CTR6314652477,CUST100012415,Month-to-Month,2021-06-28,12,2022-06-28,False,Active
CTR54BF698E87,CUST100095000,Fixed Term,2022-03-13,12,2023-03-13,True,Active
CTR7C2636C640,CUST100054190,Fixed Term,2021-07-20,24,2023-07-20,True,Active
CTR22E0FD4EEA,CUST100006801,Fixed Term,2018-03-28,12,2019-03-28,True,Expired
CTR5D46681CED,CUST100036850,Enterprise SLA,2025-09-26,12,2026-09-26,True,Active
CTR2255E28A96,CUST100063671,Month-to-Month,2020-06-29,12,2021-06-29,False,Active
CTRAE30FF9AA3,CUST100091154,Fixed Term,2015-08-12,0,,False,Expired
CTR1BDB582A50,CUST100023892,Fixed Term,2017-02-15,24,2019-02-15,True,Pending Renewal
CTR771F23FEAF,CUST100032333,Enterprise SLA,2019-10-20,0,,True,Active
CTRFF4A6426E2,CUST100082358,Fixed Term,2025-11-15,12,2026-11-15,True,Active
CTR2A58DCE344,CUST100017024,Fixed Term,2018-09-28,12,2019-09-28,True,Expired
CTRFD53DC87E4,CUST100042046,Month-to-Month,2020-12-31,0,,True,Active
CTR420B2BF77C,CUST100057512,Fixed Term,2018-11-25,12,2019-11-25,True,Expired
CTR1DB5ACB6D7,CUST100063606,Fixed Term,2016-02-13,36,2019-02-13,True,Active
CTREFA2478257,CUST100001118,Fixed Term,2023-02-17,12,2024-02-17,True,Pending Renewal
CTRCE22CA056E,CUST100075103,Fixed Term,2020-09-13,0,,False,Active
CTR3A0650473E,CUST100059200,Month-to-Month,2024-05-12,12,2025-05-12,True,Active
CTR68905729FA,CUST100070188,Fixed Term,2017-12-14,0,,True,Active
CTRE225041F6D,CUST100050970,Month-to-Month,2025-08-04,24,2027-08-04,True,Active
CTR1F4565B326,CUST100010389,Month-to-Month,2018-04-02,0,,True,Active
CTR29D934BB10,CUST100005363,Fixed Term,2024-04-03,24,2026-04-03,True,Active
CTRDE7A73DEDE,CUST100024973,Month-to-Month,2015-09-09,24,2017-09-09,False,Pending Renewal
CTRC7BC9D864E,CUST100033186,Month-to-Month,2025-05-01,0,,False,Expired
CTRE95B6E6513,CUST100091970,Fixed Term,2019-09-12,12,2020-09-12,True,Active
CTRB1E074490F,CUST100075784,Fixed Term,2021-07-28,0,,True,Active
CTR8A7B3FFA16,CUST100008049,Fixed Term,2024-04-06,12,2025-04-06,False,Active
CTRE666571ADE,CUST100019045,Month-to-Month,2021-09-30,36,2024-09-30,False,Active
CTR36A236941B,CUST100037917,Fixed Term,2019-11-22,0,,True,Active
CTR3CB9F92E1C,CUST100001565,Fixed Term,2024-08-30,24,2026-08-30,True,Active
CTR50EB1FE101,CUST100092491,Month-to-Month,2022-04-20,24,2024-04-20,True,Active
CTR3A37E25405,CUST100032810,Month-to-Month,2017-03-07,24,2019-03-07,True,Active
CTRD7FD511A52,CUST100033438,Month-to-Month,2020-11-27,0,,False,Active
CTR93C0C4BE2D,CUST100088455,Month-to-Month,2016-01-19,12,2017-01-19,True,Terminated Early
CTR5EDB4EBF7D,CUST100068694,Month-to-Month,2022-03-12,36,2025-03-12,False,Active
CTRFEC7011EDA,CUST100074756,Month-to-Month,2023-03-08,12,2024-03-08,False,Active
CTRDFBEF7BDAD,CUST100000211,Fixed Term,2016-05-10,0,,True,Active
CTR6985322D1D,CUST100055319,Fixed Term,2023-02-11,0,,False,Active
CTRBFBF6687F6,CUST100018854,Month-to-Month,2017-06-12,12,2018-06-12,False,Active
CTR3CC460FEA8,CUST100006186,Fixed Term,2018-03-04,0,,True,Active
CTR41291DB804,CUST100037271,Month-to-Month,2019-01-14,0,,True,Pending Renewal
CTR390FF11C6D,CUST100030558,Fixed Term,2024-02-15,0,,True,Active
CTR6DEEB3A0E5,CUST100071917,Fixed Term,2024-12-07,12,2025-12-07,False,Active
CTR134D0B6635,CUST100088798,Month-to-Month,2025-10-11,12,2026-10-11,True,Active
CTRD86C5FE80A,CUST100061407,Enterprise SLA,2017-09-17,0,,False,Active
CTR5A0429219E,CUST100014219,Fixed Term,2024-05-14,24,2026-05-14,True,Pending Renewal
CTR81BF044CB2,CUST100032010,Fixed Term,2025-05-23,24,2027-05-23,True,Active
CTRDF990E9A18,CUST100078407,Month-to-Month,2018-10-21,12,2019-10-21,True,Active
CTRDFA964732E,CUST100073655,Month-to-Month,2019-04-22,0,,True,Active
CTRF9CAB89E55,CUST100085589,Fixed Term,2018-03-27,12,2019-03-27,False,Active
CTRC5EC93C669,CUST100000188,Month-to-Month,2021-12-06,0,,False,Expired
CTRB6DD4FAD38,CUST100042743,Enterprise SLA,2025-10-15,24,2027-10-15,True,Active
CTR713915F7D9,CUST100092701,Month-to-Month,2022-09-13,12,2023-09-13,True,Pending Renewal
CTRE961C3DBD4,CUST100081152,Fixed Term,2024-06-23,24,2026-06-23,True,Active
CTR1F9C9ECA29,CUST100023691,Fixed Term,2023-09-10,12,2024-09-10,True,Expired
CTR55465E3AB3,CUST100051895,Fixed Term,2021-09-25,0,,True,Active
CTR8DE1C5BF57,CUST100023055,Fixed Term,2024-09-11,0,,True,Active
CTRE2AC41D20C,CUST100087235,Fixed Term,2019-06-14,12,2020-06-14,True,Active
CTR2CC667A4AF,CUST100076184,Month-to-Month,2020-10-07,24,2022-10-07,False,Expired
CTR182E8A41A5,CUST100033319,Month-to-Month,2020-01-07,12,2021-01-07,True,Active
CTR2186E34BD7,CUST100065704,Month-to-Month,2019-10-28,12,2020-10-28,True,Active
CTRB0D8962CC4,CUST100097587,Enterprise SLA,2015-01-07,24,2017-01-07,False,Active
CTR902CAAEE9A,CUST100045889,Month-to-Month,2023-01-05,24,2025-01-05,True,Active
CTR6685C0676F,CUST100034680,Month-to-Month,2025-03-31,36,2028-03-31,False,Active
CTR9A685B6703,CUST100054836,Fixed Term,2015-01-26,24,2017-01-26,True,Pending Renewal
CTR494F694FFC,CUST100061745,Month-to-Month,2021-08-03,24,2023-08-03,True,Active
CTRC129682350,CUST100053690,Month-to-Month,2018-05-19,12,2019-05-19,True,Active
CTRB41FB7EFF2,CUST100032591,Month-to-Month,2015-09-23,24,2017-09-23,True,Terminated Early
CTRC29088BD79,CUST100006876,Enterprise SLA,2021-05-28,24,2023-05-28,True,Active
CTR7346042F7F,CUST100040902,Month-to-Month,2018-04-24,12,2019-04-24,True,Active
CTREB12FC68B0,CUST100073672,Fixed Term,2015-01-10,0,,True,Active
CTR403D223969,CUST100035315,Fixed Term,2022-05-24,24,2024-05-24,True,Pending Renewal
CTR496066B963,CUST100044267,Month-to-Month,2019-10-18,0,,False,Active
CTR29BB43822B,CUST100005225,Fixed Term,2023-10-19,24,2025-10-19,True,Pending Renewal
CTR1B2D4EA44F,CUST100039765,Fixed Term,2022-09-23,36,2025-09-23,False,Expired
CTR552B9849FE,CUST100006340,Fixed Term,2020-05-16,0,,True,Active
CTR28045F2757,CUST100006349,Month-to-Month,2019-10-14,0,,True,Active
CTR384DC44EC3,CUST100062729,Month-to-Month,2015-09-01,24,2017-09-01,True,Active
CTR1DB7AD5665,CUST100069565,Fixed Term,2019-05-15,24,2021-05-15,True,Active
CTRECB0891C2B,CUST100043840,Enterprise SLA,2022-12-02,0,,True,Active
CTR81BEF11C98,CUST100011866,Fixed Term,2024-03-07,12,2025-03-07,True,Active
CTRE028FD77B2,CUST100072383,Month-to-Month,2024-08-28,24,2026-08-28,True,Expired
CTRD4C72506B0,CUST100047299,Fixed Term,2024-07-02,12,2025-07-02,True,Expired
CTR9663A056D2,CUST100022002,Fixed Term,2016-03-14,0,,False,Active
CTR98C44AFCA4,CUST100020150,Fixed Term,2021-11-01,0,,False,Active
CTR536737D958,CUST100079530,Fixed Term,2018-02-01,36,2021-02-01,False,Active
CTR07F97CCF31,CUST100015947,Month-to-Month,2015-10-03,0,,False,Active
CTR4AB4D33031,CUST100053014,Fixed Term,2016-06-22,12,2017-06-22,False,Active
CTR8C615D0BDC,CUST100052936,Month-to-Month,2024-11-08,0,,False,Active
CTRCF32582194,CUST100030322,Fixed Term,2024-01-27,24,2026-01-27,False,Expired
CTRB372308D58,CUST100076985,Fixed Term,2020-05-16,0,,False,Active
CTR57314FB27B,CUST100063674,Month-to-Month,2025-09-22,24,2027-09-22,True,Active
CTR24DA3513F2,CUST100013538,Month-to-Month,2016-08-14,12,2017-08-14,False,Expired
CTRAE237F354E,CUST100011188,Month-to-Month,2022-01-13,0,,True,Active
CTRC44E309460,CUST100049849,Month-to-Month,2019-11-17,0,,True,Active
CTR19021F290B,CUST100060630,Fixed Term,2019-03-08,0,,False,Active
CTR3773CE4153,CUST100015854,Month-to-Month,2023-10-23,12,2024-10-23,False,Expired
CTRBB065652A6,CUST100084404,Fixed Term,2019-11-05,0,,False,Active
CTRDD1B0DCD17,CUST100010362,Month-to-Month,2015-05-25,0,,True,Active
CTR262468220D,CUST100012574,Month-to-Month,2023-04-21,0,,True,Terminated Early
CTR880CB7BFE8,CUST100031222,Fixed Term,2018-12-11,12,2019-12-11,True,Active
CTR8A90194B69,CUST100088752,Fixed Term,2017-05-30,24,2019-05-30,True,Active
CTR6B78430DD1,CUST100060582,Fixed Term,2022-12-13,12,2023-12-13,True,Active
CTR07A9F50BC5,CUST100038102,Fixed Term,2022-11-03,0,,True,Active
CTR19401FD0F9,CUST100037453,Fixed Term,2016-10-28,0,,False,Expired
CTRCE4B3C0E5E,CUST100007469,Month-to-Month,2018-11-09,12,2019-11-09,True,Active
CTR569C1DA7A9,CUST100037229,Month-to-Month,2018-12-08,36,2021-12-08,True,Active
CTR18021C0E85,CUST100064343,Fixed Term,2019-02-19,36,2022-02-19,True,Terminated Early
CTR0C1384695C,CUST100037428,Fixed Term,2023-07-10,24,2025-07-10,True,Expired
CTRDA7D02D7A2,CUST100075619,Fixed Term,2016-05-18,24,2018-05-18,False,Active
CTRA27EE838D8,CUST100007203,Fixed Term,2024-06-19,24,2026-06-19,False,Active
CTR0BF554B27A,CUST100077926,Month-to-Month,2020-10-06,24,2022-10-06,True,Expired
CTR8F1A0D2BFE,CUST100064370,Enterprise SLA,2019-01-13,12,2020-01-13,True,Expired
CTR3606C3AA38,CUST100015598,Fixed Term,2023-09-13,12,2024-09-13,True,Active
CTRFA8D806E06,CUST100094711,Fixed Term,2021-06-01,24,2023-06-01,False,Active
CTR5F54E6452A,CUST100039991,Fixed Term,2019-02-25,12,2020-02-25,True,Active
CTRBF7A7E1D55,CUST100079812,Month-to-Month,2024-12-02,12,2025-12-02,True,Active
CTRB95FABF949,CUST100047750,Fixed Term,2023-08-09,12,2024-08-09,True,Pending Renewal
CTR2E980AA7A3,CUST100001910,Month-to-Month,2017-12-18,0,,False,Active
CTRF2D63AB860,CUST100000137,Fixed Term,2020-06-18,24,2022-06-18,True,Active
CTR5622F6ECEA,CUST100067993,Fixed Term,2021-07-06,24,2023-07-06,True,Active
CTR2D3F250898,CUST100079891,Month-to-Month,2017-08-31,0,,False,Active
CTR58C3326F10,CUST100029750,Month-to-Month,2019-08-11,0,,True,Active
CTR17BF929B1C,CUST100001547,Fixed Term,2022-07-22,24,2024-07-22,True,Terminated Early
CTR185D665C3E,CUST100046999,Month-to-Month,2023-03-23,24,2025-03-23,True,Expired
CTRF0A9A5A6FA,CUST100018666,Fixed Term,2016-09-28,24,2018-09-28,True,Active
CTR97D4220AF0,CUST100081134,Fixed Term,2020-12-06,0,,False,Active
CTRC7C1460062,CUST100034972,Month-to-Month,2020-07-06,12,2021-07-06,True,Active
CTRCE2D92FF91,CUST100069823,Fixed Term,2025-09-02,0,,True,Active
CTR793B6F8E5D,CUST100055290,Month-to-Month,2015-01-18,24,2017-01-18,True,Active
CTR09BD1432A3,CUST100093512,Month-to-Month,2021-12-11,0,,False,Terminated Early
CTRA01923D98C,CUST100097838,Fixed Term,2018-07-02,0,,True,Active
CTR21B3DF1B58,CUST100006655,Month-to-Month,2023-04-23,12,2024-04-23,False,Terminated Early
CTRCCF3825E89,CUST100021339,Fixed Term,2025-04-08,0,,True,Pending Renewal
CTRB72E61C6A6,CUST100037106,Month-to-Month,2022-08-30,12,2023-08-30,True,Active
CTR69E6437066,CUST100072921,Fixed Term,2015-11-24,0,,False,Active
CTRF72221D0AA,CUST100070243,Month-to-Month,2016-06-25,12,2017-06-25,True,Expired
CTRE029590E12,CUST100097825,Fixed Term,2017-09-26,12,2018-09-26,True,Active
CTR2DF913FF3B,CUST100020936,Fixed Term,2021-01-26,12,2022-01-26,True,Expired
CTR45CCAB0BFC,CUST100023021,Enterprise SLA,2020-07-02,24,2022-07-02,True,Pending Renewal
CTRBC1C83B905,CUST100037478,Enterprise SLA,2025-05-30,24,2027-05-30,False,Active
CTR39C59BFB6A,CUST100088580,Enterprise SLA,2018-05-17,12,2019-05-17,True,Terminated Early
CTR5885B16F30,CUST100037695,Fixed Term,2019-01-24,24,2021-01-24,False,Active
CTR77F0CC7962,CUST100031894,Enterprise SLA,2020-05-12,0,,True,Active
CTRB7DEDD4F38,CUST100081616,Month-to-Month,2020-11-15,12,2021-11-15,False,Expired
CTR956DD63D35,CUST100026725,Fixed Term,2019-02-23,0,,False,Active
CTRDAB50725F7,CUST100091660,Fixed Term,2024-01-23,12,2025-01-23,True,Pending Renewal
CTR9CBF221AE2,CUST100054019,Month-to-Month,2025-12-15,0,,False,Terminated Early
CTRD780734856,CUST100054749,Month-to-Month,2015-03-05,12,2016-03-05,True,Active
CTR7D717473A8,CUST100053793,Fixed Term,2021-04-19,12,2022-04-19,True,Active
CTRCB7083D772,CUST100078046,Fixed Term,2021-11-06,24,2023-11-06,True,Active
CTRA57843FB30,CUST100001442,Month-to-Month,2017-05-22,0,,False,Active
CTR4BFB68F281,CUST100036022,Fixed Term,2023-06-19,12,2024-06-19,True,Active
CTRC6698402CA,CUST100020351,Fixed Term,2023-11-07,12,2024-11-07,False,Active
CTR9F30B4C3DE,CUST100049571,Fixed Term,2016-02-16,12,2017-02-16,True,Expired
CTRE78FB2CAFC,CUST100096765,Month-to-Month,2016-05-24,24,2018-05-24,True,Active
CTR4F87B020B6,CUST100075181,Fixed Term,2022-01-12,0,,True,Active
CTR9D6D56D4C5,CUST100016189,Month-to-Month,2023-08-01,12,2024-08-01,False,Active
CTR855C44B8D4,CUST100023505,Month-to-Month,2017-11-20,0,,False,Active
CTR774E9B1FA9,CUST100040350,Fixed Term,2021-05-10,36,2024-05-10,False,Terminated Early
CTR6AEDD7771F,CUST100064519,Fixed Term,2017-02-05,0,,False,Active
CTR4AAEB25543,CUST100095531,Fixed Term,2020-08-26,24,2022-08-26,False,Active
CTR6324E36A19,CUST100009579,Fixed Term,2017-01-26,24,2019-01-26,True,Expired
CTR0B8B7C4459,CUST100068538,Fixed Term,2017-06-02,0,,True,Expired
CTR388B3B77CD,CUST100020535,Fixed Term,2015-05-01,0,,True,Active
CTR0395790B7D,CUST100068951,Month-to-Month,2016-04-23,24,2018-04-23,False,Expired
CTRD8EC84B981,CUST100015964,Month-to-Month,2016-04-13,12,2017-04-13,True,Active
CTR29E7FD4773,CUST100032476,Month-to-Month,2018-09-05,24,2020-09-05,False,Active
CTRC691E83877,CUST100018731,Enterprise SLA,2017-04-08,12,2018-04-08,True,Active
CTR2F36905FA5,CUST100087717,Month-to-Month,2019-01-05,12,2020-01-05,True,Expired
CTRFF9B240302,CUST100045385,Month-to-Month,2021-08-20,12,2022-08-20,True,Active
CTR3A225B593E,CUST100027622,Fixed Term,2017-04-12,12,2018-04-12,False,Active
CTR71F2F0EADD,CUST100017318,Month-to-Month,2017-06-05,24,2019-06-05,True,Active
CTR5C7F4C891C,CUST100079028,Month-to-Month,2017-01-16,24,2019-01-16,True,Active
CTR237C831616,CUST100022329,Month-to-Month,2019-05-15,12,2020-05-15,True,Active
CTRE50EEA0122,CUST100011695,Month-to-Month,2022-02-05,12,2023-02-05,True,Active
CTR7D06EE764A,CUST100092430,Fixed Term,2015-10-07,24,2017-10-07,True,Active
CTR64F656FF6E,CUST100029015,Month-to-Month,2019-10-07,12,2020-10-07,True,Pending Renewal
CTR6F43A839A1,CUST100007878,Fixed Term,2022-02-22,0,,False,Active
CTR3ED7722638,CUST100031158,Month-to-Month,2017-01-30,36,2020-01-30,True,Active
CTR1024B9F66E,CUST100075271,Enterprise SLA,2025-09-11,24,2027-09-11,False,Expired
CTR9ABDD8C081,CUST100092090,Month-to-Month,2023-02-17,0,,False,Active
CTR72CBE476D0,CUST100033105,Fixed Term,2018-08-28,24,2020-08-28,False,Active
CTRCE5DFC5D4C,CUST100057780,Fixed Term,2018-09-24,12,2019-09-24,True,Active
CTR1A7D702B12,CUST100040409,Fixed Term,2024-12-10,24,2026-12-10,False,Active
CTRA21CE445CB,CUST100033811,Fixed Term,2017-09-06,24,2019-09-06,False,Active
CTR23410DDD8A,CUST100083351,Fixed Term,2025-09-13,24,2027-09-13,True,Active
CTR1D9CC00351,CUST100080785,Fixed Term,2015-08-23,0,,True,Active
CTR36A66AF74D,CUST100073625,Fixed Term,2016-03-20,12,2017-03-20,True,Active
CTR846CB70641,CUST100054555,Enterprise SLA,2017-05-19,24,2019-05-19,False,Active
CTRBC2E7DC939,CUST100052420,Month-to-Month,2018-08-23,24,2020-08-23,True,Active
CTR48B7EFB06D,CUST100037559,Fixed Term,2021-08-09,0,,True,Active
CTRDD894C1D28,CUST100035425,Fixed Term,2018-12-15,36,2021-12-15,False,Active
CTR3C82CE9CF7,CUST100011238,Enterprise SLA,2025-03-23,12,2026-03-23,True,Active
CTR5DB3AFC697,CUST100029287,Fixed Term,2018-07-24,12,2019-07-24,True,Active
CTR1DB713A5A1,CUST100087226,Fixed Term,2018-02-24,36,2021-02-24,True,Active
CTRE1596A384F,CUST100055231,Fixed Term,2023-12-11,24,2025-12-11,True,Active
CTRA777E3F219,CUST100092254,Fixed Term,2018-02-07,0,,True,Active
CTRD7E2890C89,CUST100043306,Month-to-Month,2015-12-03,24,2017-12-03,False,Pending Renewal
CTR6C650F7599,CUST100047173,Fixed Term,2020-11-27,12,2021-11-27,True,Active
CTRC6D15AF663,CUST100063632,Fixed Term,2015-12-28,12,2016-12-28,False,Active
CTRA1E34F9A88,CUST100031786,Month-to-Month,2015-12-19,12,2016-12-19,True,Active
CTR6E6AC8950F,CUST100051510,Fixed Term,2024-12-29,12,2025-12-29,True,Active
CTR0103EFCB84,CUST100036815,Fixed Term,2018-09-24,12,2019-09-24,True,Active
CTR294C637BF2,CUST100024953,Fixed Term,2023-04-17,12,2024-04-17,True,Active
CTRD0669E9CFF,CUST100067863,Enterprise SLA,2023-05-17,12,2024-05-17,True,Expired
CTR7368ADEEF8,CUST100090454,Fixed Term,2017-05-22,0,,False,Active
CTRDF4DC7A81E,CUST100059380,Fixed Term,2018-11-10,12,2019-11-10,True,Expired
CTRC4302C335E,CUST100053714,Fixed Term,2025-08-07,0,,False,Active
CTR61DC0647ED,CUST100017219,Month-to-Month,2021-06-11,24,2023-06-11,False,Active
CTRCCFBC72D2A,CUST100014216,Month-to-Month,2025-04-02,24,2027-04-02,True,Active
CTR3965F6E177,CUST100074413,Fixed Term,2024-08-31,24,2026-08-31,True,Pending Renewal
CTRB50BD60ECC,CUST100014385,Month-to-Month,2022-03-11,24,2024-03-11,True,Active
CTRC27E7F8476,CUST100085270,Month-to-Month,2021-06-20,12,2022-06-20,False,Expired
CTR9C57EEF739,CUST100090685,Fixed Term,2025-03-12,12,2026-03-12,False,Terminated Early
CTR997175607F,CUST100042779,Month-to-Month,2016-03-03,0,,True,Active
CTR9996314562,CUST100090135,Fixed Term,2023-12-17,24,2025-12-17,True,Active
CTRCF99B30D58,CUST100087091,Fixed Term,2024-10-07,12,2025-10-07,True,Terminated Early
CTR7727C2AA4A,CUST100040626,Fixed Term,2022-05-11,12,2023-05-11,False,Active
CTR7347B69A76,CUST100042226,Month-to-Month,2016-09-24,0,,False,Active
CTR634FA1948B,CUST100057074,Fixed Term,2019-03-06,12,2020-03-06,True,Active
CTR96BC4A6AD8,CUST100074660,Month-to-Month,2021-05-07,12,2022-05-07,True,Terminated Early
CTRB0E427730A,CUST100093307,Fixed Term,2021-03-25,0,,True,Active
CTRFEF9192036,CUST100010696,Month-to-Month,2021-02-20,12,2022-02-20,True,Terminated Early
CTR5EF5701002,CUST100023902,Fixed Term,2024-04-26,0,,True,Active
CTRCB3091F3AA,CUST100020858,Fixed Term,2024-08-17,24,2026-08-17,True,Active
CTRF8F67288FA,CUST100020503,Fixed Term,2018-12-30,0,,False,Active
CTRC0A7E66563,CUST100016937,Month-to-Month,2015-12-25,0,,False,Active
CTR8F02821090,CUST100065008,Month-to-Month,2022-09-21,36,2025-09-21,False,Terminated Early
CTRC058B5429E,CUST100000450,Month-to-Month,2018-09-17,0,,True,Pending Renewal
CTRD3FC417ED5,CUST100033676,Month-to-Month,2018-12-20,12,2019-12-20,False,Active
CTR5F722611C5,CUST100021116,Month-to-Month,2019-11-11,24,2021-11-11,True,Active
CTR0A428BD3D0,CUST100062828,Enterprise SLA,2021-09-28,24,2023-09-28,False,Active
CTRB162883409,CUST100088901,Month-to-Month,2022-08-03,36,2025-08-03,True,Active
CTR0EDCE3066A,CUST100036403,Fixed Term,2022-09-08,12,2023-09-08,True,Active
CTR2DE6C4B9FE,CUST100022757,Month-to-Month,2018-04-08,0,,True,Active
CTR8BE7766B22,CUST100050781,Fixed Term,2018-06-30,24,2020-06-30,True,Active
CTR7D5460117E,CUST100093882,Month-to-Month,2016-02-25,0,,True,Active
CTR8C477C2729,CUST100077806,Fixed Term,2016-03-07,36,2019-03-07,True,Expired
CTR2D00A82604,CUST100015942,Fixed Term,2022-01-17,12,2023-01-17,False,Active
CTR94C42EA6F7,CUST100084879,Fixed Term,2016-05-16,24,2018-05-16,True,Active
CTR282190D90E,CUST100059618,Month-to-Month,2015-02-27,0,,False,Active
CTR6585AC1788,CUST100072086,Fixed Term,2017-07-15,0,,True,Active
CTRBD244B0050,CUST100094976,Fixed Term,2024-06-11,12,2025-06-11,True,Active
CTRBA6EB43052,CUST100067027,Month-to-Month,2015-02-14,12,2016-02-14,False,Active
CTRFA82A4B78F,CUST100085043,Month-to-Month,2024-06-24,24,2026-06-24,True,Expired
CTRE426CFADFE,CUST100006216,Fixed Term,2018-07-16,12,2019-07-16,False,Terminated Early
CTRCB356BA9C5,CUST100052191,Month-to-Month,2023-12-26,12,2024-12-26,True,Active
CTRA11E12C8B5,CUST100048838,Fixed Term,2019-08-30,0,,True,Active
CTRA9173B6E6C,CUST100028265,Fixed Term,2019-05-14,24,2021-05-14,True,Expired
CTR4F64ACADB7,CUST100019183,Month-to-Month,2015-11-15,24,2017-11-15,True,Active
CTR2D4A0428AD,CUST100066520,Fixed Term,2025-09-20,12,2026-09-20,True,Active
CTR8BC243F14C,CUST100022840,Month-to-Month,2018-10-11,36,2021-10-11,True,Active
CTR2781E3CE65,CUST100093912,Month-to-Month,2018-06-26,24,2020-06-26,True,Active
CTR38E0F84195,CUST100032372,Fixed Term,2024-10-15,24,2026-10-15,False,Active
CTR5472A48BAB,CUST100095902,Month-to-Month,2016-03-15,24,2018-03-15,False,Expired
CTR9027C90EA4,CUST100069425,Month-to-Month,2018-11-22,0,,False,Active
CTRC8A1076F6B,CUST100033524,Month-to-Month,2017-09-21,0,,True,Active
CTR5675070B84,CUST100047723,Fixed Term,2017-12-01,24,2019-12-01,True,Active
CTRC91487AA03,CUST100066677,Month-to-Month,2016-09-28,12,2017-09-28,True,Active
CTR0761F89ABA,CUST100060101,Fixed Term,2023-07-15,0,,False,Expired
CTRA540805973,CUST100079505,Month-to-Month,2019-04-13,24,2021-04-13,True,Expired
CTREBD277A0CD,CUST100018577,Fixed Term,2024-05-23,24,2026-05-23,True,Active
CTR14D1A4018F,CUST100043859,Fixed Term,2018-02-23,12,2019-02-23,True,Active
CTRA714EE1407,CUST100002370,Month-to-Month,2023-08-17,12,2024-08-17,True,Active
CTR46EB1979D7,CUST100066310,Fixed Term,2015-12-17,24,2017-12-17,True,Active
CTRAAC2702888,CUST100075711,Fixed Term,2016-02-28,0,,True,Pending Renewal
CTRF45E3E988B,CUST100082655,Month-to-Month,2025-10-08,0,,True,Active
CTR7C1358A3FE,CUST100089533,Fixed Term,2024-12-25,12,2025-12-25,True,Active
CTR0939281F07,CUST100035324,Month-to-Month,2019-06-28,12,2020-06-28,False,Expired
CTRACCB513B16,CUST100037490,Month-to-Month,2023-07-02,12,2024-07-02,True,Active
CTR4302E25D9B,CUST100025487,Fixed Term,2024-08-22,0,,True,Expired
CTRFCC65A5D4D,CUST100060511,Month-to-Month,2018-08-06,0,,True,Active
CTR265C8E21CF,CUST100086703,Month-to-Month,2022-12-19,24,2024-12-19,True,Active
CTR246BF415E5,CUST100078607,Month-to-Month,2017-09-24,0,,True,Active
CTRA183F9F30D,CUST100011072,Fixed Term,2020-05-28,12,2021-05-28,False,Active
CTR552298AFF3,CUST100011169,Month-to-Month,2021-08-18,0,,True,Active
CTR77260BAF9F,CUST100089933,Month-to-Month,2017-09-01,12,2018-09-01,True,Terminated Early
CTR909EE12C87,CUST100061503,Month-to-Month,2025-10-21,24,2027-10-21,True,Active
CTRE110CC049A,CUST100052245,Fixed Term,2021-08-29,24,2023-08-29,True,Active
CTRC54F62F63F,CUST100020160,Fixed Term,2022-03-26,12,2023-03-26,True,Active
CTRB622599728,CUST100061199,Month-to-Month,2017-03-13,24,2019-03-13,True,Active
CTRD3E0C7112D,CUST100002640,Fixed Term,2022-01-19,0,,False,Active
CTRE267231F00,CUST100096857,Month-to-Month,2016-06-14,12,2017-06-14,True,Active
CTR8E99A237AE,CUST100087300,Fixed Term,2019-01-01,12,2020-01-01,False,Active
CTR61C63B1B31,CUST100051762,Month-to-Month,2023-06-26,24,2025-06-26,False,Active
CTRABF26594BF,CUST100008453,Fixed Term,2021-01-23,24,2023-01-23,True,Active
CTRB96F47E9C1,CUST100039607,Enterprise SLA,2016-04-21,12,2017-04-21,False,Active
CTR897F831FB9,CUST100069101,Month-to-Month,2018-03-23,24,2020-03-23,True,Terminated Early
CTR14C4C54725,CUST100014341,Month-to-Month,2015-08-21,12,2016-08-21,True,Active
CTR541C706766,CUST100007984,Month-to-Month,2015-05-14,24,2017-05-14,True,Active
CTR1D92110109,CUST100066050,Month-to-Month,2023-05-02,0,,True,Active
CTRFF2D27E735,CUST100067345,Month-to-Month,2024-07-23,24,2026-07-23,True,Pending Renewal
CTR2683025093,CUST100079209,Fixed Term,2016-11-24,24,2018-11-24,True,Active
CTR072F951C40,CUST100092087,Month-to-Month,2018-12-04,12,2019-12-04,True,Active
CTR3635E221B3,CUST100014892,Month-to-Month,2018-08-12,12,2019-08-12,False,Active
CTR6A29128688,CUST100088491,Fixed Term,2023-01-21,0,,True,Active
CTREAC08B04EF,CUST100051977,Fixed Term,2024-05-03,24,2026-05-03,True,Expired
CTRB4DFF57DA4,CUST100060251,Fixed Term,2021-04-06,0,,True,Active
CTRF7340D93A7,CUST100013719,Enterprise SLA,2021-08-26,24,2023-08-26,False,Active
CTR561296353B,CUST100059782,Fixed Term,2021-07-08,0,,True,Pending Renewal
CTR27EE7FA2A2,CUST100041785,Fixed Term,2023-10-19,24,2025-10-19,False,Active
CTR762B155CAD,CUST100096277,Month-to-Month,2023-07-22,0,,True,Active
CTR714D4CACBC,CUST100081367,Fixed Term,2025-04-15,24,2027-04-15,True,Active
CTR1851AD5A87,CUST100013885,Fixed Term,2021-10-07,12,2022-10-07,True,Active
CTR11B74BBF0D,CUST100010087,Month-to-Month,2019-03-21,0,,False,Active
CTR3C351617BD,CUST100026520,Enterprise SLA,2024-04-30,0,,True,Expired
CTR9BA397F7E2,CUST100019590,Month-to-Month,2016-11-11,24,2018-11-11,False,Expired
CTRC682F652AF,CUST100008753,Month-to-Month,2016-12-23,12,2017-12-23,True,Active
CTR34CDCF7861,CUST100056598,Fixed Term,2023-02-13,24,2025-02-13,True,Active
CTR2D3A4432E6,CUST100089763,Month-to-Month,2022-07-25,12,2023-07-25,True,Active
CTR02A4C4B7CE,CUST100049210,Fixed Term,2023-05-19,12,2024-05-19,True,Active
CTRDCA8CA6338,CUST100096267,Month-to-Month,2024-04-13,24,2026-04-13,True,Active
CTR08D32640CD,CUST100067516,Fixed Term,2016-05-02,24,2018-05-02,True,Expired
CTR9796966955,CUST100054211,Month-to-Month,2018-03-10,12,2019-03-10,False,Active
CTR270E031797,CUST100062213,Fixed Term,2022-09-30,12,2023-09-30,True,Active
CTR971E810368,CUST100089102,Fixed Term,2025-09-07,24,2027-09-07,False,Expired
CTR52CD063E43,CUST100050367,Enterprise SLA,2020-04-04,0,,False,Active
CTREFF3F616F1,CUST100032625,Month-to-Month,2024-03-13,0,,True,Expired
CTR2F5788C4E4,CUST100021884,Month-to-Month,2019-10-05,12,2020-10-05,True,Terminated Early
CTR90709E3847,CUST100002581,Fixed Term,2025-04-08,24,2027-04-08,False,Active
CTRB21A69F83D,CUST100051255,Fixed Term,2022-12-20,24,2024-12-20,True,Pending Renewal
CTRD150FDBAC4,CUST100034812,Month-to-Month,2025-05-23,0,,True,Expired
CTRB5F578E980,CUST100067056,Month-to-Month,2016-01-05,12,2017-01-05,True,Active
CTR8151B5497A,CUST100052577,Fixed Term,2019-05-22,24,2021-05-22,False,Expired
CTRE1A69E0E3F,CUST100071332,Month-to-Month,2019-05-27,24,2021-05-27,False,Active
CTRD9E0115415,CUST100028220,Enterprise SLA,2015-07-31,12,2016-07-31,False,Active
CTR4345B6C6FF,CUST100029845,Fixed Term,2017-10-03,24,2019-10-03,True,Expired
CTRFD7EE817BE,CUST100031015,Month-to-Month,2017-03-02,36,2020-03-02,False,Terminated Early
CTRA424559A4E,CUST100009737,Fixed Term,2018-05-14,0,,True,Active
CTRCB37965C8C,CUST100017710,Month-to-Month,2015-03-21,0,,True,Active
CTRA5CE7EB944,CUST100027196,Month-to-Month,2019-09-10,12,2020-09-10,False,Expired
CTR8842F53BDF,CUST100058908,Month-to-Month,2018-03-05,24,2020-03-05,False,Active
CTR7F66F38507,CUST100012080,Fixed Term,2021-12-08,36,2024-12-08,False,Pending Renewal
CTR4BF3F207E9,CUST100005335,Fixed Term,2020-11-12,0,,True,Terminated Early
CTRB85BE9DCD2,CUST100057530,Fixed Term,2019-03-04,24,2021-03-04,True,Active
CTRB9104D087A,CUST100066184,Fixed Term,2022-09-12,0,,False,Active
CTR8E07442CBC,CUST100010406,Fixed Term,2022-05-22,24,2024-05-22,True,Active
CTR35E2012E43,CUST100055438,Month-to-Month,2024-05-24,24,2026-05-24,False,Active
CTR0F495D5A90,CUST100071750,Month-to-Month,2022-02-15,0,,False,Terminated Early
CTR3405D2BFCF,CUST100009120,Fixed Term,2016-04-20,0,,False,Active
CTRC16278C0AF,CUST100036442,Fixed Term,2019-03-13,12,2020-03-13,False,Expired
CTR4BF049FE49,CUST100021647,Enterprise SLA,2021-07-08,12,2022-07-08,False,Terminated Early
CTR13905F1297,CUST100035384,Fixed Term,2016-02-29,0,,False,Terminated Early
CTR9E09E1BDEA,CUST100040009,Fixed Term,2021-09-02,0,,True,Expired
CTREA152D4C26,CUST100079429,Month-to-Month,2024-09-06,0,,True,Active
CTRBFA8921671,CUST100085170,Fixed Term,2019-07-13,12,2020-07-13,False,Terminated Early
CTRC0564079A0,CUST100030728,Month-to-Month,2016-05-06,24,2018-05-06,True,Active
CTR9708B66ABA,CUST100054926,Month-to-Month,2020-10-30,24,2022-10-30,True,Expired
CTR5363BD16E1,CUST100087295,Month-to-Month,2022-06-26,12,2023-06-26,True,Active
CTRDF7934D0B6,CUST100008195,Fixed Term,2024-06-12,12,2025-06-12,False,Active
CTR6E3C9FF521,CUST100062929,Fixed Term,2022-08-27,24,2024-08-27,False,Expired
CTRF1414D1799,CUST100056655,Month-to-Month,2020-11-16,0,,True,Active
CTRC257976CD7,CUST100072420,Fixed Term,2015-04-23,0,,True,Active
CTRC8B2FD5354,CUST100027367,Month-to-Month,2016-11-30,0,,True,Active
CTRF744F52EF5,CUST100092743,Fixed Term,2025-04-15,24,2027-04-15,False,Terminated Early
CTR2DAD51D990,CUST100058983,Month-to-Month,2025-10-16,12,2026-10-16,True,Active
CTR148694CF46,CUST100051863,Fixed Term,2024-09-30,24,2026-09-30,True,Active
CTR43BFAD38DC,CUST100056674,Fixed Term,2021-11-23,0,,False,Active
CTRE35AB09421,CUST100057121,Month-to-Month,2024-07-13,0,,False,Terminated Early
CTRA748D14179,CUST100040438,Fixed Term,2016-12-14,0,,True,Pending Renewal
CTR7E2DBD1B52,CUST100088059,Fixed Term,2018-01-19,0,,False,Active
CTR72372DA3AD,CUST100049275,Fixed Term,2017-01-23,12,2018-01-23,True,Expired
CTRE1776AEDE3,CUST100073299,Fixed Term,2021-08-04,24,2023-08-04,True,Expired
CTR15DBE04AB8,CUST100043202,Fixed Term,2022-04-09,0,,True,Active
CTREAFA854BBF,CUST100052223,Month-to-Month,2023-01-03,24,2025-01-03,False,Terminated Early
CTR71D12BF7E4,CUST100096636,Fixed Term,2020-01-24,0,,False,Active
CTRD76B3F123F,CUST100036820,Fixed Term,2015-05-16,0,,True,Active
CTR9AB948F519,CUST100047382,Fixed Term,2024-02-16,12,2025-02-16,True,Active
CTRBDF1D575F2,CUST100013790,Fixed Term,2024-08-04,0,,False,Pending Renewal
CTR4B5EF3A98D,CUST100061510,Fixed Term,2020-05-31,12,2021-05-31,True,Active
CTR8029F05C2E,CUST100036522,Month-to-Month,2017-08-16,12,2018-08-16,True,Active
CTR0C45B5C2AF,CUST100036385,Month-to-Month,2024-10-30,0,,True,Active
CTR0CB3198E67,CUST100000789,Enterprise SLA,2020-11-10,24,2022-11-10,True,Active
CTR396042E490,CUST100054325,Enterprise SLA,2016-07-18,12,2017-07-18,True,Expired
CTR7915E05F11,CUST100074689,Fixed Term,2021-06-10,24,2023-06-10,False,Active
CTR4B450BAC96,CUST100088048,Month-to-Month,2017-03-08,24,2019-03-08,True,Active
CTRA409595951,CUST100064431,Month-to-Month,2021-07-04,24,2023-07-04,True,Active
CTRF1E976E22F,CUST100019382,Month-to-Month,2016-09-12,24,2018-09-12,False,Active
CTR179D6118BE,CUST100097734,Fixed Term,2021-10-30,24,2023-10-30,True,Terminated Early
CTR25CBE95842,CUST100034363,Month-to-Month,2020-05-15,24,2022-05-15,False,Terminated Early
CTR99D486BAA1,CUST100034822,Month-to-Month,2022-05-26,36,2025-05-26,True,Active
CTR49CD288F63,CUST100056565,Fixed Term,2017-05-05,24,2019-05-05,True,Expired
CTR6288E2DFD0,CUST100024074,Fixed Term,2023-10-15,12,2024-10-15,True,Active
CTR12A39EE23E,CUST100060219,Month-to-Month,2017-04-10,12,2018-04-10,True,Expired
CTR3D1859944C,CUST100076416,Fixed Term,2024-07-26,12,2025-07-26,True,Active
CTR87BABD55A1,CUST100000415,Month-to-Month,2024-06-26,0,,False,Active
CTREAD8C62872,CUST100034461,Fixed Term,2024-07-10,12,2025-07-10,True,Active
CTRE61AE84A82,CUST100069123,Fixed Term,2017-02-28,24,2019-02-28,False,Active
CTRF1A6E3C01E,CUST100055447,Fixed Term,2021-02-15,0,,False,Active
CTR7FDA4AB2D9,CUST100056219,Fixed Term,2025-05-10,24,2027-05-10,True,Terminated Early
CTR68589C4DA6,CUST100058917,Month-to-Month,2025-09-08,0,,True,Active
CTR9FD627D64F,CUST100099640,Fixed Term,2016-08-09,24,2018-08-09,False,Active
CTR39F4216FDB,CUST100055145,Fixed Term,2024-03-18,0,,True,Active
CTR5FA434865C,CUST100050689,Month-to-Month,2015-12-14,24,2017-12-14,False,Expired
CTR0181C33F40,CUST100052210,Month-to-Month,2016-10-04,0,,True,Pending Renewal
CTRA08DDFD5F8,CUST100026253,Fixed Term,2016-06-23,24,2018-06-23,False,Active
CTR97C7D8EAA2,CUST100000514,Month-to-Month,2019-06-15,0,,True,Active
CTRF5AEEDB25E,CUST100048150,Enterprise SLA,2021-09-06,12,2022-09-06,False,Active
CTR1A1117D5C0,CUST100034173,Month-to-Month,2023-08-31,36,2026-08-31,False,Active
CTR87066EDA62,CUST100025178,Fixed Term,2024-05-26,24,2026-05-26,True,Active
CTR976BE60BC4,CUST100003329,Fixed Term,2018-01-13,24,2020-01-13,True,Active
CTRD3429446F3,CUST100077760,Fixed Term,2024-03-05,24,2026-03-05,True,Active
CTR0977C6FCD8,CUST100041272,Fixed Term,2016-10-10,24,2018-10-10,False,Expired
CTRC0627C24A9,CUST100033898,Fixed Term,2022-03-25,24,2024-03-25,False,Active
CTR1193866D40,CUST100009168,Fixed Term,2015-03-18,0,,True,Active
CTR6202BE13AE,CUST100067684,Fixed Term,2021-06-28,24,2023-06-28,True,Active
CTRBE77E08F87,CUST100014318,Month-to-Month,2019-09-02,24,2021-09-02,True,Active
CTR1EEC6012C7,CUST100087505,Fixed Term,2023-06-26,24,2025-06-26,False,Expired
CTRC18109CC7F,CUST100006785,Month-to-Month,2015-05-18,12,2016-05-18,False,Expired
CTRD0A642C6B2,CUST100081991,Month-to-Month,2020-08-28,36,2023-08-28,False,Active
CTR9443F544F2,CUST100026601,Fixed Term,2020-10-22,24,2022-10-22,False,Active
CTRC71A796591,CUST100051430,Fixed Term,2020-03-18,12,2021-03-18,False,Active
CTR51DF19B8A0,CUST100007196,Fixed Term,2017-08-09,24,2019-08-09,False,Active
CTRA147B27B3E,CUST100057897,Month-to-Month,2017-11-21,12,2018-11-21,True,Active
CTRBCD745D04D,CUST100024372,Fixed Term,2025-03-09,24,2027-03-09,False,Active
CTRA32137EF2D,CUST100083476,Fixed Term,2023-04-02,24,2025-04-02,True,Active
CTR5B6450BEF7,CUST100066894,Fixed Term,2021-09-27,0,,True,Active
CTR25A5C4AEC2,CUST100064605,Fixed Term,2016-01-04,24,2018-01-04,True,Terminated Early
CTREF8B83EBA1,CUST100040774,Month-to-Month,2025-06-16,24,2027-06-16,True,Active
CTR045DA668E7,CUST100038877,Month-to-Month,2024-11-17,0,,True,Active
CTR4E978A580A,CUST100003852,Fixed Term,2020-02-22,24,2022-02-22,True,Active
CTRD1AEBFDE0E,CUST100073049,Fixed Term,2015-01-18,0,,True,Active
CTRBD2B4624FF,CUST100048341,Month-to-Month,2025-04-30,24,2027-04-30,True,Active
CTREDA7234745,CUST100013385,Fixed Term,2015-06-07,12,2016-06-07,False,Expired
CTR2229471464,CUST100096621,Enterprise SLA,2016-03-19,24,2018-03-19,True,Active
CTR4F82F8B17C,CUST100050055,Fixed Term,2020-11-27,24,2022-11-27,True,Active
CTR577BCF113A,CUST100064672,Fixed Term,2018-08-14,36,2021-08-14,False,Active
CTR56DB8DD297,CUST100091466,Fixed Term,2018-11-10,36,2021-11-10,False,Active
CTRB3B418774C,CUST100044604,Month-to-Month,2017-12-17,0,,True,Active
CTRBAABBC5D29,CUST100087665,Enterprise SLA,2017-06-13,0,,False,Active
CTRA065F51CA4,CUST100025498,Fixed Term,2024-12-04,12,2025-12-04,False,Active
CTR5FC83E2EBD,CUST100031595,Month-to-Month,2017-07-26,24,2019-07-26,False,Active
CTR5F06BB516A,CUST100083703,Month-to-Month,2024-12-09,0,,False,Active
CTRDBA6C10D92,CUST100008297,Fixed Term,2018-12-07,24,2020-12-07,True,Expired
CTRACD6B30B98,CUST100076542,Fixed Term,2016-12-04,24,2018-12-04,True,Expired
CTR48209CF09D,CUST100034232,Fixed Term,2017-01-21,0,,True,Expired
CTR4F766A7C8A,CUST100086649,Month-to-Month,2019-05-19,24,2021-05-19,False,Active
CTRD96161EFF6,CUST100087120,Fixed Term,2023-07-27,12,2024-07-27,True,Active
CTR107756D667,CUST100036608,Month-to-Month,2020-04-01,0,,False,Active
CTREB6C9E3675,CUST100070345,Month-to-Month,2020-03-25,12,2021-03-25,True,Active
CTR0E1192D514,CUST100030316,Fixed Term,2025-08-05,12,2026-08-05,False,Active
CTRB507A344B7,CUST100047290,Month-to-Month,2019-08-12,12,2020-08-12,True,Pending Renewal
CTRC89C1FF962,CUST100093468,Month-to-Month,2016-10-07,24,2018-10-07,True,Expired
CTR440D0E558E,CUST100010256,Fixed Term,2022-05-16,24,2024-05-16,True,Active
CTRBE44451CA0,CUST100006030,Fixed Term,2025-03-25,12,2026-03-25,True,Terminated Early
CTRC4852EC45F,CUST100097947,Fixed Term,2020-10-14,24,2022-10-14,True,Active
CTR27FBF73ABD,CUST100073222,Fixed Term,2015-01-26,24,2017-01-26,False,Active
CTR3E2FF90086,CUST100022452,Month-to-Month,2024-05-31,24,2026-05-31,True,Active
CTR62766BC3ED,CUST100035464,Month-to-Month,2018-01-27,12,2019-01-27,True,Active
CTR38B3F6A2CE,CUST100099464,Month-to-Month,2018-03-14,12,2019-03-14,False,Active
CTR9D79C9B97D,CUST100024825,Month-to-Month,2025-12-13,24,2027-12-13,False,Pending Renewal
CTR652876228A,CUST100054806,Month-to-Month,2025-10-16,0,,True,Active
CTR155515E1AF,CUST100019671,Fixed Term,2019-08-04,12,2020-08-04,False,Expired
CTR7B8E088A7D,CUST100023276,Month-to-Month,2015-12-26,0,,True,Expired
CTR87C4C9790D,CUST100050107,Fixed Term,2024-08-06,24,2026-08-06,True,Expired
CTR782458683C,CUST100045466,Fixed Term,2022-09-19,12,2023-09-19,True,Expired
CTRA31786B887,CUST100046446,Fixed Term,2015-11-28,12,2016-11-28,False,Terminated Early
CTR6809CEAB0D,CUST100056103,Fixed Term,2022-03-06,36,2025-03-06,False,Terminated Early
CTR6E8F56954C,CUST100094178,Month-to-Month,2023-10-26,24,2025-10-26,True,Active
CTRFA3C44B9E5,CUST100090188,Month-to-Month,2021-11-19,0,,False,Terminated Early
CTRB527D523D1,CUST100033106,Month-to-Month,2018-04-22,24,2020-04-22,False,Active
CTR2A03B8703C,CUST100099817,Enterprise SLA,2019-02-15,12,2020-02-15,False,Active
CTR4C3BAD16B2,CUST100098600,Fixed Term,2022-02-25,24,2024-02-25,False,Active
CTR440165637A,CUST100000267,Month-to-Month,2024-12-09,12,2025-12-09,True,Terminated Early
CTR3A4C9AC9F5,CUST100067341,Month-to-Month,2022-07-30,12,2023-07-30,True,Active
CTRA4739CABB7,CUST100087620,Month-to-Month,2023-12-21,24,2025-12-21,False,Active
CTR93B68C14B8,CUST100001637,Fixed Term,2024-04-24,0,,True,Active
CTRC4888B55BF,CUST100079770,Month-to-Month,2022-01-05,24,2024-01-05,False,Pending Renewal
CTR54FDABF096,CUST100050871,Fixed Term,2023-12-24,12,2024-12-24,True,Expired
CTRE70782DCF3,CUST100009068,Fixed Term,2019-03-10,12,2020-03-10,True,Active
CTRFB8C97CEF8,CUST100032182,Month-to-Month,2017-11-23,0,,False,Terminated Early
CTR08BBD5364A,CUST100078613,Fixed Term,2021-09-21,12,2022-09-21,True,Expired
CTRE50171A8F5,CUST100091324,Month-to-Month,2022-06-28,12,2023-06-28,True,Active
CTR57F48EFE80,CUST100089342,Fixed Term,2020-01-25,0,,True,Active
CTR82C3D09BB8,CUST100028074,Fixed Term,2018-09-26,12,2019-09-26,False,Active
CTR4F7E02849C,CUST100042845,Fixed Term,2015-08-12,12,2016-08-12,False,Active
CTRA2DF20EDB0,CUST100017903,Fixed Term,2019-03-15,24,2021-03-15,True,Active
CTRB8CD0BC991,CUST100077073,Fixed Term,2016-11-28,24,2018-11-28,True,Active
CTR1AF0EA95D5,CUST100031926,Enterprise SLA,2015-02-26,24,2017-02-26,False,Active
CTR76841D2F68,CUST100064620,Fixed Term,2016-09-29,24,2018-09-29,True,Terminated Early
CTRD10B8A7FCE,CUST100069900,Month-to-Month,2023-01-18,24,2025-01-18,False,Active
CTRA174836B58,CUST100003411,Fixed Term,2022-09-05,12,2023-09-05,False,Active
CTRCF231034C9,CUST100086122,Fixed Term,2023-04-01,12,2024-04-01,True,Active
CTR864798FD92,CUST100009480,Month-to-Month,2025-06-15,0,,True,Active
CTR2FCA93B342,CUST100058048,Month-to-Month,2018-12-18,24,2020-12-18,False,Terminated Early
CTR7470759ED7,CUST100047068,Month-to-Month,2017-03-04,12,2018-03-04,False,Expired
CTR30E4578557,CUST100077411,Fixed Term,2019-07-08,24,2021-07-08,True,Active
CTRF7F49F418F,CUST100056499,Fixed Term,2023-03-04,36,2026-03-04,True,Expired
CTR7EDC9053CF,CUST100023062,Fixed Term,2018-07-27,24,2020-07-27,True,Expired
CTR9717CC8127,CUST100059287,Month-to-Month,2015-06-16,12,2016-06-16,True,Active
CTRBFCBDBE032,CUST100074127,Fixed Term,2017-12-01,24,2019-12-01,False,Active
CTREE5A479DC5,CUST100063140,Fixed Term,2023-12-06,24,2025-12-06,False,Terminated Early
CTR9BD36F0411,CUST100081660,Fixed Term,2015-06-01,12,2016-06-01,True,Active
CTRDF25E0868B,CUST100043132,Fixed Term,2015-11-23,24,2017-11-23,False,Active
CTRF3D4D267ED,CUST100015663,Month-to-Month,2016-04-02,24,2018-04-02,True,Active
CTR2E7ECD186C,CUST100012622,Enterprise SLA,2024-02-20,24,2026-02-20,True,Active
CTRBC07F8996B,CUST100095111,Month-to-Month,2018-12-06,0,,False,Active
CTRB7A4E9B4A9,CUST100013191,Fixed Term,2024-02-29,12,2025-02-28,True,Active
CTR44FE656325,CUST100075268,Fixed Term,2015-07-01,24,2017-07-01,False,Active
CTRC39CA3D6AC,CUST100006367,Month-to-Month,2023-06-30,24,2025-06-30,True,Active
CTRDB8937E637,CUST100077174,Month-to-Month,2015-03-12,24,2017-03-12,True,Active
CTR385BC99979,CUST100045826,Month-to-Month,2017-06-12,0,,True,Terminated Early
CTRCE48B3A156,CUST100015173,Fixed Term,2022-06-18,0,,True,Pending Renewal
CTRA4B916E52F,CUST100009636,Month-to-Month,2022-12-02,0,,True,Pending Renewal
CTRCED4EC5474,CUST100006075,Fixed Term,2022-03-25,0,,False,Active
CTRA4524E6D92,CUST100006278,Fixed Term,2023-03-16,0,,False,Active
CTR0609F1F87C,CUST100021296,Fixed Term,2025-07-11,0,,False,Active
CTRB1F1504D93,CUST100012790,Month-to-Month,2017-03-31,12,2018-03-31,True,Active
CTR628105C42E,CUST100009534,Fixed Term,2015-10-13,24,2017-10-13,True,Active
CTRAB01778CF1,CUST100002516,Fixed Term,2023-09-04,24,2025-09-04,False,Pending Renewal
CTR1094301A53,CUST100029614,Enterprise SLA,2016-01-16,24,2018-01-16,False,Active
CTR7C278F8871,CUST100013853,Fixed Term,2015-05-11,0,,True,Active
CTR567C2D73E9,CUST100064768,Month-to-Month,2025-02-17,24,2027-02-17,False,Active
CTR8BC6A1C9F8,CUST100050833,Month-to-Month,2017-04-08,0,,False,Active
CTR35ADBE595B,CUST100056681,Month-to-Month,2023-04-15,24,2025-04-15,True,Terminated Early
CTR773BF66D73,CUST100058913,Month-to-Month,2024-03-18,24,2026-03-18,True,Active
CTR0362938C0D,CUST100059049,Fixed Term,2021-03-30,0,,True,Active
CTR53ECBAACAD,CUST100045060,Month-to-Month,2021-07-20,12,2022-07-20,True,Active
CTR0F157833B6,CUST100066656,Fixed Term,2023-06-16,0,,True,Active
CTRF6D87955F8,CUST100044719,Fixed Term,2022-08-30,12,2023-08-30,True,Active
CTR1AF14AB2EB,CUST100083522,Fixed Term,2016-12-20,24,2018-12-20,True,Active
CTR01C60022C9,CUST100095041,Fixed Term,2015-08-04,0,,False,Active
CTRB6C2AA6BD5,CUST100042946,Month-to-Month,2021-06-20,12,2022-06-20,True,Active
CTR0032257DA3,CUST100013038,Month-to-Month,2022-03-26,24,2024-03-26,True,Active
CTR969AEA0433,CUST100073898,Fixed Term,2018-07-11,12,2019-07-11,True,Expired
CTR3EEACAAA2E,CUST100079816,Fixed Term,2021-01-26,0,,True,Active
CTR81F31693DD,CUST100071304,Fixed Term,2023-02-28,0,,False,Active
CTR2EE4D41844,CUST100020537,Month-to-Month,2019-07-11,0,,False,Active
CTR0B632C9044,CUST100005262,Month-to-Month,2021-02-02,12,2022-02-02,True,Active
CTR4BE158BDAF,CUST100019521,Month-to-Month,2024-06-06,24,2026-06-06,True,Active
CTR1C32487F68,CUST100050037,Fixed Term,2025-04-20,12,2026-04-20,True,Active
CTRD101FB8ACD,CUST100003358,Fixed Term,2021-03-10,24,2023-03-10,True,Terminated Early
CTR29AF901205,CUST100007004,Fixed Term,2020-05-09,24,2022-05-09,False,Active
CTR907405C9B0,CUST100076423,Month-to-Month,2017-08-18,0,,True,Expired
CTR7B2281A289,CUST100067076,Fixed Term,2021-03-11,24,2023-03-11,True,Active
CTRECC5652CDA,CUST100031002,Fixed Term,2020-05-13,0,,True,Terminated Early
CTR3EE227157A,CUST100039308,Month-to-Month,2025-07-09,12,2026-07-09,False,Expired
CTRBC5CD13A28,CUST100080035,Month-to-Month,2020-09-18,24,2022-09-18,True,Active
CTRBA48C4E93A,CUST100014116,Month-to-Month,2022-01-06,0,,False,Terminated Early
CTR8FFD85F19C,CUST100019041,Fixed Term,2018-01-09,0,,True,Active
CTR2001D05354,CUST100088018,Month-to-Month,2025-06-09,24,2027-06-09,True,Active
CTR5257A0CBC9,CUST100030229,Fixed Term,2024-01-13,12,2025-01-13,True,Pending Renewal
CTR276ED5DEDA,CUST100057933,Month-to-Month,2023-12-05,12,2024-12-05,True,Terminated Early
CTR2D69C849DE,CUST100091526,Fixed Term,2020-07-08,0,,True,Active
CTR9C8703F24F,CUST100066447,Fixed Term,2025-04-14,0,,True,Active
CTR3547197F33,CUST100027363,Fixed Term,2022-09-23,24,2024-09-23,True,Terminated Early
CTR13DD6FC36B,CUST100002194,Fixed Term,2018-03-19,0,,True,Active
CTRAA6FD25E55,CUST100006575,Fixed Term,2017-06-30,0,,True,Active
CTR8C0B39D62B,CUST100087731,Fixed Term,2022-08-13,12,2023-08-13,False,Active
CTRD9BD09A9AA,CUST100084759,Fixed Term,2016-07-02,36,2019-07-02,True,Terminated Early
CTR675006D2A1,CUST100071491,Fixed Term,2018-07-25,0,,False,Active
CTRCA6B7B0555,CUST100071328,Fixed Term,2020-03-31,24,2022-03-31,True,Expired
CTR76B7747C7F,CUST100017627,Month-to-Month,2024-01-26,0,,False,Terminated Early
CTR1AA673D06D,CUST100004290,Fixed Term,2018-11-23,0,,True,Expired
CTRA131179C15,CUST100068907,Fixed Term,2020-06-08,24,2022-06-08,False,Active
CTRDF468AE832,CUST100073874,Month-to-Month,2020-11-01,12,2021-11-01,True,Active
CTR8689096348,CUST100086943,Fixed Term,2015-06-21,0,,True,Expired
CTR9544A09C83,CUST100078258,Enterprise SLA,2016-01-04,0,,True,Active
CTR91AE2F9667,CUST100041962,Month-to-Month,2016-11-06,0,,True,Active
CTRF023327B1D,CUST100065869,Fixed Term,2018-11-11,0,,False,Active
CTR1042DDAC05,CUST100048103,Fixed Term,2015-05-05,12,2016-05-05,False,Active
CTR3CA758DC21,CUST100041802,Fixed Term,2018-05-23,24,2020-05-23,True,Expired
CTRD4EB97CD23,CUST100021052,Fixed Term,2019-10-20,24,2021-10-20,True,Expired
CTR90350FE0D1,CUST100040784,Fixed Term,2018-12-06,24,2020-12-06,True,Expired
CTR59558E38CE,CUST100084727,Fixed Term,2024-04-13,24,2026-04-13,True,Active
CTRFE587052F9,CUST100013089,Month-to-Month,2017-05-08,0,,False,Active
CTR38414EDBE2,CUST100065534,Fixed Term,2020-09-28,0,,True,Active
CTRD8FE3C03AF,CUST100094558,Month-to-Month,2020-01-04,12,2021-01-04,True,Active
CTR8C2A6FD703,CUST100010377,Fixed Term,2022-05-12,36,2025-05-12,False,Active
CTR5AABA3FFDD,CUST100035491,Month-to-Month,2018-07-20,12,2019-07-20,True,Active
CTR04F98BB248,CUST100074379,Fixed Term,2015-05-28,12,2016-05-28,False,Active
CTRF4EE6BAB4E,CUST100012400,Fixed Term,2020-04-04,12,2021-04-04,False,Active
CTR6A275C6E2A,CUST100031613,Fixed Term,2017-08-22,12,2018-08-22,True,Active
CTR19B220359C,CUST100083556,Month-to-Month,2016-03-03,12,2017-03-03,True,Expired
CTR7731151A2B,CUST100011269,Month-to-Month,2016-11-13,0,,True,Expired
CTRDF78EB3B29,CUST100079406,Fixed Term,2020-05-28,12,2021-05-28,True,Terminated Early
CTR06D7C90347,CUST100030532,Fixed Term,2018-06-08,0,,True,Active
CTRFEB61683BF,CUST100027387,Month-to-Month,2022-05-28,24,2024-05-28,False,Expired
CTR0F553B92DA,CUST100086246,Fixed Term,2019-02-26,0,,False,Active
CTR1D52B5DECB,CUST100098873,Fixed Term,2025-10-23,24,2027-10-23,True,Active
CTRE299190902,CUST100014931,Fixed Term,2025-12-31,24,2027-12-31,True,Active
CTRE9FDFD0C1D,CUST100027931,Fixed Term,2019-09-24,24,2021-09-24,True,Active
CTRBF97F3AA1B,CUST100034334,Fixed Term,2025-03-02,36,2028-03-02,True,Active
CTR0A01064E14,CUST100022090,Fixed Term,2018-06-10,24,2020-06-10,False,Expired
CTR0A72BBB28D,CUST100037636,Month-to-Month,2017-02-06,0,,False,Expired
CTR32D471E6AA,CUST100061704,Month-to-Month,2021-03-28,24,2023-03-28,False,Active
CTRB95E43C4F8,CUST100030904,Fixed Term,2017-02-16,12,2018-02-16,False,Pending Renewal
CTREBB736CE8D,CUST100051206,Fixed Term,2023-10-06,24,2025-10-06,True,Active
CTRB9A084D4B6,CUST100007001,Fixed Term,2025-01-18,12,2026-01-18,True,Terminated Early
CTRF5F9F9413B,CUST100088565,Fixed Term,2015-04-01,24,2017-04-01,True,Active
CTRFD4F6FCC01,CUST100038729,Month-to-Month,2016-01-08,24,2018-01-08,True,Active
CTRC8FC4B0D8C,CUST100000045,Fixed Term,2018-06-06,12,2019-06-06,True,Active
CTR3F8E28FF63,CUST100031264,Month-to-Month,2018-02-26,12,2019-02-26,False,Active
CTR6AD4252999,CUST100085828,Month-to-Month,2020-01-04,0,,True,Active
CTR7D7D6220FF,CUST100037651,Fixed Term,2017-04-07,24,2019-04-07,True,Active
CTR84F69AE1E1,CUST100077048,Month-to-Month,2022-05-20,24,2024-05-20,True,Active
CTRCB82556993,CUST100015923,Fixed Term,2020-04-03,0,,True,Active
CTR0877D11F93,CUST100013288,Month-to-Month,2015-02-09,24,2017-02-09,True,Expired
CTR90134BD8F8,CUST100007738,Fixed Term,2022-11-27,12,2023-11-27,True,Terminated Early
CTRFF86473F2B,CUST100085565,Month-to-Month,2019-03-20,24,2021-03-20,True,Active
CTR86FB5B7DC8,CUST100020785,Month-to-Month,2022-07-26,12,2023-07-26,True,Active
CTR221B572AF8,CUST100047098,Fixed Term,2024-09-12,12,2025-09-12,False,Active
CTR1C7A7FCC34,CUST100019851,Month-to-Month,2016-05-06,24,2018-05-06,False,Active
CTR55396B0A86,CUST100085508,Month-to-Month,2022-08-11,0,,False,Active
CTRA67DF29FE1,CUST100085514,Month-to-Month,2023-04-29,0,,True,Active
CTR8502A381D5,CUST100051535,Fixed Term,2015-06-20,36,2018-06-20,True,Active
CTRF0BB988550,CUST100031941,Month-to-Month,2017-07-25,0,,False,Active
CTREDF9B599E2,CUST100029325,Month-to-Month,2020-10-21,0,,False,Active
CTR34086B9D84,CUST100086635,Month-to-Month,2021-11-05,36,2024-11-05,True,Active
CTR70AEE69744,CUST100099992,Month-to-Month,2017-09-30,12,2018-09-30,True,Active
CTR55CB15CDBF,CUST100085229,Enterprise SLA,2022-07-09,24,2024-07-09,False,Active
CTRCBC13F1D66,CUST100033482,Month-to-Month,2017-01-31,24,2019-01-31,True,Active
CTR1929DB76DA,CUST100022124,Month-to-Month,2016-10-07,0,,True,Terminated Early
CTR5F1749F5FE,CUST100051411,Month-to-Month,2023-02-06,24,2025-02-06,True,Active
CTRC8B1DBE211,CUST100056789,Month-to-Month,2023-09-01,12,2024-09-01,False,Active
CTR50BD7D63F5,CUST100038202,Month-to-Month,2023-04-02,12,2024-04-02,False,Expired
CTRE75C13507A,CUST100023272,Fixed Term,2025-08-24,12,2026-08-24,True,Pending Renewal
CTRE894333F93,CUST100043444,Fixed Term,2024-04-24,12,2025-04-24,False,Active
CTR6E1E1BFEED,CUST100020040,Fixed Term,2024-07-06,0,,True,Pending Renewal
CTR68723F6CCE,CUST100037854,Fixed Term,2021-07-07,24,2023-07-07,True,Pending Renewal
CTR8AA5F541F2,CUST100039199,Fixed Term,2020-09-26,12,2021-09-26,True,Expired
CTRBFC4E007F9,CUST100006823,Fixed Term,2021-03-02,12,2022-03-02,False,Active
CTR9B26ECE795,CUST100007442,Fixed Term,2022-06-04,12,2023-06-04,True,Pending Renewal
CTRFC60B9DEA0,CUST100002443,Month-to-Month,2025-12-16,24,2027-12-16,True,Terminated Early
CTRA5FE33733F,CUST100033584,Fixed Term,2019-11-18,24,2021-11-18,True,Active
CTR13B95937D8,CUST100097275,Fixed Term,2016-02-25,12,2017-02-25,True,Terminated Early
CTR3706C57AD1,CUST100067254,Month-to-Month,2015-01-06,24,2017-01-06,False,Terminated Early
CTRCFD79128F9,CUST100037725,Fixed Term,2025-05-21,12,2026-05-21,False,Active
CTR9C123B51C9,CUST100041944,Fixed Term,2023-12-30,24,2025-12-30,False,Active
CTR295BEE3D41,CUST100092022,Month-to-Month,2019-11-15,0,,True,Active
CTR27A997DEA0,CUST100062194,Month-to-Month,2018-06-20,12,2019-06-20,True,Terminated Early
CTR324BCAFAAA,CUST100001524,Fixed Term,2018-01-24,0,,False,Active
CTRAB688DEAD3,CUST100049478,Fixed Term,2023-08-28,24,2025-08-28,True,Active
CTR40D93CE70A,CUST100095021,Month-to-Month,2022-01-04,24,2024-01-04,True,Active
CTRD666F147DD,CUST100095970,Fixed Term,2019-10-08,24,2021-10-08,True,Terminated Early
CTRA2E4A8F16F,CUST100026527,Fixed Term,2018-07-23,0,,True,Pending Renewal
CTR5D040C19DC,CUST100047552,Month-to-Month,2024-11-03,24,2026-11-03,False,Active
CTR1D2B3DED54,CUST100041017,Month-to-Month,2019-10-16,0,,False,Active
CTR6257693639,CUST100090933,Month-to-Month,2025-08-14,0,,True,Active
CTR058BE72B30,CUST100069348,Month-to-Month,2022-12-29,0,,True,Active
CTR995336D0F8,CUST100041551,Month-to-Month,2023-12-27,24,2025-12-27,False,Pending Renewal
CTRC33C6B94CD,CUST100099055,Month-to-Month,2019-04-19,0,,True,Active
CTR4947941D83,CUST100035258,Month-to-Month,2022-06-21,12,2023-06-21,True,Active
CTR8AA3C7DD0F,CUST100015031,Month-to-Month,2018-03-15,24,2020-03-15,False,Active
CTR86193FF77B,CUST100006517,Fixed Term,2023-10-18,0,,True,Active
CTRB3BC7DCF2C,CUST100096858,Month-to-Month,2024-09-04,24,2026-09-04,False,Pending Renewal
CTRCB3754AAEC,CUST100084389,Fixed Term,2023-02-06,36,2026-02-06,False,Expired
CTR9FE771C7CC,CUST100086073,Month-to-Month,2017-10-21,24,2019-10-21,True,Active
CTR8CF6D799AA,CUST100039914,Fixed Term,2016-10-10,12,2017-10-10,True,Active
CTRDF445EBBD9,CUST100084456,Fixed Term,2019-01-13,0,,False,Expired
CTRE1C694B243,CUST100082687,Fixed Term,2023-01-01,24,2025-01-01,True,Active
CTR22EF942D7B,CUST100019132,Month-to-Month,2024-08-20,0,,True,Terminated Early
CTRF845825202,CUST100095756,Month-to-Month,2021-11-19,0,,False,Active
CTRAE5131E506,CUST100021986,Enterprise SLA,2021-12-14,24,2023-12-14,False,Active
CTR4948866E10,CUST100064437,Enterprise SLA,2021-01-29,12,2022-01-29,True,Active
CTR48B580B8FA,CUST100015467,Month-to-Month,2018-07-17,0,,True,Active
CTR78880A8FCA,CUST100022110,Fixed Term,2020-08-09,0,,False,Expired
CTR9D95C41AD5,CUST100039101,Month-to-Month,2017-06-25,24,2019-06-25,False,Pending Renewal
CTR7968FBA6D7,CUST100093705,Fixed Term,2018-07-12,24,2020-07-12,False,Expired
CTR042FED8510,CUST100093065,Fixed Term,2025-11-07,12,2026-11-07,True,Active
CTRFEF53E87D4,CUST100043636,Fixed Term,2018-11-16,24,2020-11-16,True,Expired
CTRE231E87381,CUST100018218,Month-to-Month,2015-05-21,12,2016-05-21,True,Active
CTRF90600213E,CUST100004824,Month-to-Month,2017-09-15,36,2020-09-15,True,Expired
CTR8D9C90D42F,CUST100013145,Fixed Term,2024-07-07,24,2026-07-07,False,Active
CTR2550FCCC6C,CUST100005709,Fixed Term,2018-03-11,24,2020-03-11,True,Active
CTRE51F93307A,CUST100096934,Month-to-Month,2018-11-21,0,,False,Active
CTR6675485A23,CUST100081170,Fixed Term,2024-07-02,0,,False,Expired
CTR019F9295EC,CUST100001221,Fixed Term,2023-12-20,0,,True,Active
CTR1F1C2DD42D,CUST100040935,Fixed Term,2020-03-06,0,,True,Active
CTRCE1FF10D78,CUST100073091,Fixed Term,2019-11-01,0,,False,Active
CTRE3280A06F3,CUST100012051,Fixed Term,2017-01-06,36,2020-01-06,False,Expired
CTRE84CC52140,CUST100012969,Enterprise SLA,2023-05-07,0,,False,Active
CTRB311AD6AD5,CUST100012001,Month-to-Month,2019-10-14,24,2021-10-14,False,Active
CTRA39AFBA2E4,CUST100097048,Fixed Term,2022-03-04,24,2024-03-04,False,Expired
CTR1ED052ED48,CUST100012041,Month-to-Month,2019-12-30,24,2021-12-30,True,Expired
CTRF6B60E5F89,CUST100001499,Fixed Term,2018-12-31,24,2020-12-31,False,Active
CTR9C8E102CD0,CUST100049420,Month-to-Month,2024-07-07,24,2026-07-07,True,Active
CTR0925C1A65E,CUST100046550,Month-to-Month,2017-03-25,0,,True,Terminated Early
CTRDDAC75DD95,CUST100023878,Fixed Term,2024-12-30,0,,False,Terminated Early
CTR6361648859,CUST100017457,Fixed Term,2019-01-24,24,2021-01-24,True,Expired
CTR41AF4A581A,CUST100073599,Enterprise SLA,2017-07-18,24,2019-07-18,True,Expired
CTR9C2D9F141A,CUST100027214,Fixed Term,2017-11-04,24,2019-11-04,True,Active
CTRB014876594,CUST100098029,Enterprise SLA,2022-05-08,12,2023-05-08,False,Expired
CTR8F17D4FDC9,CUST100053036,Fixed Term,2016-07-20,0,,False,Active
CTR1429BBA243,CUST100043192,Fixed Term,2019-09-19,12,2020-09-19,True,Active
CTR15106235CF,CUST100070693,Fixed Term,2025-07-08,0,,True,Terminated Early
CTR9D1E0FF192,CUST100097623,Fixed Term,2015-08-26,12,2016-08-26,True,Active
CTRED6F27430F,CUST100043671,Fixed Term,2019-04-04,0,,True,Active
CTR9C8432DCE5,CUST100068743,Fixed Term,2024-03-15,24,2026-03-15,True,Active
CTR21FAB0069D,CUST100054467,Fixed Term,2019-05-17,12,2020-05-17,False,Pending Renewal
CTR153771CE39,CUST100072362,Fixed Term,2018-08-08,12,2019-08-08,True,Expired
CTRBA227C13E2,CUST100044474,Fixed Term,2022-08-10,0,,False,Active
CTRF1CBD3529F,CUST100027735,Fixed Term,2017-07-16,12,2018-07-16,True,Expired
CTRCEDF54B9A1,CUST100025185,Month-to-Month,2024-08-26,0,,False,Expired
CTR9F97535231,CUST100054484,Fixed Term,2015-06-11,12,2016-06-11,True,Active
CTR5AEB12934D,CUST100006912,Fixed Term,2021-05-15,24,2023-05-15,False,Active
CTR918DEA4229,CUST100065558,Fixed Term,2023-12-03,12,2024-12-03,False,Expired
CTR60AC3CBBED,CUST100099542,Month-to-Month,2020-02-01,0,,True,Pending Renewal
CTR8263BDCD1C,CUST100069478,Month-to-Month,2016-08-14,0,,True,Expired
CTR70F6247E6C,CUST100080273,Fixed Term,2022-05-20,24,2024-05-20,True,Expired
CTRA12BB58265,CUST100064454,Fixed Term,2015-06-07,24,2017-06-07,True,Active
CTRF7B2807259,CUST100027581,Fixed Term,2025-03-14,12,2026-03-14,False,Active
CTR0242AD8981,CUST100015525,Enterprise SLA,2022-03-07,12,2023-03-07,False,Active
CTR6C64F9576F,CUST100097776,Month-to-Month,2015-02-10,0,,True,Expired
CTRCF5C4B8EB2,CUST100035016,Month-to-Month,2018-11-25,12,2019-11-25,True,Active
CTR41A97EE1E2,CUST100061672,Month-to-Month,2018-10-14,12,2019-10-14,True,Active
CTRE05322B186,CUST100097150,Fixed Term,2015-07-15,0,,False,Active
CTRCC01D57A47,CUST100001453,Fixed Term,2025-11-08,0,,False,Active
CTR998969BDC1,CUST100085243,Month-to-Month,2022-12-08,12,2023-12-08,True,Active
CTRDF04F73205,CUST100052351,Month-to-Month,2018-10-25,0,,True,Active
CTR5276B89F54,CUST100020982,Month-to-Month,2021-05-02,24,2023-05-02,True,Pending Renewal
CTR9350E230F6,CUST100091430,Enterprise SLA,2019-12-20,36,2022-12-20,True,Active
CTR0931C524B8,CUST100076585,Fixed Term,2022-05-01,0,,True,Pending Renewal
CTRAC4B802439,CUST100037369,Fixed Term,2022-03-10,0,,True,Active
CTRB47D2F09D7,CUST100062000,Month-to-Month,2022-06-23,12,2023-06-23,True,Active
CTR6FE8859C90,CUST100038554,Enterprise SLA,2019-08-29,0,,False,Active
CTR629C85BFD6,CUST100079557,Fixed Term,2016-10-18,0,,True,Active
CTRE8FE02ACD3,CUST100091530,Month-to-Month,2018-08-07,24,2020-08-07,False,Active
CTRBEC74F2232,CUST100069458,Fixed Term,2020-04-09,12,2021-04-09,False,Active
CTR1E261A03C0,CUST100037407,Month-to-Month,2020-01-14,24,2022-01-14,True,Active
CTR516B345942,CUST100090474,Fixed Term,2022-03-26,12,2023-03-26,False,Active
CTRCD37F4C32F,CUST100026220,Fixed Term,2019-02-10,12,2020-02-10,False,Active
CTREECEB0FC69,CUST100031910,Fixed Term,2017-11-03,0,,True,Active
CTR7A99D6EF92,CUST100098869,Fixed Term,2025-01-25,0,,True,Active
CTRBA287461F8,CUST100011480,Fixed Term,2018-06-05,24,2020-06-05,False,Active
CTR5CD0ABFFD6,CUST100005577,Fixed Term,2022-06-22,0,,True,Active
CTR920B999FAF,CUST100076399,Month-to-Month,2021-07-12,0,,True,Active
CTR175B0F272B,CUST100017655,Month-to-Month,2016-03-20,12,2017-03-20,True,Active
CTR7AD662B178,CUST100094858,Month-to-Month,2025-06-17,0,,False,Expired
CTR5DE0C59AE9,CUST100002387,Month-to-Month,2020-08-15,0,,True,Expired
CTRC5F091376A,CUST100002643,Fixed Term,2022-02-24,12,2023-02-24,False,Active
CTR37F540A4D2,CUST100080134,Month-to-Month,2025-02-24,12,2026-02-24,False,Active
CTR3E7A314844,CUST100085540,Fixed Term,2018-05-03,0,,True,Active
CTR45136CA4D5,CUST100005322,Month-to-Month,2016-10-19,36,2019-10-19,True,Active
CTR0865F31644,CUST100034295,Fixed Term,2020-02-27,12,2021-02-27,True,Expired
CTRD2A67A2EF1,CUST100029967,Fixed Term,2021-03-19,24,2023-03-19,True,Active
CTR7DC9852CFA,CUST100037374,Month-to-Month,2015-06-07,0,,False,Active
CTRD77B8EDD89,CUST100055767,Fixed Term,2020-12-05,24,2022-12-05,False,Active
CTRA6C5CD2D4E,CUST100001344,Month-to-Month,2020-05-29,24,2022-05-29,False,Active
CTR9DA2AE9408,CUST100065461,Month-to-Month,2022-04-18,24,2024-04-18,True,Active
CTR521C39FF69,CUST100037004,Month-to-Month,2019-12-20,0,,True,Active
CTR83A339176D,CUST100038078,Month-to-Month,2024-10-21,0,,True,Active
CTRB3243B25C8,CUST100001760,Fixed Term,2023-03-22,24,2025-03-22,True,Active
CTR1E34D572D0,CUST100079931,Month-to-Month,2021-06-07,24,2023-06-07,True,Active
CTR0E4616B400,CUST100018593,Fixed Term,2020-12-05,12,2021-12-05,True,Active
CTR9AFBFE4F6E,CUST100006020,Month-to-Month,2020-07-29,24,2022-07-29,True,Active
CTR13806FECAF,CUST100069496,Fixed Term,2022-08-28,36,2025-08-28,False,Terminated Early
CTR8920D4265C,CUST100055563,Month-to-Month,2024-06-15,12,2025-06-15,True,Expired
CTRCE070DB880,CUST100048146,Month-to-Month,2021-11-23,0,,True,Terminated Early
CTR32620931C8,CUST100021815,Fixed Term,2015-01-30,24,2017-01-30,True,Active
CTR29BF11C240,CUST100008484,Fixed Term,2024-05-04,24,2026-05-04,False,Active
CTREE2C177748,CUST100035005,Fixed Term,2020-04-11,24,2022-04-11,False,Active
CTRB3C319BFFB,CUST100043142,Fixed Term,2024-07-20,12,2025-07-20,True,Active
CTR588BAC595F,CUST100005398,Fixed Term,2016-03-11,12,2017-03-11,True,Active
CTRAC6059B7BF,CUST100061819,Fixed Term,2025-02-12,24,2027-02-12,False,Active
CTR4459C7AD41,CUST100042755,Fixed Term,2023-06-27,0,,True,Active
CTRE4E5FA74D3,CUST100090429,Month-to-Month,2016-04-23,24,2018-04-23,False,Active
CTREEBBFA8058,CUST100015847,Fixed Term,2018-09-19,0,,True,Active
CTRE6EC456E24,CUST100017735,Month-to-Month,2024-09-18,12,2025-09-18,True,Active
CTR2BDC3F7E83,CUST100090911,Fixed Term,2024-10-02,36,2027-10-02,False,Expired
CTRFC70F50E5E,CUST100092516,Month-to-Month,2025-02-16,24,2027-02-16,True,Expired
CTR226655C119,CUST100050390,Fixed Term,2022-11-28,0,,True,Active
CTRD7F7C55E5E,CUST100087500,Fixed Term,2020-02-04,0,,False,Active
CTRFE97190535,CUST100028791,Fixed Term,2024-01-11,36,2027-01-11,True,Active
CTRB132C22019,CUST100016050,Fixed Term,2016-08-16,0,,True,Active
CTR809D13130E,CUST100028364,Month-to-Month,2015-07-09,24,2017-07-09,True,Active
CTR027234013B,CUST100044420,Month-to-Month,2019-08-06,24,2021-08-06,True,Pending Renewal
CTR96AA8C0D10,CUST100025221,Fixed Term,2018-07-24,12,2019-07-24,True,Active
CTR6B0321A932,CUST100008932,Month-to-Month,2018-10-23,24,2020-10-23,True,Active
CTR5E125AA880,CUST100030843,Fixed Term,2021-06-30,12,2022-06-30,False,Terminated Early
CTR7BCF3E4C51,CUST100085554,Fixed Term,2017-03-21,24,2019-03-21,True,Active
CTRB2CA3ED142,CUST100076012,Fixed Term,2015-08-22,12,2016-08-22,True,Active
CTRA96DCDBA65,CUST100001693,Fixed Term,2022-05-10,0,,False,Active
CTR74511FC2A5,CUST100015341,Month-to-Month,2017-06-21,0,,True,Active
CTR11DD3A197A,CUST100054509,Fixed Term,2017-06-03,24,2019-06-03,True,Active
CTRF2EA10EF6B,CUST100079587,Fixed Term,2023-01-20,24,2025-01-20,False,Pending Renewal
CTRD4DA86653A,CUST100018948,Month-to-Month,2018-07-05,36,2021-07-05,True,Active
CTR20F5C6C394,CUST100026762,Fixed Term,2025-02-08,24,2027-02-08,True,Active
CTRF02F21C390,CUST100086788,Month-to-Month,2019-04-02,12,2020-04-02,True,Expired
CTR4B90157F26,CUST100036455,Fixed Term,2021-09-21,0,,False,Expired
CTRC1C5F03D1E,CUST100081826,Month-to-Month,2023-03-22,24,2025-03-22,False,Active
CTR9215AE812B,CUST100025093,Month-to-Month,2018-08-20,24,2020-08-20,False,Active
CTR44216B6610,CUST100093082,Fixed Term,2017-08-24,12,2018-08-24,True,Active
CTREAE0A4798A,CUST100018765,Fixed Term,2020-11-27,12,2021-11-27,True,Active
CTR18B8736952,CUST100035554,Month-to-Month,2020-11-16,24,2022-11-16,True,Active
CTRC058EBBF68,CUST100085164,Month-to-Month,2019-12-28,0,,True,Active
CTR37ED3D203E,CUST100077869,Fixed Term,2025-06-10,24,2027-06-10,True,Terminated Early
CTRBB93406ED9,CUST100038710,Month-to-Month,2019-07-14,12,2020-07-14,True,Terminated Early
CTR473305186F,CUST100040124,Month-to-Month,2020-12-12,24,2022-12-12,False,Active
CTR3566950E05,CUST100046748,Month-to-Month,2016-07-16,24,2018-07-16,False,Active
CTRE8AB2EDBB3,CUST100073691,Fixed Term,2021-12-19,0,,False,Active
CTRAEA4931965,CUST100079269,Month-to-Month,2024-11-10,0,,False,Expired
CTR58D352AA2D,CUST100014195,Month-to-Month,2017-10-07,0,,True,Active
CTR0F3C8174E9,CUST100010686,Fixed Term,2018-08-10,24,2020-08-10,True,Active
CTR2570621F77,CUST100058094,Fixed Term,2018-07-08,24,2020-07-08,True,Expired
CTR3C2868E217,CUST100068533,Fixed Term,2022-03-15,12,2023-03-15,False,Active
CTR8200E6CE06,CUST100053118,Fixed Term,2025-10-18,0,,False,Active
CTR804F93E199,CUST100089223,Fixed Term,2020-02-07,24,2022-02-07,False,Active
CTRB10F477E3E,CUST100018845,Fixed Term,2017-06-18,24,2019-06-18,True,Active
CTR5FB50AAC24,CUST100002207,Fixed Term,2020-10-29,12,2021-10-29,True,Active
CTR2618FA8BFE,CUST100001858,Fixed Term,2025-11-15,12,2026-11-15,False,Terminated Early
CTRA0441CA396,CUST100072742,Fixed Term,2025-11-14,0,,False,Active
CTR8097946A47,CUST100098009,Enterprise SLA,2023-12-16,24,2025-12-16,False,Active
CTR4E490AFCB0,CUST100003548,Fixed Term,2018-10-10,0,,False,Active
CTR32C6231387,CUST100027468,Month-to-Month,2015-06-26,24,2017-06-26,False,Active
CTR8AFF69C4E6,CUST100010099,Fixed Term,2015-06-05,0,,True,Expired
CTRDF03D6307A,CUST100051251,Enterprise SLA,2025-09-22,0,,False,Active
CTR1A9267543E,CUST100079074,Month-to-Month,2019-01-25,12,2020-01-25,False,Active
CTR468A1B924C,CUST100017747,Fixed Term,2020-09-29,12,2021-09-29,False,Active
CTR1BDE6B6814,CUST100068400,Month-to-Month,2022-10-15,0,,False,Expired
CTRF6185BE57A,CUST100003339,Month-to-Month,2022-09-04,36,2025-09-04,True,Terminated Early
CTRB8163B3406,CUST100088248,Month-to-Month,2020-02-04,0,,False,Active
CTRE5779D1537,CUST100032261,Month-to-Month,2018-08-07,0,,False,Active
CTRCF1DD069CF,CUST100070596,Fixed Term,2018-11-23,12,2019-11-23,False,Active
CTRF73C85EBEA,CUST100081578,Month-to-Month,2024-11-11,24,2026-11-11,False,Terminated Early
CTRA9083648E4,CUST100060175,Fixed Term,2021-10-24,12,2022-10-24,True,Active
CTRF7B7F60BF0,CUST100043905,Fixed Term,2025-09-05,12,2026-09-05,False,Active
CTR242360A18E,CUST100090367,Enterprise SLA,2025-09-15,0,,True,Active
CTR71557182A5,CUST100072544,Fixed Term,2021-09-22,24,2023-09-22,True,Active
CTRE498AB3590,CUST100087609,Enterprise SLA,2019-03-08,0,,False,Active
CTR5BD0A927E5,CUST100065913,Fixed Term,2020-05-30,0,,False,Active
CTR63ABC96D18,CUST100068131,Fixed Term,2021-05-30,24,2023-05-30,False,Active
CTR34BF23F417,CUST100014338,Fixed Term,2019-10-01,12,2020-10-01,False,Active
CTR07C80A97E5,CUST100035074,Fixed Term,2015-02-13,36,2018-02-13,False,Active
CTR24DEFB36FA,CUST100091658,Fixed Term,2017-09-11,12,2018-09-11,False,Active
CTR651D927C5D,CUST100049327,Month-to-Month,2025-12-05,24,2027-12-05,True,Expired
CTR50304FC14C,CUST100060573,Fixed Term,2024-08-24,24,2026-08-24,True,Active
CTR694DB3FB0B,CUST100095719,Fixed Term,2021-08-28,24,2023-08-28,False,Active
CTR3D5CF5F462,CUST100030411,Month-to-Month,2020-04-05,36,2023-04-05,False,Active
CTR1342E191E9,CUST100071969,Fixed Term,2025-03-26,0,,True,Terminated Early
CTR713E5728C4,CUST100028176,Month-to-Month,2021-09-15,24,2023-09-15,False,Active
CTR48B0A517D2,CUST100066429,Fixed Term,2023-01-14,0,,True,Active
CTRE0706CD521,CUST100035646,Month-to-Month,2022-11-04,12,2023-11-04,True,Expired
CTR57A7301809,CUST100019064,Month-to-Month,2023-10-11,0,,True,Active
CTR52FB0274E5,CUST100076496,Fixed Term,2019-09-14,0,,False,Active
CTR6E368DFAEA,CUST100035781,Fixed Term,2022-10-09,0,,True,Terminated Early
CTRB1E1C57C5B,CUST100064069,Fixed Term,2016-01-02,24,2018-01-02,True,Terminated Early
CTR994F529C9D,CUST100062011,Fixed Term,2023-02-09,24,2025-02-09,True,Active
CTR74C5917BC3,CUST100088650,Fixed Term,2016-01-15,0,,True,Terminated Early
CTR706E19889F,CUST100014002,Fixed Term,2018-03-21,12,2019-03-21,True,Active
CTR3B94CC51A8,CUST100010672,Fixed Term,2019-02-14,0,,True,Active
CTR5C6515D8E4,CUST100073436,Month-to-Month,2024-03-02,36,2027-03-02,True,Active
CTRE5D046FA56,CUST100068917,Fixed Term,2016-01-30,12,2017-01-30,False,Active
CTRD8624BC0B2,CUST100086697,Fixed Term,2024-10-06,0,,False,Active
CTR35312A088A,CUST100083534,Fixed Term,2021-01-31,24,2023-01-31,True,Active
CTR191F382BED,CUST100016525,Month-to-Month,2021-01-16,0,,True,Active
CTRAAC8CCF6DF,CUST100045073,Month-to-Month,2018-02-04,0,,True,Active
CTR52A71896FB,CUST100003568,Fixed Term,2022-09-26,12,2023-09-26,True,Active
CTR114640CBB8,CUST100039437,Fixed Term,2017-07-28,0,,True,Active
CTR87981749B0,CUST100038719,Month-to-Month,2023-11-05,0,,True,Active
CTR827AE4DD0A,CUST100049127,Month-to-Month,2018-03-20,12,2019-03-20,False,Expired
CTRE106C4AEC6,CUST100046730,Month-to-Month,2019-01-11,12,2020-01-11,True,Pending Renewal
CTR75D5192E59,CUST100033789,Fixed Term,2024-05-19,24,2026-05-19,False,Active
CTR20BF49E941,CUST100019893,Month-to-Month,2018-03-05,24,2020-03-05,True,Active
CTRDA800ED4E3,CUST100078247,Fixed Term,2019-08-15,24,2021-08-15,False,Active
CTR85DE484A26,CUST100037625,Fixed Term,2017-12-28,12,2018-12-28,False,Active
CTR8ECCB5DEC6,CUST100081317,Fixed Term,2019-02-02,12,2020-02-02,False,Pending Renewal
CTR4655A4A721,CUST100035318,Fixed Term,2020-07-18,12,2021-07-18,False,Active
CTRDB13D8C6EB,CUST100018751,Month-to-Month,2024-12-24,0,,True,Active
CTRAC2FEE9971,CUST100070059,Fixed Term,2019-03-26,24,2021-03-26,False,Active
CTR50BAEA40F1,CUST100029147,Month-to-Month,2022-01-20,24,2024-01-20,False,Active
CTRB66E218309,CUST100086694,Month-to-Month,2021-02-15,0,,True,Active
CTR771B88736C,CUST100087610,Fixed Term,2017-06-07,0,,False,Active
CTR0161A119F1,CUST100016154,Enterprise SLA,2024-11-21,24,2026-11-21,True,Active
CTRF726A7DD01,CUST100017879,Fixed Term,2025-05-18,12,2026-05-18,True,Active
CTR2BF148BEA7,CUST100001960,Fixed Term,2025-03-29,0,,True,Active
CTR2F99A8A2F6,CUST100052238,Fixed Term,2016-12-04,0,,True,Active
CTR4C432FFDB1,CUST100097165,Fixed Term,2022-03-17,12,2023-03-17,True,Active
CTR134372FAE9,CUST100094363,Month-to-Month,2025-03-13,0,,True,Expired
CTRCC28813218,CUST100037419,Month-to-Month,2025-07-24,24,2027-07-24,False,Terminated Early
CTR1FACA9248F,CUST100011090,Fixed Term,2015-05-01,12,2016-05-01,True,Active
CTRA32709C54D,CUST100002613,Month-to-Month,2025-03-06,36,2028-03-06,False,Terminated Early
CTR6AA7538105,CUST100097858,Month-to-Month,2021-02-11,12,2022-02-11,True,Active
CTR6ECA91E76F,CUST100053243,Fixed Term,2018-03-04,12,2019-03-04,True,Pending Renewal
CTRC3E3C4E579,CUST100079244,Enterprise SLA,2016-08-12,0,,False,Active
CTREF06CC7D2A,CUST100095487,Fixed Term,2021-07-07,0,,True,Pending Renewal
CTR959BCD0C12,CUST100034671,Month-to-Month,2024-04-22,12,2025-04-22,True,Expired
CTR3B26538E2E,CUST100058320,Fixed Term,2021-04-27,0,,True,Active
CTRFD3618C6AC,CUST100022163,Fixed Term,2022-07-21,12,2023-07-21,True,Active
CTRB3AE4ECF28,CUST100083031,Month-to-Month,2017-11-02,12,2018-11-02,True,Active
CTR43717467E4,CUST100021185,Fixed Term,2019-07-01,24,2021-07-01,True,Active
CTR85D03B2900,CUST100091403,Month-to-Month,2021-04-19,12,2022-04-19,True,Active
CTRB707FC83A8,CUST100098003,Fixed Term,2017-10-05,12,2018-10-05,False,Active
CTR7E18A5E371,CUST100000392,Fixed Term,2024-05-22,12,2025-05-22,True,Expired
CTRCAD907E187,CUST100002187,Month-to-Month,2018-05-23,24,2020-05-23,False,Active
CTRF1E2A4FFC9,CUST100030692,Fixed Term,2025-09-19,0,,False,Active
CTRCE79663C67,CUST100053311,Fixed Term,2015-10-28,24,2017-10-28,True,Active
CTR8091F95D1C,CUST100075196,Month-to-Month,2017-02-11,24,2019-02-11,True,Pending Renewal
CTR6FF4A7FD05,CUST100004894,Fixed Term,2023-01-16,24,2025-01-16,True,Active
CTR130078691F,CUST100020274,Month-to-Month,2015-12-23,0,,False,Active
CTR494B7BEBED,CUST100078381,Fixed Term,2015-05-06,24,2017-05-06,False,Expired
CTR1380FEBFEE,CUST100022034,Enterprise SLA,2016-04-13,24,2018-04-13,False,Active
CTR76F224BA04,CUST100067470,Fixed Term,2021-12-19,12,2022-12-19,False,Expired
CTR56BA2FEE03,CUST100042786,Month-to-Month,2021-12-26,24,2023-12-26,True,Active
CTRAA9ADC56CC,CUST100018969,Month-to-Month,2018-01-13,12,2019-01-13,True,Active
CTR1F44B418B8,CUST100027473,Fixed Term,2017-05-04,24,2019-05-04,False,Active
CTR328B71912A,CUST100032795,Fixed Term,2015-01-12,0,,True,Active
CTREB03ACFCAD,CUST100031943,Fixed Term,2018-09-01,12,2019-09-01,True,Active
CTR0498B59984,CUST100039621,Fixed Term,2018-08-16,24,2020-08-16,False,Active
CTR95D368E178,CUST100058243,Month-to-Month,2017-06-22,12,2018-06-22,True,Active
CTRDB5C89C2EE,CUST100004139,Fixed Term,2020-09-30,36,2023-09-30,True,Active
CTR71CBCE2AD2,CUST100022181,Month-to-Month,2020-03-25,12,2021-03-25,True,Active
CTR01B5E06CA4,CUST100016186,Enterprise SLA,2018-05-19,24,2020-05-19,True,Active
CTR055069DDBE,CUST100008741,Fixed Term,2025-05-15,0,,True,Active
CTRF207CF301D,CUST100060384,Month-to-Month,2022-12-10,24,2024-12-10,False,Terminated Early
CTRD2915DE5E8,CUST100079422,Fixed Term,2023-12-22,24,2025-12-22,False,Active
CTR11557204D6,CUST100056829,Fixed Term,2023-10-01,0,,True,Active
CTR1EF93173ED,CUST100082882,Month-to-Month,2017-12-13,24,2019-12-13,True,Active
CTR796A7DA364,CUST100027145,Fixed Term,2022-07-22,12,2023-07-22,False,Active
CTR6BE58EA4D7,CUST100086248,Fixed Term,2016-01-19,0,,True,Active
CTR6378BC603F,CUST100008024,Fixed Term,2016-03-25,12,2017-03-25,False,Active
CTRE0FF7257A3,CUST100050195,Fixed Term,2016-07-12,24,2018-07-12,False,Active
CTREE8208E974,CUST100077336,Month-to-Month,2018-09-26,24,2020-09-26,True,Terminated Early
CTR5264A88E5B,CUST100033337,Fixed Term,2020-08-01,36,2023-08-01,True,Active
CTR57DD582051,CUST100057471,Fixed Term,2025-04-02,0,,True,Active
CTR2D12EACE89,CUST100025961,Fixed Term,2017-05-22,0,,False,Active
CTR0DB0FE7181,CUST100013944,Fixed Term,2025-02-26,12,2026-02-26,True,Active
CTRFE4EAE541B,CUST100044537,Fixed Term,2019-03-17,24,2021-03-17,False,Active
CTR18E8A3A1EF,CUST100047265,Enterprise SLA,2015-08-02,0,,True,Terminated Early
CTR79454CC2A4,CUST100003583,Month-to-Month,2023-01-07,12,2024-01-07,False,Active
CTRAA5FF6007E,CUST100066703,Fixed Term,2020-02-17,24,2022-02-17,False,Active
CTR065539D639,CUST100047258,Fixed Term,2019-09-20,12,2020-09-20,False,Terminated Early
CTR5220D56206,CUST100066402,Fixed Term,2025-11-07,0,,True,Active
CTRED668CB68B,CUST100068711,Fixed Term,2022-11-22,12,2023-11-22,True,Active
CTR60D1218A7A,CUST100061828,Enterprise SLA,2015-01-09,0,,True,Active
CTRA43D5854C4,CUST100038162,Fixed Term,2019-05-19,24,2021-05-19,False,Active
CTR2F54F7D57D,CUST100007026,Month-to-Month,2017-04-07,36,2020-04-07,True,Active
CTR807A0CAE03,CUST100068799,Month-to-Month,2023-04-17,12,2024-04-17,True,Active
CTR8C1FC809B5,CUST100082660,Fixed Term,2018-05-28,12,2019-05-28,True,Active
CTR9B0B55B108,CUST100020473,Month-to-Month,2024-07-02,0,,True,Active
CTR04C060754A,CUST100011341,Month-to-Month,2021-01-29,24,2023-01-29,False,Terminated Early
CTR018428AFEB,CUST100030897,Fixed Term,2018-01-03,24,2020-01-03,True,Active
CTRC2D77D490D,CUST100085181,Fixed Term,2018-11-08,24,2020-11-08,True,Active
CTR25667EC6C2,CUST100092866,Enterprise SLA,2015-12-30,24,2017-12-30,False,Terminated Early
CTR707D6DB10E,CUST100058614,Month-to-Month,2019-03-22,12,2020-03-22,True,Active
CTR4E5AEF6DD3,CUST100089256,Fixed Term,2018-04-08,0,,True,Active
CTRFC1CDECB08,CUST100072096,Fixed Term,2020-06-28,24,2022-06-28,False,Active
CTR8C3A694473,CUST100020098,Fixed Term,2023-01-03,24,2025-01-03,True,Pending Renewal
CTR1B77EA4DA1,CUST100043623,Enterprise SLA,2016-05-05,12,2017-05-05,True,Expired
CTR3A51757624,CUST100097552,Month-to-Month,2017-07-05,12,2018-07-05,True,Active
CTR7FC7C2C455,CUST100000931,Month-to-Month,2024-02-28,12,2025-02-28,True,Expired
CTR1228A10010,CUST100020790,Enterprise SLA,2021-09-24,0,,False,Active
CTRB3D06718F0,CUST100036821,Month-to-Month,2023-03-22,0,,True,Active
CTR896AF9E02C,CUST100060372,Fixed Term,2016-10-06,0,,True,Active
CTRAD3630736C,CUST100056658,Fixed Term,2022-12-21,24,2024-12-21,True,Active
CTRE7BE1DB636,CUST100048431,Fixed Term,2025-05-12,12,2026-05-12,False,Terminated Early
CTR306D86DACD,CUST100048093,Month-to-Month,2018-10-06,12,2019-10-06,True,Active
CTR8F196DF097,CUST100000546,Month-to-Month,2016-04-01,0,,False,Active
CTRC0A765FA79,CUST100091039,Fixed Term,2017-10-17,12,2018-10-17,True,Active
CTR1277A1BDDB,CUST100028768,Fixed Term,2019-07-27,12,2020-07-27,True,Active
CTR23428408A5,CUST100062021,Fixed Term,2020-09-09,0,,True,Active
CTR525BE656BA,CUST100048188,Fixed Term,2017-01-10,12,2018-01-10,False,Active
CTR814020F7A2,CUST100016192,Fixed Term,2019-04-14,0,,False,Terminated Early
CTR5A5933B23D,CUST100037149,Month-to-Month,2016-03-18,24,2018-03-18,True,Active
CTR86B7E138ED,CUST100007684,Fixed Term,2020-05-25,12,2021-05-25,True,Active
CTR430E32B4DD,CUST100071597,Fixed Term,2017-08-18,36,2020-08-18,False,Active
CTR1A1279B9C9,CUST100094002,Fixed Term,2025-03-11,0,,True,Active
CTR6C8EDBB081,CUST100089112,Fixed Term,2020-12-17,12,2021-12-17,True,Active
CTR9CB506FE6D,CUST100035648,Month-to-Month,2025-07-26,0,,True,Active
CTRA5B6BD4518,CUST100003813,Fixed Term,2018-04-27,0,,True,Active
CTRED56F3A698,CUST100018607,Fixed Term,2016-08-07,0,,False,Terminated Early
CTRF5FE23BE40,CUST100023795,Fixed Term,2019-01-21,12,2020-01-21,True,Active
CTR1A7231EF98,CUST100003646,Fixed Term,2022-05-17,24,2024-05-17,False,Active
CTR97C9512048,CUST100013029,Fixed Term,2017-01-02,12,2018-01-02,False,Active
CTR1B28DE3300,CUST100053253,Month-to-Month,2016-08-05,24,2018-08-05,True,Active
CTR08329938A2,CUST100069362,Fixed Term,2025-11-24,12,2026-11-24,True,Active
CTR38A790ABCE,CUST100076187,Fixed Term,2020-08-16,12,2021-08-16,False,Pending Renewal
CTR102C1CA237,CUST100043970,Month-to-Month,2024-01-06,0,,False,Active
CTR14033916AB,CUST100044507,Month-to-Month,2018-08-28,36,2021-08-28,True,Terminated Early
CTR0C82ABC384,CUST100028781,Month-to-Month,2017-10-04,12,2018-10-04,True,Active
CTR75C13CB3AD,CUST100023621,Month-to-Month,2018-07-21,24,2020-07-21,False,Active
CTR11867B3C95,CUST100050436,Fixed Term,2021-10-26,0,,False,Expired
CTR368001B7D1,CUST100010151,Month-to-Month,2025-06-28,24,2027-06-28,True,Active
CTR64443564D4,CUST100017255,Fixed Term,2023-09-14,0,,True,Active
CTRD0A6E88F6D,CUST100021504,Fixed Term,2016-09-22,24,2018-09-22,True,Expired
CTR4B31FD6000,CUST100000498,Month-to-Month,2025-10-19,0,,False,Pending Renewal
CTRD16B0BCC14,CUST100065819,Enterprise SLA,2022-11-28,0,,True,Active
CTR73558F3E4B,CUST100023128,Fixed Term,2018-09-09,0,,False,Active
CTR9980D63173,CUST100080840,Month-to-Month,2018-08-22,24,2020-08-22,False,Expired
CTR4ED0E6FBB2,CUST100042835,Fixed Term,2024-08-18,0,,True,Pending Renewal
CTR06FD0BB5CD,CUST100013802,Month-to-Month,2020-09-19,0,,True,Terminated Early
CTRD9ACE2426A,CUST100032107,Fixed Term,2015-09-29,24,2017-09-29,True,Active
CTRE032B72712,CUST100060142,Month-to-Month,2024-07-02,0,,True,Expired
CTRADD035097C,CUST100018515,Fixed Term,2023-12-08,24,2025-12-08,True,Active
CTRFDC5B7CF3F,CUST100078819,Fixed Term,2023-05-20,12,2024-05-20,True,Terminated Early
CTR072ACC4177,CUST100090795,Month-to-Month,2020-09-29,0,,False,Active
CTR987957ABA3,CUST100013771,Fixed Term,2016-09-01,24,2018-09-01,True,Active
CTR14A3DB9CA5,CUST100070269,Fixed Term,2018-02-24,12,2019-02-24,True,Active
CTR3CCF81545A,CUST100009508,Month-to-Month,2019-05-19,24,2021-05-19,True,Terminated Early
CTRC650AFFC65,CUST100076663,Fixed Term,2016-07-30,0,,True,Active
CTR0F29B419C6,CUST100037053,Fixed Term,2019-06-20,0,,False,Active
CTRA56CE97CCB,CUST100028396,Month-to-Month,2017-01-08,0,,True,Active
CTR48612FE9FF,CUST100063998,Month-to-Month,2017-01-18,0,,False,Active
CTRA079E8F20F,CUST100037230,Month-to-Month,2019-09-15,0,,False,Terminated Early
CTR8F3A36BF54,CUST100030094,Fixed Term,2017-07-14,0,,True,Active
CTR7D115CD0A8,CUST100078714,Month-to-Month,2024-05-12,24,2026-05-12,True,Expired
CTR57E6C7E2FE,CUST100007711,Fixed Term,2023-04-07,12,2024-04-07,True,Active
CTR39B93FCE9F,CUST100085299,Fixed Term,2016-02-11,24,2018-02-11,False,Active
CTRDD032C3A40,CUST100084105,Month-to-Month,2016-02-16,0,,True,Active
CTR07A79EC9B1,CUST100050531,Fixed Term,2018-01-12,24,2020-01-12,True,Terminated Early
CTRAA72B1F449,CUST100078370,Month-to-Month,2024-06-06,12,2025-06-06,True,Expired
CTR043F07038B,CUST100086789,Fixed Term,2021-06-16,12,2022-06-16,False,Active
CTR89D213E5E7,CUST100070539,Month-to-Month,2025-12-15,0,,True,Active
CTRFEB50A3457,CUST100025792,Month-to-Month,2017-12-04,24,2019-12-04,True,Active
CTR04258B353C,CUST100065670,Month-to-Month,2020-02-24,24,2022-02-24,True,Pending Renewal
CTRF2F362BC65,CUST100037007,Fixed Term,2023-11-28,12,2024-11-28,False,Active
CTR17C57B4C3B,CUST100046627,Fixed Term,2015-03-11,12,2016-03-11,False,Active
CTR7B64AF861E,CUST100077519,Enterprise SLA,2017-10-09,24,2019-10-09,True,Terminated Early
CTRBC49D5C9FE,CUST100067457,Enterprise SLA,2021-04-11,24,2023-04-11,True,Terminated Early
CTR509E3415E7,CUST100031166,Fixed Term,2017-11-22,24,2019-11-22,False,Expired
CTR4A73E4660C,CUST100033905,Fixed Term,2025-10-11,12,2026-10-11,False,Active
CTR9491E844C3,CUST100026507,Month-to-Month,2022-08-10,12,2023-08-10,False,Terminated Early
CTRE2D73098D6,CUST100032603,Fixed Term,2017-12-16,24,2019-12-16,False,Active
CTR0BF7E4EDA2,CUST100021103,Month-to-Month,2021-04-11,0,,True,Expired
CTR750E90CA03,CUST100041537,Fixed Term,2020-01-22,12,2021-01-22,False,Active
CTR28435B8AEE,CUST100003902,Fixed Term,2020-05-09,0,,True,Active
CTRFCCBF59850,CUST100001940,Fixed Term,2020-10-17,24,2022-10-17,True,Active
CTR4FE9EB020B,CUST100078859,Fixed Term,2015-09-27,24,2017-09-27,True,Active
CTR51AD9CB8D9,CUST100087572,Fixed Term,2023-04-10,12,2024-04-10,True,Active
CTR6C47CC3042,CUST100097788,Fixed Term,2021-03-02,24,2023-03-02,True,Active
CTR28A65E83DC,CUST100008680,Fixed Term,2016-05-19,0,,False,Pending Renewal
CTR23977CD649,CUST100028370,Month-to-Month,2024-06-06,0,,False,Terminated Early
CTR399082E6D6,CUST100030311,Fixed Term,2023-04-05,0,,False,Expired
CTR38593A9227,CUST100004270,Fixed Term,2016-11-12,0,,True,Expired
CTR101E65BB6D,CUST100004250,Fixed Term,2020-04-08,24,2022-04-08,True,Active
CTR2F1152EB6D,CUST100066774,Fixed Term,2021-02-16,24,2023-02-16,True,Active
CTRCF30FF6125,CUST100087045,Fixed Term,2019-05-02,12,2020-05-02,True,Expired
CTR00E4000A36,CUST100049302,Fixed Term,2015-03-30,36,2018-03-30,True,Active
CTR2C8CCDE5F1,CUST100011894,Month-to-Month,2017-07-12,24,2019-07-12,True,Expired
CTR73FB4F565B,CUST100058432,Month-to-Month,2017-05-25,36,2020-05-25,True,Active
CTR1FACD1895C,CUST100037480,Fixed Term,2020-06-15,12,2021-06-15,True,Active
CTR0148885B1B,CUST100054907,Month-to-Month,2017-09-13,0,,True,Pending Renewal
CTR05AFC6ACC4,CUST100015231,Enterprise SLA,2023-01-11,0,,True,Active
CTR43287FF3C9,CUST100035775,Fixed Term,2022-08-03,12,2023-08-03,False,Active
CTRF92B4AB941,CUST100021555,Fixed Term,2025-04-26,12,2026-04-26,False,Active
CTRB02B9BD972,CUST100054972,Fixed Term,2015-01-16,24,2017-01-16,True,Active
CTR02EC39774E,CUST100095390,Fixed Term,2024-02-03,12,2025-02-03,True,Active
CTRC0A8904AE1,CUST100091560,Fixed Term,2025-03-07,12,2026-03-07,False,Active
CTRBB7A58A5E3,CUST100023106,Fixed Term,2021-11-26,24,2023-11-26,True,Active
CTR71098BF19B,CUST100082067,Month-to-Month,2019-06-15,24,2021-06-15,False,Active
CTR0403A6E85B,CUST100069480,Month-to-Month,2015-10-30,0,,False,Pending Renewal
CTR95199C6BF0,CUST100084676,Fixed Term,2020-06-04,24,2022-06-04,True,Active
CTRC61DCD38E4,CUST100011887,Month-to-Month,2016-06-08,0,,True,Active
CTR665895A7D3,CUST100047953,Month-to-Month,2021-05-25,24,2023-05-25,False,Active
CTR8A65D4CCBA,CUST100027173,Fixed Term,2015-10-18,12,2016-10-18,True,Active
CTRA2A13EC71E,CUST100040478,Fixed Term,2020-05-26,24,2022-05-26,False,Active
CTR8EAF307446,CUST100073079,Fixed Term,2022-01-11,24,2024-01-11,False,Terminated Early
CTR53D1DBF292,CUST100086135,Fixed Term,2021-09-28,0,,True,Active
CTR1218290F10,CUST100035924,Month-to-Month,2020-02-15,24,2022-02-15,True,Expired
CTR40EDE67C0B,CUST100094014,Fixed Term,2018-08-09,12,2019-08-09,False,Active
CTR9A59ECE360,CUST100096416,Fixed Term,2024-04-04,24,2026-04-04,True,Terminated Early
CTR047D1CAD2D,CUST100049600,Fixed Term,2016-09-13,24,2018-09-13,True,Active
CTR7A8DC196CA,CUST100081302,Fixed Term,2025-04-11,12,2026-04-11,True,Active
CTR5C88889967,CUST100029657,Fixed Term,2017-08-24,0,,True,Terminated Early
CTR0B4B63B9A6,CUST100073044,Month-to-Month,2024-11-02,24,2026-11-02,True,Active
CTR7966581326,CUST100012572,Fixed Term,2018-12-31,0,,False,Expired
CTR6242940ED5,CUST100027857,Month-to-Month,2015-03-15,0,,True,Terminated Early
CTR74B158392D,CUST100057198,Fixed Term,2025-09-29,0,,True,Active
CTRE57661E869,CUST100061663,Month-to-Month,2019-09-28,0,,False,Active
CTRC9F3B14437,CUST100070029,Fixed Term,2021-03-17,24,2023-03-17,True,Active
CTR9AD874B076,CUST100042647,Fixed Term,2015-04-15,0,,False,Expired
CTR4BFA52AE5C,CUST100045712,Fixed Term,2022-08-07,24,2024-08-07,True,Expired
CTR40526319B6,CUST100078841,Month-to-Month,2017-09-05,0,,True,Active
CTR7E089A35A6,CUST100027742,Month-to-Month,2015-09-22,12,2016-09-22,True,Active
CTR8CBF0703CF,CUST100008314,Fixed Term,2017-04-25,12,2018-04-25,False,Expired
CTR4381AE7BC9,CUST100054363,Month-to-Month,2025-11-28,12,2026-11-28,True,Active
CTR644D841062,CUST100022322,Fixed Term,2022-09-11,36,2025-09-11,True,Terminated Early
CTRC3BE3074BC,CUST100027136,Month-to-Month,2021-04-06,12,2022-04-06,True,Active
CTRBD2EF581B1,CUST100012604,Month-to-Month,2017-08-17,0,,True,Active
CTRF4B11885B1,CUST100045281,Month-to-Month,2023-10-02,36,2026-10-02,True,Terminated Early
CTRB0B8745F83,CUST100023976,Month-to-Month,2024-11-05,24,2026-11-05,True,Expired
CTR541C26B90E,CUST100065020,Month-to-Month,2020-01-22,0,,True,Expired
CTR8A216B7781,CUST100046758,Fixed Term,2015-02-12,0,,True,Active
CTREBDC34E2C1,CUST100000766,Fixed Term,2022-08-21,12,2023-08-21,False,Active
CTR05AD921E18,CUST100060451,Fixed Term,2015-07-13,24,2017-07-13,True,Active
CTRFA86B452ED,CUST100015006,Fixed Term,2023-12-04,0,,True,Active
CTR7F9A0DD9F7,CUST100049508,Enterprise SLA,2023-10-09,24,2025-10-09,True,Expired
CTR68DB7F65EA,CUST100060882,Month-to-Month,2016-06-16,0,,True,Pending Renewal
CTRC10DFEC5CD,CUST100011871,Month-to-Month,2021-12-26,12,2022-12-26,True,Active
CTRD7A59B3A8B,CUST100056312,Fixed Term,2022-07-01,24,2024-07-01,True,Active
CTRE55F93C4B7,CUST100081193,Fixed Term,2015-05-27,12,2016-05-27,True,Active
CTR6C4ADAAC81,CUST100092346,Month-to-Month,2021-02-16,36,2024-02-16,False,Terminated Early
CTRD2D1C100C3,CUST100032905,Fixed Term,2021-11-13,0,,False,Active
CTR83F523D665,CUST100060061,Month-to-Month,2019-04-04,12,2020-04-04,True,Active
CTR3A0090A828,CUST100016045,Fixed Term,2023-04-30,24,2025-04-30,False,Expired
CTR5FDF4D6AA0,CUST100041927,Fixed Term,2021-05-08,12,2022-05-08,True,Active
CTR9351A7B1FB,CUST100082596,Fixed Term,2024-02-18,0,,True,Expired
CTRF7C341AA2C,CUST100045895,Enterprise SLA,2024-07-10,12,2025-07-10,False,Terminated Early
CTR8ECBF3DF0E,CUST100094684,Month-to-Month,2018-06-17,24,2020-06-17,True,Active
CTR2E7FEBA897,CUST100082376,Enterprise SLA,2018-04-27,12,2019-04-27,False,Active
CTR259F2C296A,CUST100040513,Month-to-Month,2023-04-06,0,,False,Active
CTR5A91D1D161,CUST100045069,Month-to-Month,2018-09-04,24,2020-09-04,True,Expired
CTR96DF38043F,CUST100078170,Enterprise SLA,2022-01-09,24,2024-01-09,True,Active
CTRC5579D6EAB,CUST100015041,Fixed Term,2025-05-22,12,2026-05-22,True,Active
CTRCEAD978F3F,CUST100006403,Fixed Term,2015-01-22,24,2017-01-22,False,Active
CTR9133F62CCD,CUST100062120,Fixed Term,2020-11-21,12,2021-11-21,False,Expired
CTR36D632FE14,CUST100012518,Fixed Term,2019-03-11,0,,False,Expired
CTRE8F06F9E29,CUST100085937,Month-to-Month,2024-02-11,24,2026-02-11,False,Active
CTRA831D19B69,CUST100050858,Fixed Term,2021-08-24,0,,False,Active
CTR8BFE2EBB53,CUST100007992,Fixed Term,2023-10-16,0,,True,Active
CTR5D37F34D40,CUST100038368,Month-to-Month,2025-08-09,12,2026-08-09,True,Active
CTRA6502A5526,CUST100069387,Month-to-Month,2024-03-19,24,2026-03-19,True,Active
CTR61FF210344,CUST100063758,Enterprise SLA,2025-10-19,24,2027-10-19,False,Terminated Early
CTRD4C5775031,CUST100056298,Fixed Term,2022-10-08,0,,True,Terminated Early
CTR5243234197,CUST100065532,Month-to-Month,2020-08-03,24,2022-08-03,True,Active
CTRFB9EAD8879,CUST100059456,Fixed Term,2018-03-29,12,2019-03-29,False,Active
CTR763AAF68BF,CUST100005273,Fixed Term,2019-12-24,12,2020-12-24,False,Active
CTR8ADA4393C4,CUST100043933,Fixed Term,2019-06-10,24,2021-06-10,False,Expired
CTRE59B7D1EBB,CUST100055867,Month-to-Month,2020-05-02,0,,False,Active
CTR604405550E,CUST100038545,Enterprise SLA,2016-07-08,12,2017-07-08,False,Active
CTR74F0C71422,CUST100047287,Fixed Term,2024-11-05,24,2026-11-05,True,Active
CTR952BD5C670,CUST100087266,Month-to-Month,2019-03-26,24,2021-03-26,True,Active
CTR9FF25E6CA9,CUST100003044,Fixed Term,2018-04-02,0,,False,Expired
CTRA69162A8EE,CUST100047086,Fixed Term,2025-05-17,24,2027-05-17,False,Active
CTR66EDADAD8A,CUST100088361,Fixed Term,2017-09-04,0,,False,Active
CTR37C836F4D5,CUST100069523,Month-to-Month,2024-10-15,24,2026-10-15,True,Active
CTR473887B3BD,CUST100000647,Fixed Term,2025-05-20,0,,True,Active
CTR8BF14B9BBB,CUST100088548,Fixed Term,2015-03-23,12,2016-03-23,True,Active
CTR089599D810,CUST100050301,Month-to-Month,2023-12-09,12,2024-12-09,False,Active
CTR700B8712C9,CUST100046370,Month-to-Month,2024-07-12,0,,True,Active
CTR4F2C14F097,CUST100004208,Month-to-Month,2024-03-27,12,2025-03-27,False,Active
CTRC1FD6F9C0C,CUST100036348,Month-to-Month,2021-05-28,0,,False,Expired
CTRE111B69674,CUST100018172,Month-to-Month,2018-08-13,12,2019-08-13,True,Active
CTR4919E214AE,CUST100060440,Month-to-Month,2019-07-24,24,2021-07-24,True,Terminated Early
CTRDAF09E4FB4,CUST100066100,Month-to-Month,2025-06-21,0,,True,Expired
CTR2186B57F12,CUST100011322,Fixed Term,2021-10-22,12,2022-10-22,False,Expired
CTRF6FCC19894,CUST100053133,Fixed Term,2022-11-03,12,2023-11-03,True,Active
CTR4B40130CF8,CUST100020867,Fixed Term,2015-01-10,24,2017-01-10,True,Active
CTR37FB8188A5,CUST100018289,Fixed Term,2021-09-29,36,2024-09-29,False,Active
CTRA39D61FCBF,CUST100029761,Month-to-Month,2025-05-25,12,2026-05-25,True,Active
CTRE354CB9E63,CUST100065248,Fixed Term,2017-10-12,24,2019-10-12,False,Terminated Early
CTR2C24C36148,CUST100071118,Month-to-Month,2025-04-03,36,2028-04-03,True,Active
CTR8CA6643D78,CUST100042205,Fixed Term,2023-09-13,12,2024-09-13,True,Active
CTR6F5F946EC5,CUST100026918,Fixed Term,2018-12-10,0,,True,Expired
CTR0038A6F0FE,CUST100010334,Fixed Term,2021-05-15,0,,True,Active
CTR2A7193755D,CUST100039292,Fixed Term,2015-01-29,24,2017-01-29,False,Terminated Early
CTR744D7AE5F6,CUST100057606,Month-to-Month,2021-03-14,0,,True,Active
CTRF541B9DA9C,CUST100019707,Month-to-Month,2022-03-14,24,2024-03-14,False,Active
CTRC1D79E3027,CUST100039214,Month-to-Month,2024-10-02,36,2027-10-02,False,Expired
CTR56FBCAB4D2,CUST100007404,Month-to-Month,2016-04-24,12,2017-04-24,False,Active
CTRE1A83F66D6,CUST100065367,Fixed Term,2021-09-07,0,,True,Active
CTRD710559429,CUST100094582,Fixed Term,2025-06-22,24,2027-06-22,False,Pending Renewal
CTR7756BF6DE1,CUST100088354,Fixed Term,2016-07-13,12,2017-07-13,True,Terminated Early
CTRE393A9CFBD,CUST100049490,Month-to-Month,2022-11-15,24,2024-11-15,False,Active
CTRAC0392083B,CUST100070965,Month-to-Month,2024-05-11,24,2026-05-11,True,Active
CTRE0052C0B14,CUST100059069,Month-to-Month,2022-01-29,24,2024-01-29,True,Active
CTR494A4F5174,CUST100063479,Fixed Term,2020-07-02,0,,True,Expired
CTR5BCE900BEC,CUST100008564,Fixed Term,2015-04-28,12,2016-04-28,False,Active
CTR932C07D704,CUST100098818,Month-to-Month,2020-12-06,24,2022-12-06,False,Active
CTRECB762FDC5,CUST100093462,Month-to-Month,2019-12-07,0,,True,Expired
CTRA5CF0290DE,CUST100009843,Fixed Term,2015-05-24,12,2016-05-24,True,Active
CTRBA1D69D9C2,CUST100090358,Fixed Term,2021-09-23,24,2023-09-23,False,Active
CTR81C60E37B1,CUST100023836,Month-to-Month,2020-05-03,0,,True,Active
CTR0C41510A0E,CUST100068426,Month-to-Month,2019-10-23,24,2021-10-23,True,Active
CTRD9253F7AC2,CUST100028197,Fixed Term,2017-04-13,0,,False,Active
CTR7C56376BBD,CUST100032622,Fixed Term,2015-07-18,24,2017-07-18,False,Active
CTRE2B0E8D03C,CUST100000882,Fixed Term,2025-10-19,12,2026-10-19,True,Expired
CTREB6C8080C6,CUST100061552,Month-to-Month,2024-03-19,0,,True,Expired
CTR3D60BB57A7,CUST100020201,Fixed Term,2019-04-11,12,2020-04-11,True,Pending Renewal
CTR4DD60E1E5E,CUST100064351,Month-to-Month,2016-02-26,0,,False,Terminated Early
CTRD8EC5AF096,CUST100047877,Enterprise SLA,2015-01-08,24,2017-01-08,False,Active
CTR2E2A050822,CUST100016024,Month-to-Month,2025-01-15,0,,True,Active
CTR1132F017D0,CUST100092709,Enterprise SLA,2023-02-02,24,2025-02-02,False,Terminated Early
CTRED18F6D121,CUST100065344,Fixed Term,2024-11-09,24,2026-11-09,False,Active
CTRB32308F7B8,CUST100072956,Fixed Term,2019-11-09,24,2021-11-09,True,Pending Renewal
CTR50B0AEF5E6,CUST100040824,Month-to-Month,2022-09-17,12,2023-09-17,True,Active
CTRBB0A036EEA,CUST100064146,Enterprise SLA,2025-04-10,24,2027-04-10,False,Terminated Early
CTR6BDAE62159,CUST100074703,Fixed Term,2021-08-10,0,,True,Active
CTRC2993CDD7C,CUST100081399,Fixed Term,2022-12-07,12,2023-12-07,False,Terminated Early
CTR075753AC53,CUST100002391,Month-to-Month,2020-08-05,24,2022-08-05,True,Active
CTRC3487BE974,CUST100002779,Fixed Term,2022-04-13,0,,False,Expired
CTRBC8ACB33F3,CUST100015781,Month-to-Month,2021-06-06,0,,False,Active
CTR3F00444780,CUST100043946,Month-to-Month,2015-02-05,24,2017-02-05,False,Active
CTR2A4BBA1128,CUST100048627,Month-to-Month,2021-09-28,24,2023-09-28,True,Active
CTR8EF3D3D0D0,CUST100035054,Fixed Term,2018-12-31,0,,True,Active
CTRDF943682D1,CUST100080135,Month-to-Month,2015-09-19,12,2016-09-19,True,Terminated Early
CTR7ABC8AE318,CUST100046381,Fixed Term,2020-03-05,24,2022-03-05,True,Expired
CTR40AA40B442,CUST100029389,Enterprise SLA,2019-12-27,0,,False,Active
CTR10E539E55B,CUST100035576,Fixed Term,2023-05-21,12,2024-05-21,False,Active
CTRCEFDE4FDC9,CUST100067079,Month-to-Month,2022-11-20,0,,True,Active
CTRDD7D6823BE,CUST100000962,Enterprise SLA,2016-09-14,24,2018-09-14,False,Active
CTR5939E738E0,CUST100012784,Month-to-Month,2022-11-28,0,,True,Active
CTREB7172942E,CUST100031592,Fixed Term,2016-03-30,24,2018-03-30,True,Terminated Early
CTR527829FCEA,CUST100001268,Month-to-Month,2022-06-05,24,2024-06-05,True,Expired
CTRFB47A3A996,CUST100001306,Fixed Term,2017-08-08,0,,True,Expired
CTR7020CC0D69,CUST100065792,Month-to-Month,2022-12-09,0,,False,Active
CTRB97D65914B,CUST100081402,Month-to-Month,2018-01-24,24,2020-01-24,True,Active
CTR01EA1C55C4,CUST100068631,Month-to-Month,2015-06-14,12,2016-06-14,False,Active
CTR29CB218E0C,CUST100066620,Fixed Term,2017-03-26,24,2019-03-26,False,Expired
CTREB76F21C1F,CUST100009527,Month-to-Month,2023-08-05,0,,True,Expired
CTR9D80248B7E,CUST100045230,Fixed Term,2021-04-23,0,,False,Active
CTR9DC197C45A,CUST100082254,Month-to-Month,2020-01-10,12,2021-01-10,False,Active
CTR554F5D8688,CUST100005982,Month-to-Month,2025-01-30,0,,True,Active
CTR8946A6E7E9,CUST100060900,Month-to-Month,2018-06-06,0,,True,Active
CTR911ECD61B5,CUST100059463,Month-to-Month,2025-08-24,24,2027-08-24,True,Active
CTR1FDA2E4487,CUST100072995,Fixed Term,2022-07-29,12,2023-07-29,True,Active
CTRFE2107BC1F,CUST100089161,Fixed Term,2020-10-23,12,2021-10-23,True,Active
CTRBB392CF2DE,CUST100055801,Fixed Term,2020-12-27,12,2021-12-27,False,Active
CTRFF2A61567C,CUST100028553,Fixed Term,2018-09-17,12,2019-09-17,True,Active
CTR3B4204E0E8,CUST100061895,Month-to-Month,2016-01-26,0,,True,Active
CTR11D93BD6E4,CUST100023048,Fixed Term,2016-03-23,12,2017-03-23,True,Terminated Early
CTR08B32ACE68,CUST100022316,Month-to-Month,2017-07-25,12,2018-07-25,False,Active
CTR22667393E2,CUST100044259,Fixed Term,2019-01-05,0,,True,Active
CTRB770D79455,CUST100051339,Month-to-Month,2019-01-19,24,2021-01-19,True,Active
CTRC2F664BEC2,CUST100072703,Fixed Term,2022-05-23,12,2023-05-23,True,Expired
CTR26DFC1B9AD,CUST100012867,Fixed Term,2020-02-11,0,,True,Active
CTR3682D4FC65,CUST100068398,Month-to-Month,2015-02-07,12,2016-02-07,False,Active
CTR31E08BE7B8,CUST100065815,Fixed Term,2024-10-22,0,,True,Active
CTR220BFB8FB3,CUST100046397,Month-to-Month,2018-04-19,24,2020-04-19,True,Expired
CTRA800C1F391,CUST100024927,Fixed Term,2022-07-18,0,,True,Active
CTRDE06E5DCE0,CUST100000616,Month-to-Month,2017-05-27,0,,True,Active
CTR5BDF7C7DBC,CUST100054754,Fixed Term,2016-09-22,24,2018-09-22,False,Active
CTR6E35AF291A,CUST100072423,Fixed Term,2024-09-15,0,,False,Active
CTR84BDD952B3,CUST100038835,Fixed Term,2015-10-24,0,,True,Terminated Early
CTRE1DFE07654,CUST100024178,Enterprise SLA,2020-08-12,24,2022-08-12,False,Active
CTRC1A186F353,CUST100077657,Month-to-Month,2024-05-23,12,2025-05-23,False,Active
CTR06F842602C,CUST100077931,Month-to-Month,2024-08-31,12,2025-08-31,True,Active
CTR65094B14FD,CUST100052398,Fixed Term,2018-05-06,12,2019-05-06,True,Active
CTR073BC838F7,CUST100059498,Fixed Term,2025-01-20,24,2027-01-20,True,Active
CTRAD780DE4E1,CUST100025646,Month-to-Month,2017-06-06,0,,True,Active
CTR7FB35DE9BB,CUST100067321,Month-to-Month,2023-01-30,24,2025-01-30,True,Active
CTRD6867A4999,CUST100002227,Fixed Term,2019-10-03,12,2020-10-03,True,Pending Renewal
CTR3AFDD6B359,CUST100045139,Month-to-Month,2024-10-06,24,2026-10-06,True,Active
CTR0E0DD8DF5F,CUST100054101,Fixed Term,2019-10-20,24,2021-10-20,True,Active
CTRC1FCB7BD41,CUST100000459,Fixed Term,2021-07-03,0,,False,Terminated Early
CTR875C11DC68,CUST100029206,Fixed Term,2022-10-28,24,2024-10-28,True,Expired
CTR5873577B3A,CUST100066850,Fixed Term,2019-08-17,12,2020-08-17,True,Active
CTR028919839B,CUST100097697,Fixed Term,2023-11-11,12,2024-11-11,True,Active
CTR69F3CB489C,CUST100031512,Fixed Term,2019-11-02,12,2020-11-02,False,Active
CTRD43066194A,CUST100029986,Fixed Term,2015-09-18,0,,False,Active
CTR272C5F97AF,CUST100095700,Month-to-Month,2022-09-07,12,2023-09-07,True,Terminated Early
CTR767D29E75D,CUST100041667,Fixed Term,2024-11-12,0,,False,Active
CTRBDEC3CC05C,CUST100026338,Fixed Term,2017-11-25,0,,True,Active
CTRA1C4CA8B22,CUST100009881,Month-to-Month,2020-01-14,24,2022-01-14,False,Active
CTR0E02C69DBA,CUST100013951,Month-to-Month,2024-01-23,12,2025-01-23,True,Active
CTRD38F91C6A1,CUST100004678,Month-to-Month,2015-12-18,24,2017-12-18,False,Active
CTRB7B1D30B32,CUST100074107,Fixed Term,2019-05-27,24,2021-05-27,False,Active
CTRBF8C6476E4,CUST100098732,Month-to-Month,2023-05-25,0,,True,Active
CTR7A06F3780C,CUST100007957,Month-to-Month,2018-03-02,0,,False,Active
CTR012EE5365B,CUST100090506,Month-to-Month,2024-12-01,12,2025-12-01,True,Expired
CTRC495605BC8,CUST100015852,Month-to-Month,2015-11-14,24,2017-11-14,False,Pending Renewal
CTR1701FBB5D6,CUST100050592,Fixed Term,2023-04-23,0,,True,Active
CTR2927662475,CUST100097282,Month-to-Month,2022-08-04,0,,False,Active
CTR16AEA5B48C,CUST100075543,Fixed Term,2022-07-23,24,2024-07-23,True,Active
CTR495D90EBB3,CUST100043091,Fixed Term,2015-08-14,36,2018-08-14,True,Pending Renewal
CTR2E755872B9,CUST100090181,Fixed Term,2023-08-16,12,2024-08-16,True,Expired
CTR95BF8F3B5E,CUST100006307,Month-to-Month,2024-05-18,12,2025-05-18,False,Expired
CTR0A09123F03,CUST100082459,Month-to-Month,2020-12-22,12,2021-12-22,False,Active
CTREFD9313AE3,CUST100002494,Fixed Term,2021-05-04,36,2024-05-04,False,Active
CTR0D72F9AB08,CUST100010980,Month-to-Month,2025-03-31,36,2028-03-31,False,Active
CTR58D3F81996,CUST100029331,Month-to-Month,2021-06-21,24,2023-06-21,True,Terminated Early
CTRC0C87CDEED,CUST100072625,Fixed Term,2016-01-03,24,2018-01-03,False,Active
CTRDC77DA6487,CUST100037420,Fixed Term,2025-10-17,24,2027-10-17,False,Active
CTR89F43BFE4B,CUST100095694,Fixed Term,2020-05-20,12,2021-05-20,False,Active
CTREBF852D554,CUST100023310,Month-to-Month,2022-06-12,0,,True,Active
CTR2B1FA3085B,CUST100047109,Fixed Term,2018-01-21,12,2019-01-21,False,Active
CTR5423D7B30A,CUST100005433,Month-to-Month,2024-12-12,12,2025-12-12,True,Expired
CTR7B072DFFE7,CUST100039399,Fixed Term,2019-12-17,0,,True,Expired
CTRAA9C7F7C3D,CUST100025640,Fixed Term,2022-08-28,0,,False,Active
CTRFE8E8DC47D,CUST100023879,Fixed Term,2020-04-06,12,2021-04-06,False,Terminated Early
CTR51843E2144,CUST100039865,Fixed Term,2015-09-12,0,,False,Active
CTR82EBAA516E,CUST100009832,Month-to-Month,2017-07-21,24,2019-07-21,True,Expired
CTR90D536DBB1,CUST100014805,Fixed Term,2021-01-17,24,2023-01-17,True,Active
CTR495F9D79C7,CUST100021640,Month-to-Month,2020-07-18,12,2021-07-18,False,Active
CTR09375E61C5,CUST100007636,Fixed Term,2017-01-18,36,2020-01-18,True,Active
CTR13287C8E23,CUST100044736,Fixed Term,2018-12-03,24,2020-12-03,True,Active
CTR8BFA07A215,CUST100017901,Month-to-Month,2021-11-29,24,2023-11-29,True,Active
CTRC0BB229D0C,CUST100039352,Month-to-Month,2016-07-01,12,2017-07-01,True,Active
CTRB1E501DAA4,CUST100053058,Fixed Term,2015-12-31,24,2017-12-31,True,Pending Renewal
CTRBFBA425DF7,CUST100066504,Month-to-Month,2025-12-09,24,2027-12-09,False,Active
CTR65D0694109,CUST100043699,Fixed Term,2017-01-06,24,2019-01-06,True,Terminated Early
CTR83B7755D40,CUST100014359,Fixed Term,2022-08-22,24,2024-08-22,True,Active
CTRCB8E56A35D,CUST100006885,Fixed Term,2016-02-18,12,2017-02-18,True,Active
CTRE1B4DA0EBC,CUST100015678,Month-to-Month,2022-03-27,36,2025-03-27,True,Expired
CTR3717093B07,CUST100075228,Month-to-Month,2019-04-24,24,2021-04-24,False,Expired
CTR994EC70FD7,CUST100006927,Month-to-Month,2024-02-03,12,2025-02-03,True,Expired
CTR12A4489572,CUST100052445,Fixed Term,2023-08-14,12,2024-08-14,True,Active
CTRC909F9CE9B,CUST100079474,Fixed Term,2023-05-14,12,2024-05-14,True,Pending Renewal
CTRA4D7C1DDA6,CUST100060341,Month-to-Month,2025-02-15,24,2027-02-15,False,Active
CTR1DDBC46000,CUST100051465,Fixed Term,2022-12-09,12,2023-12-09,False,Active
CTR6A1C366197,CUST100068929,Fixed Term,2024-10-26,24,2026-10-26,True,Active
CTR93F19E8CA5,CUST100064220,Month-to-Month,2025-02-01,0,,True,Active
CTR9998A1ACBD,CUST100020601,Fixed Term,2022-04-03,24,2024-04-03,True,Active
CTR0D32D393BC,CUST100039933,Fixed Term,2022-09-14,0,,False,Active
CTR3DCA4DC417,CUST100005338,Fixed Term,2025-12-24,12,2026-12-24,False,Active
CTR64BD1C30FF,CUST100023958,Month-to-Month,2015-02-26,0,,True,Active
CTR67E5987C7A,CUST100021596,Fixed Term,2021-01-07,12,2022-01-07,False,Expired
CTR3DA9AD9C00,CUST100032593,Fixed Term,2018-04-02,0,,True,Active
CTR55A8074CF3,CUST100008759,Fixed Term,2018-12-16,24,2020-12-16,True,Expired
CTRAB4B9FC57F,CUST100036667,Fixed Term,2015-07-19,24,2017-07-19,True,Active
CTR313DF1DE1F,CUST100017162,Fixed Term,2020-06-17,24,2022-06-17,False,Active
CTR5E3498CF6E,CUST100077365,Fixed Term,2023-05-21,24,2025-05-21,True,Terminated Early
CTR065E0AA394,CUST100002945,Fixed Term,2016-09-02,0,,True,Pending Renewal
CTR79CCCDAFFE,CUST100052451,Month-to-Month,2025-10-13,0,,False,Expired
CTRD0835DC3E7,CUST100054487,Fixed Term,2020-08-06,0,,False,Active
CTRC8685B1B31,CUST100095416,Month-to-Month,2017-09-26,0,,False,Active
CTR1138A54C86,CUST100087992,Fixed Term,2015-08-03,0,,False,Expired
CTR5027598155,CUST100045269,Enterprise SLA,2018-03-22,12,2019-03-22,True,Active
CTR21102F4F6F,CUST100075541,Fixed Term,2018-04-05,36,2021-04-05,False,Active
CTRC10871438F,CUST100011665,Month-to-Month,2021-07-24,12,2022-07-24,True,Active
CTRCEBE5EFD6D,CUST100005526,Enterprise SLA,2020-09-22,24,2022-09-22,True,Pending Renewal
CTR6BD3538550,CUST100025494,Enterprise SLA,2020-02-20,0,,True,Active
CTR5300C45071,CUST100077968,Fixed Term,2016-08-29,12,2017-08-29,False,Terminated Early
CTRC0BC4BBA00,CUST100092050,Fixed Term,2018-08-30,24,2020-08-30,True,Active
CTRE43AB1DF86,CUST100032951,Month-to-Month,2018-10-09,24,2020-10-09,False,Active
CTR72C37D2C2D,CUST100019710,Fixed Term,2024-08-27,0,,False,Terminated Early
CTRCB0ED3A509,CUST100032665,Month-to-Month,2023-06-26,24,2025-06-26,True,Expired
CTRC0081CD8CC,CUST100060822,Month-to-Month,2022-12-25,24,2024-12-25,True,Active
CTR94E11B70B2,CUST100054948,Fixed Term,2021-08-07,12,2022-08-07,True,Active
CTR74354EFA79,CUST100039721,Fixed Term,2024-11-25,0,,True,Terminated Early
CTR9F7C1A3C7C,CUST100091088,Fixed Term,2018-05-01,36,2021-05-01,True,Active
CTR5849017C0F,CUST100041903,Fixed Term,2015-01-08,0,,True,Active
CTR848D6B2ADD,CUST100067474,Month-to-Month,2018-03-02,0,,True,Active
CTRB6777AC389,CUST100030329,Month-to-Month,2019-06-18,0,,False,Active
CTRE2F21BC37C,CUST100065688,Fixed Term,2015-06-07,0,,False,Active
CTR8170E11E6E,CUST100080715,Fixed Term,2018-01-20,0,,True,Active
CTR2ACC60D0FF,CUST100006907,Fixed Term,2015-05-20,24,2017-05-20,False,Active
CTRAC11DCA190,CUST100056795,Fixed Term,2018-12-14,0,,True,Active
CTRE15DA1CAEE,CUST100007133,Fixed Term,2018-10-15,0,,False,Active
CTR4EDA9339C3,CUST100044050,Fixed Term,2015-08-22,24,2017-08-22,False,Active
CTRB37A6CA051,CUST100036989,Month-to-Month,2020-05-18,0,,False,Active
CTR168FD5116D,CUST100064865,Fixed Term,2020-03-01,0,,True,Active
CTR0C3A45C005,CUST100023807,Fixed Term,2018-03-25,0,,True,Terminated Early
CTR466E8BAEDC,CUST100053845,Month-to-Month,2016-05-22,24,2018-05-22,True,Active
CTRF712CABC1A,CUST100005878,Month-to-Month,2016-10-17,24,2018-10-17,True,Active
CTR475F71DA50,CUST100014515,Month-to-Month,2019-07-26,0,,True,Expired
CTRE96320328F,CUST100081645,Month-to-Month,2020-03-02,0,,True,Active
CTR6BFA635B50,CUST100065694,Month-to-Month,2018-05-12,12,2019-05-12,True,Active
CTR6392036737,CUST100062434,Month-to-Month,2023-08-04,0,,False,Active
CTRD4533015F6,CUST100052152,Fixed Term,2015-02-15,24,2017-02-15,False,Active
CTRC2A4BF353B,CUST100041664,Month-to-Month,2016-04-06,0,,True,Active
CTR59DD0BC1B7,CUST100063205,Fixed Term,2020-02-08,12,2021-02-08,True,Active
CTR42DBBFB30C,CUST100098524,Fixed Term,2022-09-20,36,2025-09-20,True,Terminated Early
CTR6CF30974BD,CUST100079459,Fixed Term,2016-09-30,0,,True,Expired
CTR586EA5A03B,CUST100001738,Month-to-Month,2025-04-26,24,2027-04-26,True,Active
CTR630F448D9E,CUST100029621,Fixed Term,2024-08-17,24,2026-08-17,True,Active
CTR99ABA11E1A,CUST100091921,Fixed Term,2024-05-18,12,2025-05-18,True,Active
CTRC584F1F94A,CUST100076403,Enterprise SLA,2019-02-08,0,,False,Active
CTR085632C9A8,CUST100098839,Month-to-Month,2017-12-17,0,,True,Active
CTR5435EA353F,CUST100019122,Fixed Term,2015-04-06,0,,True,Active
CTR0435CF68A4,CUST100032348,Month-to-Month,2023-10-26,12,2024-10-26,True,Active
CTRDAAA998B1B,CUST100082478,Fixed Term,2020-07-24,12,2021-07-24,True,Active
CTR145CA39788,CUST100075432,Fixed Term,2018-11-20,24,2020-11-20,False,Terminated Early
CTRA0C8F52B53,CUST100058249,Fixed Term,2021-06-03,24,2023-06-03,True,Active
CTR0188575A09,CUST100092589,Fixed Term,2017-11-01,24,2019-11-01,True,Terminated Early
CTR824ADECE66,CUST100021293,Month-to-Month,2024-01-08,12,2025-01-08,True,Active
CTR827CF4DBE7,CUST100023611,Fixed Term,2024-11-27,0,,True,Active
CTRF57EF85231,CUST100033244,Fixed Term,2022-07-24,0,,True,Active
CTRB48CE828D9,CUST100076658,Fixed Term,2025-04-28,12,2026-04-28,True,Terminated Early
CTR728AB06600,CUST100033491,Fixed Term,2025-04-01,12,2026-04-01,True,Active
CTR1C90117950,CUST100099491,Month-to-Month,2016-01-01,0,,True,Expired
CTRBB655DFE29,CUST100062857,Month-to-Month,2016-07-13,12,2017-07-13,False,Active
CTR115B435DE7,CUST100037658,Month-to-Month,2020-10-11,24,2022-10-11,False,Active
CTREF6E83F0C1,CUST100032651,Fixed Term,2024-12-18,12,2025-12-18,True,Expired
CTRF99234277F,CUST100078473,Month-to-Month,2016-09-22,0,,True,Active
CTR7AF0827F1D,CUST100075960,Month-to-Month,2018-02-20,0,,True,Active
CTREF57A08725,CUST100022556,Month-to-Month,2018-11-10,12,2019-11-10,True,Active
CTRE80DF51EEB,CUST100048733,Month-to-Month,2022-10-01,0,,True,Active
CTR5064EBC09D,CUST100056899,Fixed Term,2017-05-13,24,2019-05-13,False,Active
CTR4688656859,CUST100093300,Month-to-Month,2017-12-08,24,2019-12-08,False,Active
CTR7EAFC640AF,CUST100037672,Month-to-Month,2025-03-07,24,2027-03-07,False,Terminated Early
CTR2C52CA98C5,CUST100098206,Month-to-Month,2018-04-01,0,,False,Active
CTR3419E3A991,CUST100000421,Fixed Term,2020-02-25,12,2021-02-25,True,Active
CTR7ACD4A0849,CUST100068062,Fixed Term,2017-09-30,24,2019-09-30,True,Active
CTR18324E7708,CUST100094020,Fixed Term,2019-05-03,12,2020-05-03,False,Terminated Early
CTR1242335060,CUST100076065,Fixed Term,2023-08-26,24,2025-08-26,False,Active
CTR0B8758039F,CUST100033757,Fixed Term,2020-11-03,24,2022-11-03,True,Expired
CTR984B9C829C,CUST100036717,Enterprise SLA,2018-07-29,12,2019-07-29,True,Active
CTR60CC24069A,CUST100076886,Fixed Term,2015-07-13,12,2016-07-13,True,Active
CTRA6100E6C16,CUST100008185,Enterprise SLA,2023-03-28,0,,True,Active
CTRE84BA57CBB,CUST100078493,Month-to-Month,2022-03-25,12,2023-03-25,False,Active
CTRED6D12C5D4,CUST100022672,Fixed Term,2024-12-17,0,,True,Active
CTRA2123DA9BD,CUST100050077,Fixed Term,2015-07-24,12,2016-07-24,True,Active
CTRCED94C9A16,CUST100027812,Fixed Term,2022-06-27,0,,True,Active
CTR79912042F0,CUST100025880,Month-to-Month,2025-03-25,24,2027-03-25,True,Active
CTR1FC1E89BF2,CUST100068041,Month-to-Month,2024-08-25,0,,True,Active
CTRFB2C3ED51F,CUST100031902,Fixed Term,2020-02-23,24,2022-02-23,True,Pending Renewal
CTR2C5C851EDC,CUST100052835,Fixed Term,2022-10-28,36,2025-10-28,True,Active
CTR66F17DA101,CUST100073253,Month-to-Month,2017-07-22,12,2018-07-22,False,Expired
CTRA63A8CAB06,CUST100095010,Month-to-Month,2017-04-07,0,,False,Active
CTRA20BEB8247,CUST100033566,Fixed Term,2024-08-30,12,2025-08-30,True,Expired
CTRF02B5F64B9,CUST100016152,Fixed Term,2024-04-03,0,,True,Active
CTR17A30150E8,CUST100029719,Month-to-Month,2017-06-20,12,2018-06-20,True,Active
CTRAE8D0BBFF1,CUST100035578,Month-to-Month,2017-07-30,24,2019-07-30,False,Active
CTRB3C8EB3B88,CUST100050032,Fixed Term,2020-04-28,12,2021-04-28,True,Expired
CTR344BDAD70B,CUST100054303,Month-to-Month,2022-07-29,0,,True,Active
CTRE691B41E4F,CUST100011083,Month-to-Month,2024-11-22,0,,True,Active
CTR69DCC1181D,CUST100073447,Month-to-Month,2025-04-10,0,,True,Active
CTRDCC0E062EA,CUST100054959,Fixed Term,2023-11-12,36,2026-11-12,True,Expired
CTRB5BD5FE2BB,CUST100016037,Month-to-Month,2025-03-28,24,2027-03-28,False,Active
CTR64A908C277,CUST100079934,Fixed Term,2023-04-25,12,2024-04-25,True,Active
CTR450730CEB9,CUST100009799,Enterprise SLA,2018-02-15,24,2020-02-15,False,Active
CTRE143B12D18,CUST100039411,Month-to-Month,2024-12-08,12,2025-12-08,True,Active
CTR48B6543319,CUST100050972,Fixed Term,2022-09-02,0,,True,Active
CTR51098D0D5B,CUST100016991,Month-to-Month,2019-01-12,0,,False,Terminated Early
CTR592CEEEC45,CUST100079473,Fixed Term,2018-09-04,0,,True,Active
CTRA0084469C6,CUST100008933,Month-to-Month,2020-01-27,24,2022-01-27,False,Active
CTR10E50AA309,CUST100063801,Fixed Term,2015-08-20,0,,True,Pending Renewal
CTRE87C139BB7,CUST100006857,Fixed Term,2015-12-10,0,,True,Active
CTR742B8AF224,CUST100089259,Month-to-Month,2017-10-27,12,2018-10-27,True,Expired
CTR0DEBCA5719,CUST100025758,Fixed Term,2017-04-12,0,,False,Active
CTRD43ECE5C21,CUST100056541,Month-to-Month,2024-12-10,24,2026-12-10,True,Active
CTR31F71EAE0D,CUST100090527,Fixed Term,2024-02-06,0,,False,Active
CTR03FC29CC24,CUST100024327,Fixed Term,2019-08-26,0,,False,Active
CTRDE3D64A875,CUST100070307,Fixed Term,2015-12-12,12,2016-12-12,False,Active
CTR61F8C9B3C4,CUST100077426,Fixed Term,2025-05-23,0,,True,Active
CTR82DBA6FBE2,CUST100041645,Month-to-Month,2019-03-06,12,2020-03-06,True,Active
CTR079D2235F0,CUST100057059,Month-to-Month,2020-11-13,12,2021-11-13,True,Active
CTR36C2B40BF6,CUST100021892,Month-to-Month,2025-08-18,24,2027-08-18,False,Active
CTR0FEEE623CF,CUST100034095,Month-to-Month,2021-03-09,24,2023-03-09,False,Active
CTR5B74DFE493,CUST100086991,Fixed Term,2021-11-18,12,2022-11-18,False,Active
CTR284BB5F9D9,CUST100087397,Month-to-Month,2019-12-27,24,2021-12-27,True,Active
CTR8624ACEB46,CUST100002435,Fixed Term,2019-10-09,12,2020-10-09,True,Active
CTRAF90288DD0,CUST100032008,Month-to-Month,2015-07-01,24,2017-07-01,True,Active
CTR26505D9E35,CUST100030479,Fixed Term,2018-09-21,24,2020-09-21,False,Pending Renewal
CTR1E8A56A6EF,CUST100002270,Month-to-Month,2018-07-26,12,2019-07-26,True,Active
CTRB2C95E3154,CUST100085576,Month-to-Month,2015-08-14,12,2016-08-14,True,Active
CTR03E829A68D,CUST100048817,Month-to-Month,2023-05-29,24,2025-05-29,False,Active
CTRF833D020D3,CUST100084672,Month-to-Month,2019-08-03,12,2020-08-03,False,Active
CTRB99C111452,CUST100089619,Fixed Term,2020-12-30,24,2022-12-30,True,Active
CTR3729D4CA25,CUST100016854,Month-to-Month,2024-08-31,24,2026-08-31,False,Active
CTR61FE43AFD5,CUST100063510,Fixed Term,2017-01-18,24,2019-01-18,True,Active
CTR4C08784DC9,CUST100095464,Enterprise SLA,2018-03-14,24,2020-03-14,False,Active
CTR2793ADC72B,CUST100049225,Fixed Term,2024-06-18,24,2026-06-18,True,Pending Renewal
CTR267A9EB4BE,CUST100026582,Fixed Term,2019-01-05,24,2021-01-05,True,Terminated Early
CTRDB22BA0565,CUST100072624,Month-to-Month,2022-03-06,0,,True,Active
CTR3FEB58342D,CUST100077385,Fixed Term,2016-11-18,12,2017-11-18,False,Active
CTRC310D5685E,CUST100004742,Month-to-Month,2015-11-04,0,,True,Expired
CTR9EE9CF857E,CUST100016910,Month-to-Month,2021-07-13,0,,True,Active
CTRC3941D33FB,CUST100063916,Fixed Term,2019-11-05,0,,True,Active
CTR84DFF2CF5C,CUST100046141,Fixed Term,2022-02-14,0,,True,Expired
CTRDA863A3529,CUST100060385,Fixed Term,2017-04-26,12,2018-04-26,True,Active
CTRAF5D555ACE,CUST100023131,Month-to-Month,2018-10-28,24,2020-10-28,True,Active
CTR01F0D342EB,CUST100049757,Fixed Term,2017-03-12,12,2018-03-12,False,Terminated Early
CTRA489A694FD,CUST100009010,Fixed Term,2024-11-27,12,2025-11-27,True,Active
CTRDBDBC4AD85,CUST100055942,Fixed Term,2018-12-15,0,,True,Active
CTR9D51C40198,CUST100051807,Fixed Term,2021-06-08,0,,True,Active
CTR10FE24FD00,CUST100052545,Fixed Term,2015-02-21,0,,True,Active
CTR91ED231D8D,CUST100032163,Month-to-Month,2015-10-20,24,2017-10-20,True,Active
CTR0686C22B11,CUST100095954,Fixed Term,2019-08-15,0,,False,Pending Renewal
CTR94ED250265,CUST100073056,Month-to-Month,2015-08-27,24,2017-08-27,True,Terminated Early
CTR69586DE7BE,CUST100064933,Fixed Term,2021-07-02,0,,True,Expired
CTRBFFAB0F21F,CUST100000010,Fixed Term,2018-03-26,12,2019-03-26,False,Terminated Early
CTR89861FF93E,CUST100022608,Enterprise SLA,2024-10-28,24,2026-10-28,True,Active
CTR21F390EEE1,CUST100053570,Fixed Term,2017-12-10,24,2019-12-10,False,Pending Renewal
CTRDDA6F75588,CUST100051234,Fixed Term,2022-03-22,24,2024-03-22,True,Terminated Early
CTR28192998DA,CUST100093060,Month-to-Month,2020-01-08,0,,False,Active
CTR7716F8715D,CUST100031417,Fixed Term,2025-01-21,0,,False,Terminated Early
CTR9C066F8AC1,CUST100080846,Month-to-Month,2022-05-16,24,2024-05-16,False,Active
CTR694BB3C596,CUST100006151,Fixed Term,2020-01-12,24,2022-01-12,True,Active
CTR2536E84C4E,CUST100078124,Month-to-Month,2019-10-27,24,2021-10-27,False,Active
CTREFFAB26C2F,CUST100095764,Fixed Term,2023-01-26,24,2025-01-26,False,Active
CTR9CCEE250A0,CUST100084596,Month-to-Month,2025-06-04,0,,True,Expired
CTRF565CD21A1,CUST100071896,Month-to-Month,2023-01-28,0,,True,Terminated Early
CTRC60DF7152C,CUST100070424,Fixed Term,2019-03-31,24,2021-03-31,True,Active
CTRDDF0256700,CUST100042515,Fixed Term,2017-12-16,0,,False,Active
CTR7D1C831045,CUST100091367,Fixed Term,2018-06-09,0,,True,Active
CTR4315DB6AEC,CUST100059455,Fixed Term,2023-06-11,0,,False,Active
CTRCCC66398C7,CUST100037999,Month-to-Month,2017-03-04,24,2019-03-04,True,Active
CTR0B287E111B,CUST100095136,Fixed Term,2017-12-11,12,2018-12-11,False,Active
CTR5AA2AAB59A,CUST100018723,Month-to-Month,2019-07-08,0,,True,Active
CTR6C52768D92,CUST100013392,Fixed Term,2017-10-21,12,2018-10-21,False,Terminated Early
CTR31E8BAA0C2,CUST100027353,Fixed Term,2022-12-21,0,,False,Active
CTR66E7DE6B01,CUST100036164,Fixed Term,2023-12-16,24,2025-12-16,True,Active
CTREDC30886BA,CUST100072862,Fixed Term,2019-12-24,24,2021-12-24,False,Expired
CTR435733C673,CUST100034615,Month-to-Month,2022-11-27,12,2023-11-27,True,Active
CTR1179E25225,CUST100035901,Fixed Term,2019-12-14,24,2021-12-14,True,Active
CTRC4AD77523E,CUST100057566,Fixed Term,2017-06-18,0,,False,Active
CTRC2DA42684D,CUST100033951,Fixed Term,2021-06-05,12,2022-06-05,True,Active
CTR34A31FDA3C,CUST100001297,Fixed Term,2025-09-04,0,,False,Active
CTR3A6425F63F,CUST100005033,Fixed Term,2024-06-20,24,2026-06-20,False,Active
CTR14A6386CF7,CUST100069804,Fixed Term,2024-07-09,12,2025-07-09,False,Active
CTR74197691C0,CUST100072253,Month-to-Month,2016-08-09,0,,True,Terminated Early
CTR78249896D8,CUST100025829,Month-to-Month,2022-05-06,12,2023-05-06,False,Active
CTRAAF300207D,CUST100058732,Fixed Term,2021-04-02,0,,False,Terminated Early
CTRCE01231E0E,CUST100095608,Month-to-Month,2016-11-18,0,,True,Active
CTRD39A0F0AB9,CUST100055442,Month-to-Month,2018-03-01,0,,False,Expired
CTR11EF41D385,CUST100085182,Fixed Term,2017-01-07,24,2019-01-07,False,Active
CTR3118B59B5A,CUST100020803,Fixed Term,2018-05-25,12,2019-05-25,False,Active
CTR4914BF0847,CUST100065844,Fixed Term,2022-01-09,24,2024-01-09,False,Active
CTRF0403587F2,CUST100015230,Month-to-Month,2023-11-18,24,2025-11-18,False,Active
CTRBF1A108C37,CUST100010258,Fixed Term,2016-03-16,0,,True,Terminated Early
CTR8A782B35B8,CUST100031035,Fixed Term,2025-09-21,0,,False,Terminated Early
CTR3325B23500,CUST100080036,Fixed Term,2023-03-27,0,,False,Active
CTR41F9AE44ED,CUST100052136,Month-to-Month,2021-01-26,0,,False,Active
CTRF3B5AD9777,CUST100088554,Month-to-Month,2025-04-28,24,2027-04-28,False,Active
CTR47632862E0,CUST100088982,Fixed Term,2018-05-05,24,2020-05-05,True,Active
CTR4FB02BE43F,CUST100066230,Month-to-Month,2022-11-14,24,2024-11-14,True,Terminated Early
CTRBB76E63F15,CUST100025625,Fixed Term,2020-07-05,12,2021-07-05,False,Active
CTR7AC0AE28AF,CUST100050111,Fixed Term,2020-01-26,24,2022-01-26,True,Active
CTR4720253678,CUST100028704,Month-to-Month,2019-12-12,0,,True,Active
CTR9BFFB61D77,CUST100016694,Fixed Term,2020-09-10,12,2021-09-10,True,Active
CTR1697C654FC,CUST100038493,Fixed Term,2020-06-09,36,2023-06-09,True,Expired
CTRB1F52F7579,CUST100067232,Month-to-Month,2024-12-21,12,2025-12-21,False,Active
CTRB8F132055F,CUST100047920,Month-to-Month,2016-10-05,12,2017-10-05,True,Active
CTR24671C2DEF,CUST100024761,Fixed Term,2022-08-01,0,,True,Active
CTRA47BB28DF8,CUST100093553,Month-to-Month,2023-06-12,24,2025-06-12,True,Active
CTR5D67403C2C,CUST100013897,Month-to-Month,2021-07-25,24,2023-07-25,True,Active
CTRB6B9ED8540,CUST100008937,Fixed Term,2022-09-16,12,2023-09-16,False,Active
CTR29B4A7988B,CUST100015076,Month-to-Month,2019-10-14,24,2021-10-14,False,Terminated Early
CTR692F024928,CUST100032428,Month-to-Month,2024-12-10,0,,True,Terminated Early
CTRD4762127D1,CUST100010800,Month-to-Month,2018-09-21,12,2019-09-21,True,Active
CTR863D3BBDE4,CUST100097188,Fixed Term,2021-01-17,0,,False,Expired
CTRD022677B2A,CUST100003874,Fixed Term,2016-02-02,12,2017-02-02,True,Active
CTR19D5FA3592,CUST100080532,Fixed Term,2021-02-15,12,2022-02-15,False,Terminated Early
CTRBF148DEFF7,CUST100098937,Fixed Term,2015-09-24,12,2016-09-24,False,Expired
CTR78811E8CF3,CUST100080111,Enterprise SLA,2018-05-22,12,2019-05-22,True,Active
CTR85E5EACF2F,CUST100079442,Month-to-Month,2018-09-29,24,2020-09-29,True,Active
CTR95E58CD22A,CUST100085247,Month-to-Month,2015-08-09,24,2017-08-09,False,Active
CTRE89250CB79,CUST100057149,Month-to-Month,2016-05-10,24,2018-05-10,True,Active
CTR61A61D8C03,CUST100052688,Fixed Term,2021-06-20,0,,True,Active
CTRDE63156FFF,CUST100078157,Fixed Term,2015-12-19,12,2016-12-19,False,Active
CTREC5970F6AE,CUST100023180,Enterprise SLA,2020-07-26,12,2021-07-26,True,Active
CTRF1A4938C56,CUST100041613,Fixed Term,2018-06-15,24,2020-06-15,True,Pending Renewal
CTR33E0B4503F,CUST100009437,Fixed Term,2024-04-04,24,2026-04-04,False,Active
CTR491ADD7D2D,CUST100049806,Month-to-Month,2021-08-06,0,,True,Pending Renewal
CTRF69D53E7B4,CUST100039495,Fixed Term,2020-01-10,12,2021-01-10,True,Active
CTR1AD4BE340A,CUST100088208,Fixed Term,2022-05-20,36,2025-05-20,True,Active
CTR6EA2184EDD,CUST100041459,Fixed Term,2020-03-21,12,2021-03-21,False,Active
CTR376014C314,CUST100065738,Fixed Term,2019-07-28,24,2021-07-28,True,Active
CTRA898457344,CUST100084899,Fixed Term,2021-12-26,36,2024-12-26,True,Active
CTR7672F61B4D,CUST100038136,Month-to-Month,2022-03-17,24,2024-03-17,True,Active
CTRD062455248,CUST100012977,Fixed Term,2025-07-20,0,,False,Active
CTRD5E857D758,CUST100047902,Fixed Term,2025-09-08,0,,True,Active
CTRCC4360E1CA,CUST100043477,Fixed Term,2023-10-27,12,2024-10-27,False,Expired
CTR00164E0A18,CUST100086861,Month-to-Month,2021-10-21,0,,True,Active
CTR85AFA7F337,CUST100089286,Fixed Term,2024-05-31,24,2026-05-31,True,Active
CTR27DC6DBC7A,CUST100090748,Fixed Term,2023-09-02,24,2025-09-02,False,Active
CTRD7CF9C61E1,CUST100097979,Fixed Term,2016-01-27,0,,False,Expired
CTR8709E3B77D,CUST100079228,Month-to-Month,2016-09-14,0,,True,Active
CTR25A1A53533,CUST100038326,Fixed Term,2020-11-19,36,2023-11-19,False,Active
CTR8E4D7A61E8,CUST100088409,Month-to-Month,2015-08-09,36,2018-08-09,True,Active
CTRD50FA69637,CUST100018522,Month-to-Month,2020-03-01,12,2021-03-01,True,Active
CTR11E2E6282C,CUST100057455,Fixed Term,2017-12-08,0,,True,Expired
CTR8A63CA1354,CUST100025397,Month-to-Month,2023-12-06,12,2024-12-06,False,Active
CTR4005657EF8,CUST100075573,Enterprise SLA,2024-12-18,12,2025-12-18,True,Expired
CTR5A6E1AC9FD,CUST100026552,Month-to-Month,2023-07-01,0,,False,Expired
CTRC790CD029D,CUST100030595,Enterprise SLA,2025-09-08,12,2026-09-08,False,Terminated Early
CTR214F9D957C,CUST100076554,Month-to-Month,2019-09-17,36,2022-09-17,True,Active
CTRCBD282C7C1,CUST100039910,Month-to-Month,2017-11-09,24,2019-11-09,True,Active
CTR98ADD12F06,CUST100087225,Month-to-Month,2019-03-09,0,,False,Active
CTR9040EC3D7A,CUST100050469,Fixed Term,2024-04-13,0,,True,Active
CTR8A9A84A004,CUST100041991,Month-to-Month,2022-11-27,12,2023-11-27,False,Active
CTRF76ABD758B,CUST100087064,Month-to-Month,2025-10-16,12,2026-10-16,False,Active
CTR968B3635C0,CUST100009712,Fixed Term,2022-10-06,12,2023-10-06,True,Active
CTR9F9021F37B,CUST100079570,Month-to-Month,2020-12-26,12,2021-12-26,False,Active
CTRDFD40497F6,CUST100033193,Fixed Term,2015-10-03,0,,True,Terminated Early
CTR7AC1E2EC53,CUST100074291,Month-to-Month,2019-08-26,24,2021-08-26,True,Expired
CTR3691079047,CUST100078016,Month-to-Month,2020-06-19,12,2021-06-19,True,Active
CTR414E6DA97C,CUST100043258,Fixed Term,2025-07-17,0,,True,Active
CTR469EB8650B,CUST100055939,Fixed Term,2025-12-22,24,2027-12-22,True,Active
CTRAAD8A832A4,CUST100057709,Fixed Term,2019-06-05,0,,False,Terminated Early
CTRC8A1CB215D,CUST100010026,Month-to-Month,2025-01-02,36,2028-01-02,False,Active
CTRD64C7BF988,CUST100012660,Fixed Term,2020-08-13,12,2021-08-13,True,Active
CTRB158FD7E4E,CUST100037697,Fixed Term,2022-03-27,24,2024-03-27,True,Active
CTRC7EA137FE5,CUST100025380,Month-to-Month,2025-07-04,0,,False,Terminated Early
CTR7956E413BC,CUST100013272,Fixed Term,2019-11-10,0,,False,Active
CTRF65A27EC8D,CUST100064610,Fixed Term,2019-06-20,12,2020-06-20,True,Active
CTR00DD4C1C97,CUST100050659,Fixed Term,2022-05-06,12,2023-05-06,True,Active
CTR2C30D0615D,CUST100027180,Fixed Term,2022-12-16,0,,False,Active
CTRFF1D0321CD,CUST100097434,Fixed Term,2022-01-15,24,2024-01-15,True,Active
CTRF5BAEF0041,CUST100049033,Fixed Term,2017-04-19,24,2019-04-19,False,Active
CTR39C032DC13,CUST100024787,Fixed Term,2020-09-19,24,2022-09-19,True,Active
CTR675AE9810F,CUST100009811,Month-to-Month,2015-09-03,36,2018-09-03,False,Active
CTR44D4F19079,CUST100062267,Fixed Term,2016-11-21,24,2018-11-21,True,Expired
CTRC4D3355F9A,CUST100015343,Fixed Term,2021-04-06,24,2023-04-06,True,Active
CTR590392AF14,CUST100016383,Fixed Term,2025-11-01,12,2026-11-01,True,Active
CTRC1A3B325AA,CUST100049291,Month-to-Month,2020-09-10,24,2022-09-10,True,Active
CTRE6D8BF5BE5,CUST100031872,Month-to-Month,2022-05-03,12,2023-05-03,True,Active
CTR8AD1F8F12E,CUST100064487,Fixed Term,2022-01-30,12,2023-01-30,False,Active
CTRE4E3451E90,CUST100030867,Enterprise SLA,2018-04-06,12,2019-04-06,True,Active
CTR6C227B663C,CUST100005848,Month-to-Month,2023-03-25,0,,True,Pending Renewal
CTR6AC2EB4E3B,CUST100050256,Fixed Term,2016-10-17,24,2018-10-17,True,Active
CTRC11898C64C,CUST100016637,Month-to-Month,2019-01-14,12,2020-01-14,True,Expired
CTR10AB8A55EA,CUST100084065,Fixed Term,2021-08-14,0,,True,Pending Renewal
CTRA167818A34,CUST100016160,Fixed Term,2023-01-21,0,,True,Active
CTRE16B89DE2C,CUST100076085,Fixed Term,2020-07-10,24,2022-07-10,False,Active
CTR620BCF7F18,CUST100039431,Fixed Term,2016-03-01,24,2018-03-01,True,Active
CTR150C487DE8,CUST100028784,Fixed Term,2018-02-04,0,,True,Active
CTR6C1A8FDA88,CUST100028452,Fixed Term,2022-05-16,12,2023-05-16,False,Active
CTRE1EFCA8EF3,CUST100073419,Fixed Term,2016-12-05,12,2017-12-05,True,Active
CTR65CEAADF79,CUST100079164,Fixed Term,2021-06-15,0,,True,Pending Renewal
CTR3B4C438B6E,CUST100095428,Fixed Term,2016-08-04,24,2018-08-04,True,Active
CTR76AA1D65D8,CUST100061343,Fixed Term,2024-10-11,0,,True,Active
CTRB1B2D02FDA,CUST100072256,Fixed Term,2021-05-24,0,,True,Active
CTRC492766F24,CUST100073050,Fixed Term,2016-03-01,0,,False,Active
CTR39EAFADB53,CUST100005479,Fixed Term,2017-06-24,36,2020-06-24,False,Pending Renewal
CTRA6B7A2E4E1,CUST100016377,Fixed Term,2025-07-31,24,2027-07-31,False,Terminated Early
CTR6573F6F09E,CUST100088149,Month-to-Month,2022-10-23,24,2024-10-23,False,Expired
CTR943D9EAE38,CUST100059850,Fixed Term,2019-08-08,24,2021-08-08,True,Expired
CTR4E444FA61C,CUST100073186,Fixed Term,2018-05-30,12,2019-05-30,False,Pending Renewal
CTR8ABD5FD68C,CUST100056945,Month-to-Month,2019-07-06,12,2020-07-06,True,Active
CTRB75F408756,CUST100078391,Fixed Term,2020-07-18,12,2021-07-18,False,Active
CTR09A796FC52,CUST100062266,Fixed Term,2018-04-16,24,2020-04-16,True,Active
CTR924C45BD1B,CUST100024485,Fixed Term,2024-05-06,12,2025-05-06,True,Pending Renewal
CTRFEDBC96D58,CUST100042041,Month-to-Month,2015-12-06,0,,False,Active
CTR71178BC077,CUST100056230,Fixed Term,2020-04-19,12,2021-04-19,True,Terminated Early
CTRAB4A145BF5,CUST100025398,Enterprise SLA,2015-07-18,24,2017-07-18,False,Active
CTRC5322D75BA,CUST100096854,Month-to-Month,2023-04-13,0,,False,Pending Renewal
CTRC352D3A66B,CUST100034694,Month-to-Month,2022-11-30,12,2023-11-30,True,Pending Renewal
CTRE2AB4567A9,CUST100008451,Month-to-Month,2021-05-30,24,2023-05-30,False,Active
CTREF927413FA,CUST100035976,Enterprise SLA,2021-09-07,36,2024-09-07,False,Active
CTR2AE0236172,CUST100054220,Month-to-Month,2024-01-02,12,2025-01-02,False,Active
CTR68A2C8BA4E,CUST100074555,Month-to-Month,2024-06-16,24,2026-06-16,False,Active
CTR1E0AE51CE7,CUST100077856,Fixed Term,2022-07-12,24,2024-07-12,True,Active
CTR557740E0C2,CUST100090405,Fixed Term,2022-10-04,0,,False,Expired
CTRF1D7B1451B,CUST100077606,Month-to-Month,2016-11-23,24,2018-11-23,False,Active
CTR27CCBCF068,CUST100030185,Fixed Term,2025-04-14,24,2027-04-14,True,Active
CTR78F2B67CD9,CUST100069775,Fixed Term,2023-09-12,12,2024-09-12,True,Active
CTRA8BB7A19FF,CUST100018889,Month-to-Month,2016-08-28,24,2018-08-28,True,Active
CTRC4C113CDE8,CUST100065211,Fixed Term,2023-11-01,0,,True,Pending Renewal
CTR3046BE362F,CUST100040944,Fixed Term,2015-03-12,12,2016-03-12,False,Active
CTR708D3CA7B1,CUST100062823,Fixed Term,2022-07-21,36,2025-07-21,True,Pending Renewal
CTR8B2897447D,CUST100092892,Fixed Term,2019-08-23,24,2021-08-23,True,Active
CTRE1182D2024,CUST100026251,Fixed Term,2024-12-21,12,2025-12-21,True,Active
CTR249D428402,CUST100034448,Fixed Term,2016-03-06,12,2017-03-06,False,Active
CTREC4AC786F0,CUST100029961,Month-to-Month,2016-11-23,0,,False,Active
CTRB0749C4F86,CUST100001854,Month-to-Month,2023-06-14,24,2025-06-14,True,Active
CTRACAC24F9C3,CUST100032537,Month-to-Month,2020-07-06,24,2022-07-06,False,Active
CTRF4292E4712,CUST100080226,Fixed Term,2022-08-07,24,2024-08-07,True,Active
CTR863D276E7F,CUST100069006,Fixed Term,2021-01-24,24,2023-01-24,True,Active
CTR133CA9EF4A,CUST100096776,Fixed Term,2020-01-16,0,,True,Expired
CTRFF4F96AB58,CUST100066183,Month-to-Month,2021-03-31,12,2022-03-31,False,Active
CTR6579E23C1D,CUST100032547,Month-to-Month,2021-08-08,12,2022-08-08,False,Terminated Early
CTRB06B442DBF,CUST100044460,Fixed Term,2023-10-23,12,2024-10-23,False,Active
CTRD8BEE227DD,CUST100031639,Month-to-Month,2023-03-24,24,2025-03-24,True,Expired
CTRA6FD9F5A89,CUST100041113,Fixed Term,2016-11-17,24,2018-11-17,True,Active
CTR31CB204B25,CUST100046573,Fixed Term,2017-10-11,24,2019-10-11,False,Active
CTR0B1FCBF88B,CUST100007391,Month-to-Month,2023-07-13,24,2025-07-13,False,Active
CTR84922388CF,CUST100045289,Month-to-Month,2018-12-14,0,,True,Expired
CTRECF7280FF5,CUST100059121,Fixed Term,2018-07-25,12,2019-07-25,True,Expired
CTRF34C3E3F4F,CUST100031892,Fixed Term,2025-12-01,12,2026-12-01,True,Active
CTR3F645C5BDC,CUST100021865,Enterprise SLA,2019-05-13,12,2020-05-13,True,Active
CTR8CC07F6086,CUST100008730,Fixed Term,2020-03-27,0,,False,Active
CTR4CA30BFACD,CUST100090307,Fixed Term,2019-04-08,24,2021-04-08,True,Active
CTR18355AA6D3,CUST100076306,Fixed Term,2015-09-19,12,2016-09-19,True,Active
CTR2D782B69CA,CUST100098614,Fixed Term,2018-08-08,24,2020-08-08,True,Active
CTR6EA3E473F0,CUST100021524,Enterprise SLA,2018-10-21,12,2019-10-21,True,Terminated Early
CTR8DD1A4DD82,CUST100083227,Fixed Term,2020-09-30,0,,False,Pending Renewal
CTRCAD0BC55DE,CUST100005029,Month-to-Month,2025-03-06,24,2027-03-06,False,Active
CTR3DB5E4C88E,CUST100085295,Month-to-Month,2016-08-07,0,,False,Expired
CTRBFBD1ADFF0,CUST100002630,Month-to-Month,2023-02-14,12,2024-02-14,True,Active
CTRBD4E32EE39,CUST100073636,Fixed Term,2020-10-04,36,2023-10-04,True,Active
CTR179BFE750E,CUST100029786,Fixed Term,2018-05-04,24,2020-05-04,True,Active
CTR817B5D478C,CUST100084726,Month-to-Month,2025-09-16,0,,True,Active
CTRE3D896EEEF,CUST100019077,Fixed Term,2024-09-30,0,,True,Terminated Early
CTR40F79C276E,CUST100043117,Fixed Term,2023-12-13,0,,False,Active
CTRB11AA99D3F,CUST100010602,Fixed Term,2016-02-05,0,,True,Expired
CTR6704EEC637,CUST100017212,Fixed Term,2023-01-26,24,2025-01-26,False,Active
CTR64887FF9B1,CUST100047410,Month-to-Month,2020-03-05,0,,True,Terminated Early
CTRE93D29811B,CUST100036795,Month-to-Month,2019-08-14,36,2022-08-14,False,Active
CTR08EB41E6A3,CUST100024537,Month-to-Month,2022-05-01,12,2023-05-01,True,Pending Renewal
CTRF1BE333610,CUST100010553,Month-to-Month,2017-02-26,24,2019-02-26,True,Active
CTREA310CA7E1,CUST100081506,Fixed Term,2016-10-04,24,2018-10-04,True,Active
CTRC88457C61E,CUST100096827,Month-to-Month,2025-09-16,0,,True,Expired
CTRB1A6B28E2D,CUST100022587,Fixed Term,2021-02-26,24,2023-02-26,True,Pending Renewal
CTRD9751C79E6,CUST100009420,Month-to-Month,2020-11-27,0,,True,Active
CTRF2CA815428,CUST100051872,Month-to-Month,2023-02-28,12,2024-02-28,True,Expired
CTR06C72E59FC,CUST100072034,Month-to-Month,2025-03-17,24,2027-03-17,True,Expired
CTR8AF7FB790D,CUST100003833,Fixed Term,2017-01-31,24,2019-01-31,True,Pending Renewal
CTR687FF30D19,CUST100049086,Month-to-Month,2021-06-23,0,,True,Active
CTRFE67FB7DD7,CUST100084477,Month-to-Month,2015-05-28,12,2016-05-28,True,Active
CTR5531A9F168,CUST100010575,Fixed Term,2025-03-01,0,,True,Active
CTR2F731B8038,CUST100007122,Fixed Term,2021-10-11,0,,True,Active
CTRF4CFCFD4DD,CUST100081090,Fixed Term,2025-09-21,0,,True,Active
CTRCE611EFAE8,CUST100039816,Month-to-Month,2016-12-12,24,2018-12-12,False,Active
CTRF98F62E438,CUST100029498,Fixed Term,2017-11-25,24,2019-11-25,True,Expired
CTR674263C99D,CUST100017424,Month-to-Month,2024-07-11,24,2026-07-11,True,Active
CTR2FC0D459AA,CUST100040901,Month-to-Month,2016-08-19,0,,True,Active
CTR53715984EA,CUST100037863,Fixed Term,2025-11-07,0,,False,Active
CTRA1EEDC0652,CUST100046224,Month-to-Month,2024-06-05,12,2025-06-05,False,Expired
CTRBA7E09C313,CUST100080271,Month-to-Month,2019-12-16,0,,False,Expired
CTRF5152BCD3E,CUST100025873,Month-to-Month,2022-12-07,24,2024-12-07,True,Active
CTR515EE9950F,CUST100012654,Fixed Term,2016-07-08,24,2018-07-08,True,Expired
CTR85C78CAF50,CUST100017743,Month-to-Month,2020-04-02,24,2022-04-02,True,Expired
CTRBC5648A671,CUST100075869,Fixed Term,2024-04-04,24,2026-04-04,True,Active
CTR851DAD7244,CUST100082309,Month-to-Month,2020-09-09,12,2021-09-09,False,Active
CTRC19CC85083,CUST100068365,Fixed Term,2020-05-13,0,,True,Active
CTRFE89489907,CUST100099285,Fixed Term,2021-12-15,36,2024-12-15,False,Expired
CTR42ACFBCB25,CUST100005960,Month-to-Month,2018-11-07,0,,False,Terminated Early
CTR06E7858EF7,CUST100090773,Month-to-Month,2024-06-01,36,2027-06-01,True,Expired
CTR0335E542C5,CUST100009640,Fixed Term,2015-11-07,24,2017-11-07,True,Active
CTREB11BBE9C2,CUST100068121,Fixed Term,2019-01-29,0,,True,Active
CTRB281706A49,CUST100094141,Fixed Term,2019-09-11,24,2021-09-11,True,Active
CTR36E3F50B75,CUST100070940,Fixed Term,2019-01-01,36,2022-01-01,False,Active
CTR4455B18650,CUST100083948,Fixed Term,2021-11-14,36,2024-11-14,False,Expired
CTR341AC372DB,CUST100090146,Enterprise SLA,2022-03-10,24,2024-03-10,False,Active
CTR3686D25006,CUST100024189,Enterprise SLA,2025-10-07,0,,True,Active
CTR749041BB87,CUST100095679,Fixed Term,2018-12-15,0,,False,Active
CTRACDA27C194,CUST100016195,Fixed Term,2023-12-12,24,2025-12-12,False,Active
CTR930820868F,CUST100044142,Fixed Term,2018-01-01,0,,False,Active
CTR65550D5B45,CUST100048460,Fixed Term,2016-07-14,24,2018-07-14,True,Active
CTR6E2D3504FC,CUST100056127,Fixed Term,2016-05-16,0,,False,Active
CTR44D24427B9,CUST100087841,Month-to-Month,2022-02-26,12,2023-02-26,True,Active
CTR725ADAC161,CUST100083549,Fixed Term,2019-03-29,36,2022-03-29,False,Active
CTRFF777C9204,CUST100093855,Month-to-Month,2019-05-30,12,2020-05-30,True,Active
CTRF3BBC498EE,CUST100057678,Fixed Term,2015-01-05,0,,True,Active
CTR249BE8B333,CUST100017773,Fixed Term,2020-04-30,12,2021-04-30,False,Active
CTRA131006F59,CUST100036342,Month-to-Month,2016-02-24,36,2019-02-24,True,Active
CTR6EF5ECC1F5,CUST100073197,Fixed Term,2019-08-24,12,2020-08-24,True,Expired
CTR28D4D370AA,CUST100041948,Month-to-Month,2021-03-22,36,2024-03-22,True,Expired
CTR7A51A0D9F4,CUST100058625,Fixed Term,2015-06-05,12,2016-06-05,True,Active
CTRD3188ADFA8,CUST100070995,Fixed Term,2024-03-17,12,2025-03-17,True,Active
CTR1E8FC147D1,CUST100024792,Month-to-Month,2015-08-27,0,,False,Active
CTR5103282208,CUST100001674,Month-to-Month,2018-05-31,0,,False,Active
CTRB1804FD080,CUST100050057,Month-to-Month,2018-12-21,24,2020-12-21,True,Active
CTR0CF9BA52C4,CUST100075528,Fixed Term,2018-10-15,36,2021-10-15,True,Active
CTREA3F7606D9,CUST100083830,Month-to-Month,2019-04-20,0,,False,Active
CTR9C1245E6A9,CUST100056756,Fixed Term,2022-01-06,24,2024-01-06,False,Expired
CTR360302987E,CUST100008587,Enterprise SLA,2016-04-13,12,2017-04-13,True,Active
CTR9887D0C3D9,CUST100049985,Month-to-Month,2018-10-03,12,2019-10-03,True,Active
CTR590490D2EC,CUST100074827,Fixed Term,2020-12-30,24,2022-12-30,False,Active
CTR187961DB5E,CUST100074796,Month-to-Month,2023-01-30,0,,True,Active
CTRB67206DF4A,CUST100051690,Month-to-Month,2017-07-26,12,2018-07-26,False,Expired
CTRFEC4F20576,CUST100006570,Month-to-Month,2020-08-16,12,2021-08-16,False,Terminated Early
CTR2EEB4092B3,CUST100012460,Month-to-Month,2016-05-20,24,2018-05-20,False,Active
CTR69FD821210,CUST100006769,Fixed Term,2019-05-13,0,,True,Active
CTR19BD66D0C6,CUST100076417,Month-to-Month,2016-12-11,12,2017-12-11,True,Pending Renewal
CTR8EB1A0FD3C,CUST100067439,Month-to-Month,2018-08-31,0,,True,Terminated Early
CTR8EE7FEB6EE,CUST100028031,Month-to-Month,2022-09-23,12,2023-09-23,False,Active
CTRAC490721B1,CUST100004887,Enterprise SLA,2017-12-31,24,2019-12-31,False,Active
CTR8F6D8EA307,CUST100000123,Fixed Term,2018-06-13,24,2020-06-13,True,Active
CTRB75BC52044,CUST100058143,Fixed Term,2021-03-10,0,,True,Active
CTRC7FF52B82B,CUST100060628,Fixed Term,2021-02-04,0,,False,Active
CTREBA0A5042F,CUST100038503,Month-to-Month,2018-12-16,12,2019-12-16,True,Active
CTR8394969D47,CUST100043912,Fixed Term,2024-07-29,12,2025-07-29,True,Active
CTRE349F8C931,CUST100072878,Fixed Term,2017-12-04,36,2020-12-04,False,Active
CTR663DB3B45F,CUST100019890,Fixed Term,2024-10-23,0,,True,Expired
CTR9C76582E0B,CUST100089323,Fixed Term,2023-07-07,12,2024-07-07,True,Expired
CTR00C922D2C4,CUST100077477,Month-to-Month,2021-06-11,0,,True,Active
CTR2A3E8375A8,CUST100036686,Month-to-Month,2019-03-24,12,2020-03-24,True,Active
CTR658DC50CBC,CUST100005837,Fixed Term,2025-10-14,0,,True,Active
CTRB4782E1043,CUST100027801,Fixed Term,2015-01-23,0,,False,Active
CTR6A1276CAB6,CUST100015907,Fixed Term,2017-06-27,0,,True,Expired
CTRBD6D9AFCB6,CUST100005343,Fixed Term,2024-06-01,0,,False,Terminated Early
CTR616663CEE5,CUST100032491,Month-to-Month,2022-08-07,36,2025-08-07,True,Active
CTR3E2053B09F,CUST100062098,Fixed Term,2018-03-02,12,2019-03-02,True,Active
CTRC484D8C34D,CUST100073341,Fixed Term,2019-09-28,24,2021-09-28,True,Active
CTR398B3C3C2D,CUST100063523,Month-to-Month,2016-02-21,0,,True,Active
CTR34A7ECD48A,CUST100067805,Month-to-Month,2025-11-04,0,,True,Expired
CTR138A67A5E2,CUST100028351,Month-to-Month,2025-06-01,12,2026-06-01,False,Expired
CTRE4C7FE0092,CUST100019480,Month-to-Month,2015-02-04,0,,True,Active
CTR3A326DCC26,CUST100053678,Fixed Term,2015-04-06,12,2016-04-06,True,Active
CTR7279EEC25D,CUST100074414,Month-to-Month,2022-12-08,12,2023-12-08,False,Active
CTRE29131EF06,CUST100047081,Month-to-Month,2016-07-05,0,,True,Active
CTR6D5A4467CC,CUST100036977,Fixed Term,2018-06-14,24,2020-06-14,True,Expired
CTRB5BA462E59,CUST100066013,Month-to-Month,2017-03-21,24,2019-03-21,True,Active
CTR6D1B455ED7,CUST100013598,Month-to-Month,2017-06-26,24,2019-06-26,True,Pending Renewal
CTR504B803A68,CUST100078363,Fixed Term,2022-10-16,12,2023-10-16,False,Active
CTR3E705144B8,CUST100076073,Month-to-Month,2021-08-27,0,,False,Active
CTRA74B70E109,CUST100033682,Month-to-Month,2020-12-17,24,2022-12-17,True,Active
CTR33D4F6D6DC,CUST100062609,Fixed Term,2024-12-22,0,,True,Terminated Early
CTREF0362FD67,CUST100081497,Month-to-Month,2022-11-18,0,,True,Active
CTR3B68381141,CUST100015187,Fixed Term,2024-07-05,12,2025-07-05,True,Active
CTR8FEAF07C56,CUST100033227,Month-to-Month,2019-01-01,24,2021-01-01,True,Active
CTR9F49C0C3AB,CUST100089974,Fixed Term,2023-06-24,24,2025-06-24,False,Active
CTR9A2036B7CE,CUST100064256,Fixed Term,2020-01-03,12,2021-01-03,True,Expired
CTRF9F5523E47,CUST100051934,Month-to-Month,2022-08-22,0,,True,Expired
CTRD6C58924B3,CUST100065253,Fixed Term,2017-01-15,0,,False,Active
CTR76E0437489,CUST100057031,Fixed Term,2023-08-29,24,2025-08-29,True,Active
CTRFCA79D7B28,CUST100045232,Enterprise SLA,2016-02-25,24,2018-02-25,True,Active
CTRDBA835462B,CUST100066235,Fixed Term,2023-02-24,0,,False,Pending Renewal
CTRA3A6A75C1A,CUST100071257,Enterprise SLA,2018-06-07,12,2019-06-07,False,Active
CTRB6011CBB5E,CUST100044257,Fixed Term,2020-05-20,0,,True,Active
CTRBD929929B5,CUST100092920,Month-to-Month,2019-11-14,12,2020-11-14,True,Active
CTRE232D833E2,CUST100051992,Month-to-Month,2024-05-16,0,,True,Active
CTRF0D89E4DBF,CUST100049146,Fixed Term,2025-07-16,24,2027-07-16,False,Active
CTRB80709A380,CUST100010470,Month-to-Month,2023-02-02,12,2024-02-02,False,Active
CTR3C496F9585,CUST100092513,Fixed Term,2022-10-20,0,,False,Active
CTR4B9E313DDB,CUST100017058,Fixed Term,2016-03-11,12,2017-03-11,False,Active
CTRB1EEB25EEC,CUST100051542,Month-to-Month,2024-06-24,24,2026-06-24,True,Active
CTR1AEF7B21A5,CUST100096673,Fixed Term,2024-12-22,0,,False,Expired
CTR7E94EA17C1,CUST100090827,Fixed Term,2023-03-04,12,2024-03-04,True,Active
CTRC741C01654,CUST100002422,Month-to-Month,2021-11-11,24,2023-11-11,False,Active
CTR27845D507F,CUST100066766,Month-to-Month,2020-01-27,0,,True,Active
CTR4950340BFE,CUST100034714,Fixed Term,2025-08-10,24,2027-08-10,True,Active
CTR42362D1CDA,CUST100006896,Fixed Term,2025-12-30,24,2027-12-30,True,Active
CTR944EAB8C5F,CUST100049299,Fixed Term,2017-12-30,24,2019-12-30,True,Active
CTR1B8AB6AC13,CUST100075572,Month-to-Month,2025-10-03,12,2026-10-03,True,Pending Renewal
CTR043BA5E7ED,CUST100083074,Month-to-Month,2021-12-03,12,2022-12-03,True,Active
CTREE1D1ECDFD,CUST100004195,Month-to-Month,2016-01-23,0,,False,Active
CTR8FAED3F5A3,CUST100095384,Month-to-Month,2017-02-27,12,2018-02-27,True,Active
CTRDFAAF90666,CUST100004635,Fixed Term,2018-01-03,0,,False,Active
CTRD9663B2CE2,CUST100062092,Month-to-Month,2015-05-21,12,2016-05-21,False,Active
CTR3B59B43ED8,CUST100088794,Fixed Term,2023-01-28,24,2025-01-28,True,Active
CTRCF7939FC05,CUST100057306,Fixed Term,2020-09-06,0,,False,Expired
CTRDDA5894B11,CUST100068773,Fixed Term,2017-02-25,36,2020-02-25,True,Active
CTR5CE41DEECC,CUST100043626,Month-to-Month,2019-07-09,24,2021-07-09,True,Active
CTR5B65C2ED52,CUST100026516,Month-to-Month,2018-01-22,0,,True,Active
CTR2CC34DDBAA,CUST100067354,Month-to-Month,2025-12-14,36,2028-12-14,True,Pending Renewal
CTRF6A69F723F,CUST100088311,Month-to-Month,2024-02-02,24,2026-02-02,True,Active
CTR59363B214D,CUST100000717,Enterprise SLA,2020-05-06,12,2021-05-06,False,Active
CTR447D63951B,CUST100013878,Fixed Term,2022-04-04,12,2023-04-04,True,Terminated Early
CTRB0D568E641,CUST100073565,Month-to-Month,2017-09-30,12,2018-09-30,False,Active
CTRC0BD5CFEB8,CUST100087771,Fixed Term,2020-08-01,12,2021-08-01,False,Expired
CTR0F430852FE,CUST100065123,Fixed Term,2019-11-12,12,2020-11-12,True,Active
CTRE5E2A574DC,CUST100098215,Fixed Term,2020-02-04,0,,True,Terminated Early
CTR17E0A564C2,CUST100081420,Fixed Term,2015-10-23,0,,True,Active
CTRAE0F7C6314,CUST100064619,Fixed Term,2025-04-23,12,2026-04-23,True,Terminated Early
CTRBB42A765BF,CUST100099344,Fixed Term,2021-09-13,24,2023-09-13,False,Active
CTR256E3AC7EF,CUST100043655,Month-to-Month,2016-06-24,24,2018-06-24,True,Active
CTR402FA00F3C,CUST100021010,Fixed Term,2019-12-06,12,2020-12-06,False,Active
CTRCB9C0EC8CE,CUST100064047,Month-to-Month,2019-06-25,12,2020-06-25,True,Active
CTR4236A6ED69,CUST100027539,Fixed Term,2024-06-06,36,2027-06-06,True,Active
CTRA6FBD7FFC7,CUST100027482,Fixed Term,2021-04-28,24,2023-04-28,True,Pending Renewal
CTR0CD2950E2E,CUST100043007,Fixed Term,2016-08-22,12,2017-08-22,False,Active
CTRBBBD36BDF6,CUST100007691,Month-to-Month,2025-10-15,24,2027-10-15,False,Active
CTRE3EBA72E74,CUST100068537,Month-to-Month,2018-05-02,24,2020-05-02,False,Pending Renewal
CTR6888C8F38C,CUST100087575,Fixed Term,2018-08-23,0,,False,Active
CTR78BEF9E40E,CUST100053699,Month-to-Month,2024-06-28,12,2025-06-28,True,Active
CTR05E01E73FE,CUST100021241,Fixed Term,2015-03-15,36,2018-03-15,False,Active
CTR403B9F91EF,CUST100037980,Fixed Term,2016-08-19,24,2018-08-19,False,Active
CTR7B2DD8FE48,CUST100035151,Fixed Term,2017-10-10,12,2018-10-10,False,Active
CTRE5BED08882,CUST100084313,Month-to-Month,2015-12-28,24,2017-12-28,True,Expired
CTR1099A27AEF,CUST100092944,Month-to-Month,2015-02-03,24,2017-02-03,True,Active
CTRAD948750F9,CUST100085222,Fixed Term,2018-04-30,0,,True,Active
CTR887A8ABC47,CUST100017699,Month-to-Month,2025-09-09,12,2026-09-09,True,Expired
CTR5216849ADA,CUST100043525,Fixed Term,2023-01-25,0,,True,Active
CTR92F8BCF4E8,CUST100080827,Fixed Term,2022-12-31,0,,False,Active
CTR5818CD6124,CUST100062028,Month-to-Month,2016-09-09,12,2017-09-09,False,Active
CTR00A88BB551,CUST100025329,Month-to-Month,2025-11-05,12,2026-11-05,False,Active
CTR9C4675712C,CUST100035224,Enterprise SLA,2021-01-10,0,,True,Terminated Early
CTR8C3B86D84A,CUST100012805,Fixed Term,2015-07-07,12,2016-07-07,True,Active
CTR4EE0A2177C,CUST100044558,Month-to-Month,2019-06-06,24,2021-06-06,True,Active
CTR2BC530F224,CUST100042417,Month-to-Month,2023-06-14,24,2025-06-14,True,Expired
CTR596F5CCA7A,CUST100096683,Fixed Term,2019-11-23,24,2021-11-23,True,Active
CTR06229C98A8,CUST100048995,Month-to-Month,2020-06-20,12,2021-06-20,True,Active
CTRD1BCEAC31F,CUST100071993,Month-to-Month,2019-10-29,0,,False,Expired
CTR7AF3EA3AC0,CUST100078856,Month-to-Month,2022-05-14,0,,False,Terminated Early
CTR7D57F113DB,CUST100080034,Fixed Term,2023-04-03,12,2024-04-03,True,Active
CTRB8A33E587F,CUST100050047,Fixed Term,2024-07-14,0,,True,Active
CTR0A850985C5,CUST100080783,Month-to-Month,2015-09-24,0,,False,Active
CTRE709E5A9B5,CUST100057356,Month-to-Month,2024-07-16,24,2026-07-16,True,Active
CTRB79D922B7A,CUST100063625,Fixed Term,2024-11-08,12,2025-11-08,True,Terminated Early
CTRCF67406EE9,CUST100093419,Month-to-Month,2015-04-19,24,2017-04-19,True,Terminated Early
CTR63FD1AFB8A,CUST100077988,Fixed Term,2020-01-23,12,2021-01-23,True,Active
CTRB4EA16C6DB,CUST100061959,Month-to-Month,2015-11-15,12,2016-11-15,True,Terminated Early
CTR2F59819112,CUST100012153,Month-to-Month,2015-12-05,24,2017-12-05,True,Active
CTRDA6F8B8CD5,CUST100085779,Fixed Term,2020-02-06,24,2022-02-06,True,Active
CTRF0AC66C694,CUST100014748,Month-to-Month,2025-03-22,24,2027-03-22,True,Active
CTR55D08DAAB3,CUST100089520,Fixed Term,2017-08-08,0,,True,Active
CTRD88FCC9E72,CUST100043887,Fixed Term,2023-07-17,0,,True,Active
CTR4526083F18,CUST100067508,Fixed Term,2023-11-01,12,2024-11-01,False,Pending Renewal
CTRD670E0F19B,CUST100085596,Fixed Term,2018-12-22,24,2020-12-22,False,Active
CTR32247AFE59,CUST100080790,Fixed Term,2022-10-26,0,,True,Active
CTRFBA15DDA2B,CUST100059658,Fixed Term,2016-03-12,24,2018-03-12,True,Active
CTR3CD2CF4A1D,CUST100055809,Month-to-Month,2022-05-12,12,2023-05-12,False,Terminated Early
CTR699506476B,CUST100072455,Fixed Term,2022-07-24,12,2023-07-24,True,Active
CTR67C521775B,CUST100092280,Fixed Term,2018-09-29,12,2019-09-29,False,Expired
CTR48442B9AF3,CUST100010496,Month-to-Month,2019-01-29,24,2021-01-29,True,Active
CTR0F44F82EA4,CUST100077593,Month-to-Month,2017-07-20,24,2019-07-20,False,Active
CTR33EB6053A8,CUST100084562,Fixed Term,2018-11-22,24,2020-11-22,False,Active
CTR207B0A523C,CUST100087092,Fixed Term,2017-08-15,24,2019-08-15,False,Active
CTRCBEABCE4E6,CUST100042161,Fixed Term,2024-10-03,24,2026-10-03,True,Active
CTR38863BD433,CUST100074004,Fixed Term,2015-09-11,0,,True,Expired
CTR5C9B27A69C,CUST100057106,Month-to-Month,2025-09-22,0,,True,Expired
CTR29944BD2FA,CUST100059457,Month-to-Month,2018-09-19,24,2020-09-19,True,Terminated Early
CTR02DF11B851,CUST100004851,Month-to-Month,2020-04-02,12,2021-04-02,True,Active
CTR350F4260A4,CUST100035504,Fixed Term,2023-06-12,0,,True,Active
CTR3AE61B866F,CUST100069017,Fixed Term,2017-11-16,24,2019-11-16,True,Active
CTRD8A606B60A,CUST100057024,Fixed Term,2025-05-22,0,,False,Active
CTRF0CDDC9EA5,CUST100082578,Enterprise SLA,2020-11-12,12,2021-11-12,False,Active
CTR22BEDB108B,CUST100091981,Month-to-Month,2025-08-30,0,,True,Active
CTR7BABCF62A5,CUST100001328,Fixed Term,2025-11-01,24,2027-11-01,False,Active
CTRA9E7C0E726,CUST100055621,Month-to-Month,2024-05-09,24,2026-05-09,True,Active
CTR55054A7549,CUST100042557,Fixed Term,2018-03-24,0,,False,Active
CTREE239D6739,CUST100058474,Fixed Term,2021-07-11,0,,True,Terminated Early
CTRB77D1F359C,CUST100086304,Month-to-Month,2016-12-10,0,,False,Active
CTR9AC19FE1FB,CUST100012882,Fixed Term,2023-11-29,0,,True,Expired
CTR077D2645CA,CUST100041840,Month-to-Month,2019-11-09,0,,True,Active
CTRACBFFBE9C0,CUST100039653,Month-to-Month,2019-07-15,24,2021-07-15,True,Active
CTR00A1BB68D6,CUST100079787,Fixed Term,2023-07-10,12,2024-07-10,False,Terminated Early
CTR928D6B5697,CUST100053355,Month-to-Month,2020-10-20,0,,True,Active
CTR9F998F5ADD,CUST100026952,Fixed Term,2015-01-07,24,2017-01-07,False,Active
CTR19687A1499,CUST100093573,Month-to-Month,2016-04-03,24,2018-04-03,False,Terminated Early
CTR46994C14BB,CUST100044496,Fixed Term,2023-11-23,24,2025-11-23,False,Expired
CTR2608C249A8,CUST100066098,Fixed Term,2018-08-15,36,2021-08-15,False,Active
CTRB23ABAC4D9,CUST100041935,Month-to-Month,2025-07-18,0,,False,Active
CTR727026C62D,CUST100056506,Month-to-Month,2020-05-07,12,2021-05-07,True,Active
CTRB8C6FDDC0F,CUST100005977,Fixed Term,2017-06-25,0,,True,Expired
CTR60C6B61C88,CUST100078367,Month-to-Month,2020-01-21,12,2021-01-21,False,Expired
CTR4F12F42456,CUST100026399,Fixed Term,2016-08-20,24,2018-08-20,False,Expired
CTR836A505DEC,CUST100001448,Enterprise SLA,2023-06-15,12,2024-06-15,True,Active
CTRD43A2DCE47,CUST100021834,Fixed Term,2021-10-06,24,2023-10-06,True,Active
CTR40AE16B24E,CUST100064649,Fixed Term,2015-02-21,24,2017-02-21,False,Expired
CTR070C9440F6,CUST100060174,Fixed Term,2022-05-29,24,2024-05-29,False,Active
CTR09EF76FEB8,CUST100051639,Month-to-Month,2016-06-26,24,2018-06-26,True,Active
CTR6CABAA09DF,CUST100069606,Fixed Term,2025-01-22,12,2026-01-22,True,Active
CTR4EC8E9864E,CUST100024933,Fixed Term,2024-09-03,36,2027-09-03,True,Active
CTR167177B158,CUST100049488,Fixed Term,2017-07-29,24,2019-07-29,False,Terminated Early
CTR398774BAD7,CUST100063690,Month-to-Month,2017-07-13,0,,False,Active
CTR04BE240511,CUST100037329,Fixed Term,2015-11-16,24,2017-11-16,True,Active
CTR804F01ECEF,CUST100031068,Fixed Term,2019-05-18,0,,True,Active
CTRB7D2ADB313,CUST100003006,Fixed Term,2023-03-17,0,,False,Expired
CTR255C7CE953,CUST100079644,Fixed Term,2019-04-27,12,2020-04-27,False,Active
CTRD8A8701667,CUST100006384,Fixed Term,2020-08-09,24,2022-08-09,True,Active
CTR10D826B94B,CUST100032696,Month-to-Month,2018-02-26,12,2019-02-26,True,Terminated Early
CTR8E422556CE,CUST100081432,Fixed Term,2021-01-18,12,2022-01-18,False,Active
CTRA463C446A3,CUST100008327,Fixed Term,2023-01-11,0,,False,Active
CTRB40EB95BD1,CUST100050844,Fixed Term,2017-10-05,24,2019-10-05,True,Active
CTRC6CF950ACD,CUST100038213,Fixed Term,2024-07-16,24,2026-07-16,True,Active
CTR2CD9B4416A,CUST100006392,Fixed Term,2015-01-13,12,2016-01-13,True,Active
CTR47A122E986,CUST100077705,Month-to-Month,2015-07-09,0,,True,Active
CTR4F7C702B98,CUST100045312,Fixed Term,2022-03-18,0,,False,Pending Renewal
CTR1A7D1C2592,CUST100092363,Month-to-Month,2018-03-23,0,,True,Active
CTREAE03BD203,CUST100094520,Month-to-Month,2020-08-01,24,2022-08-01,True,Active
CTR1E747905D1,CUST100058029,Fixed Term,2017-06-15,24,2019-06-15,False,Active
CTRE63076C52C,CUST100018028,Fixed Term,2022-01-08,0,,True,Active
CTR62524F6003,CUST100092810,Fixed Term,2019-12-11,24,2021-12-11,True,Terminated Early
CTR8B9C69DD85,CUST100085063,Fixed Term,2018-12-14,0,,True,Active
CTRBFB544D7C8,CUST100003630,Fixed Term,2015-04-24,24,2017-04-24,True,Active
CTR2BD4F64695,CUST100055009,Month-to-Month,2023-12-29,12,2024-12-29,False,Expired
CTR1EEC334E51,CUST100024653,Fixed Term,2025-12-12,24,2027-12-12,False,Expired
CTR43CB65BB85,CUST100087020,Month-to-Month,2023-04-25,12,2024-04-25,False,Active
CTR4A899917A7,CUST100085617,Month-to-Month,2025-04-03,12,2026-04-03,True,Active
CTR372DB32D21,CUST100032742,Month-to-Month,2020-07-28,12,2021-07-28,True,Active
CTR35F9440ECC,CUST100080743,Fixed Term,2015-11-15,0,,True,Expired
CTR26D9BAFEE6,CUST100074718,Month-to-Month,2024-11-16,24,2026-11-16,False,Active
CTRB242D5954A,CUST100062061,Month-to-Month,2018-04-02,0,,True,Terminated Early
CTRA3A75624D8,CUST100015693,Month-to-Month,2025-12-13,24,2027-12-13,True,Expired
CTR86A2388EE6,CUST100010612,Month-to-Month,2019-02-04,0,,True,Active
CTR2739A9FBA8,CUST100004549,Fixed Term,2018-03-01,24,2020-03-01,False,Active
CTR9C024141DC,CUST100021580,Fixed Term,2017-09-23,24,2019-09-23,True,Pending Renewal
CTR006111FCA1,CUST100061202,Fixed Term,2015-10-23,12,2016-10-23,True,Expired
CTR02BE96D984,CUST100018026,Month-to-Month,2019-03-10,24,2021-03-10,True,Terminated Early
CTR6AF6B4AF25,CUST100077288,Fixed Term,2017-08-23,0,,True,Active
CTRF728C31E13,CUST100006271,Fixed Term,2019-06-25,24,2021-06-25,True,Active
CTR86ED2D0BA5,CUST100004978,Fixed Term,2025-03-09,24,2027-03-09,True,Active
CTR684AE39412,CUST100028976,Fixed Term,2015-07-02,24,2017-07-02,True,Active
CTR5A082FC2A4,CUST100057305,Month-to-Month,2020-08-28,24,2022-08-28,False,Active
CTRC08EC153E3,CUST100016042,Fixed Term,2017-02-15,0,,True,Expired
CTRB199729E7E,CUST100032172,Month-to-Month,2021-03-05,0,,False,Terminated Early
CTRA5FBA49FA0,CUST100043954,Fixed Term,2023-02-07,12,2024-02-07,True,Active
CTR90C47513C6,CUST100019289,Month-to-Month,2025-09-27,24,2027-09-27,True,Active
CTR1330F4F0FA,CUST100094382,Fixed Term,2024-10-29,12,2025-10-29,False,Active
CTR7AC835DA6C,CUST100069508,Fixed Term,2018-02-21,24,2020-02-21,False,Expired
CTRC0373A70DF,CUST100078102,Enterprise SLA,2016-12-27,24,2018-12-27,True,Pending Renewal
CTRD1B3973452,CUST100036886,Fixed Term,2019-01-04,0,,True,Active
CTR1F19860231,CUST100074613,Fixed Term,2016-07-22,24,2018-07-22,True,Terminated Early
CTRD91F48F9B6,CUST100064598,Month-to-Month,2022-11-17,12,2023-11-17,True,Active
CTRAA6FC478B7,CUST100064443,Month-to-Month,2015-04-05,12,2016-04-05,True,Active
CTRA100431A93,CUST100074395,Month-to-Month,2016-11-13,24,2018-11-13,True,Active
CTRCA5A65ED21,CUST100008079,Month-to-Month,2024-05-10,12,2025-05-10,True,Active
CTR0214EE28B2,CUST100071661,Fixed Term,2021-10-11,12,2022-10-11,True,Active
CTRA5E7989D53,CUST100015681,Month-to-Month,2018-10-23,12,2019-10-23,True,Terminated Early
CTR7C6442D08B,CUST100033921,Fixed Term,2024-03-11,24,2026-03-11,False,Active
CTR7010B99F1A,CUST100066383,Fixed Term,2016-02-25,12,2017-02-25,True,Active
CTR76AC3F25B3,CUST100098366,Fixed Term,2017-10-27,24,2019-10-27,True,Active
CTR56688814EA,CUST100019505,Month-to-Month,2017-02-20,0,,True,Active
CTRFBC327B728,CUST100081875,Month-to-Month,2021-06-06,24,2023-06-06,True,Active
CTRAD6C292159,CUST100082543,Fixed Term,2015-02-01,12,2016-02-01,True,Terminated Early
CTR3E85D18BEE,CUST100033932,Month-to-Month,2025-07-01,0,,False,Active
CTR9DDA2E5F4B,CUST100043376,Fixed Term,2022-11-11,24,2024-11-11,False,Terminated Early
CTRE9331384CD,CUST100093118,Month-to-Month,2018-03-20,12,2019-03-20,False,Active
CTR63D63BD7E8,CUST100024447,Month-to-Month,2023-04-03,24,2025-04-03,True,Active
CTR10519BC977,CUST100090571,Fixed Term,2024-08-17,12,2025-08-17,True,Pending Renewal
CTR2A30903CA6,CUST100005451,Fixed Term,2022-10-23,0,,True,Expired
CTR89D3AACB40,CUST100007025,Fixed Term,2024-07-24,36,2027-07-24,True,Active
CTRFB1D43C439,CUST100005693,Fixed Term,2015-03-07,24,2017-03-07,False,Active
CTR4F1C6F4EC2,CUST100013544,Month-to-Month,2016-04-29,12,2017-04-29,True,Expired
CTRE921EB775D,CUST100034925,Fixed Term,2015-08-09,0,,True,Active
CTRD380EFBC51,CUST100082101,Fixed Term,2020-04-13,12,2021-04-13,True,Pending Renewal
CTRDFC33D85A8,CUST100079160,Fixed Term,2023-12-06,24,2025-12-06,True,Expired
CTR935C889CA6,CUST100032393,Fixed Term,2018-02-11,12,2019-02-11,False,Active
CTR3300E07533,CUST100034121,Month-to-Month,2025-11-22,0,,True,Expired
CTRE98C7D2D48,CUST100027010,Month-to-Month,2015-11-20,0,,True,Active
CTR04743B169F,CUST100096551,Fixed Term,2022-08-08,24,2024-08-08,True,Active
CTR1C71B27BA8,CUST100051482,Month-to-Month,2023-01-26,0,,True,Active
CTRDE9FB91458,CUST100042281,Fixed Term,2024-03-19,36,2027-03-19,True,Active
CTRC1F4673337,CUST100075290,Fixed Term,2016-06-29,12,2017-06-29,False,Active
CTR7D807AF6CA,CUST100031700,Month-to-Month,2017-11-11,12,2018-11-11,False,Active
CTR83CB044BEC,CUST100066812,Enterprise SLA,2020-09-17,24,2022-09-17,False,Active
CTR94FABE536A,CUST100070317,Month-to-Month,2016-03-23,0,,True,Active
CTRA29CE9D261,CUST100032840,Month-to-Month,2020-05-01,0,,False,Active
CTR6ABAFBF6A6,CUST100054478,Fixed Term,2018-11-08,24,2020-11-08,True,Active
CTRE3C65B4B43,CUST100067595,Month-to-Month,2024-03-27,24,2026-03-27,True,Active
CTR23969CBF72,CUST100056034,Fixed Term,2025-08-15,24,2027-08-15,True,Active
CTR88A25031A5,CUST100066516,Fixed Term,2024-10-16,36,2027-10-16,False,Active
CTREEC804EE40,CUST100024170,Month-to-Month,2023-12-04,12,2024-12-04,True,Active
CTRB71BD9E9A6,CUST100021472,Fixed Term,2017-04-02,24,2019-04-02,True,Terminated Early
CTR74AC20B3E9,CUST100072145,Month-to-Month,2019-10-31,0,,True,Active
CTR41B4C7D7B5,CUST100096259,Fixed Term,2025-09-16,12,2026-09-16,True,Expired
CTRF1D2A4B0E5,CUST100068980,Month-to-Month,2022-06-14,24,2024-06-14,False,Active
CTRCE60080CC4,CUST100079396,Fixed Term,2017-04-13,24,2019-04-13,False,Active
CTRC0BC1AEC06,CUST100070220,Fixed Term,2020-11-12,0,,True,Active
CTR6D3BEA8DE0,CUST100004916,Month-to-Month,2024-05-10,12,2025-05-10,False,Active
CTRCC2DF450D1,CUST100075612,Fixed Term,2020-03-22,0,,True,Active
CTRE194824807,CUST100049582,Month-to-Month,2016-01-11,24,2018-01-11,True,Active
CTRBCE0D22FC7,CUST100051493,Fixed Term,2016-10-28,24,2018-10-28,True,Active
CTRA1FE9B8A8A,CUST100006253,Fixed Term,2024-03-15,0,,False,Active
CTR000B6FF70C,CUST100024915,Fixed Term,2025-04-03,0,,False,Active
CTRA48FE87529,CUST100093091,Fixed Term,2023-05-31,24,2025-05-31,False,Active
CTR323A4512CB,CUST100049838,Month-to-Month,2022-09-12,24,2024-09-12,False,Expired
CTR0EE3CA7E8B,CUST100032919,Fixed Term,2018-08-25,12,2019-08-25,False,Active
CTRE6EA1ACCF4,CUST100083692,Fixed Term,2019-10-24,12,2020-10-24,False,Active
CTRD18447F7BE,CUST100091826,Month-to-Month,2024-10-29,24,2026-10-29,True,Active
CTR981EB8E31C,CUST100098411,Fixed Term,2019-03-13,12,2020-03-13,True,Active
CTRA3CA5DB738,CUST100098042,Fixed Term,2021-09-01,24,2023-09-01,False,Active
CTR25E6B3768C,CUST100033519,Fixed Term,2020-09-11,0,,False,Active
CTR763BD96F66,CUST100041970,Month-to-Month,2025-03-10,0,,True,Active
CTRD2AC09A6E5,CUST100055986,Fixed Term,2025-01-30,12,2026-01-30,True,Active
CTRDD15EA9916,CUST100081835,Fixed Term,2022-09-17,36,2025-09-17,True,Active
CTRBF63F28FA3,CUST100043377,Enterprise SLA,2025-07-26,12,2026-07-26,True,Active
CTRB6F1749890,CUST100030245,Fixed Term,2023-10-30,0,,True,Active
CTRF495C662CF,CUST100067807,Fixed Term,2022-03-30,24,2024-03-30,False,Active
CTRDF7425D5CB,CUST100030629,Month-to-Month,2025-11-19,12,2026-11-19,False,Active
CTR7C2D1EE991,CUST100043412,Fixed Term,2025-10-28,12,2026-10-28,True,Active
CTRD5404E2EF1,CUST100032292,Month-to-Month,2023-10-21,24,2025-10-21,False,Active
CTR475B367C1B,CUST100002575,Fixed Term,2018-08-05,0,,True,Active
CTR9406CBD8CF,CUST100087032,Month-to-Month,2015-08-25,0,,True,Terminated Early
CTR98BD7C3863,CUST100001011,Month-to-Month,2025-02-28,24,2027-02-28,False,Active
CTRE665E46154,CUST100036860,Fixed Term,2016-01-01,36,2019-01-01,True,Active
CTRE2580F8BD1,CUST100055173,Enterprise SLA,2019-10-05,24,2021-10-05,False,Terminated Early
CTR62E052DAA7,CUST100099237,Month-to-Month,2022-08-07,0,,True,Active
CTR1865CB42CB,CUST100083986,Fixed Term,2024-12-14,12,2025-12-14,True,Active
CTR2F8AD38F8E,CUST100010056,Fixed Term,2019-05-16,0,,True,Active
CTRAC2ACC5537,CUST100037940,Month-to-Month,2015-01-18,24,2017-01-18,False,Active
CTR5DB4226828,CUST100004474,Month-to-Month,2025-06-03,0,,True,Active
CTRC310B2A3E3,CUST100048580,Fixed Term,2020-02-06,24,2022-02-06,True,Expired
CTR0FA1F24D43,CUST100038668,Fixed Term,2017-09-08,12,2018-09-08,False,Active
CTRB470B3B7FC,CUST100033133,Month-to-Month,2025-05-19,24,2027-05-19,True,Pending Renewal
CTR4D3A6E9E37,CUST100090308,Fixed Term,2025-11-26,12,2026-11-26,False,Active
CTR35E6A6C278,CUST100086469,Month-to-Month,2015-12-29,24,2017-12-29,True,Expired
CTR2A4D5393BD,CUST100052468,Month-to-Month,2016-03-27,0,,False,Active
CTR0B37010D30,CUST100042965,Fixed Term,2025-12-03,24,2027-12-03,False,Active
CTREA421DB482,CUST100062542,Month-to-Month,2018-08-16,24,2020-08-16,True,Active
CTR58D5CE5DC9,CUST100034612,Month-to-Month,2017-05-18,12,2018-05-18,False,Pending Renewal
CTR85C616E865,CUST100039268,Month-to-Month,2024-10-23,0,,True,Expired
CTRBAEB99AB1F,CUST100003244,Fixed Term,2022-04-11,12,2023-04-11,False,Active
CTR91146FDAE5,CUST100018821,Month-to-Month,2020-01-23,12,2021-01-23,False,Terminated Early
CTR9BF40844CF,CUST100054991,Fixed Term,2025-05-23,36,2028-05-23,False,Expired
CTRCCC725C8D2,CUST100000057,Fixed Term,2021-10-31,0,,True,Active
CTR8DD2981B6A,CUST100095328,Month-to-Month,2016-04-26,24,2018-04-26,False,Active
CTR12518AAA72,CUST100085888,Month-to-Month,2020-05-09,0,,True,Active
CTRA16C670E28,CUST100039275,Month-to-Month,2021-09-27,0,,True,Active
CTRAC11F0517B,CUST100050820,Month-to-Month,2020-09-18,0,,True,Active
CTR9FEB3C9A08,CUST100059373,Fixed Term,2018-11-10,0,,False,Terminated Early
CTRA349B1F445,CUST100094554,Fixed Term,2025-01-03,12,2026-01-03,False,Active
CTR53EBFB1FE8,CUST100029806,Fixed Term,2021-12-13,12,2022-12-13,True,Active
CTRB449AE40D8,CUST100059996,Month-to-Month,2020-05-25,24,2022-05-25,True,Expired
CTR41E9C80AD0,CUST100052865,Month-to-Month,2023-03-17,0,,True,Expired
CTRAAA925B54B,CUST100057645,Month-to-Month,2019-08-24,24,2021-08-24,True,Active
CTR3120EA082D,CUST100007620,Month-to-Month,2016-11-06,0,,True,Active
CTRA695C566C3,CUST100005474,Month-to-Month,2025-09-21,0,,True,Active
CTRCEA4DC161C,CUST100091312,Month-to-Month,2022-11-22,0,,True,Active
CTR1B049D0A56,CUST100066477,Month-to-Month,2017-12-15,24,2019-12-15,False,Active
CTR62137DC2E3,CUST100059769,Fixed Term,2018-12-07,0,,True,Active
CTRADB8048EE2,CUST100016764,Month-to-Month,2021-01-15,24,2023-01-15,True,Pending Renewal
CTRF938540946,CUST100065773,Fixed Term,2020-02-02,12,2021-02-02,False,Expired
CTR39BC7640C6,CUST100039526,Fixed Term,2016-12-09,24,2018-12-09,True,Active
CTR7136115592,CUST100095943,Fixed Term,2015-08-29,24,2017-08-29,False,Active
CTRD83D18AC68,CUST100060716,Month-to-Month,2020-05-03,12,2021-05-03,False,Active
CTRF8B28866AA,CUST100010270,Fixed Term,2022-07-19,24,2024-07-19,False,Active
CTR6FB71C8D22,CUST100037224,Fixed Term,2017-04-03,24,2019-04-03,True,Terminated Early
CTRDD53833E67,CUST100034597,Month-to-Month,2025-10-09,24,2027-10-09,False,Active
CTR2CEDFD0423,CUST100083052,Fixed Term,2023-07-18,24,2025-07-18,True,Active
CTR53D681165B,CUST100075533,Fixed Term,2025-01-21,24,2027-01-21,False,Active
CTR1AA84E84AA,CUST100098457,Fixed Term,2020-07-24,12,2021-07-24,True,Active
CTRF0A6809B78,CUST100014667,Fixed Term,2023-08-21,0,,True,Active
CTR828B88859A,CUST100046710,Fixed Term,2022-03-29,12,2023-03-29,True,Active
CTRBA53C50230,CUST100096418,Fixed Term,2022-08-09,12,2023-08-09,True,Terminated Early
CTR89125B29A9,CUST100021092,Month-to-Month,2023-11-30,24,2025-11-30,True,Active
CTR87BC817C95,CUST100016980,Month-to-Month,2023-08-31,0,,True,Expired
CTR32D4B282C3,CUST100056086,Fixed Term,2022-01-31,12,2023-01-31,False,Expired
CTR5BDC0967F8,CUST100096556,Fixed Term,2019-03-29,0,,False,Active
CTRE249927FEF,CUST100030759,Month-to-Month,2016-08-15,12,2017-08-15,False,Active
CTRD5E490C562,CUST100014751,Month-to-Month,2017-05-18,24,2019-05-18,False,Expired
CTR4147F662EB,CUST100000685,Month-to-Month,2024-11-19,24,2026-11-19,True,Active
CTR87E921B8A0,CUST100031408,Fixed Term,2021-07-04,24,2023-07-04,False,Active
CTR84C46052C6,CUST100076405,Month-to-Month,2017-11-20,24,2019-11-20,True,Active
CTR87E5F08C1B,CUST100085904,Fixed Term,2016-11-24,12,2017-11-24,False,Active
CTRCA5BA31A83,CUST100026443,Month-to-Month,2022-01-02,0,,True,Active
CTR2C711FB574,CUST100009776,Fixed Term,2021-05-06,12,2022-05-06,False,Active
CTR6DE107F2F1,CUST100018327,Fixed Term,2018-04-19,12,2019-04-19,False,Active
CTREAE7E6BCCE,CUST100022582,Fixed Term,2016-08-31,0,,False,Active
CTR0E05EA48CF,CUST100048833,Fixed Term,2020-02-03,24,2022-02-03,True,Active
CTR079CB3F98F,CUST100041398,Fixed Term,2025-09-03,12,2026-09-03,True,Active
CTRE4E1AECD5F,CUST100071780,Enterprise SLA,2025-08-10,0,,True,Active
CTR7FC36ADC97,CUST100024396,Month-to-Month,2016-06-30,24,2018-06-30,True,Active
CTR71697D99BE,CUST100028335,Fixed Term,2021-04-09,0,,True,Active
CTR321BC5E406,CUST100057390,Fixed Term,2017-01-01,24,2019-01-01,True,Active
CTRF79BC00222,CUST100043140,Fixed Term,2024-10-23,24,2026-10-23,True,Active
CTR2076F72E93,CUST100047764,Fixed Term,2019-03-16,12,2020-03-16,True,Active
CTRAB83C08137,CUST100011011,Month-to-Month,2018-03-01,12,2019-03-01,True,Active
CTRC14390BEF6,CUST100098115,Fixed Term,2023-02-07,24,2025-02-07,False,Active
CTR8569AF592B,CUST100027154,Month-to-Month,2024-08-29,36,2027-08-29,False,Active
CTR85823A8813,CUST100021539,Fixed Term,2020-02-24,12,2021-02-24,True,Pending Renewal
CTR7F0A4C5F0D,CUST100019220,Fixed Term,2021-01-18,24,2023-01-18,True,Active
CTREB5E259C21,CUST100077543,Fixed Term,2025-09-26,0,,True,Active
CTR6F26D10B8B,CUST100004672,Month-to-Month,2017-03-17,0,,False,Active
CTR4F2638C978,CUST100018964,Fixed Term,2018-05-07,12,2019-05-07,False,Active
CTR0AC1B196EE,CUST100098958,Month-to-Month,2023-01-17,12,2024-01-17,True,Terminated Early
CTR94BFD24470,CUST100044680,Fixed Term,2015-01-11,24,2017-01-11,True,Expired
CTR208310A432,CUST100088589,Month-to-Month,2023-11-16,0,,True,Active
CTRC05B44AEE2,CUST100045779,Fixed Term,2021-08-21,12,2022-08-21,True,Active
CTR5F90B2477F,CUST100055702,Fixed Term,2021-08-23,0,,False,Terminated Early
CTRF3FF727F0D,CUST100074603,Fixed Term,2022-11-04,12,2023-11-04,True,Active
CTRDC9B2EFE8C,CUST100059434,Month-to-Month,2020-03-09,12,2021-03-09,False,Active
CTRAA7C0FC9B4,CUST100032806,Month-to-Month,2020-10-10,24,2022-10-10,True,Active
CTR6335DC83D7,CUST100002193,Fixed Term,2015-06-15,12,2016-06-15,True,Active
CTR653B58D1B7,CUST100021311,Fixed Term,2025-04-08,24,2027-04-08,True,Active
CTRD296A2F562,CUST100025514,Month-to-Month,2023-04-14,24,2025-04-14,True,Active
CTR38580A6561,CUST100065486,Fixed Term,2023-09-17,12,2024-09-17,False,Active
CTREEF4DD47E8,CUST100057801,Month-to-Month,2024-01-22,0,,True,Active
CTR28600BE1C0,CUST100029357,Month-to-Month,2020-01-06,24,2022-01-06,False,Active
CTRA17040B4D3,CUST100093354,Month-to-Month,2015-05-05,12,2016-05-05,True,Pending Renewal
CTR48D4FEED8E,CUST100026693,Month-to-Month,2023-09-05,24,2025-09-05,True,Expired
CTR34AC1F0F2A,CUST100025332,Fixed Term,2024-01-02,24,2026-01-02,True,Active
CTR0F043E3E7F,CUST100023479,Month-to-Month,2019-03-16,12,2020-03-16,True,Active
CTREBF349312E,CUST100088914,Fixed Term,2022-06-27,0,,False,Expired
CTR6D3073D521,CUST100015352,Month-to-Month,2016-12-25,24,2018-12-25,True,Active
CTR70CCAEFE39,CUST100003096,Fixed Term,2021-07-06,24,2023-07-06,True,Terminated Early
CTR085A80D0AD,CUST100006056,Fixed Term,2025-12-22,0,,True,Terminated Early
CTR4AA2E72D59,CUST100090019,Fixed Term,2025-07-31,24,2027-07-31,False,Active
CTRAA99EB9D99,CUST100016250,Month-to-Month,2022-09-22,24,2024-09-22,False,Pending Renewal
CTRF11F0850A1,CUST100003669,Enterprise SLA,2016-12-18,0,,False,Active
CTR044DC2A766,CUST100043006,Month-to-Month,2021-01-18,0,,False,Active
CTR6EB63BAF3F,CUST100044686,Fixed Term,2024-02-13,24,2026-02-13,True,Active
CTR1A1712F49F,CUST100080236,Enterprise SLA,2025-05-18,0,,False,Expired
CTRE6AE2B57DE,CUST100072390,Fixed Term,2020-08-27,0,,True,Pending Renewal
CTR3E687632E4,CUST100032910,Enterprise SLA,2024-12-09,12,2025-12-09,False,Active
CTRD7D5569074,CUST100096399,Fixed Term,2024-01-13,24,2026-01-13,True,Active
CTRB1A718E687,CUST100082868,Month-to-Month,2021-08-06,24,2023-08-06,False,Active
CTRC4817D6A57,CUST100088571,Fixed Term,2020-09-30,36,2023-09-30,True,Active
CTR9A108E9183,CUST100077991,Month-to-Month,2015-02-06,24,2017-02-06,True,Active
CTRD84705CCB0,CUST100025746,Month-to-Month,2025-09-05,24,2027-09-05,True,Active
CTRC4036AEE31,CUST100013827,Month-to-Month,2015-10-18,24,2017-10-18,True,Terminated Early
CTRF9AB882545,CUST100092943,Fixed Term,2017-04-06,0,,False,Active
CTR88BB74922A,CUST100025424,Month-to-Month,2018-01-12,12,2019-01-12,True,Active
CTR5E8AD9B018,CUST100019055,Fixed Term,2023-02-07,12,2024-02-07,True,Active
CTR77195D2F8E,CUST100010135,Fixed Term,2017-04-25,24,2019-04-25,False,Active
CTRCA1E0E566E,CUST100044676,Fixed Term,2022-10-30,12,2023-10-30,False,Expired
CTR3A96ACA5C4,CUST100055583,Fixed Term,2024-12-04,12,2025-12-04,False,Active
CTREE47B74A28,CUST100083927,Month-to-Month,2017-10-12,24,2019-10-12,False,Expired
CTR17C968E959,CUST100015648,Month-to-Month,2022-10-04,24,2024-10-04,True,Active
CTRD9E06CEF4B,CUST100062066,Fixed Term,2021-04-24,0,,False,Active
CTRC2DF535318,CUST100007015,Fixed Term,2024-02-24,36,2027-02-24,True,Pending Renewal
CTRC098ADD6A6,CUST100070999,Fixed Term,2015-08-19,24,2017-08-19,False,Active
CTR1820DA66B7,CUST100001540,Month-to-Month,2023-12-28,0,,True,Active
CTR73B34F61DC,CUST100023472,Month-to-Month,2018-01-29,24,2020-01-29,True,Terminated Early
CTRB651EAA5F0,CUST100054117,Month-to-Month,2023-04-10,12,2024-04-10,True,Active
CTR1E18B473BE,CUST100063626,Fixed Term,2020-11-03,0,,True,Active
CTR7429646FE0,CUST100059294,Month-to-Month,2020-08-23,0,,False,Terminated Early
CTRB6705F4460,CUST100075798,Fixed Term,2022-06-11,0,,True,Expired
CTR561D2BCDB7,CUST100028665,Fixed Term,2023-01-30,36,2026-01-30,True,Active
CTRFA28FBFCB5,CUST100014516,Fixed Term,2025-01-06,12,2026-01-06,True,Active
CTRE9EE613C69,CUST100089158,Fixed Term,2018-07-26,0,,True,Expired
CTRAE85100D66,CUST100023170,Month-to-Month,2016-09-10,24,2018-09-10,True,Active
CTRB7BCEE2A02,CUST100038324,Fixed Term,2019-01-22,0,,True,Terminated Early
CTRAFB1225481,CUST100095241,Month-to-Month,2023-02-20,24,2025-02-20,True,Expired
CTR6EA221A80A,CUST100066365,Month-to-Month,2018-04-22,24,2020-04-22,False,Active
CTR13E4A431D2,CUST100091395,Month-to-Month,2018-11-10,24,2020-11-10,False,Active
CTR0E3EE9906B,CUST100001811,Month-to-Month,2022-02-04,0,,True,Expired
CTR1496C59C9D,CUST100053207,Month-to-Month,2015-03-06,12,2016-03-06,True,Active
CTR83A87BA1A0,CUST100090605,Fixed Term,2017-06-26,24,2019-06-26,False,Active
CTR5DA773EFAE,CUST100070967,Fixed Term,2025-08-28,24,2027-08-28,True,Active
CTR0C63C7F082,CUST100097871,Fixed Term,2025-01-22,24,2027-01-22,True,Terminated Early
CTRB59246BD4B,CUST100044286,Month-to-Month,2021-06-14,36,2024-06-14,False,Active
CTR591B5F9C66,CUST100011136,Month-to-Month,2025-03-09,0,,False,Expired
CTR15DFB4A422,CUST100001778,Fixed Term,2023-06-19,0,,False,Terminated Early
CTR2F533F77BC,CUST100041467,Fixed Term,2016-12-25,24,2018-12-25,False,Active
CTR74B8DCBA3D,CUST100097279,Month-to-Month,2025-10-28,24,2027-10-28,True,Pending Renewal
CTR91F40E8AAC,CUST100051834,Fixed Term,2023-11-16,24,2025-11-16,False,Active
CTR2FECD557B7,CUST100007300,Month-to-Month,2023-02-14,24,2025-02-14,True,Active
CTRF0889AD467,CUST100031568,Month-to-Month,2015-10-24,12,2016-10-24,True,Active
CTR8FCF7A615F,CUST100075978,Enterprise SLA,2024-08-31,24,2026-08-31,False,Expired
CTRDDD9538CFE,CUST100021134,Month-to-Month,2015-08-24,24,2017-08-24,True,Active
CTR512AAF84F9,CUST100041946,Fixed Term,2025-08-25,0,,True,Terminated Early
CTR3DE8C7D951,CUST100034080,Fixed Term,2018-05-08,0,,True,Active
CTRC9B386ADAB,CUST100049831,Fixed Term,2020-05-02,0,,True,Terminated Early
CTRBE1AB551C5,CUST100019682,Fixed Term,2024-11-12,12,2025-11-12,True,Active
CTREA2860D7FA,CUST100047112,Month-to-Month,2025-09-28,12,2026-09-28,True,Active
CTR8CB4FD095B,CUST100055869,Fixed Term,2016-06-09,24,2018-06-09,True,Active
CTRDDD5604EE8,CUST100004947,Month-to-Month,2023-03-06,0,,False,Active
CTR66546F6B0E,CUST100096268,Fixed Term,2020-07-08,24,2022-07-08,True,Active
CTR2DF5054039,CUST100088058,Fixed Term,2020-07-04,24,2022-07-04,True,Active
CTR1655284253,CUST100007623,Month-to-Month,2025-11-20,24,2027-11-20,True,Active
CTR6F7CCE391A,CUST100056318,Month-to-Month,2017-05-10,0,,False,Active
CTRC98110687C,CUST100052749,Month-to-Month,2017-03-02,0,,True,Active
CTR0E7C07DB52,CUST100013868,Month-to-Month,2025-08-23,12,2026-08-23,False,Expired
CTR93C703DBDF,CUST100043582,Fixed Term,2018-04-29,12,2019-04-29,True,Active
CTR333AB671BF,CUST100057335,Enterprise SLA,2025-01-08,0,,True,Active
CTRAE612DA66D,CUST100014156,Month-to-Month,2023-09-28,0,,False,Active
CTREA22ACE376,CUST100029184,Month-to-Month,2020-12-15,12,2021-12-15,True,Active
CTRC87BAFF324,CUST100075459,Fixed Term,2016-06-20,12,2017-06-20,False,Active
CTRCEBBEC9977,CUST100017110,Fixed Term,2021-12-29,24,2023-12-29,True,Expired
CTR673693A931,CUST100020625,Month-to-Month,2015-04-18,12,2016-04-18,True,Expired
CTRA631B4770D,CUST100060899,Fixed Term,2015-01-31,12,2016-01-31,True,Active
CTR7E25042334,CUST100054059,Fixed Term,2019-03-06,0,,True,Active
CTRD75D754288,CUST100060979,Fixed Term,2023-12-17,0,,True,Active
CTR70CC0C38CA,CUST100029413,Month-to-Month,2020-10-20,24,2022-10-20,True,Terminated Early
CTR842586E495,CUST100005141,Fixed Term,2017-05-10,12,2018-05-10,True,Expired
CTR5912D80FC7,CUST100004170,Fixed Term,2019-01-29,0,,True,Active
CTR4257770A0A,CUST100020207,Fixed Term,2024-04-25,12,2025-04-25,True,Active
CTR9383497ABA,CUST100075401,Month-to-Month,2015-08-01,24,2017-08-01,False,Active
CTR6CCE0DA818,CUST100075741,Month-to-Month,2021-12-12,24,2023-12-12,False,Active
CTR7C86DD470C,CUST100033610,Month-to-Month,2024-01-05,24,2026-01-05,False,Active
CTR32315A9C4E,CUST100066093,Month-to-Month,2021-03-13,12,2022-03-13,True,Active
CTR0FE1A48CD4,CUST100092809,Fixed Term,2020-10-19,12,2021-10-19,False,Active
CTR65FB2CEA6E,CUST100076777,Fixed Term,2016-07-19,24,2018-07-19,True,Active
CTR918D521574,CUST100058788,Fixed Term,2022-06-23,0,,True,Active
CTRA4F24189DB,CUST100099066,Fixed Term,2020-08-20,0,,False,Active
CTRC7A493B867,CUST100047207,Month-to-Month,2024-12-22,12,2025-12-22,False,Terminated Early
CTR5592B44288,CUST100027922,Fixed Term,2019-05-13,0,,True,Active
CTRE9210D421C,CUST100062639,Fixed Term,2021-07-07,0,,False,Active
CTR53BB03F322,CUST100022637,Fixed Term,2024-06-23,0,,True,Active
CTR83761AFDB0,CUST100015281,Fixed Term,2020-01-27,12,2021-01-27,True,Terminated Early
CTR1710472FB1,CUST100052017,Month-to-Month,2023-06-05,0,,True,Active
CTR2866032D35,CUST100024153,Fixed Term,2016-09-14,0,,True,Active
CTR2591544ECD,CUST100086188,Fixed Term,2020-11-21,0,,False,Pending Renewal
CTR734922CF1A,CUST100028692,Fixed Term,2015-12-27,12,2016-12-27,False,Active
CTR3D9A49478B,CUST100016896,Month-to-Month,2025-01-15,24,2027-01-15,True,Active
CTR17F51D916A,CUST100029586,Month-to-Month,2018-07-08,24,2020-07-08,False,Active
CTRC6A4D410CD,CUST100043442,Fixed Term,2019-06-13,24,2021-06-13,False,Active
CTR6523D87897,CUST100071151,Fixed Term,2025-01-27,24,2027-01-27,True,Expired
CTR58DD7064BC,CUST100085744,Fixed Term,2017-08-15,24,2019-08-15,False,Expired
CTR6476A9AE7A,CUST100060336,Fixed Term,2017-06-08,12,2018-06-08,True,Active
CTR3FACD40AE0,CUST100036336,Fixed Term,2024-12-06,24,2026-12-06,False,Expired
CTR4C5418ADC5,CUST100025248,Month-to-Month,2022-01-24,0,,True,Active
CTRE2DC78BF9D,CUST100049610,Fixed Term,2021-11-12,12,2022-11-12,False,Active
CTR358721D1DA,CUST100076613,Month-to-Month,2015-04-15,24,2017-04-15,True,Active
CTR1E232A9093,CUST100012097,Month-to-Month,2025-09-08,12,2026-09-08,True,Active
CTR371A65AAA7,CUST100094932,Month-to-Month,2017-07-10,12,2018-07-10,False,Active
CTRD69EF9FE65,CUST100034021,Fixed Term,2015-10-07,36,2018-10-07,True,Active
CTR6A93A981A3,CUST100014854,Fixed Term,2020-09-10,12,2021-09-10,False,Active
CTR74BF950F7E,CUST100007343,Month-to-Month,2024-08-29,24,2026-08-29,False,Active
CTRBD419C44AE,CUST100005071,Fixed Term,2017-10-03,12,2018-10-03,True,Active
CTRE74BB03A48,CUST100021729,Fixed Term,2025-04-10,0,,True,Terminated Early
CTRC2E9BA82FC,CUST100043004,Fixed Term,2023-03-02,24,2025-03-02,False,Active
CTRF86880E53F,CUST100071474,Fixed Term,2023-03-23,0,,False,Active
CTR21333637C0,CUST100034001,Month-to-Month,2021-08-22,24,2023-08-22,False,Terminated Early
CTRA9330F86C6,CUST100021489,Fixed Term,2021-10-17,24,2023-10-17,True,Active
CTR1637295569,CUST100055696,Fixed Term,2022-07-05,12,2023-07-05,True,Active
CTR62B5AB3C46,CUST100002887,Fixed Term,2023-11-28,24,2025-11-28,True,Active
CTRDFF9E121EE,CUST100020611,Month-to-Month,2015-08-21,24,2017-08-21,False,Active
CTR7770C0A319,CUST100034848,Month-to-Month,2021-10-12,12,2022-10-12,False,Active
CTR9C0C306C01,CUST100002442,Month-to-Month,2016-08-04,12,2017-08-04,False,Expired
CTR9DEEB37B4C,CUST100079389,Month-to-Month,2022-09-23,12,2023-09-23,True,Active
CTR4B6F757040,CUST100073068,Fixed Term,2025-03-28,12,2026-03-28,True,Active
CTRDA0E0C70C1,CUST100003975,Month-to-Month,2018-04-05,12,2019-04-05,True,Active
CTR996A2E8F71,CUST100052985,Enterprise SLA,2025-09-24,24,2027-09-24,False,Terminated Early
CTR126264D60C,CUST100077002,Month-to-Month,2022-01-23,0,,True,Active
CTR83A444FB36,CUST100056772,Fixed Term,2023-11-29,12,2024-11-29,False,Terminated Early
CTRBA22AB1CA1,CUST100092511,Month-to-Month,2025-06-02,24,2027-06-02,True,Active
CTRA22D2EA292,CUST100044465,Fixed Term,2021-07-15,36,2024-07-15,False,Expired
CTRFE6FC08725,CUST100021715,Month-to-Month,2022-05-08,12,2023-05-08,True,Active
CTR4374939AD7,CUST100025339,Month-to-Month,2016-08-18,0,,True,Active
CTR1EA85EFF79,CUST100069448,Month-to-Month,2023-04-11,0,,True,Active
CTR63E0D86BEE,CUST100048247,Fixed Term,2019-11-21,0,,False,Pending Renewal
CTRB96552974A,CUST100001091,Month-to-Month,2019-05-15,0,,True,Active
CTRB67CB94306,CUST100054768,Fixed Term,2016-09-18,0,,True,Expired
CTRA575156373,CUST100028646,Fixed Term,2025-10-31,36,2028-10-31,True,Expired
CTRD345FBF0E0,CUST100050268,Fixed Term,2019-12-28,24,2021-12-28,True,Active
CTR45170B03B9,CUST100092289,Fixed Term,2015-05-11,24,2017-05-11,False,Active
CTR7864456722,CUST100084833,Fixed Term,2021-07-11,24,2023-07-11,True,Expired
CTRA77A78CDCF,CUST100053652,Fixed Term,2023-10-02,36,2026-10-02,True,Active
CTR4B62C03BE1,CUST100093956,Month-to-Month,2017-03-04,0,,False,Active
CTR66E3027C15,CUST100088046,Fixed Term,2020-11-15,36,2023-11-15,True,Active
CTR5478DBA698,CUST100009696,Month-to-Month,2024-12-20,0,,True,Active
CTRC6A2F1EA3E,CUST100057953,Fixed Term,2021-08-07,24,2023-08-07,False,Active
CTR9699436CE7,CUST100024429,Fixed Term,2019-02-15,0,,True,Active
CTRC047DBC5F6,CUST100087219,Month-to-Month,2023-11-30,24,2025-11-30,False,Active
CTRF5B5D9038F,CUST100030180,Enterprise SLA,2015-06-21,12,2016-06-21,True,Active
CTRF8A8B99180,CUST100036259,Month-to-Month,2023-05-26,24,2025-05-26,False,Active
CTR509477C08D,CUST100013665,Month-to-Month,2017-06-26,24,2019-06-26,False,Active
CTR4D3A11DBC2,CUST100005984,Fixed Term,2015-10-15,24,2017-10-15,True,Active
CTR5B0C6E65E2,CUST100026997,Fixed Term,2025-05-19,12,2026-05-19,False,Active
CTR4631F64625,CUST100098297,Month-to-Month,2017-10-16,24,2019-10-16,True,Active
CTRF31C65D189,CUST100032308,Month-to-Month,2019-05-28,12,2020-05-28,True,Active
CTR087F494F33,CUST100011042,Month-to-Month,2022-02-18,0,,True,Expired
CTR205D99FDC9,CUST100069889,Fixed Term,2025-01-07,24,2027-01-07,True,Active
CTR640DAB8A42,CUST100078163,Fixed Term,2017-08-12,12,2018-08-12,False,Active
CTR26A9886634,CUST100012358,Fixed Term,2015-08-23,24,2017-08-23,False,Active
CTR27A4C8A40B,CUST100016485,Fixed Term,2022-05-06,12,2023-05-06,False,Pending Renewal
CTR3DB5856A92,CUST100003059,Fixed Term,2019-05-16,24,2021-05-16,True,Active
CTR99C72D19A2,CUST100091714,Fixed Term,2024-05-08,0,,True,Active
CTRB017481489,CUST100067708,Enterprise SLA,2025-05-17,24,2027-05-17,False,Terminated Early
CTR180E8628E8,CUST100054553,Fixed Term,2018-07-29,0,,True,Active
CTR6E7A349B48,CUST100055225,Fixed Term,2016-01-18,24,2018-01-18,True,Active
CTRDCEDEA6590,CUST100060523,Fixed Term,2021-12-24,12,2022-12-24,True,Active
CTR829F0DC75C,CUST100020557,Fixed Term,2021-04-05,12,2022-04-05,True,Active
CTR017E3A769F,CUST100066356,Fixed Term,2015-12-21,12,2016-12-21,True,Active
CTR0066B5BBD1,CUST100054241,Fixed Term,2025-11-24,12,2026-11-24,False,Pending Renewal
CTRD4C15D37A7,CUST100085230,Fixed Term,2023-01-13,24,2025-01-13,True,Active
CTR0B66D34ED2,CUST100068536,Fixed Term,2018-03-12,24,2020-03-12,False,Expired
CTR3D378FDD0E,CUST100090119,Fixed Term,2019-11-04,0,,False,Terminated Early
CTRC81B96E6A4,CUST100094836,Enterprise SLA,2016-10-17,0,,False,Active
CTR1F12E50F26,CUST100012446,Fixed Term,2022-09-10,12,2023-09-10,True,Terminated Early
CTRBCF9966B23,CUST100099504,Month-to-Month,2022-06-06,24,2024-06-06,True,Active
CTR80FD1762B4,CUST100020029,Fixed Term,2025-01-04,0,,True,Active
CTRA0616380E7,CUST100074987,Month-to-Month,2015-07-31,24,2017-07-31,True,Pending Renewal
CTR1F925B4C6A,CUST100034823,Month-to-Month,2019-08-21,24,2021-08-21,True,Active
CTR05E227CC7C,CUST100010798,Month-to-Month,2020-06-03,0,,True,Terminated Early
CTR2823625C0B,CUST100043064,Fixed Term,2020-06-05,0,,False,Active
CTR10DF5AC839,CUST100093133,Fixed Term,2015-01-19,0,,True,Active
CTR07ACB9B2A5,CUST100008154,Month-to-Month,2025-06-05,24,2027-06-05,True,Active
CTR4999B9C2D7,CUST100019922,Fixed Term,2025-06-06,12,2026-06-06,True,Active
CTR6A2C5DF983,CUST100038052,Fixed Term,2021-08-24,12,2022-08-24,True,Terminated Early
CTR29562ECC62,CUST100006778,Month-to-Month,2018-05-04,24,2020-05-04,True,Expired
CTRC6F1F024D6,CUST100085258,Fixed Term,2018-03-26,24,2020-03-26,True,Active
CTR4410085F22,CUST100060809,Month-to-Month,2021-08-23,24,2023-08-23,True,Active
CTR85D3679969,CUST100027609,Fixed Term,2022-03-03,24,2024-03-03,True,Active
CTR5A0393FF3F,CUST100078849,Fixed Term,2016-01-21,0,,True,Active
CTRCF7AD4DDC3,CUST100063635,Month-to-Month,2025-01-06,12,2026-01-06,False,Active
CTR41F72F6517,CUST100041978,Enterprise SLA,2018-05-01,24,2020-05-01,False,Expired
CTRCA38E3AD41,CUST100008716,Month-to-Month,2015-05-16,12,2016-05-16,True,Pending Renewal
CTR7F27C9E74D,CUST100094691,Month-to-Month,2021-02-09,0,,True,Pending Renewal
CTR6C4A0897D8,CUST100092277,Month-to-Month,2024-09-09,0,,True,Active
CTR0D52EC31A0,CUST100058582,Enterprise SLA,2021-02-11,24,2023-02-11,True,Active
CTRA4CC786F8E,CUST100001992,Month-to-Month,2021-08-16,12,2022-08-16,False,Expired
CTRA8AD281120,CUST100073006,Month-to-Month,2025-02-04,36,2028-02-04,False,Active
CTR15E57FCFDA,CUST100053644,Fixed Term,2025-01-15,24,2027-01-15,False,Expired
CTR6CA0C68B31,CUST100017754,Fixed Term,2022-01-21,24,2024-01-21,True,Active
CTR15188FAE92,CUST100089157,Fixed Term,2021-07-21,0,,False,Expired
CTRAD89DF0062,CUST100044246,Month-to-Month,2025-08-26,24,2027-08-26,False,Active
CTR40A97F8872,CUST100043120,Fixed Term,2023-07-25,12,2024-07-25,False,Active
CTR78B3575952,CUST100099871,Fixed Term,2019-04-12,24,2021-04-12,False,Active
CTRD995F98E01,CUST100054444,Month-to-Month,2020-12-19,12,2021-12-19,True,Active
CTR3B8A931BB1,CUST100058703,Fixed Term,2022-02-10,24,2024-02-10,True,Active
CTR0F0BF7483D,CUST100028026,Fixed Term,2015-01-14,24,2017-01-14,True,Active
CTRF954B568CF,CUST100020593,Enterprise SLA,2020-03-30,24,2022-03-30,True,Active
CTR3333876B9A,CUST100075106,Fixed Term,2018-10-11,0,,False,Active
CTR91CD1BC919,CUST100059919,Fixed Term,2015-06-23,0,,False,Expired
CTRF8A90DB3C2,CUST100047802,Fixed Term,2024-06-10,12,2025-06-10,True,Active
CTR810785529B,CUST100073396,Fixed Term,2019-08-03,24,2021-08-03,True,Active
CTR211FF262B0,CUST100086384,Month-to-Month,2015-12-06,0,,True,Active
CTRC52F046F27,CUST100040724,Month-to-Month,2017-01-01,12,2018-01-01,False,Active
CTR16B6864AB4,CUST100019724,Fixed Term,2024-08-02,12,2025-08-02,True,Expired
CTRD5C95D869F,CUST100068009,Month-to-Month,2017-03-16,36,2020-03-16,True,Active
CTR3092FF568B,CUST100026161,Enterprise SLA,2024-07-09,0,,True,Active
CTRF3C4A7C147,CUST100018424,Fixed Term,2017-03-13,12,2018-03-13,False,Active
CTRE6F1F19037,CUST100060701,Month-to-Month,2015-01-11,0,,True,Active
CTR6BE7E12F87,CUST100096108,Month-to-Month,2024-11-29,24,2026-11-29,False,Terminated Early
CTRC217AE723F,CUST100003043,Fixed Term,2020-10-26,24,2022-10-26,True,Active
CTRC4DB77F95F,CUST100074252,Month-to-Month,2022-05-13,0,,True,Expired
CTR8C559A42CD,CUST100051891,Month-to-Month,2016-07-08,12,2017-07-08,True,Terminated Early
CTR868D1905A1,CUST100097144,Fixed Term,2022-05-14,24,2024-05-14,True,Terminated Early
CTRAB2BF312C3,CUST100009503,Month-to-Month,2015-09-29,24,2017-09-29,True,Active
CTR717E5C8D80,CUST100046242,Fixed Term,2020-11-25,0,,False,Active
CTR8E48A9AB6A,CUST100019511,Enterprise SLA,2016-05-05,12,2017-05-05,True,Active
CTR6CA116F9C8,CUST100003017,Fixed Term,2017-09-26,24,2019-09-26,False,Active
CTR546D8D4E9D,CUST100018132,Month-to-Month,2020-02-01,12,2021-02-01,False,Active
CTRB21014618F,CUST100081523,Fixed Term,2024-10-21,12,2025-10-21,True,Active
CTR4DF57455FC,CUST100018305,Month-to-Month,2024-03-04,0,,False,Active
CTR25B3806FC3,CUST100043131,Enterprise SLA,2021-06-02,24,2023-06-02,True,Active
CTRF429C29930,CUST100007250,Month-to-Month,2022-04-29,24,2024-04-29,True,Active
CTRF1D5CCCE6A,CUST100011710,Fixed Term,2021-08-14,12,2022-08-14,True,Active
CTR3450CF5D5E,CUST100036642,Fixed Term,2020-11-19,0,,False,Active
CTR91B0BEC1FB,CUST100081172,Month-to-Month,2020-04-24,24,2022-04-24,False,Active
CTR7FBA059FBA,CUST100090360,Enterprise SLA,2022-10-11,12,2023-10-11,True,Active
CTR38A10AEB6E,CUST100017189,Fixed Term,2020-04-13,24,2022-04-13,False,Expired
CTR40E91AB0E9,CUST100021919,Month-to-Month,2018-01-03,0,,False,Active
CTR5A889D7EAD,CUST100087212,Fixed Term,2022-10-02,0,,True,Active
CTR7771A3F688,CUST100065612,Fixed Term,2015-10-10,12,2016-10-10,True,Pending Renewal
CTR95E5A9FADD,CUST100099082,Month-to-Month,2023-10-02,24,2025-10-02,True,Expired
CTR68971ABF55,CUST100025255,Month-to-Month,2015-06-05,0,,True,Pending Renewal
CTRA541BCD48C,CUST100029079,Fixed Term,2020-10-05,12,2021-10-05,False,Active
CTR60A68B5A14,CUST100055676,Fixed Term,2025-06-28,24,2027-06-28,True,Active
CTRB053A536CD,CUST100019919,Fixed Term,2016-01-18,0,,False,Terminated Early
CTR19CD8C33C5,CUST100025505,Fixed Term,2015-06-12,24,2017-06-12,False,Terminated Early
CTR49A4EAD1F7,CUST100095196,Month-to-Month,2019-03-20,0,,True,Active
CTR47723347EF,CUST100051698,Fixed Term,2023-08-04,12,2024-08-04,False,Active
CTR48686F8D37,CUST100046717,Fixed Term,2025-03-07,36,2028-03-07,False,Terminated Early
CTR8BF22F06A0,CUST100032882,Month-to-Month,2021-12-26,24,2023-12-26,True,Active
CTRD0419AF870,CUST100062930,Fixed Term,2015-11-02,24,2017-11-02,False,Active
CTR9450256A7D,CUST100026357,Fixed Term,2020-01-16,24,2022-01-16,True,Active
CTR7E7A07F058,CUST100099945,Fixed Term,2020-01-19,0,,True,Active
CTR8E9FD9D232,CUST100069322,Month-to-Month,2022-01-10,24,2024-01-10,False,Pending Renewal
CTR4DB47FCD2A,CUST100096181,Month-to-Month,2024-11-24,0,,False,Active
CTR2B0E06A7A6,CUST100080702,Fixed Term,2021-08-26,0,,True,Active
CTREB91ECEEC1,CUST100019193,Fixed Term,2023-08-22,0,,True,Expired
CTRADF00F0C3B,CUST100059696,Fixed Term,2016-06-12,24,2018-06-12,True,Active
CTR3D5D3A08F5,CUST100041942,Month-to-Month,2016-06-18,12,2017-06-18,True,Active
CTR1CB569D62A,CUST100068730,Fixed Term,2018-05-23,24,2020-05-23,False,Active
CTR879A294827,CUST100056886,Fixed Term,2019-01-16,36,2022-01-16,False,Expired
CTR384D28EB85,CUST100008429,Fixed Term,2019-10-20,24,2021-10-20,False,Expired
CTRF9409C3715,CUST100004654,Fixed Term,2022-05-24,0,,False,Active
CTR3E6F94B0F2,CUST100027660,Month-to-Month,2016-04-01,0,,True,Expired
CTRC959C69932,CUST100006071,Month-to-Month,2020-12-04,24,2022-12-04,False,Expired
CTR7DC15466CE,CUST100075363,Fixed Term,2015-08-21,12,2016-08-21,False,Active
CTR395E8D6AC2,CUST100001408,Fixed Term,2017-02-21,24,2019-02-21,True,Expired
CTRADCCC5DC0A,CUST100067847,Fixed Term,2018-08-22,24,2020-08-22,True,Active
CTR0C7416A794,CUST100085489,Month-to-Month,2015-05-21,36,2018-05-21,False,Active
CTRD877A81622,CUST100018411,Fixed Term,2016-10-18,12,2017-10-18,True,Active
CTRB819B5142E,CUST100085758,Fixed Term,2022-10-12,24,2024-10-12,False,Active
CTR550FE321D6,CUST100083044,Month-to-Month,2015-12-31,12,2016-12-31,True,Active
CTR144AB3ADC4,CUST100096974,Enterprise SLA,2024-12-15,0,,True,Active
CTR8ACCFD5C46,CUST100064426,Fixed Term,2022-03-11,12,2023-03-11,True,Terminated Early
CTRC75814ECB2,CUST100019146,Fixed Term,2023-10-30,12,2024-10-30,False,Active
CTR29724461AF,CUST100068794,Fixed Term,2019-08-31,12,2020-08-31,True,Active
CTRDD1403E9A5,CUST100023315,Fixed Term,2019-09-14,12,2020-09-14,True,Terminated Early
CTR4BECEF2C14,CUST100020251,Enterprise SLA,2018-08-07,0,,False,Active
CTR0A9E55C71A,CUST100020545,Month-to-Month,2018-12-14,0,,False,Active
CTR98EEEF66C8,CUST100008006,Fixed Term,2022-10-15,24,2024-10-15,True,Active
CTR000ABCA6D1,CUST100007366,Month-to-Month,2018-10-08,0,,True,Expired
CTR3396D1DA1E,CUST100039284,Fixed Term,2020-02-22,12,2021-02-22,True,Active
CTR7A4834EDBF,CUST100095281,Fixed Term,2021-01-16,0,,True,Active
CTR18D76F0C13,CUST100099598,Fixed Term,2022-02-18,0,,True,Active
CTR129CCDCFC5,CUST100058309,Fixed Term,2019-05-31,0,,False,Active
CTR5DC1CC131F,CUST100078579,Fixed Term,2020-10-01,12,2021-10-01,True,Active
CTRE2FD57A2B8,CUST100082943,Fixed Term,2025-02-28,24,2027-02-28,True,Expired
CTRB127E85325,CUST100057539,Month-to-Month,2018-07-20,0,,True,Active
CTR8D7D1D419D,CUST100016892,Month-to-Month,2019-05-06,24,2021-05-06,False,Active
CTRE05643A9A5,CUST100007386,Month-to-Month,2025-04-06,24,2027-04-06,True,Active
CTRDC1C0D9F62,CUST100090207,Month-to-Month,2018-04-30,0,,True,Expired
CTRC24DE88F33,CUST100047556,Month-to-Month,2025-04-15,24,2027-04-15,True,Expired
CTRBEFFFBD31C,CUST100040745,Month-to-Month,2022-04-07,36,2025-04-07,True,Expired
CTR9358313F67,CUST100095928,Enterprise SLA,2015-01-16,24,2017-01-16,True,Active
CTR33673710C8,CUST100079364,Fixed Term,2024-10-22,0,,True,Active
CTRD9A4280137,CUST100002503,Enterprise SLA,2020-11-10,24,2022-11-10,True,Active
CTR164AF43F18,CUST100070406,Fixed Term,2018-09-19,24,2020-09-19,False,Active
CTR72A80EAB72,CUST100089501,Fixed Term,2024-07-07,0,,True,Pending Renewal
CTRD1C61AB645,CUST100095940,Fixed Term,2023-09-18,12,2024-09-18,True,Active
CTRF102AE2066,CUST100007487,Fixed Term,2019-03-16,12,2020-03-16,False,Active
CTR19BD7DA3F1,CUST100055468,Month-to-Month,2018-12-14,0,,True,Active
CTR61CDAB4A9C,CUST100096144,Fixed Term,2022-04-13,0,,True,Active
CTR17AC28B897,CUST100033137,Fixed Term,2025-02-10,24,2027-02-10,False,Active
CTRA9017914CC,CUST100053012,Fixed Term,2021-01-18,0,,True,Active
CTR0DED7E2024,CUST100069506,Month-to-Month,2021-05-02,0,,False,Terminated Early
CTR96FEAA3C63,CUST100091781,Month-to-Month,2023-07-27,0,,True,Expired
CTR5AE56A9F0E,CUST100084435,Fixed Term,2021-11-25,24,2023-11-25,False,Active
CTR8EA29849B5,CUST100003886,Month-to-Month,2023-01-03,0,,False,Active
CTR566B55969A,CUST100094431,Fixed Term,2015-11-10,12,2016-11-10,True,Active
CTR6EB1BE1160,CUST100044544,Month-to-Month,2019-07-07,12,2020-07-07,False,Active
CTR1E0D3754CA,CUST100092655,Month-to-Month,2018-11-22,36,2021-11-22,True,Expired
CTR521B48F4B2,CUST100019225,Fixed Term,2021-01-16,24,2023-01-16,True,Active
CTRB6089E53C4,CUST100045215,Month-to-Month,2024-01-29,24,2026-01-29,False,Pending Renewal
CTR422FBAD6D4,CUST100064653,Fixed Term,2022-09-03,12,2023-09-03,False,Pending Renewal
CTR9D87C7D6D8,CUST100037451,Fixed Term,2020-03-11,0,,True,Active
CTR80298DFB78,CUST100051850,Month-to-Month,2022-04-10,24,2024-04-10,False,Expired
CTR80D558F5CA,CUST100091074,Month-to-Month,2023-03-18,12,2024-03-18,False,Expired
CTR1551BF09C9,CUST100005279,Month-to-Month,2024-05-19,12,2025-05-19,True,Active
CTR15B4C5E9DC,CUST100084738,Fixed Term,2020-10-23,24,2022-10-23,False,Active
CTR8D30215269,CUST100084968,Month-to-Month,2017-03-04,24,2019-03-04,False,Terminated Early
CTRD6C714C0D8,CUST100013051,Enterprise SLA,2025-06-10,0,,False,Pending Renewal
CTRECACAD479F,CUST100017663,Month-to-Month,2022-11-09,12,2023-11-09,True,Active
CTR2D21F7BEB1,CUST100087974,Fixed Term,2018-11-20,12,2019-11-20,False,Active
CTR419026CDB9,CUST100001203,Month-to-Month,2018-07-06,12,2019-07-06,True,Expired
CTRD4CB4497BE,CUST100072014,Fixed Term,2024-02-10,24,2026-02-10,False,Active
CTR35A0CD4F31,CUST100070145,Fixed Term,2017-05-22,12,2018-05-22,True,Active
CTR037A51ED77,CUST100012362,Month-to-Month,2018-02-20,24,2020-02-20,False,Active
CTR26CF317506,CUST100041866,Fixed Term,2015-06-22,0,,True,Active
CTRC091ABD781,CUST100033681,Month-to-Month,2024-04-09,24,2026-04-09,True,Active
CTR2EB0B46850,CUST100095457,Fixed Term,2018-07-19,0,,True,Active
CTRA467BEDA9F,CUST100042477,Fixed Term,2015-07-24,0,,True,Terminated Early
CTRCF0855CBEB,CUST100001941,Month-to-Month,2025-05-26,24,2027-05-26,True,Expired
CTR6F2AA08E99,CUST100011733,Fixed Term,2019-01-20,24,2021-01-20,False,Active
CTR4191764EE0,CUST100027728,Fixed Term,2023-12-18,24,2025-12-18,True,Active
CTR62ADD9A8BA,CUST100076571,Month-to-Month,2015-12-15,24,2017-12-15,True,Active
CTR02D6C8DAE8,CUST100031387,Month-to-Month,2020-12-08,12,2021-12-08,True,Active
CTRBB9E7EA95F,CUST100040100,Month-to-Month,2024-06-09,24,2026-06-09,True,Expired
CTRC22DAC2D14,CUST100075258,Month-to-Month,2023-12-15,12,2024-12-15,True,Expired
CTRC6DE100438,CUST100092658,Enterprise SLA,2015-10-30,0,,True,Active
CTRD7C11E3EF3,CUST100021252,Month-to-Month,2016-03-25,0,,True,Active
CTRD04AE10E97,CUST100070207,Fixed Term,2025-05-12,24,2027-05-12,False,Active
CTRA6570335AA,CUST100017183,Fixed Term,2025-10-08,24,2027-10-08,True,Active
CTREA6BF0FEC7,CUST100088850,Fixed Term,2022-05-16,0,,True,Active
CTR870DDE8B3B,CUST100073885,Fixed Term,2025-06-11,24,2027-06-11,True,Active
CTR7DD621E2C4,CUST100086732,Month-to-Month,2025-07-26,12,2026-07-26,False,Active
CTRA83E938AF0,CUST100038543,Fixed Term,2021-06-19,0,,True,Active
CTR1837289BB8,CUST100002472,Fixed Term,2025-07-12,0,,True,Active
CTR47A179BA2F,CUST100002870,Month-to-Month,2015-05-02,24,2017-05-02,False,Active
CTR6D31F8D90E,CUST100097594,Fixed Term,2015-09-23,0,,True,Active
CTRD3954041F5,CUST100098540,Month-to-Month,2022-12-14,12,2023-12-14,False,Expired
CTR75CFDD8187,CUST100090592,Month-to-Month,2022-11-20,12,2023-11-20,True,Active
CTRF5F98893F5,CUST100006182,Fixed Term,2020-03-27,12,2021-03-27,False,Active
CTRF26B6C7DE5,CUST100093143,Fixed Term,2022-02-13,12,2023-02-13,False,Active
CTR2C4AE1EA90,CUST100071102,Fixed Term,2020-12-21,12,2021-12-21,True,Active
CTRD19E51FAC6,CUST100002144,Fixed Term,2019-02-03,0,,True,Active
CTRDE4C6D9654,CUST100066386,Fixed Term,2018-05-26,0,,False,Expired
CTRE00D2E1776,CUST100081611,Fixed Term,2023-08-29,12,2024-08-29,True,Pending Renewal
CTR228D9528CC,CUST100008117,Fixed Term,2019-07-18,12,2020-07-18,True,Active
CTR7A1247F765,CUST100042605,Fixed Term,2023-01-25,12,2024-01-25,False,Active
CTR8E3A1683FB,CUST100027512,Month-to-Month,2022-01-31,24,2024-01-31,False,Active
CTR5C055EBBFA,CUST100091646,Fixed Term,2025-06-24,24,2027-06-24,True,Expired
CTR76CCAE1AC9,CUST100066883,Month-to-Month,2023-06-09,24,2025-06-09,True,Active
CTR574A122BB2,CUST100038734,Month-to-Month,2016-08-04,24,2018-08-04,True,Expired
CTR8D5F40E6D3,CUST100070285,Month-to-Month,2019-01-08,0,,True,Expired
CTRB299B59BA0,CUST100089691,Month-to-Month,2022-12-05,24,2024-12-05,True,Expired
CTR0F676940E1,CUST100066685,Fixed Term,2024-11-17,12,2025-11-17,True,Active
CTR2EEF820024,CUST100080744,Month-to-Month,2015-05-26,0,,False,Active
CTR069B37BC3B,CUST100076310,Month-to-Month,2021-10-03,24,2023-10-03,False,Expired
CTR25692CE178,CUST100058728,Month-to-Month,2024-07-21,24,2026-07-21,True,Active
CTR10ADE4A9E8,CUST100067165,Fixed Term,2021-01-06,0,,True,Terminated Early
CTR95738CF327,CUST100031269,Month-to-Month,2023-05-04,12,2024-05-04,False,Active
CTRF3F8BEBA24,CUST100068123,Fixed Term,2017-07-03,36,2020-07-03,False,Active
CTRE7BCDD757A,CUST100072082,Fixed Term,2017-06-23,36,2020-06-23,True,Active
CTRE5EFD05087,CUST100023189,Fixed Term,2019-02-10,24,2021-02-10,False,Active
CTR6F50B35F02,CUST100099440,Fixed Term,2023-02-19,24,2025-02-19,False,Active
CTR9EF7896C6C,CUST100000182,Fixed Term,2016-09-30,12,2017-09-30,True,Expired
CTR0E261E3ADF,CUST100082735,Month-to-Month,2016-10-04,24,2018-10-04,True,Active
CTR4E1CB85137,CUST100094640,Month-to-Month,2016-07-19,12,2017-07-19,True,Active
CTR8AB372886C,CUST100047384,Month-to-Month,2024-11-21,0,,False,Active
CTR04C1644BBD,CUST100031803,Month-to-Month,2025-11-06,0,,True,Active
CTRE4E95C361E,CUST100023993,Month-to-Month,2021-11-26,12,2022-11-26,False,Terminated Early
CTR5667C551D9,CUST100051538,Enterprise SLA,2022-11-01,24,2024-11-01,False,Active
CTR3D880BF1F0,CUST100066787,Fixed Term,2023-11-19,12,2024-11-19,False,Active
CTR6A267AD822,CUST100089394,Fixed Term,2023-02-26,12,2024-02-26,False,Terminated Early
CTR94863C8DAE,CUST100098748,Fixed Term,2017-01-28,24,2019-01-28,True,Active
CTR25657E37E2,CUST100040684,Fixed Term,2016-03-16,12,2017-03-16,False,Active
CTRC4618626F3,CUST100004514,Month-to-Month,2024-03-14,24,2026-03-14,False,Terminated Early
CTRC3C5326AC4,CUST100000209,Fixed Term,2016-03-16,12,2017-03-16,True,Active
CTRE11875134A,CUST100044621,Month-to-Month,2022-08-19,24,2024-08-19,False,Active
CTR8FCD5C9605,CUST100053499,Month-to-Month,2024-04-21,24,2026-04-21,False,Expired
CTR2EB49BAB52,CUST100021136,Fixed Term,2023-09-02,24,2025-09-02,True,Active
CTR98AF092D0C,CUST100062576,Fixed Term,2019-09-26,24,2021-09-26,True,Active
CTR169AF89B48,CUST100024900,Month-to-Month,2024-10-14,0,,True,Active
CTRE5DE08ABA9,CUST100037356,Fixed Term,2025-03-22,12,2026-03-22,True,Active
CTR7A2D8BB559,CUST100000055,Month-to-Month,2021-05-29,24,2023-05-29,False,Expired
CTR25B52F741D,CUST100056818,Fixed Term,2023-09-09,24,2025-09-09,True,Active
CTR0CF7039A55,CUST100065896,Fixed Term,2016-10-22,24,2018-10-22,False,Expired
CTR039E286655,CUST100000682,Fixed Term,2022-01-16,0,,True,Terminated Early
CTR220F1C35CB,CUST100030794,Fixed Term,2022-10-09,24,2024-10-09,False,Active
CTR243EB43806,CUST100005076,Fixed Term,2016-10-23,0,,False,Expired
CTRE2274BEABA,CUST100083628,Month-to-Month,2017-11-19,12,2018-11-19,False,Expired
CTR9A1BE73071,CUST100096987,Fixed Term,2018-06-28,24,2020-06-28,False,Active
CTRDC6C1F063E,CUST100065806,Month-to-Month,2019-05-12,12,2020-05-12,True,Active
CTRACA43D7668,CUST100038613,Fixed Term,2019-12-24,24,2021-12-24,False,Active
CTR6A8EE78A82,CUST100036746,Month-to-Month,2024-05-20,12,2025-05-20,True,Active
CTR46B974944B,CUST100016492,Fixed Term,2021-10-22,0,,True,Active
CTR4B9A91B153,CUST100050362,Fixed Term,2018-04-21,24,2020-04-21,True,Active
CTR83DA1AB5D7,CUST100070807,Month-to-Month,2015-08-07,24,2017-08-07,True,Expired
CTR4E211CCD3E,CUST100037010,Fixed Term,2022-08-14,12,2023-08-14,False,Active
CTR3628EDA3CD,CUST100016804,Month-to-Month,2022-01-31,24,2024-01-31,True,Active
CTR67601C4DDB,CUST100020436,Fixed Term,2023-03-10,12,2024-03-10,True,Active
CTR863F868729,CUST100089131,Fixed Term,2015-03-31,12,2016-03-31,False,Active
CTRD3D856E6D7,CUST100002145,Month-to-Month,2023-10-24,24,2025-10-24,False,Active
CTR1471AB1CF8,CUST100076807,Fixed Term,2018-05-29,24,2020-05-29,True,Active
CTR74C63D0BF1,CUST100004510,Month-to-Month,2020-11-07,0,,True,Active
CTR1F6C93CCE7,CUST100074605,Month-to-Month,2020-04-18,12,2021-04-18,False,Active
CTR0AA10888F3,CUST100044485,Fixed Term,2018-11-07,0,,True,Active
CTRA3C2672F95,CUST100070534,Fixed Term,2022-11-12,12,2023-11-12,False,Active
CTR995722864F,CUST100008965,Month-to-Month,2015-01-15,36,2018-01-15,True,Expired
CTREBE34293F7,CUST100025726,Fixed Term,2016-08-27,12,2017-08-27,True,Active
CTRB7DCF2A3A2,CUST100009536,Month-to-Month,2022-06-27,0,,False,Expired
CTR769ADA9387,CUST100031485,Fixed Term,2019-10-21,24,2021-10-21,False,Active
CTRC9E73CC900,CUST100034814,Month-to-Month,2016-02-12,24,2018-02-12,False,Active
CTRCDABE89CBD,CUST100085009,Month-to-Month,2019-09-07,24,2021-09-07,True,Expired
CTRE4CF199CAF,CUST100048884,Month-to-Month,2019-05-08,0,,True,Active
CTRC29D7B15D8,CUST100026920,Fixed Term,2020-05-02,24,2022-05-02,True,Active
CTRBF0D33F6FC,CUST100095850,Month-to-Month,2019-05-02,0,,False,Active
CTR789C51381B,CUST100004045,Month-to-Month,2018-11-23,24,2020-11-23,True,Active
CTR1D5B9D2E6F,CUST100055838,Month-to-Month,2023-08-17,0,,True,Active
CTR83CFB66E24,CUST100035835,Month-to-Month,2019-05-10,0,,True,Pending Renewal
CTRFF46070FBD,CUST100073473,Fixed Term,2017-04-22,12,2018-04-22,False,Active
CTR0A3E853357,CUST100069612,Fixed Term,2015-01-01,36,2018-01-01,False,Active
CTR7DE3D407F1,CUST100029066,Fixed Term,2016-06-01,0,,True,Active
CTR7687F34247,CUST100049405,Fixed Term,2021-01-19,24,2023-01-19,True,Active
CTR887798CFC3,CUST100086408,Fixed Term,2025-11-01,36,2028-11-01,False,Expired
CTRAFD336070A,CUST100043659,Fixed Term,2023-05-23,24,2025-05-23,True,Active
CTR3F99EAFBCC,CUST100036615,Fixed Term,2024-11-05,0,,True,Active
CTR8106724A50,CUST100084409,Fixed Term,2024-01-11,12,2025-01-11,True,Active
CTR0544BB75D2,CUST100004393,Fixed Term,2023-08-16,12,2024-08-16,False,Active
CTRC0E8B84502,CUST100025149,Month-to-Month,2015-10-04,24,2017-10-04,True,Active
CTR6093CE55D3,CUST100008715,Fixed Term,2021-05-09,36,2024-05-09,True,Active
CTR584ED326D9,CUST100032145,Fixed Term,2016-08-31,12,2017-08-31,True,Active
CTR4DB2DF29B0,CUST100032947,Month-to-Month,2020-01-16,0,,False,Pending Renewal
CTRD8326781C3,CUST100054633,Fixed Term,2015-08-21,24,2017-08-21,False,Terminated Early
CTRB09A89B622,CUST100029490,Month-to-Month,2021-11-16,0,,False,Pending Renewal
CTRECB88454D0,CUST100057462,Month-to-Month,2023-01-10,24,2025-01-10,True,Active
CTR72E2F552A0,CUST100030268,Month-to-Month,2016-11-21,12,2017-11-21,False,Active
CTR6EE9FFF16D,CUST100019483,Month-to-Month,2020-08-06,0,,True,Active
CTR7348BDAC2D,CUST100034433,Fixed Term,2024-07-21,12,2025-07-21,True,Expired
CTR58B857B6B8,CUST100077250,Month-to-Month,2017-01-02,12,2018-01-02,True,Expired
CTR3D5DF9C9DE,CUST100002562,Fixed Term,2022-02-28,0,,True,Pending Renewal
CTR49B4B65542,CUST100080624,Fixed Term,2018-02-26,24,2020-02-26,True,Active
CTR8CA061A798,CUST100091630,Fixed Term,2017-08-23,24,2019-08-23,False,Active
CTRF040BD9077,CUST100068311,Month-to-Month,2024-10-04,12,2025-10-04,True,Active
CTR92F25E029E,CUST100026821,Month-to-Month,2017-08-17,24,2019-08-17,True,Terminated Early
CTR65497DB011,CUST100096298,Fixed Term,2016-01-24,12,2017-01-24,True,Active
CTR79016B45BC,CUST100015502,Fixed Term,2025-06-02,24,2027-06-02,True,Active
CTR15456AFBA4,CUST100059506,Fixed Term,2019-06-05,24,2021-06-05,False,Active
CTR2304A8BE0D,CUST100042509,Fixed Term,2015-06-19,24,2017-06-19,False,Terminated Early
CTRB1661D70F4,CUST100031484,Fixed Term,2021-06-23,12,2022-06-23,True,Pending Renewal
CTR422F7A8903,CUST100007951,Fixed Term,2022-11-03,0,,False,Active
CTRB243991441,CUST100050840,Month-to-Month,2018-07-22,24,2020-07-22,False,Active
CTRD2235F56A3,CUST100008662,Month-to-Month,2015-10-27,12,2016-10-27,True,Terminated Early
CTR4F5C67DC4A,CUST100075907,Fixed Term,2015-01-18,24,2017-01-18,False,Active
CTR169C9C0802,CUST100084308,Fixed Term,2022-09-19,0,,False,Active
CTRC9669E74D3,CUST100091076,Enterprise SLA,2019-02-11,24,2021-02-11,True,Active
CTR8730E90B56,CUST100099953,Fixed Term,2024-02-04,12,2025-02-04,True,Active
CTR1DA7B3AE36,CUST100042110,Month-to-Month,2020-06-16,24,2022-06-16,False,Expired
CTRA14797D91B,CUST100057698,Fixed Term,2019-01-22,24,2021-01-22,True,Active
CTR5F2E9F3689,CUST100035194,Fixed Term,2017-03-05,36,2020-03-05,True,Terminated Early
CTRF0167239E9,CUST100059439,Month-to-Month,2015-10-24,0,,True,Active
CTR5E7D3983B7,CUST100050911,Fixed Term,2017-04-16,24,2019-04-16,True,Active
CTR9374B99151,CUST100040508,Month-to-Month,2019-10-17,12,2020-10-17,False,Expired
CTRC037A7B66E,CUST100032648,Fixed Term,2022-03-25,12,2023-03-25,True,Expired
CTR290AE03E85,CUST100015582,Month-to-Month,2024-05-28,12,2025-05-28,False,Active
CTRF8C9D258BC,CUST100035338,Fixed Term,2024-04-22,12,2025-04-22,False,Active
CTR0019AC28DB,CUST100020485,Fixed Term,2016-08-26,12,2017-08-26,True,Active
CTR588C69C672,CUST100035959,Fixed Term,2018-06-05,24,2020-06-05,False,Active
CTR9281D95528,CUST100040869,Fixed Term,2021-05-13,0,,False,Expired
CTRB13F1FADA9,CUST100028595,Month-to-Month,2017-10-10,24,2019-10-10,True,Active
CTRDE111431BA,CUST100010309,Month-to-Month,2024-06-11,24,2026-06-11,False,Active
CTR7DFCA1C3AA,CUST100016763,Fixed Term,2022-04-05,24,2024-04-05,True,Active
CTR1D7B2F2178,CUST100094672,Fixed Term,2024-01-16,24,2026-01-16,True,Active
CTR219E6307D0,CUST100075703,Month-to-Month,2019-03-15,12,2020-03-15,False,Active
CTR3238F79F6A,CUST100049423,Fixed Term,2022-07-05,0,,False,Active
CTRD12E5A3E3E,CUST100096943,Enterprise SLA,2024-08-03,0,,True,Expired
CTR8C4B33343E,CUST100056569,Fixed Term,2021-04-13,0,,False,Active
CTR62C6DD52C3,CUST100087686,Month-to-Month,2020-03-09,12,2021-03-09,True,Expired
CTREAF4B9A546,CUST100042855,Fixed Term,2019-04-04,0,,True,Active
CTRA97DFEE9B2,CUST100059808,Month-to-Month,2017-01-20,24,2019-01-20,True,Active
CTRB714852428,CUST100027968,Month-to-Month,2024-05-01,12,2025-05-01,True,Terminated Early
CTRAC9537E740,CUST100010657,Fixed Term,2020-10-13,24,2022-10-13,True,Active
CTRE65DF459DA,CUST100010073,Fixed Term,2017-10-15,12,2018-10-15,True,Expired
CTR6B17B3BD1A,CUST100099371,Month-to-Month,2025-12-04,0,,True,Active
CTR0F9D26A3B3,CUST100071158,Fixed Term,2023-08-27,24,2025-08-27,True,Pending Renewal
CTR86B2A69E05,CUST100018027,Fixed Term,2025-05-04,24,2027-05-04,False,Terminated Early
CTR752F6DCAC9,CUST100077573,Fixed Term,2021-07-04,24,2023-07-04,False,Active
CTR1D3A458FDB,CUST100065849,Fixed Term,2021-12-06,24,2023-12-06,False,Active
CTRAECBCAFC27,CUST100067187,Fixed Term,2019-07-22,24,2021-07-22,True,Active
CTR878BEA3F1A,CUST100035542,Fixed Term,2017-12-25,12,2018-12-25,False,Active
CTRE012AC8FE3,CUST100084762,Fixed Term,2023-12-18,0,,True,Active
CTR2E19E573B2,CUST100010630,Fixed Term,2020-05-04,36,2023-05-04,False,Active
CTR039351549B,CUST100015260,Enterprise SLA,2022-08-10,24,2024-08-10,True,Active
CTR92442199C3,CUST100065370,Month-to-Month,2023-03-05,24,2025-03-05,False,Active
CTRDFA985F40E,CUST100090914,Fixed Term,2022-09-13,0,,False,Active
CTR2162939724,CUST100058632,Fixed Term,2017-05-13,12,2018-05-13,True,Active
CTRC0CE663E78,CUST100061877,Month-to-Month,2015-03-19,0,,True,Terminated Early
CTR729CF666D8,CUST100094946,Enterprise SLA,2016-07-30,12,2017-07-30,True,Terminated Early
CTR027B3C72ED,CUST100045020,Enterprise SLA,2021-12-09,0,,True,Active
CTRF1FF036BAC,CUST100059639,Month-to-Month,2024-05-01,0,,True,Active
CTR6C36DB49C9,CUST100089739,Fixed Term,2019-03-12,0,,True,Active
CTRF9CC024A89,CUST100008748,Fixed Term,2025-06-20,24,2027-06-20,False,Expired
CTREE8DDD534A,CUST100025095,Enterprise SLA,2015-11-08,24,2017-11-08,False,Active
CTR3CBC81A3DD,CUST100002455,Fixed Term,2015-03-10,0,,True,Active
CTR5022ED60E8,CUST100089320,Fixed Term,2015-02-02,36,2018-02-02,False,Active
CTR472E4BAD47,CUST100071835,Fixed Term,2019-07-12,24,2021-07-12,True,Active
CTR348EEAFEA1,CUST100004687,Month-to-Month,2023-02-17,0,,True,Active
CTR220E261A0B,CUST100044668,Month-to-Month,2022-10-12,0,,True,Active
CTRB351A40AB6,CUST100079670,Fixed Term,2024-08-19,12,2025-08-19,True,Active
CTRCBEE409CD4,CUST100046855,Month-to-Month,2019-04-26,12,2020-04-26,True,Active
CTR5A580D86C2,CUST100098758,Fixed Term,2016-05-04,12,2017-05-04,True,Active
CTR1A54593E6A,CUST100090521,Month-to-Month,2023-03-11,24,2025-03-11,True,Terminated Early
CTR3A0CF5E225,CUST100018150,Month-to-Month,2016-03-07,12,2017-03-07,True,Active
CTRF088AAB2EC,CUST100083108,Fixed Term,2024-06-28,24,2026-06-28,True,Active
CTR9B055E084A,CUST100095320,Month-to-Month,2019-09-07,24,2021-09-07,False,Active
CTRF381181C8D,CUST100018440,Fixed Term,2019-10-29,24,2021-10-29,True,Active
CTR2478DC1BD5,CUST100070091,Fixed Term,2021-11-09,0,,True,Expired
CTR0B0F18280F,CUST100035132,Fixed Term,2016-02-23,0,,True,Active
CTR3FD70DA64B,CUST100008566,Month-to-Month,2019-02-27,0,,False,Active
CTRBFC63615CB,CUST100013473,Fixed Term,2021-02-11,24,2023-02-11,True,Active
CTR7705D157BE,CUST100056546,Month-to-Month,2023-04-27,12,2024-04-27,False,Active
CTR679380A1CB,CUST100027718,Month-to-Month,2022-09-09,12,2023-09-09,True,Active
CTR18BA65D806,CUST100074888,Month-to-Month,2021-10-05,0,,True,Active
CTRC29598E560,CUST100006949,Fixed Term,2024-05-31,12,2025-05-31,True,Expired
CTRCEDFBCA458,CUST100047439,Fixed Term,2022-07-01,24,2024-07-01,True,Active
CTR03C11A89F3,CUST100053885,Fixed Term,2021-11-26,12,2022-11-26,True,Active
CTR44886A7E3F,CUST100049122,Fixed Term,2022-04-13,12,2023-04-13,False,Active
CTR7B68C7CB08,CUST100067635,Month-to-Month,2016-03-21,0,,False,Pending Renewal
CTR481A551830,CUST100019681,Fixed Term,2017-02-24,12,2018-02-24,False,Terminated Early
CTR81350ED07D,CUST100085141,Fixed Term,2019-12-04,12,2020-12-04,True,Active
CTR085A84DA45,CUST100075330,Fixed Term,2023-04-01,0,,True,Active
CTR5211D62570,CUST100067994,Month-to-Month,2020-06-07,36,2023-06-07,True,Expired
CTRE6FE0812B6,CUST100030278,Month-to-Month,2023-02-16,24,2025-02-16,True,Expired
CTR1ECE3E820C,CUST100046285,Fixed Term,2015-11-17,36,2018-11-17,False,Active
CTRCA72519558,CUST100042989,Fixed Term,2025-04-14,0,,True,Active
CTR0CFB003F9D,CUST100069384,Fixed Term,2018-07-28,0,,True,Active
CTRA8CDA0CA98,CUST100007618,Fixed Term,2023-07-26,12,2024-07-26,False,Active
CTRDC3640B017,CUST100054041,Month-to-Month,2015-07-07,24,2017-07-07,False,Active
CTR28272AE50B,CUST100089784,Month-to-Month,2024-12-10,12,2025-12-10,True,Active
CTR27AC5987FF,CUST100032536,Fixed Term,2015-03-28,0,,True,Active
CTRA14C1F8F23,CUST100027670,Fixed Term,2018-06-03,0,,False,Active
CTR8B5290720F,CUST100068270,Fixed Term,2015-07-17,12,2016-07-17,False,Active
CTRAA5A214713,CUST100013856,Month-to-Month,2017-02-10,12,2018-02-10,False,Active
CTR7571AAD80A,CUST100063703,Month-to-Month,2025-02-07,24,2027-02-07,False,Pending Renewal
CTRF3EF528EDB,CUST100042321,Month-to-Month,2025-04-09,24,2027-04-09,False,Active
CTR5DFA96BAFB,CUST100036016,Fixed Term,2020-06-29,12,2021-06-29,True,Active
CTR0103E6D86E,CUST100054533,Enterprise SLA,2015-10-09,0,,False,Expired
CTRDDB6F30690,CUST100018651,Month-to-Month,2020-03-08,24,2022-03-08,True,Active
CTRF6EC2FA1A2,CUST100014255,Month-to-Month,2022-01-28,0,,True,Expired
CTRB7413952E6,CUST100013311,Fixed Term,2019-04-05,24,2021-04-05,True,Expired
CTR0EA95B18AD,CUST100054018,Fixed Term,2021-12-18,0,,False,Active
CTR1EEB097063,CUST100065220,Fixed Term,2017-08-07,12,2018-08-07,False,Active
CTRB6D3E75B33,CUST100055010,Fixed Term,2022-04-23,0,,False,Terminated Early
CTR395EF67BF8,CUST100024451,Enterprise SLA,2015-08-06,24,2017-08-06,False,Active
CTRF532682154,CUST100057155,Fixed Term,2017-10-18,0,,False,Active
CTR860CB1BCF9,CUST100005336,Month-to-Month,2017-04-01,24,2019-04-01,True,Active
CTRCAC95C08AD,CUST100004417,Fixed Term,2024-12-29,0,,False,Active
CTR237E78123E,CUST100028444,Fixed Term,2025-11-09,24,2027-11-09,True,Active
CTR57DC57FCC6,CUST100063029,Fixed Term,2019-06-10,24,2021-06-10,True,Active
CTR3A980D99D6,CUST100045004,Fixed Term,2023-11-27,12,2024-11-27,True,Active
CTRA2F90382A2,CUST100054431,Month-to-Month,2020-02-25,0,,True,Active
CTR3F822FADC6,CUST100090799,Fixed Term,2017-07-14,12,2018-07-14,True,Terminated Early
CTRF6863B1864,CUST100081499,Fixed Term,2020-10-12,12,2021-10-12,False,Active
CTRE5BA84ADCF,CUST100024572,Fixed Term,2017-03-08,24,2019-03-08,True,Expired
CTR90D8E256D9,CUST100002467,Fixed Term,2018-09-17,24,2020-09-17,False,Active
CTR31C1E7A471,CUST100007727,Month-to-Month,2016-10-12,0,,True,Expired
CTR356B73E886,CUST100064310,Enterprise SLA,2019-06-14,0,,True,Active
CTR6AF1D8E20E,CUST100070156,Fixed Term,2020-11-03,12,2021-11-03,True,Expired
CTR0D4D68825F,CUST100067787,Fixed Term,2021-09-15,24,2023-09-15,True,Active
CTR202330714D,CUST100092551,Fixed Term,2016-04-22,12,2017-04-22,True,Active
CTRDDF7152363,CUST100092248,Fixed Term,2016-10-19,24,2018-10-19,True,Expired
CTR2CEFC359A8,CUST100025593,Fixed Term,2021-05-11,24,2023-05-11,False,Active
CTRDA38CA2184,CUST100030663,Month-to-Month,2017-06-20,0,,False,Active
CTR5BA38061C6,CUST100088231,Month-to-Month,2024-12-27,24,2026-12-27,True,Active
CTR0BB73D3277,CUST100077469,Fixed Term,2022-11-24,0,,True,Terminated Early
CTR997C547092,CUST100039740,Month-to-Month,2021-08-10,0,,False,Active
CTR6DFE694DF1,CUST100032169,Fixed Term,2021-08-27,0,,False,Active
CTR0A030A7A7C,CUST100098511,Enterprise SLA,2016-01-03,24,2018-01-03,True,Expired
CTR6FBBB1DD19,CUST100071705,Fixed Term,2018-09-08,12,2019-09-08,False,Active
CTR660F7C9E3F,CUST100096977,Fixed Term,2023-08-12,24,2025-08-12,True,Active
CTR5EB00BDB93,CUST100060018,Month-to-Month,2016-01-07,12,2017-01-07,True,Expired
CTR985DFBAD9D,CUST100067914,Fixed Term,2018-01-28,12,2019-01-28,True,Active
CTR29622396AE,CUST100017493,Month-to-Month,2024-09-30,12,2025-09-30,True,Active
CTR7D6BD2E587,CUST100062951,Month-to-Month,2024-01-21,12,2025-01-21,False,Active
CTR1B33F3C4AB,CUST100011258,Enterprise SLA,2021-12-01,12,2022-12-01,False,Active
CTR51D129D35C,CUST100040360,Fixed Term,2019-01-21,24,2021-01-21,False,Active
CTR927C7EB7F5,CUST100058196,Fixed Term,2020-11-13,36,2023-11-13,False,Active
CTRDBC7044EBB,CUST100007252,Fixed Term,2023-08-08,24,2025-08-08,True,Active
CTR0DBE4FC6F5,CUST100079868,Fixed Term,2025-04-30,0,,False,Pending Renewal
CTRAD333D153E,CUST100062097,Month-to-Month,2022-02-20,12,2023-02-20,True,Active
CTR02DE1D151A,CUST100051608,Month-to-Month,2018-06-03,24,2020-06-03,True,Expired
CTR350AE7FA57,CUST100009228,Fixed Term,2021-06-20,0,,False,Active
CTR7966848790,CUST100049926,Month-to-Month,2018-03-23,12,2019-03-23,True,Expired
CTR7AF9FF2ACF,CUST100017718,Month-to-Month,2021-03-29,12,2022-03-29,False,Expired
CTRDDAACC5D2A,CUST100076294,Fixed Term,2019-12-24,0,,False,Pending Renewal
CTRFEFDE0916A,CUST100013996,Month-to-Month,2018-03-12,24,2020-03-12,False,Active
CTR5C3BCE174F,CUST100047744,Month-to-Month,2022-09-03,12,2023-09-03,False,Active
CTRF17247987C,CUST100032138,Fixed Term,2016-05-30,24,2018-05-30,False,Active
CTRF9BB250825,CUST100020530,Fixed Term,2016-06-16,0,,True,Active
CTRFD67B3C304,CUST100038789,Enterprise SLA,2025-04-23,0,,True,Active
CTRB14FA6CC09,CUST100028644,Month-to-Month,2020-12-18,24,2022-12-18,False,Expired
CTR302879B3A4,CUST100043883,Month-to-Month,2015-02-25,12,2016-02-25,True,Expired
CTRB484255BCD,CUST100052283,Fixed Term,2017-07-22,24,2019-07-22,True,Active
CTRE75ABD44B7,CUST100039931,Fixed Term,2023-11-12,24,2025-11-12,False,Active
CTR8726582F47,CUST100073310,Fixed Term,2017-05-02,24,2019-05-02,True,Active
CTR542BC8E171,CUST100032598,Fixed Term,2021-01-27,0,,False,Active
CTRB7BB6A6745,CUST100037032,Month-to-Month,2018-01-12,24,2020-01-12,True,Active
CTR643AC17D20,CUST100034098,Fixed Term,2016-10-06,24,2018-10-06,False,Active
CTRD6978ED584,CUST100091360,Fixed Term,2016-09-05,0,,False,Terminated Early
CTRA9DA79B675,CUST100096534,Fixed Term,2015-08-27,24,2017-08-27,True,Active
CTR1C9ACFBA3B,CUST100096520,Fixed Term,2025-04-20,12,2026-04-20,False,Terminated Early
CTRE07FE8F7CE,CUST100020049,Fixed Term,2017-10-10,24,2019-10-10,False,Terminated Early
CTR6D71DB1BCB,CUST100073901,Month-to-Month,2020-07-16,24,2022-07-16,True,Pending Renewal
CTR3CEE5737DE,CUST100044101,Month-to-Month,2025-12-02,0,,False,Active
CTR45E44DF416,CUST100064552,Enterprise SLA,2019-07-21,0,,False,Terminated Early
CTRA1C1F66B8B,CUST100094206,Month-to-Month,2015-11-21,24,2017-11-21,True,Active
CTRAC230769CB,CUST100065080,Fixed Term,2018-04-11,24,2020-04-11,False,Active
CTR156B5C0A04,CUST100025336,Fixed Term,2018-01-07,24,2020-01-07,True,Active
CTR29B76A2276,CUST100030082,Month-to-Month,2022-12-02,12,2023-12-02,True,Active
CTR7AF407D818,CUST100006324,Fixed Term,2024-06-23,0,,False,Expired
CTR13D8E96EEC,CUST100032567,Fixed Term,2016-09-20,24,2018-09-20,False,Active
CTR80E0F82C1F,CUST100089108,Month-to-Month,2019-03-20,24,2021-03-20,True,Active
CTR35832C1E42,CUST100085846,Fixed Term,2019-05-31,24,2021-05-31,True,Active
CTR407E9503F0,CUST100090088,Month-to-Month,2015-02-10,24,2017-02-10,True,Terminated Early
CTRC20EF8EC7E,CUST100051958,Month-to-Month,2018-03-22,0,,True,Active
CTR6606BAC4EA,CUST100083906,Month-to-Month,2021-04-05,24,2023-04-05,True,Active
CTRBA909261A7,CUST100015126,Month-to-Month,2018-03-13,0,,False,Expired
CTRF8F1F5D8AA,CUST100078438,Month-to-Month,2021-04-12,24,2023-04-12,True,Active
CTR8F0526A2EC,CUST100074437,Fixed Term,2015-08-16,0,,False,Active
CTR7849323AD6,CUST100010120,Fixed Term,2016-02-10,0,,True,Active
CTRD1324E8166,CUST100091546,Month-to-Month,2022-07-13,0,,False,Active
CTR236E5A9E54,CUST100030674,Fixed Term,2025-10-13,12,2026-10-13,True,Active
CTR0DBA34E1D9,CUST100027162,Fixed Term,2022-01-13,0,,True,Active
CTR7203050226,CUST100000575,Fixed Term,2022-07-15,24,2024-07-15,True,Active
CTR3AA8E5152A,CUST100019066,Month-to-Month,2016-05-07,24,2018-05-07,False,Active
CTR92BD7FE8E1,CUST100080576,Fixed Term,2017-02-16,24,2019-02-16,True,Active
CTRCBB3A284F9,CUST100088627,Fixed Term,2018-01-24,12,2019-01-24,True,Active
CTR45F0458BA5,CUST100007583,Fixed Term,2015-10-07,24,2017-10-07,False,Active
CTRC19758B097,CUST100029678,Month-to-Month,2022-01-08,0,,False,Active
CTRA0356ECA79,CUST100054775,Month-to-Month,2019-04-15,24,2021-04-15,True,Active
CTR682F4414D4,CUST100072800,Fixed Term,2017-06-26,24,2019-06-26,False,Active
CTRACF779294A,CUST100009256,Month-to-Month,2022-10-30,12,2023-10-30,True,Terminated Early
CTR6FB6979EA2,CUST100072247,Fixed Term,2015-06-13,12,2016-06-13,False,Terminated Early
CTRFED3B080FE,CUST100003711,Month-to-Month,2021-04-09,12,2022-04-09,True,Active
CTREB9637DDF1,CUST100040762,Month-to-Month,2024-12-10,12,2025-12-10,True,Terminated Early
CTR7CA1C44259,CUST100076927,Month-to-Month,2017-03-04,12,2018-03-04,True,Active
CTR132D3748A6,CUST100097915,Fixed Term,2018-10-04,0,,False,Active
CTRFA96361A4E,CUST100061984,Month-to-Month,2016-07-15,0,,True,Active
CTR28C41FC0A7,CUST100033579,Month-to-Month,2021-04-26,12,2022-04-26,True,Expired
CTR23526D7C4F,CUST100063678,Fixed Term,2015-03-29,24,2017-03-29,False,Active
CTRA0598EF409,CUST100056335,Month-to-Month,2019-03-11,0,,False,Terminated Early
CTRA086392E55,CUST100036935,Fixed Term,2019-07-18,36,2022-07-18,False,Expired
CTRB13B076928,CUST100072914,Fixed Term,2015-05-27,12,2016-05-27,True,Active
CTR4701E9655D,CUST100079785,Month-to-Month,2023-06-29,0,,False,Pending Renewal
CTRD9326636A6,CUST100092895,Fixed Term,2021-01-22,12,2022-01-22,True,Terminated Early
CTR5CD5DDB801,CUST100024402,Month-to-Month,2015-04-29,24,2017-04-29,True,Expired
CTR4D3C1D581B,CUST100008532,Month-to-Month,2016-09-08,0,,False,Active
CTRFEAADF579B,CUST100031749,Fixed Term,2018-12-19,24,2020-12-19,False,Active
CTRE5097AA21B,CUST100003563,Month-to-Month,2017-07-28,0,,False,Expired
CTR4BD4FEDAC7,CUST100088582,Fixed Term,2022-08-12,24,2024-08-12,True,Expired
CTR3BC33996C6,CUST100027487,Month-to-Month,2019-04-03,24,2021-04-03,True,Terminated Early
CTRFFD2B17C40,CUST100042576,Fixed Term,2016-08-06,12,2017-08-06,True,Active
CTR2DEA16FC87,CUST100011574,Fixed Term,2022-06-01,24,2024-06-01,False,Terminated Early
CTR2D46BD9269,CUST100071743,Month-to-Month,2018-03-02,36,2021-03-02,False,Active
CTR70FD58FCD7,CUST100081383,Fixed Term,2015-03-14,36,2018-03-14,True,Expired
CTR0F83A20B6C,CUST100040410,Fixed Term,2018-03-16,24,2020-03-16,False,Expired
CTR1132C7FFC2,CUST100040800,Fixed Term,2018-02-10,24,2020-02-10,False,Active
CTR7A33516652,CUST100017837,Month-to-Month,2021-06-27,24,2023-06-27,True,Active
CTR44C3C7DF8D,CUST100011415,Month-to-Month,2022-11-14,12,2023-11-14,True,Active
CTR3CCFF23052,CUST100078602,Enterprise SLA,2025-04-27,12,2026-04-27,False,Expired
CTR04F97D207A,CUST100052387,Fixed Term,2016-08-23,12,2017-08-23,True,Active
CTR1FE5BE08B6,CUST100024736,Month-to-Month,2018-07-19,24,2020-07-19,True,Active
CTR10CD3C28F0,CUST100051666,Month-to-Month,2018-03-11,12,2019-03-11,True,Active
CTR2ACE18EE8D,CUST100082644,Fixed Term,2022-07-10,12,2023-07-10,True,Active
CTRBC3930621B,CUST100094973,Fixed Term,2018-02-04,0,,False,Active
CTR62DA958F81,CUST100039937,Enterprise SLA,2019-07-03,12,2020-07-03,False,Active
CTRA53BAE34D9,CUST100027042,Month-to-Month,2017-08-13,24,2019-08-13,False,Active
CTR84A2E4E200,CUST100028294,Month-to-Month,2022-02-28,12,2023-02-28,True,Active
CTRA38BF7661C,CUST100062418,Month-to-Month,2022-08-28,24,2024-08-28,False,Active
CTR3CF582243F,CUST100073283,Fixed Term,2020-06-14,0,,True,Active
CTRF589FFA411,CUST100067486,Fixed Term,2019-10-04,0,,False,Pending Renewal
CTR7BE09DE305,CUST100062527,Fixed Term,2025-04-15,24,2027-04-15,True,Pending Renewal
CTR2283FE2138,CUST100059093,Fixed Term,2019-05-11,24,2021-05-11,True,Active
CTRA43E186B24,CUST100080869,Fixed Term,2015-04-14,0,,True,Active
CTR796EB29D12,CUST100000385,Fixed Term,2019-09-06,12,2020-09-06,True,Active
CTRE23B655F59,CUST100068739,Fixed Term,2018-02-18,0,,True,Active
CTR5BBF556E91,CUST100032786,Fixed Term,2015-07-29,24,2017-07-29,False,Active
CTR12E7B2F83A,CUST100053291,Fixed Term,2015-06-05,36,2018-06-05,False,Active
CTRB95B982024,CUST100069095,Month-to-Month,2024-10-16,12,2025-10-16,False,Active
CTR0D0AE1C899,CUST100076222,Fixed Term,2022-05-06,12,2023-05-06,True,Terminated Early
CTR5DFD6A06E3,CUST100064086,Fixed Term,2015-07-10,0,,True,Pending Renewal
CTRDF9421C1E8,CUST100081063,Month-to-Month,2022-09-09,24,2024-09-09,False,Terminated Early
CTRDE7D2154A1,CUST100021419,Month-to-Month,2015-12-20,24,2017-12-20,True,Expired
CTR69E5B671B3,CUST100025975,Fixed Term,2024-05-16,12,2025-05-16,False,Active
CTR432A4A00C4,CUST100087362,Fixed Term,2024-03-29,24,2026-03-29,True,Expired
CTR88E4120360,CUST100057985,Month-to-Month,2017-09-22,12,2018-09-22,True,Active
CTR9290EECAA7,CUST100043695,Fixed Term,2022-10-19,24,2024-10-19,True,Expired
CTR9D5CB7C189,CUST100072236,Fixed Term,2015-09-30,24,2017-09-30,True,Expired
CTRB8A74F713E,CUST100018636,Fixed Term,2015-07-27,24,2017-07-27,True,Active
CTR22314CA9E9,CUST100012925,Month-to-Month,2018-07-16,12,2019-07-16,False,Pending Renewal
CTR0BCAB8BCBF,CUST100036556,Enterprise SLA,2016-09-22,0,,False,Expired
CTR01C5E706AF,CUST100075733,Fixed Term,2021-05-21,12,2022-05-21,True,Active
CTR2428CD3E9A,CUST100059931,Fixed Term,2019-03-01,36,2022-03-01,True,Active
CTR5EC217FFE2,CUST100013990,Month-to-Month,2019-09-08,12,2020-09-08,False,Active
CTR780E8D9C26,CUST100025396,Month-to-Month,2019-05-24,12,2020-05-24,True,Expired
CTR7FB34B78D8,CUST100039130,Fixed Term,2024-12-27,0,,False,Pending Renewal
CTR7307E0B9F0,CUST100061858,Enterprise SLA,2018-10-01,12,2019-10-01,False,Terminated Early
CTR5115D79EA5,CUST100026788,Fixed Term,2022-09-09,0,,True,Active
CTR62C490F538,CUST100018571,Fixed Term,2022-08-17,24,2024-08-17,False,Expired
CTR84554EBB2B,CUST100008097,Fixed Term,2021-03-30,12,2022-03-30,False,Active
CTR96450E9358,CUST100056551,Fixed Term,2021-06-20,0,,True,Active
CTRBDF8CAB037,CUST100089639,Fixed Term,2023-04-24,12,2024-04-24,False,Expired
CTR90687CC9D1,CUST100008710,Month-to-Month,2019-01-27,24,2021-01-27,True,Active
CTR87C417A54C,CUST100043268,Fixed Term,2021-01-12,24,2023-01-12,True,Terminated Early
CTR6528FC117D,CUST100004240,Month-to-Month,2016-11-25,24,2018-11-25,False,Active
CTR42AEF012D3,CUST100045952,Fixed Term,2019-12-16,0,,True,Active
CTR478162C3F5,CUST100032282,Month-to-Month,2023-09-15,12,2024-09-15,True,Terminated Early
CTR57FC659356,CUST100041475,Month-to-Month,2019-05-19,12,2020-05-19,False,Active
CTRE005ED9D52,CUST100067064,Fixed Term,2017-12-10,0,,True,Active
CTR90522690DB,CUST100052030,Month-to-Month,2019-09-04,12,2020-09-04,True,Expired
CTR40E3601F05,CUST100011842,Month-to-Month,2025-05-25,12,2026-05-25,False,Terminated Early
CTR5C352E02CF,CUST100035733,Fixed Term,2015-02-08,12,2016-02-08,True,Active
CTR113896A830,CUST100075315,Fixed Term,2023-03-26,24,2025-03-26,True,Active
CTR322611D4C3,CUST100050438,Month-to-Month,2023-08-15,24,2025-08-15,False,Expired
CTR4537BE3ADB,CUST100012196,Month-to-Month,2016-08-23,0,,True,Active
CTR5AD9F3CC69,CUST100084370,Fixed Term,2019-10-28,0,,True,Active
CTRD1AD6ECC8A,CUST100096451,Fixed Term,2024-06-22,0,,True,Expired
CTR421CFD9E2B,CUST100023262,Fixed Term,2022-04-10,0,,True,Expired
CTR9DAA5988A6,CUST100071251,Fixed Term,2023-12-03,12,2024-12-03,False,Active
CTR1555CB4B8D,CUST100002846,Fixed Term,2019-05-09,0,,False,Expired
CTR6D9895BCCB,CUST100010933,Fixed Term,2016-08-14,12,2017-08-14,False,Active
CTRF88396ECC5,CUST100037292,Fixed Term,2016-09-26,12,2017-09-26,True,Active
CTR3A08E113C3,CUST100046122,Fixed Term,2025-07-25,0,,True,Active
CTRCA700E0D48,CUST100082515,Fixed Term,2017-06-26,24,2019-06-26,True,Active
CTRE999392AE4,CUST100006176,Fixed Term,2024-12-15,0,,False,Terminated Early
CTR2A0393BE75,CUST100083974,Month-to-Month,2025-05-10,24,2027-05-10,True,Expired
CTR5C1FA121F3,CUST100062101,Fixed Term,2020-06-15,24,2022-06-15,True,Active
CTRBECE3A1A7C,CUST100002619,Month-to-Month,2019-01-12,24,2021-01-12,False,Active
CTR278E673AA9,CUST100007900,Month-to-Month,2025-11-20,12,2026-11-20,True,Expired
CTR41EC7E8D51,CUST100023811,Fixed Term,2017-08-04,24,2019-08-04,False,Active
CTR4711FC8907,CUST100024477,Fixed Term,2024-08-09,12,2025-08-09,True,Active
CTR5290500BB8,CUST100072469,Fixed Term,2023-08-08,24,2025-08-08,True,Active
CTR79D0844E11,CUST100037312,Fixed Term,2020-09-01,24,2022-09-01,True,Active
CTR1279F9D75B,CUST100054937,Month-to-Month,2025-11-01,24,2027-11-01,False,Active
CTR76CE196BFF,CUST100079626,Month-to-Month,2024-10-11,24,2026-10-11,False,Active
CTR261CCA492A,CUST100022303,Fixed Term,2025-03-13,0,,True,Expired
CTR21D079ACE0,CUST100038008,Fixed Term,2022-10-13,36,2025-10-13,False,Terminated Early
CTR0CFEFBA699,CUST100044430,Month-to-Month,2022-05-19,12,2023-05-19,True,Active
CTR4869F53CA6,CUST100059158,Fixed Term,2022-09-12,0,,True,Terminated Early
CTRF478BD8676,CUST100095583,Fixed Term,2021-12-06,0,,True,Active
CTR5EA5B6C430,CUST100091989,Month-to-Month,2019-03-01,24,2021-03-01,True,Active
CTR9CE2C38B39,CUST100017637,Month-to-Month,2025-05-21,0,,False,Active
CTRD004B816D6,CUST100031458,Fixed Term,2016-10-11,24,2018-10-11,False,Active
CTR79E0B03FC8,CUST100042195,Fixed Term,2017-10-01,0,,False,Active
CTR0D4212E6FE,CUST100029366,Fixed Term,2018-07-08,12,2019-07-08,False,Active
CTR31898B4C8F,CUST100082525,Month-to-Month,2021-09-01,36,2024-09-01,True,Active
CTR4E682DB3E4,CUST100083161,Month-to-Month,2017-02-28,12,2018-02-28,True,Terminated Early
CTR2D151B4EF1,CUST100013395,Month-to-Month,2016-07-04,0,,True,Active
CTRD0FA0105BA,CUST100017289,Fixed Term,2021-01-29,24,2023-01-29,False,Active
CTR9B9A5B6D97,CUST100090679,Fixed Term,2022-07-30,0,,True,Expired
CTRF9E760EA04,CUST100059921,Fixed Term,2019-10-20,0,,False,Active
CTRC25FD4B156,CUST100038924,Fixed Term,2021-05-19,0,,True,Active
CTR88C1035442,CUST100000154,Month-to-Month,2023-08-27,0,,False,Terminated Early
CTR2906668E5A,CUST100084512,Month-to-Month,2020-01-16,12,2021-01-16,False,Pending Renewal
CTRA108622F58,CUST100081465,Month-to-Month,2025-12-31,0,,True,Active
CTR6AD0890997,CUST100034360,Fixed Term,2017-05-05,12,2018-05-05,True,Terminated Early
CTR88F7D15CCE,CUST100015335,Fixed Term,2023-11-26,0,,True,Terminated Early
CTRCEE3256BB8,CUST100040149,Month-to-Month,2017-12-05,24,2019-12-05,False,Expired
CTRB658715EFD,CUST100009854,Fixed Term,2016-07-06,12,2017-07-06,False,Terminated Early
CTR1989AEB105,CUST100048343,Month-to-Month,2025-02-22,12,2026-02-22,False,Terminated Early
CTRAB64DF21A8,CUST100098254,Fixed Term,2021-02-16,0,,True,Terminated Early
CTR5CB5C7AE26,CUST100083193,Month-to-Month,2022-09-15,0,,True,Active
CTR9375553359,CUST100038822,Month-to-Month,2018-02-25,24,2020-02-25,False,Active
CTRB034BA6F39,CUST100091274,Month-to-Month,2024-08-17,24,2026-08-17,False,Terminated Early
CTRB149D912C0,CUST100002329,Month-to-Month,2025-02-23,12,2026-02-23,False,Active
CTR7D292D4574,CUST100089886,Month-to-Month,2025-08-07,0,,True,Active
CTR4164CAC86A,CUST100079902,Fixed Term,2022-12-20,0,,True,Active
CTR3319841084,CUST100098636,Fixed Term,2023-10-23,24,2025-10-23,False,Expired
CTR646C221C8E,CUST100099678,Month-to-Month,2024-10-24,24,2026-10-24,True,Active
CTR87CA2B7D2C,CUST100015116,Month-to-Month,2021-08-20,12,2022-08-20,True,Expired
CTR1D9A786B3D,CUST100012611,Month-to-Month,2018-02-25,12,2019-02-25,False,Active
CTRF402F7CFD2,CUST100061222,Month-to-Month,2017-11-05,36,2020-11-05,True,Active
CTR4AAC8B9609,CUST100099185,Fixed Term,2015-08-07,24,2017-08-07,True,Active
CTRCCE7CF3A92,CUST100090217,Fixed Term,2022-10-20,36,2025-10-20,True,Expired
CTR4A1D0A2E97,CUST100060583,Month-to-Month,2020-10-21,24,2022-10-21,True,Active
CTRDD0D7398BE,CUST100079246,Fixed Term,2015-08-29,12,2016-08-29,False,Expired
CTRC7FAD74966,CUST100017574,Fixed Term,2020-01-02,24,2022-01-02,True,Active
CTR962DA3433E,CUST100016721,Fixed Term,2022-05-04,0,,True,Active
CTR7EBD42F23B,CUST100001899,Fixed Term,2025-11-02,24,2027-11-02,True,Expired
CTR97B2153758,CUST100039829,Month-to-Month,2021-11-06,36,2024-11-06,False,Active
CTR92C609EBF4,CUST100077610,Fixed Term,2015-09-10,36,2018-09-10,True,Active
CTR2DFA85B6CA,CUST100052995,Month-to-Month,2015-03-21,24,2017-03-21,False,Active
CTRB587B8CEF1,CUST100036720,Fixed Term,2018-06-16,24,2020-06-16,True,Active
CTR4A8107D046,CUST100077453,Month-to-Month,2017-08-22,36,2020-08-22,True,Active
CTR5B1B460656,CUST100095226,Month-to-Month,2017-06-15,24,2019-06-15,False,Expired
CTRD60A77B91F,CUST100048522,Month-to-Month,2016-06-23,12,2017-06-23,False,Active
CTRC95182936D,CUST100009585,Month-to-Month,2018-06-30,24,2020-06-30,True,Active
CTREBE3833E6E,CUST100083871,Month-to-Month,2025-05-28,0,,False,Active
CTRB7D9739D50,CUST100020768,Month-to-Month,2015-11-15,24,2017-11-15,True,Active
CTR7B0A706927,CUST100053337,Month-to-Month,2024-04-12,24,2026-04-12,False,Active
CTR327CCB349D,CUST100091192,Month-to-Month,2019-09-16,24,2021-09-16,False,Active
CTR411765956A,CUST100094633,Month-to-Month,2021-02-08,12,2022-02-08,False,Expired
CTR6C2D0DAD79,CUST100078547,Fixed Term,2016-01-24,24,2018-01-24,False,Active
CTRABFD8E8D1B,CUST100001356,Month-to-Month,2015-04-28,36,2018-04-28,True,Active
CTR9EA46DD56A,CUST100021295,Fixed Term,2017-10-22,24,2019-10-22,True,Pending Renewal
CTREE2E056B53,CUST100094161,Month-to-Month,2020-05-24,24,2022-05-24,False,Active
CTRB3A0B79E84,CUST100079990,Enterprise SLA,2016-08-17,0,,True,Active
CTR1E7D0B80FE,CUST100064975,Month-to-Month,2016-10-19,24,2018-10-19,True,Active
CTR2184F69ECA,CUST100072882,Month-to-Month,2025-07-27,12,2026-07-27,False,Active
CTR86A4BA374F,CUST100011968,Enterprise SLA,2023-07-18,24,2025-07-18,True,Active
CTR1CB72F6E1E,CUST100019203,Fixed Term,2022-08-15,24,2024-08-15,True,Active
CTR8FE0CED95C,CUST100065381,Month-to-Month,2023-09-03,0,,False,Active
CTR71D676F243,CUST100027610,Fixed Term,2017-08-03,12,2018-08-03,True,Terminated Early
CTRBD17BBBC5C,CUST100073545,Month-to-Month,2019-08-22,0,,False,Active
CTR82895209C0,CUST100057948,Month-to-Month,2015-04-16,24,2017-04-16,False,Expired
CTRFA529AB2D8,CUST100015734,Fixed Term,2016-08-16,12,2017-08-16,False,Expired
CTR80666AB3A3,CUST100087755,Fixed Term,2019-10-02,24,2021-10-02,True,Expired
CTR41667AAE68,CUST100041179,Month-to-Month,2023-05-13,12,2024-05-13,True,Active
CTR48647AF9EF,CUST100074407,Month-to-Month,2023-09-28,0,,False,Active
CTR8C1362A2E1,CUST100053576,Month-to-Month,2019-01-03,24,2021-01-03,False,Expired
CTR2234935D61,CUST100039823,Fixed Term,2022-10-29,12,2023-10-29,False,Pending Renewal
CTRD334F082BA,CUST100019835,Fixed Term,2016-02-25,24,2018-02-25,True,Expired
CTRAE008DB8F4,CUST100071571,Fixed Term,2025-07-07,0,,True,Terminated Early
CTRA1027154BB,CUST100028298,Fixed Term,2020-11-13,0,,False,Active
CTRB63C2BE351,CUST100032304,Month-to-Month,2017-12-19,36,2020-12-19,False,Active
CTR2F13FD51A9,CUST100030933,Fixed Term,2016-07-19,24,2018-07-19,False,Active
CTR4934F739DE,CUST100062934,Fixed Term,2017-02-04,24,2019-02-04,False,Active
CTRDA0A3E532F,CUST100017560,Fixed Term,2015-02-13,12,2016-02-13,False,Active
CTRFEDD7BC389,CUST100049454,Month-to-Month,2025-10-26,24,2027-10-26,True,Active
CTRA61F22B44F,CUST100018657,Month-to-Month,2015-10-24,24,2017-10-24,True,Active
CTR93CDDA1E72,CUST100099829,Month-to-Month,2020-12-08,12,2021-12-08,True,Active
CTR010FE3A4F1,CUST100086352,Fixed Term,2019-07-26,24,2021-07-26,False,Terminated Early
CTR3556DDC896,CUST100030277,Enterprise SLA,2022-05-26,24,2024-05-26,True,Expired
CTRC4072BCFC0,CUST100063301,Month-to-Month,2015-07-16,0,,False,Active
CTRBD033CA957,CUST100069334,Fixed Term,2019-04-15,36,2022-04-15,True,Expired
CTRFF1304A245,CUST100014192,Fixed Term,2024-08-25,24,2026-08-25,False,Pending Renewal
CTREE3DBCF7C7,CUST100044240,Fixed Term,2018-10-22,0,,True,Active
CTRA0DF93E788,CUST100051456,Month-to-Month,2020-05-21,24,2022-05-21,True,Active
CTR3568F5EE8D,CUST100021990,Month-to-Month,2022-08-30,24,2024-08-30,False,Active
CTR1215E54844,CUST100043437,Fixed Term,2022-03-20,0,,False,Terminated Early
CTRCD42A02007,CUST100019549,Fixed Term,2025-02-22,24,2027-02-22,True,Active
CTR3B57839116,CUST100018373,Fixed Term,2021-11-06,24,2023-11-06,False,Active
CTR65B1157F9F,CUST100059637,Fixed Term,2017-05-23,0,,True,Active
CTRE1F877ACF6,CUST100045244,Month-to-Month,2023-01-30,0,,True,Pending Renewal
CTREF2F01CCA7,CUST100089166,Fixed Term,2017-06-28,12,2018-06-28,False,Terminated Early
CTR55056C84BB,CUST100092562,Fixed Term,2020-05-27,24,2022-05-27,False,Active
CTR1A57CC7A7A,CUST100076615,Fixed Term,2025-03-10,12,2026-03-10,True,Active
CTR3E26DE74BB,CUST100011055,Month-to-Month,2017-11-11,0,,True,Active
CTRD291E7B747,CUST100090884,Fixed Term,2025-04-10,24,2027-04-10,True,Active
CTR1494305436,CUST100047387,Month-to-Month,2016-10-02,0,,False,Active
CTRB754DE995E,CUST100031709,Fixed Term,2023-07-14,24,2025-07-14,True,Expired
CTRB5E1F99BAB,CUST100074914,Month-to-Month,2023-08-12,12,2024-08-12,False,Active
CTRC6D7CC4032,CUST100076344,Fixed Term,2018-10-08,0,,False,Active
CTR5F9823CD42,CUST100092632,Fixed Term,2025-09-29,0,,True,Active
CTR9AD58CC5D6,CUST100009833,Month-to-Month,2019-03-29,12,2020-03-29,False,Active
CTR09304F2B15,CUST100076304,Fixed Term,2022-05-05,36,2025-05-05,False,Active
CTR9E952B0FB3,CUST100004469,Fixed Term,2017-01-25,12,2018-01-25,True,Active
CTR0E4E682886,CUST100069431,Fixed Term,2016-01-30,36,2019-01-30,True,Active
CTR4FB4E7DC3F,CUST100068347,Fixed Term,2015-12-23,12,2016-12-23,True,Expired
CTRA28CA128F3,CUST100035815,Fixed Term,2023-08-02,24,2025-08-02,False,Terminated Early
CTRE2A1E7CDD7,CUST100000446,Fixed Term,2016-12-08,0,,True,Active
CTR52ECDA8EEC,CUST100089417,Month-to-Month,2016-05-20,12,2017-05-20,False,Active
CTR3F8CFE4DB8,CUST100033735,Month-to-Month,2025-07-20,24,2027-07-20,True,Active
CTRBC94E601EE,CUST100075292,Month-to-Month,2019-03-18,0,,False,Terminated Early
CTRE3C0988670,CUST100069020,Month-to-Month,2020-01-22,24,2022-01-22,True,Active
CTRAA5C621604,CUST100095976,Enterprise SLA,2017-02-06,12,2018-02-06,False,Active
CTRB616EB051E,CUST100057746,Month-to-Month,2022-07-03,0,,False,Active
CTR8445B16063,CUST100052225,Month-to-Month,2024-02-25,12,2025-02-25,True,Active
CTRDF2E07C17E,CUST100001081,Month-to-Month,2025-12-13,12,2026-12-13,False,Active
CTR6321CC2ED2,CUST100049430,Fixed Term,2017-06-22,12,2018-06-22,True,Active
CTRB551ECE6B7,CUST100017387,Month-to-Month,2023-01-05,0,,True,Active
CTRA6797A7DAE,CUST100031268,Fixed Term,2024-02-28,0,,False,Active
CTRAE09445830,CUST100081889,Fixed Term,2017-07-15,0,,False,Expired
CTRE0DE4B8C3B,CUST100054953,Fixed Term,2018-04-28,24,2020-04-28,True,Expired
CTR885E19C8CA,CUST100038532,Month-to-Month,2023-03-16,0,,True,Active
CTR96DD2E18BB,CUST100097166,Fixed Term,2022-05-09,12,2023-05-09,True,Active
CTRCD1E83718D,CUST100056895,Month-to-Month,2023-08-21,0,,True,Active
CTR0260AE18E2,CUST100028895,Fixed Term,2018-01-18,24,2020-01-18,True,Terminated Early
CTR6E50567A0D,CUST100050604,Fixed Term,2019-03-26,12,2020-03-26,True,Active
CTR91B21A9961,CUST100034110,Month-to-Month,2024-07-08,24,2026-07-08,False,Active
CTRC8312CD580,CUST100078709,Month-to-Month,2015-05-26,24,2017-05-26,True,Active
CTRB7231EFDFE,CUST100071739,Fixed Term,2024-11-27,0,,True,Expired
CTR1EBAC9C64A,CUST100018852,Month-to-Month,2019-12-20,12,2020-12-20,True,Pending Renewal
CTR9E37B3B780,CUST100003112,Enterprise SLA,2020-07-19,0,,True,Active
CTRAC39AF5190,CUST100031860,Fixed Term,2023-06-15,24,2025-06-15,True,Active
CTR4B80C94219,CUST100089757,Fixed Term,2015-03-20,36,2018-03-20,False,Active
CTRB264A7ABD5,CUST100036132,Fixed Term,2024-06-07,12,2025-06-07,True,Active
CTRAE4EC51C20,CUST100040087,Month-to-Month,2019-10-11,24,2021-10-11,True,Active
CTR1FB3C620F8,CUST100065786,Month-to-Month,2022-05-11,12,2023-05-11,False,Active
CTRDD534D8603,CUST100080482,Month-to-Month,2020-11-09,0,,True,Active
CTR39304A3ED8,CUST100098337,Month-to-Month,2024-10-04,12,2025-10-04,True,Active
CTRC8A93DD3C4,CUST100007266,Month-to-Month,2023-05-19,0,,False,Active
CTR6E953BAA50,CUST100044681,Fixed Term,2017-04-04,36,2020-04-04,True,Terminated Early
CTR2208DB7B45,CUST100034765,Month-to-Month,2022-12-10,36,2025-12-10,True,Expired
CTR5BC4420500,CUST100058255,Fixed Term,2023-05-14,12,2024-05-14,True,Active
CTREDE8F5AF3E,CUST100090890,Month-to-Month,2023-02-18,12,2024-02-18,False,Active
CTRED31E827EB,CUST100094739,Fixed Term,2022-11-03,12,2023-11-03,True,Terminated Early
CTR238957B765,CUST100077561,Month-to-Month,2015-09-06,0,,True,Active
CTR02B252BC05,CUST100090723,Fixed Term,2020-09-27,12,2021-09-27,True,Expired
CTR15426C0B61,CUST100091786,Fixed Term,2020-12-08,0,,False,Active
CTRB16256059C,CUST100068503,Month-to-Month,2018-03-19,12,2019-03-19,True,Active
CTRD1C947C808,CUST100090096,Month-to-Month,2020-12-08,12,2021-12-08,False,Active
CTR91102762EE,CUST100064076,Month-to-Month,2022-05-23,0,,True,Active
CTRDF42A0291B,CUST100069254,Fixed Term,2021-01-23,24,2023-01-23,True,Pending Renewal
CTR87C4577EF1,CUST100094600,Fixed Term,2018-12-21,24,2020-12-21,False,Terminated Early
CTREE8C4303A9,CUST100033927,Month-to-Month,2025-12-29,24,2027-12-29,True,Active
CTRD87E777C2B,CUST100052396,Fixed Term,2017-12-04,24,2019-12-04,False,Expired
CTRAB2A72D833,CUST100099935,Month-to-Month,2022-12-16,0,,True,Active
CTR5ED4BB846F,CUST100030522,Fixed Term,2022-03-29,0,,False,Active
CTR8A7D653943,CUST100005490,Fixed Term,2018-12-16,24,2020-12-16,False,Pending Renewal
CTR8628BFED9D,CUST100073800,Fixed Term,2015-01-31,24,2017-01-31,False,Active
CTRBC2165325B,CUST100056168,Month-to-Month,2024-03-28,12,2025-03-28,True,Active
CTRFD9A259DC7,CUST100030714,Month-to-Month,2018-06-17,24,2020-06-17,True,Expired
CTRDF01F5CFB4,CUST100000653,Fixed Term,2019-10-03,0,,True,Expired
CTR24788F8ECE,CUST100031630,Month-to-Month,2016-09-09,24,2018-09-09,False,Active
CTR14CB2393EC,CUST100056158,Fixed Term,2022-02-14,12,2023-02-14,True,Active
CTRE80A7D0B0B,CUST100008889,Fixed Term,2025-04-03,36,2028-04-03,False,Active
CTRC83AA14B7C,CUST100047021,Fixed Term,2019-09-12,12,2020-09-12,True,Active
CTR68A9A9B48E,CUST100089782,Month-to-Month,2024-01-30,0,,False,Active
CTR71A8545CB1,CUST100007028,Month-to-Month,2016-09-25,12,2017-09-25,True,Active
CTRD00CAD08C9,CUST100027347,Month-to-Month,2015-10-22,12,2016-10-22,True,Active
CTR230A4F300D,CUST100096185,Month-to-Month,2025-11-17,12,2026-11-17,False,Active
CTR6FEEDEF61E,CUST100018347,Fixed Term,2015-07-10,24,2017-07-10,False,Active
CTRE969D47C06,CUST100023158,Fixed Term,2015-12-16,12,2016-12-16,False,Active
CTRDA79373B4C,CUST100071861,Month-to-Month,2020-08-22,36,2023-08-22,False,Active
CTR9C3005D5F2,CUST100061673,Fixed Term,2018-07-24,12,2019-07-24,False,Active
CTRCE31314617,CUST100031649,Month-to-Month,2024-10-05,12,2025-10-05,True,Terminated Early
CTR81A25B3E6C,CUST100092494,Fixed Term,2018-12-16,0,,True,Active
CTREE6EF62BCE,CUST100097744,Fixed Term,2017-10-01,12,2018-10-01,True,Expired
CTR12F4F5E6B1,CUST100037082,Fixed Term,2022-09-26,24,2024-09-26,True,Active
CTRB2116E1007,CUST100064242,Fixed Term,2017-04-08,0,,True,Active
CTR16F4BC0BE0,CUST100065697,Month-to-Month,2015-10-11,12,2016-10-11,False,Active
CTR4F7C4AFA7B,CUST100028352,Fixed Term,2018-01-10,24,2020-01-10,True,Active
CTR4C243E3B1A,CUST100062441,Fixed Term,2024-08-11,24,2026-08-11,True,Pending Renewal
CTR9D513D70B3,CUST100090376,Fixed Term,2025-02-25,12,2026-02-25,True,Active
CTREBB31404F0,CUST100000413,Enterprise SLA,2025-06-11,12,2026-06-11,True,Active
CTR82E3F43C6F,CUST100056289,Fixed Term,2017-12-21,24,2019-12-21,False,Pending Renewal
CTR461F8ED571,CUST100099272,Fixed Term,2021-07-25,12,2022-07-25,False,Active
CTR4C1D905D24,CUST100062792,Fixed Term,2024-09-01,12,2025-09-01,True,Active
CTR5FC841BB74,CUST100041688,Fixed Term,2019-01-11,24,2021-01-11,True,Expired
CTR706B165455,CUST100016778,Fixed Term,2019-12-30,24,2021-12-30,True,Terminated Early
CTR52EF37E19C,CUST100032731,Month-to-Month,2023-08-29,0,,True,Active
CTR255671ECED,CUST100088487,Month-to-Month,2019-06-07,12,2020-06-07,False,Active
CTR3B3222F3F9,CUST100028846,Fixed Term,2020-02-13,0,,True,Active
CTR6A788F53D6,CUST100080604,Fixed Term,2019-03-25,24,2021-03-25,True,Terminated Early
CTR1CFA9EBC42,CUST100059468,Fixed Term,2015-08-31,12,2016-08-31,True,Active
CTR7E2C58E463,CUST100026540,Fixed Term,2021-08-18,24,2023-08-18,False,Active
CTRF2B124D852,CUST100054515,Month-to-Month,2015-01-18,12,2016-01-18,False,Active
CTR1801967554,CUST100056536,Fixed Term,2018-08-11,24,2020-08-11,True,Active
CTR05A53E82CF,CUST100017293,Fixed Term,2022-07-28,24,2024-07-28,False,Active
CTRD234BB3DE0,CUST100099641,Fixed Term,2024-06-04,24,2026-06-04,True,Active
CTR0773BAF6A6,CUST100008709,Month-to-Month,2022-05-30,0,,False,Active
CTR07D67D4563,CUST100086839,Fixed Term,2024-03-01,12,2025-03-01,True,Active
CTR6BE3CB2106,CUST100043903,Fixed Term,2020-12-14,0,,True,Active
CTR77E071607C,CUST100045408,Fixed Term,2024-07-17,12,2025-07-17,True,Expired
CTR5B1D05D0F3,CUST100063184,Fixed Term,2020-03-26,24,2022-03-26,False,Active
CTREB70FC3B71,CUST100023110,Month-to-Month,2023-08-16,24,2025-08-16,False,Active
CTRD49ECDC82E,CUST100092698,Fixed Term,2018-10-30,24,2020-10-30,True,Active
CTR56888A20CD,CUST100036698,Fixed Term,2018-05-07,36,2021-05-07,False,Active
CTR5218BC69AB,CUST100004425,Fixed Term,2015-07-30,24,2017-07-30,True,Active
CTR0F933D1DED,CUST100064950,Fixed Term,2016-07-04,0,,False,Active
CTRF559914EA9,CUST100037000,Fixed Term,2022-05-05,0,,False,Terminated Early
CTR618A666863,CUST100082299,Fixed Term,2015-06-06,0,,True,Expired
CTR2060244482,CUST100046179,Month-to-Month,2020-04-19,24,2022-04-19,False,Terminated Early
CTR2C4975A286,CUST100096019,Month-to-Month,2015-03-12,0,,False,Active
CTRD99694E08C,CUST100067011,Fixed Term,2024-09-03,12,2025-09-03,True,Active
CTRB64FE6315C,CUST100081122,Fixed Term,2015-01-16,24,2017-01-16,False,Active
CTRFB495C2CFE,CUST100023891,Fixed Term,2020-11-25,24,2022-11-25,False,Active
CTR00A3D77B84,CUST100061808,Fixed Term,2018-10-23,24,2020-10-23,False,Terminated Early
CTRB71AEBB40B,CUST100099728,Month-to-Month,2021-12-16,12,2022-12-16,True,Active
CTRA7F3622C39,CUST100091595,Fixed Term,2025-10-10,36,2028-10-10,True,Active
CTRBAD14CCDC3,CUST100080854,Enterprise SLA,2017-11-01,24,2019-11-01,True,Pending Renewal
CTR8F0A519C68,CUST100081995,Month-to-Month,2020-03-08,24,2022-03-08,False,Active
CTR69F130AC30,CUST100066487,Month-to-Month,2015-12-20,24,2017-12-20,True,Active
CTRA20C784ED1,CUST100058895,Fixed Term,2016-02-15,12,2017-02-15,True,Active
CTR7633682B7F,CUST100065091,Month-to-Month,2018-08-19,0,,True,Expired
CTRF987DBFBA1,CUST100082983,Fixed Term,2021-11-24,12,2022-11-24,True,Active
CTR45FD0F0A9C,CUST100074524,Fixed Term,2019-11-04,0,,True,Active
CTR110725E12C,CUST100033641,Fixed Term,2021-02-02,24,2023-02-02,False,Active
CTRE30B8901BF,CUST100091927,Fixed Term,2021-02-04,0,,False,Active
CTR023CED8477,CUST100060110,Enterprise SLA,2017-11-01,36,2020-11-01,False,Active
CTR12351A7BE3,CUST100066191,Fixed Term,2019-07-16,0,,True,Active
CTRFAD2A65171,CUST100011905,Fixed Term,2022-06-27,0,,False,Active
CTR687F9D3D24,CUST100048748,Fixed Term,2015-11-17,12,2016-11-17,True,Active
CTR66535C7881,CUST100079377,Fixed Term,2015-10-01,12,2016-10-01,True,Active
CTR77CA9FB500,CUST100058331,Month-to-Month,2017-11-12,24,2019-11-12,True,Pending Renewal
CTR557558D7BC,CUST100049594,Month-to-Month,2023-02-08,0,,True,Pending Renewal
CTR8A41C4E771,CUST100050083,Fixed Term,2019-03-08,12,2020-03-08,False,Active
CTR36A822EF76,CUST100099916,Fixed Term,2019-12-26,12,2020-12-26,True,Active
CTRB6CC8198A6,CUST100094045,Month-to-Month,2023-02-06,36,2026-02-06,True,Expired
CTRB48F0FC1DC,CUST100004493,Month-to-Month,2018-01-31,36,2021-01-31,False,Active
CTRA3215E1CCE,CUST100053325,Fixed Term,2025-04-07,24,2027-04-07,True,Active
CTRF632AA5FCB,CUST100058725,Month-to-Month,2022-09-17,0,,False,Active
CTRD6215286F2,CUST100024127,Fixed Term,2021-01-13,24,2023-01-13,False,Active
CTR320865EBBE,CUST100034192,Month-to-Month,2016-12-06,12,2017-12-06,False,Active
CTR727F5D8E28,CUST100029835,Fixed Term,2016-04-04,24,2018-04-04,True,Active
CTR6984D4F3AE,CUST100033987,Fixed Term,2020-01-08,0,,False,Expired
CTRE616869B20,CUST100057672,Month-to-Month,2024-10-09,24,2026-10-09,False,Active
CTR4A4D2241CF,CUST100054622,Fixed Term,2024-12-08,12,2025-12-08,False,Active
CTR41422E2B9E,CUST100049216,Month-to-Month,2018-09-29,12,2019-09-29,True,Active
CTRC44E64A9E5,CUST100060742,Month-to-Month,2025-10-30,12,2026-10-30,False,Expired
CTR2A7A437A3E,CUST100050734,Month-to-Month,2017-10-20,24,2019-10-20,False,Active
CTRB0A09B9732,CUST100003939,Fixed Term,2019-10-13,0,,False,Active
CTRA11507B9A9,CUST100032869,Fixed Term,2019-10-13,12,2020-10-13,False,Active
CTR4E4B6CAC2A,CUST100089826,Fixed Term,2017-04-30,12,2018-04-30,False,Terminated Early
CTRC7B8818288,CUST100056188,Fixed Term,2024-12-12,0,,True,Terminated Early
CTRD7CA31F203,CUST100041656,Month-to-Month,2017-08-23,24,2019-08-23,True,Active
CTRB9E8C536F1,CUST100079252,Fixed Term,2015-08-24,24,2017-08-24,False,Active
CTRD54D1BF997,CUST100031603,Month-to-Month,2021-03-13,24,2023-03-13,False,Active
CTREC4E3C54AB,CUST100078758,Month-to-Month,2025-04-19,0,,True,Active
CTR92FFDFDB9C,CUST100085620,Fixed Term,2018-07-03,12,2019-07-03,False,Active
CTR3EC3A26BB7,CUST100052918,Enterprise SLA,2022-12-16,36,2025-12-16,False,Active
CTR4B9CBEB580,CUST100054524,Fixed Term,2015-09-09,24,2017-09-09,True,Expired
CTR2CF05B2D58,CUST100031203,Enterprise SLA,2020-05-02,24,2022-05-02,False,Pending Renewal
CTRE95B339789,CUST100077008,Fixed Term,2022-12-31,24,2024-12-31,True,Terminated Early
CTR97096C4C54,CUST100052638,Month-to-Month,2019-08-15,24,2021-08-15,True,Pending Renewal
CTRC52EA30DB0,CUST100064771,Fixed Term,2017-09-07,0,,False,Active
CTRBFEE3D8F5E,CUST100071167,Fixed Term,2025-04-23,24,2027-04-23,True,Active
CTR288C6F9A60,CUST100068987,Fixed Term,2016-09-07,0,,False,Active
CTR3CB6D9BFDD,CUST100087401,Fixed Term,2021-01-11,12,2022-01-11,False,Terminated Early
CTRD7FE57932E,CUST100007324,Fixed Term,2022-05-15,0,,True,Active
CTR064C3A24F6,CUST100056051,Month-to-Month,2017-12-27,24,2019-12-27,True,Active
CTR7618B19194,CUST100094648,Month-to-Month,2024-07-11,24,2026-07-11,True,Terminated Early
CTR25C16108EF,CUST100031437,Fixed Term,2024-07-28,12,2025-07-28,True,Active
CTRA87540C02F,CUST100046348,Month-to-Month,2018-12-05,0,,True,Pending Renewal
CTR77E451F60D,CUST100087215,Month-to-Month,2021-09-14,12,2022-09-14,True,Active
CTRA1DF65679F,CUST100074045,Month-to-Month,2019-07-07,24,2021-07-07,True,Active
CTRF85D7A2152,CUST100020894,Fixed Term,2023-11-20,12,2024-11-20,False,Active
CTRB52987832E,CUST100029697,Fixed Term,2015-05-23,0,,True,Active
CTR9A10695F48,CUST100016239,Fixed Term,2024-12-18,12,2025-12-18,False,Terminated Early
CTR43613A476F,CUST100096437,Enterprise SLA,2024-06-25,24,2026-06-25,True,Active
CTRBAE6402C0C,CUST100051747,Month-to-Month,2017-06-28,0,,True,Active
CTR1ADE2B91F7,CUST100059525,Month-to-Month,2018-12-31,12,2019-12-31,False,Active
CTR6B3C98DDE8,CUST100051897,Fixed Term,2023-02-08,12,2024-02-08,True,Active
CTRBBB8C32F4B,CUST100005171,Month-to-Month,2022-08-26,24,2024-08-26,True,Active
CTRA8AC2E9062,CUST100010285,Month-to-Month,2019-01-01,12,2020-01-01,True,Active
CTR9EF5747DED,CUST100015573,Fixed Term,2020-11-25,0,,True,Active
CTRC4E73FDE03,CUST100096667,Fixed Term,2018-04-25,12,2019-04-25,False,Active
CTR03A200D7D6,CUST100094564,Fixed Term,2016-10-09,0,,False,Active
CTR28DFDFB6BB,CUST100022159,Month-to-Month,2022-07-02,0,,True,Active
CTR74BAFB7437,CUST100044285,Month-to-Month,2016-06-22,0,,True,Pending Renewal
CTR3FAB010AA6,CUST100027945,Fixed Term,2015-07-27,12,2016-07-27,True,Active
CTRE1C9600D48,CUST100036554,Month-to-Month,2023-05-11,12,2024-05-11,True,Expired
CTRCFE6757663,CUST100045601,Fixed Term,2023-03-23,24,2025-03-23,False,Active
CTR7082B80E66,CUST100032873,Month-to-Month,2025-07-10,24,2027-07-10,True,Active
CTR61B13747F5,CUST100084820,Fixed Term,2015-08-26,0,,False,Terminated Early
CTRC4FAFC6E3B,CUST100038872,Enterprise SLA,2020-05-24,24,2022-05-24,True,Active
CTR7A8C470063,CUST100016630,Fixed Term,2024-06-16,12,2025-06-16,True,Active
CTRAB16D2FA0C,CUST100067392,Fixed Term,2024-04-07,36,2027-04-07,True,Active
CTRD1A6A1C439,CUST100031115,Fixed Term,2017-04-25,24,2019-04-25,True,Active
CTR4F4247962C,CUST100018826,Fixed Term,2017-04-29,24,2019-04-29,True,Active
CTR97F66AA57B,CUST100091032,Fixed Term,2015-03-30,36,2018-03-30,True,Terminated Early
CTR81AACBAF21,CUST100033904,Fixed Term,2021-03-16,24,2023-03-16,False,Active
CTR78EEB367DF,CUST100066317,Fixed Term,2017-07-12,0,,True,Active
CTR1DD7CB8D05,CUST100089666,Month-to-Month,2022-03-28,24,2024-03-28,True,Active
CTR774FA6C84D,CUST100082955,Fixed Term,2018-12-22,24,2020-12-22,True,Active
CTR8A5A373E87,CUST100012616,Month-to-Month,2022-07-24,12,2023-07-24,True,Expired
CTR00D49D9FF9,CUST100036321,Fixed Term,2020-10-01,24,2022-10-01,False,Pending Renewal
CTRB1B0B165CC,CUST100020043,Fixed Term,2023-02-19,12,2024-02-19,True,Terminated Early
CTR4BDD193C67,CUST100075436,Fixed Term,2022-07-26,24,2024-07-26,False,Active
CTR6FF68721E6,CUST100085872,Enterprise SLA,2018-10-12,12,2019-10-12,False,Terminated Early
CTR3F48C923A1,CUST100047834,Fixed Term,2021-01-01,24,2023-01-01,False,Active
CTR50507BD3B5,CUST100033615,Month-to-Month,2025-05-01,12,2026-05-01,False,Expired
CTR95691F262A,CUST100012649,Month-to-Month,2023-03-02,0,,True,Expired
CTR20B0C43FB4,CUST100085677,Fixed Term,2023-11-25,0,,True,Active
CTR691BC28FF9,CUST100081081,Month-to-Month,2021-03-25,24,2023-03-25,True,Active
CTR2DF9142708,CUST100074859,Fixed Term,2016-11-06,0,,True,Active
CTR12857BF574,CUST100029900,Fixed Term,2025-11-29,24,2027-11-29,True,Active
CTRD3D86CAB23,CUST100065647,Fixed Term,2025-09-07,36,2028-09-07,True,Terminated Early
CTRF3D2617FE5,CUST100099650,Month-to-Month,2025-08-11,12,2026-08-11,True,Expired
CTR5A063E2D58,CUST100047587,Fixed Term,2017-04-10,12,2018-04-10,True,Active
CTRB7DF875352,CUST100089525,Month-to-Month,2015-03-17,0,,True,Active
CTRC0D896176B,CUST100005657,Fixed Term,2024-09-30,24,2026-09-30,True,Active
CTR45B546F64C,CUST100068446,Month-to-Month,2023-10-26,0,,False,Expired
CTR911FB97ABC,CUST100040645,Enterprise SLA,2022-05-31,0,,True,Pending Renewal
CTRAD034BB18B,CUST100001332,Fixed Term,2016-05-12,0,,False,Active
CTR8D8D35E7B6,CUST100040628,Fixed Term,2021-10-16,24,2023-10-16,False,Active
CTRBBACA45245,CUST100052903,Fixed Term,2018-11-27,24,2020-11-27,False,Active
CTR8ED3BA1CD5,CUST100078319,Fixed Term,2015-06-14,0,,True,Terminated Early
CTR2BE28A211B,CUST100009318,Month-to-Month,2017-12-28,0,,False,Terminated Early
CTRF994A414FA,CUST100029658,Fixed Term,2018-07-15,24,2020-07-15,False,Active
CTR32B408EE35,CUST100007359,Fixed Term,2023-08-01,0,,False,Active
CTRDA27AA22CD,CUST100080822,Fixed Term,2016-10-01,12,2017-10-01,True,Active
CTR9C6F11E41F,CUST100053047,Month-to-Month,2017-03-17,24,2019-03-17,True,Active
CTR43F492840D,CUST100060543,Enterprise SLA,2019-10-11,24,2021-10-11,True,Active
CTR69A1F25B58,CUST100021080,Month-to-Month,2018-03-05,0,,True,Active
CTR0CEBCE7E21,CUST100011347,Fixed Term,2020-09-23,24,2022-09-23,True,Active
CTR14D3A63F62,CUST100007933,Month-to-Month,2024-07-01,0,,False,Active
CTRDE49FFFB20,CUST100046326,Month-to-Month,2019-11-16,24,2021-11-16,False,Pending Renewal
CTR07042D6196,CUST100042569,Month-to-Month,2018-11-03,24,2020-11-03,False,Active
CTRF628B5DDC5,CUST100099181,Fixed Term,2019-04-21,0,,False,Active
CTRF9A0EBECCC,CUST100054625,Month-to-Month,2018-02-15,24,2020-02-15,True,Active
CTR7441F33DAE,CUST100007143,Fixed Term,2021-03-29,12,2022-03-29,False,Active
CTR5F6BE8CCA7,CUST100008855,Month-to-Month,2019-11-08,24,2021-11-08,True,Expired
CTR36B34A4B78,CUST100073039,Fixed Term,2022-04-01,24,2024-04-01,False,Active
CTR2D83A8CE21,CUST100001112,Fixed Term,2019-07-12,0,,True,Active
CTRF865F2F035,CUST100063645,Fixed Term,2016-03-05,24,2018-03-05,False,Terminated Early
CTR680060F2DA,CUST100081675,Fixed Term,2021-11-27,0,,True,Expired
CTRFC81592F85,CUST100063181,Month-to-Month,2022-09-20,0,,False,Active
CTR358EC35A1B,CUST100017440,Month-to-Month,2019-02-26,24,2021-02-26,True,Active
CTRE441DB4156,CUST100074892,Month-to-Month,2024-08-19,0,,True,Active
CTR42D7AE066E,CUST100009102,Enterprise SLA,2019-02-06,24,2021-02-06,True,Expired
CTR8733FDC914,CUST100003266,Fixed Term,2017-10-30,12,2018-10-30,True,Terminated Early
CTRAF18EC7656,CUST100084639,Month-to-Month,2018-06-05,12,2019-06-05,True,Active
CTR001EA1F69D,CUST100031885,Fixed Term,2015-12-09,36,2018-12-09,False,Active
CTR594B760699,CUST100072333,Month-to-Month,2021-02-11,0,,False,Active
CTR97392AE408,CUST100036840,Month-to-Month,2020-09-30,12,2021-09-30,True,Active
CTR9BF670B8B5,CUST100029166,Month-to-Month,2024-04-22,24,2026-04-22,True,Terminated Early
CTR61F5E2F8E8,CUST100069240,Month-to-Month,2020-06-23,12,2021-06-23,False,Pending Renewal
CTR24006116F4,CUST100095374,Fixed Term,2023-04-19,24,2025-04-19,True,Active
CTR315EF57A3D,CUST100069261,Fixed Term,2015-07-12,12,2016-07-12,True,Active
CTRF346FF0D1E,CUST100037177,Month-to-Month,2025-01-28,12,2026-01-28,True,Terminated Early
CTR8399FA8E9E,CUST100054739,Fixed Term,2017-02-21,24,2019-02-21,False,Expired
CTR01F2924E8C,CUST100005963,Month-to-Month,2019-07-14,24,2021-07-14,False,Active
CTREA9EF23760,CUST100045252,Month-to-Month,2015-12-26,0,,False,Active
CTR4CCC5FB98C,CUST100032515,Month-to-Month,2020-05-24,0,,False,Active
CTR0E5C8FA608,CUST100092808,Fixed Term,2023-09-01,0,,True,Expired
CTR6F69B136B0,CUST100097526,Fixed Term,2016-03-21,0,,False,Active
CTR3E3E7AD565,CUST100074042,Fixed Term,2024-01-06,0,,True,Active
CTRD058C928EE,CUST100052544,Fixed Term,2016-01-08,12,2017-01-08,True,Expired
CTRD9C77AC427,CUST100014489,Fixed Term,2022-04-09,0,,False,Active
CTR17A85C7DB7,CUST100003161,Month-to-Month,2021-08-27,24,2023-08-27,False,Active
CTRD8966972A6,CUST100082065,Fixed Term,2015-10-15,0,,False,Active
CTRC6CD145B62,CUST100045394,Fixed Term,2022-03-20,0,,True,Terminated Early
CTR9D5B285C46,CUST100021018,Fixed Term,2019-11-07,24,2021-11-07,True,Expired
CTRC693EA9AAA,CUST100031994,Fixed Term,2022-04-18,0,,True,Active
CTRECC65705F9,CUST100071030,Month-to-Month,2019-08-19,24,2021-08-19,False,Active
CTREF2394F448,CUST100010929,Month-to-Month,2025-04-13,12,2026-04-13,True,Active
CTRDAFE6B0F24,CUST100022417,Fixed Term,2022-11-19,12,2023-11-19,False,Active
CTR1EFE6A3DC8,CUST100026123,Fixed Term,2025-06-30,12,2026-06-30,True,Active
CTR23A933B129,CUST100099954,Fixed Term,2025-10-22,12,2026-10-22,False,Pending Renewal
CTR4B61FC9617,CUST100030954,Fixed Term,2020-08-30,24,2022-08-30,True,Active
CTRC618B6306A,CUST100027703,Fixed Term,2022-03-25,24,2024-03-25,True,Active
CTR482BFE870E,CUST100037026,Month-to-Month,2021-10-26,12,2022-10-26,True,Terminated Early
CTR68B025C3D6,CUST100065213,Fixed Term,2024-01-21,12,2025-01-21,False,Active
CTR3267797BA6,CUST100031936,Month-to-Month,2019-03-20,36,2022-03-20,True,Expired
CTR959FED6860,CUST100015659,Month-to-Month,2025-09-08,12,2026-09-08,True,Terminated Early
CTRE312BD8548,CUST100032287,Fixed Term,2024-10-24,0,,False,Pending Renewal
CTRED995551AB,CUST100029318,Fixed Term,2024-10-23,24,2026-10-23,True,Active
CTR6B97A0A7C7,CUST100044138,Enterprise SLA,2017-01-20,0,,True,Expired
CTR2B0EF7D5C9,CUST100078018,Fixed Term,2015-01-01,36,2018-01-01,True,Expired
CTR8572F9F448,CUST100068891,Fixed Term,2025-01-29,24,2027-01-29,False,Active
CTRB9015121AB,CUST100093886,Fixed Term,2017-03-02,24,2019-03-02,True,Active
CTR628DA579E1,CUST100081537,Fixed Term,2018-02-18,24,2020-02-18,True,Active
CTR7DF197E162,CUST100032605,Month-to-Month,2016-11-06,12,2017-11-06,True,Active
CTREA24374694,CUST100053366,Fixed Term,2017-04-03,12,2018-04-03,True,Terminated Early
CTRECFC427164,CUST100040349,Fixed Term,2023-10-29,0,,True,Active
CTR0AFD8551AF,CUST100073705,Month-to-Month,2016-08-10,12,2017-08-10,True,Expired
CTR6FB77A6443,CUST100012670,Fixed Term,2019-01-25,0,,True,Active
CTR0E45276F7D,CUST100049718,Enterprise SLA,2023-11-16,0,,False,Active
CTRAAA59C7CF1,CUST100097644,Month-to-Month,2015-11-14,0,,False,Active
CTRBAC44C8333,CUST100066775,Month-to-Month,2015-03-07,24,2017-03-07,False,Active
CTR47C5855AE0,CUST100094528,Fixed Term,2024-03-22,24,2026-03-22,True,Expired
CTR66CC664B52,CUST100035171,Fixed Term,2015-02-05,12,2016-02-05,True,Active
CTRDE124952B7,CUST100047660,Fixed Term,2022-08-30,0,,True,Active
CTRB1F276C9C6,CUST100003648,Month-to-Month,2025-12-16,24,2027-12-16,True,Pending Renewal
CTR12A6FB56C9,CUST100078196,Month-to-Month,2020-08-23,24,2022-08-23,False,Active
CTRBDB07FD89B,CUST100054379,Fixed Term,2022-01-08,12,2023-01-08,True,Active
CTRAFC9FA7FF0,CUST100037558,Fixed Term,2021-09-25,24,2023-09-25,True,Active
CTR1D5E271E70,CUST100068148,Month-to-Month,2020-03-23,12,2021-03-23,True,Active
CTR7B4073E520,CUST100086511,Month-to-Month,2024-09-25,12,2025-09-25,True,Active
CTR82D1D557BC,CUST100010838,Enterprise SLA,2022-09-06,24,2024-09-06,True,Terminated Early
CTRA1A23F9B5E,CUST100032904,Fixed Term,2017-04-01,24,2019-04-01,True,Terminated Early
CTRFB825051BD,CUST100035369,Fixed Term,2025-03-04,24,2027-03-04,True,Active
CTRB7DAD7CFFE,CUST100010325,Fixed Term,2022-03-26,0,,False,Active
CTRD4D2572E0B,CUST100012039,Fixed Term,2024-03-12,12,2025-03-12,False,Active
CTRBF01F3E75F,CUST100007374,Month-to-Month,2020-12-18,12,2021-12-18,False,Active
CTRC14177D0AD,CUST100062423,Fixed Term,2016-08-03,36,2019-08-03,True,Terminated Early
CTR03AFA5EA83,CUST100001144,Month-to-Month,2022-12-13,12,2023-12-13,True,Active
CTRC0DA35474D,CUST100090395,Fixed Term,2016-12-27,0,,True,Active
CTRAD27FDFAC1,CUST100037444,Fixed Term,2023-11-18,36,2026-11-18,True,Active
CTRE9D0EA5300,CUST100055066,Month-to-Month,2018-11-20,0,,True,Active
CTR8191D14556,CUST100089969,Month-to-Month,2025-02-16,0,,False,Active
CTRDB5DBB521C,CUST100072695,Fixed Term,2025-10-04,36,2028-10-04,True,Terminated Early
CTR8DAD28D93F,CUST100051491,Fixed Term,2015-06-23,0,,True,Pending Renewal
CTR5F7534812C,CUST100026087,Fixed Term,2018-11-01,0,,False,Pending Renewal
CTR844405B9F5,CUST100026825,Fixed Term,2020-04-09,24,2022-04-09,False,Active
CTRF0CE9FE041,CUST100014310,Fixed Term,2015-12-08,0,,False,Active
CTR2949194A0B,CUST100062515,Month-to-Month,2019-02-21,12,2020-02-21,False,Active
CTR7A6417AE47,CUST100009371,Month-to-Month,2025-07-28,12,2026-07-28,True,Active
CTRBC2D36A201,CUST100049379,Fixed Term,2019-09-24,0,,True,Expired
CTRFC8802E0E3,CUST100044968,Fixed Term,2025-06-24,36,2028-06-24,True,Active
CTR8CA8229408,CUST100082329,Fixed Term,2015-01-04,12,2016-01-04,True,Active
CTR89018C3F04,CUST100041521,Fixed Term,2025-12-30,24,2027-12-30,True,Active
CTRB084546A5F,CUST100066706,Month-to-Month,2024-01-25,12,2025-01-25,False,Active
CTRF40B06AEF5,CUST100026618,Fixed Term,2019-10-20,24,2021-10-20,False,Active
CTRC9FF884C05,CUST100099968,Month-to-Month,2020-03-27,24,2022-03-27,True,Active
CTREC7D387B31,CUST100074141,Fixed Term,2023-10-27,24,2025-10-27,True,Active
CTR621177F691,CUST100046476,Fixed Term,2020-05-19,0,,False,Active
CTR30CD4FE9AF,CUST100024620,Fixed Term,2017-02-07,24,2019-02-07,True,Expired
CTR6132187D39,CUST100016125,Fixed Term,2022-02-10,0,,True,Expired
CTR9A15D3E0C9,CUST100087297,Fixed Term,2018-08-28,12,2019-08-28,True,Active
CTR7DDEC08E43,CUST100039535,Month-to-Month,2022-12-23,24,2024-12-23,True,Active
CTRCCBA21311B,CUST100090941,Fixed Term,2017-11-25,0,,True,Active
CTR5DF5948725,CUST100044545,Fixed Term,2017-12-06,24,2019-12-06,False,Active
CTR9FAB29C34B,CUST100067038,Enterprise SLA,2024-11-01,36,2027-11-01,False,Active
CTR6AE2FE99EC,CUST100029200,Month-to-Month,2021-08-14,24,2023-08-14,True,Active
CTR58D31F0EED,CUST100019912,Fixed Term,2023-02-19,0,,False,Active
CTRA07C849D88,CUST100021593,Month-to-Month,2022-04-14,24,2024-04-14,False,Active
CTR956CA31178,CUST100088279,Month-to-Month,2015-12-01,36,2018-12-01,False,Terminated Early
CTRD2E88EF781,CUST100052007,Fixed Term,2019-03-14,0,,False,Active
CTR688C1966B4,CUST100077563,Month-to-Month,2017-08-07,0,,False,Active
CTR2259BEB3A3,CUST100009688,Fixed Term,2021-01-03,0,,True,Active
CTR95828B1773,CUST100075611,Fixed Term,2024-01-09,0,,True,Active
CTRAA46F2E39F,CUST100059002,Fixed Term,2020-12-08,24,2022-12-08,False,Active
CTR3A11E32560,CUST100009447,Fixed Term,2022-10-09,0,,True,Active
CTRCE48B9DB8D,CUST100060169,Month-to-Month,2018-10-19,36,2021-10-19,True,Terminated Early
CTRC0F4A01BDF,CUST100037465,Fixed Term,2022-12-16,24,2024-12-16,True,Active
CTR7442601AB3,CUST100084585,Month-to-Month,2015-04-27,0,,True,Active
CTRA19FEA7E13,CUST100018466,Month-to-Month,2022-01-28,12,2023-01-28,False,Active
CTR7D3C79C4E0,CUST100058379,Month-to-Month,2024-07-17,0,,False,Active
CTR0D5C342D96,CUST100090245,Fixed Term,2022-06-21,24,2024-06-21,False,Active
CTR65C7236F1A,CUST100067987,Month-to-Month,2016-02-23,12,2017-02-23,False,Expired
CTR6F234BF96D,CUST100085369,Fixed Term,2017-10-19,12,2018-10-19,False,Active
CTRB282C6D681,CUST100003948,Month-to-Month,2019-12-17,24,2021-12-17,False,Active
CTR7ACD7F9159,CUST100072894,Month-to-Month,2021-11-17,12,2022-11-17,True,Active
CTR4AD16F9C24,CUST100092479,Fixed Term,2018-08-24,0,,True,Active
CTR5A40848013,CUST100052738,Month-to-Month,2021-11-10,24,2023-11-10,True,Terminated Early
CTR22CEACE4B7,CUST100093938,Month-to-Month,2015-06-04,0,,True,Active
CTR288FF72E71,CUST100043293,Month-to-Month,2015-10-24,0,,True,Pending Renewal
CTR174CED483C,CUST100096206,Fixed Term,2023-10-03,0,,True,Active
CTR05477FF8F5,CUST100068280,Fixed Term,2024-02-02,12,2025-02-02,True,Terminated Early
CTR07A197E0CB,CUST100053089,Month-to-Month,2025-01-31,24,2027-01-31,True,Active
CTR724B8CC39B,CUST100012947,Month-to-Month,2024-11-13,24,2026-11-13,True,Active
CTR070A567134,CUST100090893,Fixed Term,2021-12-16,12,2022-12-16,True,Terminated Early
CTREA3B90381F,CUST100021739,Month-to-Month,2023-08-14,12,2024-08-14,False,Expired
CTR535627DAE6,CUST100089261,Month-to-Month,2019-11-21,0,,True,Active
CTRF8058E45DE,CUST100012289,Fixed Term,2024-08-13,12,2025-08-13,True,Active
CTRC8EFA9361C,CUST100036289,Month-to-Month,2021-09-11,36,2024-09-11,False,Active
CTR0BE28D1B5D,CUST100047836,Fixed Term,2017-03-21,24,2019-03-21,True,Pending Renewal
CTR396D474456,CUST100046022,Month-to-Month,2020-06-18,24,2022-06-18,False,Active
CTRCE3D9FCBDF,CUST100004547,Fixed Term,2024-12-14,12,2025-12-14,True,Active
CTR2A180E253A,CUST100023141,Fixed Term,2019-02-16,24,2021-02-16,True,Active
CTR2AAEC6C0E2,CUST100055116,Month-to-Month,2015-01-01,24,2017-01-01,True,Terminated Early
CTR1AD7FC1362,CUST100083414,Month-to-Month,2025-02-09,36,2028-02-09,True,Pending Renewal
CTR6FA890B8E8,CUST100060659,Month-to-Month,2019-10-27,0,,True,Expired
CTR2D6F472686,CUST100038985,Fixed Term,2023-08-16,12,2024-08-16,True,Active
CTR0AA76DED80,CUST100011154,Fixed Term,2016-07-27,24,2018-07-27,False,Active
CTR1C59537CC5,CUST100058316,Month-to-Month,2017-09-25,0,,True,Active
CTR302FA90FB9,CUST100056809,Fixed Term,2016-02-23,0,,True,Active
CTRD422E1FB6F,CUST100074083,Enterprise SLA,2019-01-12,24,2021-01-12,True,Active
CTR67029F2FDE,CUST100055465,Fixed Term,2016-06-14,12,2017-06-14,True,Active
CTR38580990A6,CUST100099516,Fixed Term,2025-04-26,12,2026-04-26,False,Active
CTRBE22E20251,CUST100097231,Fixed Term,2021-02-09,36,2024-02-09,True,Active
CTR7B2218952D,CUST100035941,Month-to-Month,2015-04-16,0,,False,Active
CTR2B189ECE28,CUST100049601,Fixed Term,2024-07-10,0,,True,Active
CTR3DF8D515BA,CUST100062291,Month-to-Month,2023-09-12,0,,False,Active
CTRA2DD4872CE,CUST100010576,Month-to-Month,2020-12-28,0,,True,Active
CTRB5607FA493,CUST100087039,Fixed Term,2018-10-01,12,2019-10-01,True,Active
CTR327F650146,CUST100058762,Fixed Term,2023-06-29,12,2024-06-29,True,Active
CTR0BB93F145B,CUST100057353,Month-to-Month,2022-12-09,24,2024-12-09,False,Active
CTR9451CC1E3B,CUST100050569,Month-to-Month,2022-09-26,12,2023-09-26,False,Active
CTR934205DF0A,CUST100062030,Month-to-Month,2021-02-19,24,2023-02-19,False,Expired
CTRD5972EF9D8,CUST100008496,Fixed Term,2023-07-14,24,2025-07-14,True,Active
CTR2ED06EAF18,CUST100048568,Fixed Term,2017-11-24,24,2019-11-24,True,Active
CTR41D187080B,CUST100042723,Fixed Term,2015-02-05,12,2016-02-05,True,Active
CTRFEF0F21465,CUST100079918,Month-to-Month,2023-11-12,24,2025-11-12,False,Active
CTR4E0C3CC1CC,CUST100083176,Fixed Term,2018-01-22,24,2020-01-22,True,Terminated Early
CTR9407FE6883,CUST100061683,Month-to-Month,2015-10-28,0,,True,Terminated Early
CTR5EFBEA63EA,CUST100099281,Fixed Term,2021-06-21,24,2023-06-21,True,Active
CTR44EA9BF8D9,CUST100079281,Month-to-Month,2017-09-10,24,2019-09-10,True,Active
CTR2289570B9E,CUST100001701,Fixed Term,2021-07-08,24,2023-07-08,True,Expired
CTR6E47360151,CUST100051596,Month-to-Month,2017-03-04,0,,True,Active
CTR5C5EC3F1DB,CUST100014078,Enterprise SLA,2015-04-22,24,2017-04-22,True,Active
CTR0138E589CA,CUST100059168,Fixed Term,2023-07-06,0,,False,Active
CTR9E3994B05F,CUST100003974,Month-to-Month,2015-05-23,0,,True,Active
CTR5EA75B57AA,CUST100065152,Fixed Term,2023-09-01,12,2024-09-01,True,Active
CTR6C115CDECC,CUST100081962,Month-to-Month,2015-05-18,24,2017-05-18,True,Active
CTRAEE970A066,CUST100072770,Month-to-Month,2016-06-29,12,2017-06-29,False,Active
CTR8E3016A786,CUST100004871,Month-to-Month,2022-09-02,24,2024-09-02,False,Active
CTR183B074BB7,CUST100056187,Fixed Term,2021-10-11,0,,False,Active
CTR12D1236D5C,CUST100065644,Fixed Term,2024-02-17,24,2026-02-17,False,Active
CTR428E3CC75B,CUST100083445,Month-to-Month,2015-09-08,24,2017-09-08,True,Active
CTRAEA92349C7,CUST100078843,Fixed Term,2024-04-02,24,2026-04-02,True,Active
CTR8FD3E063A0,CUST100071289,Fixed Term,2016-03-05,12,2017-03-05,True,Active
CTR6256DCD267,CUST100070956,Month-to-Month,2017-12-05,24,2019-12-05,False,Expired
CTR0D6C09C527,CUST100063430,Fixed Term,2022-06-19,0,,True,Expired
CTRB267BF424A,CUST100008808,Fixed Term,2019-04-30,0,,False,Terminated Early
CTR8E9A472A86,CUST100006730,Month-to-Month,2025-05-23,24,2027-05-23,False,Active
CTR6A4188F821,CUST100032467,Fixed Term,2024-05-03,0,,True,Active
CTR741A8832D0,CUST100075296,Fixed Term,2017-10-22,0,,False,Active
CTRFD733141E5,CUST100035890,Month-to-Month,2023-09-13,24,2025-09-13,False,Active
CTRB71A6A2CDC,CUST100093717,Enterprise SLA,2025-06-02,24,2027-06-02,True,Active
CTR554711F46C,CUST100050480,Fixed Term,2018-01-08,0,,True,Active
CTRC649776642,CUST100001842,Fixed Term,2017-12-29,24,2019-12-29,True,Active
CTR858E8DC7C1,CUST100023806,Month-to-Month,2017-02-22,24,2019-02-22,True,Pending Renewal
CTR6D2DAE7DC4,CUST100070108,Fixed Term,2023-10-30,12,2024-10-30,True,Active
CTR258A4A51A1,CUST100092579,Fixed Term,2021-09-12,12,2022-09-12,True,Expired
CTRF72443BCC0,CUST100079655,Month-to-Month,2022-07-29,0,,True,Active
CTR591412AAAD,CUST100012466,Month-to-Month,2018-12-26,0,,True,Active
CTR8BD64C5B5A,CUST100033147,Fixed Term,2017-10-01,0,,False,Active
CTR7825C50A09,CUST100023926,Month-to-Month,2024-03-08,12,2025-03-08,True,Active
CTRB0D409424F,CUST100048668,Month-to-Month,2020-10-06,24,2022-10-06,True,Active
CTR7F77E8CD09,CUST100003929,Fixed Term,2021-04-25,24,2023-04-25,True,Active
CTR731C0EE14D,CUST100018234,Fixed Term,2024-02-18,36,2027-02-18,True,Active
CTR523B5DEE1B,CUST100053612,Fixed Term,2017-06-18,24,2019-06-18,True,Active
CTR7E81767B53,CUST100011726,Fixed Term,2018-03-30,12,2019-03-30,True,Pending Renewal
CTR2E2E1CFDB5,CUST100025595,Fixed Term,2020-01-08,12,2021-01-08,False,Active
CTR1B4B156E90,CUST100061284,Month-to-Month,2015-04-22,12,2016-04-22,True,Active
CTR0E6EA90262,CUST100067426,Enterprise SLA,2015-05-24,12,2016-05-24,False,Active
CTRE725B10063,CUST100057027,Fixed Term,2017-01-29,0,,True,Active
CTR3FB7D0F51C,CUST100047775,Fixed Term,2019-12-15,0,,True,Active
CTR2DC7E308D5,CUST100053478,Fixed Term,2017-07-12,24,2019-07-12,False,Active
CTRBADC31DBAE,CUST100066014,Fixed Term,2016-01-08,0,,False,Active
CTR8566301E3B,CUST100089362,Month-to-Month,2017-08-11,24,2019-08-11,True,Active
CTR48F32A3032,CUST100040743,Fixed Term,2020-06-10,12,2021-06-10,True,Expired
CTRC689137601,CUST100022102,Month-to-Month,2019-08-23,0,,True,Expired
CTR02B9C80827,CUST100004339,Month-to-Month,2019-09-23,12,2020-09-23,True,Expired
CTRA38ADFEBC5,CUST100036275,Month-to-Month,2018-07-10,0,,False,Active
CTR6046CB23B1,CUST100090579,Month-to-Month,2016-04-27,12,2017-04-27,True,Active
CTR6D94A04817,CUST100089186,Month-to-Month,2023-10-24,12,2024-10-24,False,Active
CTRA2FCE40036,CUST100092000,Fixed Term,2020-04-14,24,2022-04-14,False,Expired
CTRA71C1F9580,CUST100051074,Month-to-Month,2015-10-06,12,2016-10-06,False,Terminated Early
CTR32C6B5F69E,CUST100038912,Fixed Term,2023-04-09,24,2025-04-09,True,Active
CTRCDA4B66937,CUST100043994,Month-to-Month,2017-04-24,12,2018-04-24,False,Active
CTR0DFB47FA0F,CUST100003170,Fixed Term,2019-06-16,24,2021-06-16,True,Active
CTRD0788B9CB4,CUST100075842,Month-to-Month,2021-09-27,0,,False,Active
CTR3BC63DC2A1,CUST100077492,Month-to-Month,2019-03-31,24,2021-03-31,False,Terminated Early
CTRCE5DFFE371,CUST100081647,Fixed Term,2023-03-07,0,,False,Terminated Early
CTRC839B78C48,CUST100081717,Fixed Term,2021-07-02,0,,False,Active
CTR298E1EB88C,CUST100091272,Month-to-Month,2019-05-11,0,,True,Expired
CTR7CF54CFE17,CUST100094157,Month-to-Month,2016-10-26,24,2018-10-26,False,Active
CTR2F68A7F32D,CUST100080918,Fixed Term,2015-02-01,0,,True,Active
CTR62CE96866B,CUST100083786,Fixed Term,2018-12-22,12,2019-12-22,True,Active
CTRAA42DB4927,CUST100011457,Month-to-Month,2020-04-18,24,2022-04-18,False,Active
CTR463AA0D950,CUST100032825,Month-to-Month,2016-04-21,12,2017-04-21,False,Active
CTRF7BD906C35,CUST100067698,Enterprise SLA,2016-06-30,0,,True,Active
CTR1258E8157A,CUST100012155,Fixed Term,2015-06-05,12,2016-06-05,False,Active
CTRE53DE7F1DD,CUST100092030,Fixed Term,2016-06-19,12,2017-06-19,True,Active
CTR543468DC5D,CUST100053162,Month-to-Month,2020-06-17,24,2022-06-17,False,Active
CTR0AE5D1BD9B,CUST100040053,Fixed Term,2016-06-13,24,2018-06-13,False,Active
CTRA553C23222,CUST100041229,Fixed Term,2021-08-15,0,,True,Expired
CTRF702B89042,CUST100098281,Fixed Term,2023-12-06,12,2024-12-06,True,Active
CTRE6DD5A7535,CUST100017456,Month-to-Month,2025-07-20,12,2026-07-20,True,Active
CTR33D139BD68,CUST100057510,Fixed Term,2022-09-17,12,2023-09-17,False,Active
CTRDD06B84C33,CUST100066362,Month-to-Month,2022-09-01,36,2025-09-01,True,Active
CTRDBD8B9B674,CUST100048652,Fixed Term,2021-09-22,0,,True,Active
CTR1626163883,CUST100063850,Enterprise SLA,2017-03-20,12,2018-03-20,False,Active
CTRAB979D1402,CUST100079679,Fixed Term,2018-09-26,24,2020-09-26,True,Terminated Early
CTR7D46777E45,CUST100044609,Fixed Term,2015-08-23,24,2017-08-23,True,Terminated Early
CTREB58DD88B7,CUST100020027,Fixed Term,2015-12-08,0,,False,Active
CTR3D75BC1416,CUST100082280,Month-to-Month,2020-12-15,24,2022-12-15,True,Active
CTR1A3593935F,CUST100067687,Fixed Term,2018-11-21,0,,True,Active
CTRF8C3B94C4C,CUST100072161,Fixed Term,2021-12-25,24,2023-12-25,False,Active
CTRA53FEEB028,CUST100095134,Fixed Term,2020-04-30,24,2022-04-30,True,Active
CTRE50F5091CF,CUST100032316,Month-to-Month,2016-01-11,24,2018-01-11,True,Active
CTR4342034FFD,CUST100073814,Fixed Term,2017-03-04,12,2018-03-04,True,Active
CTRD1FF7C7EC3,CUST100031884,Fixed Term,2016-12-23,0,,True,Expired
CTR8E4939D02B,CUST100093466,Fixed Term,2017-11-03,12,2018-11-03,True,Active
CTR7BFDF49526,CUST100083347,Month-to-Month,2022-02-22,0,,True,Active
CTR160FD49AA1,CUST100061613,Month-to-Month,2019-08-05,0,,True,Expired
CTR5729426C3F,CUST100091893,Month-to-Month,2023-10-04,0,,True,Active
CTR1937983EC9,CUST100000131,Month-to-Month,2016-09-10,0,,True,Active
CTRFAD8137309,CUST100014457,Fixed Term,2016-06-23,0,,False,Active
CTR8F09137E84,CUST100070643,Month-to-Month,2022-06-14,0,,True,Active
CTRD7D8A6056D,CUST100041663,Fixed Term,2024-04-26,24,2026-04-26,False,Active
CTREB29255F46,CUST100087566,Fixed Term,2020-03-03,24,2022-03-03,True,Expired
CTRB4B2CC199D,CUST100046435,Fixed Term,2017-09-08,24,2019-09-08,True,Expired
CTR462D836FD8,CUST100037393,Month-to-Month,2016-03-11,0,,True,Active
CTR7AA8229423,CUST100012048,Month-to-Month,2024-07-06,24,2026-07-06,True,Active
CTRCFC29A4A96,CUST100005661,Month-to-Month,2025-10-31,0,,True,Terminated Early
CTR268B5194B7,CUST100043408,Fixed Term,2025-09-25,0,,True,Active
CTREC7837FC5D,CUST100082929,Month-to-Month,2018-09-30,0,,True,Expired
CTRC2B3AD4936,CUST100075385,Fixed Term,2023-06-28,24,2025-06-28,True,Active
CTR3492CC9B5C,CUST100000940,Month-to-Month,2015-02-08,0,,False,Active
CTR741047EA34,CUST100072352,Month-to-Month,2019-11-30,12,2020-11-30,True,Active
CTR3F37639698,CUST100084220,Fixed Term,2015-08-13,0,,True,Active
CTR7A910C1F2B,CUST100087901,Fixed Term,2019-06-25,12,2020-06-25,False,Active
CTR0EECC352E0,CUST100056568,Fixed Term,2022-03-01,12,2023-03-01,False,Active
CTR2712C19BA0,CUST100007480,Fixed Term,2020-10-22,24,2022-10-22,True,Active
CTR978A262ED6,CUST100045483,Fixed Term,2019-12-27,0,,False,Active
CTRAD79325D2E,CUST100016929,Fixed Term,2020-06-20,0,,True,Active
CTR6CAB3EE4AF,CUST100009802,Enterprise SLA,2019-10-13,24,2021-10-13,True,Active
CTR89931B1561,CUST100007225,Enterprise SLA,2019-05-21,24,2021-05-21,False,Active
CTR17CB4B708D,CUST100030020,Month-to-Month,2020-09-10,24,2022-09-10,True,Terminated Early
CTR5B99E3AFA5,CUST100024647,Fixed Term,2017-03-14,12,2018-03-14,True,Expired
CTR699DCE75A3,CUST100016331,Month-to-Month,2023-07-07,12,2024-07-07,True,Active
CTRE5D9050917,CUST100018806,Fixed Term,2017-11-11,24,2019-11-11,True,Terminated Early
CTR5C41AF8F8D,CUST100019223,Fixed Term,2022-06-10,12,2023-06-10,True,Active
CTR1CD72DE3DB,CUST100013363,Month-to-Month,2021-07-03,12,2022-07-03,False,Terminated Early
CTRCCE5B9E286,CUST100017667,Month-to-Month,2025-04-06,24,2027-04-06,True,Terminated Early
CTRC556B26432,CUST100002968,Month-to-Month,2016-02-22,0,,False,Active
CTR115A0978D8,CUST100082772,Month-to-Month,2015-12-11,0,,False,Active
CTRA515B9F365,CUST100022093,Month-to-Month,2017-08-06,0,,True,Active
CTR244A66FA0B,CUST100055907,Fixed Term,2025-04-11,24,2027-04-11,True,Terminated Early
CTR8CE896435B,CUST100045944,Month-to-Month,2021-08-18,0,,False,Active
CTRAD7717FB33,CUST100079793,Month-to-Month,2022-12-16,24,2024-12-16,False,Active
CTRC5616217DD,CUST100044504,Fixed Term,2019-09-13,24,2021-09-13,True,Pending Renewal
CTRBB39F459B1,CUST100020138,Month-to-Month,2025-04-19,12,2026-04-19,False,Active
CTR0DA2D02961,CUST100098021,Enterprise SLA,2019-08-09,36,2022-08-09,True,Active
CTR3CDA137095,CUST100024830,Month-to-Month,2025-11-25,24,2027-11-25,False,Active
CTR27A9F8FF24,CUST100055052,Fixed Term,2015-12-04,24,2017-12-04,True,Active
CTR6A919C4C89,CUST100068586,Fixed Term,2015-03-04,12,2016-03-04,False,Active
CTR02BF2EFEAC,CUST100090504,Fixed Term,2020-03-16,12,2021-03-16,True,Expired
CTR8C38B179ED,CUST100040564,Fixed Term,2015-03-31,24,2017-03-31,True,Active
CTR88C2F0E7FE,CUST100063321,Month-to-Month,2017-05-09,0,,True,Active
CTR66B5E964A1,CUST100043611,Month-to-Month,2015-09-04,36,2018-09-04,False,Active
CTR2B49FECB55,CUST100042888,Fixed Term,2021-06-08,0,,True,Active
CTRFB336E7885,CUST100033100,Month-to-Month,2021-05-29,12,2022-05-29,True,Terminated Early
CTR91B2E24775,CUST100092207,Fixed Term,2019-06-17,12,2020-06-17,True,Expired
CTR14072C849E,CUST100032855,Fixed Term,2015-06-03,36,2018-06-03,False,Pending Renewal
CTR1ED6ABECAA,CUST100004693,Fixed Term,2025-05-13,12,2026-05-13,False,Active
CTR56F3B165CF,CUST100064185,Enterprise SLA,2021-06-30,24,2023-06-30,True,Active
CTR3F74DCC650,CUST100076840,Enterprise SLA,2016-05-03,12,2017-05-03,False,Expired
CTR32AEE51D48,CUST100092578,Fixed Term,2016-01-25,12,2017-01-25,False,Active
CTR474AF454B5,CUST100051478,Fixed Term,2019-12-28,24,2021-12-28,True,Active
CTR4949C7533D,CUST100088160,Fixed Term,2017-05-05,0,,False,Active
CTRC693E17F5B,CUST100093332,Enterprise SLA,2016-09-02,36,2019-09-02,True,Active
CTR59B683E0BD,CUST100013688,Month-to-Month,2020-07-30,0,,True,Active
CTR19198574AF,CUST100092789,Fixed Term,2024-07-15,0,,True,Active
CTRD6E3EE635F,CUST100006696,Month-to-Month,2018-06-05,0,,False,Active
CTR1FE072030B,CUST100045361,Month-to-Month,2023-05-11,0,,False,Active
CTR073485CA71,CUST100025948,Fixed Term,2025-12-06,24,2027-12-06,True,Active
CTRC38897ED64,CUST100031571,Fixed Term,2015-12-07,0,,False,Active
CTR277138B2AC,CUST100009747,Month-to-Month,2023-07-27,36,2026-07-27,True,Active
CTR2B8F4FD2C9,CUST100073343,Fixed Term,2018-11-15,12,2019-11-15,False,Active
CTR426AD9CD83,CUST100083868,Enterprise SLA,2023-02-19,0,,False,Active
CTR10AFE7B0D1,CUST100048109,Month-to-Month,2015-11-25,0,,True,Active
CTRECB88203B3,CUST100003681,Fixed Term,2015-06-23,36,2018-06-23,False,Expired
CTR58464307AB,CUST100006420,Month-to-Month,2025-10-04,24,2027-10-04,False,Terminated Early
CTR55B2A629D1,CUST100088852,Month-to-Month,2020-10-01,12,2021-10-01,True,Terminated Early
CTR4C5859EEF9,CUST100085428,Fixed Term,2018-10-11,12,2019-10-11,False,Active
CTR49E58A3F46,CUST100006707,Fixed Term,2023-10-07,36,2026-10-07,False,Active
CTRAA4E277413,CUST100011360,Fixed Term,2016-05-30,12,2017-05-30,False,Active
CTR29C007F2DF,CUST100053633,Fixed Term,2024-10-30,0,,True,Active
CTR73AEB96CAC,CUST100086864,Fixed Term,2021-04-05,0,,True,Active
CTR6B33F938FB,CUST100072785,Month-to-Month,2018-02-08,12,2019-02-08,False,Active
CTR7316331BCF,CUST100013957,Fixed Term,2024-05-26,24,2026-05-26,False,Pending Renewal
CTRE646CEF109,CUST100082505,Fixed Term,2021-02-26,0,,False,Active
CTR6AEDDB73ED,CUST100038498,Month-to-Month,2022-05-01,12,2023-05-01,True,Active
CTR69CF546BB4,CUST100015432,Month-to-Month,2020-02-04,0,,True,Active
CTR15E6DEA7F2,CUST100051029,Fixed Term,2023-10-05,24,2025-10-05,True,Active
CTR4F0C5C1262,CUST100073017,Enterprise SLA,2016-10-14,36,2019-10-14,False,Active
CTR8E7B6D5673,CUST100019448,Month-to-Month,2021-08-02,36,2024-08-02,False,Active
CTRD70B2B1AB3,CUST100081429,Month-to-Month,2022-05-19,36,2025-05-19,True,Terminated Early
CTR08661450C1,CUST100015072,Fixed Term,2017-07-10,0,,False,Active
CTR46FF633351,CUST100045334,Fixed Term,2019-04-09,0,,False,Active
CTRD069B0EF27,CUST100080102,Fixed Term,2017-03-22,24,2019-03-22,False,Terminated Early
CTR0ECCDD885D,CUST100092291,Fixed Term,2018-01-10,0,,True,Pending Renewal
CTREDC520DE67,CUST100049513,Fixed Term,2022-03-18,12,2023-03-18,True,Active
CTR96C22FA7AB,CUST100051440,Fixed Term,2019-03-21,0,,True,Active
CTR5C0E0E2626,CUST100003132,Month-to-Month,2025-06-09,24,2027-06-09,True,Expired
CTRA1C34D1E9D,CUST100000692,Fixed Term,2019-03-19,24,2021-03-19,False,Active
CTR5119A8D9CE,CUST100061072,Fixed Term,2019-06-11,0,,True,Active
CTR8271622992,CUST100028658,Month-to-Month,2023-09-24,24,2025-09-24,True,Active
CTR71402F6FAD,CUST100057022,Fixed Term,2016-08-05,24,2018-08-05,True,Active
CTREDC82628CE,CUST100085504,Month-to-Month,2017-02-03,24,2019-02-03,True,Active
CTRB597EA8565,CUST100050512,Fixed Term,2017-12-05,12,2018-12-05,True,Active
CTR2EBD4AE012,CUST100013707,Fixed Term,2020-08-08,24,2022-08-08,False,Active
CTRD75A8593C5,CUST100051912,Fixed Term,2017-03-24,12,2018-03-24,False,Expired
CTR12DB1991E3,CUST100028322,Month-to-Month,2018-03-13,24,2020-03-13,True,Active
CTR965CD72CAA,CUST100060747,Month-to-Month,2023-07-04,12,2024-07-04,True,Active
CTR2B33512538,CUST100029749,Month-to-Month,2018-05-07,12,2019-05-07,False,Active
CTR400D2ED04A,CUST100054737,Month-to-Month,2018-12-02,12,2019-12-02,False,Active
CTR261DCC84C8,CUST100042279,Month-to-Month,2019-09-08,0,,True,Active
CTRC000824981,CUST100048512,Fixed Term,2020-05-08,24,2022-05-08,True,Active
CTRBA41416A17,CUST100029441,Month-to-Month,2015-11-09,12,2016-11-09,True,Active
CTR49ECBDFD61,CUST100049123,Month-to-Month,2020-09-22,24,2022-09-22,True,Active
CTRF73790A35F,CUST100026556,Month-to-Month,2020-03-04,0,,False,Pending Renewal
CTR30D0E5CC5F,CUST100005454,Fixed Term,2019-03-20,24,2021-03-20,True,Pending Renewal
CTR015023A910,CUST100099609,Month-to-Month,2019-12-23,0,,False,Active
CTR9A216B09BE,CUST100000210,Fixed Term,2019-11-21,12,2020-11-21,True,Pending Renewal
CTRC596BAF74E,CUST100070694,Month-to-Month,2022-03-16,0,,False,Active
CTRF0AFCFFB1E,CUST100082003,Fixed Term,2017-05-13,12,2018-05-13,True,Active
CTR964F76D716,CUST100087933,Fixed Term,2017-01-28,24,2019-01-28,True,Active
CTR66824E7CE1,CUST100022724,Fixed Term,2015-12-21,12,2016-12-21,True,Active
CTRE0369181AE,CUST100097780,Month-to-Month,2016-04-29,12,2017-04-29,False,Active
CTRB37F9EA8E2,CUST100095639,Fixed Term,2025-11-28,0,,True,Active
CTRD01C28CF88,CUST100068807,Fixed Term,2018-04-25,12,2019-04-25,True,Expired
CTR8A923D478D,CUST100041542,Fixed Term,2016-05-04,0,,True,Active
CTRD101CAFD10,CUST100086923,Fixed Term,2025-08-01,0,,True,Expired
CTR407F5E7F13,CUST100016960,Fixed Term,2018-11-14,24,2020-11-14,True,Terminated Early
CTRE2CBABAB96,CUST100010937,Fixed Term,2019-08-25,12,2020-08-25,True,Active
CTRBD49279815,CUST100023304,Fixed Term,2017-06-29,12,2018-06-29,True,Active
CTRFFBB0F788C,CUST100043072,Month-to-Month,2025-02-19,24,2027-02-19,True,Active
CTR2F8AEC8EC0,CUST100005987,Month-to-Month,2025-05-13,12,2026-05-13,True,Active
CTRA9D736D167,CUST100076513,Month-to-Month,2021-09-09,12,2022-09-09,False,Active
CTR1BB935B334,CUST100068847,Fixed Term,2015-01-28,0,,True,Active
CTRE09CB2E659,CUST100086181,Month-to-Month,2016-09-25,0,,True,Expired
CTR11C9226EA1,CUST100049725,Month-to-Month,2019-04-02,36,2022-04-02,True,Active
CTRC659E47152,CUST100019997,Fixed Term,2017-01-13,24,2019-01-13,True,Active
CTR778FCDC6D4,CUST100044634,Fixed Term,2024-02-05,24,2026-02-05,False,Terminated Early
CTR18CF7A0777,CUST100070540,Fixed Term,2025-03-22,0,,False,Active
CTRD5EE6DC174,CUST100093083,Month-to-Month,2025-01-19,24,2027-01-19,False,Active
CTR5F9DD6976A,CUST100036761,Month-to-Month,2021-01-23,36,2024-01-23,False,Active
CTRF797B860A8,CUST100033778,Month-to-Month,2016-03-03,0,,True,Active
CTR906B0DA325,CUST100020488,Month-to-Month,2018-06-20,0,,True,Active
CTREFF937C8F0,CUST100034479,Fixed Term,2015-02-21,12,2016-02-21,True,Active
CTRA970E59C8E,CUST100050769,Enterprise SLA,2023-08-19,12,2024-08-19,True,Active
CTR0B948F28DF,CUST100016513,Fixed Term,2017-03-26,24,2019-03-26,False,Active
CTR645072A98B,CUST100016140,Fixed Term,2023-12-31,24,2025-12-31,True,Active
CTR67BDB80AC4,CUST100009586,Fixed Term,2024-03-19,24,2026-03-19,False,Active
CTRAA8D5EE5D4,CUST100037595,Month-to-Month,2017-05-25,12,2018-05-25,False,Active
CTRABE612440C,CUST100090955,Fixed Term,2018-07-09,0,,True,Active
CTR9D1E1B429D,CUST100049695,Enterprise SLA,2020-02-18,0,,False,Active
CTR30F2F01ED2,CUST100002548,Month-to-Month,2016-10-25,24,2018-10-25,True,Terminated Early
CTR54D100604A,CUST100072326,Fixed Term,2016-09-27,0,,False,Active
CTRF6712CA0FE,CUST100067621,Fixed Term,2016-11-14,36,2019-11-14,False,Active
CTR318272780D,CUST100069916,Month-to-Month,2021-01-14,24,2023-01-14,True,Active
CTR7269522FCB,CUST100013632,Fixed Term,2019-03-25,24,2021-03-25,True,Active
CTR0E742C27AC,CUST100026571,Fixed Term,2023-06-19,12,2024-06-19,True,Active
CTRF2A0756DBB,CUST100079158,Fixed Term,2019-01-16,12,2020-01-16,True,Pending Renewal
CTRB8262200ED,CUST100026856,Fixed Term,2020-05-05,12,2021-05-05,True,Active
CTR32F0B71D33,CUST100002497,Month-to-Month,2025-11-01,24,2027-11-01,True,Active
CTR3575F48807,CUST100082255,Fixed Term,2024-08-31,24,2026-08-31,False,Active
CTR0ADC71EEF6,CUST100043459,Fixed Term,2025-11-16,24,2027-11-16,True,Active
CTR2EF1CB53E4,CUST100064142,Month-to-Month,2018-10-10,12,2019-10-10,False,Active
CTR8661BBAC7D,CUST100015065,Month-to-Month,2025-11-10,0,,True,Active
CTR3DB58C3D92,CUST100088868,Enterprise SLA,2020-06-24,24,2022-06-24,False,Terminated Early
CTR1CA9542DF7,CUST100012403,Fixed Term,2015-05-20,12,2016-05-20,False,Active
CTRAFF2C328FE,CUST100093486,Enterprise SLA,2019-08-05,0,,False,Expired
CTR8F308B89E0,CUST100074863,Fixed Term,2024-11-28,12,2025-11-28,True,Active
CTRE0536644DE,CUST100006921,Fixed Term,2020-03-26,12,2021-03-26,True,Pending Renewal
CTR0EED5EB341,CUST100097930,Fixed Term,2022-02-27,12,2023-02-27,False,Active
CTR2E3B0914F2,CUST100052522,Fixed Term,2020-11-21,24,2022-11-21,True,Active
CTR3566DB7F19,CUST100086710,Month-to-Month,2023-10-06,12,2024-10-06,True,Active
CTR47596AD84B,CUST100047365,Fixed Term,2025-05-20,0,,False,Active
CTRE1E7668B1E,CUST100030611,Month-to-Month,2022-11-01,12,2023-11-01,True,Active
CTRF08D462087,CUST100036253,Fixed Term,2022-07-11,0,,True,Active
CTRC1006762C6,CUST100011057,Month-to-Month,2016-11-03,24,2018-11-03,False,Expired
CTRDF2BDC141A,CUST100058216,Month-to-Month,2018-05-24,0,,True,Active
CTR7ABDD1CC55,CUST100094118,Fixed Term,2025-01-10,0,,False,Pending Renewal
CTR3062810678,CUST100085731,Fixed Term,2024-04-07,12,2025-04-07,True,Active
CTR6ECDE32704,CUST100030775,Fixed Term,2025-02-10,24,2027-02-10,True,Pending Renewal
CTR5F255EDA6E,CUST100045691,Enterprise SLA,2018-07-01,12,2019-07-01,False,Active
CTR529C0637A6,CUST100024594,Fixed Term,2024-01-17,12,2025-01-17,False,Active
CTR967C840FDB,CUST100052006,Fixed Term,2021-10-19,12,2022-10-19,True,Active
CTRC709E4CD1C,CUST100035300,Fixed Term,2023-12-17,0,,False,Active
CTRA28562210B,CUST100013229,Fixed Term,2020-12-11,0,,False,Active
CTR5F9F0261EC,CUST100029926,Month-to-Month,2018-07-05,0,,False,Active
CTR4791375ACA,CUST100015387,Month-to-Month,2017-05-07,0,,False,Terminated Early
CTR3F5D4AF23A,CUST100031379,Fixed Term,2025-09-22,24,2027-09-22,True,Expired
CTR012D9A3DC2,CUST100076326,Month-to-Month,2018-10-26,12,2019-10-26,True,Active
CTRC4A78CAF94,CUST100044753,Fixed Term,2021-03-30,12,2022-03-30,True,Active
CTRAD29CC6A03,CUST100066154,Fixed Term,2025-10-07,36,2028-10-07,True,Active
CTRFB7C1808E2,CUST100016500,Fixed Term,2023-07-30,0,,False,Active
CTRAB1C6042E5,CUST100069041,Fixed Term,2015-12-25,12,2016-12-25,True,Expired
CTR8A9295193E,CUST100078412,Fixed Term,2017-05-04,12,2018-05-04,True,Active
CTRD3EDD89767,CUST100091753,Enterprise SLA,2017-05-16,0,,True,Active
CTR28F13567E6,CUST100065361,Fixed Term,2018-02-16,24,2020-02-16,True,Expired
CTR1D2E97CBCE,CUST100042838,Month-to-Month,2017-12-09,0,,True,Active
CTR4E160269ED,CUST100073535,Fixed Term,2020-02-14,0,,True,Active
CTR9FCD931850,CUST100032362,Fixed Term,2020-09-26,12,2021-09-26,True,Terminated Early
CTRB5E05D47F7,CUST100036845,Enterprise SLA,2016-11-11,24,2018-11-11,True,Active
CTR77E5066206,CUST100093132,Month-to-Month,2018-06-14,12,2019-06-14,True,Active
CTRBFDBF4A809,CUST100090218,Fixed Term,2015-06-29,12,2016-06-29,False,Active
CTR4D06B4FB28,CUST100013984,Fixed Term,2016-10-11,12,2017-10-11,True,Terminated Early
CTR9F06DDFB03,CUST100090387,Fixed Term,2025-08-12,24,2027-08-12,True,Active
CTR269C6CDC3F,CUST100000173,Enterprise SLA,2015-05-17,12,2016-05-17,True,Expired
CTR5446D3A6EB,CUST100080119,Month-to-Month,2015-09-03,12,2016-09-03,True,Active
CTR9CBEF4B6F1,CUST100049268,Fixed Term,2022-03-22,12,2023-03-22,True,Pending Renewal
CTRB4C011171E,CUST100069404,Fixed Term,2024-10-18,24,2026-10-18,False,Expired
CTRE81838642B,CUST100076675,Month-to-Month,2017-11-01,12,2018-11-01,False,Active
CTRCE6AFB8464,CUST100099898,Fixed Term,2015-05-26,36,2018-05-26,False,Active
CTR2956D443A9,CUST100090116,Month-to-Month,2024-01-11,24,2026-01-11,False,Active
CTRE3C22131CE,CUST100003584,Month-to-Month,2015-09-01,0,,True,Active
CTRB82444C39C,CUST100030000,Fixed Term,2021-11-06,0,,False,Active
CTR081F16C646,CUST100036151,Fixed Term,2020-09-05,12,2021-09-05,True,Active
CTR985609B1AA,CUST100020322,Fixed Term,2017-08-05,12,2018-08-05,False,Expired
CTR2896816F84,CUST100063557,Fixed Term,2020-01-13,0,,False,Expired
CTR2FF47BBA12,CUST100064372,Month-to-Month,2016-02-12,0,,False,Active
CTR9BBCCDDAC9,CUST100097682,Fixed Term,2016-06-09,24,2018-06-09,False,Active
CTR87CC845547,CUST100053823,Month-to-Month,2025-11-01,12,2026-11-01,True,Active
CTR087DA1339C,CUST100031259,Fixed Term,2017-10-06,24,2019-10-06,True,Expired
CTR91C0019C12,CUST100099530,Fixed Term,2018-06-09,0,,True,Active
CTR1FFB2FF634,CUST100065971,Fixed Term,2025-12-03,0,,True,Active
CTR1AD9A510E2,CUST100097338,Month-to-Month,2017-12-07,24,2019-12-07,False,Active
CTRFFC4901F14,CUST100042022,Fixed Term,2024-03-06,24,2026-03-06,True,Active
CTR5C647A5570,CUST100022537,Fixed Term,2016-07-05,24,2018-07-05,False,Active
CTR7D7CA41A0F,CUST100088770,Fixed Term,2025-09-28,12,2026-09-28,False,Expired
CTR38EBB4BDA6,CUST100042151,Fixed Term,2019-02-09,0,,True,Active
CTRD7FAA0489E,CUST100004922,Month-to-Month,2022-02-15,12,2023-02-15,False,Terminated Early
CTR3B7D1CCBA2,CUST100027776,Month-to-Month,2025-05-26,0,,False,Terminated Early
CTR6A2E774C31,CUST100056493,Month-to-Month,2022-06-04,12,2023-06-04,True,Terminated Early
CTRF99F0838FF,CUST100002317,Fixed Term,2017-10-11,0,,True,Active
CTR7F68392CC0,CUST100029662,Month-to-Month,2022-07-17,24,2024-07-17,True,Active
CTR7F10A94B04,CUST100061392,Month-to-Month,2019-07-26,12,2020-07-26,False,Active
CTR899BF4AAA1,CUST100082664,Month-to-Month,2018-06-18,0,,True,Terminated Early
CTRCEC4E7FC9C,CUST100099827,Fixed Term,2021-03-10,0,,True,Active
CTR04224A7729,CUST100005914,Fixed Term,2016-03-31,24,2018-03-31,True,Active
CTR02B1B406AB,CUST100068557,Fixed Term,2022-07-04,12,2023-07-04,True,Expired
CTRD2C3FD9C5D,CUST100062692,Month-to-Month,2024-04-13,0,,False,Active
CTR28E7BEC289,CUST100048974,Fixed Term,2022-11-23,24,2024-11-23,False,Active
CTRF8F99DFCAB,CUST100090711,Fixed Term,2016-08-28,0,,False,Active
CTR7C6B13496B,CUST100023546,Fixed Term,2016-10-19,12,2017-10-19,True,Active
CTRFB29AB407B,CUST100094783,Enterprise SLA,2023-12-26,0,,False,Active
CTR48EAFD501C,CUST100010682,Enterprise SLA,2022-07-09,0,,True,Active
CTR9833A559E2,CUST100058936,Month-to-Month,2019-10-07,36,2022-10-07,False,Active
CTRDA30A71AC7,CUST100004142,Fixed Term,2015-08-10,24,2017-08-10,True,Active
CTRE26158F3E8,CUST100037172,Month-to-Month,2016-01-19,12,2017-01-19,True,Active
CTR0B66EF9852,CUST100011159,Enterprise SLA,2025-09-01,12,2026-09-01,False,Active
CTRCB103817B4,CUST100097334,Enterprise SLA,2017-09-01,24,2019-09-01,True,Terminated Early
CTRF7FECE22C1,CUST100028410,Fixed Term,2023-07-14,24,2025-07-14,False,Active
CTRE2921DEACD,CUST100083904,Fixed Term,2021-03-01,12,2022-03-01,True,Expired
CTRF1C914FFC3,CUST100055202,Fixed Term,2018-05-09,0,,True,Expired
CTRCF4E9EEED8,CUST100043281,Enterprise SLA,2025-01-13,12,2026-01-13,False,Active
CTR587B77E6DD,CUST100081297,Fixed Term,2020-01-23,0,,True,Terminated Early
CTRD38104DF42,CUST100099117,Fixed Term,2019-04-26,0,,True,Terminated Early
CTR9768CC98BD,CUST100004708,Fixed Term,2015-02-12,36,2018-02-12,True,Active
CTR22630F6E56,CUST100022914,Enterprise SLA,2024-11-12,24,2026-11-12,True,Active
CTR60F09035F8,CUST100080952,Month-to-Month,2021-05-06,0,,True,Expired
CTR3AC880A368,CUST100027304,Month-to-Month,2020-09-14,0,,True,Active
CTRFF79AC7EF9,CUST100077656,Fixed Term,2015-07-03,24,2017-07-03,False,Active
CTR455DB648CF,CUST100064250,Fixed Term,2018-02-04,0,,False,Pending Renewal
CTRE88807D9DD,CUST100007291,Fixed Term,2025-07-08,36,2028-07-08,True,Active
CTR24AA7C7D7B,CUST100080172,Fixed Term,2019-10-22,12,2020-10-22,True,Active
CTRAC90E25D62,CUST100049682,Fixed Term,2022-06-15,12,2023-06-15,False,Active
CTRE7DDF850C5,CUST100061093,Fixed Term,2020-05-24,0,,True,Terminated Early
CTR9DD35EF808,CUST100093939,Fixed Term,2022-11-10,24,2024-11-10,False,Expired
CTRD179382072,CUST100016591,Fixed Term,2025-08-09,24,2027-08-09,False,Pending Renewal
CTR1B57FFB263,CUST100072970,Fixed Term,2016-08-02,24,2018-08-02,False,Active
CTRCE2BA72907,CUST100003960,Month-to-Month,2023-09-25,0,,False,Active
CTR1CDBE5394E,CUST100030014,Month-to-Month,2024-06-20,0,,False,Active
CTR534516FA92,CUST100012600,Month-to-Month,2020-08-05,12,2021-08-05,False,Active
CTR7CEC72C304,CUST100008020,Fixed Term,2023-07-06,24,2025-07-06,True,Active
CTR6BF12B10F7,CUST100062866,Fixed Term,2025-10-10,0,,False,Active
CTRB82BB13C35,CUST100033457,Fixed Term,2018-09-11,24,2020-09-11,False,Terminated Early
CTRF40383033F,CUST100001256,Month-to-Month,2018-02-02,0,,False,Terminated Early
CTRAFE9FB5DE8,CUST100045770,Month-to-Month,2024-06-12,0,,False,Active
CTRA050D55439,CUST100038360,Fixed Term,2025-11-08,24,2027-11-08,True,Active
CTRE6E305B602,CUST100042580,Enterprise SLA,2024-12-01,0,,True,Active
CTRFFAE2E6C8B,CUST100087277,Month-to-Month,2021-05-08,12,2022-05-08,True,Expired
CTR027285E787,CUST100009706,Fixed Term,2018-07-22,12,2019-07-22,False,Expired
CTR4F526FC793,CUST100020540,Month-to-Month,2017-12-21,12,2018-12-21,False,Active
CTRE56409A6B6,CUST100018380,Fixed Term,2020-06-25,24,2022-06-25,False,Active
CTRBC4606D990,CUST100099065,Month-to-Month,2021-09-17,12,2022-09-17,False,Expired
CTRB4BC385BE6,CUST100092912,Fixed Term,2024-02-19,0,,False,Active
CTR2DE980FA56,CUST100037412,Fixed Term,2016-10-25,12,2017-10-25,False,Active
CTRE751A5C211,CUST100057476,Month-to-Month,2024-04-28,24,2026-04-28,True,Terminated Early
CTR1EA9F25E93,CUST100023264,Month-to-Month,2022-06-19,24,2024-06-19,False,Active
CTRA3CB24BD7C,CUST100032323,Fixed Term,2021-11-09,24,2023-11-09,True,Active
CTRB852C6A16A,CUST100085406,Fixed Term,2022-07-20,0,,False,Active
CTREEF94539CA,CUST100075787,Month-to-Month,2017-05-08,0,,False,Active
CTRE15940728A,CUST100016457,Month-to-Month,2025-10-20,24,2027-10-20,False,Active
CTR49EB65E4FE,CUST100050036,Fixed Term,2018-12-19,0,,False,Active
CTR9067227153,CUST100017951,Fixed Term,2017-01-01,0,,True,Active
CTR5B3C8CD575,CUST100013169,Fixed Term,2022-02-10,12,2023-02-10,False,Expired
CTRD33EFB6BFA,CUST100052562,Fixed Term,2023-08-15,12,2024-08-15,False,Expired
CTR0C5D5F67BE,CUST100004509,Fixed Term,2022-07-01,12,2023-07-01,True,Pending Renewal
CTRA100EFA81C,CUST100047438,Month-to-Month,2019-09-30,12,2020-09-30,True,Active
CTR1B10DA5943,CUST100001109,Month-to-Month,2023-05-12,12,2024-05-12,True,Active
CTR44B252428C,CUST100042152,Month-to-Month,2016-05-21,12,2017-05-21,True,Active
CTR36CB63E80F,CUST100077053,Month-to-Month,2020-01-14,24,2022-01-14,False,Active
CTRDC728E04DF,CUST100021728,Fixed Term,2018-03-11,0,,False,Terminated Early
CTR371BB72F2A,CUST100087116,Fixed Term,2017-09-05,24,2019-09-05,True,Expired
CTR837003C6B0,CUST100038793,Fixed Term,2018-02-09,0,,False,Active
CTR141DC7454F,CUST100032448,Fixed Term,2022-02-03,24,2024-02-03,False,Expired
CTR96165E26EE,CUST100036668,Fixed Term,2022-02-19,0,,True,Active
CTRD2DCE0CADC,CUST100008448,Fixed Term,2017-05-20,12,2018-05-20,False,Active
CTR73DB13C160,CUST100018224,Month-to-Month,2025-01-29,24,2027-01-29,False,Active
CTR9DE7D49724,CUST100011684,Fixed Term,2019-10-13,24,2021-10-13,True,Active
CTRF4F8E0C3FB,CUST100058721,Month-to-Month,2021-06-08,24,2023-06-08,True,Active
CTR2991069270,CUST100002763,Month-to-Month,2025-09-14,24,2027-09-14,True,Active
CTRE5BF39C30D,CUST100090788,Month-to-Month,2022-01-16,0,,True,Terminated Early
CTR1CD82D084F,CUST100017481,Month-to-Month,2016-05-04,0,,True,Active
CTR519BBA4F24,CUST100001519,Month-to-Month,2016-08-02,12,2017-08-02,False,Active
CTR26B0054F80,CUST100064246,Month-to-Month,2019-10-07,0,,True,Active
CTR237FAC6C54,CUST100064804,Month-to-Month,2017-08-27,0,,True,Active
CTRB97E6F8E12,CUST100064571,Fixed Term,2020-09-27,12,2021-09-27,True,Expired
CTR69DDCCFF63,CUST100096340,Month-to-Month,2024-11-15,0,,True,Active
CTR4407D6283C,CUST100009100,Fixed Term,2022-10-25,24,2024-10-25,False,Active
CTRA10DB0DEE8,CUST100076389,Month-to-Month,2020-07-25,12,2021-07-25,True,Expired
CTR8AED07130A,CUST100050005,Fixed Term,2022-07-31,12,2023-07-31,False,Active
CTR98D3C68978,CUST100061568,Fixed Term,2025-12-05,24,2027-12-05,True,Active
CTR901AD43AC2,CUST100036674,Month-to-Month,2018-10-31,12,2019-10-31,False,Active
CTR51E00AD966,CUST100025969,Fixed Term,2017-11-27,24,2019-11-27,True,Active
CTRFA085AFC88,CUST100061899,Month-to-Month,2021-01-25,0,,True,Active
CTRB7A1BEA947,CUST100051989,Fixed Term,2019-03-18,12,2020-03-18,False,Expired
CTRA1C60C8A3F,CUST100051481,Fixed Term,2018-03-26,24,2020-03-26,False,Pending Renewal
CTRF9D7E9EA71,CUST100039207,Month-to-Month,2016-05-05,0,,True,Pending Renewal
CTR05D26F4B60,CUST100072736,Month-to-Month,2022-07-22,24,2024-07-22,True,Active
CTRC9CFC2730C,CUST100085792,Fixed Term,2024-09-17,24,2026-09-17,False,Active
CTRC288C5BA18,CUST100004460,Fixed Term,2015-01-20,0,,False,Active
CTR399812839B,CUST100023083,Fixed Term,2019-09-28,24,2021-09-28,False,Active
CTR9C9DD85689,CUST100045776,Month-to-Month,2019-02-19,24,2021-02-19,False,Active
CTR939EA47843,CUST100037568,Month-to-Month,2024-03-10,24,2026-03-10,True,Active
CTR6124789BC0,CUST100017969,Month-to-Month,2020-09-11,24,2022-09-11,False,Pending Renewal
CTRA07C9A4F36,CUST100072203,Fixed Term,2015-02-28,0,,False,Active
CTR3C1FB75F9C,CUST100035725,Fixed Term,2021-02-05,12,2022-02-05,True,Expired
CTR2E20091EA2,CUST100067956,Fixed Term,2024-12-20,24,2026-12-20,True,Active
CTR682278F4CA,CUST100004785,Fixed Term,2019-09-18,24,2021-09-18,False,Active
CTR21B97F7355,CUST100018843,Fixed Term,2021-10-08,24,2023-10-08,True,Active
CTRBC7AE56581,CUST100062949,Fixed Term,2024-06-08,24,2026-06-08,True,Pending Renewal
CTR5FAA80CEE8,CUST100041440,Fixed Term,2021-11-23,0,,True,Active
CTRE38EAB3C48,CUST100038578,Month-to-Month,2025-10-20,24,2027-10-20,False,Active
CTR14184082D0,CUST100077990,Fixed Term,2017-04-06,0,,True,Active
CTR0864539039,CUST100029204,Fixed Term,2017-07-31,24,2019-07-31,True,Active
CTR2C190F0EE9,CUST100028320,Month-to-Month,2018-09-01,24,2020-09-01,False,Active
CTR413F2A2056,CUST100048927,Month-to-Month,2023-11-08,36,2026-11-08,False,Expired
CTR1CE002028C,CUST100071624,Fixed Term,2025-01-14,12,2026-01-14,True,Active
CTR98BF8B9E69,CUST100085055,Month-to-Month,2020-06-08,24,2022-06-08,True,Active
CTR70ACCCE490,CUST100098673,Month-to-Month,2020-09-09,24,2022-09-09,False,Expired
CTRD9CE0CBA3E,CUST100094000,Fixed Term,2023-01-01,12,2024-01-01,True,Expired
CTRB04471625D,CUST100039473,Fixed Term,2021-06-11,24,2023-06-11,True,Active
CTR19823A1004,CUST100060756,Fixed Term,2015-06-11,24,2017-06-11,False,Active
CTRF8D6304FB9,CUST100086698,Fixed Term,2018-04-22,24,2020-04-22,False,Active
CTR47AF0C4660,CUST100063608,Fixed Term,2022-12-25,24,2024-12-25,True,Active
CTRABE81A3483,CUST100088017,Fixed Term,2024-04-07,0,,True,Pending Renewal
CTR5C2405249A,CUST100012862,Month-to-Month,2023-06-09,24,2025-06-09,False,Active
CTR24CD3FE2EA,CUST100069757,Month-to-Month,2025-09-04,24,2027-09-04,True,Active
CTRB7F564CD81,CUST100043533,Month-to-Month,2024-03-11,24,2026-03-11,True,Active
CTREC7E9CF63F,CUST100051222,Fixed Term,2024-08-25,24,2026-08-25,False,Active
CTRAC4264DD6A,CUST100009439,Fixed Term,2015-03-24,0,,False,Active
CTR13CC614C8F,CUST100076994,Month-to-Month,2018-05-01,0,,True,Active
CTR27BF794818,CUST100067454,Month-to-Month,2019-11-21,12,2020-11-21,True,Active
CTRA4F7421636,CUST100005011,Month-to-Month,2022-05-30,12,2023-05-30,True,Active
CTR288C128698,CUST100092966,Enterprise SLA,2019-09-29,24,2021-09-29,True,Pending Renewal
CTRB04D747A67,CUST100048648,Month-to-Month,2025-04-18,12,2026-04-18,True,Active
CTR9A9293E7A9,CUST100040335,Month-to-Month,2019-01-27,12,2020-01-27,True,Active
CTR7ACB23CC84,CUST100030432,Month-to-Month,2023-01-30,0,,True,Active
CTR51A32B0AF1,CUST100025797,Fixed Term,2016-12-17,0,,False,Active
CTR37D0109669,CUST100099524,Fixed Term,2020-05-08,12,2021-05-08,True,Pending Renewal
CTRF2C33D2B62,CUST100026766,Fixed Term,2017-06-10,0,,True,Terminated Early
CTR7C97A29F9F,CUST100091601,Fixed Term,2020-09-30,24,2022-09-30,False,Expired
CTR3F5618C1EE,CUST100070361,Fixed Term,2022-05-30,24,2024-05-30,True,Active
CTRB4203FACDE,CUST100067088,Month-to-Month,2016-12-01,24,2018-12-01,True,Expired
CTR6070DD36AD,CUST100092359,Fixed Term,2020-05-17,0,,False,Expired
CTR8047BF15A4,CUST100097907,Fixed Term,2020-06-12,12,2021-06-12,True,Active
CTR85D5C87DE7,CUST100016044,Fixed Term,2016-03-28,0,,False,Terminated Early
CTR581A483404,CUST100002645,Fixed Term,2018-11-03,24,2020-11-03,True,Terminated Early
CTR3B2FC62F49,CUST100015016,Month-to-Month,2020-01-22,24,2022-01-22,True,Active
CTREFE2C7EDD2,CUST100055104,Month-to-Month,2021-01-17,12,2022-01-17,False,Active
CTRBD3A382488,CUST100012976,Fixed Term,2022-02-17,0,,False,Active
CTR7054AF2845,CUST100084785,Fixed Term,2020-05-16,12,2021-05-16,False,Active
CTR9633590006,CUST100092146,Month-to-Month,2025-07-26,12,2026-07-26,True,Expired
CTR5E989C9640,CUST100028910,Month-to-Month,2023-12-30,24,2025-12-30,True,Terminated Early
CTR74553D454B,CUST100053876,Fixed Term,2022-03-16,12,2023-03-16,False,Active
CTR2E21372C77,CUST100038380,Fixed Term,2024-06-21,0,,False,Expired
CTREBB7C89FF3,CUST100050125,Fixed Term,2016-04-27,12,2017-04-27,True,Active
CTR12DACD646F,CUST100030824,Fixed Term,2017-03-13,0,,True,Active
CTRC0D4749B91,CUST100070573,Fixed Term,2023-09-12,0,,False,Pending Renewal
CTR033F069DAF,CUST100006175,Fixed Term,2022-04-28,24,2024-04-28,False,Expired
CTRB3ADC12CEB,CUST100030991,Month-to-Month,2019-12-05,12,2020-12-05,False,Active
CTR89B0245BAC,CUST100052144,Month-to-Month,2017-12-25,24,2019-12-25,True,Active
CTR3F5F729605,CUST100021883,Fixed Term,2022-02-03,12,2023-02-03,True,Active
CTRF48216B5F4,CUST100071544,Fixed Term,2020-01-14,0,,False,Active
CTRE25450ABE9,CUST100084147,Fixed Term,2015-05-19,24,2017-05-19,False,Active
CTR6B416B425F,CUST100032971,Month-to-Month,2023-08-17,24,2025-08-17,True,Terminated Early
CTR8E2975770A,CUST100041828,Fixed Term,2019-05-05,24,2021-05-05,True,Active
CTRAE66402BCC,CUST100064238,Fixed Term,2018-10-30,12,2019-10-30,True,Terminated Early
CTRD642F875D2,CUST100095098,Month-to-Month,2024-05-21,0,,True,Active
CTR199E351093,CUST100047786,Month-to-Month,2020-07-28,0,,True,Active
CTR024BFEAB9D,CUST100016590,Enterprise SLA,2021-11-29,0,,True,Active
CTR65DE99E930,CUST100015946,Fixed Term,2020-06-21,0,,True,Active
CTRA224FC67F3,CUST100093971,Month-to-Month,2018-11-01,0,,True,Active
CTR9DEC72E9D9,CUST100044245,Month-to-Month,2022-11-21,12,2023-11-21,True,Active
CTRFAB2436303,CUST100063692,Month-to-Month,2024-11-07,0,,True,Active
CTRAB598D349B,CUST100092104,Fixed Term,2021-07-28,24,2023-07-28,True,Active
CTRA62A0D4A34,CUST100010207,Month-to-Month,2022-03-03,12,2023-03-03,False,Terminated Early
CTRD604719300,CUST100036980,Fixed Term,2021-07-19,24,2023-07-19,False,Active
CTREF36C2C8F7,CUST100013785,Month-to-Month,2021-03-11,0,,True,Terminated Early
CTR667CCAD2EA,CUST100089085,Month-to-Month,2019-07-21,0,,True,Expired
CTR6C6F8E4BDA,CUST100014894,Month-to-Month,2024-09-01,0,,False,Active
CTRC6359016AF,CUST100024321,Fixed Term,2022-10-11,0,,False,Active
CTRE03389627B,CUST100030085,Fixed Term,2019-10-06,24,2021-10-06,False,Active
CTRFEC00C2284,CUST100055998,Month-to-Month,2021-02-06,0,,True,Active
CTR4CBED54293,CUST100072327,Fixed Term,2021-09-08,12,2022-09-08,False,Expired
CTRDC82962DB6,CUST100055197,Month-to-Month,2024-07-09,24,2026-07-09,True,Pending Renewal
CTRBB4DAF3439,CUST100041554,Month-to-Month,2015-07-12,24,2017-07-12,False,Expired
CTR006ECD9BCF,CUST100023324,Month-to-Month,2019-02-22,0,,True,Active
CTRE7AEFCE420,CUST100078399,Fixed Term,2016-01-12,24,2018-01-12,False,Active
CTR5F96A1E99A,CUST100050476,Fixed Term,2023-07-17,0,,True,Active
CTRC3B74BB3C8,CUST100068382,Month-to-Month,2017-06-27,0,,True,Active
CTRE5DA500894,CUST100015986,Month-to-Month,2017-11-20,12,2018-11-20,True,Active
CTR5921B7DE87,CUST100098668,Fixed Term,2016-08-26,12,2017-08-26,True,Terminated Early
CTR9E40C7BA4B,CUST100073688,Fixed Term,2023-06-13,12,2024-06-13,False,Terminated Early
CTR362974513A,CUST100019641,Month-to-Month,2019-01-17,24,2021-01-17,False,Active
CTR17098967F9,CUST100097028,Fixed Term,2024-07-01,12,2025-07-01,False,Active
CTRD0C83ADADA,CUST100093460,Month-to-Month,2016-07-20,0,,True,Active
CTR56E5309DBF,CUST100049917,Month-to-Month,2024-02-19,12,2025-02-19,False,Active
CTR893B341831,CUST100079745,Fixed Term,2025-07-27,24,2027-07-27,False,Active
CTR0C067B9A4C,CUST100072791,Month-to-Month,2019-12-29,12,2020-12-29,True,Expired
CTRFA038533C5,CUST100078027,Month-to-Month,2017-11-30,12,2018-11-30,True,Active
CTR56A6FAD715,CUST100012785,Month-to-Month,2016-07-12,24,2018-07-12,True,Pending Renewal
CTR367F52555B,CUST100079763,Fixed Term,2015-04-13,24,2017-04-13,False,Active
CTRA029503ACB,CUST100011961,Month-to-Month,2025-12-10,0,,True,Active
CTRC0B53D8128,CUST100072975,Fixed Term,2023-05-30,24,2025-05-30,True,Active
CTR916918E680,CUST100044071,Fixed Term,2018-06-16,12,2019-06-16,True,Active
CTR9A3D0875D7,CUST100090985,Fixed Term,2016-08-28,12,2017-08-28,True,Active
CTR43BA3505EA,CUST100067100,Fixed Term,2021-02-08,24,2023-02-08,True,Active
CTRDDBD4136B5,CUST100000353,Fixed Term,2016-08-20,12,2017-08-20,True,Expired
CTRB0565D82FC,CUST100010989,Month-to-Month,2025-08-29,36,2028-08-29,True,Active
CTRB5B6C4988B,CUST100022402,Month-to-Month,2023-08-11,12,2024-08-11,True,Active
CTRCB136CA3DC,CUST100040924,Enterprise SLA,2018-04-15,12,2019-04-15,True,Active
CTR13E5AB5DF0,CUST100089312,Fixed Term,2016-02-08,0,,True,Active
CTRA5B14037E4,CUST100052469,Fixed Term,2019-05-29,12,2020-05-29,False,Active
CTRA19BB76D64,CUST100054727,Fixed Term,2020-07-09,24,2022-07-09,True,Active
CTRBEF0834FFE,CUST100096705,Month-to-Month,2022-08-23,0,,True,Active
CTRDB477220BB,CUST100033400,Fixed Term,2019-04-29,0,,True,Active
CTR4CB0F7E179,CUST100018333,Month-to-Month,2025-07-06,12,2026-07-06,True,Expired
CTRB23D6C8D9F,CUST100026977,Fixed Term,2016-12-02,12,2017-12-02,True,Active
CTR661DFC296B,CUST100034228,Fixed Term,2017-05-31,24,2019-05-31,True,Terminated Early
CTR9D9BA2C99D,CUST100097553,Fixed Term,2015-05-24,36,2018-05-24,False,Active
CTRF36AAE8933,CUST100037587,Fixed Term,2020-09-16,36,2023-09-16,True,Active
CTR4A67612A73,CUST100093769,Fixed Term,2015-11-25,24,2017-11-25,True,Expired
CTRAD5F3A8D35,CUST100049243,Fixed Term,2015-08-22,24,2017-08-22,False,Expired
CTR5E230AC410,CUST100052500,Fixed Term,2019-07-01,24,2021-07-01,True,Active
CTR0D0C4D8701,CUST100004924,Month-to-Month,2016-12-03,0,,True,Expired
CTRBBDE7A5346,CUST100034288,Fixed Term,2025-03-03,24,2027-03-03,True,Active
CTR7456EDD79E,CUST100056145,Fixed Term,2016-04-14,24,2018-04-14,False,Active
CTR4E1AB486E1,CUST100012609,Fixed Term,2024-04-25,12,2025-04-25,True,Active
CTRB5ECD65EA0,CUST100015924,Fixed Term,2022-03-26,12,2023-03-26,True,Active
CTR1020D0591B,CUST100086361,Month-to-Month,2018-04-11,12,2019-04-11,False,Expired
CTRE3212B3856,CUST100046014,Fixed Term,2021-04-28,24,2023-04-28,False,Active
CTRCFA5758B91,CUST100002010,Fixed Term,2016-11-26,24,2018-11-26,True,Terminated Early
CTRE1A0C6F27C,CUST100062340,Month-to-Month,2025-07-11,24,2027-07-11,False,Pending Renewal
CTR9F3866F2BF,CUST100043768,Fixed Term,2017-12-05,36,2020-12-05,True,Active
CTR8D34624B90,CUST100006617,Fixed Term,2025-12-21,24,2027-12-21,True,Terminated Early
CTRD2575BC43E,CUST100063009,Month-to-Month,2018-10-12,12,2019-10-12,True,Active
CTR214081E26D,CUST100060482,Month-to-Month,2016-09-28,12,2017-09-28,False,Active
CTR6199826577,CUST100020492,Month-to-Month,2019-03-19,24,2021-03-19,True,Active
CTR62FB5C4E3A,CUST100097032,Fixed Term,2021-03-31,0,,True,Active
CTRB3E8549D0B,CUST100083439,Month-to-Month,2023-05-27,12,2024-05-27,True,Active
CTR19B0D5E9A5,CUST100013546,Fixed Term,2020-02-20,24,2022-02-20,True,Active
CTR62AE8C324C,CUST100079888,Fixed Term,2023-12-30,24,2025-12-30,False,Active
CTRCE06FEBF63,CUST100034011,Month-to-Month,2015-06-06,24,2017-06-06,False,Expired
CTRFE83C87B63,CUST100099505,Month-to-Month,2016-03-27,12,2017-03-27,False,Active
CTR5552304899,CUST100079077,Month-to-Month,2024-07-02,24,2026-07-02,False,Active
CTR204AF20EDC,CUST100099312,Fixed Term,2023-09-10,24,2025-09-10,True,Active
CTR00AFE58908,CUST100039179,Month-to-Month,2022-08-22,36,2025-08-22,True,Terminated Early
CTRA5C801FA93,CUST100037829,Month-to-Month,2020-10-14,24,2022-10-14,True,Active
CTRF1BB69DD70,CUST100036195,Fixed Term,2015-08-10,0,,False,Active
CTR7A93851C0B,CUST100076831,Fixed Term,2015-11-18,0,,False,Active
CTR1857B7FE5F,CUST100096604,Fixed Term,2017-04-30,12,2018-04-30,True,Active
CTR8516991B6D,CUST100093323,Fixed Term,2022-02-18,24,2024-02-18,False,Active
CTR108A595BF0,CUST100055550,Fixed Term,2022-06-16,12,2023-06-16,False,Active
CTR631B14C2E6,CUST100021517,Month-to-Month,2025-11-13,24,2027-11-13,True,Active
CTRC5D7CD7F88,CUST100078539,Month-to-Month,2024-01-06,24,2026-01-06,False,Active
CTR567032948E,CUST100006586,Month-to-Month,2016-07-20,0,,True,Expired
CTR57CC718A09,CUST100000662,Month-to-Month,2016-06-05,24,2018-06-05,False,Active
CTRAC6C51C22C,CUST100012851,Fixed Term,2025-01-04,0,,False,Active
CTR0044362C37,CUST100013204,Month-to-Month,2018-06-23,0,,False,Expired
CTR388CFD4D04,CUST100039499,Month-to-Month,2016-03-18,12,2017-03-18,True,Active
CTR78E965009B,CUST100001809,Month-to-Month,2016-03-20,12,2017-03-20,False,Active
CTRCBFDAB32F1,CUST100033710,Fixed Term,2021-11-22,12,2022-11-22,False,Active
CTRBA2C86A9D5,CUST100024399,Month-to-Month,2015-01-10,12,2016-01-10,True,Active
CTRBED59A65C5,CUST100064457,Month-to-Month,2020-06-29,24,2022-06-29,True,Active
CTRE9C095182D,CUST100091319,Fixed Term,2016-02-09,24,2018-02-09,True,Active
CTR7E923AA350,CUST100067478,Fixed Term,2023-02-14,0,,False,Expired
CTRBAF1338949,CUST100020019,Month-to-Month,2019-01-13,12,2020-01-13,True,Active
CTR4E10F14AB8,CUST100073833,Fixed Term,2023-10-19,24,2025-10-19,True,Active
CTRA80A592777,CUST100056936,Month-to-Month,2024-04-14,24,2026-04-14,True,Active
CTRB28FDE13B7,CUST100040171,Month-to-Month,2025-01-14,12,2026-01-14,False,Terminated Early
CTRFD2CF3D7FA,CUST100085285,Fixed Term,2021-09-01,0,,True,Active
CTR0CB07B1C6E,CUST100067140,Fixed Term,2025-09-24,24,2027-09-24,False,Active
CTRE27D7C9160,CUST100054783,Month-to-Month,2019-02-16,12,2020-02-16,False,Expired
CTR57731FB280,CUST100003105,Fixed Term,2018-04-29,12,2019-04-29,False,Terminated Early
CTR04B851EE95,CUST100095814,Month-to-Month,2024-10-22,24,2026-10-22,True,Active
CTR4318B9147D,CUST100095937,Month-to-Month,2017-10-30,0,,True,Active
CTRA6B7312F2F,CUST100086303,Month-to-Month,2016-03-05,0,,False,Pending Renewal
CTR95FF90A5B0,CUST100071459,Enterprise SLA,2023-08-27,24,2025-08-27,False,Active
CTR0526EB0C04,CUST100018539,Fixed Term,2015-05-15,0,,True,Active
CTRE1FC61FC6E,CUST100067244,Fixed Term,2018-10-03,12,2019-10-03,False,Pending Renewal
CTR571F28D96C,CUST100075465,Fixed Term,2020-01-02,0,,True,Pending Renewal
CTR506309BAE9,CUST100093477,Fixed Term,2020-09-20,12,2021-09-20,True,Expired
CTR0FBAE29173,CUST100075278,Month-to-Month,2020-07-22,12,2021-07-22,True,Active
CTR633A68625E,CUST100060849,Fixed Term,2022-02-24,36,2025-02-24,True,Active
CTR13E2F3D240,CUST100097115,Fixed Term,2019-08-21,12,2020-08-21,False,Active
CTRE397EFBFE0,CUST100080017,Fixed Term,2020-02-02,12,2021-02-02,True,Expired
CTR8983D2C264,CUST100046388,Fixed Term,2020-04-19,0,,False,Active
CTREB6934EE9C,CUST100033040,Fixed Term,2025-11-30,12,2026-11-30,False,Terminated Early
CTRB191857FC3,CUST100060578,Enterprise SLA,2022-09-09,0,,False,Active
CTRA66D244256,CUST100006740,Month-to-Month,2015-08-17,36,2018-08-17,True,Active
CTR5255BB0936,CUST100071188,Fixed Term,2018-09-03,12,2019-09-03,True,Active
CTR5EA61AB371,CUST100057301,Fixed Term,2022-08-03,24,2024-08-03,False,Active
CTR037A4D81CA,CUST100027737,Month-to-Month,2018-05-17,12,2019-05-17,True,Active
CTRD0009CD2BD,CUST100038290,Fixed Term,2021-08-14,12,2022-08-14,True,Active
CTR556B193F8E,CUST100072444,Month-to-Month,2018-09-22,24,2020-09-22,False,Active
CTR72383350C8,CUST100001943,Enterprise SLA,2025-04-23,0,,False,Active
CTR798CB4C370,CUST100019415,Fixed Term,2025-03-10,24,2027-03-10,False,Expired
CTR28DBA8209C,CUST100066264,Fixed Term,2024-09-16,0,,True,Active
CTR8BB7F7F0EA,CUST100008358,Month-to-Month,2025-10-13,0,,False,Active
CTRA04A89BC8F,CUST100045657,Month-to-Month,2016-07-06,0,,False,Active
CTR19F5511105,CUST100005132,Fixed Term,2020-01-01,12,2021-01-01,True,Active
CTR5198303F78,CUST100097865,Month-to-Month,2019-11-26,12,2020-11-26,True,Active
CTR5C8DDCB566,CUST100082773,Fixed Term,2016-09-17,24,2018-09-17,False,Active
CTRD804CA4378,CUST100083209,Fixed Term,2019-04-16,24,2021-04-16,True,Terminated Early
CTR8426B567F7,CUST100079203,Month-to-Month,2024-11-12,24,2026-11-12,True,Active
CTRAAF1A165D2,CUST100098686,Month-to-Month,2021-05-03,0,,True,Terminated Early
CTRC250861E40,CUST100088749,Fixed Term,2020-08-04,0,,True,Active
CTRF4F22F051D,CUST100055294,Month-to-Month,2025-04-28,0,,False,Active
CTR2FF4A274C3,CUST100005290,Fixed Term,2019-04-05,0,,False,Terminated Early
CTRC7B4C262A1,CUST100086026,Fixed Term,2020-02-20,12,2021-02-20,False,Active
CTRD2B6C4F434,CUST100077748,Fixed Term,2024-07-09,12,2025-07-09,True,Active
CTR58C1D17FBC,CUST100021550,Fixed Term,2018-03-04,12,2019-03-04,True,Active
CTRA0B74605F8,CUST100061272,Month-to-Month,2018-02-06,12,2019-02-06,False,Expired
CTR4556CF2220,CUST100096713,Fixed Term,2016-12-20,12,2017-12-20,True,Pending Renewal
CTRCEADD13D32,CUST100029727,Month-to-Month,2025-08-24,0,,True,Active
CTR16C9BC31A2,CUST100029136,Fixed Term,2023-12-18,0,,True,Expired
CTR4181C2E6D1,CUST100008764,Fixed Term,2020-05-30,0,,False,Active
CTR07AC350FEC,CUST100023008,Month-to-Month,2024-06-29,12,2025-06-29,True,Active
CTRBA05F3025E,CUST100093872,Fixed Term,2019-06-27,0,,True,Active
CTR7A53B6237B,CUST100047272,Fixed Term,2022-09-24,0,,True,Pending Renewal
CTR845514424C,CUST100035999,Fixed Term,2023-02-10,0,,False,Active
CTRCE6677E122,CUST100091536,Fixed Term,2016-03-18,24,2018-03-18,True,Active
CTR570E5F7A45,CUST100033707,Month-to-Month,2023-09-27,12,2024-09-27,False,Expired
CTRA09900F6E7,CUST100020116,Month-to-Month,2018-04-14,36,2021-04-14,True,Active
CTRD1429908EA,CUST100089754,Fixed Term,2019-05-24,0,,False,Expired
CTRC3E09FAD9F,CUST100050956,Fixed Term,2018-11-28,12,2019-11-28,False,Active
CTR25831456FA,CUST100045247,Fixed Term,2015-06-08,24,2017-06-08,False,Active
CTRB3975408FB,CUST100098702,Fixed Term,2018-09-30,24,2020-09-30,True,Active
CTR48882E53B8,CUST100097661,Fixed Term,2024-11-21,12,2025-11-21,False,Active
CTR3B05EA7568,CUST100034087,Fixed Term,2017-02-16,12,2018-02-16,True,Active
CTRE75BE165B5,CUST100083451,Month-to-Month,2022-12-16,24,2024-12-16,True,Active
CTR1A37C84D12,CUST100038181,Month-to-Month,2024-12-06,0,,False,Active
CTRC2C4D15116,CUST100060691,Fixed Term,2019-07-31,0,,True,Active
CTR47409BE63C,CUST100012282,Month-to-Month,2019-04-30,24,2021-04-30,True,Expired
CTRF19F3AF5F6,CUST100033118,Month-to-Month,2025-03-06,0,,True,Terminated Early
CTRF974D5C2BB,CUST100013471,Month-to-Month,2015-07-04,12,2016-07-04,True,Active
CTR6FFB28FE9D,CUST100071611,Fixed Term,2018-02-22,24,2020-02-22,True,Terminated Early
CTRD09BBC644E,CUST100008691,Month-to-Month,2018-08-15,0,,False,Expired
CTRA8DC6CA5FE,CUST100019110,Fixed Term,2018-07-04,0,,True,Active
CTR399135B35F,CUST100028695,Month-to-Month,2024-08-08,24,2026-08-08,True,Active
CTRA3468BEA17,CUST100044322,Fixed Term,2025-10-18,24,2027-10-18,True,Active
CTRBEA5C5CB76,CUST100096246,Month-to-Month,2017-06-26,0,,True,Active
CTRAF1383D281,CUST100073695,Month-to-Month,2020-08-21,0,,False,Active
CTRB41250E8AC,CUST100044247,Month-to-Month,2016-03-08,24,2018-03-08,False,Expired
CTRE70C367EC3,CUST100014644,Month-to-Month,2017-09-03,24,2019-09-03,False,Active
CTR9869545977,CUST100022774,Month-to-Month,2021-01-05,0,,True,Active
CTR7CF92445A8,CUST100026444,Fixed Term,2023-06-16,0,,False,Expired
CTR52AA1A6CA1,CUST100089069,Fixed Term,2018-09-24,0,,False,Active
CTRBC71C12483,CUST100069753,Month-to-Month,2018-04-01,24,2020-04-01,False,Terminated Early
CTRF788713683,CUST100063066,Month-to-Month,2017-05-14,12,2018-05-14,True,Terminated Early
CTR054C2B8123,CUST100058464,Month-to-Month,2017-08-25,12,2018-08-25,True,Active
CTR6A335695FF,CUST100058081,Month-to-Month,2022-07-09,12,2023-07-09,True,Active
CTRE9FCD05B56,CUST100002065,Fixed Term,2020-02-10,36,2023-02-10,True,Expired
CTRA1E52BFD91,CUST100084574,Fixed Term,2019-08-08,12,2020-08-08,False,Active
CTRD398BE8923,CUST100015841,Month-to-Month,2019-01-01,12,2020-01-01,False,Active
CTRE2B1CEFD90,CUST100002812,Fixed Term,2015-08-18,24,2017-08-18,True,Active
CTR7F6158D565,CUST100045906,Fixed Term,2021-03-24,12,2022-03-24,True,Active
CTR40763A9DE3,CUST100082842,Fixed Term,2022-01-04,12,2023-01-04,False,Active
CTRB775F4CB05,CUST100012964,Month-to-Month,2024-01-04,24,2026-01-04,False,Expired
CTR4E785B7A78,CUST100069492,Fixed Term,2025-08-31,0,,True,Terminated Early
CTRD17DEA05E9,CUST100016840,Fixed Term,2020-05-19,0,,False,Active
CTR53064015E9,CUST100076135,Fixed Term,2017-07-13,12,2018-07-13,False,Active
CTR1129656BBB,CUST100027711,Fixed Term,2016-03-23,24,2018-03-23,False,Active
CTR8F95B8262A,CUST100063780,Month-to-Month,2020-06-27,24,2022-06-27,True,Active
CTR9E9AC40CD1,CUST100087128,Fixed Term,2025-11-27,12,2026-11-27,True,Pending Renewal
CTRC6EC45068B,CUST100024095,Fixed Term,2020-06-24,0,,True,Pending Renewal
CTRE9D0600871,CUST100018160,Fixed Term,2019-08-13,24,2021-08-13,False,Active
CTR514860129B,CUST100068755,Fixed Term,2016-11-29,0,,False,Active
CTR80EE0B7473,CUST100015083,Enterprise SLA,2022-03-11,0,,False,Active
CTR63C5174A25,CUST100016526,Month-to-Month,2022-10-23,12,2023-10-23,True,Active
CTR69B99E96BE,CUST100007308,Month-to-Month,2023-03-17,0,,True,Active
CTR2E4126AEC0,CUST100073540,Fixed Term,2021-07-08,0,,False,Active
CTRE7B3A7E36B,CUST100045554,Month-to-Month,2022-03-21,24,2024-03-21,True,Active
CTRE7F0F6E541,CUST100061681,Fixed Term,2017-06-12,12,2018-06-12,False,Active
CTRBD54FDC141,CUST100060098,Month-to-Month,2021-09-17,24,2023-09-17,False,Active
CTRCEA88C4232,CUST100026442,Month-to-Month,2021-07-08,12,2022-07-08,False,Expired
CTR4461073960,CUST100082430,Fixed Term,2024-02-04,24,2026-02-04,True,Active
CTRCB8E2512EE,CUST100061560,Fixed Term,2022-04-09,12,2023-04-09,True,Active
CTR24BE372FD2,CUST100001672,Fixed Term,2024-06-07,12,2025-06-07,False,Pending Renewal
CTR0E4B1185E9,CUST100056918,Fixed Term,2018-07-31,24,2020-07-31,True,Expired
CTR748E1A059B,CUST100090584,Enterprise SLA,2016-02-25,12,2017-02-25,True,Active
CTR5345122AED,CUST100051083,Fixed Term,2020-04-18,24,2022-04-18,True,Active
CTRADA24FE58B,CUST100069904,Fixed Term,2016-05-07,12,2017-05-07,False,Active
CTR30D948513F,CUST100000017,Month-to-Month,2018-02-20,12,2019-02-20,True,Terminated Early
CTRC501D0CC3F,CUST100026944,Fixed Term,2020-06-10,12,2021-06-10,True,Active
CTR6CF70FE075,CUST100021812,Enterprise SLA,2024-06-09,12,2025-06-09,True,Terminated Early
CTRE941A89B11,CUST100011746,Fixed Term,2019-04-25,24,2021-04-25,True,Active
CTRA6CF5E18BF,CUST100002655,Month-to-Month,2019-02-21,24,2021-02-21,True,Expired
CTR10BBAEDDC0,CUST100056718,Month-to-Month,2016-08-02,12,2017-08-02,True,Active
CTR83473F9D30,CUST100049941,Month-to-Month,2019-10-28,0,,False,Active
CTR5C7068141B,CUST100099341,Month-to-Month,2019-11-30,36,2022-11-30,True,Active
CTRE7E782D6E2,CUST100078444,Month-to-Month,2022-07-04,36,2025-07-04,True,Active
CTRBA11DC8B86,CUST100065087,Fixed Term,2023-04-10,0,,True,Active
CTR47F56D6B29,CUST100064493,Month-to-Month,2018-12-31,36,2021-12-31,False,Pending Renewal
CTRBD4080B8B6,CUST100073127,Fixed Term,2018-02-19,0,,True,Active
CTRA1370F2818,CUST100007460,Month-to-Month,2022-09-18,24,2024-09-18,True,Active
CTR8176FD858E,CUST100019258,Fixed Term,2017-12-11,0,,True,Expired
CTRB49B2749EF,CUST100002747,Fixed Term,2021-04-01,0,,False,Active
CTR94A47C70AD,CUST100013661,Month-to-Month,2024-06-24,24,2026-06-24,True,Active
CTRDBC1471C50,CUST100032166,Month-to-Month,2018-02-27,0,,True,Active
CTR8CD0B024DA,CUST100019471,Fixed Term,2017-05-06,12,2018-05-06,True,Active
CTR8E89EC444B,CUST100047947,Enterprise SLA,2025-02-27,24,2027-02-27,False,Active
CTR06613A08D4,CUST100065537,Fixed Term,2020-04-28,0,,True,Active
CTR7DB8ED99A1,CUST100005521,Fixed Term,2025-03-30,0,,False,Expired
CTR028209A206,CUST100046148,Fixed Term,2021-07-13,12,2022-07-13,True,Active
CTR5DEF24C207,CUST100075423,Fixed Term,2023-07-08,24,2025-07-08,True,Active
CTR8312262D28,CUST100015015,Month-to-Month,2024-09-07,12,2025-09-07,True,Active
CTR0BAD792FAF,CUST100091874,Fixed Term,2024-08-10,12,2025-08-10,False,Terminated Early
CTR7E11020A74,CUST100062350,Fixed Term,2016-09-22,12,2017-09-22,True,Active
CTR8746C967A6,CUST100011329,Fixed Term,2025-12-29,0,,False,Expired
CTRE7E826608F,CUST100075406,Fixed Term,2019-09-06,24,2021-09-06,True,Expired
CTR821D109E3E,CUST100069335,Fixed Term,2015-10-12,24,2017-10-12,True,Active
CTR60316422B3,CUST100039221,Fixed Term,2020-01-30,0,,True,Active
CTRF94A1DB50F,CUST100056976,Month-to-Month,2022-11-15,0,,False,Active
CTR7DE9C1CB5C,CUST100003437,Month-to-Month,2023-08-18,24,2025-08-18,False,Active
CTR24DA84B5D7,CUST100076936,Fixed Term,2025-10-17,24,2027-10-17,False,Active
CTR58E456A80A,CUST100059715,Fixed Term,2025-06-26,12,2026-06-26,True,Expired
CTR3EF023CFEB,CUST100045162,Month-to-Month,2017-08-26,0,,True,Terminated Early
CTR4075015FAA,CUST100065022,Fixed Term,2023-08-26,24,2025-08-26,True,Terminated Early
CTR3CB0E2FA3E,CUST100083469,Fixed Term,2017-09-09,24,2019-09-09,True,Active
CTRBF7584556A,CUST100084016,Fixed Term,2024-12-15,12,2025-12-15,True,Active
CTRE379D32B85,CUST100039104,Month-to-Month,2017-03-31,12,2018-03-31,True,Active
CTRA5D6CB9FEF,CUST100057902,Fixed Term,2015-11-23,24,2017-11-23,True,Active
CTRA8CF7726DA,CUST100094758,Month-to-Month,2024-12-16,24,2026-12-16,True,Terminated Early
CTR123C9EAC79,CUST100047205,Fixed Term,2017-08-04,0,,False,Active
CTRBE2A7299C7,CUST100064051,Month-to-Month,2022-05-03,24,2024-05-03,True,Active
CTR76F4DBFF67,CUST100093066,Fixed Term,2020-08-12,0,,True,Active
CTR15386B21A4,CUST100020311,Month-to-Month,2018-03-22,24,2020-03-22,True,Active
CTR5A5D7CE32B,CUST100064383,Fixed Term,2025-01-22,12,2026-01-22,False,Active
CTR92A3D24606,CUST100075127,Month-to-Month,2021-12-23,24,2023-12-23,True,Active
CTRA3A09F1F96,CUST100070606,Fixed Term,2017-03-07,24,2019-03-07,True,Active
CTRF24FC2445A,CUST100045206,Fixed Term,2022-08-15,24,2024-08-15,False,Expired
CTRA2434A7B52,CUST100088739,Month-to-Month,2019-03-14,36,2022-03-14,True,Terminated Early
CTR6D00E402D4,CUST100070896,Month-to-Month,2016-01-06,36,2019-01-06,False,Active
CTR04F97E2C94,CUST100070349,Enterprise SLA,2016-09-20,0,,False,Active
CTR58CA47F000,CUST100012625,Fixed Term,2015-11-02,0,,False,Active
CTR0578C76239,CUST100098807,Month-to-Month,2018-08-22,24,2020-08-22,True,Expired
CTRFA78F1705C,CUST100058295,Fixed Term,2017-11-04,24,2019-11-04,True,Active
CTR1E4C49FFD5,CUST100050596,Fixed Term,2015-02-15,12,2016-02-15,False,Terminated Early
CTR3F36C596D7,CUST100063788,Month-to-Month,2017-08-24,0,,False,Active
CTRED9ADCCC13,CUST100097042,Fixed Term,2018-03-28,24,2020-03-28,False,Active
CTR7DE3F29503,CUST100087057,Month-to-Month,2017-05-14,12,2018-05-14,True,Active
CTR2B45572C84,CUST100033023,Month-to-Month,2020-03-26,12,2021-03-26,True,Active
CTRA129D4D288,CUST100072471,Fixed Term,2025-06-17,0,,False,Terminated Early
CTR335CE114C4,CUST100071820,Fixed Term,2020-06-03,12,2021-06-03,True,Active
CTR0EB6BB609B,CUST100044351,Month-to-Month,2019-12-28,0,,False,Active
CTR73E6CB5860,CUST100007065,Month-to-Month,2025-08-19,0,,False,Expired
CTR36D0B5389A,CUST100061051,Month-to-Month,2021-07-30,0,,False,Active
CTRD50E6DC87E,CUST100075501,Month-to-Month,2020-01-01,0,,True,Expired
CTR040BE85866,CUST100024419,Fixed Term,2022-04-20,12,2023-04-20,False,Terminated Early
CTR1774A65C23,CUST100052096,Month-to-Month,2019-09-18,12,2020-09-18,True,Terminated Early
CTR708AC2B161,CUST100052984,Month-to-Month,2020-02-02,0,,False,Active
CTRB1A0BC8FEC,CUST100088176,Month-to-Month,2017-11-07,12,2018-11-07,False,Active
CTR65F6ED6DE0,CUST100012043,Month-to-Month,2025-12-07,24,2027-12-07,True,Active
CTRF8EF760376,CUST100020987,Month-to-Month,2019-02-17,12,2020-02-17,True,Active
CTR73CA337C05,CUST100047783,Fixed Term,2016-06-28,0,,False,Expired
CTRFF4FE20EBE,CUST100026188,Month-to-Month,2019-08-02,24,2021-08-02,False,Expired
CTR2E3D4712AF,CUST100096897,Fixed Term,2022-02-25,12,2023-02-25,True,Active
CTRB7B9CD0950,CUST100076003,Fixed Term,2022-02-24,12,2023-02-24,False,Expired
CTR3181B475F7,CUST100047795,Fixed Term,2017-12-19,0,,False,Pending Renewal
CTRB65218AEB8,CUST100016208,Fixed Term,2019-09-09,0,,True,Active
CTR9EF2002440,CUST100034036,Fixed Term,2024-11-02,12,2025-11-02,True,Active
CTR5C72DB2C81,CUST100091915,Month-to-Month,2018-05-24,24,2020-05-24,True,Expired
CTR61EFD4D9BB,CUST100005402,Month-to-Month,2023-05-23,24,2025-05-23,True,Active
CTR967219553B,CUST100030911,Fixed Term,2021-01-18,0,,False,Active
CTRCB57771962,CUST100029780,Month-to-Month,2020-02-06,24,2022-02-06,True,Pending Renewal
CTRED7FF2FDF3,CUST100055334,Fixed Term,2021-03-31,12,2022-03-31,False,Active
CTR9D3A086DD1,CUST100070818,Fixed Term,2023-12-25,24,2025-12-25,False,Active
CTR4DD8F69240,CUST100096511,Fixed Term,2018-08-06,0,,True,Active
CTR5FAECA542D,CUST100009628,Month-to-Month,2025-11-03,0,,True,Terminated Early
CTR631FFCE47D,CUST100083921,Month-to-Month,2019-01-23,0,,False,Terminated Early
CTRE23D083C03,CUST100027713,Month-to-Month,2015-10-10,0,,True,Active
CTR26C7096A92,CUST100065562,Fixed Term,2021-11-22,12,2022-11-22,False,Active
CTRB819BB9E61,CUST100041004,Enterprise SLA,2025-09-17,12,2026-09-17,True,Active
CTRA687E6A86A,CUST100005620,Month-to-Month,2025-06-05,12,2026-06-05,True,Active
CTR5EEBBAF638,CUST100001529,Fixed Term,2025-03-22,12,2026-03-22,True,Active
CTR55D2306305,CUST100057196,Month-to-Month,2018-08-01,12,2019-08-01,False,Active
CTRECB373FDEC,CUST100083963,Fixed Term,2022-10-29,36,2025-10-29,True,Active
CTR4EC7EA3A83,CUST100005752,Fixed Term,2022-03-01,12,2023-03-01,True,Active
CTR8BC25FEB91,CUST100065398,Month-to-Month,2025-02-18,0,,True,Expired
CTRFCD90CE25F,CUST100037452,Enterprise SLA,2022-09-22,0,,False,Active
CTR4EB251CCFA,CUST100028798,Fixed Term,2025-10-15,24,2027-10-15,True,Expired
CTR98D4845578,CUST100004585,Fixed Term,2018-09-15,12,2019-09-15,False,Active
CTR2C7E99070A,CUST100081143,Fixed Term,2015-10-25,0,,True,Active
CTR47F076082D,CUST100043086,Month-to-Month,2019-06-01,12,2020-06-01,True,Active
CTRD08E097679,CUST100063174,Fixed Term,2022-05-15,24,2024-05-15,True,Active
CTRC45E1472D4,CUST100078761,Month-to-Month,2016-07-02,0,,True,Expired
CTRC2F7BB8762,CUST100040723,Month-to-Month,2021-03-07,12,2022-03-07,True,Active
CTRBC20C3D663,CUST100065912,Fixed Term,2023-06-19,12,2024-06-19,True,Active
CTRA2355E4705,CUST100039149,Fixed Term,2019-09-25,24,2021-09-25,False,Expired
CTR59C231A137,CUST100071038,Enterprise SLA,2023-11-01,12,2024-11-01,True,Active
CTRE15E31EEAF,CUST100071556,Fixed Term,2020-11-16,12,2021-11-16,True,Expired
CTR8EEC929B8D,CUST100080317,Fixed Term,2017-05-12,0,,False,Active
CTR318AA396BE,CUST100077327,Month-to-Month,2018-04-07,24,2020-04-07,True,Active
CTR3994811D76,CUST100095549,Fixed Term,2017-03-10,24,2019-03-10,False,Active
CTR2683D00FE3,CUST100017490,Month-to-Month,2015-09-20,12,2016-09-20,True,Terminated Early
CTR8CC1EE10C6,CUST100086728,Fixed Term,2025-02-25,0,,True,Pending Renewal
CTR03981E349E,CUST100090214,Month-to-Month,2022-01-23,24,2024-01-23,True,Active
CTR4F0BD6CD49,CUST100058473,Fixed Term,2022-02-19,12,2023-02-19,False,Active
CTR70A17ED49B,CUST100033262,Fixed Term,2015-07-02,12,2016-07-02,False,Expired
CTRF1416C6C2A,CUST100075229,Fixed Term,2016-03-20,0,,True,Active
CTR64ED9757E7,CUST100042062,Fixed Term,2022-03-15,12,2023-03-15,False,Active
CTR7FE11ADBD1,CUST100080059,Month-to-Month,2018-12-26,0,,True,Active
CTR08C50143EC,CUST100027436,Month-to-Month,2025-06-30,12,2026-06-30,False,Active
CTR4192E4DC00,CUST100074772,Fixed Term,2024-06-02,0,,False,Active
CTR96DEA85AE4,CUST100022777,Month-to-Month,2015-04-27,24,2017-04-27,True,Active
CTR004E2401AF,CUST100026662,Enterprise SLA,2019-10-21,0,,False,Active
CTRDC0ADAB533,CUST100041709,Fixed Term,2019-07-28,24,2021-07-28,True,Expired
CTR8FB4A57B22,CUST100070314,Month-to-Month,2015-02-19,24,2017-02-19,True,Terminated Early
CTR4048E57644,CUST100010613,Fixed Term,2016-01-06,24,2018-01-06,False,Active
CTR34CC10D6F0,CUST100070351,Enterprise SLA,2015-05-29,24,2017-05-29,False,Active
CTRCC54997874,CUST100009115,Fixed Term,2020-08-13,12,2021-08-13,True,Terminated Early
CTRE3BA2594E3,CUST100006734,Fixed Term,2021-12-12,0,,True,Expired
CTRBBDAA5B209,CUST100005401,Month-to-Month,2015-06-08,12,2016-06-08,False,Active
CTRDAE2D1DC00,CUST100022258,Fixed Term,2023-01-26,12,2024-01-26,True,Active
CTRE4C64D5454,CUST100025137,Fixed Term,2018-11-16,24,2020-11-16,False,Active
CTRC2094DFFFF,CUST100021264,Fixed Term,2018-04-14,12,2019-04-14,True,Active
CTR0A1CE8FBDD,CUST100099014,Fixed Term,2019-04-24,24,2021-04-24,False,Active
CTRB959A57CC5,CUST100017429,Fixed Term,2016-02-27,0,,True,Expired
CTRDB6A8BE878,CUST100035382,Month-to-Month,2022-12-31,0,,False,Active
CTR906B8B307A,CUST100033136,Month-to-Month,2020-06-05,24,2022-06-05,False,Active
CTRD26D131836,CUST100093779,Month-to-Month,2016-05-05,24,2018-05-05,False,Active
CTR4AE59EFDD6,CUST100024905,Enterprise SLA,2016-09-11,12,2017-09-11,False,Expired
CTR9604AE42D9,CUST100006986,Month-to-Month,2018-02-13,0,,True,Expired
CTR9422ABB4CE,CUST100074776,Month-to-Month,2019-02-27,24,2021-02-27,True,Active
CTR71EEEA34FF,CUST100089306,Fixed Term,2017-01-21,24,2019-01-21,False,Active
CTR88B7560B94,CUST100062873,Fixed Term,2015-01-24,12,2016-01-24,True,Expired
CTR00FC448CEF,CUST100013142,Month-to-Month,2015-03-15,24,2017-03-15,True,Active
CTRCE0AECD8DD,CUST100043899,Month-to-Month,2019-12-09,36,2022-12-09,True,Active
CTR55B1BC7D25,CUST100040326,Fixed Term,2022-01-10,36,2025-01-10,True,Active
CTR39318A3A6A,CUST100032802,Month-to-Month,2023-10-04,24,2025-10-04,False,Pending Renewal
CTR58B4FDEB83,CUST100014888,Month-to-Month,2018-11-02,24,2020-11-02,False,Active
CTR9AFB19280A,CUST100013448,Month-to-Month,2017-08-21,0,,True,Active
CTR6BBCE389B5,CUST100034733,Fixed Term,2022-10-22,24,2024-10-22,True,Active
CTR55CC38DF43,CUST100036297,Month-to-Month,2024-05-19,0,,False,Expired
CTR34133A13EB,CUST100084469,Month-to-Month,2020-11-02,0,,False,Active
CTR858DD00C26,CUST100077252,Fixed Term,2015-01-26,0,,True,Active
CTRF8FA2883AD,CUST100026409,Month-to-Month,2016-03-25,0,,True,Pending Renewal
CTR0AD1A41784,CUST100097743,Month-to-Month,2021-03-20,24,2023-03-20,True,Active
CTRF1BC3C1C91,CUST100083361,Fixed Term,2017-08-04,0,,True,Active
CTRD0253AA107,CUST100057208,Fixed Term,2023-03-01,12,2024-03-01,True,Active
CTR28234F9082,CUST100076442,Enterprise SLA,2015-05-14,24,2017-05-14,True,Active
CTRF1FC34686D,CUST100005701,Month-to-Month,2022-02-06,12,2023-02-06,False,Active
CTRDD972A5079,CUST100092825,Month-to-Month,2025-12-23,24,2027-12-23,False,Active
CTR3C2845471E,CUST100026101,Fixed Term,2015-03-05,24,2017-03-05,False,Expired
CTR27B87ECF01,CUST100039204,Fixed Term,2015-05-10,36,2018-05-10,False,Active
CTREB75F3E198,CUST100016146,Month-to-Month,2021-03-08,0,,False,Active
CTR7D7BDED325,CUST100062652,Month-to-Month,2020-11-09,24,2022-11-09,False,Active
CTRE8F6D3619A,CUST100024559,Month-to-Month,2023-09-10,12,2024-09-10,True,Active
CTRF4DA5051A4,CUST100013666,Fixed Term,2023-02-05,0,,False,Active
CTR7D967A0D83,CUST100077964,Fixed Term,2018-01-27,24,2020-01-27,False,Active
CTRB8923F9491,CUST100083903,Fixed Term,2015-09-01,24,2017-09-01,True,Terminated Early
CTR983C775B02,CUST100043246,Enterprise SLA,2015-06-08,0,,True,Expired
CTR70591D9030,CUST100060901,Month-to-Month,2015-04-20,12,2016-04-20,True,Active
CTR90A81E5615,CUST100064500,Fixed Term,2017-08-12,24,2019-08-12,True,Active
CTR00E6A31F40,CUST100003938,Fixed Term,2018-04-08,0,,True,Pending Renewal
CTR66D527A965,CUST100010910,Month-to-Month,2018-06-17,24,2020-06-17,False,Active
CTRA1FAEB0B5B,CUST100083566,Fixed Term,2016-07-29,0,,True,Active
CTRF166DB7930,CUST100081886,Fixed Term,2015-09-07,0,,True,Active
CTR5B07BFBD35,CUST100041678,Month-to-Month,2025-12-07,24,2027-12-07,True,Terminated Early
CTR0DD14D4EB0,CUST100094921,Fixed Term,2024-06-14,24,2026-06-14,False,Active
CTR2F181F07CB,CUST100004337,Month-to-Month,2020-11-16,12,2021-11-16,True,Expired
CTRF6167473C4,CUST100015106,Month-to-Month,2023-04-08,0,,True,Active
CTRC6F4AD4787,CUST100079585,Fixed Term,2019-10-25,12,2020-10-25,True,Terminated Early
CTR7D90808F44,CUST100016865,Fixed Term,2015-09-16,12,2016-09-16,True,Active
CTR9BFCC6A821,CUST100083762,Fixed Term,2019-03-20,0,,True,Active
CTR41204626D9,CUST100083755,Month-to-Month,2025-07-16,12,2026-07-16,False,Active
CTR5BAA0DD028,CUST100024683,Fixed Term,2016-07-20,36,2019-07-20,True,Active
CTR540A5FD314,CUST100002868,Fixed Term,2022-08-11,24,2024-08-11,True,Active
CTRCEE67ABEBF,CUST100065929,Month-to-Month,2018-07-17,12,2019-07-17,True,Active
CTREA326952CC,CUST100051663,Month-to-Month,2025-09-12,24,2027-09-12,True,Active
CTRAD91E6F3BA,CUST100015918,Month-to-Month,2019-05-03,24,2021-05-03,False,Active
CTR53314C2E26,CUST100039582,Fixed Term,2015-09-03,24,2017-09-03,True,Active
CTR2A81761DD9,CUST100019059,Month-to-Month,2023-12-26,12,2024-12-26,True,Active
CTR1E170C692E,CUST100018628,Fixed Term,2021-04-30,24,2023-04-30,True,Active
CTRB6A20DB613,CUST100007861,Fixed Term,2015-12-08,0,,False,Pending Renewal
CTRC8C6BB32F5,CUST100077813,Enterprise SLA,2022-06-28,24,2024-06-28,True,Active
CTRDBFF0D7AF9,CUST100031584,Fixed Term,2018-10-12,12,2019-10-12,False,Active
CTR4CEB504F15,CUST100099107,Month-to-Month,2015-08-04,12,2016-08-04,True,Active
CTRE792DEB52E,CUST100036701,Month-to-Month,2024-01-04,0,,False,Active
CTRCCEE6EB650,CUST100061153,Fixed Term,2018-10-25,24,2020-10-25,True,Active
CTRCFA7A495AB,CUST100062051,Fixed Term,2020-01-22,24,2022-01-22,True,Active
CTR6582F4D0D1,CUST100064825,Fixed Term,2017-07-21,12,2018-07-21,True,Pending Renewal
CTR68A0C1BC05,CUST100009140,Fixed Term,2023-11-01,0,,True,Active
CTR7DFB808AE2,CUST100045842,Fixed Term,2017-01-28,12,2018-01-28,True,Active
CTRF98430F1D2,CUST100080890,Month-to-Month,2017-08-10,12,2018-08-10,True,Expired
CTR7F69D1CD9F,CUST100098098,Month-to-Month,2016-12-08,12,2017-12-08,True,Active
CTR5383767D61,CUST100001077,Fixed Term,2020-04-28,12,2021-04-28,True,Active
CTR7787AC7B26,CUST100023826,Month-to-Month,2018-12-10,0,,False,Terminated Early
CTRAE96199142,CUST100033753,Fixed Term,2025-03-08,24,2027-03-08,False,Active
CTRED16449266,CUST100003428,Month-to-Month,2016-07-20,12,2017-07-20,True,Expired
CTR8B7B29B8F8,CUST100075530,Month-to-Month,2016-10-21,24,2018-10-21,True,Expired
CTR6DAE5C45D8,CUST100088356,Fixed Term,2021-10-15,24,2023-10-15,True,Active
CTR4CFAA89C01,CUST100072402,Month-to-Month,2021-12-03,36,2024-12-03,False,Active
CTRB43FF9B984,CUST100020717,Fixed Term,2019-09-09,24,2021-09-09,True,Active
CTR0821C69891,CUST100022171,Fixed Term,2018-07-20,24,2020-07-20,True,Active
CTRA61836524E,CUST100055244,Month-to-Month,2021-05-19,24,2023-05-19,True,Active
CTR4AD8E5B56B,CUST100074423,Fixed Term,2019-08-02,24,2021-08-02,False,Expired
CTRF4B757FB60,CUST100064392,Month-to-Month,2022-10-17,0,,True,Pending Renewal
CTR5973C25DEC,CUST100048353,Month-to-Month,2025-04-12,24,2027-04-12,False,Active
CTR3863D6B81E,CUST100067300,Month-to-Month,2015-07-15,12,2016-07-15,True,Active
CTR51302092EB,CUST100028807,Month-to-Month,2021-04-30,12,2022-04-30,False,Active
CTR8EF6C03A86,CUST100011233,Fixed Term,2022-09-21,24,2024-09-21,False,Pending Renewal
CTR71CAD6C484,CUST100094354,Fixed Term,2023-03-01,0,,False,Active
CTR653B4CCC3C,CUST100051588,Fixed Term,2021-04-16,12,2022-04-16,True,Active
CTR19F521333D,CUST100008576,Month-to-Month,2021-06-04,0,,True,Active
CTR2533D5D773,CUST100005688,Month-to-Month,2020-05-17,36,2023-05-17,True,Active
CTR70EBA34B29,CUST100036954,Fixed Term,2020-03-27,0,,True,Active
CTRD6852D1C6F,CUST100085974,Fixed Term,2017-12-22,12,2018-12-22,True,Active
CTR09E1A5DE7E,CUST100065920,Fixed Term,2024-01-02,12,2025-01-02,True,Expired
CTR7F9742B426,CUST100079628,Fixed Term,2018-11-26,0,,True,Active
CTRAB97C5F0FC,CUST100079125,Fixed Term,2025-10-03,24,2027-10-03,False,Active
CTRD4E533AC0C,CUST100077451,Fixed Term,2020-08-26,24,2022-08-26,False,Active
CTR17CA11C773,CUST100012421,Month-to-Month,2018-09-17,24,2020-09-17,False,Active
CTR1B61297C61,CUST100080710,Fixed Term,2015-09-08,12,2016-09-08,True,Active
CTR5FBDD3F9F9,CUST100028710,Fixed Term,2017-01-19,0,,False,Active
CTR0B62C8C710,CUST100002862,Month-to-Month,2015-07-10,24,2017-07-10,True,Active
CTR35B0E2C4E0,CUST100088983,Fixed Term,2024-07-06,0,,True,Expired
CTRB4D434E30C,CUST100065480,Fixed Term,2016-10-28,0,,True,Active
CTR1F172994CF,CUST100011485,Month-to-Month,2025-03-24,12,2026-03-24,True,Active
CTRF41684CDB2,CUST100001935,Fixed Term,2019-04-17,12,2020-04-17,True,Expired
CTR72707889DF,CUST100038333,Fixed Term,2015-04-13,24,2017-04-13,True,Active
CTR5B49A14ABC,CUST100071068,Fixed Term,2021-04-08,12,2022-04-08,True,Active
CTRA3A15B9D8C,CUST100056141,Month-to-Month,2019-04-11,0,,False,Active
CTR1462347BA4,CUST100031492,Fixed Term,2021-11-02,0,,False,Active
CTRAC8D07C2E7,CUST100067856,Fixed Term,2020-07-07,24,2022-07-07,True,Terminated Early
CTR0BA32F7CC6,CUST100015074,Fixed Term,2016-04-25,0,,True,Active
CTRDA81269821,CUST100050266,Fixed Term,2018-11-01,24,2020-11-01,False,Active
CTRFB05E6ED84,CUST100033201,Month-to-Month,2020-09-15,0,,True,Active
CTR0BD9262ED7,CUST100077754,Month-to-Month,2024-03-13,24,2026-03-13,True,Terminated Early
CTR6578C6B52D,CUST100096923,Month-to-Month,2021-12-03,24,2023-12-03,False,Active
CTR72D44FA32F,CUST100056303,Fixed Term,2019-01-02,0,,False,Active
CTRA88ED8AFE2,CUST100083501,Fixed Term,2020-03-06,24,2022-03-06,True,Active
CTR27196E1D94,CUST100003387,Month-to-Month,2018-10-28,0,,True,Active
CTR9CE3DDA907,CUST100037160,Fixed Term,2019-12-28,12,2020-12-28,True,Active
CTR73CBB6D158,CUST100011554,Fixed Term,2020-04-29,0,,False,Active
CTR53B5676268,CUST100077393,Fixed Term,2022-09-24,24,2024-09-24,True,Active
CTRE9B421A1F2,CUST100099638,Fixed Term,2019-07-29,24,2021-07-29,False,Active
CTRDF10B5C04C,CUST100005078,Fixed Term,2015-06-04,24,2017-06-04,True,Active
CTR12B202934F,CUST100083558,Fixed Term,2025-11-22,24,2027-11-22,True,Active
CTRD403FC1954,CUST100010566,Fixed Term,2015-04-13,0,,True,Terminated Early
CTR03EB4C59DC,CUST100050674,Fixed Term,2018-08-31,12,2019-08-31,True,Pending Renewal
CTR9B6F082375,CUST100077616,Month-to-Month,2018-06-14,12,2019-06-14,True,Active
CTRBFD6084460,CUST100040946,Fixed Term,2023-01-19,12,2024-01-19,False,Active
CTR1CF25754FE,CUST100051770,Enterprise SLA,2022-07-20,0,,True,Active
CTR28EB830C54,CUST100063494,Fixed Term,2015-06-17,0,,True,Pending Renewal
CTR3C04EAA2D4,CUST100071545,Fixed Term,2021-06-22,12,2022-06-22,True,Active
CTRB0B580FE8C,CUST100008323,Fixed Term,2025-04-01,0,,True,Active
CTR351B69CC8A,CUST100050872,Month-to-Month,2023-09-02,12,2024-09-02,True,Active
CTRF7275BD8C0,CUST100073147,Fixed Term,2015-07-13,0,,True,Active
CTRE4EF824F24,CUST100012822,Month-to-Month,2020-06-28,12,2021-06-28,True,Active
CTR4BDDB06D9A,CUST100000367,Fixed Term,2015-12-29,12,2016-12-29,True,Active
CTREC836B2619,CUST100038934,Fixed Term,2015-01-14,24,2017-01-14,True,Terminated Early
CTRB3E2370437,CUST100036189,Fixed Term,2024-11-23,12,2025-11-23,True,Active
CTRE4408E7108,CUST100080547,Fixed Term,2015-05-02,12,2016-05-02,True,Active
CTR3A45751FC3,CUST100043313,Fixed Term,2018-05-31,36,2021-05-31,True,Active
CTR86BCA77DFF,CUST100079124,Fixed Term,2017-11-15,24,2019-11-15,False,Active
CTRC11A9DDF1F,CUST100010717,Fixed Term,2018-12-27,12,2019-12-27,False,Active
CTR8E6D989162,CUST100084115,Month-to-Month,2020-05-11,24,2022-05-11,True,Terminated Early
CTRC63AFE8D6A,CUST100073294,Fixed Term,2023-01-30,12,2024-01-30,True,Active
CTR98063F4331,CUST100051777,Enterprise SLA,2015-03-10,24,2017-03-10,True,Active
CTR8BD8FB94CC,CUST100017644,Fixed Term,2017-02-03,24,2019-02-03,False,Active
CTRF73E38639A,CUST100081055,Fixed Term,2022-04-19,0,,False,Expired
CTR51A6E5EE61,CUST100020099,Month-to-Month,2021-11-13,12,2022-11-13,True,Expired
CTR2400203311,CUST100030846,Fixed Term,2021-03-08,24,2023-03-08,False,Active
CTRDA0E5DA4A0,CUST100081142,Fixed Term,2022-01-31,0,,False,Active
CTRB1025EC639,CUST100076595,Month-to-Month,2023-07-22,0,,False,Active
CTRCA11B42465,CUST100058953,Month-to-Month,2025-05-02,24,2027-05-02,False,Active
CTR5D8D656B1A,CUST100055355,Fixed Term,2015-10-12,24,2017-10-12,True,Active
CTR2D8529ABE6,CUST100097559,Month-to-Month,2022-08-24,24,2024-08-24,False,Pending Renewal
CTR5CCD60D00D,CUST100053066,Month-to-Month,2025-07-26,24,2027-07-26,True,Active
CTR0D76259491,CUST100076859,Fixed Term,2018-07-06,24,2020-07-06,True,Expired
CTR9A92A5B314,CUST100034331,Month-to-Month,2020-09-19,12,2021-09-19,True,Active
CTRBAEFB11E45,CUST100049201,Month-to-Month,2018-05-07,24,2020-05-07,True,Active
CTRD5FE329202,CUST100047182,Fixed Term,2017-01-20,12,2018-01-20,True,Active
CTR9BB530B101,CUST100060592,Month-to-Month,2025-07-25,0,,True,Active
CTRF92AE5979A,CUST100073916,Month-to-Month,2020-03-05,12,2021-03-05,True,Active
CTR10F70B2C89,CUST100082801,Fixed Term,2024-02-21,24,2026-02-21,True,Active
CTRE0A55BC0C6,CUST100029934,Fixed Term,2025-06-28,12,2026-06-28,False,Active
CTR0A692853EA,CUST100045620,Fixed Term,2025-12-30,24,2027-12-30,False,Active
CTRFC0C8DBB0D,CUST100082913,Month-to-Month,2024-07-29,12,2025-07-29,True,Active
CTR829C7CC4E8,CUST100070802,Fixed Term,2018-04-25,36,2021-04-25,True,Active
CTRF629B36409,CUST100055870,Fixed Term,2025-11-08,24,2027-11-08,True,Active
CTR586C469343,CUST100041417,Enterprise SLA,2019-12-21,24,2021-12-21,True,Expired
CTRB1FD47AD85,CUST100027408,Month-to-Month,2017-09-21,0,,True,Active
CTRF698942C0B,CUST100031651,Fixed Term,2020-05-21,0,,False,Active
CTR58C4D67984,CUST100099329,Month-to-Month,2025-10-26,12,2026-10-26,True,Active
CTRAE913760F8,CUST100017433,Fixed Term,2023-04-25,12,2024-04-25,True,Active
CTR99EE972C77,CUST100034704,Fixed Term,2023-11-17,24,2025-11-17,False,Terminated Early
CTREB41732A19,CUST100049108,Fixed Term,2025-10-19,24,2027-10-19,True,Active
CTRC51474DB74,CUST100045762,Month-to-Month,2016-02-07,24,2018-02-07,True,Active
CTRED9D30D5E7,CUST100027433,Fixed Term,2021-06-18,0,,False,Active
CTR4CDDAD437D,CUST100096373,Fixed Term,2024-05-13,36,2027-05-13,True,Active
CTR5E263CD6BC,CUST100028986,Fixed Term,2018-08-12,0,,True,Pending Renewal
CTRE5FF43661B,CUST100044716,Month-to-Month,2016-07-16,12,2017-07-16,False,Active
CTR515D1E5522,CUST100041821,Fixed Term,2016-02-26,0,,True,Active
CTR120DD5D06F,CUST100094936,Fixed Term,2020-10-17,24,2022-10-17,True,Active
CTR9408ADD809,CUST100093283,Month-to-Month,2018-06-28,12,2019-06-28,True,Active
CTRAD1F2674E9,CUST100052772,Fixed Term,2019-07-19,24,2021-07-19,True,Active
CTR39A72081A5,CUST100041198,Fixed Term,2019-02-11,24,2021-02-11,True,Active
CTR9E41A3248E,CUST100006757,Fixed Term,2022-04-29,12,2023-04-29,True,Active
CTRF555AEC1AD,CUST100057043,Fixed Term,2022-08-21,0,,True,Active
CTRE10E4D982D,CUST100010539,Fixed Term,2020-08-09,0,,True,Active
CTRD618B2B215,CUST100036281,Month-to-Month,2019-11-25,24,2021-11-25,False,Active
CTR86F3AC37C9,CUST100069333,Month-to-Month,2019-07-31,0,,True,Active
CTRA80A096270,CUST100038108,Month-to-Month,2018-05-26,12,2019-05-26,True,Active
CTR25D9D70544,CUST100011793,Fixed Term,2018-04-24,0,,True,Pending Renewal
CTR3324D44136,CUST100094638,Fixed Term,2018-06-18,12,2019-06-18,False,Active
CTRC985E520E3,CUST100095026,Month-to-Month,2019-09-24,12,2020-09-24,True,Active
CTRDBFAD52970,CUST100012605,Fixed Term,2017-03-31,24,2019-03-31,True,Active
CTRA2B8E57EF1,CUST100093427,Fixed Term,2022-10-10,24,2024-10-10,True,Active
CTR0D5763FF75,CUST100073670,Month-to-Month,2022-12-09,24,2024-12-09,False,Pending Renewal
CTR0881963429,CUST100035383,Fixed Term,2018-11-06,24,2020-11-06,False,Active
CTRE4884FA0B2,CUST100042618,Fixed Term,2023-10-21,36,2026-10-21,False,Active
CTR19FAB7D4EC,CUST100084487,Month-to-Month,2019-10-05,0,,True,Active
CTR539F56D6A1,CUST100012620,Month-to-Month,2023-09-30,0,,True,Active
CTRACAC5A6A75,CUST100050182,Month-to-Month,2018-01-29,24,2020-01-29,True,Expired
CTR69FB0A06B6,CUST100087169,Month-to-Month,2019-03-19,12,2020-03-19,True,Active
CTR70CC6ACEE5,CUST100064711,Fixed Term,2024-07-28,12,2025-07-28,False,Active
CTR8B790A7C17,CUST100046101,Month-to-Month,2022-06-25,0,,False,Active
CTRE48AFA412C,CUST100045651,Fixed Term,2015-08-15,0,,True,Active
CTRCEAB66449A,CUST100033293,Fixed Term,2023-12-01,0,,True,Expired
CTRC6877FA8E8,CUST100071853,Fixed Term,2024-03-11,12,2025-03-11,True,Active
CTR3533B740BC,CUST100011374,Fixed Term,2019-01-02,12,2020-01-02,True,Active
CTR14FC3CB348,CUST100060601,Month-to-Month,2024-06-11,0,,True,Active
CTRB50657EBFA,CUST100058834,Month-to-Month,2025-02-10,24,2027-02-10,True,Terminated Early
CTRF6F0614498,CUST100017301,Month-to-Month,2022-03-28,12,2023-03-28,False,Pending Renewal
CTRE117B79BA7,CUST100075237,Fixed Term,2024-03-10,24,2026-03-10,False,Expired
CTRC9E0C2CBC2,CUST100080263,Month-to-Month,2025-06-17,24,2027-06-17,True,Active
CTR0BC8A8C927,CUST100014073,Month-to-Month,2015-02-06,12,2016-02-06,True,Active
CTRD5F1B8D7D7,CUST100071552,Month-to-Month,2021-09-16,0,,True,Expired
CTR06C6BBEB20,CUST100099561,Fixed Term,2018-10-10,12,2019-10-10,True,Active
CTR337507EF4C,CUST100073658,Fixed Term,2016-01-31,12,2017-01-31,True,Expired
CTR807AE19B29,CUST100052269,Month-to-Month,2020-04-15,24,2022-04-15,False,Active
CTR712C453F3E,CUST100081135,Enterprise SLA,2015-10-28,0,,True,Active
CTR536BB242B4,CUST100063061,Month-to-Month,2025-07-12,24,2027-07-12,False,Expired
CTR453DF68B73,CUST100028174,Fixed Term,2025-03-29,24,2027-03-29,False,Active
CTR0858990C0A,CUST100066143,Enterprise SLA,2024-04-16,12,2025-04-16,False,Active
CTR0974690390,CUST100039783,Fixed Term,2017-12-11,12,2018-12-11,True,Active
CTR146617F75B,CUST100087700,Fixed Term,2017-05-09,24,2019-05-09,False,Active
CTR974CB6594E,CUST100043620,Fixed Term,2020-01-01,12,2021-01-01,False,Active
CTRC1698778E9,CUST100067093,Fixed Term,2019-08-22,24,2021-08-22,False,Active
CTR047ABB4BDA,CUST100010230,Fixed Term,2025-04-29,12,2026-04-29,False,Active
CTRC3B9ED5027,CUST100060976,Fixed Term,2020-02-07,24,2022-02-07,False,Active
CTR86C2C41C5D,CUST100013986,Fixed Term,2025-12-23,24,2027-12-23,False,Active
CTR7D7C98DCE0,CUST100075514,Fixed Term,2015-01-24,24,2017-01-24,True,Active
CTRA5D21195B4,CUST100018921,Fixed Term,2023-08-10,36,2026-08-10,True,Active
CTRF71B3802FD,CUST100048951,Fixed Term,2023-02-13,12,2024-02-13,False,Active
CTR54F38178EE,CUST100055284,Enterprise SLA,2020-09-09,12,2021-09-09,True,Active
CTR07465B42B0,CUST100014268,Fixed Term,2022-12-15,24,2024-12-15,True,Terminated Early
CTRB24CB2D457,CUST100000233,Month-to-Month,2023-01-31,36,2026-01-31,True,Active
CTR6B6C0999BB,CUST100028141,Fixed Term,2017-08-11,12,2018-08-11,False,Active
CTR6A89181374,CUST100061123,Fixed Term,2015-12-19,12,2016-12-19,True,Active
CTR9DBA397D0F,CUST100057515,Fixed Term,2021-03-04,12,2022-03-04,False,Expired
CTRE83509D6FA,CUST100093016,Month-to-Month,2017-04-13,0,,True,Active
CTR08CF54EF5F,CUST100001460,Month-to-Month,2022-02-15,12,2023-02-15,False,Active
CTR6C02CC9207,CUST100020392,Enterprise SLA,2019-01-17,12,2020-01-17,True,Active
CTRB367F79CBC,CUST100086852,Month-to-Month,2018-08-23,36,2021-08-23,True,Expired
CTR4D7771179B,CUST100092822,Fixed Term,2018-03-29,24,2020-03-29,False,Active
CTR5B088F77E5,CUST100041208,Fixed Term,2024-02-10,24,2026-02-10,True,Active
CTRA8B99304C5,CUST100099770,Month-to-Month,2021-12-06,0,,True,Active
CTRCEA5E749AB,CUST100002228,Month-to-Month,2017-09-20,24,2019-09-20,False,Active
CTRE71F74AEBB,CUST100008976,Fixed Term,2025-12-06,0,,False,Expired
CTRFB5B55AD93,CUST100073829,Fixed Term,2021-10-07,12,2022-10-07,True,Active
CTREB95CB03D8,CUST100058499,Fixed Term,2020-09-18,12,2021-09-18,True,Active
CTREFC482CC8E,CUST100095024,Month-to-Month,2020-05-19,12,2021-05-19,False,Pending Renewal
CTR1B2CF8549D,CUST100004477,Month-to-Month,2018-07-21,0,,True,Active
CTR58651CF4F3,CUST100083883,Month-to-Month,2024-10-22,24,2026-10-22,False,Active
CTR979DE73230,CUST100099514,Fixed Term,2023-03-26,24,2025-03-26,True,Expired
CTR1A102C5F59,CUST100068393,Fixed Term,2020-12-23,24,2022-12-23,True,Active
CTR9845EEBCEA,CUST100064038,Month-to-Month,2019-07-24,24,2021-07-24,True,Active
CTRD3F7517B49,CUST100050162,Fixed Term,2018-03-02,24,2020-03-02,True,Active
CTR9448C93DD8,CUST100080067,Fixed Term,2015-03-16,24,2017-03-16,True,Expired
CTRC5CB4E90B2,CUST100075052,Fixed Term,2016-03-15,24,2018-03-15,False,Active
CTRCB56B6E78F,CUST100009608,Month-to-Month,2024-11-07,12,2025-11-07,True,Active
CTR0B50A50B03,CUST100046804,Month-to-Month,2015-11-09,36,2018-11-09,True,Active
CTR8CAA9FD2DA,CUST100000005,Enterprise SLA,2025-04-15,0,,False,Active
CTRB12DDB1659,CUST100090055,Fixed Term,2024-08-10,12,2025-08-10,True,Active
CTRD7D13DAC47,CUST100000148,Month-to-Month,2024-01-03,12,2025-01-03,False,Active
CTR518A649EAD,CUST100098712,Fixed Term,2019-04-18,0,,False,Active
CTR72FB28984D,CUST100060678,Month-to-Month,2025-09-26,0,,True,Pending Renewal
CTR9B0FA98124,CUST100012675,Month-to-Month,2015-10-28,24,2017-10-28,True,Pending Renewal
CTR834F365F99,CUST100052642,Enterprise SLA,2024-08-05,12,2025-08-05,True,Active
CTR67F02058E5,CUST100055008,Month-to-Month,2025-02-05,24,2027-02-05,False,Active
CTRF999106414,CUST100038216,Month-to-Month,2018-08-28,0,,False,Active
CTR9658F4B737,CUST100090366,Month-to-Month,2016-03-08,24,2018-03-08,True,Terminated Early
CTR20DF858114,CUST100045748,Fixed Term,2017-10-26,0,,True,Active
CTR8A26623B17,CUST100066719,Fixed Term,2017-10-15,12,2018-10-15,True,Active
CTR98E7730A90,CUST100028402,Fixed Term,2021-07-08,12,2022-07-08,False,Expired
CTRCB5A9C8802,CUST100039079,Month-to-Month,2017-10-10,0,,True,Active
CTR714CB92DDA,CUST100099364,Fixed Term,2017-01-03,36,2020-01-03,False,Active
CTR6F157CDAE7,CUST100017909,Fixed Term,2021-11-21,12,2022-11-21,False,Active
CTR19F07C3BA2,CUST100083924,Month-to-Month,2025-02-19,12,2026-02-19,True,Active
CTRD565BA39DF,CUST100055980,Month-to-Month,2015-12-12,0,,True,Expired
CTRA740A895C9,CUST100006479,Month-to-Month,2020-10-15,24,2022-10-15,True,Active
CTR1D5794131A,CUST100032878,Fixed Term,2018-09-04,0,,False,Active
CTR872371678F,CUST100092172,Fixed Term,2023-06-06,0,,True,Active
CTRFA61DD9339,CUST100010955,Fixed Term,2020-02-07,0,,True,Expired
CTRD6E2A62CB7,CUST100020974,Fixed Term,2020-03-17,24,2022-03-17,True,Terminated Early
CTR6C5FCAF31E,CUST100043778,Fixed Term,2023-08-08,0,,False,Expired
CTR98BD19989F,CUST100060467,Fixed Term,2019-12-10,12,2020-12-10,False,Active
CTR64574D5F05,CUST100091094,Month-to-Month,2019-10-03,24,2021-10-03,True,Active
CTR56C93BC9A5,CUST100088727,Fixed Term,2018-11-08,12,2019-11-08,True,Active
CTR4585AA35B7,CUST100007005,Fixed Term,2017-11-14,0,,True,Active
CTR3EAEE5EB66,CUST100023988,Fixed Term,2015-10-27,24,2017-10-27,False,Active
CTR598AF83ADA,CUST100022290,Month-to-Month,2023-01-14,24,2025-01-14,False,Terminated Early
CTR7C6F0C6A23,CUST100089036,Fixed Term,2024-10-13,24,2026-10-13,False,Active
CTRADA56200CB,CUST100014608,Fixed Term,2019-07-17,24,2021-07-17,True,Pending Renewal
CTR08A4322DF4,CUST100042921,Month-to-Month,2024-11-21,24,2026-11-21,False,Active
CTR73F1FE0E34,CUST100007043,Month-to-Month,2019-07-16,36,2022-07-16,True,Active
CTR1BCA68EA4B,CUST100048484,Fixed Term,2020-08-17,0,,False,Active
CTRE846BF67C0,CUST100019267,Fixed Term,2020-09-16,24,2022-09-16,True,Active
CTRE06D43EE18,CUST100098717,Enterprise SLA,2018-09-02,0,,True,Active
CTR2DC40A5E18,CUST100059627,Fixed Term,2019-10-07,12,2020-10-07,True,Active
CTREC4DEA30D0,CUST100006135,Month-to-Month,2021-06-16,24,2023-06-16,True,Active
CTR06737AD94D,CUST100013492,Month-to-Month,2015-06-27,12,2016-06-27,False,Active
CTR8F70C237C0,CUST100061037,Fixed Term,2022-07-11,24,2024-07-11,True,Active
CTR1699E657DB,CUST100046436,Enterprise SLA,2024-05-23,24,2026-05-23,True,Pending Renewal
CTRC76FD8EDA8,CUST100079259,Fixed Term,2021-10-07,24,2023-10-07,False,Expired
CTR2D95A92CAE,CUST100063332,Enterprise SLA,2020-12-26,24,2022-12-26,True,Active
CTR8CF6C84857,CUST100074382,Fixed Term,2023-01-14,36,2026-01-14,True,Expired
CTR9E7404286B,CUST100004077,Month-to-Month,2016-06-27,12,2017-06-27,False,Active
CTR366732624E,CUST100090872,Fixed Term,2016-08-13,24,2018-08-13,True,Expired
CTRD447A5E765,CUST100024146,Month-to-Month,2022-05-31,12,2023-05-31,False,Expired
CTRA6F39DC76C,CUST100022494,Fixed Term,2023-11-16,0,,True,Expired
CTR559EFD8140,CUST100014071,Fixed Term,2017-08-20,0,,False,Active
CTRB7ABC3EC2B,CUST100053495,Fixed Term,2016-09-08,0,,False,Terminated Early
CTRE161054E80,CUST100007788,Fixed Term,2024-07-27,12,2025-07-27,False,Active
CTRA097DBB721,CUST100069093,Fixed Term,2025-03-20,24,2027-03-20,False,Active
CTR5C7421B52A,CUST100003158,Month-to-Month,2018-09-18,12,2019-09-18,False,Active
CTR2EBADBE5AA,CUST100012426,Fixed Term,2020-08-28,12,2021-08-28,True,Expired
CTRD5835D0CDD,CUST100081494,Month-to-Month,2017-09-09,24,2019-09-09,True,Active
CTRD92EC4EC08,CUST100048619,Month-to-Month,2017-09-19,24,2019-09-19,True,Expired
CTRD6AA6AE5C5,CUST100030138,Fixed Term,2024-04-06,24,2026-04-06,False,Expired
CTR3C4892FB1A,CUST100085921,Month-to-Month,2016-03-04,0,,False,Terminated Early
CTRDFE248DFB6,CUST100082259,Fixed Term,2025-08-22,12,2026-08-22,True,Active
CTRCFA839BE40,CUST100047140,Fixed Term,2018-06-13,24,2020-06-13,True,Active
CTRA9E5CBB6A3,CUST100029223,Fixed Term,2019-06-24,24,2021-06-24,False,Active
CTR64D91AB4FE,CUST100025802,Fixed Term,2016-05-01,0,,False,Terminated Early
CTR13CE084A40,CUST100013454,Fixed Term,2019-10-04,0,,True,Active
CTR8701AEA688,CUST100052611,Fixed Term,2018-07-04,12,2019-07-04,False,Expired
CTR88130CAAE6,CUST100033374,Month-to-Month,2018-11-24,12,2019-11-24,False,Pending Renewal
CTR972DAA8262,CUST100069643,Fixed Term,2018-06-17,0,,True,Active
CTRDDB5BFC651,CUST100092384,Fixed Term,2022-03-19,12,2023-03-19,True,Active
CTRB6B8D8A9C3,CUST100025860,Month-to-Month,2020-07-20,24,2022-07-20,True,Active
CTRBC04A0797F,CUST100006425,Fixed Term,2016-04-22,0,,False,Pending Renewal
CTR09E2E404CB,CUST100079331,Month-to-Month,2019-01-09,12,2020-01-09,False,Active
CTRC295AA8773,CUST100039761,Month-to-Month,2024-03-10,24,2026-03-10,False,Expired
CTRCA5B843808,CUST100007208,Fixed Term,2025-01-04,12,2026-01-04,True,Terminated Early
CTRB8CB99EA4B,CUST100089689,Month-to-Month,2020-03-16,24,2022-03-16,True,Active
CTREA6BE209A0,CUST100032195,Fixed Term,2023-12-09,24,2025-12-09,True,Active
CTR28AA2F8C55,CUST100044844,Fixed Term,2025-10-08,24,2027-10-08,True,Active
CTRBE59763E99,CUST100055652,Fixed Term,2025-04-05,24,2027-04-05,True,Active
CTR6FD05BC625,CUST100008046,Fixed Term,2015-12-09,24,2017-12-09,False,Active
CTR4C7E1B7C2C,CUST100060631,Fixed Term,2015-01-10,12,2016-01-10,False,Pending Renewal
CTRE3CDCB740E,CUST100068973,Fixed Term,2018-08-27,0,,True,Active
CTR18EC4A384E,CUST100098756,Fixed Term,2020-04-01,24,2022-04-01,False,Terminated Early
CTR32AE55CC85,CUST100086065,Fixed Term,2023-11-24,24,2025-11-24,True,Active
CTREFB29994C1,CUST100043834,Fixed Term,2022-04-11,24,2024-04-11,True,Active
CTR7CF690C29B,CUST100087346,Enterprise SLA,2018-02-20,0,,True,Active
CTRB7AA54E23D,CUST100009267,Month-to-Month,2024-04-14,12,2025-04-14,True,Active
CTR9200278F00,CUST100047466,Fixed Term,2019-09-28,24,2021-09-28,False,Pending Renewal
CTRDDA926A614,CUST100094468,Month-to-Month,2023-12-14,24,2025-12-14,False,Active
CTR396C3B9A0C,CUST100043081,Month-to-Month,2022-12-20,24,2024-12-20,False,Active
CTR2B61AB341E,CUST100037048,Fixed Term,2019-06-09,12,2020-06-09,True,Active
CTR2D64BC140C,CUST100029311,Fixed Term,2021-07-27,12,2022-07-27,False,Active
CTR96F6E9839D,CUST100094603,Fixed Term,2017-04-21,24,2019-04-21,False,Active
CTR21D46B8583,CUST100068134,Fixed Term,2018-12-07,24,2020-12-07,True,Expired
CTRE46838A675,CUST100022825,Month-to-Month,2023-01-09,24,2025-01-09,True,Active
CTRDF913B7D51,CUST100006688,Month-to-Month,2018-03-30,24,2020-03-30,False,Active
CTR772C475725,CUST100004251,Fixed Term,2023-03-27,0,,False,Active
CTRF2525230CA,CUST100092594,Month-to-Month,2021-06-18,24,2023-06-18,True,Expired
CTRBBFD32AD28,CUST100010058,Fixed Term,2020-07-10,0,,False,Active
CTRD6933501C6,CUST100018008,Fixed Term,2024-05-09,0,,True,Active
CTR57DB1B19A1,CUST100004534,Month-to-Month,2021-08-20,12,2022-08-20,True,Active
CTR596F3AF703,CUST100038534,Month-to-Month,2020-04-05,12,2021-04-05,True,Terminated Early
CTR9C73A7C2CE,CUST100047732,Fixed Term,2024-10-29,12,2025-10-29,True,Active
CTR0B67944291,CUST100098808,Fixed Term,2021-01-14,0,,True,Expired
CTR6ADABF9EC6,CUST100046199,Month-to-Month,2022-07-26,0,,True,Terminated Early
CTR6785FAD47E,CUST100014452,Month-to-Month,2025-10-07,12,2026-10-07,False,Active
CTRE61C2B08A8,CUST100057292,Fixed Term,2020-10-21,0,,True,Expired
CTRBBD2C7FC55,CUST100011445,Month-to-Month,2024-01-21,24,2026-01-21,True,Active
CTR0961EF119C,CUST100082984,Fixed Term,2015-12-30,24,2017-12-30,True,Active
CTRF55D56DBE4,CUST100050623,Month-to-Month,2020-08-14,12,2021-08-14,True,Active
CTR3071FF24B3,CUST100028574,Month-to-Month,2020-11-30,12,2021-11-30,True,Active
CTR8CCFA5906F,CUST100050257,Month-to-Month,2015-03-16,12,2016-03-16,True,Active
CTR943CBDE8C0,CUST100099259,Fixed Term,2025-01-30,12,2026-01-30,True,Terminated Early
CTR460A6532B4,CUST100058652,Month-to-Month,2021-07-23,12,2022-07-23,False,Active
CTRFB708618C7,CUST100032790,Fixed Term,2020-03-09,0,,False,Active
CTR1F68805C40,CUST100028011,Fixed Term,2025-01-27,12,2026-01-27,False,Terminated Early
CTR18B5837BF4,CUST100061943,Month-to-Month,2019-06-12,24,2021-06-12,False,Expired
CTRD4E3866DD0,CUST100047357,Month-to-Month,2015-03-18,12,2016-03-18,True,Active
CTR676F623483,CUST100064586,Fixed Term,2018-12-27,36,2021-12-27,True,Terminated Early
CTR54FD7F3693,CUST100019199,Month-to-Month,2015-03-28,36,2018-03-28,True,Active
CTR98C2B71EA6,CUST100087040,Fixed Term,2018-10-18,0,,True,Active
CTR57A3DFBAE6,CUST100059260,Month-to-Month,2025-12-17,0,,True,Active
CTRD6926D3D2F,CUST100008393,Month-to-Month,2020-06-25,24,2022-06-25,False,Active
CTR3601F994A9,CUST100040983,Month-to-Month,2015-01-04,12,2016-01-04,True,Active
CTR2CC62E5FE5,CUST100030098,Month-to-Month,2023-05-30,24,2025-05-30,True,Expired
CTR0AAE4A4CAB,CUST100007293,Month-to-Month,2023-03-06,12,2024-03-06,True,Active
CTR2CB5E0E7B0,CUST100093753,Month-to-Month,2022-05-23,24,2024-05-23,True,Active
CTR7C9D9976AD,CUST100066843,Enterprise SLA,2025-02-17,0,,True,Active
CTR6D95226AFE,CUST100094951,Fixed Term,2019-02-26,24,2021-02-26,True,Active
CTR32FBB65A3D,CUST100038347,Fixed Term,2018-12-15,24,2020-12-15,False,Active
CTRCA94E97008,CUST100048301,Fixed Term,2019-05-16,0,,False,Active
CTR415F1A83E0,CUST100026962,Fixed Term,2017-06-07,12,2018-06-07,True,Pending Renewal
CTRFC5F5BDFE0,CUST100050762,Month-to-Month,2020-05-24,36,2023-05-24,False,Active
CTRDD8FC469AC,CUST100038956,Month-to-Month,2022-02-28,24,2024-02-28,False,Active
CTRF54926AC19,CUST100009570,Fixed Term,2021-04-14,24,2023-04-14,True,Active
CTR607DD519E5,CUST100010310,Fixed Term,2021-02-03,12,2022-02-03,True,Expired
CTR4D2DCE86FB,CUST100075104,Month-to-Month,2016-09-25,12,2017-09-25,True,Active
CTR5DF07C7E98,CUST100094267,Fixed Term,2025-08-03,0,,False,Active
CTR4DA9281B05,CUST100008070,Fixed Term,2024-10-13,0,,False,Expired
CTRF7B1E5F5A9,CUST100079342,Fixed Term,2017-05-06,24,2019-05-06,True,Active
CTRCBD39DAAF3,CUST100006901,Fixed Term,2020-01-28,24,2022-01-28,False,Terminated Early
CTRC8E6CF35A3,CUST100072540,Fixed Term,2018-01-29,0,,True,Active
CTRC48355FDA4,CUST100011966,Fixed Term,2023-05-15,12,2024-05-15,False,Terminated Early
CTR67D18C081B,CUST100043530,Fixed Term,2025-07-27,0,,False,Active
CTRB8800AFB51,CUST100008086,Fixed Term,2015-01-26,12,2016-01-26,True,Active
CTR07C84131B3,CUST100089459,Month-to-Month,2025-05-09,0,,True,Active
CTR45608DB597,CUST100085883,Month-to-Month,2017-06-04,12,2018-06-04,True,Active
CTRCAAAC80494,CUST100079805,Fixed Term,2018-02-25,24,2020-02-25,True,Active
CTR10C38746C5,CUST100039208,Month-to-Month,2020-04-25,24,2022-04-25,True,Pending Renewal
CTR87A299222E,CUST100035167,Month-to-Month,2016-04-02,0,,True,Expired
CTRAFBBCFF918,CUST100063431,Fixed Term,2025-04-15,0,,False,Active
CTREDA2A87591,CUST100067600,Fixed Term,2016-09-11,24,2018-09-11,False,Terminated Early
CTR8BB9F0808A,CUST100087832,Fixed Term,2022-06-22,12,2023-06-22,False,Active
CTR586F284BD5,CUST100089858,Fixed Term,2017-11-30,0,,False,Active
CTR5C0B31ADED,CUST100032817,Fixed Term,2016-06-26,12,2017-06-26,True,Pending Renewal
CTRBDB2B938BB,CUST100042612,Fixed Term,2018-07-29,12,2019-07-29,True,Active
CTRF388F39B4D,CUST100090412,Month-to-Month,2022-01-19,12,2023-01-19,False,Active
CTRD2C3468A96,CUST100098996,Month-to-Month,2022-11-04,12,2023-11-04,True,Active
CTR7770B6B271,CUST100031420,Fixed Term,2024-09-13,0,,False,Active
CTRAA667FBCD9,CUST100041887,Month-to-Month,2015-12-24,12,2016-12-24,True,Active
CTR14F4B46BE5,CUST100010460,Fixed Term,2015-01-10,0,,False,Active
CTR28B2468F01,CUST100018858,Month-to-Month,2016-05-27,24,2018-05-27,True,Active
CTRC631116D17,CUST100008640,Month-to-Month,2023-11-30,12,2024-11-30,True,Active
CTR242F860AFF,CUST100011219,Fixed Term,2018-10-22,24,2020-10-22,False,Active
CTR188AF1B8F9,CUST100087350,Enterprise SLA,2022-10-19,12,2023-10-19,True,Active
CTR0A3FD440C2,CUST100016560,Month-to-Month,2020-02-29,24,2022-02-28,True,Active
CTRB27492660E,CUST100013265,Fixed Term,2016-11-04,0,,True,Active
CTRFCCF172A75,CUST100000509,Month-to-Month,2024-11-11,36,2027-11-11,False,Active
CTR724A8C4B4B,CUST100031250,Month-to-Month,2025-12-15,12,2026-12-15,True,Pending Renewal
CTRDEDF023030,CUST100076804,Month-to-Month,2020-11-18,36,2023-11-18,False,Active
CTRDC55D44CD0,CUST100062142,Month-to-Month,2019-01-11,12,2020-01-11,False,Active
CTRC9CA5E0369,CUST100079142,Fixed Term,2015-02-02,24,2017-02-02,True,Active
CTRC69505996A,CUST100026168,Month-to-Month,2016-06-23,24,2018-06-23,True,Expired
CTR08CC7FF961,CUST100004029,Month-to-Month,2017-09-15,0,,True,Active
CTRAFE41E55B5,CUST100026209,Fixed Term,2017-02-06,36,2020-02-06,True,Active
CTRFC9EF7A539,CUST100009687,Fixed Term,2017-04-04,0,,True,Active
CTR3CE9743BFD,CUST100033314,Month-to-Month,2023-05-05,0,,True,Active
CTR113FCE3905,CUST100014201,Fixed Term,2015-04-17,36,2018-04-17,False,Active
CTRCF10DE905F,CUST100017228,Month-to-Month,2019-03-05,12,2020-03-05,True,Active
CTR95726CC0B0,CUST100077434,Month-to-Month,2024-07-25,12,2025-07-25,False,Expired
CTR56A94B08F6,CUST100018166,Fixed Term,2017-02-07,24,2019-02-07,False,Active
CTRB0D2BCD0AE,CUST100080159,Fixed Term,2017-08-21,24,2019-08-21,True,Active
CTR3B99069A1A,CUST100014306,Fixed Term,2020-01-19,0,,True,Active
CTREAF4A2FCE6,CUST100011515,Fixed Term,2020-10-07,24,2022-10-07,False,Expired
CTR833027DCCC,CUST100055970,Month-to-Month,2019-12-10,0,,True,Active
CTRF1BA8D952A,CUST100095352,Month-to-Month,2025-03-22,24,2027-03-22,False,Active
CTRC2CD2A275E,CUST100024427,Fixed Term,2024-12-21,0,,False,Terminated Early
CTREF0C28B64B,CUST100045714,Fixed Term,2015-02-16,12,2016-02-16,True,Active
CTR0B7CF4D522,CUST100020264,Month-to-Month,2021-05-16,24,2023-05-16,False,Active
CTRACC5CDB3D9,CUST100018002,Month-to-Month,2025-03-26,12,2026-03-26,False,Active
CTR12AB74D203,CUST100093327,Fixed Term,2015-03-21,36,2018-03-21,True,Active
CTRAFB868F130,CUST100022381,Fixed Term,2022-06-17,24,2024-06-17,False,Active
CTR3BFD241258,CUST100064119,Fixed Term,2020-02-29,24,2022-02-28,False,Terminated Early
CTR5F25ADFD4C,CUST100081113,Month-to-Month,2021-08-20,0,,False,Active
CTR73B56F75E7,CUST100044386,Month-to-Month,2016-10-07,24,2018-10-07,False,Active
CTR5938139B1A,CUST100095945,Fixed Term,2016-08-24,12,2017-08-24,True,Active
CTRB2DFD02B12,CUST100027947,Enterprise SLA,2016-05-10,12,2017-05-10,False,Active
CTR4F8D91C0E2,CUST100080278,Month-to-Month,2019-12-31,0,,False,Active
CTR96CF63107A,CUST100080242,Month-to-Month,2024-07-17,12,2025-07-17,False,Expired
CTRB42FC4979D,CUST100070370,Fixed Term,2023-08-09,24,2025-08-09,False,Active
CTR48260B0F90,CUST100067936,Month-to-Month,2015-08-13,24,2017-08-13,False,Active
CTR04FBC96459,CUST100037232,Month-to-Month,2016-02-07,0,,False,Expired
CTR7F47445784,CUST100070885,Fixed Term,2020-11-27,0,,True,Expired
CTR5802856195,CUST100095742,Month-to-Month,2024-11-13,0,,True,Active
CTRB1E105DBEF,CUST100076419,Fixed Term,2017-01-11,12,2018-01-11,True,Active
CTR89E58A4F87,CUST100052148,Enterprise SLA,2023-04-18,24,2025-04-18,True,Terminated Early
CTR4EB16BA606,CUST100096501,Fixed Term,2019-10-29,24,2021-10-29,True,Active
CTR2C08CB0F8E,CUST100067361,Fixed Term,2015-05-02,0,,False,Expired
CTRCCFE17B470,CUST100030914,Month-to-Month,2020-03-24,12,2021-03-24,True,Active
CTR26336EBF82,CUST100091506,Fixed Term,2015-08-01,12,2016-08-01,True,Active
CTRE4F530A3B3,CUST100059188,Enterprise SLA,2017-10-28,12,2018-10-28,False,Active
CTRA2C98C62B3,CUST100079328,Month-to-Month,2016-05-28,12,2017-05-28,False,Terminated Early
CTRD8BC12E818,CUST100041513,Fixed Term,2024-05-27,24,2026-05-27,False,Active
CTRA49CA7DA45,CUST100020970,Fixed Term,2025-08-11,12,2026-08-11,True,Active
CTRBFEE2A03FF,CUST100041212,Fixed Term,2022-05-01,12,2023-05-01,True,Active
CTRB0EC1DDF2D,CUST100093690,Fixed Term,2018-03-19,12,2019-03-19,True,Active
CTR1DCF898624,CUST100053467,Fixed Term,2020-07-22,12,2021-07-22,False,Active
CTR3936EF4717,CUST100053620,Fixed Term,2015-01-31,12,2016-01-31,False,Active
CTRFC1A44A1FF,CUST100047431,Fixed Term,2020-08-14,24,2022-08-14,True,Expired
CTRC9A7419F2F,CUST100006155,Month-to-Month,2018-05-08,0,,False,Active
CTR6150C8BDAC,CUST100034965,Fixed Term,2017-12-11,12,2018-12-11,False,Pending Renewal
CTR430B60BEF0,CUST100099883,Month-to-Month,2025-08-03,0,,True,Active
CTR7CD8F73CCC,CUST100090411,Fixed Term,2019-10-22,24,2021-10-22,True,Terminated Early
CTR41CB167C03,CUST100060722,Fixed Term,2019-08-26,0,,True,Active
CTRFFC662DD21,CUST100087984,Fixed Term,2021-06-18,0,,False,Active
CTRE5B7E5D95B,CUST100099713,Month-to-Month,2024-10-09,24,2026-10-09,False,Active
CTRF24BC5CB93,CUST100019969,Month-to-Month,2023-12-10,12,2024-12-10,True,Active
CTR7DF0E67FE5,CUST100025972,Fixed Term,2018-01-17,24,2020-01-17,True,Active
CTR0BF6619E23,CUST100079355,Fixed Term,2025-03-18,12,2026-03-18,True,Active
CTR1B46CC0575,CUST100017784,Month-to-Month,2021-08-01,0,,False,Active
CTR5B3EB93E9E,CUST100048345,Month-to-Month,2023-08-18,0,,True,Expired
CTR81DC3453CB,CUST100098096,Fixed Term,2018-05-01,36,2021-05-01,False,Active
CTR8C7D593492,CUST100034270,Fixed Term,2020-04-17,24,2022-04-17,True,Active
CTR61FD4CD790,CUST100088902,Month-to-Month,2017-12-03,12,2018-12-03,True,Expired
CTRD6E216692F,CUST100028651,Month-to-Month,2024-11-29,0,,False,Expired
CTRE91386E3C2,CUST100085745,Fixed Term,2019-11-03,12,2020-11-03,False,Pending Renewal
CTR3C1B1E592A,CUST100092630,Fixed Term,2022-11-27,12,2023-11-27,True,Expired
CTR9DF40150FD,CUST100070316,Fixed Term,2021-07-24,24,2023-07-24,False,Expired
CTR3C056C74BF,CUST100040445,Month-to-Month,2025-12-01,36,2028-12-01,True,Active
CTR96C6213E43,CUST100095193,Fixed Term,2021-03-09,24,2023-03-09,False,Active
CTRBCCCB96251,CUST100003794,Month-to-Month,2025-05-21,36,2028-05-21,False,Active
CTRD368721CE8,CUST100042937,Month-to-Month,2020-10-27,24,2022-10-27,True,Expired
CTR5A49681538,CUST100073430,Month-to-Month,2017-03-12,24,2019-03-12,True,Active
CTR43082E598C,CUST100019317,Fixed Term,2024-11-04,24,2026-11-04,True,Active
CTR6E4EA18EF7,CUST100027267,Fixed Term,2020-05-20,0,,False,Active
CTRB13C2661B8,CUST100015266,Enterprise SLA,2017-06-10,24,2019-06-10,True,Expired
CTRF9618C70AB,CUST100099345,Month-to-Month,2025-01-27,0,,True,Expired
CTR14242EA8D2,CUST100086685,Month-to-Month,2021-05-07,0,,False,Active
CTR469605E865,CUST100075475,Fixed Term,2021-02-06,0,,True,Active
CTR5368A9C663,CUST100035180,Fixed Term,2016-03-09,24,2018-03-09,True,Active
CTR68F32C03AC,CUST100086427,Fixed Term,2017-01-13,12,2018-01-13,True,Active
CTR34CFEC22AB,CUST100032638,Month-to-Month,2025-12-12,12,2026-12-12,True,Active
CTRC411A5BB54,CUST100027768,Month-to-Month,2022-05-05,12,2023-05-05,False,Expired
CTR95D90814D6,CUST100069726,Month-to-Month,2015-09-22,0,,False,Active
CTR2F4D24C079,CUST100090171,Fixed Term,2015-11-24,24,2017-11-24,True,Active
CTR3CDAFBBCA8,CUST100058231,Fixed Term,2020-11-28,24,2022-11-28,True,Active
CTR58E959F24A,CUST100013909,Month-to-Month,2020-02-03,0,,False,Active
CTR38FFBA0AEA,CUST100081254,Fixed Term,2020-03-01,12,2021-03-01,True,Active
CTRF0E65AB1C9,CUST100056214,Month-to-Month,2021-08-27,12,2022-08-27,True,Active
CTRC269B2D082,CUST100061054,Fixed Term,2019-05-09,12,2020-05-09,True,Active
CTR4858A08F58,CUST100033399,Fixed Term,2022-08-03,12,2023-08-03,False,Active
CTREB5CA49666,CUST100041169,Month-to-Month,2022-08-17,24,2024-08-17,True,Active
CTRB4E363C0F8,CUST100079150,Month-to-Month,2022-05-29,0,,True,Expired
CTR8F61A32495,CUST100089878,Fixed Term,2020-10-03,0,,True,Active
CTRBFEC6ED5AB,CUST100065472,Month-to-Month,2021-03-21,12,2022-03-21,False,Active
CTRD33B927663,CUST100096516,Fixed Term,2024-11-03,12,2025-11-03,False,Active
CTR1FDC28CA48,CUST100033895,Fixed Term,2022-12-24,12,2023-12-24,True,Active
CTRAA58E7CCCA,CUST100055619,Fixed Term,2015-06-05,12,2016-06-05,True,Expired
CTRFC29179C63,CUST100020041,Fixed Term,2016-04-16,0,,False,Active
CTR166957FBF7,CUST100076552,Fixed Term,2020-09-19,12,2021-09-19,True,Terminated Early
CTR3B6C6DF222,CUST100029295,Fixed Term,2024-04-03,0,,False,Active
CTR565419B6AF,CUST100080553,Month-to-Month,2021-02-20,12,2022-02-20,True,Active
CTR323345F9D0,CUST100042203,Month-to-Month,2023-08-12,36,2026-08-12,True,Active
CTR136114265A,CUST100038879,Month-to-Month,2021-01-25,12,2022-01-25,True,Pending Renewal
CTREF0F9823E2,CUST100073382,Fixed Term,2018-01-07,24,2020-01-07,False,Active
CTR5E0C87A24A,CUST100060768,Month-to-Month,2021-08-07,0,,False,Active
CTR5942D5DEFE,CUST100030179,Month-to-Month,2019-12-13,0,,False,Active
CTR72E73A0C54,CUST100071863,Month-to-Month,2018-04-20,0,,True,Active
CTR42A7546C23,CUST100077297,Fixed Term,2017-01-12,0,,True,Active
CTR55B850940C,CUST100085067,Fixed Term,2025-05-14,24,2027-05-14,True,Terminated Early
CTRAE0CF03720,CUST100076519,Enterprise SLA,2019-04-08,0,,True,Active
CTR478DF0B8BE,CUST100083349,Month-to-Month,2015-01-31,0,,True,Active
CTR550492441A,CUST100070192,Enterprise SLA,2022-08-31,12,2023-08-31,True,Active
CTR2593EBF5CE,CUST100093966,Fixed Term,2024-12-10,24,2026-12-10,False,Terminated Early
CTRACE9C1F576,CUST100055055,Month-to-Month,2020-11-12,24,2022-11-12,False,Active
CTRADAF4D324F,CUST100020523,Fixed Term,2022-08-10,24,2024-08-10,False,Expired
CTR44FF135BF1,CUST100062526,Enterprise SLA,2022-01-18,0,,True,Active
CTRF82BC76DFA,CUST100064323,Month-to-Month,2016-03-06,12,2017-03-06,True,Expired
CTRCB68B59442,CUST100021201,Enterprise SLA,2016-08-09,0,,True,Active
CTR99897131D4,CUST100064279,Month-to-Month,2024-01-04,0,,True,Active
CTR82BC82B476,CUST100013892,Fixed Term,2020-05-13,24,2022-05-13,False,Active
CTR05FAA33349,CUST100052594,Fixed Term,2016-03-28,24,2018-03-28,False,Pending Renewal
CTRDEBCD46C10,CUST100046336,Fixed Term,2019-11-04,24,2021-11-04,True,Active
CTR9B9EF4ACB0,CUST100081547,Fixed Term,2020-07-18,0,,True,Active
CTRF47A46664E,CUST100083109,Fixed Term,2015-05-08,0,,True,Active
CTRBFC010A672,CUST100027379,Month-to-Month,2023-01-17,0,,False,Active
CTR1278B3C78C,CUST100088832,Fixed Term,2017-03-03,0,,True,Active
CTRE49B616C21,CUST100056108,Fixed Term,2022-02-27,24,2024-02-27,False,Active
CTRF864743894,CUST100092605,Fixed Term,2021-04-29,24,2023-04-29,False,Pending Renewal
CTRCD59B694E1,CUST100075235,Fixed Term,2020-09-03,0,,True,Active
CTRCCC5B81178,CUST100079589,Fixed Term,2015-01-14,0,,False,Expired
CTR206F930B75,CUST100033624,Fixed Term,2018-06-02,12,2019-06-02,True,Active
CTR9D064DC971,CUST100055898,Fixed Term,2019-04-13,24,2021-04-13,False,Active
CTR632DB55A34,CUST100023580,Fixed Term,2018-10-15,12,2019-10-15,True,Expired
CTR9BC28B7D71,CUST100006863,Month-to-Month,2020-01-26,0,,False,Active
CTREB8D2AC418,CUST100051070,Month-to-Month,2020-10-24,12,2021-10-24,True,Active
CTR87F3482F3D,CUST100061934,Fixed Term,2025-07-10,36,2028-07-10,True,Active
CTRD7E2120831,CUST100002851,Fixed Term,2025-03-17,36,2028-03-17,False,Expired
CTR08E590E75D,CUST100089188,Fixed Term,2016-10-27,12,2017-10-27,True,Expired
CTR2739D33ED4,CUST100011748,Enterprise SLA,2019-06-20,24,2021-06-20,True,Active
CTR0256421D3C,CUST100092536,Fixed Term,2025-06-08,24,2027-06-08,False,Active
CTRDA2D7584E1,CUST100005673,Month-to-Month,2018-04-24,0,,True,Active
CTR59478B716A,CUST100028852,Fixed Term,2015-06-15,0,,False,Active
CTRA021479A6A,CUST100063179,Month-to-Month,2018-07-05,0,,True,Active
CTREFB067D3BB,CUST100030564,Fixed Term,2020-08-24,12,2021-08-24,True,Active
CTRD80DA7E4D4,CUST100087232,Fixed Term,2025-05-13,0,,True,Active
CTR40A13C97BC,CUST100035240,Fixed Term,2022-01-18,24,2024-01-18,True,Active
CTR52CF7AB0E3,CUST100079395,Fixed Term,2025-10-07,36,2028-10-07,False,Active
CTRBF1D945658,CUST100059529,Month-to-Month,2019-08-04,12,2020-08-04,False,Active
CTRBFD7BF8EF7,CUST100015849,Month-to-Month,2015-12-13,12,2016-12-13,False,Active
CTR3EA8A5A935,CUST100047665,Fixed Term,2016-01-18,12,2017-01-18,False,Active
CTRDAE7776BF9,CUST100082055,Fixed Term,2025-07-24,24,2027-07-24,True,Terminated Early
CTR7AE06F8333,CUST100071834,Fixed Term,2018-08-01,12,2019-08-01,True,Active
CTRD4FEBFB52A,CUST100004125,Enterprise SLA,2020-02-18,0,,True,Expired
CTR9978D003D1,CUST100036912,Month-to-Month,2015-12-10,24,2017-12-10,False,Active
CTRBF0FBB08BC,CUST100064623,Fixed Term,2015-01-18,0,,False,Active
CTR543BD36C54,CUST100064042,Fixed Term,2024-03-04,0,,True,Pending Renewal
CTR58E2E23D6C,CUST100002506,Month-to-Month,2025-08-13,24,2027-08-13,False,Expired
CTR1123F10C63,CUST100098716,Fixed Term,2017-12-02,0,,False,Active
CTRF56D8FFBE9,CUST100088673,Enterprise SLA,2018-11-30,24,2020-11-30,True,Active
CTR5286F9F917,CUST100066757,Month-to-Month,2025-06-08,24,2027-06-08,False,Active
CTR5ADE71569A,CUST100079404,Month-to-Month,2025-06-05,0,,False,Active
CTR511013843E,CUST100092264,Fixed Term,2020-12-16,0,,True,Active
CTR3C22DFCBC0,CUST100023639,Month-to-Month,2023-08-26,0,,True,Terminated Early
CTR6BFC86E26F,CUST100061432,Month-to-Month,2023-03-13,12,2024-03-13,True,Active
CTR994CF51835,CUST100030419,Enterprise SLA,2019-11-21,24,2021-11-21,True,Active
CTR89569561F6,CUST100010979,Month-to-Month,2022-10-14,24,2024-10-14,True,Expired
CTR460C08F7F1,CUST100008111,Month-to-Month,2017-05-07,12,2018-05-07,True,Terminated Early
CTRD1B459FEE8,CUST100003814,Month-to-Month,2021-07-26,12,2022-07-26,False,Active
CTRB8DD7736BB,CUST100093030,Fixed Term,2022-09-22,24,2024-09-22,False,Terminated Early
CTR9386894366,CUST100093659,Fixed Term,2018-04-16,24,2020-04-16,True,Terminated Early
CTR50B4DFF5D7,CUST100067522,Month-to-Month,2024-05-08,0,,True,Pending Renewal
CTR9672630B02,CUST100084351,Fixed Term,2017-11-16,12,2018-11-16,False,Active
CTR0EC9E4CDA1,CUST100079220,Fixed Term,2024-11-27,0,,True,Expired
CTRF5404E519C,CUST100061480,Fixed Term,2024-05-08,0,,True,Expired
CTRBA79354D1C,CUST100086785,Fixed Term,2025-02-16,24,2027-02-16,False,Active
CTR9D50025FA3,CUST100008391,Month-to-Month,2018-09-26,36,2021-09-26,True,Active
CTR2669D07F73,CUST100000174,Enterprise SLA,2017-05-29,24,2019-05-29,False,Active
CTR3FA06C1775,CUST100080649,Fixed Term,2017-02-06,12,2018-02-06,False,Terminated Early
CTR0DC126770F,CUST100092016,Fixed Term,2025-07-21,0,,False,Active
CTR6D20AEBB7F,CUST100072446,Fixed Term,2023-03-09,12,2024-03-09,False,Active
CTR8E807DD87E,CUST100017389,Fixed Term,2019-07-19,0,,True,Active
CTR1CFA6A00FE,CUST100078467,Month-to-Month,2019-08-31,24,2021-08-31,True,Expired
CTRD9DAD7AEA2,CUST100033429,Fixed Term,2017-08-17,12,2018-08-17,True,Active
CTR8C83B6F1BA,CUST100033575,Fixed Term,2019-12-31,24,2021-12-31,True,Terminated Early
CTRAF9CFBA2D6,CUST100001040,Fixed Term,2015-03-25,12,2016-03-25,True,Pending Renewal
CTRE6E7CF63C8,CUST100015761,Enterprise SLA,2022-10-01,12,2023-10-01,True,Active
CTR8FD783BCDC,CUST100027830,Month-to-Month,2022-01-06,24,2024-01-06,True,Active
CTR6E1864094D,CUST100050150,Fixed Term,2025-07-12,12,2026-07-12,True,Active
CTR540422D483,CUST100036130,Fixed Term,2021-10-16,24,2023-10-16,False,Active
CTR6FD7E4C4B1,CUST100072336,Month-to-Month,2025-05-06,24,2027-05-06,False,Active
CTR7B324F286D,CUST100027946,Fixed Term,2024-02-14,12,2025-02-14,False,Active
CTRBB09BFA71F,CUST100016857,Fixed Term,2023-12-25,12,2024-12-25,False,Active
CTR65EEFF6289,CUST100041048,Fixed Term,2019-03-12,0,,False,Pending Renewal
CTRD37C557BF1,CUST100071812,Fixed Term,2020-03-13,0,,True,Active
CTREE00C033C9,CUST100053792,Month-to-Month,2016-05-09,24,2018-05-09,False,Terminated Early
CTRCF28C7C297,CUST100029316,Fixed Term,2023-05-14,12,2024-05-14,True,Pending Renewal
CTR8D185A0C1D,CUST100051825,Fixed Term,2019-06-16,0,,True,Expired
CTRD7861F3037,CUST100016014,Fixed Term,2018-12-17,12,2019-12-17,True,Terminated Early
CTR8D35070E5A,CUST100020947,Fixed Term,2022-10-21,24,2024-10-21,True,Pending Renewal
CTR81D3729ADF,CUST100060966,Fixed Term,2016-10-11,36,2019-10-11,True,Active
CTR5867ED4A16,CUST100081176,Fixed Term,2019-08-06,24,2021-08-06,True,Pending Renewal
CTRDB04B6FF36,CUST100022997,Fixed Term,2024-04-19,12,2025-04-19,True,Expired
CTR4FE3C330A5,CUST100087051,Month-to-Month,2024-03-29,24,2026-03-29,True,Active
CTR4C30BDD8A4,CUST100006335,Month-to-Month,2021-04-13,24,2023-04-13,False,Terminated Early
CTR0FF074BD77,CUST100020144,Fixed Term,2023-08-28,24,2025-08-28,True,Terminated Early
CTR76B6007753,CUST100023761,Month-to-Month,2024-03-23,24,2026-03-23,False,Active
CTRF71D3729B1,CUST100095592,Fixed Term,2018-04-11,12,2019-04-11,False,Active
CTR43BC557B64,CUST100000271,Month-to-Month,2018-01-25,12,2019-01-25,True,Active
CTR360DF83EC4,CUST100077655,Month-to-Month,2017-07-09,24,2019-07-09,True,Pending Renewal
CTR8000972B89,CUST100060193,Fixed Term,2021-11-04,24,2023-11-04,False,Active
CTRA231519DF0,CUST100033500,Fixed Term,2025-08-20,12,2026-08-20,True,Active
CTR488E45AAD3,CUST100029294,Month-to-Month,2015-12-15,12,2016-12-15,True,Active
CTRCA0CDA34A8,CUST100007064,Fixed Term,2023-03-12,12,2024-03-12,False,Expired
CTR016F4E79BF,CUST100046615,Fixed Term,2019-04-20,12,2020-04-20,False,Active
CTR4DB330A5E6,CUST100044057,Fixed Term,2018-03-14,12,2019-03-14,True,Active
CTR97E152F5DC,CUST100002991,Fixed Term,2017-12-07,12,2018-12-07,True,Terminated Early
CTRDD5F056F8C,CUST100083811,Fixed Term,2020-12-22,12,2021-12-22,True,Terminated Early
CTR325E0284F5,CUST100081039,Month-to-Month,2024-04-17,12,2025-04-17,False,Active
CTRC815506FB5,CUST100072620,Month-to-Month,2016-12-06,36,2019-12-06,True,Expired
CTR871A21942F,CUST100037361,Fixed Term,2022-10-31,24,2024-10-31,True,Active
CTR321C6DE43E,CUST100005660,Fixed Term,2022-11-22,12,2023-11-22,True,Active
CTR7782AA39F1,CUST100031729,Fixed Term,2025-06-28,36,2028-06-28,True,Active
CTR7F33DC3A93,CUST100089475,Month-to-Month,2024-09-18,0,,True,Active
CTR68E8FA8A7C,CUST100082614,Fixed Term,2021-06-30,0,,True,Active
CTR77032FD90E,CUST100005740,Month-to-Month,2018-06-28,12,2019-06-28,True,Expired
CTRA24746E14E,CUST100080635,Month-to-Month,2024-01-10,0,,True,Active
CTR8CE014D861,CUST100064438,Month-to-Month,2021-12-31,24,2023-12-31,False,Active
CTRB83D96791D,CUST100014094,Fixed Term,2015-11-05,24,2017-11-05,False,Active
CTRD389E0D90D,CUST100044726,Fixed Term,2017-12-09,36,2020-12-09,False,Active
CTR9FFC715FAD,CUST100013706,Month-to-Month,2024-09-11,12,2025-09-11,True,Active
CTR81BE3BC808,CUST100051561,Fixed Term,2020-10-22,0,,False,Active
CTR38A31CD46D,CUST100034826,Month-to-Month,2016-07-14,24,2018-07-14,True,Active
CTR232EB642A6,CUST100095367,Month-to-Month,2024-08-17,36,2027-08-17,True,Active
CTRED9BE69ED4,CUST100059599,Fixed Term,2018-10-17,0,,False,Active
CTR9B13B40D50,CUST100028927,Fixed Term,2016-06-26,24,2018-06-26,True,Pending Renewal
CTRFBD6A0837A,CUST100045533,Fixed Term,2020-01-03,0,,False,Active
CTRF0D434CE90,CUST100072897,Month-to-Month,2017-01-19,0,,True,Active
CTR85FE28F152,CUST100097109,Month-to-Month,2023-01-05,12,2024-01-05,False,Pending Renewal
CTRD1EDE340B2,CUST100007423,Fixed Term,2018-02-16,0,,True,Active
CTR3C08C248CD,CUST100039372,Fixed Term,2017-03-08,24,2019-03-08,True,Active
CTRE4A74094A3,CUST100079327,Month-to-Month,2024-12-11,12,2025-12-11,False,Active
CTRBC2A3A65A9,CUST100058244,Month-to-Month,2023-11-24,24,2025-11-24,False,Expired
CTRE017D1C444,CUST100020907,Fixed Term,2023-02-11,24,2025-02-11,False,Expired
CTR6BB997F4AA,CUST100049276,Fixed Term,2018-05-15,24,2020-05-15,False,Active
CTRAA882C5AB9,CUST100074134,Fixed Term,2025-06-10,12,2026-06-10,False,Expired
CTR1972AAC199,CUST100072657,Fixed Term,2020-01-24,36,2023-01-24,False,Active
CTRF99AD6F980,CUST100012815,Month-to-Month,2020-04-06,24,2022-04-06,True,Active
CTRA56117EBD2,CUST100076826,Fixed Term,2023-05-05,24,2025-05-05,True,Active
CTRF39EC6B950,CUST100011484,Fixed Term,2023-12-29,0,,False,Active
CTRC6B2764A7C,CUST100040426,Enterprise SLA,2020-09-20,36,2023-09-20,True,Active
CTRD234396891,CUST100013723,Fixed Term,2015-01-17,12,2016-01-17,False,Active
CTR19DF4B3EF5,CUST100057967,Fixed Term,2022-12-25,12,2023-12-25,True,Active
CTR5DED96E785,CUST100043839,Fixed Term,2021-12-21,12,2022-12-21,True,Active
CTR6F0DB23784,CUST100089743,Month-to-Month,2022-06-26,12,2023-06-26,False,Active
CTRF6BCE74441,CUST100024256,Fixed Term,2023-09-08,12,2024-09-08,False,Active
CTRB48C821398,CUST100073573,Fixed Term,2024-07-26,0,,True,Expired
CTR0985D3AFD3,CUST100067471,Month-to-Month,2020-03-11,12,2021-03-11,False,Active
CTRAC34CFE173,CUST100078193,Fixed Term,2016-09-29,24,2018-09-29,False,Active
CTR1A881CE6E5,CUST100024893,Fixed Term,2024-11-24,24,2026-11-24,True,Active
CTR7758CA652F,CUST100010701,Month-to-Month,2025-01-31,24,2027-01-31,False,Active
CTRCD4B963FFF,CUST100066290,Fixed Term,2018-07-26,24,2020-07-26,False,Active
CTRE5FA1E7FFB,CUST100094768,Fixed Term,2022-09-05,24,2024-09-05,True,Terminated Early
CTRA13E32E0AA,CUST100097727,Enterprise SLA,2017-08-26,0,,True,Expired
CTR6FF43E274D,CUST100063105,Month-to-Month,2017-01-13,24,2019-01-13,True,Active
CTR24F22A59FD,CUST100090165,Month-to-Month,2020-02-28,0,,True,Expired
CTRFAC68C561D,CUST100064266,Fixed Term,2016-10-03,24,2018-10-03,False,Active
CTRDA3CFF6CB8,CUST100028989,Fixed Term,2025-02-18,12,2026-02-18,False,Expired
CTR04D26D5921,CUST100071475,Month-to-Month,2017-11-23,24,2019-11-23,False,Active
CTRA045134E67,CUST100063995,Fixed Term,2024-07-09,12,2025-07-09,True,Expired
CTR34DD527F8E,CUST100065659,Month-to-Month,2018-05-28,0,,True,Active
CTRC9462BCB00,CUST100088890,Month-to-Month,2023-03-05,0,,True,Active
CTR7F00EB9718,CUST100080534,Fixed Term,2019-02-16,0,,True,Terminated Early
CTR58FADE2412,CUST100050849,Fixed Term,2019-08-02,0,,False,Active
CTR4996C0C475,CUST100077625,Fixed Term,2025-06-06,24,2027-06-06,True,Active
CTRBB71FDF08E,CUST100073257,Fixed Term,2015-12-06,0,,True,Active
CTR0D84CC4FB4,CUST100035800,Fixed Term,2017-11-24,12,2018-11-24,False,Pending Renewal
CTR7760E3C5EF,CUST100035799,Month-to-Month,2021-04-03,24,2023-04-03,False,Active
CTR4C00DE565B,CUST100092884,Fixed Term,2019-10-26,24,2021-10-26,True,Pending Renewal
CTRC3C60EA637,CUST100040318,Month-to-Month,2019-05-26,12,2020-05-26,False,Active
CTRD2512E447E,CUST100007341,Month-to-Month,2020-04-06,12,2021-04-06,True,Active
CTRD29077C336,CUST100050088,Fixed Term,2025-07-31,0,,True,Active
CTR0859EF8E8A,CUST100046672,Month-to-Month,2025-06-01,12,2026-06-01,True,Active
CTRBA0557AF91,CUST100068850,Month-to-Month,2021-12-24,24,2023-12-24,True,Active
CTRD986CEE9F1,CUST100036311,Month-to-Month,2016-06-28,24,2018-06-28,False,Active
CTR0D95B64F77,CUST100055192,Fixed Term,2021-06-16,12,2022-06-16,True,Expired
CTR0FCA7F93CA,CUST100057357,Fixed Term,2016-05-26,12,2017-05-26,False,Pending Renewal
CTR8D6B551A2F,CUST100079885,Month-to-Month,2015-03-07,24,2017-03-07,False,Active
CTR047A0A6977,CUST100041089,Fixed Term,2021-02-19,0,,True,Active
CTR2D47D8D756,CUST100073151,Fixed Term,2021-10-19,12,2022-10-19,True,Active
CTR339AD1E7C5,CUST100062788,Month-to-Month,2015-05-08,24,2017-05-08,True,Terminated Early
CTR2EBBD88764,CUST100069137,Month-to-Month,2024-04-26,12,2025-04-26,True,Terminated Early
CTRA481098E2B,CUST100018129,Month-to-Month,2023-03-10,24,2025-03-10,False,Active
CTR1E6BD34264,CUST100063313,Fixed Term,2020-12-15,24,2022-12-15,True,Active
CTR88DEA313AC,CUST100057222,Fixed Term,2017-01-24,12,2018-01-24,True,Active
CTR9A62B1459D,CUST100042678,Month-to-Month,2015-10-18,36,2018-10-18,True,Active
CTRBF2CF85627,CUST100093567,Fixed Term,2023-02-15,24,2025-02-15,False,Active
CTR8DBD7294E9,CUST100018015,Month-to-Month,2015-09-02,24,2017-09-02,True,Active
CTR2B071E8819,CUST100048685,Fixed Term,2020-08-31,12,2021-08-31,True,Active
CTRD0314C3046,CUST100022527,Fixed Term,2015-03-10,12,2016-03-10,True,Active
CTR953A110187,CUST100039565,Month-to-Month,2025-06-10,24,2027-06-10,False,Active
CTR4D7DC818EA,CUST100084294,Fixed Term,2021-09-29,24,2023-09-29,False,Active
CTR24B0EF111C,CUST100056972,Fixed Term,2016-12-17,24,2018-12-17,False,Terminated Early
CTRC99903033C,CUST100078275,Month-to-Month,2023-06-24,0,,True,Terminated Early
CTR4B8002CC3D,CUST100057815,Enterprise SLA,2022-07-11,0,,True,Active
CTR9C38194D4A,CUST100018233,Fixed Term,2019-03-22,0,,True,Active
CTRA5C9721371,CUST100077275,Month-to-Month,2023-10-01,0,,False,Active
CTR3E844CB970,CUST100080419,Month-to-Month,2019-02-11,0,,False,Active
CTR9EF48C2876,CUST100050928,Month-to-Month,2017-02-12,24,2019-02-12,True,Active
CTR4C20D278FC,CUST100029102,Fixed Term,2019-07-26,12,2020-07-26,True,Active
CTRA43A87C931,CUST100005346,Month-to-Month,2021-01-03,0,,True,Active
CTR2F20417378,CUST100078644,Month-to-Month,2024-03-02,24,2026-03-02,False,Active
CTR1E08774991,CUST100007723,Fixed Term,2019-07-28,36,2022-07-28,False,Active
CTR4E61727A93,CUST100038692,Month-to-Month,2015-02-09,24,2017-02-09,False,Pending Renewal
CTR5DF3E68E97,CUST100048270,Enterprise SLA,2015-11-13,0,,True,Active
CTRFA9BC191EA,CUST100076796,Fixed Term,2023-03-28,12,2024-03-28,True,Terminated Early
CTRE2BFE7D918,CUST100016085,Month-to-Month,2019-07-04,12,2020-07-04,False,Expired
CTR617D7AAF4E,CUST100013516,Fixed Term,2024-02-11,36,2027-02-11,True,Active
CTR7B3F299895,CUST100047572,Month-to-Month,2015-09-10,12,2016-09-10,False,Active
CTRBC3B003192,CUST100035863,Month-to-Month,2025-07-31,12,2026-07-31,True,Active
CTR43EFBB7ED5,CUST100096307,Fixed Term,2019-08-17,24,2021-08-17,True,Active
CTRC67A5ECBBF,CUST100041056,Month-to-Month,2019-07-28,0,,False,Active
CTR00079F0CC9,CUST100038607,Fixed Term,2018-11-23,12,2019-11-23,True,Active
CTR9F046CA77F,CUST100012706,Fixed Term,2020-07-27,24,2022-07-27,True,Active
CTR9BDAF44097,CUST100022330,Month-to-Month,2020-04-23,0,,False,Active
CTRB4B958AD06,CUST100005713,Month-to-Month,2016-01-15,0,,True,Active
CTRADCB636430,CUST100038597,Month-to-Month,2015-12-18,24,2017-12-18,True,Active
CTR045341BE0E,CUST100061260,Fixed Term,2024-12-03,24,2026-12-03,True,Active
CTR589D258A0B,CUST100063111,Month-to-Month,2018-04-12,12,2019-04-12,False,Active
CTR49AA75525D,CUST100037849,Fixed Term,2021-05-08,24,2023-05-08,True,Active
CTR4975925AC9,CUST100087221,Month-to-Month,2021-04-06,0,,False,Pending Renewal
CTR786E6A28D1,CUST100013220,Fixed Term,2022-10-06,12,2023-10-06,True,Active
CTR45E91086F7,CUST100065286,Fixed Term,2024-07-20,0,,True,Active
CTRB5D8F24B81,CUST100080804,Month-to-Month,2021-02-20,12,2022-02-20,False,Active
CTRFB31D9D407,CUST100082667,Fixed Term,2022-09-19,12,2023-09-19,True,Active
CTR5BF87FEA08,CUST100036489,Fixed Term,2025-06-17,12,2026-06-17,True,Active
CTR09B6C8D95C,CUST100014994,Month-to-Month,2023-02-11,12,2024-02-11,True,Terminated Early
CTR0375075492,CUST100089618,Month-to-Month,2018-09-12,12,2019-09-12,False,Expired
CTR87AA87F9F3,CUST100094723,Month-to-Month,2015-01-03,12,2016-01-03,True,Expired
CTR6924BED2D3,CUST100096143,Month-to-Month,2018-10-12,24,2020-10-12,True,Active
CTRE40874F8F9,CUST100013979,Fixed Term,2019-03-09,0,,True,Terminated Early
CTRDEABD18639,CUST100096505,Month-to-Month,2019-04-01,24,2021-04-01,True,Active
CTR1DFA08CE5B,CUST100087922,Month-to-Month,2021-03-18,24,2023-03-18,True,Active
CTR439C45333D,CUST100030841,Fixed Term,2020-02-29,24,2022-02-28,True,Active
CTR0568617448,CUST100060863,Enterprise SLA,2025-07-15,24,2027-07-15,True,Expired
CTR2472CDE998,CUST100051616,Fixed Term,2017-04-29,24,2019-04-29,True,Active
CTR4B8BC8A4FE,CUST100041396,Fixed Term,2022-03-18,0,,True,Active
CTR01FA5855DB,CUST100098384,Fixed Term,2016-08-03,0,,True,Active
CTR0E7EA863F2,CUST100015804,Fixed Term,2025-12-05,24,2027-12-05,False,Terminated Early
CTRED53D732B4,CUST100036553,Enterprise SLA,2016-05-03,24,2018-05-03,True,Expired
CTR06EB4FC021,CUST100087284,Fixed Term,2020-09-05,24,2022-09-05,False,Active
CTR313DB4F932,CUST100020396,Month-to-Month,2024-10-09,36,2027-10-09,False,Active
CTRBDF6D9758D,CUST100051835,Enterprise SLA,2017-08-18,0,,False,Active
CTR1BCD7E12CA,CUST100086500,Month-to-Month,2018-01-05,0,,True,Active
CTR46324073A7,CUST100052899,Fixed Term,2025-12-31,12,2026-12-31,True,Active
CTR30F8C5B8A5,CUST100077446,Month-to-Month,2016-11-28,12,2017-11-28,False,Active
CTR53FC6329B0,CUST100075464,Fixed Term,2023-01-02,0,,True,Active
CTR6D5E63C993,CUST100096248,Fixed Term,2019-05-22,36,2022-05-22,False,Active
CTR0D92FC0653,CUST100090126,Fixed Term,2023-09-20,24,2025-09-20,True,Pending Renewal
CTRFB39EE3413,CUST100098477,Enterprise SLA,2021-02-12,0,,True,Active
CTR46D96EF288,CUST100016215,Month-to-Month,2022-02-22,0,,True,Active
CTR269CB38796,CUST100079814,Fixed Term,2021-07-08,0,,False,Active
CTR6EB283C9F2,CUST100018241,Month-to-Month,2015-02-11,0,,True,Terminated Early
CTREDE1974FEB,CUST100016726,Month-to-Month,2018-02-13,24,2020-02-13,True,Active
CTR8485281BAD,CUST100021637,Month-to-Month,2018-01-04,24,2020-01-04,True,Active
CTR86FBFA8253,CUST100017295,Fixed Term,2017-09-09,12,2018-09-09,False,Active
CTR84ABBD6A3B,CUST100046432,Fixed Term,2022-01-03,24,2024-01-03,True,Active
CTR688D353850,CUST100054811,Fixed Term,2023-02-01,0,,False,Expired
CTRD683F4B647,CUST100001244,Fixed Term,2015-06-09,24,2017-06-09,True,Pending Renewal
CTRE68C638EEC,CUST100000506,Fixed Term,2025-07-28,24,2027-07-28,True,Active
CTRE2E1AE7FF6,CUST100035200,Month-to-Month,2017-11-11,24,2019-11-11,True,Expired
CTR544EBBF7D1,CUST100051503,Fixed Term,2019-04-13,24,2021-04-13,False,Active
CTR9C3A59DBEF,CUST100028547,Fixed Term,2017-09-08,0,,True,Expired
CTRF63E39EBCD,CUST100090372,Fixed Term,2022-10-03,12,2023-10-03,True,Pending Renewal
CTR112E643A13,CUST100074846,Fixed Term,2025-06-15,0,,True,Expired
CTR79AA2F4D29,CUST100087095,Month-to-Month,2024-07-23,0,,False,Expired
CTR075C474AAE,CUST100000396,Fixed Term,2022-05-03,12,2023-05-03,True,Active
CTREE377633A5,CUST100075651,Fixed Term,2021-10-03,0,,False,Active
CTRDB5E7752E7,CUST100049702,Fixed Term,2025-01-23,24,2027-01-23,False,Active
CTR87C73BFD49,CUST100088684,Month-to-Month,2018-05-03,12,2019-05-03,False,Active
CTR5B0D33792B,CUST100075321,Enterprise SLA,2020-08-22,12,2021-08-22,True,Active
CTR2707827B4C,CUST100096920,Fixed Term,2021-05-24,24,2023-05-24,False,Active
CTR13451476CA,CUST100004830,Fixed Term,2023-11-28,0,,True,Active
CTRA8AC70B0E0,CUST100072273,Fixed Term,2018-09-04,0,,False,Active
CTR8BC4209034,CUST100095825,Fixed Term,2017-06-06,12,2018-06-06,False,Active
CTR11B1EEA145,CUST100035580,Fixed Term,2017-03-06,0,,True,Active
CTR47C1C99DD2,CUST100092061,Month-to-Month,2017-03-05,12,2018-03-05,True,Expired
CTR0AF9A89CC0,CUST100009478,Month-to-Month,2016-08-15,12,2017-08-15,False,Active
CTR460B8BF8B2,CUST100003559,Month-to-Month,2023-09-27,36,2026-09-27,True,Active
CTR22CCC0D84A,CUST100023186,Fixed Term,2018-12-08,0,,False,Active
CTRD978BDB33D,CUST100012580,Fixed Term,2015-07-01,24,2017-07-01,True,Active
CTR30FD3AE03C,CUST100003018,Fixed Term,2021-05-27,12,2022-05-27,False,Expired
CTR8CE1BD0CB3,CUST100044863,Fixed Term,2016-07-17,0,,False,Expired
CTR25EDB7F906,CUST100071893,Fixed Term,2016-07-15,12,2017-07-15,False,Expired
CTR4144174736,CUST100076916,Fixed Term,2020-06-11,12,2021-06-11,True,Active
CTRDC1EB8CF6D,CUST100051988,Fixed Term,2018-01-08,12,2019-01-08,False,Active
CTRA45A4F95B1,CUST100034253,Month-to-Month,2018-11-11,24,2020-11-11,False,Active
CTRD4A6861694,CUST100007205,Month-to-Month,2018-03-29,12,2019-03-29,True,Active
CTRCBBCF8C4E8,CUST100047446,Fixed Term,2024-09-22,12,2025-09-22,True,Expired
CTRC7357458DF,CUST100003087,Fixed Term,2018-06-05,12,2019-06-05,True,Active
CTR4E7EE75C24,CUST100027280,Fixed Term,2015-08-25,12,2016-08-25,True,Expired
CTR0AE1DA9A1A,CUST100029309,Fixed Term,2022-06-07,0,,False,Active
CTRC4898F82C8,CUST100036395,Enterprise SLA,2015-12-08,24,2017-12-08,False,Active
CTR259C956CA1,CUST100009287,Month-to-Month,2016-11-06,24,2018-11-06,True,Terminated Early
CTRB56916E93B,CUST100042940,Fixed Term,2016-02-03,24,2018-02-03,True,Expired
CTR3E5AA13FF1,CUST100014672,Month-to-Month,2025-06-28,0,,True,Active
CTR53B26C190E,CUST100010083,Month-to-Month,2016-02-24,12,2017-02-24,True,Active
CTR23C3F1F89B,CUST100018624,Fixed Term,2015-11-17,24,2017-11-17,False,Active
CTR1B40624084,CUST100095680,Fixed Term,2021-07-06,24,2023-07-06,False,Terminated Early
CTR52EE25B986,CUST100029248,Month-to-Month,2016-03-11,24,2018-03-11,False,Active
CTRBDF481330F,CUST100045930,Fixed Term,2015-03-29,12,2016-03-29,True,Active
CTR021F271920,CUST100026314,Fixed Term,2020-07-12,24,2022-07-12,False,Active
CTR373BD231F3,CUST100057148,Month-to-Month,2022-11-15,24,2024-11-15,False,Active
CTREF9C94C555,CUST100004207,Month-to-Month,2020-04-12,0,,False,Active
CTRD9EBDA2DFF,CUST100043429,Month-to-Month,2022-12-20,12,2023-12-20,True,Active
CTRC704CAA8B5,CUST100000583,Fixed Term,2020-10-19,12,2021-10-19,True,Active
CTR98A7238F0A,CUST100062965,Fixed Term,2019-02-16,36,2022-02-16,False,Expired
CTR85537E5F24,CUST100023818,Month-to-Month,2017-02-25,24,2019-02-25,False,Active
CTRD9EA1C3B3F,CUST100064317,Fixed Term,2020-11-27,12,2021-11-27,True,Active
CTRBE01B34D19,CUST100054671,Month-to-Month,2019-01-24,0,,False,Active
CTRD6DBAF72E9,CUST100042731,Month-to-Month,2024-07-22,0,,True,Pending Renewal
CTR9AFB35DF74,CUST100085359,Fixed Term,2019-02-23,24,2021-02-23,False,Terminated Early
CTR049EC7D20F,CUST100031113,Fixed Term,2021-04-25,24,2023-04-25,False,Pending Renewal
CTRFF92CC03FD,CUST100041952,Month-to-Month,2023-08-23,12,2024-08-23,True,Active
CTR17B7C40505,CUST100079242,Fixed Term,2022-03-13,0,,False,Active
CTRE349AF61DA,CUST100082267,Fixed Term,2023-11-26,0,,False,Active
CTRFDA231818D,CUST100064109,Fixed Term,2023-12-12,24,2025-12-12,False,Active
CTRBADB9BBEFC,CUST100001361,Fixed Term,2019-09-15,24,2021-09-15,False,Active
CTR8C468E6FDF,CUST100072888,Fixed Term,2024-12-08,0,,False,Expired
CTR9E19936406,CUST100035545,Fixed Term,2019-08-23,24,2021-08-23,True,Active
CTRD6E0436909,CUST100029292,Month-to-Month,2023-10-15,0,,True,Active
CTR350550A076,CUST100088057,Month-to-Month,2025-02-16,0,,False,Expired
CTR2D3DF53979,CUST100006097,Fixed Term,2019-01-16,0,,True,Active
CTRF0FB95D5D3,CUST100064048,Month-to-Month,2019-07-27,12,2020-07-27,False,Active
CTRFA43A4F93E,CUST100060263,Month-to-Month,2023-02-02,24,2025-02-02,True,Expired
CTRDC493BD1DC,CUST100047699,Month-to-Month,2017-02-19,0,,True,Active
CTRD51C9581FF,CUST100083447,Month-to-Month,2025-08-15,0,,False,Terminated Early
CTR0843C2BBF5,CUST100066153,Month-to-Month,2025-07-03,24,2027-07-03,True,Terminated Early
CTR7F16E7CED9,CUST100079080,Month-to-Month,2023-10-19,12,2024-10-19,True,Active
CTR6103B08B72,CUST100009025,Month-to-Month,2016-08-06,0,,False,Active
CTR8D5CA72230,CUST100051952,Fixed Term,2023-02-14,24,2025-02-14,False,Active
CTR549562F984,CUST100061530,Month-to-Month,2019-04-26,24,2021-04-26,False,Terminated Early
CTR47DE657E3A,CUST100093532,Fixed Term,2017-11-10,24,2019-11-10,False,Active
CTR632A05530F,CUST100049107,Month-to-Month,2015-09-14,24,2017-09-14,False,Active
CTRF29E974A4F,CUST100002603,Fixed Term,2022-07-16,0,,False,Active
CTRBEDB7C0F1E,CUST100019364,Fixed Term,2025-06-01,0,,True,Active
CTR93B971818A,CUST100023918,Month-to-Month,2016-06-06,24,2018-06-06,True,Active
CTRA58864AFBA,CUST100058539,Fixed Term,2019-08-01,12,2020-08-01,True,Active
CTRC6C54F8898,CUST100028436,Fixed Term,2015-09-14,12,2016-09-14,True,Active
CTR543329F067,CUST100063539,Month-to-Month,2023-04-13,24,2025-04-13,False,Active
CTRAA051738E4,CUST100030140,Month-to-Month,2016-08-12,0,,True,Pending Renewal
CTR79134BEFBD,CUST100095269,Enterprise SLA,2015-02-21,0,,True,Active
CTRCC068A07D8,CUST100087725,Month-to-Month,2017-08-31,24,2019-08-31,False,Active
CTR163701BBC3,CUST100028551,Fixed Term,2022-02-18,12,2023-02-18,True,Active
CTR80AB1C4AD9,CUST100036911,Fixed Term,2021-04-06,24,2023-04-06,True,Active
CTR2C74C7E3F2,CUST100096293,Month-to-Month,2020-09-27,24,2022-09-27,True,Active
CTRA554B9747B,CUST100069196,Fixed Term,2021-11-29,12,2022-11-29,False,Expired
CTR7874A5FBEA,CUST100045583,Fixed Term,2015-01-24,12,2016-01-24,True,Active
CTR9B6DA35728,CUST100003091,Month-to-Month,2016-12-05,36,2019-12-05,True,Expired
CTR1635EAEB27,CUST100048683,Month-to-Month,2016-06-04,12,2017-06-04,True,Active
CTRC9E976993A,CUST100040024,Fixed Term,2022-08-10,0,,True,Active
CTRE14542119E,CUST100052125,Fixed Term,2024-12-28,12,2025-12-28,False,Active
CTR39ADF12C1A,CUST100037485,Month-to-Month,2016-07-13,24,2018-07-13,True,Active
CTR70D79B96A9,CUST100028250,Month-to-Month,2025-01-18,12,2026-01-18,True,Active
CTRA1EF0FDCBD,CUST100096131,Month-to-Month,2015-02-13,36,2018-02-13,True,Active
CTR3481D7670B,CUST100002276,Month-to-Month,2018-05-24,24,2020-05-24,True,Active
CTR045B5F0EA7,CUST100010296,Month-to-Month,2018-03-06,0,,False,Terminated Early
CTRDC8F33AD18,CUST100066952,Month-to-Month,2024-03-07,24,2026-03-07,False,Expired
CTRF601F627B7,CUST100012183,Fixed Term,2015-04-25,24,2017-04-25,False,Active
CTRD68F4C67B2,CUST100003717,Fixed Term,2023-10-23,12,2024-10-23,True,Active
CTRA1F863AE47,CUST100091166,Fixed Term,2016-12-23,24,2018-12-23,False,Active
CTR27F7F91583,CUST100096513,Fixed Term,2019-02-25,36,2022-02-25,True,Active
CTR96B8A2299F,CUST100052942,Month-to-Month,2016-05-06,24,2018-05-06,False,Terminated Early
CTR712B367699,CUST100053642,Fixed Term,2024-07-20,0,,True,Active
CTR27C6146D20,CUST100061781,Month-to-Month,2023-02-16,24,2025-02-16,True,Expired
CTRF1F2B61D4A,CUST100016883,Month-to-Month,2019-12-01,24,2021-12-01,False,Active
CTR1A3B521781,CUST100066541,Fixed Term,2023-04-06,0,,True,Active
CTR42B2C28A14,CUST100095365,Month-to-Month,2021-02-27,0,,True,Terminated Early
CTRB3C1AFB28D,CUST100003380,Fixed Term,2016-08-28,0,,True,Active
CTRDD69CA8BC4,CUST100000678,Month-to-Month,2024-03-20,0,,False,Terminated Early
CTRCB2AD7147E,CUST100069515,Month-to-Month,2017-08-06,0,,True,Active
CTR3DD5B51FF5,CUST100094301,Fixed Term,2017-11-04,12,2018-11-04,True,Active
CTR904F1C5C77,CUST100046800,Month-to-Month,2023-05-16,12,2024-05-16,False,Active
CTR67E41ED657,CUST100021478,Month-to-Month,2025-08-01,24,2027-08-01,False,Active
CTR17F11E6670,CUST100027404,Fixed Term,2023-02-13,24,2025-02-13,True,Active
CTR5B54C8E233,CUST100060552,Enterprise SLA,2023-08-06,24,2025-08-06,True,Active
CTRD27A10FA60,CUST100086712,Month-to-Month,2015-06-25,36,2018-06-25,True,Active
CTR877362F898,CUST100055564,Enterprise SLA,2021-05-02,12,2022-05-02,False,Active
CTREE49FD35BC,CUST100062071,Fixed Term,2024-01-19,24,2026-01-19,False,Active
CTRC37B2EC2A0,CUST100099376,Fixed Term,2021-11-25,24,2023-11-25,True,Terminated Early
CTRABFC5313D3,CUST100030648,Fixed Term,2018-11-21,24,2020-11-21,True,Active
CTR3DE32CC680,CUST100035702,Fixed Term,2017-10-21,36,2020-10-21,True,Active
CTRF59E015F0F,CUST100036349,Month-to-Month,2023-04-28,0,,False,Active
CTRB5BEFFBD59,CUST100009678,Month-to-Month,2015-11-11,12,2016-11-11,True,Active
CTR2C9F0E4A8F,CUST100022645,Enterprise SLA,2025-10-08,0,,True,Active
CTR9BABEDA6C3,CUST100032942,Fixed Term,2016-07-02,12,2017-07-02,True,Active
CTR214EA06867,CUST100070660,Fixed Term,2018-03-06,0,,True,Active
CTRE7C1563158,CUST100062753,Month-to-Month,2025-05-17,24,2027-05-17,True,Active
CTR1419BB80CB,CUST100072270,Fixed Term,2017-02-06,12,2018-02-06,False,Active
CTRA26B97011A,CUST100036478,Fixed Term,2016-01-05,12,2017-01-05,True,Active
CTRB06C33A619,CUST100003081,Fixed Term,2016-09-27,24,2018-09-27,True,Active
CTR55B9B160BE,CUST100039183,Month-to-Month,2016-04-08,0,,False,Active
CTR14CE151A75,CUST100059263,Fixed Term,2023-12-29,24,2025-12-29,True,Active
CTR86F6A320F2,CUST100019972,Fixed Term,2021-06-07,24,2023-06-07,True,Active
CTRE2B4D1DDB3,CUST100075962,Fixed Term,2019-04-10,12,2020-04-10,True,Expired
CTRBF827DFCB4,CUST100082253,Fixed Term,2017-12-13,0,,True,Active
CTR51C9388963,CUST100014799,Month-to-Month,2018-09-19,24,2020-09-19,True,Active
CTR6F81524957,CUST100082391,Month-to-Month,2015-08-13,0,,True,Terminated Early
CTR6F75D8C15D,CUST100054912,Month-to-Month,2022-05-15,24,2024-05-15,True,Active
CTR255C4DF423,CUST100008582,Fixed Term,2023-11-06,0,,True,Active
CTR517679C8BF,CUST100034718,Month-to-Month,2023-07-11,0,,False,Active
CTRA290E19B2E,CUST100012701,Month-to-Month,2016-08-30,12,2017-08-30,True,Active
CTR5A6B1C8016,CUST100055375,Fixed Term,2023-01-16,24,2025-01-16,True,Terminated Early
CTRDB622A98C0,CUST100055863,Fixed Term,2016-05-08,24,2018-05-08,False,Active
CTR2714832FDA,CUST100037966,Month-to-Month,2015-08-10,24,2017-08-10,True,Terminated Early
CTRC42537DB09,CUST100002303,Fixed Term,2024-08-15,0,,True,Active
CTREBFDBCD1C4,CUST100082073,Month-to-Month,2024-05-16,0,,True,Active
CTR2CEB0C9817,CUST100010267,Fixed Term,2018-02-09,12,2019-02-09,True,Active
CTR4EB549C5EA,CUST100091944,Month-to-Month,2020-06-10,36,2023-06-10,True,Active
CTR251E9AF5E1,CUST100021748,Fixed Term,2019-08-26,36,2022-08-26,False,Active
CTRD531900F1B,CUST100088004,Month-to-Month,2017-03-07,36,2020-03-07,True,Active
CTR55FF514C09,CUST100032841,Fixed Term,2018-12-06,24,2020-12-06,True,Active
CTR45F29C0F37,CUST100095183,Month-to-Month,2022-12-05,24,2024-12-05,False,Pending Renewal
CTR5FD4E3004F,CUST100046021,Month-to-Month,2016-06-28,0,,False,Active
CTR8DCD0D3BD0,CUST100000129,Month-to-Month,2017-05-26,24,2019-05-26,True,Expired
CTR91571146A5,CUST100031553,Fixed Term,2022-04-08,0,,True,Active
CTR14785C80F2,CUST100029201,Month-to-Month,2019-10-25,24,2021-10-25,True,Active
CTR4BECE1CDEC,CUST100057246,Month-to-Month,2024-05-25,24,2026-05-25,False,Active
CTRF9CAE2123A,CUST100071418,Fixed Term,2020-11-20,24,2022-11-20,True,Active
CTR0580A3A11E,CUST100004027,Fixed Term,2015-11-12,12,2016-11-12,True,Active
CTR425776F418,CUST100088207,Fixed Term,2024-07-20,12,2025-07-20,True,Expired
CTRADC1112697,CUST100073273,Month-to-Month,2021-05-11,24,2023-05-11,False,Active
CTRC51A86909E,CUST100011542,Month-to-Month,2020-07-16,24,2022-07-16,True,Active
CTRF613171A0F,CUST100014793,Month-to-Month,2016-08-15,36,2019-08-15,False,Active
CTRE128067C4D,CUST100004243,Month-to-Month,2025-03-09,0,,False,Active
CTR795C8703A1,CUST100002780,Fixed Term,2017-12-13,24,2019-12-13,False,Active
CTR8444780DA2,CUST100075293,Month-to-Month,2024-08-08,24,2026-08-08,False,Active
CTRAA9880E5BE,CUST100023205,Month-to-Month,2017-02-17,12,2018-02-17,False,Active
CTRAA6E515563,CUST100094381,Month-to-Month,2022-04-20,0,,False,Active
CTR75DF52A684,CUST100065114,Month-to-Month,2020-05-18,0,,True,Active
CTR18C831EBD2,CUST100095827,Enterprise SLA,2019-03-31,12,2020-03-31,False,Active
CTRA928880EA8,CUST100093052,Fixed Term,2020-10-09,12,2021-10-09,False,Active
CTR11E41555CC,CUST100069066,Fixed Term,2021-12-28,12,2022-12-28,True,Active
CTR000FE64EF6,CUST100038964,Fixed Term,2019-09-20,0,,True,Active
CTR186220A49B,CUST100088224,Month-to-Month,2024-10-28,0,,True,Active
CTR0D322A85EC,CUST100035216,Month-to-Month,2021-06-28,12,2022-06-28,True,Terminated Early
CTR8138899475,CUST100041648,Month-to-Month,2023-07-27,12,2024-07-27,False,Expired
CTR2829A70BF8,CUST100066983,Fixed Term,2019-12-07,24,2021-12-07,True,Expired
CTRB4C064FF7F,CUST100027245,Fixed Term,2015-05-25,0,,False,Active
CTRC3485EED6F,CUST100071273,Month-to-Month,2017-07-09,0,,False,Active
CTR42C9735496,CUST100018684,Month-to-Month,2016-08-30,0,,True,Active
CTRF927B8599A,CUST100032396,Enterprise SLA,2016-02-18,24,2018-02-18,True,Active
CTR371AC7997E,CUST100065068,Fixed Term,2022-04-08,24,2024-04-08,False,Active
CTR267E1C740F,CUST100063137,Month-to-Month,2015-03-06,12,2016-03-06,True,Active
CTR3D93D72B34,CUST100050595,Month-to-Month,2022-06-30,36,2025-06-30,True,Active
CTR6F16CC693E,CUST100078890,Fixed Term,2022-11-18,24,2024-11-18,True,Active
CTR7426A1720B,CUST100068824,Month-to-Month,2015-11-08,24,2017-11-08,True,Active
CTR9958DCB7E9,CUST100013154,Fixed Term,2019-12-28,12,2020-12-28,True,Active
CTR3025EAF2D8,CUST100059452,Fixed Term,2024-12-20,12,2025-12-20,True,Active
CTRA1B2363A16,CUST100065116,Fixed Term,2015-12-31,12,2016-12-31,False,Active
CTR77E7D219D9,CUST100024923,Enterprise SLA,2017-08-03,24,2019-08-03,False,Active
CTR5724C35EF5,CUST100080960,Fixed Term,2020-08-24,0,,True,Active
CTR14423376F2,CUST100085404,Fixed Term,2025-03-12,24,2027-03-12,True,Active
CTR8DA5386D98,CUST100020626,Month-to-Month,2017-07-01,0,,False,Active
CTRA935440D98,CUST100005933,Enterprise SLA,2021-08-13,12,2022-08-13,True,Active
CTR407708E1D0,CUST100024845,Fixed Term,2019-12-08,0,,False,Active
CTR075C345BD8,CUST100061497,Fixed Term,2017-08-24,0,,True,Expired
CTR307E707C81,CUST100036335,Fixed Term,2019-05-11,12,2020-05-11,True,Active
CTR4F940E29CC,CUST100055925,Fixed Term,2017-12-06,24,2019-12-06,True,Expired
CTR2DBED0AD45,CUST100015450,Fixed Term,2022-09-09,24,2024-09-09,True,Active
CTR982470BBAF,CUST100008349,Fixed Term,2015-07-20,0,,False,Pending Renewal
CTRE1092039BE,CUST100095624,Fixed Term,2025-09-12,24,2027-09-12,False,Active
CTRFE6B050443,CUST100029277,Fixed Term,2025-09-16,12,2026-09-16,True,Terminated Early
CTR656911F308,CUST100076321,Month-to-Month,2017-01-26,12,2018-01-26,True,Active
CTR270937A2E6,CUST100043828,Month-to-Month,2024-10-26,24,2026-10-26,True,Active
CTRE2B1AB1977,CUST100042252,Fixed Term,2021-04-17,12,2022-04-17,True,Active
CTR25017A039D,CUST100076236,Month-to-Month,2018-03-14,36,2021-03-14,False,Active
CTR8DD7F877CA,CUST100005397,Fixed Term,2021-06-20,0,,False,Terminated Early
CTR520D563AFA,CUST100013958,Month-to-Month,2022-11-18,0,,True,Active
CTR57EA2CD98B,CUST100005040,Fixed Term,2015-06-14,24,2017-06-14,False,Expired
CTRF05B9011E0,CUST100022545,Fixed Term,2019-09-28,24,2021-09-28,False,Active
CTR834C0D5A35,CUST100054881,Fixed Term,2020-06-23,24,2022-06-23,True,Active
CTRC3A8D3E005,CUST100041563,Fixed Term,2020-11-19,36,2023-11-19,True,Active
CTR5C812F315E,CUST100082669,Month-to-Month,2022-09-24,36,2025-09-24,False,Terminated Early
CTRB5C1202B4D,CUST100046228,Fixed Term,2019-01-18,24,2021-01-18,False,Active
CTRB9A8437BCA,CUST100019085,Month-to-Month,2015-01-01,0,,False,Active
CTRF8A627B933,CUST100040898,Fixed Term,2025-07-23,12,2026-07-23,True,Active
CTRE63363089C,CUST100034746,Fixed Term,2018-05-11,12,2019-05-11,False,Active
CTR7DE9D9E1EA,CUST100059732,Fixed Term,2025-04-23,12,2026-04-23,False,Active
CTRA924E07F65,CUST100033661,Fixed Term,2025-09-16,24,2027-09-16,True,Active
CTR05FE352F14,CUST100059819,Fixed Term,2017-03-03,0,,True,Expired
CTRC1E4D1EA90,CUST100059293,Fixed Term,2019-05-24,12,2020-05-24,False,Pending Renewal
CTRC751438C46,CUST100074039,Month-to-Month,2021-12-23,12,2022-12-23,False,Active
CTR27AF3A4C7F,CUST100075680,Fixed Term,2024-06-22,12,2025-06-22,True,Expired
CTR59DDF6B178,CUST100046560,Month-to-Month,2015-07-23,12,2016-07-23,True,Active
CTRA716A2E606,CUST100025815,Month-to-Month,2017-08-19,24,2019-08-19,False,Active
CTR92ED29A25F,CUST100038251,Enterprise SLA,2020-10-17,24,2022-10-17,True,Active
CTR7B4EDCEC4F,CUST100033504,Month-to-Month,2019-10-03,24,2021-10-03,True,Active
CTR9753DE1994,CUST100025732,Fixed Term,2025-10-11,0,,True,Active
CTR4CBF4C6D1D,CUST100025689,Month-to-Month,2019-12-19,12,2020-12-19,False,Active
CTR4E70B3AC00,CUST100055110,Month-to-Month,2020-02-13,24,2022-02-13,False,Active
CTR8C7C118E51,CUST100026587,Fixed Term,2015-02-06,24,2017-02-06,True,Terminated Early
CTR1526EA106B,CUST100064211,Fixed Term,2016-07-25,24,2018-07-25,True,Active
CTR4A7DCD5B02,CUST100002844,Fixed Term,2019-02-20,24,2021-02-20,True,Active
CTR8B81111CD6,CUST100048249,Fixed Term,2021-02-20,0,,False,Active
CTR88DBE5B132,CUST100024018,Month-to-Month,2015-05-27,12,2016-05-27,True,Expired
CTR66BF170C04,CUST100006472,Fixed Term,2021-08-30,12,2022-08-30,False,Active
CTRFCAE770290,CUST100093714,Fixed Term,2019-06-18,36,2022-06-18,True,Active
CTRA97A664D95,CUST100049035,Fixed Term,2020-04-19,12,2021-04-19,True,Expired
CTRA4D67C233F,CUST100088920,Enterprise SLA,2018-02-03,0,,True,Expired
CTR8F253EABB9,CUST100072589,Month-to-Month,2015-07-28,12,2016-07-28,False,Active
CTRFD51235B09,CUST100022194,Month-to-Month,2015-02-23,12,2016-02-23,True,Expired
CTRBAF7F012E9,CUST100022125,Fixed Term,2018-03-28,0,,True,Expired
CTRCB731F0639,CUST100020574,Fixed Term,2023-01-03,0,,True,Pending Renewal
CTR7DFFE48FDC,CUST100034860,Month-to-Month,2019-04-02,12,2020-04-02,False,Active
CTR79366F6CCD,CUST100077603,Fixed Term,2019-05-01,24,2021-05-01,True,Expired
CTR28D89452A5,CUST100031921,Fixed Term,2025-11-18,24,2027-11-18,False,Active
CTRBA8FF6648E,CUST100076479,Month-to-Month,2018-02-18,0,,True,Active
CTRC19388A94D,CUST100052534,Month-to-Month,2015-03-02,0,,False,Active
CTRDAF876D1BB,CUST100076710,Fixed Term,2017-11-02,0,,False,Active
CTR0F788FB2DC,CUST100074468,Fixed Term,2018-03-06,12,2019-03-06,True,Active
CTR0CC8E920C1,CUST100004291,Month-to-Month,2021-12-18,12,2022-12-18,True,Active
CTRB8A3AC06FF,CUST100093491,Month-to-Month,2015-11-21,0,,True,Expired
CTR4AE4BD9486,CUST100002263,Fixed Term,2015-04-20,12,2016-04-20,False,Active
CTR48AE08DF89,CUST100065237,Fixed Term,2021-03-04,0,,True,Expired
CTR7A48ED0354,CUST100009751,Fixed Term,2025-04-14,24,2027-04-14,True,Active
CTR69975B244C,CUST100035195,Fixed Term,2022-09-17,0,,True,Active
CTR7B5F48EBFE,CUST100048359,Fixed Term,2020-01-18,0,,False,Active
CTRA3529DBA55,CUST100012145,Fixed Term,2016-02-28,0,,True,Active
CTRC7DB4F1D6F,CUST100024180,Month-to-Month,2018-02-02,12,2019-02-02,True,Active
CTR84CE577BCF,CUST100085641,Fixed Term,2024-04-11,24,2026-04-11,True,Active
CTR91555CD5BD,CUST100047054,Fixed Term,2016-08-18,24,2018-08-18,True,Active
CTR278C0B3142,CUST100036146,Fixed Term,2024-04-05,0,,False,Active
CTR783E1EA5C3,CUST100008507,Fixed Term,2024-05-17,12,2025-05-17,True,Active
CTR74D3123ED9,CUST100008369,Fixed Term,2023-09-25,12,2024-09-25,True,Active
CTR9EB8884238,CUST100085210,Fixed Term,2023-04-09,0,,False,Active
CTRCCDA34D233,CUST100058363,Fixed Term,2015-11-05,12,2016-11-05,False,Expired
CTR9DC004061B,CUST100057366,Fixed Term,2020-01-29,0,,False,Active
CTR7D1A710ED6,CUST100007440,Enterprise SLA,2016-12-29,24,2018-12-29,False,Expired
CTR07450F9612,CUST100084381,Fixed Term,2016-05-01,24,2018-05-01,True,Expired
CTRB0D1A1EA09,CUST100063926,Fixed Term,2015-10-24,12,2016-10-24,True,Active
CTR6480BF092C,CUST100022652,Fixed Term,2019-10-21,24,2021-10-21,True,Active
CTR8BAEAAAB3A,CUST100036278,Fixed Term,2015-08-03,24,2017-08-03,False,Active
CTR1626943016,CUST100020797,Month-to-Month,2019-05-27,24,2021-05-27,True,Expired
CTRCEFAEFA72C,CUST100094247,Fixed Term,2020-09-19,36,2023-09-19,True,Expired
CTR0B385689B8,CUST100038860,Month-to-Month,2023-08-18,0,,True,Active
CTR622650E6B1,CUST100065746,Fixed Term,2017-08-14,24,2019-08-14,True,Active
CTR654B74FE55,CUST100071753,Fixed Term,2021-07-26,12,2022-07-26,False,Active
CTR093316E329,CUST100082462,Fixed Term,2024-12-01,12,2025-12-01,True,Expired
CTR87F6780DB0,CUST100077634,Fixed Term,2021-02-15,12,2022-02-15,True,Active
CTR7D522CBED7,CUST100056323,Month-to-Month,2017-03-13,0,,False,Active
CTR3F5FCA951F,CUST100045725,Month-to-Month,2022-09-07,24,2024-09-07,True,Active
CTRA347CDCB4A,CUST100099394,Enterprise SLA,2020-10-05,24,2022-10-05,False,Active
CTRA7FB1BF1DE,CUST100034770,Fixed Term,2024-01-03,0,,False,Active
CTR040B5920F2,CUST100077660,Fixed Term,2017-08-13,12,2018-08-13,False,Active
CTR792CF82242,CUST100009487,Fixed Term,2021-02-09,24,2023-02-09,True,Active
CTRB67E07D065,CUST100064851,Fixed Term,2022-10-16,24,2024-10-16,False,Terminated Early
CTR45E9F03292,CUST100078096,Month-to-Month,2015-12-05,24,2017-12-05,False,Active
CTR8DC5CC4C7A,CUST100085025,Month-to-Month,2025-03-12,12,2026-03-12,True,Pending Renewal
CTR651A33F632,CUST100072857,Fixed Term,2021-12-22,24,2023-12-22,True,Active
CTR6A651DFAFD,CUST100016083,Fixed Term,2025-02-01,24,2027-02-01,True,Terminated Early
CTR89FAA0EA7A,CUST100081891,Fixed Term,2019-03-25,12,2020-03-25,False,Active
CTRD06D58A8A5,CUST100035322,Fixed Term,2021-06-18,0,,False,Active
CTRC0E26CB0B7,CUST100038264,Month-to-Month,2024-07-11,36,2027-07-11,True,Active
CTR8407F1E4F2,CUST100010500,Fixed Term,2023-09-28,12,2024-09-28,False,Active
CTR01ED8ED0A2,CUST100026050,Fixed Term,2023-04-04,12,2024-04-04,False,Active
CTR56E822F18A,CUST100059528,Month-to-Month,2021-03-09,24,2023-03-09,False,Expired
CTRCC22606725,CUST100064355,Fixed Term,2023-08-03,12,2024-08-03,True,Active
CTR73ED8E95DD,CUST100040581,Fixed Term,2024-03-14,24,2026-03-14,False,Active
CTR943F30D921,CUST100099590,Month-to-Month,2019-02-25,0,,True,Active
CTRFD49729BC1,CUST100017745,Fixed Term,2024-07-01,12,2025-07-01,True,Active
CTR084861F018,CUST100064730,Fixed Term,2017-06-15,12,2018-06-15,True,Active
CTRC1797A654E,CUST100014720,Fixed Term,2019-05-11,0,,True,Expired
CTR9659954E42,CUST100049199,Fixed Term,2016-08-30,36,2019-08-30,False,Expired
CTR40C45174EF,CUST100050673,Fixed Term,2022-02-08,0,,True,Expired
CTRB1F1ECF5BA,CUST100058505,Fixed Term,2023-12-29,0,,False,Expired
CTR8FF1A22ED9,CUST100001373,Month-to-Month,2017-12-12,0,,True,Active
CTRDC7C7FB36A,CUST100081764,Month-to-Month,2018-09-20,0,,True,Active
CTRF17741279A,CUST100088735,Month-to-Month,2025-05-07,0,,False,Active
CTRE0FD80C471,CUST100076246,Fixed Term,2019-03-02,24,2021-03-02,False,Expired
CTR7E5DC86879,CUST100000524,Month-to-Month,2022-10-06,0,,True,Active
CTR3A940282D6,CUST100077860,Fixed Term,2016-04-06,12,2017-04-06,False,Active
CTR9BEBAFB31F,CUST100018104,Month-to-Month,2016-08-01,24,2018-08-01,True,Active
CTR495F11FA72,CUST100076157,Fixed Term,2019-04-27,12,2020-04-27,False,Terminated Early
CTRFD4F529DC3,CUST100069244,Fixed Term,2017-10-06,0,,False,Expired
CTR8F80109DD1,CUST100079026,Fixed Term,2015-10-29,12,2016-10-29,True,Active
CTRA96547B5CB,CUST100006532,Fixed Term,2016-06-02,12,2017-06-02,False,Active
CTRFBA66701EC,CUST100083281,Fixed Term,2023-05-15,24,2025-05-15,False,Active
CTR4AF1A8F0A4,CUST100031126,Fixed Term,2015-01-02,24,2017-01-02,False,Active
CTR9F9F064448,CUST100047139,Fixed Term,2023-08-19,24,2025-08-19,False,Active
CTR760DE47BE0,CUST100014266,Fixed Term,2021-02-07,24,2023-02-07,True,Active
CTR8D0B93C11D,CUST100042682,Enterprise SLA,2021-03-04,12,2022-03-04,True,Active
CTR8D20E2C61A,CUST100051309,Fixed Term,2015-09-30,12,2016-09-30,False,Terminated Early
CTRA8A412AEFF,CUST100022580,Month-to-Month,2022-04-01,24,2024-04-01,True,Terminated Early
CTRF6866FAE16,CUST100017483,Month-to-Month,2025-12-03,24,2027-12-03,False,Active
CTRA811508057,CUST100041541,Month-to-Month,2016-08-10,0,,True,Terminated Early
CTR76CEB30EF4,CUST100026036,Month-to-Month,2017-12-20,24,2019-12-20,False,Active
CTR37B2C68BF8,CUST100019902,Fixed Term,2024-03-01,0,,True,Active
CTR132A49C86D,CUST100083039,Fixed Term,2019-09-16,12,2020-09-16,True,Pending Renewal
CTR9643AB90E3,CUST100068302,Fixed Term,2021-03-18,12,2022-03-18,False,Active
CTRCDBAF9DBAD,CUST100065729,Fixed Term,2025-06-25,24,2027-06-25,True,Terminated Early
CTRFA5A98CF84,CUST100027013,Fixed Term,2024-09-09,12,2025-09-09,False,Active
CTRBDC057B6ED,CUST100027853,Month-to-Month,2022-01-15,0,,False,Active
CTR649D99C49D,CUST100072159,Month-to-Month,2018-10-17,0,,True,Expired
CTRD362F47882,CUST100027301,Fixed Term,2022-08-01,0,,False,Expired
CTR366C4D87E5,CUST100030503,Fixed Term,2016-05-07,24,2018-05-07,False,Active
CTRB43A642F00,CUST100094085,Month-to-Month,2016-12-14,24,2018-12-14,True,Active
CTRA2B753F8B9,CUST100015278,Month-to-Month,2019-05-17,24,2021-05-17,True,Active
CTR1C073F7847,CUST100059018,Month-to-Month,2015-05-12,12,2016-05-12,True,Active
CTR5C9537AB39,CUST100019765,Fixed Term,2023-08-30,0,,True,Active
CTRD641D8D50C,CUST100000802,Fixed Term,2018-02-03,0,,True,Pending Renewal
CTRC7F8BE2B7C,CUST100097992,Month-to-Month,2020-01-07,12,2021-01-07,True,Expired
CTR7A22782585,CUST100066926,Fixed Term,2024-03-17,0,,False,Active
CTR0F8912D1E0,CUST100033123,Month-to-Month,2018-03-31,12,2019-03-31,True,Active
CTR0A6A666833,CUST100094709,Fixed Term,2020-08-18,12,2021-08-18,True,Active
CTR07EDDFB4C7,CUST100035253,Fixed Term,2019-11-25,12,2020-11-25,False,Active
CTRFD356FB084,CUST100025737,Fixed Term,2018-09-15,24,2020-09-15,True,Terminated Early
CTRB369B82F26,CUST100026673,Month-to-Month,2018-11-06,12,2019-11-06,False,Active
CTR9368732044,CUST100079058,Enterprise SLA,2019-07-19,12,2020-07-19,True,Active
CTR0852083FE4,CUST100048987,Month-to-Month,2017-01-11,12,2018-01-11,False,Active
CTRCBFE4BE0D0,CUST100042483,Fixed Term,2019-03-25,24,2021-03-25,True,Active
CTR2BE914018F,CUST100051803,Fixed Term,2023-11-02,12,2024-11-02,False,Active
CTR3501E8C707,CUST100093881,Fixed Term,2024-10-13,24,2026-10-13,False,Active
CTR012D1B584A,CUST100015243,Enterprise SLA,2022-07-12,0,,True,Active
CTRB6C4BAF785,CUST100084600,Month-to-Month,2020-04-29,0,,False,Active
CTRA3D95A4D18,CUST100028308,Fixed Term,2020-03-26,36,2023-03-26,False,Pending Renewal
CTR9DEF67B713,CUST100095888,Fixed Term,2019-06-28,24,2021-06-28,True,Active
CTR328E5D75E5,CUST100036967,Month-to-Month,2020-08-30,0,,True,Active
CTR815A0152FB,CUST100046201,Fixed Term,2016-03-28,24,2018-03-28,True,Active
CTR3044F1FBB4,CUST100060408,Fixed Term,2023-09-27,12,2024-09-27,True,Active
CTR5137DFCA7F,CUST100072125,Fixed Term,2025-12-04,12,2026-12-04,True,Expired
CTR2EC81B97AE,CUST100084853,Month-to-Month,2018-12-16,36,2021-12-16,True,Active
CTR6485E093E3,CUST100008363,Fixed Term,2015-12-03,0,,True,Active
CTR6BDF2CC37E,CUST100042269,Fixed Term,2019-03-29,36,2022-03-29,False,Active
CTRFAE80C6300,CUST100061727,Month-to-Month,2023-05-15,12,2024-05-15,False,Active
CTRFBB179DC5F,CUST100088023,Fixed Term,2023-01-21,0,,True,Active
CTRA48AC2B4E2,CUST100035573,Month-to-Month,2015-04-14,24,2017-04-14,True,Active
CTR52C2861755,CUST100026496,Fixed Term,2018-06-18,24,2020-06-18,False,Expired
CTRD762252DF2,CUST100097079,Fixed Term,2021-10-10,24,2023-10-10,False,Active
CTR19AB65C026,CUST100009806,Month-to-Month,2023-11-20,12,2024-11-20,True,Active
CTRBFCD722A78,CUST100065974,Fixed Term,2015-05-16,0,,False,Active
CTR5428E546C0,CUST100086297,Month-to-Month,2019-01-22,24,2021-01-22,True,Active
CTRE4D7400FDA,CUST100094120,Month-to-Month,2025-07-22,24,2027-07-22,True,Pending Renewal
CTRECA701E022,CUST100049876,Enterprise SLA,2021-05-14,0,,True,Active
CTR0DC5A037E0,CUST100072645,Fixed Term,2015-07-21,0,,True,Expired
CTR1084DB9AEB,CUST100019607,Fixed Term,2018-06-22,0,,True,Active
CTR1CD2700FD9,CUST100007673,Month-to-Month,2017-08-02,24,2019-08-02,False,Active
CTR5C43748C41,CUST100010059,Fixed Term,2016-08-14,24,2018-08-14,False,Active
CTR60480A251E,CUST100028863,Fixed Term,2017-02-10,0,,False,Expired
CTRC9EA2B46E2,CUST100082105,Fixed Term,2022-01-12,36,2025-01-12,True,Expired
CTR2D0BB6B009,CUST100096444,Fixed Term,2015-05-26,24,2017-05-26,True,Active
CTR98CCBFDA44,CUST100021470,Month-to-Month,2016-02-21,0,,False,Active
CTR7C5BC6A568,CUST100006140,Fixed Term,2020-09-27,12,2021-09-27,True,Expired
CTR27441BFEDD,CUST100074460,Fixed Term,2023-06-29,24,2025-06-29,False,Expired
CTRCF8E8A9E3A,CUST100086029,Month-to-Month,2017-12-27,24,2019-12-27,True,Pending Renewal
CTR1E6D575E88,CUST100096471,Month-to-Month,2016-09-14,24,2018-09-14,False,Active
CTRFD57E1400F,CUST100092811,Fixed Term,2019-05-03,0,,True,Active
CTR4623B0339B,CUST100070263,Month-to-Month,2018-11-30,0,,False,Expired
CTRC62A41004C,CUST100019070,Month-to-Month,2019-07-08,24,2021-07-08,False,Active
CTRDCD5CCB1EB,CUST100088486,Enterprise SLA,2019-09-24,24,2021-09-24,True,Pending Renewal
CTR58057CB301,CUST100043448,Fixed Term,2016-05-24,24,2018-05-24,False,Active
CTRD907839941,CUST100088154,Month-to-Month,2017-10-15,12,2018-10-15,False,Expired
CTR7CEC41B361,CUST100098910,Fixed Term,2016-02-08,24,2018-02-08,False,Expired
CTRE77603C317,CUST100075819,Fixed Term,2016-06-30,0,,False,Active
CTR1350944CE4,CUST100058583,Fixed Term,2016-05-04,12,2017-05-04,True,Expired
CTR757ED249EE,CUST100030623,Fixed Term,2016-09-23,0,,True,Expired
CTRC9DA56CDFF,CUST100095710,Fixed Term,2021-05-22,0,,True,Active
CTR6172B5769E,CUST100087393,Month-to-Month,2016-04-23,24,2018-04-23,True,Terminated Early
CTRB3EA5A9CDB,CUST100017435,Fixed Term,2016-08-08,24,2018-08-08,False,Active
CTR52BA9241B2,CUST100088438,Fixed Term,2018-12-23,24,2020-12-23,True,Active
CTR375513E70E,CUST100029937,Fixed Term,2025-06-19,0,,True,Active
CTR327BED0EBF,CUST100088873,Month-to-Month,2016-09-11,24,2018-09-11,True,Expired
CTR56F19A20F1,CUST100047402,Fixed Term,2025-01-06,36,2028-01-06,False,Active
CTR2DBBC3CDEF,CUST100026768,Fixed Term,2018-10-26,24,2020-10-26,True,Active
CTRE49EA3A2FD,CUST100097975,Month-to-Month,2022-03-16,24,2024-03-16,True,Active
CTR1F1A41E094,CUST100025836,Month-to-Month,2018-10-02,24,2020-10-02,True,Terminated Early
CTREE65364195,CUST100007428,Month-to-Month,2018-05-16,12,2019-05-16,True,Expired
CTREC4E73A17B,CUST100054229,Fixed Term,2025-05-14,24,2027-05-14,False,Expired
CTR85B0A43A43,CUST100089418,Month-to-Month,2017-08-16,24,2019-08-16,True,Active
CTRA2A4530FD5,CUST100014648,Month-to-Month,2023-04-13,0,,True,Active
CTR642FE61DE7,CUST100067261,Month-to-Month,2019-10-09,12,2020-10-09,True,Terminated Early
CTR18E69FE1F6,CUST100072594,Enterprise SLA,2024-09-27,24,2026-09-27,True,Pending Renewal
CTR095345D447,CUST100094148,Month-to-Month,2017-07-08,12,2018-07-08,False,Active
CTRC8EED40B3A,CUST100040614,Fixed Term,2018-01-12,12,2019-01-12,False,Active
CTR11EC0ACD81,CUST100087244,Fixed Term,2017-08-21,12,2018-08-21,True,Active
CTR12E1D17BAC,CUST100096989,Month-to-Month,2017-07-19,12,2018-07-19,True,Terminated Early
CTR3B75AACE52,CUST100021095,Month-to-Month,2016-07-02,0,,True,Active
CTRBB366916C5,CUST100011498,Month-to-Month,2022-04-12,0,,True,Expired
CTR1CCB7D451C,CUST100065108,Month-to-Month,2024-06-11,0,,False,Active
CTRA2E8E26BE9,CUST100001831,Fixed Term,2016-09-07,0,,False,Active
CTR7321ADC10D,CUST100069369,Month-to-Month,2023-07-25,24,2025-07-25,True,Active
CTR0F5AE69C9C,CUST100063679,Month-to-Month,2018-11-10,24,2020-11-10,True,Active
CTR90DFC443FA,CUST100018174,Fixed Term,2017-09-19,12,2018-09-19,False,Active
CTRC5F9B46B07,CUST100018302,Fixed Term,2025-02-20,12,2026-02-20,True,Active
CTR20C6062B26,CUST100023040,Fixed Term,2017-05-17,24,2019-05-17,True,Active
CTR689FFD723C,CUST100094152,Fixed Term,2018-09-04,12,2019-09-04,False,Active
CTRFFDD4D5292,CUST100058197,Month-to-Month,2025-12-05,36,2028-12-05,True,Active
CTR0392A62436,CUST100004804,Month-to-Month,2025-12-25,0,,False,Active
CTRAABC3BD4BF,CUST100006406,Month-to-Month,2024-04-11,24,2026-04-11,False,Expired
CTR16387E5CB0,CUST100081676,Fixed Term,2019-11-03,24,2021-11-03,False,Expired
CTR6CC3DB1A2A,CUST100089504,Fixed Term,2015-06-28,24,2017-06-28,False,Expired
CTR761B7018CA,CUST100018471,Fixed Term,2021-01-07,12,2022-01-07,False,Active
CTR63502EAD0F,CUST100029633,Fixed Term,2023-01-15,12,2024-01-15,False,Active
CTRF3B90A4BE6,CUST100047909,Fixed Term,2020-07-21,12,2021-07-21,True,Active
CTR917172375C,CUST100073592,Fixed Term,2022-05-27,0,,False,Active
CTR7331D5813B,CUST100079356,Enterprise SLA,2018-10-16,0,,True,Active
CTRF3B40E2E46,CUST100066476,Fixed Term,2022-01-21,12,2023-01-21,True,Active
CTRE350A46685,CUST100023140,Month-to-Month,2015-05-19,24,2017-05-19,True,Pending Renewal
CTR0693F5CA99,CUST100015504,Month-to-Month,2018-08-27,0,,False,Active
CTRC3CA0D6AF4,CUST100065348,Month-to-Month,2024-11-12,0,,True,Active
CTRDCBD8DA597,CUST100042750,Month-to-Month,2018-03-02,0,,False,Active
CTRB184951737,CUST100058616,Fixed Term,2020-07-14,24,2022-07-14,True,Expired
CTR972C251191,CUST100079485,Enterprise SLA,2017-07-17,12,2018-07-17,True,Active
CTR92D2300605,CUST100010420,Fixed Term,2022-01-16,24,2024-01-16,False,Active
CTRA5DB08A5EC,CUST100010722,Enterprise SLA,2019-08-14,24,2021-08-14,True,Active
CTR3846BA1EB8,CUST100018570,Fixed Term,2017-06-12,0,,False,Active
CTR35A57F8BBA,CUST100050555,Fixed Term,2022-09-21,0,,False,Active
CTRBE3A88E081,CUST100055058,Fixed Term,2017-03-02,12,2018-03-02,True,Expired
CTR4DBD44CA9D,CUST100015280,Month-to-Month,2016-11-16,0,,True,Active
CTRC40297F7C0,CUST100083867,Month-to-Month,2019-02-21,12,2020-02-21,True,Active
CTR78D367C3D9,CUST100073188,Month-to-Month,2022-04-25,0,,True,Active
CTRAC424B987F,CUST100020563,Month-to-Month,2016-05-11,0,,False,Active
CTR1139561511,CUST100084952,Enterprise SLA,2019-04-26,0,,True,Active
CTR825DFA457F,CUST100098740,Month-to-Month,2022-05-11,12,2023-05-11,False,Active
CTR3681250CBA,CUST100011039,Month-to-Month,2023-11-13,12,2024-11-13,True,Active
CTR782BDDBEF6,CUST100009122,Month-to-Month,2019-08-07,0,,True,Pending Renewal
CTRE28E8920FB,CUST100059242,Enterprise SLA,2015-10-19,0,,False,Active
CTR00E7B70E08,CUST100084903,Fixed Term,2018-03-14,24,2020-03-14,True,Active
CTR3C9FFF121D,CUST100037353,Fixed Term,2018-12-02,12,2019-12-02,True,Active
CTRFE7B233CB1,CUST100044417,Month-to-Month,2018-01-26,24,2020-01-26,True,Active
CTR56BCC261C5,CUST100041564,Fixed Term,2017-06-05,36,2020-06-05,True,Active
CTR694ED16FE0,CUST100018670,Fixed Term,2022-06-13,0,,False,Active
CTR4CC478B45D,CUST100095401,Month-to-Month,2023-01-13,0,,True,Expired
CTR5D8CA9F00A,CUST100093487,Fixed Term,2020-09-16,12,2021-09-16,False,Active
CTR4B37B4E51F,CUST100005395,Fixed Term,2020-03-03,0,,True,Active
CTREB9F04B37E,CUST100016107,Month-to-Month,2024-09-11,12,2025-09-11,True,Active
CTR0343204518,CUST100069595,Fixed Term,2020-12-20,24,2022-12-20,True,Active
CTRF9E870615A,CUST100065713,Month-to-Month,2015-12-16,24,2017-12-16,False,Active
CTR783A4A22D7,CUST100043777,Month-to-Month,2018-09-24,0,,True,Expired
CTR05C840F040,CUST100045383,Month-to-Month,2020-10-17,12,2021-10-17,True,Terminated Early
CTRC446865679,CUST100000365,Month-to-Month,2024-01-23,24,2026-01-23,False,Active
CTRD921F72413,CUST100011669,Enterprise SLA,2025-12-28,24,2027-12-28,False,Active
CTR4A87B0E0F8,CUST100028922,Fixed Term,2025-05-05,0,,True,Active
CTRE83E78ECAE,CUST100087806,Month-to-Month,2016-06-01,24,2018-06-01,False,Terminated Early
CTR94F1DFE8C5,CUST100081058,Month-to-Month,2015-01-04,24,2017-01-04,True,Active
CTR32FBD83E7A,CUST100077945,Fixed Term,2017-11-02,24,2019-11-02,False,Active
CTR61C07CB6B6,CUST100027720,Month-to-Month,2018-04-11,0,,False,Active
CTRE6EC989963,CUST100055148,Fixed Term,2020-10-03,0,,True,Terminated Early
CTRABAB167CA1,CUST100095673,Month-to-Month,2015-10-01,0,,False,Terminated Early
CTRF7D55A058C,CUST100049066,Fixed Term,2018-12-01,0,,True,Active
CTR4B2A3DFB2A,CUST100087752,Fixed Term,2018-08-26,36,2021-08-26,False,Expired
CTR967CE22CD5,CUST100099421,Enterprise SLA,2020-06-01,0,,True,Active
CTR52EE894173,CUST100054039,Enterprise SLA,2015-01-09,24,2017-01-09,True,Active
CTR3867DDEEF4,CUST100091853,Fixed Term,2020-11-10,12,2021-11-10,False,Active
CTRCC375F1630,CUST100071496,Fixed Term,2025-03-13,24,2027-03-13,True,Active
CTRD5C0A4FAF2,CUST100013629,Fixed Term,2022-07-14,0,,False,Pending Renewal
CTR6BD0D53F98,CUST100075657,Month-to-Month,2021-02-16,12,2022-02-16,True,Active
CTRE5DE933A32,CUST100086162,Month-to-Month,2019-06-26,24,2021-06-26,False,Expired
CTR961A30F880,CUST100011803,Fixed Term,2023-07-13,12,2024-07-13,False,Active
CTR15138751F6,CUST100090000,Fixed Term,2016-10-22,24,2018-10-22,True,Active
CTR57AF1ADF7F,CUST100012793,Fixed Term,2015-07-01,12,2016-07-01,False,Active
CTR080E76D4DA,CUST100026371,Fixed Term,2021-01-27,0,,False,Active
CTRAD30C96733,CUST100068447,Fixed Term,2025-01-26,0,,True,Active
CTRD236542AB1,CUST100052358,Fixed Term,2022-10-20,0,,False,Expired
CTR12E41671FA,CUST100013894,Enterprise SLA,2023-12-08,24,2025-12-08,True,Active
CTRBED8E5445E,CUST100045948,Fixed Term,2020-03-05,24,2022-03-05,True,Active
CTR922C711BEE,CUST100052075,Month-to-Month,2024-01-24,24,2026-01-24,False,Active
CTRA7A0597AF5,CUST100098434,Fixed Term,2015-08-08,12,2016-08-08,True,Active
CTR2D6A7B5B6B,CUST100008040,Fixed Term,2018-08-09,12,2019-08-09,True,Active
CTRB92ADC332F,CUST100091683,Month-to-Month,2021-05-14,24,2023-05-14,False,Active
CTRB44DC67F13,CUST100075507,Month-to-Month,2020-11-01,0,,False,Active
CTRF7DB3D79C0,CUST100094808,Month-to-Month,2020-01-03,12,2021-01-03,True,Active
CTRBD9E8D802B,CUST100061987,Fixed Term,2023-05-29,12,2024-05-29,True,Active
CTRC0F42044D8,CUST100007039,Month-to-Month,2019-02-28,24,2021-02-28,True,Active
CTRC8823DE226,CUST100089998,Month-to-Month,2020-12-29,24,2022-12-29,False,Active
CTRD75EA344D9,CUST100034801,Fixed Term,2023-10-17,24,2025-10-17,True,Active
CTRE11A225E89,CUST100044139,Month-to-Month,2017-05-25,0,,True,Active
CTR8376708620,CUST100078251,Fixed Term,2023-07-20,12,2024-07-20,True,Active
CTR36EABEFDA6,CUST100090246,Enterprise SLA,2025-08-09,12,2026-08-09,False,Terminated Early
CTR69F1D272D0,CUST100064603,Fixed Term,2023-07-25,12,2024-07-25,False,Active
CTR29FF4949C0,CUST100069131,Fixed Term,2018-08-15,12,2019-08-15,True,Active
CTR110F43E9E9,CUST100092868,Month-to-Month,2020-01-15,24,2022-01-15,True,Expired
CTRF230C0C7DA,CUST100098981,Fixed Term,2025-08-25,12,2026-08-25,True,Active
CTR2FB3AFAF2C,CUST100087899,Fixed Term,2025-04-13,24,2027-04-13,True,Active
CTR8EAD17E07B,CUST100098446,Fixed Term,2022-11-30,12,2023-11-30,True,Active
CTRD86EFA7A78,CUST100027875,Month-to-Month,2018-07-25,24,2020-07-25,True,Active
CTRE6D79FC83B,CUST100042388,Month-to-Month,2016-03-03,0,,False,Active
CTR75769D9FD2,CUST100023340,Fixed Term,2022-07-14,0,,True,Terminated Early
CTR3F0313636E,CUST100039612,Fixed Term,2025-01-24,12,2026-01-24,True,Pending Renewal
CTRFF7B68FA8A,CUST100028154,Month-to-Month,2023-10-09,24,2025-10-09,False,Active
CTRFCC184992C,CUST100040959,Fixed Term,2025-07-22,0,,True,Active
CTR9FE2B2E38C,CUST100031462,Month-to-Month,2022-12-27,0,,True,Active
CTR5BF16C8259,CUST100043711,Month-to-Month,2024-12-02,0,,True,Terminated Early
CTRB3CD1766DE,CUST100006651,Month-to-Month,2016-04-24,0,,True,Pending Renewal
CTREF411B4845,CUST100026885,Month-to-Month,2024-04-06,36,2027-04-06,False,Active
CTR8A02C7307D,CUST100068754,Month-to-Month,2023-03-10,12,2024-03-10,True,Active
CTRDA8DD58AC9,CUST100011489,Month-to-Month,2024-06-08,12,2025-06-08,False,Terminated Early
CTR50C014A5F5,CUST100028932,Month-to-Month,2019-06-13,24,2021-06-13,False,Active
CTRF62C970831,CUST100091250,Month-to-Month,2016-09-09,0,,False,Active
CTR0C8E5D004D,CUST100051844,Month-to-Month,2020-09-30,24,2022-09-30,True,Terminated Early
CTR1AF4E2B9DF,CUST100020010,Fixed Term,2023-07-26,24,2025-07-26,False,Active
CTR469E610DEA,CUST100078406,Fixed Term,2020-04-16,24,2022-04-16,True,Active
CTR8CEB263FEE,CUST100034910,Fixed Term,2016-11-20,12,2017-11-20,False,Terminated Early
CTR65488ECE97,CUST100009931,Month-to-Month,2016-02-01,24,2018-02-01,False,Active
CTR21CABCAD0A,CUST100067866,Month-to-Month,2024-09-19,0,,False,Active
CTR3B99B29794,CUST100045237,Month-to-Month,2016-08-23,24,2018-08-23,True,Active
CTRDA0FC6141C,CUST100045234,Fixed Term,2016-02-25,24,2018-02-25,True,Active
CTR5984FCFE65,CUST100054217,Month-to-Month,2019-07-05,0,,True,Active
CTRC40BD0A16D,CUST100025858,Fixed Term,2022-03-10,0,,True,Active
CTRCA44C1BF4C,CUST100097492,Month-to-Month,2024-11-09,24,2026-11-09,True,Active
CTRCFA4E80E68,CUST100073528,Fixed Term,2021-08-31,24,2023-08-31,True,Active
CTRA16E6A0484,CUST100082754,Fixed Term,2024-09-14,24,2026-09-14,True,Active
CTR4CC68B2F3B,CUST100005350,Fixed Term,2025-03-06,0,,False,Active
CTR3B8FC320A9,CUST100054415,Month-to-Month,2020-11-07,12,2021-11-07,False,Active
CTRAE31D0927D,CUST100096688,Fixed Term,2020-04-26,12,2021-04-26,True,Active
CTRB66C4238EB,CUST100021904,Month-to-Month,2015-02-25,12,2016-02-25,True,Active
CTR9794ED1CC4,CUST100037430,Month-to-Month,2019-09-29,24,2021-09-29,True,Active
CTR93E56DCBF4,CUST100071131,Month-to-Month,2017-07-19,12,2018-07-19,True,Expired
CTR8E404D4F5A,CUST100014630,Month-to-Month,2024-03-03,12,2025-03-03,False,Active
CTR2F429BC237,CUST100033107,Enterprise SLA,2021-05-12,12,2022-05-12,False,Expired
CTRE9B15DF1D9,CUST100002249,Month-to-Month,2023-06-03,24,2025-06-03,False,Active
CTRC98E15DE31,CUST100017022,Month-to-Month,2017-03-02,12,2018-03-02,True,Expired
CTR298D5C4128,CUST100034007,Fixed Term,2025-11-11,24,2027-11-11,True,Active
CTRD350A269D1,CUST100094722,Month-to-Month,2025-09-01,12,2026-09-01,True,Active
CTR6A103B97DA,CUST100018269,Fixed Term,2025-08-28,0,,True,Expired
CTR36373E5642,CUST100037077,Fixed Term,2019-04-16,0,,True,Active
CTR438437E46B,CUST100025373,Fixed Term,2017-06-28,36,2020-06-28,True,Active
CTR90FCE71279,CUST100036204,Month-to-Month,2022-06-15,12,2023-06-15,False,Terminated Early
CTR5665AAE7AB,CUST100060589,Fixed Term,2015-07-06,12,2016-07-06,True,Expired
CTRED9370C06E,CUST100015930,Month-to-Month,2025-09-23,0,,True,Active
CTRC854065637,CUST100040234,Fixed Term,2023-10-14,24,2025-10-14,False,Active
CTRD376C3C53F,CUST100005871,Fixed Term,2016-03-04,24,2018-03-04,True,Active
CTR1244550615,CUST100050550,Month-to-Month,2021-01-01,36,2024-01-01,True,Active
CTR80228DF25C,CUST100054661,Month-to-Month,2024-06-12,0,,True,Expired
CTR86884D2D49,CUST100099470,Month-to-Month,2016-11-28,0,,True,Active
CTR9311AAB918,CUST100055331,Month-to-Month,2020-07-19,0,,True,Expired
CTR792A06F3BB,CUST100050804,Fixed Term,2025-11-29,24,2027-11-29,False,Active
CTR9C2C69CC3D,CUST100071017,Fixed Term,2017-12-03,12,2018-12-03,True,Active
CTRFFB0728E4B,CUST100024840,Month-to-Month,2023-12-01,24,2025-12-01,True,Active
CTR112878FEF3,CUST100049387,Fixed Term,2023-12-29,24,2025-12-29,True,Active
CTRE334FF8D1F,CUST100038982,Fixed Term,2024-06-28,24,2026-06-28,False,Active
CTR423FC7E617,CUST100041460,Month-to-Month,2024-01-21,24,2026-01-21,True,Expired
CTR03448472CF,CUST100095102,Month-to-Month,2020-08-13,24,2022-08-13,True,Pending Renewal
CTRE251694D92,CUST100007007,Month-to-Month,2018-03-06,24,2020-03-06,True,Active
CTRF24D94251D,CUST100092850,Month-to-Month,2022-03-13,0,,False,Active
CTR565E7C5D6A,CUST100080405,Fixed Term,2016-06-06,24,2018-06-06,False,Terminated Early
CTR38EDAD4397,CUST100045840,Fixed Term,2015-03-28,0,,True,Active
CTRE036EFDC31,CUST100026771,Fixed Term,2021-01-03,24,2023-01-03,False,Active
CTRFE94C9DC6F,CUST100053261,Fixed Term,2021-06-15,0,,False,Active
CTRB42F952DA2,CUST100061385,Fixed Term,2016-05-15,24,2018-05-15,True,Pending Renewal
CTR06B6A16AF5,CUST100027061,Month-to-Month,2016-02-08,12,2017-02-08,True,Active
CTREA636731EF,CUST100040294,Fixed Term,2017-02-06,12,2018-02-06,False,Active
CTR1827E5EA1D,CUST100093757,Month-to-Month,2015-11-20,12,2016-11-20,False,Active
CTR6CC7809B71,CUST100097161,Fixed Term,2015-02-27,36,2018-02-27,False,Active
CTRA8F5989BC1,CUST100056463,Fixed Term,2022-02-03,0,,False,Active
CTR83E88128BF,CUST100034016,Fixed Term,2024-03-25,12,2025-03-25,True,Pending Renewal
CTR7A448DBFA6,CUST100079890,Fixed Term,2023-02-23,24,2025-02-23,False,Active
CTR923902C0F4,CUST100006051,Fixed Term,2021-08-21,24,2023-08-21,False,Active
CTRA95074651A,CUST100032761,Fixed Term,2025-03-21,24,2027-03-21,True,Expired
CTRDA48418266,CUST100024867,Month-to-Month,2022-01-27,12,2023-01-27,False,Expired
CTR41FA8CBCAD,CUST100095495,Fixed Term,2021-06-26,12,2022-06-26,True,Expired
CTR13756D484F,CUST100057509,Fixed Term,2023-12-05,12,2024-12-05,True,Expired
CTR7483925A50,CUST100035295,Fixed Term,2021-11-23,0,,True,Active
CTR61FB91B74E,CUST100050634,Month-to-Month,2023-07-10,12,2024-07-10,True,Expired
CTR9C69CA48BA,CUST100014570,Enterprise SLA,2020-01-17,12,2021-01-17,False,Active
CTR8ED8BF4ED3,CUST100003729,Fixed Term,2017-09-13,12,2018-09-13,True,Expired
CTR73723CCBCE,CUST100080589,Fixed Term,2016-08-18,24,2018-08-18,True,Active
CTR648245092C,CUST100063912,Month-to-Month,2021-03-05,24,2023-03-05,True,Expired
CTRF1C62C5450,CUST100080959,Fixed Term,2023-01-09,0,,True,Expired
CTRBACEDBBEBC,CUST100011101,Fixed Term,2016-08-15,0,,True,Active
CTR2F416BE911,CUST100054100,Enterprise SLA,2015-12-24,24,2017-12-24,False,Active
CTRD977D5F551,CUST100062013,Fixed Term,2018-04-06,36,2021-04-06,True,Terminated Early
CTRDEFF3653C1,CUST100061865,Month-to-Month,2025-12-11,12,2026-12-11,True,Active
CTR42BE3C99E3,CUST100034734,Fixed Term,2015-09-18,12,2016-09-18,False,Active
CTR417CE248D8,CUST100015355,Enterprise SLA,2022-06-14,12,2023-06-14,True,Active
CTR81B67496FB,CUST100061122,Fixed Term,2016-03-07,0,,False,Active
CTRD5310EA279,CUST100078094,Fixed Term,2017-07-21,12,2018-07-21,False,Active
CTR2F68663DBD,CUST100010363,Fixed Term,2019-02-15,24,2021-02-15,True,Active
CTR08E805103B,CUST100029176,Fixed Term,2020-02-22,24,2022-02-22,False,Active
CTR41A3392C53,CUST100001860,Month-to-Month,2021-02-22,0,,False,Active
CTREC9D3A301C,CUST100093489,Fixed Term,2023-07-25,0,,False,Terminated Early
CTR33DCE41A8E,CUST100038674,Fixed Term,2015-04-29,0,,False,Active
CTR296A336A5F,CUST100014235,Month-to-Month,2019-11-01,0,,True,Active
CTR7F58A25AC5,CUST100064512,Month-to-Month,2016-11-30,12,2017-11-30,False,Active
CTR98B8BCAE8E,CUST100010101,Month-to-Month,2023-06-11,12,2024-06-11,False,Active
CTR8DEE4753DE,CUST100001975,Fixed Term,2015-11-12,12,2016-11-12,False,Terminated Early
CTRA0F5FA5E4F,CUST100021996,Month-to-Month,2020-09-27,0,,True,Active
CTRBA53A8F0F6,CUST100088991,Fixed Term,2016-04-11,24,2018-04-11,False,Terminated Early
CTR46DAF066C9,CUST100016907,Month-to-Month,2017-03-31,12,2018-03-31,False,Active
CTR5F20881EC1,CUST100019233,Fixed Term,2021-01-04,24,2023-01-04,False,Terminated Early
CTRD2E06EE4C2,CUST100045822,Month-to-Month,2025-07-03,24,2027-07-03,True,Active
CTR0BC5CB00AB,CUST100022985,Fixed Term,2020-01-16,24,2022-01-16,False,Active
CTRD4CAA0D6A4,CUST100033303,Fixed Term,2022-06-16,12,2023-06-16,False,Active
CTR8D0D2F8C57,CUST100096303,Month-to-Month,2023-08-11,24,2025-08-11,True,Active
CTRFE73E4C36A,CUST100079761,Fixed Term,2023-05-13,12,2024-05-13,True,Active
CTR9F7A5649F0,CUST100058640,Month-to-Month,2022-09-27,24,2024-09-27,True,Active
CTR0A86FF2EF6,CUST100030323,Month-to-Month,2019-06-28,0,,False,Active
CTR7E656C5CAC,CUST100069150,Fixed Term,2016-07-07,12,2017-07-07,True,Active
CTR0099CC44D9,CUST100063189,Fixed Term,2018-06-06,12,2019-06-06,True,Active
CTRF60161C728,CUST100037324,Fixed Term,2025-08-29,12,2026-08-29,True,Active
CTRC845800B7E,CUST100078307,Fixed Term,2024-04-16,24,2026-04-16,False,Active
CTR31B672CAB2,CUST100020493,Month-to-Month,2020-01-18,0,,False,Expired
CTRBD695C859D,CUST100036092,Month-to-Month,2025-05-10,0,,True,Terminated Early
CTRBEF4B43A36,CUST100011267,Fixed Term,2020-08-15,0,,False,Active
CTR9D47458598,CUST100084793,Month-to-Month,2021-08-20,24,2023-08-20,True,Pending Renewal
CTRE52C7B7317,CUST100086949,Fixed Term,2022-05-29,12,2023-05-29,True,Active
CTR39E3E338F3,CUST100085225,Month-to-Month,2021-06-11,24,2023-06-11,True,Active
CTRAF373A9E54,CUST100077952,Month-to-Month,2015-07-24,0,,True,Active
CTR82CF409999,CUST100049014,Month-to-Month,2023-03-08,0,,True,Active
CTR638EFA8D15,CUST100001333,Month-to-Month,2020-05-24,12,2021-05-24,False,Active
CTRDAE24BA1D0,CUST100013774,Month-to-Month,2016-06-01,0,,False,Active
CTR8BB55B0C02,CUST100099913,Enterprise SLA,2021-05-09,0,,True,Terminated Early
CTRE5EE39C492,CUST100048697,Fixed Term,2018-03-10,0,,False,Terminated Early
CTR05C3FC3B70,CUST100051154,Fixed Term,2020-02-12,24,2022-02-12,False,Active
CTRE491F880C7,CUST100007521,Month-to-Month,2025-12-11,24,2027-12-11,True,Expired
CTR4D13558EA0,CUST100057857,Fixed Term,2023-04-10,24,2025-04-10,True,Active
CTRF983DC1094,CUST100000534,Fixed Term,2025-08-24,24,2027-08-24,True,Active
CTR4E6E55CEAF,CUST100089142,Month-to-Month,2018-05-12,12,2019-05-12,True,Active
CTR19FE2993F1,CUST100084522,Month-to-Month,2016-07-10,24,2018-07-10,True,Expired
CTRE44896E0EE,CUST100015217,Fixed Term,2018-01-30,12,2019-01-30,False,Pending Renewal
CTR7C1F35A457,CUST100007103,Month-to-Month,2021-08-21,36,2024-08-21,True,Active
CTR50AF6E269C,CUST100063168,Fixed Term,2020-04-28,0,,False,Active
CTR10D20447B1,CUST100079539,Month-to-Month,2020-02-18,24,2022-02-18,False,Active
CTR0D1DDB8718,CUST100030571,Month-to-Month,2018-12-14,12,2019-12-14,False,Active
CTRB0794D74E1,CUST100006249,Fixed Term,2025-08-09,24,2027-08-09,True,Expired
CTR8778F11E4B,CUST100072069,Month-to-Month,2023-01-21,0,,True,Expired
CTR49294B74C5,CUST100012013,Month-to-Month,2021-02-18,24,2023-02-18,True,Active
CTR7FB4EACFD3,CUST100046125,Fixed Term,2023-03-12,12,2024-03-12,True,Active
CTR9CEF374D29,CUST100060469,Month-to-Month,2018-06-18,24,2020-06-18,False,Active
CTR04D382A074,CUST100050557,Fixed Term,2020-06-22,24,2022-06-22,True,Active
CTR2F3444FC76,CUST100099079,Fixed Term,2023-08-30,0,,True,Expired
CTR60AA83604D,CUST100070231,Month-to-Month,2016-05-29,24,2018-05-29,True,Active
CTR4BF9E99725,CUST100061624,Month-to-Month,2017-01-09,0,,True,Active
CTRA3CD675F01,CUST100068964,Month-to-Month,2015-04-14,12,2016-04-14,True,Active
CTR1C9E464120,CUST100063118,Fixed Term,2021-11-20,24,2023-11-20,True,Pending Renewal
CTR0D2DD7A20A,CUST100032349,Month-to-Month,2018-07-10,24,2020-07-10,True,Active
CTRF050D02783,CUST100004422,Fixed Term,2015-11-12,0,,False,Active
CTR2E6EF61F9B,CUST100047887,Fixed Term,2022-04-06,12,2023-04-06,True,Expired
CTR8106AA82BF,CUST100069446,Month-to-Month,2016-12-01,12,2017-12-01,True,Active
CTR1118585FB9,CUST100096684,Month-to-Month,2021-02-02,12,2022-02-02,True,Terminated Early
CTRD873AA5821,CUST100014508,Fixed Term,2019-10-31,24,2021-10-31,False,Active
CTR95A681666C,CUST100055007,Month-to-Month,2025-08-24,12,2026-08-24,False,Active
CTRAC43882A70,CUST100012583,Month-to-Month,2025-02-05,24,2027-02-05,True,Active
CTR6D70424396,CUST100023047,Fixed Term,2021-03-30,24,2023-03-30,True,Active
CTRC5EAEBD41A,CUST100023920,Month-to-Month,2016-01-16,0,,True,Active
CTRC38781B05B,CUST100002928,Fixed Term,2025-03-23,24,2027-03-23,False,Expired
CTR4E4E941321,CUST100090074,Fixed Term,2017-03-11,24,2019-03-11,False,Active
CTR0496AA29FA,CUST100025194,Fixed Term,2017-07-07,24,2019-07-07,True,Active
CTR3ECFBF3FE3,CUST100005109,Fixed Term,2017-10-11,0,,True,Expired
CTRC81FF3F7AF,CUST100030123,Month-to-Month,2017-02-26,12,2018-02-26,True,Active
CTR968D925BCD,CUST100082762,Fixed Term,2023-08-01,0,,True,Active
CTR4535DEA07B,CUST100000049,Fixed Term,2022-12-10,24,2024-12-10,True,Active
CTR97B23C85B3,CUST100004528,Month-to-Month,2019-08-22,12,2020-08-22,True,Terminated Early
CTR393E8308B8,CUST100070926,Fixed Term,2025-02-02,0,,True,Terminated Early
CTR81ED9ECE7D,CUST100026337,Month-to-Month,2021-06-08,0,,True,Pending Renewal
CTR8D2B35E590,CUST100074702,Fixed Term,2017-06-12,36,2020-06-12,True,Active
CTRCAC8B0093D,CUST100041045,Month-to-Month,2022-09-08,24,2024-09-08,False,Active
CTR35FADD30FA,CUST100009650,Fixed Term,2019-09-01,36,2022-09-01,False,Terminated Early
CTR5DAB816165,CUST100020506,Fixed Term,2022-06-03,0,,True,Active
CTR0D596BA18E,CUST100070503,Month-to-Month,2020-08-13,12,2021-08-13,False,Active
CTR0D5F8ABD37,CUST100040831,Fixed Term,2021-04-22,24,2023-04-22,True,Active
CTR6BBBE1366F,CUST100028565,Fixed Term,2021-01-18,0,,False,Active
CTR805CE232B3,CUST100099026,Fixed Term,2016-02-09,12,2017-02-09,True,Expired
CTRF546D7BFF5,CUST100076562,Month-to-Month,2018-04-06,24,2020-04-06,False,Active
CTRF9D6BD2B80,CUST100046240,Month-to-Month,2018-07-26,12,2019-07-26,False,Active
CTR72E8B5C181,CUST100033638,Month-to-Month,2016-11-25,24,2018-11-25,False,Active
CTR97130C5EBC,CUST100083002,Month-to-Month,2017-06-05,36,2020-06-05,True,Active
CTREF1F0FE7C6,CUST100045677,Fixed Term,2023-10-18,12,2024-10-18,True,Active
CTR38B724A6A8,CUST100010219,Fixed Term,2023-12-22,12,2024-12-22,True,Active
CTR170EF879DA,CUST100094210,Month-to-Month,2015-02-20,24,2017-02-20,False,Active
CTR2E99914392,CUST100077773,Month-to-Month,2023-04-05,12,2024-04-05,True,Active
CTR7336C6968F,CUST100087959,Fixed Term,2017-09-06,24,2019-09-06,True,Active
CTR36CA57AA17,CUST100076456,Fixed Term,2015-07-04,0,,False,Active
CTR13141C07B7,CUST100092565,Fixed Term,2016-03-27,12,2017-03-27,True,Active
CTR902A1CCAF6,CUST100068362,Month-to-Month,2021-08-04,12,2022-08-04,False,Active
CTRF40A54CAB8,CUST100093366,Fixed Term,2017-12-06,12,2018-12-06,True,Terminated Early
CTRC93B98AE18,CUST100047478,Fixed Term,2017-12-22,24,2019-12-22,True,Active
CTR3E706638EF,CUST100065293,Fixed Term,2016-01-23,0,,True,Expired
CTRC0628A2720,CUST100088169,Fixed Term,2015-12-10,12,2016-12-10,True,Active
CTR45E4845442,CUST100050958,Month-to-Month,2017-06-30,24,2019-06-30,True,Active
CTR9922036258,CUST100072129,Fixed Term,2015-09-05,24,2017-09-05,True,Active
CTREAB5635B11,CUST100081421,Month-to-Month,2020-08-01,0,,False,Active
CTR04CB38230B,CUST100092905,Fixed Term,2016-03-07,36,2019-03-07,True,Active
CTR10FD3351BE,CUST100073287,Fixed Term,2016-08-14,0,,False,Pending Renewal
CTR1369D25F35,CUST100024892,Fixed Term,2020-07-14,36,2023-07-14,False,Active
CTRFDD7D91DD9,CUST100032413,Month-to-Month,2017-12-05,0,,True,Active
CTRB83DF47A1B,CUST100030713,Month-to-Month,2025-10-08,24,2027-10-08,False,Expired
CTR9B239C6B9F,CUST100028222,Fixed Term,2019-04-02,36,2022-04-02,True,Active
CTR438182C06C,CUST100095958,Month-to-Month,2023-04-26,24,2025-04-26,True,Active
CTR3544B9AF3B,CUST100093522,Fixed Term,2022-01-21,12,2023-01-21,True,Active
CTRF59FA6FBEC,CUST100082957,Fixed Term,2018-11-15,0,,True,Pending Renewal
CTR1A483A558E,CUST100056107,Month-to-Month,2015-12-12,0,,True,Terminated Early
CTR6081D0E27A,CUST100007670,Month-to-Month,2019-09-12,36,2022-09-12,True,Active
CTR864EE9A907,CUST100010545,Fixed Term,2017-04-27,0,,True,Active
CTRCB860D2796,CUST100020583,Month-to-Month,2022-02-16,24,2024-02-16,True,Active
CTR7DDC676891,CUST100026041,Month-to-Month,2025-12-04,36,2028-12-04,True,Active
CTR78FE3452D3,CUST100021963,Fixed Term,2019-01-13,12,2020-01-13,False,Active
CTR6A54792CC3,CUST100052389,Fixed Term,2024-01-01,12,2025-01-01,False,Expired
CTRA00AEBD88E,CUST100011847,Enterprise SLA,2022-01-16,24,2024-01-16,True,Active
CTR94CD2FB4D0,CUST100013769,Fixed Term,2023-03-03,12,2024-03-03,True,Active
CTR8D00D56DB0,CUST100088322,Month-to-Month,2016-04-18,12,2017-04-18,False,Active
CTRD850F17B68,CUST100017562,Fixed Term,2025-09-17,0,,True,Pending Renewal
CTR6C1DE02B40,CUST100048554,Fixed Term,2018-07-14,24,2020-07-14,True,Expired
CTR27FD156636,CUST100071179,Month-to-Month,2022-12-06,0,,True,Active
CTRD290AD2F36,CUST100031274,Fixed Term,2024-04-26,24,2026-04-26,False,Active
CTRC9848440BF,CUST100059467,Month-to-Month,2024-03-27,12,2025-03-27,False,Active
CTR889805A110,CUST100032083,Fixed Term,2018-11-02,12,2019-11-02,False,Active
CTR1F12D13A1D,CUST100000253,Month-to-Month,2024-11-28,0,,True,Expired
CTR69D7D07C3C,CUST100061723,Month-to-Month,2025-03-01,24,2027-03-01,False,Active
CTR10BAB9755C,CUST100094604,Fixed Term,2023-02-27,24,2025-02-27,False,Terminated Early
CTRE38732BEEE,CUST100020556,Fixed Term,2022-11-03,0,,True,Expired
CTRABD2DEBDDF,CUST100049656,Month-to-Month,2021-01-21,24,2023-01-21,True,Expired
CTRB9AF7F41F6,CUST100005966,Month-to-Month,2018-11-01,36,2021-11-01,False,Active
CTRFEF1B639A5,CUST100066893,Month-to-Month,2021-09-11,24,2023-09-11,False,Active
CTR3FF4CC0C2B,CUST100083214,Month-to-Month,2023-07-25,12,2024-07-25,True,Active
CTR720D4DE7A9,CUST100037946,Month-to-Month,2015-11-18,24,2017-11-18,False,Active
CTR16DC7ABACE,CUST100007597,Month-to-Month,2016-04-15,0,,True,Active
CTRE59B4D9DD0,CUST100031139,Month-to-Month,2015-05-25,24,2017-05-25,True,Active
CTR3C6C87A442,CUST100078308,Enterprise SLA,2018-10-24,0,,False,Active
CTR809F8566A9,CUST100092894,Fixed Term,2023-07-18,0,,False,Terminated Early
CTR2C0F31B705,CUST100058307,Month-to-Month,2021-10-22,24,2023-10-22,False,Active
CTRDE40F592FD,CUST100093685,Fixed Term,2015-05-03,24,2017-05-03,True,Active
CTRB7044BECB9,CUST100078440,Fixed Term,2022-05-25,24,2024-05-25,True,Active
CTR09691A78A0,CUST100078648,Month-to-Month,2015-08-29,12,2016-08-29,True,Expired
CTRACC3817F5F,CUST100053670,Fixed Term,2018-11-02,12,2019-11-02,False,Active
CTR40301D9329,CUST100094547,Fixed Term,2022-08-14,12,2023-08-14,True,Active
CTR1CA18035FF,CUST100013954,Fixed Term,2019-07-13,24,2021-07-13,True,Active
CTR1C63C6CD2D,CUST100070709,Month-to-Month,2022-03-26,24,2024-03-26,True,Active
CTR57C4AE3A28,CUST100068650,Fixed Term,2015-06-22,0,,True,Active
CTR655CCB0C23,CUST100046711,Month-to-Month,2024-05-06,0,,True,Active
CTR206265D783,CUST100098973,Month-to-Month,2015-07-02,12,2016-07-02,False,Active
CTRC5466D9E0D,CUST100043893,Fixed Term,2017-08-29,24,2019-08-29,True,Active
CTRDE0B66F08E,CUST100099677,Month-to-Month,2020-12-25,24,2022-12-25,True,Active
CTRF8E8F29228,CUST100040155,Fixed Term,2017-01-23,12,2018-01-23,True,Active
CTR991321F0E3,CUST100082658,Month-to-Month,2023-09-09,24,2025-09-09,False,Active
CTR94E34F7151,CUST100076368,Month-to-Month,2025-05-15,36,2028-05-15,False,Active
CTRA2E434665F,CUST100063754,Month-to-Month,2025-06-27,12,2026-06-27,False,Active
CTRC7E74DE392,CUST100087859,Month-to-Month,2016-05-08,24,2018-05-08,True,Active
CTR70F9B895F3,CUST100071146,Month-to-Month,2021-01-06,24,2023-01-06,False,Active
CTR9849DF696F,CUST100034196,Fixed Term,2019-06-18,0,,True,Active
CTR19382E8C10,CUST100035033,Fixed Term,2018-11-22,0,,True,Active
CTR848B0F4782,CUST100090039,Fixed Term,2023-05-27,24,2025-05-27,True,Active
CTR987A70CBC6,CUST100064399,Month-to-Month,2018-07-17,0,,False,Expired
CTRF29CB81CB5,CUST100064930,Fixed Term,2019-06-06,12,2020-06-06,False,Active
CTR4433AEF1D6,CUST100027099,Fixed Term,2017-11-14,12,2018-11-14,False,Active
CTR65005989C9,CUST100091966,Fixed Term,2020-11-18,24,2022-11-18,False,Active
CTRE1B5BBC4D5,CUST100045327,Month-to-Month,2017-05-15,12,2018-05-15,True,Active
CTR6EDE5B4418,CUST100041112,Fixed Term,2023-11-17,24,2025-11-17,True,Expired
CTR9C075F8C6B,CUST100004686,Fixed Term,2016-07-02,0,,True,Active
CTRBD6387D33A,CUST100003246,Fixed Term,2017-12-14,24,2019-12-14,True,Active
CTR1AF713EB20,CUST100079044,Month-to-Month,2021-09-16,0,,False,Terminated Early
CTRD9DDE9481D,CUST100031989,Fixed Term,2016-06-11,12,2017-06-11,True,Active
CTR879C0FA1A3,CUST100069193,Fixed Term,2017-11-22,24,2019-11-22,True,Expired
CTRA2B03874B3,CUST100083336,Fixed Term,2018-08-01,24,2020-08-01,True,Active
CTR4E1FCBAE20,CUST100046361,Month-to-Month,2016-04-28,24,2018-04-28,True,Terminated Early
CTRF17580AA40,CUST100081961,Fixed Term,2023-07-01,24,2025-07-01,True,Active
CTRC27C7B46FC,CUST100001219,Month-to-Month,2017-02-24,0,,True,Terminated Early
CTR60CCE79B24,CUST100027781,Month-to-Month,2018-11-08,24,2020-11-08,False,Active
CTRAB08703FC9,CUST100006602,Fixed Term,2023-11-08,24,2025-11-08,False,Expired
CTR2D598F346C,CUST100059826,Enterprise SLA,2022-07-24,12,2023-07-24,True,Active
CTR9E8F815FB6,CUST100065423,Fixed Term,2025-03-25,24,2027-03-25,True,Expired
CTR3E2D786F48,CUST100027664,Fixed Term,2022-03-21,24,2024-03-21,False,Active
CTR23001EA2F1,CUST100054729,Month-to-Month,2017-08-31,12,2018-08-31,True,Active
CTR0621677783,CUST100098573,Month-to-Month,2015-03-05,12,2016-03-05,False,Active
CTR55D744801F,CUST100077992,Fixed Term,2023-12-05,24,2025-12-05,False,Active
CTR4A3C171EF2,CUST100036520,Month-to-Month,2024-09-05,36,2027-09-05,True,Expired
CTR2EF61F5D46,CUST100071120,Enterprise SLA,2016-05-02,0,,False,Active
CTR95B83BC7DE,CUST100074454,Fixed Term,2022-09-15,0,,True,Active
CTR9F16E5FF4B,CUST100082963,Month-to-Month,2023-05-08,0,,True,Expired
CTR49096DE629,CUST100044490,Fixed Term,2015-01-03,0,,True,Active
CTRB6EBFCE24A,CUST100058924,Fixed Term,2024-12-18,0,,True,Active
CTR98B7F7A06B,CUST100096646,Month-to-Month,2021-04-15,0,,True,Active
CTR88F8EC6806,CUST100044370,Fixed Term,2024-02-24,12,2025-02-24,True,Active
CTR4CBAB8DB06,CUST100085941,Month-to-Month,2018-06-22,0,,True,Expired
CTR1AC45E6BDF,CUST100005217,Fixed Term,2018-06-01,12,2019-06-01,False,Pending Renewal
CTRA1FF0D8092,CUST100098643,Month-to-Month,2020-10-18,24,2022-10-18,True,Expired
CTR716592C67E,CUST100039138,Fixed Term,2019-03-17,0,,False,Expired
CTR44A71E9E76,CUST100051218,Month-to-Month,2025-09-06,0,,False,Active
CTRB502FCF5C4,CUST100065529,Fixed Term,2023-09-03,12,2024-09-03,False,Active
CTR8953E63E48,CUST100094222,Enterprise SLA,2023-06-18,24,2025-06-18,False,Active
CTR389E25EA8F,CUST100085621,Enterprise SLA,2016-09-11,24,2018-09-11,False,Terminated Early
CTR706A9B73D7,CUST100000696,Fixed Term,2015-04-27,36,2018-04-27,True,Expired
CTR04662EE7E6,CUST100011204,Fixed Term,2020-04-08,24,2022-04-08,True,Active
CTR383A96B08D,CUST100022461,Fixed Term,2019-11-09,12,2020-11-09,False,Active
CTRD044ECF973,CUST100029762,Month-to-Month,2022-09-01,12,2023-09-01,False,Active
CTRC7AA7826EE,CUST100004441,Fixed Term,2022-08-03,24,2024-08-03,False,Active
CTR931C2F5F0E,CUST100083970,Fixed Term,2021-12-01,24,2023-12-01,True,Active
CTR343E193BF7,CUST100081265,Fixed Term,2019-07-23,24,2021-07-23,True,Active
CTR5C27F9318B,CUST100003233,Fixed Term,2020-08-27,12,2021-08-27,False,Active
CTR4536BE4EE7,CUST100067131,Enterprise SLA,2020-09-01,0,,True,Active
CTR3A7AED6A8D,CUST100024213,Fixed Term,2022-10-17,24,2024-10-17,False,Expired
CTR5CD3B73079,CUST100033342,Fixed Term,2022-06-28,0,,True,Active
CTR2E5D24A57F,CUST100092165,Month-to-Month,2025-12-04,24,2027-12-04,False,Active
CTR40E8E74A0C,CUST100077248,Fixed Term,2023-08-23,12,2024-08-23,False,Expired
CTRDB22AB8380,CUST100031654,Fixed Term,2022-06-28,24,2024-06-28,True,Pending Renewal
CTR301E790B6C,CUST100019824,Month-to-Month,2020-01-10,0,,False,Active
CTRBBEDE489B9,CUST100008071,Fixed Term,2021-07-17,0,,True,Active
CTRDA83062795,CUST100028840,Month-to-Month,2015-09-05,24,2017-09-05,True,Active
CTR439009B47E,CUST100034329,Fixed Term,2022-02-27,12,2023-02-27,True,Active
CTRD5F0AD9158,CUST100040777,Fixed Term,2016-12-07,24,2018-12-07,True,Terminated Early
CTR10F94717FE,CUST100004839,Fixed Term,2023-06-08,24,2025-06-08,True,Active
CTRD62A022C6E,CUST100046337,Month-to-Month,2016-07-08,0,,False,Terminated Early
CTRB2DE44E70B,CUST100085860,Month-to-Month,2023-01-31,12,2024-01-31,True,Active
CTR89A79BF6B7,CUST100009435,Month-to-Month,2021-07-06,0,,False,Terminated Early
CTR8998FF7BAE,CUST100007944,Fixed Term,2015-10-06,24,2017-10-06,False,Active
CTR1587DD122F,CUST100098664,Month-to-Month,2015-04-27,0,,True,Active
CTRB5C8F384F6,CUST100095302,Fixed Term,2025-11-09,24,2027-11-09,True,Active
CTR4405B65234,CUST100011149,Month-to-Month,2015-03-07,12,2016-03-07,False,Pending Renewal
CTR99B556CC12,CUST100017534,Fixed Term,2021-10-01,12,2022-10-01,False,Expired
CTR796FDCB885,CUST100075185,Fixed Term,2017-04-01,0,,False,Pending Renewal
CTR5B3DE2F644,CUST100090462,Month-to-Month,2016-06-14,0,,True,Active
CTRAE0C15F999,CUST100032526,Month-to-Month,2017-04-17,12,2018-04-17,True,Active
CTRE8D81691FC,CUST100058117,Fixed Term,2022-05-12,24,2024-05-12,False,Active
CTR35E5C2DBAF,CUST100027886,Fixed Term,2018-01-20,0,,False,Active
CTRE7FACD87F5,CUST100040307,Month-to-Month,2015-08-01,0,,True,Active
CTR180430B864,CUST100041659,Fixed Term,2018-12-04,12,2019-12-04,True,Active
CTR78A22D3644,CUST100056705,Fixed Term,2020-08-11,0,,False,Expired
CTR562803E909,CUST100010604,Month-to-Month,2021-08-22,12,2022-08-22,True,Terminated Early
CTRB107D1131D,CUST100092774,Month-to-Month,2023-06-06,36,2026-06-06,False,Terminated Early
CTR1F7147FFF1,CUST100055004,Fixed Term,2020-08-11,0,,False,Active
CTRFFDD2F345D,CUST100024682,Fixed Term,2025-09-15,0,,False,Active
CTRD86637BF20,CUST100088785,Month-to-Month,2022-07-13,0,,False,Expired
CTR0D875A92CD,CUST100084607,Month-to-Month,2021-09-23,0,,False,Active
CTR6A58DCEABA,CUST100028795,Fixed Term,2019-07-29,0,,True,Pending Renewal
CTR68D0584EEA,CUST100071283,Month-to-Month,2018-12-21,12,2019-12-21,True,Active
CTR628D6F1697,CUST100083572,Fixed Term,2025-11-17,12,2026-11-17,True,Active
CTRC173A3DD71,CUST100045209,Month-to-Month,2022-11-20,0,,False,Terminated Early
CTR58E33D1986,CUST100037640,Fixed Term,2015-02-03,12,2016-02-03,True,Active
CTR5D7B7C6FBC,CUST100043056,Month-to-Month,2020-10-13,0,,True,Expired
CTR831ADA25E2,CUST100075901,Fixed Term,2018-06-17,24,2020-06-17,False,Active
CTR90CAC83A7A,CUST100051838,Fixed Term,2024-04-15,24,2026-04-15,False,Active
CTR37793E17E1,CUST100045510,Month-to-Month,2017-05-23,0,,True,Terminated Early
CTRF47E858843,CUST100084226,Fixed Term,2025-10-07,12,2026-10-07,True,Active
CTRCA75B78C49,CUST100016963,Month-to-Month,2018-11-23,24,2020-11-23,True,Active
CTR1E16BD100E,CUST100004568,Month-to-Month,2017-04-04,12,2018-04-04,True,Active
CTRE0D7328601,CUST100012624,Fixed Term,2021-01-28,12,2022-01-28,False,Active
CTR8D70AEFF53,CUST100078481,Month-to-Month,2015-07-26,24,2017-07-26,False,Active
CTR62010A3362,CUST100029518,Month-to-Month,2016-12-25,24,2018-12-25,True,Active
CTRB836516BAD,CUST100016340,Fixed Term,2019-04-07,0,,True,Active
CTRD471AFBFC7,CUST100073293,Fixed Term,2023-02-01,24,2025-02-01,True,Terminated Early
CTRD4B6AC6B3F,CUST100047218,Fixed Term,2023-10-26,12,2024-10-26,False,Active
CTRD002AC2002,CUST100062449,Enterprise SLA,2024-05-30,24,2026-05-30,False,Active
CTREE1F8415C6,CUST100045453,Fixed Term,2016-09-22,36,2019-09-22,False,Active
CTR9E127DF8E8,CUST100098336,Enterprise SLA,2023-10-29,12,2024-10-29,False,Terminated Early
CTR0D103ED27F,CUST100029363,Fixed Term,2025-05-26,0,,True,Active
CTRD4EBD59513,CUST100085349,Fixed Term,2021-09-24,24,2023-09-24,False,Terminated Early
CTR5DE99AC714,CUST100080971,Month-to-Month,2021-09-13,0,,False,Active
CTR23A9F2B215,CUST100062372,Fixed Term,2017-10-03,12,2018-10-03,False,Active
CTRC917D79DC9,CUST100017187,Month-to-Month,2018-11-26,24,2020-11-26,True,Active
CTR607D424419,CUST100096981,Fixed Term,2021-10-02,24,2023-10-02,True,Active
CTR32A2E38C0B,CUST100076174,Fixed Term,2025-08-15,12,2026-08-15,False,Active
CTR0FBA509273,CUST100006189,Fixed Term,2024-06-24,12,2025-06-24,True,Active
CTR3730B1FA48,CUST100019069,Month-to-Month,2015-11-30,0,,True,Active
CTR05F0C1800F,CUST100092592,Fixed Term,2016-08-21,12,2017-08-21,True,Active
CTRFD20B029F8,CUST100075710,Fixed Term,2015-07-30,0,,True,Active
CTRB15D260157,CUST100040487,Fixed Term,2020-02-17,0,,False,Expired
CTRB66041783B,CUST100062373,Month-to-Month,2022-10-27,0,,True,Active
CTR7644451F89,CUST100079408,Month-to-Month,2024-08-01,24,2026-08-01,True,Active
CTR84DB591E2A,CUST100033564,Fixed Term,2017-06-07,12,2018-06-07,False,Active
CTRE0879DD9D3,CUST100078866,Month-to-Month,2022-10-24,24,2024-10-24,True,Active
CTR8A19F5A287,CUST100015774,Fixed Term,2016-11-24,12,2017-11-24,True,Active
CTR745C45447D,CUST100049353,Month-to-Month,2023-10-01,12,2024-10-01,False,Active
CTR4A77505929,CUST100053203,Month-to-Month,2015-02-15,24,2017-02-15,True,Active
CTRA5DFA29CDA,CUST100016364,Fixed Term,2017-08-11,12,2018-08-11,False,Terminated Early
CTR11D2652919,CUST100048702,Month-to-Month,2017-12-01,12,2018-12-01,False,Active
CTRDA8B292932,CUST100020919,Fixed Term,2015-02-08,36,2018-02-08,True,Active
CTR820EE17815,CUST100073958,Month-to-Month,2016-02-28,12,2017-02-28,True,Active
CTR9317F844CC,CUST100033941,Fixed Term,2025-05-01,24,2027-05-01,False,Active
CTR1C8F32BA70,CUST100002368,Fixed Term,2015-04-05,24,2017-04-05,True,Active
CTR3B5E5C1871,CUST100095432,Fixed Term,2025-02-16,12,2026-02-16,True,Active
CTRC202D2E2C3,CUST100018547,Fixed Term,2022-07-27,0,,True,Active
CTR57D9D415CF,CUST100060156,Month-to-Month,2019-02-19,24,2021-02-19,False,Terminated Early
CTRF49FD4225D,CUST100070064,Month-to-Month,2015-04-19,12,2016-04-19,True,Active
CTRA737CE198E,CUST100009139,Month-to-Month,2018-09-01,12,2019-09-01,True,Pending Renewal
CTRA5B743ADBB,CUST100005485,Fixed Term,2019-11-30,0,,True,Active
CTR3F680C95AA,CUST100078565,Month-to-Month,2023-02-27,24,2025-02-27,False,Active
CTR4AFB93D3B1,CUST100080685,Fixed Term,2015-12-30,24,2017-12-30,False,Active
CTR615CA59266,CUST100079373,Fixed Term,2020-05-29,24,2022-05-29,True,Active
CTR7540897909,CUST100016964,Month-to-Month,2024-08-17,12,2025-08-17,True,Active
CTR293B919F64,CUST100082767,Month-to-Month,2024-06-23,12,2025-06-23,False,Active
CTR81F8E9BF14,CUST100091350,Fixed Term,2018-07-12,12,2019-07-12,False,Expired
CTRD60B5D769C,CUST100097901,Fixed Term,2016-09-04,12,2017-09-04,False,Expired
CTR983ACC7B57,CUST100067718,Fixed Term,2022-11-23,12,2023-11-23,True,Active
CTR190EF81604,CUST100058507,Fixed Term,2017-07-25,12,2018-07-25,True,Active
CTR9EBC0A03DC,CUST100016698,Fixed Term,2016-08-11,0,,False,Expired
CTR16FA7A5C9D,CUST100042720,Fixed Term,2015-09-06,24,2017-09-06,True,Terminated Early
CTR870977EE03,CUST100069318,Month-to-Month,2015-12-01,24,2017-12-01,True,Active
CTR7A88A2EF70,CUST100095238,Fixed Term,2024-12-11,0,,True,Active
CTR17C22E4F2C,CUST100001400,Month-to-Month,2016-12-01,12,2017-12-01,False,Active
CTR847FBE3858,CUST100066992,Fixed Term,2024-07-18,24,2026-07-18,True,Active
CTR44890E93F6,CUST100075965,Month-to-Month,2018-10-30,24,2020-10-30,True,Active
CTR578D0F6A45,CUST100096045,Month-to-Month,2016-06-28,24,2018-06-28,True,Active
CTRF03BE22A44,CUST100047842,Fixed Term,2017-01-19,24,2019-01-19,True,Active
CTRE8215BB124,CUST100045841,Fixed Term,2023-04-12,0,,False,Expired
CTRABE340F4F6,CUST100029105,Month-to-Month,2023-08-07,12,2024-08-07,False,Active
CTR9578AB4A59,CUST100010288,Fixed Term,2019-07-31,0,,True,Active
CTREF79920DC3,CUST100049092,Fixed Term,2022-07-01,12,2023-07-01,False,Active
CTR68813086C8,CUST100059428,Month-to-Month,2019-10-01,24,2021-10-01,False,Active
CTRAD815B6F67,CUST100040246,Month-to-Month,2020-09-02,12,2021-09-02,False,Active
CTRFDE51B6BF9,CUST100024778,Enterprise SLA,2025-01-17,24,2027-01-17,False,Active
CTR7593CC9DFC,CUST100070352,Fixed Term,2020-08-05,0,,True,Active
CTR4DEFCE50B2,CUST100005182,Month-to-Month,2022-08-18,0,,True,Pending Renewal
CTRB3836AC876,CUST100019247,Month-to-Month,2016-10-15,24,2018-10-15,True,Active
CTRCF03EF33E3,CUST100064035,Fixed Term,2015-06-02,0,,False,Active
CTR980ED62C4A,CUST100078052,Fixed Term,2016-03-12,12,2017-03-12,True,Active
CTR70CAA9FE7D,CUST100051933,Month-to-Month,2022-01-22,24,2024-01-22,True,Active
CTR421B0AFEB0,CUST100080024,Fixed Term,2025-01-08,24,2027-01-08,False,Expired
CTRA65ACA5E2C,CUST100015731,Fixed Term,2015-11-17,0,,False,Expired
CTREA93806112,CUST100040118,Month-to-Month,2021-05-01,12,2022-05-01,False,Active
CTR2C06B2953D,CUST100048327,Fixed Term,2021-07-22,0,,False,Terminated Early
CTR8F95F3F1B1,CUST100096784,Fixed Term,2019-03-07,12,2020-03-07,False,Terminated Early
CTRBC177055C8,CUST100095936,Month-to-Month,2025-01-12,0,,True,Active
CTR0D587C325E,CUST100069033,Fixed Term,2017-11-23,24,2019-11-23,True,Active
CTR4EC16B4D86,CUST100036446,Fixed Term,2016-12-28,12,2017-12-28,True,Terminated Early
CTR2005796D83,CUST100088379,Fixed Term,2017-11-01,24,2019-11-01,False,Expired
CTR3650DE2823,CUST100025368,Month-to-Month,2022-12-30,12,2023-12-30,True,Active
CTRBF6B4962A0,CUST100098080,Fixed Term,2018-01-21,24,2020-01-21,True,Active
CTR15D23088CD,CUST100022136,Fixed Term,2015-12-16,24,2017-12-16,False,Expired
CTRE69009D857,CUST100004576,Month-to-Month,2025-09-10,24,2027-09-10,False,Terminated Early
CTR07364B9796,CUST100043539,Month-to-Month,2021-02-10,24,2023-02-10,True,Active
CTR37D60DA43B,CUST100011253,Month-to-Month,2015-02-24,12,2016-02-24,True,Active
CTRC78B737878,CUST100049909,Fixed Term,2017-03-06,24,2019-03-06,False,Active
CTR68ADC07CE0,CUST100013641,Fixed Term,2021-04-27,24,2023-04-27,False,Active
CTR5DEA0AA745,CUST100066916,Fixed Term,2017-07-07,12,2018-07-07,False,Terminated Early
CTRF9909C41DD,CUST100096930,Month-to-Month,2017-12-05,0,,False,Active
CTR87794017CA,CUST100069361,Fixed Term,2017-04-15,0,,True,Active
CTRBFFE147B97,CUST100026387,Month-to-Month,2020-03-31,0,,True,Active
CTR19F2F5FC4E,CUST100065063,Fixed Term,2024-11-07,24,2026-11-07,False,Active
CTRB8759B23D2,CUST100079399,Fixed Term,2020-05-23,0,,True,Active
CTRDAC57483A4,CUST100062816,Month-to-Month,2019-01-14,24,2021-01-14,True,Active
CTR5AF54A1EF6,CUST100078093,Fixed Term,2023-08-29,24,2025-08-29,False,Expired
CTRA85811836C,CUST100077961,Fixed Term,2021-08-04,12,2022-08-04,False,Active
CTR5B1798CCC6,CUST100028741,Fixed Term,2022-08-05,12,2023-08-05,False,Active
CTRE6D0BDCB36,CUST100036869,Month-to-Month,2015-07-14,24,2017-07-14,True,Active
CTR320A05D68C,CUST100056811,Fixed Term,2025-01-08,0,,True,Active
CTRDA070FCB1E,CUST100006034,Month-to-Month,2017-08-19,24,2019-08-19,True,Active
CTR4CD1CE9F9F,CUST100064646,Fixed Term,2022-03-21,24,2024-03-21,False,Active
CTREC942D3C18,CUST100008556,Month-to-Month,2017-09-21,12,2018-09-21,True,Active
CTR80E88DEB7B,CUST100059363,Fixed Term,2017-11-10,0,,True,Pending Renewal
CTRCFC51FEDCB,CUST100020229,Enterprise SLA,2018-04-21,0,,True,Active
CTR44EFA4029B,CUST100022541,Fixed Term,2025-07-19,12,2026-07-19,True,Active
CTRDBEAA595BD,CUST100098427,Fixed Term,2016-10-27,24,2018-10-27,False,Terminated Early
CTR043C82F4B6,CUST100065517,Fixed Term,2016-01-11,0,,False,Active
CTRE7C8D52259,CUST100022586,Month-to-Month,2020-01-27,12,2021-01-27,False,Terminated Early
CTR81CE644A38,CUST100048653,Fixed Term,2018-03-11,12,2019-03-11,False,Active
CTR469BAC0907,CUST100071945,Fixed Term,2025-03-18,24,2027-03-18,False,Expired
CTR482A47D016,CUST100068571,Month-to-Month,2025-03-21,24,2027-03-21,False,Active
CTR4119252971,CUST100000981,Fixed Term,2018-04-12,24,2020-04-12,False,Active
CTRAADED8D9EB,CUST100001023,Month-to-Month,2024-03-16,0,,False,Active
CTR447DD67622,CUST100057132,Fixed Term,2015-12-03,0,,True,Pending Renewal
CTR59AC3EE6D4,CUST100019048,Fixed Term,2021-04-02,36,2024-04-02,True,Active
CTR8B92C4EB8A,CUST100009771,Month-to-Month,2022-10-05,0,,False,Active
CTR302FECE4C8,CUST100016809,Month-to-Month,2022-07-13,12,2023-07-13,False,Active
CTR212E1EEE0C,CUST100097719,Fixed Term,2021-02-16,12,2022-02-16,True,Expired
CTR8C572D64E8,CUST100047952,Month-to-Month,2022-11-21,12,2023-11-21,False,Active
CTREBD41CEE79,CUST100073324,Fixed Term,2022-11-02,36,2025-11-02,False,Active
CTR3B4A678875,CUST100039594,Month-to-Month,2018-12-04,12,2019-12-04,False,Active
CTR2CC4E3D9C1,CUST100059747,Month-to-Month,2018-03-04,12,2019-03-04,False,Active
CTR234C146361,CUST100043042,Fixed Term,2017-06-09,0,,False,Active
CTR062E65F5E6,CUST100056626,Fixed Term,2025-12-09,0,,True,Active
CTRBF572272A0,CUST100082207,Month-to-Month,2021-12-05,24,2023-12-05,False,Active
CTR2A82545575,CUST100019161,Month-to-Month,2016-03-13,12,2017-03-13,True,Active
CTRB201C0527F,CUST100020053,Month-to-Month,2020-12-23,0,,True,Active
CTR145332401B,CUST100003872,Month-to-Month,2015-06-20,12,2016-06-20,True,Active
CTRF0637857DD,CUST100052305,Month-to-Month,2021-02-14,24,2023-02-14,True,Active
CTR59DCA8E6DB,CUST100058670,Fixed Term,2019-11-02,12,2020-11-02,False,Active
CTRC7613CE565,CUST100073401,Fixed Term,2020-11-06,12,2021-11-06,True,Active
CTR5302615D31,CUST100037145,Fixed Term,2015-03-15,24,2017-03-15,False,Active
CTR8AD6454613,CUST100021189,Month-to-Month,2018-07-19,24,2020-07-19,False,Active
CTR31937D7EFF,CUST100068947,Month-to-Month,2021-08-29,24,2023-08-29,False,Pending Renewal
CTR4B5328F6CB,CUST100063562,Fixed Term,2020-04-01,0,,True,Active
CTRB97D75D9B7,CUST100066452,Fixed Term,2025-09-13,12,2026-09-13,False,Active
CTRD5A74F9B3E,CUST100083672,Fixed Term,2019-09-08,12,2020-09-08,False,Terminated Early
CTR724A8B1922,CUST100056065,Fixed Term,2016-08-16,0,,True,Active
CTR0AF8B12658,CUST100030120,Month-to-Month,2021-07-22,36,2024-07-22,False,Active
CTR98939EC755,CUST100076409,Fixed Term,2024-06-04,12,2025-06-04,False,Expired
CTR5D597C86CD,CUST100008898,Month-to-Month,2017-12-14,0,,True,Expired
CTRB61249BFC8,CUST100024410,Fixed Term,2018-09-11,12,2019-09-11,False,Expired
CTR369ED98713,CUST100085465,Month-to-Month,2021-03-21,12,2022-03-21,False,Terminated Early
CTR5ECD4440F0,CUST100049338,Month-to-Month,2020-11-27,0,,True,Active
CTR17F6741945,CUST100053805,Fixed Term,2016-08-16,0,,True,Terminated Early
CTR03E7546228,CUST100096028,Month-to-Month,2021-07-06,24,2023-07-06,True,Active
CTR9B2FE1F01D,CUST100084888,Enterprise SLA,2025-01-24,12,2026-01-24,True,Active
CTREB40569843,CUST100091582,Enterprise SLA,2017-03-13,0,,False,Active
CTRD928996EF5,CUST100032926,Month-to-Month,2023-04-14,0,,True,Active
CTR451BA61030,CUST100038509,Fixed Term,2018-02-07,0,,True,Active
CTRF7DA40977B,CUST100064484,Fixed Term,2019-09-12,24,2021-09-12,False,Active
CTR7A197B2D7B,CUST100083620,Month-to-Month,2022-05-16,0,,True,Terminated Early
CTRECB7839ACA,CUST100096050,Fixed Term,2023-08-24,0,,False,Expired
CTR08BC90F82F,CUST100037553,Fixed Term,2016-11-14,24,2018-11-14,False,Expired
CTR42E047D44E,CUST100059112,Fixed Term,2025-03-19,0,,True,Active
CTR6E9C3D3F31,CUST100082368,Fixed Term,2023-08-09,0,,True,Active
CTR21C27C1310,CUST100081183,Month-to-Month,2022-07-20,24,2024-07-20,False,Expired
CTR56013C6378,CUST100062571,Month-to-Month,2021-12-26,24,2023-12-26,False,Pending Renewal
CTR494FA830BB,CUST100078125,Month-to-Month,2025-08-14,24,2027-08-14,True,Active
CTR2906B30438,CUST100033362,Fixed Term,2025-07-11,24,2027-07-11,True,Active
CTR1409C56B93,CUST100020421,Month-to-Month,2016-04-14,24,2018-04-14,True,Active
CTRDDD0E9F5DD,CUST100052204,Month-to-Month,2022-01-20,24,2024-01-20,False,Active
CTR9B6B522262,CUST100018054,Month-to-Month,2018-07-22,24,2020-07-22,True,Active
CTR3BA820CDAE,CUST100096090,Month-to-Month,2022-09-04,24,2024-09-04,True,Pending Renewal
CTR04D2624554,CUST100083363,Fixed Term,2018-05-01,0,,True,Active
CTR678416D8A1,CUST100022486,Fixed Term,2016-02-10,24,2018-02-10,False,Active
CTR23285EFED7,CUST100073674,Fixed Term,2019-04-14,0,,True,Active
CTR2DB9EDB333,CUST100047320,Fixed Term,2018-03-18,0,,False,Active
CTR04420AD107,CUST100084666,Fixed Term,2018-08-04,0,,False,Expired
CTRDF51B35604,CUST100072293,Fixed Term,2024-01-23,0,,False,Expired
CTR5A09A326AF,CUST100069021,Fixed Term,2019-07-20,12,2020-07-20,False,Active
CTR3D951B306F,CUST100025037,Enterprise SLA,2018-12-26,0,,False,Active
CTRD064144386,CUST100083937,Fixed Term,2023-09-18,0,,True,Active
CTR577CA5EEE1,CUST100037294,Month-to-Month,2019-11-10,12,2020-11-10,True,Terminated Early
CTRDFDF58400B,CUST100098230,Fixed Term,2016-04-02,36,2019-04-02,False,Active
CTRF4A425E810,CUST100065967,Fixed Term,2015-01-06,12,2016-01-06,False,Terminated Early
CTR22675AE389,CUST100047184,Month-to-Month,2023-02-13,0,,True,Active
CTRD702AE7A6C,CUST100022259,Month-to-Month,2020-09-29,12,2021-09-29,True,Active
CTR1C4A3718A8,CUST100085584,Month-to-Month,2021-08-26,24,2023-08-26,True,Active
CTRD5DA2E6076,CUST100000476,Fixed Term,2017-12-18,24,2019-12-18,True,Active
CTR45A525A35A,CUST100069487,Fixed Term,2021-12-24,36,2024-12-24,False,Active
CTR9F93FC9CE2,CUST100023713,Fixed Term,2022-01-24,36,2025-01-24,False,Active
CTR87327CEC6E,CUST100087269,Month-to-Month,2019-04-26,0,,True,Pending Renewal
CTRF1954C6E75,CUST100036065,Fixed Term,2021-07-20,24,2023-07-20,True,Active
CTR3F09F55E86,CUST100004543,Month-to-Month,2021-08-09,24,2023-08-09,False,Active
CTR4B1B5F8D90,CUST100097534,Month-to-Month,2023-04-10,12,2024-04-10,True,Terminated Early
CTRAAA24CFAA4,CUST100062131,Month-to-Month,2016-11-02,24,2018-11-02,False,Active
CTR6386770A99,CUST100018754,Month-to-Month,2021-05-28,12,2022-05-28,False,Pending Renewal
CTRFA11315163,CUST100062290,Fixed Term,2022-08-10,36,2025-08-10,False,Active
CTR9DED4209FD,CUST100072229,Fixed Term,2022-11-03,12,2023-11-03,True,Expired
CTRE424C23E47,CUST100092934,Fixed Term,2021-02-16,0,,False,Active
CTR1CE81FB663,CUST100045732,Fixed Term,2017-06-08,12,2018-06-08,False,Active
CTRCD0AD3EB68,CUST100073775,Month-to-Month,2019-11-28,24,2021-11-28,True,Active
CTR218C7987F7,CUST100054573,Month-to-Month,2015-12-05,24,2017-12-05,False,Active
CTR42B5BDF5F3,CUST100007500,Month-to-Month,2015-03-07,12,2016-03-07,False,Active
CTR7CF367EBA2,CUST100083048,Fixed Term,2022-11-19,24,2024-11-19,False,Active
CTRDE78F92152,CUST100008165,Fixed Term,2021-06-30,12,2022-06-30,False,Active
CTR67CCA1C472,CUST100073706,Month-to-Month,2020-01-13,0,,True,Pending Renewal
CTRC5B9A36FC8,CUST100082509,Fixed Term,2019-11-03,12,2020-11-03,True,Terminated Early
CTR970B577E93,CUST100018696,Month-to-Month,2025-01-05,24,2027-01-05,False,Pending Renewal
CTR49CC237B3E,CUST100057258,Month-to-Month,2025-10-24,24,2027-10-24,False,Active
CTR990C2E9920,CUST100036135,Month-to-Month,2025-05-11,12,2026-05-11,True,Expired
CTRF4A9D2C3A7,CUST100039196,Fixed Term,2022-10-20,0,,True,Expired
CTR9A7049D7A9,CUST100064712,Enterprise SLA,2016-05-19,24,2018-05-19,True,Active
CTRAF9660F00B,CUST100044771,Fixed Term,2017-04-10,0,,True,Active
CTR3FBCD64247,CUST100026173,Fixed Term,2025-07-19,24,2027-07-19,True,Active
CTRFFF7811115,CUST100079336,Month-to-Month,2025-04-15,24,2027-04-15,True,Active
CTR51B7DE1912,CUST100089304,Fixed Term,2023-04-30,0,,True,Active
CTRD6E34EB3D3,CUST100068002,Fixed Term,2019-11-27,36,2022-11-27,True,Terminated Early
CTR8868FCE986,CUST100078189,Month-to-Month,2016-06-24,24,2018-06-24,False,Active
CTREF9A71EDF5,CUST100052248,Month-to-Month,2025-05-21,12,2026-05-21,False,Active
CTR74116155D0,CUST100046150,Fixed Term,2015-07-06,24,2017-07-06,False,Pending Renewal
CTRA58350487B,CUST100039930,Fixed Term,2020-12-14,0,,True,Active
CTRD65B980906,CUST100084488,Fixed Term,2016-10-05,24,2018-10-05,True,Active
CTRE2224015F7,CUST100037518,Fixed Term,2024-05-01,24,2026-05-01,False,Active
CTR958F90561D,CUST100099771,Fixed Term,2024-08-16,12,2025-08-16,True,Active
CTR0E56DA10CE,CUST100089465,Fixed Term,2024-09-09,12,2025-09-09,False,Expired
CTR138F083F0E,CUST100008497,Fixed Term,2020-05-27,24,2022-05-27,False,Active
CTR16BA70FAE8,CUST100008331,Fixed Term,2025-08-31,24,2027-08-31,True,Active
CTRA584EAC65E,CUST100037458,Month-to-Month,2023-11-25,12,2024-11-25,True,Terminated Early
CTR22E3A2ABF1,CUST100079488,Fixed Term,2019-05-01,0,,True,Active
CTR1A0770CDBD,CUST100073158,Month-to-Month,2019-11-11,12,2020-11-11,False,Active
CTR3DCA61071E,CUST100096757,Enterprise SLA,2015-09-19,12,2016-09-19,True,Active
CTRC75F7275A7,CUST100099544,Month-to-Month,2018-08-12,12,2019-08-12,False,Active
CTRB2C5E49DAB,CUST100035636,Month-to-Month,2022-08-03,24,2024-08-03,False,Active
CTRB147689B61,CUST100001002,Fixed Term,2020-10-12,0,,True,Active
CTR43D0811603,CUST100062370,Fixed Term,2025-08-11,12,2026-08-11,False,Active
CTR54A25F36CB,CUST100090671,Fixed Term,2015-05-15,12,2016-05-15,False,Active
CTR4DBF21F4D9,CUST100083810,Month-to-Month,2023-10-26,24,2025-10-26,False,Active
CTR127F42BAD5,CUST100012448,Fixed Term,2016-11-22,12,2017-11-22,False,Active
CTR78C11F459A,CUST100049969,Fixed Term,2015-01-27,12,2016-01-27,True,Active
CTREAF80729C5,CUST100068573,Fixed Term,2015-04-08,0,,False,Expired
CTRA79C7E517E,CUST100090816,Month-to-Month,2024-09-06,0,,True,Terminated Early
CTR9DC1EBA0FE,CUST100078899,Fixed Term,2023-04-05,12,2024-04-05,True,Active
CTRACB587E30C,CUST100098394,Fixed Term,2022-02-02,24,2024-02-02,False,Active
CTRCC15A17167,CUST100016156,Month-to-Month,2015-08-27,36,2018-08-27,True,Active
CTRAF7FC1958A,CUST100026255,Month-to-Month,2021-01-30,0,,False,Terminated Early
CTREAD911B866,CUST100069165,Fixed Term,2022-02-04,0,,True,Active
CTREC65325335,CUST100035304,Fixed Term,2020-08-22,0,,True,Active
CTR7AFE3BA4CC,CUST100088123,Month-to-Month,2022-03-16,0,,False,Active
CTRF383A4A42D,CUST100021053,Enterprise SLA,2015-10-29,12,2016-10-29,True,Active
CTR5DCC84F99B,CUST100082091,Enterprise SLA,2018-01-01,24,2020-01-01,False,Active
CTR4F571F15E4,CUST100067127,Month-to-Month,2023-12-18,36,2026-12-18,True,Active
CTRED099CB017,CUST100008821,Fixed Term,2025-07-27,24,2027-07-27,True,Active
CTRD3B7A1ED1E,CUST100038272,Month-to-Month,2021-10-15,0,,True,Active
CTR49FAA4BD54,CUST100041737,Month-to-Month,2018-04-16,24,2020-04-16,True,Active
CTR4E1C0BF6CD,CUST100012420,Fixed Term,2024-09-27,24,2026-09-27,True,Active
CTRA99F1BAFF9,CUST100086395,Fixed Term,2015-08-20,12,2016-08-20,False,Active
CTR96ECDC35D0,CUST100080517,Fixed Term,2019-09-19,12,2020-09-19,True,Active
CTR0F51C7DC1C,CUST100075063,Month-to-Month,2024-06-19,12,2025-06-19,True,Active
CTRA68B510A94,CUST100002864,Month-to-Month,2016-07-01,12,2017-07-01,True,Active
CTR8B2D5953A9,CUST100003220,Month-to-Month,2015-08-21,24,2017-08-21,True,Expired
CTR2ABA1C947F,CUST100027879,Fixed Term,2023-08-19,0,,True,Terminated Early
CTR6FA53712DD,CUST100034905,Fixed Term,2023-09-02,0,,False,Terminated Early
CTR0D3D0D1C04,CUST100030515,Month-to-Month,2019-06-15,0,,False,Active
CTR6F06AEBE59,CUST100080573,Month-to-Month,2019-05-13,24,2021-05-13,False,Active
CTREEE1FD692E,CUST100041463,Fixed Term,2019-08-27,0,,True,Active
CTR3878244C58,CUST100006693,Month-to-Month,2018-07-11,12,2019-07-11,True,Active
CTR8A96371AF2,CUST100048636,Fixed Term,2020-04-29,24,2022-04-29,True,Active
CTR3F0750306F,CUST100023870,Fixed Term,2018-04-12,12,2019-04-12,True,Active
CTRAED0A42573,CUST100043618,Month-to-Month,2024-09-02,12,2025-09-02,True,Active
CTR25B929CBF9,CUST100042379,Fixed Term,2022-12-07,24,2024-12-07,True,Active
CTRF2953B2E8D,CUST100037954,Month-to-Month,2023-08-24,0,,True,Active
CTRF8D72BBAD6,CUST100029497,Fixed Term,2015-08-12,24,2017-08-12,True,Active
CTR16B250DDD9,CUST100013334,Fixed Term,2021-08-13,12,2022-08-13,False,Active
CTR4B4216EE30,CUST100072038,Fixed Term,2021-08-28,24,2023-08-28,True,Active
CTR54E0F06AA2,CUST100069490,Fixed Term,2016-08-22,0,,False,Terminated Early
CTRCE3C1705C6,CUST100073693,Month-to-Month,2021-03-06,12,2022-03-06,False,Active
CTR2C2E43CE1A,CUST100016218,Enterprise SLA,2024-04-16,24,2026-04-16,True,Active
CTRD4F9996FAA,CUST100090557,Fixed Term,2015-06-20,12,2016-06-20,True,Active
CTR079ABC66C1,CUST100054469,Month-to-Month,2023-09-11,0,,True,Expired
CTR4AB7B0DA9D,CUST100047578,Month-to-Month,2022-12-20,12,2023-12-20,False,Active
CTR6E19605911,CUST100014030,Fixed Term,2019-01-01,12,2020-01-01,True,Active
CTR1BC17C6F90,CUST100069637,Fixed Term,2023-09-01,24,2025-09-01,True,Active
CTR9E4213050C,CUST100056902,Month-to-Month,2019-09-12,24,2021-09-12,True,Active
CTR45F266306F,CUST100086344,Month-to-Month,2019-11-18,0,,True,Active
CTR760FA05846,CUST100030214,Month-to-Month,2025-10-13,24,2027-10-13,True,Expired
CTR8C2CD1BE5A,CUST100023224,Fixed Term,2020-10-11,24,2022-10-11,True,Active
CTRE5F95397FF,CUST100076338,Enterprise SLA,2025-11-03,12,2026-11-03,False,Active
CTRCE94E14CE6,CUST100094761,Enterprise SLA,2022-03-09,24,2024-03-09,True,Active
CTRA17C4996B3,CUST100053941,Month-to-Month,2019-04-08,12,2020-04-08,False,Active
CTRB36721D60E,CUST100002006,Month-to-Month,2017-08-24,0,,True,Expired
CTR19EF8C9CA6,CUST100032644,Month-to-Month,2018-07-01,24,2020-07-01,True,Active
CTRDA91CF66AA,CUST100042447,Month-to-Month,2016-05-12,12,2017-05-12,True,Active
CTR74629B9B6F,CUST100099335,Month-to-Month,2024-01-07,0,,True,Pending Renewal
CTRB5E180DA5D,CUST100006724,Month-to-Month,2019-04-24,24,2021-04-24,True,Active
CTR77512C9CC9,CUST100002638,Month-to-Month,2017-06-19,12,2018-06-19,False,Terminated Early
CTR1EFD3728E1,CUST100075636,Fixed Term,2015-02-22,12,2016-02-22,False,Expired
CTRE025E798CC,CUST100043858,Fixed Term,2022-07-01,36,2025-07-01,True,Active
CTR8E651B51E2,CUST100011867,Fixed Term,2019-07-19,0,,True,Expired
CTR4F3D152259,CUST100096572,Fixed Term,2018-12-16,24,2020-12-16,False,Active
CTR774171E5E3,CUST100029121,Fixed Term,2016-08-25,24,2018-08-25,False,Active
CTRD5308ACD2A,CUST100095471,Fixed Term,2024-08-24,24,2026-08-24,False,Expired
CTR57218C6D8C,CUST100099004,Fixed Term,2024-04-22,0,,True,Terminated Early
CTR59DDEB49AA,CUST100068385,Fixed Term,2020-08-15,0,,False,Active
CTRC1B6EBB1E5,CUST100026347,Month-to-Month,2023-01-02,12,2024-01-02,True,Active
CTR0B2088BF31,CUST100092872,Fixed Term,2020-07-07,24,2022-07-07,False,Active
CTR6AB5286B47,CUST100086662,Fixed Term,2025-04-26,12,2026-04-26,False,Active
CTRD05E0AB697,CUST100009269,Month-to-Month,2022-07-10,24,2024-07-10,True,Terminated Early
CTR820E909F3C,CUST100022374,Fixed Term,2015-09-26,12,2016-09-26,True,Active
CTRA93686EB75,CUST100098093,Month-to-Month,2021-10-17,12,2022-10-17,True,Active
CTR6BFF6997B6,CUST100038551,Fixed Term,2025-08-21,36,2028-08-21,True,Active
CTR27B387E73D,CUST100082941,Month-to-Month,2016-09-01,24,2018-09-01,True,Active
CTR390B50A098,CUST100084373,Fixed Term,2024-02-25,0,,True,Active
CTR754E843ED4,CUST100094850,Month-to-Month,2019-02-01,24,2021-02-01,True,Active
CTR66937234BD,CUST100014244,Fixed Term,2021-05-01,12,2022-05-01,False,Active
CTRC88B01B7EB,CUST100032420,Fixed Term,2017-02-19,24,2019-02-19,False,Active
CTRC2FDC1C0D8,CUST100072670,Fixed Term,2020-09-06,0,,False,Expired
CTR7C47719660,CUST100073335,Fixed Term,2025-09-16,12,2026-09-16,True,Active
CTR4443C089B6,CUST100020069,Fixed Term,2025-01-08,24,2027-01-08,False,Active
CTRCADE66AFD9,CUST100065616,Month-to-Month,2022-10-16,12,2023-10-16,False,Active
CTR1D1FC54C38,CUST100049156,Fixed Term,2022-10-21,24,2024-10-21,True,Expired
CTR4C820E7860,CUST100041196,Fixed Term,2022-11-05,12,2023-11-05,True,Expired
CTRC87A212122,CUST100018984,Fixed Term,2018-11-23,0,,True,Active
CTRCD1B31E423,CUST100006664,Month-to-Month,2018-09-13,24,2020-09-13,True,Active
CTRF6E073AAE8,CUST100085546,Fixed Term,2024-04-15,0,,True,Active
CTR213B2747A4,CUST100072872,Month-to-Month,2015-07-17,24,2017-07-17,False,Active
CTR6E29FB1460,CUST100087275,Fixed Term,2018-12-27,0,,True,Active
CTRC936C7007A,CUST100096711,Month-to-Month,2016-11-26,0,,False,Active
CTR1B2AFD159F,CUST100077032,Fixed Term,2015-06-09,12,2016-06-09,True,Expired
CTR4275679DC3,CUST100088124,Month-to-Month,2023-01-25,0,,False,Pending Renewal
CTRDFD7BDD8A8,CUST100053160,Month-to-Month,2025-09-05,12,2026-09-05,True,Active
CTREE011F54BA,CUST100042623,Enterprise SLA,2017-05-10,36,2020-05-10,False,Active
CTR20C0FEA1FA,CUST100055667,Fixed Term,2016-12-27,24,2018-12-27,False,Active
CTRB8BB5AE77B,CUST100082901,Fixed Term,2018-02-18,12,2019-02-18,False,Terminated Early
CTR450E33AEAA,CUST100014419,Month-to-Month,2021-01-16,24,2023-01-16,False,Terminated Early
CTR678A5CEF62,CUST100051163,Fixed Term,2024-06-13,24,2026-06-13,False,Active
CTR59A53C74B7,CUST100000511,Fixed Term,2025-09-02,0,,True,Terminated Early
CTRAE8166FADB,CUST100001512,Fixed Term,2017-08-03,0,,True,Active
CTRDF07C6158F,CUST100006920,Month-to-Month,2016-07-21,0,,True,Active
CTR569EB8EE29,CUST100011260,Fixed Term,2019-01-01,24,2021-01-01,False,Active
CTR15550C861A,CUST100018013,Month-to-Month,2023-03-23,0,,True,Active
CTR5FAF466FF9,CUST100058530,Fixed Term,2022-06-28,24,2024-06-28,False,Active
CTRC7AE260B6D,CUST100053826,Month-to-Month,2015-01-19,0,,True,Active
CTRD94E20BA2E,CUST100074162,Fixed Term,2023-01-02,0,,False,Active
CTR3FC2CE2547,CUST100047012,Fixed Term,2023-03-02,0,,False,Pending Renewal
CTR5048F44818,CUST100044758,Fixed Term,2024-07-18,12,2025-07-18,True,Active
CTR1D8508D569,CUST100082388,Fixed Term,2023-02-22,0,,True,Active
CTR57E947B262,CUST100047509,Month-to-Month,2020-12-10,12,2021-12-10,False,Active
CTR5D49B5F9FC,CUST100035982,Fixed Term,2025-10-03,24,2027-10-03,True,Active
CTR419884C900,CUST100073841,Month-to-Month,2015-11-17,0,,True,Expired
CTR286B16FDE0,CUST100010902,Enterprise SLA,2015-03-01,0,,True,Active
CTRA5CEE77EF7,CUST100099947,Fixed Term,2015-03-28,0,,True,Active
CTR487E33888B,CUST100071442,Fixed Term,2019-07-07,24,2021-07-07,False,Active
CTRB07FCD8C47,CUST100084800,Fixed Term,2021-01-16,0,,True,Active
CTR54A7C0059C,CUST100068655,Fixed Term,2025-02-11,12,2026-02-11,True,Terminated Early
CTR4820A67851,CUST100097899,Fixed Term,2020-09-30,0,,True,Active
CTRB5346AB2EE,CUST100046442,Fixed Term,2021-05-10,36,2024-05-10,False,Active
CTR41593A9BDE,CUST100034828,Fixed Term,2015-11-10,0,,True,Terminated Early
CTRABAE6C4D0F,CUST100098205,Fixed Term,2022-01-27,36,2025-01-27,True,Active
CTRE87742EAC3,CUST100075460,Fixed Term,2021-03-22,12,2022-03-22,True,Active
CTR9DF216C673,CUST100075608,Fixed Term,2019-03-02,0,,False,Active
CTR12AD3B0922,CUST100048794,Fixed Term,2018-01-01,24,2020-01-01,True,Active
CTR32BEDEEC59,CUST100069251,Month-to-Month,2020-12-20,12,2021-12-20,False,Terminated Early
CTRCD0759D84D,CUST100041186,Fixed Term,2018-10-09,12,2019-10-09,True,Active
CTRF01FC0CEF5,CUST100005227,Month-to-Month,2016-07-13,12,2017-07-13,True,Expired
CTRDE9FE230D2,CUST100059123,Month-to-Month,2019-10-27,12,2020-10-27,True,Active
CTR5C0E9C66A2,CUST100045120,Fixed Term,2022-11-18,0,,True,Terminated Early
CTR26BD127E34,CUST100090206,Fixed Term,2018-10-27,36,2021-10-27,False,Active
CTR04A3F74876,CUST100054716,Month-to-Month,2022-05-04,24,2024-05-04,True,Pending Renewal
CTR5FA9390CA6,CUST100028647,Fixed Term,2025-11-03,0,,True,Active
CTRD41D951B44,CUST100081095,Enterprise SLA,2018-03-28,36,2021-03-28,True,Expired
CTR441F5A69AE,CUST100019772,Month-to-Month,2019-06-01,12,2020-06-01,True,Pending Renewal
CTRB406B0307B,CUST100096226,Month-to-Month,2023-05-04,0,,True,Active
CTRCD3822DE04,CUST100071869,Fixed Term,2023-11-13,0,,True,Pending Renewal
CTR69E7E4357A,CUST100099687,Month-to-Month,2021-04-10,36,2024-04-10,True,Expired
CTR1CE7F81081,CUST100065056,Month-to-Month,2015-09-15,0,,False,Active
CTR7E8A5DFD5A,CUST100078432,Fixed Term,2025-07-22,12,2026-07-22,True,Active
CTR84CCFBFEFF,CUST100075279,Fixed Term,2023-11-19,12,2024-11-19,False,Active
CTRA021A0012B,CUST100069050,Month-to-Month,2020-11-16,0,,False,Active
CTR81C6EEEE98,CUST100008757,Month-to-Month,2019-05-24,24,2021-05-24,False,Active
CTR88E17943CE,CUST100099495,Month-to-Month,2020-02-03,24,2022-02-03,False,Active
CTR4A2AA7EAB7,CUST100029898,Month-to-Month,2025-12-03,12,2026-12-03,True,Active
CTRFE14E10BA8,CUST100051286,Month-to-Month,2023-12-12,0,,False,Active
CTR313E0DF02F,CUST100084536,Fixed Term,2016-09-17,24,2018-09-17,False,Active
CTR4AE0EF3DF4,CUST100066923,Month-to-Month,2015-07-22,12,2016-07-22,True,Active
CTRE884F55CCE,CUST100012273,Month-to-Month,2024-06-04,24,2026-06-04,False,Active
CTR632EAA8016,CUST100089676,Fixed Term,2024-11-30,24,2026-11-30,True,Active
CTR4CC921F8BE,CUST100003592,Month-to-Month,2017-02-03,12,2018-02-03,False,Active
CTRC3DAEC9A59,CUST100060473,Fixed Term,2021-02-10,24,2023-02-10,True,Terminated Early
CTRB7A1E910A0,CUST100049633,Month-to-Month,2017-09-17,12,2018-09-17,False,Active
CTR73A2CFCE8D,CUST100052831,Month-to-Month,2020-04-25,0,,True,Pending Renewal
CTR66D97AABCD,CUST100074079,Fixed Term,2015-07-14,12,2016-07-14,True,Pending Renewal
CTRAAC9FC77E6,CUST100081577,Month-to-Month,2020-06-11,12,2021-06-11,False,Pending Renewal
CTRE992C5901E,CUST100079369,Fixed Term,2022-01-31,12,2023-01-31,False,Active
CTRA964AB6601,CUST100047692,Fixed Term,2016-02-12,0,,False,Active
CTR44CD84AD4F,CUST100026924,Month-to-Month,2025-03-18,24,2027-03-18,False,Active
CTR0A934DBB75,CUST100067268,Fixed Term,2020-04-23,24,2022-04-23,False,Active
CTR3A46EE1F78,CUST100059499,Fixed Term,2024-05-22,12,2025-05-22,True,Active
CTR9838EC959B,CUST100078006,Fixed Term,2023-04-20,12,2024-04-20,True,Active
CTR75D500DA36,CUST100015533,Fixed Term,2019-04-22,12,2020-04-22,True,Active
CTR12A0B96C7F,CUST100053116,Fixed Term,2015-12-02,0,,True,Active
CTR0C06CA22F6,CUST100031950,Fixed Term,2020-05-23,12,2021-05-23,True,Active
CTRF8EFAF8B57,CUST100008666,Fixed Term,2017-03-31,0,,False,Expired
CTRE6AA8671DD,CUST100058252,Month-to-Month,2016-11-30,24,2018-11-30,True,Active
CTR05BB43358D,CUST100086434,Month-to-Month,2025-10-29,0,,False,Active
CTRE411965B13,CUST100061219,Month-to-Month,2025-01-04,12,2026-01-04,True,Active
CTRBD84BA785F,CUST100090969,Fixed Term,2021-09-16,24,2023-09-16,False,Active
CTR716C74427F,CUST100002239,Month-to-Month,2020-01-28,0,,True,Terminated Early
CTR88E78E9462,CUST100048862,Fixed Term,2020-01-30,12,2021-01-30,True,Active
CTRF31127DF84,CUST100095971,Month-to-Month,2019-11-30,12,2020-11-30,False,Active
CTR3A44EF2C8C,CUST100001325,Fixed Term,2025-07-25,36,2028-07-25,False,Expired
CTRB85E2AA2D0,CUST100074023,Fixed Term,2015-08-11,0,,True,Active
CTR4CE281CC88,CUST100099672,Fixed Term,2024-07-29,0,,False,Active
CTRA63B532519,CUST100061022,Month-to-Month,2020-04-19,0,,True,Active
CTRAD69AFBBC9,CUST100087501,Month-to-Month,2016-11-14,0,,True,Expired
CTRFD57DACE2A,CUST100020197,Fixed Term,2023-05-28,0,,False,Expired
CTR8F461562DF,CUST100020395,Fixed Term,2016-08-31,12,2017-08-31,True,Active
CTRFBE2F16382,CUST100039670,Fixed Term,2016-12-12,0,,False,Active
CTR13E2F3C4F8,CUST100081719,Fixed Term,2018-03-18,12,2019-03-18,True,Active
CTRFFDD7CF49C,CUST100089559,Month-to-Month,2022-08-14,12,2023-08-14,False,Active
CTR84C9EA3ECB,CUST100094967,Month-to-Month,2023-12-22,12,2024-12-22,True,Terminated Early
CTR78DE153B14,CUST100097463,Fixed Term,2025-07-12,24,2027-07-12,False,Active
CTR4FE046E983,CUST100034135,Fixed Term,2024-12-05,12,2025-12-05,True,Terminated Early
CTR1461428295,CUST100003739,Fixed Term,2020-12-26,12,2021-12-26,True,Active
CTR1E408349B3,CUST100004371,Enterprise SLA,2024-08-22,12,2025-08-22,False,Terminated Early
CTR29277FFBB4,CUST100090488,Month-to-Month,2022-09-10,0,,False,Active
CTRE8F11FBA89,CUST100068271,Month-to-Month,2022-12-15,24,2024-12-15,True,Active
CTR8071ACD373,CUST100045387,Month-to-Month,2023-02-01,0,,False,Active
CTR2083EFDFAE,CUST100009206,Fixed Term,2025-11-06,24,2027-11-06,True,Terminated Early
CTR3AA80656E9,CUST100014133,Fixed Term,2018-12-09,0,,True,Active
CTR2F39C7011A,CUST100008941,Fixed Term,2024-05-19,24,2026-05-19,False,Pending Renewal
CTRFA3E133F50,CUST100077450,Fixed Term,2022-04-16,12,2023-04-16,False,Expired
CTR7F20FD7667,CUST100052647,Fixed Term,2023-06-24,24,2025-06-24,False,Expired
CTR0FAD43698F,CUST100030661,Fixed Term,2023-12-28,0,,False,Expired
CTREDF0D6A41F,CUST100089324,Fixed Term,2016-10-31,12,2017-10-31,True,Active
CTR7A07B9466B,CUST100056319,Month-to-Month,2022-01-20,24,2024-01-20,True,Expired
CTR9930B1EC0E,CUST100073507,Month-to-Month,2017-04-08,0,,False,Active
CTR0270CD1F69,CUST100052491,Month-to-Month,2025-04-05,24,2027-04-05,False,Expired
CTRDC4A558B90,CUST100068017,Fixed Term,2022-09-16,0,,True,Active
CTR8A828FC129,CUST100007215,Month-to-Month,2024-10-23,12,2025-10-23,True,Active
CTRB6FEDA507C,CUST100095033,Month-to-Month,2020-12-14,24,2022-12-14,True,Active
CTRFE5B73BDB9,CUST100045529,Month-to-Month,2025-11-10,0,,True,Active
CTRC6CA11AB41,CUST100071807,Enterprise SLA,2024-09-17,12,2025-09-17,True,Active
CTR71568965F3,CUST100042276,Month-to-Month,2022-01-23,0,,True,Active
CTR7415153AAF,CUST100024748,Enterprise SLA,2023-01-18,0,,True,Expired
CTR7E244F9C1A,CUST100076486,Fixed Term,2022-03-05,12,2023-03-05,False,Active
CTR799DDA2669,CUST100080075,Month-to-Month,2017-03-30,12,2018-03-30,True,Terminated Early
CTRFBFC75B136,CUST100018681,Fixed Term,2023-09-01,12,2024-09-01,True,Active
CTR72679A789B,CUST100003766,Fixed Term,2023-05-01,0,,False,Expired
CTRBE2C80F31B,CUST100074408,Fixed Term,2023-01-05,0,,True,Active
CTR95DFF0B094,CUST100034971,Fixed Term,2017-05-02,12,2018-05-02,False,Active
CTRFEC26C7C15,CUST100099351,Enterprise SLA,2024-06-14,12,2025-06-14,False,Terminated Early
CTR07301A4EC6,CUST100094939,Month-to-Month,2017-08-12,12,2018-08-12,False,Active
CTR12990140BD,CUST100048054,Month-to-Month,2022-03-05,24,2024-03-05,False,Active
CTRFA3FAD2805,CUST100001406,Month-to-Month,2023-03-24,12,2024-03-24,False,Expired
CTRE5DF07A150,CUST100082246,Fixed Term,2024-08-20,0,,True,Active
CTR2764AD1F04,CUST100020258,Fixed Term,2016-02-11,0,,True,Active
CTR1D0CC7C050,CUST100044627,Fixed Term,2015-05-06,0,,False,Terminated Early
CTRB8D62F339C,CUST100003125,Enterprise SLA,2019-06-10,12,2020-06-10,True,Expired
CTR715B13924B,CUST100092263,Enterprise SLA,2025-02-19,0,,True,Expired
CTR00027D0FCF,CUST100064409,Fixed Term,2017-12-29,24,2019-12-29,True,Expired
CTR017FBF47C4,CUST100094894,Month-to-Month,2024-12-01,0,,True,Active
CTRF7408B6B8D,CUST100090603,Month-to-Month,2019-11-20,24,2021-11-20,True,Active
CTR7B868B41CA,CUST100070440,Fixed Term,2023-05-04,12,2024-05-04,True,Expired
CTR708F63C91E,CUST100057211,Fixed Term,2016-10-19,24,2018-10-19,False,Active
CTRB55C011B48,CUST100078995,Month-to-Month,2017-02-21,0,,False,Expired
CTRD2EF3587A9,CUST100011511,Fixed Term,2025-06-08,24,2027-06-08,True,Expired
CTR1221D44C71,CUST100098915,Fixed Term,2023-07-09,12,2024-07-09,True,Expired
CTRD955C65B2B,CUST100073675,Fixed Term,2021-06-27,24,2023-06-27,True,Terminated Early
CTR39BBAAF58B,CUST100083223,Month-to-Month,2016-03-05,24,2018-03-05,True,Expired
CTR337ACBC3F4,CUST100036727,Fixed Term,2023-09-17,12,2024-09-17,True,Active
CTR98DBB53DB3,CUST100016369,Fixed Term,2021-03-04,24,2023-03-04,True,Active
CTRFCC5A41458,CUST100066603,Fixed Term,2016-11-30,12,2017-11-30,False,Terminated Early
CTR3ECE0FEC82,CUST100068129,Month-to-Month,2019-05-15,12,2020-05-15,True,Terminated Early
CTR7A2E0C63B2,CUST100001626,Month-to-Month,2015-11-01,0,,False,Expired
CTR87073D2557,CUST100064953,Fixed Term,2020-03-08,24,2022-03-08,True,Pending Renewal
CTRAF15569470,CUST100049354,Month-to-Month,2020-02-14,24,2022-02-14,True,Terminated Early
CTR5E5E2CEC2F,CUST100001883,Month-to-Month,2018-01-03,0,,True,Active
CTR73B8BF3DFE,CUST100008727,Month-to-Month,2018-12-17,24,2020-12-17,True,Active
CTR7E5044FCA9,CUST100008900,Fixed Term,2019-04-03,12,2020-04-03,True,Active
CTRBA33333FDD,CUST100056228,Month-to-Month,2015-07-31,0,,True,Expired
CTRBD03E8E408,CUST100019519,Fixed Term,2021-03-12,0,,True,Active
CTRC796D693B8,CUST100098242,Fixed Term,2023-07-07,24,2025-07-07,True,Active
CTR620BD2BE80,CUST100098912,Fixed Term,2020-03-09,0,,True,Pending Renewal
CTRE8802ED504,CUST100012321,Fixed Term,2018-12-30,0,,True,Pending Renewal
CTRC7E7A70DA3,CUST100023289,Month-to-Month,2025-01-01,12,2026-01-01,False,Active
CTRB6DBCCC5AB,CUST100007836,Month-to-Month,2019-03-11,36,2022-03-11,True,Active
CTRAF96FDA2B8,CUST100029587,Month-to-Month,2015-01-24,12,2016-01-24,True,Pending Renewal
CTR76D370F97E,CUST100089768,Month-to-Month,2015-05-08,12,2016-05-08,True,Terminated Early
CTR51C0A60102,CUST100043482,Fixed Term,2015-08-05,12,2016-08-05,False,Active
CTRFB771934F9,CUST100038041,Fixed Term,2022-08-23,36,2025-08-23,True,Active
CTR15F56DB423,CUST100064633,Month-to-Month,2017-11-17,24,2019-11-17,False,Active
CTR1EF6337F99,CUST100070117,Month-to-Month,2022-03-09,0,,True,Active
CTR59172C5503,CUST100069996,Fixed Term,2025-09-21,0,,True,Active
CTRE5C01FD3F3,CUST100077191,Fixed Term,2025-02-02,0,,True,Active
CTRF47AED30C0,CUST100003770,Fixed Term,2025-08-10,24,2027-08-10,True,Expired
CTRD24A192581,CUST100082966,Month-to-Month,2018-10-10,12,2019-10-10,False,Active
CTR40DF1ECA85,CUST100056098,Fixed Term,2016-01-08,0,,False,Expired
CTRDD97CFB4CD,CUST100027681,Month-to-Month,2025-01-16,0,,True,Active
CTR7E560D248D,CUST100049880,Fixed Term,2019-08-17,12,2020-08-17,True,Active
CTRCFD382B0C0,CUST100013796,Fixed Term,2018-09-30,24,2020-09-30,False,Active
CTRFC25643247,CUST100049834,Month-to-Month,2016-03-06,24,2018-03-06,True,Active
CTR5CAAC1B861,CUST100089650,Month-to-Month,2022-11-21,24,2024-11-21,True,Active
CTRE707C86B93,CUST100021309,Month-to-Month,2016-10-19,36,2019-10-19,True,Expired
CTRB8FDF55C43,CUST100008175,Fixed Term,2025-09-21,24,2027-09-21,False,Active
CTRBD24D1B691,CUST100065310,Fixed Term,2023-02-02,24,2025-02-02,True,Expired
CTR08F2DAFE0C,CUST100017624,Month-to-Month,2018-07-19,24,2020-07-19,False,Active
CTR665AABBDAD,CUST100048972,Fixed Term,2017-03-17,0,,True,Expired
CTRB73671F732,CUST100067024,Fixed Term,2019-12-21,24,2021-12-21,True,Active
CTR28DEF60039,CUST100061420,Fixed Term,2024-05-10,24,2026-05-10,False,Active
CTR071AD285A3,CUST100050024,Fixed Term,2015-02-08,24,2017-02-08,True,Active
CTRF5E288FBF3,CUST100054022,Fixed Term,2020-07-26,12,2021-07-26,True,Pending Renewal
CTR20B6D549CD,CUST100062589,Month-to-Month,2022-08-27,24,2024-08-27,False,Active
CTRAD0C82A036,CUST100036894,Month-to-Month,2016-06-14,12,2017-06-14,True,Active
CTRA63E82EE65,CUST100010640,Month-to-Month,2024-01-01,0,,True,Active
CTRD01F7C5376,CUST100089960,Month-to-Month,2016-05-07,12,2017-05-07,False,Active
CTR4AAC18324F,CUST100056831,Month-to-Month,2020-05-24,0,,False,Expired
CTR867DC5A3C6,CUST100041925,Fixed Term,2023-05-09,0,,True,Active
CTRB616D3C27A,CUST100004614,Fixed Term,2019-09-13,24,2021-09-13,True,Active
CTR7D66202E38,CUST100053815,Fixed Term,2025-04-20,24,2027-04-20,False,Active
CTR872B447D37,CUST100080773,Month-to-Month,2016-06-17,36,2019-06-17,False,Active
CTREB1950839A,CUST100078868,Month-to-Month,2017-02-14,12,2018-02-14,True,Active
CTR9257E5455A,CUST100026470,Fixed Term,2023-06-21,24,2025-06-21,False,Expired
CTRB134F27AC8,CUST100051893,Fixed Term,2021-06-30,0,,True,Active
CTR107F890F4C,CUST100034898,Fixed Term,2019-09-26,0,,True,Terminated Early
CTR5AA35BD3FD,CUST100025902,Fixed Term,2024-05-23,12,2025-05-23,True,Active
CTRFAA0C43F14,CUST100063492,Fixed Term,2015-09-01,0,,False,Expired
CTR45DF3D335E,CUST100045500,Enterprise SLA,2018-09-10,0,,True,Active
CTR913BE1B1CE,CUST100008498,Month-to-Month,2019-10-28,24,2021-10-28,True,Active
CTR8C2CAC1A67,CUST100033989,Month-to-Month,2022-08-05,0,,False,Pending Renewal
CTR65AEF2077C,CUST100027407,Fixed Term,2017-05-18,24,2019-05-18,False,Active
CTR119A072F16,CUST100099607,Month-to-Month,2021-06-16,12,2022-06-16,False,Expired
CTRA65A337761,CUST100053573,Month-to-Month,2023-08-17,12,2024-08-17,False,Active
CTR9FD790C504,CUST100072559,Fixed Term,2019-03-02,24,2021-03-02,True,Expired
CTR43F710ADDB,CUST100068223,Fixed Term,2025-04-27,24,2027-04-27,True,Terminated Early
CTR9FB683E0B5,CUST100087926,Month-to-Month,2018-10-07,0,,False,Active
CTR1468D062C5,CUST100031443,Fixed Term,2024-11-09,0,,True,Expired
CTR74E89BC14D,CUST100009278,Fixed Term,2021-08-29,12,2022-08-29,True,Active
CTR5AE2C78E62,CUST100058001,Month-to-Month,2019-02-05,12,2020-02-05,True,Active
CTR7262CEE601,CUST100051557,Month-to-Month,2017-03-23,24,2019-03-23,True,Active
CTR8B6E8AB27B,CUST100077103,Fixed Term,2017-10-24,24,2019-10-24,False,Active
CTR87B2BD9C80,CUST100087213,Fixed Term,2017-03-01,12,2018-03-01,False,Pending Renewal
CTR0C5075A0DA,CUST100096964,Month-to-Month,2021-04-16,24,2023-04-16,True,Active
CTR6862453A12,CUST100053756,Fixed Term,2023-08-10,0,,True,Active
CTR71B5BD2C5F,CUST100057293,Month-to-Month,2015-11-30,0,,False,Active
CTRA3C88FF712,CUST100056803,Fixed Term,2023-07-16,24,2025-07-16,True,Active
CTR98B353D70D,CUST100041262,Fixed Term,2017-08-07,24,2019-08-07,True,Active
CTR9F0AD31EA9,CUST100057852,Fixed Term,2025-01-03,24,2027-01-03,True,Active
CTRDC7A562869,CUST100001065,Fixed Term,2017-01-05,24,2019-01-05,True,Terminated Early
CTR2C96991769,CUST100087776,Fixed Term,2023-02-26,12,2024-02-26,False,Active
CTRF18C16F59D,CUST100034563,Month-to-Month,2021-09-14,24,2023-09-14,False,Expired
CTRDCB42A8F6C,CUST100067806,Month-to-Month,2022-06-02,24,2024-06-02,False,Active
CTRFE9381215E,CUST100059437,Fixed Term,2016-09-04,0,,False,Active
CTR3B33D97AA2,CUST100063308,Month-to-Month,2016-03-18,12,2017-03-18,True,Active
CTRD89563573A,CUST100086756,Month-to-Month,2024-10-15,0,,False,Active
CTR91E034A9E4,CUST100002631,Fixed Term,2020-06-26,0,,False,Pending Renewal
CTRC3FC1B4B0E,CUST100057976,Fixed Term,2017-01-16,12,2018-01-16,True,Active
CTR425F451D78,CUST100059216,Fixed Term,2015-02-14,24,2017-02-14,False,Expired
CTR78F17FAC85,CUST100016847,Fixed Term,2017-06-03,24,2019-06-03,False,Active
CTR29F6619493,CUST100058151,Fixed Term,2021-01-23,12,2022-01-23,False,Active
CTRC0B8456F9E,CUST100079975,Fixed Term,2025-10-17,24,2027-10-17,False,Active
CTRD1EE24F833,CUST100017930,Month-to-Month,2023-06-10,24,2025-06-10,True,Active
CTR20D3ED8E1D,CUST100075499,Month-to-Month,2021-01-25,12,2022-01-25,True,Active
CTRB3F0E0CB47,CUST100033925,Fixed Term,2019-04-18,24,2021-04-18,True,Expired
CTR75BAE36D29,CUST100048082,Fixed Term,2021-11-15,24,2023-11-15,True,Active
CTR74AFF15CE9,CUST100067785,Month-to-Month,2018-04-20,0,,True,Expired
CTR5ED207E4DE,CUST100080697,Fixed Term,2024-02-10,0,,False,Active
CTR3BBEAF8E7A,CUST100078048,Month-to-Month,2024-07-08,24,2026-07-08,False,Expired
CTRA73AC9DFD6,CUST100050206,Month-to-Month,2018-11-06,24,2020-11-06,False,Active
CTRCF23009CB8,CUST100035778,Fixed Term,2024-07-18,24,2026-07-18,True,Expired
CTRECA7EA4C59,CUST100075414,Fixed Term,2021-01-02,12,2022-01-02,True,Active
CTR0520E84D6D,CUST100031275,Month-to-Month,2020-01-30,12,2021-01-30,False,Active
CTR7C77D6E1A9,CUST100035880,Month-to-Month,2021-09-14,24,2023-09-14,True,Active
CTR46EBA4C0FB,CUST100041797,Month-to-Month,2020-10-03,12,2021-10-03,False,Expired
CTR5ACFC869F1,CUST100012253,Fixed Term,2022-02-26,0,,False,Expired
CTR1C76FEA8E1,CUST100007765,Enterprise SLA,2015-11-27,12,2016-11-27,True,Active
CTR8C26A3C7D5,CUST100076917,Fixed Term,2023-02-14,24,2025-02-14,True,Active
CTR135349BEC5,CUST100069586,Fixed Term,2017-01-16,36,2020-01-16,True,Expired
CTR4C78805019,CUST100006321,Fixed Term,2024-11-13,0,,True,Expired
CTR9BA7C5F8B0,CUST100087828,Month-to-Month,2020-03-14,0,,True,Active
CTR31EE2B1286,CUST100025489,Fixed Term,2022-09-30,24,2024-09-30,False,Terminated Early
CTR52CA7D95E0,CUST100014090,Fixed Term,2022-08-04,0,,False,Active
CTR45E21E123C,CUST100067786,Fixed Term,2017-02-08,12,2018-02-08,False,Active
CTRF905A4F569,CUST100043055,Month-to-Month,2017-05-27,36,2020-05-27,False,Active
CTR4CE7AEC138,CUST100067150,Month-to-Month,2017-08-25,12,2018-08-25,True,Active
CTRE57CC9E33A,CUST100032047,Month-to-Month,2025-06-10,12,2026-06-10,True,Active
CTR0C07E20797,CUST100054406,Enterprise SLA,2015-07-26,36,2018-07-26,True,Active
CTR42528016E6,CUST100097359,Month-to-Month,2023-10-06,24,2025-10-06,False,Expired
CTRD313A5B08B,CUST100044775,Fixed Term,2020-10-03,24,2022-10-03,True,Terminated Early
CTR83282885BB,CUST100031855,Month-to-Month,2024-02-29,12,2025-02-28,True,Active
CTRC7909251C2,CUST100045344,Month-to-Month,2019-09-01,24,2021-09-01,True,Active
CTR5B5CCF2B0A,CUST100050021,Month-to-Month,2024-10-21,24,2026-10-21,True,Active
CTR7325B65A4F,CUST100035543,Fixed Term,2021-02-28,36,2024-02-28,False,Expired
CTRBE7D10D94B,CUST100090485,Fixed Term,2016-02-13,24,2018-02-13,True,Active
CTRC6D1266EB4,CUST100023804,Month-to-Month,2018-09-23,0,,True,Active
CTR0525D14F0E,CUST100067954,Fixed Term,2015-11-06,24,2017-11-06,True,Terminated Early
CTR25857A938F,CUST100069971,Fixed Term,2016-01-08,12,2017-01-08,True,Expired
CTRB33E001C01,CUST100076058,Fixed Term,2022-09-18,24,2024-09-18,True,Active
CTR2AA824E9FC,CUST100090791,Fixed Term,2024-05-06,24,2026-05-06,False,Expired
CTR8A293536EC,CUST100052928,Fixed Term,2015-09-23,0,,True,Active
CTRB049D3C320,CUST100028552,Month-to-Month,2015-02-03,0,,False,Active
CTR443423A61D,CUST100070715,Month-to-Month,2019-04-24,12,2020-04-24,True,Expired
CTR0F3962C862,CUST100047297,Fixed Term,2019-11-30,24,2021-11-30,True,Active
CTR2EB8141A06,CUST100060260,Fixed Term,2021-12-09,0,,False,Active
CTRB161ED05A0,CUST100096670,Month-to-Month,2021-09-13,0,,True,Active
CTR54B792D48E,CUST100044416,Month-to-Month,2018-02-20,0,,True,Active
CTR87D500B840,CUST100035989,Fixed Term,2023-05-31,24,2025-05-31,False,Active
CTRE96C0EAD86,CUST100032822,Fixed Term,2023-02-17,12,2024-02-17,True,Expired
CTRA547B72088,CUST100036951,Month-to-Month,2025-11-06,12,2026-11-06,True,Active
CTRD20AC7773A,CUST100089539,Fixed Term,2017-01-12,12,2018-01-12,False,Active
CTRAEB9C135A2,CUST100091897,Month-to-Month,2024-02-16,24,2026-02-16,True,Active
CTRB7C52C6976,CUST100015839,Fixed Term,2023-01-16,12,2024-01-16,False,Active
CTR55D72F19E4,CUST100019120,Fixed Term,2022-11-09,36,2025-11-09,True,Active
CTRFBD22950B1,CUST100090311,Fixed Term,2015-02-02,12,2016-02-02,False,Active
CTRA5E046ADAD,CUST100020774,Month-to-Month,2022-01-11,0,,False,Active
CTRD7CBD8C989,CUST100076130,Fixed Term,2015-08-25,24,2017-08-25,False,Active
CTRE83A6B0942,CUST100041117,Fixed Term,2018-09-04,0,,False,Pending Renewal
CTR6A6036CDCA,CUST100006571,Month-to-Month,2020-06-09,24,2022-06-09,False,Active
CTR524806F5EE,CUST100032588,Fixed Term,2024-02-04,12,2025-02-04,True,Active
CTR1B5E35C613,CUST100017565,Month-to-Month,2020-03-07,24,2022-03-07,False,Active
CTR4C0F7FE4FD,CUST100069060,Enterprise SLA,2022-06-01,24,2024-06-01,True,Active
CTRF78FCEF966,CUST100067872,Fixed Term,2018-08-07,24,2020-08-07,True,Active
CTRF5BAEDFA23,CUST100063229,Fixed Term,2016-04-09,0,,False,Active
CTRCC3401DF05,CUST100032059,Fixed Term,2023-12-19,24,2025-12-19,True,Active
CTRC9BA20DF52,CUST100043108,Fixed Term,2018-04-16,12,2019-04-16,False,Active
CTR08FC51B692,CUST100014057,Fixed Term,2016-02-23,12,2017-02-23,False,Active
CTR7112D675D2,CUST100051352,Month-to-Month,2025-05-12,12,2026-05-12,False,Pending Renewal
CTR2836D16334,CUST100018931,Fixed Term,2016-01-01,0,,True,Active
CTRA1EA2CF3DA,CUST100064866,Fixed Term,2018-09-14,0,,True,Active
CTRF476936ABE,CUST100002036,Month-to-Month,2019-03-09,36,2022-03-09,False,Active
CTR25BEC1165B,CUST100081130,Fixed Term,2015-07-07,0,,False,Active
CTR4650C85077,CUST100013498,Month-to-Month,2025-08-20,24,2027-08-20,True,Active
CTR8B838B5371,CUST100090796,Fixed Term,2021-05-20,0,,True,Active
CTR8D05B2ACE9,CUST100087876,Fixed Term,2024-08-27,12,2025-08-27,False,Active
CTRFCB14E075F,CUST100075930,Fixed Term,2021-04-13,24,2023-04-13,True,Active
CTR8A0758FAE5,CUST100025602,Month-to-Month,2018-07-13,0,,False,Active
CTRC6BFC34932,CUST100051027,Fixed Term,2021-10-17,24,2023-10-17,True,Active
CTR1E34FA0E4C,CUST100082894,Fixed Term,2023-02-17,24,2025-02-17,True,Active
CTR19195F02BE,CUST100005489,Fixed Term,2017-02-16,12,2018-02-16,False,Active
CTR91F05A40FC,CUST100033059,Fixed Term,2025-04-03,24,2027-04-03,False,Active
CTR70888AE03F,CUST100014085,Fixed Term,2019-08-10,12,2020-08-10,False,Active
CTREA56F28336,CUST100097307,Month-to-Month,2016-10-02,24,2018-10-02,True,Active
CTRA31295AD27,CUST100016423,Enterprise SLA,2018-10-28,12,2019-10-28,True,Active
CTR53B8937E91,CUST100085913,Enterprise SLA,2024-08-03,24,2026-08-03,False,Terminated Early
CTRD69D01E4A3,CUST100003002,Month-to-Month,2015-09-29,0,,False,Active
CTR4E578BA8D7,CUST100046673,Fixed Term,2019-01-17,24,2021-01-17,False,Active
CTR606262AE2E,CUST100016123,Month-to-Month,2015-07-03,36,2018-07-03,True,Expired
CTR4EE8AA1E18,CUST100045546,Fixed Term,2017-06-17,12,2018-06-17,True,Active
CTR8678EB4185,CUST100046012,Fixed Term,2018-11-29,24,2020-11-29,True,Active
CTR6CB3568082,CUST100033764,Enterprise SLA,2022-04-24,12,2023-04-24,True,Active
CTR43F6BAD761,CUST100058645,Fixed Term,2020-06-23,36,2023-06-23,False,Active
CTRFB0A557EF5,CUST100034923,Fixed Term,2024-02-13,12,2025-02-13,True,Active
CTR748F02B5D0,CUST100040165,Month-to-Month,2019-02-16,12,2020-02-16,False,Active
CTR2016C51098,CUST100080682,Enterprise SLA,2020-12-21,12,2021-12-21,False,Pending Renewal
CTRA545638F95,CUST100070959,Month-to-Month,2017-02-17,0,,True,Active
CTR2DBF18C12C,CUST100074010,Month-to-Month,2025-07-08,24,2027-07-08,False,Active
CTR6048D36150,CUST100011094,Fixed Term,2017-04-09,24,2019-04-09,False,Expired
CTR4C687D69DE,CUST100077304,Month-to-Month,2017-12-07,24,2019-12-07,True,Active
CTR32136B04FE,CUST100018280,Fixed Term,2016-02-29,0,,True,Pending Renewal
CTR6B14B82861,CUST100060405,Fixed Term,2019-02-07,12,2020-02-07,False,Expired
CTRADF49BC65B,CUST100089356,Month-to-Month,2020-09-12,24,2022-09-12,True,Active
CTR78438BA001,CUST100075841,Fixed Term,2017-01-19,24,2019-01-19,False,Active
CTR2E4377DB41,CUST100063480,Month-to-Month,2022-02-25,12,2023-02-25,True,Expired
CTRCE4B4D8B08,CUST100011782,Fixed Term,2023-08-31,24,2025-08-31,True,Pending Renewal
CTR6C444E27B4,CUST100090154,Fixed Term,2019-05-22,24,2021-05-22,False,Pending Renewal
CTRC0D30C8AB7,CUST100065357,Fixed Term,2018-06-06,24,2020-06-06,False,Active
CTR9600FBDA4A,CUST100063849,Fixed Term,2020-11-12,0,,False,Active
CTR19ED1613C1,CUST100039494,Fixed Term,2017-03-19,0,,False,Expired
CTR2E0FBA3793,CUST100090761,Fixed Term,2022-05-17,24,2024-05-17,True,Active
CTR2582E6AA87,CUST100067772,Fixed Term,2022-06-16,12,2023-06-16,True,Active
CTRC8535081E1,CUST100096392,Fixed Term,2018-01-09,24,2020-01-09,False,Expired
CTREF287AD43E,CUST100062460,Month-to-Month,2020-10-19,24,2022-10-19,True,Terminated Early
CTR17BAD6D0ED,CUST100055890,Month-to-Month,2024-12-26,12,2025-12-26,True,Expired
CTRC9D70D432D,CUST100036995,Fixed Term,2024-05-22,0,,False,Terminated Early
CTRDE5B032644,CUST100007751,Month-to-Month,2023-12-10,12,2024-12-10,True,Active
CTR479D70954F,CUST100096215,Fixed Term,2023-02-16,24,2025-02-16,False,Active
CTR01F476DE3B,CUST100013328,Month-to-Month,2016-05-29,24,2018-05-29,True,Expired
CTR2AE513E0E5,CUST100089189,Month-to-Month,2025-05-28,24,2027-05-28,True,Expired
CTR4D7BEF8A7D,CUST100078902,Month-to-Month,2022-11-03,0,,False,Expired
CTR28E30CC91D,CUST100072135,Month-to-Month,2022-06-13,0,,False,Active
CTR6533B34548,CUST100025235,Enterprise SLA,2022-07-10,12,2023-07-10,True,Pending Renewal
CTR71FB99A7B8,CUST100072816,Month-to-Month,2015-01-18,12,2016-01-18,False,Active
CTR8628BCC234,CUST100043282,Month-to-Month,2024-12-15,24,2026-12-15,True,Active
CTRB546355399,CUST100044053,Fixed Term,2024-08-22,0,,True,Active
CTR5BBE6D20AE,CUST100041230,Fixed Term,2015-05-19,24,2017-05-19,False,Active
CTR08C38EA77F,CUST100014706,Month-to-Month,2017-05-12,12,2018-05-12,True,Active
CTRE8127C5A09,CUST100046528,Month-to-Month,2022-01-12,24,2024-01-12,True,Active
CTR847FA8C8FF,CUST100031646,Month-to-Month,2016-07-18,0,,False,Expired
CTR5E08C05AA1,CUST100012024,Fixed Term,2017-03-30,36,2020-03-30,True,Terminated Early
CTR53A49C19A8,CUST100058511,Month-to-Month,2020-04-03,24,2022-04-03,True,Terminated Early
CTR64733DE921,CUST100055623,Month-to-Month,2016-08-24,0,,False,Expired
CTR5B067CF658,CUST100072558,Month-to-Month,2015-10-08,12,2016-10-08,False,Terminated Early
CTR905A4CBF7E,CUST100026695,Enterprise SLA,2016-03-17,0,,False,Active
CTRD5F1AF0231,CUST100005032,Fixed Term,2025-04-10,36,2028-04-10,True,Active
CTR80A24E228A,CUST100003978,Month-to-Month,2016-07-27,12,2017-07-27,False,Active
CTR84C0CCC731,CUST100024913,Fixed Term,2016-07-24,24,2018-07-24,False,Active
CTR27D9AE9712,CUST100085825,Fixed Term,2019-06-11,24,2021-06-11,True,Active
CTRB7FCE08892,CUST100070644,Enterprise SLA,2015-10-13,24,2017-10-13,True,Active
CTR4B5369C0D7,CUST100059797,Month-to-Month,2023-01-11,24,2025-01-11,True,Active
CTRA69201C9E1,CUST100004772,Fixed Term,2019-06-09,24,2021-06-09,True,Active
CTR025E45C8CC,CUST100047559,Enterprise SLA,2023-06-30,12,2024-06-30,False,Active
CTR3A9F37B1FD,CUST100016956,Fixed Term,2024-08-31,24,2026-08-31,True,Active
CTRB48B3DAEAE,CUST100044231,Fixed Term,2015-09-12,0,,True,Active
CTR1355A217D7,CUST100042850,Enterprise SLA,2022-12-19,12,2023-12-19,True,Active
CTR7B221E33BD,CUST100095726,Enterprise SLA,2025-04-01,24,2027-04-01,True,Active
CTR61EEEB4394,CUST100074542,Fixed Term,2021-07-08,0,,True,Active
CTR2DD2DC09EF,CUST100072673,Fixed Term,2016-11-27,12,2017-11-27,False,Active
CTR2692D582E5,CUST100085486,Fixed Term,2020-11-05,24,2022-11-05,True,Active
CTR341DD69C08,CUST100044278,Month-to-Month,2017-04-07,0,,False,Active
CTR0D93541341,CUST100071549,Fixed Term,2023-04-12,12,2024-04-12,True,Active
CTR768B979833,CUST100031396,Month-to-Month,2023-07-24,0,,True,Active
CTR78952A2A26,CUST100057622,Month-to-Month,2016-07-10,0,,True,Active
CTR52B2710CA1,CUST100090965,Fixed Term,2023-05-04,24,2025-05-04,False,Active
CTRC45117D5B8,CUST100034639,Fixed Term,2015-12-03,24,2017-12-03,True,Active
CTR960AE985CE,CUST100082576,Month-to-Month,2023-06-28,0,,False,Active
CTR4779C48653,CUST100048598,Fixed Term,2019-09-05,0,,True,Terminated Early
CTR1AE01B4B0B,CUST100056633,Month-to-Month,2020-03-08,0,,True,Active
CTR021D3969FB,CUST100067812,Month-to-Month,2016-05-03,24,2018-05-03,False,Expired
CTR8C96FDDCE8,CUST100047565,Month-to-Month,2021-07-19,12,2022-07-19,True,Active
CTR72FFEFAD66,CUST100000558,Month-to-Month,2023-12-26,24,2025-12-26,True,Expired
CTRA5C06DD904,CUST100075947,Enterprise SLA,2017-04-10,0,,True,Active
CTR7639EA35CD,CUST100010588,Month-to-Month,2025-04-04,0,,True,Expired
CTR26DFDA2290,CUST100036976,Month-to-Month,2016-08-14,0,,True,Expired
CTR68E7C1D81A,CUST100041608,Fixed Term,2021-01-22,12,2022-01-22,True,Terminated Early
CTR00CF2C7A99,CUST100097845,Month-to-Month,2019-09-13,24,2021-09-13,True,Active
CTR4FEBC3E589,CUST100004512,Fixed Term,2020-07-02,0,,True,Active
CTRE31034CE90,CUST100099062,Month-to-Month,2020-09-26,0,,True,Active
CTRDC044E0C9D,CUST100025112,Fixed Term,2024-10-25,12,2025-10-25,True,Terminated Early
CTR98BA46334D,CUST100087435,Fixed Term,2018-01-03,12,2019-01-03,True,Active
CTR3BC720D335,CUST100074884,Month-to-Month,2020-03-23,12,2021-03-23,True,Expired
CTRBB31F22888,CUST100004872,Fixed Term,2024-01-04,24,2026-01-04,False,Expired
CTRF5D3CBE745,CUST100070520,Fixed Term,2017-06-29,24,2019-06-29,False,Pending Renewal
CTR12E2051C69,CUST100079527,Fixed Term,2018-09-14,36,2021-09-14,True,Active
CTR658159041C,CUST100062299,Fixed Term,2017-03-16,12,2018-03-16,True,Active
CTRB943CF8C04,CUST100099774,Fixed Term,2019-08-31,24,2021-08-31,False,Active
CTRA4BE9A1E35,CUST100083208,Month-to-Month,2016-12-17,24,2018-12-17,False,Pending Renewal
CTRA05304CB17,CUST100021994,Fixed Term,2018-01-08,12,2019-01-08,True,Terminated Early
CTR1ED6387C40,CUST100078986,Month-to-Month,2025-09-07,24,2027-09-07,True,Active
CTR9AB8F36DC8,CUST100061912,Fixed Term,2019-05-31,12,2020-05-31,False,Expired
CTR63D84CC7ED,CUST100062294,Fixed Term,2018-02-11,0,,True,Pending Renewal
CTR76D9EDA325,CUST100044936,Fixed Term,2015-02-23,24,2017-02-23,False,Active
CTR37C44C4941,CUST100045809,Month-to-Month,2016-06-06,0,,True,Active
CTRC629EC11C7,CUST100003092,Month-to-Month,2015-11-16,36,2018-11-16,False,Active
CTR39C88B966E,CUST100012552,Month-to-Month,2024-06-14,24,2026-06-14,False,Active
CTR82398746A6,CUST100078453,Month-to-Month,2016-05-16,12,2017-05-16,False,Pending Renewal
CTRDEAA03B614,CUST100016306,Fixed Term,2017-06-12,24,2019-06-12,True,Pending Renewal
CTR017C1F67C6,CUST100096355,Fixed Term,2019-07-17,0,,True,Active
CTRB895277445,CUST100052094,Month-to-Month,2019-02-02,24,2021-02-02,True,Active
CTREFB3402B60,CUST100054546,Fixed Term,2023-01-19,24,2025-01-19,True,Active
CTRF7F983323C,CUST100012615,Fixed Term,2016-03-08,24,2018-03-08,True,Active
CTR77EF148343,CUST100064332,Month-to-Month,2015-06-18,24,2017-06-18,True,Active
CTR5F6EC254A7,CUST100035687,Month-to-Month,2022-04-17,24,2024-04-17,True,Terminated Early
CTRE5CA9E1632,CUST100049616,Month-to-Month,2015-08-25,24,2017-08-25,True,Active
CTR0BE355346C,CUST100045290,Fixed Term,2025-01-22,12,2026-01-22,False,Active
CTR30385C2840,CUST100064779,Fixed Term,2017-08-18,12,2018-08-18,True,Expired
CTRBB1A2A41AF,CUST100005172,Fixed Term,2015-03-26,12,2016-03-26,True,Active
CTR536D078906,CUST100008316,Fixed Term,2024-12-18,0,,False,Active
CTR9F3A4F751D,CUST100045719,Month-to-Month,2021-01-17,0,,False,Pending Renewal
CTR4B2F3A148A,CUST100045608,Month-to-Month,2023-07-12,24,2025-07-12,True,Active
CTRB1095B1D1D,CUST100082630,Month-to-Month,2025-07-09,12,2026-07-09,False,Active
CTR9CDE2D1ABB,CUST100015398,Month-to-Month,2024-07-04,36,2027-07-04,True,Expired
CTR89A982A74D,CUST100093945,Fixed Term,2015-01-19,24,2017-01-19,True,Active
CTRBADF5B440D,CUST100064798,Enterprise SLA,2018-12-20,12,2019-12-20,True,Active
CTR0221FFEB7C,CUST100087952,Fixed Term,2017-09-27,12,2018-09-27,True,Active
CTRAF1B8680D8,CUST100019830,Fixed Term,2023-01-20,24,2025-01-20,True,Active
CTR53789BDBEC,CUST100008918,Fixed Term,2022-06-11,0,,False,Active
CTR67AD265DF0,CUST100099697,Month-to-Month,2019-03-24,24,2021-03-24,True,Active
CTR09B1007ADB,CUST100047435,Month-to-Month,2020-12-25,0,,True,Active
CTRF82974A3FF,CUST100069907,Fixed Term,2024-03-27,12,2025-03-27,True,Active
CTRACB8A2B55A,CUST100074616,Month-to-Month,2023-01-02,24,2025-01-02,True,Active
CTRF2E86819F3,CUST100077126,Fixed Term,2023-01-06,24,2025-01-06,False,Active
CTR763CA4E9E2,CUST100078643,Fixed Term,2025-05-01,12,2026-05-01,False,Active
CTR3F160E071D,CUST100031343,Fixed Term,2018-04-05,12,2019-04-05,True,Active
CTR9116ACB190,CUST100006735,Fixed Term,2024-07-09,24,2026-07-09,False,Active
CTR85BAD565CE,CUST100018044,Fixed Term,2024-02-11,24,2026-02-11,True,Active
CTR6ACFC06AC3,CUST100000818,Month-to-Month,2018-06-25,24,2020-06-25,False,Expired
CTR0E7B6703E6,CUST100037316,Fixed Term,2022-10-14,0,,True,Active
CTR3A35B31C1D,CUST100003703,Fixed Term,2020-07-18,24,2022-07-18,True,Expired
CTRA706FCEEE0,CUST100017274,Enterprise SLA,2017-11-23,36,2020-11-23,True,Active
CTR23599308B3,CUST100070038,Month-to-Month,2016-02-16,24,2018-02-16,True,Terminated Early
CTRFE49D0CEF3,CUST100013911,Fixed Term,2025-01-02,24,2027-01-02,True,Pending Renewal
CTR5269423544,CUST100017936,Fixed Term,2017-06-19,12,2018-06-19,True,Active
CTRD3D879382A,CUST100095310,Month-to-Month,2024-01-01,24,2026-01-01,False,Active
CTR8B23E4D065,CUST100098584,Fixed Term,2025-03-19,36,2028-03-19,False,Active
CTR130A463F22,CUST100071173,Fixed Term,2022-04-08,24,2024-04-08,True,Active
CTR221EAE9196,CUST100043278,Month-to-Month,2025-06-12,24,2027-06-12,False,Active
CTR3455D6E52C,CUST100080666,Fixed Term,2021-06-22,12,2022-06-22,True,Active
CTR22097FEB7D,CUST100073915,Fixed Term,2018-07-08,12,2019-07-08,False,Terminated Early
CTRCB5B5A5053,CUST100005736,Fixed Term,2024-04-01,24,2026-04-01,False,Active
CTRDA09EF1AB4,CUST100026518,Month-to-Month,2021-06-14,12,2022-06-14,False,Active
CTRCE992ABA8C,CUST100004973,Month-to-Month,2023-08-23,12,2024-08-23,True,Active
CTR3A2DB7C573,CUST100006674,Fixed Term,2025-03-31,12,2026-03-31,True,Active
CTR2596C4C266,CUST100001193,Fixed Term,2018-02-04,24,2020-02-04,True,Terminated Early
CTR8D70E14CF7,CUST100047632,Fixed Term,2024-10-10,0,,False,Expired
CTR0437F443EC,CUST100079799,Month-to-Month,2024-01-26,0,,True,Active
CTRD4882FB056,CUST100051678,Fixed Term,2015-01-18,24,2017-01-18,True,Active
CTR71BFEFF156,CUST100008423,Month-to-Month,2017-04-04,24,2019-04-04,True,Active
CTR6BAFB1037F,CUST100069818,Month-to-Month,2015-03-06,36,2018-03-06,False,Active
CTRB37B6AD3F1,CUST100012906,Fixed Term,2015-06-15,24,2017-06-15,True,Active
CTR5B78B6CF5E,CUST100042015,Enterprise SLA,2020-04-02,12,2021-04-02,True,Active
CTR761FD982B9,CUST100073308,Enterprise SLA,2022-07-30,0,,True,Active
CTR7A775953F5,CUST100064829,Fixed Term,2015-07-31,24,2017-07-31,True,Active
CTRD18C35BE01,CUST100041285,Fixed Term,2019-09-11,12,2020-09-11,False,Active
CTRE8AEA01688,CUST100025874,Fixed Term,2018-04-02,12,2019-04-02,True,Expired
CTR70D9CE6717,CUST100008101,Month-to-Month,2018-01-02,12,2019-01-02,False,Expired
CTR32A3671FC2,CUST100069094,Fixed Term,2022-10-21,12,2023-10-21,False,Expired
CTR8AFB8839BF,CUST100074230,Fixed Term,2015-02-27,24,2017-02-27,False,Active
CTR690ABBEBD9,CUST100031523,Month-to-Month,2021-05-15,24,2023-05-15,False,Active
CTRE86C64E6E8,CUST100021045,Month-to-Month,2017-02-15,24,2019-02-15,False,Active
CTR4B31C68487,CUST100094743,Fixed Term,2023-11-01,12,2024-11-01,False,Active
CTRC5E50BA07C,CUST100023057,Month-to-Month,2018-01-08,12,2019-01-08,False,Active
CTR365B406BFF,CUST100007707,Month-to-Month,2019-03-07,12,2020-03-07,True,Active
CTR0FD6B0501C,CUST100090318,Month-to-Month,2020-11-16,12,2021-11-16,False,Active
CTR06A4B31FFE,CUST100065752,Month-to-Month,2024-01-12,0,,True,Active
CTR7D8CDD50DF,CUST100060477,Month-to-Month,2016-09-30,24,2018-09-30,False,Active
CTR87B903AD41,CUST100072456,Enterprise SLA,2020-06-27,0,,False,Terminated Early
CTRF7ACD75A93,CUST100072102,Fixed Term,2022-10-11,12,2023-10-11,False,Expired
CTRCC12A30CFC,CUST100004806,Fixed Term,2017-09-17,12,2018-09-17,True,Expired
CTRDD106D33A5,CUST100048473,Fixed Term,2020-11-03,36,2023-11-03,True,Active
CTRABAE84CD06,CUST100019118,Fixed Term,2019-01-09,0,,True,Active
CTR3278F4EB43,CUST100064838,Fixed Term,2019-12-25,24,2021-12-25,False,Active
CTRA7FE3BF164,CUST100085426,Fixed Term,2019-04-24,24,2021-04-24,False,Terminated Early
CTR14501E9CE7,CUST100005634,Fixed Term,2016-09-26,24,2018-09-26,True,Expired
CTREA56D691E1,CUST100070003,Month-to-Month,2019-02-03,0,,True,Terminated Early
CTRFFD757F629,CUST100022622,Month-to-Month,2019-11-30,0,,True,Pending Renewal
CTR0692556BE9,CUST100087591,Enterprise SLA,2019-07-24,0,,True,Active
CTRDDAEE58EDB,CUST100080225,Fixed Term,2024-03-11,0,,True,Pending Renewal
CTR3477E07499,CUST100088190,Month-to-Month,2016-10-28,24,2018-10-28,False,Expired
CTR8D95D293C5,CUST100024120,Month-to-Month,2016-10-06,24,2018-10-06,False,Active
CTR600F350E81,CUST100052907,Fixed Term,2018-11-07,12,2019-11-07,False,Active
CTR90C6DF437A,CUST100075629,Fixed Term,2018-04-12,24,2020-04-12,True,Active
CTR395E28EF3B,CUST100079578,Month-to-Month,2025-09-19,24,2027-09-19,True,Active
CTR89FFFD6C2A,CUST100046131,Month-to-Month,2016-07-15,24,2018-07-15,True,Expired
CTR13D5BDAF88,CUST100006485,Fixed Term,2024-10-04,0,,True,Active
CTR1127CE066E,CUST100050251,Month-to-Month,2022-05-13,0,,False,Active
CTRD7FA0ED0AC,CUST100018438,Fixed Term,2024-12-14,0,,True,Expired
CTRE00BC3F11C,CUST100069696,Fixed Term,2018-06-16,0,,False,Active
CTR72D674BC1C,CUST100022309,Fixed Term,2022-05-25,0,,True,Expired
CTRFA9762C105,CUST100084978,Fixed Term,2018-10-23,0,,True,Active
CTR80F3DFE3D1,CUST100008858,Month-to-Month,2015-07-12,12,2016-07-12,True,Active
CTRBB06352C28,CUST100073707,Enterprise SLA,2021-01-24,0,,True,Active
CTR5359651DAC,CUST100007550,Fixed Term,2022-12-01,0,,True,Active
CTRB6340D9B71,CUST100095408,Month-to-Month,2020-07-22,12,2021-07-22,True,Expired
CTR58EA1D9177,CUST100047348,Month-to-Month,2022-05-08,12,2023-05-08,True,Active
CTR042F0204BB,CUST100003864,Fixed Term,2024-06-18,12,2025-06-18,False,Expired
CTREEAE9F1A23,CUST100001247,Fixed Term,2022-02-12,12,2023-02-12,True,Active
CTR08182252AE,CUST100071573,Month-to-Month,2020-09-08,24,2022-09-08,False,Active
CTRCA61B709EC,CUST100012652,Fixed Term,2020-12-06,24,2022-12-06,True,Expired
CTR2F58552914,CUST100067650,Month-to-Month,2025-03-02,24,2027-03-02,True,Active
CTRA1D5D0A4F0,CUST100060750,Month-to-Month,2018-12-05,12,2019-12-05,False,Active
CTR5E2D7F9A2F,CUST100029974,Month-to-Month,2025-07-01,0,,False,Active
CTRE28458D2C6,CUST100082558,Month-to-Month,2016-01-18,12,2017-01-18,True,Expired
CTR02D9E93B90,CUST100053166,Fixed Term,2015-01-24,24,2017-01-24,True,Active
CTRD6DEAA6764,CUST100010850,Fixed Term,2016-07-29,24,2018-07-29,True,Active
CTR4EF11C12CB,CUST100091378,Fixed Term,2021-06-11,12,2022-06-11,False,Active
CTR163C104F2F,CUST100093876,Fixed Term,2025-03-01,24,2027-03-01,True,Active
CTR07EEF481D2,CUST100066739,Month-to-Month,2018-03-17,36,2021-03-17,True,Terminated Early
CTRCC45BA296D,CUST100045399,Enterprise SLA,2022-07-24,0,,True,Active
CTR97246BD078,CUST100045208,Month-to-Month,2020-07-03,12,2021-07-03,True,Active
CTRC256BAC40E,CUST100022254,Enterprise SLA,2018-05-17,0,,False,Active
CTR495D32F621,CUST100060247,Fixed Term,2019-05-26,0,,True,Active
CTRDA45BEEFA1,CUST100091438,Month-to-Month,2017-04-04,0,,False,Terminated Early
CTRC4A4FE1AD6,CUST100033740,Month-to-Month,2020-07-25,12,2021-07-25,True,Active
CTRED099933C1,CUST100064917,Fixed Term,2025-09-30,12,2026-09-30,True,Terminated Early
CTRAE9890D258,CUST100004844,Fixed Term,2025-02-05,24,2027-02-05,False,Active
CTR0F747EC0E0,CUST100074400,Month-to-Month,2016-09-12,0,,False,Active
CTR89137FBA59,CUST100068637,Month-to-Month,2015-10-13,12,2016-10-13,False,Active
CTRB4B5679693,CUST100079015,Month-to-Month,2022-09-10,0,,True,Active
CTR08BE749981,CUST100070384,Month-to-Month,2023-04-10,24,2025-04-10,True,Expired
CTR3300F75025,CUST100036200,Fixed Term,2016-09-18,24,2018-09-18,True,Active
CTRD9A1C5A865,CUST100095500,Month-to-Month,2018-02-28,12,2019-02-28,False,Pending Renewal
CTR7DE24243CD,CUST100017006,Month-to-Month,2024-10-09,24,2026-10-09,True,Active
CTR58675F1528,CUST100053170,Month-to-Month,2018-01-20,24,2020-01-20,True,Pending Renewal
CTR89DCCE6021,CUST100024057,Month-to-Month,2025-12-01,12,2026-12-01,True,Terminated Early
CTR4E52CCA307,CUST100016417,Fixed Term,2022-09-25,24,2024-09-25,False,Expired
CTRA24D74B855,CUST100090442,Fixed Term,2025-11-02,0,,True,Expired
CTR7FA053C841,CUST100021561,Fixed Term,2017-11-07,12,2018-11-07,True,Expired
CTR74E8AE886C,CUST100078127,Fixed Term,2018-11-15,24,2020-11-15,False,Active
CTRE3D85B0087,CUST100033965,Month-to-Month,2015-02-20,0,,False,Active
CTRAFD0A62B1C,CUST100023164,Month-to-Month,2015-01-28,0,,True,Active
CTR9D29CBB5D7,CUST100053372,Month-to-Month,2019-02-19,12,2020-02-19,False,Active
CTR2422A9CEA2,CUST100056017,Fixed Term,2021-07-31,36,2024-07-31,False,Active
CTR7F9251F4D3,CUST100019353,Fixed Term,2020-01-27,24,2022-01-27,True,Active
CTRF59DA84DF1,CUST100068969,Fixed Term,2025-05-16,12,2026-05-16,False,Active
CTR3843C407FC,CUST100007193,Month-to-Month,2016-04-27,24,2018-04-27,False,Active
CTRB6D6470051,CUST100045082,Month-to-Month,2024-03-10,0,,False,Active
CTR780AC85AFB,CUST100086847,Month-to-Month,2019-09-01,24,2021-09-01,True,Terminated Early
CTRFE92173A9D,CUST100002967,Month-to-Month,2024-12-11,24,2026-12-11,False,Active
CTRBE1D13ACC0,CUST100090610,Fixed Term,2020-10-08,24,2022-10-08,False,Active
CTRB00043B53E,CUST100047740,Month-to-Month,2018-03-02,24,2020-03-02,False,Active
CTR44A32C4E97,CUST100050755,Enterprise SLA,2021-09-13,12,2022-09-13,False,Active
CTRC6910D6CD3,CUST100076333,Fixed Term,2025-06-19,0,,True,Active
CTR9856287B1C,CUST100028945,Enterprise SLA,2025-02-01,24,2027-02-01,False,Expired
CTR5DC6CE5D4A,CUST100070173,Fixed Term,2015-06-15,12,2016-06-15,True,Pending Renewal
CTRA68E245153,CUST100034892,Month-to-Month,2018-07-29,24,2020-07-29,True,Active
CTRB3719C6966,CUST100039967,Month-to-Month,2017-09-05,12,2018-09-05,True,Active
CTRCFC2A8975E,CUST100034244,Fixed Term,2024-07-30,12,2025-07-30,False,Expired
CTRA527758481,CUST100005063,Month-to-Month,2021-04-03,12,2022-04-03,False,Active
CTR5006C52B0E,CUST100035913,Month-to-Month,2024-01-03,24,2026-01-03,False,Active
CTREC112914E2,CUST100065739,Month-to-Month,2016-02-17,0,,False,Active
CTRC7B35C4AB0,CUST100050239,Month-to-Month,2025-01-31,0,,False,Active
CTR709DB12D04,CUST100046621,Fixed Term,2016-08-30,24,2018-08-30,False,Active
CTR6C237C7C71,CUST100051489,Fixed Term,2021-04-16,12,2022-04-16,True,Active
CTRD82A5DCE67,CUST100039559,Fixed Term,2016-12-15,12,2017-12-15,False,Active
CTRCC03182103,CUST100058448,Fixed Term,2025-06-03,12,2026-06-03,True,Pending Renewal
CTRC8DBCF8492,CUST100097895,Month-to-Month,2019-04-15,12,2020-04-15,False,Expired
CTR2553C93445,CUST100087840,Month-to-Month,2025-12-18,12,2026-12-18,False,Active
CTR47F0CDBE09,CUST100081530,Month-to-Month,2016-10-17,12,2017-10-17,False,Active
CTR9DBB3FF734,CUST100066667,Fixed Term,2017-05-02,12,2018-05-02,True,Expired
CTR5F4AD934A2,CUST100043803,Month-to-Month,2017-01-29,24,2019-01-29,True,Active
CTR0935788FAF,CUST100083312,Month-to-Month,2019-09-14,0,,True,Active
CTR0A22D9A594,CUST100022130,Month-to-Month,2015-10-16,12,2016-10-16,True,Active
CTR53B484D528,CUST100012987,Month-to-Month,2017-11-28,12,2018-11-28,False,Active
CTRD30E2E5036,CUST100054887,Fixed Term,2025-09-23,0,,False,Active
CTR6C1CC42F0D,CUST100002696,Fixed Term,2016-08-26,0,,False,Active
CTRD0DBFC9FB4,CUST100045037,Fixed Term,2015-09-28,0,,True,Active
CTR7ED3EBDD7B,CUST100068874,Month-to-Month,2017-04-09,0,,True,Terminated Early
CTR51AFD4845E,CUST100067280,Month-to-Month,2020-07-24,0,,True,Expired
CTRD80CAAD0D7,CUST100021810,Fixed Term,2015-07-29,36,2018-07-29,True,Active
CTRC847FEC055,CUST100004021,Month-to-Month,2020-11-28,0,,True,Active
CTRFAF20E4699,CUST100078806,Fixed Term,2019-01-16,36,2022-01-16,False,Active
CTR1D6E4014E6,CUST100094620,Month-to-Month,2023-10-06,24,2025-10-06,True,Active
CTRB3E5311B06,CUST100070501,Fixed Term,2025-02-04,24,2027-02-04,False,Active
CTR52E04450D3,CUST100040734,Month-to-Month,2021-12-26,12,2022-12-26,False,Active
CTRA2904DC3F6,CUST100003298,Month-to-Month,2020-08-09,12,2021-08-09,True,Active
CTRFDF411D895,CUST100079818,Month-to-Month,2018-04-24,0,,False,Active
CTR48A69A45EF,CUST100087465,Month-to-Month,2023-02-24,12,2024-02-24,True,Active
CTR755BE585C2,CUST100018705,Fixed Term,2023-11-17,36,2026-11-17,True,Terminated Early
CTR0AA48533BF,CUST100017687,Fixed Term,2017-11-12,0,,True,Active
CTR630FA61D8B,CUST100034625,Fixed Term,2023-06-25,0,,False,Terminated Early
CTR5EDDA7B912,CUST100007726,Fixed Term,2022-12-02,24,2024-12-02,True,Active
CTR2A1224FBB1,CUST100050422,Month-to-Month,2017-01-23,0,,False,Active
CTR19E93754E6,CUST100069190,Fixed Term,2019-08-03,0,,True,Pending Renewal
CTR67FB510568,CUST100069263,Fixed Term,2023-07-22,36,2026-07-22,True,Active
CTR82F5FF0ECD,CUST100053192,Month-to-Month,2025-05-30,12,2026-05-30,False,Terminated Early
CTRD15558197F,CUST100050869,Fixed Term,2019-05-03,24,2021-05-03,False,Expired
CTR4AD391CAC5,CUST100045619,Month-to-Month,2019-01-29,0,,False,Active
CTR5829CD6409,CUST100091386,Fixed Term,2021-10-26,0,,True,Active
CTR0A3F5D1B05,CUST100060962,Fixed Term,2023-11-30,12,2024-11-30,False,Active
CTR79A93CA00E,CUST100014549,Month-to-Month,2024-06-15,12,2025-06-15,False,Terminated Early
CTR34D1FEABE1,CUST100017420,Enterprise SLA,2018-04-21,12,2019-04-21,False,Active
CTR48028DBB71,CUST100068706,Month-to-Month,2023-12-08,12,2024-12-08,False,Active
CTR22396615FF,CUST100068486,Fixed Term,2023-11-03,24,2025-11-03,False,Active
CTRDB0FF050DB,CUST100015871,Enterprise SLA,2017-10-14,0,,False,Active
CTRB44E743BDD,CUST100071439,Fixed Term,2019-04-15,0,,True,Terminated Early
CTR225D54ECF3,CUST100002029,Fixed Term,2018-11-30,12,2019-11-30,False,Active
CTR9500D88962,CUST100092456,Month-to-Month,2025-12-17,0,,False,Active
CTR9DA714DCA6,CUST100057414,Fixed Term,2021-04-05,0,,False,Active
CTR01B8FE4067,CUST100020110,Month-to-Month,2017-11-19,24,2019-11-19,False,Active
CTR70301A1207,CUST100003738,Month-to-Month,2020-01-10,0,,True,Active
CTR19C37681ED,CUST100031141,Month-to-Month,2025-09-09,24,2027-09-09,True,Active
CTR4A36A3B87F,CUST100019537,Month-to-Month,2015-08-23,24,2017-08-23,False,Active
CTRCF668F9AFD,CUST100003095,Month-to-Month,2015-06-10,24,2017-06-10,True,Active
CTR8AE0E62B2A,CUST100070781,Month-to-Month,2019-05-04,12,2020-05-04,False,Active
CTRC438979C24,CUST100012377,Fixed Term,2025-05-12,12,2026-05-12,False,Active
CTRE555B35C26,CUST100072367,Fixed Term,2025-02-12,0,,False,Pending Renewal
CTR671A363B2A,CUST100069583,Month-to-Month,2021-05-28,24,2023-05-28,True,Active
CTR15E7F441E7,CUST100063792,Fixed Term,2020-02-15,0,,False,Active
CTR503B347369,CUST100017775,Month-to-Month,2016-07-31,36,2019-07-31,False,Expired
CTRB98D79A2FA,CUST100056530,Fixed Term,2020-11-29,0,,True,Active
CTR16ECC20500,CUST100042200,Enterprise SLA,2016-06-20,0,,False,Active
CTRA22CCDCCDC,CUST100054808,Month-to-Month,2015-06-01,36,2018-06-01,False,Expired
CTR3BECE5E837,CUST100033958,Fixed Term,2024-11-08,12,2025-11-08,True,Active
CTR29E14C1CB4,CUST100094508,Month-to-Month,2024-03-09,12,2025-03-09,True,Terminated Early
CTR4DEE639700,CUST100095082,Month-to-Month,2019-01-18,12,2020-01-18,True,Active
CTRD6999FAD26,CUST100023856,Fixed Term,2019-11-18,24,2021-11-18,False,Terminated Early
CTR319D5ED9EA,CUST100034720,Fixed Term,2023-10-29,12,2024-10-29,False,Expired
CTR6CC228C333,CUST100084342,Fixed Term,2020-03-03,0,,True,Active
CTRC4A87B93D3,CUST100081775,Fixed Term,2023-12-03,0,,True,Active
CTRE202801F25,CUST100062344,Month-to-Month,2017-08-28,12,2018-08-28,True,Expired
CTRB4DC5A91B8,CUST100074224,Month-to-Month,2017-02-14,24,2019-02-14,False,Active
CTR5D437E8E37,CUST100091499,Fixed Term,2017-06-25,24,2019-06-25,False,Active
CTRB589EA3C12,CUST100011165,Month-to-Month,2025-07-18,12,2026-07-18,True,Active
CTR110F59DFA1,CUST100000891,Month-to-Month,2015-02-22,24,2017-02-22,False,Pending Renewal
CTRADBDA28AF8,CUST100058901,Fixed Term,2020-05-03,24,2022-05-03,True,Terminated Early
CTRC67EE5E67A,CUST100064683,Fixed Term,2023-08-28,0,,True,Terminated Early
CTRD621552A0C,CUST100096227,Fixed Term,2017-02-15,0,,True,Active
CTR1701AAC645,CUST100010772,Fixed Term,2017-07-19,12,2018-07-19,False,Active
CTR984058281C,CUST100011366,Fixed Term,2021-10-28,12,2022-10-28,True,Active
CTR5A5B9ADB2C,CUST100013709,Month-to-Month,2019-09-29,0,,True,Expired
CTR35DE810DA4,CUST100052237,Month-to-Month,2025-02-21,0,,False,Active
CTRDA73E378FE,CUST100064677,Fixed Term,2015-04-26,12,2016-04-26,True,Expired
CTRF0940456D5,CUST100079531,Fixed Term,2017-11-04,24,2019-11-04,False,Active
CTRD69194A851,CUST100020961,Fixed Term,2018-02-20,0,,False,Active
CTR6CF494DAD9,CUST100074022,Enterprise SLA,2024-04-26,24,2026-04-26,True,Terminated Early
CTR77DE3416E6,CUST100081502,Month-to-Month,2025-11-13,12,2026-11-13,False,Expired
CTR26B40BD2BA,CUST100000293,Month-to-Month,2023-10-16,12,2024-10-16,False,Active
CTR7AD34C5C62,CUST100095585,Fixed Term,2025-05-15,24,2027-05-15,True,Active
CTR411393B7E3,CUST100058409,Fixed Term,2025-06-02,12,2026-06-02,False,Active
CTRD572516B29,CUST100063334,Fixed Term,2025-12-03,36,2028-12-03,False,Expired
CTR11D286E4D8,CUST100093865,Fixed Term,2017-05-04,24,2019-05-04,True,Active
CTRBE63573C9E,CUST100024243,Fixed Term,2024-08-30,0,,True,Active
CTRFCD3F98586,CUST100013821,Fixed Term,2024-12-25,0,,False,Active
CTRCAB9750AF1,CUST100017588,Month-to-Month,2025-08-06,36,2028-08-06,True,Active
CTR6975A7E701,CUST100047913,Month-to-Month,2024-06-13,0,,True,Expired
CTRF3C6DF4F81,CUST100047553,Month-to-Month,2021-04-21,24,2023-04-21,True,Active
CTRAE6EE66437,CUST100044930,Fixed Term,2021-12-13,0,,True,Active
CTRB55DD7F434,CUST100083133,Enterprise SLA,2017-11-17,24,2019-11-17,True,Terminated Early
CTRA4D6433C34,CUST100015396,Month-to-Month,2015-07-15,12,2016-07-15,True,Terminated Early
CTRF22D3429F0,CUST100017836,Fixed Term,2020-04-17,24,2022-04-17,True,Active
CTR2922BF9DA0,CUST100072301,Month-to-Month,2024-05-16,0,,False,Active
CTR664437AA05,CUST100039708,Month-to-Month,2018-01-14,12,2019-01-14,False,Active
CTR83BCA07BCF,CUST100028429,Fixed Term,2019-12-20,24,2021-12-20,True,Terminated Early
CTRA078921D92,CUST100015132,Fixed Term,2019-02-15,12,2020-02-15,True,Active
CTR2D918E20F6,CUST100050114,Month-to-Month,2020-09-22,0,,False,Active
CTR53D93D0D48,CUST100015912,Fixed Term,2021-12-03,12,2022-12-03,False,Active
CTRF01CCFDDAD,CUST100019249,Fixed Term,2022-08-10,12,2023-08-10,True,Active
CTRC291D41781,CUST100039129,Month-to-Month,2024-10-03,0,,False,Pending Renewal
CTR1351947241,CUST100032898,Month-to-Month,2024-12-18,12,2025-12-18,False,Active
CTR4E02D5FC30,CUST100026233,Month-to-Month,2019-05-06,24,2021-05-06,True,Terminated Early
CTRAD5E0F6326,CUST100032653,Month-to-Month,2016-05-10,12,2017-05-10,False,Active
CTR3485D3743E,CUST100010478,Month-to-Month,2019-12-27,12,2020-12-27,False,Active
CTRE125605A7D,CUST100053978,Month-to-Month,2018-08-12,24,2020-08-12,True,Active
CTR29C3C5200A,CUST100070046,Month-to-Month,2020-02-16,24,2022-02-16,False,Active
CTRB06A19BE18,CUST100097589,Fixed Term,2023-12-16,0,,False,Active
CTR74350220AC,CUST100080374,Month-to-Month,2025-06-04,12,2026-06-04,False,Active
CTRE3C375C1D1,CUST100035841,Fixed Term,2025-05-15,24,2027-05-15,False,Active
CTRAA7346CBD1,CUST100051791,Fixed Term,2022-06-12,0,,True,Active
CTR22AE371BCB,CUST100020997,Fixed Term,2024-10-21,24,2026-10-21,True,Terminated Early
CTR65AB001CAC,CUST100060222,Fixed Term,2020-03-01,0,,True,Active
CTR86627035A1,CUST100029801,Fixed Term,2024-11-21,12,2025-11-21,False,Pending Renewal
CTR178B0C969B,CUST100065304,Fixed Term,2019-10-30,24,2021-10-30,False,Active
CTR06572FC237,CUST100081078,Month-to-Month,2018-08-29,12,2019-08-29,False,Active
CTRA833286E8A,CUST100047941,Fixed Term,2018-08-29,12,2019-08-29,True,Active
CTRAE678210BD,CUST100096320,Month-to-Month,2023-08-04,0,,False,Expired
CTRDD83BFBC37,CUST100076046,Fixed Term,2021-03-20,0,,True,Active
CTR677742C800,CUST100086548,Month-to-Month,2025-09-22,24,2027-09-22,True,Active
CTR672DA1225D,CUST100044123,Month-to-Month,2022-02-03,24,2024-02-03,False,Active
CTR06BFD57354,CUST100024251,Month-to-Month,2020-01-11,24,2022-01-11,True,Active
CTRFA3CB23BA2,CUST100025104,Month-to-Month,2016-06-16,0,,True,Active
CTRC7430AF3BD,CUST100051317,Month-to-Month,2021-04-08,12,2022-04-08,True,Terminated Early
CTRB435D193BE,CUST100062964,Month-to-Month,2022-12-12,24,2024-12-12,False,Terminated Early
CTRB1FFF3C009,CUST100029134,Fixed Term,2021-09-09,24,2023-09-09,True,Terminated Early
CTR9D79872176,CUST100024449,Fixed Term,2022-07-31,12,2023-07-31,True,Active
CTRFE2B825F42,CUST100096818,Month-to-Month,2018-09-15,24,2020-09-15,False,Expired
CTR2FD3A474A7,CUST100081173,Fixed Term,2019-09-01,12,2020-09-01,False,Pending Renewal
CTRB9B20D7651,CUST100089882,Fixed Term,2018-09-12,12,2019-09-12,True,Terminated Early
CTR2D2F9262B6,CUST100036477,Fixed Term,2023-06-24,12,2024-06-24,False,Active
CTRA7005817A9,CUST100007223,Fixed Term,2024-05-01,0,,True,Expired
CTR59B802E852,CUST100035759,Fixed Term,2018-05-16,12,2019-05-16,False,Active
CTR3D3E68AD50,CUST100075284,Month-to-Month,2021-01-13,36,2024-01-13,False,Active
CTR719BB217A4,CUST100084188,Month-to-Month,2017-05-02,12,2018-05-02,False,Expired
CTR7B5081C730,CUST100009922,Fixed Term,2018-11-30,24,2020-11-30,True,Active
CTR537B81B152,CUST100034943,Month-to-Month,2022-10-01,12,2023-10-01,True,Expired
CTR84AB03CA39,CUST100018721,Fixed Term,2024-03-22,36,2027-03-22,True,Expired
CTR04BC1FA51B,CUST100034882,Fixed Term,2025-07-24,0,,True,Active
CTR485E995450,CUST100043349,Fixed Term,2021-09-18,0,,False,Active
CTR3B6295DFED,CUST100075932,Month-to-Month,2020-02-18,24,2022-02-18,True,Active
CTR135FEAC06A,CUST100007996,Month-to-Month,2023-05-26,12,2024-05-26,True,Active
CTRBDFDDDA533,CUST100054581,Month-to-Month,2018-11-30,12,2019-11-30,True,Active
CTRDAD9F7CEC5,CUST100020182,Fixed Term,2018-06-10,0,,False,Terminated Early
CTR2438A8B094,CUST100045951,Fixed Term,2018-04-23,12,2019-04-23,True,Active
CTRDA80CB03F9,CUST100048707,Month-to-Month,2020-10-28,0,,True,Expired
CTRFAD853B0FC,CUST100086089,Fixed Term,2017-09-14,0,,True,Active
CTRBDFC2A7D05,CUST100089601,Fixed Term,2023-10-25,36,2026-10-25,True,Active
CTRB59730B3BF,CUST100021977,Fixed Term,2017-07-20,0,,True,Active
CTR46E8C680CF,CUST100060369,Fixed Term,2021-11-19,0,,False,Active
CTR186D7D150A,CUST100024646,Fixed Term,2019-03-10,12,2020-03-10,False,Active
CTRD23D2E64ED,CUST100031049,Fixed Term,2015-06-24,24,2017-06-24,True,Terminated Early
CTR2D44C5F2BE,CUST100059711,Fixed Term,2019-11-13,24,2021-11-13,True,Active
CTR2D732EFA41,CUST100027712,Month-to-Month,2023-07-07,24,2025-07-07,True,Active
CTR9E5AC2517F,CUST100039870,Month-to-Month,2024-03-25,0,,False,Terminated Early
CTRCD6428A0CA,CUST100092478,Fixed Term,2021-12-07,0,,True,Active
CTRA0983B2AE6,CUST100099095,Enterprise SLA,2017-03-13,12,2018-03-13,False,Active
CTRBB8A7E72F6,CUST100049988,Fixed Term,2018-07-30,24,2020-07-30,False,Active
CTRA0B87FD62D,CUST100086366,Fixed Term,2024-12-22,0,,True,Active
CTR83F7FF46FD,CUST100047294,Month-to-Month,2023-08-04,24,2025-08-04,True,Active
CTRA773D29187,CUST100053481,Fixed Term,2018-11-13,0,,True,Active
CTR5138B3D114,CUST100068539,Month-to-Month,2021-01-08,12,2022-01-08,False,Expired
CTRC056F6DE0D,CUST100064327,Fixed Term,2019-02-28,12,2020-02-28,True,Expired
CTRBEA780A66D,CUST100000072,Fixed Term,2015-12-03,24,2017-12-03,True,Terminated Early
CTR8F23B6D13C,CUST100070134,Fixed Term,2020-05-29,24,2022-05-29,True,Active
CTRF58868482E,CUST100047023,Fixed Term,2015-08-27,12,2016-08-27,False,Active
CTR2D08A7465A,CUST100035948,Fixed Term,2019-11-19,24,2021-11-19,True,Active
CTRE74C76F6AE,CUST100099005,Fixed Term,2023-05-22,0,,True,Expired
CTR906EBA9821,CUST100078569,Month-to-Month,2019-04-14,24,2021-04-14,True,Active
CTRBF4C86BDF4,CUST100012317,Fixed Term,2022-02-26,0,,True,Active
CTRBB07C01053,CUST100062853,Fixed Term,2015-10-05,0,,True,Active
CTR5CB36E2524,CUST100093626,Fixed Term,2019-05-10,0,,True,Active
CTR37E84FDA92,CUST100027219,Month-to-Month,2016-01-17,36,2019-01-17,True,Expired
CTRBEF8A5935F,CUST100022673,Fixed Term,2020-10-07,12,2021-10-07,True,Active
CTR74BE368EC9,CUST100095065,Fixed Term,2016-03-23,12,2017-03-23,True,Active
CTR81E7C14B24,CUST100008137,Month-to-Month,2020-12-16,12,2021-12-16,False,Active
CTR8D680411FB,CUST100012740,Month-to-Month,2018-12-20,24,2020-12-20,True,Active
CTR08F368FB5A,CUST100009866,Month-to-Month,2018-11-05,12,2019-11-05,False,Active
CTR86540EADFE,CUST100056720,Fixed Term,2021-02-10,0,,True,Active
CTRC748203797,CUST100090851,Month-to-Month,2015-12-31,12,2016-12-31,True,Active
CTR7F17E8FA02,CUST100019947,Fixed Term,2025-07-02,24,2027-07-02,False,Active
CTR3ECAAE53FD,CUST100041639,Enterprise SLA,2018-11-12,12,2019-11-12,False,Active
CTR2D1D9A9204,CUST100006174,Month-to-Month,2020-09-18,0,,False,Active
CTRB206BB0EA5,CUST100014878,Fixed Term,2018-10-10,24,2020-10-10,False,Active
CTR7B86116744,CUST100075714,Fixed Term,2015-08-12,24,2017-08-12,False,Active
CTR6CD21551DA,CUST100088376,Month-to-Month,2022-04-16,24,2024-04-16,False,Terminated Early
CTR795AE36630,CUST100075137,Fixed Term,2018-01-02,24,2020-01-02,True,Terminated Early
CTRB61030EF09,CUST100062681,Fixed Term,2015-09-28,24,2017-09-28,False,Pending Renewal
CTR902CA21FB1,CUST100071727,Fixed Term,2019-12-01,24,2021-12-01,True,Active
CTRE826798529,CUST100068607,Month-to-Month,2020-04-13,12,2021-04-13,False,Expired
CTR949C52048F,CUST100025087,Fixed Term,2016-11-26,0,,False,Active
CTR1EE0E61F80,CUST100098371,Fixed Term,2023-09-24,0,,True,Expired
CTRDBCF1F034B,CUST100088529,Fixed Term,2025-11-09,12,2026-11-09,True,Pending Renewal
CTR2D634DA983,CUST100037065,Month-to-Month,2018-07-12,24,2020-07-12,True,Expired
CTRC3BCA793F6,CUST100064363,Month-to-Month,2017-02-18,0,,True,Active
CTRE78380C6BF,CUST100035056,Month-to-Month,2017-04-21,0,,True,Terminated Early
CTR70B83A9348,CUST100062628,Month-to-Month,2024-12-25,12,2025-12-25,True,Active
CTR7211956F9A,CUST100042954,Month-to-Month,2015-06-04,24,2017-06-04,False,Active
CTRF80C571A0F,CUST100014631,Fixed Term,2021-05-20,24,2023-05-20,True,Active
CTRFDBD79D5F2,CUST100051398,Fixed Term,2023-04-04,12,2024-04-04,True,Active
CTRA8BA9E3CB7,CUST100089184,Month-to-Month,2018-03-31,24,2020-03-31,True,Active
CTRAAAE3C2E46,CUST100094718,Fixed Term,2020-11-21,24,2022-11-21,False,Active
CTR9AB82516ED,CUST100094244,Month-to-Month,2016-12-29,24,2018-12-29,True,Active
CTRD91EB0D13D,CUST100087582,Month-to-Month,2025-03-31,24,2027-03-31,False,Active
CTR673BF56733,CUST100073285,Month-to-Month,2016-03-21,0,,True,Active
CTRCDA70EDD6D,CUST100045898,Fixed Term,2021-11-15,0,,True,Active
CTR15D2FCE089,CUST100055506,Fixed Term,2019-04-30,0,,False,Active
CTR9ECC8A7C95,CUST100086155,Month-to-Month,2017-05-29,12,2018-05-29,False,Active
CTR5730363BF8,CUST100070045,Month-to-Month,2020-06-08,12,2021-06-08,True,Active
CTR9BCD194E66,CUST100058066,Month-to-Month,2019-07-24,24,2021-07-24,False,Active
CTRE65909DBD6,CUST100029712,Month-to-Month,2021-07-13,24,2023-07-13,True,Active
CTRE5A09A7D35,CUST100006576,Month-to-Month,2023-06-03,0,,True,Active
CTRFDCA8B8AF0,CUST100006125,Month-to-Month,2020-07-30,0,,True,Active
CTRF2B86BBCF2,CUST100029531,Fixed Term,2020-04-09,24,2022-04-09,False,Active
CTR5B65A2F890,CUST100041612,Fixed Term,2015-10-23,12,2016-10-23,True,Active
CTRFA872F9383,CUST100059367,Enterprise SLA,2015-03-07,12,2016-03-07,True,Active
CTR1402E46B32,CUST100033422,Month-to-Month,2017-02-01,24,2019-02-01,True,Active
CTR2FE8CF0E4D,CUST100098212,Fixed Term,2023-01-20,12,2024-01-20,False,Active
CTR5B44D5C358,CUST100089938,Fixed Term,2017-08-13,24,2019-08-13,False,Active
CTRECD3D827D8,CUST100042996,Fixed Term,2018-08-05,12,2019-08-05,False,Active
CTR9BBA24F45F,CUST100031195,Fixed Term,2024-10-18,12,2025-10-18,False,Active
CTRE7B728588B,CUST100065036,Month-to-Month,2025-12-28,36,2028-12-28,True,Expired
CTRD0294956E5,CUST100076852,Fixed Term,2020-11-06,24,2022-11-06,False,Expired
CTRCEB12A8E66,CUST100052967,Fixed Term,2024-10-16,24,2026-10-16,False,Terminated Early
CTR3815BD3946,CUST100076885,Fixed Term,2023-04-06,0,,True,Active
CTR348CF16A6F,CUST100081070,Fixed Term,2019-06-07,12,2020-06-07,True,Active
CTRCA080C030A,CUST100081324,Fixed Term,2018-02-14,0,,True,Active
CTR4EDD9D91BF,CUST100016967,Fixed Term,2015-06-09,12,2016-06-09,True,Active
CTR297AF1C035,CUST100039832,Fixed Term,2024-01-27,24,2026-01-27,True,Active
CTR131229B907,CUST100007787,Fixed Term,2018-10-28,12,2019-10-28,True,Terminated Early
CTRFF109CB2B9,CUST100092175,Fixed Term,2018-03-22,24,2020-03-22,False,Active
CTRC4B932D6FA,CUST100092855,Enterprise SLA,2016-06-23,12,2017-06-23,True,Active
CTR69EF3CF866,CUST100042892,Month-to-Month,2024-01-29,24,2026-01-29,True,Active
CTRB5A583A882,CUST100004395,Fixed Term,2019-02-21,0,,True,Active
CTR0FF3B4D561,CUST100063165,Month-to-Month,2025-11-24,24,2027-11-24,True,Expired
CTRAE6BD647F7,CUST100094986,Fixed Term,2019-09-04,0,,False,Expired
CTR414805E730,CUST100030518,Month-to-Month,2018-04-10,24,2020-04-10,True,Active
CTR54C1D926B7,CUST100048618,Month-to-Month,2020-10-03,12,2021-10-03,True,Expired
CTR54F116EF7E,CUST100058237,Month-to-Month,2017-07-25,0,,True,Expired
CTR6807608B1D,CUST100023525,Fixed Term,2017-08-27,36,2020-08-27,True,Active
CTRA2B7EEB4F0,CUST100058047,Month-to-Month,2015-09-15,12,2016-09-15,False,Active
CTR96BF1CDDCF,CUST100014701,Fixed Term,2022-09-29,36,2025-09-29,False,Expired
CTR41ADDB7305,CUST100031283,Fixed Term,2020-08-18,24,2022-08-18,True,Active
CTRF6036CC204,CUST100052472,Month-to-Month,2020-05-10,0,,True,Active
CTR70CDD9103E,CUST100082258,Fixed Term,2015-04-02,12,2016-04-02,False,Active
CTR83C7E8A5D5,CUST100082690,Month-to-Month,2021-03-30,0,,True,Active
CTRC88158AD76,CUST100075135,Fixed Term,2022-07-15,0,,False,Active
CTR71899F412F,CUST100031444,Month-to-Month,2015-07-19,0,,True,Expired
CTRA99FD82B91,CUST100024938,Fixed Term,2019-05-22,24,2021-05-22,True,Active
CTR705007EDD1,CUST100020208,Month-to-Month,2023-11-18,24,2025-11-18,True,Pending Renewal
CTRE462E30E8F,CUST100012989,Fixed Term,2022-02-15,0,,False,Active
CTR88DA657A67,CUST100013296,Month-to-Month,2020-02-24,24,2022-02-24,True,Active
CTRBACDBF2701,CUST100002470,Fixed Term,2019-05-20,0,,True,Active
CTR5ABE602266,CUST100070219,Month-to-Month,2017-07-08,24,2019-07-08,True,Active
CTRB86B735336,CUST100004302,Month-to-Month,2015-04-03,12,2016-04-03,True,Active
CTR3D4F7950B4,CUST100045117,Fixed Term,2016-07-28,0,,False,Expired
CTRB2760B25B6,CUST100020306,Fixed Term,2022-10-02,24,2024-10-02,True,Active
CTRE1F5572B7B,CUST100029731,Fixed Term,2023-12-27,0,,True,Active
CTR6B8CE8DDFD,CUST100063845,Fixed Term,2021-01-29,12,2022-01-29,False,Pending Renewal
CTR3BB1E03FA1,CUST100033033,Fixed Term,2024-09-05,24,2026-09-05,True,Active
CTRB7F95D5603,CUST100052390,Fixed Term,2024-09-05,0,,False,Active
CTRDFF08E3087,CUST100081521,Month-to-Month,2023-11-29,24,2025-11-29,True,Active
CTR595413B915,CUST100067841,Month-to-Month,2015-05-16,0,,True,Active
CTR76A7AF7F82,CUST100022552,Fixed Term,2021-05-03,12,2022-05-03,True,Active
CTRBB34E92004,CUST100081138,Month-to-Month,2017-02-04,0,,False,Active
CTRF5619982E1,CUST100045151,Fixed Term,2019-03-18,12,2020-03-18,True,Active
CTR8C7D56CEDE,CUST100053704,Month-to-Month,2024-03-17,12,2025-03-17,False,Terminated Early
CTR8E45BE13BD,CUST100016301,Fixed Term,2023-07-11,0,,True,Expired
CTRDBB2F847D0,CUST100044461,Fixed Term,2015-06-22,0,,False,Active
CTRDAC95B00ED,CUST100046403,Fixed Term,2020-08-19,24,2022-08-19,True,Pending Renewal
CTR0669520FAD,CUST100058002,Fixed Term,2015-12-28,12,2016-12-28,True,Active
CTR5281F3C953,CUST100064489,Fixed Term,2020-04-22,24,2022-04-22,True,Active
CTR70C96D0757,CUST100022453,Month-to-Month,2020-01-18,0,,True,Active
CTRF5662996D8,CUST100009424,Fixed Term,2016-05-04,0,,True,Expired
CTRD0D064E8C1,CUST100092833,Fixed Term,2017-02-09,24,2019-02-09,False,Pending Renewal
CTREED604741C,CUST100034148,Month-to-Month,2023-12-06,12,2024-12-06,True,Active
CTREA9EB9A815,CUST100036081,Fixed Term,2018-02-08,12,2019-02-08,True,Active
CTR14CEFB4082,CUST100014069,Month-to-Month,2025-10-07,24,2027-10-07,True,Expired
CTRD35CC0A8E1,CUST100061644,Fixed Term,2025-12-19,12,2026-12-19,False,Active
CTRBABDF01D39,CUST100044425,Month-to-Month,2015-02-20,12,2016-02-20,False,Active
CTRE67A9A3BED,CUST100044541,Fixed Term,2024-08-16,24,2026-08-16,False,Active
CTR7E48F3D36B,CUST100070649,Month-to-Month,2021-03-28,24,2023-03-28,True,Pending Renewal
CTR4839AF1483,CUST100072873,Fixed Term,2023-10-23,0,,True,Active
CTRCA4C724163,CUST100039583,Month-to-Month,2022-08-29,0,,True,Terminated Early
CTR24919751E1,CUST100058559,Fixed Term,2022-09-13,24,2024-09-13,False,Active
CTR378660FB88,CUST100094682,Fixed Term,2017-07-29,24,2019-07-29,False,Expired
CTR93990F650B,CUST100027193,Fixed Term,2021-12-09,0,,True,Expired
CTR91E41BD1A0,CUST100026917,Fixed Term,2015-08-25,24,2017-08-25,True,Active
CTRF8D3C4586B,CUST100073962,Fixed Term,2020-07-29,24,2022-07-29,True,Active
CTR346658B1A9,CUST100077919,Month-to-Month,2020-11-01,0,,True,Active
CTR515EEE1D04,CUST100031599,Month-to-Month,2018-08-13,24,2020-08-13,True,Terminated Early
CTR0C4F94A248,CUST100076231,Month-to-Month,2021-02-21,24,2023-02-21,True,Active
CTR6998A401DB,CUST100074442,Fixed Term,2019-10-02,12,2020-10-02,False,Expired
CTRB64ACAAC4D,CUST100027328,Month-to-Month,2024-08-08,0,,True,Active
CTR549E1434FE,CUST100017780,Month-to-Month,2016-12-11,12,2017-12-11,False,Terminated Early
CTR74CBFA7D48,CUST100005649,Fixed Term,2020-07-03,24,2022-07-03,False,Active
CTRCE456EB080,CUST100084278,Fixed Term,2019-09-21,0,,False,Active
CTR4F49A08CE3,CUST100007148,Enterprise SLA,2025-07-23,0,,False,Active
CTR1CC283CE84,CUST100018605,Fixed Term,2020-04-29,12,2021-04-29,False,Active
CTR44BE6F7FEC,CUST100032535,Enterprise SLA,2022-01-07,12,2023-01-07,True,Active
CTR4030A3A41C,CUST100072083,Month-to-Month,2020-02-29,24,2022-02-28,True,Pending Renewal
CTR3B98BF36C8,CUST100059871,Fixed Term,2019-05-26,0,,False,Active
CTRB49CB65CE6,CUST100071285,Month-to-Month,2015-12-21,12,2016-12-21,True,Active
CTR8D2183D10D,CUST100041188,Fixed Term,2020-07-30,24,2022-07-30,False,Active
CTR15270FEE6F,CUST100043831,Month-to-Month,2015-06-06,12,2016-06-06,False,Active
CTR23A68EE457,CUST100004603,Fixed Term,2020-03-30,0,,True,Active
CTR56547DC32D,CUST100084840,Fixed Term,2017-07-25,12,2018-07-25,True,Expired
CTRBBBDEE43D9,CUST100043799,Fixed Term,2017-02-27,12,2018-02-27,False,Active
CTRE0AEAA5B17,CUST100071687,Fixed Term,2022-05-07,0,,True,Expired
CTR0C12C8951C,CUST100020914,Fixed Term,2025-07-18,12,2026-07-18,False,Expired
CTRBD4AAA00C1,CUST100021735,Fixed Term,2018-03-15,36,2021-03-15,False,Active
CTR4136F1D739,CUST100042126,Fixed Term,2020-03-03,24,2022-03-03,False,Active
CTRD93C94FD67,CUST100046632,Month-to-Month,2020-05-26,0,,True,Active
CTR6FC79E3B2F,CUST100034482,Fixed Term,2024-02-24,12,2025-02-24,True,Active
CTR311F83E61C,CUST100012325,Fixed Term,2016-11-05,12,2017-11-05,True,Terminated Early
CTRACC027FDB3,CUST100029797,Fixed Term,2022-05-12,12,2023-05-12,True,Expired
CTR52C5341DA6,CUST100078176,Month-to-Month,2017-02-05,24,2019-02-05,True,Terminated Early
CTRE71080DDD6,CUST100006470,Fixed Term,2020-03-17,0,,True,Expired
CTRC623578430,CUST100067067,Fixed Term,2018-01-24,12,2019-01-24,True,Active
CTRAB309FE2CE,CUST100077875,Month-to-Month,2018-03-23,24,2020-03-23,False,Active
CTR7823C3484B,CUST100005478,Month-to-Month,2020-02-15,24,2022-02-15,True,Active
CTRDB2BA7F39E,CUST100099012,Month-to-Month,2018-04-07,0,,False,Active
CTRD95A72135E,CUST100050244,Fixed Term,2017-02-05,24,2019-02-05,False,Active
CTRCF0E4892C2,CUST100031514,Month-to-Month,2024-07-19,0,,False,Active
CTRCE2E1EE546,CUST100057951,Enterprise SLA,2022-07-14,12,2023-07-14,False,Active
CTR62D0A5C4B9,CUST100087576,Fixed Term,2024-03-25,24,2026-03-25,False,Active
CTR014E7EA756,CUST100048340,Month-to-Month,2017-11-19,12,2018-11-19,False,Active
CTRB06D654330,CUST100068721,Fixed Term,2023-06-20,0,,True,Active
CTR426FE4D116,CUST100022916,Fixed Term,2016-10-17,0,,True,Terminated Early
CTR25F1FB0F9B,CUST100004178,Fixed Term,2015-10-31,24,2017-10-31,True,Expired
CTR204E7B06FF,CUST100006158,Enterprise SLA,2025-10-04,24,2027-10-04,False,Active
CTR586DAC9241,CUST100077179,Fixed Term,2015-04-11,24,2017-04-11,True,Active
CTR606F9584D5,CUST100091005,Month-to-Month,2021-01-03,0,,True,Active
CTR342D62A711,CUST100038490,Month-to-Month,2022-11-23,12,2023-11-23,True,Active
CTRA484264346,CUST100011411,Month-to-Month,2022-05-23,0,,False,Active
CTRCB97EA1A92,CUST100098148,Fixed Term,2022-10-15,12,2023-10-15,False,Active
CTR0EBD577964,CUST100044762,Fixed Term,2015-01-23,12,2016-01-23,True,Active
CTRAB6B5B0158,CUST100009390,Fixed Term,2024-04-17,12,2025-04-17,True,Active
CTRB7FFCCF361,CUST100027312,Enterprise SLA,2021-11-12,12,2022-11-12,True,Active
CTR1A159F07D1,CUST100053206,Month-to-Month,2023-09-02,24,2025-09-02,True,Active
CTR9758E829B5,CUST100044185,Enterprise SLA,2023-02-28,24,2025-02-28,True,Active
CTRC85D3E8241,CUST100041726,Fixed Term,2021-08-10,12,2022-08-10,True,Active
CTRBE5ADB6E75,CUST100057464,Month-to-Month,2019-06-23,24,2021-06-23,False,Terminated Early
CTRC40934FFD2,CUST100053188,Fixed Term,2021-08-28,24,2023-08-28,True,Active
CTR4AF1C9BD7C,CUST100013370,Fixed Term,2016-06-13,12,2017-06-13,False,Active
CTR1A3E324B3B,CUST100086910,Fixed Term,2019-08-02,0,,True,Active
CTRF2195DF9CA,CUST100052872,Fixed Term,2025-06-04,24,2027-06-04,True,Expired
CTR535E801B2E,CUST100096539,Fixed Term,2017-01-23,0,,True,Active
CTRF7613674D1,CUST100033442,Month-to-Month,2019-06-27,36,2022-06-27,True,Active
CTR366605C065,CUST100041996,Month-to-Month,2025-07-01,0,,False,Active
CTR15A4855C9B,CUST100020400,Fixed Term,2016-09-10,0,,True,Active
CTRDCCFAD8359,CUST100014542,Fixed Term,2016-12-06,12,2017-12-06,False,Expired
CTR957EB81581,CUST100002184,Fixed Term,2023-11-22,24,2025-11-22,True,Terminated Early
CTR6E5359E43A,CUST100074299,Month-to-Month,2020-05-15,0,,True,Terminated Early
CTRB54C6A7B68,CUST100057300,Fixed Term,2020-02-02,24,2022-02-02,True,Active
CTR9B46D74BFF,CUST100094595,Fixed Term,2020-01-12,24,2022-01-12,True,Active
CTRDF5D5A0EC7,CUST100082192,Fixed Term,2024-09-15,24,2026-09-15,True,Active
CTR4F6E3FB0C9,CUST100006344,Fixed Term,2022-11-03,0,,True,Active
CTRF31CB88367,CUST100066181,Month-to-Month,2020-11-18,12,2021-11-18,False,Active
CTR04B3696D52,CUST100015246,Fixed Term,2022-10-25,12,2023-10-25,False,Active
CTR6D0D97D108,CUST100019377,Enterprise SLA,2019-11-02,12,2020-11-02,True,Active
CTRF679138B34,CUST100093806,Fixed Term,2023-09-02,0,,False,Active
CTR88041E1426,CUST100090109,Fixed Term,2017-07-02,0,,True,Active
CTR63E07981B3,CUST100053187,Fixed Term,2021-03-13,24,2023-03-13,True,Active
CTRE973CF7B52,CUST100039325,Fixed Term,2018-06-13,0,,True,Expired
CTR39C33C77A3,CUST100095421,Fixed Term,2019-09-20,0,,True,Active
CTR80F7951469,CUST100057665,Fixed Term,2016-11-06,0,,True,Active
CTRA50011C94C,CUST100065973,Fixed Term,2025-03-16,0,,True,Active
CTR0CB9AE59AF,CUST100001803,Month-to-Month,2018-04-02,0,,True,Terminated Early
CTREF6B98581E,CUST100004440,Fixed Term,2022-02-06,0,,True,Expired
CTRA5FA029F7E,CUST100071958,Month-to-Month,2024-07-08,0,,True,Expired
CTR4D06DAB681,CUST100092982,Fixed Term,2022-04-09,12,2023-04-09,True,Active
CTRC389B3DCD2,CUST100089921,Fixed Term,2025-04-18,12,2026-04-18,False,Expired
CTR03B4896884,CUST100043354,Enterprise SLA,2017-04-15,24,2019-04-15,False,Pending Renewal
CTRF01393D3BB,CUST100034144,Month-to-Month,2021-03-07,24,2023-03-07,False,Active
CTRF59208B36C,CUST100039286,Fixed Term,2020-02-22,24,2022-02-22,False,Active
CTR11C9E5D7E9,CUST100064148,Month-to-Month,2025-09-08,0,,True,Active
CTR50D0CCA692,CUST100006398,Month-to-Month,2017-11-25,24,2019-11-25,False,Active
CTR986C09FCC8,CUST100095485,Fixed Term,2019-08-17,24,2021-08-17,False,Active
CTR36AD6218B3,CUST100045011,Fixed Term,2018-09-19,24,2020-09-19,True,Active
CTRA15FCA2226,CUST100000706,Fixed Term,2016-11-30,0,,True,Pending Renewal
CTR9B7DB74EC2,CUST100062604,Fixed Term,2015-01-27,0,,True,Active
CTRD3B99514AC,CUST100051911,Enterprise SLA,2023-07-24,12,2024-07-24,True,Active
CTR9187CD01C1,CUST100048081,Month-to-Month,2018-12-29,0,,True,Active
CTR6273EB5F21,CUST100055590,Fixed Term,2020-03-27,12,2021-03-27,True,Active
CTR13AA4DD51C,CUST100032447,Fixed Term,2020-09-29,24,2022-09-29,True,Expired
CTR956D990E11,CUST100040346,Fixed Term,2021-02-02,12,2022-02-02,False,Active
CTRDDAC59C845,CUST100015426,Fixed Term,2019-03-05,12,2020-03-05,False,Active
CTRAB8D446554,CUST100082632,Fixed Term,2025-07-05,12,2026-07-05,True,Expired
CTR2A74B5B920,CUST100056215,Fixed Term,2016-09-17,24,2018-09-17,False,Active
CTR739FD736BC,CUST100022961,Fixed Term,2025-10-11,0,,False,Active
CTR7D60B89FB7,CUST100033235,Enterprise SLA,2020-01-24,0,,False,Active
CTREDD8C6EE65,CUST100055720,Fixed Term,2015-02-11,0,,False,Active
CTRE0AA19A59F,CUST100000362,Fixed Term,2024-04-25,24,2026-04-25,True,Active
CTR6559883EBB,CUST100010479,Fixed Term,2022-09-04,24,2024-09-04,True,Terminated Early
CTRDC55C23DF8,CUST100018793,Fixed Term,2017-07-17,0,,False,Active
CTR450E8C7EB3,CUST100064114,Fixed Term,2023-09-23,12,2024-09-23,True,Active
CTR4D264CF6D2,CUST100041191,Fixed Term,2018-04-08,36,2021-04-08,False,Pending Renewal
CTR9966A11C18,CUST100009939,Month-to-Month,2017-09-01,24,2019-09-01,False,Active
CTRD3A55C4192,CUST100006322,Month-to-Month,2021-05-26,12,2022-05-26,False,Active
CTR8419A20E99,CUST100019142,Fixed Term,2016-07-10,12,2017-07-10,True,Active
CTR6A77AC3E34,CUST100068838,Fixed Term,2018-09-03,12,2019-09-03,True,Active
CTRC2DF861E79,CUST100091224,Fixed Term,2020-09-10,24,2022-09-10,False,Active
CTR7A216292A1,CUST100072478,Fixed Term,2015-07-04,0,,True,Active
CTRD78FD88BA4,CUST100011720,Enterprise SLA,2023-06-14,24,2025-06-14,True,Active
CTRD1706FF28B,CUST100071966,Month-to-Month,2024-11-22,12,2025-11-22,True,Active
CTR7926FC968B,CUST100079927,Month-to-Month,2020-02-16,36,2023-02-16,True,Expired
CTR5AFFCA7387,CUST100018361,Month-to-Month,2017-09-25,12,2018-09-25,False,Active
CTR347062C2AD,CUST100056190,Fixed Term,2025-09-27,0,,True,Active
CTR471F45CEC9,CUST100096333,Month-to-Month,2022-02-11,12,2023-02-11,False,Active
CTRF4357DDDDA,CUST100032794,Month-to-Month,2020-06-11,24,2022-06-11,True,Pending Renewal
CTR7F982AB5AE,CUST100025826,Fixed Term,2022-12-19,12,2023-12-19,True,Expired
CTRD2920A3E1F,CUST100055866,Fixed Term,2019-03-20,0,,True,Active
CTR29A2DD6990,CUST100065376,Fixed Term,2021-11-25,12,2022-11-25,True,Active
CTR952BD3C61F,CUST100001644,Month-to-Month,2023-07-08,0,,False,Active
CTRFB5C3442E0,CUST100027307,Fixed Term,2025-02-28,12,2026-02-28,True,Expired
CTR70CF60B221,CUST100000720,Month-to-Month,2015-06-06,0,,True,Active
CTRFA6E45145E,CUST100017675,Fixed Term,2019-12-01,24,2021-12-01,True,Active
CTRBF00CFCF38,CUST100082529,Month-to-Month,2016-10-15,24,2018-10-15,False,Terminated Early
CTR0F3A8A4FAA,CUST100062325,Fixed Term,2023-06-23,0,,True,Active
CTR5A52D80997,CUST100048529,Month-to-Month,2016-03-12,24,2018-03-12,False,Active
CTR5268FDB708,CUST100052778,Month-to-Month,2025-06-04,0,,False,Pending Renewal
CTRE3D9CE7458,CUST100074955,Fixed Term,2023-07-20,0,,False,Active
CTRCF128D2247,CUST100024184,Enterprise SLA,2022-04-04,12,2023-04-04,True,Active
CTRA3E0DCB4CC,CUST100040072,Fixed Term,2016-11-07,12,2017-11-07,False,Terminated Early
CTRCA041C2DF5,CUST100000982,Fixed Term,2016-08-08,12,2017-08-08,False,Active
CTR3649FE9C5B,CUST100064338,Fixed Term,2024-03-20,36,2027-03-20,False,Active
CTR371BC76117,CUST100023422,Month-to-Month,2023-10-24,0,,True,Expired
CTR2DBE50E48F,CUST100045523,Fixed Term,2021-10-16,24,2023-10-16,False,Active
CTR3699F1DF75,CUST100083293,Fixed Term,2017-01-07,36,2020-01-07,True,Active
CTRFB2AE9AB18,CUST100015229,Fixed Term,2015-11-01,36,2018-11-01,True,Active
CTR0EEBEF727D,CUST100032516,Month-to-Month,2017-10-29,12,2018-10-29,True,Active
CTR97243E9270,CUST100093260,Month-to-Month,2022-07-14,24,2024-07-14,True,Active
CTR19F8096258,CUST100068173,Fixed Term,2016-09-04,24,2018-09-04,False,Active
CTR7863359731,CUST100050396,Fixed Term,2021-08-11,36,2024-08-11,False,Active
CTRDEDFA7FF2B,CUST100095757,Fixed Term,2020-01-13,12,2021-01-13,True,Active
CTR592128BCC3,CUST100007249,Fixed Term,2017-12-04,24,2019-12-04,True,Active
CTR7F3ABF3F9D,CUST100044063,Fixed Term,2022-02-13,24,2024-02-13,False,Terminated Early
CTR1A5971B815,CUST100064072,Fixed Term,2017-09-01,24,2019-09-01,False,Active
CTRB5FDCC9324,CUST100064391,Month-to-Month,2017-04-11,24,2019-04-11,True,Active
CTR5F6E61E899,CUST100041257,Fixed Term,2020-12-19,36,2023-12-19,True,Active
CTR221546C89B,CUST100094441,Fixed Term,2016-02-03,12,2017-02-03,True,Terminated Early
CTR4ABC795C63,CUST100086934,Month-to-Month,2018-07-19,0,,False,Active
CTR6CA0D2C317,CUST100066823,Fixed Term,2015-06-30,0,,True,Active
CTRA1F1E2FAD8,CUST100093634,Month-to-Month,2024-04-07,24,2026-04-07,True,Active
CTR0A21FCF72F,CUST100056340,Fixed Term,2017-04-25,0,,True,Active
CTREE5A4BF717,CUST100026275,Fixed Term,2019-10-21,24,2021-10-21,True,Active
CTR6333F4D712,CUST100096410,Month-to-Month,2020-07-14,12,2021-07-14,True,Terminated Early
CTR18FC138AFA,CUST100064998,Fixed Term,2020-09-02,24,2022-09-02,True,Active
CTREDFF6D1D74,CUST100080484,Fixed Term,2017-07-08,24,2019-07-08,False,Active
CTR90885C244D,CUST100025901,Fixed Term,2024-04-04,24,2026-04-04,True,Active
CTR9D176934E0,CUST100077731,Fixed Term,2024-03-07,12,2025-03-07,True,Active
CTR49B53197E1,CUST100041723,Fixed Term,2023-01-16,24,2025-01-16,False,Active
CTR13E9A5DCA6,CUST100091935,Fixed Term,2021-03-10,12,2022-03-10,False,Active
CTRE6F9B748A0,CUST100097238,Fixed Term,2021-06-23,12,2022-06-23,True,Expired
CTRDFA8B7B231,CUST100063207,Fixed Term,2022-01-20,12,2023-01-20,False,Pending Renewal
CTR9C33B5ED88,CUST100095554,Month-to-Month,2023-04-11,24,2025-04-11,True,Expired
CTR3032CDBF39,CUST100091016,Month-to-Month,2018-08-19,0,,True,Active
CTR14F1C93A15,CUST100035868,Month-to-Month,2024-02-06,24,2026-02-06,False,Active
CTR86F9854E88,CUST100092682,Month-to-Month,2017-08-14,12,2018-08-14,False,Active
CTR25A82B702C,CUST100056796,Fixed Term,2022-03-20,36,2025-03-20,True,Active
CTRB8C5797EA4,CUST100004218,Fixed Term,2019-11-18,12,2020-11-18,False,Active
CTR4D5D4108F4,CUST100086222,Fixed Term,2017-02-05,24,2019-02-05,True,Active
CTRA9B8DE79C2,CUST100060308,Month-to-Month,2024-05-14,0,,True,Terminated Early
CTRB05200768D,CUST100091495,Month-to-Month,2023-05-09,24,2025-05-09,False,Expired
CTR58D0379CF6,CUST100045537,Month-to-Month,2024-03-15,24,2026-03-15,True,Active
CTR47A58FFC88,CUST100062245,Fixed Term,2023-11-02,0,,True,Active
CTR9CBF5E387D,CUST100058869,Fixed Term,2015-07-29,12,2016-07-29,True,Terminated Early
CTR8BA5D0D527,CUST100000628,Fixed Term,2023-07-06,12,2024-07-06,True,Expired
CTR9B79BEAE6B,CUST100048365,Month-to-Month,2015-08-03,24,2017-08-03,True,Active
CTR10B8E540EF,CUST100064693,Fixed Term,2023-04-21,0,,True,Active
CTRA5FEC12148,CUST100071163,Month-to-Month,2017-10-22,24,2019-10-22,True,Active
CTRD267A1CB17,CUST100044855,Fixed Term,2025-12-12,12,2026-12-12,True,Active
CTRDFF874EFD3,CUST100095233,Month-to-Month,2023-12-17,24,2025-12-17,True,Active
CTR0F0ACB804F,CUST100097015,Month-to-Month,2019-03-20,0,,True,Expired
CTR8E20763069,CUST100070835,Enterprise SLA,2016-05-05,24,2018-05-05,False,Active
CTR1ACE4502D7,CUST100051300,Fixed Term,2021-03-10,12,2022-03-10,True,Active
CTR987DC6C9E3,CUST100000135,Fixed Term,2022-02-27,0,,False,Expired
CTR3446A62ACA,CUST100003234,Month-to-Month,2025-02-10,0,,True,Active
CTR6F1DA177D0,CUST100043614,Month-to-Month,2023-01-17,0,,False,Active
CTRDA1AF79EF6,CUST100088263,Fixed Term,2019-01-08,24,2021-01-08,True,Active
CTR81F01902CB,CUST100084789,Month-to-Month,2025-08-15,24,2027-08-15,False,Active
CTR62EC654F84,CUST100043770,Fixed Term,2021-02-18,36,2024-02-18,True,Active
CTR101A48C0B7,CUST100079991,Fixed Term,2018-04-22,24,2020-04-22,True,Expired
CTR4CF58CD9C8,CUST100005859,Month-to-Month,2019-02-25,12,2020-02-25,True,Active
CTRA17FC49792,CUST100056969,Fixed Term,2020-03-23,24,2022-03-23,True,Active
CTRB93C8849D4,CUST100089760,Fixed Term,2020-07-17,24,2022-07-17,True,Active
CTR5F756D4271,CUST100018239,Fixed Term,2016-05-30,24,2018-05-30,True,Expired
CTR847FAE8EE2,CUST100046480,Fixed Term,2015-07-15,12,2016-07-15,True,Active
CTR265E232FB1,CUST100020012,Fixed Term,2022-08-10,24,2024-08-10,False,Active
CTR6B7DB76B39,CUST100009520,Fixed Term,2017-10-09,24,2019-10-09,False,Active
CTR08D8E734B2,CUST100011022,Month-to-Month,2017-12-20,24,2019-12-20,True,Active
CTR528F33C97B,CUST100035215,Month-to-Month,2023-02-04,12,2024-02-04,True,Pending Renewal
CTR285291D24D,CUST100087282,Fixed Term,2022-02-23,24,2024-02-23,True,Active
CTRA2553F9938,CUST100048485,Month-to-Month,2021-12-09,0,,True,Active
CTR51BDAB94A1,CUST100050069,Fixed Term,2019-11-26,24,2021-11-26,False,Active
CTRB27111AE1E,CUST100083885,Month-to-Month,2025-03-24,12,2026-03-24,True,Expired
CTR911C0EB77C,CUST100003015,Month-to-Month,2017-08-13,0,,True,Terminated Early
CTRA8F6782F3A,CUST100031541,Fixed Term,2017-08-27,24,2019-08-27,False,Active
CTR2808BA37B8,CUST100066922,Fixed Term,2019-01-05,12,2020-01-05,True,Active
CTRB1C8313598,CUST100042140,Enterprise SLA,2018-08-18,24,2020-08-18,True,Expired
CTR58302E750C,CUST100084186,Month-to-Month,2019-05-29,12,2020-05-29,True,Terminated Early
CTR144588BE51,CUST100022331,Fixed Term,2021-09-13,12,2022-09-13,True,Expired
CTR8EBDB6EDB7,CUST100066229,Fixed Term,2021-10-06,0,,False,Expired
CTR6861486E0F,CUST100032896,Month-to-Month,2016-01-19,0,,False,Active
CTR6E83FCCAD0,CUST100074713,Month-to-Month,2020-09-11,24,2022-09-11,True,Active
CTRCF82D3D5F4,CUST100063875,Enterprise SLA,2025-05-16,12,2026-05-16,True,Active
CTRCC284C4312,CUST100087612,Fixed Term,2024-07-05,0,,True,Active
CTRDE7F4256F4,CUST100083067,Fixed Term,2016-07-08,0,,False,Active
CTR6DCC3E84AA,CUST100028228,Fixed Term,2018-10-19,12,2019-10-19,True,Active
CTRBFFB8DFB7E,CUST100095375,Fixed Term,2020-05-20,0,,True,Active
CTR4B977967F6,CUST100073426,Fixed Term,2019-02-23,24,2021-02-23,False,Active
CTRDE5B9485CD,CUST100051019,Fixed Term,2025-11-15,24,2027-11-15,True,Expired
CTREBA51CEAD1,CUST100055719,Fixed Term,2020-04-30,24,2022-04-30,False,Active
CTRBD9066FCE4,CUST100021414,Fixed Term,2021-02-12,36,2024-02-12,False,Active
CTRC8ECA1036B,CUST100099599,Enterprise SLA,2017-02-05,0,,True,Expired
CTR99E29AC06C,CUST100068617,Fixed Term,2020-03-20,12,2021-03-20,False,Terminated Early
CTR04E4BA9B95,CUST100082435,Month-to-Month,2017-07-06,24,2019-07-06,True,Active
CTR2C77F6A08C,CUST100057961,Month-to-Month,2022-01-03,24,2024-01-03,True,Expired
CTR91ACF38B1C,CUST100061174,Fixed Term,2018-02-06,24,2020-02-06,True,Active
CTR832DE7112E,CUST100032578,Month-to-Month,2024-04-28,0,,True,Active
CTR81C20FA37D,CUST100045715,Fixed Term,2023-09-12,12,2024-09-12,False,Active
CTR9B2A0F8855,CUST100003862,Month-to-Month,2019-06-03,0,,False,Active
CTRAEDC0B413D,CUST100092532,Month-to-Month,2024-11-09,12,2025-11-09,False,Active
CTR982A6CD421,CUST100035798,Month-to-Month,2017-10-23,24,2019-10-23,False,Active
CTR43FB6DE0BF,CUST100031344,Fixed Term,2024-12-11,0,,False,Expired
CTR98DEAD9113,CUST100027548,Fixed Term,2015-09-07,24,2017-09-07,True,Active
CTR9308B12AAA,CUST100068849,Month-to-Month,2025-05-15,12,2026-05-15,False,Active
CTR1474B3CD42,CUST100097543,Month-to-Month,2019-12-21,12,2020-12-21,False,Active
CTRBF59269951,CUST100068326,Fixed Term,2023-12-02,0,,False,Expired
CTR9F311C236D,CUST100082536,Fixed Term,2023-06-27,12,2024-06-27,True,Active
CTR9F29E51B93,CUST100002288,Enterprise SLA,2025-04-27,0,,False,Active
CTRAC88CE2D05,CUST100003395,Month-to-Month,2023-11-10,0,,False,Expired
CTR05B321D11C,CUST100085193,Month-to-Month,2020-04-12,0,,False,Active
CTR658BCF6523,CUST100044927,Month-to-Month,2019-06-13,0,,True,Active
CTRCC25016517,CUST100056365,Fixed Term,2016-11-26,24,2018-11-26,False,Active
CTRDEE17333C4,CUST100080524,Enterprise SLA,2017-08-31,0,,False,Active
CTR2601CC3E3E,CUST100080882,Month-to-Month,2018-06-15,0,,False,Expired
CTRD42FF7B83B,CUST100098055,Month-to-Month,2024-09-27,24,2026-09-27,False,Active
CTR2097C53CD9,CUST100053505,Month-to-Month,2016-02-15,0,,True,Active
CTR98683F71F8,CUST100073872,Fixed Term,2016-04-18,24,2018-04-18,False,Active
CTR5BABD0D8C3,CUST100064044,Month-to-Month,2017-09-09,12,2018-09-09,True,Active
CTRCD48718451,CUST100056416,Fixed Term,2021-02-09,24,2023-02-09,False,Active
CTRD06FAE9421,CUST100010655,Fixed Term,2020-05-16,12,2021-05-16,False,Terminated Early
CTRA3DDD9768F,CUST100037078,Fixed Term,2024-07-14,24,2026-07-14,False,Active
CTRE63D888E0C,CUST100028550,Month-to-Month,2015-01-31,12,2016-01-31,True,Terminated Early
CTR5FC5825139,CUST100089103,Fixed Term,2024-12-28,0,,True,Terminated Early
CTRD88F286947,CUST100068645,Fixed Term,2024-02-20,0,,False,Active
CTR5595A5069A,CUST100072157,Month-to-Month,2017-12-03,12,2018-12-03,True,Expired
CTRC3A33E43C8,CUST100095502,Fixed Term,2016-08-17,12,2017-08-17,True,Active
CTR9EE93C194D,CUST100098969,Month-to-Month,2016-10-25,12,2017-10-25,True,Terminated Early
CTRB831E2FB40,CUST100003261,Month-to-Month,2022-12-18,24,2024-12-18,False,Active
CTR07678EDDAB,CUST100049097,Fixed Term,2020-02-29,0,,True,Active
CTR1D60F5BDC9,CUST100068343,Fixed Term,2019-05-16,0,,True,Active
CTR8005473E43,CUST100044874,Month-to-Month,2017-12-03,12,2018-12-03,True,Active
CTRA8DCBFBB89,CUST100028539,Fixed Term,2017-10-04,24,2019-10-04,True,Active
CTRDC97CBE025,CUST100083950,Fixed Term,2020-02-15,36,2023-02-15,True,Active
CTR1B3D961FA9,CUST100097138,Fixed Term,2017-10-23,12,2018-10-23,True,Active
CTR2BF6366832,CUST100027265,Fixed Term,2025-10-24,0,,True,Active
CTR89D3045618,CUST100039218,Fixed Term,2024-03-07,0,,True,Active
CTRF51CDA54B9,CUST100094033,Fixed Term,2019-08-04,36,2022-08-04,False,Terminated Early
CTR3907B749F4,CUST100033216,Month-to-Month,2021-01-01,24,2023-01-01,True,Active
CTR95FA71FAB4,CUST100044703,Fixed Term,2022-03-13,12,2023-03-13,True,Terminated Early
CTR65390DD775,CUST100036592,Month-to-Month,2018-04-30,24,2020-04-30,False,Active
CTR648319D529,CUST100064585,Fixed Term,2017-07-18,24,2019-07-18,True,Active
CTR00FD4AB6AF,CUST100039398,Fixed Term,2021-09-30,0,,False,Terminated Early
CTRE6B500EFA1,CUST100045777,Month-to-Month,2018-03-31,24,2020-03-31,False,Active
CTR7EC66A69D6,CUST100000328,Fixed Term,2018-06-17,12,2019-06-17,True,Active
CTRDA54783146,CUST100068472,Month-to-Month,2018-10-08,0,,True,Active
CTR7A1A0982CF,CUST100057411,Month-to-Month,2022-02-02,0,,False,Active
CTREE7AE6ECC7,CUST100001849,Fixed Term,2021-09-25,0,,False,Active
CTRD330CEEF7F,CUST100078153,Month-to-Month,2015-02-05,24,2017-02-05,True,Pending Renewal
CTRA2723A7A5A,CUST100033090,Fixed Term,2016-07-03,36,2019-07-03,True,Active
CTR4C01164FEB,CUST100052740,Fixed Term,2017-12-14,0,,True,Active
CTRB63C1671DA,CUST100070554,Fixed Term,2020-12-24,0,,True,Active
CTR183E4ADE7B,CUST100072971,Month-to-Month,2015-09-25,0,,False,Active
CTRF3BE31EFED,CUST100061334,Fixed Term,2020-03-01,12,2021-03-01,False,Active
CTR5CACDA18D1,CUST100093647,Fixed Term,2019-11-17,12,2020-11-17,True,Active
CTR0C55A5EEB8,CUST100022833,Fixed Term,2025-11-01,12,2026-11-01,False,Active
CTR08F3F63AE6,CUST100000862,Month-to-Month,2019-08-23,0,,False,Active
CTRFB42B6944B,CUST100033065,Fixed Term,2024-05-12,12,2025-05-12,True,Active
CTRE3F11393B5,CUST100003877,Fixed Term,2020-11-07,0,,True,Active
CTRDC0DF843A0,CUST100032049,Month-to-Month,2021-05-16,0,,False,Pending Renewal
CTRDB5D5CAF49,CUST100033215,Month-to-Month,2023-09-30,0,,False,Expired
CTR42FBE67EBA,CUST100031371,Month-to-Month,2019-07-02,0,,True,Active
CTR5294AC02FB,CUST100024491,Month-to-Month,2025-05-24,0,,False,Active
CTR40DD2D26A9,CUST100086640,Fixed Term,2020-05-11,0,,True,Active
CTRF61E16B739,CUST100083362,Month-to-Month,2021-05-18,24,2023-05-18,False,Active
CTRE6FCF1E0D2,CUST100052944,Fixed Term,2022-06-18,24,2024-06-18,False,Terminated Early
CTR1DC68E4398,CUST100059682,Fixed Term,2022-04-25,24,2024-04-25,True,Active
CTR80F2023E08,CUST100014618,Fixed Term,2020-06-06,24,2022-06-06,True,Active
CTR4384A4281E,CUST100063491,Month-to-Month,2021-10-21,36,2024-10-21,True,Expired
CTR0AFDC9029C,CUST100019084,Fixed Term,2018-09-08,12,2019-09-08,False,Active
CTR8871FD437D,CUST100075403,Fixed Term,2015-02-17,0,,True,Active
CTR5506D0FEA3,CUST100083448,Fixed Term,2022-02-21,24,2024-02-21,False,Expired
CTRB2EB219F85,CUST100095409,Fixed Term,2015-12-21,0,,True,Active
CTRBCAE89E9E7,CUST100086534,Fixed Term,2023-05-05,24,2025-05-05,False,Expired
CTR7C73F9CA30,CUST100002976,Fixed Term,2023-09-16,12,2024-09-16,False,Active
CTRCA967A1ADE,CUST100014959,Fixed Term,2017-01-21,12,2018-01-21,True,Pending Renewal
CTRB69BF2CA99,CUST100038194,Fixed Term,2021-06-25,12,2022-06-25,True,Active
CTR7C81C15357,CUST100046209,Month-to-Month,2016-01-09,24,2018-01-09,True,Active
CTR5FC725797E,CUST100071540,Enterprise SLA,2023-04-09,12,2024-04-09,True,Active
CTRA3BB1961AA,CUST100077552,Fixed Term,2020-08-04,0,,True,Terminated Early
CTRED3EBA20C4,CUST100042635,Month-to-Month,2022-02-25,24,2024-02-25,True,Terminated Early
CTR8F39CB5CB9,CUST100057787,Month-to-Month,2024-12-03,0,,False,Active
CTR6C840CECC6,CUST100055874,Fixed Term,2017-10-04,0,,True,Active
CTRE5A6577807,CUST100091822,Month-to-Month,2022-05-12,0,,True,Active
CTR1DD3C87F55,CUST100027215,Fixed Term,2022-03-28,12,2023-03-28,False,Active
CTRC5A720E880,CUST100043327,Fixed Term,2015-01-03,24,2017-01-03,False,Active
CTR6CD74C3119,CUST100005882,Month-to-Month,2018-03-08,0,,False,Active
CTRA1C1E76B0A,CUST100065763,Fixed Term,2022-08-24,0,,True,Active
CTRD8B3F04714,CUST100055293,Month-to-Month,2022-05-27,0,,True,Terminated Early
CTR04BE3B1B02,CUST100068294,Fixed Term,2016-07-14,12,2017-07-14,True,Active
CTRD2EFBA8F6E,CUST100004147,Month-to-Month,2021-08-02,24,2023-08-02,True,Active
CTR8FD1339589,CUST100093210,Fixed Term,2021-11-03,24,2023-11-03,False,Active
CTRE63F58F13D,CUST100031179,Fixed Term,2016-02-28,12,2017-02-28,False,Active
CTR7BD54334DB,CUST100021634,Fixed Term,2018-05-15,12,2019-05-15,True,Terminated Early
CTR936023F096,CUST100006408,Fixed Term,2023-11-05,24,2025-11-05,False,Expired
CTRC3841C4493,CUST100003779,Fixed Term,2024-10-14,12,2025-10-14,False,Expired
CTR5FA80B25D3,CUST100076815,Month-to-Month,2020-10-26,12,2021-10-26,True,Active
CTR445C8B4EBC,CUST100025156,Fixed Term,2020-04-15,24,2022-04-15,True,Active
CTR39200663A4,CUST100028129,Fixed Term,2022-12-19,12,2023-12-19,True,Terminated Early
CTR925615B2D1,CUST100075564,Month-to-Month,2016-09-10,12,2017-09-10,True,Terminated Early
CTR1329E917C8,CUST100099211,Fixed Term,2025-03-13,24,2027-03-13,True,Expired
CTR429462A598,CUST100000491,Fixed Term,2025-01-22,24,2027-01-22,True,Active
CTRE0A53B4864,CUST100088281,Month-to-Month,2021-10-05,24,2023-10-05,False,Active
CTRAFE8430A9F,CUST100038553,Enterprise SLA,2019-01-03,36,2022-01-03,True,Expired
CTRE70EE735D9,CUST100063988,Month-to-Month,2023-11-24,24,2025-11-24,True,Active
CTR182B9D0B1B,CUST100047838,Month-to-Month,2015-11-16,0,,True,Terminated Early
CTR83D65836C9,CUST100071060,Month-to-Month,2018-12-13,0,,False,Active
CTRD5D71DE981,CUST100032045,Fixed Term,2022-02-10,0,,False,Terminated Early
CTR57A5E986A6,CUST100080315,Fixed Term,2022-08-21,0,,True,Active
CTR9F826C45BA,CUST100006267,Fixed Term,2018-07-16,24,2020-07-16,True,Active
CTR705AD2F61B,CUST100004843,Month-to-Month,2019-11-25,12,2020-11-25,True,Active
CTR139FCF8825,CUST100076598,Month-to-Month,2022-10-28,24,2024-10-28,False,Terminated Early
CTR8B722EFFE0,CUST100078656,Fixed Term,2023-07-04,24,2025-07-04,True,Active
CTRAC286558F4,CUST100078417,Fixed Term,2018-09-06,24,2020-09-06,False,Active
CTRD2CFA59739,CUST100001076,Fixed Term,2022-03-09,0,,True,Active
CTR4159D39AE0,CUST100028608,Month-to-Month,2019-01-28,0,,True,Active
CTR609A9FB542,CUST100015553,Fixed Term,2016-07-29,12,2017-07-29,False,Active
CTR8EF009CD39,CUST100095857,Month-to-Month,2016-10-13,0,,False,Active
CTRDF56C0E1A6,CUST100007436,Month-to-Month,2024-05-20,24,2026-05-20,False,Expired
CTR4CF34AC669,CUST100052272,Month-to-Month,2020-04-10,24,2022-04-10,True,Active
CTR0472C4402D,CUST100052915,Month-to-Month,2018-05-04,24,2020-05-04,False,Expired
CTR22E5C0A4BD,CUST100017646,Month-to-Month,2017-01-16,0,,True,Terminated Early
CTR59378D8DAD,CUST100084532,Month-to-Month,2021-02-02,24,2023-02-02,False,Active
CTR35B534EAD3,CUST100027846,Month-to-Month,2019-06-11,24,2021-06-11,True,Active
CTRBB553D104F,CUST100018850,Month-to-Month,2021-04-13,24,2023-04-13,True,Active
CTRE9BCDB50F0,CUST100050838,Month-to-Month,2022-04-28,24,2024-04-28,True,Active
CTR3ABA8B4363,CUST100012121,Fixed Term,2023-02-03,12,2024-02-03,False,Active
CTR3DE2C53737,CUST100079357,Month-to-Month,2016-03-30,0,,True,Active
CTR62972CEB60,CUST100000914,Month-to-Month,2023-12-07,12,2024-12-07,True,Terminated Early
CTRFF9A077535,CUST100037127,Month-to-Month,2018-07-13,0,,True,Pending Renewal
CTRA74A606994,CUST100040910,Fixed Term,2015-12-10,0,,False,Active
CTR0CC9E7D1F5,CUST100011858,Fixed Term,2024-05-19,12,2025-05-19,False,Active
CTR2EECB3EDEE,CUST100062831,Fixed Term,2018-11-03,0,,False,Pending Renewal
CTR5D5DC4569F,CUST100037096,Fixed Term,2016-03-31,12,2017-03-31,False,Active
CTR3671F3A2EB,CUST100011982,Fixed Term,2018-07-23,36,2021-07-23,False,Active
CTRF25F30466E,CUST100035584,Fixed Term,2015-09-18,24,2017-09-18,True,Active
CTR99F3C476F1,CUST100008839,Fixed Term,2017-12-16,24,2019-12-16,False,Active
CTR06011DCEC1,CUST100087839,Month-to-Month,2018-03-30,36,2021-03-30,True,Active
CTR55C58A5F1B,CUST100039337,Month-to-Month,2018-10-07,24,2020-10-07,True,Active
CTRF546588CC7,CUST100079496,Fixed Term,2024-04-12,24,2026-04-12,True,Active
CTR8350B2D68D,CUST100086055,Fixed Term,2022-08-11,12,2023-08-11,True,Pending Renewal
CTRFF1DFC4D57,CUST100088494,Enterprise SLA,2017-01-14,0,,True,Expired
CTR80B8F5CAA2,CUST100046651,Fixed Term,2015-07-18,12,2016-07-18,True,Active
CTR46DDBA53AC,CUST100009685,Month-to-Month,2015-06-26,24,2017-06-26,True,Active
CTR42FC8C0DB7,CUST100002045,Fixed Term,2016-01-20,24,2018-01-20,False,Active
CTR83F762F9CD,CUST100013163,Month-to-Month,2025-02-08,12,2026-02-08,True,Active
CTR64570B10A0,CUST100075125,Month-to-Month,2021-11-24,24,2023-11-24,True,Active
CTRDE07391CF8,CUST100099828,Fixed Term,2020-09-03,12,2021-09-03,False,Expired
CTR022D6249A6,CUST100051446,Month-to-Month,2025-10-22,24,2027-10-22,True,Active
CTR5DC0991130,CUST100079618,Month-to-Month,2019-04-27,24,2021-04-27,True,Active
CTR03B269654D,CUST100031380,Month-to-Month,2015-08-15,12,2016-08-15,True,Expired
CTR78439CDDB8,CUST100066713,Month-to-Month,2015-07-09,0,,False,Pending Renewal
CTR421BC1AE11,CUST100029392,Fixed Term,2022-10-02,0,,True,Expired
CTRDB0BC67E2D,CUST100018093,Month-to-Month,2018-10-01,24,2020-10-01,True,Active
CTRBD1537A48C,CUST100029722,Month-to-Month,2019-11-27,12,2020-11-27,True,Active
CTR6059B7609D,CUST100070618,Fixed Term,2019-10-30,24,2021-10-30,True,Active
CTR9191DFC3D8,CUST100064906,Fixed Term,2018-06-12,24,2020-06-12,False,Active
CTR40929E18CA,CUST100094155,Fixed Term,2022-08-30,0,,False,Active
CTRD56784DDAA,CUST100051984,Month-to-Month,2020-04-27,36,2023-04-27,False,Active
CTR7FDA75657C,CUST100065629,Month-to-Month,2017-01-09,24,2019-01-09,True,Active
CTR80875C8414,CUST100047390,Fixed Term,2018-08-03,0,,True,Active
CTR0596FEDE9E,CUST100096099,Month-to-Month,2020-04-07,12,2021-04-07,True,Active
CTR2FCDEC0B44,CUST100084897,Fixed Term,2020-12-14,12,2021-12-14,True,Active
CTRBA092B1554,CUST100025638,Month-to-Month,2021-02-22,24,2023-02-22,True,Active
CTR2B89B8B71B,CUST100017679,Fixed Term,2025-06-06,24,2027-06-06,False,Active
CTRE8272B4CBA,CUST100023519,Month-to-Month,2018-09-19,12,2019-09-19,False,Active
CTR49AD732F4C,CUST100059968,Fixed Term,2023-06-16,0,,False,Active
CTR4D8D84A93E,CUST100023941,Month-to-Month,2022-04-22,24,2024-04-22,False,Active
CTR9DF46E5A93,CUST100048924,Month-to-Month,2016-06-28,12,2017-06-28,False,Active
CTR6F43195903,CUST100074692,Fixed Term,2015-11-25,12,2016-11-25,False,Active
CTR0119494C39,CUST100077144,Fixed Term,2024-10-23,24,2026-10-23,False,Terminated Early
CTRB17755014B,CUST100017358,Month-to-Month,2015-05-29,0,,True,Active
CTR2B224F788A,CUST100093540,Fixed Term,2017-11-01,24,2019-11-01,True,Expired
CTR3642E6E5D4,CUST100052628,Month-to-Month,2021-02-16,24,2023-02-16,False,Active
CTR7D6621D0DB,CUST100031369,Month-to-Month,2018-06-18,24,2020-06-18,False,Terminated Early
CTRD4356B1F43,CUST100069317,Fixed Term,2023-12-21,12,2024-12-21,True,Active
CTR2C2D8F50FD,CUST100079804,Month-to-Month,2015-01-17,12,2016-01-17,True,Pending Renewal
CTR52B5E063BC,CUST100051192,Fixed Term,2016-01-09,0,,False,Expired
CTR4609E2CE38,CUST100025910,Month-to-Month,2022-07-04,0,,True,Active
CTR321AEA7970,CUST100047758,Fixed Term,2023-12-01,24,2025-12-01,True,Terminated Early
CTR2C806C8662,CUST100028712,Fixed Term,2020-10-09,12,2021-10-09,True,Active
CTR966FDD0DE2,CUST100026719,Fixed Term,2015-11-12,0,,True,Expired
CTR92FB2BD959,CUST100035844,Fixed Term,2024-07-09,36,2027-07-09,True,Active
CTRB141FC43EF,CUST100091992,Month-to-Month,2018-03-25,12,2019-03-25,False,Active
CTR4C3497175C,CUST100043508,Fixed Term,2025-01-17,12,2026-01-17,True,Active
CTR9C04EAE2E0,CUST100007664,Fixed Term,2020-12-28,24,2022-12-28,True,Active
CTRD883A6D10E,CUST100018309,Fixed Term,2024-08-10,12,2025-08-10,True,Active
CTRB7B7979CD8,CUST100053962,Fixed Term,2022-05-13,0,,False,Active
CTR5CE0C75051,CUST100054869,Fixed Term,2015-11-11,24,2017-11-11,True,Expired
CTR806965D4F0,CUST100050453,Fixed Term,2021-11-20,12,2022-11-20,True,Active
CTRFDB86BBB54,CUST100065132,Fixed Term,2015-12-25,36,2018-12-25,True,Active
CTRC562AA95A1,CUST100068713,Month-to-Month,2015-01-26,0,,True,Active
CTRB9B86F1222,CUST100011187,Month-to-Month,2023-10-15,0,,False,Active
CTRC5F3694E91,CUST100012319,Fixed Term,2015-10-31,0,,True,Terminated Early
CTR557783DE91,CUST100012874,Fixed Term,2021-05-17,24,2023-05-17,True,Active
CTR6A8A9EBA2A,CUST100018777,Fixed Term,2016-08-13,36,2019-08-13,False,Active
CTRFFDE73818F,CUST100026704,Fixed Term,2016-10-05,0,,False,Expired
CTRF15A59C675,CUST100008092,Fixed Term,2025-04-23,12,2026-04-23,True,Active
CTR9707F21D62,CUST100003366,Month-to-Month,2023-02-02,0,,True,Active
CTRE1DC27F5F1,CUST100055845,Fixed Term,2022-09-16,12,2023-09-16,False,Active
CTRC76F4A6443,CUST100081449,Month-to-Month,2025-08-12,24,2027-08-12,False,Active
CTR42BCCD5A05,CUST100074155,Month-to-Month,2018-12-10,36,2021-12-10,True,Active
CTR737F6856CA,CUST100072827,Month-to-Month,2021-01-28,0,,False,Active
CTRB162C10141,CUST100042915,Month-to-Month,2018-07-19,12,2019-07-19,False,Active
CTR03D7316B7F,CUST100005651,Fixed Term,2015-07-31,36,2018-07-31,False,Active
CTR0A626DF1B7,CUST100078519,Fixed Term,2022-12-23,12,2023-12-23,False,Active
CTR2BE6ACD152,CUST100088889,Month-to-Month,2021-02-17,0,,True,Terminated Early
CTR5C8590A603,CUST100031175,Fixed Term,2022-09-02,0,,False,Active
CTRCB9BE602AA,CUST100096304,Month-to-Month,2019-12-08,0,,True,Active
CTRF3CB479013,CUST100069964,Month-to-Month,2017-01-14,0,,True,Expired
CTR9BF90F07D3,CUST100074624,Month-to-Month,2025-06-03,12,2026-06-03,True,Active
CTR6F4067685C,CUST100022592,Fixed Term,2021-07-13,24,2023-07-13,True,Active
CTR779C0D10AF,CUST100083318,Fixed Term,2016-05-09,24,2018-05-09,True,Terminated Early
CTRE818B53586,CUST100002049,Fixed Term,2018-12-10,24,2020-12-10,False,Active
CTR875CD2A21C,CUST100081716,Fixed Term,2019-12-05,12,2020-12-05,True,Terminated Early
CTRA0F644A681,CUST100019172,Fixed Term,2015-07-26,12,2016-07-26,True,Active
CTRBF8B5CC7A6,CUST100026131,Month-to-Month,2020-07-09,12,2021-07-09,False,Active
CTR1AFE672421,CUST100096567,Fixed Term,2016-10-08,36,2019-10-08,False,Pending Renewal
CTRE905D99861,CUST100074371,Month-to-Month,2018-08-17,24,2020-08-17,True,Expired
CTRBB532D2A35,CUST100052512,Month-to-Month,2017-02-08,36,2020-02-08,False,Pending Renewal
CTRDBE731B2D6,CUST100076580,Month-to-Month,2022-02-06,24,2024-02-06,False,Expired
CTR9049902EE0,CUST100039729,Enterprise SLA,2015-10-27,12,2016-10-27,False,Expired
CTR29DF3DFB0D,CUST100030267,Fixed Term,2020-03-04,0,,True,Active
CTRB8B5C9C723,CUST100071343,Fixed Term,2018-02-27,12,2019-02-27,False,Active
CTRB13AC59DC8,CUST100019227,Month-to-Month,2024-11-13,24,2026-11-13,True,Active
CTR2B5D9FCA28,CUST100011680,Fixed Term,2019-10-16,0,,True,Active
CTR69B9A1B839,CUST100001216,Fixed Term,2019-06-22,12,2020-06-22,True,Active
CTRAB53FB3A8C,CUST100078459,Month-to-Month,2018-10-23,36,2021-10-23,False,Active
CTR3B6BEAA96D,CUST100064023,Fixed Term,2016-02-22,12,2017-02-22,False,Active
CTR6BDDBCF773,CUST100074552,Fixed Term,2018-08-26,24,2020-08-26,False,Active
CTR6CBF240DF4,CUST100085326,Month-to-Month,2019-09-21,0,,True,Active
CTRDE2B115B43,CUST100092246,Month-to-Month,2025-07-01,0,,True,Active
CTRCB83E1B044,CUST100018078,Fixed Term,2020-12-20,0,,True,Expired
CTR663DF4B24E,CUST100043818,Fixed Term,2021-01-08,12,2022-01-08,True,Active
CTR7843A73D05,CUST100046767,Enterprise SLA,2016-04-24,24,2018-04-24,False,Active
CTRF44470671F,CUST100008381,Month-to-Month,2022-02-18,24,2024-02-18,True,Active
CTR12AFB362D9,CUST100061830,Month-to-Month,2016-06-07,12,2017-06-07,True,Expired
CTR00DFB6E88A,CUST100049274,Fixed Term,2021-05-28,12,2022-05-28,False,Terminated Early
CTR0C0032D074,CUST100048765,Month-to-Month,2019-10-02,24,2021-10-02,True,Active
CTR4D32DC88BB,CUST100094736,Month-to-Month,2017-09-21,24,2019-09-21,False,Active
CTRB02C056988,CUST100017299,Enterprise SLA,2024-03-11,24,2026-03-11,True,Terminated Early
CTR039CC823D6,CUST100040529,Fixed Term,2017-07-03,0,,False,Active
CTRE706AFFCB4,CUST100028694,Month-to-Month,2022-06-27,0,,False,Active
CTRA11FAE117A,CUST100098244,Fixed Term,2021-06-02,36,2024-06-02,False,Pending Renewal
CTR6BC2C88A71,CUST100033388,Fixed Term,2019-07-11,12,2020-07-11,False,Terminated Early
CTRB7E1294928,CUST100084947,Fixed Term,2016-01-27,12,2017-01-27,True,Active
CTRB814667CA0,CUST100085964,Month-to-Month,2023-07-06,12,2024-07-06,True,Active
CTRBF466703E3,CUST100065005,Month-to-Month,2015-02-10,24,2017-02-10,True,Active
CTR65649A03CB,CUST100053896,Month-to-Month,2016-12-03,12,2017-12-03,True,Terminated Early
CTRDE7A132936,CUST100020948,Fixed Term,2025-12-16,24,2027-12-16,False,Active
CTRA05FCF2480,CUST100045488,Fixed Term,2025-07-22,24,2027-07-22,False,Active
CTRDC93FE2486,CUST100059022,Month-to-Month,2025-01-15,0,,True,Active
CTR0999BE4C7D,CUST100001269,Enterprise SLA,2016-08-12,24,2018-08-12,True,Active
CTR2A9830DA1A,CUST100029519,Fixed Term,2020-03-10,0,,False,Active
CTR5F21F09E9B,CUST100089645,Month-to-Month,2018-03-15,0,,True,Expired
CTRF9078CED0F,CUST100025081,Fixed Term,2017-04-26,0,,True,Expired
CTR0DFAC2574E,CUST100036031,Month-to-Month,2023-10-19,12,2024-10-19,True,Active
CTR0D6D9CE4ED,CUST100066339,Month-to-Month,2024-01-23,12,2025-01-23,True,Active
CTR9C45D6BFBB,CUST100095571,Fixed Term,2017-07-13,36,2020-07-13,False,Active
CTR8036411BFC,CUST100001802,Fixed Term,2015-07-01,0,,False,Pending Renewal
CTR8A777A2EB4,CUST100076420,Fixed Term,2024-01-09,12,2025-01-09,False,Active
CTR6A6BD288B6,CUST100085587,Fixed Term,2019-03-18,36,2022-03-18,True,Active
CTR29F11AA05F,CUST100012890,Month-to-Month,2017-01-29,12,2018-01-29,False,Active
CTR4BC00EC57C,CUST100028555,Month-to-Month,2021-11-15,24,2023-11-15,False,Active
CTR4EB5627BEF,CUST100061254,Month-to-Month,2024-03-21,36,2027-03-21,True,Expired
CTR770D914CF1,CUST100078867,Fixed Term,2020-10-22,24,2022-10-22,True,Active
CTR43211A14EE,CUST100089001,Fixed Term,2017-05-24,24,2019-05-24,True,Active
CTRF8128778D5,CUST100097822,Fixed Term,2023-08-12,12,2024-08-12,False,Expired
CTRD5CDD3EC08,CUST100039880,Fixed Term,2020-12-17,24,2022-12-17,True,Terminated Early
CTRA91E680939,CUST100087490,Fixed Term,2023-02-11,12,2024-02-11,True,Active
CTR134D5CA762,CUST100094910,Month-to-Month,2022-06-11,0,,False,Expired
CTR74A0CA1DE6,CUST100004980,Month-to-Month,2023-04-02,0,,True,Active
CTR77B784EE76,CUST100020869,Fixed Term,2023-03-08,0,,True,Active
CTR5B5D375EE2,CUST100031293,Fixed Term,2022-12-21,0,,False,Expired
CTR34DE0473A4,CUST100089857,Month-to-Month,2023-08-17,24,2025-08-17,True,Active
CTR8C05289BD1,CUST100032736,Fixed Term,2018-11-26,0,,False,Pending Renewal
CTR6139E1003E,CUST100028458,Month-to-Month,2016-02-25,36,2019-02-25,False,Active
CTR8B260A58BB,CUST100034090,Month-to-Month,2018-09-07,24,2020-09-07,True,Terminated Early
CTR368214B32E,CUST100077583,Month-to-Month,2025-05-05,24,2027-05-05,True,Active
CTR06371BC05D,CUST100011054,Month-to-Month,2023-07-27,24,2025-07-27,False,Active
CTREFCF3785D8,CUST100008087,Fixed Term,2018-02-13,24,2020-02-13,True,Active
CTR9A7FACADBA,CUST100046235,Fixed Term,2025-10-12,0,,True,Active
CTR63AF705B94,CUST100045622,Fixed Term,2024-10-02,0,,False,Expired
CTRF10311E351,CUST100003180,Fixed Term,2025-01-08,24,2027-01-08,True,Active
CTRFEA6487359,CUST100056798,Month-to-Month,2023-09-18,12,2024-09-18,True,Active
CTR5AFA555F4B,CUST100058311,Fixed Term,2018-12-02,12,2019-12-02,True,Active
CTR9D55EF1069,CUST100030211,Fixed Term,2025-01-19,24,2027-01-19,False,Active
CTR7A63CA4345,CUST100049943,Fixed Term,2017-06-22,24,2019-06-22,False,Active
CTRD90225D2A8,CUST100088819,Fixed Term,2023-12-14,0,,True,Active
CTR0026D7D2BB,CUST100053679,Fixed Term,2023-04-03,24,2025-04-03,True,Active
CTR02898B6E70,CUST100002169,Fixed Term,2019-04-06,12,2020-04-06,True,Expired
CTR8099CA59FE,CUST100017164,Fixed Term,2018-04-08,12,2019-04-08,True,Active
CTR84F3857427,CUST100078930,Month-to-Month,2016-12-12,24,2018-12-12,False,Active
CTRE41B092CE8,CUST100074667,Fixed Term,2016-05-07,0,,True,Active
CTR576512B39E,CUST100093570,Fixed Term,2024-06-15,12,2025-06-15,True,Expired
CTR7DFC7180F4,CUST100007441,Fixed Term,2023-06-10,24,2025-06-10,True,Expired
CTR132CD557E7,CUST100004878,Month-to-Month,2016-11-08,0,,False,Expired
CTR5AAA43DABB,CUST100096121,Enterprise SLA,2019-09-18,0,,True,Pending Renewal
CTRCED4965C4C,CUST100011580,Fixed Term,2022-08-17,24,2024-08-17,False,Expired
CTR4791D9936F,CUST100059206,Fixed Term,2018-06-11,12,2019-06-11,True,Terminated Early
CTR8DBC86B573,CUST100047682,Fixed Term,2025-01-07,0,,False,Terminated Early
CTR9A9F2CCCF7,CUST100037948,Month-to-Month,2016-02-29,0,,True,Active
CTR2CB4CEAFEF,CUST100054318,Fixed Term,2024-06-01,0,,True,Active
CTR0D34B1651A,CUST100012686,Fixed Term,2020-07-12,12,2021-07-12,True,Active
CTR0B48E7144D,CUST100070264,Fixed Term,2016-09-08,12,2017-09-08,True,Active
CTR44BFAD85C5,CUST100096807,Fixed Term,2020-08-20,0,,True,Pending Renewal
CTR1A34AE3688,CUST100056167,Fixed Term,2018-10-18,0,,True,Terminated Early
CTRD58224F8DA,CUST100035791,Month-to-Month,2019-01-26,0,,True,Expired
CTR1CDE3A5858,CUST100093444,Fixed Term,2015-02-16,0,,True,Active
CTRCBFA37A12F,CUST100064081,Month-to-Month,2020-02-09,0,,True,Active
CTRDA5501FF3D,CUST100046266,Fixed Term,2024-01-08,24,2026-01-08,True,Active
CTRF5EBEF12ED,CUST100033304,Fixed Term,2023-10-24,24,2025-10-24,True,Active
CTRCD4A162367,CUST100090716,Month-to-Month,2018-09-19,0,,False,Active
CTR5FAE100C80,CUST100099115,Fixed Term,2025-01-31,24,2027-01-31,True,Active
CTRA77F3BE470,CUST100025318,Fixed Term,2019-03-02,12,2020-03-02,False,Active
CTR2F2B76E749,CUST100097140,Month-to-Month,2019-01-17,12,2020-01-17,True,Terminated Early
CTR9D1AF1F492,CUST100065975,Fixed Term,2018-03-18,0,,True,Expired
CTR7415F350AB,CUST100083612,Fixed Term,2019-07-26,0,,True,Terminated Early
CTR406BECFFF0,CUST100065178,Fixed Term,2016-08-05,24,2018-08-05,False,Active
CTRE5740EDA99,CUST100060492,Month-to-Month,2015-09-14,24,2017-09-14,False,Active
CTRC73D56220D,CUST100078646,Fixed Term,2020-06-02,12,2021-06-02,True,Terminated Early
CTR4353E28319,CUST100007530,Fixed Term,2016-06-23,0,,True,Active
CTR3C2893827F,CUST100043492,Fixed Term,2025-03-12,0,,False,Active
CTR11C29148B3,CUST100044697,Month-to-Month,2019-02-09,24,2021-02-09,True,Expired
CTR98BA01D4E1,CUST100015112,Fixed Term,2017-03-20,12,2018-03-20,True,Active
CTRAAEFEB986B,CUST100040567,Fixed Term,2020-04-01,12,2021-04-01,True,Active
CTRBDCF8E7649,CUST100054254,Fixed Term,2022-09-02,24,2024-09-02,False,Terminated Early
CTR38CB402506,CUST100044952,Month-to-Month,2016-08-22,12,2017-08-22,False,Active
CTR35687C4FED,CUST100040876,Month-to-Month,2023-07-31,24,2025-07-31,True,Terminated Early
CTR691BC7C7FD,CUST100003319,Fixed Term,2023-11-26,36,2026-11-26,True,Active
CTR6681E5307A,CUST100092078,Month-to-Month,2019-09-23,24,2021-09-23,True,Active
CTR3346C95D59,CUST100081091,Fixed Term,2016-01-03,24,2018-01-03,True,Pending Renewal
CTR4BEF578932,CUST100014430,Fixed Term,2019-02-20,12,2020-02-20,False,Terminated Early
CTR5FF30CCB7A,CUST100075030,Fixed Term,2018-04-26,0,,True,Active
CTREDE9EB4866,CUST100080692,Fixed Term,2017-03-07,24,2019-03-07,False,Active
CTR95F259381F,CUST100062918,Fixed Term,2016-08-29,24,2018-08-29,False,Active
CTR0284C01C22,CUST100076793,Enterprise SLA,2017-07-07,24,2019-07-07,False,Active
CTR9124F85833,CUST100059384,Fixed Term,2015-06-05,0,,False,Active
CTRD70A8EA0F4,CUST100066514,Fixed Term,2017-06-22,0,,True,Active
CTR0660270CC2,CUST100014432,Month-to-Month,2019-09-10,12,2020-09-10,False,Expired
CTRA5D8BF56C4,CUST100084093,Month-to-Month,2017-09-06,24,2019-09-06,True,Active
CTR0096BF3F97,CUST100035225,Month-to-Month,2015-10-26,0,,True,Pending Renewal
CTR9F12A2FAEE,CUST100053822,Fixed Term,2020-11-16,12,2021-11-16,True,Expired
CTRA6598CE3DE,CUST100021818,Month-to-Month,2025-06-26,0,,True,Expired
CTRBDB80C43D8,CUST100098417,Fixed Term,2015-09-25,0,,True,Active
CTRA2AC553C58,CUST100013534,Month-to-Month,2015-09-30,24,2017-09-30,False,Active
CTR9B0B89F086,CUST100011660,Fixed Term,2022-10-21,24,2024-10-21,True,Active
CTR2989D43480,CUST100000577,Fixed Term,2016-09-13,12,2017-09-13,True,Active
CTR47F85655E6,CUST100053800,Fixed Term,2020-11-06,12,2021-11-06,True,Pending Renewal
CTRA59BDFE6DC,CUST100007174,Fixed Term,2022-08-09,24,2024-08-09,False,Active
CTR28E549484B,CUST100046513,Fixed Term,2023-12-28,24,2025-12-28,True,Active
CTR764E51E13F,CUST100045584,Fixed Term,2016-06-06,24,2018-06-06,True,Active
CTREBDDAAE57C,CUST100040012,Fixed Term,2016-06-29,36,2019-06-29,True,Active
CTR1D74950DB0,CUST100092395,Fixed Term,2024-04-14,12,2025-04-14,False,Expired
CTR32BD38701E,CUST100017485,Enterprise SLA,2022-07-19,24,2024-07-19,True,Active
CTR8A2414F6F2,CUST100005493,Fixed Term,2018-03-10,12,2019-03-10,False,Active
CTRB80EDF96C8,CUST100066888,Month-to-Month,2020-05-26,12,2021-05-26,False,Active
CTR466A316453,CUST100013532,Fixed Term,2022-03-13,12,2023-03-13,True,Active
CTRE97838A3C7,CUST100063360,Enterprise SLA,2022-05-29,36,2025-05-29,False,Active
CTRB96561652A,CUST100074802,Month-to-Month,2022-08-30,24,2024-08-30,True,Active
CTR46D2827A2F,CUST100059424,Month-to-Month,2025-09-24,12,2026-09-24,False,Active
CTR5155348D60,CUST100070277,Month-to-Month,2017-01-15,24,2019-01-15,True,Expired
CTR30276C5DB7,CUST100092076,Month-to-Month,2019-10-19,24,2021-10-19,True,Active
CTR76C4B35290,CUST100037782,Month-to-Month,2018-02-04,12,2019-02-04,False,Active
CTR506014E671,CUST100077637,Month-to-Month,2020-03-25,24,2022-03-25,False,Active
CTR6AC9D25666,CUST100013403,Month-to-Month,2021-01-23,24,2023-01-23,True,Terminated Early
CTR4C1D54D44E,CUST100000933,Month-to-Month,2024-12-08,12,2025-12-08,True,Active
CTR45F811E610,CUST100083488,Fixed Term,2019-05-08,24,2021-05-08,False,Expired
CTRAAA224E7AF,CUST100084122,Month-to-Month,2025-03-06,0,,False,Expired
CTR93DB6C29A5,CUST100073796,Fixed Term,2023-05-08,0,,True,Pending Renewal
CTR0715E04844,CUST100002669,Fixed Term,2025-01-19,24,2027-01-19,False,Active
CTR8CB11BF251,CUST100080000,Month-to-Month,2024-01-17,0,,False,Expired
CTRB7A6121CE2,CUST100067095,Fixed Term,2015-06-06,0,,True,Active
CTRC737AE9FAE,CUST100069558,Fixed Term,2020-11-28,36,2023-11-28,True,Expired
CTR7AEA5CA40E,CUST100091314,Month-to-Month,2022-03-25,24,2024-03-25,True,Expired
CTR1E43F2F854,CUST100095240,Month-to-Month,2015-12-27,0,,True,Active
CTRABE170AC65,CUST100088064,Month-to-Month,2015-06-13,24,2017-06-13,True,Active
CTR0666F4A924,CUST100055477,Fixed Term,2023-11-08,0,,False,Active
CTRB4BBD32529,CUST100047016,Month-to-Month,2024-05-09,0,,True,Active
CTR40719B062F,CUST100065209,Month-to-Month,2019-07-03,12,2020-07-03,True,Expired
CTR0A607D1821,CUST100063991,Month-to-Month,2022-02-14,36,2025-02-14,True,Active
CTR7D1D3ED260,CUST100043911,Fixed Term,2025-06-03,12,2026-06-03,False,Terminated Early
CTR8E236C5B72,CUST100036404,Fixed Term,2024-03-24,12,2025-03-24,True,Expired
CTR0A04EDC756,CUST100031361,Fixed Term,2023-10-07,0,,True,Expired
CTR91FE7349C4,CUST100035247,Month-to-Month,2019-08-09,24,2021-08-09,True,Active
CTR89C7D4D3F9,CUST100061128,Fixed Term,2023-03-06,24,2025-03-06,False,Active
CTR06562AEDE2,CUST100027402,Fixed Term,2019-10-10,12,2020-10-10,True,Active
CTR556AB022CA,CUST100036786,Fixed Term,2021-08-28,12,2022-08-28,False,Active
CTR39862E81B9,CUST100037068,Fixed Term,2024-03-22,12,2025-03-22,False,Active
CTR73F9938223,CUST100061569,Fixed Term,2024-07-03,12,2025-07-03,True,Active
CTR7D646D23B7,CUST100045786,Fixed Term,2016-12-31,24,2018-12-31,False,Terminated Early
CTR5C752F68C2,CUST100040599,Month-to-Month,2018-08-30,0,,True,Terminated Early
CTR9978148A92,CUST100049833,Fixed Term,2017-05-16,0,,False,Active
CTRB6082F9239,CUST100013814,Month-to-Month,2016-03-17,24,2018-03-17,False,Active
CTR8E20773803,CUST100077056,Fixed Term,2016-10-28,12,2017-10-28,True,Active
CTR08518756F5,CUST100025170,Fixed Term,2018-10-20,0,,True,Expired
CTR5163D1F905,CUST100072371,Month-to-Month,2023-04-02,24,2025-04-02,True,Active
CTRF5F43F3900,CUST100001596,Month-to-Month,2017-11-16,0,,False,Active
CTRB0EACF3E52,CUST100095315,Fixed Term,2022-02-06,12,2023-02-06,False,Active
CTR1A9E6B27BB,CUST100020678,Fixed Term,2022-02-19,24,2024-02-19,True,Terminated Early
CTR2B99F57481,CUST100008818,Fixed Term,2015-03-01,12,2016-03-01,True,Pending Renewal
CTR544D5D2DAF,CUST100083563,Month-to-Month,2019-01-04,12,2020-01-04,False,Active
CTRD43A026059,CUST100049692,Fixed Term,2021-02-28,0,,False,Active
CTR3C805FF103,CUST100002342,Month-to-Month,2017-06-29,36,2020-06-29,False,Active
CTRA922050BEE,CUST100028226,Fixed Term,2021-11-01,24,2023-11-01,True,Active
CTRB872CB8CEF,CUST100059526,Month-to-Month,2025-12-23,36,2028-12-23,True,Active
CTREE2D384AB8,CUST100025179,Fixed Term,2022-10-07,24,2024-10-07,True,Expired
CTR536E5A17F2,CUST100036350,Month-to-Month,2022-06-25,24,2024-06-25,True,Expired
CTRB1E1AFC42E,CUST100030974,Month-to-Month,2022-01-14,24,2024-01-14,False,Expired
CTRAF7C81BBD6,CUST100004283,Month-to-Month,2018-09-23,12,2019-09-23,False,Terminated Early
CTRB28E19BECC,CUST100018675,Fixed Term,2017-08-23,0,,True,Terminated Early
CTR6D73C423AA,CUST100057490,Fixed Term,2016-07-08,24,2018-07-08,True,Active
CTRC07B0936A4,CUST100093969,Month-to-Month,2016-03-25,12,2017-03-25,True,Active
CTR2BC6996402,CUST100065033,Fixed Term,2020-06-14,12,2021-06-14,False,Expired
CTR112E218006,CUST100026638,Fixed Term,2020-12-04,24,2022-12-04,True,Active
CTR0455709703,CUST100045877,Fixed Term,2016-12-28,24,2018-12-28,False,Terminated Early
CTRF103FA59ED,CUST100038243,Enterprise SLA,2025-04-16,12,2026-04-16,True,Active
CTR47C7B76185,CUST100085036,Fixed Term,2021-03-29,24,2023-03-29,False,Active
CTR2A60DDE385,CUST100080038,Month-to-Month,2019-11-17,12,2020-11-17,False,Active
CTR5DA0C2DDE6,CUST100054405,Fixed Term,2016-10-30,24,2018-10-30,False,Expired
CTR3D3452FB94,CUST100061020,Month-to-Month,2017-10-28,12,2018-10-28,True,Active
CTRB3FD2DC46A,CUST100067286,Fixed Term,2023-01-10,36,2026-01-10,False,Active
CTRB70E7E44F2,CUST100071746,Fixed Term,2016-06-22,0,,False,Active
CTR6139BE5C29,CUST100084697,Fixed Term,2015-06-01,0,,False,Active
CTR793F4BDCA3,CUST100081655,Fixed Term,2015-02-14,24,2017-02-14,False,Active
CTR36C554A3CF,CUST100005528,Fixed Term,2016-04-28,12,2017-04-28,False,Active
CTR85A13CAE7F,CUST100001017,Fixed Term,2015-02-18,24,2017-02-18,True,Terminated Early
CTR20A1CE38FF,CUST100085790,Fixed Term,2015-02-16,0,,False,Terminated Early
CTR83416F6412,CUST100095919,Fixed Term,2022-11-28,12,2023-11-28,True,Active
CTR4103C875F8,CUST100082002,Month-to-Month,2015-01-06,24,2017-01-06,True,Expired
CTRF72917C91A,CUST100033806,Fixed Term,2020-12-31,24,2022-12-31,True,Active
CTR411E25598C,CUST100015900,Fixed Term,2019-12-06,12,2020-12-06,True,Active
CTR0784752ECC,CUST100068104,Month-to-Month,2019-09-18,12,2020-09-18,True,Active
CTR100BD9510C,CUST100032683,Fixed Term,2025-05-10,0,,False,Active
CTR70B06138FA,CUST100047335,Enterprise SLA,2021-08-28,0,,True,Active
CTR850D77E467,CUST100032554,Fixed Term,2022-12-10,0,,True,Active
CTRDA1725BB3A,CUST100094504,Fixed Term,2020-01-08,12,2021-01-08,False,Active
CTR38DEA78835,CUST100082681,Fixed Term,2019-04-04,24,2021-04-04,True,Active
CTR8DD943235F,CUST100067869,Fixed Term,2025-09-20,12,2026-09-20,True,Active
CTR7284403F78,CUST100078750,Fixed Term,2017-06-27,24,2019-06-27,False,Active
CTR1532A9371B,CUST100055486,Fixed Term,2015-11-07,0,,True,Active
CTRE95A4924B1,CUST100009459,Fixed Term,2016-01-12,0,,True,Expired
CTR4A54CF1FC5,CUST100091891,Fixed Term,2023-05-14,24,2025-05-14,False,Active
CTR7CA3DB4407,CUST100073534,Month-to-Month,2016-11-12,0,,False,Active
CTR436E493E4F,CUST100016124,Fixed Term,2017-08-29,12,2018-08-29,False,Expired
CTR980DFA7173,CUST100052893,Fixed Term,2023-08-02,12,2024-08-02,True,Active
CTR77D4EA71BD,CUST100066515,Fixed Term,2022-06-12,0,,True,Active
CTR0A3B9B7B51,CUST100064304,Month-to-Month,2019-06-29,12,2020-06-29,True,Active
CTR32A4C11DAE,CUST100069022,Fixed Term,2018-11-09,24,2020-11-09,True,Pending Renewal
CTR2DE9FE54D8,CUST100093036,Enterprise SLA,2016-07-28,24,2018-07-28,True,Active
CTR8949096AA1,CUST100036082,Fixed Term,2022-04-15,0,,False,Active
CTRE0E148964C,CUST100091233,Fixed Term,2016-03-31,0,,True,Active
CTRC0544F58F8,CUST100074439,Fixed Term,2022-10-15,24,2024-10-15,True,Terminated Early
CTR4FA0AADB54,CUST100053398,Fixed Term,2021-06-03,0,,True,Active
CTR8274FD8DA4,CUST100089126,Month-to-Month,2025-02-20,0,,False,Active
CTR1098DD508A,CUST100011130,Month-to-Month,2023-12-30,12,2024-12-30,False,Active
CTR3E8A60C727,CUST100085184,Fixed Term,2015-01-24,0,,True,Pending Renewal
CTR7252DCED85,CUST100065595,Month-to-Month,2018-11-02,24,2020-11-02,False,Terminated Early
CTRF04AE9F887,CUST100085735,Fixed Term,2022-09-30,12,2023-09-30,True,Pending Renewal
CTRF643E08430,CUST100028464,Month-to-Month,2016-11-17,24,2018-11-17,False,Active
CTR6532C699CF,CUST100082726,Month-to-Month,2020-02-17,24,2022-02-17,False,Terminated Early
CTR3C3DB9AF82,CUST100055699,Fixed Term,2024-02-06,24,2026-02-06,True,Pending Renewal
CTR3339A1395D,CUST100046826,Month-to-Month,2021-09-11,12,2022-09-11,True,Active
CTRE06A86EC8D,CUST100045043,Fixed Term,2021-04-02,0,,True,Active
CTR63AB78C708,CUST100075070,Fixed Term,2018-12-28,12,2019-12-28,False,Active
CTRF248C1D95C,CUST100069535,Fixed Term,2021-04-24,24,2023-04-24,True,Active
CTRD65F1ACF76,CUST100055897,Fixed Term,2017-06-03,0,,True,Active
CTRD12960F526,CUST100092351,Month-to-Month,2015-06-21,24,2017-06-21,True,Expired
CTR788F4F4CE9,CUST100057142,Fixed Term,2021-04-23,24,2023-04-23,False,Expired
CTR479FD4FC7B,CUST100012129,Fixed Term,2018-11-16,24,2020-11-16,True,Active
CTRB917FE3658,CUST100008799,Month-to-Month,2025-10-11,0,,True,Terminated Early
CTRFA63B47550,CUST100089716,Fixed Term,2018-02-11,36,2021-02-11,True,Expired
CTR2E6E81ABE7,CUST100021152,Fixed Term,2024-06-12,0,,False,Terminated Early
CTR2ED36ACC72,CUST100044294,Month-to-Month,2019-03-17,24,2021-03-17,False,Expired
CTR4A3819EF50,CUST100090706,Fixed Term,2023-09-23,12,2024-09-23,True,Active
CTRB58732237E,CUST100018755,Month-to-Month,2015-12-05,12,2016-12-05,False,Active
CTR9FE28C9EF7,CUST100027994,Fixed Term,2022-04-20,0,,True,Active
CTRF869500775,CUST100020030,Fixed Term,2019-05-14,0,,False,Active
CTR833C757A1D,CUST100041071,Fixed Term,2017-10-11,24,2019-10-11,True,Active
CTR3B74E5C3E0,CUST100021402,Month-to-Month,2018-07-29,0,,False,Expired
CTRCF3C41DF89,CUST100085696,Fixed Term,2021-03-17,0,,False,Active
CTREC841E19CB,CUST100040008,Month-to-Month,2022-02-24,12,2023-02-24,False,Terminated Early
CTR60F5E97C42,CUST100014339,Enterprise SLA,2018-06-15,12,2019-06-15,True,Active
CTR372E00119D,CUST100079681,Fixed Term,2025-10-01,0,,True,Active
CTR425CF1B0F9,CUST100061840,Fixed Term,2015-05-22,24,2017-05-22,True,Expired
CTRC02AFB7C6D,CUST100062031,Fixed Term,2021-03-28,0,,False,Active
CTRA015FE9C0C,CUST100016145,Enterprise SLA,2020-10-10,12,2021-10-10,True,Terminated Early
CTR8812C8DBFD,CUST100030638,Fixed Term,2016-01-07,24,2018-01-07,True,Active
CTRF97E8E832F,CUST100049534,Fixed Term,2020-03-02,12,2021-03-02,False,Active
CTR67FD304C36,CUST100007082,Enterprise SLA,2025-08-09,24,2027-08-09,True,Active
CTREB4826C9DC,CUST100090374,Month-to-Month,2018-04-29,24,2020-04-29,True,Terminated Early
CTR5F1A03CAD3,CUST100014138,Fixed Term,2025-02-11,12,2026-02-11,True,Active
CTRAA035F92DD,CUST100059033,Month-to-Month,2023-10-31,24,2025-10-31,False,Active
CTR801EA4B962,CUST100072524,Month-to-Month,2023-10-11,24,2025-10-11,True,Active
CTR597E9BAAC4,CUST100049426,Fixed Term,2018-02-05,12,2019-02-05,True,Terminated Early
CTR793505C8EF,CUST100046653,Fixed Term,2022-02-14,12,2023-02-14,False,Active
CTRD469E7BE64,CUST100051334,Month-to-Month,2022-02-10,0,,True,Expired
CTRE5A87FD792,CUST100090014,Fixed Term,2015-08-23,0,,False,Active
CTR24DC34CA60,CUST100078322,Month-to-Month,2018-06-19,36,2021-06-19,False,Active
CTR6DB2C97174,CUST100093981,Fixed Term,2025-01-05,12,2026-01-05,True,Active
CTRA56F3E7212,CUST100029396,Month-to-Month,2022-09-20,24,2024-09-20,True,Pending Renewal
CTR67D688C372,CUST100029023,Fixed Term,2016-11-16,12,2017-11-16,True,Active
CTR89826CB00D,CUST100071180,Fixed Term,2024-01-28,0,,True,Active
CTRA559B9BE8A,CUST100071520,Fixed Term,2018-05-02,24,2020-05-02,False,Active
CTR39E802E2CD,CUST100025290,Fixed Term,2015-05-05,0,,False,Active
CTRA197B1CFEA,CUST100069337,Fixed Term,2017-04-15,24,2019-04-15,True,Active
CTRED478B6917,CUST100000348,Fixed Term,2022-09-04,12,2023-09-04,False,Terminated Early
CTREAC00C89D1,CUST100037183,Month-to-Month,2025-08-24,0,,True,Expired
CTR8F8E31DBB5,CUST100097568,Month-to-Month,2025-04-12,0,,False,Active
CTR9E68AEEAB7,CUST100074523,Fixed Term,2018-09-01,24,2020-09-01,True,Active
CTR0F8C06C1BB,CUST100099772,Fixed Term,2021-07-10,12,2022-07-10,True,Active
CTR246CBA8616,CUST100066611,Fixed Term,2022-11-17,0,,True,Expired
CTR04EF6D4585,CUST100042173,Month-to-Month,2018-02-14,24,2020-02-14,True,Active
CTRF782BB391A,CUST100065176,Enterprise SLA,2025-06-03,0,,True,Expired
CTRD8B17C1EB4,CUST100011888,Fixed Term,2016-03-09,12,2017-03-09,True,Active
CTRA64B013963,CUST100069297,Month-to-Month,2018-06-01,24,2020-06-01,True,Expired
CTRF27BA8298E,CUST100022230,Month-to-Month,2016-09-09,0,,False,Terminated Early
CTR2DDACAB712,CUST100020283,Month-to-Month,2019-11-09,0,,True,Active
CTR14CF63BCCD,CUST100002147,Fixed Term,2017-03-07,12,2018-03-07,True,Active
CTR29787DD577,CUST100004080,Fixed Term,2018-03-22,12,2019-03-22,True,Active
CTR123CC43588,CUST100044740,Month-to-Month,2024-03-22,12,2025-03-22,True,Expired
CTR4246A5B958,CUST100055341,Month-to-Month,2025-10-28,24,2027-10-28,False,Expired
CTR572949215E,CUST100007905,Fixed Term,2022-05-22,36,2025-05-22,False,Active
CTRABBC135DF9,CUST100044433,Month-to-Month,2019-01-19,24,2021-01-19,False,Active
CTR8E3D7748C8,CUST100085597,Month-to-Month,2019-08-15,0,,False,Active
CTR14F5402502,CUST100029362,Month-to-Month,2023-02-15,12,2024-02-15,False,Active
CTRD0AAD33FAE,CUST100011068,Enterprise SLA,2017-01-16,0,,False,Active
CTREA90DF41CE,CUST100037741,Month-to-Month,2016-12-25,12,2017-12-25,False,Active
CTRF1E0CC0A33,CUST100074386,Fixed Term,2020-03-03,24,2022-03-03,True,Active
CTRE4AD5E0BC2,CUST100045563,Fixed Term,2020-01-09,24,2022-01-09,True,Terminated Early
CTR9843A278D9,CUST100012727,Fixed Term,2021-03-09,24,2023-03-09,False,Active
CTRE3D6C2C00E,CUST100028654,Fixed Term,2023-05-24,0,,False,Pending Renewal
CTRC8E89A2ADB,CUST100095691,Month-to-Month,2021-04-12,0,,False,Active
CTRD78B6D679A,CUST100021364,Fixed Term,2018-07-28,12,2019-07-28,True,Terminated Early
CTRD7E9F52A2C,CUST100012382,Month-to-Month,2019-09-18,36,2022-09-18,False,Expired
CTREC3B982ECF,CUST100091830,Fixed Term,2024-12-25,24,2026-12-25,True,Expired
CTR1148228DCF,CUST100079716,Month-to-Month,2015-09-23,12,2016-09-23,False,Expired
CTR539EC5925D,CUST100022943,Fixed Term,2017-06-09,24,2019-06-09,True,Expired
CTR540F71B1DB,CUST100009416,Fixed Term,2018-07-26,24,2020-07-26,True,Terminated Early
CTR6D1947D034,CUST100062006,Fixed Term,2024-08-02,12,2025-08-02,False,Expired
CTR3FB35CD02B,CUST100080417,Fixed Term,2017-03-21,24,2019-03-21,True,Active
CTR9F1A9ADDD4,CUST100040407,Fixed Term,2015-12-06,0,,True,Active
CTR466048EF33,CUST100090498,Fixed Term,2017-08-15,24,2019-08-15,True,Active
CTR402BAD5E6D,CUST100059814,Fixed Term,2022-06-28,0,,False,Expired
CTR7D50B3ACA5,CUST100092932,Fixed Term,2019-12-17,24,2021-12-17,False,Active
CTRB691F83FAE,CUST100024677,Month-to-Month,2024-01-27,0,,False,Active
CTR7234E9D8DE,CUST100018938,Fixed Term,2025-10-30,0,,True,Expired
CTRD8F4EC2557,CUST100061131,Month-to-Month,2018-08-29,0,,False,Expired
CTR72622A6276,CUST100069198,Month-to-Month,2020-09-28,0,,True,Terminated Early
CTRD5AB1254D2,CUST100097872,Fixed Term,2022-04-21,0,,False,Active
CTR5640AAC604,CUST100082743,Month-to-Month,2018-05-06,24,2020-05-06,True,Active
CTRE33B302CAF,CUST100085537,Fixed Term,2016-09-02,0,,True,Active
CTRC47F910FE3,CUST100063372,Month-to-Month,2018-12-22,24,2020-12-22,False,Active
CTR28FCB56E54,CUST100002362,Month-to-Month,2020-11-24,24,2022-11-24,True,Active
CTR880843B92A,CUST100048372,Fixed Term,2025-09-12,12,2026-09-12,False,Terminated Early
CTRAA961B4E6C,CUST100044305,Month-to-Month,2018-07-14,24,2020-07-14,True,Active
CTR78AE9C6E3F,CUST100059598,Month-to-Month,2015-01-13,0,,True,Active
CTR27AAB5D8B4,CUST100059296,Fixed Term,2020-01-06,12,2021-01-06,False,Active
CTRC6153EBE79,CUST100094957,Month-to-Month,2016-06-20,36,2019-06-20,False,Pending Renewal
CTR97C4F58E83,CUST100053751,Fixed Term,2021-09-01,12,2022-09-01,True,Active
CTRC229BC5FFC,CUST100038711,Month-to-Month,2015-11-08,12,2016-11-08,False,Active
CTRD9F1A74F90,CUST100082132,Fixed Term,2021-01-04,12,2022-01-04,True,Active
CTR58A02BFA4A,CUST100033756,Fixed Term,2018-05-26,0,,False,Active
CTR9B60D4AACD,CUST100043567,Month-to-Month,2017-01-28,24,2019-01-28,True,Active
CTR094CAC0653,CUST100034726,Fixed Term,2023-09-12,12,2024-09-12,True,Active
CTRCD6198D1C3,CUST100062211,Fixed Term,2020-12-15,0,,True,Active
CTRD094754E2E,CUST100068138,Month-to-Month,2018-03-25,12,2019-03-25,False,Active
CTRB58F6E0EE5,CUST100012710,Month-to-Month,2016-11-13,12,2017-11-13,False,Terminated Early
CTRAE95BE6748,CUST100035627,Month-to-Month,2015-11-14,0,,True,Expired
CTREBFE25826E,CUST100071214,Fixed Term,2022-07-03,12,2023-07-03,True,Active
CTRA3C4B9CBC5,CUST100025147,Fixed Term,2017-07-06,24,2019-07-06,False,Active
CTRAA012F3BF1,CUST100037851,Fixed Term,2025-05-18,12,2026-05-18,True,Active
CTR453109F359,CUST100077615,Month-to-Month,2015-02-15,0,,True,Active
CTR863D8AC0F7,CUST100043520,Month-to-Month,2024-04-17,24,2026-04-17,False,Active
CTR3A3DB62E5D,CUST100026814,Month-to-Month,2016-12-10,12,2017-12-10,True,Active
CTREB72F85BA0,CUST100001776,Enterprise SLA,2018-05-14,0,,True,Active
CTRA269FF01C1,CUST100014184,Fixed Term,2024-01-31,0,,False,Active
CTR46EE2A338F,CUST100046567,Fixed Term,2015-07-30,24,2017-07-30,False,Terminated Early
CTRFEB120A4B5,CUST100036155,Month-to-Month,2022-06-26,24,2024-06-26,True,Terminated Early
CTR1F6DCD1805,CUST100018594,Month-to-Month,2024-01-12,0,,False,Active
CTR0260B58729,CUST100028155,Month-to-Month,2023-04-01,24,2025-04-01,True,Expired
CTR33118BEA11,CUST100027476,Fixed Term,2021-03-16,12,2022-03-16,True,Active
CTRAAF60E06B6,CUST100041994,Fixed Term,2016-12-06,24,2018-12-06,False,Active
CTR448D3CD30A,CUST100035739,Month-to-Month,2021-02-04,12,2022-02-04,False,Pending Renewal
CTR5BFF1725A3,CUST100034524,Fixed Term,2017-07-28,12,2018-07-28,True,Active
CTR205159080D,CUST100085911,Fixed Term,2020-06-23,36,2023-06-23,True,Active
CTR11F8214E11,CUST100026855,Fixed Term,2022-07-26,24,2024-07-26,False,Pending Renewal
CTR2989DF9145,CUST100007619,Month-to-Month,2023-01-08,0,,False,Expired
CTREBC3C44CB4,CUST100035474,Fixed Term,2025-11-21,0,,True,Active
CTR52E3BA7EAE,CUST100042912,Fixed Term,2016-12-12,36,2019-12-12,True,Active
CTR185C5C89E1,CUST100058468,Month-to-Month,2022-09-30,36,2025-09-30,True,Active
CTRB51042FECF,CUST100077354,Month-to-Month,2015-06-14,12,2016-06-14,False,Expired
CTRBED8BF3868,CUST100092769,Fixed Term,2022-12-21,12,2023-12-21,False,Active
CTRC7F71090A8,CUST100047807,Fixed Term,2015-11-12,0,,True,Active
CTR942421A159,CUST100080252,Month-to-Month,2017-01-14,24,2019-01-14,True,Active
CTRC63C000320,CUST100075186,Fixed Term,2024-08-23,0,,False,Active
CTR303A7EBE0D,CUST100031263,Fixed Term,2016-02-06,12,2017-02-06,True,Active
CTR5F27F1B0EF,CUST100052806,Fixed Term,2019-05-13,24,2021-05-13,True,Terminated Early
CTRA328E44604,CUST100007306,Fixed Term,2020-05-14,24,2022-05-14,False,Active
CTRF69C8E2857,CUST100097882,Month-to-Month,2021-09-24,12,2022-09-24,False,Active
CTREBE5AC3C06,CUST100062134,Fixed Term,2018-04-02,36,2021-04-02,True,Active
CTRA73D303230,CUST100055951,Month-to-Month,2021-08-26,12,2022-08-26,True,Active
CTRCF9C8D49DA,CUST100034310,Fixed Term,2017-07-17,24,2019-07-17,False,Expired
CTR1F7AC4D2BC,CUST100004212,Fixed Term,2015-12-11,0,,True,Active
CTRB7D595F909,CUST100029343,Fixed Term,2025-02-17,0,,False,Active
CTR486F757A2D,CUST100033522,Month-to-Month,2022-12-27,24,2024-12-27,False,Active
CTRD6FA0BC39B,CUST100013462,Fixed Term,2022-06-12,24,2024-06-12,True,Active
CTR3FD71D434F,CUST100011833,Month-to-Month,2024-08-22,12,2025-08-22,True,Terminated Early
CTRB5716C6EBB,CUST100099710,Month-to-Month,2021-04-01,24,2023-04-01,False,Active
CTR30AA4447CD,CUST100005085,Month-to-Month,2019-04-19,24,2021-04-19,True,Active
CTR8CEA5298E1,CUST100072590,Fixed Term,2019-07-07,0,,True,Active
CTR74859AE003,CUST100084567,Fixed Term,2022-12-09,0,,False,Expired
CTR441D0FD7B4,CUST100016353,Month-to-Month,2020-08-21,24,2022-08-21,True,Expired
CTR26F0C44B47,CUST100081840,Fixed Term,2016-04-07,12,2017-04-07,False,Active
CTRA4678E7039,CUST100086580,Month-to-Month,2023-11-20,24,2025-11-20,False,Active
CTR4822CCB649,CUST100015237,Month-to-Month,2019-01-31,24,2021-01-31,False,Active
CTR4772F297D7,CUST100086722,Month-to-Month,2024-06-11,0,,False,Pending Renewal
CTR88103FAF34,CUST100091924,Fixed Term,2019-10-15,12,2020-10-15,True,Active
CTRD730A0993F,CUST100044542,Month-to-Month,2016-01-10,0,,False,Active
CTR2CD36F8957,CUST100081408,Month-to-Month,2017-12-07,24,2019-12-07,True,Active
CTR703BC0C5D2,CUST100011422,Month-to-Month,2017-11-03,0,,False,Active
CTRD16EFA09D0,CUST100020916,Month-to-Month,2017-02-27,24,2019-02-27,True,Active
CTR1F2457FCDF,CUST100006219,Fixed Term,2025-03-28,24,2027-03-28,True,Expired
CTR44FA9012BA,CUST100066349,Enterprise SLA,2015-05-09,0,,False,Terminated Early
CTRA81F195EF7,CUST100006792,Fixed Term,2019-07-20,0,,False,Terminated Early
CTRE623A5AF43,CUST100025578,Fixed Term,2018-09-21,24,2020-09-21,True,Active
CTR6EB2A24ACD,CUST100014606,Enterprise SLA,2020-08-06,12,2021-08-06,True,Active
CTR1686D9E387,CUST100012794,Fixed Term,2025-02-26,24,2027-02-26,True,Terminated Early
CTR62F61480E5,CUST100066319,Fixed Term,2019-05-26,24,2021-05-26,False,Expired
CTR957C295481,CUST100085662,Enterprise SLA,2018-04-21,24,2020-04-21,True,Active
CTRA97E9DCC2B,CUST100074434,Fixed Term,2015-07-04,24,2017-07-04,True,Active
CTRAF8839AC57,CUST100094208,Month-to-Month,2022-03-27,12,2023-03-27,False,Active
CTRA951812FB5,CUST100069795,Month-to-Month,2023-05-09,0,,True,Terminated Early
CTRECCC9A73B5,CUST100098592,Month-to-Month,2022-08-04,12,2023-08-04,True,Active
CTRDFD678D508,CUST100067212,Fixed Term,2024-10-23,0,,True,Active
CTRB7CD692A6B,CUST100096924,Month-to-Month,2023-09-09,12,2024-09-09,True,Expired
CTRE3CBF6296F,CUST100043498,Fixed Term,2022-01-23,12,2023-01-23,False,Active
CTRCC76E0472F,CUST100020308,Month-to-Month,2015-11-15,0,,True,Active
CTR8D570E4413,CUST100093414,Fixed Term,2025-08-07,12,2026-08-07,True,Active
CTRB1859E2B73,CUST100059430,Month-to-Month,2017-04-08,12,2018-04-08,True,Active
CTRA0CA624DEA,CUST100085203,Month-to-Month,2021-12-11,36,2024-12-11,False,Active
CTRD0913E51CB,CUST100082806,Fixed Term,2019-02-13,12,2020-02-13,False,Active
CTRE4BC896F68,CUST100057342,Fixed Term,2022-02-06,12,2023-02-06,False,Active
CTRD5F70EED62,CUST100034952,Fixed Term,2020-05-10,0,,True,Active
CTR14F87AADFB,CUST100061923,Fixed Term,2018-02-10,0,,True,Active
CTR364665F2F9,CUST100011045,Month-to-Month,2016-02-27,24,2018-02-27,True,Active
CTRFE14FFCB7E,CUST100026090,Fixed Term,2024-01-18,24,2026-01-18,True,Active
CTR6D2574F6E5,CUST100092753,Fixed Term,2017-10-19,24,2019-10-19,False,Active
CTRF37130792C,CUST100080021,Month-to-Month,2022-02-03,24,2024-02-03,True,Active
CTRB59A83A3F8,CUST100023416,Fixed Term,2019-08-30,12,2020-08-30,False,Active
CTR026B840646,CUST100042654,Fixed Term,2022-12-13,24,2024-12-13,True,Active
CTRB8F7ECAD0E,CUST100062412,Fixed Term,2017-09-15,0,,False,Terminated Early
CTR9FE9E53BA1,CUST100020857,Month-to-Month,2024-08-19,0,,True,Pending Renewal
CTR0F93B8A344,CUST100072599,Fixed Term,2021-09-20,0,,True,Active
CTR2C7970874D,CUST100029131,Month-to-Month,2019-09-15,24,2021-09-15,False,Active
CTRBED3C923BC,CUST100060340,Enterprise SLA,2015-09-29,12,2016-09-29,True,Active
CTRE4B9154E30,CUST100041370,Fixed Term,2023-06-23,12,2024-06-23,True,Active
CTR8A2560DD19,CUST100048119,Fixed Term,2023-05-04,24,2025-05-04,True,Active
CTRB83D434DE3,CUST100098202,Fixed Term,2019-08-21,12,2020-08-21,False,Expired
CTR687EE5B33C,CUST100063023,Enterprise SLA,2020-09-06,24,2022-09-06,False,Active
CTR45AD10507A,CUST100093506,Fixed Term,2021-08-12,24,2023-08-12,True,Active
CTR7AE770B7B5,CUST100032103,Month-to-Month,2023-09-06,0,,True,Pending Renewal
CTRF6763E7E9F,CUST100007687,Fixed Term,2021-08-24,24,2023-08-24,False,Active
CTR5F92788FF3,CUST100044843,Month-to-Month,2024-06-22,12,2025-06-22,False,Expired
CTR4423F1512F,CUST100077511,Fixed Term,2022-09-15,0,,False,Active
CTR98D12429A7,CUST100045470,Month-to-Month,2024-11-03,24,2026-11-03,False,Pending Renewal
CTR1F1C9A35EC,CUST100072245,Fixed Term,2025-01-01,0,,True,Active
CTR6F5E5DE7AF,CUST100066948,Fixed Term,2016-08-12,24,2018-08-12,False,Active
CTR220BA1DE42,CUST100099709,Month-to-Month,2019-07-11,12,2020-07-11,True,Active
CTR9BC78BA142,CUST100022536,Enterprise SLA,2016-03-22,12,2017-03-22,False,Active
CTR0DD7B3A52B,CUST100006215,Fixed Term,2020-12-28,0,,False,Active
CTRCECF9183D3,CUST100005580,Fixed Term,2022-03-25,12,2023-03-25,True,Active
CTRC3226FA401,CUST100080284,Month-to-Month,2015-10-25,24,2017-10-25,True,Active
CTR2FED358558,CUST100031640,Month-to-Month,2017-06-27,24,2019-06-27,True,Active
CTR6A409DE519,CUST100001024,Month-to-Month,2016-06-26,0,,True,Terminated Early
CTRDACB090DB4,CUST100035028,Month-to-Month,2023-12-05,24,2025-12-05,False,Active
CTREF7496203B,CUST100053135,Fixed Term,2017-02-19,12,2018-02-19,True,Active
CTR7D5962C0B9,CUST100012311,Fixed Term,2024-12-14,36,2027-12-14,True,Active
CTR0A9890AA5B,CUST100024056,Fixed Term,2016-02-27,0,,True,Expired
CTR904921280E,CUST100059601,Month-to-Month,2023-05-20,12,2024-05-20,True,Terminated Early
CTR0FEAE45366,CUST100097516,Fixed Term,2022-05-14,0,,True,Active
CTR320E5D0101,CUST100068584,Fixed Term,2018-04-24,24,2020-04-24,True,Expired
CTRCCCEC197CE,CUST100051871,Month-to-Month,2020-01-27,24,2022-01-27,True,Active
CTR2BD1F23A17,CUST100037886,Month-to-Month,2025-04-03,12,2026-04-03,True,Active
CTR2582866CF7,CUST100029124,Month-to-Month,2020-07-18,24,2022-07-18,True,Active
CTRFEED8B2D94,CUST100051047,Month-to-Month,2023-01-08,0,,False,Active
CTR7814BE438F,CUST100037679,Fixed Term,2024-10-01,0,,False,Active
CTRB83793008E,CUST100031432,Month-to-Month,2019-11-17,24,2021-11-17,True,Expired
CTR26531AE09C,CUST100079306,Enterprise SLA,2023-12-20,12,2024-12-20,False,Expired
CTR5BBCFF94B7,CUST100008490,Month-to-Month,2016-04-20,36,2019-04-20,True,Terminated Early
CTRB8F6A9E47E,CUST100049167,Enterprise SLA,2017-07-16,12,2018-07-16,True,Active
CTRCEB8E268A4,CUST100057531,Fixed Term,2020-05-23,12,2021-05-23,False,Active
CTR3BCF76BB78,CUST100012089,Fixed Term,2025-07-19,24,2027-07-19,True,Active
CTRA43735F58F,CUST100090017,Enterprise SLA,2020-12-08,24,2022-12-08,True,Active
CTR38987A68F5,CUST100044300,Fixed Term,2023-08-03,0,,True,Active
CTRA504699065,CUST100045220,Fixed Term,2021-11-20,0,,True,Expired
CTR16E989BD06,CUST100065527,Month-to-Month,2022-12-09,24,2024-12-09,False,Active
CTR79939AF313,CUST100003914,Month-to-Month,2019-09-04,0,,True,Active
CTR17639AE6BE,CUST100092830,Fixed Term,2024-12-18,12,2025-12-18,True,Active
CTR6169C0831A,CUST100074144,Fixed Term,2023-10-03,36,2026-10-03,False,Active
CTR85955C761A,CUST100046589,Fixed Term,2023-02-14,12,2024-02-14,True,Active
CTRAE5EB593E2,CUST100050763,Enterprise SLA,2024-07-07,24,2026-07-07,False,Terminated Early
CTR1C0952C44A,CUST100091082,Fixed Term,2019-11-01,24,2021-11-01,False,Active
CTRA5B8216BFA,CUST100067145,Fixed Term,2020-08-01,12,2021-08-01,True,Active
CTR0BD73F46FD,CUST100033096,Month-to-Month,2016-10-31,0,,False,Active
CTRD7764B1548,CUST100077439,Month-to-Month,2025-09-07,0,,True,Active
CTR81D9C1ED39,CUST100057738,Fixed Term,2021-04-19,0,,False,Active
CTR419105FAEE,CUST100062117,Month-to-Month,2019-09-01,12,2020-09-01,True,Terminated Early
CTRD68E0B2B42,CUST100032037,Fixed Term,2019-02-02,0,,True,Expired
CTR49E23A2D33,CUST100085221,Fixed Term,2017-05-28,24,2019-05-28,False,Active
