invoice_id,customer_id,invoice_date,due_date,amount_due,tax_amount,total_amount,status
INV0D2FEF43A6,CUST100078327,2025-10-26,2025-11-16,103.96,8.32,112.28,Paid
INVAB8B07E55D,CUST100037707,2026-06-23,2026-07-14,267.21,21.38,288.59,Paid
INVCD9225AF12,CUST100060028,2026-05-27,2026-06-17,189.31,15.14,204.45,Paid
INV9D234A07C0,CUST100003634,2026-02-25,2026-03-18,49.94,4.0,53.94,Paid
INV6FDC752B47,CUST100000114,2026-05-11,2026-06-01,117.66,9.41,127.07,Paid
INV186B946BBE,CUST100051184,2025-12-01,2025-12-22,162.47,13.0,175.47,Paid
INV4F3DDDCD01,CUST100086208,2025-12-25,2026-01-15,125.17,10.01,135.18,Paid
INVB33CE07A3D,CUST100045326,2025-11-19,2025-12-10,183.77,14.7,198.47,Paid
INVB81D43C2C5,CUST100036076,2025-10-01,2025-10-22,61.45,4.92,66.37,Unpaid
INV865DEF9965,CUST100013153,2025-09-04,2025-09-25,227.43,18.19,245.62,Unpaid
INVED2B0D5E10,CUST100055059,2026-01-15,2026-02-05,73.83,5.91,79.74,Paid
INV58C634C0F8,CUST100020704,2026-01-22,2026-02-12,47.35,3.79,51.14,Partially Paid
INV8A0EB41664,CUST100058816,2026-06-18,2026-07-09,53.68,4.29,57.97,Paid
INVA9526161BC,CUST100011618,2025-11-19,2025-12-10,145.56,11.64,157.2,Unpaid
INV48BD9D5A24,CUST100087354,2025-12-08,2025-12-29,31.74,2.54,34.28,Unpaid
INVE00824BCC6,CUST100022892,2025-08-10,2025-08-31,25.72,2.06,27.78,Unpaid
INV0C4EBE93C4,CUST100069393,2025-09-27,2025-10-18,184.82,14.79,199.61,Partially Paid
INV5C9406E095,CUST100091422,2026-04-04,2026-04-25,388.77,31.1,419.87,Paid
INV0F23E163FE,CUST100012680,2025-12-03,2025-12-24,282.29,22.58,304.87,Paid
INVFD79C01901,CUST100006323,2026-05-04,2026-05-25,199.2,15.94,215.14,Unpaid
INV3C804D1BA0,CUST100097114,2025-10-29,2025-11-19,211.58,16.93,228.51,Unpaid
INV88BFD13C36,CUST100073334,2026-04-06,2026-04-27,148.56,11.88,160.44,Unpaid
INVCA5CEA9CF9,CUST100043540,2025-09-30,2025-10-21,161.85,12.95,174.8,Unpaid
INVE59D1FA229,CUST100068080,2026-06-13,2026-07-04,299.06,23.92,322.98,Partially Paid
INV65CC2E0E7A,CUST100002646,2025-11-01,2025-11-22,394.13,31.53,425.66,Paid
INV9135F86323,CUST100053099,2026-03-05,2026-03-26,82.84,6.63,89.47,Paid
INVBC15AD8627,CUST100038510,2025-10-07,2025-10-28,130.74,10.46,141.2,Overdue
INV165898ACDE,CUST100062934,2026-02-09,2026-03-02,388.32,31.07,419.39,Paid
INVC4D8D04611,CUST100024863,2026-05-17,2026-06-07,231.46,18.52,249.98,Unpaid
INV33C043AE67,CUST100030217,2025-10-14,2025-11-04,146.4,11.71,158.11,Overdue
INV7FA1F0E821,CUST100089916,2026-04-24,2026-05-15,218.34,17.47,235.81,Paid
INV0B84A29EF1,CUST100031099,2026-03-19,2026-04-09,56.88,4.55,61.43,Paid
INV0DDA4E8507,CUST100071893,2026-03-12,2026-04-02,302.02,24.16,326.18,Paid
INV0C49920954,CUST100073968,2026-02-20,2026-03-13,326.99,26.16,353.15,Paid
INV72C892921C,CUST100096156,2025-11-03,2025-11-24,227.82,18.23,246.05,Paid
INVB2E75D6756,CUST100037947,2025-12-13,2026-01-03,229.36,18.35,247.71,Paid
INV77DE2FAD14,CUST100027250,2026-06-13,2026-07-04,282.81,22.62,305.43,Paid
INVB2CD24FB6C,CUST100045038,2025-10-14,2025-11-04,109.9,8.79,118.69,Partially Paid
INVFECF2910D4,CUST100063537,2025-08-18,2025-09-08,115.1,9.21,124.31,Paid
INV15AA991CE4,CUST100048012,2025-10-30,2025-11-20,305.65,24.45,330.1,Partially Paid
INVB81C6148B7,CUST100009854,2025-12-31,2026-01-21,236.29,18.9,255.19,Overdue
INV54B86DD032,CUST100094598,2026-06-09,2026-06-30,160.35,12.83,173.18,Paid
INV89CE2D04DA,CUST100015293,2026-04-24,2026-05-15,311.04,24.88,335.92,Overdue
INV04BC0AB92D,CUST100015497,2026-07-19,2026-08-09,181.69,14.54,196.23,Paid
INV7C29173AE5,CUST100005932,2026-03-26,2026-04-16,277.85,22.23,300.08,Paid
INV5D108444C2,CUST100078005,2025-11-28,2025-12-19,38.66,3.09,41.75,Paid
INV8498E27312,CUST100085598,2026-05-05,2026-05-26,215.18,17.21,232.39,Overdue
INV120F386958,CUST100035480,2025-10-01,2025-10-22,266.85,21.35,288.2,Paid
INVE76A17C8FD,CUST100029064,2026-02-13,2026-03-06,189.19,15.14,204.33,Paid
INV24595247AF,CUST100070996,2026-07-09,2026-07-30,192.09,15.37,207.46,Partially Paid
INV2AD2A176E8,CUST100074755,2025-09-29,2025-10-20,75.87,6.07,81.94,Paid
INV283D6ED170,CUST100015358,2025-09-23,2025-10-14,336.69,26.94,363.63,Paid
INVDF300BE5E0,CUST100072140,2025-12-01,2025-12-22,111.63,8.93,120.56,Paid
INVCCD80C3129,CUST100034930,2025-09-01,2025-09-22,248.3,19.86,268.16,Paid
INV73F8A47916,CUST100028555,2025-08-01,2025-08-22,24.41,1.95,26.36,Partially Paid
INV4722374E45,CUST100027894,2025-08-09,2025-08-30,226.79,18.14,244.93,Paid
INVED38921854,CUST100005913,2025-10-23,2025-11-13,355.89,28.47,384.36,Partially Paid
INVE96E7EB2A5,CUST100066605,2025-08-16,2025-09-06,126.26,10.1,136.36,Unpaid
INV9D129396B1,CUST100007744,2026-01-16,2026-02-06,212.19,16.98,229.17,Partially Paid
INV659A7B5369,CUST100046055,2025-09-26,2025-10-17,215.63,17.25,232.88,Paid
INVA92CB3782B,CUST100081723,2025-08-13,2025-09-03,297.67,23.81,321.48,Partially Paid
INV8CBF90D297,CUST100042780,2026-06-06,2026-06-27,68.88,5.51,74.39,Partially Paid
INV7653657ACD,CUST100065629,2026-05-07,2026-05-28,186.77,14.94,201.71,Unpaid
INVB8BFEA1308,CUST100007572,2026-04-01,2026-04-22,358.25,28.66,386.91,Paid
INVF5F46DB333,CUST100086535,2026-06-15,2026-07-06,37.47,3.0,40.47,Paid
INV7537C05CEC,CUST100065553,2025-09-17,2025-10-08,96.25,7.7,103.95,Paid
INV080546760C,CUST100028972,2026-06-03,2026-06-24,126.26,10.1,136.36,Overdue
INV0D643BB044,CUST100016277,2026-01-24,2026-02-14,295.07,23.61,318.68,Paid
INVE00E31EC7B,CUST100023064,2026-02-01,2026-02-22,280.37,22.43,302.8,Paid
INV69121550DC,CUST100057977,2025-12-14,2026-01-04,132.14,10.57,142.71,Paid
INV4C518A3372,CUST100003439,2025-08-25,2025-09-15,256.03,20.48,276.51,Partially Paid
INV80C3A1A8FD,CUST100050216,2025-11-27,2025-12-18,316.71,25.34,342.05,Paid
INV2039AAD816,CUST100049389,2026-03-19,2026-04-09,241.76,19.34,261.1,Paid
INV6315FD2410,CUST100019960,2025-09-25,2025-10-16,281.57,22.53,304.1,Paid
INVB529354C8C,CUST100038455,2026-05-01,2026-05-22,359.37,28.75,388.12,Paid
INV5758D364E5,CUST100094250,2026-07-05,2026-07-26,321.41,25.71,347.12,Paid
INVA567A68CA3,CUST100030696,2025-11-18,2025-12-09,149.82,11.99,161.81,Paid
INV9F6BDB33C7,CUST100095930,2026-07-13,2026-08-03,285.78,22.86,308.64,Paid
INV0719C71911,CUST100046507,2025-12-21,2026-01-11,345.39,27.63,373.02,Unpaid
INVCB827A75A8,CUST100078034,2026-01-18,2026-02-08,181.74,14.54,196.28,Paid
INVF9C378541B,CUST100065829,2026-05-12,2026-06-02,228.37,18.27,246.64,Paid
INV8CDAAC40B6,CUST100075026,2025-08-19,2025-09-09,332.69,26.62,359.31,Paid
INVB47C8903DB,CUST100001629,2025-11-06,2025-11-27,198.03,15.84,213.87,Unpaid
INVB2B203975E,CUST100087347,2026-06-04,2026-06-25,137.77,11.02,148.79,Overdue
INV4EEF435C71,CUST100092848,2026-07-19,2026-08-09,91.96,7.36,99.32,Paid
INV15731ED537,CUST100015722,2026-07-09,2026-07-30,59.57,4.77,64.34,Partially Paid
INV0DB75906E5,CUST100007222,2026-01-05,2026-01-26,54.27,4.34,58.61,Unpaid
INVEC24A682A0,CUST100068529,2025-11-24,2025-12-15,245.99,19.68,265.67,Paid
INV1A5519DE97,CUST100038468,2026-06-12,2026-07-03,186.59,14.93,201.52,Paid
INV26188FA2AA,CUST100060722,2026-01-22,2026-02-12,158.83,12.71,171.54,Unpaid
INV991E0333D3,CUST100011334,2025-12-19,2026-01-09,136.63,10.93,147.56,Paid
INV66AB4DB0C9,CUST100083879,2025-08-04,2025-08-25,237.05,18.96,256.01,Paid
INV954E7B89B3,CUST100043594,2026-01-30,2026-02-20,320.76,25.66,346.42,Paid
INV21AF016075,CUST100073431,2025-10-08,2025-10-29,267.13,21.37,288.5,Overdue
INVE3B679609E,CUST100028799,2026-05-11,2026-06-01,194.83,15.59,210.42,Paid
INV2925A3B149,CUST100076444,2025-08-22,2025-09-12,252.96,20.24,273.2,Unpaid
INV4957DA1F4F,CUST100080756,2025-10-06,2025-10-27,164.91,13.19,178.1,Paid
INVBEDC51363E,CUST100012489,2025-09-30,2025-10-21,214.7,17.18,231.88,Unpaid
INV9CBD13E704,CUST100038322,2025-09-18,2025-10-09,344.04,27.52,371.56,Overdue
INV3EEBFFB4C5,CUST100024598,2025-12-11,2026-01-01,129.05,10.32,139.37,Unpaid
INVE40C12B55E,CUST100039110,2026-04-24,2026-05-15,335.87,26.87,362.74,Paid
INV38E471A9EB,CUST100052000,2026-05-30,2026-06-20,55.41,4.43,59.84,Paid
INV1A43F4989C,CUST100041599,2025-09-19,2025-10-10,73.39,5.87,79.26,Paid
INVD038E38FA6,CUST100005673,2026-06-30,2026-07-21,115.15,9.21,124.36,Paid
INV67890A6705,CUST100069611,2026-04-27,2026-05-18,235.19,18.82,254.01,Paid
INV233E45649F,CUST100085227,2026-05-07,2026-05-28,82.43,6.59,89.02,Paid
INV6D4E7F8AB7,CUST100021162,2025-08-21,2025-09-11,246.65,19.73,266.38,Partially Paid
INVBE9B7E0C00,CUST100033721,2025-11-11,2025-12-02,58.55,4.68,63.23,Partially Paid
INV7B7D2160EA,CUST100056035,2026-02-15,2026-03-08,152.29,12.18,164.47,Paid
INVD05F9D4592,CUST100034943,2025-11-03,2025-11-24,122.47,9.8,132.27,Paid
INV372702C8E9,CUST100016141,2026-03-25,2026-04-15,321.9,25.75,347.65,Overdue
INV021925C851,CUST100069231,2026-06-25,2026-07-16,238.97,19.12,258.09,Partially Paid
INV147A3F9737,CUST100040916,2026-06-06,2026-06-27,20.29,1.62,21.91,Paid
INVA98689C780,CUST100063545,2025-10-05,2025-10-26,315.71,25.26,340.97,Partially Paid
INV77A4DA4B9F,CUST100095709,2026-03-21,2026-04-11,272.12,21.77,293.89,Paid
INVAB3698FDB9,CUST100095698,2025-08-17,2025-09-07,130.84,10.47,141.31,Partially Paid
INV0ED3ECC429,CUST100048884,2025-11-10,2025-12-01,125.38,10.03,135.41,Paid
INVA481EE635A,CUST100010458,2025-09-19,2025-10-10,398.49,31.88,430.37,Paid
INV82D1DDE26E,CUST100046800,2026-03-29,2026-04-19,263.74,21.1,284.84,Paid
INVBE08C96F38,CUST100017370,2025-08-29,2025-09-19,381.13,30.49,411.62,Paid
INV8F98A4EB6B,CUST100091610,2026-07-15,2026-08-05,176.21,14.1,190.31,Paid
INV5E3EA1BDBF,CUST100004624,2026-03-07,2026-03-28,363.47,29.08,392.55,Paid
INVD42D388284,CUST100083166,2025-09-25,2025-10-16,68.37,5.47,73.84,Partially Paid
INVE4E9CE1A01,CUST100095035,2025-08-17,2025-09-07,307.51,24.6,332.11,Partially Paid
INVCCBC67E204,CUST100006660,2026-07-07,2026-07-28,282.7,22.62,305.32,Paid
INV0BE67CAD61,CUST100011113,2025-11-17,2025-12-08,228.27,18.26,246.53,Paid
INV02AC0AE0C0,CUST100057053,2025-12-07,2025-12-28,368.92,29.51,398.43,Paid
INV0FC5F18757,CUST100024451,2026-06-01,2026-06-22,139.7,11.18,150.88,Paid
INV4C2179210E,CUST100066528,2026-04-10,2026-05-01,94.32,7.55,101.87,Paid
INVBAFCC56E35,CUST100036768,2026-06-30,2026-07-21,299.8,23.98,323.78,Paid
INV12465F0789,CUST100001538,2026-05-06,2026-05-27,293.26,23.46,316.72,Paid
INV5A0AFB2740,CUST100096211,2025-08-13,2025-09-03,67.55,5.4,72.95,Partially Paid
INVE756ED4321,CUST100035260,2025-09-30,2025-10-21,351.88,28.15,380.03,Unpaid
INV438198AB07,CUST100050459,2026-03-24,2026-04-14,86.78,6.94,93.72,Paid
INV6FDC9BE204,CUST100024919,2026-01-08,2026-01-29,225.15,18.01,243.16,Unpaid
INVD0446F2D8A,CUST100008616,2025-12-17,2026-01-07,256.93,20.55,277.48,Overdue
INVED688D5BFA,CUST100032728,2026-05-03,2026-05-24,177.23,14.18,191.41,Unpaid
INV7A760E1DDC,CUST100014205,2026-04-22,2026-05-13,192.7,15.42,208.12,Paid
INVDAD3AACBA4,CUST100043854,2025-08-31,2025-09-21,129.7,10.38,140.08,Unpaid
INVA646F27ECF,CUST100032817,2026-03-17,2026-04-07,59.16,4.73,63.89,Paid
INV687597A025,CUST100000532,2025-12-29,2026-01-19,158.44,12.68,171.12,Paid
INVFFE1FF46CD,CUST100019617,2025-12-25,2026-01-15,218.13,17.45,235.58,Paid
INV5E54C6CE3B,CUST100063995,2025-09-29,2025-10-20,49.76,3.98,53.74,Paid
INV68BFC08C50,CUST100035748,2025-09-26,2025-10-17,147.55,11.8,159.35,Paid
INVDC1719AF1D,CUST100011340,2026-04-12,2026-05-03,309.86,24.79,334.65,Paid
INV1917B420EC,CUST100028904,2025-12-21,2026-01-11,379.06,30.32,409.38,Paid
INV83898CF204,CUST100034243,2026-06-17,2026-07-08,119.74,9.58,129.32,Paid
INV28C0743AF9,CUST100097907,2025-09-24,2025-10-15,290.09,23.21,313.3,Paid
INVB5D0D99D08,CUST100019050,2026-06-29,2026-07-20,138.62,11.09,149.71,Unpaid
INV8549EE4BE5,CUST100099951,2026-05-19,2026-06-09,58.36,4.67,63.03,Paid
INV869FF98968,CUST100033918,2025-11-08,2025-11-29,294.71,23.58,318.29,Paid
INV215DBECB59,CUST100084107,2026-06-15,2026-07-06,156.45,12.52,168.97,Paid
INVBEB87FEC88,CUST100067909,2025-12-09,2025-12-30,226.86,18.15,245.01,Paid
INVAB8922A0EE,CUST100079131,2026-04-15,2026-05-06,314.28,25.14,339.42,Partially Paid
INV4C47917B82,CUST100018634,2025-12-04,2025-12-25,48.71,3.9,52.61,Paid
INV83A3A090E2,CUST100071060,2025-08-12,2025-09-02,149.56,11.96,161.52,Paid
INVEA9D277D2D,CUST100043772,2025-12-21,2026-01-11,349.76,27.98,377.74,Overdue
INVD8DDC24D93,CUST100057271,2026-03-30,2026-04-20,223.18,17.85,241.03,Unpaid
INV1173321A91,CUST100013563,2026-07-01,2026-07-22,114.84,9.19,124.03,Partially Paid
INV35CAC2881D,CUST100031663,2026-04-11,2026-05-02,373.06,29.84,402.9,Paid
INV4FF163BB06,CUST100091674,2025-08-07,2025-08-28,87.17,6.97,94.14,Paid
INV2C5D231521,CUST100062033,2025-08-10,2025-08-31,208.97,16.72,225.69,Partially Paid
INV17946E7B17,CUST100030260,2026-01-03,2026-01-24,41.25,3.3,44.55,Paid
INV27832D35B4,CUST100050846,2026-04-06,2026-04-27,207.24,16.58,223.82,Paid
INV732E9F7920,CUST100065096,2026-04-11,2026-05-02,350.56,28.04,378.6,Paid
INVC22EF8CEF6,CUST100054174,2025-10-07,2025-10-28,59.7,4.78,64.48,Paid
INVE83D489FE9,CUST100061989,2025-12-19,2026-01-09,256.27,20.5,276.77,Unpaid
INV5BEA2EB642,CUST100003345,2026-03-05,2026-03-26,77.54,6.2,83.74,Paid
INV0EDD634E70,CUST100094804,2025-11-26,2025-12-17,233.82,18.71,252.53,Paid
INVA74832FD31,CUST100024840,2026-03-08,2026-03-29,387.39,30.99,418.38,Paid
INV3D5DC10A26,CUST100087255,2026-07-20,2026-08-10,257.6,20.61,278.21,Paid
INVE34EC7A7BA,CUST100077594,2025-11-15,2025-12-06,223.75,17.9,241.65,Paid
INVC55295E32A,CUST100040223,2026-05-17,2026-06-07,28.65,2.29,30.94,Overdue
INV3FCEE41A90,CUST100008063,2026-06-28,2026-07-19,54.45,4.36,58.81,Unpaid
INV1368701B0F,CUST100061996,2025-12-02,2025-12-23,328.6,26.29,354.89,Paid
INV7BCC495EBF,CUST100085481,2025-10-21,2025-11-11,368.93,29.51,398.44,Paid
INVD651932B2E,CUST100071878,2026-04-14,2026-05-05,304.73,24.38,329.11,Overdue
INV74C7D86A0F,CUST100015070,2025-11-12,2025-12-03,221.87,17.75,239.62,Paid
INV945224907E,CUST100079980,2026-05-21,2026-06-11,153.33,12.27,165.6,Paid
INV033D3A136B,CUST100099398,2026-04-09,2026-04-30,122.6,9.81,132.41,Unpaid
INV918DDA747C,CUST100084813,2026-05-10,2026-05-31,346.14,27.69,373.83,Paid
INVD46A3E646F,CUST100010554,2026-01-30,2026-02-20,175.42,14.03,189.45,Paid
INV957A577DA8,CUST100084947,2026-01-31,2026-02-21,272.02,21.76,293.78,Paid
INV00242761DE,CUST100085914,2025-11-11,2025-12-02,176.2,14.1,190.3,Overdue
INVE5E5A47E4E,CUST100083174,2025-08-14,2025-09-04,179.77,14.38,194.15,Paid
INV24B48703DA,CUST100040199,2025-12-18,2026-01-08,290.78,23.26,314.04,Paid
INV26A20E0706,CUST100034474,2025-11-02,2025-11-23,123.74,9.9,133.64,Unpaid
INVE49CF99D4F,CUST100002875,2026-07-10,2026-07-31,71.23,5.7,76.93,Overdue
INVC75BAF0302,CUST100082884,2026-02-09,2026-03-02,186.22,14.9,201.12,Paid
INV17EED1FFD9,CUST100056945,2025-12-25,2026-01-15,93.52,7.48,101.0,Paid
INVEFB7DDDE02,CUST100083494,2025-09-08,2025-09-29,371.32,29.71,401.03,Overdue
INV7468B09391,CUST100003789,2025-12-19,2026-01-09,222.75,17.82,240.57,Overdue
INV6998988FFA,CUST100035243,2026-05-10,2026-05-31,308.61,24.69,333.3,Paid
INV29B36F32E7,CUST100054311,2026-07-13,2026-08-03,114.06,9.12,123.18,Paid
INV08EBB8F537,CUST100079948,2025-08-07,2025-08-28,81.66,6.53,88.19,Paid
INVB85F399193,CUST100074312,2026-06-11,2026-07-02,183.64,14.69,198.33,Paid
INVE60CB919E7,CUST100065059,2026-04-18,2026-05-09,210.52,16.84,227.36,Overdue
INVD420476849,CUST100028810,2026-04-13,2026-05-04,183.45,14.68,198.13,Paid
INV96913FFF8B,CUST100007745,2026-05-06,2026-05-27,136.94,10.96,147.9,Paid
INV8E399D9086,CUST100056297,2025-10-25,2025-11-15,337.27,26.98,364.25,Overdue
INV35E2AA55D5,CUST100029820,2025-10-03,2025-10-24,137.42,10.99,148.41,Paid
INV9E97273FF5,CUST100037549,2025-12-08,2025-12-29,265.01,21.2,286.21,Paid
INVC60B3DF5E3,CUST100064835,2026-06-05,2026-06-26,380.69,30.46,411.15,Overdue
INV7858C65F18,CUST100086746,2026-02-25,2026-03-18,325.28,26.02,351.3,Paid
INVA6B0711BC8,CUST100047564,2025-10-22,2025-11-12,251.54,20.12,271.66,Paid
INV616639309C,CUST100023428,2025-11-19,2025-12-10,379.15,30.33,409.48,Paid
INVFA8C88200E,CUST100009981,2025-12-26,2026-01-16,321.61,25.73,347.34,Paid
INV404E224A01,CUST100013888,2025-08-30,2025-09-20,95.96,7.68,103.64,Paid
INVC04873CFF6,CUST100062560,2025-11-14,2025-12-05,104.21,8.34,112.55,Unpaid
INVF4DDBC6DE7,CUST100046167,2026-07-11,2026-08-01,340.3,27.22,367.52,Paid
INV4FFC706A43,CUST100025489,2025-12-20,2026-01-10,201.62,16.13,217.75,Paid
INV30F13614D2,CUST100048906,2025-12-23,2026-01-13,173.22,13.86,187.08,Partially Paid
INV2C941ACC8E,CUST100062540,2025-08-06,2025-08-27,80.89,6.47,87.36,Partially Paid
INV0A4D349F9F,CUST100059300,2025-09-29,2025-10-20,70.05,5.6,75.65,Overdue
INV25F423B942,CUST100047501,2025-11-14,2025-12-05,279.71,22.38,302.09,Paid
INV29497C0A52,CUST100024210,2025-11-18,2025-12-09,277.49,22.2,299.69,Paid
INV7D26FE7829,CUST100000019,2025-11-24,2025-12-15,232.36,18.59,250.95,Paid
INV3051D6C8C0,CUST100061335,2026-05-18,2026-06-08,221.81,17.74,239.55,Overdue
INV4DAB617441,CUST100081894,2026-05-17,2026-06-07,174.08,13.93,188.01,Partially Paid
INVBAFA836A5D,CUST100002736,2025-11-24,2025-12-15,121.78,9.74,131.52,Paid
INV6509970D75,CUST100035286,2026-01-25,2026-02-15,290.7,23.26,313.96,Paid
INV43AF502505,CUST100087544,2026-05-20,2026-06-10,50.95,4.08,55.03,Paid
INV1252E9183A,CUST100004518,2025-08-06,2025-08-27,300.95,24.08,325.03,Paid
INVA8E91518D5,CUST100036163,2026-07-01,2026-07-22,286.53,22.92,309.45,Paid
INVF97D84CD8E,CUST100024263,2026-02-15,2026-03-08,47.46,3.8,51.26,Paid
INVB7E69FDC5E,CUST100046046,2025-10-22,2025-11-12,76.09,6.09,82.18,Paid
INV45B7627DCB,CUST100083861,2025-08-30,2025-09-20,215.31,17.22,232.53,Paid
INV3007DCAE3C,CUST100079717,2025-08-01,2025-08-22,74.53,5.96,80.49,Unpaid
INVAB7D8F0E84,CUST100094059,2025-12-04,2025-12-25,212.57,17.01,229.58,Paid
INV00767CFF02,CUST100016411,2025-10-12,2025-11-02,34.74,2.78,37.52,Paid
INV665EF54F07,CUST100066490,2025-12-14,2026-01-04,40.48,3.24,43.72,Unpaid
INV4006E58CD2,CUST100090081,2026-07-18,2026-08-08,371.12,29.69,400.81,Partially Paid
INV461928337D,CUST100070182,2025-12-12,2026-01-02,171.93,13.75,185.68,Overdue
INVCB249F6968,CUST100019605,2025-11-30,2025-12-21,370.5,29.64,400.14,Paid
INV4202F32375,CUST100007606,2026-03-11,2026-04-01,158.51,12.68,171.19,Unpaid
INV75C80DE27A,CUST100029868,2026-02-02,2026-02-23,100.5,8.04,108.54,Overdue
INVBE1D3BAF08,CUST100013733,2026-04-01,2026-04-22,197.47,15.8,213.27,Paid
INV4EC853F8CC,CUST100012149,2026-02-18,2026-03-11,175.86,14.07,189.93,Paid
INV8AB32104DE,CUST100034625,2026-03-08,2026-03-29,136.6,10.93,147.53,Paid
INV64B45A0033,CUST100061354,2026-05-23,2026-06-13,327.33,26.19,353.52,Partially Paid
INVA67C857C99,CUST100081364,2025-08-10,2025-08-31,301.47,24.12,325.59,Paid
INVD3F27A80EE,CUST100061320,2026-03-30,2026-04-20,171.04,13.68,184.72,Paid
INVC63DE08065,CUST100035909,2025-08-26,2025-09-16,264.34,21.15,285.49,Paid
INVA90228DF70,CUST100095351,2026-02-12,2026-03-05,228.04,18.24,246.28,Partially Paid
INVF856A2A3A3,CUST100047543,2025-09-19,2025-10-10,278.5,22.28,300.78,Paid
INV259C8EDCC6,CUST100012458,2026-05-12,2026-06-02,114.7,9.18,123.88,Partially Paid
INV274E9F646F,CUST100052172,2025-10-18,2025-11-08,295.16,23.61,318.77,Overdue
INV8993A60FE6,CUST100027427,2026-06-07,2026-06-28,286.72,22.94,309.66,Unpaid
INV29A00D3AF1,CUST100039852,2026-06-09,2026-06-30,90.7,7.26,97.96,Paid
INV49EE6B3277,CUST100008120,2025-10-03,2025-10-24,173.96,13.92,187.88,Unpaid
INV134DA55EEF,CUST100038603,2026-04-02,2026-04-23,276.12,22.09,298.21,Paid
INV8FF7D7A6C1,CUST100027582,2025-10-31,2025-11-21,371.38,29.71,401.09,Overdue
INV31C20FF466,CUST100035957,2026-06-29,2026-07-20,295.93,23.67,319.6,Overdue
INVA48682EDF0,CUST100042802,2026-02-15,2026-03-08,212.81,17.02,229.83,Paid
INVE1742967E3,CUST100069008,2025-09-15,2025-10-06,77.0,6.16,83.16,Paid
INVC00436E174,CUST100070348,2026-04-09,2026-04-30,226.86,18.15,245.01,Overdue
INV2A9F0D0FB8,CUST100070020,2025-09-27,2025-10-18,350.2,28.02,378.22,Paid
INV72F4C6C5F9,CUST100016389,2026-02-12,2026-03-05,372.49,29.8,402.29,Overdue
INVE8E3C76041,CUST100046117,2025-10-06,2025-10-27,112.82,9.03,121.85,Paid
INV3B98EFA03C,CUST100041989,2026-01-24,2026-02-14,337.4,26.99,364.39,Paid
INVA2EE98403E,CUST100043418,2026-04-19,2026-05-10,260.26,20.82,281.08,Paid
INVA9EA77D655,CUST100064789,2025-10-11,2025-11-01,261.98,20.96,282.94,Paid
INV2B81FA0445,CUST100053909,2026-04-11,2026-05-02,392.78,31.42,424.2,Paid
INV2AADFB43DA,CUST100023355,2026-05-30,2026-06-20,119.78,9.58,129.36,Overdue
INV26C6C2DFCB,CUST100097285,2025-08-23,2025-09-13,22.55,1.8,24.35,Paid
INV4F7F64750B,CUST100008461,2026-01-16,2026-02-06,287.53,23.0,310.53,Paid
INV3680176C5C,CUST100074487,2025-11-09,2025-11-30,326.16,26.09,352.25,Unpaid
INV14F2FC047D,CUST100009056,2026-05-02,2026-05-23,337.15,26.97,364.12,Overdue
INV0EFC73324C,CUST100021743,2026-02-02,2026-02-23,307.04,24.56,331.6,Paid
INV5C160F2C75,CUST100098194,2025-10-07,2025-10-28,104.98,8.4,113.38,Paid
INV3FF83F1AE3,CUST100041720,2025-08-12,2025-09-02,287.91,23.03,310.94,Paid
INVB84C2606B1,CUST100004658,2026-04-23,2026-05-14,329.37,26.35,355.72,Overdue
INVA17DDFD147,CUST100007084,2025-08-12,2025-09-02,160.03,12.8,172.83,Overdue
INVC47E4FDC54,CUST100096393,2025-08-20,2025-09-10,367.78,29.42,397.2,Overdue
INV52DC073B3C,CUST100099885,2026-05-27,2026-06-17,392.98,31.44,424.42,Paid
INV626BB25B5A,CUST100069220,2025-10-10,2025-10-31,271.89,21.75,293.64,Paid
INVADD91B9DFB,CUST100030659,2025-08-15,2025-09-05,170.06,13.6,183.66,Paid
INV2A287E2EE3,CUST100088221,2026-06-07,2026-06-28,141.47,11.32,152.79,Paid
INV837D9A3B28,CUST100071040,2026-06-09,2026-06-30,384.83,30.79,415.62,Paid
INV1C51EE1641,CUST100084683,2025-10-05,2025-10-26,226.17,18.09,244.26,Paid
INVC2AD103E01,CUST100061257,2025-11-22,2025-12-13,309.21,24.74,333.95,Paid
INV8C70F3BC53,CUST100058420,2026-01-08,2026-01-29,70.27,5.62,75.89,Overdue
INVBC50F55B8E,CUST100037613,2025-11-14,2025-12-05,170.07,13.61,183.68,Paid
INV06F4284681,CUST100045255,2025-09-04,2025-09-25,393.13,31.45,424.58,Paid
INV061928AAD8,CUST100099838,2026-07-10,2026-07-31,228.5,18.28,246.78,Overdue
INV76CE8BB973,CUST100042758,2026-02-20,2026-03-13,98.45,7.88,106.33,Overdue
INVE9C57C0C3A,CUST100014103,2025-08-31,2025-09-21,359.09,28.73,387.82,Paid
INV2EAD278294,CUST100045544,2026-02-19,2026-03-12,100.74,8.06,108.8,Paid
INVCCE12D025B,CUST100093863,2026-04-28,2026-05-19,343.67,27.49,371.16,Paid
INV9B3C976E6F,CUST100066411,2025-11-08,2025-11-29,111.43,8.91,120.34,Unpaid
INV12A65A396C,CUST100005724,2025-09-11,2025-10-02,74.74,5.98,80.72,Paid
INV2F8890E5F3,CUST100011974,2025-12-19,2026-01-09,62.37,4.99,67.36,Unpaid
INV60B79196FF,CUST100008611,2025-12-12,2026-01-02,87.85,7.03,94.88,Paid
INVDA3D82B17E,CUST100039610,2026-02-24,2026-03-17,161.44,12.92,174.36,Paid
INVFFF0152028,CUST100088597,2025-11-16,2025-12-07,202.33,16.19,218.52,Unpaid
INVCF4E11B7E5,CUST100026048,2026-06-02,2026-06-23,351.7,28.14,379.84,Paid
INV31B48FD28E,CUST100082948,2026-03-11,2026-04-01,174.73,13.98,188.71,Paid
INVB43767C4E8,CUST100054008,2025-08-14,2025-09-04,170.78,13.66,184.44,Paid
INV110022BC67,CUST100009166,2026-04-23,2026-05-14,38.32,3.07,41.39,Paid
INVEED2E9E0C1,CUST100062726,2026-03-29,2026-04-19,307.74,24.62,332.36,Overdue
INVA733C9A880,CUST100053029,2026-01-28,2026-02-18,308.49,24.68,333.17,Paid
INV6F4A0DA3C9,CUST100036026,2026-05-25,2026-06-15,249.69,19.98,269.67,Paid
INV96AD9A4258,CUST100022595,2025-11-22,2025-12-13,283.4,22.67,306.07,Paid
INV59BF9E8D89,CUST100060321,2025-12-21,2026-01-11,388.26,31.06,419.32,Overdue
INVB8CAE49C94,CUST100020859,2025-10-27,2025-11-17,173.11,13.85,186.96,Paid
INV4BE1D661A3,CUST100033452,2025-12-08,2025-12-29,226.47,18.12,244.59,Paid
INV8BE4E04E08,CUST100028072,2026-05-17,2026-06-07,268.08,21.45,289.53,Overdue
INV5C77EFDB81,CUST100096863,2026-05-24,2026-06-14,398.08,31.85,429.93,Paid
INV249F977019,CUST100049134,2025-12-13,2026-01-03,342.37,27.39,369.76,Paid
INV836B410825,CUST100043021,2026-06-11,2026-07-02,329.45,26.36,355.81,Paid
INV8276BFDA90,CUST100042753,2026-01-28,2026-02-18,154.17,12.33,166.5,Unpaid
INVA6C96FE2F2,CUST100004920,2025-11-24,2025-12-15,294.17,23.53,317.7,Partially Paid
INVBD6BF3A374,CUST100013096,2026-05-27,2026-06-17,300.52,24.04,324.56,Paid
INVF04D12DC73,CUST100018829,2025-08-26,2025-09-16,398.53,31.88,430.41,Unpaid
INV6A85AE87D1,CUST100084717,2025-10-17,2025-11-07,28.13,2.25,30.38,Paid
INV383978849B,CUST100027321,2025-10-29,2025-11-19,283.01,22.64,305.65,Paid
INVDCE21183C3,CUST100028561,2025-10-15,2025-11-05,85.97,6.88,92.85,Paid
INVB7139E6281,CUST100050369,2026-01-19,2026-02-09,269.36,21.55,290.91,Unpaid
INV39F70FD31C,CUST100057580,2026-04-21,2026-05-12,330.38,26.43,356.81,Paid
INV102C1E5FF6,CUST100036700,2025-08-18,2025-09-08,296.96,23.76,320.72,Paid
INV9670938317,CUST100047645,2025-10-22,2025-11-12,151.0,12.08,163.08,Unpaid
INV28B085810D,CUST100006782,2026-07-17,2026-08-07,265.72,21.26,286.98,Paid
INV5D41C58FBD,CUST100007262,2026-03-10,2026-03-31,341.05,27.28,368.33,Paid
INV14F5F77FA9,CUST100009636,2026-04-10,2026-05-01,273.83,21.91,295.74,Partially Paid
INV75AC909304,CUST100043650,2026-04-29,2026-05-20,321.65,25.73,347.38,Paid
INV886427E9A2,CUST100008549,2026-05-24,2026-06-14,138.75,11.1,149.85,Unpaid
INVA9E18F040C,CUST100048647,2026-04-24,2026-05-15,388.36,31.07,419.43,Paid
INVCD4C066E2C,CUST100009189,2025-10-19,2025-11-09,375.87,30.07,405.94,Overdue
INV4EF3D0824B,CUST100064241,2025-08-07,2025-08-28,255.19,20.42,275.61,Paid
INVEB7B3B76A1,CUST100011705,2026-04-05,2026-04-26,309.92,24.79,334.71,Overdue
INV2DB9E45130,CUST100010328,2025-12-15,2026-01-05,87.12,6.97,94.09,Partially Paid
INVFBE9BA5671,CUST100053430,2025-12-05,2025-12-26,238.54,19.08,257.62,Paid
INV52C257AA36,CUST100064889,2025-09-06,2025-09-27,397.23,31.78,429.01,Paid
INVFBEE6D4304,CUST100025838,2025-09-04,2025-09-25,173.07,13.85,186.92,Unpaid
INV6802AD86E6,CUST100089052,2025-11-20,2025-12-11,213.81,17.1,230.91,Paid
INVCF970A9CA1,CUST100049353,2025-12-23,2026-01-13,314.3,25.14,339.44,Overdue
INV4D61285522,CUST100068471,2026-06-25,2026-07-16,136.35,10.91,147.26,Overdue
INV638F89662B,CUST100052557,2026-04-02,2026-04-23,357.4,28.59,385.99,Unpaid
INV0B14833723,CUST100006486,2026-04-08,2026-04-29,327.96,26.24,354.2,Paid
INVDCE144C771,CUST100082222,2026-05-25,2026-06-15,226.97,18.16,245.13,Paid
INVD7D3EDEA32,CUST100034553,2026-05-06,2026-05-27,350.34,28.03,378.37,Paid
INV2D554F1192,CUST100014946,2025-08-04,2025-08-25,336.09,26.89,362.98,Overdue
INV7F9703913C,CUST100079054,2026-06-26,2026-07-17,397.01,31.76,428.77,Overdue
INV42F44F1E64,CUST100021666,2025-09-17,2025-10-08,101.65,8.13,109.78,Paid
INV93BB0BBB64,CUST100085970,2025-10-03,2025-10-24,212.76,17.02,229.78,Paid
INVFED54CA642,CUST100049473,2025-10-23,2025-11-13,363.04,29.04,392.08,Paid
INV197C317E18,CUST100021835,2026-01-06,2026-01-27,109.1,8.73,117.83,Paid
INV738CFAB4AB,CUST100053067,2025-12-26,2026-01-16,219.51,17.56,237.07,Paid
INV1BD9C58A30,CUST100035333,2025-10-16,2025-11-06,383.23,30.66,413.89,Unpaid
INV0333170864,CUST100044582,2026-02-16,2026-03-09,331.86,26.55,358.41,Unpaid
INV19CFFF5BA3,CUST100032666,2025-11-30,2025-12-21,139.21,11.14,150.35,Unpaid
INV14C224C5A8,CUST100032746,2025-12-25,2026-01-15,57.78,4.62,62.4,Partially Paid
INVC9A7968A5E,CUST100088433,2026-06-20,2026-07-11,341.38,27.31,368.69,Unpaid
INVE3F545CB5A,CUST100004421,2026-03-16,2026-04-06,336.11,26.89,363.0,Unpaid
INV5BCB15AB0B,CUST100081268,2026-04-16,2026-05-07,222.46,17.8,240.26,Paid
INV7BA5193029,CUST100095238,2025-12-16,2026-01-06,231.06,18.48,249.54,Paid
INVD96063394A,CUST100083467,2025-08-30,2025-09-20,285.22,22.82,308.04,Paid
INVCA4DEB1A73,CUST100033797,2026-01-30,2026-02-20,359.27,28.74,388.01,Paid
INV20B25236AC,CUST100050268,2026-02-12,2026-03-05,351.6,28.13,379.73,Partially Paid
INVC92056023E,CUST100078415,2025-12-29,2026-01-19,341.6,27.33,368.93,Paid
INV87F7F8672C,CUST100042994,2026-02-08,2026-03-01,339.93,27.19,367.12,Overdue
INV446020FC55,CUST100056296,2025-12-22,2026-01-12,192.77,15.42,208.19,Partially Paid
INV00E2E1D5A1,CUST100035669,2026-04-21,2026-05-12,287.15,22.97,310.12,Paid
INV8879D053C0,CUST100051696,2025-09-12,2025-10-03,43.4,3.47,46.87,Partially Paid
INVEB47C756FC,CUST100006067,2026-02-27,2026-03-20,316.92,25.35,342.27,Unpaid
INVCED9122F9B,CUST100035976,2026-05-12,2026-06-02,386.42,30.91,417.33,Overdue
INV7C4CB220F3,CUST100028453,2025-10-03,2025-10-24,182.43,14.59,197.02,Unpaid
INV9CF7280ECF,CUST100033725,2026-07-13,2026-08-03,271.5,21.72,293.22,Unpaid
INV40D5764AD8,CUST100075881,2025-12-06,2025-12-27,241.44,19.32,260.76,Unpaid
INV61E99635BE,CUST100078186,2025-10-20,2025-11-10,386.35,30.91,417.26,Unpaid
INVD1EC25566D,CUST100002025,2026-02-06,2026-02-27,226.96,18.16,245.12,Paid
INVF11B84E246,CUST100026088,2026-05-01,2026-05-22,266.27,21.3,287.57,Paid
INVB99AAF6BBF,CUST100094022,2025-11-08,2025-11-29,37.76,3.02,40.78,Partially Paid
INVCCAEEF48DD,CUST100067032,2025-08-31,2025-09-21,234.88,18.79,253.67,Overdue
INV313E1DE5E7,CUST100093998,2026-02-08,2026-03-01,220.41,17.63,238.04,Partially Paid
INV6455E847EF,CUST100022703,2026-03-18,2026-04-08,60.3,4.82,65.12,Overdue
INV8B557598AA,CUST100005000,2026-05-20,2026-06-10,38.17,3.05,41.22,Paid
INV8F679DF568,CUST100068971,2025-10-02,2025-10-23,204.78,16.38,221.16,Paid
INV3CAF0646A7,CUST100058453,2025-09-04,2025-09-25,173.8,13.9,187.7,Paid
INV29BD446A33,CUST100096083,2025-10-07,2025-10-28,82.34,6.59,88.93,Paid
INVE590E86D5D,CUST100039919,2026-03-30,2026-04-20,314.4,25.15,339.55,Paid
INV8B210DA572,CUST100020213,2025-09-09,2025-09-30,52.31,4.18,56.49,Overdue
INV6D3F6AABB6,CUST100068982,2026-07-09,2026-07-30,190.76,15.26,206.02,Paid
INVAE6B835374,CUST100014693,2026-01-21,2026-02-11,126.08,10.09,136.17,Partially Paid
INV330B42B549,CUST100019770,2025-10-18,2025-11-08,399.62,31.97,431.59,Unpaid
INV86C50E6A63,CUST100025524,2026-04-27,2026-05-18,230.21,18.42,248.63,Paid
INV26F6F68239,CUST100009047,2025-10-08,2025-10-29,301.06,24.08,325.14,Paid
INV7ADBE404DC,CUST100091611,2026-03-04,2026-03-25,338.0,27.04,365.04,Paid
INV3AC2AC584A,CUST100051890,2025-10-29,2025-11-19,159.22,12.74,171.96,Paid
INV7A38032880,CUST100074499,2025-09-04,2025-09-25,298.7,23.9,322.6,Paid
INVC5868AA59E,CUST100065681,2026-03-21,2026-04-11,248.74,19.9,268.64,Paid
INV8049E3A1E1,CUST100002375,2025-12-02,2025-12-23,309.45,24.76,334.21,Paid
INV133FEB673C,CUST100002178,2026-07-03,2026-07-24,102.15,8.17,110.32,Paid
INV0F003B7A6E,CUST100063100,2025-10-08,2025-10-29,64.46,5.16,69.62,Unpaid
INVBF47DF2183,CUST100089129,2025-12-20,2026-01-10,237.67,19.01,256.68,Paid
INV7A9952ED53,CUST100018156,2025-11-04,2025-11-25,362.88,29.03,391.91,Paid
INV38B771B17C,CUST100084604,2025-09-14,2025-10-05,39.32,3.15,42.47,Overdue
INVB992E2D3CA,CUST100029090,2025-10-05,2025-10-26,363.44,29.08,392.52,Partially Paid
INV1F8A06F73F,CUST100003224,2025-09-30,2025-10-21,126.5,10.12,136.62,Paid
INVECF857FCB3,CUST100018224,2025-12-24,2026-01-14,63.88,5.11,68.99,Unpaid
INV903DED8BB3,CUST100012485,2025-12-28,2026-01-18,112.9,9.03,121.93,Paid
INV765480AF5A,CUST100031451,2026-03-08,2026-03-29,312.2,24.98,337.18,Unpaid
INVEA25EC5FF8,CUST100048261,2025-08-01,2025-08-22,113.56,9.08,122.64,Paid
INVB8E2DCC81D,CUST100034287,2025-10-15,2025-11-05,355.94,28.48,384.42,Overdue
INVE2E26AA172,CUST100098838,2025-12-27,2026-01-17,159.28,12.74,172.02,Unpaid
INV19CAACEC50,CUST100013583,2025-08-26,2025-09-16,100.53,8.04,108.57,Paid
INV83A4336363,CUST100080415,2026-07-12,2026-08-02,168.4,13.47,181.87,Unpaid
INV67B6866665,CUST100092248,2026-01-03,2026-01-24,76.73,6.14,82.87,Paid
INVAA6FA3E2A6,CUST100046770,2026-01-10,2026-01-31,269.57,21.57,291.14,Paid
INVA9AA6765FB,CUST100075311,2025-08-31,2025-09-21,326.91,26.15,353.06,Overdue
INV776330AA9A,CUST100092530,2026-06-02,2026-06-23,78.87,6.31,85.18,Paid
INVE8F5AC79E9,CUST100053346,2026-01-17,2026-02-07,76.66,6.13,82.79,Overdue
INVA4F2A8198C,CUST100006237,2026-02-20,2026-03-13,129.22,10.34,139.56,Paid
INV9CEF82A10E,CUST100029679,2026-05-09,2026-05-30,268.83,21.51,290.34,Paid
INV92978FA9BC,CUST100026840,2026-07-14,2026-08-04,320.66,25.65,346.31,Unpaid
INV4078D9630D,CUST100008965,2025-08-01,2025-08-22,150.26,12.02,162.28,Paid
INV0CA8328BEF,CUST100077931,2025-12-09,2025-12-30,271.57,21.73,293.3,Paid
INV352BA95EA2,CUST100087402,2025-12-06,2025-12-27,226.59,18.13,244.72,Paid
INVE3459E03BC,CUST100011502,2025-08-24,2025-09-14,241.53,19.32,260.85,Paid
INVC2BAA1B7FC,CUST100060837,2026-07-08,2026-07-29,371.46,29.72,401.18,Paid
INVF061A33FB9,CUST100034499,2026-04-16,2026-05-07,380.61,30.45,411.06,Paid
INV7533BC48A7,CUST100021626,2026-03-31,2026-04-21,361.76,28.94,390.7,Paid
INVCC6A2181C4,CUST100047346,2025-09-25,2025-10-16,94.99,7.6,102.59,Paid
INV529FD8620A,CUST100061932,2025-09-24,2025-10-15,198.64,15.89,214.53,Paid
INVC17AF12B61,CUST100068494,2026-06-10,2026-07-01,44.94,3.6,48.54,Paid
INVAC0F070281,CUST100061524,2025-11-14,2025-12-05,262.73,21.02,283.75,Unpaid
INV9089C4BFFB,CUST100005778,2025-11-15,2025-12-06,104.45,8.36,112.81,Paid
INVE4CE2A4F20,CUST100007968,2026-06-07,2026-06-28,81.7,6.54,88.24,Partially Paid
INVE9BD488047,CUST100011373,2025-10-04,2025-10-25,333.03,26.64,359.67,Partially Paid
INVB4B8C39B97,CUST100062771,2026-01-04,2026-01-25,142.67,11.41,154.08,Overdue
INVF20A438335,CUST100034718,2026-06-21,2026-07-12,320.4,25.63,346.03,Unpaid
INV647C89FA49,CUST100052217,2026-04-17,2026-05-08,253.33,20.27,273.6,Paid
INV2400ADF5E5,CUST100073784,2026-02-02,2026-02-23,51.29,4.1,55.39,Paid
INV1B8E86EDA9,CUST100081047,2025-09-03,2025-09-24,250.19,20.02,270.21,Paid
INV70EB613B18,CUST100049814,2025-08-01,2025-08-22,310.23,24.82,335.05,Paid
INV9D2287D85D,CUST100048424,2025-12-22,2026-01-12,388.58,31.09,419.67,Paid
INV4F81CC77C1,CUST100069243,2026-03-08,2026-03-29,284.38,22.75,307.13,Paid
INVDEC1BDB8FF,CUST100040339,2026-06-14,2026-07-05,21.84,1.75,23.59,Paid
INVC9BA3757F8,CUST100071387,2025-09-05,2025-09-26,356.5,28.52,385.02,Paid
INVF84C1ADDD2,CUST100069391,2026-03-13,2026-04-03,242.6,19.41,262.01,Unpaid
INVDA32C15BA1,CUST100021302,2025-10-02,2025-10-23,301.77,24.14,325.91,Unpaid
INV25AB420F58,CUST100006942,2026-01-02,2026-01-23,166.14,13.29,179.43,Paid
INV79E5DE0CE3,CUST100072664,2026-03-05,2026-03-26,86.42,6.91,93.33,Paid
INVA40F7744AD,CUST100005252,2026-07-04,2026-07-25,389.19,31.14,420.33,Unpaid
INV1DD1A8E5DD,CUST100086891,2026-07-13,2026-08-03,255.77,20.46,276.23,Unpaid
INV5FF3A2B39F,CUST100030650,2026-03-01,2026-03-22,383.11,30.65,413.76,Unpaid
INVA289E3E71D,CUST100040931,2025-11-18,2025-12-09,279.37,22.35,301.72,Paid
INV7C892B529F,CUST100047186,2025-10-05,2025-10-26,173.65,13.89,187.54,Overdue
INV3285DB3A03,CUST100094735,2026-01-02,2026-01-23,358.81,28.7,387.51,Paid
INV5B7F048534,CUST100039151,2026-03-15,2026-04-05,362.3,28.98,391.28,Paid
INVADBC696A77,CUST100081029,2026-02-25,2026-03-18,69.51,5.56,75.07,Paid
INVB2A0BC35CF,CUST100092109,2025-08-15,2025-09-05,308.65,24.69,333.34,Overdue
INVD7D1143A8D,CUST100083368,2025-11-22,2025-12-13,20.14,1.61,21.75,Paid
INV3C49BC10C4,CUST100034096,2026-01-29,2026-02-19,57.38,4.59,61.97,Unpaid
INVA20B8EE825,CUST100092410,2026-03-06,2026-03-27,147.03,11.76,158.79,Paid
INV9558EADE62,CUST100009375,2026-05-25,2026-06-15,139.44,11.16,150.6,Paid
INV97C9F2A53A,CUST100070988,2026-04-09,2026-04-30,355.14,28.41,383.55,Partially Paid
INV2226B2B729,CUST100005833,2025-10-03,2025-10-24,170.6,13.65,184.25,Paid
INV3BCC16DD29,CUST100008255,2025-12-27,2026-01-17,74.63,5.97,80.6,Paid
INV6CBD5A8A63,CUST100033817,2026-07-01,2026-07-22,32.3,2.58,34.88,Paid
INVD33D66DE5C,CUST100036990,2025-12-17,2026-01-07,255.33,20.43,275.76,Paid
INVFAE62B086C,CUST100028351,2025-11-09,2025-11-30,290.99,23.28,314.27,Paid
INV2BE5DE58D6,CUST100003714,2025-09-18,2025-10-09,320.31,25.62,345.93,Paid
INVC91575A21A,CUST100062354,2025-10-15,2025-11-05,89.5,7.16,96.66,Unpaid
INV174D875F6A,CUST100000492,2026-07-08,2026-07-29,146.29,11.7,157.99,Paid
INV03BCBEC53C,CUST100038259,2026-02-18,2026-03-11,91.17,7.29,98.46,Paid
INVBCDCBCE8F6,CUST100012442,2025-12-03,2025-12-24,63.62,5.09,68.71,Partially Paid
INV37FEF68E84,CUST100036536,2025-09-29,2025-10-20,397.98,31.84,429.82,Paid
INV781F25372C,CUST100030814,2025-10-29,2025-11-19,167.6,13.41,181.01,Paid
INV142F904125,CUST100033022,2025-12-02,2025-12-23,355.88,28.47,384.35,Paid
INV91B5D5CBC1,CUST100015188,2026-04-15,2026-05-06,67.59,5.41,73.0,Paid
INVCF7D94FB8A,CUST100009962,2025-10-07,2025-10-28,397.19,31.78,428.97,Paid
INV99E9B45B15,CUST100080314,2026-06-08,2026-06-29,154.78,12.38,167.16,Paid
INVFB75BD7744,CUST100034210,2025-10-16,2025-11-06,194.03,15.52,209.55,Paid
INV84EAFBE5B4,CUST100039756,2026-05-22,2026-06-12,73.98,5.92,79.9,Paid
INVBA8536839F,CUST100028285,2026-06-03,2026-06-24,24.79,1.98,26.77,Paid
INV3AFA9AD20F,CUST100011350,2026-04-07,2026-04-28,249.71,19.98,269.69,Paid
INV7104A4C479,CUST100039467,2026-02-26,2026-03-19,56.95,4.56,61.51,Overdue
INV14E31C5C9A,CUST100032962,2025-11-01,2025-11-22,168.0,13.44,181.44,Unpaid
INVBCC3EAA314,CUST100038519,2025-10-05,2025-10-26,163.99,13.12,177.11,Paid
INV73FE80BC12,CUST100049365,2025-12-18,2026-01-08,178.42,14.27,192.69,Paid
INV4149A51A79,CUST100015824,2025-11-24,2025-12-15,64.62,5.17,69.79,Paid
INV1883B5CA7A,CUST100044924,2026-02-23,2026-03-16,386.62,30.93,417.55,Overdue
INVB01EABFEA0,CUST100089301,2025-12-15,2026-01-05,315.72,25.26,340.98,Paid
INV3E0D596586,CUST100002198,2026-05-20,2026-06-10,106.35,8.51,114.86,Paid
INV0D8521A993,CUST100062074,2026-01-19,2026-02-09,65.76,5.26,71.02,Overdue
INV7A102D1C06,CUST100022345,2026-01-09,2026-01-30,310.47,24.84,335.31,Paid
INV216E4C097A,CUST100053285,2025-08-23,2025-09-13,222.29,17.78,240.07,Paid
INVB9CA2781AE,CUST100015643,2026-07-09,2026-07-30,350.97,28.08,379.05,Paid
INVC997B67348,CUST100081023,2026-05-15,2026-06-05,232.41,18.59,251.0,Paid
INV0B1AE19BCE,CUST100041506,2026-02-05,2026-02-26,23.56,1.88,25.44,Paid
INVC7EDBE41BA,CUST100092665,2025-12-28,2026-01-18,60.95,4.88,65.83,Overdue
INVAAC92414BD,CUST100094464,2025-10-12,2025-11-02,213.49,17.08,230.57,Paid
INVB9385A7C8D,CUST100041696,2025-08-07,2025-08-28,125.43,10.03,135.46,Paid
INVDB547A5970,CUST100032290,2025-10-09,2025-10-30,174.82,13.99,188.81,Unpaid
INVB93E7B4DD3,CUST100098620,2025-08-30,2025-09-20,156.65,12.53,169.18,Unpaid
INVE89E931843,CUST100020810,2025-11-06,2025-11-27,32.56,2.6,35.16,Partially Paid
INV1D348B9CD7,CUST100067003,2026-05-19,2026-06-09,286.86,22.95,309.81,Paid
INV6B52E138C3,CUST100052963,2026-06-13,2026-07-04,71.49,5.72,77.21,Paid
INV60A88DAA51,CUST100030536,2026-03-24,2026-04-14,127.91,10.23,138.14,Paid
INVF6E2D7FD54,CUST100022372,2025-09-25,2025-10-16,213.94,17.12,231.06,Unpaid
INVBC3DE2C583,CUST100049510,2025-10-21,2025-11-11,289.69,23.18,312.87,Paid
INV02206771A9,CUST100059088,2025-08-14,2025-09-04,110.14,8.81,118.95,Paid
INV20FEED3172,CUST100056693,2026-01-28,2026-02-18,240.5,19.24,259.74,Paid
INV66117ECF07,CUST100082057,2025-11-18,2025-12-09,50.87,4.07,54.94,Paid
INV8357B1ABFA,CUST100065855,2026-02-20,2026-03-13,79.19,6.34,85.53,Overdue
INV482A79C9CC,CUST100080908,2025-09-15,2025-10-06,198.16,15.85,214.01,Paid
INVB9A56C53D6,CUST100093924,2026-03-13,2026-04-03,174.87,13.99,188.86,Unpaid
INVECE379865C,CUST100079338,2025-11-17,2025-12-08,395.38,31.63,427.01,Paid
INV5F5979D30F,CUST100048422,2025-08-30,2025-09-20,91.16,7.29,98.45,Paid
INV9BC6AD2847,CUST100071975,2026-02-18,2026-03-11,323.36,25.87,349.23,Paid
INV81738A7ED0,CUST100027680,2025-10-07,2025-10-28,280.25,22.42,302.67,Paid
INV5805F1BE04,CUST100059576,2026-07-08,2026-07-29,283.99,22.72,306.71,Paid
INVCB99697E16,CUST100008626,2025-10-10,2025-10-31,50.26,4.02,54.28,Paid
INVD6505DCC79,CUST100007829,2026-06-18,2026-07-09,329.97,26.4,356.37,Paid
INV100BB2B271,CUST100000063,2026-03-16,2026-04-06,51.98,4.16,56.14,Paid
INVB94F86FCC0,CUST100081601,2026-01-12,2026-02-02,299.69,23.98,323.67,Paid
INV7A8D785ACC,CUST100085750,2025-11-19,2025-12-10,369.49,29.56,399.05,Overdue
INV57090C8723,CUST100045372,2026-03-01,2026-03-22,349.39,27.95,377.34,Paid
INVD6475E7517,CUST100044130,2026-03-04,2026-03-25,201.89,16.15,218.04,Unpaid
INV237E428326,CUST100050676,2026-02-14,2026-03-07,276.86,22.15,299.01,Paid
INV9B2681321B,CUST100076141,2026-03-27,2026-04-17,91.59,7.33,98.92,Paid
INVB74B523C58,CUST100022324,2026-06-05,2026-06-26,123.87,9.91,133.78,Paid
INVB29B6A0317,CUST100071140,2025-11-21,2025-12-12,192.38,15.39,207.77,Paid
INV76584E6040,CUST100042503,2026-05-28,2026-06-18,249.98,20.0,269.98,Unpaid
INV6914F1E445,CUST100048476,2025-11-15,2025-12-06,112.97,9.04,122.01,Paid
INVC0D72939C6,CUST100096961,2025-09-13,2025-10-04,246.8,19.74,266.54,Overdue
INV1D7082F344,CUST100086697,2025-09-22,2025-10-13,344.51,27.56,372.07,Paid
INV4427F74A7B,CUST100018439,2026-05-30,2026-06-20,29.64,2.37,32.01,Unpaid
INV4EA916F4C7,CUST100002223,2025-09-19,2025-10-10,110.72,8.86,119.58,Unpaid
INVD3C92108EB,CUST100068727,2026-04-04,2026-04-25,196.61,15.73,212.34,Paid
INV50EEF07675,CUST100051581,2026-01-21,2026-02-11,139.47,11.16,150.63,Paid
INV84EA718D08,CUST100087399,2025-09-21,2025-10-12,375.45,30.04,405.49,Paid
INV206AF9D294,CUST100005603,2026-04-09,2026-04-30,368.28,29.46,397.74,Paid
INV570848B7D0,CUST100014002,2026-04-14,2026-05-05,91.86,7.35,99.21,Paid
INVEF73275873,CUST100060264,2026-01-28,2026-02-18,281.8,22.54,304.34,Overdue
INVBDF3BA81D5,CUST100018688,2025-10-23,2025-11-13,153.7,12.3,166.0,Paid
INVEB486600E9,CUST100079527,2025-10-11,2025-11-01,385.24,30.82,416.06,Paid
INVB625B3F25A,CUST100030854,2026-06-12,2026-07-03,261.9,20.95,282.85,Paid
INV429CFB68BB,CUST100067948,2026-02-28,2026-03-21,186.05,14.88,200.93,Paid
INV2E6D9CF067,CUST100077357,2026-02-20,2026-03-13,390.13,31.21,421.34,Paid
INVE2C8471D73,CUST100089121,2026-04-20,2026-05-11,297.83,23.83,321.66,Paid
INV89B7F34BE6,CUST100046562,2025-08-03,2025-08-24,57.64,4.61,62.25,Paid
INV5A78A6BE67,CUST100009976,2026-06-23,2026-07-14,118.8,9.5,128.3,Paid
INV05F3594B83,CUST100025186,2026-03-17,2026-04-07,108.97,8.72,117.69,Paid
INV961BC62944,CUST100061337,2026-07-13,2026-08-03,273.39,21.87,295.26,Overdue
INV6B80975A32,CUST100024991,2026-03-17,2026-04-07,141.82,11.35,153.17,Paid
INV571E21A876,CUST100004405,2025-11-13,2025-12-04,135.96,10.88,146.84,Unpaid
INVD0929BF003,CUST100094891,2025-10-14,2025-11-04,167.86,13.43,181.29,Paid
INV7E851F0BB9,CUST100081328,2025-08-19,2025-09-09,350.74,28.06,378.8,Paid
INV97586C243D,CUST100024173,2026-04-30,2026-05-21,292.7,23.42,316.12,Unpaid
INVB54CBC304C,CUST100083888,2025-09-23,2025-10-14,77.05,6.16,83.21,Unpaid
INV783E96AA7B,CUST100023671,2026-03-29,2026-04-19,278.19,22.26,300.45,Partially Paid
INV5FE48FC4EF,CUST100087663,2026-02-20,2026-03-13,240.07,19.21,259.28,Paid
INVE2D6D9DC50,CUST100047338,2026-02-09,2026-03-02,105.18,8.41,113.59,Paid
INVD314BA1DD5,CUST100059402,2025-12-16,2026-01-06,349.34,27.95,377.29,Overdue
INV4C24307CCD,CUST100044136,2026-07-15,2026-08-05,240.26,19.22,259.48,Paid
INV05934B04A3,CUST100086167,2025-12-04,2025-12-25,234.49,18.76,253.25,Paid
INV9B1C8F0579,CUST100039638,2025-09-12,2025-10-03,77.37,6.19,83.56,Paid
INV43683A2E34,CUST100040915,2026-04-25,2026-05-16,152.53,12.2,164.73,Paid
INV56096D4D09,CUST100025990,2025-08-06,2025-08-27,262.48,21.0,283.48,Unpaid
INV952EAB5952,CUST100062344,2026-03-17,2026-04-07,213.5,17.08,230.58,Paid
INV0E6B28C0A1,CUST100090878,2025-08-06,2025-08-27,98.3,7.86,106.16,Paid
INV61107D093C,CUST100005118,2026-07-02,2026-07-23,222.65,17.81,240.46,Paid
INV8B7BF66789,CUST100055355,2025-11-15,2025-12-06,55.32,4.43,59.75,Paid
INV73607B5F99,CUST100067840,2026-06-02,2026-06-23,326.62,26.13,352.75,Unpaid
INVF7084F2A19,CUST100019806,2026-01-14,2026-02-04,261.53,20.92,282.45,Unpaid
INV253F42F325,CUST100066866,2025-12-30,2026-01-20,89.51,7.16,96.67,Paid
INV757B6C0599,CUST100091458,2026-03-11,2026-04-01,136.42,10.91,147.33,Paid
INV98D7A68790,CUST100030417,2025-08-21,2025-09-11,217.8,17.42,235.22,Paid
INV3927AD5ADA,CUST100055233,2026-02-02,2026-02-23,166.2,13.3,179.5,Unpaid
INV2255BC3F57,CUST100044185,2025-10-23,2025-11-13,196.09,15.69,211.78,Paid
INV25A0453857,CUST100016835,2026-03-07,2026-03-28,100.37,8.03,108.4,Paid
INV4B8BB6E6BC,CUST100008396,2025-12-08,2025-12-29,191.34,15.31,206.65,Paid
INVD2E4193D09,CUST100015814,2026-04-29,2026-05-20,336.46,26.92,363.38,Paid
INVDD7D7F4661,CUST100008749,2026-05-10,2026-05-31,326.94,26.16,353.1,Unpaid
INV2CFE9D1811,CUST100084660,2026-05-14,2026-06-04,359.05,28.72,387.77,Unpaid
INV7271F2C5BF,CUST100083081,2026-05-13,2026-06-03,90.38,7.23,97.61,Overdue
INV1A310EEF35,CUST100014494,2025-09-01,2025-09-22,226.42,18.11,244.53,Paid
INVD2F056F3BF,CUST100064055,2025-08-25,2025-09-15,88.56,7.08,95.64,Paid
INV07E1C3CC32,CUST100021455,2026-01-25,2026-02-15,197.83,15.83,213.66,Overdue
INVEEDA08AFBD,CUST100013985,2026-01-17,2026-02-07,81.17,6.49,87.66,Paid
INVC6ACF7FDE9,CUST100035511,2026-02-12,2026-03-05,179.3,14.34,193.64,Paid
INV1C0D676A3B,CUST100064161,2026-01-01,2026-01-22,299.26,23.94,323.2,Overdue
INV8B99232384,CUST100008662,2025-11-21,2025-12-12,199.29,15.94,215.23,Unpaid
INV2C23464DF9,CUST100017004,2025-10-04,2025-10-25,226.26,18.1,244.36,Unpaid
INV32996A34D1,CUST100027897,2026-01-25,2026-02-15,185.88,14.87,200.75,Partially Paid
INVE77BE7B6D6,CUST100029019,2026-02-01,2026-02-22,154.27,12.34,166.61,Unpaid
INV225311B170,CUST100076488,2025-11-07,2025-11-28,123.3,9.86,133.16,Unpaid
INVDEDF58E366,CUST100063141,2026-01-03,2026-01-24,71.04,5.68,76.72,Paid
INVC8E613242C,CUST100098409,2026-01-01,2026-01-22,174.31,13.94,188.25,Partially Paid
INV431C37052C,CUST100068383,2026-03-11,2026-04-01,264.56,21.16,285.72,Paid
INV7ED75F687E,CUST100045176,2025-12-01,2025-12-22,280.58,22.45,303.03,Paid
INVADF78F8F26,CUST100027464,2026-01-28,2026-02-18,162.88,13.03,175.91,Paid
INV735EE73B9B,CUST100039462,2026-07-08,2026-07-29,184.4,14.75,199.15,Unpaid
INVD8A1E1E597,CUST100057234,2026-06-25,2026-07-16,123.1,9.85,132.95,Partially Paid
INVDC6391841E,CUST100073639,2025-09-24,2025-10-15,193.18,15.45,208.63,Paid
INV7D36965277,CUST100009994,2025-08-12,2025-09-02,127.42,10.19,137.61,Paid
INVFC3DDBB08C,CUST100032656,2026-02-26,2026-03-19,270.31,21.62,291.93,Unpaid
INVFD19061BCB,CUST100018095,2026-05-21,2026-06-11,236.63,18.93,255.56,Partially Paid
INVA85CE0C1A4,CUST100087141,2025-12-26,2026-01-16,341.31,27.3,368.61,Paid
INV7F8C84E36E,CUST100070125,2026-01-30,2026-02-20,274.93,21.99,296.92,Overdue
INVFA23A03844,CUST100034839,2025-11-25,2025-12-16,296.16,23.69,319.85,Paid
INV3B3631349B,CUST100091585,2025-12-08,2025-12-29,121.8,9.74,131.54,Paid
INV3027872605,CUST100036906,2025-12-24,2026-01-14,67.88,5.43,73.31,Paid
INVB9CB2256DB,CUST100078991,2025-10-13,2025-11-03,301.93,24.15,326.08,Paid
INV1F0914F045,CUST100068511,2025-10-10,2025-10-31,160.36,12.83,173.19,Paid
INV9B127901CA,CUST100087931,2026-04-20,2026-05-11,223.97,17.92,241.89,Paid
INV4D1E833ACE,CUST100001211,2026-03-26,2026-04-16,84.36,6.75,91.11,Paid
INV719F5D48A0,CUST100072136,2026-02-03,2026-02-24,162.31,12.98,175.29,Partially Paid
INV81A1CB252B,CUST100052552,2025-09-26,2025-10-17,84.78,6.78,91.56,Paid
INVB3816ED078,CUST100089306,2026-04-04,2026-04-25,93.61,7.49,101.1,Unpaid
INVEF57366516,CUST100051169,2025-09-17,2025-10-08,76.81,6.14,82.95,Paid
INVF4093BC609,CUST100085058,2025-10-26,2025-11-16,147.29,11.78,159.07,Paid
INV7EF0DFE8B5,CUST100092454,2026-05-21,2026-06-11,302.73,24.22,326.95,Unpaid
INVA1537583D4,CUST100025548,2026-03-01,2026-03-22,337.12,26.97,364.09,Paid
INV9E9FF10B9E,CUST100053508,2025-11-08,2025-11-29,102.95,8.24,111.19,Partially Paid
INVB8F397D3BC,CUST100011375,2026-03-11,2026-04-01,342.55,27.4,369.95,Unpaid
INV0DFC440BC0,CUST100078172,2025-09-11,2025-10-02,349.27,27.94,377.21,Paid
INVF551B2C517,CUST100009816,2026-06-23,2026-07-14,132.1,10.57,142.67,Overdue
INVD109D0FA6A,CUST100075994,2026-01-20,2026-02-10,45.77,3.66,49.43,Paid
INV192FF1E406,CUST100042174,2025-10-07,2025-10-28,397.97,31.84,429.81,Unpaid
INV9BF7ADCE49,CUST100085517,2026-04-01,2026-04-22,110.37,8.83,119.2,Unpaid
INVFBDF94C944,CUST100060613,2026-01-13,2026-02-03,190.42,15.23,205.65,Unpaid
INV4008E523E8,CUST100072221,2026-01-19,2026-02-09,243.07,19.45,262.52,Paid
INVA3A9139670,CUST100067961,2026-03-15,2026-04-05,150.46,12.04,162.5,Paid
INV5DB9F5B519,CUST100089556,2025-09-25,2025-10-16,31.63,2.53,34.16,Paid
INVE27D3B0832,CUST100078548,2026-07-07,2026-07-28,302.0,24.16,326.16,Unpaid
INV80E1E8B2FE,CUST100080630,2025-09-19,2025-10-10,79.76,6.38,86.14,Paid
INVC8C60AB6FF,CUST100084095,2025-10-12,2025-11-02,56.37,4.51,60.88,Partially Paid
INVB1576E68E2,CUST100074009,2026-04-16,2026-05-07,77.92,6.23,84.15,Overdue
INVE43A5299BF,CUST100047724,2025-12-27,2026-01-17,90.5,7.24,97.74,Paid
INV912D2B750C,CUST100070245,2025-10-22,2025-11-12,52.04,4.16,56.2,Paid
INVBEC08B8A33,CUST100001462,2025-09-09,2025-09-30,390.51,31.24,421.75,Paid
INVB72C058D58,CUST100005710,2026-03-23,2026-04-13,145.34,11.63,156.97,Paid
INV2106F1BFBA,CUST100011246,2026-02-27,2026-03-20,64.91,5.19,70.1,Paid
INV41825029BE,CUST100074154,2025-08-17,2025-09-07,239.27,19.14,258.41,Paid
INVC2FF2501CC,CUST100045755,2026-03-23,2026-04-13,291.72,23.34,315.06,Paid
INV9B7F4253DE,CUST100067315,2026-06-12,2026-07-03,66.9,5.35,72.25,Unpaid
INVE7312769C2,CUST100009670,2025-10-09,2025-10-30,137.32,10.99,148.31,Paid
INV46F4645210,CUST100059646,2026-04-11,2026-05-02,115.88,9.27,125.15,Paid
INVEC2BC505FC,CUST100030565,2026-03-13,2026-04-03,207.22,16.58,223.8,Paid
INV64DCDDBE37,CUST100069940,2026-04-14,2026-05-05,163.41,13.07,176.48,Paid
INVFA4C068E08,CUST100014925,2026-06-18,2026-07-09,253.59,20.29,273.88,Overdue
INV1F4A965E9B,CUST100060633,2025-12-16,2026-01-06,367.61,29.41,397.02,Paid
INV95E90F2231,CUST100058667,2025-12-12,2026-01-02,92.53,7.4,99.93,Overdue
INV2B68C601BC,CUST100038536,2026-01-07,2026-01-28,281.89,22.55,304.44,Paid
INVDA96F991BA,CUST100009197,2026-02-15,2026-03-08,83.97,6.72,90.69,Partially Paid
INVF546C00753,CUST100046767,2025-09-10,2025-10-01,278.02,22.24,300.26,Unpaid
INV34DE9BD244,CUST100028031,2026-07-22,2026-08-12,182.65,14.61,197.26,Partially Paid
INV9C6BFDFE12,CUST100062305,2025-12-06,2025-12-27,245.89,19.67,265.56,Unpaid
INVCE657E9A31,CUST100002374,2025-12-05,2025-12-26,141.62,11.33,152.95,Overdue
INV2DC3EBBCE8,CUST100085741,2025-10-14,2025-11-04,46.53,3.72,50.25,Overdue
INVF47329D180,CUST100011688,2026-03-19,2026-04-09,57.16,4.57,61.73,Paid
INV954E1B1F4C,CUST100087322,2025-11-01,2025-11-22,44.52,3.56,48.08,Paid
INV54733E29D9,CUST100081768,2026-07-18,2026-08-08,335.42,26.83,362.25,Overdue
INV79040AF2FB,CUST100080761,2026-06-13,2026-07-04,142.34,11.39,153.73,Paid
INV231E367C6A,CUST100033783,2026-01-18,2026-02-08,173.47,13.88,187.35,Paid
INV4B62E4A393,CUST100021534,2025-08-16,2025-09-06,276.94,22.16,299.1,Paid
INV97AAAFD26A,CUST100080518,2025-09-16,2025-10-07,96.46,7.72,104.18,Partially Paid
INV114CFC92B1,CUST100005031,2025-10-16,2025-11-06,380.88,30.47,411.35,Paid
INV9ED0F6F91B,CUST100065006,2025-08-04,2025-08-25,335.63,26.85,362.48,Paid
INVF13B139221,CUST100002871,2026-04-24,2026-05-15,309.73,24.78,334.51,Unpaid
INVD97C110B74,CUST100093516,2025-09-10,2025-10-01,315.88,25.27,341.15,Paid
INV49FCE3AFF6,CUST100060044,2025-09-30,2025-10-21,363.73,29.1,392.83,Paid
INVDA2AA4C54A,CUST100083554,2026-02-06,2026-02-27,42.16,3.37,45.53,Overdue
INV9F4BE5F9EA,CUST100047210,2025-09-21,2025-10-12,78.53,6.28,84.81,Paid
INV0BDFBC3628,CUST100099878,2026-07-14,2026-08-04,339.47,27.16,366.63,Paid
INV34326D5C7B,CUST100024651,2026-04-25,2026-05-16,312.73,25.02,337.75,Paid
INVABB39D7CED,CUST100078158,2026-04-02,2026-04-23,292.98,23.44,316.42,Paid
INV7EF227A373,CUST100007375,2025-09-24,2025-10-15,218.65,17.49,236.14,Unpaid
INV440AD15A84,CUST100001973,2026-03-20,2026-04-10,283.07,22.65,305.72,Partially Paid
INVE9A7309B5D,CUST100027205,2026-03-28,2026-04-18,281.46,22.52,303.98,Paid
INV8550306B62,CUST100086947,2026-01-19,2026-02-09,156.46,12.52,168.98,Paid
INV27A170CC8F,CUST100043051,2026-06-04,2026-06-25,262.36,20.99,283.35,Paid
INVC8FE20CC64,CUST100043792,2026-01-20,2026-02-10,38.77,3.1,41.87,Paid
INVAACDB77211,CUST100026302,2026-02-18,2026-03-11,152.02,12.16,164.18,Overdue
INV4DF03210DD,CUST100098423,2026-05-15,2026-06-05,69.69,5.58,75.27,Paid
INV6E322A4630,CUST100007331,2026-03-15,2026-04-05,323.46,25.88,349.34,Paid
INVF8CD1C87C4,CUST100071499,2026-01-04,2026-01-25,164.07,13.13,177.2,Paid
INV08E2DC2F99,CUST100027121,2025-11-14,2025-12-05,269.37,21.55,290.92,Paid
INVA3F51D2A13,CUST100084254,2025-10-21,2025-11-11,153.25,12.26,165.51,Partially Paid
INVA8E7447400,CUST100027701,2025-10-07,2025-10-28,319.9,25.59,345.49,Paid
INV9654C0B830,CUST100025866,2026-02-10,2026-03-03,22.02,1.76,23.78,Paid
INV1E5149C77A,CUST100060140,2026-01-24,2026-02-14,159.09,12.73,171.82,Paid
INV78E88A0C7F,CUST100027157,2025-09-23,2025-10-14,182.41,14.59,197.0,Unpaid
INV04F32C7397,CUST100027665,2026-04-13,2026-05-04,152.6,12.21,164.81,Paid
INV2A335AE608,CUST100063181,2026-04-20,2026-05-11,34.91,2.79,37.7,Unpaid
INV301A5294A1,CUST100090605,2025-11-03,2025-11-24,135.43,10.83,146.26,Paid
INVB0903AD390,CUST100095206,2026-06-02,2026-06-23,181.33,14.51,195.84,Paid
INV4FF35FC0BC,CUST100086109,2025-11-14,2025-12-05,357.25,28.58,385.83,Paid
INV67EAAEE837,CUST100071728,2025-09-05,2025-09-26,324.22,25.94,350.16,Paid
INV9EF9A2CB97,CUST100001717,2026-03-05,2026-03-26,318.28,25.46,343.74,Unpaid
INV91B9F2AD9D,CUST100088655,2025-11-19,2025-12-10,280.2,22.42,302.62,Paid
INV868468D40E,CUST100005682,2025-09-27,2025-10-18,335.8,26.86,362.66,Partially Paid
INVE9A475540F,CUST100021856,2026-06-29,2026-07-20,219.46,17.56,237.02,Paid
INV192A5CEED5,CUST100084447,2025-10-11,2025-11-01,43.23,3.46,46.69,Unpaid
INV84507D9EFB,CUST100093807,2026-01-04,2026-01-25,142.72,11.42,154.14,Overdue
INV9790DDDF04,CUST100010295,2025-11-27,2025-12-18,293.46,23.48,316.94,Unpaid
INV21C5CB5ACA,CUST100002779,2026-07-22,2026-08-12,206.18,16.49,222.67,Unpaid
INV0FCEF1D027,CUST100085582,2025-09-19,2025-10-10,233.75,18.7,252.45,Overdue
INV94F18D7877,CUST100069512,2025-10-26,2025-11-16,61.58,4.93,66.51,Overdue
INV4CA65F4344,CUST100017132,2026-04-23,2026-05-14,216.33,17.31,233.64,Paid
INV4842463F9E,CUST100055421,2025-12-30,2026-01-20,289.84,23.19,313.03,Paid
INV9D13B955CD,CUST100042604,2025-11-14,2025-12-05,41.36,3.31,44.67,Paid
INVBB0FA43144,CUST100038592,2025-12-10,2025-12-31,120.45,9.64,130.09,Paid
INVD1EF609B33,CUST100069347,2025-12-15,2026-01-05,281.67,22.53,304.2,Paid
INV4D7AE4CEC5,CUST100083750,2026-01-21,2026-02-11,56.74,4.54,61.28,Paid
INV724263ACDB,CUST100096069,2026-02-27,2026-03-20,182.04,14.56,196.6,Paid
INV6E3EB86868,CUST100065787,2026-03-03,2026-03-24,193.59,15.49,209.08,Paid
INVD5500502B3,CUST100077635,2025-09-20,2025-10-11,167.83,13.43,181.26,Paid
INVDE01C864EB,CUST100073563,2026-03-28,2026-04-18,237.86,19.03,256.89,Paid
INVD910169553,CUST100079395,2026-04-17,2026-05-08,198.3,15.86,214.16,Paid
INV7C221FFE68,CUST100088595,2025-10-24,2025-11-14,25.88,2.07,27.95,Paid
INV4071E27B94,CUST100071839,2025-11-20,2025-12-11,93.4,7.47,100.87,Paid
INV3800305E72,CUST100081347,2026-05-01,2026-05-22,44.01,3.52,47.53,Paid
INVFCA6C43F0D,CUST100037805,2026-02-02,2026-02-23,24.05,1.92,25.97,Paid
INVE8750224A8,CUST100049598,2026-07-08,2026-07-29,305.14,24.41,329.55,Paid
INVAA7C6595CC,CUST100061737,2026-04-17,2026-05-08,81.74,6.54,88.28,Partially Paid
INV4968C1E609,CUST100039066,2026-03-28,2026-04-18,271.76,21.74,293.5,Paid
INV425D8343AD,CUST100079513,2025-08-10,2025-08-31,184.15,14.73,198.88,Paid
INV0326B1F104,CUST100097305,2026-05-02,2026-05-23,133.61,10.69,144.3,Paid
INV006F872BF1,CUST100078030,2025-08-23,2025-09-13,274.62,21.97,296.59,Paid
INVE9D4263F34,CUST100006902,2026-01-05,2026-01-26,303.79,24.3,328.09,Unpaid
INVB52CD967B1,CUST100028683,2026-05-16,2026-06-06,293.64,23.49,317.13,Paid
INV95CC71C28F,CUST100077963,2025-12-08,2025-12-29,22.4,1.79,24.19,Paid
INVB725AF8129,CUST100007009,2026-04-28,2026-05-19,88.93,7.11,96.04,Paid
INV859F7922CF,CUST100025004,2025-09-29,2025-10-20,106.42,8.51,114.93,Overdue
INV47364CC8DC,CUST100051282,2025-11-30,2025-12-21,241.28,19.3,260.58,Unpaid
INVAFB7859413,CUST100035100,2025-11-08,2025-11-29,72.54,5.8,78.34,Paid
INVF98D6EBC26,CUST100038425,2025-10-25,2025-11-15,313.59,25.09,338.68,Paid
INVD11C3FD2C6,CUST100057697,2025-11-05,2025-11-26,360.54,28.84,389.38,Paid
INVC038AA4A26,CUST100080974,2025-08-27,2025-09-17,143.78,11.5,155.28,Paid
INV70DEAFA361,CUST100085395,2025-10-22,2025-11-12,227.84,18.23,246.07,Paid
INV12589B493E,CUST100040744,2025-10-28,2025-11-18,221.59,17.73,239.32,Paid
INVEE99A993C4,CUST100001218,2026-02-13,2026-03-06,351.97,28.16,380.13,Paid
INV69578D7E14,CUST100006148,2025-12-24,2026-01-14,193.08,15.45,208.53,Unpaid
INVA0A7E0B896,CUST100036676,2026-06-05,2026-06-26,318.43,25.47,343.9,Paid
INV61D37E507A,CUST100074996,2025-09-14,2025-10-05,253.03,20.24,273.27,Unpaid
INV5C8BE01764,CUST100050515,2026-07-01,2026-07-22,294.15,23.53,317.68,Paid
INV7ACA13CFE3,CUST100003746,2025-08-01,2025-08-22,288.78,23.1,311.88,Unpaid
INV4F49D4E80C,CUST100060042,2026-05-23,2026-06-13,399.38,31.95,431.33,Paid
INV223EE1BAD4,CUST100072631,2026-06-02,2026-06-23,247.32,19.79,267.11,Paid
INV3945F3274F,CUST100071131,2026-01-21,2026-02-11,384.67,30.77,415.44,Paid
INV8C1BB80C8F,CUST100081842,2026-03-11,2026-04-01,166.68,13.33,180.01,Paid
INVC84C411EA6,CUST100084299,2026-01-22,2026-02-12,272.29,21.78,294.07,Paid
INV19B18E8FF3,CUST100075586,2025-10-16,2025-11-06,217.39,17.39,234.78,Paid
INVA0C4EB77BA,CUST100005447,2026-06-29,2026-07-20,255.4,20.43,275.83,Paid
INV0E3A602303,CUST100037595,2025-08-23,2025-09-13,330.89,26.47,357.36,Paid
INV6DA6F91B52,CUST100008112,2025-11-18,2025-12-09,388.65,31.09,419.74,Paid
INV81F7629B04,CUST100027132,2026-04-24,2026-05-15,224.82,17.99,242.81,Paid
INV7A0EFA1932,CUST100062388,2026-05-16,2026-06-06,93.38,7.47,100.85,Paid
INV7475A92B2F,CUST100021027,2026-05-14,2026-06-04,195.18,15.61,210.79,Paid
INV6C0258A831,CUST100049424,2026-06-15,2026-07-06,139.02,11.12,150.14,Paid
INV777FF2DCED,CUST100072234,2025-10-06,2025-10-27,374.84,29.99,404.83,Paid
INVC2004271CD,CUST100087594,2026-06-16,2026-07-07,96.81,7.74,104.55,Paid
INVEC398AE241,CUST100047711,2026-05-15,2026-06-05,374.03,29.92,403.95,Paid
INV8773281643,CUST100098609,2026-05-15,2026-06-05,87.8,7.02,94.82,Paid
INV76765F68A7,CUST100012641,2026-07-11,2026-08-01,357.47,28.6,386.07,Partially Paid
INV84ACF62E4D,CUST100094849,2026-03-24,2026-04-14,92.52,7.4,99.92,Paid
INV98C485CBD5,CUST100092930,2026-07-12,2026-08-02,164.95,13.2,178.15,Paid
INVC468B9A5ED,CUST100050967,2025-09-07,2025-09-28,155.76,12.46,168.22,Unpaid
INVEC52135527,CUST100021820,2026-02-27,2026-03-20,31.04,2.48,33.52,Overdue
INV6ED715316A,CUST100092170,2026-02-18,2026-03-11,312.06,24.96,337.02,Paid
INV6F7FD917CC,CUST100000524,2026-05-26,2026-06-16,376.33,30.11,406.44,Paid
INVA93FBC023E,CUST100053908,2026-03-09,2026-03-30,290.49,23.24,313.73,Paid
INV787F607EA4,CUST100058161,2026-01-20,2026-02-10,148.08,11.85,159.93,Paid
INVE38566AACB,CUST100005683,2025-09-06,2025-09-27,139.34,11.15,150.49,Paid
INV9BEC2D7623,CUST100066149,2026-03-23,2026-04-13,334.76,26.78,361.54,Paid
INV819B3C15EF,CUST100039809,2025-09-06,2025-09-27,229.67,18.37,248.04,Paid
INV99F0379EDB,CUST100069039,2026-06-11,2026-07-02,306.67,24.53,331.2,Partially Paid
INVC6A19992B1,CUST100063286,2025-10-18,2025-11-08,309.26,24.74,334.0,Paid
INVEBAD350DC5,CUST100067756,2026-01-23,2026-02-13,375.07,30.01,405.08,Paid
INV4EBB8EB850,CUST100048451,2026-05-01,2026-05-22,110.16,8.81,118.97,Paid
INV6B24015248,CUST100019479,2026-03-06,2026-03-27,391.01,31.28,422.29,Partially Paid
INV708BEE791C,CUST100097243,2026-04-10,2026-05-01,240.4,19.23,259.63,Paid
INVD5951AED15,CUST100058364,2026-02-07,2026-02-28,337.25,26.98,364.23,Paid
INVD8D4BFA226,CUST100043055,2025-08-05,2025-08-26,174.1,13.93,188.03,Paid
INV5FCC765E8A,CUST100045129,2026-03-31,2026-04-21,270.67,21.65,292.32,Unpaid
INVB5773367CF,CUST100038686,2025-08-22,2025-09-12,345.72,27.66,373.38,Unpaid
INV38EB224A3C,CUST100097079,2026-05-16,2026-06-06,100.35,8.03,108.38,Paid
INVAE4D26D6CB,CUST100027667,2025-08-21,2025-09-11,64.86,5.19,70.05,Paid
INV8C7939ED01,CUST100075809,2025-09-04,2025-09-25,91.95,7.36,99.31,Paid
INVA59DD72382,CUST100005141,2026-02-15,2026-03-08,22.59,1.81,24.4,Paid
INV23F2FC0B7E,CUST100008650,2026-06-15,2026-07-06,125.44,10.04,135.48,Unpaid
INV45EF9D85B4,CUST100001449,2025-08-13,2025-09-03,108.64,8.69,117.33,Paid
INV17D14EC012,CUST100062660,2026-07-14,2026-08-04,255.26,20.42,275.68,Unpaid
INV8691329820,CUST100080119,2026-07-04,2026-07-25,384.55,30.76,415.31,Paid
INV57244D6373,CUST100055612,2025-09-06,2025-09-27,76.9,6.15,83.05,Paid
INV876278B2AE,CUST100057100,2025-12-08,2025-12-29,170.31,13.62,183.93,Paid
INVD05C4D1612,CUST100004230,2026-05-25,2026-06-15,23.8,1.9,25.7,Paid
INV1F84E5C6D7,CUST100006096,2026-01-01,2026-01-22,210.27,16.82,227.09,Paid
INV5685857EF7,CUST100012102,2025-10-04,2025-10-25,347.18,27.77,374.95,Unpaid
INVE4A864896E,CUST100043613,2026-03-19,2026-04-09,28.95,2.32,31.27,Partially Paid
INVC29A3B8773,CUST100067215,2025-10-18,2025-11-08,165.12,13.21,178.33,Overdue
INVDA8BC06159,CUST100055338,2025-11-01,2025-11-22,146.84,11.75,158.59,Unpaid
INVFEFAA75D73,CUST100050282,2025-10-03,2025-10-24,335.25,26.82,362.07,Paid
INVEA2E1773CA,CUST100044011,2026-01-29,2026-02-19,136.34,10.91,147.25,Paid
INVA371FCEEB7,CUST100033694,2026-01-31,2026-02-21,381.19,30.5,411.69,Paid
INV675F3CA209,CUST100084852,2025-10-13,2025-11-03,304.31,24.34,328.65,Paid
INVC95604A4D7,CUST100057102,2026-07-07,2026-07-28,273.39,21.87,295.26,Unpaid
INV891D4C3C9F,CUST100043765,2025-11-24,2025-12-15,218.68,17.49,236.17,Paid
INVD75427DD25,CUST100071922,2026-05-02,2026-05-23,373.68,29.89,403.57,Overdue
INV895E1EE423,CUST100032343,2025-11-02,2025-11-23,155.77,12.46,168.23,Paid
INV9F27197D71,CUST100071989,2026-02-19,2026-03-12,392.57,31.41,423.98,Paid
INVBCD9423BCD,CUST100056133,2025-11-16,2025-12-07,33.42,2.67,36.09,Paid
INVD61CACC8E6,CUST100040659,2026-01-10,2026-01-31,338.75,27.1,365.85,Overdue
INVA28603BC5A,CUST100042283,2025-09-07,2025-09-28,376.56,30.12,406.68,Overdue
INV08ABB796DB,CUST100056465,2026-01-28,2026-02-18,365.54,29.24,394.78,Paid
INVC33EF273AA,CUST100015195,2026-07-09,2026-07-30,210.79,16.86,227.65,Paid
INV87D2E391C7,CUST100045184,2026-05-16,2026-06-06,195.38,15.63,211.01,Paid
INV141EC25633,CUST100029425,2026-01-24,2026-02-14,201.26,16.1,217.36,Overdue
INV5D3602E6DD,CUST100022751,2026-04-08,2026-04-29,117.2,9.38,126.58,Paid
INV361E22AF96,CUST100047782,2026-06-03,2026-06-24,105.72,8.46,114.18,Paid
INV3A4F938B98,CUST100030546,2026-01-22,2026-02-12,25.08,2.01,27.09,Overdue
INV2EAEAFF460,CUST100098085,2025-09-16,2025-10-07,134.35,10.75,145.1,Paid
INVE1FFEE1AA4,CUST100058708,2026-03-29,2026-04-19,74.87,5.99,80.86,Overdue
INVAFF3F4C389,CUST100013109,2026-04-25,2026-05-16,191.69,15.34,207.03,Paid
INVDF577CE485,CUST100013339,2026-07-13,2026-08-03,51.46,4.12,55.58,Paid
INV146ED5C04A,CUST100069196,2026-04-14,2026-05-05,273.51,21.88,295.39,Paid
INV463D3ECCFF,CUST100087112,2025-12-10,2025-12-31,119.56,9.56,129.12,Paid
INV97A05E9A3E,CUST100034049,2026-07-12,2026-08-02,268.8,21.5,290.3,Unpaid
INVFB25BCA5B0,CUST100012873,2026-07-06,2026-07-27,327.53,26.2,353.73,Paid
INVD81CFC4C5C,CUST100004744,2026-06-21,2026-07-12,214.64,17.17,231.81,Paid
INVF90203F928,CUST100042396,2026-05-05,2026-05-26,337.95,27.04,364.99,Paid
INVB10B3E15C9,CUST100003889,2025-08-27,2025-09-17,51.2,4.1,55.3,Unpaid
INV790350F049,CUST100058353,2025-10-29,2025-11-19,25.56,2.04,27.6,Paid
INV753712862C,CUST100030786,2025-08-26,2025-09-16,157.22,12.58,169.8,Paid
INV85C36659E3,CUST100027307,2025-10-15,2025-11-05,395.45,31.64,427.09,Paid
INV215DD4B1BA,CUST100056605,2025-10-31,2025-11-21,254.79,20.38,275.17,Paid
INVA7E185A66E,CUST100057107,2026-01-22,2026-02-12,309.85,24.79,334.64,Paid
INV9460230744,CUST100073335,2026-03-29,2026-04-19,48.11,3.85,51.96,Overdue
INV2DC6DAA413,CUST100027931,2026-07-07,2026-07-28,108.36,8.67,117.03,Paid
INVD9CCC260A5,CUST100078551,2025-09-20,2025-10-11,313.98,25.12,339.1,Paid
INVCD8413CED9,CUST100052590,2026-07-11,2026-08-01,192.64,15.41,208.05,Paid
INV187BD95E88,CUST100086547,2025-08-25,2025-09-15,125.57,10.05,135.62,Paid
INVDFBF48C3B4,CUST100064335,2025-12-18,2026-01-08,247.52,19.8,267.32,Partially Paid
INV4E7F222167,CUST100073647,2025-10-25,2025-11-15,83.27,6.66,89.93,Unpaid
INV2BBC00DC92,CUST100089943,2026-06-15,2026-07-06,293.24,23.46,316.7,Paid
INV37BD50CCBF,CUST100005533,2026-03-15,2026-04-05,350.22,28.02,378.24,Overdue
INV38E7435046,CUST100003049,2026-03-29,2026-04-19,271.95,21.76,293.71,Unpaid
INVDD2B6FE157,CUST100051582,2026-01-08,2026-01-29,145.79,11.66,157.45,Unpaid
INV3D56077275,CUST100015991,2025-09-08,2025-09-29,187.37,14.99,202.36,Partially Paid
INVB1F06D9906,CUST100092921,2026-04-03,2026-04-24,300.95,24.08,325.03,Partially Paid
INVD199971C84,CUST100010522,2025-09-29,2025-10-20,320.05,25.6,345.65,Paid
INVD200B16BFF,CUST100056806,2026-04-25,2026-05-16,213.12,17.05,230.17,Paid
INV8B857A1C17,CUST100040932,2026-02-22,2026-03-15,392.52,31.4,423.92,Paid
INVD3B0851258,CUST100004478,2025-08-13,2025-09-03,23.86,1.91,25.77,Unpaid
INVEA19B72F16,CUST100047585,2025-09-26,2025-10-17,31.14,2.49,33.63,Paid
INV12C3CBF8A2,CUST100037434,2026-03-16,2026-04-06,126.62,10.13,136.75,Paid
INV1F334B47D8,CUST100034415,2025-08-17,2025-09-07,152.67,12.21,164.88,Paid
INVF25F059274,CUST100060942,2025-09-01,2025-09-22,336.2,26.9,363.1,Paid
INV1C740D9CC8,CUST100056398,2026-07-21,2026-08-11,91.45,7.32,98.77,Paid
INVD7B04C393C,CUST100039719,2026-05-24,2026-06-14,263.04,21.04,284.08,Partially Paid
INV0B3AB2F8D8,CUST100038924,2026-06-30,2026-07-21,70.41,5.63,76.04,Paid
INVE66F068D5D,CUST100084355,2026-02-14,2026-03-07,194.06,15.52,209.58,Partially Paid
INV5FC0CB8B96,CUST100034195,2026-02-25,2026-03-18,231.14,18.49,249.63,Paid
INVD85DCAEA23,CUST100075008,2025-10-17,2025-11-07,161.94,12.96,174.9,Unpaid
INVF99C8D1A3C,CUST100053813,2026-04-13,2026-05-04,103.19,8.26,111.45,Partially Paid
INV55BF38D3DC,CUST100056714,2026-01-16,2026-02-06,77.18,6.17,83.35,Paid
INV8C3D705A84,CUST100001751,2026-06-16,2026-07-07,233.07,18.65,251.72,Overdue
INV033B48FDBE,CUST100018390,2026-04-08,2026-04-29,307.01,24.56,331.57,Partially Paid
INVF033BCA3F0,CUST100060086,2025-11-17,2025-12-08,95.86,7.67,103.53,Paid
INV466CDCCC62,CUST100076202,2025-10-11,2025-11-01,373.63,29.89,403.52,Partially Paid
INVE2D46E7D58,CUST100097039,2026-04-02,2026-04-23,232.17,18.57,250.74,Paid
INV8A3498E2BF,CUST100062422,2026-02-06,2026-02-27,377.53,30.2,407.73,Overdue
INV622B99E188,CUST100065991,2026-04-02,2026-04-23,68.74,5.5,74.24,Paid
INVA2B2634C27,CUST100025323,2026-04-13,2026-05-04,366.88,29.35,396.23,Paid
INVAC926459FC,CUST100073941,2026-04-19,2026-05-10,248.62,19.89,268.51,Partially Paid
INVC750B4BCC3,CUST100013726,2026-01-29,2026-02-19,116.2,9.3,125.5,Overdue
INV8D56A9508C,CUST100088901,2026-02-23,2026-03-16,271.05,21.68,292.73,Partially Paid
INV22FEE1E2BC,CUST100033153,2026-05-12,2026-06-02,220.77,17.66,238.43,Paid
INV2E1E47D0B2,CUST100052943,2025-11-11,2025-12-02,32.37,2.59,34.96,Paid
INV5A57DB77BB,CUST100070248,2026-04-12,2026-05-03,332.08,26.57,358.65,Overdue
INV31729B395E,CUST100088900,2025-09-13,2025-10-04,359.89,28.79,388.68,Paid
INV7C4332CB93,CUST100055191,2026-02-28,2026-03-21,185.21,14.82,200.03,Paid
INV46FC6D759B,CUST100001165,2026-02-02,2026-02-23,100.6,8.05,108.65,Paid
INVAF9559D71A,CUST100047409,2026-07-15,2026-08-05,34.63,2.77,37.4,Unpaid
INVAB448DAE9C,CUST100051903,2025-10-07,2025-10-28,64.09,5.13,69.22,Overdue
INVB3131D68CF,CUST100089832,2026-01-21,2026-02-11,219.18,17.53,236.71,Paid
INVEA7545662B,CUST100005570,2025-09-17,2025-10-08,292.28,23.38,315.66,Paid
INV9D06B6F5D4,CUST100075801,2026-06-09,2026-06-30,370.14,29.61,399.75,Paid
INV2D72A74076,CUST100064081,2026-06-18,2026-07-09,190.47,15.24,205.71,Partially Paid
INV8D9DCD7579,CUST100086924,2026-06-08,2026-06-29,320.61,25.65,346.26,Unpaid
INV79CE685BD4,CUST100052113,2026-04-22,2026-05-13,186.9,14.95,201.85,Paid
INV179B07482C,CUST100069126,2026-02-11,2026-03-04,148.15,11.85,160.0,Overdue
INV7911512E27,CUST100085123,2025-12-05,2025-12-26,52.74,4.22,56.96,Overdue
INV761052E9A5,CUST100003755,2026-04-09,2026-04-30,373.3,29.86,403.16,Paid
INVAA712BEEE0,CUST100031060,2025-11-07,2025-11-28,261.31,20.9,282.21,Paid
INV1068F14126,CUST100019879,2026-03-07,2026-03-28,168.05,13.44,181.49,Paid
INV0C875C8C16,CUST100045791,2026-01-12,2026-02-02,321.41,25.71,347.12,Paid
INV9694073338,CUST100017764,2025-11-10,2025-12-01,198.1,15.85,213.95,Overdue
INV75800B92C0,CUST100056150,2025-08-26,2025-09-16,83.07,6.65,89.72,Paid
INV6D6DD98CC2,CUST100057777,2026-07-01,2026-07-22,236.63,18.93,255.56,Overdue
INV3906F6EDBE,CUST100097630,2025-09-28,2025-10-19,345.08,27.61,372.69,Paid
INVBF6FF47EB7,CUST100034582,2026-06-22,2026-07-13,291.96,23.36,315.32,Paid
INVB38272245D,CUST100062326,2025-09-12,2025-10-03,299.46,23.96,323.42,Paid
INV60DF3F93B4,CUST100042708,2025-10-09,2025-10-30,339.39,27.15,366.54,Paid
INV3656C85186,CUST100056239,2026-07-01,2026-07-22,373.62,29.89,403.51,Paid
INV3A48BCB7DA,CUST100086329,2025-12-16,2026-01-06,131.94,10.56,142.5,Paid
INV6D49BA285F,CUST100037345,2026-01-08,2026-01-29,388.91,31.11,420.02,Overdue
INVC8B3325921,CUST100075903,2025-12-03,2025-12-24,342.0,27.36,369.36,Paid
INVBB93DF8538,CUST100021326,2026-03-25,2026-04-15,379.15,30.33,409.48,Paid
INV7E21D29720,CUST100085363,2026-06-12,2026-07-03,148.2,11.86,160.06,Paid
INV27965A0F30,CUST100004286,2025-12-16,2026-01-06,259.73,20.78,280.51,Unpaid
INVD89C5714D0,CUST100025364,2026-04-21,2026-05-12,277.89,22.23,300.12,Paid
INV943A022D5B,CUST100045370,2026-05-19,2026-06-09,332.08,26.57,358.65,Paid
INVDF214D27C4,CUST100092451,2026-01-28,2026-02-18,276.09,22.09,298.18,Paid
INV08898B0E31,CUST100070429,2026-06-30,2026-07-21,168.64,13.49,182.13,Paid
INV5C125A4E0B,CUST100015795,2025-10-28,2025-11-18,74.97,6.0,80.97,Paid
INV39130CE601,CUST100064233,2026-02-20,2026-03-13,68.66,5.49,74.15,Paid
INV500BB65D9D,CUST100006524,2025-08-25,2025-09-15,301.83,24.15,325.98,Paid
INV3B20D78A3C,CUST100080872,2025-08-17,2025-09-07,131.13,10.49,141.62,Paid
INV66600D3CA0,CUST100004753,2026-04-22,2026-05-13,282.66,22.61,305.27,Paid
INV30EA5C637F,CUST100073518,2025-08-30,2025-09-20,143.86,11.51,155.37,Paid
INV06DAB1A8FB,CUST100010666,2026-04-14,2026-05-05,100.97,8.08,109.05,Paid
INVE6C55C3CA6,CUST100088977,2025-09-14,2025-10-05,60.62,4.85,65.47,Paid
INV115F3F48DE,CUST100035508,2026-01-14,2026-02-04,38.09,3.05,41.14,Paid
INVAABAE176F5,CUST100013787,2026-03-14,2026-04-04,295.65,23.65,319.3,Paid
INV0F7D9DF66E,CUST100085443,2026-01-15,2026-02-05,195.3,15.62,210.92,Paid
INV8AFF9314AB,CUST100073266,2026-07-13,2026-08-03,360.54,28.84,389.38,Paid
INVE8EB3D154B,CUST100078083,2026-04-05,2026-04-26,330.7,26.46,357.16,Paid
INV04205BCCD7,CUST100070038,2026-02-10,2026-03-03,326.04,26.08,352.12,Unpaid
INVECD89C7800,CUST100036776,2026-03-04,2026-03-25,276.82,22.15,298.97,Paid
INV865B4A1887,CUST100082081,2026-07-08,2026-07-29,396.2,31.7,427.9,Paid
INVA739166434,CUST100097309,2025-11-14,2025-12-05,162.21,12.98,175.19,Paid
INV1BAFEE90D2,CUST100013558,2025-11-23,2025-12-14,90.05,7.2,97.25,Paid
INVA71A0FACE8,CUST100030555,2026-03-18,2026-04-08,284.15,22.73,306.88,Paid
INV5E8DE6E65A,CUST100020601,2026-07-01,2026-07-22,339.48,27.16,366.64,Overdue
INV29187254EF,CUST100003906,2026-04-24,2026-05-15,264.83,21.19,286.02,Paid
INV57925791A5,CUST100015636,2025-10-12,2025-11-02,189.39,15.15,204.54,Paid
INV358EF0A895,CUST100082325,2026-07-01,2026-07-22,130.67,10.45,141.12,Paid
INVA86297C3E0,CUST100015201,2026-06-29,2026-07-20,143.79,11.5,155.29,Paid
INVCEAEF1EE6A,CUST100030223,2026-05-01,2026-05-22,306.87,24.55,331.42,Paid
INV73DAA5BC61,CUST100067650,2026-02-09,2026-03-02,262.55,21.0,283.55,Unpaid
INV35BD01BE34,CUST100024588,2026-05-26,2026-06-16,177.69,14.22,191.91,Paid
INV2E220E05DA,CUST100087625,2025-12-16,2026-01-06,45.25,3.62,48.87,Overdue
INV50FFB269BA,CUST100021141,2025-08-19,2025-09-09,104.87,8.39,113.26,Paid
INV1C06E8B650,CUST100070097,2025-08-01,2025-08-22,85.53,6.84,92.37,Partially Paid
INV5C37717AA5,CUST100010572,2025-11-30,2025-12-21,287.69,23.02,310.71,Unpaid
INV632D350AF1,CUST100006048,2025-09-16,2025-10-07,211.72,16.94,228.66,Paid
INVFCA44C3B37,CUST100062693,2025-08-27,2025-09-17,197.12,15.77,212.89,Paid
INV8DAC20A0DB,CUST100097851,2026-04-18,2026-05-09,88.72,7.1,95.82,Paid
INV462D54DE91,CUST100061299,2026-04-18,2026-05-09,179.8,14.38,194.18,Paid
INV59AEC278E5,CUST100064334,2026-02-08,2026-03-01,76.11,6.09,82.2,Paid
INV07DE793D54,CUST100004497,2026-01-26,2026-02-16,394.0,31.52,425.52,Paid
INVC1A538FE21,CUST100091305,2025-09-20,2025-10-11,297.78,23.82,321.6,Paid
INV463A57B338,CUST100041028,2025-09-21,2025-10-12,274.31,21.94,296.25,Overdue
INVC8CF57D222,CUST100078178,2026-01-21,2026-02-11,123.34,9.87,133.21,Paid
INV70324DBFB1,CUST100076628,2026-01-02,2026-01-23,97.93,7.83,105.76,Paid
INVE66A373F2B,CUST100094609,2026-01-23,2026-02-13,377.87,30.23,408.1,Paid
INV92E4547DF6,CUST100001348,2025-10-02,2025-10-23,30.82,2.47,33.29,Paid
INV7D10D02930,CUST100073660,2025-11-15,2025-12-06,96.38,7.71,104.09,Paid
INVC66139A092,CUST100040157,2026-06-14,2026-07-05,41.03,3.28,44.31,Overdue
INVC9083EAC9A,CUST100018109,2025-11-16,2025-12-07,28.36,2.27,30.63,Paid
INV6EA215A7AF,CUST100078889,2026-04-15,2026-05-06,84.52,6.76,91.28,Partially Paid
INV669E714828,CUST100078968,2026-02-17,2026-03-10,135.31,10.82,146.13,Paid
INV38E793A4AB,CUST100061911,2025-08-31,2025-09-21,228.33,18.27,246.6,Unpaid
INV4E2B7E29C5,CUST100075922,2025-08-11,2025-09-01,272.3,21.78,294.08,Paid
INV4A35E5498D,CUST100065540,2026-01-08,2026-01-29,282.98,22.64,305.62,Paid
INV125DDA1D88,CUST100090129,2025-11-23,2025-12-14,343.16,27.45,370.61,Paid
INV6F05BF858D,CUST100078988,2026-04-20,2026-05-11,300.16,24.01,324.17,Paid
INV8F8AA613BF,CUST100043639,2026-07-02,2026-07-23,96.45,7.72,104.17,Paid
INVC953266220,CUST100095385,2026-03-11,2026-04-01,92.67,7.41,100.08,Paid
INV070A059A6A,CUST100010841,2026-06-04,2026-06-25,145.78,11.66,157.44,Paid
INVF5695A8D90,CUST100058679,2025-08-21,2025-09-11,226.16,18.09,244.25,Paid
INVEBD40436A1,CUST100042195,2026-06-27,2026-07-18,218.21,17.46,235.67,Overdue
INV4CAEE95B56,CUST100045097,2025-11-13,2025-12-04,39.34,3.15,42.49,Paid
INVC159BA52DA,CUST100074810,2025-11-13,2025-12-04,328.43,26.27,354.7,Paid
INVE1070B0BBC,CUST100035187,2025-09-17,2025-10-08,319.21,25.54,344.75,Paid
INV966269E5BE,CUST100018614,2026-04-04,2026-04-25,318.88,25.51,344.39,Paid
INVD1C8F8F749,CUST100002024,2026-03-22,2026-04-12,219.51,17.56,237.07,Paid
INV2F92E110FC,CUST100030218,2025-08-13,2025-09-03,313.44,25.08,338.52,Paid
INVB5DEE1B16F,CUST100041044,2026-05-14,2026-06-04,74.7,5.98,80.68,Partially Paid
INV81D197AC6E,CUST100023361,2025-12-02,2025-12-23,48.99,3.92,52.91,Paid
INVD9A2BB8B98,CUST100069375,2025-09-28,2025-10-19,375.33,30.03,405.36,Paid
INV2ED3BE36C7,CUST100071039,2026-05-30,2026-06-20,187.45,15.0,202.45,Paid
INVE8078589E1,CUST100034737,2026-03-25,2026-04-15,94.49,7.56,102.05,Paid
INV3DC90EA3E1,CUST100050880,2025-10-13,2025-11-03,212.06,16.96,229.02,Paid
INV9C3B5DCACB,CUST100059318,2025-12-24,2026-01-14,161.61,12.93,174.54,Unpaid
INVF16CACC5EF,CUST100075636,2025-11-30,2025-12-21,319.75,25.58,345.33,Partially Paid
INVD9F490B4F0,CUST100035736,2026-06-05,2026-06-26,55.06,4.4,59.46,Overdue
INVE5F735A1EC,CUST100070116,2025-09-08,2025-09-29,384.75,30.78,415.53,Paid
INV943C7B6D28,CUST100033741,2025-11-10,2025-12-01,88.51,7.08,95.59,Paid
INV29B86B069E,CUST100065772,2026-01-09,2026-01-30,344.85,27.59,372.44,Partially Paid
INVDE5C1DFE0D,CUST100000845,2026-06-13,2026-07-04,152.63,12.21,164.84,Paid
INV0BA749E0DC,CUST100006370,2025-11-17,2025-12-08,267.51,21.4,288.91,Paid
INV5D86921F07,CUST100072074,2026-05-14,2026-06-04,101.72,8.14,109.86,Paid
INVE467600E91,CUST100078476,2026-01-07,2026-01-28,123.85,9.91,133.76,Unpaid
INVA65368E63B,CUST100025617,2026-07-08,2026-07-29,138.7,11.1,149.8,Paid
INVEF7BD3CFF2,CUST100019587,2026-01-02,2026-01-23,49.46,3.96,53.42,Unpaid
INVAD3582B9F2,CUST100031587,2025-10-14,2025-11-04,335.25,26.82,362.07,Paid
INV71C3A53C7E,CUST100037883,2026-05-10,2026-05-31,229.41,18.35,247.76,Paid
INV88686E835C,CUST100090875,2025-08-03,2025-08-24,188.19,15.06,203.25,Partially Paid
INVED98C0B9FD,CUST100058158,2025-09-11,2025-10-02,271.64,21.73,293.37,Paid
INV803BB64560,CUST100060217,2025-10-02,2025-10-23,20.2,1.62,21.82,Partially Paid
INV2943E48BA6,CUST100003606,2026-02-10,2026-03-03,209.18,16.73,225.91,Overdue
INV6CB582AFA4,CUST100012145,2025-10-02,2025-10-23,307.78,24.62,332.4,Paid
INVFA66A5E38A,CUST100088461,2026-05-14,2026-06-04,371.68,29.73,401.41,Paid
INV24739E6AB0,CUST100029201,2026-07-15,2026-08-05,195.72,15.66,211.38,Paid
INV6FCF8B0D7E,CUST100095705,2025-11-12,2025-12-03,205.38,16.43,221.81,Paid
INVFB30FCFEE3,CUST100014374,2026-01-04,2026-01-25,71.16,5.69,76.85,Paid
INVB02D2689FC,CUST100013676,2025-08-17,2025-09-07,212.44,17.0,229.44,Paid
INV5D98331959,CUST100043401,2025-10-21,2025-11-11,390.24,31.22,421.46,Paid
INV2D348FDC1D,CUST100025180,2026-04-03,2026-04-24,181.46,14.52,195.98,Unpaid
INV98EDD4BCC5,CUST100089841,2026-06-24,2026-07-15,149.5,11.96,161.46,Paid
INV20507B68CF,CUST100083249,2026-01-03,2026-01-24,357.61,28.61,386.22,Unpaid
INV7B703BC4E3,CUST100004352,2025-10-06,2025-10-27,188.02,15.04,203.06,Unpaid
INV71988D81FD,CUST100070165,2026-01-11,2026-02-01,25.09,2.01,27.1,Paid
INVED635C2C57,CUST100018231,2025-10-02,2025-10-23,173.13,13.85,186.98,Unpaid
INV858CB45507,CUST100085182,2026-04-22,2026-05-13,154.75,12.38,167.13,Partially Paid
INVB37A91FC07,CUST100066470,2026-03-24,2026-04-14,99.84,7.99,107.83,Unpaid
INVE1CBFB1596,CUST100041597,2025-09-22,2025-10-13,26.08,2.09,28.17,Paid
INV934BB8A5E8,CUST100093388,2025-11-18,2025-12-09,83.22,6.66,89.88,Paid
INVBCD8A3A812,CUST100015198,2025-12-15,2026-01-05,66.09,5.29,71.38,Paid
INVFF75CAE5D0,CUST100036580,2025-08-15,2025-09-05,346.53,27.72,374.25,Paid
INV5C8AE8243D,CUST100045172,2026-05-20,2026-06-10,22.11,1.77,23.88,Paid
INV541304B8C0,CUST100013151,2026-06-10,2026-07-01,171.98,13.76,185.74,Paid
INV1C9C9F6EAE,CUST100098193,2026-03-15,2026-04-05,96.97,7.76,104.73,Paid
INVAA05C770A7,CUST100076264,2025-12-06,2025-12-27,57.92,4.63,62.55,Paid
INV7F0E07B462,CUST100020004,2025-10-01,2025-10-22,46.7,3.74,50.44,Partially Paid
INV4DDC34C23B,CUST100054672,2026-03-14,2026-04-04,332.11,26.57,358.68,Paid
INVA98FBD0F87,CUST100020220,2025-09-07,2025-09-28,99.52,7.96,107.48,Paid
INV00A44DB152,CUST100077176,2026-01-12,2026-02-02,22.94,1.84,24.78,Paid
INV2881D5F5CA,CUST100050787,2026-03-21,2026-04-11,241.46,19.32,260.78,Paid
INVB7EDB3348C,CUST100027815,2026-06-25,2026-07-16,127.73,10.22,137.95,Unpaid
INV3B7F333F3B,CUST100008689,2026-03-26,2026-04-16,397.02,31.76,428.78,Paid
INV07AC5628C6,CUST100027029,2026-05-21,2026-06-11,144.94,11.6,156.54,Overdue
INV6ED268FDB6,CUST100029906,2026-04-03,2026-04-24,334.96,26.8,361.76,Partially Paid
INV098EFB0E1C,CUST100050225,2025-10-13,2025-11-03,344.65,27.57,372.22,Overdue
INVB481573E75,CUST100062821,2026-07-10,2026-07-31,84.59,6.77,91.36,Paid
INVEDC4B16AEA,CUST100036458,2025-12-10,2025-12-31,279.4,22.35,301.75,Paid
INVFC6BCD288A,CUST100001487,2026-04-14,2026-05-05,45.52,3.64,49.16,Paid
INVFC9C78BBEA,CUST100080243,2026-01-14,2026-02-04,299.54,23.96,323.5,Paid
INVBAEB894D32,CUST100068176,2025-11-27,2025-12-18,115.25,9.22,124.47,Unpaid
INV56E9FFE066,CUST100020090,2025-09-27,2025-10-18,178.29,14.26,192.55,Paid
INVACD86DB346,CUST100085547,2026-04-09,2026-04-30,377.73,30.22,407.95,Partially Paid
INV4DDD4D1BE4,CUST100011074,2026-04-26,2026-05-17,207.5,16.6,224.1,Paid
INV55E454C9D1,CUST100073808,2026-06-30,2026-07-21,157.23,12.58,169.81,Unpaid
INVCC41A259E3,CUST100056379,2025-08-07,2025-08-28,152.84,12.23,165.07,Paid
INVE261AB343D,CUST100041589,2026-04-13,2026-05-04,133.71,10.7,144.41,Unpaid
INV3C6DAB0279,CUST100035220,2026-05-06,2026-05-27,383.91,30.71,414.62,Paid
INVCCA01E9C53,CUST100024046,2025-10-29,2025-11-19,78.51,6.28,84.79,Paid
INV96487BF8DB,CUST100025697,2026-01-17,2026-02-07,22.49,1.8,24.29,Unpaid
INV975CD9C6AA,CUST100088175,2026-06-04,2026-06-25,313.13,25.05,338.18,Paid
INVBB579436F9,CUST100011232,2026-07-13,2026-08-03,366.36,29.31,395.67,Paid
INV1FED810AD4,CUST100064989,2026-07-11,2026-08-01,349.07,27.93,377.0,Unpaid
INVC650CCB6D6,CUST100084975,2026-05-09,2026-05-30,169.35,13.55,182.9,Paid
INV5E5C150A80,CUST100088576,2026-03-19,2026-04-09,49.4,3.95,53.35,Paid
INV0C40C6DF3F,CUST100027726,2026-04-25,2026-05-16,359.82,28.79,388.61,Overdue
INVABA7E21071,CUST100066143,2026-07-22,2026-08-12,166.19,13.3,179.49,Paid
INVAF27513A81,CUST100040862,2025-10-26,2025-11-16,265.57,21.25,286.82,Overdue
INV0FD8CB2AD8,CUST100065502,2025-11-06,2025-11-27,122.31,9.78,132.09,Paid
INV6DD86E320B,CUST100032985,2026-01-08,2026-01-29,99.22,7.94,107.16,Paid
INVD2845B1DC4,CUST100014316,2026-03-24,2026-04-14,241.78,19.34,261.12,Paid
INVC971DA91D0,CUST100083267,2025-10-26,2025-11-16,168.02,13.44,181.46,Unpaid
INVC59ABB6716,CUST100014594,2026-02-21,2026-03-14,300.63,24.05,324.68,Paid
INVF3565884AB,CUST100077071,2026-01-19,2026-02-09,92.18,7.37,99.55,Paid
INV752739E4D2,CUST100002142,2026-03-17,2026-04-07,71.64,5.73,77.37,Paid
INV8149C06C7F,CUST100021621,2025-11-22,2025-12-13,50.46,4.04,54.5,Paid
INV56BF6E8B74,CUST100004026,2026-04-29,2026-05-20,209.56,16.76,226.32,Paid
INV7306F9F64C,CUST100066898,2026-01-26,2026-02-16,247.68,19.81,267.49,Paid
INV59A5A4FFC8,CUST100054262,2026-06-21,2026-07-12,354.35,28.35,382.7,Unpaid
INV07C1C6B2B4,CUST100054599,2025-10-24,2025-11-14,388.0,31.04,419.04,Unpaid
INVA45C5F7BD1,CUST100099872,2025-09-26,2025-10-17,167.07,13.37,180.44,Paid
INVFC19C7215F,CUST100001735,2026-01-25,2026-02-15,57.37,4.59,61.96,Overdue
INV7A8042DC2E,CUST100065999,2026-06-19,2026-07-10,325.29,26.02,351.31,Unpaid
INVB71C41B213,CUST100094682,2026-04-12,2026-05-03,145.87,11.67,157.54,Paid
INV3D32A6BB98,CUST100001584,2026-05-05,2026-05-26,312.43,24.99,337.42,Paid
INVF83FC19620,CUST100070089,2026-02-11,2026-03-04,365.32,29.23,394.55,Paid
INVED5EB69C33,CUST100030207,2025-11-27,2025-12-18,160.07,12.81,172.88,Paid
INV8E9201C0B6,CUST100043816,2026-04-08,2026-04-29,149.37,11.95,161.32,Unpaid
INV1F8F199E89,CUST100035643,2026-06-16,2026-07-07,295.69,23.66,319.35,Paid
INV554480AF20,CUST100006767,2025-09-05,2025-09-26,169.91,13.59,183.5,Paid
INV48E0946025,CUST100001214,2025-09-29,2025-10-20,131.35,10.51,141.86,Unpaid
INV29BBC70EB8,CUST100040755,2026-05-08,2026-05-29,306.32,24.51,330.83,Paid
INV764F149772,CUST100050854,2026-04-11,2026-05-02,128.95,10.32,139.27,Paid
INVC291080002,CUST100075587,2025-10-16,2025-11-06,308.26,24.66,332.92,Partially Paid
INV379F9F4C78,CUST100094997,2025-11-14,2025-12-05,97.75,7.82,105.57,Paid
INV853ECF9750,CUST100044721,2025-10-20,2025-11-10,163.95,13.12,177.07,Paid
INV309DAC76A6,CUST100081556,2026-01-22,2026-02-12,236.75,18.94,255.69,Paid
INV89D9D66DFC,CUST100075467,2025-12-08,2025-12-29,353.85,28.31,382.16,Paid
INVB4B15CE01C,CUST100020789,2025-10-16,2025-11-06,258.63,20.69,279.32,Partially Paid
INVEC4638E871,CUST100048864,2025-08-18,2025-09-08,155.43,12.43,167.86,Paid
INVCEAC44DB2C,CUST100028959,2026-03-12,2026-04-02,179.65,14.37,194.02,Paid
INVE0CBDE3E8F,CUST100009076,2026-03-28,2026-04-18,282.46,22.6,305.06,Unpaid
INV06653EB6D1,CUST100050741,2025-08-30,2025-09-20,95.09,7.61,102.7,Partially Paid
INVD356A99A02,CUST100010174,2026-02-18,2026-03-11,50.24,4.02,54.26,Paid
INVB98A2B6918,CUST100037413,2026-02-03,2026-02-24,342.24,27.38,369.62,Paid
INV25E211BD3B,CUST100066017,2025-08-07,2025-08-28,289.92,23.19,313.11,Paid
INVFB5F93C1BE,CUST100012064,2026-01-09,2026-01-30,163.23,13.06,176.29,Partially Paid
INV6D31698A65,CUST100097134,2025-08-23,2025-09-13,27.14,2.17,29.31,Paid
INV079078BCCC,CUST100049679,2026-04-05,2026-04-26,314.49,25.16,339.65,Paid
INV365546EFF1,CUST100039242,2026-05-04,2026-05-25,374.74,29.98,404.72,Partially Paid
INV5CDA7E455F,CUST100028389,2026-07-21,2026-08-11,184.82,14.79,199.61,Overdue
INV557A7A3514,CUST100070396,2026-04-19,2026-05-10,52.45,4.2,56.65,Paid
INV9B577E0391,CUST100017726,2025-10-07,2025-10-28,281.36,22.51,303.87,Paid
INV2F53C74F5C,CUST100041354,2025-08-22,2025-09-12,178.98,14.32,193.3,Unpaid
INV01D10D606B,CUST100090249,2026-03-02,2026-03-23,288.53,23.08,311.61,Partially Paid
INVA2C0C79DAA,CUST100044798,2026-05-27,2026-06-17,90.69,7.26,97.95,Overdue
INV9B83C7C016,CUST100039014,2026-01-18,2026-02-08,210.48,16.84,227.32,Paid
INV93596D2160,CUST100047719,2025-09-11,2025-10-02,187.8,15.02,202.82,Paid
INVA6FD19046C,CUST100042637,2026-01-16,2026-02-06,28.72,2.3,31.02,Paid
INV8782EAAE5C,CUST100031805,2026-03-31,2026-04-21,246.8,19.74,266.54,Paid
INV97815D09EF,CUST100054372,2025-08-20,2025-09-10,38.71,3.1,41.81,Paid
INVF263E0C5BD,CUST100063557,2025-11-26,2025-12-17,33.8,2.7,36.5,Paid
INV32A368A0C5,CUST100005129,2026-06-23,2026-07-14,144.91,11.59,156.5,Paid
INV19D783369C,CUST100039052,2026-02-20,2026-03-13,119.78,9.58,129.36,Partially Paid
INVC3AD6EACFF,CUST100078560,2026-06-11,2026-07-02,378.27,30.26,408.53,Paid
INV5EAC4E0403,CUST100005327,2026-01-17,2026-02-07,396.69,31.74,428.43,Paid
INV36176015BA,CUST100040971,2026-01-12,2026-02-02,159.58,12.77,172.35,Overdue
INV733E6DACBC,CUST100011693,2025-08-04,2025-08-25,76.01,6.08,82.09,Paid
INVC00B3AABAD,CUST100086932,2026-02-22,2026-03-15,145.04,11.6,156.64,Paid
INVEEA6A10188,CUST100022860,2025-09-19,2025-10-10,90.61,7.25,97.86,Paid
INVB42B558D2F,CUST100002989,2026-02-02,2026-02-23,182.74,14.62,197.36,Unpaid
INVEFAE72681C,CUST100037664,2026-06-06,2026-06-27,226.73,18.14,244.87,Paid
INV2639B4233C,CUST100039618,2026-01-01,2026-01-22,34.75,2.78,37.53,Overdue
INV64C963D3D0,CUST100048225,2026-07-04,2026-07-25,178.81,14.3,193.11,Paid
INV0BD7740D02,CUST100003498,2026-03-22,2026-04-12,358.35,28.67,387.02,Partially Paid
INV7F43551055,CUST100023485,2025-12-14,2026-01-04,175.46,14.04,189.5,Paid
INV3484C8E81B,CUST100058901,2025-08-30,2025-09-20,215.44,17.24,232.68,Paid
INV5D128B6422,CUST100080942,2025-08-02,2025-08-23,389.91,31.19,421.1,Paid
INVDBC45C4DB9,CUST100095963,2025-12-18,2026-01-08,326.75,26.14,352.89,Paid
INV42E012F941,CUST100094757,2025-09-12,2025-10-03,330.16,26.41,356.57,Overdue
INVB3D693116C,CUST100000858,2026-04-26,2026-05-17,63.85,5.11,68.96,Paid
INV73555B0112,CUST100032586,2026-07-07,2026-07-28,82.21,6.58,88.79,Unpaid
INVB108F31F83,CUST100001172,2025-08-03,2025-08-24,289.51,23.16,312.67,Paid
INVEE46955B44,CUST100073990,2026-03-16,2026-04-06,278.86,22.31,301.17,Overdue
INV3A59BF47E7,CUST100037969,2026-03-22,2026-04-12,26.35,2.11,28.46,Partially Paid
INV14E7C34B79,CUST100059896,2026-04-18,2026-05-09,354.76,28.38,383.14,Paid
INV60B44A338F,CUST100067216,2026-04-27,2026-05-18,219.47,17.56,237.03,Paid
INVE401EA575A,CUST100059620,2026-05-09,2026-05-30,191.56,15.32,206.88,Partially Paid
INVE770D9E207,CUST100010783,2026-02-18,2026-03-11,278.16,22.25,300.41,Paid
INVD13D655447,CUST100053436,2025-12-06,2025-12-27,274.43,21.95,296.38,Paid
INV1A559E413C,CUST100045843,2026-02-12,2026-03-05,342.95,27.44,370.39,Unpaid
INV1322538AFA,CUST100021172,2026-07-14,2026-08-04,201.47,16.12,217.59,Partially Paid
INVCF1BAFEE35,CUST100077422,2025-11-29,2025-12-20,142.9,11.43,154.33,Paid
INV23A014F566,CUST100053630,2025-10-07,2025-10-28,98.53,7.88,106.41,Paid
INVB7A71EB314,CUST100017454,2026-06-29,2026-07-20,119.54,9.56,129.1,Paid
INVBBD1700005,CUST100066663,2026-07-16,2026-08-06,364.46,29.16,393.62,Overdue
INV9B27B6A802,CUST100015849,2025-11-14,2025-12-05,357.2,28.58,385.78,Paid
INVA1F1A31D62,CUST100034675,2025-12-02,2025-12-23,55.83,4.47,60.3,Unpaid
INVFB6BF90B2E,CUST100089559,2026-01-09,2026-01-30,59.76,4.78,64.54,Partially Paid
INVCBA64B7F7E,CUST100001135,2026-04-26,2026-05-17,344.15,27.53,371.68,Paid
INVDD7AC7B2C8,CUST100073612,2026-01-21,2026-02-11,363.01,29.04,392.05,Partially Paid
INVEBBE633B63,CUST100040139,2025-08-27,2025-09-17,90.49,7.24,97.73,Partially Paid
INVB15B50B10E,CUST100055317,2025-11-02,2025-11-23,290.75,23.26,314.01,Paid
INVBA89817410,CUST100037574,2026-06-04,2026-06-25,45.81,3.66,49.47,Overdue
INV7B454793DC,CUST100015528,2026-04-23,2026-05-14,382.79,30.62,413.41,Paid
INV954D4E8B7B,CUST100036624,2025-11-14,2025-12-05,63.26,5.06,68.32,Overdue
INV0553807165,CUST100093588,2026-04-18,2026-05-09,165.77,13.26,179.03,Unpaid
INVCE279C7EE8,CUST100065165,2026-06-30,2026-07-21,256.92,20.55,277.47,Paid
INV6CE92A1285,CUST100098991,2026-03-14,2026-04-04,311.37,24.91,336.28,Paid
INVE59D717116,CUST100040061,2026-04-03,2026-04-24,78.41,6.27,84.68,Paid
INVAB65EA282C,CUST100003088,2026-05-15,2026-06-05,136.59,10.93,147.52,Paid
INVEFA1F936A8,CUST100055203,2025-12-15,2026-01-05,377.44,30.2,407.64,Paid
INVD8B2946E4B,CUST100012197,2025-12-07,2025-12-28,361.97,28.96,390.93,Paid
INVBCE1F79235,CUST100015739,2025-12-19,2026-01-09,41.46,3.32,44.78,Unpaid
INVE09AAC277F,CUST100065348,2026-01-24,2026-02-14,311.76,24.94,336.7,Paid
INV4245763AFB,CUST100040252,2026-01-17,2026-02-07,238.96,19.12,258.08,Paid
INV4BCF6E168C,CUST100049843,2025-12-20,2026-01-10,340.89,27.27,368.16,Paid
INVB57074FAE2,CUST100074519,2026-04-30,2026-05-21,134.54,10.76,145.3,Paid
INVC908684BAA,CUST100004114,2025-12-31,2026-01-21,193.08,15.45,208.53,Unpaid
INVA6D457671A,CUST100037684,2026-07-13,2026-08-03,228.41,18.27,246.68,Overdue
INV8BB2F025F2,CUST100022888,2026-01-02,2026-01-23,57.65,4.61,62.26,Paid
INV9237309A86,CUST100052969,2025-09-28,2025-10-19,261.21,20.9,282.11,Unpaid
INV4C6DF2D912,CUST100062744,2025-09-25,2025-10-16,232.28,18.58,250.86,Paid
INVA3D046A5EA,CUST100013821,2025-12-16,2026-01-06,278.86,22.31,301.17,Paid
INV78FF315A34,CUST100022709,2025-09-06,2025-09-27,311.93,24.95,336.88,Paid
INV1F11FFF50C,CUST100071227,2026-06-15,2026-07-06,217.52,17.4,234.92,Paid
INV8EB41E8D2F,CUST100019928,2026-04-23,2026-05-14,291.2,23.3,314.5,Paid
INV3C444E50B8,CUST100034238,2026-04-16,2026-05-07,30.75,2.46,33.21,Paid
INV833313D64E,CUST100009365,2026-06-25,2026-07-16,206.96,16.56,223.52,Paid
INVF9BFABEC6C,CUST100008687,2026-02-26,2026-03-19,144.13,11.53,155.66,Unpaid
INV9BF02620D3,CUST100003696,2026-02-17,2026-03-10,164.53,13.16,177.69,Paid
INVF4C6CF3C65,CUST100031090,2026-02-27,2026-03-20,79.24,6.34,85.58,Unpaid
INV4108788378,CUST100067655,2025-09-04,2025-09-25,55.14,4.41,59.55,Paid
INV06A1435FC1,CUST100042481,2025-11-04,2025-11-25,137.04,10.96,148.0,Partially Paid
INVAD874F8667,CUST100029758,2025-11-19,2025-12-10,255.95,20.48,276.43,Partially Paid
INVB58C60C5C7,CUST100069905,2025-08-12,2025-09-02,84.02,6.72,90.74,Paid
INV9E450B4757,CUST100061362,2025-08-19,2025-09-09,199.88,15.99,215.87,Partially Paid
INVDAD9DA7E7D,CUST100069354,2026-02-22,2026-03-15,222.29,17.78,240.07,Unpaid
INV2C96E54494,CUST100055946,2025-09-01,2025-09-22,367.29,29.38,396.67,Paid
INVD462B991A0,CUST100037419,2026-03-04,2026-03-25,55.47,4.44,59.91,Paid
INVCD0E8EBEC4,CUST100009510,2026-03-16,2026-04-06,126.4,10.11,136.51,Overdue
INVDC95D34B54,CUST100000716,2025-12-21,2026-01-11,27.18,2.17,29.35,Paid
INV18AFEE9F92,CUST100004510,2026-01-11,2026-02-01,79.2,6.34,85.54,Paid
INV881D92AC8A,CUST100019861,2026-05-14,2026-06-04,164.38,13.15,177.53,Paid
INVF5F89368A9,CUST100053511,2025-10-16,2025-11-06,215.23,17.22,232.45,Paid
INVEB3C7FB04B,CUST100035466,2026-03-03,2026-03-24,280.48,22.44,302.92,Paid
INVFF3E3488B2,CUST100061371,2026-04-09,2026-04-30,218.57,17.49,236.06,Overdue
INV91811949C1,CUST100077334,2026-05-19,2026-06-09,213.12,17.05,230.17,Paid
INV627101B817,CUST100011007,2025-12-06,2025-12-27,316.89,25.35,342.24,Paid
INV7CCDB4C902,CUST100022202,2026-04-30,2026-05-21,147.58,11.81,159.39,Paid
INV49BAADCAE2,CUST100056643,2026-03-12,2026-04-02,22.61,1.81,24.42,Paid
INV06DAE64647,CUST100006438,2026-05-17,2026-06-07,54.75,4.38,59.13,Overdue
INVACE928BFCE,CUST100066765,2025-11-12,2025-12-03,140.95,11.28,152.23,Paid
INVFB2C7A1FE2,CUST100077455,2026-04-14,2026-05-05,100.72,8.06,108.78,Unpaid
INV3673F4AF68,CUST100082144,2025-09-21,2025-10-12,175.04,14.0,189.04,Paid
INV21DDFC979E,CUST100058766,2026-01-19,2026-02-09,186.34,14.91,201.25,Paid
INVDAFDBB9051,CUST100082957,2025-09-16,2025-10-07,235.49,18.84,254.33,Overdue
INV1DA455CE58,CUST100046941,2026-06-23,2026-07-14,108.09,8.65,116.74,Paid
INV3BF909CA05,CUST100052473,2025-08-01,2025-08-22,32.93,2.63,35.56,Paid
INV62423AC860,CUST100007369,2026-07-06,2026-07-27,154.34,12.35,166.69,Paid
INV03214FB238,CUST100012620,2026-01-26,2026-02-16,160.92,12.87,173.79,Paid
INVFA43C68B5B,CUST100046006,2025-08-07,2025-08-28,298.9,23.91,322.81,Paid
INVF0A40153D6,CUST100044911,2026-04-09,2026-04-30,243.63,19.49,263.12,Paid
INV9111A57EDD,CUST100082174,2025-10-20,2025-11-10,89.95,7.2,97.15,Unpaid
INV65F6147D69,CUST100018468,2026-06-17,2026-07-08,89.64,7.17,96.81,Paid
INV4172731171,CUST100059007,2025-08-15,2025-09-05,344.12,27.53,371.65,Paid
INV357246FAE3,CUST100082295,2026-06-10,2026-07-01,113.36,9.07,122.43,Partially Paid
INV6437D13089,CUST100044320,2026-07-22,2026-08-12,313.73,25.1,338.83,Overdue
INVC6CFF85D50,CUST100062735,2025-08-21,2025-09-11,154.79,12.38,167.17,Unpaid
INV27DBE2731F,CUST100056088,2025-12-04,2025-12-25,366.71,29.34,396.05,Paid
INV047EC6FD50,CUST100097631,2026-05-27,2026-06-17,293.32,23.47,316.79,Paid
INVBC3A75DE76,CUST100013554,2026-02-16,2026-03-09,396.64,31.73,428.37,Overdue
INV0D6EDD763B,CUST100084097,2026-03-11,2026-04-01,259.13,20.73,279.86,Paid
INVEEFB9885B1,CUST100095280,2025-08-23,2025-09-13,112.17,8.97,121.14,Paid
INVB402E21405,CUST100063265,2026-07-09,2026-07-30,287.75,23.02,310.77,Paid
INVEA601F34B0,CUST100066197,2025-12-06,2025-12-27,111.54,8.92,120.46,Overdue
INV396B698272,CUST100013428,2026-03-27,2026-04-17,338.07,27.05,365.12,Paid
INV8934761137,CUST100089215,2026-02-10,2026-03-03,58.74,4.7,63.44,Paid
INVE9EBF8D2AB,CUST100012678,2025-11-14,2025-12-05,360.53,28.84,389.37,Partially Paid
INVF52B46A27D,CUST100061113,2026-02-26,2026-03-19,93.92,7.51,101.43,Overdue
INV02C7F24482,CUST100059846,2026-02-16,2026-03-09,372.86,29.83,402.69,Unpaid
INVDC493731E7,CUST100084229,2026-07-09,2026-07-30,265.53,21.24,286.77,Paid
INVB8F2DC4D0A,CUST100034290,2026-04-26,2026-05-17,261.8,20.94,282.74,Unpaid
INV824D016547,CUST100021373,2025-12-05,2025-12-26,329.16,26.33,355.49,Paid
INVBE19A0DC68,CUST100076375,2025-10-19,2025-11-09,308.04,24.64,332.68,Paid
INV89B97471B0,CUST100074711,2025-09-02,2025-09-23,262.16,20.97,283.13,Paid
INV44D3C9856A,CUST100008886,2025-08-27,2025-09-17,69.29,5.54,74.83,Paid
INV4709350CB9,CUST100055400,2026-05-21,2026-06-11,114.21,9.14,123.35,Paid
INV1C28E18144,CUST100075419,2026-06-05,2026-06-26,399.15,31.93,431.08,Overdue
INV31A6BD1BD4,CUST100034920,2025-10-25,2025-11-15,312.26,24.98,337.24,Paid
INVB0E0B22A6C,CUST100065695,2025-08-24,2025-09-14,297.7,23.82,321.52,Paid
INV4A31DC53E7,CUST100029345,2025-09-07,2025-09-28,63.13,5.05,68.18,Paid
INV4D9E09014E,CUST100019369,2026-07-09,2026-07-30,250.25,20.02,270.27,Paid
INVAFB847CD5D,CUST100018252,2025-11-11,2025-12-02,386.33,30.91,417.24,Partially Paid
INVB99BE97B05,CUST100014098,2026-04-05,2026-04-26,327.56,26.2,353.76,Unpaid
INVBE61E256D0,CUST100013162,2025-10-04,2025-10-25,125.48,10.04,135.52,Paid
INVD061FED4F6,CUST100052519,2026-06-17,2026-07-08,250.04,20.0,270.04,Paid
INV633A34F46F,CUST100074654,2026-04-12,2026-05-03,271.09,21.69,292.78,Overdue
INV5AD7A1EA91,CUST100099125,2025-10-09,2025-10-30,287.03,22.96,309.99,Paid
INV9443472791,CUST100047253,2025-10-03,2025-10-24,31.99,2.56,34.55,Unpaid
INV7512F8E8D5,CUST100030371,2025-11-26,2025-12-17,175.58,14.05,189.63,Partially Paid
INVF601F609B8,CUST100059029,2025-08-07,2025-08-28,177.12,14.17,191.29,Paid
INV9B38D6860F,CUST100011005,2026-02-16,2026-03-09,194.11,15.53,209.64,Partially Paid
INVFF0408FBAB,CUST100011158,2025-11-12,2025-12-03,28.45,2.28,30.73,Paid
INV88194CDF91,CUST100020892,2025-09-28,2025-10-19,77.77,6.22,83.99,Paid
INV2F7F8DD39C,CUST100031844,2025-11-19,2025-12-10,345.84,27.67,373.51,Paid
INV9FB7B870DE,CUST100057068,2025-11-09,2025-11-30,182.47,14.6,197.07,Paid
INVC8770E79F8,CUST100087348,2025-12-09,2025-12-30,350.42,28.03,378.45,Paid
INV86EECB0028,CUST100071775,2026-06-30,2026-07-21,327.57,26.21,353.78,Unpaid
INV9DFC218F78,CUST100042162,2026-06-28,2026-07-19,356.95,28.56,385.51,Paid
INVA2178E4E32,CUST100032879,2026-05-03,2026-05-24,77.81,6.22,84.03,Paid
INV3996E873C6,CUST100074803,2025-12-26,2026-01-16,54.22,4.34,58.56,Overdue
INVB73B86BEBA,CUST100077834,2025-11-24,2025-12-15,55.67,4.45,60.12,Paid
INVB4F23248DB,CUST100025162,2025-12-20,2026-01-10,96.42,7.71,104.13,Paid
INVB78F152FEA,CUST100023430,2026-03-26,2026-04-16,356.56,28.52,385.08,Paid
INVA3A39992D8,CUST100022269,2025-08-10,2025-08-31,93.81,7.5,101.31,Paid
INVDFA20137F9,CUST100078788,2025-09-10,2025-10-01,222.65,17.81,240.46,Paid
INVF97A6A4F8F,CUST100038954,2025-11-12,2025-12-03,284.41,22.75,307.16,Paid
INVB27546A153,CUST100007881,2026-01-27,2026-02-17,196.77,15.74,212.51,Unpaid
INVF191F56E35,CUST100057169,2026-05-04,2026-05-25,182.79,14.62,197.41,Overdue
INV4F4E298A12,CUST100068198,2026-04-17,2026-05-08,128.25,10.26,138.51,Overdue
INV34320A1A21,CUST100008790,2026-06-10,2026-07-01,150.53,12.04,162.57,Paid
INVCF788F582D,CUST100031261,2025-09-29,2025-10-20,212.84,17.03,229.87,Overdue
INVE1B391801E,CUST100029703,2025-08-28,2025-09-18,364.37,29.15,393.52,Unpaid
INVAEE5E9EF1F,CUST100099083,2026-04-22,2026-05-13,333.68,26.69,360.37,Paid
INV18199F94AE,CUST100083998,2026-06-26,2026-07-17,355.21,28.42,383.63,Paid
INV834AAD22D3,CUST100096470,2025-09-06,2025-09-27,32.1,2.57,34.67,Partially Paid
INVCC7EA9293D,CUST100050059,2025-10-11,2025-11-01,110.64,8.85,119.49,Paid
INV7814113908,CUST100092742,2026-06-15,2026-07-06,291.63,23.33,314.96,Partially Paid
INVDFF2450FE5,CUST100032166,2026-06-03,2026-06-24,136.44,10.92,147.36,Partially Paid
INVA6A98D8965,CUST100029991,2026-05-22,2026-06-12,393.51,31.48,424.99,Unpaid
INV54D1A63F9B,CUST100043775,2025-11-24,2025-12-15,163.11,13.05,176.16,Paid
INVA14F44C49F,CUST100073081,2025-12-24,2026-01-14,250.21,20.02,270.23,Unpaid
INV168769E235,CUST100044652,2026-06-28,2026-07-19,391.85,31.35,423.2,Unpaid
INV1E22592A42,CUST100094585,2026-07-20,2026-08-10,381.2,30.5,411.7,Paid
INV2D03DC8E24,CUST100084033,2026-07-01,2026-07-22,310.22,24.82,335.04,Paid
INV201964DB07,CUST100060540,2025-10-31,2025-11-21,315.83,25.27,341.1,Paid
INV95551FD2AF,CUST100028970,2025-10-25,2025-11-15,342.34,27.39,369.73,Paid
INV5418E8DBBB,CUST100076149,2026-04-13,2026-05-04,250.45,20.04,270.49,Paid
INVE69A5FA835,CUST100063065,2026-05-31,2026-06-21,161.68,12.93,174.61,Paid
INV4119E3F6B7,CUST100039413,2025-08-23,2025-09-13,188.67,15.09,203.76,Paid
INV05AE40F0D3,CUST100000721,2025-09-06,2025-09-27,36.47,2.92,39.39,Paid
INVE8A1732D80,CUST100073770,2025-08-05,2025-08-26,244.21,19.54,263.75,Paid
INVBAB6EC6C73,CUST100033348,2026-06-12,2026-07-03,374.25,29.94,404.19,Unpaid
INVDD81E3CE19,CUST100078517,2026-04-23,2026-05-14,339.81,27.18,366.99,Unpaid
INVE30C2BD7B8,CUST100055412,2025-09-24,2025-10-15,132.06,10.56,142.62,Unpaid
INV78698E6446,CUST100048214,2026-07-13,2026-08-03,185.25,14.82,200.07,Paid
INV323A9D44A4,CUST100027930,2025-09-10,2025-10-01,199.5,15.96,215.46,Overdue
INVA6E6711113,CUST100020346,2026-03-16,2026-04-06,176.17,14.09,190.26,Paid
INVA560E6FAE9,CUST100020003,2026-04-01,2026-04-22,361.17,28.89,390.06,Paid
INV2C6735D269,CUST100073226,2026-04-21,2026-05-12,287.32,22.99,310.31,Paid
INVC8EA86A9C4,CUST100069944,2025-11-04,2025-11-25,271.29,21.7,292.99,Paid
INVDB8C5C4D0C,CUST100031759,2026-03-11,2026-04-01,386.94,30.96,417.9,Paid
INVBA31D6DE82,CUST100094778,2026-03-18,2026-04-08,187.12,14.97,202.09,Paid
INVD4CEA35876,CUST100067539,2026-02-19,2026-03-12,250.98,20.08,271.06,Overdue
INVB78E8E9820,CUST100020255,2025-12-13,2026-01-03,110.14,8.81,118.95,Overdue
INV9DCEDD5DF5,CUST100027993,2026-06-04,2026-06-25,157.23,12.58,169.81,Partially Paid
INV98D8511A8B,CUST100064482,2026-03-03,2026-03-24,159.95,12.8,172.75,Paid
INV70043CA3DA,CUST100042919,2025-08-16,2025-09-06,148.16,11.85,160.01,Paid
INVA89B86B2C1,CUST100089837,2025-10-31,2025-11-21,108.86,8.71,117.57,Unpaid
INV644A413D3F,CUST100080669,2025-09-16,2025-10-07,322.87,25.83,348.7,Paid
INVAB82021F7F,CUST100018015,2026-01-04,2026-01-25,97.79,7.82,105.61,Paid
INVDAF8D8BDEB,CUST100070274,2026-07-18,2026-08-08,355.25,28.42,383.67,Paid
INV22406CE69B,CUST100091141,2025-11-18,2025-12-09,159.34,12.75,172.09,Paid
INV5CFFCFC864,CUST100017356,2026-02-27,2026-03-20,34.92,2.79,37.71,Unpaid
INVB99F078433,CUST100094853,2025-10-11,2025-11-01,308.16,24.65,332.81,Partially Paid
INVE570E00613,CUST100096732,2025-08-25,2025-09-15,227.74,18.22,245.96,Paid
INV6CED895ABC,CUST100017807,2025-12-16,2026-01-06,135.06,10.8,145.86,Unpaid
INV2A3A338FD2,CUST100008372,2026-04-11,2026-05-02,149.75,11.98,161.73,Paid
INV80BB17C097,CUST100047579,2026-05-29,2026-06-19,345.18,27.61,372.79,Overdue
INVB8AE86CB52,CUST100002600,2026-04-03,2026-04-24,340.36,27.23,367.59,Paid
INV3DDB3AD7C3,CUST100070370,2025-10-02,2025-10-23,265.87,21.27,287.14,Paid
INVCC30F82A15,CUST100042085,2026-03-18,2026-04-08,100.59,8.05,108.64,Unpaid
INVE90F9973CE,CUST100066351,2026-02-06,2026-02-27,241.35,19.31,260.66,Partially Paid
INVD324A1C9D9,CUST100042041,2025-10-16,2025-11-06,372.66,29.81,402.47,Paid
INVECFF262EA9,CUST100001452,2025-11-07,2025-11-28,139.16,11.13,150.29,Paid
INV05007ACFA6,CUST100072915,2026-07-07,2026-07-28,346.18,27.69,373.87,Paid
INVFBF929CD30,CUST100016142,2026-06-29,2026-07-20,41.85,3.35,45.2,Overdue
INV6F3556113F,CUST100090118,2025-10-20,2025-11-10,214.34,17.15,231.49,Paid
INV21BB09F7BC,CUST100034207,2025-09-18,2025-10-09,32.85,2.63,35.48,Paid
INVF44EF66B4E,CUST100058508,2025-09-28,2025-10-19,163.83,13.11,176.94,Unpaid
INVB41AAB106D,CUST100005529,2025-08-25,2025-09-15,45.33,3.63,48.96,Paid
INV97AF8E2E66,CUST100044520,2026-06-08,2026-06-29,63.45,5.08,68.53,Overdue
INV1F455B925B,CUST100034972,2025-09-04,2025-09-25,357.29,28.58,385.87,Unpaid
INVEB0C8814DB,CUST100036521,2025-11-23,2025-12-14,58.57,4.69,63.26,Paid
INV7E6554C987,CUST100051226,2026-03-08,2026-03-29,25.75,2.06,27.81,Paid
INVEF68233C59,CUST100076379,2025-12-11,2026-01-01,343.99,27.52,371.51,Paid
INVB6CC469DA4,CUST100050620,2025-11-12,2025-12-03,40.05,3.2,43.25,Paid
INVD6D60A5E19,CUST100034423,2025-09-29,2025-10-20,251.69,20.14,271.83,Overdue
INVCBBA54C219,CUST100073396,2026-07-20,2026-08-10,228.2,18.26,246.46,Paid
INVA896C7E03B,CUST100094657,2025-10-29,2025-11-19,353.52,28.28,381.8,Paid
INV202153A0B8,CUST100075458,2026-03-13,2026-04-03,151.67,12.13,163.8,Partially Paid
INVC2DDD6A7BA,CUST100095080,2025-09-25,2025-10-16,381.07,30.49,411.56,Paid
INV4BC1FFEA56,CUST100052397,2025-08-21,2025-09-11,132.05,10.56,142.61,Partially Paid
INV921F249036,CUST100029646,2025-08-31,2025-09-21,272.05,21.76,293.81,Overdue
INV8EC7BE03CA,CUST100084979,2026-07-20,2026-08-10,130.77,10.46,141.23,Paid
INV750A3B597D,CUST100016368,2025-08-15,2025-09-05,124.55,9.96,134.51,Partially Paid
INV270544F6BC,CUST100075522,2026-03-16,2026-04-06,289.12,23.13,312.25,Paid
INVBF5B709BF7,CUST100024320,2026-01-27,2026-02-17,132.73,10.62,143.35,Paid
INV5913200D35,CUST100040335,2026-01-15,2026-02-05,80.63,6.45,87.08,Paid
INV92004113B6,CUST100042731,2025-08-25,2025-09-15,231.65,18.53,250.18,Paid
INV7B56A1BF60,CUST100041560,2026-03-01,2026-03-22,367.34,29.39,396.73,Paid
INV63ADD357F1,CUST100016168,2025-10-07,2025-10-28,317.27,25.38,342.65,Paid
INVBF0F7BC95A,CUST100085497,2025-09-25,2025-10-16,67.16,5.37,72.53,Paid
INV8774FF199D,CUST100013219,2025-10-29,2025-11-19,241.99,19.36,261.35,Paid
INVC4CAC158BA,CUST100098619,2025-12-15,2026-01-05,60.79,4.86,65.65,Paid
INVF366D851D1,CUST100083933,2025-08-29,2025-09-19,119.28,9.54,128.82,Paid
INVE7BD36FFFC,CUST100056099,2026-01-03,2026-01-24,47.58,3.81,51.39,Paid
INVED2D903A4A,CUST100029249,2026-01-23,2026-02-13,312.69,25.02,337.71,Paid
INV381742030D,CUST100021654,2025-08-16,2025-09-06,299.62,23.97,323.59,Paid
INVD3A986D02E,CUST100009980,2025-12-01,2025-12-22,143.97,11.52,155.49,Paid
INV020866CA7D,CUST100097496,2025-11-11,2025-12-02,398.25,31.86,430.11,Paid
INVCDACFAA5C9,CUST100030429,2026-07-18,2026-08-08,129.24,10.34,139.58,Partially Paid
INV70AAB5662E,CUST100063439,2025-08-03,2025-08-24,341.65,27.33,368.98,Paid
INV31ED12F7D3,CUST100026005,2025-12-22,2026-01-12,279.8,22.38,302.18,Unpaid
INV55A7D05D00,CUST100081341,2026-06-29,2026-07-20,272.87,21.83,294.7,Overdue
INV3A6EF06E03,CUST100025778,2025-11-03,2025-11-24,325.87,26.07,351.94,Paid
INVEE0D4043B5,CUST100009650,2026-01-07,2026-01-28,138.3,11.06,149.36,Paid
INV8DC2631B1F,CUST100047492,2025-08-11,2025-09-01,376.01,30.08,406.09,Overdue
INV303C12568A,CUST100074597,2026-04-12,2026-05-03,222.5,17.8,240.3,Overdue
INV1175586B85,CUST100056003,2026-07-15,2026-08-05,350.67,28.05,378.72,Partially Paid
INV3CB90716A2,CUST100024891,2025-08-16,2025-09-06,214.86,17.19,232.05,Paid
INV6708C27136,CUST100094248,2026-01-08,2026-01-29,319.76,25.58,345.34,Paid
INVAD2DB11EF8,CUST100001242,2026-01-29,2026-02-19,377.88,30.23,408.11,Paid
INV8E35909C58,CUST100093704,2026-07-21,2026-08-11,139.75,11.18,150.93,Paid
INVBB941E3795,CUST100036497,2026-02-21,2026-03-14,132.85,10.63,143.48,Unpaid
INV90530E438F,CUST100078059,2026-03-31,2026-04-21,155.64,12.45,168.09,Unpaid
INVB1DF49FFA1,CUST100096050,2026-01-03,2026-01-24,174.14,13.93,188.07,Paid
INV24469A00AD,CUST100092525,2026-06-11,2026-07-02,377.27,30.18,407.45,Paid
INVCACC93E424,CUST100035968,2026-07-22,2026-08-12,31.37,2.51,33.88,Paid
INV8BEABE1496,CUST100043240,2026-03-13,2026-04-03,225.77,18.06,243.83,Paid
INV198AE6746A,CUST100000778,2026-06-21,2026-07-12,103.07,8.25,111.32,Unpaid
INV2DA7770C0A,CUST100078142,2026-05-15,2026-06-05,356.37,28.51,384.88,Paid
INV822B4ECAB5,CUST100081699,2026-07-12,2026-08-02,89.93,7.19,97.12,Paid
INV1E623710D8,CUST100083675,2026-02-14,2026-03-07,128.23,10.26,138.49,Partially Paid
INVEEA10131F2,CUST100001163,2026-03-22,2026-04-12,122.02,9.76,131.78,Paid
INVE0636729A4,CUST100050740,2025-09-13,2025-10-04,121.2,9.7,130.9,Overdue
INV57F696DEED,CUST100024156,2025-11-10,2025-12-01,62.48,5.0,67.48,Paid
INV9C92CD94DA,CUST100010436,2026-03-21,2026-04-11,160.31,12.82,173.13,Paid
INVB8B9F68311,CUST100012373,2026-03-26,2026-04-16,121.05,9.68,130.73,Paid
INV380C8A05C7,CUST100090595,2026-06-27,2026-07-18,168.69,13.5,182.19,Paid
INVBA09E7643B,CUST100007152,2026-01-28,2026-02-18,266.83,21.35,288.18,Paid
INV8889B054F8,CUST100038949,2025-09-13,2025-10-04,54.57,4.37,58.94,Paid
INV234D38A6C9,CUST100043065,2026-03-01,2026-03-22,396.23,31.7,427.93,Unpaid
INV61E48A9082,CUST100088922,2026-06-26,2026-07-17,192.6,15.41,208.01,Paid
INV21E8ED169B,CUST100013054,2026-03-05,2026-03-26,47.21,3.78,50.99,Paid
INV3F328246BC,CUST100038695,2026-07-04,2026-07-25,47.05,3.76,50.81,Overdue
INVA566D5479B,CUST100021947,2025-09-17,2025-10-08,322.38,25.79,348.17,Paid
INV1E05779D4E,CUST100039313,2026-06-08,2026-06-29,188.76,15.1,203.86,Paid
INV17E88EAD37,CUST100036991,2026-05-17,2026-06-07,81.27,6.5,87.77,Paid
INVDC71EE3737,CUST100055933,2025-08-26,2025-09-16,324.19,25.94,350.13,Unpaid
INVDD16CBACB6,CUST100009878,2026-01-13,2026-02-03,91.77,7.34,99.11,Paid
INV19D489E65A,CUST100002241,2025-10-31,2025-11-21,380.23,30.42,410.65,Paid
INVDE60291147,CUST100053568,2026-06-27,2026-07-18,254.67,20.37,275.04,Paid
INVD50B0C3B2D,CUST100043043,2025-08-23,2025-09-13,212.21,16.98,229.19,Paid
INVED178DD7C4,CUST100073741,2026-07-23,2026-08-13,154.5,12.36,166.86,Paid
INV65C552A1FF,CUST100026127,2025-11-15,2025-12-06,173.42,13.87,187.29,Paid
INV052DE6F60F,CUST100095024,2026-03-07,2026-03-28,335.14,26.81,361.95,Overdue
INV308A2D3648,CUST100000838,2026-02-02,2026-02-23,109.19,8.74,117.93,Partially Paid
INV0D4810F421,CUST100096148,2025-08-24,2025-09-14,143.86,11.51,155.37,Paid
INVBE3D7D56EE,CUST100086993,2026-05-28,2026-06-18,325.76,26.06,351.82,Paid
INV0CF23DD132,CUST100000398,2026-03-11,2026-04-01,380.51,30.44,410.95,Overdue
INVFF7C25C52A,CUST100073962,2026-02-26,2026-03-19,178.09,14.25,192.34,Paid
INV2EBC7E5EE3,CUST100002044,2026-06-12,2026-07-03,31.66,2.53,34.19,Unpaid
INVBC53B73192,CUST100079263,2026-04-25,2026-05-16,23.4,1.87,25.27,Unpaid
INV975CF472C4,CUST100043483,2025-11-19,2025-12-10,159.87,12.79,172.66,Paid
INVB5C9D9EF24,CUST100050955,2025-08-03,2025-08-24,325.12,26.01,351.13,Paid
INVEF42CF5692,CUST100031747,2026-05-27,2026-06-17,103.34,8.27,111.61,Paid
INV411AF1D628,CUST100035996,2025-11-22,2025-12-13,136.52,10.92,147.44,Unpaid
INV5E9B102A29,CUST100087095,2025-11-01,2025-11-22,393.12,31.45,424.57,Paid
INV5214AFA07B,CUST100044195,2025-08-27,2025-09-17,330.7,26.46,357.16,Paid
INV0E01AE281B,CUST100070467,2025-11-16,2025-12-07,25.66,2.05,27.71,Overdue
INV42A4F05975,CUST100040082,2026-07-07,2026-07-28,132.92,10.63,143.55,Paid
INVD7D40292C0,CUST100008725,2025-11-27,2025-12-18,255.68,20.45,276.13,Paid
INV8A9B79EADA,CUST100042585,2026-06-25,2026-07-16,162.13,12.97,175.1,Paid
INVB80BF37477,CUST100010408,2026-05-31,2026-06-21,150.86,12.07,162.93,Partially Paid
INV2767C39BB6,CUST100006735,2026-05-01,2026-05-22,63.49,5.08,68.57,Paid
INV57682C35CE,CUST100085554,2026-03-16,2026-04-06,36.33,2.91,39.24,Paid
INVC21FA7C5F9,CUST100073977,2026-03-12,2026-04-02,154.01,12.32,166.33,Paid
INV5EA9829350,CUST100099104,2025-12-09,2025-12-30,58.17,4.65,62.82,Paid
INVB964973DE3,CUST100023243,2026-02-07,2026-02-28,119.31,9.54,128.85,Paid
INV10793F785E,CUST100034922,2026-01-06,2026-01-27,96.74,7.74,104.48,Paid
INV754DAA6DB5,CUST100020396,2026-03-30,2026-04-20,101.6,8.13,109.73,Paid
INV12E5875D3F,CUST100040163,2026-05-03,2026-05-24,247.55,19.8,267.35,Paid
INV97D94C05F3,CUST100048682,2026-05-29,2026-06-19,245.15,19.61,264.76,Partially Paid
INV645E703C30,CUST100076236,2025-12-17,2026-01-07,234.93,18.79,253.72,Paid
INV097BA39D3A,CUST100088553,2025-09-17,2025-10-08,139.74,11.18,150.92,Paid
INVB3F5623772,CUST100034041,2025-09-08,2025-09-29,184.91,14.79,199.7,Paid
INVEC77EC7A4B,CUST100037650,2026-04-28,2026-05-19,320.81,25.66,346.47,Paid
INVA6F293E873,CUST100040044,2026-03-04,2026-03-25,319.88,25.59,345.47,Paid
INVEB25F2E52C,CUST100071368,2025-08-06,2025-08-27,117.72,9.42,127.14,Paid
INV0AB4A4C2C8,CUST100062532,2026-04-12,2026-05-03,318.42,25.47,343.89,Paid
INV6019F856E9,CUST100060025,2026-05-27,2026-06-17,351.66,28.13,379.79,Paid
INVDA27B48AA0,CUST100067096,2025-10-23,2025-11-13,374.81,29.98,404.79,Paid
INV505AF8D386,CUST100028438,2026-02-09,2026-03-02,23.05,1.84,24.89,Paid
INVA811ED3E73,CUST100096599,2026-07-13,2026-08-03,249.84,19.99,269.83,Overdue
INVC9144123A4,CUST100060070,2026-02-03,2026-02-24,297.79,23.82,321.61,Paid
INVAB530F695E,CUST100089012,2026-05-28,2026-06-18,90.71,7.26,97.97,Overdue
INVDEB46BE10A,CUST100004877,2026-04-25,2026-05-16,256.44,20.52,276.96,Overdue
INV164C7926DB,CUST100080806,2026-04-14,2026-05-05,388.16,31.05,419.21,Paid
INVBAC1ECDAE5,CUST100010288,2026-01-30,2026-02-20,130.48,10.44,140.92,Paid
INV25F3A4F189,CUST100010796,2025-12-18,2026-01-08,331.91,26.55,358.46,Partially Paid
INVFF188D7A14,CUST100087619,2026-04-03,2026-04-24,323.44,25.88,349.32,Paid
INV66BDA518D1,CUST100048998,2026-06-17,2026-07-08,42.26,3.38,45.64,Paid
INVA50A7C2312,CUST100098265,2026-04-19,2026-05-10,225.13,18.01,243.14,Paid
INV8A2E690DF0,CUST100085337,2026-07-06,2026-07-27,68.12,5.45,73.57,Partially Paid
INV3BBB12F729,CUST100098990,2025-12-29,2026-01-19,86.54,6.92,93.46,Paid
INV3247A4D3AC,CUST100004237,2026-03-19,2026-04-09,250.7,20.06,270.76,Unpaid
INV6513746D69,CUST100008153,2026-06-07,2026-06-28,108.07,8.65,116.72,Unpaid
INVC9D6A58B9C,CUST100063921,2026-04-19,2026-05-10,239.76,19.18,258.94,Paid
INVB9E5DF39CB,CUST100025911,2026-06-16,2026-07-07,257.96,20.64,278.6,Paid
INVF669C29DAD,CUST100034367,2026-06-15,2026-07-06,225.31,18.02,243.33,Partially Paid
INVA4E8FA7AE4,CUST100039882,2025-09-24,2025-10-15,94.68,7.57,102.25,Paid
INV54111F05ED,CUST100000539,2026-05-05,2026-05-26,264.19,21.14,285.33,Partially Paid
INV48C991F6D6,CUST100032004,2026-05-04,2026-05-25,227.62,18.21,245.83,Overdue
INV79893D878C,CUST100046273,2025-08-08,2025-08-29,230.5,18.44,248.94,Paid
INV0A0E9C09C6,CUST100081631,2026-02-05,2026-02-26,81.79,6.54,88.33,Paid
INVE63B454541,CUST100036323,2026-06-02,2026-06-23,247.39,19.79,267.18,Paid
INVE5871FBEFC,CUST100010958,2026-04-26,2026-05-17,298.89,23.91,322.8,Unpaid
INVF548845834,CUST100084333,2025-11-06,2025-11-27,88.19,7.06,95.25,Paid
INVDACF9EAFE0,CUST100096279,2026-07-05,2026-07-26,101.14,8.09,109.23,Overdue
INV004F4CCB77,CUST100076564,2025-09-25,2025-10-16,47.96,3.84,51.8,Unpaid
INV7960383BE3,CUST100029226,2026-01-17,2026-02-07,268.01,21.44,289.45,Paid
INV2B8F7F3520,CUST100051056,2025-11-16,2025-12-07,22.97,1.84,24.81,Paid
INVEF53C2FCD6,CUST100077610,2026-05-21,2026-06-11,358.59,28.69,387.28,Overdue
INV0D566C302B,CUST100033629,2025-09-27,2025-10-18,140.98,11.28,152.26,Unpaid
INVB920510E07,CUST100074157,2026-03-25,2026-04-15,151.5,12.12,163.62,Paid
INV7AEC920F6E,CUST100068709,2026-05-11,2026-06-01,230.64,18.45,249.09,Paid
INV4BD66F7E72,CUST100024473,2026-06-03,2026-06-24,350.96,28.08,379.04,Unpaid
INVCB1488263C,CUST100085665,2025-10-16,2025-11-06,384.79,30.78,415.57,Unpaid
INV4360AE71B8,CUST100056234,2025-10-31,2025-11-21,60.31,4.82,65.13,Overdue
INVC4B6978F0D,CUST100035586,2026-02-21,2026-03-14,113.17,9.05,122.22,Paid
INV4F755543E6,CUST100099581,2026-07-16,2026-08-06,28.94,2.32,31.26,Paid
INV8E667B71F8,CUST100000707,2026-06-20,2026-07-11,247.68,19.81,267.49,Paid
INV36EFFFA80E,CUST100063045,2025-12-16,2026-01-06,375.19,30.02,405.21,Paid
INV95C67727F8,CUST100038503,2026-07-04,2026-07-25,187.95,15.04,202.99,Paid
INV3EA2A5FC35,CUST100051489,2025-11-22,2025-12-13,52.98,4.24,57.22,Unpaid
INVFF61FF2BBE,CUST100091228,2026-06-03,2026-06-24,284.41,22.75,307.16,Paid
INV6F9FF95310,CUST100098272,2025-10-21,2025-11-11,187.15,14.97,202.12,Unpaid
INV1FBBAE4231,CUST100081492,2025-11-02,2025-11-23,373.34,29.87,403.21,Paid
INV83EAA11A65,CUST100047753,2025-08-01,2025-08-22,372.99,29.84,402.83,Paid
INV0A33B696BE,CUST100064952,2025-10-14,2025-11-04,382.8,30.62,413.42,Unpaid
INV8F487C2AA5,CUST100083649,2025-10-10,2025-10-31,276.76,22.14,298.9,Paid
INV396E6E8158,CUST100026538,2026-01-09,2026-01-30,376.9,30.15,407.05,Paid
INV9CD67C8A64,CUST100025157,2026-04-23,2026-05-14,174.18,13.93,188.11,Overdue
INVFC2CBA0858,CUST100016941,2025-08-17,2025-09-07,230.69,18.46,249.15,Paid
INV0BC42A7B38,CUST100078592,2026-02-17,2026-03-10,214.08,17.13,231.21,Paid
INV89432AC7DD,CUST100056530,2025-08-03,2025-08-24,294.32,23.55,317.87,Paid
INV13C1865D37,CUST100070547,2026-07-06,2026-07-27,123.16,9.85,133.01,Paid
INV7A2303B70A,CUST100011607,2025-08-24,2025-09-14,246.63,19.73,266.36,Overdue
INV44BFDF1B1F,CUST100074105,2026-07-17,2026-08-07,132.16,10.57,142.73,Paid
INVF36898A5C1,CUST100014932,2026-01-31,2026-02-21,215.31,17.22,232.53,Partially Paid
INV78F8A3AEC6,CUST100041388,2026-05-13,2026-06-03,171.15,13.69,184.84,Paid
INV523BB61CD8,CUST100075324,2026-06-14,2026-07-05,374.0,29.92,403.92,Unpaid
INVE7CC8C7F57,CUST100057229,2025-08-18,2025-09-08,77.5,6.2,83.7,Paid
INV7613844EAF,CUST100085203,2026-02-07,2026-02-28,191.31,15.3,206.61,Paid
INV3F41B4B825,CUST100005155,2026-04-02,2026-04-23,361.63,28.93,390.56,Overdue
INV8E5E3E4910,CUST100066462,2025-12-02,2025-12-23,199.26,15.94,215.2,Paid
INV9DBF7C3C5F,CUST100026618,2025-10-15,2025-11-05,376.52,30.12,406.64,Paid
INVF589BEC1BC,CUST100047216,2026-03-08,2026-03-29,309.95,24.8,334.75,Paid
INV525964A736,CUST100059241,2026-07-16,2026-08-06,166.8,13.34,180.14,Paid
INVE03428ABAA,CUST100097450,2026-05-19,2026-06-09,338.84,27.11,365.95,Paid
INVF90AEC4C23,CUST100071900,2025-12-21,2026-01-11,198.43,15.87,214.3,Paid
INV36755E7C26,CUST100023271,2026-06-22,2026-07-13,303.75,24.3,328.05,Paid
INV1335D86B93,CUST100070384,2026-02-19,2026-03-12,255.09,20.41,275.5,Paid
INVC6F6C90E3F,CUST100082523,2026-07-11,2026-08-01,220.04,17.6,237.64,Paid
INVEEDFCB0C71,CUST100067776,2026-05-16,2026-06-06,236.52,18.92,255.44,Paid
INV9DB52827A6,CUST100097545,2026-05-31,2026-06-21,54.48,4.36,58.84,Paid
INV6029751BB0,CUST100098719,2026-07-01,2026-07-22,32.15,2.57,34.72,Paid
INV2CB5FE72BD,CUST100061919,2026-06-01,2026-06-22,186.22,14.9,201.12,Paid
INV5B6735A8C6,CUST100006055,2026-01-14,2026-02-04,157.63,12.61,170.24,Paid
INV0B3AEC3FA0,CUST100010314,2025-11-24,2025-12-15,31.2,2.5,33.7,Paid
INV4A875124D7,CUST100022210,2026-01-23,2026-02-13,35.87,2.87,38.74,Paid
INVB130AF8D48,CUST100083882,2025-10-25,2025-11-15,308.25,24.66,332.91,Paid
INV7F610E9D0E,CUST100064510,2025-08-11,2025-09-01,297.5,23.8,321.3,Unpaid
INVB56222C339,CUST100022483,2025-10-07,2025-10-28,117.38,9.39,126.77,Paid
INVD4C8CDB029,CUST100067468,2026-06-12,2026-07-03,393.94,31.52,425.46,Paid
INV3380D57EAE,CUST100016216,2026-03-14,2026-04-04,117.12,9.37,126.49,Partially Paid
INV419355EDDB,CUST100035509,2025-09-01,2025-09-22,108.35,8.67,117.02,Paid
INV9A85A5C6CD,CUST100057749,2026-03-19,2026-04-09,89.15,7.13,96.28,Paid
INVFE8F5A8D13,CUST100068236,2026-01-31,2026-02-21,48.2,3.86,52.06,Overdue
INV461DAD0646,CUST100031882,2026-03-28,2026-04-18,63.62,5.09,68.71,Unpaid
INVD94151D436,CUST100047195,2026-07-04,2026-07-25,196.36,15.71,212.07,Unpaid
INV377A741357,CUST100020372,2026-06-19,2026-07-10,292.7,23.42,316.12,Paid
INV8D1FD7FD3E,CUST100049630,2025-11-27,2025-12-18,103.84,8.31,112.15,Overdue
INVBB37F1EA55,CUST100070931,2025-12-29,2026-01-19,117.21,9.38,126.59,Overdue
INVA70859360A,CUST100018940,2026-07-22,2026-08-12,55.56,4.44,60.0,Paid
INV11B18FE614,CUST100057122,2026-02-10,2026-03-03,214.16,17.13,231.29,Partially Paid
INVA6726DB191,CUST100055321,2026-04-19,2026-05-10,35.07,2.81,37.88,Partially Paid
INV39B1DEADE0,CUST100053896,2026-05-31,2026-06-21,222.06,17.76,239.82,Paid
INV04D0925BA7,CUST100065849,2026-03-20,2026-04-10,218.14,17.45,235.59,Paid
INV5E70596AAB,CUST100008180,2026-07-03,2026-07-24,30.89,2.47,33.36,Paid
INVBF0273C0C4,CUST100078351,2025-10-06,2025-10-27,96.19,7.7,103.89,Paid
INV647DC55AF0,CUST100099665,2026-05-02,2026-05-23,219.84,17.59,237.43,Paid
INV9BA7547214,CUST100019380,2026-02-18,2026-03-11,253.94,20.32,274.26,Paid
INV070A404FDB,CUST100044595,2026-07-03,2026-07-24,160.74,12.86,173.6,Paid
INV86106931DD,CUST100009789,2026-05-16,2026-06-06,261.65,20.93,282.58,Paid
INV1446DC3BB0,CUST100037129,2026-05-15,2026-06-05,354.17,28.33,382.5,Paid
INV595B7DC825,CUST100036732,2026-01-11,2026-02-01,277.81,22.22,300.03,Paid
INV9D77F7988B,CUST100031554,2025-10-05,2025-10-26,256.64,20.53,277.17,Overdue
INVA94C37E785,CUST100043762,2026-05-04,2026-05-25,262.98,21.04,284.02,Paid
INV09841DE0C8,CUST100057023,2026-02-14,2026-03-07,276.74,22.14,298.88,Paid
INV756F344DA3,CUST100045906,2025-11-27,2025-12-18,308.26,24.66,332.92,Partially Paid
INV1716637EF5,CUST100084541,2026-06-21,2026-07-12,29.78,2.38,32.16,Partially Paid
INV5E7407E05E,CUST100097775,2025-10-19,2025-11-09,238.47,19.08,257.55,Paid
INVAF86A83F7F,CUST100006311,2026-04-09,2026-04-30,40.61,3.25,43.86,Unpaid
INV670173B6E8,CUST100067379,2025-09-12,2025-10-03,148.8,11.9,160.7,Paid
INV38AC8FCE54,CUST100002716,2025-08-22,2025-09-12,152.07,12.17,164.24,Paid
INV8ECA38A37C,CUST100000687,2026-04-22,2026-05-13,331.26,26.5,357.76,Paid
INV5163C2D6E5,CUST100022016,2025-08-24,2025-09-14,382.09,30.57,412.66,Paid
INVD555BC11CC,CUST100049020,2025-10-14,2025-11-04,68.36,5.47,73.83,Paid
INVC92A0D8292,CUST100065003,2025-08-10,2025-08-31,259.77,20.78,280.55,Paid
INV4690700316,CUST100070295,2026-03-16,2026-04-06,147.39,11.79,159.18,Partially Paid
INV109C6A9091,CUST100028196,2026-01-28,2026-02-18,23.19,1.86,25.05,Paid
INV14970199B0,CUST100063959,2025-10-08,2025-10-29,361.28,28.9,390.18,Overdue
INV9C1791AB0D,CUST100064781,2025-08-23,2025-09-13,358.26,28.66,386.92,Paid
INV9676CD9414,CUST100031263,2026-01-25,2026-02-15,203.43,16.27,219.7,Paid
INV36BE65584D,CUST100027206,2026-07-10,2026-07-31,229.65,18.37,248.02,Unpaid
INV0E86BED3BB,CUST100090474,2025-10-24,2025-11-14,347.39,27.79,375.18,Paid
INV7B0C20A2D9,CUST100015354,2026-02-15,2026-03-08,39.57,3.17,42.74,Paid
INV3B7D2F8CA0,CUST100045795,2026-06-25,2026-07-16,361.72,28.94,390.66,Paid
INV3027C8D1D4,CUST100000731,2026-07-21,2026-08-11,84.67,6.77,91.44,Paid
INV1CAE61353E,CUST100017914,2025-08-26,2025-09-16,229.02,18.32,247.34,Unpaid
INVB9D4A2D710,CUST100054137,2026-06-02,2026-06-23,310.11,24.81,334.92,Paid
INV3BE82F3C44,CUST100056761,2026-07-11,2026-08-01,169.33,13.55,182.88,Unpaid
INVCA39184754,CUST100005599,2025-11-21,2025-12-12,44.62,3.57,48.19,Overdue
INV2F69A4F186,CUST100039350,2026-02-09,2026-03-02,132.16,10.57,142.73,Paid
INVD58E4EE806,CUST100099661,2026-04-27,2026-05-18,300.49,24.04,324.53,Paid
INV06147E302D,CUST100081144,2026-04-29,2026-05-20,166.57,13.33,179.9,Paid
INV8C9DFD37AE,CUST100009103,2025-09-24,2025-10-15,211.5,16.92,228.42,Paid
INV8AFADB4810,CUST100014111,2025-09-19,2025-10-10,329.05,26.32,355.37,Paid
INV521731F60E,CUST100099160,2025-12-02,2025-12-23,148.18,11.85,160.03,Paid
INV37A012A788,CUST100009004,2025-09-07,2025-09-28,143.27,11.46,154.73,Paid
INV8F1963C368,CUST100024407,2025-11-06,2025-11-27,133.33,10.67,144.0,Paid
INV901EAB3BB3,CUST100050274,2026-06-17,2026-07-08,230.39,18.43,248.82,Paid
INVCBEF1325CD,CUST100095592,2025-08-01,2025-08-22,320.31,25.62,345.93,Overdue
INVE2CA4B9672,CUST100060508,2025-12-31,2026-01-21,285.51,22.84,308.35,Unpaid
INVD9065198B5,CUST100051670,2025-11-30,2025-12-21,217.42,17.39,234.81,Paid
INVF72BC310CA,CUST100006744,2026-06-26,2026-07-17,181.68,14.53,196.21,Paid
INV7C3772C846,CUST100071882,2026-06-25,2026-07-16,260.74,20.86,281.6,Partially Paid
INV6A89D9F8B7,CUST100020113,2025-12-08,2025-12-29,108.38,8.67,117.05,Unpaid
INV92381255AA,CUST100047288,2026-02-15,2026-03-08,53.96,4.32,58.28,Paid
INV2E488A2398,CUST100002147,2025-08-06,2025-08-27,139.79,11.18,150.97,Paid
INVFC112A7E3F,CUST100058818,2026-04-14,2026-05-05,380.43,30.43,410.86,Paid
INV6C62E43ED2,CUST100092928,2026-04-27,2026-05-18,72.36,5.79,78.15,Paid
INVF0502C5BD5,CUST100026158,2025-10-28,2025-11-18,210.77,16.86,227.63,Paid
INVB4A7045623,CUST100011683,2026-07-06,2026-07-27,319.35,25.55,344.9,Partially Paid
INVBB460CBB41,CUST100041420,2026-04-03,2026-04-24,338.55,27.08,365.63,Partially Paid
INVBC4A4240EB,CUST100093721,2026-05-03,2026-05-24,273.05,21.84,294.89,Paid
INVEA5FCABBD8,CUST100005884,2026-03-09,2026-03-30,243.12,19.45,262.57,Paid
INV4224012724,CUST100025072,2025-10-12,2025-11-02,341.8,27.34,369.14,Paid
INV6BF122FBCD,CUST100075469,2025-09-22,2025-10-13,219.28,17.54,236.82,Paid
INVD73301C842,CUST100040017,2025-09-27,2025-10-18,320.88,25.67,346.55,Partially Paid
INV17AC1B6EAC,CUST100069145,2026-05-29,2026-06-19,183.1,14.65,197.75,Paid
INV457A21E456,CUST100045232,2026-06-03,2026-06-24,180.31,14.42,194.73,Paid
INVBBE5EE248A,CUST100005753,2026-05-25,2026-06-15,369.92,29.59,399.51,Unpaid
INVABBF3FB4FF,CUST100006296,2026-07-17,2026-08-07,238.33,19.07,257.4,Overdue
INV23A427D85D,CUST100047936,2026-03-17,2026-04-07,391.69,31.34,423.03,Paid
INV892F868386,CUST100068746,2025-10-08,2025-10-29,329.26,26.34,355.6,Paid
INV92AD75EC90,CUST100008257,2025-12-03,2025-12-24,205.38,16.43,221.81,Paid
INVBE362A9600,CUST100025226,2025-12-04,2025-12-25,253.37,20.27,273.64,Paid
INV642344BEA0,CUST100000987,2025-10-25,2025-11-15,151.13,12.09,163.22,Paid
INVCBFBDF632A,CUST100006576,2025-12-23,2026-01-13,305.4,24.43,329.83,Paid
INVE6103E05F8,CUST100023209,2025-08-30,2025-09-20,251.69,20.14,271.83,Partially Paid
INV8F1BBE2B48,CUST100060754,2026-05-30,2026-06-20,264.6,21.17,285.77,Paid
INVAF14F5B676,CUST100040818,2026-05-24,2026-06-14,233.15,18.65,251.8,Paid
INV8EFF6F5BFB,CUST100050686,2026-07-08,2026-07-29,214.71,17.18,231.89,Paid
INV59B3FC79D0,CUST100037335,2026-06-10,2026-07-01,238.21,19.06,257.27,Overdue
INV4F6A3753D8,CUST100098188,2026-02-02,2026-02-23,178.76,14.3,193.06,Overdue
INV1E5636B5A2,CUST100081275,2026-03-23,2026-04-13,53.44,4.28,57.72,Paid
INV16C86164FC,CUST100088674,2026-04-28,2026-05-19,209.43,16.75,226.18,Paid
INV93F16BA940,CUST100079397,2026-03-23,2026-04-13,96.63,7.73,104.36,Paid
INVC59F28CB78,CUST100072658,2025-11-28,2025-12-19,341.47,27.32,368.79,Paid
INV69EFB90057,CUST100078156,2026-04-07,2026-04-28,320.37,25.63,346.0,Paid
INV4CF80EDA74,CUST100096708,2025-08-14,2025-09-04,273.97,21.92,295.89,Paid
INV55F0193D3D,CUST100094083,2026-04-01,2026-04-22,352.93,28.23,381.16,Paid
INV24693640D3,CUST100087629,2025-08-23,2025-09-13,168.39,13.47,181.86,Partially Paid
INVE6FDF398C1,CUST100011498,2026-05-03,2026-05-24,399.01,31.92,430.93,Paid
INVB3DD80AEA5,CUST100026596,2026-04-11,2026-05-02,293.78,23.5,317.28,Paid
INVA37C3BF734,CUST100063535,2025-10-21,2025-11-11,385.15,30.81,415.96,Paid
INV6B3EAED751,CUST100040224,2025-12-31,2026-01-21,30.51,2.44,32.95,Paid
INV9C4BA01A12,CUST100021132,2026-07-16,2026-08-06,365.92,29.27,395.19,Overdue
INV75AE6FCFA8,CUST100012017,2025-10-20,2025-11-10,223.06,17.84,240.9,Unpaid
INVCE3923114C,CUST100003656,2026-01-04,2026-01-25,29.69,2.38,32.07,Paid
INV2EB2F59241,CUST100018712,2025-11-05,2025-11-26,273.24,21.86,295.1,Paid
INVE9ED99A605,CUST100012300,2026-02-21,2026-03-14,307.78,24.62,332.4,Overdue
INV42E833A7E4,CUST100056597,2025-10-04,2025-10-25,282.77,22.62,305.39,Partially Paid
INV0A15928BC2,CUST100086848,2025-10-14,2025-11-04,300.17,24.01,324.18,Partially Paid
INV8712B11504,CUST100046720,2026-06-20,2026-07-11,23.21,1.86,25.07,Paid
INVC92C3C7C8E,CUST100093297,2026-06-17,2026-07-08,131.41,10.51,141.92,Paid
INVDA4B3C932D,CUST100006186,2026-01-02,2026-01-23,94.47,7.56,102.03,Unpaid
INV51FBA05BEB,CUST100056915,2025-09-12,2025-10-03,280.99,22.48,303.47,Paid
INVBE5434C13A,CUST100083236,2026-04-05,2026-04-26,73.41,5.87,79.28,Paid
INV91A371700F,CUST100009180,2026-06-14,2026-07-05,77.49,6.2,83.69,Paid
INV9818A0C65E,CUST100074830,2026-07-06,2026-07-27,98.66,7.89,106.55,Paid
INV3D775673EF,CUST100058492,2025-08-19,2025-09-09,366.97,29.36,396.33,Paid
INV41C698AB7C,CUST100076781,2025-08-13,2025-09-03,75.61,6.05,81.66,Unpaid
INV10F0C4AA0E,CUST100010166,2025-10-06,2025-10-27,353.56,28.28,381.84,Paid
INV5D14C2C511,CUST100083822,2025-12-22,2026-01-12,207.38,16.59,223.97,Paid
INVCFFB502CB6,CUST100089067,2026-03-30,2026-04-20,76.65,6.13,82.78,Unpaid
INVC2D0E236AE,CUST100019334,2026-05-13,2026-06-03,361.54,28.92,390.46,Paid
INV4AF70CFA3B,CUST100094551,2026-02-13,2026-03-06,112.36,8.99,121.35,Overdue
INV3EF51D18EF,CUST100059547,2026-05-26,2026-06-16,210.68,16.85,227.53,Paid
INV3BE69775D9,CUST100063239,2025-10-02,2025-10-23,116.06,9.28,125.34,Paid
INVCCE129ABBD,CUST100044002,2026-01-04,2026-01-25,163.04,13.04,176.08,Unpaid
INV6CD5C3308F,CUST100039817,2026-07-11,2026-08-01,55.07,4.41,59.48,Overdue
INVAF7570ECCF,CUST100061293,2026-03-28,2026-04-18,125.45,10.04,135.49,Paid
INVAA17BD48CD,CUST100024037,2026-05-31,2026-06-21,383.55,30.68,414.23,Paid
INV7A7A506879,CUST100086780,2025-10-06,2025-10-27,339.98,27.2,367.18,Unpaid
INVB4D588D78A,CUST100098770,2025-12-27,2026-01-17,358.28,28.66,386.94,Paid
INV9986EF2E94,CUST100085525,2026-05-29,2026-06-19,336.78,26.94,363.72,Overdue
INV9D9F196AE6,CUST100002927,2026-05-03,2026-05-24,162.11,12.97,175.08,Partially Paid
INV9315F8E311,CUST100010038,2026-04-24,2026-05-15,236.52,18.92,255.44,Overdue
INV57DCD61564,CUST100040903,2025-10-12,2025-11-02,250.4,20.03,270.43,Unpaid
INV39D9805A56,CUST100000251,2025-12-02,2025-12-23,185.32,14.83,200.15,Paid
INV479713E799,CUST100017252,2026-06-21,2026-07-12,377.25,30.18,407.43,Partially Paid
INVA4E2849D09,CUST100080678,2025-12-28,2026-01-18,235.85,18.87,254.72,Unpaid
INV9D7704DEF0,CUST100038690,2026-02-27,2026-03-20,336.13,26.89,363.02,Paid
INV71A50FC29C,CUST100059754,2026-03-03,2026-03-24,243.58,19.49,263.07,Paid
INV0508480EB5,CUST100078520,2026-06-15,2026-07-06,212.78,17.02,229.8,Paid
INV40DD44DC29,CUST100081654,2026-01-20,2026-02-10,55.48,4.44,59.92,Paid
INV9C5F1B3816,CUST100013465,2025-08-03,2025-08-24,90.56,7.24,97.8,Paid
INV5BEE20362F,CUST100025984,2026-05-15,2026-06-05,300.68,24.05,324.73,Paid
INV8ED47183BD,CUST100004127,2026-02-13,2026-03-06,290.49,23.24,313.73,Paid
INVD5672CCFB9,CUST100024228,2025-12-03,2025-12-24,213.79,17.1,230.89,Unpaid
INV0E1A30D7D7,CUST100079257,2025-12-27,2026-01-17,63.12,5.05,68.17,Partially Paid
INV39FD072814,CUST100095549,2026-02-26,2026-03-19,80.65,6.45,87.1,Partially Paid
INV5412940218,CUST100068108,2026-05-06,2026-05-27,327.68,26.21,353.89,Paid
INVE0BB0E70ED,CUST100059297,2026-04-25,2026-05-16,123.12,9.85,132.97,Unpaid
INVCF3108AEB7,CUST100064833,2026-01-21,2026-02-11,185.13,14.81,199.94,Paid
INV4E87156471,CUST100024699,2026-06-02,2026-06-23,313.5,25.08,338.58,Paid
INVF1B69EF18F,CUST100052549,2026-02-20,2026-03-13,81.39,6.51,87.9,Partially Paid
INV25E64AA188,CUST100014448,2026-01-31,2026-02-21,157.57,12.61,170.18,Overdue
INV3A8D6AC41C,CUST100022339,2025-12-06,2025-12-27,216.91,17.35,234.26,Paid
INVE354470818,CUST100001777,2026-02-04,2026-02-25,329.14,26.33,355.47,Paid
INV54EE32A226,CUST100034203,2026-02-18,2026-03-11,233.88,18.71,252.59,Paid
INV55D7958656,CUST100049537,2025-09-09,2025-09-30,283.76,22.7,306.46,Paid
INV9DDADCF898,CUST100021656,2026-07-16,2026-08-06,42.35,3.39,45.74,Paid
INV396A302BC7,CUST100078267,2025-10-23,2025-11-13,236.32,18.91,255.23,Paid
INVC48E20CECB,CUST100077408,2026-02-06,2026-02-27,157.92,12.63,170.55,Paid
INV906045BC3C,CUST100045168,2025-08-03,2025-08-24,155.58,12.45,168.03,Paid
INV5E3CF230A8,CUST100003221,2025-08-24,2025-09-14,107.24,8.58,115.82,Partially Paid
INV1F7764502D,CUST100034534,2025-12-15,2026-01-05,130.57,10.45,141.02,Paid
INV257270127C,CUST100095474,2026-01-28,2026-02-18,359.58,28.77,388.35,Paid
INVD3017FDE28,CUST100020757,2026-03-02,2026-03-23,242.45,19.4,261.85,Paid
INVCDD2E21DDB,CUST100059257,2026-05-04,2026-05-25,50.37,4.03,54.4,Partially Paid
INV0A9C404B30,CUST100052835,2025-09-08,2025-09-29,62.32,4.99,67.31,Paid
INVA9084B3DFD,CUST100079031,2025-11-13,2025-12-04,290.77,23.26,314.03,Paid
INVE152A33C69,CUST100051287,2025-08-11,2025-09-01,69.41,5.55,74.96,Unpaid
INV34883CE81E,CUST100095296,2026-05-29,2026-06-19,172.51,13.8,186.31,Paid
INV69899C6FD8,CUST100070841,2026-01-22,2026-02-12,130.95,10.48,141.43,Unpaid
INVBCB8308E2D,CUST100091841,2026-05-15,2026-06-05,287.21,22.98,310.19,Paid
INV9B25EDDBD8,CUST100004434,2026-03-28,2026-04-18,150.48,12.04,162.52,Paid
INVEE90174FFD,CUST100070699,2025-11-03,2025-11-24,29.86,2.39,32.25,Paid
INV02D8BE1068,CUST100073724,2026-01-13,2026-02-03,212.56,17.0,229.56,Paid
INV066671D91B,CUST100017186,2026-02-27,2026-03-20,233.68,18.69,252.37,Paid
INVBA4CF711CF,CUST100081494,2026-03-09,2026-03-30,243.96,19.52,263.48,Paid
INVC187C594E9,CUST100085591,2025-12-05,2025-12-26,59.81,4.78,64.59,Unpaid
INVAF9714B27B,CUST100043876,2026-04-22,2026-05-13,95.22,7.62,102.84,Paid
INV3007CF17AD,CUST100096046,2026-02-06,2026-02-27,366.37,29.31,395.68,Unpaid
INV3A8A8C2404,CUST100058718,2026-03-21,2026-04-11,75.13,6.01,81.14,Overdue
INVAB2869C52F,CUST100090714,2026-03-30,2026-04-20,330.62,26.45,357.07,Paid
INV96D1931142,CUST100033365,2026-05-25,2026-06-15,200.87,16.07,216.94,Unpaid
INVD712AB4E12,CUST100026763,2025-12-27,2026-01-17,115.01,9.2,124.21,Unpaid
INV32C75D9CFA,CUST100065049,2026-03-24,2026-04-14,325.3,26.02,351.32,Paid
INV44FC92311D,CUST100043671,2026-05-20,2026-06-10,219.65,17.57,237.22,Paid
INV35A19CE3D4,CUST100095382,2026-03-10,2026-03-31,300.55,24.04,324.59,Paid
INVDBBDD5DDF9,CUST100099389,2025-10-23,2025-11-13,193.26,15.46,208.72,Paid
INV7FE1B10BBC,CUST100001984,2025-08-22,2025-09-12,328.4,26.27,354.67,Paid
INVED9FA9953B,CUST100002811,2025-12-29,2026-01-19,378.98,30.32,409.3,Unpaid
INV0CEB1507DD,CUST100073682,2026-07-17,2026-08-07,243.31,19.46,262.77,Paid
INV84F5176465,CUST100095672,2026-06-03,2026-06-24,100.9,8.07,108.97,Paid
INV6A51AD1072,CUST100094394,2026-05-12,2026-06-02,27.93,2.23,30.16,Paid
INVE9E444DC51,CUST100012878,2025-08-21,2025-09-11,389.88,31.19,421.07,Paid
INV9AB644AA50,CUST100099310,2025-08-28,2025-09-18,274.21,21.94,296.15,Partially Paid
INVC8B8FB3F71,CUST100088739,2026-07-12,2026-08-02,254.51,20.36,274.87,Unpaid
INVF1012C809A,CUST100028574,2025-12-11,2026-01-01,22.66,1.81,24.47,Paid
INV5B1E6ACD58,CUST100073892,2026-05-18,2026-06-08,315.84,25.27,341.11,Unpaid
INV901675B4DB,CUST100082752,2025-08-02,2025-08-23,63.02,5.04,68.06,Paid
INV5980F52DB6,CUST100010415,2026-05-16,2026-06-06,170.22,13.62,183.84,Unpaid
INVF40B25123D,CUST100074571,2025-11-22,2025-12-13,291.43,23.31,314.74,Paid
INV32EFBAE8D1,CUST100063745,2025-12-24,2026-01-14,391.51,31.32,422.83,Paid
INV30296D9360,CUST100084278,2026-05-14,2026-06-04,283.52,22.68,306.2,Paid
INV68B90DB7E4,CUST100006837,2026-05-01,2026-05-22,89.18,7.13,96.31,Paid
INVBE604C8A5B,CUST100048840,2026-01-15,2026-02-05,101.24,8.1,109.34,Paid
INV11A15F078E,CUST100046238,2026-06-04,2026-06-25,90.29,7.22,97.51,Paid
INV0E5D3E8A71,CUST100080088,2025-11-12,2025-12-03,318.74,25.5,344.24,Unpaid
INVA1FAF02322,CUST100098148,2025-12-31,2026-01-21,364.6,29.17,393.77,Partially Paid
INVDF0423A459,CUST100097156,2026-03-02,2026-03-23,240.73,19.26,259.99,Unpaid
INVA61957A425,CUST100093762,2025-12-27,2026-01-17,347.07,27.77,374.84,Paid
INVD79505B5DB,CUST100089601,2026-04-10,2026-05-01,238.39,19.07,257.46,Unpaid
INV4359A565C5,CUST100007563,2026-01-31,2026-02-21,292.55,23.4,315.95,Paid
INV1DE8D12C0B,CUST100085645,2026-03-25,2026-04-15,257.67,20.61,278.28,Unpaid
INVE79F22F87F,CUST100091097,2026-07-04,2026-07-25,70.1,5.61,75.71,Paid
INV2F9D2E2FA9,CUST100096091,2026-01-15,2026-02-05,164.88,13.19,178.07,Paid
INV9999B51DFD,CUST100048975,2025-11-19,2025-12-10,252.17,20.17,272.34,Paid
INVBF70342464,CUST100038889,2026-07-04,2026-07-25,100.06,8.0,108.06,Paid
INV221EF626E5,CUST100084976,2026-05-01,2026-05-22,121.11,9.69,130.8,Paid
INV1F85FA2EAD,CUST100097961,2025-12-27,2026-01-17,320.68,25.65,346.33,Paid
INV01B0B203C6,CUST100060381,2026-01-23,2026-02-13,357.54,28.6,386.14,Unpaid
INV6C3E67DCA7,CUST100047007,2025-11-14,2025-12-05,209.31,16.74,226.05,Paid
INV6E824CA3F1,CUST100013632,2026-02-18,2026-03-11,39.6,3.17,42.77,Paid
INVC0F1D6CEF0,CUST100013114,2025-10-20,2025-11-10,343.81,27.5,371.31,Paid
INV8C4B2091E1,CUST100085847,2025-11-21,2025-12-12,361.33,28.91,390.24,Paid
INV2D496D78BA,CUST100082614,2025-12-27,2026-01-17,356.34,28.51,384.85,Paid
INVFC11FC44C6,CUST100091147,2026-01-21,2026-02-11,128.35,10.27,138.62,Paid
INV018C06020D,CUST100030501,2026-03-07,2026-03-28,282.65,22.61,305.26,Paid
INVD69E0CB672,CUST100066187,2025-08-21,2025-09-11,155.46,12.44,167.9,Paid
INVBBF21E168E,CUST100003582,2026-04-24,2026-05-15,98.87,7.91,106.78,Unpaid
INV4E83FA014A,CUST100039121,2025-12-03,2025-12-24,389.39,31.15,420.54,Partially Paid
INV5144353333,CUST100047826,2025-11-09,2025-11-30,130.18,10.41,140.59,Overdue
INV18F10E414F,CUST100080352,2026-04-20,2026-05-11,335.75,26.86,362.61,Partially Paid
INV2DA1E9E94B,CUST100003937,2025-09-01,2025-09-22,349.44,27.96,377.4,Paid
INV29AAFD222B,CUST100082535,2026-04-24,2026-05-15,134.31,10.74,145.05,Overdue
INVAE798557E5,CUST100006025,2025-09-18,2025-10-09,193.08,15.45,208.53,Paid
INVE16EA5DADA,CUST100074119,2026-06-29,2026-07-20,186.77,14.94,201.71,Partially Paid
INV4C60C57994,CUST100002460,2026-04-13,2026-05-04,170.07,13.61,183.68,Paid
INV948F5413C9,CUST100076231,2026-01-07,2026-01-28,393.56,31.48,425.04,Paid
INV9F3B235CEF,CUST100098898,2026-03-14,2026-04-04,240.07,19.21,259.28,Paid
INV64821D5EF3,CUST100036684,2026-03-25,2026-04-15,227.75,18.22,245.97,Paid
INV6CB3FB73A9,CUST100014795,2026-01-26,2026-02-16,311.55,24.92,336.47,Paid
INV875A438201,CUST100082028,2026-03-22,2026-04-12,341.85,27.35,369.2,Partially Paid
INVA5513A1A52,CUST100003000,2025-09-22,2025-10-13,177.33,14.19,191.52,Paid
INV7D4EC5F451,CUST100072846,2026-04-10,2026-05-01,203.39,16.27,219.66,Paid
INVF7A402CE01,CUST100010798,2026-01-13,2026-02-03,46.85,3.75,50.6,Paid
INV7851990211,CUST100008981,2025-10-27,2025-11-17,357.7,28.62,386.32,Paid
INVDDC48C9C13,CUST100029734,2026-07-01,2026-07-22,58.63,4.69,63.32,Paid
INV2DF483BF5C,CUST100008560,2026-04-04,2026-04-25,294.93,23.59,318.52,Unpaid
INVA0167A727A,CUST100043091,2026-01-17,2026-02-07,242.9,19.43,262.33,Overdue
INVF8A9F34790,CUST100054937,2026-04-07,2026-04-28,294.41,23.55,317.96,Paid
INVF9D09A80E4,CUST100059437,2025-12-29,2026-01-19,298.15,23.85,322.0,Paid
INV43FCAB19AB,CUST100037944,2026-03-07,2026-03-28,396.06,31.68,427.74,Paid
INV701D95CACF,CUST100026792,2025-11-19,2025-12-10,101.12,8.09,109.21,Paid
INV5E1AE48809,CUST100082032,2026-05-18,2026-06-08,289.45,23.16,312.61,Paid
INV21C88DC62B,CUST100021030,2026-05-23,2026-06-13,280.53,22.44,302.97,Partially Paid
INV05DD4E8148,CUST100093989,2025-08-10,2025-08-31,48.76,3.9,52.66,Paid
INV3870BA8ABD,CUST100057106,2025-11-14,2025-12-05,122.85,9.83,132.68,Paid
INV3116F1E3DF,CUST100073433,2026-03-17,2026-04-07,113.89,9.11,123.0,Paid
INV851B5933BA,CUST100047836,2026-01-26,2026-02-16,214.32,17.15,231.47,Unpaid
INVDAA3692AC4,CUST100019533,2026-02-07,2026-02-28,336.66,26.93,363.59,Partially Paid
INVEECA254236,CUST100009715,2026-02-08,2026-03-01,389.02,31.12,420.14,Overdue
INV59933BF97C,CUST100093972,2026-01-05,2026-01-26,257.78,20.62,278.4,Paid
INV1BD548B34C,CUST100008895,2026-04-19,2026-05-10,260.0,20.8,280.8,Paid
INV406C43D900,CUST100084473,2025-11-29,2025-12-20,81.21,6.5,87.71,Paid
INV87B652182D,CUST100024729,2026-04-17,2026-05-08,216.27,17.3,233.57,Partially Paid
INVE64A17B070,CUST100092538,2026-01-31,2026-02-21,340.41,27.23,367.64,Paid
INV1BFAEC7276,CUST100087835,2026-02-21,2026-03-14,69.56,5.56,75.12,Overdue
INVCDBFFFBF22,CUST100031623,2025-10-22,2025-11-12,185.0,14.8,199.8,Paid
INVE796EE97DD,CUST100023823,2026-02-19,2026-03-12,383.56,30.68,414.24,Partially Paid
INVEB8E0BD5CA,CUST100042827,2025-11-30,2025-12-21,354.09,28.33,382.42,Paid
INV84D34B7EA7,CUST100055964,2025-10-14,2025-11-04,232.66,18.61,251.27,Partially Paid
INV89C7581308,CUST100002450,2026-04-25,2026-05-16,174.09,13.93,188.02,Paid
INV717E764901,CUST100066298,2026-05-08,2026-05-29,381.02,30.48,411.5,Paid
INV7E6AC3FC72,CUST100082200,2026-04-10,2026-05-01,206.41,16.51,222.92,Unpaid
INVCDC6456014,CUST100073443,2025-11-12,2025-12-03,281.43,22.51,303.94,Paid
INVB4963BDFFA,CUST100006175,2025-12-12,2026-01-02,44.97,3.6,48.57,Partially Paid
INV279A3DDDC6,CUST100061301,2026-05-31,2026-06-21,233.18,18.65,251.83,Partially Paid
INV3D100CE1FC,CUST100001755,2026-04-28,2026-05-19,182.37,14.59,196.96,Paid
INVCDC751976E,CUST100045789,2025-08-06,2025-08-27,210.59,16.85,227.44,Unpaid
INVA5C782C063,CUST100077194,2025-09-30,2025-10-21,151.2,12.1,163.3,Paid
INVD9E913EC1D,CUST100082220,2026-04-30,2026-05-21,52.56,4.2,56.76,Paid
INVF4EE5F80A7,CUST100020393,2025-11-24,2025-12-15,146.72,11.74,158.46,Paid
INV70D93E5ABC,CUST100083732,2025-11-04,2025-11-25,140.43,11.23,151.66,Paid
INV9C91600228,CUST100082260,2026-02-08,2026-03-01,256.99,20.56,277.55,Paid
INVA3BBFD76BB,CUST100093427,2026-05-23,2026-06-13,55.4,4.43,59.83,Paid
INVE4186EBB51,CUST100029088,2026-07-10,2026-07-31,68.81,5.5,74.31,Partially Paid
INV9AD09DB15F,CUST100033484,2026-01-04,2026-01-25,290.68,23.25,313.93,Paid
INVD0BF8A9E82,CUST100040740,2025-10-23,2025-11-13,95.51,7.64,103.15,Overdue
INV6D3398590D,CUST100080099,2026-01-03,2026-01-24,73.55,5.88,79.43,Paid
INVCA206B4D9A,CUST100049998,2025-08-15,2025-09-05,384.14,30.73,414.87,Partially Paid
INVA9ACE5A201,CUST100029977,2026-02-20,2026-03-13,126.42,10.11,136.53,Paid
INV7454451672,CUST100007973,2026-05-02,2026-05-23,243.4,19.47,262.87,Paid
INVE487804B98,CUST100044132,2026-06-19,2026-07-10,141.6,11.33,152.93,Paid
INVD96E6600A1,CUST100059055,2025-12-14,2026-01-04,83.84,6.71,90.55,Unpaid
INV5DEFE1471C,CUST100090455,2026-02-16,2026-03-09,194.38,15.55,209.93,Paid
INVC450B9C07E,CUST100038672,2026-06-25,2026-07-16,231.28,18.5,249.78,Paid
INV25C51FEEEC,CUST100096631,2026-02-04,2026-02-25,228.27,18.26,246.53,Paid
INV7D8C2E6B89,CUST100049500,2026-01-23,2026-02-13,171.83,13.75,185.58,Overdue
INV3FE47115CA,CUST100090476,2026-01-23,2026-02-13,24.03,1.92,25.95,Paid
INV454F1816F9,CUST100049293,2026-04-24,2026-05-15,203.31,16.26,219.57,Partially Paid
INV3AB78DBB05,CUST100025666,2026-03-15,2026-04-05,60.95,4.88,65.83,Paid
INV16835C471E,CUST100040939,2025-12-13,2026-01-03,243.43,19.47,262.9,Unpaid
INV107B605694,CUST100021309,2026-07-04,2026-07-25,360.01,28.8,388.81,Paid
INVD69089F150,CUST100075507,2026-01-26,2026-02-16,64.96,5.2,70.16,Paid
INV1E0E132436,CUST100085719,2026-06-06,2026-06-27,307.5,24.6,332.1,Paid
INV69E04ECF9F,CUST100065226,2025-09-14,2025-10-05,201.71,16.14,217.85,Overdue
INVA1967ECBEF,CUST100052482,2026-06-24,2026-07-15,316.54,25.32,341.86,Unpaid
INV9E3575728D,CUST100021744,2026-07-23,2026-08-13,341.0,27.28,368.28,Paid
INV85F63DA0A7,CUST100006073,2025-11-22,2025-12-13,156.35,12.51,168.86,Paid
INVD29A98A7EF,CUST100009178,2026-03-24,2026-04-14,229.93,18.39,248.32,Paid
INVE1F528E869,CUST100053055,2026-03-05,2026-03-26,242.93,19.43,262.36,Paid
INVEC163E0E92,CUST100027190,2025-09-15,2025-10-06,43.81,3.5,47.31,Paid
INVF00F929374,CUST100020083,2025-08-06,2025-08-27,278.89,22.31,301.2,Overdue
INV1083541C9D,CUST100036469,2026-03-30,2026-04-20,100.14,8.01,108.15,Paid
INV5BCA980716,CUST100051655,2026-02-23,2026-03-16,281.59,22.53,304.12,Paid
INV1242AF16B8,CUST100040870,2025-08-18,2025-09-08,201.15,16.09,217.24,Paid
INV47B772FE30,CUST100017167,2025-10-06,2025-10-27,348.08,27.85,375.93,Paid
INVFA3B0EC599,CUST100038232,2026-04-19,2026-05-10,335.04,26.8,361.84,Paid
INV0FC1E29DE5,CUST100062584,2026-01-03,2026-01-24,167.47,13.4,180.87,Overdue
INVF1F8C0C887,CUST100071926,2026-01-02,2026-01-23,176.88,14.15,191.03,Unpaid
INV3575B52E20,CUST100048781,2026-07-10,2026-07-31,32.4,2.59,34.99,Overdue
INV7951053BCD,CUST100023714,2026-04-06,2026-04-27,360.8,28.86,389.66,Overdue
INV34199C12F5,CUST100067409,2025-08-03,2025-08-24,117.72,9.42,127.14,Paid
INV544C95B5E6,CUST100021248,2025-09-02,2025-09-23,74.01,5.92,79.93,Partially Paid
INVDC72588A0D,CUST100098720,2026-06-18,2026-07-09,197.55,15.8,213.35,Paid
INV351B0A095A,CUST100069323,2025-12-29,2026-01-19,65.87,5.27,71.14,Unpaid
INVD5980F690B,CUST100083317,2025-12-22,2026-01-12,252.7,20.22,272.92,Paid
INVDB7FC7BAC5,CUST100087982,2025-11-02,2025-11-23,331.09,26.49,357.58,Paid
INV95F32FB87F,CUST100089235,2026-02-23,2026-03-16,76.98,6.16,83.14,Paid
INVA2B4F87894,CUST100092821,2026-01-08,2026-01-29,376.45,30.12,406.57,Paid
INV0C05B141FB,CUST100058730,2026-05-16,2026-06-06,285.49,22.84,308.33,Paid
INV394A80B872,CUST100015299,2026-05-29,2026-06-19,268.59,21.49,290.08,Paid
INVCB67BA13FE,CUST100074125,2026-07-20,2026-08-10,226.4,18.11,244.51,Paid
INV81E5817013,CUST100037100,2026-06-25,2026-07-16,60.28,4.82,65.1,Paid
INV93573571AF,CUST100011914,2026-05-12,2026-06-02,252.78,20.22,273.0,Partially Paid
INV297961166D,CUST100001649,2025-08-18,2025-09-08,395.33,31.63,426.96,Paid
INV55B7E0210F,CUST100065242,2026-05-20,2026-06-10,94.06,7.52,101.58,Paid
INVDDB693C7DE,CUST100057265,2026-07-03,2026-07-24,255.75,20.46,276.21,Overdue
INVAD77A0F964,CUST100039578,2026-07-21,2026-08-11,65.59,5.25,70.84,Paid
INV932C4C8B9D,CUST100055617,2026-06-17,2026-07-08,166.01,13.28,179.29,Paid
INV7F993945F9,CUST100060911,2025-10-25,2025-11-15,147.74,11.82,159.56,Paid
INV68C2D28D7A,CUST100095251,2025-08-17,2025-09-07,352.87,28.23,381.1,Paid
INV5E3474F4C3,CUST100053493,2026-01-25,2026-02-15,328.33,26.27,354.6,Overdue
INV0B80B9AC4A,CUST100032404,2025-10-17,2025-11-07,30.63,2.45,33.08,Paid
INV2C05648AD1,CUST100017095,2025-09-25,2025-10-16,134.77,10.78,145.55,Paid
INVF8C125BBB1,CUST100016256,2026-04-30,2026-05-21,55.63,4.45,60.08,Unpaid
INVD9DE07CB98,CUST100009281,2026-03-02,2026-03-23,26.5,2.12,28.62,Paid
INVC9B4B33F17,CUST100024002,2026-04-18,2026-05-09,77.76,6.22,83.98,Paid
INVB1D88E5801,CUST100010581,2025-09-13,2025-10-04,118.56,9.48,128.04,Overdue
INV574EF92BE1,CUST100085013,2026-06-29,2026-07-20,354.43,28.35,382.78,Paid
INV1097F3DA8D,CUST100018493,2026-02-27,2026-03-20,210.17,16.81,226.98,Paid
INV4AAB03001A,CUST100026926,2025-10-10,2025-10-31,338.75,27.1,365.85,Overdue
INV080B254CC0,CUST100095042,2025-09-03,2025-09-24,330.77,26.46,357.23,Paid
INV575B8FDC36,CUST100045953,2026-05-02,2026-05-23,167.84,13.43,181.27,Overdue
INV9C64DE048F,CUST100002507,2026-07-15,2026-08-05,359.43,28.75,388.18,Partially Paid
INV787E777B96,CUST100062975,2025-11-23,2025-12-14,337.42,26.99,364.41,Paid
INVF1B7FC66B4,CUST100076784,2026-07-03,2026-07-24,299.1,23.93,323.03,Unpaid
INVC5E8E223A6,CUST100056259,2025-11-17,2025-12-08,95.07,7.61,102.68,Paid
INV6900FFF7B2,CUST100015104,2025-10-05,2025-10-26,249.0,19.92,268.92,Paid
INV491C54CC41,CUST100041751,2026-06-03,2026-06-24,296.87,23.75,320.62,Paid
INV17080D4EB6,CUST100048235,2026-03-05,2026-03-26,111.15,8.89,120.04,Paid
INV30380D8AFC,CUST100072077,2025-10-12,2025-11-02,170.55,13.64,184.19,Unpaid
INV54FF3D4165,CUST100028954,2026-01-07,2026-01-28,150.24,12.02,162.26,Paid
INVECAA76BF91,CUST100024742,2026-07-15,2026-08-05,29.14,2.33,31.47,Paid
INV839DD482FF,CUST100081786,2026-03-31,2026-04-21,193.44,15.48,208.92,Paid
INVDE9E33A8BC,CUST100075660,2026-03-18,2026-04-08,34.32,2.75,37.07,Overdue
INV251C5AEC38,CUST100029047,2026-01-08,2026-01-29,341.16,27.29,368.45,Paid
INV91795FBF00,CUST100025796,2026-02-19,2026-03-12,212.12,16.97,229.09,Paid
INVEF652E3F34,CUST100067913,2025-09-13,2025-10-04,380.93,30.47,411.4,Paid
INV9FF4BB6FD4,CUST100043278,2026-06-23,2026-07-14,353.66,28.29,381.95,Paid
INV9F6E912AEA,CUST100063201,2026-07-07,2026-07-28,398.14,31.85,429.99,Paid
INV76407A27E7,CUST100031165,2025-08-22,2025-09-12,190.99,15.28,206.27,Paid
INVC20D128BA8,CUST100073173,2026-06-30,2026-07-21,284.71,22.78,307.49,Paid
INV954329D801,CUST100011473,2026-05-27,2026-06-17,298.22,23.86,322.08,Unpaid
INVB28F478D4B,CUST100033385,2026-05-01,2026-05-22,77.55,6.2,83.75,Partially Paid
INV668DAE0259,CUST100046090,2025-08-08,2025-08-29,385.29,30.82,416.11,Paid
INV2E92F06A2B,CUST100094537,2025-10-25,2025-11-15,136.0,10.88,146.88,Paid
INVCCA088AD5A,CUST100056298,2025-08-10,2025-08-31,251.0,20.08,271.08,Unpaid
INV2D662F80CE,CUST100042047,2026-01-05,2026-01-26,239.57,19.17,258.74,Paid
INVDC9BB22562,CUST100087425,2025-08-28,2025-09-18,272.2,21.78,293.98,Unpaid
INV30EBF1126A,CUST100060103,2025-11-20,2025-12-11,280.68,22.45,303.13,Overdue
INV69CA245BB4,CUST100010650,2025-11-14,2025-12-05,73.86,5.91,79.77,Unpaid
INV9CAD0A2A8F,CUST100015756,2025-08-08,2025-08-29,295.36,23.63,318.99,Unpaid
INV15FE704BE2,CUST100025521,2026-05-22,2026-06-12,338.85,27.11,365.96,Paid
INV41E1B91001,CUST100094060,2025-11-20,2025-12-11,202.96,16.24,219.2,Paid
INVC320972567,CUST100085218,2026-06-13,2026-07-04,309.56,24.76,334.32,Paid
INV14FAA703A9,CUST100010182,2025-10-30,2025-11-20,94.99,7.6,102.59,Paid
INV1FF1270BF6,CUST100034011,2026-02-28,2026-03-21,281.01,22.48,303.49,Paid
INV169D9031CA,CUST100079020,2025-08-31,2025-09-21,143.73,11.5,155.23,Paid
INV1BE90AC302,CUST100063136,2025-10-20,2025-11-10,319.14,25.53,344.67,Paid
INVAE590274A0,CUST100001286,2025-09-14,2025-10-05,296.47,23.72,320.19,Paid
INV9B2DD545CB,CUST100069636,2025-11-15,2025-12-06,156.37,12.51,168.88,Paid
INV477E6E2488,CUST100085716,2025-10-13,2025-11-03,106.01,8.48,114.49,Overdue
INV0CBF9E5973,CUST100072892,2026-04-22,2026-05-13,66.14,5.29,71.43,Paid
INVD631E0242F,CUST100087313,2025-11-11,2025-12-02,61.81,4.94,66.75,Paid
INV49BFCD1FC3,CUST100037590,2026-06-05,2026-06-26,108.76,8.7,117.46,Paid
INVFF408FD157,CUST100053261,2025-08-17,2025-09-07,160.05,12.8,172.85,Paid
INVB31A0172B8,CUST100034178,2025-08-26,2025-09-16,50.87,4.07,54.94,Paid
INV7C2CF810CE,CUST100091552,2026-01-29,2026-02-19,54.65,4.37,59.02,Paid
INV898E0F7B01,CUST100074163,2025-08-25,2025-09-15,224.84,17.99,242.83,Paid
INVE8AE849E8F,CUST100093671,2025-09-18,2025-10-09,122.5,9.8,132.3,Paid
INV9A159214C6,CUST100012285,2025-08-02,2025-08-23,219.38,17.55,236.93,Overdue
INV7EEAD9F56D,CUST100048904,2026-06-14,2026-07-05,393.17,31.45,424.62,Paid
INVFA1D84BCB6,CUST100024329,2026-06-22,2026-07-13,339.53,27.16,366.69,Paid
INV68F554469F,CUST100075036,2026-04-20,2026-05-11,125.73,10.06,135.79,Unpaid
INVA0C1D54812,CUST100023982,2026-04-06,2026-04-27,128.73,10.3,139.03,Paid
INV14BD51B48C,CUST100033849,2025-09-18,2025-10-09,179.38,14.35,193.73,Paid
INV815BCEACED,CUST100030459,2026-06-25,2026-07-16,319.39,25.55,344.94,Unpaid
INVC88D5EFC82,CUST100015822,2026-05-23,2026-06-13,375.83,30.07,405.9,Paid
INV120DBA8BBA,CUST100058629,2025-11-13,2025-12-04,70.51,5.64,76.15,Overdue
INV5F3EC90003,CUST100022320,2026-06-04,2026-06-25,275.08,22.01,297.09,Partially Paid
INV5803E6C047,CUST100056709,2026-02-12,2026-03-05,328.64,26.29,354.93,Unpaid
INVE05BB291B6,CUST100029459,2025-08-02,2025-08-23,235.26,18.82,254.08,Paid
INV5596B48E62,CUST100045041,2026-06-12,2026-07-03,321.34,25.71,347.05,Paid
INVCEF1F08B14,CUST100048371,2025-12-25,2026-01-15,377.06,30.16,407.22,Partially Paid
INV36E31CA7FF,CUST100096238,2025-09-18,2025-10-09,115.75,9.26,125.01,Paid
INV09B224483B,CUST100023229,2025-08-01,2025-08-22,165.2,13.22,178.42,Paid
INVD06015A51E,CUST100086371,2025-12-10,2025-12-31,74.58,5.97,80.55,Paid
INV71FF6897A4,CUST100059301,2026-01-21,2026-02-11,83.55,6.68,90.23,Paid
INV02C67F0840,CUST100023985,2026-06-09,2026-06-30,25.68,2.05,27.73,Paid
INV4984255540,CUST100004489,2025-10-16,2025-11-06,79.42,6.35,85.77,Paid
INVCE8B9B1D31,CUST100086118,2025-11-07,2025-11-28,216.62,17.33,233.95,Unpaid
INVF1EE43AFB0,CUST100041289,2026-04-19,2026-05-10,105.15,8.41,113.56,Paid
INV066FF83E3E,CUST100071952,2026-01-01,2026-01-22,246.22,19.7,265.92,Paid
INV0A46737234,CUST100003336,2025-10-16,2025-11-06,94.44,7.56,102.0,Paid
INVE459EA7041,CUST100071751,2025-09-10,2025-10-01,97.39,7.79,105.18,Unpaid
INV7B58648055,CUST100015759,2026-06-25,2026-07-16,377.39,30.19,407.58,Paid
INV5C5B1EE24B,CUST100033193,2025-09-29,2025-10-20,240.61,19.25,259.86,Paid
INVD5A4624711,CUST100053450,2025-09-15,2025-10-06,185.7,14.86,200.56,Paid
INV27078F8EBC,CUST100030052,2026-07-12,2026-08-02,87.72,7.02,94.74,Paid
INV57C1068F5A,CUST100044133,2026-05-14,2026-06-04,115.59,9.25,124.84,Paid
INVACB824F887,CUST100026643,2026-06-07,2026-06-28,47.09,3.77,50.86,Paid
INV7D4C5217D3,CUST100077100,2026-03-17,2026-04-07,75.88,6.07,81.95,Unpaid
INV440FEFC12A,CUST100010921,2025-09-19,2025-10-10,263.88,21.11,284.99,Paid
INVE107A0A1E5,CUST100072131,2025-08-04,2025-08-25,222.09,17.77,239.86,Paid
INVC0DC0DC62C,CUST100070923,2025-09-02,2025-09-23,350.64,28.05,378.69,Paid
INV3524936E70,CUST100078013,2025-12-22,2026-01-12,371.7,29.74,401.44,Partially Paid
INVE07FE84E25,CUST100077312,2026-01-22,2026-02-12,351.84,28.15,379.99,Paid
INV7CE1496FD7,CUST100049022,2026-06-15,2026-07-06,122.78,9.82,132.6,Paid
INV9A035AFC39,CUST100013008,2025-10-27,2025-11-17,208.55,16.68,225.23,Paid
INVB1A7667B6E,CUST100038873,2025-08-14,2025-09-04,97.9,7.83,105.73,Partially Paid
INV40FAFA4C5A,CUST100021100,2026-07-17,2026-08-07,317.44,25.4,342.84,Paid
INV1C5B103CF3,CUST100055307,2025-09-03,2025-09-24,321.87,25.75,347.62,Paid
INV3BFED80888,CUST100040066,2025-09-27,2025-10-18,293.72,23.5,317.22,Paid
INVD93AF33AD8,CUST100088525,2026-02-05,2026-02-26,46.44,3.72,50.16,Paid
INV1D5EBDA470,CUST100079822,2025-08-01,2025-08-22,303.78,24.3,328.08,Partially Paid
INV7E07B60010,CUST100069690,2025-10-21,2025-11-11,346.18,27.69,373.87,Paid
INVABFB7932E5,CUST100004242,2026-05-31,2026-06-21,304.52,24.36,328.88,Partially Paid
INVBB59B1403C,CUST100063750,2025-12-11,2026-01-01,46.59,3.73,50.32,Paid
INVDB108BCCA3,CUST100034696,2026-06-22,2026-07-13,149.08,11.93,161.01,Unpaid
INVC7C355F549,CUST100050285,2025-12-05,2025-12-26,301.85,24.15,326.0,Paid
INV5CA1F75B8C,CUST100050281,2026-04-06,2026-04-27,142.01,11.36,153.37,Unpaid
INV1A470B3891,CUST100024334,2026-01-10,2026-01-31,388.91,31.11,420.02,Paid
INV048FD339D6,CUST100010034,2025-08-16,2025-09-06,286.6,22.93,309.53,Paid
INVB4E1B3CB7B,CUST100013301,2025-08-31,2025-09-21,77.16,6.17,83.33,Paid
INV3032F86F2A,CUST100029060,2026-06-16,2026-07-07,359.22,28.74,387.96,Paid
INV331232960C,CUST100055914,2026-01-20,2026-02-10,156.55,12.52,169.07,Paid
INV446E849FBA,CUST100051248,2026-06-09,2026-06-30,379.03,30.32,409.35,Paid
INV947CCE95BE,CUST100029509,2026-05-05,2026-05-26,325.02,26.0,351.02,Unpaid
INVABD2B07D7A,CUST100066567,2025-10-21,2025-11-11,130.21,10.42,140.63,Partially Paid
INV66EC49A7CD,CUST100065640,2026-02-19,2026-03-12,182.76,14.62,197.38,Paid
INVB71F3AA442,CUST100094298,2025-10-05,2025-10-26,269.27,21.54,290.81,Partially Paid
INV4B9BA1879C,CUST100071423,2026-01-28,2026-02-18,332.38,26.59,358.97,Partially Paid
INVBC08835276,CUST100098213,2026-07-21,2026-08-11,239.07,19.13,258.2,Paid
INVABDC87C34C,CUST100012927,2026-05-01,2026-05-22,304.82,24.39,329.21,Paid
INV8F446EC420,CUST100061334,2025-08-24,2025-09-14,127.01,10.16,137.17,Paid
INV6A108F2CD7,CUST100000166,2026-04-10,2026-05-01,72.43,5.79,78.22,Unpaid
INV17A6FA1872,CUST100051897,2026-01-20,2026-02-10,353.48,28.28,381.76,Paid
INVA1038ED6E7,CUST100042966,2026-05-20,2026-06-10,397.21,31.78,428.99,Paid
INVB3D0AEC5BD,CUST100061043,2026-01-31,2026-02-21,199.54,15.96,215.5,Unpaid
INV36E85DBA0E,CUST100061057,2026-01-11,2026-02-01,352.95,28.24,381.19,Overdue
INV5117C968BA,CUST100089284,2026-02-27,2026-03-20,218.43,17.47,235.9,Paid
INV0BADA4C69E,CUST100038357,2026-05-24,2026-06-14,83.45,6.68,90.13,Paid
INVCE975B3CD6,CUST100056568,2025-09-25,2025-10-16,340.53,27.24,367.77,Paid
INV9226D6BD76,CUST100061690,2026-03-03,2026-03-24,140.34,11.23,151.57,Paid
INVFC73BA9195,CUST100099184,2026-07-19,2026-08-09,392.41,31.39,423.8,Paid
INV714D4ED2BA,CUST100096576,2025-09-30,2025-10-21,342.54,27.4,369.94,Overdue
INVDEE8A41BA5,CUST100038546,2025-12-15,2026-01-05,33.25,2.66,35.91,Paid
INV827CDDC4D6,CUST100000222,2026-01-02,2026-01-23,24.86,1.99,26.85,Paid
INV605C605DBD,CUST100062748,2026-07-05,2026-07-26,392.87,31.43,424.3,Paid
INVE95E5DAFDF,CUST100064271,2026-02-22,2026-03-15,83.76,6.7,90.46,Paid
INVCD20779D10,CUST100096571,2026-02-01,2026-02-22,201.13,16.09,217.22,Partially Paid
INV2505020A1F,CUST100052845,2026-07-14,2026-08-04,99.98,8.0,107.98,Unpaid
INV23406E56CA,CUST100033981,2026-02-12,2026-03-05,398.96,31.92,430.88,Unpaid
INV0D38AF464D,CUST100099173,2026-02-01,2026-02-22,22.84,1.83,24.67,Paid
INV40A4820C9A,CUST100004605,2026-05-01,2026-05-22,95.01,7.6,102.61,Paid
INV3F65D6CA18,CUST100025273,2025-10-07,2025-10-28,179.15,14.33,193.48,Paid
INV740CD0147A,CUST100025534,2025-11-22,2025-12-13,166.2,13.3,179.5,Paid
INVE30D5506AB,CUST100063669,2025-08-21,2025-09-11,54.86,4.39,59.25,Paid
INV45DB1D0C82,CUST100039238,2025-08-02,2025-08-23,159.51,12.76,172.27,Overdue
INVD811A7E929,CUST100020310,2026-04-20,2026-05-11,194.64,15.57,210.21,Overdue
INVEF21A5A821,CUST100095466,2026-04-22,2026-05-13,209.39,16.75,226.14,Partially Paid
INV2F57B99C33,CUST100014945,2026-05-04,2026-05-25,230.94,18.48,249.42,Paid
INVC563C53A79,CUST100052663,2025-09-10,2025-10-01,41.52,3.32,44.84,Paid
INV17568402DC,CUST100006616,2025-11-07,2025-11-28,111.25,8.9,120.15,Paid
INVB6C732503F,CUST100042039,2026-04-22,2026-05-13,193.62,15.49,209.11,Overdue
INV4B1B36A4EE,CUST100061325,2026-03-13,2026-04-03,230.41,18.43,248.84,Paid
INV2B2112D8EA,CUST100041341,2026-07-05,2026-07-26,156.21,12.5,168.71,Paid
INV4495514749,CUST100092957,2026-02-01,2026-02-22,81.88,6.55,88.43,Paid
INV1F27E2137C,CUST100039199,2025-08-07,2025-08-28,57.82,4.63,62.45,Paid
INV0033617DF2,CUST100054196,2025-09-21,2025-10-12,307.13,24.57,331.7,Unpaid
INV383B878A4D,CUST100030753,2025-10-11,2025-11-01,304.39,24.35,328.74,Paid
INV36C1A410CA,CUST100054188,2025-10-01,2025-10-22,327.47,26.2,353.67,Unpaid
INVC83275F710,CUST100063583,2026-04-27,2026-05-18,81.15,6.49,87.64,Unpaid
INV690C6871A8,CUST100001677,2025-12-30,2026-01-20,137.75,11.02,148.77,Paid
INV878656C81F,CUST100002676,2026-07-18,2026-08-08,324.37,25.95,350.32,Paid
INV775BFC0BED,CUST100098415,2025-11-28,2025-12-19,274.23,21.94,296.17,Unpaid
INVCE13F6C9F9,CUST100053974,2025-11-27,2025-12-18,383.72,30.7,414.42,Unpaid
INV6337396F27,CUST100053877,2025-08-09,2025-08-30,229.73,18.38,248.11,Paid
INV32485B2BB0,CUST100093224,2025-12-13,2026-01-03,204.6,16.37,220.97,Paid
INV3A1FEB0426,CUST100094722,2026-04-08,2026-04-29,61.72,4.94,66.66,Overdue
INV7FF5AEE377,CUST100042129,2026-06-17,2026-07-08,20.12,1.61,21.73,Paid
INV57CC9C6ADE,CUST100083585,2026-04-09,2026-04-30,51.13,4.09,55.22,Paid
INVBA6E6AE623,CUST100061972,2025-12-12,2026-01-02,390.62,31.25,421.87,Paid
INVEEBBB16380,CUST100064342,2026-04-19,2026-05-10,330.6,26.45,357.05,Paid
INV7BF669E906,CUST100027757,2025-11-04,2025-11-25,163.39,13.07,176.46,Partially Paid
INVFEB79ED223,CUST100074375,2026-04-02,2026-04-23,117.0,9.36,126.36,Paid
INV70807B7D1F,CUST100045293,2025-09-15,2025-10-06,234.63,18.77,253.4,Paid
INV8E34AB6AD2,CUST100037676,2026-01-11,2026-02-01,225.57,18.05,243.62,Unpaid
INV5018520706,CUST100051782,2026-03-12,2026-04-02,106.97,8.56,115.53,Paid
INVE18857D4F8,CUST100030736,2025-11-09,2025-11-30,389.5,31.16,420.66,Paid
INV6F6EFFFAE3,CUST100017862,2025-10-01,2025-10-22,141.34,11.31,152.65,Unpaid
INV536CF3407A,CUST100095393,2026-07-21,2026-08-11,147.0,11.76,158.76,Paid
INVBC04D7A70B,CUST100019161,2026-07-20,2026-08-10,189.38,15.15,204.53,Paid
INVD85E75D76E,CUST100003531,2025-08-09,2025-08-30,322.84,25.83,348.67,Paid
INV3D21839188,CUST100086972,2025-12-02,2025-12-23,351.7,28.14,379.84,Paid
INV06B5EF2B3C,CUST100084864,2025-09-24,2025-10-15,110.83,8.87,119.7,Paid
INV42F8B77E92,CUST100091511,2026-06-10,2026-07-01,291.54,23.32,314.86,Paid
INVC6345EE0B5,CUST100079256,2026-04-10,2026-05-01,224.59,17.97,242.56,Paid
INV99061EA952,CUST100016549,2026-03-16,2026-04-06,247.46,19.8,267.26,Partially Paid
INV3B0F6AD8D7,CUST100009299,2026-02-03,2026-02-24,222.18,17.77,239.95,Paid
INV82C008D970,CUST100089393,2026-03-30,2026-04-20,139.73,11.18,150.91,Paid
INV4DAE3F4BE4,CUST100015180,2025-11-20,2025-12-11,203.41,16.27,219.68,Paid
INV04AE3BC23B,CUST100054448,2025-08-23,2025-09-13,390.33,31.23,421.56,Paid
INV0A875BE589,CUST100027893,2026-03-25,2026-04-15,58.46,4.68,63.14,Unpaid
INVE4A3DBA8FD,CUST100049161,2026-01-17,2026-02-07,164.77,13.18,177.95,Paid
INVE959811DA6,CUST100071713,2026-03-07,2026-03-28,167.91,13.43,181.34,Paid
INVF4B556084B,CUST100012507,2025-08-12,2025-09-02,54.41,4.35,58.76,Partially Paid
INVF96404224A,CUST100079731,2026-03-13,2026-04-03,295.5,23.64,319.14,Paid
INV68F5AE98D6,CUST100027007,2025-12-10,2025-12-31,381.12,30.49,411.61,Paid
INV633E579C83,CUST100061957,2025-12-22,2026-01-12,254.48,20.36,274.84,Paid
INVA50551EFF2,CUST100036815,2026-06-02,2026-06-23,105.91,8.47,114.38,Paid
INV60F035E346,CUST100015051,2026-01-26,2026-02-16,354.24,28.34,382.58,Paid
INV64621752D6,CUST100089004,2026-03-27,2026-04-17,372.26,29.78,402.04,Overdue
INVAA42F2D6AF,CUST100060154,2025-12-09,2025-12-30,247.68,19.81,267.49,Paid
INVBD46824A6E,CUST100080629,2025-08-15,2025-09-05,320.3,25.62,345.92,Unpaid
INV30D6CAD7A6,CUST100086869,2026-04-16,2026-05-07,268.46,21.48,289.94,Paid
INV2A71244F6D,CUST100046810,2026-03-10,2026-03-31,327.94,26.24,354.18,Paid
INV6A76CAF1F0,CUST100016316,2026-06-22,2026-07-13,100.24,8.02,108.26,Unpaid
INVD3B876DED3,CUST100073937,2025-09-28,2025-10-19,224.21,17.94,242.15,Unpaid
INV9B67F642A1,CUST100078505,2025-12-06,2025-12-27,155.79,12.46,168.25,Paid
INV24D24731F6,CUST100057909,2026-01-12,2026-02-02,109.0,8.72,117.72,Unpaid
INVA2E7ED8D25,CUST100075924,2025-11-22,2025-12-13,176.68,14.13,190.81,Overdue
INV00E7A345D2,CUST100007123,2026-05-18,2026-06-08,281.24,22.5,303.74,Paid
INV8EA0337075,CUST100086748,2025-11-08,2025-11-29,324.36,25.95,350.31,Paid
INV5FEED9C9E0,CUST100083948,2025-09-24,2025-10-15,91.56,7.32,98.88,Paid
INV29F62E09C4,CUST100052111,2025-12-29,2026-01-19,142.63,11.41,154.04,Unpaid
INV39128C2B45,CUST100016428,2026-07-07,2026-07-28,226.93,18.15,245.08,Overdue
INVDC050FB28D,CUST100082576,2026-07-21,2026-08-11,105.95,8.48,114.43,Overdue
INV98FAF47D33,CUST100063564,2026-01-16,2026-02-06,186.44,14.92,201.36,Paid
INV0C27352C97,CUST100040978,2025-12-17,2026-01-07,329.65,26.37,356.02,Paid
INVA62072BAB0,CUST100035371,2026-04-20,2026-05-11,145.57,11.65,157.22,Overdue
INV3085A03BE5,CUST100085651,2026-07-08,2026-07-29,182.81,14.62,197.43,Paid
INVACE97FF199,CUST100089288,2025-09-15,2025-10-06,229.74,18.38,248.12,Paid
INV439A7DEC03,CUST100053435,2026-03-04,2026-03-25,157.83,12.63,170.46,Overdue
INV7587AFE97A,CUST100058133,2026-07-18,2026-08-08,28.33,2.27,30.6,Partially Paid
INV95C8F85EF1,CUST100052512,2026-02-15,2026-03-08,60.13,4.81,64.94,Paid
INVA97B6E5CF5,CUST100082581,2026-01-09,2026-01-30,297.98,23.84,321.82,Paid
INV81A509DF9F,CUST100034635,2025-11-08,2025-11-29,172.95,13.84,186.79,Partially Paid
INV38D7F75506,CUST100036508,2025-08-10,2025-08-31,150.5,12.04,162.54,Partially Paid
INVDC04DE8691,CUST100026446,2026-06-09,2026-06-30,134.84,10.79,145.63,Paid
INV9225AA4CAF,CUST100020734,2026-05-09,2026-05-30,321.05,25.68,346.73,Unpaid
INVFD0A1B6D22,CUST100048630,2025-08-04,2025-08-25,161.5,12.92,174.42,Paid
INV6A8BAE990F,CUST100001083,2025-08-29,2025-09-19,50.62,4.05,54.67,Partially Paid
INVB5BB174DFF,CUST100034735,2026-05-23,2026-06-13,180.21,14.42,194.63,Paid
INVDCBDA58967,CUST100090987,2026-01-19,2026-02-09,223.27,17.86,241.13,Unpaid
INV5091BE317A,CUST100054964,2025-11-23,2025-12-14,29.47,2.36,31.83,Overdue
INVB88BB728A8,CUST100081632,2025-10-31,2025-11-21,235.63,18.85,254.48,Unpaid
INVF9ADB8C116,CUST100016121,2026-06-24,2026-07-15,342.43,27.39,369.82,Paid
INV0B1606A83E,CUST100064282,2026-05-11,2026-06-01,23.82,1.91,25.73,Paid
INV1917CA7674,CUST100049878,2025-10-13,2025-11-03,117.78,9.42,127.2,Overdue
INVD8E5AC6A87,CUST100068402,2026-02-19,2026-03-12,56.0,4.48,60.48,Paid
INVEF95E423A8,CUST100001706,2026-07-20,2026-08-10,125.11,10.01,135.12,Partially Paid
INVCB1172ADA8,CUST100052640,2026-07-14,2026-08-04,266.1,21.29,287.39,Paid
INV504E8EDB60,CUST100040334,2025-10-14,2025-11-04,97.83,7.83,105.66,Unpaid
INV4933E1BC0D,CUST100031571,2026-05-23,2026-06-13,211.12,16.89,228.01,Paid
INVC8803C28DE,CUST100064689,2025-08-27,2025-09-17,281.31,22.5,303.81,Overdue
INV2140595D47,CUST100093050,2026-02-01,2026-02-22,157.06,12.56,169.62,Unpaid
INV4818CC24D0,CUST100090290,2025-08-17,2025-09-07,273.94,21.92,295.86,Paid
INVE38E7F381C,CUST100086323,2025-11-17,2025-12-08,337.02,26.96,363.98,Unpaid
INV421476B9CB,CUST100024590,2025-08-18,2025-09-08,45.17,3.61,48.78,Paid
INV5D0CA720EA,CUST100019986,2026-05-28,2026-06-18,44.65,3.57,48.22,Paid
INV1A4840368B,CUST100096492,2026-03-25,2026-04-15,328.43,26.27,354.7,Overdue
INVF5576929D1,CUST100056653,2026-06-07,2026-06-28,77.59,6.21,83.8,Paid
INV1CC4C95E9D,CUST100074591,2025-09-12,2025-10-03,386.13,30.89,417.02,Paid
INV11DCD1F8AB,CUST100008926,2026-06-20,2026-07-11,205.21,16.42,221.63,Paid
INV2D8602BF98,CUST100085299,2026-07-06,2026-07-27,131.57,10.53,142.1,Partially Paid
INV0D0758B0EF,CUST100047964,2026-01-30,2026-02-20,319.11,25.53,344.64,Paid
INV2A10CFBA69,CUST100000016,2026-01-17,2026-02-07,231.46,18.52,249.98,Unpaid
INV2E324A184D,CUST100030233,2026-04-06,2026-04-27,73.49,5.88,79.37,Paid
INV7343EE65DB,CUST100011622,2025-09-08,2025-09-29,203.87,16.31,220.18,Paid
INVFEA98DAC7F,CUST100032741,2026-01-31,2026-02-21,199.31,15.94,215.25,Partially Paid
INVB179479C6D,CUST100033199,2025-08-03,2025-08-24,35.66,2.85,38.51,Paid
INV7351211C18,CUST100058406,2026-02-02,2026-02-23,363.15,29.05,392.2,Paid
INV161B3C08D5,CUST100056232,2026-02-11,2026-03-04,276.17,22.09,298.26,Unpaid
INV3E84F1CD50,CUST100070027,2025-10-08,2025-10-29,160.47,12.84,173.31,Paid
INV7005377B15,CUST100011807,2025-10-10,2025-10-31,171.45,13.72,185.17,Partially Paid
INV553AFCF76F,CUST100020428,2025-12-01,2025-12-22,166.4,13.31,179.71,Unpaid
INV0BD734B355,CUST100089967,2026-04-12,2026-05-03,195.16,15.61,210.77,Paid
INVEA7308242D,CUST100042936,2025-11-03,2025-11-24,155.12,12.41,167.53,Overdue
INV00FF828D3D,CUST100099191,2025-10-05,2025-10-26,324.08,25.93,350.01,Paid
INV8019EA7642,CUST100089957,2026-04-14,2026-05-05,339.83,27.19,367.02,Unpaid
INV98EDD7D759,CUST100079947,2025-11-17,2025-12-08,362.89,29.03,391.92,Partially Paid
INV40E0A45788,CUST100000369,2026-06-02,2026-06-23,291.9,23.35,315.25,Overdue
INVCE66E66F0C,CUST100009736,2025-10-30,2025-11-20,215.22,17.22,232.44,Paid
INV1999200E64,CUST100085869,2025-09-20,2025-10-11,184.4,14.75,199.15,Paid
INVDAAB7FE79B,CUST100065699,2026-04-20,2026-05-11,365.17,29.21,394.38,Partially Paid
INV1B2B3D0CDA,CUST100090734,2026-04-15,2026-05-06,235.07,18.81,253.88,Paid
INV2240765D65,CUST100025184,2026-07-19,2026-08-09,176.19,14.1,190.29,Overdue
INV17FBA51096,CUST100015589,2025-11-07,2025-11-28,115.91,9.27,125.18,Overdue
INVA28EB277FC,CUST100023846,2026-06-10,2026-07-01,293.27,23.46,316.73,Paid
INV684634117E,CUST100067843,2026-01-06,2026-01-27,164.94,13.2,178.14,Paid
INVC680DEA603,CUST100055797,2026-07-22,2026-08-12,36.11,2.89,39.0,Paid
INV1290AA61C6,CUST100067662,2025-10-12,2025-11-02,322.8,25.82,348.62,Partially Paid
INV53C4674A2A,CUST100095426,2025-08-30,2025-09-20,203.49,16.28,219.77,Partially Paid
INV9B8C6B0677,CUST100021612,2026-05-27,2026-06-17,236.93,18.95,255.88,Partially Paid
INV77B272B216,CUST100055023,2025-09-15,2025-10-06,348.48,27.88,376.36,Paid
INV6F9903F889,CUST100048232,2026-06-22,2026-07-13,137.86,11.03,148.89,Paid
INV3B85EE85F1,CUST100012330,2025-11-17,2025-12-08,277.81,22.22,300.03,Paid
INVF3FB689852,CUST100069594,2025-10-19,2025-11-09,190.49,15.24,205.73,Unpaid
INV47FAE48360,CUST100021826,2025-10-17,2025-11-07,219.54,17.56,237.1,Paid
INV1542CB28FE,CUST100085635,2025-09-29,2025-10-20,114.15,9.13,123.28,Paid
INV1DF96EBEF1,CUST100013400,2026-02-23,2026-03-16,142.98,11.44,154.42,Overdue
INV0C820FC5B7,CUST100082697,2025-11-30,2025-12-21,108.31,8.66,116.97,Paid
INV117250296B,CUST100069093,2025-08-31,2025-09-21,249.62,19.97,269.59,Paid
INV3710DE6584,CUST100080089,2025-12-23,2026-01-13,141.08,11.29,152.37,Paid
INV20A2529041,CUST100001138,2025-11-13,2025-12-04,215.94,17.28,233.22,Paid
INVA3C2592DA4,CUST100083039,2025-12-21,2026-01-11,175.3,14.02,189.32,Paid
INV5BF6F3ABA2,CUST100056508,2026-04-09,2026-04-30,296.5,23.72,320.22,Unpaid
INVCA866674C6,CUST100074896,2025-09-05,2025-09-26,328.04,26.24,354.28,Paid
INVBCD73F02AE,CUST100022386,2026-02-12,2026-03-05,223.48,17.88,241.36,Overdue
INV08FCC777B8,CUST100010394,2025-09-26,2025-10-17,369.09,29.53,398.62,Partially Paid
INVD7369B3369,CUST100004659,2026-07-15,2026-08-05,370.49,29.64,400.13,Unpaid
INVAE5170E07D,CUST100029214,2025-08-07,2025-08-28,304.05,24.32,328.37,Overdue
INVF003355889,CUST100024516,2026-04-01,2026-04-22,40.23,3.22,43.45,Paid
INVDC6BDBE493,CUST100034660,2025-09-24,2025-10-15,20.18,1.61,21.79,Paid
INV3EC33033BD,CUST100019213,2025-11-07,2025-11-28,164.3,13.14,177.44,Overdue
INV8630BCEBD6,CUST100096408,2026-04-26,2026-05-17,119.78,9.58,129.36,Partially Paid
INVE605DC5025,CUST100046805,2026-06-24,2026-07-15,274.41,21.95,296.36,Paid
INV27FD63D208,CUST100030578,2026-01-28,2026-02-18,368.6,29.49,398.09,Paid
INVDAC647DEAC,CUST100094773,2025-10-23,2025-11-13,21.81,1.74,23.55,Unpaid
INV7F3A2C2940,CUST100092367,2026-05-03,2026-05-24,256.51,20.52,277.03,Unpaid
INVA91CE4C150,CUST100037872,2025-09-27,2025-10-18,89.44,7.16,96.6,Unpaid
INV5E8A0C36C3,CUST100070566,2026-06-13,2026-07-04,352.0,28.16,380.16,Paid
INV85C0FCED5E,CUST100046201,2026-05-09,2026-05-30,100.43,8.03,108.46,Paid
INVDACD206BA7,CUST100012583,2025-10-08,2025-10-29,113.01,9.04,122.05,Paid
INV17FA36241E,CUST100047636,2025-08-12,2025-09-02,202.69,16.22,218.91,Paid
INV020606BDB6,CUST100009742,2025-09-11,2025-10-02,378.07,30.25,408.32,Partially Paid
INV29171FD07D,CUST100077000,2026-07-16,2026-08-06,67.7,5.42,73.12,Paid
INV3357CFD1A4,CUST100000210,2026-07-12,2026-08-02,85.91,6.87,92.78,Paid
INV4BB2DE124B,CUST100035707,2026-01-07,2026-01-28,369.88,29.59,399.47,Paid
INVF10EF6F331,CUST100058565,2025-12-21,2026-01-11,73.4,5.87,79.27,Paid
INV43AE963285,CUST100065221,2026-02-18,2026-03-11,218.39,17.47,235.86,Paid
INVF029CC6594,CUST100031366,2026-02-04,2026-02-25,94.0,7.52,101.52,Partially Paid
INV5B1CA23BEE,CUST100087102,2026-02-04,2026-02-25,172.78,13.82,186.6,Paid
INVDB34AAD953,CUST100041482,2026-03-06,2026-03-27,377.16,30.17,407.33,Overdue
INVB24DED2D59,CUST100006018,2025-12-07,2025-12-28,70.09,5.61,75.7,Unpaid
INV7BA133E4C2,CUST100096350,2025-09-25,2025-10-16,285.01,22.8,307.81,Paid
INVB219B15833,CUST100045062,2026-07-11,2026-08-01,196.57,15.73,212.3,Unpaid
INV4055472C27,CUST100040503,2026-04-20,2026-05-11,274.74,21.98,296.72,Overdue
INV5BF056126B,CUST100062068,2026-05-07,2026-05-28,178.62,14.29,192.91,Overdue
INV94EC4E335B,CUST100088393,2025-10-12,2025-11-02,255.85,20.47,276.32,Paid
INV7FAFA4B0DE,CUST100094147,2025-12-22,2026-01-12,121.05,9.68,130.73,Overdue
INVF69A8B2905,CUST100097449,2026-03-04,2026-03-25,331.58,26.53,358.11,Paid
INV04F8B95FC8,CUST100081918,2026-07-05,2026-07-26,382.32,30.59,412.91,Paid
INVF33AC2253C,CUST100054366,2025-09-08,2025-09-29,388.97,31.12,420.09,Paid
INV6C07EA4363,CUST100085980,2025-10-20,2025-11-10,209.82,16.79,226.61,Partially Paid
INVDAC918534B,CUST100036063,2025-09-05,2025-09-26,376.37,30.11,406.48,Unpaid
INV01DEF764A2,CUST100044613,2026-06-01,2026-06-22,233.08,18.65,251.73,Unpaid
INVA8F1648FB6,CUST100071082,2026-02-16,2026-03-09,153.0,12.24,165.24,Overdue
INVC1B93E3A8C,CUST100071529,2026-05-09,2026-05-30,38.98,3.12,42.1,Paid
INV5CC8ABE8B0,CUST100098216,2026-07-13,2026-08-03,356.36,28.51,384.87,Paid
INV6E36038125,CUST100066808,2026-04-28,2026-05-19,273.49,21.88,295.37,Paid
INV533F01D2C9,CUST100074826,2026-01-08,2026-01-29,38.42,3.07,41.49,Paid
INV3110EA47F9,CUST100014507,2026-06-20,2026-07-11,354.49,28.36,382.85,Paid
INVE9DC4745E2,CUST100085303,2025-08-29,2025-09-19,329.94,26.4,356.34,Unpaid
INV00F5FC12AF,CUST100009440,2025-10-14,2025-11-04,134.88,10.79,145.67,Paid
INV03CB0CB73C,CUST100026809,2025-10-14,2025-11-04,28.99,2.32,31.31,Paid
INV6F39584312,CUST100084526,2026-04-13,2026-05-04,109.05,8.72,117.77,Paid
INV68E2AE5BD1,CUST100000667,2026-02-20,2026-03-13,124.78,9.98,134.76,Paid
INVEF28011F62,CUST100098677,2026-01-13,2026-02-03,133.41,10.67,144.08,Paid
INV1E1BF55A4F,CUST100076315,2026-02-25,2026-03-18,118.96,9.52,128.48,Overdue
INV2ABA802561,CUST100060810,2026-03-10,2026-03-31,300.17,24.01,324.18,Unpaid
INVDAEDE97B1C,CUST100000621,2025-11-25,2025-12-16,233.91,18.71,252.62,Paid
INV1423C608AA,CUST100051693,2025-09-09,2025-09-30,281.25,22.5,303.75,Overdue
INV432AD3BBCA,CUST100029347,2025-09-16,2025-10-07,291.29,23.3,314.59,Unpaid
INVB7E5356946,CUST100097764,2025-10-01,2025-10-22,286.58,22.93,309.51,Unpaid
INV767886F316,CUST100021767,2025-12-19,2026-01-09,123.28,9.86,133.14,Paid
INVE42DC56E73,CUST100041436,2026-04-27,2026-05-18,131.59,10.53,142.12,Overdue
INV5F2897D492,CUST100005107,2025-08-24,2025-09-14,204.06,16.32,220.38,Paid
INV308E036245,CUST100052434,2026-06-22,2026-07-13,233.81,18.7,252.51,Paid
INVD8A95B78D9,CUST100079077,2026-04-18,2026-05-09,60.14,4.81,64.95,Partially Paid
INV9729298006,CUST100056364,2026-02-25,2026-03-18,41.48,3.32,44.8,Overdue
INV398DF7195C,CUST100088045,2025-10-06,2025-10-27,307.0,24.56,331.56,Unpaid
INV4015D146AB,CUST100056474,2026-02-01,2026-02-22,94.58,7.57,102.15,Paid
INVD368BCD68F,CUST100073061,2025-10-05,2025-10-26,89.95,7.2,97.15,Paid
INV164DE315CB,CUST100045178,2025-10-09,2025-10-30,256.51,20.52,277.03,Partially Paid
INV351ACB128C,CUST100091766,2025-09-15,2025-10-06,344.95,27.6,372.55,Paid
INVB111D20168,CUST100000148,2025-09-27,2025-10-18,28.63,2.29,30.92,Paid
INV51EFBAF87A,CUST100016033,2026-06-21,2026-07-12,156.15,12.49,168.64,Paid
INV2B5560390F,CUST100012280,2026-04-03,2026-04-24,184.26,14.74,199.0,Paid
INV583E1F349E,CUST100070538,2026-05-30,2026-06-20,299.11,23.93,323.04,Overdue
INV66F80FDD31,CUST100092611,2025-12-26,2026-01-16,124.53,9.96,134.49,Partially Paid
INVB375CCA4B9,CUST100046523,2026-05-26,2026-06-16,345.48,27.64,373.12,Paid
INVEAAE679B34,CUST100014596,2025-09-11,2025-10-02,300.87,24.07,324.94,Unpaid
INV9EFFB72780,CUST100044497,2026-07-17,2026-08-07,125.01,10.0,135.01,Paid
INVD820FE3F8B,CUST100054071,2025-09-29,2025-10-20,327.94,26.24,354.18,Unpaid
INV1F5CBF79FF,CUST100014851,2025-09-05,2025-09-26,120.32,9.63,129.95,Paid
INVDFF213E66C,CUST100017556,2026-03-04,2026-03-25,119.97,9.6,129.57,Paid
INV5D72E77AC5,CUST100095694,2025-08-18,2025-09-08,350.34,28.03,378.37,Paid
INV69619CC8E8,CUST100067626,2026-01-22,2026-02-12,357.09,28.57,385.66,Unpaid
INV88C16259E3,CUST100097968,2026-03-06,2026-03-27,126.3,10.1,136.4,Paid
INV820EADAAEB,CUST100000053,2026-05-25,2026-06-15,55.77,4.46,60.23,Partially Paid
INV872CEE3837,CUST100085351,2026-03-12,2026-04-02,293.08,23.45,316.53,Paid
INVCA484190BA,CUST100036297,2026-01-08,2026-01-29,281.33,22.51,303.84,Paid
INV908AC708D3,CUST100090220,2026-04-06,2026-04-27,226.13,18.09,244.22,Paid
INV5D5E08AF3C,CUST100051180,2026-02-22,2026-03-15,144.74,11.58,156.32,Paid
INV3AD4D43A32,CUST100048069,2026-04-01,2026-04-22,336.88,26.95,363.83,Partially Paid
INVCBDE517649,CUST100068443,2026-05-31,2026-06-21,187.0,14.96,201.96,Paid
INV7A8DD9F47A,CUST100030892,2025-12-24,2026-01-14,83.97,6.72,90.69,Paid
INVBFA0392BD0,CUST100074546,2025-08-25,2025-09-15,348.24,27.86,376.1,Paid
INV29582BAD9A,CUST100079978,2026-05-22,2026-06-12,225.5,18.04,243.54,Unpaid
INVA76547FF22,CUST100085485,2026-02-11,2026-03-04,103.59,8.29,111.88,Unpaid
INV5723A9CF42,CUST100064800,2025-10-15,2025-11-05,388.97,31.12,420.09,Partially Paid
INV90CAD47341,CUST100056251,2026-02-15,2026-03-08,165.61,13.25,178.86,Paid
INVF6E9A2D663,CUST100099133,2026-05-08,2026-05-29,262.41,20.99,283.4,Paid
INV1F68FAB623,CUST100049778,2025-08-15,2025-09-05,292.17,23.37,315.54,Paid
INV01F2A56F4A,CUST100008302,2025-12-31,2026-01-21,128.37,10.27,138.64,Paid
INVA8D6D7B718,CUST100080842,2026-02-09,2026-03-02,169.24,13.54,182.78,Paid
INV735F786FBA,CUST100007762,2026-01-18,2026-02-08,215.06,17.2,232.26,Paid
INV3B28A0B742,CUST100064309,2025-09-16,2025-10-07,272.13,21.77,293.9,Unpaid
INV11C18D5D17,CUST100066682,2026-02-02,2026-02-23,169.64,13.57,183.21,Paid
INVF54FA70E84,CUST100094742,2025-12-29,2026-01-19,89.32,7.15,96.47,Overdue
INVE762E17C38,CUST100068930,2025-08-26,2025-09-16,50.11,4.01,54.12,Overdue
INV12B8F3EDC2,CUST100080790,2026-05-15,2026-06-05,268.34,21.47,289.81,Paid
INV6EDD9FC855,CUST100053102,2025-09-09,2025-09-30,324.26,25.94,350.2,Paid
INVCA1C0C2145,CUST100074725,2026-01-19,2026-02-09,399.95,32.0,431.95,Paid
INVB132606177,CUST100048598,2026-04-25,2026-05-16,374.88,29.99,404.87,Paid
INVFA49AB78AA,CUST100084455,2026-01-18,2026-02-08,98.99,7.92,106.91,Paid
INVFC29C34478,CUST100087714,2025-08-21,2025-09-11,103.45,8.28,111.73,Paid
INV5936BCACFD,CUST100043638,2025-08-13,2025-09-03,85.61,6.85,92.46,Overdue
INV24259BA0A5,CUST100041693,2026-03-31,2026-04-21,142.37,11.39,153.76,Paid
INVC2D6FC0281,CUST100018409,2026-05-22,2026-06-12,248.22,19.86,268.08,Paid
INV0114759B16,CUST100048323,2026-05-27,2026-06-17,340.32,27.23,367.55,Paid
INVDD77D13C07,CUST100080632,2026-05-31,2026-06-21,379.1,30.33,409.43,Paid
INVFF419BE586,CUST100046212,2026-05-14,2026-06-04,138.97,11.12,150.09,Paid
INVBF586E71D4,CUST100013757,2026-02-10,2026-03-03,133.84,10.71,144.55,Paid
INV1B6E478764,CUST100098218,2026-02-19,2026-03-12,41.74,3.34,45.08,Paid
INVD7E1F8ACAA,CUST100055116,2026-02-10,2026-03-03,291.77,23.34,315.11,Partially Paid
INV5CE3F0F5E4,CUST100049840,2026-03-20,2026-04-10,355.27,28.42,383.69,Unpaid
INV2913316F27,CUST100057725,2026-01-13,2026-02-03,240.49,19.24,259.73,Unpaid
INVF9B120FC8B,CUST100047588,2026-02-20,2026-03-13,173.05,13.84,186.89,Paid
INVFA082C7F6E,CUST100053464,2026-02-21,2026-03-14,65.38,5.23,70.61,Overdue
INV78919C432E,CUST100091516,2026-01-18,2026-02-08,371.96,29.76,401.72,Paid
INV38A98A0543,CUST100027172,2025-12-01,2025-12-22,386.0,30.88,416.88,Paid
INVF047DA3549,CUST100002202,2026-02-16,2026-03-09,358.94,28.72,387.66,Paid
INV746698FB49,CUST100094909,2025-09-12,2025-10-03,23.11,1.85,24.96,Paid
INVFC36BCF4FE,CUST100054969,2025-11-24,2025-12-15,303.51,24.28,327.79,Paid
INV4173C4D507,CUST100067209,2025-10-19,2025-11-09,274.47,21.96,296.43,Paid
INVCEF4C2523D,CUST100034755,2026-03-13,2026-04-03,259.12,20.73,279.85,Paid
INV793C3F1CB3,CUST100092134,2026-02-26,2026-03-19,135.84,10.87,146.71,Paid
INVC89D95C14B,CUST100077933,2025-10-09,2025-10-30,245.86,19.67,265.53,Paid
INV2D0ED8A342,CUST100092657,2026-04-03,2026-04-24,231.88,18.55,250.43,Paid
INV748C15AAA4,CUST100084600,2025-12-30,2026-01-20,220.08,17.61,237.69,Paid
INV77E4059A35,CUST100095933,2025-10-05,2025-10-26,260.25,20.82,281.07,Partially Paid
INV8CCBCD8046,CUST100018171,2026-06-19,2026-07-10,399.79,31.98,431.77,Paid
INVB50D4038B6,CUST100044629,2026-01-21,2026-02-11,102.4,8.19,110.59,Overdue
INV539F584D70,CUST100029989,2025-08-25,2025-09-15,233.68,18.69,252.37,Paid
INVBF9BB355A9,CUST100020091,2026-01-19,2026-02-09,359.97,28.8,388.77,Paid
INVA7234B7955,CUST100036354,2026-05-01,2026-05-22,250.59,20.05,270.64,Unpaid
INV0B105C8564,CUST100006456,2025-08-20,2025-09-10,210.05,16.8,226.85,Paid
INVEDA28BB5C0,CUST100000676,2025-11-05,2025-11-26,287.88,23.03,310.91,Paid
INVA5080A987E,CUST100072562,2025-09-04,2025-09-25,45.22,3.62,48.84,Overdue
INV6A213C41E2,CUST100072267,2025-11-04,2025-11-25,314.61,25.17,339.78,Paid
INV0867033287,CUST100066686,2025-08-13,2025-09-03,293.59,23.49,317.08,Paid
INV55AE53FA41,CUST100033704,2026-04-09,2026-04-30,181.45,14.52,195.97,Unpaid
INV7FF532A4DA,CUST100032215,2025-10-07,2025-10-28,43.61,3.49,47.1,Paid
INVA6D73C68BD,CUST100009707,2025-09-20,2025-10-11,345.84,27.67,373.51,Paid
INV93788BFD82,CUST100010789,2026-05-27,2026-06-17,320.3,25.62,345.92,Paid
INV1A5F081440,CUST100017071,2025-08-26,2025-09-16,355.61,28.45,384.06,Paid
INV8ADE5A2F80,CUST100004789,2025-09-21,2025-10-12,153.76,12.3,166.06,Paid
INVDB50D421F8,CUST100071755,2026-05-27,2026-06-17,128.96,10.32,139.28,Overdue
INV727A9717F2,CUST100012711,2025-11-14,2025-12-05,131.49,10.52,142.01,Unpaid
INVFEF7E9BEB0,CUST100061270,2025-10-07,2025-10-28,346.58,27.73,374.31,Paid
INVE82317F0C0,CUST100073267,2025-12-09,2025-12-30,43.47,3.48,46.95,Paid
INV1DF24FCB06,CUST100048513,2026-03-01,2026-03-22,275.1,22.01,297.11,Paid
INV017ED7FAAB,CUST100041974,2026-04-21,2026-05-12,264.44,21.16,285.6,Overdue
INV8230D4403F,CUST100047627,2025-09-01,2025-09-22,182.87,14.63,197.5,Paid
INV5E2A5F7721,CUST100013345,2026-04-20,2026-05-11,214.16,17.13,231.29,Paid
INV470127B58E,CUST100090952,2026-01-19,2026-02-09,303.42,24.27,327.69,Paid
INVC65586612C,CUST100086137,2025-09-23,2025-10-14,30.76,2.46,33.22,Paid
INV10F6A0EA63,CUST100020126,2026-01-24,2026-02-14,65.4,5.23,70.63,Paid
INVBF23DD188A,CUST100012147,2026-04-23,2026-05-14,265.21,21.22,286.43,Paid
INVA5F1122BBE,CUST100047070,2026-04-17,2026-05-08,332.6,26.61,359.21,Paid
INV86B5620D72,CUST100024322,2026-04-03,2026-04-24,235.46,18.84,254.3,Paid
INVC8F6C59D22,CUST100047242,2026-06-09,2026-06-30,121.45,9.72,131.17,Paid
INVED985DB931,CUST100077429,2025-09-30,2025-10-21,199.06,15.92,214.98,Unpaid
INV8901640095,CUST100018737,2025-10-01,2025-10-22,280.06,22.4,302.46,Unpaid
INVA090697058,CUST100015055,2025-11-05,2025-11-26,348.06,27.84,375.9,Paid
INV89893B5DBA,CUST100072082,2026-03-11,2026-04-01,310.3,24.82,335.12,Paid
INV0FB11BE606,CUST100053812,2026-04-12,2026-05-03,104.62,8.37,112.99,Paid
INV3E5405E7E4,CUST100039422,2025-12-24,2026-01-14,264.07,21.13,285.2,Overdue
INV21C85DE55A,CUST100028414,2025-12-01,2025-12-22,236.46,18.92,255.38,Paid
INVDC6B564C67,CUST100004890,2025-09-17,2025-10-08,387.76,31.02,418.78,Paid
INVCE5684492A,CUST100064183,2025-08-01,2025-08-22,389.25,31.14,420.39,Paid
INV7A3E95E752,CUST100081191,2025-11-08,2025-11-29,235.63,18.85,254.48,Paid
INV5EEBD5DFE3,CUST100033757,2026-03-23,2026-04-13,195.61,15.65,211.26,Paid
INV9F71C65FE4,CUST100070763,2025-08-14,2025-09-04,247.59,19.81,267.4,Paid
INVA403C9DAFA,CUST100071539,2026-05-15,2026-06-05,208.9,16.71,225.61,Paid
INVCA4782A5CC,CUST100008782,2025-12-19,2026-01-09,247.35,19.79,267.14,Paid
INV47BA94F3C3,CUST100038922,2025-09-26,2025-10-17,174.84,13.99,188.83,Paid
INVE3D2C66A33,CUST100048307,2026-02-28,2026-03-21,181.37,14.51,195.88,Paid
INV17CEEAE037,CUST100031356,2026-04-24,2026-05-15,391.57,31.33,422.9,Unpaid
INVC0361911AE,CUST100069484,2025-10-23,2025-11-13,336.42,26.91,363.33,Paid
INVF67B92D300,CUST100015240,2025-08-30,2025-09-20,352.28,28.18,380.46,Partially Paid
INV510A5E6B2A,CUST100056193,2025-11-02,2025-11-23,355.03,28.4,383.43,Paid
INV772D785D2A,CUST100069851,2025-08-02,2025-08-23,390.36,31.23,421.59,Paid
INV8EADA0CA09,CUST100068173,2025-09-10,2025-10-01,114.35,9.15,123.5,Paid
INV61D135108A,CUST100066813,2026-04-01,2026-04-22,264.93,21.19,286.12,Paid
INV0144166272,CUST100045540,2025-12-19,2026-01-09,145.57,11.65,157.22,Paid
INVA44F021356,CUST100031373,2026-02-01,2026-02-22,181.99,14.56,196.55,Paid
INV5F01052B0E,CUST100000869,2025-11-26,2025-12-17,358.82,28.71,387.53,Unpaid
INV7071BD47B5,CUST100008055,2025-10-27,2025-11-17,280.6,22.45,303.05,Paid
INV61022962FC,CUST100094687,2026-03-15,2026-04-05,221.19,17.7,238.89,Overdue
INV37540233A2,CUST100087628,2025-09-29,2025-10-20,390.02,31.2,421.22,Paid
INV44B9C09028,CUST100056057,2026-05-11,2026-06-01,122.73,9.82,132.55,Partially Paid
INVC0FDACFBCF,CUST100086200,2026-06-30,2026-07-21,253.55,20.28,273.83,Partially Paid
INV76DD1414A1,CUST100097735,2026-03-09,2026-03-30,163.36,13.07,176.43,Paid
INV28176BB89B,CUST100013521,2026-02-27,2026-03-20,176.05,14.08,190.13,Paid
INVD0BEA6CE5D,CUST100065367,2026-05-14,2026-06-04,299.86,23.99,323.85,Partially Paid
INV84F43E4CD8,CUST100052580,2026-01-19,2026-02-09,238.07,19.05,257.12,Overdue
INVC063308546,CUST100027263,2025-11-30,2025-12-21,95.98,7.68,103.66,Paid
INVC001E317D4,CUST100074294,2026-07-23,2026-08-13,92.59,7.41,100.0,Partially Paid
INV958F7190A3,CUST100050755,2026-05-24,2026-06-14,247.2,19.78,266.98,Paid
INVB0FA69EECF,CUST100024528,2025-08-02,2025-08-23,261.64,20.93,282.57,Paid
INVFFDE62BBBB,CUST100020046,2026-03-28,2026-04-18,294.4,23.55,317.95,Paid
INVA19E705D13,CUST100019988,2025-12-03,2025-12-24,267.59,21.41,289.0,Paid
INVEB5A38F162,CUST100003013,2026-01-23,2026-02-13,63.09,5.05,68.14,Paid
INV805867CE2F,CUST100089479,2026-03-26,2026-04-16,207.74,16.62,224.36,Paid
INV8D9EE4DBCA,CUST100035879,2026-06-07,2026-06-28,124.25,9.94,134.19,Paid
INV8294155DEA,CUST100020969,2026-05-03,2026-05-24,212.12,16.97,229.09,Paid
INV2927D8C3FA,CUST100065642,2025-11-01,2025-11-22,285.24,22.82,308.06,Paid
INVC92F589534,CUST100015621,2026-02-12,2026-03-05,347.0,27.76,374.76,Paid
INV47EE101A07,CUST100046623,2025-10-14,2025-11-04,143.74,11.5,155.24,Paid
INV48E1246F12,CUST100065338,2026-04-19,2026-05-10,270.69,21.66,292.35,Paid
INVF65C73A850,CUST100075614,2025-08-10,2025-08-31,45.74,3.66,49.4,Paid
INV38B0BA605D,CUST100070485,2025-09-22,2025-10-13,168.79,13.5,182.29,Paid
INVFBD69CE3A6,CUST100056639,2026-03-03,2026-03-24,156.82,12.55,169.37,Paid
INV90FFA75AC3,CUST100000050,2025-10-18,2025-11-08,181.0,14.48,195.48,Partially Paid
INVCDE4CD419C,CUST100052186,2025-10-07,2025-10-28,270.67,21.65,292.32,Unpaid
INV91D98018E6,CUST100071643,2026-06-15,2026-07-06,192.53,15.4,207.93,Paid
INV9CFC006E2B,CUST100038302,2026-02-07,2026-02-28,84.12,6.73,90.85,Paid
INVE2A05FA22A,CUST100042094,2026-04-24,2026-05-15,362.06,28.96,391.02,Paid
INVC3D2B9C2F5,CUST100052954,2026-04-01,2026-04-22,347.42,27.79,375.21,Overdue
INV0CFA703914,CUST100089081,2026-06-17,2026-07-08,99.42,7.95,107.37,Paid
INVC52F81DDE5,CUST100078025,2026-06-15,2026-07-06,202.68,16.21,218.89,Unpaid
INV9FE9B39E07,CUST100083366,2026-03-02,2026-03-23,160.78,12.86,173.64,Paid
INV5EA8C950D4,CUST100067040,2025-12-11,2026-01-01,58.33,4.67,63.0,Partially Paid
INV6944709C15,CUST100071618,2025-10-26,2025-11-16,162.76,13.02,175.78,Paid
INV1F5EBD6D98,CUST100019517,2026-07-04,2026-07-25,37.07,2.97,40.04,Partially Paid
INV0FB6C347D5,CUST100081215,2026-01-23,2026-02-13,336.7,26.94,363.64,Overdue
INVABC615D9BE,CUST100077530,2025-12-04,2025-12-25,43.23,3.46,46.69,Paid
INVC473FA6D83,CUST100027784,2026-05-18,2026-06-08,182.82,14.63,197.45,Unpaid
INVF5A5473CB1,CUST100097365,2026-03-21,2026-04-11,207.59,16.61,224.2,Paid
INV5B407EF617,CUST100092320,2026-07-20,2026-08-10,391.03,31.28,422.31,Paid
INVEABCAE1DAD,CUST100021242,2025-08-25,2025-09-15,116.51,9.32,125.83,Paid
INV5D7380BFD3,CUST100089577,2026-05-10,2026-05-31,245.69,19.66,265.35,Paid
INV375B258D87,CUST100061581,2026-01-04,2026-01-25,225.18,18.01,243.19,Paid
INVE2DB98A33F,CUST100079247,2026-05-05,2026-05-26,229.61,18.37,247.98,Paid
INV341F42C116,CUST100048379,2025-11-26,2025-12-17,351.4,28.11,379.51,Paid
INVD32931F040,CUST100011513,2025-09-05,2025-09-26,33.86,2.71,36.57,Paid
INV759F6C54E5,CUST100018349,2026-04-12,2026-05-03,351.67,28.13,379.8,Overdue
INVBC3BC78403,CUST100050473,2025-08-04,2025-08-25,265.04,21.2,286.24,Paid
INV33392340C9,CUST100092591,2025-08-27,2025-09-17,179.6,14.37,193.97,Paid
INVC51E904160,CUST100046822,2026-06-12,2026-07-03,228.69,18.3,246.99,Paid
INV33F442FA61,CUST100005956,2026-03-26,2026-04-16,366.68,29.33,396.01,Paid
INV6FBC5E5523,CUST100092322,2025-09-17,2025-10-08,179.73,14.38,194.11,Paid
INV1821690C57,CUST100009226,2026-05-03,2026-05-24,170.92,13.67,184.59,Paid
INV4B059CD1AC,CUST100024202,2026-05-12,2026-06-02,92.65,7.41,100.06,Paid
INVCD2C1F401C,CUST100006952,2026-03-01,2026-03-22,305.91,24.47,330.38,Paid
INV083F2FEA66,CUST100010028,2026-03-02,2026-03-23,98.93,7.91,106.84,Unpaid
INV5823A51CED,CUST100068225,2025-10-21,2025-11-11,28.83,2.31,31.14,Paid
INVAF0F4CC237,CUST100043044,2026-03-21,2026-04-11,388.0,31.04,419.04,Paid
INV78EE2D9E17,CUST100099865,2025-09-26,2025-10-17,115.11,9.21,124.32,Paid
INV1649ABEDA6,CUST100005316,2025-08-16,2025-09-06,259.08,20.73,279.81,Paid
INVA46368D17D,CUST100081150,2025-11-20,2025-12-11,61.51,4.92,66.43,Partially Paid
INVB9B9D79661,CUST100069990,2025-12-08,2025-12-29,33.92,2.71,36.63,Paid
INVC4DA62BFDC,CUST100080980,2025-10-15,2025-11-05,271.86,21.75,293.61,Paid
INVF6938224A4,CUST100009489,2026-03-04,2026-03-25,214.74,17.18,231.92,Paid
INV6E48020B21,CUST100033621,2026-01-07,2026-01-28,256.83,20.55,277.38,Unpaid
INV97EBEB8E0E,CUST100063752,2026-01-01,2026-01-22,307.39,24.59,331.98,Paid
INVD7D17783DD,CUST100022404,2026-03-17,2026-04-07,222.66,17.81,240.47,Unpaid
INV83FAC1F546,CUST100068166,2026-01-19,2026-02-09,111.22,8.9,120.12,Partially Paid
INVAFAA48E0B2,CUST100051931,2025-12-17,2026-01-07,187.73,15.02,202.75,Unpaid
INV6784D51948,CUST100003343,2025-11-21,2025-12-12,360.03,28.8,388.83,Paid
INV36C2BD60C0,CUST100061593,2026-03-07,2026-03-28,113.36,9.07,122.43,Partially Paid
INV149C28F8D2,CUST100059612,2026-03-12,2026-04-02,57.27,4.58,61.85,Paid
INVF8CEBFB931,CUST100073484,2026-07-11,2026-08-01,262.42,20.99,283.41,Paid
INV0327A2F1BE,CUST100075123,2026-03-26,2026-04-16,311.76,24.94,336.7,Paid
INVE5AE9F2205,CUST100016949,2025-09-21,2025-10-12,98.49,7.88,106.37,Paid
INV6DFCD4E0E0,CUST100012975,2026-06-26,2026-07-17,300.72,24.06,324.78,Overdue
INV928C5CBA68,CUST100074439,2025-08-02,2025-08-23,221.14,17.69,238.83,Paid
INV43C1B37AF4,CUST100039280,2026-03-28,2026-04-18,341.57,27.33,368.9,Partially Paid
INV483683FE37,CUST100013448,2026-03-09,2026-03-30,51.84,4.15,55.99,Paid
INVFFC318AB97,CUST100004328,2025-11-22,2025-12-13,285.03,22.8,307.83,Paid
INV0FA3C5302B,CUST100075835,2025-08-13,2025-09-03,100.61,8.05,108.66,Paid
INVA3E194332A,CUST100043624,2025-09-12,2025-10-03,387.43,30.99,418.42,Partially Paid
INVB4FB9ADAAA,CUST100038837,2026-05-11,2026-06-01,334.53,26.76,361.29,Paid
INVF74B9AF290,CUST100077981,2025-10-01,2025-10-22,101.66,8.13,109.79,Unpaid
INVBE3EFB79D2,CUST100051839,2025-08-04,2025-08-25,216.55,17.32,233.87,Paid
INVBF71AFB7EF,CUST100031630,2026-04-11,2026-05-02,357.52,28.6,386.12,Unpaid
INV6C367F6939,CUST100015950,2025-11-09,2025-11-30,277.67,22.21,299.88,Paid
INV71EC118ADB,CUST100044373,2026-05-24,2026-06-14,43.07,3.45,46.52,Unpaid
INVD927D3C77A,CUST100081475,2025-09-05,2025-09-26,235.53,18.84,254.37,Paid
INV019E99F93D,CUST100025300,2025-10-17,2025-11-07,162.8,13.02,175.82,Paid
INV69B7D26D4F,CUST100031708,2026-06-04,2026-06-25,246.16,19.69,265.85,Paid
INV9A8E47C4B8,CUST100023474,2025-11-05,2025-11-26,72.58,5.81,78.39,Paid
INVF401BBA8A2,CUST100074195,2026-01-07,2026-01-28,131.24,10.5,141.74,Paid
INVBD8AA96B91,CUST100077969,2025-10-03,2025-10-24,264.07,21.13,285.2,Paid
INV534238EB65,CUST100098098,2026-05-03,2026-05-24,350.25,28.02,378.27,Paid
INV51E527A8DF,CUST100006298,2026-03-01,2026-03-22,245.39,19.63,265.02,Unpaid
INV660063B6D3,CUST100045739,2026-04-27,2026-05-18,70.57,5.65,76.22,Partially Paid
INVE4909F87E8,CUST100058575,2025-09-04,2025-09-25,206.84,16.55,223.39,Paid
INV9A800715E2,CUST100031985,2025-09-21,2025-10-12,195.98,15.68,211.66,Paid
INVBA111AA0BD,CUST100048832,2025-12-28,2026-01-18,370.89,29.67,400.56,Partially Paid
INVCF4642A860,CUST100076780,2025-08-18,2025-09-08,182.83,14.63,197.46,Paid
INV83CB0707BB,CUST100021396,2025-11-27,2025-12-18,252.32,20.19,272.51,Paid
INV4DEF163FF4,CUST100064198,2025-08-16,2025-09-06,339.19,27.14,366.33,Unpaid
INV6A4C79F060,CUST100003023,2026-02-19,2026-03-12,381.67,30.53,412.2,Paid
INV13974F9FA2,CUST100039621,2026-01-18,2026-02-08,293.23,23.46,316.69,Partially Paid
INV19D0ADD315,CUST100008634,2025-10-21,2025-11-11,360.65,28.85,389.5,Paid
INV991D7ED5D2,CUST100019339,2026-06-03,2026-06-24,332.99,26.64,359.63,Unpaid
INVC43D26E6EA,CUST100078990,2026-06-21,2026-07-12,214.15,17.13,231.28,Paid
INVF35089FA13,CUST100056690,2025-08-28,2025-09-18,205.51,16.44,221.95,Paid
INV0A331B9157,CUST100014856,2025-09-26,2025-10-17,104.89,8.39,113.28,Unpaid
INVCCD1FF5D7B,CUST100038206,2026-07-02,2026-07-23,55.24,4.42,59.66,Paid
INVE89395DAA3,CUST100057505,2026-06-23,2026-07-14,331.04,26.48,357.52,Overdue
INV12419EC849,CUST100083244,2025-12-17,2026-01-07,191.64,15.33,206.97,Paid
INV15F7C0822F,CUST100086542,2025-12-31,2026-01-21,108.78,8.7,117.48,Paid
INVD440ED2970,CUST100036818,2025-09-13,2025-10-04,345.77,27.66,373.43,Paid
INV665F2CAB20,CUST100073839,2026-05-06,2026-05-27,215.91,17.27,233.18,Paid
INV622CE2EF08,CUST100049807,2025-08-04,2025-08-25,33.79,2.7,36.49,Paid
INV5E6572BDCC,CUST100007242,2026-05-23,2026-06-13,347.13,27.77,374.9,Paid
INV7BE6B73D19,CUST100015684,2025-10-15,2025-11-05,392.24,31.38,423.62,Paid
INVB970110B5C,CUST100000518,2025-10-07,2025-10-28,396.77,31.74,428.51,Overdue
INVED97026C0C,CUST100033904,2026-01-11,2026-02-01,230.91,18.47,249.38,Unpaid
INV7E456DA59C,CUST100057888,2026-02-24,2026-03-17,269.2,21.54,290.74,Overdue
INV9ABE4D5758,CUST100017735,2025-09-09,2025-09-30,256.03,20.48,276.51,Unpaid
INVCC2D3E3166,CUST100022446,2026-07-14,2026-08-04,183.32,14.67,197.99,Paid
INV36D08D6FEA,CUST100046682,2025-12-30,2026-01-20,303.46,24.28,327.74,Overdue
INV1E95052E74,CUST100073108,2026-04-10,2026-05-01,287.26,22.98,310.24,Paid
INV45CC49A4D9,CUST100041524,2025-10-30,2025-11-20,94.36,7.55,101.91,Paid
INV46BFBA0303,CUST100014310,2026-01-12,2026-02-02,157.36,12.59,169.95,Paid
INV529F29ABA2,CUST100088653,2026-04-07,2026-04-28,60.08,4.81,64.89,Paid
INVBD5A2F76FE,CUST100082113,2026-02-12,2026-03-05,324.62,25.97,350.59,Paid
INV8DB3028211,CUST100047387,2025-09-10,2025-10-01,157.65,12.61,170.26,Partially Paid
INVF2E78BBB6A,CUST100082570,2026-05-04,2026-05-25,309.72,24.78,334.5,Partially Paid
INVDB93374C22,CUST100052352,2025-12-17,2026-01-07,381.52,30.52,412.04,Paid
INV19F5F0761A,CUST100023768,2025-11-03,2025-11-24,180.47,14.44,194.91,Unpaid
INVC153897567,CUST100034842,2025-11-17,2025-12-08,122.68,9.81,132.49,Unpaid
INV8E09509347,CUST100063895,2026-06-11,2026-07-02,104.45,8.36,112.81,Partially Paid
INV3428488EE7,CUST100066699,2026-03-08,2026-03-29,188.75,15.1,203.85,Paid
INVD85C627215,CUST100033796,2025-09-16,2025-10-07,393.76,31.5,425.26,Paid
INV2A95AAD7BD,CUST100026157,2025-11-17,2025-12-08,75.11,6.01,81.12,Overdue
INVD7F209FD0E,CUST100093736,2025-08-19,2025-09-09,47.51,3.8,51.31,Unpaid
INV7CF6EE0363,CUST100053401,2026-01-26,2026-02-16,282.86,22.63,305.49,Paid
INV5DE8EC4544,CUST100092675,2025-11-04,2025-11-25,238.5,19.08,257.58,Paid
INV069DEC0255,CUST100027497,2025-08-26,2025-09-16,356.36,28.51,384.87,Paid
INV632602A4C1,CUST100086011,2026-03-18,2026-04-08,153.85,12.31,166.16,Paid
INV57934A3ED9,CUST100015281,2026-01-09,2026-01-30,222.94,17.84,240.78,Paid
INV5E1C9C33BF,CUST100058960,2026-01-07,2026-01-28,187.12,14.97,202.09,Paid
INVC476BD92CB,CUST100037437,2026-07-04,2026-07-25,42.42,3.39,45.81,Paid
INVD81A5693A3,CUST100001126,2025-11-30,2025-12-21,127.12,10.17,137.29,Paid
INVF38728E9F8,CUST100008905,2025-11-06,2025-11-27,35.41,2.83,38.24,Overdue
INVA2FB545982,CUST100070989,2025-09-17,2025-10-08,328.48,26.28,354.76,Partially Paid
INVE65A5580D3,CUST100092127,2026-01-07,2026-01-28,170.58,13.65,184.23,Paid
INV569A16FB70,CUST100051802,2026-03-21,2026-04-11,274.63,21.97,296.6,Paid
INV6B08542693,CUST100040469,2025-11-08,2025-11-29,289.93,23.19,313.12,Unpaid
INV5B3802552A,CUST100084875,2026-03-16,2026-04-06,181.3,14.5,195.8,Overdue
INV4CDACC1F57,CUST100009703,2026-01-24,2026-02-14,68.51,5.48,73.99,Paid
INV2C4F86736F,CUST100091507,2025-09-20,2025-10-11,271.92,21.75,293.67,Paid
INV307BD5B893,CUST100019643,2026-03-18,2026-04-08,267.41,21.39,288.8,Paid
INV22D880F5C3,CUST100090259,2025-12-16,2026-01-06,267.42,21.39,288.81,Paid
INV32D38EFECB,CUST100008238,2026-03-25,2026-04-15,145.13,11.61,156.74,Unpaid
INVCC3CEB3A59,CUST100021931,2025-12-04,2025-12-25,389.87,31.19,421.06,Paid
INV317BBA9F11,CUST100070083,2026-06-12,2026-07-03,311.95,24.96,336.91,Paid
INV68DDD320E6,CUST100093095,2025-08-14,2025-09-04,197.8,15.82,213.62,Paid
INVF9389E5E71,CUST100010358,2026-05-05,2026-05-26,98.2,7.86,106.06,Paid
INVF45F150E11,CUST100025322,2025-12-28,2026-01-18,328.49,26.28,354.77,Paid
INV772BD8BE98,CUST100037518,2025-09-06,2025-09-27,89.7,7.18,96.88,Partially Paid
INV83BF222F0E,CUST100012050,2026-04-18,2026-05-09,175.28,14.02,189.3,Paid
INVC56E22075C,CUST100073114,2025-10-15,2025-11-05,174.16,13.93,188.09,Overdue
INV43196CA002,CUST100011055,2026-05-13,2026-06-03,331.86,26.55,358.41,Partially Paid
INV9C634415FF,CUST100080360,2025-08-27,2025-09-17,283.61,22.69,306.3,Overdue
INV9783175593,CUST100067798,2025-09-13,2025-10-04,326.4,26.11,352.51,Paid
INV2A3D1996DE,CUST100085708,2025-12-02,2025-12-23,99.04,7.92,106.96,Paid
INVC4F17AC2FC,CUST100071703,2025-08-01,2025-08-22,325.94,26.08,352.02,Paid
INV5D6A3B819C,CUST100046170,2026-02-22,2026-03-15,225.3,18.02,243.32,Paid
INVB9A8F0B0B2,CUST100042305,2026-02-06,2026-02-27,109.3,8.74,118.04,Paid
INV834A41775C,CUST100060087,2026-05-19,2026-06-09,241.19,19.3,260.49,Paid
INV49F9C9F200,CUST100066428,2026-06-07,2026-06-28,46.23,3.7,49.93,Paid
INV7E1AA7DD33,CUST100040992,2026-02-06,2026-02-27,237.89,19.03,256.92,Paid
INV6A5EA9374B,CUST100035701,2026-01-14,2026-02-04,71.36,5.71,77.07,Unpaid
INV108F5BD648,CUST100016724,2025-12-25,2026-01-15,231.88,18.55,250.43,Overdue
INVE283F50668,CUST100021239,2026-07-02,2026-07-23,349.92,27.99,377.91,Paid
INV8C78E1871B,CUST100027426,2026-02-08,2026-03-01,255.61,20.45,276.06,Unpaid
INVF91C5C45A8,CUST100029290,2026-05-15,2026-06-05,318.01,25.44,343.45,Paid
INV8C182AE577,CUST100093525,2026-05-10,2026-05-31,263.5,21.08,284.58,Paid
INV8340223CA8,CUST100051935,2026-01-09,2026-01-30,116.53,9.32,125.85,Partially Paid
INV584EA247D9,CUST100038415,2025-11-08,2025-11-29,71.96,5.76,77.72,Partially Paid
INV42C4370D2F,CUST100003016,2025-12-16,2026-01-06,154.92,12.39,167.31,Paid
INV6165E5A765,CUST100028763,2025-09-03,2025-09-24,185.61,14.85,200.46,Paid
INV007F804E71,CUST100096513,2025-12-07,2025-12-28,394.93,31.59,426.52,Partially Paid
INVBA565D7627,CUST100053756,2026-05-03,2026-05-24,175.58,14.05,189.63,Paid
INVBCC3226B61,CUST100084869,2026-07-23,2026-08-13,255.38,20.43,275.81,Paid
INV4A9BF07D8E,CUST100080448,2025-12-06,2025-12-27,362.45,29.0,391.45,Partially Paid
INVF233BC8416,CUST100019054,2025-08-08,2025-08-29,76.84,6.15,82.99,Overdue
INV3ADC46FCE7,CUST100034176,2026-04-05,2026-04-26,93.13,7.45,100.58,Paid
INVB8F59A5A7F,CUST100083964,2025-11-22,2025-12-13,256.31,20.5,276.81,Unpaid
INV2A95EE8074,CUST100031704,2025-12-01,2025-12-22,255.25,20.42,275.67,Paid
INVCA4A99FEDB,CUST100084945,2025-08-03,2025-08-24,314.94,25.2,340.14,Unpaid
INVBA5AFBDBC0,CUST100055580,2025-11-17,2025-12-08,173.93,13.91,187.84,Unpaid
INV6DCEE74D00,CUST100057943,2026-03-17,2026-04-07,220.79,17.66,238.45,Paid
INV2FFFE48E3A,CUST100071678,2025-12-29,2026-01-19,166.66,13.33,179.99,Partially Paid
INV4B3E828C32,CUST100084034,2026-01-14,2026-02-04,180.98,14.48,195.46,Paid
INV93C69DD0EC,CUST100095994,2026-05-01,2026-05-22,204.11,16.33,220.44,Paid
INV1008017D59,CUST100095622,2025-12-30,2026-01-20,84.96,6.8,91.76,Paid
INV09E22CDE2E,CUST100026980,2026-03-16,2026-04-06,315.82,25.27,341.09,Unpaid
INV2F3A040257,CUST100021202,2025-08-01,2025-08-22,347.65,27.81,375.46,Unpaid
INV2D2A72C1FC,CUST100016464,2025-12-01,2025-12-22,208.12,16.65,224.77,Unpaid
INV67C62F8EA6,CUST100066120,2025-10-27,2025-11-17,38.93,3.11,42.04,Paid
INVF6487EC1ED,CUST100083443,2026-03-27,2026-04-17,39.45,3.16,42.61,Paid
INV8C96139521,CUST100002829,2026-03-22,2026-04-12,396.28,31.7,427.98,Paid
INVCAC14D979D,CUST100047362,2025-08-20,2025-09-10,84.26,6.74,91.0,Overdue
INV285C254EC3,CUST100014536,2025-08-02,2025-08-23,287.45,23.0,310.45,Unpaid
INV987508957D,CUST100002388,2026-02-04,2026-02-25,176.36,14.11,190.47,Paid
INVB53C330926,CUST100012367,2026-01-07,2026-01-28,109.65,8.77,118.42,Paid
INVE188CA634F,CUST100043881,2025-08-21,2025-09-11,116.78,9.34,126.12,Paid
INV0B97508527,CUST100036070,2026-04-17,2026-05-08,103.17,8.25,111.42,Partially Paid
INV522394EC3A,CUST100085717,2026-05-01,2026-05-22,78.18,6.25,84.43,Partially Paid
INVF699A65A16,CUST100032742,2026-07-19,2026-08-09,165.16,13.21,178.37,Overdue
INV0F4408D250,CUST100076662,2025-09-11,2025-10-02,230.6,18.45,249.05,Overdue
INV76E1F14A8D,CUST100049863,2025-12-25,2026-01-15,246.88,19.75,266.63,Unpaid
INVCE94782ED3,CUST100010763,2026-03-25,2026-04-15,378.65,30.29,408.94,Paid
INVF75435DE20,CUST100005441,2026-04-26,2026-05-17,127.28,10.18,137.46,Paid
INV6809077334,CUST100069450,2025-10-20,2025-11-10,240.23,19.22,259.45,Paid
INV3432941BA9,CUST100057793,2026-06-10,2026-07-01,394.25,31.54,425.79,Paid
INV8752E0E6F2,CUST100050044,2026-05-30,2026-06-20,119.08,9.53,128.61,Overdue
INVE836A561C6,CUST100078984,2025-12-26,2026-01-16,154.81,12.38,167.19,Paid
INV0D1DAC4375,CUST100092950,2025-08-16,2025-09-06,210.08,16.81,226.89,Overdue
INV0D055D1073,CUST100037529,2026-01-06,2026-01-27,314.35,25.15,339.5,Unpaid
INV117CC17C67,CUST100076362,2025-10-05,2025-10-26,229.15,18.33,247.48,Paid
INV79336F759B,CUST100001949,2025-12-16,2026-01-06,247.28,19.78,267.06,Paid
INV030B493533,CUST100040806,2026-02-02,2026-02-23,255.73,20.46,276.19,Overdue
INVCC1108A9AC,CUST100010653,2026-05-17,2026-06-07,247.91,19.83,267.74,Partially Paid
INVB855F9F261,CUST100073803,2025-12-26,2026-01-16,346.97,27.76,374.73,Overdue
INV932A14D75E,CUST100004974,2025-11-09,2025-11-30,282.05,22.56,304.61,Overdue
INVB8AB56630E,CUST100013807,2025-10-07,2025-10-28,159.67,12.77,172.44,Unpaid
INV81AF98893B,CUST100088500,2025-11-13,2025-12-04,311.67,24.93,336.6,Overdue
INV826ABF61BB,CUST100056347,2025-11-14,2025-12-05,225.39,18.03,243.42,Unpaid
INV3A6203CE9B,CUST100058719,2025-12-02,2025-12-23,341.99,27.36,369.35,Paid
INV2AFEE5272B,CUST100039097,2026-01-17,2026-02-07,322.41,25.79,348.2,Paid
INVFC6456E03E,CUST100043080,2026-04-24,2026-05-15,369.68,29.57,399.25,Unpaid
INVA2D97B1BCA,CUST100091820,2025-10-14,2025-11-04,89.27,7.14,96.41,Paid
INV54DDC67E88,CUST100088644,2025-11-21,2025-12-12,275.75,22.06,297.81,Paid
INV15012E8BFD,CUST100091835,2026-06-07,2026-06-28,221.92,17.75,239.67,Paid
INV777F9EFE9A,CUST100017734,2026-02-05,2026-02-26,304.97,24.4,329.37,Paid
INV8C6A52C7E0,CUST100089334,2026-06-13,2026-07-04,312.16,24.97,337.13,Paid
INV5CD63D2A3D,CUST100084739,2026-03-31,2026-04-21,278.22,22.26,300.48,Overdue
INVBA5030E0FC,CUST100097014,2026-07-23,2026-08-13,87.59,7.01,94.6,Paid
INV282740A691,CUST100055904,2026-04-20,2026-05-11,39.84,3.19,43.03,Paid
INV7AA6EFE188,CUST100055254,2026-01-13,2026-02-03,175.74,14.06,189.8,Paid
INVEEAE518A37,CUST100062105,2025-11-22,2025-12-13,293.89,23.51,317.4,Overdue
INV82B06093F4,CUST100033869,2025-12-01,2025-12-22,154.1,12.33,166.43,Overdue
INV93BF4B014E,CUST100051806,2026-03-20,2026-04-10,232.42,18.59,251.01,Paid
INVA1E6007C67,CUST100095986,2025-09-17,2025-10-08,370.97,29.68,400.65,Paid
INV70B909226C,CUST100081541,2026-06-18,2026-07-09,230.36,18.43,248.79,Paid
INV2EF402B305,CUST100016991,2025-08-18,2025-09-08,193.54,15.48,209.02,Paid
INVC40F11283D,CUST100064636,2025-08-13,2025-09-03,396.6,31.73,428.33,Paid
INV0BD31F006D,CUST100012518,2025-12-07,2025-12-28,311.56,24.92,336.48,Overdue
INV605F25C253,CUST100056594,2025-09-17,2025-10-08,314.77,25.18,339.95,Paid
INVD63294E57A,CUST100031775,2026-05-28,2026-06-18,199.68,15.97,215.65,Paid
INV05710B1871,CUST100044786,2026-06-11,2026-07-02,94.96,7.6,102.56,Paid
INVC94644A20E,CUST100008210,2026-05-03,2026-05-24,244.8,19.58,264.38,Partially Paid
INVAFC307D59A,CUST100074463,2025-12-01,2025-12-22,94.25,7.54,101.79,Unpaid
INV38C2C90B5A,CUST100036988,2025-11-03,2025-11-24,51.84,4.15,55.99,Paid
INV490D494B35,CUST100059313,2025-09-08,2025-09-29,258.13,20.65,278.78,Paid
INVE32FBCF1E9,CUST100098142,2026-06-15,2026-07-06,329.61,26.37,355.98,Paid
INV741A9E183F,CUST100097182,2025-08-08,2025-08-29,102.81,8.22,111.03,Paid
INV85B367AB29,CUST100099422,2025-11-13,2025-12-04,205.34,16.43,221.77,Paid
INV381D45339D,CUST100034640,2025-09-12,2025-10-03,252.4,20.19,272.59,Unpaid
INV01A62BE19D,CUST100037315,2025-09-07,2025-09-28,50.28,4.02,54.3,Paid
INV7216D89651,CUST100070991,2026-01-10,2026-01-31,130.64,10.45,141.09,Paid
INV6CAF6A5F08,CUST100094420,2026-03-09,2026-03-30,133.49,10.68,144.17,Paid
INV70D6DE28B2,CUST100003169,2025-08-23,2025-09-13,91.39,7.31,98.7,Paid
INV3EF8E1CD74,CUST100080150,2026-04-27,2026-05-18,183.29,14.66,197.95,Paid
INVB8F83395D0,CUST100097081,2026-05-05,2026-05-26,344.7,27.58,372.28,Unpaid
INVBA8E4302A2,CUST100047934,2025-11-28,2025-12-19,332.12,26.57,358.69,Paid
INVE521846388,CUST100044812,2025-08-10,2025-08-31,353.94,28.32,382.26,Paid
INV9C6C890D30,CUST100098794,2025-09-13,2025-10-04,321.11,25.69,346.8,Paid
INVCF23F25106,CUST100034965,2026-07-18,2026-08-08,210.62,16.85,227.47,Paid
INVDE3DEEC9E5,CUST100037562,2026-04-18,2026-05-09,291.86,23.35,315.21,Paid
INVE7121BEF55,CUST100074873,2026-01-31,2026-02-21,122.76,9.82,132.58,Unpaid
INV732CA15CC5,CUST100080369,2026-04-11,2026-05-02,180.54,14.44,194.98,Unpaid
INVCCCED7DCCF,CUST100010537,2025-10-20,2025-11-10,337.43,26.99,364.42,Paid
INV9C9BAF7431,CUST100096169,2026-05-25,2026-06-15,27.6,2.21,29.81,Paid
INV1EC9E82DC8,CUST100073268,2026-05-15,2026-06-05,228.6,18.29,246.89,Paid
INV7903DF5F2C,CUST100078962,2026-01-29,2026-02-19,280.54,22.44,302.98,Paid
INVB100AC66E0,CUST100067282,2026-05-07,2026-05-28,58.01,4.64,62.65,Paid
INVA9754C6464,CUST100012817,2026-01-14,2026-02-04,157.46,12.6,170.06,Unpaid
INV3BF07EBAD7,CUST100009508,2025-09-03,2025-09-24,70.42,5.63,76.05,Paid
INVA111F99E99,CUST100041107,2025-09-13,2025-10-04,34.09,2.73,36.82,Paid
INV5AD9CD76F8,CUST100005788,2026-05-14,2026-06-04,217.12,17.37,234.49,Paid
INV13C98B563D,CUST100054084,2026-01-09,2026-01-30,194.22,15.54,209.76,Paid
INV06397BF62E,CUST100013402,2026-02-10,2026-03-03,54.71,4.38,59.09,Paid
INVCC528684AF,CUST100006602,2026-01-11,2026-02-01,163.58,13.09,176.67,Overdue
INV64AC010DF0,CUST100044475,2026-04-24,2026-05-15,51.18,4.09,55.27,Partially Paid
INVCFE64F30BB,CUST100088581,2026-03-10,2026-03-31,121.46,9.72,131.18,Paid
INV5358910FFE,CUST100017415,2025-10-28,2025-11-18,359.85,28.79,388.64,Paid
INV6A6C1F9136,CUST100024691,2026-05-29,2026-06-19,208.6,16.69,225.29,Paid
INV634CF8AA46,CUST100060927,2026-05-12,2026-06-02,295.67,23.65,319.32,Paid
INVD0BE9FF655,CUST100079289,2026-02-01,2026-02-22,237.23,18.98,256.21,Partially Paid
INV2A399EE397,CUST100045299,2026-06-14,2026-07-05,32.59,2.61,35.2,Paid
INVFD5C8721C5,CUST100011447,2025-12-23,2026-01-13,289.06,23.12,312.18,Paid
INV784DD963F2,CUST100038483,2025-08-12,2025-09-02,31.43,2.51,33.94,Unpaid
INV5A0E1654DB,CUST100044566,2026-06-09,2026-06-30,21.17,1.69,22.86,Paid
INVAE363D3464,CUST100031986,2026-06-05,2026-06-26,345.84,27.67,373.51,Unpaid
INV6D5AC8D591,CUST100082266,2025-10-10,2025-10-31,353.32,28.27,381.59,Partially Paid
INVBCB5B4B1A4,CUST100090152,2025-08-28,2025-09-18,192.17,15.37,207.54,Paid
INV3F05F59525,CUST100051957,2026-03-27,2026-04-17,343.49,27.48,370.97,Paid
INV2000B89046,CUST100089117,2026-06-29,2026-07-20,37.84,3.03,40.87,Paid
INV926AA3C581,CUST100087062,2025-09-21,2025-10-12,91.31,7.3,98.61,Paid
INV0BF0C01268,CUST100027733,2026-04-25,2026-05-16,108.04,8.64,116.68,Paid
INV5CAC24C684,CUST100002586,2026-06-15,2026-07-06,194.0,15.52,209.52,Paid
INV9988A16F0B,CUST100044603,2026-06-12,2026-07-03,163.63,13.09,176.72,Paid
INV3023BF6620,CUST100068375,2025-09-06,2025-09-27,305.09,24.41,329.5,Paid
INVB0281982B8,CUST100051730,2026-05-09,2026-05-30,326.79,26.14,352.93,Paid
INVB75079C8B8,CUST100044726,2026-03-25,2026-04-15,257.1,20.57,277.67,Unpaid
INVAF8CF2411D,CUST100029914,2026-01-30,2026-02-20,192.78,15.42,208.2,Paid
INV2D24FD4333,CUST100074309,2025-10-07,2025-10-28,212.27,16.98,229.25,Paid
INVAD337D88DC,CUST100066990,2025-11-21,2025-12-12,77.17,6.17,83.34,Paid
INV29DDC4A562,CUST100054360,2025-09-09,2025-09-30,154.35,12.35,166.7,Paid
INV1DC90DAD06,CUST100090699,2026-04-20,2026-05-11,180.09,14.41,194.5,Paid
INV7449E1A7FB,CUST100038521,2026-05-31,2026-06-21,201.97,16.16,218.13,Unpaid
INVB98316B6CE,CUST100004726,2026-01-24,2026-02-14,232.01,18.56,250.57,Unpaid
INVDB73A86CB1,CUST100009418,2025-10-12,2025-11-02,31.05,2.48,33.53,Paid
INV364D4BBDE6,CUST100074671,2026-06-19,2026-07-10,133.05,10.64,143.69,Paid
INVFF6374C108,CUST100005897,2026-04-22,2026-05-13,380.44,30.44,410.88,Unpaid
INV543625DAAF,CUST100089242,2026-04-04,2026-04-25,305.39,24.43,329.82,Partially Paid
INV8CB9B42507,CUST100095437,2026-04-15,2026-05-06,254.35,20.35,274.7,Paid
INV6FE2816537,CUST100061509,2025-11-21,2025-12-12,253.71,20.3,274.01,Paid
INV61B0E6069B,CUST100065248,2026-05-01,2026-05-22,281.64,22.53,304.17,Paid
INVDB340D11F0,CUST100049769,2025-09-29,2025-10-20,399.47,31.96,431.43,Unpaid
INV70C576AF04,CUST100080159,2026-05-27,2026-06-17,106.91,8.55,115.46,Paid
INV26539B6288,CUST100041351,2026-04-23,2026-05-14,120.17,9.61,129.78,Paid
INV24B59347CD,CUST100036407,2026-03-31,2026-04-21,213.86,17.11,230.97,Overdue
INVF58DC614D5,CUST100047656,2025-12-20,2026-01-10,259.86,20.79,280.65,Paid
INV34780CD678,CUST100018764,2026-06-07,2026-06-28,77.65,6.21,83.86,Paid
INV5076021775,CUST100054216,2025-12-16,2026-01-06,112.04,8.96,121.0,Partially Paid
INV07352BE74E,CUST100017251,2025-08-20,2025-09-10,125.55,10.04,135.59,Paid
INVB5DD107697,CUST100014910,2026-01-11,2026-02-01,113.82,9.11,122.93,Partially Paid
INV0E78051A57,CUST100042795,2026-07-18,2026-08-08,40.26,3.22,43.48,Paid
INV6A660B5B90,CUST100061667,2025-12-31,2026-01-21,254.97,20.4,275.37,Overdue
INVC721044B7B,CUST100066531,2025-10-03,2025-10-24,80.24,6.42,86.66,Paid
INV63FE0348E2,CUST100037527,2025-09-27,2025-10-18,224.13,17.93,242.06,Paid
INV5DBF000BCB,CUST100062450,2026-01-26,2026-02-16,233.83,18.71,252.54,Paid
INV952DAE707D,CUST100021258,2025-10-07,2025-10-28,295.79,23.66,319.45,Paid
INV673B45AB6D,CUST100034826,2026-07-04,2026-07-25,285.84,22.87,308.71,Paid
INVFB692D47B9,CUST100070748,2026-06-19,2026-07-10,259.95,20.8,280.75,Paid
INV9FF26AD6E2,CUST100028703,2026-03-21,2026-04-11,354.83,28.39,383.22,Partially Paid
INV18B875969B,CUST100034678,2026-05-06,2026-05-27,35.09,2.81,37.9,Paid
INV6C2068B9B2,CUST100065738,2026-06-10,2026-07-01,361.21,28.9,390.11,Partially Paid
INVE05A694690,CUST100087598,2026-01-01,2026-01-22,49.1,3.93,53.03,Unpaid
INV49BE6F2B24,CUST100037841,2026-03-19,2026-04-09,149.97,12.0,161.97,Paid
INV429B98AC95,CUST100088661,2026-07-21,2026-08-11,95.62,7.65,103.27,Overdue
INVEC419713E5,CUST100010205,2025-10-19,2025-11-09,286.63,22.93,309.56,Paid
INV2DD09BCB8B,CUST100055637,2026-07-13,2026-08-03,104.41,8.35,112.76,Unpaid
INVE480AA2AC2,CUST100025167,2025-09-19,2025-10-10,273.39,21.87,295.26,Paid
INVC2A3631B4E,CUST100099320,2026-02-16,2026-03-09,377.15,30.17,407.32,Unpaid
INV522AECB5C2,CUST100028749,2026-01-08,2026-01-29,221.07,17.69,238.76,Overdue
INV1DA2AF4D83,CUST100092145,2026-07-08,2026-07-29,277.49,22.2,299.69,Paid
INVFFBD420728,CUST100048010,2025-09-23,2025-10-14,235.94,18.88,254.82,Paid
INV915F79E4B9,CUST100086321,2025-09-03,2025-09-24,110.35,8.83,119.18,Paid
INV80BD4092DB,CUST100084535,2025-08-06,2025-08-27,178.38,14.27,192.65,Unpaid
INV95FCDD4502,CUST100045673,2026-06-27,2026-07-18,50.81,4.06,54.87,Unpaid
INV576CB85DE3,CUST100083990,2026-05-29,2026-06-19,142.55,11.4,153.95,Paid
INV82573A1FAA,CUST100067044,2026-04-21,2026-05-12,147.36,11.79,159.15,Unpaid
INVE46719FD6E,CUST100007564,2026-01-19,2026-02-09,391.82,31.35,423.17,Unpaid
INV5A607A8933,CUST100006059,2025-10-13,2025-11-03,104.22,8.34,112.56,Unpaid
INV9E02016251,CUST100039789,2026-04-07,2026-04-28,155.67,12.45,168.12,Unpaid
INV0FA72FD372,CUST100019046,2026-07-16,2026-08-06,50.8,4.06,54.86,Unpaid
INV6E28692483,CUST100022239,2025-10-24,2025-11-14,73.25,5.86,79.11,Partially Paid
INV616DE42B73,CUST100009584,2025-12-11,2026-01-01,114.87,9.19,124.06,Paid
INVB3CAA7E98F,CUST100021428,2026-05-23,2026-06-13,173.03,13.84,186.87,Partially Paid
INVEF4E025F86,CUST100007388,2025-10-13,2025-11-03,51.17,4.09,55.26,Paid
INVEBB23819CE,CUST100020042,2026-02-08,2026-03-01,180.34,14.43,194.77,Paid
INVEBCD5C4467,CUST100027558,2025-09-07,2025-09-28,364.11,29.13,393.24,Paid
INV55354D9A32,CUST100033196,2026-02-14,2026-03-07,114.17,9.13,123.3,Overdue
INV2F0B923778,CUST100080390,2026-05-11,2026-06-01,375.07,30.01,405.08,Overdue
INV4DAA445E4B,CUST100039550,2025-11-30,2025-12-21,139.31,11.14,150.45,Paid
INVF566FFFC5F,CUST100046962,2025-09-30,2025-10-21,378.41,30.27,408.68,Overdue
INVADF60CF2F4,CUST100093950,2026-01-20,2026-02-10,33.05,2.64,35.69,Unpaid
INVC81659AE1F,CUST100023615,2026-05-14,2026-06-04,249.0,19.92,268.92,Paid
INVE097CC9F6C,CUST100075883,2026-03-31,2026-04-21,375.19,30.02,405.21,Paid
INV7CD38CC4FC,CUST100024166,2025-12-15,2026-01-05,257.66,20.61,278.27,Overdue
INV4A9F7720CB,CUST100003597,2025-08-13,2025-09-03,326.71,26.14,352.85,Paid
INVBC7E940823,CUST100060807,2026-05-06,2026-05-27,133.42,10.67,144.09,Paid
INV85EE4BD8EC,CUST100065008,2026-06-10,2026-07-01,316.6,25.33,341.93,Paid
INV6DE56AAC28,CUST100090209,2025-12-25,2026-01-15,124.56,9.96,134.52,Unpaid
INV472F335A7A,CUST100053419,2025-09-25,2025-10-16,262.9,21.03,283.93,Paid
INVAB54E7E620,CUST100000340,2026-01-26,2026-02-16,142.83,11.43,154.26,Paid
INV9B8FA6C707,CUST100016880,2026-05-16,2026-06-06,358.96,28.72,387.68,Paid
INV1D30D2D6E6,CUST100084179,2025-09-03,2025-09-24,326.01,26.08,352.09,Paid
INV40D31A48FC,CUST100025212,2025-09-18,2025-10-09,70.95,5.68,76.63,Overdue
INVBBE79862AB,CUST100077229,2026-02-11,2026-03-04,117.55,9.4,126.95,Unpaid
INVEAB7C860D7,CUST100065850,2026-02-06,2026-02-27,207.56,16.6,224.16,Paid
INVF9BDEDC62E,CUST100081622,2026-03-23,2026-04-13,300.23,24.02,324.25,Paid
INVF7645C7ABF,CUST100020444,2026-03-28,2026-04-18,68.05,5.44,73.49,Paid
INV8303D7B78A,CUST100073629,2026-01-21,2026-02-11,105.25,8.42,113.67,Paid
INV69A4818165,CUST100008194,2026-04-19,2026-05-10,244.02,19.52,263.54,Overdue
INV695C06F7DB,CUST100067761,2026-03-06,2026-03-27,248.73,19.9,268.63,Paid
INVECAA5E5FAB,CUST100096918,2026-07-01,2026-07-22,55.91,4.47,60.38,Unpaid
INVD08B84F268,CUST100007758,2026-06-09,2026-06-30,393.39,31.47,424.86,Partially Paid
INVD01FE07A8C,CUST100077872,2025-09-15,2025-10-06,156.29,12.5,168.79,Paid
INV3B2F4E3187,CUST100011300,2025-12-08,2025-12-29,399.14,31.93,431.07,Paid
INV7125A72526,CUST100061374,2026-03-29,2026-04-19,22.68,1.81,24.49,Paid
INV07D48E3A27,CUST100089217,2026-04-12,2026-05-03,178.52,14.28,192.8,Partially Paid
INV2614B0A729,CUST100070032,2026-02-20,2026-03-13,256.5,20.52,277.02,Paid
INVE97788708F,CUST100022282,2025-12-18,2026-01-08,389.12,31.13,420.25,Paid
INV8A8AF46A1E,CUST100053869,2026-04-08,2026-04-29,175.43,14.03,189.46,Paid
INV0D9E9D527B,CUST100040078,2026-04-27,2026-05-18,81.03,6.48,87.51,Paid
INVCCC48FF21E,CUST100096262,2026-03-29,2026-04-19,208.46,16.68,225.14,Paid
INV18FA4A5D6B,CUST100093054,2026-06-21,2026-07-12,230.72,18.46,249.18,Paid
INV16F928A391,CUST100068481,2026-01-02,2026-01-23,290.54,23.24,313.78,Paid
INV088BD29E4C,CUST100023676,2025-09-30,2025-10-21,89.65,7.17,96.82,Partially Paid
INV8406469E9C,CUST100083646,2025-08-03,2025-08-24,79.48,6.36,85.84,Overdue
INVE5ABAAD181,CUST100016948,2026-02-22,2026-03-15,39.99,3.2,43.19,Paid
INVBD7E5DBDB3,CUST100059925,2026-03-07,2026-03-28,84.91,6.79,91.7,Paid
INVC484DE4EB9,CUST100091068,2025-12-05,2025-12-26,21.75,1.74,23.49,Paid
INV6F8EE6AB48,CUST100005520,2025-09-29,2025-10-20,250.18,20.01,270.19,Paid
INV8F5805895F,CUST100040910,2026-04-23,2026-05-14,384.12,30.73,414.85,Paid
INVE9666610C5,CUST100033669,2026-01-25,2026-02-15,217.96,17.44,235.4,Paid
INV04DA80E45B,CUST100039256,2026-06-27,2026-07-18,178.04,14.24,192.28,Partially Paid
INV7CD4DB693E,CUST100032677,2025-10-29,2025-11-19,312.48,25.0,337.48,Paid
INV02B739A785,CUST100028214,2026-04-01,2026-04-22,158.85,12.71,171.56,Paid
INV2BCCD3AC37,CUST100015477,2026-05-08,2026-05-29,131.62,10.53,142.15,Paid
INV197B7CC33F,CUST100027710,2026-05-18,2026-06-08,163.02,13.04,176.06,Paid
INV5D2D56B5F5,CUST100078813,2026-07-03,2026-07-24,187.71,15.02,202.73,Paid
INV3ACEE385CD,CUST100038919,2025-10-08,2025-10-29,399.69,31.98,431.67,Paid
INV1229484E7A,CUST100086327,2026-01-18,2026-02-08,242.11,19.37,261.48,Unpaid
INV54AFA55013,CUST100020173,2025-11-03,2025-11-24,105.24,8.42,113.66,Unpaid
INV34E3A71420,CUST100001130,2025-12-13,2026-01-03,56.95,4.56,61.51,Paid
INV8D35815590,CUST100001509,2026-06-24,2026-07-15,380.08,30.41,410.49,Overdue
INVB5E4C2BB3F,CUST100087151,2026-01-16,2026-02-06,101.77,8.14,109.91,Paid
INVEEC5359DE6,CUST100072166,2026-05-13,2026-06-03,113.41,9.07,122.48,Overdue
INVDB801747A8,CUST100032939,2026-02-19,2026-03-12,396.57,31.73,428.3,Paid
INVC2F1077BC5,CUST100070218,2026-04-25,2026-05-16,194.15,15.53,209.68,Paid
INVACC4A4E72E,CUST100009583,2025-08-03,2025-08-24,171.15,13.69,184.84,Paid
INV110EE2741C,CUST100085420,2026-02-02,2026-02-23,283.34,22.67,306.01,Paid
INV3C5CE806B3,CUST100042019,2025-10-23,2025-11-13,48.16,3.85,52.01,Overdue
INV02966BA7C1,CUST100096248,2026-03-29,2026-04-19,246.82,19.75,266.57,Unpaid
INV25DC8293E8,CUST100031316,2026-05-30,2026-06-20,335.38,26.83,362.21,Partially Paid
INV6BC5D02005,CUST100001993,2026-06-12,2026-07-03,375.18,30.01,405.19,Paid
INV786CC2440D,CUST100044374,2025-12-25,2026-01-15,214.19,17.14,231.33,Paid
INV9B3D3BFA1C,CUST100045797,2026-07-04,2026-07-25,328.64,26.29,354.93,Paid
INV552981B0ED,CUST100024560,2026-02-14,2026-03-07,151.48,12.12,163.6,Partially Paid
INV847425935F,CUST100011285,2026-05-01,2026-05-22,378.83,30.31,409.14,Unpaid
INV969D0F964D,CUST100078722,2026-04-09,2026-04-30,325.44,26.04,351.48,Paid
INV1B930C9DB9,CUST100000669,2026-01-09,2026-01-30,158.34,12.67,171.01,Unpaid
INV0C22366357,CUST100067470,2026-05-16,2026-06-06,327.51,26.2,353.71,Paid
INV80CD6ED1DD,CUST100027168,2026-02-05,2026-02-26,338.64,27.09,365.73,Overdue
INV201B56F51D,CUST100066606,2026-04-07,2026-04-28,60.81,4.86,65.67,Paid
INV565FB9E139,CUST100005413,2026-07-13,2026-08-03,332.16,26.57,358.73,Paid
INV6B9EC214AF,CUST100019397,2025-08-24,2025-09-14,180.69,14.46,195.15,Paid
INVF0D87AB162,CUST100017520,2025-11-21,2025-12-12,277.12,22.17,299.29,Paid
INV07B60CAB31,CUST100016677,2025-12-15,2026-01-05,135.93,10.87,146.8,Paid
INV4583A5552A,CUST100028040,2025-08-29,2025-09-19,284.92,22.79,307.71,Paid
INV7714404744,CUST100003840,2025-09-23,2025-10-14,153.84,12.31,166.15,Paid
INV4F28D9A7E2,CUST100095017,2025-10-03,2025-10-24,380.41,30.43,410.84,Paid
INVB4E3AA9CA3,CUST100093569,2026-06-04,2026-06-25,272.58,21.81,294.39,Paid
INV63A5D66D36,CUST100052837,2026-07-04,2026-07-25,378.49,30.28,408.77,Paid
INV4AF7FC9FEB,CUST100049341,2025-08-06,2025-08-27,208.88,16.71,225.59,Paid
INVEDD957933F,CUST100000202,2025-12-01,2025-12-22,204.0,16.32,220.32,Partially Paid
INVFDCD9B2315,CUST100017376,2025-12-28,2026-01-18,208.37,16.67,225.04,Paid
INV4ABD0F524F,CUST100036709,2026-05-01,2026-05-22,371.53,29.72,401.25,Paid
INVD88DDCE96B,CUST100024328,2025-08-31,2025-09-21,21.78,1.74,23.52,Paid
INV0EA38D97B0,CUST100065620,2026-03-07,2026-03-28,366.91,29.35,396.26,Unpaid
INV6B28E7398B,CUST100045367,2026-06-20,2026-07-11,397.34,31.79,429.13,Unpaid
INV1EFC256B28,CUST100066832,2026-06-27,2026-07-18,52.96,4.24,57.2,Partially Paid
INV632CBC7055,CUST100024106,2025-09-14,2025-10-05,21.84,1.75,23.59,Unpaid
INVE2E5A203F1,CUST100043472,2026-06-24,2026-07-15,60.21,4.82,65.03,Unpaid
INVD1BD72FDC9,CUST100072139,2026-05-11,2026-06-01,262.1,20.97,283.07,Partially Paid
INV889F46246B,CUST100033118,2025-12-09,2025-12-30,323.97,25.92,349.89,Overdue
INVDC4B9323C0,CUST100056794,2025-08-13,2025-09-03,23.34,1.87,25.21,Unpaid
INVEADF60AD41,CUST100001431,2025-09-20,2025-10-11,51.58,4.13,55.71,Paid
INV1003DB269E,CUST100063105,2026-06-28,2026-07-19,309.55,24.76,334.31,Paid
INVDF7EDC13A8,CUST100087411,2026-02-17,2026-03-10,314.98,25.2,340.18,Unpaid
INV0F1139CDA1,CUST100078193,2025-10-09,2025-10-30,186.39,14.91,201.3,Paid
INVE6259505D9,CUST100099364,2026-02-24,2026-03-17,350.11,28.01,378.12,Partially Paid
INVD419CEF6D8,CUST100049342,2025-11-03,2025-11-24,238.16,19.05,257.21,Unpaid
INV97CDE009EE,CUST100052530,2026-03-11,2026-04-01,160.04,12.8,172.84,Partially Paid
INV11CC18B764,CUST100097778,2025-12-19,2026-01-09,214.94,17.2,232.14,Paid
INV9E292799D9,CUST100040251,2025-11-15,2025-12-06,121.13,9.69,130.82,Paid
INV9107388117,CUST100005015,2026-06-27,2026-07-18,365.8,29.26,395.06,Paid
INV4FBA679158,CUST100038898,2025-08-02,2025-08-23,32.6,2.61,35.21,Unpaid
INVE4071AB693,CUST100027826,2026-04-14,2026-05-05,267.1,21.37,288.47,Paid
INV361ACFE9A0,CUST100035095,2025-10-31,2025-11-21,47.71,3.82,51.53,Overdue
INV1AAB8FDC1A,CUST100079155,2026-06-01,2026-06-22,251.85,20.15,272.0,Unpaid
INVECDFB72C10,CUST100063573,2026-06-27,2026-07-18,73.07,5.85,78.92,Paid
INVACC468584E,CUST100063483,2025-10-23,2025-11-13,284.44,22.76,307.2,Unpaid
INV75211F20C7,CUST100035789,2025-12-04,2025-12-25,390.2,31.22,421.42,Paid
INVF27E684691,CUST100034409,2025-10-11,2025-11-01,103.45,8.28,111.73,Paid
INV5AA2F07988,CUST100007169,2026-06-02,2026-06-23,243.63,19.49,263.12,Paid
INVB4BF35562A,CUST100038760,2025-08-22,2025-09-12,29.47,2.36,31.83,Paid
INV42CDE158E0,CUST100099561,2026-06-22,2026-07-13,166.38,13.31,179.69,Partially Paid
INV57496EBDA8,CUST100067646,2026-01-19,2026-02-09,252.58,20.21,272.79,Partially Paid
INV8688AAB546,CUST100022054,2025-10-30,2025-11-20,214.68,17.17,231.85,Paid
INVE7D7157B47,CUST100003676,2025-08-07,2025-08-28,310.15,24.81,334.96,Paid
INV2D263CEABE,CUST100075940,2025-08-01,2025-08-22,304.66,24.37,329.03,Paid
INVF0529061FC,CUST100024194,2026-03-31,2026-04-21,199.44,15.96,215.4,Paid
INV30ECACCE62,CUST100035200,2026-03-30,2026-04-20,309.36,24.75,334.11,Paid
INV62A4E98810,CUST100070378,2025-08-27,2025-09-17,275.02,22.0,297.02,Paid
INVD1DED0CC52,CUST100017412,2026-01-03,2026-01-24,65.36,5.23,70.59,Paid
INV346A2B7D65,CUST100044536,2026-04-03,2026-04-24,251.04,20.08,271.12,Overdue
INVCD85245111,CUST100083966,2025-09-07,2025-09-28,163.41,13.07,176.48,Paid
INVF0B04E880E,CUST100096068,2025-08-12,2025-09-02,94.71,7.58,102.29,Unpaid
INV49AA53F7B9,CUST100017892,2025-12-13,2026-01-03,243.07,19.45,262.52,Paid
INVBE365767AB,CUST100002390,2026-07-12,2026-08-02,251.21,20.1,271.31,Paid
INVB3049047D1,CUST100063277,2026-01-08,2026-01-29,156.69,12.54,169.23,Paid
INVCB6B030A26,CUST100069724,2025-09-19,2025-10-10,90.36,7.23,97.59,Paid
INV5137387C24,CUST100040398,2026-04-14,2026-05-05,331.09,26.49,357.58,Paid
INV7FEA10C900,CUST100036573,2025-08-23,2025-09-13,239.85,19.19,259.04,Overdue
INV6753001098,CUST100043809,2025-09-08,2025-09-29,259.5,20.76,280.26,Paid
INV780E3FD4FB,CUST100052478,2026-06-16,2026-07-07,315.76,25.26,341.02,Overdue
INVCAB32ABF93,CUST100080495,2025-11-28,2025-12-19,31.45,2.52,33.97,Partially Paid
INV958515E8C4,CUST100075963,2026-01-09,2026-01-30,390.13,31.21,421.34,Paid
INV00AEEE3898,CUST100084371,2026-06-24,2026-07-15,388.59,31.09,419.68,Paid
INV1E2E88DABD,CUST100017987,2026-03-13,2026-04-03,396.59,31.73,428.32,Overdue
INV4704A5F745,CUST100007550,2026-04-28,2026-05-19,168.49,13.48,181.97,Partially Paid
INVB096E6B3C7,CUST100073189,2026-05-15,2026-06-05,103.64,8.29,111.93,Paid
INVB2FCE531A7,CUST100066444,2026-01-30,2026-02-20,21.77,1.74,23.51,Partially Paid
INV78CA33D51C,CUST100099407,2025-12-23,2026-01-13,277.57,22.21,299.78,Paid
INV7EA63ED99F,CUST100022284,2026-04-24,2026-05-15,281.83,22.55,304.38,Unpaid
INV247F8466B5,CUST100085736,2025-10-03,2025-10-24,121.56,9.72,131.28,Paid
INVA2D4B5F89D,CUST100061611,2026-02-15,2026-03-08,260.44,20.84,281.28,Paid
INV0C833C3C44,CUST100099486,2026-04-07,2026-04-28,169.81,13.58,183.39,Overdue
INV86EF036072,CUST100005317,2025-10-29,2025-11-19,227.78,18.22,246.0,Paid
INV93BDAC8089,CUST100089814,2025-08-30,2025-09-20,310.15,24.81,334.96,Paid
INV0207F5EABD,CUST100097981,2025-09-25,2025-10-16,331.55,26.52,358.07,Partially Paid
INVBCEAE4F94E,CUST100023966,2026-03-22,2026-04-12,201.28,16.1,217.38,Paid
INV0EBF77E9E4,CUST100051938,2025-08-10,2025-08-31,244.76,19.58,264.34,Paid
INVD6473804D7,CUST100087725,2026-01-17,2026-02-07,218.91,17.51,236.42,Paid
INV64F189FE4E,CUST100023922,2025-08-02,2025-08-23,234.68,18.77,253.45,Overdue
INV63304148FA,CUST100086944,2026-06-17,2026-07-08,250.78,20.06,270.84,Partially Paid
INV8AACB62CB8,CUST100010280,2026-06-30,2026-07-21,231.36,18.51,249.87,Paid
INV4069B813BA,CUST100098960,2025-08-26,2025-09-16,283.72,22.7,306.42,Paid
INVE8450BA357,CUST100075293,2025-12-13,2026-01-03,244.25,19.54,263.79,Paid
INVDB79C80F8B,CUST100030314,2025-10-15,2025-11-05,209.17,16.73,225.9,Partially Paid
INV1C91EA0E6D,CUST100054157,2026-03-22,2026-04-12,260.34,20.83,281.17,Unpaid
INV04AB2F3325,CUST100075240,2026-06-05,2026-06-26,186.29,14.9,201.19,Paid
INVA948B09F91,CUST100065303,2025-08-01,2025-08-22,30.26,2.42,32.68,Unpaid
INVB1C4EE67E6,CUST100063379,2025-09-27,2025-10-18,342.11,27.37,369.48,Paid
INV74D25E4FFE,CUST100044495,2026-03-13,2026-04-03,356.56,28.52,385.08,Partially Paid
INVD963450104,CUST100017019,2026-07-15,2026-08-05,307.8,24.62,332.42,Paid
INV2890F5C724,CUST100034997,2026-06-25,2026-07-16,391.65,31.33,422.98,Partially Paid
INV8EE71F8A7E,CUST100042656,2025-11-30,2025-12-21,285.2,22.82,308.02,Unpaid
INVA48D5DA315,CUST100066366,2025-10-14,2025-11-04,296.42,23.71,320.13,Paid
INVF09C84C010,CUST100006293,2025-10-30,2025-11-20,299.14,23.93,323.07,Paid
INVCA9E270652,CUST100030086,2026-04-30,2026-05-21,54.13,4.33,58.46,Paid
INVF7BB7C0D32,CUST100069449,2026-06-16,2026-07-07,370.62,29.65,400.27,Partially Paid
INVFA9AA314B1,CUST100010385,2025-09-17,2025-10-08,117.47,9.4,126.87,Paid
INVD29A9F7328,CUST100083877,2025-08-13,2025-09-03,239.63,19.17,258.8,Overdue
INVAE7FB4ABFB,CUST100064916,2025-12-25,2026-01-15,120.65,9.65,130.3,Paid
INV9AA7B5AA8B,CUST100081747,2026-02-10,2026-03-03,353.6,28.29,381.89,Paid
INV87193E00C3,CUST100064950,2026-04-07,2026-04-28,178.01,14.24,192.25,Paid
INV14EFBA1328,CUST100030246,2026-02-11,2026-03-04,133.91,10.71,144.62,Paid
INV150E33158C,CUST100036116,2025-09-22,2025-10-13,312.7,25.02,337.72,Unpaid
INV77A71B87E8,CUST100025433,2026-05-05,2026-05-26,252.5,20.2,272.7,Paid
INV97FDBA8C5E,CUST100086899,2025-09-23,2025-10-14,133.07,10.65,143.72,Partially Paid
INV553CD4A89B,CUST100065842,2026-07-20,2026-08-10,201.66,16.13,217.79,Partially Paid
INVB62DD38ADB,CUST100072323,2026-02-09,2026-03-02,71.98,5.76,77.74,Unpaid
INV18A81C2FFB,CUST100039158,2025-11-06,2025-11-27,395.54,31.64,427.18,Paid
INV19F300EAC8,CUST100062995,2025-10-08,2025-10-29,22.24,1.78,24.02,Paid
INV97471E4E3B,CUST100072152,2025-10-28,2025-11-18,224.85,17.99,242.84,Paid
INV5131533B7A,CUST100008450,2025-12-17,2026-01-07,110.57,8.85,119.42,Overdue
INVD1355DE651,CUST100040432,2026-01-16,2026-02-06,142.98,11.44,154.42,Paid
INVA70213F5C0,CUST100057869,2025-09-01,2025-09-22,340.22,27.22,367.44,Paid
INVBC0D80B25C,CUST100090993,2026-06-05,2026-06-26,176.31,14.1,190.41,Paid
INVEF1B78FC39,CUST100075207,2026-02-15,2026-03-08,278.2,22.26,300.46,Paid
INV749B2884FE,CUST100035279,2026-01-16,2026-02-06,42.96,3.44,46.4,Paid
INVBFF86DC505,CUST100031643,2025-12-31,2026-01-21,43.19,3.46,46.65,Unpaid
INV44A322272D,CUST100072355,2025-11-29,2025-12-20,28.24,2.26,30.5,Unpaid
INVA5A89F0720,CUST100063365,2025-12-07,2025-12-28,306.32,24.51,330.83,Unpaid
INV4EF678ABF5,CUST100040576,2025-10-21,2025-11-11,233.42,18.67,252.09,Partially Paid
INV27EB12EC9E,CUST100056151,2026-03-07,2026-03-28,28.72,2.3,31.02,Unpaid
INV9A663041D9,CUST100078002,2025-12-16,2026-01-06,311.02,24.88,335.9,Partially Paid
INV5EAFA3D460,CUST100002899,2025-12-22,2026-01-12,24.74,1.98,26.72,Paid
INV2E602398AD,CUST100067561,2025-12-12,2026-01-02,175.78,14.06,189.84,Paid
INV9F982E5415,CUST100032527,2025-12-07,2025-12-28,49.19,3.94,53.13,Paid
INVE12343246E,CUST100046817,2025-12-19,2026-01-09,320.65,25.65,346.3,Paid
INVBFF6004F97,CUST100014539,2026-06-13,2026-07-04,98.94,7.92,106.86,Paid
INV572C3EDBB2,CUST100026619,2025-12-13,2026-01-03,316.28,25.3,341.58,Overdue
INVBE4B7D4699,CUST100060555,2026-03-06,2026-03-27,77.29,6.18,83.47,Paid
INV5F1866E12A,CUST100056000,2025-12-13,2026-01-03,59.07,4.73,63.8,Partially Paid
INV26328D0673,CUST100013717,2025-10-03,2025-10-24,159.63,12.77,172.4,Unpaid
INVF6A07527C5,CUST100080819,2025-11-09,2025-11-30,288.61,23.09,311.7,Unpaid
INV73B71D0498,CUST100028854,2026-05-31,2026-06-21,224.7,17.98,242.68,Paid
INVE215E72EC5,CUST100006684,2026-01-24,2026-02-14,196.34,15.71,212.05,Overdue
INV41C6722687,CUST100001605,2026-05-07,2026-05-28,246.88,19.75,266.63,Paid
INV402B39DB3F,CUST100088319,2025-10-12,2025-11-02,101.63,8.13,109.76,Paid
INVFA03B4F2A7,CUST100026267,2025-10-05,2025-10-26,157.55,12.6,170.15,Paid
INVAE2F310255,CUST100051939,2025-08-31,2025-09-21,283.12,22.65,305.77,Partially Paid
INV630CA595CB,CUST100073304,2026-02-20,2026-03-13,90.14,7.21,97.35,Overdue
INVF32D00CEF7,CUST100042672,2025-10-25,2025-11-15,71.3,5.7,77.0,Overdue
INV1DBF81FC30,CUST100069024,2026-01-19,2026-02-09,296.23,23.7,319.93,Overdue
INV79CC9836C9,CUST100040197,2025-11-27,2025-12-18,164.47,13.16,177.63,Paid
INVC79FD99B7A,CUST100062836,2025-09-05,2025-09-26,45.52,3.64,49.16,Paid
INV0E3D05E801,CUST100087009,2025-11-24,2025-12-15,387.95,31.04,418.99,Paid
INV6FB03740C7,CUST100003567,2025-12-12,2026-01-02,180.45,14.44,194.89,Unpaid
INVEEBE6C73F9,CUST100078100,2026-04-25,2026-05-16,83.05,6.64,89.69,Overdue
INV495EEFCF03,CUST100016450,2026-06-19,2026-07-10,388.64,31.09,419.73,Paid
INV53F664B609,CUST100018397,2026-04-21,2026-05-12,231.38,18.51,249.89,Overdue
INV23615B4DD6,CUST100076570,2026-06-20,2026-07-11,110.4,8.83,119.23,Paid
INV42DD190812,CUST100019594,2025-08-16,2025-09-06,76.63,6.13,82.76,Paid
INVAB5EECCDA5,CUST100048983,2025-11-02,2025-11-23,160.36,12.83,173.19,Paid
INV2624CB80BC,CUST100068109,2026-03-06,2026-03-27,328.0,26.24,354.24,Paid
INV11EB815BBF,CUST100088223,2026-04-26,2026-05-17,39.86,3.19,43.05,Paid
INV993CF6F651,CUST100026086,2026-05-04,2026-05-25,278.8,22.3,301.1,Paid
INVC70E784090,CUST100087648,2026-03-02,2026-03-23,245.67,19.65,265.32,Paid
INV62619242D0,CUST100059319,2026-05-21,2026-06-11,236.8,18.94,255.74,Paid
INVA574A1736D,CUST100060330,2025-09-25,2025-10-16,149.32,11.95,161.27,Paid
INV020606C7C9,CUST100043086,2026-01-03,2026-01-24,356.46,28.52,384.98,Paid
INVB8822B770F,CUST100019139,2025-10-01,2025-10-22,184.43,14.75,199.18,Paid
INV70564BD822,CUST100004044,2026-03-21,2026-04-11,210.28,16.82,227.1,Overdue
INV8915A4328E,CUST100011785,2026-02-14,2026-03-07,143.25,11.46,154.71,Paid
INVE3095F9A7A,CUST100082374,2025-12-27,2026-01-17,399.73,31.98,431.71,Paid
INVA98A5BF68A,CUST100072905,2025-10-24,2025-11-14,215.99,17.28,233.27,Paid
INV66CB995797,CUST100034496,2025-11-10,2025-12-01,65.0,5.2,70.2,Partially Paid
INVE22AB76D64,CUST100030012,2025-11-07,2025-11-28,227.41,18.19,245.6,Paid
INV196E7534BD,CUST100064370,2026-02-28,2026-03-21,70.56,5.64,76.2,Paid
INV18677E3709,CUST100096214,2025-11-18,2025-12-09,330.07,26.41,356.48,Paid
INV740B3E1292,CUST100088207,2026-03-31,2026-04-21,399.93,31.99,431.92,Partially Paid
INVC2B9C818BC,CUST100015002,2026-03-30,2026-04-20,267.34,21.39,288.73,Unpaid
INV552B63148C,CUST100045561,2026-01-15,2026-02-05,289.81,23.18,312.99,Paid
INVA421BF7915,CUST100092951,2025-08-20,2025-09-10,212.41,16.99,229.4,Unpaid
INV793DDD8309,CUST100016161,2026-05-31,2026-06-21,54.56,4.36,58.92,Unpaid
INVA5CA827726,CUST100067244,2026-06-17,2026-07-08,274.73,21.98,296.71,Paid
INVAC684DA908,CUST100056393,2026-03-13,2026-04-03,379.7,30.38,410.08,Unpaid
INV762035F45A,CUST100040511,2025-08-14,2025-09-04,195.04,15.6,210.64,Paid
INV4A22D23E22,CUST100038495,2025-12-03,2025-12-24,142.24,11.38,153.62,Paid
INV6099106624,CUST100092136,2025-11-11,2025-12-02,164.87,13.19,178.06,Paid
INV7BF45AC701,CUST100042423,2026-02-22,2026-03-15,327.59,26.21,353.8,Overdue
INVFD5D0D2F7F,CUST100074614,2026-06-09,2026-06-30,340.82,27.27,368.09,Overdue
INV7A13FDA4A8,CUST100003734,2025-09-30,2025-10-21,212.41,16.99,229.4,Paid
INV3640C000C5,CUST100063987,2026-06-25,2026-07-16,343.42,27.47,370.89,Partially Paid
INV293B5294F7,CUST100080988,2025-09-30,2025-10-21,236.93,18.95,255.88,Partially Paid
INV9AE90A055D,CUST100058672,2025-10-04,2025-10-25,25.26,2.02,27.28,Paid
INV003E9D5EF4,CUST100040127,2025-10-09,2025-10-30,317.62,25.41,343.03,Partially Paid
INV14298997E3,CUST100051400,2025-10-21,2025-11-11,249.36,19.95,269.31,Paid
INVADCFD84707,CUST100027782,2025-09-26,2025-10-17,289.92,23.19,313.11,Paid
INV9CAF6EA97C,CUST100051928,2026-07-22,2026-08-12,303.88,24.31,328.19,Unpaid
INVD7D976C926,CUST100023974,2026-03-06,2026-03-27,114.75,9.18,123.93,Partially Paid
INV75BF4FDAC0,CUST100041697,2026-04-02,2026-04-23,348.4,27.87,376.27,Paid
INV2FC87C6D35,CUST100034191,2026-06-08,2026-06-29,284.07,22.73,306.8,Unpaid
INVEB85EC836A,CUST100065042,2026-02-17,2026-03-10,140.18,11.21,151.39,Paid
INVE1DA38B168,CUST100074566,2026-03-20,2026-04-10,359.23,28.74,387.97,Paid
INVE00C8F9CE6,CUST100002900,2026-03-31,2026-04-21,282.07,22.57,304.64,Paid
INV4BCBB49EFA,CUST100054677,2025-11-15,2025-12-06,192.32,15.39,207.71,Paid
INV97D78A4CAA,CUST100046077,2026-04-28,2026-05-19,28.47,2.28,30.75,Paid
INV6F7C74249F,CUST100027159,2025-10-22,2025-11-12,84.59,6.77,91.36,Partially Paid
INVF92F97EE5C,CUST100031722,2026-04-01,2026-04-22,357.58,28.61,386.19,Paid
INVF82649CB59,CUST100080135,2026-01-24,2026-02-14,37.39,2.99,40.38,Unpaid
INVAFFB41B6BF,CUST100037750,2025-11-07,2025-11-28,60.88,4.87,65.75,Paid
INVBEF031EF4F,CUST100048968,2026-01-12,2026-02-02,203.27,16.26,219.53,Paid
INV4409D5AADF,CUST100037168,2026-02-26,2026-03-19,380.95,30.48,411.43,Partially Paid
INVC4DF928C81,CUST100008734,2025-09-24,2025-10-15,24.13,1.93,26.06,Partially Paid
INVE330E209CE,CUST100089178,2025-08-06,2025-08-27,116.33,9.31,125.64,Paid
INV4B4D6BCCAC,CUST100025653,2026-06-17,2026-07-08,29.12,2.33,31.45,Paid
INV554EA4D8BD,CUST100019447,2026-02-19,2026-03-12,123.94,9.92,133.86,Unpaid
INV01AAC76683,CUST100059606,2026-07-05,2026-07-26,350.17,28.01,378.18,Paid
INV7CCFB07F49,CUST100024658,2026-06-17,2026-07-08,76.22,6.1,82.32,Unpaid
INVA27ABB1019,CUST100006562,2026-03-16,2026-04-06,346.11,27.69,373.8,Paid
INV2DE71A563A,CUST100056346,2025-09-28,2025-10-19,43.26,3.46,46.72,Paid
INV246C41FE71,CUST100055160,2026-02-28,2026-03-21,191.99,15.36,207.35,Paid
INV753FB4E719,CUST100071632,2026-05-23,2026-06-13,195.15,15.61,210.76,Partially Paid
INV4DF0C437BD,CUST100077751,2026-01-09,2026-01-30,298.4,23.87,322.27,Paid
INVD3ADF1B757,CUST100053783,2025-11-20,2025-12-11,157.95,12.64,170.59,Paid
INVC5980255F0,CUST100046927,2026-03-25,2026-04-15,208.31,16.66,224.97,Partially Paid
INVD55DE26D88,CUST100044279,2026-03-08,2026-03-29,305.52,24.44,329.96,Partially Paid
INV6C61DAE429,CUST100047076,2025-08-16,2025-09-06,43.46,3.48,46.94,Paid
INV247663D3A6,CUST100010010,2026-06-29,2026-07-20,201.0,16.08,217.08,Partially Paid
INVEE79442754,CUST100077344,2026-02-08,2026-03-01,64.43,5.15,69.58,Paid
INVD536970108,CUST100025116,2026-02-09,2026-03-02,190.96,15.28,206.24,Overdue
INVBF7877461D,CUST100075091,2026-06-01,2026-06-22,172.32,13.79,186.11,Paid
INV59658C7FF5,CUST100093815,2026-03-16,2026-04-06,330.38,26.43,356.81,Paid
INVE54247E0E0,CUST100040908,2025-11-07,2025-11-28,252.69,20.22,272.91,Paid
INVF606B31B13,CUST100035857,2025-11-20,2025-12-11,371.05,29.68,400.73,Paid
INVA46DCF04D3,CUST100085571,2025-09-16,2025-10-07,29.36,2.35,31.71,Paid
INVD28EA0D76C,CUST100015773,2025-10-08,2025-10-29,245.02,19.6,264.62,Paid
INV60CADB3AE3,CUST100050179,2026-06-22,2026-07-13,328.38,26.27,354.65,Partially Paid
INV9B1814704F,CUST100031067,2026-01-19,2026-02-09,105.34,8.43,113.77,Paid
INVAFEC9A8AC1,CUST100096955,2026-04-25,2026-05-16,238.71,19.1,257.81,Paid
INVB43CC93C56,CUST100018502,2025-09-10,2025-10-01,53.22,4.26,57.48,Paid
INVAC45731338,CUST100031770,2026-04-28,2026-05-19,270.48,21.64,292.12,Paid
INVBD21243718,CUST100018961,2025-09-20,2025-10-11,173.91,13.91,187.82,Paid
INV5187C9439F,CUST100001469,2025-10-31,2025-11-21,214.4,17.15,231.55,Paid
INVD2636A236F,CUST100014747,2026-01-25,2026-02-15,20.92,1.67,22.59,Paid
INV43F6789D9F,CUST100098046,2026-01-28,2026-02-18,336.3,26.9,363.2,Paid
INVCA8EC99F46,CUST100094373,2026-07-11,2026-08-01,74.42,5.95,80.37,Paid
INV35B8019EEB,CUST100076813,2026-04-12,2026-05-03,193.5,15.48,208.98,Paid
INVC54549030A,CUST100018464,2026-05-30,2026-06-20,238.26,19.06,257.32,Partially Paid
INVE23304665E,CUST100017160,2025-09-23,2025-10-14,369.52,29.56,399.08,Paid
INV966A2E6154,CUST100022103,2026-05-04,2026-05-25,390.19,31.22,421.41,Paid
INVEC9B0D2862,CUST100005290,2026-07-03,2026-07-24,255.56,20.44,276.0,Paid
INVA2212510B8,CUST100098192,2025-08-06,2025-08-27,391.28,31.3,422.58,Paid
INVE18AD081D8,CUST100085802,2026-03-09,2026-03-30,22.79,1.82,24.61,Paid
INVAE12696F31,CUST100024494,2025-09-20,2025-10-11,280.61,22.45,303.06,Unpaid
INVB942E66665,CUST100050783,2025-10-20,2025-11-10,28.09,2.25,30.34,Paid
INV49A852FC40,CUST100096977,2025-08-20,2025-09-10,392.37,31.39,423.76,Paid
INVEA0FC53C89,CUST100008553,2025-09-02,2025-09-23,266.0,21.28,287.28,Overdue
INVAF092CAA65,CUST100023570,2026-02-08,2026-03-01,222.84,17.83,240.67,Partially Paid
INVEFD8023FE2,CUST100035291,2026-02-23,2026-03-16,148.78,11.9,160.68,Paid
INVC181524A5E,CUST100097891,2026-04-12,2026-05-03,262.17,20.97,283.14,Paid
INVEF89386EA0,CUST100072620,2025-09-21,2025-10-12,76.27,6.1,82.37,Paid
INVB42BC57A61,CUST100009700,2025-10-15,2025-11-05,351.39,28.11,379.5,Partially Paid
INVE34D0AB268,CUST100059482,2025-10-02,2025-10-23,238.5,19.08,257.58,Paid
INV9663033CE4,CUST100018603,2026-04-22,2026-05-13,44.79,3.58,48.37,Paid
INV6BB8359E62,CUST100081388,2025-11-12,2025-12-03,239.87,19.19,259.06,Partially Paid
INV49E4A4571B,CUST100051709,2026-03-06,2026-03-27,384.79,30.78,415.57,Paid
INV98E765D34C,CUST100065509,2026-04-16,2026-05-07,145.91,11.67,157.58,Unpaid
INV16B48332E3,CUST100014337,2025-08-04,2025-08-25,111.41,8.91,120.32,Paid
INV7BE4020132,CUST100052870,2025-11-24,2025-12-15,345.64,27.65,373.29,Unpaid
INVC039632F19,CUST100087774,2025-12-09,2025-12-30,141.29,11.3,152.59,Paid
INV5D9F32E0CD,CUST100017210,2026-05-03,2026-05-24,220.75,17.66,238.41,Paid
INV872D8A08F3,CUST100092871,2026-05-16,2026-06-06,154.0,12.32,166.32,Paid
INV53BF618C79,CUST100098335,2026-04-09,2026-04-30,147.3,11.78,159.08,Paid
INV395E6F111A,CUST100060444,2026-03-14,2026-04-04,210.96,16.88,227.84,Paid
INVD80A19AD5C,CUST100029935,2026-01-03,2026-01-24,174.86,13.99,188.85,Partially Paid
INVBD79CC885C,CUST100098388,2026-05-29,2026-06-19,201.41,16.11,217.52,Paid
INV4CF54C328C,CUST100070519,2026-04-12,2026-05-03,327.12,26.17,353.29,Paid
INV70C6DA797E,CUST100000011,2025-10-01,2025-10-22,325.95,26.08,352.03,Overdue
INV7B151D26BB,CUST100033377,2025-10-05,2025-10-26,346.56,27.72,374.28,Paid
INVF66D49DCE9,CUST100060480,2026-04-11,2026-05-02,386.88,30.95,417.83,Paid
INV3F65AAE45A,CUST100049352,2025-09-28,2025-10-19,32.39,2.59,34.98,Paid
INV579554EFE0,CUST100035420,2025-11-02,2025-11-23,354.21,28.34,382.55,Paid
INV2A5E224CCD,CUST100012920,2026-04-21,2026-05-12,286.47,22.92,309.39,Paid
INV59EC6CCE50,CUST100066939,2026-06-17,2026-07-08,338.29,27.06,365.35,Paid
INV788BA49B23,CUST100021857,2026-07-10,2026-07-31,360.61,28.85,389.46,Paid
INV8C66AC5FCC,CUST100044936,2026-05-07,2026-05-28,118.05,9.44,127.49,Paid
INVBF281B9B06,CUST100022858,2026-04-26,2026-05-17,337.21,26.98,364.19,Paid
INV3390765FE4,CUST100097842,2026-06-28,2026-07-19,372.61,29.81,402.42,Unpaid
INV381A3F70DF,CUST100028782,2025-09-12,2025-10-03,135.41,10.83,146.24,Paid
INVED0C1FD631,CUST100068872,2026-04-30,2026-05-21,363.5,29.08,392.58,Partially Paid
INVCA218F8DC4,CUST100064380,2025-10-20,2025-11-10,200.03,16.0,216.03,Paid
INV1363B4B441,CUST100097390,2026-06-03,2026-06-24,99.75,7.98,107.73,Paid
INV17F490A387,CUST100019859,2026-03-24,2026-04-14,344.24,27.54,371.78,Overdue
INVF533231373,CUST100091410,2026-05-09,2026-05-30,239.38,19.15,258.53,Paid
INVD0B013A05D,CUST100048100,2025-11-10,2025-12-01,151.35,12.11,163.46,Unpaid
INVF68316D099,CUST100070993,2025-08-09,2025-08-30,93.45,7.48,100.93,Overdue
INVEAEDDEAE0A,CUST100010133,2025-11-09,2025-11-30,46.47,3.72,50.19,Paid
INV044E096E4F,CUST100035483,2025-08-26,2025-09-16,256.97,20.56,277.53,Paid
INV6DE583D304,CUST100044093,2026-04-30,2026-05-21,198.86,15.91,214.77,Paid
INV291D76C945,CUST100024376,2025-08-12,2025-09-02,160.22,12.82,173.04,Paid
INV99743D1627,CUST100048807,2025-09-26,2025-10-17,178.7,14.3,193.0,Paid
INVAE99152442,CUST100039134,2026-07-04,2026-07-25,297.7,23.82,321.52,Paid
INV9E2A38E465,CUST100098072,2025-09-08,2025-09-29,352.07,28.17,380.24,Paid
INVDC8AE31DCD,CUST100050875,2026-07-21,2026-08-11,208.19,16.66,224.85,Paid
INV9ADF8B83F2,CUST100070419,2026-02-24,2026-03-17,243.27,19.46,262.73,Paid
INVE5E79C3358,CUST100005072,2025-10-18,2025-11-08,292.53,23.4,315.93,Unpaid
INV59CE25163A,CUST100028440,2026-05-26,2026-06-16,111.12,8.89,120.01,Paid
INV3403811E45,CUST100043706,2025-09-14,2025-10-05,378.5,30.28,408.78,Paid
INV7E8BEF693A,CUST100077107,2026-02-23,2026-03-16,44.34,3.55,47.89,Paid
INVB2167CDFF8,CUST100047033,2026-01-09,2026-01-30,75.65,6.05,81.7,Paid
INV70BA114927,CUST100087757,2025-09-13,2025-10-04,115.28,9.22,124.5,Paid
INV47D7E5A2AA,CUST100039563,2026-01-22,2026-02-12,35.53,2.84,38.37,Paid
INV4C36144692,CUST100043140,2025-08-07,2025-08-28,277.71,22.22,299.93,Paid
INV5C624A8970,CUST100080868,2025-09-02,2025-09-23,369.79,29.58,399.37,Paid
INVFB850EE345,CUST100074812,2025-11-30,2025-12-21,179.92,14.39,194.31,Paid
INV2449E6F295,CUST100081674,2025-10-30,2025-11-20,177.66,14.21,191.87,Paid
INV7E63181A92,CUST100083341,2026-07-04,2026-07-25,309.17,24.73,333.9,Paid
INV3C676B9D8C,CUST100042469,2026-02-03,2026-02-24,21.77,1.74,23.51,Partially Paid
INVE34F7B7C66,CUST100085208,2026-05-30,2026-06-20,45.98,3.68,49.66,Unpaid
INV6ED0A75801,CUST100007305,2026-07-06,2026-07-27,52.51,4.2,56.71,Paid
INVC46F5A8C0F,CUST100008074,2026-03-20,2026-04-10,242.01,19.36,261.37,Unpaid
INVE1CB200C79,CUST100003174,2026-06-19,2026-07-10,176.3,14.1,190.4,Overdue
INV4E2AFB665C,CUST100025481,2026-03-21,2026-04-11,293.91,23.51,317.42,Paid
INVF1EC41BE10,CUST100010542,2026-07-09,2026-07-30,43.46,3.48,46.94,Overdue
INV9C0CB322D8,CUST100062093,2025-09-24,2025-10-15,352.53,28.2,380.73,Paid
INV5CF3E06352,CUST100010464,2025-10-24,2025-11-14,74.76,5.98,80.74,Overdue
INV6BB5F8C82E,CUST100004131,2026-05-17,2026-06-07,368.55,29.48,398.03,Paid
INV93229A4748,CUST100006975,2026-06-07,2026-06-28,251.26,20.1,271.36,Paid
INV70639A701E,CUST100064316,2026-04-17,2026-05-08,239.34,19.15,258.49,Paid
INV99E7BF5BDA,CUST100027204,2025-08-13,2025-09-03,76.07,6.09,82.16,Unpaid
INVB3704E77D5,CUST100041011,2025-09-30,2025-10-21,134.68,10.77,145.45,Paid
INVCC1440E6D5,CUST100011763,2025-11-13,2025-12-04,220.76,17.66,238.42,Paid
INV6156F594B7,CUST100025209,2026-07-11,2026-08-01,243.36,19.47,262.83,Overdue
INV1FD138C77F,CUST100029444,2026-01-30,2026-02-20,107.36,8.59,115.95,Paid
INVF2041F41AF,CUST100015159,2025-12-19,2026-01-09,159.5,12.76,172.26,Unpaid
INVDCBB8D060A,CUST100042557,2026-03-16,2026-04-06,23.01,1.84,24.85,Paid
INV0A14EF27CD,CUST100047922,2026-03-07,2026-03-28,90.35,7.23,97.58,Paid
INVE630FEDD8B,CUST100048834,2026-07-05,2026-07-26,38.36,3.07,41.43,Paid
INV129D01DFF1,CUST100002557,2025-10-16,2025-11-06,203.7,16.3,220.0,Overdue
INVD606CB96EC,CUST100013998,2025-10-03,2025-10-24,297.46,23.8,321.26,Paid
INVBE8D032D5B,CUST100095575,2025-11-03,2025-11-24,69.12,5.53,74.65,Paid
INV662AFC7439,CUST100072946,2026-03-07,2026-03-28,88.4,7.07,95.47,Paid
INV7F0179256D,CUST100012550,2025-09-01,2025-09-22,228.48,18.28,246.76,Partially Paid
INV571FC801FB,CUST100059205,2025-09-16,2025-10-07,399.32,31.95,431.27,Overdue
INVEC78791C6C,CUST100066872,2026-01-29,2026-02-19,362.44,29.0,391.44,Paid
INV9921AE8123,CUST100034854,2025-09-28,2025-10-19,91.69,7.34,99.03,Overdue
INVD851EF5B79,CUST100017946,2026-05-16,2026-06-06,23.51,1.88,25.39,Paid
INVF86EF4B589,CUST100011286,2025-09-08,2025-09-29,370.46,29.64,400.1,Partially Paid
INVE5260B5D3C,CUST100093814,2026-03-27,2026-04-17,328.27,26.26,354.53,Partially Paid
INVE1E143C998,CUST100017236,2026-03-20,2026-04-10,361.67,28.93,390.6,Paid
INV947AFFF61C,CUST100089281,2025-10-19,2025-11-09,31.33,2.51,33.84,Paid
INV30C9A4D91C,CUST100087607,2026-03-20,2026-04-10,244.04,19.52,263.56,Paid
INV7E98112680,CUST100004287,2026-03-26,2026-04-16,96.85,7.75,104.6,Paid
INV88D9BCE12A,CUST100037943,2026-04-19,2026-05-10,291.25,23.3,314.55,Paid
INVE00D3FDDFA,CUST100089184,2025-10-15,2025-11-05,347.79,27.82,375.61,Paid
INV15B003FBF8,CUST100015414,2025-11-25,2025-12-16,35.25,2.82,38.07,Paid
INVD33AAE3C36,CUST100037085,2025-08-26,2025-09-16,277.84,22.23,300.07,Unpaid
INVC715649794,CUST100070095,2026-07-16,2026-08-06,255.14,20.41,275.55,Partially Paid
INVDF6B629D00,CUST100045731,2026-06-12,2026-07-03,41.75,3.34,45.09,Paid
INV1F852C1F6F,CUST100007965,2026-05-09,2026-05-30,343.76,27.5,371.26,Paid
INVDAE52F0607,CUST100057250,2025-12-15,2026-01-05,271.99,21.76,293.75,Unpaid
INV50FB3CFBAA,CUST100096749,2025-08-05,2025-08-26,350.23,28.02,378.25,Paid
INV6118398382,CUST100038740,2026-07-15,2026-08-05,327.86,26.23,354.09,Paid
INV7E1A292695,CUST100071255,2026-02-28,2026-03-21,43.26,3.46,46.72,Paid
INV75F33E6374,CUST100098418,2026-06-03,2026-06-24,182.28,14.58,196.86,Paid
INV6BF5943E9B,CUST100036532,2025-11-27,2025-12-18,335.02,26.8,361.82,Paid
INV7D929C12A1,CUST100031446,2025-10-10,2025-10-31,187.71,15.02,202.73,Overdue
INV5A63122EDC,CUST100036756,2025-10-20,2025-11-10,299.1,23.93,323.03,Paid
INV50B4180AF8,CUST100009075,2026-01-24,2026-02-14,301.75,24.14,325.89,Paid
INV25F6B1DDB7,CUST100082822,2025-09-08,2025-09-29,365.27,29.22,394.49,Overdue
INV6C2B26A259,CUST100044605,2026-05-09,2026-05-30,378.76,30.3,409.06,Paid
INV98CB58DF17,CUST100059324,2025-09-04,2025-09-25,64.95,5.2,70.15,Paid
INVD8AE5CFD5B,CUST100067903,2026-02-26,2026-03-19,103.52,8.28,111.8,Unpaid
INVB1D6F74B33,CUST100092311,2025-09-19,2025-10-10,235.5,18.84,254.34,Unpaid
INV86C71D7E01,CUST100054143,2026-05-11,2026-06-01,57.57,4.61,62.18,Unpaid
INVBB4472B368,CUST100053631,2026-04-25,2026-05-16,190.88,15.27,206.15,Paid
INV1B99B1FDD8,CUST100051017,2025-11-24,2025-12-15,271.88,21.75,293.63,Overdue
INV9E39B7FB38,CUST100067803,2026-01-06,2026-01-27,307.35,24.59,331.94,Paid
INV579BD74AB7,CUST100074299,2025-09-14,2025-10-05,128.3,10.26,138.56,Paid
INV0225D45A62,CUST100084854,2026-06-10,2026-07-01,395.02,31.6,426.62,Unpaid
INV08AC1962AB,CUST100009173,2025-09-02,2025-09-23,332.04,26.56,358.6,Paid
INV0E180C5079,CUST100070031,2026-07-11,2026-08-01,221.28,17.7,238.98,Paid
INV40BDEBEB45,CUST100001934,2025-11-27,2025-12-18,350.78,28.06,378.84,Overdue
INVABB6EE787F,CUST100042590,2026-06-13,2026-07-04,221.45,17.72,239.17,Paid
INV2ACF5F6697,CUST100042605,2026-04-12,2026-05-03,181.87,14.55,196.42,Paid
INV204D3A0111,CUST100033046,2026-03-28,2026-04-18,255.59,20.45,276.04,Paid
INV98D5602DB1,CUST100097214,2026-03-29,2026-04-19,187.01,14.96,201.97,Paid
INV638BDE98B6,CUST100056517,2025-09-05,2025-09-26,258.11,20.65,278.76,Partially Paid
INV681F845839,CUST100055096,2026-03-25,2026-04-15,36.9,2.95,39.85,Unpaid
INVCB908EDD29,CUST100045004,2025-10-13,2025-11-03,349.23,27.94,377.17,Paid
INV79B4106A74,CUST100028205,2025-08-14,2025-09-04,207.26,16.58,223.84,Paid
INV307C2F9F89,CUST100027442,2026-01-22,2026-02-12,136.3,10.9,147.2,Overdue
INV2DE9E7F6C7,CUST100097974,2025-11-04,2025-11-25,101.09,8.09,109.18,Paid
INV31249F63AE,CUST100072807,2025-08-08,2025-08-29,290.48,23.24,313.72,Paid
INV8CEC486F55,CUST100015864,2026-02-10,2026-03-03,180.64,14.45,195.09,Unpaid
INV5C93F2EE80,CUST100071686,2026-05-10,2026-05-31,93.59,7.49,101.08,Paid
INV2975808C9C,CUST100022594,2026-06-18,2026-07-09,366.14,29.29,395.43,Paid
INV6D1431A753,CUST100069718,2026-02-18,2026-03-11,147.85,11.83,159.68,Paid
INVCA61EB63B8,CUST100045092,2025-09-15,2025-10-06,283.97,22.72,306.69,Paid
INV225B9192D3,CUST100085513,2025-11-30,2025-12-21,149.26,11.94,161.2,Unpaid
INVE90A1DA967,CUST100038363,2025-08-12,2025-09-02,111.33,8.91,120.24,Paid
INV4150F52A82,CUST100069709,2025-09-10,2025-10-01,193.9,15.51,209.41,Paid
INV6859CD4ACE,CUST100048499,2026-03-25,2026-04-15,245.28,19.62,264.9,Paid
INV039AF55A7D,CUST100080932,2025-11-25,2025-12-16,50.21,4.02,54.23,Paid
INVE74EEC422A,CUST100013025,2025-12-09,2025-12-30,57.28,4.58,61.86,Paid
INV66E5538821,CUST100020288,2025-09-06,2025-09-27,130.56,10.44,141.0,Paid
INV2841C539E6,CUST100024167,2026-07-04,2026-07-25,142.82,11.43,154.25,Partially Paid
INVAFF749BC02,CUST100093933,2025-10-24,2025-11-14,86.96,6.96,93.92,Unpaid
INV9AB834E153,CUST100079992,2025-08-01,2025-08-22,327.4,26.19,353.59,Paid
INV71CAC00F15,CUST100067706,2025-08-01,2025-08-22,167.37,13.39,180.76,Unpaid
INV1297A2C3FF,CUST100072783,2026-04-28,2026-05-19,322.39,25.79,348.18,Overdue
INVD25172A31A,CUST100004204,2026-06-28,2026-07-19,184.3,14.74,199.04,Paid
INVE7489EA7B4,CUST100080309,2026-07-06,2026-07-27,380.41,30.43,410.84,Paid
INVB291D1C0ED,CUST100047244,2026-03-23,2026-04-13,326.57,26.13,352.7,Paid
INV18DC855DA8,CUST100068167,2025-11-19,2025-12-10,313.82,25.11,338.93,Paid
INV63765B8B69,CUST100028374,2025-10-10,2025-10-31,393.11,31.45,424.56,Paid
INVD5A1EBCEE8,CUST100038563,2026-03-07,2026-03-28,34.76,2.78,37.54,Paid
INVA179D99FD6,CUST100094660,2025-08-21,2025-09-11,357.65,28.61,386.26,Paid
INVA8C8E72CD6,CUST100099959,2025-10-24,2025-11-14,136.53,10.92,147.45,Paid
INV1133CBC376,CUST100064112,2026-01-02,2026-01-23,249.32,19.95,269.27,Paid
INV1E628A06C2,CUST100063322,2026-05-23,2026-06-13,218.98,17.52,236.5,Paid
INV8BB8D40D16,CUST100011037,2025-11-02,2025-11-23,32.86,2.63,35.49,Paid
INV2E5CA6532D,CUST100012775,2026-01-20,2026-02-10,270.83,21.67,292.5,Paid
INV343EF5B3F5,CUST100043017,2026-01-21,2026-02-11,208.1,16.65,224.75,Partially Paid
INVA5D4E52719,CUST100071096,2025-09-30,2025-10-21,389.63,31.17,420.8,Unpaid
INV4AC703B331,CUST100007150,2026-04-30,2026-05-21,372.08,29.77,401.85,Partially Paid
INV3F86A05D9E,CUST100018394,2026-05-20,2026-06-10,184.25,14.74,198.99,Partially Paid
INV9AB25943A2,CUST100055711,2026-04-08,2026-04-29,330.31,26.42,356.73,Paid
INVBFF26E9215,CUST100063945,2025-10-09,2025-10-30,108.67,8.69,117.36,Overdue
INV9A094E3F88,CUST100090673,2025-09-25,2025-10-16,220.55,17.64,238.19,Partially Paid
INVDD6C4368EE,CUST100093097,2026-01-29,2026-02-19,195.77,15.66,211.43,Partially Paid
INV7DF139E021,CUST100084050,2026-01-02,2026-01-23,227.8,18.22,246.02,Paid
INV411C87E07D,CUST100040848,2026-03-28,2026-04-18,377.77,30.22,407.99,Paid
INVDD72A90ECF,CUST100076283,2026-06-06,2026-06-27,372.43,29.79,402.22,Paid
INV5D1178884F,CUST100013043,2026-07-15,2026-08-05,81.75,6.54,88.29,Paid
INV7826558F88,CUST100013441,2026-02-25,2026-03-18,377.34,30.19,407.53,Paid
INV0A7AA2B28A,CUST100072335,2025-10-13,2025-11-03,241.91,19.35,261.26,Unpaid
INVC47E27BF93,CUST100097299,2026-06-30,2026-07-21,263.72,21.1,284.82,Paid
INV374D0FC8EA,CUST100004289,2025-08-24,2025-09-14,387.0,30.96,417.96,Unpaid
INV5CD35F3DB7,CUST100071452,2025-08-17,2025-09-07,255.82,20.47,276.29,Paid
INVEE360E4F36,CUST100085947,2025-11-07,2025-11-28,307.09,24.57,331.66,Paid
INVDCD4ECDE96,CUST100000362,2025-09-05,2025-09-26,317.07,25.37,342.44,Paid
INV880B53FB5B,CUST100084139,2025-08-17,2025-09-07,256.59,20.53,277.12,Overdue
INV2CBEEF381B,CUST100015009,2026-01-30,2026-02-20,291.93,23.35,315.28,Paid
INV1D4AEC0E92,CUST100036420,2026-06-07,2026-06-28,318.29,25.46,343.75,Partially Paid
INV6A36A8DBD2,CUST100040655,2026-04-18,2026-05-09,217.05,17.36,234.41,Paid
INV7A1ADD5F4A,CUST100036915,2026-03-08,2026-03-29,84.56,6.76,91.32,Paid
INV2BF9679202,CUST100042318,2025-11-13,2025-12-04,375.03,30.0,405.03,Unpaid
INV0A2AF29DC4,CUST100013176,2025-12-14,2026-01-04,224.84,17.99,242.83,Partially Paid
INV62917DEFE8,CUST100047876,2025-09-14,2025-10-05,30.03,2.4,32.43,Paid
INV0A14D94EE5,CUST100030889,2025-09-30,2025-10-21,267.97,21.44,289.41,Paid
INVC289595E18,CUST100013063,2026-05-22,2026-06-12,195.55,15.64,211.19,Overdue
INVD9473EBAC3,CUST100067714,2025-08-07,2025-08-28,83.48,6.68,90.16,Paid
INV9F1213A2C9,CUST100082153,2025-09-30,2025-10-21,380.99,30.48,411.47,Paid
INV0A7D744EDA,CUST100071939,2025-08-10,2025-08-31,389.36,31.15,420.51,Unpaid
INV236EA66A10,CUST100014980,2026-04-27,2026-05-18,361.66,28.93,390.59,Partially Paid
INV4996BFE3B6,CUST100073979,2025-08-12,2025-09-02,370.66,29.65,400.31,Paid
INV238E0353DE,CUST100057969,2026-04-07,2026-04-28,209.51,16.76,226.27,Paid
INVAB0D8C3DFF,CUST100078290,2025-11-13,2025-12-04,356.4,28.51,384.91,Unpaid
INVDBA9554001,CUST100039338,2025-10-25,2025-11-15,207.12,16.57,223.69,Unpaid
INV0A2DDE59A3,CUST100003636,2026-06-16,2026-07-07,148.41,11.87,160.28,Paid
INV1C6D8FD6E8,CUST100017073,2026-04-27,2026-05-18,359.49,28.76,388.25,Paid
INVEB9515EE70,CUST100064019,2025-09-10,2025-10-01,187.36,14.99,202.35,Unpaid
INVBEB535FEAD,CUST100089452,2026-03-11,2026-04-01,219.53,17.56,237.09,Paid
INVBC3085DC1F,CUST100034072,2026-05-23,2026-06-13,183.58,14.69,198.27,Partially Paid
INVA6FCB37C26,CUST100087180,2025-09-16,2025-10-07,87.25,6.98,94.23,Paid
INVBA3F6A2706,CUST100095908,2026-03-05,2026-03-26,343.74,27.5,371.24,Paid
INV5A17C89FAB,CUST100095547,2026-07-03,2026-07-24,69.65,5.57,75.22,Unpaid
INV7F49E4314C,CUST100022945,2025-09-29,2025-10-20,349.62,27.97,377.59,Paid
INV3C0D864A18,CUST100010090,2026-06-24,2026-07-15,128.0,10.24,138.24,Paid
INVEE636F3B63,CUST100039148,2026-03-15,2026-04-05,314.67,25.17,339.84,Paid
INVC437044BDF,CUST100018289,2025-08-28,2025-09-18,327.12,26.17,353.29,Paid
INV713F452085,CUST100046784,2025-08-03,2025-08-24,377.62,30.21,407.83,Paid
INVAE78D860CF,CUST100066325,2026-02-18,2026-03-11,110.42,8.83,119.25,Paid
INV202FB825D7,CUST100003788,2025-10-21,2025-11-11,321.88,25.75,347.63,Paid
INVA9F0696790,CUST100072971,2026-04-02,2026-04-23,266.94,21.36,288.3,Unpaid
INV191767A740,CUST100073097,2026-03-22,2026-04-12,397.6,31.81,429.41,Paid
INV43300E98F9,CUST100073675,2025-09-04,2025-09-25,224.65,17.97,242.62,Unpaid
INV0AFD7F53AB,CUST100086027,2025-10-29,2025-11-19,240.37,19.23,259.6,Paid
INV0FB71529C6,CUST100084341,2025-10-01,2025-10-22,259.65,20.77,280.42,Paid
INVD61BD742BF,CUST100062256,2026-02-27,2026-03-20,248.43,19.87,268.3,Paid
INVD737F56878,CUST100079831,2026-04-20,2026-05-11,145.36,11.63,156.99,Unpaid
INVE656696652,CUST100004807,2026-05-26,2026-06-16,259.81,20.78,280.59,Unpaid
INV8BF87B0C1E,CUST100059601,2026-03-07,2026-03-28,274.17,21.93,296.1,Partially Paid
INVD0A1C22D30,CUST100033371,2026-04-10,2026-05-01,65.92,5.27,71.19,Unpaid
INVC86F76048E,CUST100088834,2026-03-17,2026-04-07,71.65,5.73,77.38,Paid
INV4379924CEF,CUST100039223,2026-06-06,2026-06-27,143.03,11.44,154.47,Overdue
INVC90ACD7598,CUST100073559,2026-07-14,2026-08-04,36.39,2.91,39.3,Paid
INVBB6CB03A3F,CUST100059879,2025-11-18,2025-12-09,53.48,4.28,57.76,Paid
INV0CA48BAD7A,CUST100022262,2026-03-01,2026-03-22,320.79,25.66,346.45,Unpaid
INVE607EEF33F,CUST100068048,2026-03-31,2026-04-21,196.39,15.71,212.1,Paid
INV8717F1C09C,CUST100041787,2025-12-05,2025-12-26,227.06,18.16,245.22,Unpaid
INVA4AB61302C,CUST100003398,2026-07-14,2026-08-04,310.31,24.82,335.13,Paid
INV01C6104F5E,CUST100094599,2025-10-18,2025-11-08,79.54,6.36,85.9,Paid
INV85565A6E00,CUST100096369,2025-12-03,2025-12-24,127.27,10.18,137.45,Paid
INV5FC6387198,CUST100041157,2025-12-06,2025-12-27,296.73,23.74,320.47,Paid
INV5180561503,CUST100030979,2025-10-31,2025-11-21,207.82,16.63,224.45,Overdue
INV3ACDD505F0,CUST100083820,2025-08-28,2025-09-18,61.61,4.93,66.54,Paid
INVD7508CCA77,CUST100029184,2026-01-30,2026-02-20,107.5,8.6,116.1,Paid
INV263EC133C4,CUST100079924,2026-04-21,2026-05-12,350.78,28.06,378.84,Paid
INV0CE66CEE8D,CUST100071370,2026-05-18,2026-06-08,49.82,3.99,53.81,Paid
INV7AFA7B5A93,CUST100011388,2025-08-10,2025-08-31,321.05,25.68,346.73,Partially Paid
INV6580B693E0,CUST100034032,2025-08-11,2025-09-01,204.5,16.36,220.86,Paid
INV0E39441FE9,CUST100062816,2026-05-24,2026-06-14,394.92,31.59,426.51,Paid
INVA76082A446,CUST100061589,2026-06-09,2026-06-30,306.51,24.52,331.03,Paid
INVB8BAA2070B,CUST100064113,2026-04-20,2026-05-11,92.37,7.39,99.76,Paid
INV6CA0C24964,CUST100025794,2026-07-18,2026-08-08,222.77,17.82,240.59,Overdue
INV2D8577F2F2,CUST100081353,2025-08-06,2025-08-27,120.9,9.67,130.57,Paid
INV5A3643707D,CUST100038906,2026-02-26,2026-03-19,315.77,25.26,341.03,Paid
INVDA0AFB1E01,CUST100015237,2026-04-18,2026-05-09,78.7,6.3,85.0,Unpaid
INV0CE7184B8F,CUST100060743,2025-12-20,2026-01-10,341.11,27.29,368.4,Partially Paid
INV20E8704B07,CUST100077951,2026-05-16,2026-06-06,83.98,6.72,90.7,Unpaid
INV33931ECC67,CUST100013541,2026-05-14,2026-06-04,141.81,11.34,153.15,Paid
INVA1BA8FD733,CUST100001234,2026-05-11,2026-06-01,289.13,23.13,312.26,Paid
INV8C17C09B0E,CUST100018701,2026-02-14,2026-03-07,116.78,9.34,126.12,Partially Paid
INVD431EB63F7,CUST100044408,2026-05-29,2026-06-19,256.72,20.54,277.26,Paid
INVFC9EF3F1D4,CUST100083875,2025-08-20,2025-09-10,82.06,6.56,88.62,Paid
INV02C602C86D,CUST100084459,2026-02-15,2026-03-08,74.96,6.0,80.96,Paid
INVF5E6E37E1A,CUST100045183,2025-11-16,2025-12-07,212.69,17.02,229.71,Unpaid
INV4987F2B843,CUST100009493,2025-09-03,2025-09-24,159.69,12.78,172.47,Paid
INVEFB37510BA,CUST100030366,2025-08-16,2025-09-06,359.72,28.78,388.5,Paid
INVA0B7448012,CUST100041435,2025-08-20,2025-09-10,349.15,27.93,377.08,Paid
INVF4B812DED0,CUST100084573,2026-05-07,2026-05-28,38.39,3.07,41.46,Paid
INVEA1DE674CE,CUST100040230,2025-08-27,2025-09-17,74.98,6.0,80.98,Overdue
INV61F73C6FC6,CUST100041671,2026-05-02,2026-05-23,235.15,18.81,253.96,Paid
INV0210E8857D,CUST100064143,2025-11-22,2025-12-13,371.92,29.75,401.67,Paid
INV5EFB224BF0,CUST100011214,2026-07-01,2026-07-22,128.58,10.29,138.87,Paid
INV6A6D6F03E2,CUST100007834,2026-06-08,2026-06-29,90.68,7.25,97.93,Overdue
INV1CA4F03FA0,CUST100042770,2025-08-09,2025-08-30,46.65,3.73,50.38,Paid
INV02ED4B5A3D,CUST100092347,2026-06-02,2026-06-23,242.83,19.43,262.26,Paid
INV3887751D68,CUST100005271,2026-06-06,2026-06-27,304.9,24.39,329.29,Paid
INV00C2DACB3B,CUST100051778,2026-05-25,2026-06-15,90.0,7.2,97.2,Paid
INV952A471687,CUST100079091,2026-04-02,2026-04-23,391.56,31.32,422.88,Paid
INV9E3097167D,CUST100061587,2025-12-31,2026-01-21,225.65,18.05,243.7,Partially Paid
INV3E108DED46,CUST100073530,2025-12-29,2026-01-19,126.09,10.09,136.18,Unpaid
INV8AC44D498A,CUST100004607,2026-06-09,2026-06-30,311.07,24.89,335.96,Unpaid
INV9F63359FC6,CUST100020752,2025-09-19,2025-10-10,72.94,5.84,78.78,Paid
INVEAD7DCD8BB,CUST100077403,2026-07-03,2026-07-24,187.82,15.03,202.85,Paid
INVB50BDBCFC4,CUST100040464,2026-06-02,2026-06-23,121.67,9.73,131.4,Overdue
INV3676FBC67D,CUST100076433,2026-03-02,2026-03-23,175.3,14.02,189.32,Paid
INVB730422146,CUST100080960,2026-03-26,2026-04-16,338.41,27.07,365.48,Paid
INVE16F035838,CUST100016055,2025-10-20,2025-11-10,250.99,20.08,271.07,Paid
INVC8801C9FC3,CUST100044922,2026-04-29,2026-05-20,225.99,18.08,244.07,Unpaid
INVA6ECC61BCA,CUST100062249,2025-09-05,2025-09-26,77.88,6.23,84.11,Partially Paid
INVE13E2E25DB,CUST100046368,2026-05-27,2026-06-17,162.37,12.99,175.36,Paid
INV13EA3AEC36,CUST100024524,2025-10-02,2025-10-23,215.05,17.2,232.25,Paid
INV8BB1A08807,CUST100033529,2026-03-27,2026-04-17,336.01,26.88,362.89,Paid
INV61F8489237,CUST100081835,2026-01-11,2026-02-01,133.4,10.67,144.07,Unpaid
INV5E0BF1BD27,CUST100008570,2026-03-20,2026-04-10,36.8,2.94,39.74,Paid
INV4A1E10C4B9,CUST100088742,2025-09-13,2025-10-04,365.72,29.26,394.98,Unpaid
INV595E82EE7E,CUST100081555,2026-02-13,2026-03-06,132.47,10.6,143.07,Paid
INV6BB19FFD37,CUST100059549,2025-10-27,2025-11-17,101.77,8.14,109.91,Paid
INV1087053B3B,CUST100001404,2026-05-12,2026-06-02,193.27,15.46,208.73,Paid
INVD987EC7FCF,CUST100082682,2026-02-28,2026-03-21,294.89,23.59,318.48,Paid
INVAC5223A58C,CUST100006439,2025-10-23,2025-11-13,267.13,21.37,288.5,Paid
INVA4A24502DB,CUST100020035,2026-06-14,2026-07-05,361.39,28.91,390.3,Paid
INVB51B744C4C,CUST100088582,2025-08-01,2025-08-22,242.25,19.38,261.63,Paid
INV2E221007CB,CUST100057341,2025-11-03,2025-11-24,37.76,3.02,40.78,Paid
INV4BF49423B6,CUST100078578,2025-09-03,2025-09-24,354.81,28.38,383.19,Paid
INVF602B051CD,CUST100095241,2026-03-21,2026-04-11,144.08,11.53,155.61,Unpaid
INVA856BB0C06,CUST100056707,2025-08-19,2025-09-09,247.75,19.82,267.57,Paid
INVB8188F0327,CUST100037372,2025-08-28,2025-09-18,46.78,3.74,50.52,Unpaid
INVEC47A92D24,CUST100065026,2026-02-18,2026-03-11,319.95,25.6,345.55,Partially Paid
INV328B07A68C,CUST100099671,2026-04-16,2026-05-07,118.74,9.5,128.24,Unpaid
INVBDEA42CFD1,CUST100039192,2026-02-22,2026-03-15,198.32,15.87,214.19,Paid
INV97EC62B3C6,CUST100041438,2025-08-17,2025-09-07,187.51,15.0,202.51,Paid
INVFC6C383540,CUST100010284,2025-10-06,2025-10-27,78.19,6.26,84.45,Paid
INV33BE59F5C4,CUST100071420,2025-10-28,2025-11-18,394.88,31.59,426.47,Paid
INVF99057E9AF,CUST100050418,2025-09-01,2025-09-22,146.59,11.73,158.32,Unpaid
INV797E029354,CUST100039619,2025-11-12,2025-12-03,115.73,9.26,124.99,Unpaid
INVA3492EC3F8,CUST100026076,2026-04-20,2026-05-11,284.14,22.73,306.87,Paid
INV312A836F7A,CUST100033150,2025-11-04,2025-11-25,294.35,23.55,317.9,Partially Paid
INV1B3BE0AF86,CUST100045761,2025-11-03,2025-11-24,185.3,14.82,200.12,Paid
INV1E296FFC40,CUST100002112,2026-01-29,2026-02-19,54.93,4.39,59.32,Paid
INV0EBB136597,CUST100093246,2026-06-15,2026-07-06,386.89,30.95,417.84,Paid
INV313CC3145B,CUST100011362,2026-01-17,2026-02-07,142.55,11.4,153.95,Unpaid
INV51804974FE,CUST100098160,2025-08-10,2025-08-31,41.91,3.35,45.26,Partially Paid
INV3A51FDF3FF,CUST100088819,2026-05-22,2026-06-12,111.74,8.94,120.68,Paid
INV7D86CAEA1D,CUST100099532,2025-11-11,2025-12-02,239.43,19.15,258.58,Unpaid
INVC14956DED5,CUST100048172,2025-12-21,2026-01-11,24.34,1.95,26.29,Overdue
INV65C31B283C,CUST100018721,2026-01-22,2026-02-12,237.41,18.99,256.4,Paid
INV26A720F291,CUST100033972,2026-04-20,2026-05-11,303.52,24.28,327.8,Partially Paid
INV3FF285FB2F,CUST100032348,2026-01-22,2026-02-12,225.2,18.02,243.22,Overdue
INVBC7913F605,CUST100089283,2026-07-21,2026-08-11,65.99,5.28,71.27,Paid
INVDEB028B215,CUST100025812,2025-09-08,2025-09-29,366.36,29.31,395.67,Paid
INV074FF5E6CB,CUST100047180,2026-05-10,2026-05-31,319.7,25.58,345.28,Paid
INVB82A1C9E87,CUST100007471,2026-01-03,2026-01-24,117.72,9.42,127.14,Paid
INVB7F99FB915,CUST100033750,2026-03-17,2026-04-07,276.48,22.12,298.6,Paid
INVDD80F3CE8A,CUST100026217,2026-07-23,2026-08-13,230.25,18.42,248.67,Paid
INV15A582D415,CUST100076314,2026-06-07,2026-06-28,313.93,25.11,339.04,Paid
INVFE68FE1E15,CUST100023540,2026-01-14,2026-02-04,283.12,22.65,305.77,Paid
INV1C14A21D7F,CUST100070649,2025-10-06,2025-10-27,362.08,28.97,391.05,Partially Paid
INVC0CA27BB8D,CUST100000178,2025-08-02,2025-08-23,397.47,31.8,429.27,Paid
INV4E01F31569,CUST100045848,2025-12-16,2026-01-06,204.18,16.33,220.51,Paid
INVA6529A9F15,CUST100097727,2026-02-23,2026-03-16,196.66,15.73,212.39,Paid
INV7FCBAE626D,CUST100045940,2026-01-16,2026-02-06,384.2,30.74,414.94,Paid
INV63F04FBD06,CUST100017680,2025-10-02,2025-10-23,291.91,23.35,315.26,Paid
INV2A4DEBBC42,CUST100017395,2025-09-17,2025-10-08,330.13,26.41,356.54,Overdue
INV5B5EBAE4B2,CUST100020175,2026-07-19,2026-08-09,34.15,2.73,36.88,Paid
INVE622ECA63A,CUST100044090,2026-06-08,2026-06-29,63.66,5.09,68.75,Paid
INVD3EE3EE0CE,CUST100036509,2026-01-15,2026-02-05,118.69,9.5,128.19,Paid
INVE5D837FB82,CUST100055779,2026-07-15,2026-08-05,293.89,23.51,317.4,Paid
INV0D90ECCD55,CUST100053234,2026-05-04,2026-05-25,121.91,9.75,131.66,Partially Paid
INV4AF1187365,CUST100065669,2025-10-13,2025-11-03,270.8,21.66,292.46,Partially Paid
INVD73579D13E,CUST100024676,2026-07-15,2026-08-05,73.61,5.89,79.5,Unpaid
INVADBD5685D0,CUST100032220,2025-08-24,2025-09-14,242.71,19.42,262.13,Overdue
INV248493316D,CUST100058978,2026-06-23,2026-07-14,157.04,12.56,169.6,Paid
INV44DEEFE2A0,CUST100079065,2025-08-16,2025-09-06,133.0,10.64,143.64,Paid
INV63ABE1C53E,CUST100052151,2026-01-25,2026-02-15,115.99,9.28,125.27,Paid
INVC54870D6BF,CUST100058184,2025-08-18,2025-09-08,142.68,11.41,154.09,Paid
INV7509525DD3,CUST100063179,2025-11-01,2025-11-22,367.87,29.43,397.3,Paid
INVF8A9419172,CUST100067312,2026-04-05,2026-04-26,57.88,4.63,62.51,Paid
INVCA13B5D12F,CUST100065177,2025-09-06,2025-09-27,335.36,26.83,362.19,Paid
INVDDF0C4D835,CUST100061856,2026-03-03,2026-03-24,354.7,28.38,383.08,Partially Paid
INV6B53D2B6B1,CUST100006784,2025-08-25,2025-09-15,62.53,5.0,67.53,Unpaid
INV21B8BF2389,CUST100017601,2025-10-28,2025-11-18,353.45,28.28,381.73,Paid
INV2CDC00F657,CUST100064583,2026-04-18,2026-05-09,182.32,14.59,196.91,Paid
INV492A11FE54,CUST100010543,2026-03-01,2026-03-22,302.03,24.16,326.19,Paid
INV37B016F35A,CUST100051205,2026-02-16,2026-03-09,97.14,7.77,104.91,Overdue
INVD636768306,CUST100095531,2025-09-11,2025-10-02,34.94,2.8,37.74,Paid
INVC0E11DF082,CUST100088981,2026-02-24,2026-03-17,341.27,27.3,368.57,Partially Paid
INV167AF9610A,CUST100032150,2025-12-01,2025-12-22,125.99,10.08,136.07,Paid
INV2A4330C01B,CUST100003709,2026-02-05,2026-02-26,128.7,10.3,139.0,Overdue
INV0CF1D7ABFD,CUST100025016,2026-01-13,2026-02-03,357.91,28.63,386.54,Partially Paid
INVBF7C46D5DF,CUST100090932,2026-02-17,2026-03-10,397.53,31.8,429.33,Paid
INVD3682823E4,CUST100018971,2025-09-18,2025-10-09,21.39,1.71,23.1,Paid
INVEB676E6A0D,CUST100032367,2026-01-08,2026-01-29,60.18,4.81,64.99,Paid
INVFECEDFE516,CUST100009588,2026-01-27,2026-02-17,86.8,6.94,93.74,Paid
INVE3454C08EA,CUST100028069,2026-07-17,2026-08-07,389.59,31.17,420.76,Overdue
INVA213E07DF4,CUST100087187,2026-01-14,2026-02-04,236.04,18.88,254.92,Paid
INVBB2061C080,CUST100078531,2025-12-16,2026-01-06,203.58,16.29,219.87,Paid
INV31D7757F33,CUST100063203,2026-06-05,2026-06-26,327.02,26.16,353.18,Paid
INVD696CF0E09,CUST100027053,2025-08-09,2025-08-30,65.96,5.28,71.24,Paid
INV9CE32D613E,CUST100080586,2026-06-22,2026-07-13,176.0,14.08,190.08,Paid
INV1FC24B9F3C,CUST100026218,2026-01-11,2026-02-01,113.98,9.12,123.1,Unpaid
INV9EEC4645D1,CUST100084478,2026-03-28,2026-04-18,65.0,5.2,70.2,Paid
INV24EFE9AECF,CUST100051164,2025-09-05,2025-09-26,64.42,5.15,69.57,Paid
INV5633592F8A,CUST100051815,2025-12-23,2026-01-13,324.04,25.92,349.96,Paid
INV65A3D74ABC,CUST100050090,2025-09-23,2025-10-14,129.99,10.4,140.39,Paid
INV8181CDC0CA,CUST100056139,2026-03-08,2026-03-29,138.93,11.11,150.04,Unpaid
INV1B762CDDD3,CUST100031915,2025-09-05,2025-09-26,323.73,25.9,349.63,Paid
INV88F0B3270C,CUST100016053,2025-10-01,2025-10-22,193.93,15.51,209.44,Unpaid
INVC0723951D0,CUST100098805,2026-03-14,2026-04-04,135.63,10.85,146.48,Paid
INVFEAA2FF349,CUST100016334,2026-02-08,2026-03-01,204.29,16.34,220.63,Unpaid
INV8C4DCD4CB2,CUST100096572,2025-12-01,2025-12-22,334.18,26.73,360.91,Partially Paid
INVEDC1F634DC,CUST100012760,2025-10-06,2025-10-27,71.92,5.75,77.67,Partially Paid
INV9C0F53F7EF,CUST100072442,2025-08-21,2025-09-11,25.9,2.07,27.97,Partially Paid
INVCF1F1EE059,CUST100000867,2026-07-07,2026-07-28,317.84,25.43,343.27,Partially Paid
INV57B430F626,CUST100078092,2025-09-28,2025-10-19,171.55,13.72,185.27,Paid
INVEEA5126340,CUST100029072,2025-08-20,2025-09-10,397.94,31.84,429.78,Partially Paid
INV4388B5C05B,CUST100074971,2025-10-14,2025-11-04,328.13,26.25,354.38,Partially Paid
INV1626BD3944,CUST100003913,2026-03-10,2026-03-31,30.61,2.45,33.06,Paid
INVEE4752B02B,CUST100098290,2026-03-17,2026-04-07,385.92,30.87,416.79,Partially Paid
INVB20D9E25F3,CUST100009011,2026-03-02,2026-03-23,128.61,10.29,138.9,Paid
INV474DB332C8,CUST100020547,2025-12-25,2026-01-15,111.8,8.94,120.74,Unpaid
INV2C9705355E,CUST100059874,2025-09-12,2025-10-03,356.64,28.53,385.17,Unpaid
INV4816D80087,CUST100086241,2025-10-26,2025-11-16,165.75,13.26,179.01,Partially Paid
INVF8269944B9,CUST100067780,2025-09-27,2025-10-18,294.68,23.57,318.25,Partially Paid
INVBF9DE4FE2F,CUST100054613,2026-01-31,2026-02-21,365.66,29.25,394.91,Paid
INVE0F9EA71CF,CUST100070920,2025-11-09,2025-11-30,115.61,9.25,124.86,Overdue
INV36BB4C2588,CUST100030766,2025-08-03,2025-08-24,323.58,25.89,349.47,Paid
INV59883A6982,CUST100005334,2026-06-10,2026-07-01,72.73,5.82,78.55,Paid
INVB425F63946,CUST100079840,2026-05-20,2026-06-10,221.12,17.69,238.81,Unpaid
INV7B06CBCFCD,CUST100012457,2026-02-06,2026-02-27,247.28,19.78,267.06,Paid
INVDBED6418CE,CUST100064568,2026-05-17,2026-06-07,300.07,24.01,324.08,Overdue
INV74218E4F11,CUST100088844,2025-10-10,2025-10-31,295.53,23.64,319.17,Unpaid
INV20D11F277D,CUST100075879,2026-01-19,2026-02-09,127.55,10.2,137.75,Paid
INV090787FAC3,CUST100034857,2026-06-02,2026-06-23,141.76,11.34,153.1,Paid
INVC20E42B9F8,CUST100089148,2025-12-24,2026-01-14,279.91,22.39,302.3,Paid
INVE902FE3847,CUST100016311,2026-02-24,2026-03-17,134.4,10.75,145.15,Paid
INVEE46631ACD,CUST100078032,2026-04-24,2026-05-15,177.07,14.17,191.24,Partially Paid
INV3E9AB5AE59,CUST100032298,2026-05-14,2026-06-04,371.26,29.7,400.96,Paid
INV0625AB67D1,CUST100020615,2026-06-23,2026-07-14,288.86,23.11,311.97,Overdue
INV71D655BF3D,CUST100005385,2026-07-20,2026-08-10,45.98,3.68,49.66,Unpaid
INV7B09332BFB,CUST100037329,2026-05-03,2026-05-24,36.26,2.9,39.16,Paid
INVE2EEE2B072,CUST100091375,2026-01-11,2026-02-01,118.54,9.48,128.02,Paid
INVE22FDD2D3D,CUST100030151,2025-12-03,2025-12-24,122.47,9.8,132.27,Unpaid
INV2709B939BC,CUST100076255,2026-02-09,2026-03-02,310.29,24.82,335.11,Paid
INV5B8E746A08,CUST100060846,2026-04-20,2026-05-11,332.21,26.58,358.79,Paid
INV16583A0269,CUST100008594,2025-10-31,2025-11-21,124.55,9.96,134.51,Overdue
INV99DE7930C2,CUST100021813,2025-12-22,2026-01-12,109.89,8.79,118.68,Overdue
INV343D73EBB1,CUST100004096,2026-06-25,2026-07-16,314.64,25.17,339.81,Paid
INV164B7C6A3A,CUST100038286,2025-08-18,2025-09-08,303.28,24.26,327.54,Paid
INVA033708521,CUST100047237,2025-11-15,2025-12-06,312.44,25.0,337.44,Paid
INV7C1336DC49,CUST100098123,2026-02-14,2026-03-07,384.26,30.74,415.0,Partially Paid
INV30CC2F42E1,CUST100073174,2026-02-01,2026-02-22,325.47,26.04,351.51,Overdue
INVD7F67D7989,CUST100072848,2026-07-22,2026-08-12,300.39,24.03,324.42,Paid
INV435F1B5753,CUST100044534,2026-05-29,2026-06-19,108.99,8.72,117.71,Paid
INVF2E3DD6C5D,CUST100083323,2026-07-21,2026-08-11,262.23,20.98,283.21,Unpaid
INV9C149ED36A,CUST100062813,2026-01-27,2026-02-17,276.72,22.14,298.86,Overdue
INV01FC750BAD,CUST100060654,2025-08-24,2025-09-14,30.85,2.47,33.32,Paid
INV8468498CC9,CUST100002946,2025-12-28,2026-01-18,24.89,1.99,26.88,Overdue
INV4A938C412F,CUST100088676,2026-04-01,2026-04-22,266.3,21.3,287.6,Partially Paid
INV473D584434,CUST100059542,2026-02-02,2026-02-23,188.11,15.05,203.16,Paid
INVD86B9CDF24,CUST100084682,2025-11-12,2025-12-03,293.55,23.48,317.03,Partially Paid
INVEB9FAEC78C,CUST100065439,2025-09-03,2025-09-24,181.0,14.48,195.48,Paid
INV6C51759A4D,CUST100014782,2026-06-10,2026-07-01,75.74,6.06,81.8,Unpaid
INV3DF5B6F500,CUST100059062,2025-08-04,2025-08-25,290.66,23.25,313.91,Paid
INVB4313D725B,CUST100093449,2025-09-23,2025-10-14,180.24,14.42,194.66,Unpaid
INV44E7383E98,CUST100057225,2025-11-27,2025-12-18,284.92,22.79,307.71,Paid
INVDB7B6BC22F,CUST100014106,2026-07-07,2026-07-28,320.12,25.61,345.73,Paid
INV6E512561B6,CUST100033330,2026-03-24,2026-04-14,282.09,22.57,304.66,Unpaid
INV14442DC57F,CUST100035129,2026-04-26,2026-05-17,191.31,15.3,206.61,Paid
INV94CE0A83FB,CUST100057574,2026-01-04,2026-01-25,377.34,30.19,407.53,Paid
INV06E2036279,CUST100050371,2026-06-26,2026-07-17,298.96,23.92,322.88,Overdue
INVC1C07CC82E,CUST100015716,2026-02-10,2026-03-03,206.64,16.53,223.17,Unpaid
INVA13DEF6C51,CUST100072581,2025-12-08,2025-12-29,221.85,17.75,239.6,Paid
INV280F2B889D,CUST100073737,2026-02-17,2026-03-10,177.97,14.24,192.21,Paid
INV75A19B4F8E,CUST100057707,2026-05-12,2026-06-02,255.55,20.44,275.99,Partially Paid
INVF79BCC19ED,CUST100034050,2025-12-13,2026-01-03,165.95,13.28,179.23,Paid
INVBA1314DF01,CUST100058528,2026-05-17,2026-06-07,297.49,23.8,321.29,Paid
INVF5566828B6,CUST100081899,2025-10-18,2025-11-08,298.95,23.92,322.87,Paid
INV5F6013B5C2,CUST100032056,2026-04-02,2026-04-23,123.22,9.86,133.08,Paid
INVE19C62114B,CUST100020949,2026-06-29,2026-07-20,266.23,21.3,287.53,Overdue
INV84B394634F,CUST100092971,2026-04-11,2026-05-02,102.56,8.2,110.76,Paid
INVDFF37E9723,CUST100063173,2025-08-29,2025-09-19,207.46,16.6,224.06,Partially Paid
INV30AD3F7BAB,CUST100068060,2026-05-10,2026-05-31,147.24,11.78,159.02,Paid
INVF69A2A3F1B,CUST100023234,2025-10-26,2025-11-16,385.95,30.88,416.83,Partially Paid
INV9B92B8A586,CUST100099657,2026-04-29,2026-05-20,105.19,8.42,113.61,Overdue
INVE4EB5D643C,CUST100053253,2025-11-16,2025-12-07,243.45,19.48,262.93,Paid
INVC5702B818A,CUST100069589,2026-06-19,2026-07-10,98.57,7.89,106.46,Paid
INVFAEE832B8E,CUST100015860,2026-02-05,2026-02-26,37.33,2.99,40.32,Paid
INV99F9D1123A,CUST100013412,2025-11-10,2025-12-01,160.95,12.88,173.83,Unpaid
INV08A7CE2328,CUST100076369,2026-07-23,2026-08-13,277.05,22.16,299.21,Paid
INV00EBA29A69,CUST100096138,2025-09-27,2025-10-18,151.1,12.09,163.19,Unpaid
INVD217FFB4FC,CUST100037449,2025-12-01,2025-12-22,382.12,30.57,412.69,Paid
INV075A658877,CUST100059019,2026-05-26,2026-06-16,275.77,22.06,297.83,Paid
INV7EAF303361,CUST100096406,2026-03-12,2026-04-02,27.8,2.22,30.02,Overdue
INV0713911CA9,CUST100024893,2026-02-23,2026-03-16,237.69,19.02,256.71,Paid
INV283EBC2F40,CUST100073261,2026-04-15,2026-05-06,331.39,26.51,357.9,Paid
INV95527F94F1,CUST100029722,2026-03-04,2026-03-25,336.78,26.94,363.72,Partially Paid
INVE201073ED1,CUST100024048,2026-06-05,2026-06-26,219.3,17.54,236.84,Paid
INVB975914D37,CUST100057175,2026-07-04,2026-07-25,180.47,14.44,194.91,Partially Paid
INVB5A14AE961,CUST100062281,2026-01-23,2026-02-13,209.51,16.76,226.27,Paid
INVC899C1F4C3,CUST100026754,2026-01-01,2026-01-22,177.3,14.18,191.48,Paid
INV7C1D1DC746,CUST100054950,2025-12-31,2026-01-21,21.18,1.69,22.87,Partially Paid
INV3E38D27EBD,CUST100076940,2025-09-10,2025-10-01,207.35,16.59,223.94,Paid
INV480EA16A35,CUST100092687,2026-02-25,2026-03-18,339.01,27.12,366.13,Unpaid
INV87115E2468,CUST100081771,2026-06-21,2026-07-12,119.68,9.57,129.25,Paid
INV25C200AB43,CUST100093251,2025-08-30,2025-09-20,371.56,29.72,401.28,Paid
INV8BAD09EFEF,CUST100088252,2026-01-24,2026-02-14,121.81,9.74,131.55,Paid
INV376B68EE71,CUST100053580,2026-01-29,2026-02-19,349.45,27.96,377.41,Unpaid
INV440775690B,CUST100044525,2025-08-22,2025-09-12,277.35,22.19,299.54,Overdue
INV499241E5FB,CUST100066089,2026-03-03,2026-03-24,165.94,13.28,179.22,Unpaid
INVE53D5AB086,CUST100036971,2026-05-22,2026-06-12,59.92,4.79,64.71,Paid
INV9089A70434,CUST100016546,2026-02-04,2026-02-25,61.37,4.91,66.28,Overdue
INVB745FD43B7,CUST100008044,2026-04-05,2026-04-26,67.42,5.39,72.81,Paid
INV70D5EFF97C,CUST100004816,2026-04-19,2026-05-10,124.18,9.93,134.11,Paid
INV7A77A03BE6,CUST100001087,2026-01-11,2026-02-01,55.63,4.45,60.08,Paid
INV70EC201A66,CUST100066609,2025-12-04,2025-12-25,20.16,1.61,21.77,Paid
INV68A35010F3,CUST100051922,2025-10-21,2025-11-11,217.86,17.43,235.29,Partially Paid
INV8D00367CC9,CUST100059478,2026-03-18,2026-04-08,95.46,7.64,103.1,Paid
INVB0F502DFEA,CUST100026425,2025-09-03,2025-09-24,79.91,6.39,86.3,Overdue
INV8DE55F53E6,CUST100060963,2025-12-20,2026-01-10,212.91,17.03,229.94,Unpaid
INVC3FA0167FC,CUST100076697,2025-08-02,2025-08-23,169.44,13.56,183.0,Unpaid
INV80356C6919,CUST100000427,2025-10-01,2025-10-22,284.32,22.75,307.07,Paid
INV95963C482C,CUST100046071,2026-07-23,2026-08-13,97.0,7.76,104.76,Paid
INV6810C0A8A9,CUST100083487,2025-10-10,2025-10-31,57.09,4.57,61.66,Partially Paid
INV08A9DB7A5C,CUST100086969,2025-10-22,2025-11-12,251.81,20.14,271.95,Paid
INV0BBAD55C26,CUST100039274,2026-01-18,2026-02-08,151.08,12.09,163.17,Paid
INVF4FB6F9F4F,CUST100065677,2026-01-19,2026-02-09,50.64,4.05,54.69,Paid
INV81C919BC9D,CUST100062568,2026-06-21,2026-07-12,153.66,12.29,165.95,Paid
INVE53FE07A5A,CUST100073897,2026-04-14,2026-05-05,342.02,27.36,369.38,Paid
INV882AE0F6FF,CUST100081729,2025-08-02,2025-08-23,240.47,19.24,259.71,Unpaid
INVFF3310E449,CUST100048917,2025-08-01,2025-08-22,66.52,5.32,71.84,Paid
INVF11C6C52C3,CUST100061920,2025-12-27,2026-01-17,368.55,29.48,398.03,Overdue
INV40DF13769B,CUST100043893,2026-06-14,2026-07-05,74.98,6.0,80.98,Paid
INV744D3BFCCC,CUST100079876,2025-08-21,2025-09-11,387.38,30.99,418.37,Paid
INVA39E11C063,CUST100095064,2026-01-15,2026-02-05,253.16,20.25,273.41,Unpaid
INV927ECAAEB5,CUST100080401,2025-10-07,2025-10-28,284.09,22.73,306.82,Overdue
INV75E077FEA2,CUST100036340,2026-06-27,2026-07-18,315.33,25.23,340.56,Paid
INV5BAB0E1B27,CUST100004690,2025-11-25,2025-12-16,334.19,26.74,360.93,Paid
INVBFC82846A7,CUST100008834,2025-10-25,2025-11-15,316.44,25.32,341.76,Overdue
INVAE026A5A7A,CUST100062006,2025-09-03,2025-09-24,218.88,17.51,236.39,Paid
INVB7D94B4863,CUST100093745,2025-11-23,2025-12-14,67.25,5.38,72.63,Paid
INVBEE7CB1D5D,CUST100043317,2025-10-06,2025-10-27,82.9,6.63,89.53,Paid
INV68EEB45218,CUST100041369,2025-09-15,2025-10-06,49.62,3.97,53.59,Paid
INV9D89B90ED8,CUST100021122,2025-10-11,2025-11-01,191.29,15.3,206.59,Paid
INV8CAA9D0892,CUST100088685,2026-02-06,2026-02-27,129.39,10.35,139.74,Paid
INV11F658607E,CUST100097133,2025-11-20,2025-12-11,20.8,1.66,22.46,Paid
INV947EE488C6,CUST100011187,2025-08-20,2025-09-10,199.28,15.94,215.22,Paid
INVE142463290,CUST100076845,2025-10-30,2025-11-20,318.06,25.44,343.5,Paid
INV6058002FE4,CUST100097478,2025-09-01,2025-09-22,298.85,23.91,322.76,Unpaid
INV5172B10A40,CUST100074946,2026-03-15,2026-04-05,209.03,16.72,225.75,Paid
INV3AC9CC0AFA,CUST100047880,2026-07-07,2026-07-28,81.78,6.54,88.32,Paid
INVC5A892ECB6,CUST100087526,2025-10-10,2025-10-31,196.35,15.71,212.06,Paid
INV00626C551F,CUST100075333,2026-02-02,2026-02-23,21.23,1.7,22.93,Partially Paid
INVB5824EC8DF,CUST100046306,2026-01-30,2026-02-20,52.92,4.23,57.15,Overdue
INV0F6157EE03,CUST100099314,2026-01-23,2026-02-13,268.52,21.48,290.0,Paid
INV3C131A5DD3,CUST100042588,2025-08-18,2025-09-08,154.3,12.34,166.64,Paid
INVC6032BC28E,CUST100057647,2026-03-27,2026-04-17,331.38,26.51,357.89,Partially Paid
INV443859E0F5,CUST100039494,2025-09-18,2025-10-09,77.98,6.24,84.22,Paid
INVF32D4BE4DE,CUST100053784,2026-07-21,2026-08-11,187.08,14.97,202.05,Overdue
INV26D81ADBEA,CUST100056182,2026-05-11,2026-06-01,187.68,15.01,202.69,Unpaid
INVD6F484C191,CUST100043155,2025-10-22,2025-11-12,145.57,11.65,157.22,Paid
INVBBE60A632C,CUST100090506,2026-02-20,2026-03-13,307.74,24.62,332.36,Paid
INV6B3EB2D8C4,CUST100067968,2026-07-10,2026-07-31,140.22,11.22,151.44,Unpaid
INV5B47AB2164,CUST100077010,2026-04-26,2026-05-17,393.92,31.51,425.43,Paid
INVD50EACE26A,CUST100004396,2025-10-10,2025-10-31,295.1,23.61,318.71,Partially Paid
INV0F560383E5,CUST100021010,2026-02-01,2026-02-22,226.89,18.15,245.04,Paid
INV3628D7FD27,CUST100090363,2026-01-26,2026-02-16,196.31,15.7,212.01,Paid
INV062ADFE318,CUST100069772,2025-09-24,2025-10-15,331.09,26.49,357.58,Partially Paid
INV5F5D9EE6BC,CUST100067745,2026-03-17,2026-04-07,149.27,11.94,161.21,Paid
INVE4ED61FB08,CUST100046072,2026-06-17,2026-07-08,277.47,22.2,299.67,Paid
INV29D11044FB,CUST100032504,2025-12-16,2026-01-06,45.51,3.64,49.15,Unpaid
INV0CD8FEA59C,CUST100057183,2025-10-20,2025-11-10,330.01,26.4,356.41,Paid
INV7C4E600D04,CUST100054532,2026-01-22,2026-02-12,340.41,27.23,367.64,Paid
INV236FCCB30D,CUST100032259,2026-02-21,2026-03-14,281.82,22.55,304.37,Partially Paid
INV44A66F5438,CUST100016381,2025-08-21,2025-09-11,189.03,15.12,204.15,Overdue
INVBB59C7491B,CUST100068775,2026-02-27,2026-03-20,213.16,17.05,230.21,Unpaid
INV24C8D02713,CUST100046929,2025-09-04,2025-09-25,202.63,16.21,218.84,Paid
INVAF5D63D459,CUST100019254,2026-03-30,2026-04-20,132.59,10.61,143.2,Paid
INVF15E1C7098,CUST100008791,2026-06-20,2026-07-11,177.95,14.24,192.19,Unpaid
INV7CD8942BBB,CUST100091139,2026-03-11,2026-04-01,135.79,10.86,146.65,Paid
INVADAB16F8F5,CUST100063519,2025-09-14,2025-10-05,299.45,23.96,323.41,Paid
INV7028B3CA62,CUST100038769,2025-09-25,2025-10-16,22.57,1.81,24.38,Paid
INV649D129964,CUST100042906,2026-05-24,2026-06-14,345.56,27.64,373.2,Unpaid
INVA001DF2729,CUST100088426,2025-09-01,2025-09-22,58.39,4.67,63.06,Paid
INV5E534D362F,CUST100043757,2026-02-03,2026-02-24,21.27,1.7,22.97,Paid
INV5A159C9236,CUST100082036,2025-08-17,2025-09-07,323.15,25.85,349.0,Overdue
INV6B9EB8DE32,CUST100051134,2025-08-01,2025-08-22,31.65,2.53,34.18,Paid
INVF257DB15F7,CUST100053068,2026-06-13,2026-07-04,282.89,22.63,305.52,Paid
INVF9DDCD5C9C,CUST100049263,2026-02-22,2026-03-15,184.26,14.74,199.0,Paid
INV70F8CA6257,CUST100058062,2026-01-03,2026-01-24,184.97,14.8,199.77,Paid
INV1E6E017C9A,CUST100050898,2026-06-06,2026-06-27,314.29,25.14,339.43,Paid
INV34EE9ECD8C,CUST100054992,2025-11-21,2025-12-12,301.22,24.1,325.32,Paid
INVEB01D4A441,CUST100084923,2025-09-27,2025-10-18,248.59,19.89,268.48,Paid
INV911BAFE0AE,CUST100033236,2025-11-02,2025-11-23,73.69,5.9,79.59,Paid
INV0FEA282389,CUST100049028,2025-12-02,2025-12-23,356.37,28.51,384.88,Paid
INV5A0722B50C,CUST100018134,2025-11-21,2025-12-12,296.48,23.72,320.2,Paid
INV06411AE852,CUST100005041,2026-01-27,2026-02-17,214.25,17.14,231.39,Paid
INV383F6F26A6,CUST100076831,2025-08-09,2025-08-30,171.89,13.75,185.64,Paid
INV1A8966A657,CUST100083961,2026-03-16,2026-04-06,321.12,25.69,346.81,Overdue
INVDF16A52E3F,CUST100065326,2025-11-29,2025-12-20,53.88,4.31,58.19,Unpaid
INVFF365F3CBF,CUST100051183,2026-02-09,2026-03-02,281.81,22.54,304.35,Paid
INVF27956FE01,CUST100049232,2026-02-17,2026-03-10,268.15,21.45,289.6,Overdue
INV4B8066513C,CUST100099203,2025-09-16,2025-10-07,260.92,20.87,281.79,Paid
INV29D5444293,CUST100029905,2025-10-13,2025-11-03,379.08,30.33,409.41,Paid
INV9D93989B9C,CUST100095526,2025-11-15,2025-12-06,293.35,23.47,316.82,Paid
INVE9A86688AD,CUST100041026,2026-06-13,2026-07-04,98.99,7.92,106.91,Paid
INVDFE844E4F6,CUST100099823,2025-10-22,2025-11-12,317.94,25.44,343.38,Paid
INV216F6D44E3,CUST100087979,2025-09-06,2025-09-27,326.56,26.12,352.68,Paid
INV3E02313D8A,CUST100008682,2025-11-16,2025-12-07,45.85,3.67,49.52,Overdue
INVD331AEC19C,CUST100006593,2025-09-12,2025-10-03,330.76,26.46,357.22,Unpaid
INV60D03876DA,CUST100027817,2025-08-01,2025-08-22,335.95,26.88,362.83,Partially Paid
INV9A9B85D370,CUST100091683,2026-05-10,2026-05-31,354.8,28.38,383.18,Unpaid
INVE1CA5214F1,CUST100044383,2026-04-02,2026-04-23,287.79,23.02,310.81,Paid
INV8410901179,CUST100065479,2025-09-27,2025-10-18,260.0,20.8,280.8,Paid
INV8D1B2C2445,CUST100039631,2026-04-12,2026-05-03,95.93,7.67,103.6,Paid
INV899A6A79E6,CUST100032841,2025-10-27,2025-11-17,324.97,26.0,350.97,Paid
INV7EEC45340D,CUST100007324,2025-08-13,2025-09-03,185.17,14.81,199.98,Partially Paid
INV7ABA193293,CUST100012478,2026-05-04,2026-05-25,291.17,23.29,314.46,Paid
INV9B4BB2E6CE,CUST100027209,2025-08-30,2025-09-20,331.78,26.54,358.32,Paid
INVA4F276FF8E,CUST100086950,2026-02-07,2026-02-28,290.66,23.25,313.91,Partially Paid
INV332C7C4152,CUST100099976,2026-05-09,2026-05-30,303.05,24.24,327.29,Paid
INVBA5A82E5AA,CUST100086705,2026-01-29,2026-02-19,145.99,11.68,157.67,Paid
INVBFE191BEEC,CUST100051540,2026-02-01,2026-02-22,121.42,9.71,131.13,Paid
INV8F791C8FA4,CUST100015640,2026-06-04,2026-06-25,181.27,14.5,195.77,Paid
INV0E8B3F530B,CUST100084241,2026-03-23,2026-04-13,141.43,11.31,152.74,Overdue
INV8DD88BAA5D,CUST100019425,2025-08-13,2025-09-03,186.82,14.95,201.77,Paid
INV6E8491B40E,CUST100003424,2025-10-17,2025-11-07,354.48,28.36,382.84,Paid
INVA344C9B8D9,CUST100066183,2026-07-08,2026-07-29,305.55,24.44,329.99,Unpaid
INV410BCC06AD,CUST100005680,2025-09-08,2025-09-29,238.63,19.09,257.72,Paid
INV5362F5C9AE,CUST100019547,2026-02-02,2026-02-23,46.58,3.73,50.31,Paid
INV8D11841337,CUST100018545,2026-06-16,2026-07-07,168.17,13.45,181.62,Paid
INV9827E58E0D,CUST100041201,2026-03-13,2026-04-03,385.06,30.8,415.86,Paid
INV3AFC90829B,CUST100092433,2025-11-09,2025-11-30,398.01,31.84,429.85,Paid
INV719190EDD8,CUST100098209,2025-09-16,2025-10-07,303.66,24.29,327.95,Paid
INVCEFC7A0944,CUST100082447,2025-10-21,2025-11-11,268.43,21.47,289.9,Paid
INV68A0E4B1C0,CUST100035119,2026-07-20,2026-08-10,205.65,16.45,222.1,Paid
INVEC64433E66,CUST100023932,2025-10-31,2025-11-21,46.07,3.69,49.76,Unpaid
INVA6C79D4E98,CUST100051715,2026-06-06,2026-06-27,304.47,24.36,328.83,Paid
INV5BA38D6A16,CUST100020746,2026-02-19,2026-03-12,168.82,13.51,182.33,Paid
INV0951FDE52A,CUST100093397,2025-12-01,2025-12-22,58.68,4.69,63.37,Paid
INVD175A1C9B4,CUST100059051,2026-02-08,2026-03-01,152.84,12.23,165.07,Overdue
INV71957B9969,CUST100087465,2026-03-25,2026-04-15,355.03,28.4,383.43,Paid
INV43E4C3C5EE,CUST100065121,2025-11-15,2025-12-06,50.56,4.04,54.6,Paid
INV73EB47E44B,CUST100010077,2026-06-20,2026-07-11,153.74,12.3,166.04,Unpaid
INV834587663E,CUST100038732,2026-01-17,2026-02-07,279.66,22.37,302.03,Paid
INV3B139334BF,CUST100067550,2025-12-30,2026-01-20,159.43,12.75,172.18,Paid
INVB3ABD08C0D,CUST100051589,2026-05-28,2026-06-18,258.34,20.67,279.01,Unpaid
INVB06526B2D9,CUST100073458,2025-12-17,2026-01-07,155.74,12.46,168.2,Paid
INVB111F8C89A,CUST100002188,2026-01-04,2026-01-25,302.42,24.19,326.61,Paid
INV8E28F12339,CUST100068990,2025-08-27,2025-09-17,29.49,2.36,31.85,Paid
INVCCDD549FB6,CUST100038395,2026-06-27,2026-07-18,345.35,27.63,372.98,Paid
INV4DA8BBC8AB,CUST100058635,2026-03-07,2026-03-28,257.52,20.6,278.12,Paid
INV5A75566639,CUST100071769,2026-07-20,2026-08-10,341.16,27.29,368.45,Paid
INVFB8C069B65,CUST100003201,2026-01-20,2026-02-10,154.53,12.36,166.89,Paid
INVB30C0058DA,CUST100060040,2025-09-07,2025-09-28,208.0,16.64,224.64,Paid
INV7086C31460,CUST100046284,2025-10-16,2025-11-06,256.58,20.53,277.11,Unpaid
INVAE8A0B2E08,CUST100031971,2026-05-18,2026-06-08,30.87,2.47,33.34,Partially Paid
INVD2ED6D3D4A,CUST100070524,2026-04-22,2026-05-13,391.86,31.35,423.21,Overdue
INV4E8B42E0F4,CUST100082089,2025-09-05,2025-09-26,345.19,27.62,372.81,Overdue
INV7B84C69C65,CUST100007535,2026-06-08,2026-06-29,216.5,17.32,233.82,Paid
INV80CF318420,CUST100084340,2026-02-07,2026-02-28,164.76,13.18,177.94,Paid
INVB58FC7595F,CUST100013596,2025-10-09,2025-10-30,242.67,19.41,262.08,Paid
INV1AF56444D4,CUST100059248,2026-06-16,2026-07-07,83.75,6.7,90.45,Paid
INV601F58A184,CUST100010820,2026-04-03,2026-04-24,139.22,11.14,150.36,Paid
INV1E0432EF0C,CUST100055065,2025-09-09,2025-09-30,276.9,22.15,299.05,Paid
INV9CC1D9D1EF,CUST100039016,2025-09-17,2025-10-08,76.46,6.12,82.58,Unpaid
INVE2581D5996,CUST100042253,2026-03-01,2026-03-22,241.39,19.31,260.7,Paid
INV1A7C299C90,CUST100091362,2025-12-12,2026-01-02,197.82,15.83,213.65,Paid
INVE6A61C65E9,CUST100099474,2026-02-23,2026-03-16,214.44,17.16,231.6,Paid
INVFD45B7398C,CUST100043446,2026-06-19,2026-07-10,290.96,23.28,314.24,Overdue
INVBB28FB1324,CUST100070393,2025-10-19,2025-11-09,225.79,18.06,243.85,Paid
INV83526212A1,CUST100062069,2026-02-15,2026-03-08,201.93,16.15,218.08,Paid
INVA8CBFBFD32,CUST100092840,2025-12-27,2026-01-17,203.98,16.32,220.3,Unpaid
INV2B5C7F25DF,CUST100006725,2026-05-22,2026-06-12,91.27,7.3,98.57,Overdue
INVF7FC0535C3,CUST100091858,2026-05-08,2026-05-29,181.31,14.5,195.81,Paid
INV0A8592B912,CUST100062923,2025-11-07,2025-11-28,351.67,28.13,379.8,Paid
INV165EE8E38C,CUST100098355,2025-11-07,2025-11-28,55.88,4.47,60.35,Paid
INV33CEF6147A,CUST100080763,2025-09-16,2025-10-07,26.87,2.15,29.02,Paid
INVFA4937BDCE,CUST100094765,2025-12-10,2025-12-31,151.91,12.15,164.06,Paid
INVF16A8A9B82,CUST100018992,2026-07-13,2026-08-03,87.45,7.0,94.45,Paid
INVBDA1F7F0C7,CUST100069437,2025-12-23,2026-01-13,363.79,29.1,392.89,Paid
INV544268A9F1,CUST100094785,2025-08-31,2025-09-21,188.81,15.1,203.91,Partially Paid
INV23A166A72C,CUST100069665,2026-01-29,2026-02-19,189.06,15.12,204.18,Paid
INV2D664B5D34,CUST100084408,2026-06-29,2026-07-20,359.56,28.76,388.32,Paid
INV67CC7E8941,CUST100097463,2025-09-19,2025-10-10,275.13,22.01,297.14,Paid
INV10DE9F9059,CUST100040505,2026-02-23,2026-03-16,361.25,28.9,390.15,Paid
INV0E82AE2E3F,CUST100032094,2025-09-26,2025-10-17,29.86,2.39,32.25,Paid
INVC920DF029A,CUST100064633,2025-09-30,2025-10-21,238.41,19.07,257.48,Overdue
INVD1D34B06B3,CUST100014827,2025-11-15,2025-12-06,316.71,25.34,342.05,Unpaid
INV086537F37C,CUST100044561,2026-01-28,2026-02-18,43.04,3.44,46.48,Paid
INV47A2F49F78,CUST100036540,2026-01-04,2026-01-25,74.76,5.98,80.74,Paid
INV9D28FB9575,CUST100028867,2026-06-24,2026-07-15,126.52,10.12,136.64,Paid
INV5EA0A7F7C7,CUST100048929,2025-11-06,2025-11-27,260.53,20.84,281.37,Paid
INV41587A56E9,CUST100021233,2025-09-20,2025-10-11,76.77,6.14,82.91,Paid
INVFF393A6F6E,CUST100097644,2026-05-14,2026-06-04,66.16,5.29,71.45,Paid
INVB797B85038,CUST100040237,2026-03-29,2026-04-19,379.39,30.35,409.74,Paid
INV63EF8BE0A9,CUST100099535,2025-09-26,2025-10-17,72.58,5.81,78.39,Unpaid
INV548D47BE1B,CUST100000040,2025-12-19,2026-01-09,82.74,6.62,89.36,Paid
INV970CDCE989,CUST100031883,2025-11-09,2025-11-30,282.89,22.63,305.52,Paid
INV1A819E3977,CUST100065663,2025-11-23,2025-12-14,33.42,2.67,36.09,Paid
INV53878FA523,CUST100038817,2025-08-29,2025-09-19,228.19,18.26,246.45,Paid
INV12CA7A115D,CUST100027316,2025-08-31,2025-09-21,113.07,9.05,122.12,Unpaid
INVBFF9A98EE7,CUST100017884,2026-06-27,2026-07-18,80.4,6.43,86.83,Paid
INV7957998396,CUST100073955,2026-04-17,2026-05-08,157.13,12.57,169.7,Paid
INV840377779A,CUST100026702,2025-12-03,2025-12-24,34.65,2.77,37.42,Paid
INV22C1BEC01D,CUST100032032,2025-10-08,2025-10-29,93.69,7.5,101.19,Paid
INV0A8DFBEABE,CUST100078114,2026-02-16,2026-03-09,352.88,28.23,381.11,Overdue
INVDB73350FC8,CUST100081048,2026-04-02,2026-04-23,336.13,26.89,363.02,Partially Paid
INV544B8382EB,CUST100042877,2026-03-18,2026-04-08,109.69,8.78,118.47,Overdue
INV076A9308B7,CUST100030569,2025-12-27,2026-01-17,233.03,18.64,251.67,Overdue
INV5F8C4A43C2,CUST100000205,2025-09-28,2025-10-19,240.91,19.27,260.18,Unpaid
INV7BD4602726,CUST100033028,2026-05-12,2026-06-02,237.1,18.97,256.07,Unpaid
INV2479BC0A1A,CUST100056056,2025-10-03,2025-10-24,129.98,10.4,140.38,Paid
INVF9C604D076,CUST100030239,2025-12-18,2026-01-08,138.22,11.06,149.28,Paid
INV2C9D7DC9DF,CUST100063388,2025-09-17,2025-10-08,297.56,23.8,321.36,Paid
INV0558EE7F72,CUST100042288,2025-10-27,2025-11-17,188.66,15.09,203.75,Paid
INV7E0683152B,CUST100062442,2026-01-20,2026-02-10,153.06,12.24,165.3,Paid
INVA2774205A8,CUST100077485,2026-04-05,2026-04-26,134.09,10.73,144.82,Paid
INV366C74B00B,CUST100029286,2025-11-05,2025-11-26,206.04,16.48,222.52,Unpaid
INVDEA9643B0A,CUST100042546,2025-09-27,2025-10-18,243.0,19.44,262.44,Paid
INV758DD9AF1B,CUST100033813,2025-08-17,2025-09-07,281.87,22.55,304.42,Unpaid
INV8E9ADFAA44,CUST100020677,2026-06-04,2026-06-25,171.09,13.69,184.78,Paid
INVEE87D0CB2C,CUST100009345,2025-11-23,2025-12-14,298.38,23.87,322.25,Overdue
INV81041CB4E0,CUST100069134,2026-03-17,2026-04-07,131.69,10.54,142.23,Paid
INV58286859AF,CUST100039535,2025-09-18,2025-10-09,37.56,3.0,40.56,Paid
INV1F2708CE30,CUST100058121,2026-03-23,2026-04-13,134.19,10.74,144.93,Unpaid
INV881F75D98D,CUST100018001,2025-12-16,2026-01-06,196.06,15.68,211.74,Unpaid
INVA16E772178,CUST100022227,2026-05-29,2026-06-19,32.27,2.58,34.85,Paid
INVDB8C3207E4,CUST100042122,2026-07-20,2026-08-10,211.28,16.9,228.18,Paid
INV0C070EF2EF,CUST100090462,2026-02-09,2026-03-02,265.77,21.26,287.03,Paid
INV169F360FE6,CUST100002818,2025-08-29,2025-09-19,86.08,6.89,92.97,Unpaid
INV38686AC09F,CUST100086712,2026-05-29,2026-06-19,264.99,21.2,286.19,Paid
INV9E39715D90,CUST100041704,2026-02-01,2026-02-22,315.18,25.21,340.39,Paid
INV9740B10976,CUST100014757,2025-10-17,2025-11-07,228.9,18.31,247.21,Partially Paid
INV5F4B95161C,CUST100094649,2025-10-08,2025-10-29,93.99,7.52,101.51,Paid
INVDF12A2C44C,CUST100031414,2026-03-26,2026-04-16,186.69,14.94,201.63,Paid
INV0A14B8EEF3,CUST100095252,2025-09-14,2025-10-05,356.78,28.54,385.32,Paid
INVEB89A5A9A8,CUST100014937,2026-07-05,2026-07-26,155.65,12.45,168.1,Unpaid
INV2939C861D8,CUST100014911,2026-04-03,2026-04-24,330.73,26.46,357.19,Paid
INV28781F4FD7,CUST100020996,2026-03-27,2026-04-17,90.84,7.27,98.11,Paid
INVAA33A5FA7B,CUST100042829,2026-01-11,2026-02-01,211.18,16.89,228.07,Paid
INVFEB348AF80,CUST100096205,2026-01-13,2026-02-03,75.5,6.04,81.54,Paid
INVB6ECD6ACE4,CUST100054642,2025-10-19,2025-11-09,352.73,28.22,380.95,Paid
INVEEDB8EFA86,CUST100049684,2025-12-06,2025-12-27,331.06,26.48,357.54,Paid
INV311BC8D126,CUST100033226,2025-10-18,2025-11-08,133.78,10.7,144.48,Paid
INV7BFA04F923,CUST100078145,2026-07-01,2026-07-22,383.84,30.71,414.55,Paid
INVC64708F67C,CUST100033667,2026-02-18,2026-03-11,68.38,5.47,73.85,Paid
INV78BE5535F1,CUST100011276,2025-11-27,2025-12-18,253.59,20.29,273.88,Overdue
INV9E94CC06C5,CUST100002710,2026-02-19,2026-03-12,286.74,22.94,309.68,Partially Paid
INVB96579BD3E,CUST100080247,2026-04-28,2026-05-19,33.27,2.66,35.93,Paid
INVF18E1C2269,CUST100097085,2026-06-20,2026-07-11,315.65,25.25,340.9,Overdue
INVEDB09DB113,CUST100029636,2026-04-18,2026-05-09,46.89,3.75,50.64,Partially Paid
INV0F177C47C6,CUST100098880,2025-08-09,2025-08-30,245.55,19.64,265.19,Paid
INVAEA970FFDA,CUST100089835,2025-09-04,2025-09-25,81.12,6.49,87.61,Paid
INVF0A98F6F7E,CUST100071895,2026-03-06,2026-03-27,275.59,22.05,297.64,Paid
INV773A191B3D,CUST100039922,2025-08-31,2025-09-21,31.49,2.52,34.01,Paid
INV42C5BED17B,CUST100042736,2026-06-21,2026-07-12,198.07,15.85,213.92,Paid
INVABB9992EC4,CUST100018424,2025-12-28,2026-01-18,335.22,26.82,362.04,Unpaid
INV7BE4D066B9,CUST100064751,2026-05-13,2026-06-03,175.12,14.01,189.13,Paid
INVAB61432A01,CUST100058113,2025-09-19,2025-10-10,225.85,18.07,243.92,Paid
INV2675B5B856,CUST100083405,2025-08-28,2025-09-18,152.33,12.19,164.52,Paid
INVD551294019,CUST100037112,2026-06-01,2026-06-22,125.76,10.06,135.82,Paid
INV263CB034E6,CUST100003872,2026-03-24,2026-04-14,189.07,15.13,204.2,Paid
INV96976520F0,CUST100058692,2025-09-02,2025-09-23,293.73,23.5,317.23,Unpaid
INV37B61548BF,CUST100072961,2025-11-28,2025-12-19,302.66,24.21,326.87,Paid
INVC161C5467F,CUST100098458,2025-08-28,2025-09-18,113.25,9.06,122.31,Partially Paid
INVF7B7C725DB,CUST100016832,2026-05-17,2026-06-07,233.06,18.64,251.7,Unpaid
INVC549CBB09A,CUST100065222,2026-05-03,2026-05-24,275.28,22.02,297.3,Paid
INV9FD9110A43,CUST100050571,2025-11-12,2025-12-03,87.1,6.97,94.07,Partially Paid
INVED9E99E440,CUST100028509,2026-04-06,2026-04-27,223.23,17.86,241.09,Paid
INVFA9662685F,CUST100085308,2026-04-03,2026-04-24,287.77,23.02,310.79,Partially Paid
INVF20F0D6850,CUST100083153,2025-08-19,2025-09-09,361.64,28.93,390.57,Paid
INVCBDA27042D,CUST100053001,2025-10-08,2025-10-29,397.31,31.78,429.09,Paid
INV5B4EA7CDB2,CUST100083918,2026-02-15,2026-03-08,289.12,23.13,312.25,Paid
INV0C280A6F87,CUST100000776,2025-10-22,2025-11-12,161.04,12.88,173.92,Overdue
INV348006A1E9,CUST100031538,2025-09-21,2025-10-12,303.73,24.3,328.03,Unpaid
INV039398E7BD,CUST100085632,2026-03-05,2026-03-26,182.42,14.59,197.01,Unpaid
INVD586EBCE59,CUST100000623,2025-08-08,2025-08-29,136.65,10.93,147.58,Paid
INVAAE746A580,CUST100031214,2026-01-26,2026-02-16,291.5,23.32,314.82,Partially Paid
INVC71260CA37,CUST100095749,2026-01-04,2026-01-25,297.37,23.79,321.16,Paid
INVF422C08C20,CUST100064107,2025-08-11,2025-09-01,317.97,25.44,343.41,Paid
INV638D7A1FB5,CUST100015771,2025-08-04,2025-08-25,311.83,24.95,336.78,Paid
INV7B0194B767,CUST100068786,2026-06-10,2026-07-01,43.6,3.49,47.09,Paid
INV9FB43121C3,CUST100084000,2026-01-26,2026-02-16,113.42,9.07,122.49,Paid
INVB2B3235A2D,CUST100047142,2026-02-13,2026-03-06,232.84,18.63,251.47,Paid
INVAE63D77164,CUST100074744,2025-12-05,2025-12-26,314.21,25.14,339.35,Paid
INV26894CB1CD,CUST100085291,2026-07-17,2026-08-07,131.93,10.55,142.48,Paid
INV25B16D86AC,CUST100089996,2025-08-08,2025-08-29,83.81,6.7,90.51,Paid
INVAE60FDB249,CUST100050511,2026-03-26,2026-04-16,113.6,9.09,122.69,Paid
INVEC366CE2A4,CUST100015480,2025-08-30,2025-09-20,193.54,15.48,209.02,Partially Paid
INVD78BD47C84,CUST100034417,2025-08-16,2025-09-06,118.95,9.52,128.47,Paid
INV85563C0A51,CUST100074247,2025-12-23,2026-01-13,259.17,20.73,279.9,Paid
INV2D71CC5E7C,CUST100031940,2025-09-09,2025-09-30,48.31,3.86,52.17,Overdue
INV7F82D2C5D8,CUST100034371,2025-10-19,2025-11-09,307.61,24.61,332.22,Paid
INV4C6061CA4B,CUST100030439,2025-08-16,2025-09-06,25.34,2.03,27.37,Paid
INVC48DE4E5A2,CUST100095212,2025-11-09,2025-11-30,97.5,7.8,105.3,Paid
INV603579E7D6,CUST100011789,2026-03-31,2026-04-21,70.01,5.6,75.61,Unpaid
INV89DF9DE2A8,CUST100002635,2026-06-24,2026-07-15,276.87,22.15,299.02,Unpaid
INV60CD463CE1,CUST100014424,2025-09-23,2025-10-14,134.97,10.8,145.77,Partially Paid
INV9DA1AE370E,CUST100065281,2026-01-31,2026-02-21,232.85,18.63,251.48,Paid
INVC8E4874815,CUST100007798,2025-09-06,2025-09-27,110.94,8.88,119.82,Paid
INV3307B75A69,CUST100084599,2025-11-11,2025-12-02,140.99,11.28,152.27,Paid
INV7637373BB7,CUST100040522,2026-02-01,2026-02-22,57.64,4.61,62.25,Partially Paid
INVE391678D68,CUST100052202,2026-06-05,2026-06-26,188.23,15.06,203.29,Overdue
INV5D7585603D,CUST100028159,2025-11-21,2025-12-12,43.45,3.48,46.93,Paid
INV80D1D92659,CUST100034510,2026-05-26,2026-06-16,64.43,5.15,69.58,Paid
INV2C5B14C908,CUST100003372,2026-03-19,2026-04-09,156.5,12.52,169.02,Unpaid
INV2FD0D0476C,CUST100011901,2026-01-27,2026-02-17,287.32,22.99,310.31,Unpaid
INV7074F763A2,CUST100089944,2026-06-25,2026-07-16,42.86,3.43,46.29,Partially Paid
INV107911D985,CUST100058680,2026-01-15,2026-02-05,217.27,17.38,234.65,Paid
INV67E942E2AD,CUST100080788,2026-06-12,2026-07-03,192.46,15.4,207.86,Overdue
INV241F3C6F9A,CUST100073309,2026-02-24,2026-03-17,113.06,9.04,122.1,Paid
INVFAD6FAC704,CUST100064178,2026-01-10,2026-01-31,91.4,7.31,98.71,Partially Paid
INVBAEC709C9A,CUST100097796,2026-04-16,2026-05-07,56.85,4.55,61.4,Paid
INVB53EEA900C,CUST100085339,2025-09-22,2025-10-13,34.59,2.77,37.36,Unpaid
INV29929BC361,CUST100035250,2026-03-22,2026-04-12,278.83,22.31,301.14,Unpaid
INV7E2DD7744A,CUST100010810,2026-01-05,2026-01-26,24.41,1.95,26.36,Paid
INVAE6AA977DE,CUST100014113,2025-09-27,2025-10-18,218.34,17.47,235.81,Partially Paid
INV662FE55B0F,CUST100001625,2026-07-10,2026-07-31,346.49,27.72,374.21,Paid
INV31FB1E39BB,CUST100053413,2025-11-25,2025-12-16,231.22,18.5,249.72,Overdue
INV4BA30586D2,CUST100089202,2025-10-18,2025-11-08,135.59,10.85,146.44,Overdue
INV5427B7E131,CUST100086694,2025-12-24,2026-01-14,76.13,6.09,82.22,Paid
INVA96F4C4F0F,CUST100043736,2026-03-21,2026-04-11,329.54,26.36,355.9,Paid
INV064EEF0528,CUST100057091,2026-07-03,2026-07-24,141.37,11.31,152.68,Unpaid
INVD69E886601,CUST100070723,2026-06-18,2026-07-09,396.27,31.7,427.97,Paid
INV70A9E679FB,CUST100085813,2025-11-05,2025-11-26,326.26,26.1,352.36,Unpaid
INV415EE51003,CUST100072371,2025-12-20,2026-01-10,321.3,25.7,347.0,Paid
INVECC6EF50C4,CUST100079993,2026-02-02,2026-02-23,217.83,17.43,235.26,Paid
INVFE98ABCF95,CUST100064573,2026-07-13,2026-08-03,205.48,16.44,221.92,Paid
INVD6EC05287A,CUST100043755,2025-08-09,2025-08-30,93.15,7.45,100.6,Paid
INV2CE40A862A,CUST100018310,2026-03-29,2026-04-19,350.02,28.0,378.02,Paid
INV6332715BAA,CUST100047495,2026-02-11,2026-03-04,355.44,28.44,383.88,Paid
INVF077258FF1,CUST100079063,2026-01-05,2026-01-26,289.05,23.12,312.17,Paid
INV2294E63F89,CUST100000287,2026-03-18,2026-04-08,123.77,9.9,133.67,Paid
INVF5E29B05D6,CUST100055342,2026-05-11,2026-06-01,330.16,26.41,356.57,Paid
INV4DCD59022A,CUST100018959,2026-03-25,2026-04-15,69.5,5.56,75.06,Paid
INV8B4D267DC6,CUST100000516,2025-12-01,2025-12-22,315.43,25.23,340.66,Unpaid
INV2AFD1A5D70,CUST100070391,2026-02-25,2026-03-18,186.57,14.93,201.5,Unpaid
INV20385EC8FA,CUST100078497,2026-03-20,2026-04-10,102.02,8.16,110.18,Partially Paid
INVF8022671CA,CUST100017069,2025-11-14,2025-12-05,279.45,22.36,301.81,Paid
INV183EBB31DD,CUST100096310,2025-09-29,2025-10-20,394.1,31.53,425.63,Paid
INV6570432561,CUST100048824,2026-05-19,2026-06-09,286.81,22.94,309.75,Paid
INV7BA410AF85,CUST100017615,2026-06-06,2026-06-27,273.28,21.86,295.14,Paid
INVB253856DEC,CUST100019725,2025-10-29,2025-11-19,173.14,13.85,186.99,Paid
INVB8D73E0F30,CUST100090827,2026-04-14,2026-05-05,134.18,10.73,144.91,Paid
INVDC32179511,CUST100090157,2026-07-15,2026-08-05,182.18,14.57,196.75,Overdue
INV914DE0D70E,CUST100088082,2025-12-29,2026-01-19,62.07,4.97,67.04,Overdue
INV5248095799,CUST100011795,2026-06-23,2026-07-14,275.28,22.02,297.3,Paid
INV13B5192E43,CUST100084914,2026-05-20,2026-06-10,345.17,27.61,372.78,Paid
INVFCD7C7138F,CUST100023560,2025-12-06,2025-12-27,299.52,23.96,323.48,Partially Paid
INVFB47AE3FB7,CUST100041168,2025-08-13,2025-09-03,181.04,14.48,195.52,Paid
INV38F65C2500,CUST100065571,2026-01-31,2026-02-21,40.28,3.22,43.5,Paid
INV1FE3CABD27,CUST100076999,2026-03-19,2026-04-09,157.09,12.57,169.66,Overdue
INV406AEBD3DA,CUST100059249,2025-11-22,2025-12-13,349.88,27.99,377.87,Paid
INV07B410EB73,CUST100006978,2026-01-15,2026-02-05,173.72,13.9,187.62,Partially Paid
INVC2269F6DAF,CUST100030521,2026-04-16,2026-05-07,131.84,10.55,142.39,Unpaid
INV830579EFB2,CUST100086921,2026-05-15,2026-06-05,315.17,25.21,340.38,Paid
INVFBBCCAE34D,CUST100065505,2026-06-02,2026-06-23,350.48,28.04,378.52,Paid
INV2868B433CA,CUST100049153,2026-05-25,2026-06-15,184.74,14.78,199.52,Unpaid
INV6146E8C8B6,CUST100003587,2025-09-15,2025-10-06,221.12,17.69,238.81,Paid
INVD59D60F8F3,CUST100095697,2026-05-10,2026-05-31,22.68,1.81,24.49,Paid
INV368F0BF932,CUST100036394,2026-01-02,2026-01-23,278.75,22.3,301.05,Partially Paid
INVF877036517,CUST100048011,2026-02-16,2026-03-09,172.81,13.82,186.63,Paid
INV0AA05192C0,CUST100070208,2026-01-28,2026-02-18,92.36,7.39,99.75,Paid
INVC9EB098167,CUST100041590,2025-11-07,2025-11-28,375.32,30.03,405.35,Paid
INV454DED8468,CUST100097342,2026-05-16,2026-06-06,149.45,11.96,161.41,Paid
INV64F2A02C0B,CUST100055045,2026-03-13,2026-04-03,123.48,9.88,133.36,Paid
INV0D58E6D6A1,CUST100045357,2026-06-27,2026-07-18,190.76,15.26,206.02,Paid
INV5E6F45C07E,CUST100069563,2025-12-07,2025-12-28,26.16,2.09,28.25,Paid
INVCB68AFC5DE,CUST100092723,2025-08-27,2025-09-17,262.65,21.01,283.66,Paid
INV377B4B9994,CUST100088604,2026-07-13,2026-08-03,151.34,12.11,163.45,Paid
INVB3773CC632,CUST100084230,2026-01-28,2026-02-18,105.88,8.47,114.35,Paid
INVC5F9DD3C06,CUST100021015,2025-12-11,2026-01-01,108.31,8.66,116.97,Partially Paid
INV6F2ADBC36A,CUST100017130,2026-01-10,2026-01-31,219.6,17.57,237.17,Paid
INVC22CD74359,CUST100072660,2026-01-27,2026-02-17,361.4,28.91,390.31,Paid
INVF83F02592B,CUST100084522,2026-04-12,2026-05-03,128.05,10.24,138.29,Paid
INV091466CC1B,CUST100038585,2025-09-26,2025-10-17,373.99,29.92,403.91,Paid
INV716F41A91F,CUST100008108,2026-01-30,2026-02-20,271.67,21.73,293.4,Paid
INV3E1D78844D,CUST100090300,2026-05-02,2026-05-23,172.76,13.82,186.58,Paid
INV0FD4135FC7,CUST100013359,2026-07-05,2026-07-26,205.93,16.47,222.4,Paid
INV9464F0A4D2,CUST100023627,2025-11-10,2025-12-01,305.37,24.43,329.8,Paid
INVB9A367320B,CUST100083331,2026-03-23,2026-04-13,64.4,5.15,69.55,Paid
INVF50677AF21,CUST100019907,2025-11-24,2025-12-15,36.09,2.89,38.98,Paid
INVCDC8039F23,CUST100095764,2026-07-17,2026-08-07,287.33,22.99,310.32,Paid
INVE553A3F8FE,CUST100063186,2025-11-01,2025-11-22,341.87,27.35,369.22,Partially Paid
INV40A488BA75,CUST100045451,2026-06-05,2026-06-26,340.37,27.23,367.6,Paid
INV91BB0A1107,CUST100071725,2026-01-05,2026-01-26,185.81,14.86,200.67,Paid
INV6FBF2EA527,CUST100096080,2025-11-10,2025-12-01,107.84,8.63,116.47,Unpaid
INV58EAFA6F7C,CUST100042015,2025-11-17,2025-12-08,216.17,17.29,233.46,Overdue
INV9DD7EC8844,CUST100066496,2026-01-18,2026-02-08,283.55,22.68,306.23,Paid
INV909598B9B2,CUST100020032,2026-02-10,2026-03-03,167.8,13.42,181.22,Paid
INV4B81D25ADD,CUST100090562,2025-11-21,2025-12-12,213.52,17.08,230.6,Paid
INVD09F5BBDE3,CUST100058354,2026-03-19,2026-04-09,340.43,27.23,367.66,Paid
INV1408AD5E18,CUST100028363,2025-11-16,2025-12-07,35.56,2.84,38.4,Unpaid
INV7DDBD297C8,CUST100011660,2025-09-25,2025-10-16,113.89,9.11,123.0,Paid
INV0C1FDC7806,CUST100059950,2026-02-05,2026-02-26,335.72,26.86,362.58,Overdue
INV486EDB21E0,CUST100092698,2025-08-07,2025-08-28,184.68,14.77,199.45,Overdue
INV4CF60CC98C,CUST100062841,2025-10-16,2025-11-06,28.46,2.28,30.74,Overdue
INV2326BB27C0,CUST100076346,2026-03-23,2026-04-13,147.19,11.78,158.97,Paid
INVC1946FDDB5,CUST100056891,2025-08-29,2025-09-19,262.59,21.01,283.6,Paid
INV7AA4BD2EF5,CUST100000417,2025-08-20,2025-09-10,113.4,9.07,122.47,Paid
INV5FE83621A2,CUST100096185,2026-05-21,2026-06-11,212.17,16.97,229.14,Partially Paid
INV665CA04C9E,CUST100079736,2026-04-25,2026-05-16,254.41,20.35,274.76,Overdue
INVCC3572346A,CUST100099874,2026-03-22,2026-04-12,311.3,24.9,336.2,Paid
INVEA8752962F,CUST100017413,2026-03-06,2026-03-27,137.8,11.02,148.82,Unpaid
INVB9BADD7673,CUST100053977,2025-11-12,2025-12-03,393.92,31.51,425.43,Paid
INV08C0E14CC0,CUST100066238,2026-02-10,2026-03-03,327.88,26.23,354.11,Overdue
INV8C7DCD0FF7,CUST100063019,2025-08-18,2025-09-08,124.04,9.92,133.96,Overdue
INV4A599004AF,CUST100022987,2026-02-13,2026-03-06,51.45,4.12,55.57,Paid
INVCE95DD166D,CUST100080769,2026-06-13,2026-07-04,195.12,15.61,210.73,Paid
INV5DE697CA0C,CUST100079606,2026-05-30,2026-06-20,128.53,10.28,138.81,Paid
INV6DAB9926CB,CUST100000864,2026-04-15,2026-05-06,92.71,7.42,100.13,Unpaid
INV92512AA6BA,CUST100047395,2026-04-24,2026-05-15,39.12,3.13,42.25,Paid
INVE36096A34A,CUST100037117,2025-08-04,2025-08-25,142.09,11.37,153.46,Unpaid
INV16CBA6C5D1,CUST100061526,2025-12-04,2025-12-25,83.89,6.71,90.6,Unpaid
INV2E04FBAEC5,CUST100088295,2026-05-16,2026-06-06,291.69,23.34,315.03,Paid
INVF589C8CDC8,CUST100056026,2025-10-17,2025-11-07,218.39,17.47,235.86,Paid
INVBEC083B61F,CUST100048893,2025-11-06,2025-11-27,283.69,22.7,306.39,Paid
INV6DF27FF18E,CUST100037542,2025-08-05,2025-08-26,143.42,11.47,154.89,Paid
INVC3ECA6FD86,CUST100092670,2025-10-19,2025-11-09,155.91,12.47,168.38,Paid
INVE6B4E7A187,CUST100064591,2025-11-13,2025-12-04,117.87,9.43,127.3,Overdue
INV2FFA236183,CUST100058986,2025-09-22,2025-10-13,59.96,4.8,64.76,Partially Paid
INV536EBB5107,CUST100078624,2026-06-10,2026-07-01,397.81,31.82,429.63,Unpaid
INVE2C2A01BB7,CUST100080895,2025-12-04,2025-12-25,360.01,28.8,388.81,Overdue
INV5C33A4617E,CUST100072856,2026-01-09,2026-01-30,67.4,5.39,72.79,Unpaid
INV9AECA33917,CUST100092462,2026-07-21,2026-08-11,40.53,3.24,43.77,Unpaid
INV13A37CB4FF,CUST100009157,2025-11-15,2025-12-06,36.05,2.88,38.93,Overdue
INV183E84D276,CUST100098926,2026-04-18,2026-05-09,97.55,7.8,105.35,Paid
INV30EBAADBE7,CUST100009925,2025-12-21,2026-01-11,275.02,22.0,297.02,Overdue
INV9886B10BDA,CUST100057257,2025-08-04,2025-08-25,74.64,5.97,80.61,Paid
INV3448FB0F56,CUST100083536,2025-11-06,2025-11-27,157.49,12.6,170.09,Paid
INV7D70BF396F,CUST100011940,2026-04-26,2026-05-17,255.98,20.48,276.46,Partially Paid
INVEE05A69671,CUST100074423,2026-06-06,2026-06-27,366.84,29.35,396.19,Paid
INV828402B410,CUST100091482,2026-01-26,2026-02-16,382.02,30.56,412.58,Paid
INV0B40713155,CUST100056557,2025-08-23,2025-09-13,335.4,26.83,362.23,Paid
INVCD2B38EB50,CUST100006961,2026-05-28,2026-06-18,215.29,17.22,232.51,Paid
INV61826DB475,CUST100071395,2025-10-30,2025-11-20,302.8,24.22,327.02,Paid
INVEB007DD4CD,CUST100011291,2026-02-13,2026-03-06,268.55,21.48,290.03,Paid
INV31ED5DFD6A,CUST100029385,2026-06-28,2026-07-19,258.35,20.67,279.02,Unpaid
INV7D51A4B9AB,CUST100097533,2026-01-06,2026-01-27,118.73,9.5,128.23,Paid
INVE78E75F899,CUST100019342,2026-06-06,2026-06-27,97.63,7.81,105.44,Overdue
INV51A0D41897,CUST100001753,2025-08-04,2025-08-25,230.98,18.48,249.46,Paid
INV796288E576,CUST100014959,2025-11-09,2025-11-30,315.4,25.23,340.63,Partially Paid
INVF0F5403D76,CUST100084894,2025-10-14,2025-11-04,213.18,17.05,230.23,Paid
INV040532501B,CUST100076925,2025-10-11,2025-11-01,180.71,14.46,195.17,Paid
INVBA7E26F343,CUST100016596,2025-08-14,2025-09-04,192.94,15.44,208.38,Paid
INVD43C2C478B,CUST100056601,2026-05-09,2026-05-30,260.63,20.85,281.48,Unpaid
INVA632594818,CUST100009321,2026-01-21,2026-02-11,95.26,7.62,102.88,Partially Paid
INV82CE624B46,CUST100096730,2026-01-25,2026-02-15,227.95,18.24,246.19,Paid
INVF1E574851F,CUST100042355,2026-04-26,2026-05-17,337.22,26.98,364.2,Overdue
INV2685D7E3BA,CUST100059715,2025-11-11,2025-12-02,357.33,28.59,385.92,Unpaid
INVFEECA60D23,CUST100094932,2026-01-11,2026-02-01,111.43,8.91,120.34,Partially Paid
INV2387B6F5FC,CUST100080148,2025-08-26,2025-09-16,250.52,20.04,270.56,Partially Paid
INV90EB289019,CUST100021310,2026-07-06,2026-07-27,230.22,18.42,248.64,Paid
INV8CFFE3316E,CUST100026766,2026-02-13,2026-03-06,273.76,21.9,295.66,Paid
INVC28153415B,CUST100052293,2026-04-30,2026-05-21,246.86,19.75,266.61,Partially Paid
INV850368A8B3,CUST100059922,2025-08-31,2025-09-21,76.06,6.08,82.14,Paid
INVAB9ADD7925,CUST100080499,2026-06-01,2026-06-22,150.64,12.05,162.69,Partially Paid
INVC77E7166EA,CUST100041881,2025-11-01,2025-11-22,305.42,24.43,329.85,Paid
INVDEC980FE75,CUST100095222,2025-12-13,2026-01-03,75.2,6.02,81.22,Paid
INV89A85B1E22,CUST100097817,2026-03-18,2026-04-08,214.02,17.12,231.14,Paid
INV0EABC4D5F3,CUST100009506,2026-07-01,2026-07-22,203.06,16.24,219.3,Paid
INV025ABAC6A3,CUST100077289,2026-02-16,2026-03-09,351.9,28.15,380.05,Paid
INV20F73CE6C0,CUST100063166,2026-07-19,2026-08-09,240.37,19.23,259.6,Overdue
INV52202F9DB3,CUST100042295,2026-01-27,2026-02-17,321.7,25.74,347.44,Unpaid
INV13D8D52B5F,CUST100064389,2025-09-08,2025-09-29,364.29,29.14,393.43,Overdue
INV8488A8B071,CUST100035781,2025-10-28,2025-11-18,294.07,23.53,317.6,Paid
INV9D352494D3,CUST100096067,2025-12-06,2025-12-27,297.51,23.8,321.31,Unpaid
INVB36A1B771D,CUST100085909,2026-07-07,2026-07-28,339.34,27.15,366.49,Paid
INV5DD53BCEF0,CUST100054803,2025-08-14,2025-09-04,344.26,27.54,371.8,Paid
INVBF844C4C55,CUST100028161,2025-08-03,2025-08-24,184.1,14.73,198.83,Paid
INV0587641A03,CUST100036328,2025-10-17,2025-11-07,286.8,22.94,309.74,Partially Paid
INV482C4FF9E5,CUST100083222,2025-11-10,2025-12-01,45.7,3.66,49.36,Paid
INV860822E795,CUST100027278,2025-12-20,2026-01-10,252.82,20.23,273.05,Paid
INV8C618903E9,CUST100077141,2026-03-01,2026-03-22,196.29,15.7,211.99,Paid
INV8DDEF8B920,CUST100049715,2025-12-09,2025-12-30,137.1,10.97,148.07,Paid
INV78548711B6,CUST100041050,2026-02-25,2026-03-18,372.36,29.79,402.15,Partially Paid
INV23E2285EC8,CUST100018093,2026-04-13,2026-05-04,231.86,18.55,250.41,Partially Paid
INV1C96F578CA,CUST100012182,2026-03-14,2026-04-04,139.42,11.15,150.57,Paid
INVE6DE5CEACA,CUST100066396,2026-04-18,2026-05-09,156.17,12.49,168.66,Partially Paid
INV0197C8A065,CUST100015744,2025-10-09,2025-10-30,209.41,16.75,226.16,Overdue
INVDD9B758C13,CUST100056486,2026-04-30,2026-05-21,202.39,16.19,218.58,Unpaid
INV7EAD38B884,CUST100007491,2025-10-24,2025-11-14,24.84,1.99,26.83,Paid
INV77A66BCFA4,CUST100001827,2025-09-24,2025-10-15,377.39,30.19,407.58,Paid
INV6262F7C51C,CUST100082193,2025-08-11,2025-09-01,348.03,27.84,375.87,Unpaid
INVC99DC985CC,CUST100092862,2026-06-29,2026-07-20,63.51,5.08,68.59,Paid
INV92F9731B89,CUST100042592,2025-09-19,2025-10-10,289.9,23.19,313.09,Partially Paid
INVE075CFEB6B,CUST100092686,2026-03-09,2026-03-30,71.17,5.69,76.86,Paid
INVDD01FDAFDF,CUST100004735,2026-01-09,2026-01-30,34.52,2.76,37.28,Paid
INV05A71C4662,CUST100095118,2026-05-23,2026-06-13,214.87,17.19,232.06,Paid
INV0DA9FA0E23,CUST100020322,2025-10-07,2025-10-28,282.76,22.62,305.38,Paid
INV1441BB3C3C,CUST100093608,2026-07-01,2026-07-22,231.91,18.55,250.46,Paid
INVA1840236E1,CUST100020062,2025-11-28,2025-12-19,265.61,21.25,286.86,Unpaid
INV8E24EBB7DC,CUST100049706,2025-09-16,2025-10-07,261.65,20.93,282.58,Paid
INV8902C6B791,CUST100052502,2025-08-03,2025-08-24,290.2,23.22,313.42,Paid
INV9C9DD25976,CUST100089627,2026-02-05,2026-02-26,384.06,30.72,414.78,Paid
INVCAEDA75397,CUST100099367,2025-11-29,2025-12-20,269.59,21.57,291.16,Paid
INVB3DD964067,CUST100040827,2025-08-04,2025-08-25,208.31,16.66,224.97,Paid
INV8EFF9F7FEF,CUST100041000,2025-08-14,2025-09-04,128.72,10.3,139.02,Paid
INV65197CD358,CUST100018763,2026-03-05,2026-03-26,196.45,15.72,212.17,Paid
INV01DE324260,CUST100095538,2026-02-15,2026-03-08,292.22,23.38,315.6,Unpaid
INV4A6A8AFD80,CUST100010285,2026-02-15,2026-03-08,356.21,28.5,384.71,Partially Paid
INV8FE9991BB3,CUST100090028,2025-09-08,2025-09-29,270.65,21.65,292.3,Paid
INV6D4DC10148,CUST100055259,2026-04-25,2026-05-16,342.56,27.4,369.96,Unpaid
INV34FA7C7F22,CUST100040720,2025-10-05,2025-10-26,330.22,26.42,356.64,Paid
INVC2ACED81EF,CUST100008059,2026-03-09,2026-03-30,267.46,21.4,288.86,Overdue
INV9DFE315E2B,CUST100074987,2026-02-17,2026-03-10,142.4,11.39,153.79,Paid
INVA771FD84F4,CUST100088125,2025-11-27,2025-12-18,339.64,27.17,366.81,Partially Paid
INVF7DD4A3582,CUST100076054,2025-09-01,2025-09-22,149.99,12.0,161.99,Paid
INV1B196C02E5,CUST100066322,2026-03-23,2026-04-13,155.52,12.44,167.96,Overdue
INV6BF0446803,CUST100053753,2026-04-27,2026-05-18,359.88,28.79,388.67,Paid
INVF9AA51A5FD,CUST100081565,2025-09-09,2025-09-30,104.81,8.38,113.19,Unpaid
INVF0619689AD,CUST100060229,2025-11-30,2025-12-21,191.46,15.32,206.78,Partially Paid
INV91EC6DBB02,CUST100096087,2025-10-16,2025-11-06,339.52,27.16,366.68,Paid
INV518722CEA2,CUST100013573,2026-01-18,2026-02-08,72.92,5.83,78.75,Paid
INVC48FCF4BD9,CUST100003573,2026-03-09,2026-03-30,56.75,4.54,61.29,Partially Paid
INVBD849F5BD8,CUST100040422,2025-12-29,2026-01-19,60.27,4.82,65.09,Paid
INV28190E5726,CUST100091935,2026-06-09,2026-06-30,173.0,13.84,186.84,Paid
INV60540E6154,CUST100039837,2025-10-28,2025-11-18,172.39,13.79,186.18,Overdue
INV95AB192950,CUST100006023,2026-06-21,2026-07-12,110.86,8.87,119.73,Paid
INVB58CD566BF,CUST100079313,2025-11-18,2025-12-09,205.17,16.41,221.58,Paid
INV56BE93FE4C,CUST100091549,2026-03-02,2026-03-23,109.45,8.76,118.21,Paid
INV3611C3D1A7,CUST100012013,2026-05-18,2026-06-08,135.57,10.85,146.42,Paid
INV3D36267571,CUST100036578,2025-08-31,2025-09-21,148.08,11.85,159.93,Unpaid
INVFF5C37695D,CUST100022360,2026-03-15,2026-04-05,342.11,27.37,369.48,Paid
INV63B438C42B,CUST100081015,2025-09-13,2025-10-04,296.23,23.7,319.93,Paid
INV08E74D7964,CUST100016152,2026-06-13,2026-07-04,231.9,18.55,250.45,Unpaid
INV8480C8BF21,CUST100050038,2025-12-17,2026-01-07,385.85,30.87,416.72,Overdue
INV0EF8EDF30B,CUST100053503,2025-08-15,2025-09-05,164.25,13.14,177.39,Paid
INV2499D3B164,CUST100015035,2026-01-08,2026-01-29,299.61,23.97,323.58,Paid
INV2413CBEE3F,CUST100036863,2025-11-13,2025-12-04,376.83,30.15,406.98,Unpaid
INVE64F50FF8E,CUST100034113,2026-05-11,2026-06-01,173.21,13.86,187.07,Paid
INVD6713940F4,CUST100048792,2025-10-02,2025-10-23,84.17,6.73,90.9,Paid
INVD36A4DCEE3,CUST100038761,2025-12-04,2025-12-25,36.61,2.93,39.54,Paid
INV6A44D54647,CUST100009637,2025-08-03,2025-08-24,73.09,5.85,78.94,Paid
INV87FA873A08,CUST100006309,2026-07-04,2026-07-25,375.6,30.05,405.65,Paid
INV38BD7AC8FE,CUST100057048,2026-02-06,2026-02-27,319.08,25.53,344.61,Paid
INV6E99A4ECE4,CUST100084863,2026-03-15,2026-04-05,300.4,24.03,324.43,Partially Paid
INVA6C1B11C11,CUST100058377,2025-09-27,2025-10-18,119.36,9.55,128.91,Partially Paid
INVEA55F62EEB,CUST100082076,2026-06-26,2026-07-17,24.21,1.94,26.15,Unpaid
INV94B1F70C57,CUST100047278,2025-11-13,2025-12-04,291.55,23.32,314.87,Overdue
INVB73F701E8C,CUST100041586,2026-07-11,2026-08-01,124.25,9.94,134.19,Paid
INV465CC0642D,CUST100085257,2025-08-02,2025-08-23,184.72,14.78,199.5,Paid
INV28E1E58A7F,CUST100083178,2025-10-13,2025-11-03,247.08,19.77,266.85,Partially Paid
INVE2137DEE82,CUST100044065,2025-11-17,2025-12-08,311.13,24.89,336.02,Paid
INVD93840A260,CUST100055768,2026-04-06,2026-04-27,240.16,19.21,259.37,Paid
INV671220E474,CUST100097957,2026-05-31,2026-06-21,330.28,26.42,356.7,Unpaid
INV877ADA4002,CUST100070194,2025-08-24,2025-09-14,67.19,5.38,72.57,Paid
INV61E0CD626A,CUST100053664,2025-08-10,2025-08-31,119.28,9.54,128.82,Paid
INV34BA467DC1,CUST100060216,2026-03-31,2026-04-21,174.55,13.96,188.51,Paid
INV69E685BCE9,CUST100077937,2026-05-15,2026-06-05,101.45,8.12,109.57,Overdue
INV2E902B2877,CUST100096551,2026-04-25,2026-05-16,262.54,21.0,283.54,Overdue
INVE7B035E8D2,CUST100053931,2025-10-05,2025-10-26,309.13,24.73,333.86,Unpaid
INV887CE9E3D3,CUST100069144,2025-10-01,2025-10-22,274.1,21.93,296.03,Paid
INVABCC215408,CUST100046988,2025-08-02,2025-08-23,101.04,8.08,109.12,Paid
INVD25FD12786,CUST100040041,2026-04-27,2026-05-18,220.07,17.61,237.68,Paid
INV5F546E9344,CUST100069948,2025-11-20,2025-12-11,40.9,3.27,44.17,Unpaid
INVA98CF410D5,CUST100059577,2026-04-26,2026-05-17,23.32,1.87,25.19,Paid
INVA9628E1F7E,CUST100051292,2025-08-15,2025-09-05,308.67,24.69,333.36,Unpaid
INVB2C4E04D24,CUST100029517,2025-10-14,2025-11-04,297.99,23.84,321.83,Paid
INVC1CDD9E1CA,CUST100032982,2025-11-06,2025-11-27,278.88,22.31,301.19,Paid
INV68E3A971D1,CUST100053767,2026-06-04,2026-06-25,76.81,6.14,82.95,Paid
INV9A85CC7C60,CUST100001828,2025-11-15,2025-12-06,334.12,26.73,360.85,Paid
INVBFF0FF2747,CUST100010524,2026-07-07,2026-07-28,274.85,21.99,296.84,Overdue
INVED1A2B033D,CUST100005091,2026-07-15,2026-08-05,391.71,31.34,423.05,Paid
INVFDB6DB9D95,CUST100060005,2025-12-02,2025-12-23,349.5,27.96,377.46,Overdue
INV4E26926D1E,CUST100048129,2025-12-26,2026-01-16,262.63,21.01,283.64,Paid
INVB692D83B52,CUST100096794,2025-08-05,2025-08-26,241.69,19.34,261.03,Paid
INVF719D3F2E2,CUST100071462,2025-12-27,2026-01-17,46.31,3.7,50.01,Partially Paid
INVD5EAE5C444,CUST100039538,2025-12-05,2025-12-26,257.54,20.6,278.14,Paid
INVC4BCB0C172,CUST100026700,2025-11-26,2025-12-17,349.89,27.99,377.88,Paid
INV791A05D148,CUST100022100,2026-05-23,2026-06-13,218.42,17.47,235.89,Paid
INV4EA01E4D4E,CUST100036843,2026-06-18,2026-07-09,201.35,16.11,217.46,Unpaid
INVA0988D472D,CUST100076934,2025-08-23,2025-09-13,223.2,17.86,241.06,Paid
INV0038804130,CUST100034196,2026-07-04,2026-07-25,361.31,28.9,390.21,Paid
INVE0E1F278AE,CUST100010556,2025-09-10,2025-10-01,206.57,16.53,223.1,Partially Paid
INV7F547FA7B5,CUST100025165,2025-12-14,2026-01-04,164.06,13.12,177.18,Partially Paid
INV7151CC1ECF,CUST100085365,2025-12-09,2025-12-30,381.56,30.52,412.08,Overdue
INVCA4ABB55C1,CUST100028577,2026-04-07,2026-04-28,282.42,22.59,305.01,Partially Paid
INV30B1B3352D,CUST100091047,2026-07-20,2026-08-10,251.33,20.11,271.44,Paid
INV4CA0927DD6,CUST100018785,2025-12-31,2026-01-21,344.64,27.57,372.21,Paid
INV277D73F0E0,CUST100026603,2026-07-07,2026-07-28,41.75,3.34,45.09,Overdue
INVDD1F80D491,CUST100045488,2025-10-10,2025-10-31,254.95,20.4,275.35,Partially Paid
INV7CCF9DE65C,CUST100042664,2026-02-07,2026-02-28,357.0,28.56,385.56,Paid
INV1A561B2615,CUST100028139,2026-05-20,2026-06-10,227.05,18.16,245.21,Paid
INVE08375FAD5,CUST100064432,2025-09-21,2025-10-12,211.96,16.96,228.92,Partially Paid
INVC85EE15D55,CUST100047938,2025-08-23,2025-09-13,310.41,24.83,335.24,Paid
INV904221A78A,CUST100081802,2026-04-07,2026-04-28,45.35,3.63,48.98,Paid
INVE3584BB468,CUST100068742,2026-04-01,2026-04-22,285.63,22.85,308.48,Overdue
INVF97EF0C983,CUST100015538,2025-11-23,2025-12-14,267.85,21.43,289.28,Paid
INV6E834DAB47,CUST100046520,2026-05-22,2026-06-12,374.0,29.92,403.92,Paid
INV1C84C22FCC,CUST100020945,2025-12-17,2026-01-07,103.17,8.25,111.42,Paid
INVF09BD94A43,CUST100009063,2026-03-08,2026-03-29,206.47,16.52,222.99,Paid
INVD840AF6754,CUST100059764,2026-03-14,2026-04-04,180.12,14.41,194.53,Paid
INVF76E07D7A8,CUST100001499,2026-04-04,2026-04-25,193.24,15.46,208.7,Paid
INV4699FDBC88,CUST100058791,2025-09-26,2025-10-17,275.48,22.04,297.52,Paid
INV5C784E5896,CUST100008511,2025-12-29,2026-01-19,152.82,12.23,165.05,Paid
INV2D41124B30,CUST100098176,2025-10-04,2025-10-25,83.78,6.7,90.48,Paid
INVF0D0A1606E,CUST100062144,2026-06-13,2026-07-04,164.83,13.19,178.02,Paid
INV1B583A64CE,CUST100084773,2025-10-10,2025-10-31,206.67,16.53,223.2,Unpaid
INVB2047A2045,CUST100007378,2025-10-12,2025-11-02,239.96,19.2,259.16,Partially Paid
INVD66662277D,CUST100033927,2025-08-01,2025-08-22,103.57,8.29,111.86,Paid
INV4F81307792,CUST100087098,2025-10-30,2025-11-20,254.29,20.34,274.63,Paid
INV36F15FCC30,CUST100014341,2026-06-29,2026-07-20,330.59,26.45,357.04,Paid
INV0772905D02,CUST100077040,2025-10-08,2025-10-29,180.28,14.42,194.7,Paid
INV78634D28F7,CUST100031475,2026-04-17,2026-05-08,359.62,28.77,388.39,Paid
INV40EC332CA0,CUST100060084,2025-11-04,2025-11-25,57.96,4.64,62.6,Unpaid
INV8B31D191DD,CUST100051837,2026-04-30,2026-05-21,307.65,24.61,332.26,Paid
INV0216616F0D,CUST100024043,2026-02-23,2026-03-16,66.43,5.31,71.74,Unpaid
INV12261190AF,CUST100074942,2026-07-20,2026-08-10,286.54,22.92,309.46,Paid
INV2C795B6CBA,CUST100015588,2026-01-20,2026-02-10,316.83,25.35,342.18,Paid
INVCEC29CE810,CUST100037862,2026-04-25,2026-05-16,121.14,9.69,130.83,Paid
INV0DD2854298,CUST100041092,2026-03-10,2026-03-31,119.46,9.56,129.02,Paid
INVEFC9B9A5E9,CUST100066793,2026-06-05,2026-06-26,92.93,7.43,100.36,Paid
INV782644DB00,CUST100077880,2026-07-07,2026-07-28,394.76,31.58,426.34,Unpaid
INV18545EE307,CUST100077511,2025-10-20,2025-11-10,35.43,2.83,38.26,Paid
INV56B9BDB534,CUST100012505,2026-06-28,2026-07-19,151.11,12.09,163.2,Paid
INV48B60C6EC2,CUST100077861,2025-09-21,2025-10-12,399.1,31.93,431.03,Paid
INV21D0DE984F,CUST100035949,2026-06-05,2026-06-26,281.8,22.54,304.34,Unpaid
INV8F50EDC5A9,CUST100084759,2026-07-12,2026-08-02,339.69,27.18,366.87,Overdue
INV89F974EA79,CUST100001102,2026-05-28,2026-06-18,320.52,25.64,346.16,Unpaid
INV12B97C897C,CUST100025602,2026-05-28,2026-06-18,297.17,23.77,320.94,Unpaid
INVE42A1CEA95,CUST100077986,2025-08-10,2025-08-31,390.5,31.24,421.74,Paid
INVA6B3909CAE,CUST100021155,2025-08-28,2025-09-18,332.81,26.62,359.43,Paid
INV165DC4EFF8,CUST100001448,2025-10-26,2025-11-16,50.42,4.03,54.45,Unpaid
INV13B28BFE47,CUST100086531,2026-03-07,2026-03-28,161.3,12.9,174.2,Paid
INV71CE3A1899,CUST100002234,2025-10-30,2025-11-20,266.82,21.35,288.17,Paid
INV8BA9D602A4,CUST100031487,2025-12-02,2025-12-23,293.54,23.48,317.02,Paid
INV8FC4D5D5E6,CUST100063046,2025-11-02,2025-11-23,22.28,1.78,24.06,Unpaid
INVA86D98DC2D,CUST100010835,2025-10-30,2025-11-20,300.07,24.01,324.08,Overdue
INVF1E0AE1BEB,CUST100071551,2026-02-24,2026-03-17,330.91,26.47,357.38,Unpaid
INV560C05CC98,CUST100054931,2025-09-28,2025-10-19,245.62,19.65,265.27,Paid
INV7B89B15DB8,CUST100073557,2025-08-03,2025-08-24,136.09,10.89,146.98,Paid
INV97D228A577,CUST100011870,2025-08-25,2025-09-15,348.45,27.88,376.33,Partially Paid
INV0F5736F01A,CUST100026830,2026-02-07,2026-02-28,120.86,9.67,130.53,Paid
INVD63E013E8B,CUST100050338,2026-03-17,2026-04-07,115.35,9.23,124.58,Paid
INVFF2DDB52E1,CUST100055719,2025-09-17,2025-10-08,250.66,20.05,270.71,Overdue
INVF3367054F0,CUST100024149,2026-03-20,2026-04-10,165.86,13.27,179.13,Paid
INVB05404F74C,CUST100061714,2026-02-16,2026-03-09,209.34,16.75,226.09,Paid
INV8C80880261,CUST100097425,2026-05-17,2026-06-07,278.67,22.29,300.96,Paid
INV45C34F850A,CUST100053757,2026-06-27,2026-07-18,245.24,19.62,264.86,Paid
INV297B72F04C,CUST100082811,2025-11-02,2025-11-23,365.61,29.25,394.86,Overdue
INV7750A6F3E3,CUST100010579,2026-06-02,2026-06-23,293.46,23.48,316.94,Paid
INVD69F5EE392,CUST100080017,2026-05-28,2026-06-18,177.72,14.22,191.94,Paid
INV3485D6C67B,CUST100044945,2026-01-05,2026-01-26,244.1,19.53,263.63,Partially Paid
INVF86C0A7BCA,CUST100076299,2026-05-13,2026-06-03,393.04,31.44,424.48,Paid
INV3D35651EF2,CUST100044232,2025-09-13,2025-10-04,175.51,14.04,189.55,Unpaid
INVB93A85EBEB,CUST100063011,2025-10-19,2025-11-09,342.96,27.44,370.4,Paid
INV06F46253C2,CUST100044223,2026-04-30,2026-05-21,56.27,4.5,60.77,Paid
INVFFE3B3A52E,CUST100078773,2026-02-17,2026-03-10,157.92,12.63,170.55,Paid
INV95E3DAE201,CUST100094462,2026-06-30,2026-07-21,329.52,26.36,355.88,Paid
INV1166CA4E56,CUST100083695,2025-08-15,2025-09-05,322.27,25.78,348.05,Paid
INV5B32638955,CUST100076309,2025-12-18,2026-01-08,296.62,23.73,320.35,Paid
INVAE133BA5EF,CUST100078356,2025-11-28,2025-12-19,162.45,13.0,175.45,Paid
INVD7B7ED8001,CUST100086407,2026-06-13,2026-07-04,271.33,21.71,293.04,Paid
INV2EC6422312,CUST100048803,2026-03-07,2026-03-28,352.77,28.22,380.99,Paid
INV5155959C04,CUST100096759,2026-06-22,2026-07-13,175.33,14.03,189.36,Paid
INVCF6DE6C6BD,CUST100055753,2026-02-23,2026-03-16,371.89,29.75,401.64,Paid
INVDA22249CD3,CUST100022248,2025-10-03,2025-10-24,212.72,17.02,229.74,Partially Paid
INV7BD39D85AE,CUST100004411,2025-11-13,2025-12-04,243.74,19.5,263.24,Paid
INV19E4FE406E,CUST100084587,2025-12-13,2026-01-03,187.96,15.04,203.0,Paid
INVABCF7CC37F,CUST100015816,2026-01-08,2026-01-29,69.69,5.58,75.27,Paid
INV5135A7B572,CUST100057396,2025-08-13,2025-09-03,323.94,25.92,349.86,Unpaid
INV850248BB11,CUST100013446,2026-05-13,2026-06-03,134.69,10.78,145.47,Overdue
INV2C55114D36,CUST100088451,2025-12-09,2025-12-30,392.39,31.39,423.78,Paid
INV92987723F4,CUST100065209,2026-06-13,2026-07-04,117.75,9.42,127.17,Overdue
INVCD2F685D83,CUST100043490,2025-10-29,2025-11-19,100.63,8.05,108.68,Paid
INVE0E9FED896,CUST100034643,2025-12-07,2025-12-28,259.77,20.78,280.55,Partially Paid
INV711122449C,CUST100031454,2025-08-04,2025-08-25,206.16,16.49,222.65,Paid
INVDECFA70BD7,CUST100015110,2026-04-19,2026-05-10,297.58,23.81,321.39,Overdue
INV407D00A0AF,CUST100082571,2026-04-14,2026-05-05,106.58,8.53,115.11,Overdue
INVB2DD3D361F,CUST100072179,2026-01-03,2026-01-24,234.31,18.74,253.05,Unpaid
INVB9510C468D,CUST100029023,2025-12-21,2026-01-11,310.51,24.84,335.35,Partially Paid
INV04E2DAA7C7,CUST100087287,2026-02-15,2026-03-08,270.29,21.62,291.91,Paid
INVCF15D0CC3F,CUST100074072,2026-01-26,2026-02-16,267.02,21.36,288.38,Unpaid
INV27EA72DCC2,CUST100096088,2026-02-11,2026-03-04,277.34,22.19,299.53,Paid
INV8D44BF78A7,CUST100082111,2026-05-10,2026-05-31,274.64,21.97,296.61,Paid
INV73954C71E8,CUST100098879,2026-05-15,2026-06-05,122.93,9.83,132.76,Overdue
INV25AB7D0447,CUST100040793,2026-02-23,2026-03-16,378.34,30.27,408.61,Paid
INV43D84C850F,CUST100043257,2026-06-27,2026-07-18,102.55,8.2,110.75,Paid
INV264C0EE96D,CUST100001227,2026-04-08,2026-04-29,54.47,4.36,58.83,Paid
INVE0028A0459,CUST100079036,2026-06-21,2026-07-12,35.12,2.81,37.93,Unpaid
INV331C149C3D,CUST100063076,2026-01-13,2026-02-03,204.25,16.34,220.59,Paid
INV301E90C1A3,CUST100037165,2025-12-22,2026-01-12,174.87,13.99,188.86,Paid
INVE6B83D84E6,CUST100091529,2025-08-29,2025-09-19,77.86,6.23,84.09,Unpaid
INV49B22F6E20,CUST100048021,2026-05-08,2026-05-29,343.96,27.52,371.48,Paid
INV565CCC1DD1,CUST100097253,2025-08-04,2025-08-25,277.97,22.24,300.21,Unpaid
INVD934AD3257,CUST100014197,2026-02-25,2026-03-18,66.36,5.31,71.67,Paid
INV8A3C3D0CFC,CUST100076217,2025-09-04,2025-09-25,391.83,31.35,423.18,Partially Paid
INVF17680417A,CUST100067514,2026-03-31,2026-04-21,228.45,18.28,246.73,Paid
INV5371565E4B,CUST100062948,2025-11-02,2025-11-23,231.55,18.52,250.07,Paid
INV5E8037C5C3,CUST100028520,2026-01-09,2026-01-30,148.0,11.84,159.84,Paid
INV8EBF9EAB74,CUST100044634,2026-01-07,2026-01-28,122.32,9.79,132.11,Unpaid
INVF226B487AC,CUST100009975,2026-01-20,2026-02-10,334.27,26.74,361.01,Unpaid
INV0316F237A1,CUST100097394,2026-04-25,2026-05-16,263.12,21.05,284.17,Paid
INVDD1CBF7C37,CUST100020765,2026-02-15,2026-03-08,152.59,12.21,164.8,Paid
INV4AA14EAAA2,CUST100011163,2025-09-19,2025-10-10,48.57,3.89,52.46,Paid
INV72222438C7,CUST100035273,2026-07-22,2026-08-12,279.13,22.33,301.46,Overdue
INV4A789D96E4,CUST100001279,2025-12-18,2026-01-08,179.8,14.38,194.18,Paid
INV321838A0BF,CUST100079901,2026-04-23,2026-05-14,309.83,24.79,334.62,Paid
INV0324284D92,CUST100048838,2026-04-16,2026-05-07,74.74,5.98,80.72,Paid
INVBAC3CAD274,CUST100052444,2026-07-02,2026-07-23,206.73,16.54,223.27,Paid
INVCCD0B30B2C,CUST100081857,2026-02-01,2026-02-22,277.99,22.24,300.23,Unpaid
INV6E6FACB3FD,CUST100031536,2025-10-28,2025-11-18,61.72,4.94,66.66,Unpaid
INV58A092F7A3,CUST100086574,2025-09-20,2025-10-11,125.8,10.06,135.86,Unpaid
INV6B5CB01169,CUST100038589,2026-04-24,2026-05-15,269.45,21.56,291.01,Paid
INV527AD5CBFE,CUST100048717,2026-02-09,2026-03-02,255.18,20.41,275.59,Paid
INV690CB43CE8,CUST100051787,2025-08-19,2025-09-09,300.12,24.01,324.13,Paid
INVBF7EAEE0CD,CUST100001666,2026-04-17,2026-05-08,350.74,28.06,378.8,Paid
INV0463FEC76B,CUST100069809,2026-02-22,2026-03-15,29.92,2.39,32.31,Paid
INV0BDC8C2A54,CUST100021439,2026-05-15,2026-06-05,150.42,12.03,162.45,Partially Paid
INV1C572A08F9,CUST100020258,2025-08-20,2025-09-10,52.76,4.22,56.98,Paid
INV071FFA7370,CUST100028670,2026-07-14,2026-08-04,115.16,9.21,124.37,Paid
INVC87A707EDC,CUST100051684,2025-12-16,2026-01-06,72.98,5.84,78.82,Paid
INV8E090CBDD2,CUST100089098,2025-10-19,2025-11-09,107.35,8.59,115.94,Overdue
INV6EC53ADE76,CUST100048317,2026-05-10,2026-05-31,262.31,20.98,283.29,Paid
INV9D5E6D1B8B,CUST100074143,2026-04-04,2026-04-25,314.8,25.18,339.98,Paid
INV3F4BD4362E,CUST100065060,2026-06-23,2026-07-14,153.06,12.24,165.3,Unpaid
INVB59F99F27A,CUST100005841,2025-09-15,2025-10-06,155.57,12.45,168.02,Overdue
INV014C605AF9,CUST100064685,2026-03-18,2026-04-08,240.22,19.22,259.44,Paid
INV69CA7216D8,CUST100029925,2025-12-19,2026-01-09,53.33,4.27,57.6,Unpaid
INVB6A0D653B6,CUST100089036,2026-01-01,2026-01-22,79.52,6.36,85.88,Paid
INVB644B3BF0C,CUST100034726,2026-02-20,2026-03-13,88.57,7.09,95.66,Paid
INV4B91EDC5E2,CUST100099044,2026-05-10,2026-05-31,255.4,20.43,275.83,Paid
INVF65A792321,CUST100093348,2025-10-30,2025-11-20,337.27,26.98,364.25,Paid
INVAECFD58913,CUST100087088,2025-12-04,2025-12-25,87.44,7.0,94.44,Partially Paid
INV203A15F773,CUST100057192,2025-11-14,2025-12-05,145.28,11.62,156.9,Unpaid
INV7357A229DB,CUST100088906,2025-11-28,2025-12-19,315.92,25.27,341.19,Paid
INV5004331D2F,CUST100060303,2026-07-06,2026-07-27,31.77,2.54,34.31,Paid
INV9CFF57B42F,CUST100027440,2025-12-07,2025-12-28,384.11,30.73,414.84,Overdue
INV6D55814C08,CUST100094540,2026-04-19,2026-05-10,327.13,26.17,353.3,Paid
INV3DA78E0421,CUST100014438,2026-06-05,2026-06-26,103.7,8.3,112.0,Paid
INV3DFA1FE79E,CUST100055677,2026-02-13,2026-03-06,283.22,22.66,305.88,Paid
INVCFD8FCF305,CUST100086085,2026-06-09,2026-06-30,233.6,18.69,252.29,Paid
INV61BE3BCFB6,CUST100062339,2026-03-02,2026-03-23,249.07,19.93,269.0,Unpaid
INV6586C3223D,CUST100046038,2026-06-09,2026-06-30,384.29,30.74,415.03,Paid
INV27EDA72308,CUST100054528,2026-07-12,2026-08-02,382.43,30.59,413.02,Paid
INV42C1D9A99E,CUST100032186,2026-04-28,2026-05-19,225.69,18.06,243.75,Unpaid
INV1A954CB4ED,CUST100022461,2026-07-14,2026-08-04,249.17,19.93,269.1,Paid
INV0BA97ACF2A,CUST100028603,2025-12-15,2026-01-05,353.58,28.29,381.87,Paid
INV3F7913FEAA,CUST100036490,2026-02-08,2026-03-01,341.62,27.33,368.95,Paid
INVAC6AC24446,CUST100081375,2026-05-24,2026-06-14,140.28,11.22,151.5,Paid
INVEE565006E1,CUST100080999,2026-06-20,2026-07-11,197.26,15.78,213.04,Paid
INV0C69401087,CUST100052485,2025-09-14,2025-10-05,55.79,4.46,60.25,Paid
INVDD6C7DC86A,CUST100003294,2025-12-04,2025-12-25,118.87,9.51,128.38,Paid
INV0271BC9D8B,CUST100067329,2025-10-09,2025-10-30,292.65,23.41,316.06,Partially Paid
INVD8E99FE6FE,CUST100085822,2026-07-12,2026-08-02,214.04,17.12,231.16,Paid
INV32CFAC651B,CUST100026877,2026-01-21,2026-02-11,48.43,3.87,52.3,Paid
INV5184EFDB4C,CUST100072795,2025-10-07,2025-10-28,336.75,26.94,363.69,Paid
INVEEC57076CE,CUST100020630,2025-11-24,2025-12-15,350.1,28.01,378.11,Overdue
INV752808CF76,CUST100088920,2025-09-18,2025-10-09,111.64,8.93,120.57,Paid
INVF79F28450E,CUST100094204,2026-05-10,2026-05-31,70.46,5.64,76.1,Paid
INVB2EB5D54D9,CUST100072837,2025-09-04,2025-09-25,177.52,14.2,191.72,Paid
INV934435B14E,CUST100021978,2026-04-26,2026-05-17,278.44,22.28,300.72,Partially Paid
INVD334730891,CUST100017172,2026-06-06,2026-06-27,173.46,13.88,187.34,Paid
INV54600B4B08,CUST100035489,2026-02-08,2026-03-01,346.44,27.72,374.16,Overdue
INV2721C89D52,CUST100047712,2026-05-06,2026-05-27,321.57,25.73,347.3,Overdue
INVAC7E00E91A,CUST100009771,2026-01-11,2026-02-01,398.38,31.87,430.25,Paid
INVF14CDD3AD3,CUST100071046,2025-08-28,2025-09-18,30.41,2.43,32.84,Paid
INV0E6739D5EE,CUST100027451,2026-06-02,2026-06-23,46.81,3.74,50.55,Partially Paid
INVCC49473023,CUST100078241,2026-04-12,2026-05-03,122.01,9.76,131.77,Paid
INVDA1A8D3D7E,CUST100022134,2026-05-04,2026-05-25,262.43,20.99,283.42,Paid
INV4D4F3EE031,CUST100083503,2026-06-20,2026-07-11,64.78,5.18,69.96,Unpaid
INV319F28A8C6,CUST100058936,2026-04-12,2026-05-03,153.13,12.25,165.38,Paid
INV5E8E87FFD7,CUST100078473,2026-05-06,2026-05-27,376.52,30.12,406.64,Paid
INV0EAD6993B9,CUST100033911,2025-12-06,2025-12-27,342.36,27.39,369.75,Paid
INV26FDC2CDA3,CUST100052364,2025-08-09,2025-08-30,305.37,24.43,329.8,Overdue
INV76E31F863B,CUST100079109,2025-08-15,2025-09-05,256.02,20.48,276.5,Paid
INV5C67A84827,CUST100097518,2026-05-15,2026-06-05,101.39,8.11,109.5,Partially Paid
INVF45A1C0C1D,CUST100023222,2025-08-26,2025-09-16,215.16,17.21,232.37,Paid
INVB8DE3C2E54,CUST100090705,2026-01-17,2026-02-07,340.78,27.26,368.04,Paid
INVE63807F673,CUST100087644,2026-04-08,2026-04-29,57.0,4.56,61.56,Paid
INV9024775216,CUST100043782,2026-04-02,2026-04-23,281.38,22.51,303.89,Overdue
INVC28C17E38C,CUST100003102,2025-10-17,2025-11-07,282.19,22.58,304.77,Paid
INV4930154B07,CUST100028626,2025-12-18,2026-01-08,119.71,9.58,129.29,Partially Paid
INV0AE7187784,CUST100059653,2025-11-23,2025-12-14,198.85,15.91,214.76,Paid
INVA97F5FF556,CUST100045430,2026-04-12,2026-05-03,105.31,8.42,113.73,Unpaid
INV65B5659167,CUST100012339,2026-01-25,2026-02-15,58.19,4.66,62.85,Paid
INV618EBA622F,CUST100086880,2026-06-11,2026-07-02,197.44,15.8,213.24,Paid
INV51DE435D90,CUST100019134,2026-01-13,2026-02-03,132.04,10.56,142.6,Unpaid
INVCA608FE385,CUST100049752,2026-02-24,2026-03-17,334.0,26.72,360.72,Paid
INV622DE5A709,CUST100088493,2026-02-17,2026-03-10,189.19,15.14,204.33,Paid
INV224143741B,CUST100000377,2025-12-22,2026-01-12,270.97,21.68,292.65,Partially Paid
INVCE351C92D2,CUST100042381,2026-07-17,2026-08-07,318.77,25.5,344.27,Paid
INVA07C74E3D0,CUST100046635,2026-01-06,2026-01-27,105.05,8.4,113.45,Paid
INV7035A508F9,CUST100085573,2026-01-09,2026-01-30,252.47,20.2,272.67,Paid
INVB50538993E,CUST100026367,2025-09-19,2025-10-10,144.63,11.57,156.2,Paid
INVFA5ADB2997,CUST100086209,2025-08-31,2025-09-21,269.7,21.58,291.28,Paid
INV9AE20958F9,CUST100043743,2025-08-27,2025-09-17,117.9,9.43,127.33,Paid
INVD09C97ABDD,CUST100063153,2026-02-21,2026-03-14,160.13,12.81,172.94,Unpaid
INVF6A17EEA00,CUST100084984,2026-07-22,2026-08-12,321.94,25.76,347.7,Paid
INV33F8145018,CUST100022885,2025-08-29,2025-09-19,115.48,9.24,124.72,Partially Paid
INVDC6480C2FC,CUST100022589,2026-07-02,2026-07-23,165.83,13.27,179.1,Partially Paid
INV0317C61D83,CUST100001479,2025-10-10,2025-10-31,286.38,22.91,309.29,Paid
INVB7FCF70369,CUST100044294,2026-02-05,2026-02-26,120.09,9.61,129.7,Paid
INV2781C08850,CUST100005084,2026-07-14,2026-08-04,166.28,13.3,179.58,Paid
INVB99535A321,CUST100043558,2025-10-22,2025-11-12,361.0,28.88,389.88,Paid
INVA639451C00,CUST100012027,2025-08-16,2025-09-06,121.24,9.7,130.94,Paid
INVFB2C4EF095,CUST100012264,2025-09-26,2025-10-17,21.32,1.71,23.03,Unpaid
INVC0A5BC4D6E,CUST100023156,2026-07-07,2026-07-28,378.46,30.28,408.74,Overdue
INV9B60CC06C8,CUST100076758,2025-10-10,2025-10-31,311.11,24.89,336.0,Unpaid
INV4CA9E9DD31,CUST100096760,2026-05-02,2026-05-23,346.5,27.72,374.22,Paid
INV76039C9D3F,CUST100096743,2026-05-13,2026-06-03,121.67,9.73,131.4,Paid
INV63CCDB25A1,CUST100029637,2026-05-16,2026-06-06,133.41,10.67,144.08,Paid
INV9059407FCF,CUST100074348,2025-12-20,2026-01-10,213.16,17.05,230.21,Paid
INV54F7AAAF4D,CUST100029699,2026-07-21,2026-08-11,114.5,9.16,123.66,Paid
INV27531EB48A,CUST100051818,2026-04-15,2026-05-06,349.05,27.92,376.97,Paid
INVF12FE46457,CUST100021996,2025-11-06,2025-11-27,324.19,25.94,350.13,Partially Paid
INV81C8B4BD2A,CUST100073646,2025-08-31,2025-09-21,143.61,11.49,155.1,Paid
INV450AB76446,CUST100087093,2025-08-14,2025-09-04,151.24,12.1,163.34,Paid
INVF5DCB7F3A6,CUST100030171,2026-07-21,2026-08-11,243.1,19.45,262.55,Paid
INV7BB2841D1E,CUST100059991,2026-01-07,2026-01-28,167.76,13.42,181.18,Unpaid
INVAB36B45C96,CUST100006112,2025-09-29,2025-10-20,339.08,27.13,366.21,Partially Paid
INV664E0BACE2,CUST100052134,2026-04-12,2026-05-03,333.14,26.65,359.79,Partially Paid
INV3DE97DA724,CUST100045858,2025-08-22,2025-09-12,386.56,30.92,417.48,Paid
INV1BDE374C8F,CUST100098095,2026-03-02,2026-03-23,339.35,27.15,366.5,Paid
INV72A40896B8,CUST100050430,2026-04-01,2026-04-22,154.48,12.36,166.84,Paid
INV11F43EC92B,CUST100046400,2025-10-06,2025-10-27,216.03,17.28,233.31,Partially Paid
INV5C4934DA40,CUST100094900,2025-08-02,2025-08-23,218.76,17.5,236.26,Partially Paid
INV271A0643E2,CUST100087540,2026-02-05,2026-02-26,333.91,26.71,360.62,Paid
INVBA024B7BAA,CUST100039252,2025-12-22,2026-01-12,273.29,21.86,295.15,Paid
INV5CAA1992C3,CUST100000529,2026-07-08,2026-07-29,212.47,17.0,229.47,Overdue
INV585544DF9B,CUST100010266,2026-06-16,2026-07-07,374.69,29.98,404.67,Paid
INV471B04E660,CUST100098437,2026-01-30,2026-02-20,142.69,11.42,154.11,Paid
INVD6C8E61EBE,CUST100095904,2025-08-15,2025-09-05,182.81,14.62,197.43,Overdue
INV752A98B3BB,CUST100033155,2026-04-16,2026-05-07,239.51,19.16,258.67,Paid
INV2453727995,CUST100064530,2025-12-21,2026-01-11,63.27,5.06,68.33,Paid
INVB78B213EBE,CUST100074580,2026-02-13,2026-03-06,94.6,7.57,102.17,Paid
INV1208B1B139,CUST100034513,2026-06-13,2026-07-04,78.71,6.3,85.01,Paid
INVEA5D224F7D,CUST100046309,2026-05-29,2026-06-19,22.4,1.79,24.19,Paid
INVD99FA0F62D,CUST100097602,2025-11-27,2025-12-18,219.38,17.55,236.93,Paid
INVF9921E53BA,CUST100055068,2026-02-18,2026-03-11,347.15,27.77,374.92,Paid
INV041BB62D4A,CUST100005250,2026-02-22,2026-03-15,33.85,2.71,36.56,Paid
INVBA4A7F5E9E,CUST100068639,2026-01-07,2026-01-28,180.83,14.47,195.3,Unpaid
INVFCCD7F79BB,CUST100096178,2025-11-03,2025-11-24,281.85,22.55,304.4,Paid
INV773EC1B3CE,CUST100030898,2025-11-26,2025-12-17,76.2,6.1,82.3,Paid
INV4121836024,CUST100069380,2026-05-01,2026-05-22,22.54,1.8,24.34,Paid
INVCC2D1D4EF9,CUST100097272,2025-11-02,2025-11-23,144.36,11.55,155.91,Paid
INVD074227FE5,CUST100067400,2026-07-14,2026-08-04,183.86,14.71,198.57,Paid
INVC2148E20C1,CUST100098785,2026-07-14,2026-08-04,194.64,15.57,210.21,Paid
INVF4CA304CC5,CUST100068149,2026-04-14,2026-05-05,255.22,20.42,275.64,Unpaid
INVDAED1C0CC9,CUST100016157,2025-12-29,2026-01-19,183.12,14.65,197.77,Paid
INV8540BADAEF,CUST100062634,2025-10-16,2025-11-06,333.0,26.64,359.64,Paid
INVE51A2B29BC,CUST100091836,2026-05-26,2026-06-16,50.79,4.06,54.85,Paid
INV5D056FBB68,CUST100002830,2026-05-25,2026-06-15,206.45,16.52,222.97,Paid
INVF9B2E3EE54,CUST100098135,2025-10-23,2025-11-13,302.93,24.23,327.16,Paid
INV776FDD67E9,CUST100025718,2025-09-16,2025-10-07,142.56,11.4,153.96,Paid
INVF9E33B0A23,CUST100067520,2025-11-12,2025-12-03,82.13,6.57,88.7,Paid
INV3D3F260639,CUST100065285,2026-07-02,2026-07-23,23.79,1.9,25.69,Paid
INVEC2233E9AB,CUST100063997,2025-12-16,2026-01-06,389.32,31.15,420.47,Paid
INVA059467A09,CUST100005263,2026-05-13,2026-06-03,71.87,5.75,77.62,Paid
INV41F3A3FDA5,CUST100013537,2025-10-14,2025-11-04,31.93,2.55,34.48,Paid
INV9B776EC190,CUST100069635,2026-05-11,2026-06-01,393.94,31.52,425.46,Unpaid
INVECEBF06912,CUST100048883,2025-12-08,2025-12-29,107.27,8.58,115.85,Partially Paid
INV7ABCB40728,CUST100069768,2026-05-04,2026-05-25,240.15,19.21,259.36,Paid
INVAA43883D10,CUST100004105,2026-04-28,2026-05-19,153.22,12.26,165.48,Unpaid
INVAD13378E73,CUST100091885,2026-07-20,2026-08-10,267.63,21.41,289.04,Paid
INVF068A464B9,CUST100084692,2026-02-06,2026-02-27,331.95,26.56,358.51,Unpaid
INV415DA984F8,CUST100087759,2025-08-15,2025-09-05,104.23,8.34,112.57,Paid
INV7053679B45,CUST100009679,2025-12-02,2025-12-23,248.12,19.85,267.97,Paid
INV414DB9FF06,CUST100010337,2026-05-18,2026-06-08,235.18,18.81,253.99,Unpaid
INV000DB4F467,CUST100042689,2026-07-22,2026-08-12,219.42,17.55,236.97,Paid
INV62D662E8C9,CUST100015041,2026-07-08,2026-07-29,384.79,30.78,415.57,Paid
INVE343905041,CUST100019042,2025-12-09,2025-12-30,224.73,17.98,242.71,Paid
INV4C290E6674,CUST100024222,2025-09-13,2025-10-04,369.62,29.57,399.19,Paid
INV56A8A1F647,CUST100062230,2026-07-11,2026-08-01,327.22,26.18,353.4,Unpaid
INV9CE2590824,CUST100037433,2025-12-30,2026-01-20,162.78,13.02,175.8,Partially Paid
INVE2CFD89A88,CUST100026943,2026-03-09,2026-03-30,391.86,31.35,423.21,Paid
INVF261860019,CUST100094793,2026-07-11,2026-08-01,195.47,15.64,211.11,Paid
INVB9C3EA9640,CUST100070615,2025-10-01,2025-10-22,378.98,30.32,409.3,Paid
INV545536A297,CUST100082552,2026-01-09,2026-01-30,140.73,11.26,151.99,Unpaid
INVCF845FDA9E,CUST100000213,2025-08-22,2025-09-12,316.15,25.29,341.44,Paid
INV043E15F823,CUST100023205,2025-08-06,2025-08-27,27.37,2.19,29.56,Paid
INVF61BF67477,CUST100084806,2026-05-12,2026-06-02,126.68,10.13,136.81,Paid
INVFC1522491F,CUST100002297,2025-09-14,2025-10-05,147.66,11.81,159.47,Paid
INV2BDEC9BB6D,CUST100039268,2025-11-02,2025-11-23,51.64,4.13,55.77,Paid
INVA3BC06162B,CUST100053340,2026-01-17,2026-02-07,359.74,28.78,388.52,Paid
INVC433F5E078,CUST100035375,2026-04-01,2026-04-22,299.48,23.96,323.44,Paid
INVA7580AE6E0,CUST100021616,2025-10-19,2025-11-09,357.42,28.59,386.01,Paid
INV5CC57A5A25,CUST100059359,2026-06-09,2026-06-30,187.47,15.0,202.47,Paid
INV86E3FFED9E,CUST100035439,2025-12-26,2026-01-16,130.58,10.45,141.03,Paid
INV729D2614FF,CUST100018655,2026-01-29,2026-02-19,354.68,28.37,383.05,Partially Paid
INVEC53009905,CUST100015400,2026-01-25,2026-02-15,262.35,20.99,283.34,Unpaid
INV9350288B57,CUST100045204,2025-11-11,2025-12-02,152.35,12.19,164.54,Partially Paid
INVC8D86FAB95,CUST100076382,2025-11-22,2025-12-13,35.62,2.85,38.47,Paid
INV11C89D0161,CUST100075007,2025-08-06,2025-08-27,295.71,23.66,319.37,Paid
INV0DB09D6810,CUST100078182,2026-01-07,2026-01-28,58.75,4.7,63.45,Overdue
INVD44435EA5D,CUST100007101,2026-03-11,2026-04-01,182.98,14.64,197.62,Overdue
INV6643E1A627,CUST100030173,2026-07-23,2026-08-13,284.78,22.78,307.56,Overdue
INV469C9DFD94,CUST100037488,2025-10-23,2025-11-13,71.72,5.74,77.46,Paid
INVF951793603,CUST100086575,2026-04-08,2026-04-29,134.06,10.72,144.78,Paid
INV1DE768A6B4,CUST100029988,2026-07-11,2026-08-01,237.39,18.99,256.38,Paid
INVD1A6DAEB27,CUST100072550,2025-09-24,2025-10-15,188.61,15.09,203.7,Paid
INV59EFCFAE4B,CUST100089773,2026-06-09,2026-06-30,327.94,26.24,354.18,Overdue
INV566522740F,CUST100050091,2026-03-05,2026-03-26,146.15,11.69,157.84,Partially Paid
INVBF828AA096,CUST100068866,2026-04-07,2026-04-28,339.14,27.13,366.27,Paid
INV43BEA2C1D4,CUST100003836,2026-03-25,2026-04-15,181.21,14.5,195.71,Overdue
INV31463F0B88,CUST100038783,2025-10-02,2025-10-23,310.06,24.8,334.86,Unpaid
INVD6241B5719,CUST100068918,2025-12-27,2026-01-17,109.09,8.73,117.82,Paid
INV3F1E9DF504,CUST100046121,2025-08-30,2025-09-20,28.54,2.28,30.82,Paid
INVE85E5CA049,CUST100075910,2026-06-17,2026-07-08,327.93,26.23,354.16,Unpaid
INVDE0E670687,CUST100073513,2026-03-06,2026-03-27,189.92,15.19,205.11,Paid
INV919328FF78,CUST100035078,2025-11-24,2025-12-15,362.45,29.0,391.45,Partially Paid
INV51D8DCBAAB,CUST100019009,2026-05-03,2026-05-24,384.94,30.8,415.74,Paid
INV241D0E8D87,CUST100035133,2025-08-28,2025-09-18,64.81,5.18,69.99,Paid
INV5248AEF91D,CUST100073982,2025-09-27,2025-10-18,195.01,15.6,210.61,Paid
INV6104078CAA,CUST100087769,2025-11-19,2025-12-10,377.26,30.18,407.44,Paid
INV60163453F1,CUST100092557,2025-10-11,2025-11-01,358.38,28.67,387.05,Overdue
INV2211437C4D,CUST100072719,2026-06-17,2026-07-08,236.08,18.89,254.97,Paid
INV2C72C13173,CUST100065359,2026-05-18,2026-06-08,88.36,7.07,95.43,Overdue
INVF0EEB17506,CUST100054287,2025-10-09,2025-10-30,85.57,6.85,92.42,Paid
INVEA0F297916,CUST100069034,2025-09-29,2025-10-20,179.91,14.39,194.3,Paid
INVE28C80333F,CUST100000808,2026-05-03,2026-05-24,143.19,11.46,154.65,Unpaid
INV10E6EECE8F,CUST100003070,2025-10-29,2025-11-19,209.53,16.76,226.29,Partially Paid
INV993BDDEB6A,CUST100001970,2025-12-27,2026-01-17,251.22,20.1,271.32,Paid
INVCDF7CC1D67,CUST100074191,2026-03-23,2026-04-13,22.43,1.79,24.22,Paid
INV61E14DC871,CUST100087346,2026-05-30,2026-06-20,42.28,3.38,45.66,Paid
INVE17155320B,CUST100067199,2025-11-29,2025-12-20,249.76,19.98,269.74,Paid
INVAE96350067,CUST100070329,2026-05-26,2026-06-16,197.65,15.81,213.46,Paid
INVB13B73FFFC,CUST100008595,2026-02-08,2026-03-01,65.54,5.24,70.78,Paid
INV7387A99B26,CUST100021274,2025-08-31,2025-09-21,169.96,13.6,183.56,Overdue
INV157B7713D0,CUST100003484,2025-08-31,2025-09-21,196.15,15.69,211.84,Paid
INV80FEF7DC27,CUST100073203,2026-02-13,2026-03-06,315.05,25.2,340.25,Paid
INVA212D70DD1,CUST100007559,2026-06-17,2026-07-08,197.42,15.79,213.21,Partially Paid
INV1BA1935A5A,CUST100004712,2025-11-22,2025-12-13,337.51,27.0,364.51,Partially Paid
INV3B7477D7D7,CUST100077589,2025-11-12,2025-12-03,59.9,4.79,64.69,Overdue
INVF8FDB30ED4,CUST100013635,2026-04-17,2026-05-08,302.05,24.16,326.21,Paid
INVA6C70B0494,CUST100023284,2026-03-07,2026-03-28,351.36,28.11,379.47,Unpaid
INV85F839165B,CUST100058796,2025-09-22,2025-10-13,204.87,16.39,221.26,Unpaid
INV0274F79A09,CUST100015548,2026-04-26,2026-05-17,229.01,18.32,247.33,Paid
INVA7A93C67FB,CUST100087083,2026-01-29,2026-02-19,32.5,2.6,35.1,Paid
INVAED6E313B4,CUST100095209,2026-03-04,2026-03-25,334.14,26.73,360.87,Unpaid
INV7718F91BDA,CUST100099503,2026-02-02,2026-02-23,345.31,27.62,372.93,Paid
INV8B30C7D336,CUST100092737,2026-04-22,2026-05-13,137.84,11.03,148.87,Unpaid
INV0C6157A5D0,CUST100060697,2026-02-21,2026-03-14,256.79,20.54,277.33,Partially Paid
INVF20EDEEA24,CUST100025899,2026-03-05,2026-03-26,110.56,8.84,119.4,Paid
INV9E12196A25,CUST100018102,2026-05-24,2026-06-14,170.33,13.63,183.96,Paid
INVE66E7C505E,CUST100014913,2026-01-17,2026-02-07,151.97,12.16,164.13,Partially Paid
INV5323935572,CUST100042968,2026-01-11,2026-02-01,304.54,24.36,328.9,Partially Paid
INV8F0C8FD920,CUST100050437,2026-03-07,2026-03-28,134.55,10.76,145.31,Partially Paid
INV6E54C8559F,CUST100085937,2026-01-26,2026-02-16,204.71,16.38,221.09,Unpaid
INV90AED72F9E,CUST100067624,2026-04-01,2026-04-22,167.23,13.38,180.61,Overdue
INVC96E9DD362,CUST100001719,2026-05-24,2026-06-14,70.78,5.66,76.44,Paid
INV503A567B5C,CUST100068286,2026-05-10,2026-05-31,98.79,7.9,106.69,Partially Paid
INV959D5DA4CC,CUST100090696,2026-04-06,2026-04-27,121.51,9.72,131.23,Paid
INV75F179080E,CUST100050932,2025-08-01,2025-08-22,227.63,18.21,245.84,Overdue
INVF7616D68D1,CUST100024861,2025-09-09,2025-09-30,373.85,29.91,403.76,Paid
INV200CFA7862,CUST100051569,2026-05-07,2026-05-28,176.0,14.08,190.08,Unpaid
INV89CA729A2F,CUST100020673,2026-03-25,2026-04-15,97.57,7.81,105.38,Paid
INVA2D03D2147,CUST100046895,2026-06-21,2026-07-12,227.4,18.19,245.59,Paid
INVBE3F5B2A44,CUST100095737,2026-06-23,2026-07-14,80.97,6.48,87.45,Paid
INV056007DB24,CUST100067955,2026-02-03,2026-02-24,265.33,21.23,286.56,Paid
INVB708DAB65F,CUST100014451,2025-09-02,2025-09-23,292.4,23.39,315.79,Paid
INV1212B7C2D7,CUST100057483,2026-07-18,2026-08-08,99.28,7.94,107.22,Partially Paid
INV4B2662754E,CUST100004471,2025-08-05,2025-08-26,394.19,31.54,425.73,Paid
INV99F515637A,CUST100092656,2026-04-23,2026-05-14,326.74,26.14,352.88,Paid
INVE36809888C,CUST100072349,2026-03-23,2026-04-13,188.67,15.09,203.76,Paid
INV16B8B6D842,CUST100039173,2025-12-20,2026-01-10,207.05,16.56,223.61,Paid
INV2E5C1E1BBA,CUST100029437,2026-04-22,2026-05-13,66.87,5.35,72.22,Overdue
INVA2D88B01A4,CUST100029416,2026-03-19,2026-04-09,102.87,8.23,111.1,Paid
INV3119137D5A,CUST100057027,2025-11-04,2025-11-25,97.4,7.79,105.19,Paid
INV2535788C30,CUST100086724,2026-03-10,2026-03-31,364.0,29.12,393.12,Paid
INV73B3BC02E4,CUST100095368,2026-03-29,2026-04-19,74.28,5.94,80.22,Paid
INVC468106FE7,CUST100084866,2026-07-02,2026-07-23,208.57,16.69,225.26,Paid
INV1565D863D1,CUST100063489,2026-07-20,2026-08-10,341.02,27.28,368.3,Unpaid
INV1CC80D946E,CUST100085815,2025-12-11,2026-01-01,117.97,9.44,127.41,Overdue
INVC1F89C168A,CUST100043390,2026-06-05,2026-06-26,56.16,4.49,60.65,Paid
INVEFBC9142BA,CUST100042005,2025-09-18,2025-10-09,141.67,11.33,153.0,Paid
INV10CBFE15AC,CUST100052140,2026-07-06,2026-07-27,87.39,6.99,94.38,Overdue
INV5FAC1B9CAF,CUST100000238,2025-10-12,2025-11-02,261.48,20.92,282.4,Paid
INV207031359F,CUST100088903,2026-03-06,2026-03-27,203.59,16.29,219.88,Overdue
INVA8F4728B33,CUST100063936,2026-01-03,2026-01-24,53.5,4.28,57.78,Paid
INVE7A6337E6F,CUST100024689,2025-08-10,2025-08-31,50.19,4.02,54.21,Paid
INV5CB8D4AE22,CUST100041396,2025-12-05,2025-12-26,116.94,9.36,126.3,Paid
INV663B64027A,CUST100046034,2026-07-02,2026-07-23,155.78,12.46,168.24,Paid
INVB5BE24A483,CUST100059331,2025-11-29,2025-12-20,295.45,23.64,319.09,Paid
INVF06CC80B5F,CUST100034199,2025-11-01,2025-11-22,68.97,5.52,74.49,Paid
INVB2CEDAD675,CUST100030426,2025-11-15,2025-12-06,188.21,15.06,203.27,Unpaid
INVD443DDC34E,CUST100062629,2026-03-05,2026-03-26,219.04,17.52,236.56,Overdue
INVC6ACC5E040,CUST100098210,2025-11-23,2025-12-14,324.21,25.94,350.15,Overdue
INV498DB63C43,CUST100078670,2025-08-04,2025-08-25,90.84,7.27,98.11,Paid
INV9137845767,CUST100051638,2025-12-24,2026-01-14,220.73,17.66,238.39,Paid
INV2491A09FF0,CUST100035029,2026-05-18,2026-06-08,383.45,30.68,414.13,Paid
INVBA99AC4C6A,CUST100067297,2026-06-28,2026-07-19,390.21,31.22,421.43,Paid
INVC984E3478F,CUST100060590,2026-04-06,2026-04-27,67.23,5.38,72.61,Paid
INV3EBE7ADF38,CUST100081025,2026-06-09,2026-06-30,265.41,21.23,286.64,Unpaid
INV73E68D6CB2,CUST100034542,2026-01-02,2026-01-23,284.36,22.75,307.11,Paid
INV196D2B2429,CUST100044580,2025-08-09,2025-08-30,382.2,30.58,412.78,Partially Paid
INVCDF4D3C933,CUST100073566,2025-09-14,2025-10-05,142.61,11.41,154.02,Partially Paid
INVEF2AAB0CB5,CUST100014170,2025-12-05,2025-12-26,252.14,20.17,272.31,Paid
INVA9A06940AB,CUST100041539,2025-08-03,2025-08-24,284.37,22.75,307.12,Paid
INV071C52BB20,CUST100084287,2026-06-14,2026-07-05,41.81,3.34,45.15,Partially Paid
INVB1641380DE,CUST100030414,2025-10-10,2025-10-31,389.92,31.19,421.11,Paid
INV7DB4CF2BFB,CUST100085748,2026-04-23,2026-05-14,110.06,8.8,118.86,Paid
INV896D373393,CUST100031894,2025-11-28,2025-12-19,262.52,21.0,283.52,Paid
INV2614559ED9,CUST100085417,2026-02-06,2026-02-27,259.75,20.78,280.53,Paid
INVA42E0BB153,CUST100042680,2025-09-11,2025-10-02,191.79,15.34,207.13,Paid
INV95C209852A,CUST100059053,2025-11-26,2025-12-17,95.99,7.68,103.67,Paid
INVBC14441F3A,CUST100072741,2025-10-15,2025-11-05,372.24,29.78,402.02,Paid
INVF2A2CF34A9,CUST100071492,2025-11-27,2025-12-18,356.63,28.53,385.16,Unpaid
INV751F605961,CUST100013343,2026-05-09,2026-05-30,208.24,16.66,224.9,Paid
INV2E127DD0FC,CUST100055942,2026-01-03,2026-01-24,131.98,10.56,142.54,Paid
INV0B5B387A39,CUST100016882,2025-09-22,2025-10-13,84.45,6.76,91.21,Overdue
INV5E60E91CD6,CUST100096404,2025-12-10,2025-12-31,24.29,1.94,26.23,Partially Paid
INV6B52C9F661,CUST100093617,2026-02-02,2026-02-23,151.72,12.14,163.86,Paid
INV790C2E1CEF,CUST100005797,2026-03-25,2026-04-15,382.38,30.59,412.97,Paid
INV63ABB6B06D,CUST100046407,2025-11-10,2025-12-01,254.53,20.36,274.89,Overdue
INVAA6F6CEECC,CUST100002222,2026-05-24,2026-06-14,108.3,8.66,116.96,Paid
INV259886E169,CUST100034717,2026-06-19,2026-07-10,120.57,9.65,130.22,Paid
INV87B1E34D3D,CUST100005261,2026-04-06,2026-04-27,247.86,19.83,267.69,Overdue
INV2DBBD7A3D6,CUST100040835,2025-10-26,2025-11-16,103.77,8.3,112.07,Paid
INV2EA92DEB66,CUST100048386,2026-06-03,2026-06-24,174.3,13.94,188.24,Overdue
INVBC47D97770,CUST100068513,2025-11-18,2025-12-09,399.26,31.94,431.2,Paid
INV7D7C995B0B,CUST100015332,2025-11-10,2025-12-01,22.62,1.81,24.43,Paid
INV1B7B0F20CC,CUST100054020,2025-10-06,2025-10-27,350.56,28.04,378.6,Unpaid
INVF22F398094,CUST100041259,2026-04-03,2026-04-24,236.9,18.95,255.85,Unpaid
INV83A1C92AE9,CUST100023242,2026-06-13,2026-07-04,205.81,16.46,222.27,Overdue
INVFF36A28A46,CUST100025853,2026-07-11,2026-08-01,377.8,30.22,408.02,Paid
INV634624B2A2,CUST100071714,2026-06-29,2026-07-20,216.46,17.32,233.78,Paid
INVF300F3F144,CUST100012783,2026-03-17,2026-04-07,192.59,15.41,208.0,Unpaid
INV49A3558886,CUST100076440,2026-02-27,2026-03-20,270.38,21.63,292.01,Paid
INV40AD087269,CUST100024032,2026-03-14,2026-04-04,139.71,11.18,150.89,Paid
INV7EDF6266C8,CUST100021741,2025-10-04,2025-10-25,265.39,21.23,286.62,Unpaid
INV16AC8679AD,CUST100002607,2026-04-15,2026-05-06,56.65,4.53,61.18,Paid
INV0554D2881C,CUST100045431,2025-11-11,2025-12-02,180.69,14.46,195.15,Paid
INVEA489225F5,CUST100067633,2026-07-04,2026-07-25,188.89,15.11,204.0,Paid
INV4BB1D1BDB4,CUST100061453,2025-12-13,2026-01-03,378.61,30.29,408.9,Paid
INV494F54CDBC,CUST100099284,2025-12-31,2026-01-21,40.99,3.28,44.27,Paid
INV2AB49E28E4,CUST100051190,2025-10-10,2025-10-31,195.48,15.64,211.12,Paid
INVE2772FF39D,CUST100044699,2026-05-04,2026-05-25,364.95,29.2,394.15,Unpaid
INV0FE19E99E1,CUST100027685,2025-10-08,2025-10-29,360.2,28.82,389.02,Unpaid
INVE175F79E20,CUST100018616,2026-02-26,2026-03-19,72.22,5.78,78.0,Unpaid
INVC1C9DCF629,CUST100068111,2025-09-12,2025-10-03,60.06,4.8,64.86,Paid
INV82ECFCF0A0,CUST100096309,2026-02-09,2026-03-02,23.68,1.89,25.57,Paid
INV2D880D0B7E,CUST100094366,2026-03-24,2026-04-14,125.8,10.06,135.86,Partially Paid
INV3819B75AE4,CUST100056329,2025-08-15,2025-09-05,321.66,25.73,347.39,Unpaid
INV19250C1860,CUST100021981,2026-02-17,2026-03-10,85.57,6.85,92.42,Overdue
INV19EB1C83FC,CUST100087390,2026-05-05,2026-05-26,316.08,25.29,341.37,Paid
INV8FD96C9850,CUST100085733,2025-10-21,2025-11-11,374.23,29.94,404.17,Unpaid
INVC256C306C8,CUST100009156,2025-12-02,2025-12-23,177.05,14.16,191.21,Paid
INV1AE0BD24EA,CUST100098836,2026-05-16,2026-06-06,148.96,11.92,160.88,Unpaid
INV30B5D88DA7,CUST100042824,2026-04-13,2026-05-04,186.56,14.92,201.48,Unpaid
INV41C58E3045,CUST100010637,2026-01-06,2026-01-27,292.62,23.41,316.03,Unpaid
INVD516F79C36,CUST100084873,2025-12-03,2025-12-24,20.98,1.68,22.66,Paid
INVC037E06B10,CUST100059683,2026-07-10,2026-07-31,300.69,24.06,324.75,Paid
INV50DDC19822,CUST100034668,2026-04-30,2026-05-21,399.9,31.99,431.89,Paid
INV996BD4CDD2,CUST100083372,2025-10-02,2025-10-23,302.15,24.17,326.32,Paid
INV2E4C74DFBB,CUST100095188,2026-05-30,2026-06-20,161.06,12.88,173.94,Unpaid
INVBC721508FD,CUST100060531,2025-10-04,2025-10-25,74.63,5.97,80.6,Paid
INV33D56A159B,CUST100004817,2025-09-22,2025-10-13,55.81,4.46,60.27,Overdue
INV5CB5023093,CUST100081586,2025-08-05,2025-08-26,45.96,3.68,49.64,Unpaid
INVE76F74F5DD,CUST100051388,2026-03-14,2026-04-04,318.5,25.48,343.98,Paid
INVDF150A8789,CUST100037330,2025-09-09,2025-09-30,348.88,27.91,376.79,Partially Paid
INV1C27E5D9C9,CUST100060363,2026-02-15,2026-03-08,347.15,27.77,374.92,Paid
INVC98A822580,CUST100084516,2025-12-28,2026-01-18,28.75,2.3,31.05,Unpaid
INV285D7567C4,CUST100016299,2026-01-23,2026-02-13,234.98,18.8,253.78,Paid
INV27F88C4489,CUST100029632,2026-07-20,2026-08-10,381.69,30.54,412.23,Paid
INVE131815736,CUST100064293,2026-07-16,2026-08-06,50.72,4.06,54.78,Paid
INV8CDC8466E0,CUST100042928,2025-12-12,2026-01-02,393.19,31.46,424.65,Overdue
INV51606A00A9,CUST100048700,2026-04-04,2026-04-25,399.7,31.98,431.68,Paid
INV525ABE84B7,CUST100001790,2025-08-18,2025-09-08,366.85,29.35,396.2,Overdue
INV4F48E5187F,CUST100055826,2026-06-06,2026-06-27,126.12,10.09,136.21,Paid
INV7596B662E9,CUST100088417,2026-06-28,2026-07-19,186.39,14.91,201.3,Unpaid
INV5FAA094D3D,CUST100022553,2025-11-12,2025-12-03,90.85,7.27,98.12,Paid
INV153C6289CE,CUST100008897,2026-01-24,2026-02-14,95.92,7.67,103.59,Unpaid
INVD9932CABBD,CUST100010695,2026-04-27,2026-05-18,51.28,4.1,55.38,Paid
INVDFFC6FF22C,CUST100091379,2025-10-02,2025-10-23,354.39,28.35,382.74,Paid
INVD15D9E9E4B,CUST100033773,2026-04-24,2026-05-15,356.57,28.53,385.1,Paid
INV133F62EA3A,CUST100040616,2025-09-03,2025-09-24,112.54,9.0,121.54,Paid
INV1FDB472BAF,CUST100001101,2026-05-13,2026-06-03,192.2,15.38,207.58,Paid
INVF60A6ACD8B,CUST100090470,2025-10-21,2025-11-11,317.75,25.42,343.17,Partially Paid
INVBF1B52C646,CUST100052540,2025-12-19,2026-01-09,127.38,10.19,137.57,Paid
INV376489D53B,CUST100021157,2026-02-17,2026-03-10,325.95,26.08,352.03,Paid
INVFD66ED3473,CUST100034186,2026-01-09,2026-01-30,267.9,21.43,289.33,Partially Paid
INV4E17BB733A,CUST100058653,2026-05-01,2026-05-22,30.49,2.44,32.93,Partially Paid
INV10FADD9D2B,CUST100017536,2026-07-22,2026-08-12,78.15,6.25,84.4,Paid
INV14A58D8B69,CUST100039532,2026-01-23,2026-02-13,80.14,6.41,86.55,Paid
INV2A1AABC281,CUST100015213,2026-05-12,2026-06-02,250.21,20.02,270.23,Paid
INV8F88F68905,CUST100019206,2026-07-21,2026-08-11,387.55,31.0,418.55,Overdue
INVE6DA1CEAA6,CUST100063493,2026-03-02,2026-03-23,246.7,19.74,266.44,Overdue
INVB29FDD9C71,CUST100041922,2025-12-13,2026-01-03,97.11,7.77,104.88,Partially Paid
INV539EB12E2D,CUST100013755,2025-09-03,2025-09-24,51.91,4.15,56.06,Paid
INV955A79B10D,CUST100016939,2026-06-21,2026-07-12,73.17,5.85,79.02,Paid
INV4B22798CEF,CUST100042330,2026-01-03,2026-01-24,222.85,17.83,240.68,Paid
INV5F55892510,CUST100096655,2025-09-14,2025-10-05,176.82,14.15,190.97,Unpaid
INVE57D99EE4A,CUST100069017,2025-08-21,2025-09-11,20.78,1.66,22.44,Unpaid
INV172C81D390,CUST100061597,2025-08-09,2025-08-30,363.05,29.04,392.09,Partially Paid
INV511AE38651,CUST100088474,2026-05-20,2026-06-10,174.39,13.95,188.34,Paid
INV6BDF85189F,CUST100076184,2025-08-21,2025-09-11,261.81,20.94,282.75,Paid
INVD6A215A1BC,CUST100030665,2026-05-25,2026-06-15,47.95,3.84,51.79,Unpaid
INV7DF2670212,CUST100003584,2026-03-25,2026-04-15,315.44,25.24,340.68,Paid
INV4F27209F4A,CUST100002120,2025-10-27,2025-11-17,208.16,16.65,224.81,Paid
INV8622C4D917,CUST100004948,2026-05-21,2026-06-11,223.71,17.9,241.61,Paid
INV53948E6E12,CUST100048936,2026-06-30,2026-07-21,218.99,17.52,236.51,Unpaid
INV9194D01252,CUST100065210,2026-01-11,2026-02-01,229.06,18.32,247.38,Unpaid
INV5F91D05FD3,CUST100051227,2026-06-30,2026-07-21,141.16,11.29,152.45,Unpaid
INVCC05152275,CUST100070214,2025-09-05,2025-09-26,29.59,2.37,31.96,Paid
INV4A7B8257CB,CUST100047402,2025-10-18,2025-11-08,42.41,3.39,45.8,Paid
INVE5C22000E1,CUST100089015,2026-03-11,2026-04-01,228.33,18.27,246.6,Unpaid
INV5A43650691,CUST100073326,2026-06-16,2026-07-07,320.71,25.66,346.37,Paid
INV139276B566,CUST100084987,2025-10-11,2025-11-01,331.49,26.52,358.01,Paid
INVD9F0A52A60,CUST100059717,2025-10-22,2025-11-12,294.9,23.59,318.49,Unpaid
INV9A126ACB13,CUST100061902,2026-05-13,2026-06-03,219.45,17.56,237.01,Unpaid
INVBA77868245,CUST100051133,2026-02-08,2026-03-01,179.95,14.4,194.35,Paid
INVE8B0D01DFA,CUST100070872,2026-03-29,2026-04-19,260.68,20.85,281.53,Partially Paid
INV309BB5F2F9,CUST100052362,2025-09-26,2025-10-17,251.99,20.16,272.15,Paid
INVF8B54D7772,CUST100080554,2026-02-08,2026-03-01,111.58,8.93,120.51,Unpaid
INV44F332024D,CUST100025013,2025-09-23,2025-10-14,363.47,29.08,392.55,Paid
INV1E3F3FF0D6,CUST100027830,2026-04-29,2026-05-20,158.05,12.64,170.69,Partially Paid
INV2E7865D373,CUST100048585,2025-10-07,2025-10-28,195.29,15.62,210.91,Paid
INV601A44A43A,CUST100005973,2025-12-24,2026-01-14,79.9,6.39,86.29,Paid
INV6A2671C9DC,CUST100006579,2026-04-08,2026-04-29,234.1,18.73,252.83,Paid
INVFB16E683D5,CUST100060597,2025-10-28,2025-11-18,63.15,5.05,68.2,Paid
INVCE1F2E1591,CUST100039685,2026-05-02,2026-05-23,126.92,10.15,137.07,Paid
INVA43ED026A8,CUST100012790,2025-11-14,2025-12-05,22.96,1.84,24.8,Paid
INV5DE1A82E73,CUST100000862,2025-09-24,2025-10-15,93.4,7.47,100.87,Paid
INV2A4F6F466E,CUST100035499,2026-04-29,2026-05-20,195.8,15.66,211.46,Paid
INVD369C68D9A,CUST100057435,2026-06-29,2026-07-20,241.46,19.32,260.78,Paid
INVE86A490505,CUST100030405,2025-09-13,2025-10-04,303.82,24.31,328.13,Overdue
INV4C10A0B1AF,CUST100078363,2025-11-21,2025-12-12,26.21,2.1,28.31,Paid
INV4957667AA9,CUST100052991,2026-04-06,2026-04-27,290.87,23.27,314.14,Partially Paid
INV1283CC58BA,CUST100011329,2026-04-09,2026-04-30,362.66,29.01,391.67,Paid
INV4093A754B3,CUST100088200,2026-07-04,2026-07-25,247.36,19.79,267.15,Overdue
INV51025DFAB5,CUST100066732,2025-10-01,2025-10-22,83.92,6.71,90.63,Paid
INV3661F92EDF,CUST100033919,2025-12-30,2026-01-20,366.45,29.32,395.77,Paid
INV337FA74468,CUST100006071,2026-05-17,2026-06-07,189.67,15.17,204.84,Paid
INV95A2B3B72A,CUST100049463,2026-04-13,2026-05-04,215.09,17.21,232.3,Paid
INV4DD31AB4E5,CUST100036868,2025-09-13,2025-10-04,166.27,13.3,179.57,Overdue
INV687EDB08B7,CUST100036953,2026-06-19,2026-07-10,227.54,18.2,245.74,Partially Paid
INVD312FAD331,CUST100002405,2025-10-20,2025-11-10,73.99,5.92,79.91,Unpaid
INVA4DBA65A2C,CUST100060114,2026-03-20,2026-04-10,288.27,23.06,311.33,Overdue
INVA08A192BF6,CUST100033615,2026-02-11,2026-03-04,360.09,28.81,388.9,Partially Paid
INV9E5F6146DD,CUST100014281,2026-07-13,2026-08-03,307.05,24.56,331.61,Paid
INVD332EFA818,CUST100045834,2025-12-20,2026-01-10,316.43,25.31,341.74,Paid
INV2DAF3888EE,CUST100049633,2025-09-14,2025-10-05,265.85,21.27,287.12,Partially Paid
INVD1F763D11B,CUST100062187,2025-11-08,2025-11-29,109.75,8.78,118.53,Paid
INV737D883C1A,CUST100082550,2026-06-07,2026-06-28,399.5,31.96,431.46,Paid
INV7EAA36148B,CUST100090567,2025-09-14,2025-10-05,171.3,13.7,185.0,Paid
INVA5586BB545,CUST100064948,2026-06-21,2026-07-12,169.23,13.54,182.77,Unpaid
INV3302396475,CUST100005329,2025-08-03,2025-08-24,116.26,9.3,125.56,Paid
INVF26846032D,CUST100019705,2026-05-12,2026-06-02,386.71,30.94,417.65,Paid
INVC111A10473,CUST100076731,2026-02-14,2026-03-07,124.73,9.98,134.71,Paid
INV031869F26F,CUST100054579,2026-01-01,2026-01-22,84.21,6.74,90.95,Paid
INVD7D2874F98,CUST100042123,2025-12-06,2025-12-27,74.8,5.98,80.78,Overdue
INVEE22F6BBE5,CUST100049962,2025-11-27,2025-12-18,292.43,23.39,315.82,Paid
INV6426D6311E,CUST100094912,2026-01-13,2026-02-03,367.65,29.41,397.06,Paid
INV6C25D3FEBD,CUST100085791,2026-01-07,2026-01-28,54.09,4.33,58.42,Paid
INVD6D9C11BD8,CUST100072170,2026-03-05,2026-03-26,180.26,14.42,194.68,Paid
INV2AE2A8358C,CUST100077533,2025-10-27,2025-11-17,170.8,13.66,184.46,Overdue
INV848A93F8FF,CUST100020264,2026-03-20,2026-04-10,365.78,29.26,395.04,Partially Paid
INVF2A3753A59,CUST100082790,2026-03-06,2026-03-27,391.56,31.32,422.88,Partially Paid
INVF79F9F680D,CUST100027028,2026-06-24,2026-07-15,114.82,9.19,124.01,Paid
INV1249D85EDF,CUST100089484,2025-11-02,2025-11-23,243.46,19.48,262.94,Paid
INV5D114328C2,CUST100060542,2025-08-30,2025-09-20,216.72,17.34,234.06,Partially Paid
INVC083A4CD20,CUST100071805,2026-02-13,2026-03-06,285.87,22.87,308.74,Paid
INV59192EA5F8,CUST100007699,2025-10-08,2025-10-29,345.37,27.63,373.0,Unpaid
INV0168F13183,CUST100003898,2026-06-23,2026-07-14,240.55,19.24,259.79,Unpaid
INV6CCB2D3794,CUST100006200,2026-06-08,2026-06-29,274.15,21.93,296.08,Paid
INVC53F8D8952,CUST100049106,2026-05-09,2026-05-30,240.41,19.23,259.64,Paid
INV8F65D71A54,CUST100071742,2026-06-22,2026-07-13,300.56,24.04,324.6,Paid
INV764D471DFC,CUST100082121,2026-04-09,2026-04-30,357.94,28.64,386.58,Paid
INV57693C4EE6,CUST100061975,2025-12-25,2026-01-15,237.78,19.02,256.8,Unpaid
INVA7ECA4F403,CUST100094066,2026-03-25,2026-04-15,347.17,27.77,374.94,Overdue
INVC404523D2C,CUST100080354,2025-12-26,2026-01-16,159.61,12.77,172.38,Unpaid
INV6109F2BF4F,CUST100029142,2025-09-01,2025-09-22,375.89,30.07,405.96,Paid
INVDC98DA9C6E,CUST100025030,2026-01-25,2026-02-15,256.57,20.53,277.1,Paid
INV3DDAFF3E73,CUST100080367,2026-07-10,2026-07-31,315.86,25.27,341.13,Paid
INVE96506D53F,CUST100024566,2026-05-14,2026-06-04,356.73,28.54,385.27,Paid
INV28E8D207DB,CUST100048825,2025-10-31,2025-11-21,350.98,28.08,379.06,Overdue
INV4203094464,CUST100010974,2026-03-08,2026-03-29,81.63,6.53,88.16,Paid
INV5733257B0C,CUST100095027,2026-01-30,2026-02-20,194.57,15.57,210.14,Paid
INV026BAC2610,CUST100033282,2026-06-09,2026-06-30,133.85,10.71,144.56,Overdue
INV8A9E9FF464,CUST100019698,2026-02-18,2026-03-11,203.4,16.27,219.67,Paid
INVAC327C21D7,CUST100068495,2026-07-20,2026-08-10,183.23,14.66,197.89,Unpaid
INV31148D356D,CUST100016532,2026-07-11,2026-08-01,372.2,29.78,401.98,Paid
INV8D415FE812,CUST100043898,2026-04-06,2026-04-27,237.5,19.0,256.5,Paid
INVEB2D946A76,CUST100063499,2026-07-07,2026-07-28,351.82,28.15,379.97,Paid
INV7F338CEFCF,CUST100022469,2025-12-19,2026-01-09,74.36,5.95,80.31,Paid
INV58CABEC141,CUST100047270,2025-08-10,2025-08-31,174.03,13.92,187.95,Paid
INV0189DBF5A9,CUST100093835,2026-05-19,2026-06-09,372.68,29.81,402.49,Paid
INV9CD73B2631,CUST100027329,2025-11-27,2025-12-18,266.29,21.3,287.59,Paid
INVE85716BB4B,CUST100010380,2025-08-08,2025-08-29,396.57,31.73,428.3,Paid
INV9A2BC8B027,CUST100092666,2026-02-16,2026-03-09,118.61,9.49,128.1,Paid
INVCB57478631,CUST100071508,2026-01-18,2026-02-08,89.49,7.16,96.65,Overdue
INV897EA31776,CUST100006818,2026-04-11,2026-05-02,52.52,4.2,56.72,Paid
INV20C0E3CD3D,CUST100067878,2025-09-22,2025-10-13,50.08,4.01,54.09,Paid
INVF544361F64,CUST100001092,2026-01-20,2026-02-10,61.51,4.92,66.43,Unpaid
INVF751505DDA,CUST100088119,2026-04-12,2026-05-03,200.18,16.01,216.19,Paid
INVA434C542DE,CUST100066232,2025-11-01,2025-11-22,170.23,13.62,183.85,Paid
INVCEED9BE52D,CUST100067420,2026-03-29,2026-04-19,157.61,12.61,170.22,Paid
INV819E1FFC66,CUST100011095,2025-08-17,2025-09-07,80.68,6.45,87.13,Paid
INVCF8C8FEFBC,CUST100036331,2026-06-05,2026-06-26,138.28,11.06,149.34,Paid
INV5B53CA6C7A,CUST100095076,2026-04-25,2026-05-16,364.95,29.2,394.15,Overdue
INV5FC14DD2E8,CUST100068526,2026-02-10,2026-03-03,131.08,10.49,141.57,Paid
INV4370F0E344,CUST100053458,2025-08-28,2025-09-18,183.48,14.68,198.16,Paid
INVAD93BF1B3E,CUST100008380,2026-03-20,2026-04-10,156.0,12.48,168.48,Paid
INV86466154A5,CUST100080792,2026-07-17,2026-08-07,124.65,9.97,134.62,Paid
INV4470A4F131,CUST100014648,2026-03-23,2026-04-13,140.66,11.25,151.91,Paid
INV7F68108A8C,CUST100050016,2026-03-12,2026-04-02,258.1,20.65,278.75,Paid
INV088B271007,CUST100061482,2026-01-28,2026-02-18,227.94,18.24,246.18,Paid
INVFBB93DB1A1,CUST100081087,2026-04-04,2026-04-25,372.56,29.8,402.36,Paid
INVC5581FB64E,CUST100068253,2025-12-04,2025-12-25,192.18,15.37,207.55,Paid
INV70ED5DCFD6,CUST100076584,2025-11-16,2025-12-07,334.9,26.79,361.69,Paid
INVD0999DC4DD,CUST100050830,2025-11-06,2025-11-27,78.94,6.32,85.26,Paid
INV624405AB0B,CUST100048142,2025-08-28,2025-09-18,47.82,3.83,51.65,Unpaid
INV6AFDB479D1,CUST100096766,2026-04-15,2026-05-06,152.18,12.17,164.35,Paid
INVE788ACA9CF,CUST100035803,2026-01-08,2026-01-29,178.91,14.31,193.22,Paid
INV1EA18DF6A0,CUST100051047,2026-07-06,2026-07-27,183.04,14.64,197.68,Unpaid
INV0D081D6504,CUST100002280,2026-06-25,2026-07-16,96.81,7.74,104.55,Unpaid
INVA8384AD415,CUST100085967,2026-01-05,2026-01-26,175.01,14.0,189.01,Overdue
INV5221BF71AB,CUST100008190,2026-06-08,2026-06-29,307.37,24.59,331.96,Paid
INVFBFDFB0C63,CUST100097807,2025-12-21,2026-01-11,69.28,5.54,74.82,Overdue
INVC66AF07FA5,CUST100011038,2026-06-02,2026-06-23,340.29,27.22,367.51,Paid
INVD0B914AD4F,CUST100097444,2025-10-09,2025-10-30,41.33,3.31,44.64,Paid
INV7DEF55E735,CUST100031292,2026-03-31,2026-04-21,169.86,13.59,183.45,Paid
INVDDEEFAD077,CUST100060537,2025-10-13,2025-11-03,110.84,8.87,119.71,Paid
INV8CC95D0D31,CUST100033074,2025-10-08,2025-10-29,361.41,28.91,390.32,Paid
INVCB792DFA18,CUST100019649,2026-02-15,2026-03-08,133.48,10.68,144.16,Partially Paid
INV68DCC68275,CUST100012740,2026-03-30,2026-04-20,64.04,5.12,69.16,Unpaid
INV89624C33BC,CUST100057218,2026-04-13,2026-05-04,216.53,17.32,233.85,Partially Paid
INV3918875801,CUST100008949,2025-09-09,2025-09-30,57.09,4.57,61.66,Partially Paid
INVEC4D7121C9,CUST100061665,2025-09-24,2025-10-15,341.02,27.28,368.3,Paid
INVDEB2C67121,CUST100069902,2026-04-30,2026-05-21,258.37,20.67,279.04,Paid
INV269DD0A679,CUST100094314,2026-03-02,2026-03-23,38.27,3.06,41.33,Paid
INVBCA77FA8DA,CUST100051591,2026-05-03,2026-05-24,357.7,28.62,386.32,Overdue
INVEC5A78D9E4,CUST100077989,2026-02-23,2026-03-16,91.97,7.36,99.33,Overdue
INV88DE164E31,CUST100037106,2025-12-20,2026-01-10,398.48,31.88,430.36,Partially Paid
INV92678B8B2D,CUST100069536,2025-12-12,2026-01-02,77.2,6.18,83.38,Unpaid
INV7886FCFA25,CUST100093876,2025-08-01,2025-08-22,35.95,2.88,38.83,Paid
INVD860CCE7E5,CUST100059651,2026-01-26,2026-02-16,273.88,21.91,295.79,Paid
INVA4A62544D9,CUST100020738,2025-09-28,2025-10-19,317.0,25.36,342.36,Paid
INVC850050620,CUST100051422,2026-03-26,2026-04-16,88.95,7.12,96.07,Paid
INV709AF5857F,CUST100068457,2026-07-03,2026-07-24,95.25,7.62,102.87,Unpaid
INV09D3153580,CUST100035354,2026-05-18,2026-06-08,175.93,14.07,190.0,Paid
INVD1CE71BE53,CUST100054959,2026-03-05,2026-03-26,300.51,24.04,324.55,Paid
INV1DFE513401,CUST100070402,2026-05-08,2026-05-29,336.67,26.93,363.6,Partially Paid
INV4EA0CDAAFA,CUST100077377,2026-02-09,2026-03-02,373.01,29.84,402.85,Paid
INV0F2D0F1321,CUST100085637,2025-08-01,2025-08-22,228.97,18.32,247.29,Paid
INVA23818BBC1,CUST100014906,2026-03-05,2026-03-26,318.98,25.52,344.5,Partially Paid
INVB3F256E4FF,CUST100077629,2025-12-15,2026-01-05,218.13,17.45,235.58,Paid
INV25B30DA73B,CUST100004066,2025-10-11,2025-11-01,69.7,5.58,75.28,Paid
INV33AF1DC4F3,CUST100028924,2025-11-15,2025-12-06,387.53,31.0,418.53,Paid
INV81B353346E,CUST100058510,2025-11-09,2025-11-30,146.54,11.72,158.26,Unpaid
INV27DB69B2A9,CUST100038532,2025-08-11,2025-09-01,144.6,11.57,156.17,Paid
INVAF9E077B14,CUST100045318,2026-05-19,2026-06-09,93.64,7.49,101.13,Paid
INV88C35687FB,CUST100062044,2025-11-24,2025-12-15,287.6,23.01,310.61,Paid
INV6DE5E91A3B,CUST100045025,2025-09-13,2025-10-04,73.88,5.91,79.79,Paid
INV0313DAAB62,CUST100065538,2025-08-07,2025-08-28,370.16,29.61,399.77,Unpaid
INV1F044D8D12,CUST100096712,2026-07-01,2026-07-22,309.73,24.78,334.51,Unpaid
INVAB6B952184,CUST100071453,2025-12-19,2026-01-09,324.09,25.93,350.02,Paid
INV6D2F2D0201,CUST100022283,2026-05-11,2026-06-01,338.13,27.05,365.18,Overdue
INVEF8E1B67E5,CUST100054389,2026-05-26,2026-06-16,179.66,14.37,194.03,Partially Paid
INV916AE5D6DC,CUST100027398,2026-04-29,2026-05-20,251.39,20.11,271.5,Paid
INVCF2825123B,CUST100061791,2026-07-07,2026-07-28,369.29,29.54,398.83,Paid
INV53F228187D,CUST100082515,2026-04-19,2026-05-10,125.68,10.05,135.73,Unpaid
INV4460581042,CUST100095533,2026-02-21,2026-03-14,153.27,12.26,165.53,Partially Paid
INVC0E7E624E8,CUST100000666,2026-05-30,2026-06-20,111.74,8.94,120.68,Paid
INVFA9F4435A3,CUST100021507,2025-08-30,2025-09-20,94.4,7.55,101.95,Paid
INV052A209CAF,CUST100068644,2025-11-29,2025-12-20,102.03,8.16,110.19,Paid
INVDDFFC290A9,CUST100066133,2026-06-15,2026-07-06,68.68,5.49,74.17,Paid
INV26EB60DFBE,CUST100014613,2026-06-19,2026-07-10,25.61,2.05,27.66,Partially Paid
INVA1B1A32D2B,CUST100038682,2025-10-25,2025-11-15,397.3,31.78,429.08,Paid
INV30B1DACCF9,CUST100012466,2026-07-15,2026-08-05,52.83,4.23,57.06,Paid
INV7A7F8E7493,CUST100096016,2026-03-11,2026-04-01,344.34,27.55,371.89,Paid
INVC99B3F0C8C,CUST100070756,2026-07-11,2026-08-01,72.41,5.79,78.2,Paid
INVEF0A3F8141,CUST100062964,2025-12-09,2025-12-30,70.91,5.67,76.58,Paid
INVAEEC5FEDC9,CUST100002981,2025-09-10,2025-10-01,165.67,13.25,178.92,Paid
INVE28AD3EEDC,CUST100075169,2026-01-28,2026-02-18,291.68,23.33,315.01,Paid
INVCC16260619,CUST100069960,2025-12-23,2026-01-13,264.57,21.17,285.74,Unpaid
INV9D4292C6FB,CUST100088800,2025-11-06,2025-11-27,275.56,22.04,297.6,Paid
INV06ECDF877B,CUST100060427,2026-03-10,2026-03-31,302.37,24.19,326.56,Paid
INV0867EF39B1,CUST100076155,2025-11-03,2025-11-24,274.86,21.99,296.85,Paid
INV63B2DD1BDC,CUST100051558,2025-08-31,2025-09-21,239.8,19.18,258.98,Paid
INV0E6D0C4DC9,CUST100084481,2026-03-20,2026-04-10,147.89,11.83,159.72,Paid
INV0A9F4F5E66,CUST100036871,2026-04-30,2026-05-21,173.58,13.89,187.47,Partially Paid
INV1DC1AF270E,CUST100058294,2026-05-02,2026-05-23,392.3,31.38,423.68,Paid
INV8A2A548D50,CUST100077279,2026-06-11,2026-07-02,61.54,4.92,66.46,Paid
INV0B53961602,CUST100019910,2026-05-14,2026-06-04,232.39,18.59,250.98,Paid
INVF44C15332B,CUST100056466,2026-01-29,2026-02-19,297.28,23.78,321.06,Overdue
INVAF5B08495F,CUST100004193,2025-09-02,2025-09-23,376.5,30.12,406.62,Partially Paid
INV0FB3DDBCB7,CUST100058523,2025-10-01,2025-10-22,67.52,5.4,72.92,Paid
INV47C59E05E9,CUST100060650,2026-07-21,2026-08-11,103.47,8.28,111.75,Unpaid
INV3C86B0B70D,CUST100082217,2026-01-16,2026-02-06,336.68,26.93,363.61,Paid
INV7DEAF22162,CUST100013012,2025-12-07,2025-12-28,236.46,18.92,255.38,Paid
INV8572A3A5D7,CUST100077423,2025-10-16,2025-11-06,94.67,7.57,102.24,Paid
INV26E8171473,CUST100072330,2025-11-24,2025-12-15,221.97,17.76,239.73,Paid
INVD36778A769,CUST100076445,2025-09-02,2025-09-23,314.19,25.14,339.33,Paid
INV606A197AE6,CUST100037794,2026-07-07,2026-07-28,259.01,20.72,279.73,Paid
INV0C175F3ED9,CUST100052395,2025-12-05,2025-12-26,71.16,5.69,76.85,Paid
INVCEC74ABA43,CUST100073036,2026-04-07,2026-04-28,64.15,5.13,69.28,Paid
INVEC678DB65F,CUST100074185,2025-09-26,2025-10-17,324.5,25.96,350.46,Paid
INVF0EF8F34E8,CUST100087630,2025-10-08,2025-10-29,169.33,13.55,182.88,Paid
INV84098E1B93,CUST100016173,2026-03-25,2026-04-15,392.69,31.42,424.11,Partially Paid
INVF259B21CA0,CUST100099897,2026-04-17,2026-05-08,338.7,27.1,365.8,Unpaid
INV2BFEE57C5A,CUST100051049,2026-02-06,2026-02-27,81.8,6.54,88.34,Paid
INV569B0CAD95,CUST100052389,2026-03-31,2026-04-21,42.58,3.41,45.99,Paid
INVC3CF6A78D9,CUST100025973,2026-03-15,2026-04-05,352.8,28.22,381.02,Partially Paid
INVD8483EB602,CUST100074340,2026-07-01,2026-07-22,319.52,25.56,345.08,Paid
INV56C2418E6A,CUST100066741,2026-05-12,2026-06-02,71.73,5.74,77.47,Partially Paid
INVA4D1CD2655,CUST100026028,2025-09-05,2025-09-26,309.63,24.77,334.4,Paid
INV3E7F1BBCA4,CUST100082385,2026-07-09,2026-07-30,307.26,24.58,331.84,Partially Paid
INVEE1C00D7E7,CUST100010950,2026-05-01,2026-05-22,276.0,22.08,298.08,Paid
INVEBA946D7C8,CUST100078782,2025-11-08,2025-11-29,244.29,19.54,263.83,Paid
INV3617E01ACA,CUST100033488,2026-01-18,2026-02-08,336.89,26.95,363.84,Unpaid
INVD59B4A4CBA,CUST100095756,2025-08-09,2025-08-30,157.61,12.61,170.22,Paid
INV4A089F3FE3,CUST100007272,2026-03-30,2026-04-20,255.58,20.45,276.03,Paid
INVA15E7E0C6B,CUST100001726,2026-05-22,2026-06-12,113.98,9.12,123.1,Unpaid
INV0FB44F05C5,CUST100009261,2025-08-22,2025-09-12,21.94,1.76,23.7,Paid
INV9CE7F63E4D,CUST100082048,2026-02-02,2026-02-23,56.55,4.52,61.07,Overdue
INV04B2A8FF46,CUST100085882,2025-10-25,2025-11-15,34.99,2.8,37.79,Overdue
INVB53DE3E9B9,CUST100075725,2025-12-05,2025-12-26,261.35,20.91,282.26,Paid
INV46A11F6BBB,CUST100078123,2026-01-08,2026-01-29,237.09,18.97,256.06,Overdue
INV60C91E6DB6,CUST100089244,2026-01-05,2026-01-26,243.24,19.46,262.7,Paid
INV7F56A37CB9,CUST100052450,2026-02-19,2026-03-12,189.95,15.2,205.15,Partially Paid
INV1EB363FEEC,CUST100097513,2026-02-07,2026-02-28,272.36,21.79,294.15,Paid
INVCC7ACE6711,CUST100040279,2026-03-01,2026-03-22,80.62,6.45,87.07,Paid
INVCFAEC62E35,CUST100033238,2026-05-17,2026-06-07,223.44,17.88,241.32,Paid
INV038343E542,CUST100038005,2026-04-11,2026-05-02,172.87,13.83,186.7,Paid
INV335251B93B,CUST100082836,2026-03-21,2026-04-11,111.91,8.95,120.86,Paid
INV5E306CA3A5,CUST100008645,2025-08-18,2025-09-08,79.91,6.39,86.3,Unpaid
INVF03B300EFF,CUST100050177,2026-02-16,2026-03-09,102.3,8.18,110.48,Paid
INVEAE0374E06,CUST100014849,2026-05-06,2026-05-27,255.65,20.45,276.1,Paid
INVE318C31FED,CUST100076502,2026-04-24,2026-05-15,76.02,6.08,82.1,Paid
INV5CFB036C5E,CUST100085624,2025-08-12,2025-09-02,312.42,24.99,337.41,Paid
INVF7870E4AD1,CUST100032429,2026-06-27,2026-07-18,98.07,7.85,105.92,Paid
INVA6E1E6EE78,CUST100087165,2026-02-15,2026-03-08,75.96,6.08,82.04,Paid
INV29595A2C72,CUST100034754,2025-10-13,2025-11-03,264.62,21.17,285.79,Paid
INV9658B90DDE,CUST100011905,2025-12-16,2026-01-06,312.93,25.03,337.96,Paid
INV4DA10BC6AC,CUST100099948,2025-08-31,2025-09-21,88.89,7.11,96.0,Paid
INV6EAA1B2930,CUST100045125,2026-07-11,2026-08-01,395.95,31.68,427.63,Paid
INVC0475B775B,CUST100050075,2025-08-26,2025-09-16,281.19,22.5,303.69,Unpaid
INVDC3ADAE087,CUST100088679,2026-05-24,2026-06-14,124.15,9.93,134.08,Paid
INV506ACDBF39,CUST100000717,2026-01-28,2026-02-18,144.12,11.53,155.65,Paid
INVB57F437529,CUST100084092,2025-11-09,2025-11-30,121.17,9.69,130.86,Overdue
INV37A7F12318,CUST100094758,2026-07-19,2026-08-09,69.41,5.55,74.96,Paid
INVA6F5FD8C39,CUST100053278,2026-05-23,2026-06-13,245.53,19.64,265.17,Paid
INVBD9EB35329,CUST100085683,2025-08-11,2025-09-01,56.12,4.49,60.61,Paid
INVFCDD049D6A,CUST100026853,2025-12-31,2026-01-21,329.64,26.37,356.01,Unpaid
INVFB1D37529E,CUST100019260,2026-06-14,2026-07-05,390.26,31.22,421.48,Paid
INVD62BCCBDB6,CUST100023062,2025-12-27,2026-01-17,237.14,18.97,256.11,Paid
INV1AC5B886CE,CUST100011738,2025-09-12,2025-10-03,242.64,19.41,262.05,Paid
INVB46DCA729E,CUST100069187,2025-09-14,2025-10-05,164.71,13.18,177.89,Paid
INV2A4F11953C,CUST100064647,2025-12-08,2025-12-29,387.91,31.03,418.94,Paid
INV29BD654A96,CUST100007226,2025-11-03,2025-11-24,273.24,21.86,295.1,Paid
INVA3239E96DE,CUST100001915,2025-09-06,2025-09-27,371.52,29.72,401.24,Partially Paid
INV806FD9A031,CUST100027879,2025-12-22,2026-01-12,357.79,28.62,386.41,Paid
INV06B0AD322A,CUST100004956,2025-12-10,2025-12-31,107.55,8.6,116.15,Paid
INV0B2F1925AA,CUST100033329,2025-12-05,2025-12-26,223.05,17.84,240.89,Paid
INV3A33771AE9,CUST100004316,2025-09-20,2025-10-11,306.14,24.49,330.63,Overdue
INVA3E2D22415,CUST100030885,2026-04-05,2026-04-26,203.75,16.3,220.05,Paid
INV76FFD0B0B8,CUST100083586,2025-08-09,2025-08-30,373.91,29.91,403.82,Paid
INV416C00C084,CUST100032399,2025-08-05,2025-08-26,293.15,23.45,316.6,Unpaid
INV4E5F66472F,CUST100099967,2025-12-26,2026-01-16,123.12,9.85,132.97,Paid
INV359A431C27,CUST100085316,2025-08-29,2025-09-19,234.16,18.73,252.89,Paid
INV2F42309F58,CUST100026326,2026-03-13,2026-04-03,211.64,16.93,228.57,Paid
INV18D3B69CE3,CUST100039445,2025-09-14,2025-10-05,116.23,9.3,125.53,Overdue
INV018143071A,CUST100097260,2025-09-07,2025-09-28,244.13,19.53,263.66,Paid
INV0EFCB188CE,CUST100082599,2025-08-26,2025-09-16,353.54,28.28,381.82,Paid
INV07C149ABF8,CUST100029324,2025-10-29,2025-11-19,281.3,22.5,303.8,Unpaid
INVF3EE68AFD4,CUST100070307,2025-11-16,2025-12-07,100.89,8.07,108.96,Unpaid
INV70B5E3C58B,CUST100033503,2026-02-07,2026-02-28,88.54,7.08,95.62,Paid
INV6BE3FE9CAD,CUST100047638,2026-03-05,2026-03-26,364.52,29.16,393.68,Paid
INV86D3065033,CUST100088110,2025-12-17,2026-01-07,94.92,7.59,102.51,Paid
INV498EA698AE,CUST100097934,2026-03-11,2026-04-01,284.33,22.75,307.08,Unpaid
INVD38E971DEE,CUST100001730,2026-04-29,2026-05-20,37.92,3.03,40.95,Overdue
INV1168552439,CUST100037251,2026-01-13,2026-02-03,310.31,24.82,335.13,Unpaid
INVE06EC4473F,CUST100007099,2026-07-01,2026-07-22,262.8,21.02,283.82,Overdue
INV2BB0D3CD7D,CUST100064324,2026-07-10,2026-07-31,241.39,19.31,260.7,Paid
INVC986FB0D94,CUST100060059,2025-09-17,2025-10-08,399.32,31.95,431.27,Partially Paid
INV86F294C91D,CUST100056285,2026-04-10,2026-05-01,300.97,24.08,325.05,Paid
INVA6CF2DC80C,CUST100012822,2025-10-05,2025-10-26,194.25,15.54,209.79,Paid
INVB2E7EBC1DF,CUST100000296,2025-10-30,2025-11-20,96.27,7.7,103.97,Paid
INVF210C7F0A1,CUST100075354,2025-08-26,2025-09-16,371.74,29.74,401.48,Paid
INVC145D6ED12,CUST100030913,2026-01-17,2026-02-07,37.42,2.99,40.41,Partially Paid
INVDC082D35B9,CUST100070106,2025-08-19,2025-09-09,335.9,26.87,362.77,Paid
INVC0B1D20E25,CUST100056404,2025-12-27,2026-01-17,297.86,23.83,321.69,Paid
INVA73A5DF29E,CUST100039967,2026-03-05,2026-03-26,265.77,21.26,287.03,Paid
INV821FC25451,CUST100077032,2026-01-31,2026-02-21,342.58,27.41,369.99,Partially Paid
INV01A83CB8C8,CUST100036270,2026-01-16,2026-02-06,258.42,20.67,279.09,Paid
INV7C624DD8B5,CUST100006144,2025-08-19,2025-09-09,260.3,20.82,281.12,Paid
INV658EF73708,CUST100002135,2025-09-05,2025-09-26,132.26,10.58,142.84,Paid
INV19E8808458,CUST100010188,2026-04-05,2026-04-26,388.33,31.07,419.4,Paid
INV7138B5B143,CUST100033090,2026-05-18,2026-06-08,118.39,9.47,127.86,Paid
INVF115A6DFDD,CUST100078465,2026-01-11,2026-02-01,205.04,16.4,221.44,Unpaid
INV0D490904E2,CUST100001086,2026-06-13,2026-07-04,182.23,14.58,196.81,Paid
INV294F3C374E,CUST100099732,2025-10-14,2025-11-04,294.49,23.56,318.05,Partially Paid
INV4089114D20,CUST100059632,2025-11-12,2025-12-03,232.33,18.59,250.92,Partially Paid
INV24E6BCBB48,CUST100003263,2026-02-16,2026-03-09,29.57,2.37,31.94,Paid
INV6011C5E35B,CUST100016082,2026-03-16,2026-04-06,199.14,15.93,215.07,Paid
INV7162376852,CUST100013416,2025-08-27,2025-09-17,184.11,14.73,198.84,Partially Paid
INV99933EF241,CUST100097135,2025-12-03,2025-12-24,293.18,23.45,316.63,Paid
INVF829DE588C,CUST100013601,2026-05-18,2026-06-08,72.22,5.78,78.0,Paid
INV3D96991DCE,CUST100023509,2026-01-08,2026-01-29,103.92,8.31,112.23,Overdue
INV80365805C7,CUST100013845,2026-06-18,2026-07-09,64.98,5.2,70.18,Unpaid
INVA725FA6EE9,CUST100030652,2026-03-30,2026-04-20,180.02,14.4,194.42,Unpaid
INV2E9C6594C9,CUST100010649,2026-01-05,2026-01-26,268.45,21.48,289.93,Paid
INVCC9E41CF11,CUST100063255,2025-10-18,2025-11-08,171.68,13.73,185.41,Partially Paid
INVE0A2886B64,CUST100021374,2025-11-22,2025-12-13,321.78,25.74,347.52,Unpaid
INV379AB54CD7,CUST100076863,2025-09-12,2025-10-03,243.02,19.44,262.46,Partially Paid
INVD39F70678B,CUST100000774,2026-04-18,2026-05-09,189.47,15.16,204.63,Paid
INV3A34F47CB3,CUST100071103,2025-11-07,2025-11-28,164.25,13.14,177.39,Paid
INV5BAAE32515,CUST100076527,2026-02-17,2026-03-10,130.73,10.46,141.19,Paid
INV6F672D3074,CUST100041001,2026-06-24,2026-07-15,48.98,3.92,52.9,Overdue
INV1AB7ED7A16,CUST100042268,2026-05-23,2026-06-13,114.65,9.17,123.82,Unpaid
INVFF35CB9EB5,CUST100036141,2026-03-06,2026-03-27,348.23,27.86,376.09,Paid
INVEDC9FF50EA,CUST100009239,2025-12-04,2025-12-25,302.27,24.18,326.45,Unpaid
INVD4882CFEA4,CUST100079253,2026-02-03,2026-02-24,358.48,28.68,387.16,Paid
INVDD732C5EE7,CUST100090669,2025-11-07,2025-11-28,359.09,28.73,387.82,Paid
INV60DB51221F,CUST100031690,2026-03-24,2026-04-14,137.22,10.98,148.2,Overdue
INVA6A023FA34,CUST100085444,2026-03-14,2026-04-04,387.65,31.01,418.66,Paid
INV848871B9AD,CUST100091041,2026-04-22,2026-05-13,259.61,20.77,280.38,Paid
INVE6AD8C152E,CUST100075888,2025-12-29,2026-01-19,314.47,25.16,339.63,Partially Paid
INV52FA0193CE,CUST100021578,2025-10-26,2025-11-16,125.46,10.04,135.5,Partially Paid
INV110D3EEB48,CUST100081279,2026-07-04,2026-07-25,315.97,25.28,341.25,Paid
INV5D74E72C4D,CUST100053661,2025-08-10,2025-08-31,316.61,25.33,341.94,Paid
INVC1E0A319D0,CUST100038966,2026-07-07,2026-07-28,76.25,6.1,82.35,Paid
INV1FE4BD83D8,CUST100048492,2026-05-30,2026-06-20,41.6,3.33,44.93,Overdue
INV9E0607DD2F,CUST100045897,2026-03-23,2026-04-13,56.93,4.55,61.48,Paid
INV616F725B9E,CUST100035836,2026-02-13,2026-03-06,362.98,29.04,392.02,Paid
INVE1887B0F9D,CUST100017530,2025-12-04,2025-12-25,126.69,10.14,136.83,Overdue
INVE551BAE6F2,CUST100020571,2026-06-12,2026-07-03,181.58,14.53,196.11,Paid
INV8979C66F84,CUST100025904,2026-06-01,2026-06-22,106.55,8.52,115.07,Paid
INV5B38BFE884,CUST100099484,2026-01-05,2026-01-26,265.8,21.26,287.06,Unpaid
INV3F39433285,CUST100027729,2026-03-05,2026-03-26,246.72,19.74,266.46,Paid
INV6FCF8C2EBF,CUST100042477,2026-07-13,2026-08-03,112.9,9.03,121.93,Unpaid
INVD0839DF77B,CUST100068716,2026-04-18,2026-05-09,371.6,29.73,401.33,Unpaid
INVC82EEF0464,CUST100018733,2025-09-02,2025-09-23,151.28,12.1,163.38,Overdue
INV1AB63E1C88,CUST100035215,2026-01-08,2026-01-29,174.63,13.97,188.6,Partially Paid
INVBE759DFE65,CUST100044614,2026-01-08,2026-01-29,33.54,2.68,36.22,Paid
INV2FA45C060B,CUST100098373,2025-09-08,2025-09-29,251.84,20.15,271.99,Paid
INV3DC2D99B31,CUST100078339,2026-05-10,2026-05-31,268.59,21.49,290.08,Partially Paid
INV2ED7E202A4,CUST100021300,2025-09-22,2025-10-13,221.12,17.69,238.81,Unpaid
INV80E4A64271,CUST100074861,2026-03-18,2026-04-08,22.02,1.76,23.78,Paid
INV3A65564551,CUST100023121,2026-04-13,2026-05-04,165.26,13.22,178.48,Paid
INV850BFB59E3,CUST100006599,2025-12-27,2026-01-17,125.0,10.0,135.0,Paid
INV657A916F4E,CUST100082344,2026-02-12,2026-03-05,326.97,26.16,353.13,Paid
INVCE6CDEADB1,CUST100075965,2026-02-13,2026-03-06,235.92,18.87,254.79,Partially Paid
INV35DB63314F,CUST100001111,2026-06-21,2026-07-12,36.25,2.9,39.15,Paid
INV2BB1BC443B,CUST100000782,2026-02-09,2026-03-02,137.89,11.03,148.92,Paid
INV2257926C25,CUST100059262,2026-03-17,2026-04-07,241.25,19.3,260.55,Partially Paid
INV17925D5D17,CUST100001911,2025-11-14,2025-12-05,281.31,22.5,303.81,Paid
INV801E145D33,CUST100000000,2026-05-10,2026-05-31,317.28,25.38,342.66,Paid
INV69352BF5AF,CUST100013750,2025-10-08,2025-10-29,136.85,10.95,147.8,Paid
INV3AD13A6AF2,CUST100084198,2026-06-07,2026-06-28,109.48,8.76,118.24,Overdue
INV2DDB1B839F,CUST100037264,2026-02-13,2026-03-06,209.23,16.74,225.97,Overdue
INV803ED5042D,CUST100053461,2025-10-21,2025-11-11,210.78,16.86,227.64,Paid
INV6BCD93AB48,CUST100099807,2025-12-03,2025-12-24,232.63,18.61,251.24,Paid
INVF7F6266621,CUST100059494,2025-08-22,2025-09-12,99.35,7.95,107.3,Unpaid
INVCD7F2C9B29,CUST100004036,2025-11-08,2025-11-29,224.93,17.99,242.92,Partially Paid
INV1A9A20703A,CUST100006300,2025-11-19,2025-12-10,137.33,10.99,148.32,Partially Paid
INV8E0E04E0AA,CUST100018759,2026-05-23,2026-06-13,23.76,1.9,25.66,Paid
INV02118C161D,CUST100090531,2026-05-20,2026-06-10,65.69,5.26,70.95,Paid
INV0FE6AFE3E0,CUST100011151,2026-07-01,2026-07-22,353.74,28.3,382.04,Paid
INV8A037B9BBE,CUST100075868,2026-03-17,2026-04-07,224.28,17.94,242.22,Unpaid
INVC8B8A18794,CUST100010690,2026-04-07,2026-04-28,192.27,15.38,207.65,Paid
INV73834837D1,CUST100059703,2026-01-11,2026-02-01,310.78,24.86,335.64,Paid
INV4B7F9E88EF,CUST100005790,2025-09-01,2025-09-22,398.31,31.86,430.17,Paid
INV679731961E,CUST100006864,2026-01-08,2026-01-29,212.52,17.0,229.52,Paid
INVFA6E0897D0,CUST100031975,2026-04-02,2026-04-23,327.29,26.18,353.47,Paid
INVFA26BE6F04,CUST100086271,2025-12-26,2026-01-16,146.84,11.75,158.59,Paid
INV3915365A89,CUST100079146,2025-12-22,2026-01-12,175.56,14.04,189.6,Paid
INV0E2A148823,CUST100072134,2025-12-24,2026-01-14,234.78,18.78,253.56,Paid
INVDB1E2734F7,CUST100026673,2025-12-12,2026-01-02,69.94,5.6,75.54,Paid
INV556F4C41CC,CUST100005527,2025-08-08,2025-08-29,80.47,6.44,86.91,Unpaid
INV30EF885C89,CUST100050348,2025-11-09,2025-11-30,256.73,20.54,277.27,Unpaid
INV241C54B9A2,CUST100016289,2026-01-04,2026-01-25,168.01,13.44,181.45,Unpaid
INV9D729AB153,CUST100096840,2025-10-21,2025-11-11,159.76,12.78,172.54,Paid
INV75F5D533C4,CUST100027656,2026-01-04,2026-01-25,135.16,10.81,145.97,Paid
INV77C881879A,CUST100068266,2026-03-06,2026-03-27,206.82,16.55,223.37,Unpaid
INVD7D0ECC093,CUST100080692,2025-10-22,2025-11-12,140.05,11.2,151.25,Partially Paid
INVD913750ADE,CUST100086160,2025-10-22,2025-11-12,167.39,13.39,180.78,Paid
INV2CA02F73AB,CUST100079471,2026-02-10,2026-03-03,303.95,24.32,328.27,Overdue
INV83E542685D,CUST100094371,2026-03-14,2026-04-04,255.12,20.41,275.53,Overdue
INVAE168440C7,CUST100092448,2026-07-19,2026-08-09,362.26,28.98,391.24,Paid
INV1DB2253F14,CUST100004963,2025-08-08,2025-08-29,145.16,11.61,156.77,Paid
INV434B1D9C2B,CUST100039224,2025-12-03,2025-12-24,381.03,30.48,411.51,Paid
INV52F3BC2C6C,CUST100066088,2026-03-15,2026-04-05,288.44,23.08,311.52,Partially Paid
INVBC30FC1ECB,CUST100005077,2026-01-31,2026-02-21,358.37,28.67,387.04,Paid
INVFDD95DEC2A,CUST100086923,2026-06-02,2026-06-23,168.76,13.5,182.26,Overdue
INV58849B3730,CUST100080867,2025-12-23,2026-01-13,86.39,6.91,93.3,Paid
INVA138434582,CUST100059556,2025-12-12,2026-01-02,132.64,10.61,143.25,Partially Paid
INV29D57CB18E,CUST100006204,2026-03-31,2026-04-21,271.01,21.68,292.69,Overdue
INVAD0FA675AC,CUST100044106,2026-06-06,2026-06-27,335.02,26.8,361.82,Paid
INV468CC7DFE7,CUST100097592,2025-12-31,2026-01-21,136.24,10.9,147.14,Partially Paid
INV663986C550,CUST100095627,2026-07-13,2026-08-03,392.41,31.39,423.8,Paid
INVE9E459A325,CUST100006712,2025-12-08,2025-12-29,270.93,21.67,292.6,Paid
INV0160EDF91E,CUST100042440,2025-11-08,2025-11-29,245.78,19.66,265.44,Paid
INV934C9B2C5D,CUST100025504,2025-12-26,2026-01-16,349.62,27.97,377.59,Paid
INVE63B1468A5,CUST100045188,2025-10-31,2025-11-21,207.23,16.58,223.81,Paid
INV178155937A,CUST100086469,2026-01-16,2026-02-06,24.85,1.99,26.84,Paid
INV7B50E6F888,CUST100006692,2026-02-02,2026-02-23,373.06,29.84,402.9,Paid
INV56487C5665,CUST100037927,2025-11-17,2025-12-08,182.55,14.6,197.15,Paid
INV66F45398BA,CUST100080095,2026-05-29,2026-06-19,161.1,12.89,173.99,Paid
INVB9DB1EBD6E,CUST100044801,2026-01-03,2026-01-24,252.4,20.19,272.59,Unpaid
INVAFB6D9FCBE,CUST100079436,2026-04-13,2026-05-04,286.29,22.9,309.19,Paid
INVA69C31FFA9,CUST100013810,2026-05-25,2026-06-15,352.71,28.22,380.93,Paid
INVD274F2FEA0,CUST100063502,2026-04-12,2026-05-03,235.16,18.81,253.97,Paid
INV75C18D549C,CUST100043615,2025-12-11,2026-01-01,212.66,17.01,229.67,Unpaid
INVF32429FA2D,CUST100094878,2025-12-30,2026-01-20,204.93,16.39,221.32,Paid
INVE2B7576452,CUST100041772,2025-11-30,2025-12-21,303.49,24.28,327.77,Partially Paid
INV9AE2CE4F7E,CUST100073023,2025-12-24,2026-01-14,323.4,25.87,349.27,Unpaid
INV1F3254DD4B,CUST100055250,2025-08-04,2025-08-25,185.27,14.82,200.09,Partially Paid
INV7B32F8982E,CUST100001846,2026-01-06,2026-01-27,127.01,10.16,137.17,Paid
INV155B99331F,CUST100073217,2025-09-26,2025-10-17,369.36,29.55,398.91,Paid
INVB5FADBF26C,CUST100017278,2026-07-03,2026-07-24,260.27,20.82,281.09,Paid
INVBA3B97A03F,CUST100052759,2025-08-05,2025-08-26,62.43,4.99,67.42,Paid
INV13A82AC81D,CUST100077483,2026-06-07,2026-06-28,313.77,25.1,338.87,Paid
INVEA4DA9E078,CUST100086044,2026-05-27,2026-06-17,278.4,22.27,300.67,Paid
INV318FB1DBBA,CUST100007418,2026-02-25,2026-03-18,178.15,14.25,192.4,Paid
INV9D5C592E83,CUST100032943,2026-01-20,2026-02-10,283.1,22.65,305.75,Paid
INVC20733A235,CUST100066857,2026-05-08,2026-05-29,375.87,30.07,405.94,Overdue
INV0BE6893FD4,CUST100007396,2026-04-29,2026-05-20,349.72,27.98,377.7,Unpaid
INV649AE6B5E1,CUST100082074,2026-05-26,2026-06-16,262.2,20.98,283.18,Paid
INV1A942FFCC8,CUST100075609,2026-06-26,2026-07-17,313.11,25.05,338.16,Paid
INVBB3F79A00C,CUST100036551,2025-09-15,2025-10-06,343.19,27.46,370.65,Unpaid
INV71F5578618,CUST100011580,2026-06-02,2026-06-23,249.25,19.94,269.19,Overdue
INVF6E1DED737,CUST100058892,2026-01-11,2026-02-01,235.29,18.82,254.11,Paid
INV67052F2E15,CUST100053712,2026-02-22,2026-03-15,129.72,10.38,140.1,Paid
INV84BF82A54E,CUST100006897,2026-05-13,2026-06-03,254.04,20.32,274.36,Paid
INV6E2C8CCD75,CUST100048577,2026-01-04,2026-01-25,99.2,7.94,107.14,Paid
INVDA10CD909F,CUST100057533,2026-05-07,2026-05-28,356.53,28.52,385.05,Paid
INV9639FFF143,CUST100017185,2026-02-07,2026-02-28,176.9,14.15,191.05,Paid
INV10D22E2B29,CUST100023435,2026-05-18,2026-06-08,398.49,31.88,430.37,Overdue
INV3D2BB9933A,CUST100091231,2025-08-19,2025-09-09,242.98,19.44,262.42,Paid
INVD1C57A018E,CUST100083151,2026-07-06,2026-07-27,169.45,13.56,183.01,Paid
INV8E8158AC63,CUST100094268,2026-03-19,2026-04-09,390.67,31.25,421.92,Unpaid
INVAC2E7B5671,CUST100070817,2025-08-01,2025-08-22,275.67,22.05,297.72,Partially Paid
INV9D750C4978,CUST100050653,2025-08-18,2025-09-08,32.57,2.61,35.18,Paid
INV11F1F53F71,CUST100041254,2026-05-16,2026-06-06,123.69,9.9,133.59,Overdue
INV9EB9F9FBCC,CUST100063494,2026-07-21,2026-08-11,237.67,19.01,256.68,Paid
INVA6E25FAEB3,CUST100061528,2026-04-16,2026-05-07,338.43,27.07,365.5,Paid
INV1D8A3094EA,CUST100075880,2026-04-02,2026-04-23,164.94,13.2,178.14,Unpaid
INV0F1991C4BD,CUST100080348,2026-06-28,2026-07-19,147.4,11.79,159.19,Unpaid
INV644D8F4F73,CUST100050064,2025-09-26,2025-10-17,349.52,27.96,377.48,Partially Paid
INV70CDFA0257,CUST100056673,2025-12-11,2026-01-01,388.95,31.12,420.07,Paid
INV77AC978388,CUST100052146,2025-08-22,2025-09-12,370.24,29.62,399.86,Paid
INV33D5B837D1,CUST100070423,2026-01-16,2026-02-06,276.31,22.1,298.41,Paid
INV08947924FE,CUST100091550,2025-08-14,2025-09-04,270.15,21.61,291.76,Paid
INV95E88AD026,CUST100016601,2026-02-18,2026-03-11,175.8,14.06,189.86,Paid
INVD2A39E551A,CUST100081320,2026-04-15,2026-05-06,68.71,5.5,74.21,Overdue
INVF9572235CB,CUST100035870,2026-07-05,2026-07-26,122.39,9.79,132.18,Paid
INV0C9428419A,CUST100045051,2026-05-04,2026-05-25,93.87,7.51,101.38,Paid
INV837527222E,CUST100004982,2026-03-09,2026-03-30,39.03,3.12,42.15,Paid
INV7E06CC4FFA,CUST100018322,2025-09-11,2025-10-02,277.84,22.23,300.07,Overdue
INV82839A04C9,CUST100000393,2025-10-01,2025-10-22,341.5,27.32,368.82,Paid
INV1270EF49DC,CUST100064385,2025-11-06,2025-11-27,57.72,4.62,62.34,Partially Paid
INV26554989B5,CUST100071119,2025-11-07,2025-11-28,316.47,25.32,341.79,Paid
INVEABD68C3B0,CUST100087710,2026-07-16,2026-08-06,303.75,24.3,328.05,Paid
INVAF3B91110E,CUST100027556,2026-07-09,2026-07-30,143.52,11.48,155.0,Paid
INV9F40AF08D7,CUST100044625,2025-09-26,2025-10-17,61.85,4.95,66.8,Paid
INV9B6FC0CF69,CUST100005143,2025-09-29,2025-10-20,333.79,26.7,360.49,Partially Paid
INVF27B4917A2,CUST100000665,2025-11-28,2025-12-19,331.61,26.53,358.14,Paid
INVA92F24FB49,CUST100034373,2025-11-24,2025-12-15,303.38,24.27,327.65,Paid
INVF8C9081378,CUST100005664,2026-05-10,2026-05-31,317.38,25.39,342.77,Paid
INVBBB05E85B4,CUST100005955,2026-02-26,2026-03-19,119.43,9.55,128.98,Paid
INV854290E671,CUST100018646,2026-06-29,2026-07-20,163.74,13.1,176.84,Partially Paid
INV64016DFAE7,CUST100017651,2026-06-16,2026-07-07,192.28,15.38,207.66,Paid
INVDDEE066FF6,CUST100079485,2025-09-27,2025-10-18,309.46,24.76,334.22,Paid
INV4B19944F1E,CUST100007103,2026-03-04,2026-03-25,327.68,26.21,353.89,Overdue
INVC9B99B472A,CUST100050019,2025-09-02,2025-09-23,168.71,13.5,182.21,Overdue
INVFDA9F186E3,CUST100081772,2026-01-20,2026-02-10,338.82,27.11,365.93,Paid
INVA8FD56FD43,CUST100004708,2026-02-11,2026-03-04,136.95,10.96,147.91,Paid
INVF0262F1A72,CUST100026787,2026-05-19,2026-06-09,28.31,2.26,30.57,Paid
INV136FF1CC6A,CUST100050576,2026-02-18,2026-03-11,30.37,2.43,32.8,Paid
INVA15163C946,CUST100055587,2025-09-05,2025-09-26,391.21,31.3,422.51,Paid
INVEE477C5B8B,CUST100007779,2026-07-19,2026-08-09,95.14,7.61,102.75,Paid
INV8129597210,CUST100099175,2026-01-29,2026-02-19,252.55,20.2,272.75,Paid
INV4005B2BB08,CUST100095831,2025-08-05,2025-08-26,398.75,31.9,430.65,Paid
INV4FFCA59FC8,CUST100099805,2026-02-21,2026-03-14,165.57,13.25,178.82,Paid
INVEE18BD2B9E,CUST100056675,2026-05-08,2026-05-29,377.59,30.21,407.8,Overdue
INV8D1C5571EB,CUST100098606,2025-11-29,2025-12-20,104.25,8.34,112.59,Paid
INV0B2B8B8DB6,CUST100052876,2025-09-24,2025-10-15,102.56,8.2,110.76,Paid
INV4FD0FEA168,CUST100029224,2025-12-13,2026-01-03,243.57,19.49,263.06,Overdue
INVEF2D8EEB82,CUST100054379,2026-01-27,2026-02-17,168.21,13.46,181.67,Partially Paid
INVD0C64E5165,CUST100069575,2025-08-13,2025-09-03,346.29,27.7,373.99,Partially Paid
INVEB9D2F6301,CUST100065614,2026-05-11,2026-06-01,241.32,19.31,260.63,Paid
INVDCABC7840F,CUST100094818,2025-11-28,2025-12-19,270.67,21.65,292.32,Paid
INV5A0DF4CB2C,CUST100056736,2026-07-16,2026-08-06,354.24,28.34,382.58,Paid
INV1932AC38CA,CUST100007089,2026-05-24,2026-06-14,205.94,16.48,222.42,Unpaid
INV0AB03D50C1,CUST100082107,2026-02-12,2026-03-05,263.34,21.07,284.41,Paid
INVA0D7ACD709,CUST100034885,2025-12-26,2026-01-16,128.42,10.27,138.69,Paid
INVF3EE71F45C,CUST100057269,2025-11-15,2025-12-06,290.82,23.27,314.09,Paid
INV66EAA7D7AB,CUST100038323,2025-11-06,2025-11-27,66.34,5.31,71.65,Paid
INV6DE681D6A6,CUST100044058,2026-01-15,2026-02-05,117.82,9.43,127.25,Overdue
INVAC28DEA90E,CUST100079871,2025-11-25,2025-12-16,304.17,24.33,328.5,Paid
INVD051F64E94,CUST100011630,2026-02-08,2026-03-01,194.37,15.55,209.92,Overdue
INVB33CBAAF33,CUST100052065,2026-04-09,2026-04-30,288.93,23.11,312.04,Paid
INVC6DFD64D9B,CUST100071851,2025-10-02,2025-10-23,92.91,7.43,100.34,Unpaid
INV9892E2F528,CUST100042915,2026-06-02,2026-06-23,304.21,24.34,328.55,Paid
INVF135DBC986,CUST100076238,2026-04-04,2026-04-25,302.25,24.18,326.43,Paid
INVA4E687B802,CUST100001521,2026-03-19,2026-04-09,132.26,10.58,142.84,Paid
INV974D53A3F7,CUST100038035,2026-01-10,2026-01-31,231.56,18.52,250.08,Paid
INVBCED48CAF5,CUST100042331,2026-02-24,2026-03-17,133.85,10.71,144.56,Paid
INV12EE8609B6,CUST100004570,2026-02-16,2026-03-09,105.16,8.41,113.57,Overdue
INV98A7C1EBD0,CUST100061424,2026-06-18,2026-07-09,154.08,12.33,166.41,Paid
INVA5B1EE87A1,CUST100023206,2026-04-06,2026-04-27,397.96,31.84,429.8,Overdue
INV279F7667A2,CUST100062484,2025-11-19,2025-12-10,158.07,12.65,170.72,Unpaid
INV3BCC59F125,CUST100021153,2025-12-09,2025-12-30,68.66,5.49,74.15,Paid
INVA378C4D830,CUST100094799,2025-09-04,2025-09-25,152.54,12.2,164.74,Unpaid
INV220FB6952A,CUST100023041,2026-04-14,2026-05-05,272.72,21.82,294.54,Paid
INVA941860FC9,CUST100087702,2025-11-07,2025-11-28,367.17,29.37,396.54,Paid
INV8633697BC2,CUST100066807,2026-04-15,2026-05-06,361.39,28.91,390.3,Paid
INVFE76F32340,CUST100064906,2026-03-18,2026-04-08,180.11,14.41,194.52,Paid
INV45351884C8,CUST100047914,2025-09-30,2025-10-21,84.31,6.74,91.05,Overdue
INV9786A25AC6,CUST100010444,2026-07-15,2026-08-05,44.55,3.56,48.11,Paid
INVED138CDA86,CUST100010731,2025-10-16,2025-11-06,346.93,27.75,374.68,Paid
INV21021E7662,CUST100068034,2026-04-04,2026-04-25,145.37,11.63,157.0,Paid
INV2389A88185,CUST100012407,2025-10-07,2025-10-28,153.98,12.32,166.3,Paid
INV5A0036435C,CUST100054025,2026-04-16,2026-05-07,192.96,15.44,208.4,Overdue
INV50E8C18893,CUST100036218,2025-08-12,2025-09-02,79.15,6.33,85.48,Overdue
INVB485695C40,CUST100029730,2026-04-22,2026-05-13,293.66,23.49,317.15,Paid
INVB0D7F71CEC,CUST100039528,2026-02-02,2026-02-23,310.29,24.82,335.11,Overdue
INVDAD2E3299D,CUST100014993,2026-07-23,2026-08-13,215.55,17.24,232.79,Paid
INVF2E85CC355,CUST100061487,2025-09-21,2025-10-12,273.41,21.87,295.28,Paid
INVEAA3F29026,CUST100012043,2025-09-29,2025-10-20,196.4,15.71,212.11,Unpaid
INV69F171BF6D,CUST100033760,2026-04-15,2026-05-06,252.29,20.18,272.47,Paid
INV279C28AFD3,CUST100022272,2026-03-08,2026-03-29,165.35,13.23,178.58,Paid
INVEFD1E35D52,CUST100070925,2025-10-19,2025-11-09,53.59,4.29,57.88,Overdue
INV913903A422,CUST100068914,2026-05-10,2026-05-31,283.09,22.65,305.74,Partially Paid
INV060478FC32,CUST100066139,2026-04-13,2026-05-04,224.4,17.95,242.35,Paid
INV538BB87308,CUST100025448,2026-06-02,2026-06-23,348.55,27.88,376.43,Partially Paid
INV64B21BF225,CUST100007307,2026-04-27,2026-05-18,211.19,16.9,228.09,Paid
INVCDD4E827F7,CUST100033115,2025-12-29,2026-01-19,69.58,5.57,75.15,Paid
INVD6C641079F,CUST100041947,2026-05-19,2026-06-09,292.14,23.37,315.51,Overdue
INVB75D8916AF,CUST100021924,2026-01-18,2026-02-08,352.16,28.17,380.33,Paid
INV47DDC362AD,CUST100032179,2026-01-05,2026-01-26,26.51,2.12,28.63,Paid
INV54AAB03D3A,CUST100028538,2025-12-06,2025-12-27,37.02,2.96,39.98,Paid
INV81DB040EB9,CUST100002354,2025-10-15,2025-11-05,242.18,19.37,261.55,Paid
INVADBE9B7624,CUST100091387,2026-01-02,2026-01-23,179.02,14.32,193.34,Paid
INVAA85C6CF39,CUST100058336,2025-10-27,2025-11-17,169.97,13.6,183.57,Paid
INVA025748022,CUST100059339,2026-02-24,2026-03-17,79.7,6.38,86.08,Paid
INV78CDF58B75,CUST100051683,2026-04-30,2026-05-21,244.34,19.55,263.89,Paid
INVEA9A561830,CUST100066362,2026-01-19,2026-02-09,48.68,3.89,52.57,Paid
INV2CB263C979,CUST100071827,2026-07-01,2026-07-22,146.12,11.69,157.81,Paid
INV4354543EAF,CUST100070932,2026-06-20,2026-07-11,282.41,22.59,305.0,Paid
INV23761DC48E,CUST100074405,2025-12-14,2026-01-04,186.78,14.94,201.72,Paid
INV99552B0B51,CUST100096997,2025-10-20,2025-11-10,150.78,12.06,162.84,Paid
INVB54C4DA5C2,CUST100055216,2026-04-22,2026-05-13,147.11,11.77,158.88,Paid
INV80F2C420A9,CUST100019258,2026-03-21,2026-04-11,94.1,7.53,101.63,Paid
INVB8D5EF88B4,CUST100019424,2026-02-08,2026-03-01,331.45,26.52,357.97,Unpaid
INV2CEF3060BB,CUST100038186,2025-08-05,2025-08-26,164.33,13.15,177.48,Unpaid
INV2663E8C16C,CUST100085608,2026-05-07,2026-05-28,316.67,25.33,342.0,Paid
INVBA634CBDBC,CUST100074886,2026-02-25,2026-03-18,236.33,18.91,255.24,Unpaid
INV6B87F85EDC,CUST100034260,2025-12-10,2025-12-31,312.28,24.98,337.26,Paid
INVE7D5FB92E0,CUST100030559,2025-12-28,2026-01-18,354.9,28.39,383.29,Paid
INV0D42821C72,CUST100054069,2025-08-16,2025-09-06,376.1,30.09,406.19,Paid
INVC48912D0BF,CUST100014396,2026-05-27,2026-06-17,313.42,25.07,338.49,Paid
INV4F208CB10B,CUST100045538,2025-12-27,2026-01-17,27.52,2.2,29.72,Paid
INV4624ECD390,CUST100034320,2026-07-08,2026-07-29,245.48,19.64,265.12,Unpaid
INVC0DEC37532,CUST100085533,2025-08-31,2025-09-21,307.29,24.58,331.87,Paid
INVBDF95A1AD6,CUST100093492,2026-02-10,2026-03-03,148.26,11.86,160.12,Unpaid
INVCD1B8EE731,CUST100064929,2026-01-14,2026-02-04,312.96,25.04,338.0,Paid
INV777196847F,CUST100061087,2025-10-05,2025-10-26,86.32,6.91,93.23,Paid
INVE2D854B7E7,CUST100031721,2025-12-01,2025-12-22,399.32,31.95,431.27,Overdue
INVF992940FE0,CUST100099506,2026-06-01,2026-06-22,165.89,13.27,179.16,Overdue
INVA8733998E1,CUST100029139,2026-03-20,2026-04-10,157.79,12.62,170.41,Paid
INV8FCD7AF32E,CUST100096579,2026-07-04,2026-07-25,23.37,1.87,25.24,Paid
INV640A3B4C5D,CUST100099931,2026-04-01,2026-04-22,72.84,5.83,78.67,Paid
INVE9FA3BB5F4,CUST100080876,2025-11-03,2025-11-24,367.94,29.44,397.38,Paid
INV9C5B3FF41F,CUST100028631,2026-02-04,2026-02-25,190.58,15.25,205.83,Paid
INV6F6A266E42,CUST100027791,2026-01-29,2026-02-19,144.26,11.54,155.8,Paid
INVB8B370F6DF,CUST100081233,2025-08-17,2025-09-07,181.15,14.49,195.64,Partially Paid
INV4FFE661260,CUST100009111,2026-04-08,2026-04-29,151.1,12.09,163.19,Overdue
INVC2BBAE513A,CUST100054499,2025-11-17,2025-12-08,171.34,13.71,185.05,Paid
INV7C8DD5C6DF,CUST100017115,2026-01-01,2026-01-22,242.83,19.43,262.26,Unpaid
INVBFC0DADE91,CUST100025547,2026-07-03,2026-07-24,285.19,22.82,308.01,Paid
INVD6D5B684C1,CUST100090327,2026-01-05,2026-01-26,265.55,21.24,286.79,Paid
INVC0F8934388,CUST100040969,2026-01-14,2026-02-04,136.72,10.94,147.66,Unpaid
INV046009A79F,CUST100020956,2026-04-15,2026-05-06,295.12,23.61,318.73,Overdue
INV93A94CDEF8,CUST100019180,2026-06-19,2026-07-10,143.37,11.47,154.84,Paid
INVF05A31B512,CUST100048620,2026-05-31,2026-06-21,258.53,20.68,279.21,Paid
INVE7B8C6E0C1,CUST100095391,2026-01-13,2026-02-03,157.9,12.63,170.53,Overdue
INV07E49D3609,CUST100065597,2026-01-19,2026-02-09,163.07,13.05,176.12,Paid
INV5AEBF4D162,CUST100014997,2026-02-06,2026-02-27,112.77,9.02,121.79,Unpaid
INV8B147DDF39,CUST100080094,2025-09-14,2025-10-05,74.18,5.93,80.11,Partially Paid
INV3C089154E1,CUST100037534,2025-11-18,2025-12-09,260.97,20.88,281.85,Paid
INVBE55C357EA,CUST100070357,2026-01-17,2026-02-07,333.55,26.68,360.23,Unpaid
INV85E28D81E4,CUST100031343,2025-10-15,2025-11-05,383.53,30.68,414.21,Partially Paid
INVC8B845B514,CUST100007404,2026-02-09,2026-03-02,166.0,13.28,179.28,Paid
INVAF897B9EC0,CUST100091276,2025-09-02,2025-09-23,264.4,21.15,285.55,Paid
INV4B52B580FA,CUST100093994,2026-01-02,2026-01-23,66.88,5.35,72.23,Paid
INV500425E49E,CUST100059214,2025-11-12,2025-12-03,219.95,17.6,237.55,Paid
INV0C5D3EFB9F,CUST100029062,2025-10-15,2025-11-05,90.54,7.24,97.78,Paid
INV1D655F29F8,CUST100055435,2026-01-13,2026-02-03,248.26,19.86,268.12,Paid
INV3EA5FEA206,CUST100044315,2025-09-22,2025-10-13,377.85,30.23,408.08,Paid
INVBC2D59B661,CUST100054255,2025-08-17,2025-09-07,371.36,29.71,401.07,Paid
INV117066C665,CUST100000174,2025-11-14,2025-12-05,32.16,2.57,34.73,Unpaid
INV486D1C0BD9,CUST100013641,2026-03-04,2026-03-25,347.27,27.78,375.05,Unpaid
INV6E9BB5E965,CUST100095835,2026-05-05,2026-05-26,107.41,8.59,116.0,Unpaid
INV8454C2022B,CUST100028976,2026-06-18,2026-07-09,88.13,7.05,95.18,Paid
INVB90BF755B0,CUST100027806,2026-06-05,2026-06-26,68.74,5.5,74.24,Paid
INV59C486BCFC,CUST100092979,2026-03-13,2026-04-03,112.47,9.0,121.47,Unpaid
INV4EF8E935D4,CUST100092002,2026-05-22,2026-06-12,287.64,23.01,310.65,Paid
INV470C0E6EB2,CUST100032712,2025-12-28,2026-01-18,161.03,12.88,173.91,Paid
INV506C8B1740,CUST100004276,2025-10-27,2025-11-17,112.88,9.03,121.91,Unpaid
INVB59CEAF0EE,CUST100047204,2026-05-28,2026-06-18,299.04,23.92,322.96,Paid
INV49AFED51AE,CUST100006806,2026-02-24,2026-03-17,275.83,22.07,297.9,Paid
INV1A81708A8B,CUST100056741,2025-09-14,2025-10-05,149.6,11.97,161.57,Overdue
INVB83791589F,CUST100022330,2026-07-03,2026-07-24,222.77,17.82,240.59,Overdue
INV60978E58E0,CUST100076928,2026-05-23,2026-06-13,167.55,13.4,180.95,Paid
INV02D790D6E1,CUST100086791,2026-07-10,2026-07-31,191.19,15.3,206.49,Unpaid
INV9BFBA0A7ED,CUST100024307,2025-11-07,2025-11-28,139.15,11.13,150.28,Overdue
INV6BE9A2FA77,CUST100020402,2026-03-04,2026-03-25,344.94,27.6,372.54,Paid
INV96E6324EDD,CUST100043450,2026-06-23,2026-07-14,156.51,12.52,169.03,Paid
INV273705E387,CUST100065836,2025-11-14,2025-12-05,371.88,29.75,401.63,Paid
INV801F401C04,CUST100034464,2026-01-12,2026-02-02,380.34,30.43,410.77,Paid
INV43A5D16949,CUST100085294,2026-06-08,2026-06-29,348.36,27.87,376.23,Partially Paid
INVD5B30948E1,CUST100087705,2025-10-19,2025-11-09,177.9,14.23,192.13,Paid
INV6A44E4103D,CUST100016433,2025-11-27,2025-12-18,67.46,5.4,72.86,Paid
INV51608A5D74,CUST100062842,2026-03-27,2026-04-17,90.67,7.25,97.92,Paid
INV1E5204044E,CUST100078535,2025-11-26,2025-12-17,150.73,12.06,162.79,Paid
INVA55EAF5613,CUST100080967,2026-07-22,2026-08-12,84.3,6.74,91.04,Unpaid
INV86DA8C7D89,CUST100061105,2026-02-14,2026-03-07,82.41,6.59,89.0,Paid
INV85B267105D,CUST100021443,2025-10-29,2025-11-19,160.57,12.85,173.42,Overdue
INV68DA03E8C6,CUST100093295,2025-12-30,2026-01-20,142.48,11.4,153.88,Unpaid
INV7FDA05C25F,CUST100098039,2025-08-15,2025-09-05,277.58,22.21,299.79,Paid
INV6B92C038D2,CUST100024027,2025-08-30,2025-09-20,238.29,19.06,257.35,Paid
INV7959E67E0C,CUST100068622,2025-10-29,2025-11-19,90.49,7.24,97.73,Paid
INV7FABDAA72F,CUST100082284,2025-08-16,2025-09-06,366.62,29.33,395.95,Paid
INV2F64558B24,CUST100088171,2026-01-03,2026-01-24,349.79,27.98,377.77,Unpaid
INV1152B99648,CUST100039495,2026-06-30,2026-07-21,151.34,12.11,163.45,Partially Paid
INVDA238DF046,CUST100015064,2025-09-05,2025-09-26,28.96,2.32,31.28,Unpaid
INV88F9DE058A,CUST100013313,2026-05-02,2026-05-23,98.93,7.91,106.84,Overdue
INVE59CC9023F,CUST100019223,2025-09-07,2025-09-28,126.64,10.13,136.77,Paid
INV59F26FDDA3,CUST100003050,2025-12-11,2026-01-01,33.58,2.69,36.27,Paid
INVB5DD6162B7,CUST100002508,2026-07-19,2026-08-09,195.91,15.67,211.58,Paid
INVDE2EBC8F68,CUST100077805,2026-05-08,2026-05-29,336.46,26.92,363.38,Partially Paid
INV8758B3486F,CUST100090004,2026-07-11,2026-08-01,387.47,31.0,418.47,Unpaid
INV241D9825C7,CUST100071481,2026-02-27,2026-03-20,57.64,4.61,62.25,Paid
INV8CFAA44821,CUST100021185,2025-09-05,2025-09-26,257.38,20.59,277.97,Unpaid
INV641FE6F81F,CUST100059946,2025-10-14,2025-11-04,296.88,23.75,320.63,Paid
INVE792B355AB,CUST100045083,2026-02-26,2026-03-19,363.21,29.06,392.27,Paid
INV9436DDEDB9,CUST100056644,2026-06-12,2026-07-03,321.93,25.75,347.68,Paid
INV44E15392C7,CUST100099654,2025-08-22,2025-09-12,392.22,31.38,423.6,Partially Paid
INVF0114439A8,CUST100058845,2025-10-17,2025-11-07,176.57,14.13,190.7,Paid
INV0EF5ACB4F6,CUST100025340,2026-06-14,2026-07-05,60.35,4.83,65.18,Unpaid
INVE4FA42DE8A,CUST100048452,2026-01-08,2026-01-29,94.01,7.52,101.53,Paid
INV2D681F7AA3,CUST100049925,2026-01-13,2026-02-03,388.48,31.08,419.56,Paid
INVC975C016FF,CUST100017040,2025-08-18,2025-09-08,341.16,27.29,368.45,Paid
INVC9A961B6E9,CUST100078498,2025-11-20,2025-12-11,388.91,31.11,420.02,Paid
INV67CC7F10B8,CUST100012403,2025-09-20,2025-10-11,223.44,17.88,241.32,Unpaid
INV588CC21C8B,CUST100026927,2026-01-04,2026-01-25,237.64,19.01,256.65,Paid
INV19E812A8AA,CUST100009756,2026-04-07,2026-04-28,366.0,29.28,395.28,Paid
INV1148EA622A,CUST100031455,2026-04-12,2026-05-03,189.56,15.16,204.72,Paid
INV97A70CDABE,CUST100081296,2025-12-24,2026-01-14,243.65,19.49,263.14,Unpaid
INV4BAAB6255A,CUST100050558,2026-02-03,2026-02-24,334.84,26.79,361.63,Overdue
INV336A55F185,CUST100009689,2026-06-04,2026-06-25,125.41,10.03,135.44,Unpaid
INV7778AD29B2,CUST100048486,2026-07-01,2026-07-22,103.59,8.29,111.88,Paid
INV012672B24D,CUST100028881,2026-02-10,2026-03-03,214.73,17.18,231.91,Paid
INV3E8FB4F4DB,CUST100055881,2026-07-07,2026-07-28,380.89,30.47,411.36,Paid
INV4A62A520A5,CUST100063040,2025-08-09,2025-08-30,356.78,28.54,385.32,Overdue
INVCE9F6716CE,CUST100036278,2026-02-05,2026-02-26,144.7,11.58,156.28,Overdue
INVBAB376623F,CUST100060789,2025-12-04,2025-12-25,296.36,23.71,320.07,Partially Paid
INVA432AABABB,CUST100001493,2025-08-28,2025-09-18,155.66,12.45,168.11,Paid
INV09D81BD8A0,CUST100047232,2026-01-21,2026-02-11,172.33,13.79,186.12,Paid
INV072CA14CBA,CUST100005985,2026-02-19,2026-03-12,393.73,31.5,425.23,Paid
INV5A5AEAE23C,CUST100089250,2025-09-23,2025-10-14,149.77,11.98,161.75,Overdue
INV42C73C599F,CUST100066215,2026-06-13,2026-07-04,71.69,5.74,77.43,Paid
INV2B59C82121,CUST100013950,2026-06-26,2026-07-17,202.04,16.16,218.2,Paid
INVB1BD31A1CC,CUST100097792,2026-02-16,2026-03-09,61.37,4.91,66.28,Unpaid
INV6A5D8E2442,CUST100087164,2026-01-31,2026-02-21,113.41,9.07,122.48,Paid
INV2073499F34,CUST100027858,2025-11-19,2025-12-10,141.39,11.31,152.7,Unpaid
INVEAEA53FD05,CUST100071369,2026-02-03,2026-02-24,295.65,23.65,319.3,Paid
INVFCCDA143F0,CUST100071183,2025-09-29,2025-10-20,115.82,9.27,125.09,Unpaid
INV646839B3D5,CUST100099703,2026-06-11,2026-07-02,235.54,18.84,254.38,Paid
INV951B5BD198,CUST100005891,2026-04-08,2026-04-29,52.03,4.16,56.19,Paid
INV7B4BD4DF14,CUST100083870,2026-05-27,2026-06-17,147.01,11.76,158.77,Paid
INV93B854B17F,CUST100095239,2026-04-20,2026-05-11,235.12,18.81,253.93,Paid
INV67ED3E93AA,CUST100034380,2026-02-25,2026-03-18,304.51,24.36,328.87,Paid
INV5A9989520D,CUST100078905,2025-11-23,2025-12-14,31.33,2.51,33.84,Paid
INVC254A3E9A9,CUST100072754,2026-06-02,2026-06-23,114.33,9.15,123.48,Overdue
INV5A4C179D7A,CUST100004751,2026-07-15,2026-08-05,337.04,26.96,364.0,Paid
INV8288066A1A,CUST100095273,2026-04-27,2026-05-18,169.21,13.54,182.75,Partially Paid
INVA5E8A1AD0C,CUST100023993,2025-10-18,2025-11-08,43.38,3.47,46.85,Paid
INVA3D1AF3AA7,CUST100005176,2025-08-28,2025-09-18,101.68,8.13,109.81,Paid
INV2135557D38,CUST100054726,2026-06-12,2026-07-03,120.49,9.64,130.13,Paid
INVA28DA6E72E,CUST100030441,2026-07-19,2026-08-09,160.99,12.88,173.87,Paid
INV46404C7DEE,CUST100027626,2026-03-25,2026-04-15,320.67,25.65,346.32,Paid
INVDA0049BD9F,CUST100047012,2026-06-14,2026-07-05,178.97,14.32,193.29,Paid
INVE44B94D369,CUST100087449,2025-12-15,2026-01-05,101.05,8.08,109.13,Paid
INV7AC4B4CD49,CUST100041644,2026-07-23,2026-08-13,263.97,21.12,285.09,Unpaid
INVCBE6BE5840,CUST100053015,2026-04-03,2026-04-24,143.75,11.5,155.25,Unpaid
INVD6D6C7BE6A,CUST100099606,2026-02-18,2026-03-11,253.16,20.25,273.41,Paid
INV66CED09F48,CUST100092231,2026-01-02,2026-01-23,284.04,22.72,306.76,Paid
INVC10681A415,CUST100088941,2025-10-06,2025-10-27,212.43,16.99,229.42,Paid
INVB0317EC7D4,CUST100014870,2026-05-07,2026-05-28,283.07,22.65,305.72,Unpaid
INV0A8C0DB12D,CUST100057832,2025-12-29,2026-01-19,203.81,16.3,220.11,Overdue
INV4BC538F030,CUST100080162,2025-10-11,2025-11-01,226.17,18.09,244.26,Overdue
INV3A0B70F462,CUST100085389,2026-03-11,2026-04-01,318.23,25.46,343.69,Paid
INV933EF45B75,CUST100044115,2026-03-14,2026-04-04,262.25,20.98,283.23,Paid
INV66095128B7,CUST100099280,2026-06-02,2026-06-23,251.17,20.09,271.26,Partially Paid
INV7FE9CE7843,CUST100086234,2026-06-18,2026-07-09,136.44,10.92,147.36,Paid
INVF664656F8C,CUST100087131,2026-02-12,2026-03-05,353.82,28.31,382.13,Paid
INV7B1F65C85E,CUST100075046,2025-11-14,2025-12-05,208.67,16.69,225.36,Paid
INV01FE82620D,CUST100097772,2026-06-20,2026-07-11,170.06,13.6,183.66,Overdue
INVD4AEBB3C11,CUST100039753,2025-12-10,2025-12-31,59.99,4.8,64.79,Partially Paid
INV59BEB54F76,CUST100045693,2026-01-25,2026-02-15,26.66,2.13,28.79,Paid
INV228EDFFA54,CUST100085873,2025-08-20,2025-09-10,31.15,2.49,33.64,Unpaid
INV73986368EE,CUST100081634,2026-03-16,2026-04-06,328.64,26.29,354.93,Paid
INVAC4690FF11,CUST100064962,2026-05-11,2026-06-01,274.98,22.0,296.98,Partially Paid
INV47E5911A5B,CUST100049186,2026-01-19,2026-02-09,45.49,3.64,49.13,Overdue
INV7202E21BB6,CUST100068223,2026-02-03,2026-02-24,142.78,11.42,154.2,Paid
INVFF01BCB20E,CUST100017228,2026-03-26,2026-04-16,103.98,8.32,112.3,Paid
INV0C2F57C13C,CUST100062827,2026-06-30,2026-07-21,375.19,30.02,405.21,Paid
INV3A2E636BA4,CUST100090103,2026-07-06,2026-07-27,385.67,30.85,416.52,Unpaid
INV667E346E05,CUST100046530,2025-12-25,2026-01-15,264.84,21.19,286.03,Overdue
INV5AFBE6ACAA,CUST100047823,2026-03-19,2026-04-09,361.53,28.92,390.45,Paid
INV6917D53303,CUST100006971,2026-03-25,2026-04-15,389.12,31.13,420.25,Paid
INVFDE2560352,CUST100086246,2026-01-23,2026-02-13,20.3,1.62,21.92,Unpaid
INV160F093F4A,CUST100095848,2026-05-25,2026-06-15,256.49,20.52,277.01,Paid
INV571F3396B9,CUST100000604,2025-08-11,2025-09-01,339.65,27.17,366.82,Paid
INV9FDC11DDE7,CUST100063389,2025-09-12,2025-10-03,34.16,2.73,36.89,Paid
INV7E3A62FD4C,CUST100066750,2026-02-23,2026-03-16,268.24,21.46,289.7,Paid
INV01DEE32FEA,CUST100010320,2025-08-07,2025-08-28,257.18,20.57,277.75,Paid
INV1144209AD4,CUST100069667,2026-05-10,2026-05-31,237.38,18.99,256.37,Unpaid
INV0EC1BF57A7,CUST100082853,2025-12-15,2026-01-05,239.97,19.2,259.17,Paid
INV510A8EB629,CUST100052171,2026-05-19,2026-06-09,320.08,25.61,345.69,Paid
INV10F525CEE9,CUST100044165,2025-11-22,2025-12-13,63.93,5.11,69.04,Paid
INVE531C6C455,CUST100031650,2025-09-27,2025-10-18,239.13,19.13,258.26,Paid
INVD8A06620EE,CUST100070321,2026-03-02,2026-03-23,166.62,13.33,179.95,Overdue
INV3062B13F75,CUST100003942,2026-06-19,2026-07-10,258.8,20.7,279.5,Unpaid
INV3CFDD6A6D1,CUST100064236,2026-01-24,2026-02-14,374.47,29.96,404.43,Paid
INV6118C72117,CUST100072025,2026-04-22,2026-05-13,103.31,8.26,111.57,Paid
INV5BFBF9EA57,CUST100083915,2025-09-28,2025-10-19,175.1,14.01,189.11,Paid
INV06E47E43DE,CUST100099344,2026-07-21,2026-08-11,228.64,18.29,246.93,Unpaid
INV0D3E0D11F9,CUST100050714,2026-04-17,2026-05-08,35.43,2.83,38.26,Unpaid
INV1C6251B671,CUST100071721,2026-02-23,2026-03-16,135.17,10.81,145.98,Paid
INVA71AB3D33F,CUST100053576,2026-01-04,2026-01-25,38.25,3.06,41.31,Paid
INVB62A436D45,CUST100052417,2026-02-14,2026-03-07,382.32,30.59,412.91,Overdue
INVF41EBE0C8A,CUST100023585,2026-01-11,2026-02-01,284.01,22.72,306.73,Paid
INV87C06A6670,CUST100015760,2026-06-28,2026-07-19,67.4,5.39,72.79,Paid
INV59590A5E81,CUST100040050,2025-11-16,2025-12-07,216.22,17.3,233.52,Unpaid
INVC06FF199F0,CUST100065300,2026-03-02,2026-03-23,303.93,24.31,328.24,Unpaid
INV1AE60BB075,CUST100033761,2025-11-25,2025-12-16,69.51,5.56,75.07,Paid
INV7C8166BDEE,CUST100069430,2026-04-08,2026-04-29,219.16,17.53,236.69,Paid
INVEB0A5153A2,CUST100073350,2026-02-11,2026-03-04,183.8,14.7,198.5,Partially Paid
INV7610C423C0,CUST100092508,2025-10-08,2025-10-29,227.72,18.22,245.94,Paid
INV6F221A89BC,CUST100073117,2026-05-23,2026-06-13,40.27,3.22,43.49,Paid
INV18AE083389,CUST100089547,2026-04-07,2026-04-28,324.76,25.98,350.74,Paid
INV8923F71426,CUST100024784,2026-04-06,2026-04-27,317.53,25.4,342.93,Paid
INV2E14C785E3,CUST100089405,2025-12-04,2025-12-25,29.32,2.35,31.67,Unpaid
INV85E8F49A0E,CUST100033463,2025-11-23,2025-12-14,343.8,27.5,371.3,Paid
INV28358F7678,CUST100045145,2025-10-26,2025-11-16,36.31,2.9,39.21,Unpaid
INVD195D2E565,CUST100054558,2025-08-16,2025-09-06,77.56,6.2,83.76,Unpaid
INV88CEC69486,CUST100040466,2026-01-27,2026-02-17,53.97,4.32,58.29,Overdue
INV04D058E159,CUST100030653,2026-01-08,2026-01-29,95.36,7.63,102.99,Paid
INV189DC4B12C,CUST100043374,2025-12-28,2026-01-18,195.55,15.64,211.19,Paid
INV075FA7E14A,CUST100011597,2025-10-11,2025-11-01,260.21,20.82,281.03,Paid
INVE5669C8904,CUST100041612,2025-09-16,2025-10-07,81.07,6.49,87.56,Overdue
INV46137FAE92,CUST100040528,2025-08-23,2025-09-13,344.03,27.52,371.55,Paid
INV534DE86E52,CUST100071766,2025-10-30,2025-11-20,158.41,12.67,171.08,Paid
INV804F0731D3,CUST100025371,2025-12-03,2025-12-24,375.41,30.03,405.44,Paid
INV7DEB1D81A8,CUST100020560,2026-05-11,2026-06-01,152.0,12.16,164.16,Unpaid
INVEB9D0552D3,CUST100011366,2026-06-15,2026-07-06,111.8,8.94,120.74,Paid
INVF78967E8AA,CUST100066080,2026-07-15,2026-08-05,73.03,5.84,78.87,Unpaid
INV5FEFF1ADE8,CUST100059487,2026-06-27,2026-07-18,234.91,18.79,253.7,Unpaid
INV05A1F75A7B,CUST100070352,2025-11-27,2025-12-18,326.57,26.13,352.7,Paid
INV4370C2BB07,CUST100032787,2026-02-20,2026-03-13,232.69,18.62,251.31,Paid
INV5DADC753A1,CUST100087029,2025-12-27,2026-01-17,167.75,13.42,181.17,Paid
INV7F1DE0018F,CUST100013519,2025-08-16,2025-09-06,99.26,7.94,107.2,Paid
INV77E334ABCF,CUST100035456,2026-06-29,2026-07-20,280.94,22.48,303.42,Paid
INVEA67206004,CUST100080233,2026-01-23,2026-02-13,269.67,21.57,291.24,Paid
INV6F9F614B3C,CUST100090246,2026-07-17,2026-08-07,269.84,21.59,291.43,Paid
INV53A0FF5A6B,CUST100079675,2025-09-01,2025-09-22,164.31,13.14,177.45,Paid
INVFEA25D8773,CUST100040618,2026-06-07,2026-06-28,143.53,11.48,155.01,Paid
INV5C9A9FB4BF,CUST100060719,2025-11-24,2025-12-15,112.57,9.01,121.58,Paid
INV951227E03B,CUST100034141,2025-12-26,2026-01-16,324.91,25.99,350.9,Partially Paid
INV9CCF8D8737,CUST100043144,2025-12-15,2026-01-05,166.25,13.3,179.55,Unpaid
INV3396DD2A93,CUST100062233,2026-06-21,2026-07-12,382.76,30.62,413.38,Paid
INVA97C871599,CUST100080413,2026-04-12,2026-05-03,197.48,15.8,213.28,Paid
INVF3823B41E3,CUST100007976,2026-02-22,2026-03-15,269.17,21.53,290.7,Paid
INV94BC2A9C3F,CUST100094767,2025-11-19,2025-12-10,102.3,8.18,110.48,Paid
INV5FE4F737D1,CUST100091771,2026-07-02,2026-07-23,148.34,11.87,160.21,Paid
INV9F5C94EFC0,CUST100077453,2025-08-15,2025-09-05,330.27,26.42,356.69,Paid
INV32072D18AF,CUST100095912,2025-10-03,2025-10-24,239.03,19.12,258.15,Paid
INV586B19CAB3,CUST100037254,2026-01-28,2026-02-18,214.88,17.19,232.07,Unpaid
INVFA40535158,CUST100041219,2026-04-03,2026-04-24,150.19,12.02,162.21,Unpaid
INV50786A3FCC,CUST100079089,2026-07-11,2026-08-01,57.1,4.57,61.67,Paid
INVB14D5E234E,CUST100002816,2025-08-19,2025-09-09,148.01,11.84,159.85,Unpaid
INV3BA511F60C,CUST100008698,2025-10-13,2025-11-03,189.46,15.16,204.62,Paid
INVCA52BBF7F8,CUST100002282,2025-10-24,2025-11-14,100.56,8.04,108.6,Paid
INV9DA62B0C9E,CUST100006879,2026-06-11,2026-07-02,139.29,11.14,150.43,Paid
INV0D73DC01B7,CUST100029190,2025-11-27,2025-12-18,378.23,30.26,408.49,Paid
INV1DFF15533B,CUST100048236,2026-05-15,2026-06-05,200.33,16.03,216.36,Paid
INVDFFCBB5743,CUST100027435,2026-01-08,2026-01-29,137.78,11.02,148.8,Partially Paid
INVA3C8144C22,CUST100034382,2026-03-21,2026-04-11,322.29,25.78,348.07,Paid
INV525E402500,CUST100089521,2026-07-10,2026-07-31,332.31,26.58,358.89,Paid
INVB78D0F8040,CUST100032034,2025-08-01,2025-08-22,344.08,27.53,371.61,Paid
INV7E6DB7F89E,CUST100029746,2025-10-10,2025-10-31,54.44,4.36,58.8,Paid
INVFE316767B4,CUST100036064,2025-09-20,2025-10-11,288.6,23.09,311.69,Partially Paid
INVD9F2DDB5D5,CUST100095340,2026-02-02,2026-02-23,246.72,19.74,266.46,Paid
INV725FE24955,CUST100097138,2026-01-14,2026-02-04,56.34,4.51,60.85,Paid
INV151835B02C,CUST100003126,2025-10-30,2025-11-20,242.83,19.43,262.26,Paid
INVE25BC88D14,CUST100011582,2025-08-22,2025-09-12,22.4,1.79,24.19,Paid
INVA4C50E82E3,CUST100074192,2025-09-25,2025-10-16,120.2,9.62,129.82,Paid
INVF736E9CC3E,CUST100035049,2026-04-20,2026-05-11,131.31,10.5,141.81,Paid
INVCBF48F40CB,CUST100071993,2026-01-01,2026-01-22,362.99,29.04,392.03,Paid
INV7DB2EA0BAE,CUST100073945,2026-02-26,2026-03-19,190.52,15.24,205.76,Paid
INVC9A92B24DA,CUST100017448,2025-11-15,2025-12-06,254.28,20.34,274.62,Partially Paid
INVD987B5A253,CUST100026653,2025-12-31,2026-01-21,271.7,21.74,293.44,Overdue
INVE72B83B97E,CUST100065574,2026-07-14,2026-08-04,165.29,13.22,178.51,Paid
INVB4B2E06D4B,CUST100057433,2025-10-20,2025-11-10,177.3,14.18,191.48,Partially Paid
INV62B9F60BF7,CUST100092627,2026-03-09,2026-03-30,373.24,29.86,403.1,Paid
INV97A649DB29,CUST100082533,2026-01-23,2026-02-13,367.33,29.39,396.72,Partially Paid
INVBC1D774337,CUST100015241,2026-06-26,2026-07-17,295.93,23.67,319.6,Paid
INV321DACA694,CUST100057067,2025-12-15,2026-01-05,306.41,24.51,330.92,Unpaid
INVD917246B44,CUST100087820,2025-11-20,2025-12-11,324.66,25.97,350.63,Paid
INV4B78B01A7B,CUST100042316,2025-10-19,2025-11-09,317.85,25.43,343.28,Unpaid
INV174C065F36,CUST100074853,2026-07-13,2026-08-03,208.22,16.66,224.88,Paid
INV0C738AF35B,CUST100077621,2026-07-05,2026-07-26,171.19,13.7,184.89,Paid
INV22325B3941,CUST100036828,2026-06-19,2026-07-10,225.19,18.02,243.21,Paid
INV7A1BE8E695,CUST100045479,2025-10-13,2025-11-03,54.56,4.36,58.92,Paid
INV10F14AB34C,CUST100095373,2026-04-01,2026-04-22,300.92,24.07,324.99,Overdue
INVDCA65B2563,CUST100086663,2026-04-06,2026-04-27,217.49,17.4,234.89,Paid
INVFE2A79C5F7,CUST100072956,2025-08-02,2025-08-23,358.77,28.7,387.47,Paid
INVD0715B0348,CUST100024563,2026-02-14,2026-03-07,314.92,25.19,340.11,Unpaid
INV052EF762D4,CUST100008116,2025-10-16,2025-11-06,20.35,1.63,21.98,Paid
INVBC7F7F1273,CUST100067821,2026-07-08,2026-07-29,245.13,19.61,264.74,Paid
INV4DD91DD253,CUST100007373,2026-05-09,2026-05-30,390.81,31.26,422.07,Paid
INVB084D10173,CUST100070982,2026-06-15,2026-07-06,177.79,14.22,192.01,Paid
INVF51C045883,CUST100097058,2025-12-15,2026-01-05,126.96,10.16,137.12,Paid
INVE2F0AE3560,CUST100068726,2025-11-16,2025-12-07,341.94,27.36,369.3,Paid
INV77C07C18AB,CUST100075437,2026-03-05,2026-03-26,68.65,5.49,74.14,Unpaid
INV90F4F07C29,CUST100073302,2025-10-22,2025-11-12,108.62,8.69,117.31,Unpaid
INVFE6F0EA7A5,CUST100005545,2026-06-10,2026-07-01,212.14,16.97,229.11,Paid
INVDE60D5CF51,CUST100094207,2026-04-16,2026-05-07,332.85,26.63,359.48,Paid
INV53D7419E94,CUST100045021,2025-12-07,2025-12-28,179.67,14.37,194.04,Paid
INVD98D8392A9,CUST100054221,2026-02-06,2026-02-27,386.74,30.94,417.68,Overdue
INVB00C6A02C0,CUST100079503,2025-08-05,2025-08-26,257.48,20.6,278.08,Paid
INVC3C4EB2733,CUST100090011,2026-05-14,2026-06-04,262.38,20.99,283.37,Overdue
INVFC5C077DF2,CUST100081526,2025-09-07,2025-09-28,227.74,18.22,245.96,Partially Paid
INVB8D837707B,CUST100049823,2026-01-09,2026-01-30,184.04,14.72,198.76,Overdue
INVEB14E904BD,CUST100078605,2026-06-16,2026-07-07,314.14,25.13,339.27,Paid
INV0B73B90F15,CUST100005451,2025-08-24,2025-09-14,305.9,24.47,330.37,Paid
INV4982E2F315,CUST100062011,2025-09-04,2025-09-25,307.81,24.62,332.43,Partially Paid
INV4C8E669A34,CUST100062559,2026-03-11,2026-04-01,311.2,24.9,336.1,Partially Paid
INV2A1BE40599,CUST100032803,2026-01-06,2026-01-27,31.62,2.53,34.15,Overdue
INV81C9361154,CUST100072798,2026-02-21,2026-03-14,116.4,9.31,125.71,Paid
INVEB36897073,CUST100013444,2025-11-19,2025-12-10,188.63,15.09,203.72,Overdue
INVB265BE5EA3,CUST100078103,2026-04-03,2026-04-24,87.23,6.98,94.21,Unpaid
INV39FD77447B,CUST100034305,2025-09-13,2025-10-04,276.24,22.1,298.34,Overdue
INV8BB653DD0E,CUST100091555,2026-07-17,2026-08-07,232.31,18.58,250.89,Paid
INVDB7B5977AD,CUST100033732,2026-05-30,2026-06-20,164.58,13.17,177.75,Overdue
INV6D4FE89B0F,CUST100084797,2026-04-10,2026-05-01,371.26,29.7,400.96,Unpaid
INV28018AA465,CUST100088277,2026-04-28,2026-05-19,342.04,27.36,369.4,Partially Paid
INVC3BD36E2CC,CUST100085287,2026-01-30,2026-02-20,144.15,11.53,155.68,Paid
INV58C6EF150D,CUST100056316,2026-01-10,2026-01-31,199.14,15.93,215.07,Paid
INVA29D04DBF1,CUST100085436,2026-05-18,2026-06-08,239.81,19.18,258.99,Paid
INV1BFE304CF8,CUST100071936,2025-11-27,2025-12-18,300.04,24.0,324.04,Paid
INV858A66BF37,CUST100018933,2026-02-23,2026-03-16,219.46,17.56,237.02,Unpaid
INVAB55C7222F,CUST100057143,2025-08-14,2025-09-04,295.44,23.64,319.08,Paid
INV33A47F4929,CUST100089093,2025-09-04,2025-09-25,140.3,11.22,151.52,Partially Paid
INVB2A73F1D63,CUST100022780,2025-10-27,2025-11-17,96.63,7.73,104.36,Paid
INVA56102B490,CUST100016455,2025-11-10,2025-12-01,286.66,22.93,309.59,Paid
INV1D9DC23949,CUST100050472,2025-08-18,2025-09-08,392.38,31.39,423.77,Paid
INVD58CBAEE3B,CUST100025307,2026-05-03,2026-05-24,304.41,24.35,328.76,Paid
INV8D0B356BDF,CUST100035579,2025-08-11,2025-09-01,142.0,11.36,153.36,Paid
INV05B2D1DED4,CUST100061110,2025-09-15,2025-10-06,158.0,12.64,170.64,Paid
INVC94D3B67A8,CUST100056105,2026-01-01,2026-01-22,232.14,18.57,250.71,Paid
INV5EC5193048,CUST100005299,2026-06-12,2026-07-03,375.03,30.0,405.03,Partially Paid
INVDCFBC43F8E,CUST100057606,2026-03-13,2026-04-03,272.59,21.81,294.4,Paid
INV58C17D65C8,CUST100041348,2026-04-13,2026-05-04,234.85,18.79,253.64,Paid
INV60F1DBFC9B,CUST100027833,2025-11-16,2025-12-07,183.1,14.65,197.75,Paid
INV75E21712F3,CUST100016492,2026-03-04,2026-03-25,223.6,17.89,241.49,Partially Paid
INV3AF67D7F63,CUST100063963,2026-04-12,2026-05-03,117.36,9.39,126.75,Paid
INV81E5EF3A59,CUST100033230,2026-02-14,2026-03-07,108.93,8.71,117.64,Paid
INVFCAE53A0D6,CUST100040313,2025-08-14,2025-09-04,255.05,20.4,275.45,Paid
INV6B1DD4416F,CUST100009490,2026-02-02,2026-02-23,319.84,25.59,345.43,Paid
INV0030569856,CUST100072106,2026-05-22,2026-06-12,236.8,18.94,255.74,Paid
INVC3E377BA2F,CUST100079046,2026-05-04,2026-05-25,167.47,13.4,180.87,Paid
INVE45B676DCD,CUST100035156,2025-09-02,2025-09-23,22.35,1.79,24.14,Paid
INV50B7150839,CUST100059438,2026-06-13,2026-07-04,81.56,6.52,88.08,Paid
INV8DC3BA569B,CUST100035702,2025-09-24,2025-10-15,235.13,18.81,253.94,Paid
INV3F8C9AE295,CUST100016727,2026-02-02,2026-02-23,177.01,14.16,191.17,Unpaid
INVF8945DF1CB,CUST100008671,2026-07-23,2026-08-13,128.73,10.3,139.03,Overdue
INV1EA892673C,CUST100071075,2026-03-19,2026-04-09,198.1,15.85,213.95,Paid
INV774D3A5C61,CUST100082563,2026-03-27,2026-04-17,314.54,25.16,339.7,Paid
INV0CA4953E86,CUST100060240,2025-08-22,2025-09-12,342.24,27.38,369.62,Unpaid
INV472F7D3C71,CUST100015904,2025-08-11,2025-09-01,204.76,16.38,221.14,Overdue
INV7D6559F1D8,CUST100092808,2025-08-23,2025-09-13,330.74,26.46,357.2,Paid
INVD6FF7C5B4E,CUST100095334,2025-12-26,2026-01-16,145.3,11.62,156.92,Paid
INV02D01C29DF,CUST100058403,2026-02-14,2026-03-07,285.72,22.86,308.58,Paid
INV8A114815D0,CUST100060233,2026-01-25,2026-02-15,247.05,19.76,266.81,Paid
INV55EB738E51,CUST100060998,2025-12-12,2026-01-02,62.19,4.98,67.17,Paid
INV3FBFAF52CB,CUST100031065,2025-08-23,2025-09-13,144.75,11.58,156.33,Paid
INV806B01EA63,CUST100021436,2025-10-21,2025-11-11,269.68,21.57,291.25,Unpaid
INVE0B28254E3,CUST100004349,2025-08-21,2025-09-11,171.72,13.74,185.46,Paid
INV9B31FCE45E,CUST100074481,2025-11-29,2025-12-20,99.15,7.93,107.08,Paid
INV21787817A3,CUST100003738,2026-01-06,2026-01-27,100.54,8.04,108.58,Overdue
INV852018AC37,CUST100085118,2026-04-08,2026-04-29,239.1,19.13,258.23,Unpaid
INV14FFF37383,CUST100082630,2026-07-08,2026-07-29,23.78,1.9,25.68,Paid
INVDBFD3F92FC,CUST100033597,2025-10-21,2025-11-11,233.34,18.67,252.01,Paid
INV19758E8253,CUST100009595,2026-04-14,2026-05-05,35.31,2.82,38.13,Paid
INV8CBCF6E33B,CUST100029244,2026-02-21,2026-03-14,332.88,26.63,359.51,Paid
INVA7EE2D3FD9,CUST100093661,2025-09-24,2025-10-15,61.77,4.94,66.71,Unpaid
INV8D6669369B,CUST100021243,2026-05-06,2026-05-27,194.13,15.53,209.66,Paid
INVBA995E0956,CUST100040701,2026-06-22,2026-07-13,346.16,27.69,373.85,Paid
INVB9E8149C1A,CUST100070034,2026-03-07,2026-03-28,120.89,9.67,130.56,Paid
INV65F1DFF007,CUST100060677,2026-02-24,2026-03-17,172.38,13.79,186.17,Overdue
INVC71224D26E,CUST100067541,2025-08-25,2025-09-15,376.08,30.09,406.17,Paid
INV76188C886A,CUST100034486,2026-03-22,2026-04-12,131.5,10.52,142.02,Paid
INV9461505898,CUST100004025,2025-09-11,2025-10-02,155.12,12.41,167.53,Paid
INV5ADF9A3BAE,CUST100043758,2026-02-17,2026-03-10,391.38,31.31,422.69,Paid
INVDF1FB89DD1,CUST100042064,2025-11-19,2025-12-10,28.01,2.24,30.25,Paid
INV00E8B7835E,CUST100055056,2026-06-13,2026-07-04,146.59,11.73,158.32,Paid
INV397A73392B,CUST100061569,2026-04-17,2026-05-08,384.31,30.74,415.05,Paid
INV641FFB565A,CUST100001456,2025-08-26,2025-09-16,158.95,12.72,171.67,Overdue
INVF069A9ABCD,CUST100025760,2025-08-01,2025-08-22,203.63,16.29,219.92,Paid
INV7E56399387,CUST100060986,2025-09-14,2025-10-05,122.83,9.83,132.66,Paid
INVD452931523,CUST100071333,2025-12-03,2025-12-24,316.18,25.29,341.47,Paid
INV51FB18155D,CUST100018488,2026-02-14,2026-03-07,202.5,16.2,218.7,Paid
INVBF81FA737B,CUST100090698,2026-04-29,2026-05-20,195.89,15.67,211.56,Paid
INVD3709C9E26,CUST100070658,2025-11-29,2025-12-20,322.19,25.78,347.97,Overdue
INVB3F2978EDC,CUST100073360,2026-03-19,2026-04-09,336.1,26.89,362.99,Overdue
INV0522F598B2,CUST100063844,2025-10-29,2025-11-19,301.58,24.13,325.71,Paid
INV4FC3D82A1B,CUST100047059,2025-12-29,2026-01-19,262.19,20.98,283.17,Paid
INV02970F44E0,CUST100049743,2026-04-19,2026-05-10,29.24,2.34,31.58,Paid
INVC8E50A5BBB,CUST100076984,2025-08-21,2025-09-11,43.25,3.46,46.71,Paid
INV8126E02029,CUST100084108,2025-10-19,2025-11-09,339.32,27.15,366.47,Unpaid
INV4D435DF3EF,CUST100097348,2025-08-26,2025-09-16,201.47,16.12,217.59,Paid
INV8AD562AAE7,CUST100088465,2026-02-25,2026-03-18,218.57,17.49,236.06,Paid
INVA8C271E65F,CUST100074722,2025-09-02,2025-09-23,308.7,24.7,333.4,Paid
INV8B980DA31A,CUST100052024,2026-07-23,2026-08-13,74.1,5.93,80.03,Paid
INV4F22549EE6,CUST100055697,2025-08-01,2025-08-22,50.62,4.05,54.67,Overdue
INVAF845519A8,CUST100094309,2025-08-30,2025-09-20,81.21,6.5,87.71,Paid
INVFC8D813AD4,CUST100004808,2026-03-30,2026-04-20,371.26,29.7,400.96,Paid
INV1D1766F17A,CUST100088017,2026-01-31,2026-02-21,218.17,17.45,235.62,Paid
INV83D21209A7,CUST100058869,2026-02-24,2026-03-17,314.33,25.15,339.48,Paid
INV837F87FE0C,CUST100070415,2025-11-19,2025-12-10,379.04,30.32,409.36,Paid
INV004615214C,CUST100020809,2026-07-17,2026-08-07,137.31,10.98,148.29,Partially Paid
INV067F27B1F2,CUST100074376,2026-03-06,2026-03-27,61.16,4.89,66.05,Paid
INV010151D6B6,CUST100046959,2026-02-11,2026-03-04,145.75,11.66,157.41,Overdue
INVF734A5945C,CUST100007792,2025-09-16,2025-10-07,146.95,11.76,158.71,Overdue
INV24A933A472,CUST100046066,2025-08-28,2025-09-18,285.21,22.82,308.03,Overdue
INV292D8D8B73,CUST100079094,2026-07-23,2026-08-13,289.74,23.18,312.92,Paid
INVB7E0C6A5A4,CUST100098795,2025-11-21,2025-12-12,375.16,30.01,405.17,Partially Paid
INV2EDC8090A2,CUST100041280,2026-04-23,2026-05-14,204.4,16.35,220.75,Paid
INVCB416A2879,CUST100063262,2026-04-16,2026-05-07,307.36,24.59,331.95,Paid
INVFC3E6F3FE7,CUST100093129,2025-10-18,2025-11-08,362.56,29.0,391.56,Unpaid
INVEAD5BD117F,CUST100055225,2026-03-02,2026-03-23,387.12,30.97,418.09,Paid
INV1B98CF1500,CUST100088554,2025-10-23,2025-11-13,277.62,22.21,299.83,Unpaid
INV0E7A42D650,CUST100041235,2025-11-06,2025-11-27,250.94,20.08,271.02,Paid
INVF7737FBDBA,CUST100045741,2025-09-01,2025-09-22,151.62,12.13,163.75,Paid
INV63BED876E9,CUST100086616,2025-09-02,2025-09-23,273.2,21.86,295.06,Paid
INVD421B6AD26,CUST100064881,2025-10-28,2025-11-18,59.94,4.8,64.74,Paid
INV3F3925648B,CUST100071799,2025-08-27,2025-09-17,359.59,28.77,388.36,Partially Paid
INV33382FCD3A,CUST100011715,2026-07-01,2026-07-22,258.15,20.65,278.8,Unpaid
INV6EF0FA2117,CUST100069266,2025-09-29,2025-10-20,344.91,27.59,372.5,Unpaid
INVB6FA76A555,CUST100064488,2026-06-22,2026-07-13,284.61,22.77,307.38,Paid
INVA7237C835F,CUST100096782,2026-04-10,2026-05-01,130.64,10.45,141.09,Paid
INV2976CDF06A,CUST100040114,2026-02-12,2026-03-05,294.45,23.56,318.01,Partially Paid
INV2446C7A995,CUST100065346,2026-03-03,2026-03-24,97.13,7.77,104.9,Unpaid
INVD88683F4E2,CUST100040132,2026-03-07,2026-03-28,33.95,2.72,36.67,Paid
INV4305CFDEBA,CUST100017062,2026-02-07,2026-02-28,173.6,13.89,187.49,Paid
INV6EE6D26506,CUST100019696,2026-03-20,2026-04-10,258.92,20.71,279.63,Paid
INVF10F277B19,CUST100004815,2026-02-10,2026-03-03,79.16,6.33,85.49,Paid
INVA3BF887B0C,CUST100021869,2026-03-19,2026-04-09,92.95,7.44,100.39,Paid
INV1D7A798EF5,CUST100076230,2026-01-02,2026-01-23,98.29,7.86,106.15,Overdue
INV2B8BAF313C,CUST100002926,2025-09-24,2025-10-15,68.17,5.45,73.62,Paid
INV0D92A82882,CUST100053362,2026-03-09,2026-03-30,170.76,13.66,184.42,Paid
INVB2D8E69CDE,CUST100034934,2026-07-06,2026-07-27,232.16,18.57,250.73,Paid
INVA73E01539E,CUST100038300,2026-03-07,2026-03-28,146.91,11.75,158.66,Paid
INV1444278BD4,CUST100013139,2026-06-26,2026-07-17,116.52,9.32,125.84,Paid
INV4096D2E29A,CUST100044431,2026-03-12,2026-04-02,46.06,3.68,49.74,Paid
INV80C7F7AC85,CUST100018299,2025-08-14,2025-09-04,121.67,9.73,131.4,Paid
INV2B65448B8A,CUST100000089,2026-01-05,2026-01-26,28.91,2.31,31.22,Unpaid
INV3ABF1C8384,CUST100013236,2026-04-14,2026-05-05,172.07,13.77,185.84,Overdue
INVEA5FF3B605,CUST100055607,2025-08-12,2025-09-02,347.58,27.81,375.39,Paid
INV0DFAC1063E,CUST100028432,2026-07-06,2026-07-27,321.01,25.68,346.69,Paid
INV6F02CDC9DC,CUST100060392,2025-10-06,2025-10-27,103.46,8.28,111.74,Paid
INV01EAF64951,CUST100009006,2026-03-24,2026-04-14,299.14,23.93,323.07,Overdue
INV63BB07538D,CUST100080573,2026-05-31,2026-06-21,222.22,17.78,240.0,Unpaid
INV77BAF6D58F,CUST100008867,2026-01-19,2026-02-09,130.87,10.47,141.34,Partially Paid
INV879F12B627,CUST100017279,2026-03-17,2026-04-07,129.07,10.33,139.4,Paid
INVA3C5112CB3,CUST100020408,2025-10-22,2025-11-12,222.81,17.82,240.63,Paid
INV560461A49B,CUST100059360,2026-01-06,2026-01-27,150.73,12.06,162.79,Unpaid
INV8C2DD8C0A9,CUST100015736,2026-02-20,2026-03-13,306.05,24.48,330.53,Paid
INVB163A4F009,CUST100035576,2025-11-25,2025-12-16,203.2,16.26,219.46,Paid
INV0200775B33,CUST100006594,2025-11-23,2025-12-14,240.22,19.22,259.44,Paid
INV506E3C6A4B,CUST100044148,2025-10-31,2025-11-21,199.89,15.99,215.88,Unpaid
INVB37C1A6F4E,CUST100082686,2026-03-20,2026-04-10,206.27,16.5,222.77,Paid
INV9641E4723F,CUST100013285,2026-04-02,2026-04-23,341.6,27.33,368.93,Paid
INV451ECD15F1,CUST100021921,2025-11-12,2025-12-03,31.34,2.51,33.85,Overdue
INV6C0AFA93E0,CUST100063114,2025-11-12,2025-12-03,305.76,24.46,330.22,Unpaid
INVBF3470B8E1,CUST100088752,2025-11-08,2025-11-29,142.06,11.36,153.42,Paid
INVE9A25FE660,CUST100081433,2025-08-18,2025-09-08,274.46,21.96,296.42,Paid
INV1B5D521940,CUST100084275,2026-01-05,2026-01-26,195.27,15.62,210.89,Paid
INV5E4B1837C9,CUST100033664,2026-05-23,2026-06-13,50.02,4.0,54.02,Paid
INV96E1A993F0,CUST100014257,2026-04-24,2026-05-15,119.82,9.59,129.41,Partially Paid
INV97748A80D7,CUST100069159,2025-08-10,2025-08-31,213.31,17.06,230.37,Paid
INV20969C80FD,CUST100049376,2026-06-11,2026-07-02,219.28,17.54,236.82,Paid
INV43E1F1857B,CUST100032625,2026-01-02,2026-01-23,320.15,25.61,345.76,Unpaid
INV4A10A8D513,CUST100020179,2025-10-01,2025-10-22,221.54,17.72,239.26,Paid
INV69B77C36EB,CUST100019030,2026-01-30,2026-02-20,48.27,3.86,52.13,Paid
INVCC2F568DC3,CUST100076317,2026-02-18,2026-03-11,278.68,22.29,300.97,Partially Paid
INVAA73B6D8B3,CUST100092385,2025-12-18,2026-01-08,247.42,19.79,267.21,Paid
INV29A5BE0E4F,CUST100015323,2025-10-27,2025-11-17,190.24,15.22,205.46,Paid
INVCCBFA4E686,CUST100028344,2025-10-28,2025-11-18,373.72,29.9,403.62,Paid
INVFAF1D47464,CUST100077673,2025-08-15,2025-09-05,133.86,10.71,144.57,Unpaid
INV4B8F83C9EF,CUST100003705,2026-06-02,2026-06-23,282.43,22.59,305.02,Paid
INVDB025ECB52,CUST100000497,2025-08-22,2025-09-12,364.18,29.13,393.31,Unpaid
INVF524BA671F,CUST100069399,2025-11-25,2025-12-16,23.64,1.89,25.53,Paid
INV09A4D25E16,CUST100040211,2026-02-26,2026-03-19,194.6,15.57,210.17,Paid
INVCD93A84732,CUST100061234,2026-05-04,2026-05-25,145.94,11.68,157.62,Paid
INV8618889B85,CUST100085060,2026-07-09,2026-07-30,186.35,14.91,201.26,Paid
INV300F001B6C,CUST100012935,2026-01-09,2026-01-30,48.72,3.9,52.62,Partially Paid
INVB3E280B7BA,CUST100000883,2026-07-17,2026-08-07,278.64,22.29,300.93,Paid
INVEA980ECE99,CUST100054780,2026-04-07,2026-04-28,57.89,4.63,62.52,Paid
INV31DA635507,CUST100013561,2025-12-30,2026-01-20,385.02,30.8,415.82,Paid
INVC3012CAC3D,CUST100060360,2026-03-26,2026-04-16,283.04,22.64,305.68,Paid
INV58F39171C1,CUST100048117,2025-12-24,2026-01-14,82.83,6.63,89.46,Paid
INV7D318B2E05,CUST100081414,2026-01-21,2026-02-11,54.79,4.38,59.17,Paid
INV717E3547E2,CUST100023335,2026-07-20,2026-08-10,398.77,31.9,430.67,Paid
INV305D55A830,CUST100077252,2025-08-16,2025-09-06,184.67,14.77,199.44,Unpaid
INV5CD08AA3C1,CUST100008179,2026-05-22,2026-06-12,364.11,29.13,393.24,Unpaid
INV4C3510961F,CUST100042891,2026-07-11,2026-08-01,272.95,21.84,294.79,Overdue
INV6A97FADBBB,CUST100084805,2026-02-20,2026-03-13,201.36,16.11,217.47,Overdue
INVFC3C914494,CUST100076966,2026-02-18,2026-03-11,33.6,2.69,36.29,Paid
INVFE5A44DB73,CUST100086778,2026-01-04,2026-01-25,351.42,28.11,379.53,Unpaid
INVC0E068BA9A,CUST100051281,2026-02-08,2026-03-01,261.89,20.95,282.84,Paid
INVDBDF85B001,CUST100087821,2026-03-12,2026-04-02,209.47,16.76,226.23,Paid
INVC0B13B55D6,CUST100054067,2025-11-19,2025-12-10,397.22,31.78,429.0,Partially Paid
INV0A4F35C57A,CUST100097354,2026-05-09,2026-05-30,310.11,24.81,334.92,Unpaid
INV799435DDF4,CUST100018154,2025-10-13,2025-11-03,72.3,5.78,78.08,Unpaid
INVA24CFF5132,CUST100082493,2026-02-21,2026-03-14,291.57,23.33,314.9,Overdue
INV2AF9C74770,CUST100027905,2026-05-25,2026-06-15,237.9,19.03,256.93,Paid
INV21104BE376,CUST100040504,2026-03-14,2026-04-04,368.9,29.51,398.41,Overdue
INV54E42B8E8F,CUST100005821,2026-05-30,2026-06-20,313.86,25.11,338.97,Paid
INVD1BFEB54AC,CUST100095942,2026-05-28,2026-06-18,199.92,15.99,215.91,Partially Paid
INV73D11A0FEA,CUST100046885,2025-12-31,2026-01-21,78.83,6.31,85.14,Paid
INV04199D3D9C,CUST100089703,2026-05-11,2026-06-01,62.38,4.99,67.37,Paid
INV7F50232D84,CUST100036701,2026-03-27,2026-04-17,310.2,24.82,335.02,Paid
INVD2E3B1B6C5,CUST100074922,2026-04-09,2026-04-30,58.69,4.7,63.39,Paid
INVF1B60A143B,CUST100063184,2025-11-13,2025-12-04,356.2,28.5,384.7,Paid
INV84BAC08E36,CUST100083204,2026-03-02,2026-03-23,298.02,23.84,321.86,Paid
INVD0AA834739,CUST100028937,2026-04-02,2026-04-23,132.61,10.61,143.22,Paid
INV5727E65E74,CUST100075937,2026-04-06,2026-04-27,281.38,22.51,303.89,Unpaid
INV547AF8E4B7,CUST100003938,2025-12-14,2026-01-04,296.45,23.72,320.17,Unpaid
INV7D39953299,CUST100070453,2025-11-12,2025-12-03,80.84,6.47,87.31,Paid
INVC868F5F209,CUST100093363,2025-11-25,2025-12-16,242.53,19.4,261.93,Paid
INV1FD7391BD1,CUST100034088,2026-07-13,2026-08-03,251.88,20.15,272.03,Paid
INVB6A328A5BF,CUST100012545,2025-09-28,2025-10-19,209.65,16.77,226.42,Unpaid
INV58A342104E,CUST100002652,2025-10-22,2025-11-12,221.45,17.72,239.17,Paid
INVAE19B9E215,CUST100004169,2025-11-02,2025-11-23,29.67,2.37,32.04,Paid
INV665664E6D2,CUST100076087,2026-07-11,2026-08-01,119.23,9.54,128.77,Paid
INV9562083B10,CUST100030034,2025-10-22,2025-11-12,48.26,3.86,52.12,Paid
INVBDC46BDAD0,CUST100066090,2026-07-15,2026-08-05,54.49,4.36,58.85,Paid
INVBDFC54A1CA,CUST100058225,2026-02-16,2026-03-09,211.32,16.91,228.23,Paid
INV607EA119BD,CUST100011106,2026-04-04,2026-04-25,299.17,23.93,323.1,Paid
INVA6540F2A94,CUST100022112,2026-06-09,2026-06-30,350.15,28.01,378.16,Paid
INV251E5C0703,CUST100052196,2025-08-25,2025-09-15,347.67,27.81,375.48,Paid
INV7D078F94D6,CUST100095126,2025-12-14,2026-01-04,226.54,18.12,244.66,Paid
INV10AD63F852,CUST100025882,2025-08-12,2025-09-02,241.07,19.29,260.36,Paid
INV1628C3B9CD,CUST100089473,2026-03-01,2026-03-22,360.31,28.82,389.13,Paid
INV2F943A4D08,CUST100011667,2025-10-29,2025-11-19,330.31,26.42,356.73,Overdue
INV11D97A1C57,CUST100032927,2025-08-20,2025-09-10,119.83,9.59,129.42,Paid
INV65392DE37D,CUST100021551,2025-10-30,2025-11-20,296.22,23.7,319.92,Paid
INVE45A590E38,CUST100066638,2025-10-03,2025-10-24,273.53,21.88,295.41,Partially Paid
INV06F434DB2B,CUST100009112,2026-07-04,2026-07-25,79.68,6.37,86.05,Paid
INVA3A01E7D60,CUST100059578,2026-04-14,2026-05-05,172.83,13.83,186.66,Paid
INVB90DC62E05,CUST100084261,2026-04-06,2026-04-27,91.52,7.32,98.84,Partially Paid
INV208CB7AFF6,CUST100034733,2025-08-14,2025-09-04,28.31,2.26,30.57,Unpaid
INVD12E9276B4,CUST100048255,2025-08-25,2025-09-15,395.92,31.67,427.59,Unpaid
INV8B9BCF112C,CUST100064653,2025-09-03,2025-09-24,166.31,13.3,179.61,Unpaid
INV257EBE5D1F,CUST100044782,2026-04-20,2026-05-11,307.41,24.59,332.0,Partially Paid
INV25E5EFA117,CUST100013761,2025-11-28,2025-12-19,32.63,2.61,35.24,Unpaid
INV4752543820,CUST100053000,2026-03-12,2026-04-02,241.92,19.35,261.27,Paid
INV4A06FB89E0,CUST100090571,2026-04-05,2026-04-26,201.85,16.15,218.0,Overdue
INV6B79477B22,CUST100062147,2026-07-13,2026-08-03,51.68,4.13,55.81,Paid
INVD0DFA1E779,CUST100024207,2025-12-26,2026-01-16,200.46,16.04,216.5,Paid
INVB7BE5B29B7,CUST100025684,2025-09-13,2025-10-04,92.96,7.44,100.4,Unpaid
INV1F56082AC8,CUST100056656,2025-09-09,2025-09-30,102.41,8.19,110.6,Paid
INV558D065F89,CUST100092761,2026-02-24,2026-03-17,43.75,3.5,47.25,Paid
INVEE6873C065,CUST100081467,2025-10-06,2025-10-27,317.69,25.42,343.11,Paid
INV0058BA56CD,CUST100001736,2026-04-03,2026-04-24,75.45,6.04,81.49,Unpaid
INV60BDDAD6D0,CUST100071756,2026-06-01,2026-06-22,139.7,11.18,150.88,Paid
INV35CF428B42,CUST100018141,2025-11-04,2025-11-25,266.14,21.29,287.43,Paid
INV0F0654E65D,CUST100029453,2026-02-28,2026-03-21,354.85,28.39,383.24,Unpaid
INVC3A90705E7,CUST100039797,2025-08-20,2025-09-10,304.47,24.36,328.83,Overdue
INVB957D87683,CUST100058625,2026-01-31,2026-02-21,353.45,28.28,381.73,Paid
INVF5C272FE1C,CUST100009010,2026-07-20,2026-08-10,204.73,16.38,221.11,Paid
INV7A62484556,CUST100055004,2026-06-17,2026-07-08,31.18,2.49,33.67,Paid
INV405647584A,CUST100096056,2025-10-27,2025-11-17,394.81,31.58,426.39,Partially Paid
INV53DBCC8674,CUST100097454,2025-10-10,2025-10-31,396.86,31.75,428.61,Paid
INV8818ACFF0F,CUST100067511,2026-03-08,2026-03-29,280.42,22.43,302.85,Paid
INVCC0F664866,CUST100006988,2026-01-26,2026-02-16,72.48,5.8,78.28,Paid
INV96C25533F3,CUST100039903,2025-08-14,2025-09-04,233.93,18.71,252.64,Paid
INV962637ED32,CUST100070018,2026-02-14,2026-03-07,95.94,7.68,103.62,Paid
INV51297A096C,CUST100081713,2025-08-02,2025-08-23,74.81,5.98,80.79,Paid
INV68FDC88663,CUST100022745,2026-03-10,2026-03-31,188.06,15.04,203.1,Paid
INV2E953FCB2F,CUST100050655,2026-01-04,2026-01-25,90.66,7.25,97.91,Paid
INV1CF198A385,CUST100025595,2025-08-16,2025-09-06,311.34,24.91,336.25,Paid
INVCF663637E9,CUST100097445,2025-09-12,2025-10-03,149.36,11.95,161.31,Overdue
INV8DC621430A,CUST100041009,2026-02-02,2026-02-23,316.45,25.32,341.77,Paid
INV6053090AF9,CUST100034697,2025-10-17,2025-11-07,382.47,30.6,413.07,Paid
INV5D9F8133FC,CUST100046652,2026-05-12,2026-06-02,143.8,11.5,155.3,Unpaid
INVFC03BEA647,CUST100063585,2025-11-01,2025-11-22,290.4,23.23,313.63,Paid
INV097AF0440B,CUST100097132,2026-04-11,2026-05-02,129.29,10.34,139.63,Overdue
INV7779BA28F0,CUST100072356,2026-01-21,2026-02-11,94.82,7.59,102.41,Paid
INV9C7DF17126,CUST100056203,2026-05-03,2026-05-24,53.14,4.25,57.39,Paid
INV1C5F8BB9D0,CUST100036265,2026-05-08,2026-05-29,49.22,3.94,53.16,Partially Paid
INV4AB482C5AC,CUST100094967,2026-03-19,2026-04-09,78.16,6.25,84.41,Paid
INV9DF9188C06,CUST100069074,2026-02-19,2026-03-12,146.45,11.72,158.17,Overdue
INVF4EBFFEF03,CUST100087474,2026-07-05,2026-07-26,366.77,29.34,396.11,Unpaid
INV0D33441821,CUST100089203,2025-11-22,2025-12-13,91.94,7.36,99.3,Paid
INVABD5F657DF,CUST100053577,2025-10-10,2025-10-31,241.62,19.33,260.95,Paid
INV0E643ADCF4,CUST100055198,2025-10-12,2025-11-02,215.14,17.21,232.35,Unpaid
INVE9C0218EA6,CUST100048017,2025-08-18,2025-09-08,393.39,31.47,424.86,Overdue
INVF9165C1FA8,CUST100077102,2025-12-31,2026-01-21,303.36,24.27,327.63,Paid
INV42525787CE,CUST100085321,2026-07-16,2026-08-06,84.25,6.74,90.99,Unpaid
INVFF16DB5B28,CUST100062687,2025-11-21,2025-12-12,382.98,30.64,413.62,Paid
INV22A02A70BE,CUST100010321,2025-11-18,2025-12-09,351.96,28.16,380.12,Partially Paid
INV9B427276FC,CUST100073729,2026-02-03,2026-02-24,388.7,31.1,419.8,Paid
INV2E6A98CA70,CUST100030258,2026-01-20,2026-02-10,335.97,26.88,362.85,Paid
INVB2B5B305F0,CUST100097288,2026-07-03,2026-07-24,393.54,31.48,425.02,Paid
INVC5AB186E83,CUST100083175,2025-08-07,2025-08-28,35.88,2.87,38.75,Overdue
INV28961D2A2B,CUST100059773,2026-04-27,2026-05-18,335.45,26.84,362.29,Paid
INV92BCDAB7C5,CUST100007277,2025-09-08,2025-09-29,357.9,28.63,386.53,Partially Paid
INV2ACC8962FE,CUST100005787,2026-07-03,2026-07-24,310.47,24.84,335.31,Partially Paid
INV1F9505A3DD,CUST100008878,2025-12-17,2026-01-07,332.67,26.61,359.28,Partially Paid
INV945599C7F6,CUST100055786,2026-04-12,2026-05-03,221.1,17.69,238.79,Paid
INV1B22494419,CUST100018938,2026-01-27,2026-02-17,314.01,25.12,339.13,Paid
INV52CF12CCF2,CUST100046496,2026-07-20,2026-08-10,363.92,29.11,393.03,Unpaid
INV771620922C,CUST100013631,2026-04-28,2026-05-19,342.7,27.42,370.12,Unpaid
INVAC042E57A6,CUST100040267,2026-04-10,2026-05-01,247.81,19.82,267.63,Unpaid
INV254775BB71,CUST100078567,2025-11-27,2025-12-18,102.88,8.23,111.11,Paid
INVC72B35DC03,CUST100085178,2026-05-21,2026-06-11,326.64,26.13,352.77,Paid
INVC80D565B11,CUST100058849,2025-10-06,2025-10-27,131.49,10.52,142.01,Paid
INV397347A051,CUST100019091,2025-11-05,2025-11-26,132.14,10.57,142.71,Paid
INV28B83AF62E,CUST100003277,2026-04-28,2026-05-19,52.36,4.19,56.55,Paid
INV0B0EA16902,CUST100017943,2025-08-15,2025-09-05,281.89,22.55,304.44,Paid
INVC3F235955E,CUST100019423,2026-02-26,2026-03-19,228.39,18.27,246.66,Paid
INV14422F4187,CUST100032151,2026-04-11,2026-05-02,359.29,28.74,388.03,Paid
INVF39CB09D82,CUST100060067,2025-08-10,2025-08-31,38.98,3.12,42.1,Overdue
INV1A999AA1A2,CUST100077778,2026-03-03,2026-03-24,198.6,15.89,214.49,Paid
INVD305771F9B,CUST100080830,2025-10-29,2025-11-19,379.46,30.36,409.82,Paid
INV3032EF80BF,CUST100027749,2026-06-12,2026-07-03,30.69,2.46,33.15,Partially Paid
INVB23698CA46,CUST100012496,2026-06-07,2026-06-28,228.27,18.26,246.53,Paid
INV48CFA0EE52,CUST100029742,2025-08-24,2025-09-14,177.22,14.18,191.4,Paid
INV099F38E106,CUST100054782,2026-06-21,2026-07-12,53.15,4.25,57.4,Paid
INVC5F4AF7ADD,CUST100029189,2025-12-05,2025-12-26,76.72,6.14,82.86,Unpaid
INV65D5EAE116,CUST100018809,2026-01-24,2026-02-14,286.43,22.91,309.34,Paid
INVBBE2058606,CUST100015505,2026-06-26,2026-07-17,285.97,22.88,308.85,Paid
INV165DFF7990,CUST100020794,2025-10-27,2025-11-17,182.75,14.62,197.37,Partially Paid
INVE948F097EA,CUST100068463,2025-12-26,2026-01-16,257.14,20.57,277.71,Paid
INV856539ED83,CUST100025933,2025-11-08,2025-11-29,314.91,25.19,340.1,Partially Paid
INV11D60D5C99,CUST100081748,2026-02-26,2026-03-19,393.46,31.48,424.94,Paid
INVF39D6756B2,CUST100064527,2026-01-22,2026-02-12,187.43,14.99,202.42,Paid
INV2C41DC4766,CUST100003700,2026-05-07,2026-05-28,323.43,25.87,349.3,Paid
INV385F769C04,CUST100081647,2026-02-01,2026-02-22,395.26,31.62,426.88,Paid
INV756A3C61AC,CUST100012324,2026-06-20,2026-07-11,236.02,18.88,254.9,Paid
INVCD371A7CE8,CUST100024517,2025-09-09,2025-09-30,244.47,19.56,264.03,Unpaid
INV09BB7247DA,CUST100085998,2026-07-10,2026-07-31,152.59,12.21,164.8,Paid
INVE77F3E5984,CUST100092140,2026-01-06,2026-01-27,138.26,11.06,149.32,Overdue
INV72B15694F5,CUST100046153,2025-11-16,2025-12-07,75.89,6.07,81.96,Overdue
INV38973F748A,CUST100019040,2026-06-14,2026-07-05,112.39,8.99,121.38,Paid
INV43DB80F2E3,CUST100085248,2026-03-01,2026-03-22,182.92,14.63,197.55,Paid
INVD6E3BCF4DF,CUST100027673,2025-11-25,2025-12-16,33.78,2.7,36.48,Paid
INV2D9DB9BE28,CUST100024315,2026-01-17,2026-02-07,185.32,14.83,200.15,Overdue
INV1F6658ACB5,CUST100072290,2025-10-28,2025-11-18,381.54,30.52,412.06,Paid
INV1FFC9F0B2A,CUST100019495,2026-06-17,2026-07-08,347.23,27.78,375.01,Partially Paid
INV27A4D69D7A,CUST100009853,2025-10-23,2025-11-13,253.39,20.27,273.66,Paid
INV91FE0C7055,CUST100071715,2026-07-21,2026-08-11,52.42,4.19,56.61,Paid
INVD8823B72F5,CUST100061421,2025-12-21,2026-01-11,361.57,28.93,390.5,Paid
INV9C308B3D1A,CUST100078175,2026-02-20,2026-03-13,234.67,18.77,253.44,Unpaid
INVBCA8303EC3,CUST100024717,2025-09-02,2025-09-23,151.1,12.09,163.19,Paid
INV036CABD1FF,CUST100056196,2025-12-01,2025-12-22,49.09,3.93,53.02,Unpaid
INVC6660BB126,CUST100012808,2026-02-06,2026-02-27,209.73,16.78,226.51,Unpaid
INV75C371E263,CUST100011704,2026-06-24,2026-07-15,217.38,17.39,234.77,Paid
INVE93257CCB7,CUST100097852,2025-08-01,2025-08-22,219.39,17.55,236.94,Paid
INVAEF5359E66,CUST100038730,2026-06-24,2026-07-15,219.55,17.56,237.11,Paid
INV5D0367E781,CUST100024197,2025-11-22,2025-12-13,179.84,14.39,194.23,Paid
INV651A409A53,CUST100027580,2026-05-22,2026-06-12,320.75,25.66,346.41,Paid
INV843255D852,CUST100028416,2025-11-26,2025-12-17,33.53,2.68,36.21,Partially Paid
INVBD293A3EC4,CUST100055319,2025-08-20,2025-09-10,151.98,12.16,164.14,Paid
INV5F9B0F6BB9,CUST100062243,2025-11-25,2025-12-16,81.63,6.53,88.16,Unpaid
INV25E252FC2D,CUST100091735,2026-06-21,2026-07-12,197.96,15.84,213.8,Unpaid
INV99CC07780F,CUST100054081,2026-05-06,2026-05-27,311.9,24.95,336.85,Paid
INVA6B8F5676A,CUST100056559,2025-10-07,2025-10-28,216.79,17.34,234.13,Paid
INV9B350B8DA9,CUST100035944,2026-04-14,2026-05-05,126.28,10.1,136.38,Unpaid
INV8627911292,CUST100068435,2025-08-10,2025-08-31,341.12,27.29,368.41,Unpaid
INV66808E53A2,CUST100007110,2026-03-08,2026-03-29,232.96,18.64,251.6,Paid
INVB18C11E702,CUST100087049,2026-03-15,2026-04-05,143.4,11.47,154.87,Unpaid
INV7A815ADD14,CUST100033766,2025-08-01,2025-08-22,165.86,13.27,179.13,Paid
INV312DB95D6A,CUST100080953,2026-04-17,2026-05-08,397.4,31.79,429.19,Paid
INVCABC36A8F5,CUST100058513,2025-11-01,2025-11-22,281.94,22.56,304.5,Unpaid
INVA64D10416E,CUST100093084,2026-04-26,2026-05-17,27.3,2.18,29.48,Paid
INV73D9F99021,CUST100057316,2025-10-26,2025-11-16,260.43,20.83,281.26,Paid
INV4FD8A1DBB2,CUST100062035,2026-05-29,2026-06-19,398.96,31.92,430.88,Paid
INV720682159A,CUST100045324,2025-08-08,2025-08-29,256.96,20.56,277.52,Overdue
INVC3E91915AC,CUST100092650,2025-08-07,2025-08-28,237.49,19.0,256.49,Unpaid
INV9314664D77,CUST100074176,2026-06-02,2026-06-23,368.94,29.52,398.46,Paid
INVA2A7EE6B63,CUST100061181,2025-09-23,2025-10-14,304.35,24.35,328.7,Paid
INV5E9849ACDD,CUST100025037,2026-04-08,2026-04-29,352.72,28.22,380.94,Paid
INVFFD552C5B9,CUST100081315,2026-04-10,2026-05-01,315.94,25.28,341.22,Unpaid
INV319199005F,CUST100098496,2026-05-09,2026-05-30,263.82,21.11,284.93,Partially Paid
INV484EB82AB1,CUST100061226,2026-03-19,2026-04-09,154.37,12.35,166.72,Paid
INV66E4773811,CUST100055684,2026-05-17,2026-06-07,55.8,4.46,60.26,Paid
INVE876716F2D,CUST100076799,2026-05-06,2026-05-27,155.54,12.44,167.98,Paid
INV189B0D756A,CUST100023488,2026-04-27,2026-05-18,330.11,26.41,356.52,Unpaid
INVFA9276F402,CUST100014847,2026-03-28,2026-04-18,256.07,20.49,276.56,Overdue
INV370CCA9332,CUST100084913,2025-09-17,2025-10-08,337.54,27.0,364.54,Overdue
INV5E5C06E75F,CUST100055383,2025-10-21,2025-11-11,398.97,31.92,430.89,Overdue
INV51ED80A5DF,CUST100009624,2025-09-07,2025-09-28,398.56,31.88,430.44,Paid
INV79B15D08DE,CUST100096076,2025-09-20,2025-10-11,305.17,24.41,329.58,Paid
INV35D224D2FE,CUST100015691,2026-06-20,2026-07-11,133.29,10.66,143.95,Paid
INV16DA4A9086,CUST100021383,2025-11-06,2025-11-27,322.22,25.78,348.0,Paid
INV99BD7016F7,CUST100014502,2025-11-18,2025-12-09,217.18,17.37,234.55,Paid
INV5D07E50CF5,CUST100084617,2025-10-29,2025-11-19,364.23,29.14,393.37,Paid
INV5A95501F6C,CUST100085604,2025-10-17,2025-11-07,286.11,22.89,309.0,Paid
INV9E84305A51,CUST100026815,2026-03-11,2026-04-01,284.79,22.78,307.57,Unpaid
INV7627E12208,CUST100079669,2026-04-08,2026-04-29,389.59,31.17,420.76,Overdue
INV8DF3F315DF,CUST100057240,2026-01-10,2026-01-31,102.64,8.21,110.85,Paid
INV4CF1D1BE60,CUST100011953,2026-06-03,2026-06-24,296.21,23.7,319.91,Paid
INV99106AD621,CUST100092063,2025-08-17,2025-09-07,151.31,12.1,163.41,Paid
INV25747AE619,CUST100081498,2026-01-01,2026-01-22,155.22,12.42,167.64,Partially Paid
INV4E89CC1F70,CUST100088964,2025-09-02,2025-09-23,169.12,13.53,182.65,Unpaid
INVC154EB2364,CUST100015383,2026-03-06,2026-03-27,205.89,16.47,222.36,Paid
INV281E63FC2A,CUST100089732,2026-01-10,2026-01-31,218.86,17.51,236.37,Unpaid
INV52F1A92BF8,CUST100076192,2025-09-04,2025-09-25,50.96,4.08,55.04,Paid
INVB5BDD91067,CUST100094349,2026-03-02,2026-03-23,228.31,18.26,246.57,Paid
INV4627360356,CUST100021853,2025-08-16,2025-09-06,261.58,20.93,282.51,Paid
INV9815242BEE,CUST100083344,2025-11-07,2025-11-28,107.07,8.57,115.64,Paid
INV3DA9E3F003,CUST100043526,2026-03-16,2026-04-06,324.48,25.96,350.44,Paid
INV463D10B45C,CUST100010568,2025-12-23,2026-01-13,182.91,14.63,197.54,Paid
INVB1692E6BC2,CUST100042600,2025-08-12,2025-09-02,38.31,3.06,41.37,Paid
INV9B3D449230,CUST100008079,2026-05-17,2026-06-07,280.25,22.42,302.67,Partially Paid
INV5EE42BCD76,CUST100053621,2026-04-30,2026-05-21,98.69,7.9,106.59,Overdue
INVE84C20F984,CUST100083451,2026-04-14,2026-05-05,312.27,24.98,337.25,Paid
INV8C30D48B88,CUST100080494,2025-08-21,2025-09-11,75.63,6.05,81.68,Paid
INVFAC9CBC353,CUST100079271,2025-09-09,2025-09-30,116.67,9.33,126.0,Paid
INVACDD6BF7A9,CUST100006235,2026-01-22,2026-02-12,72.5,5.8,78.3,Paid
INVA21F260B1B,CUST100027403,2025-10-03,2025-10-24,239.54,19.16,258.7,Paid
INVAFE35E6A20,CUST100037744,2026-05-17,2026-06-07,96.84,7.75,104.59,Overdue
INV5528397F27,CUST100039701,2026-01-21,2026-02-11,176.58,14.13,190.71,Unpaid
INV36032CD203,CUST100011507,2025-10-24,2025-11-14,295.96,23.68,319.64,Paid
INVD2D2E573BF,CUST100007481,2026-01-05,2026-01-26,285.8,22.86,308.66,Unpaid
INV48D48D3E2D,CUST100012318,2026-05-13,2026-06-03,199.55,15.96,215.51,Paid
INVFCCEA3859A,CUST100092899,2025-10-04,2025-10-25,56.17,4.49,60.66,Unpaid
INVAA9605A292,CUST100005593,2026-06-22,2026-07-13,265.44,21.24,286.68,Paid
INV0999A3E361,CUST100047640,2025-08-24,2025-09-14,373.03,29.84,402.87,Paid
INV742C8E1E2D,CUST100092940,2026-01-23,2026-02-13,320.74,25.66,346.4,Paid
INV23D83C9A2C,CUST100046236,2025-12-12,2026-01-02,367.92,29.43,397.35,Paid
INV6D1470EDA7,CUST100095914,2026-03-24,2026-04-14,391.52,31.32,422.84,Paid
INV2611B63872,CUST100074983,2025-11-06,2025-11-27,383.99,30.72,414.71,Overdue
INV3E75AD7FBB,CUST100008813,2026-02-24,2026-03-17,240.52,19.24,259.76,Paid
INV3548DE5EDE,CUST100020423,2025-10-25,2025-11-15,397.99,31.84,429.83,Paid
INV61C7455D54,CUST100090142,2026-01-30,2026-02-20,286.75,22.94,309.69,Paid
INVC5B3569A62,CUST100005098,2025-10-18,2025-11-08,249.26,19.94,269.2,Unpaid
INV2D465A1771,CUST100056947,2026-05-23,2026-06-13,314.22,25.14,339.36,Paid
INV9F63CF7CA5,CUST100080743,2026-01-23,2026-02-13,155.76,12.46,168.22,Partially Paid
INVB343818773,CUST100071676,2026-05-03,2026-05-24,27.58,2.21,29.79,Paid
INV24A0A9A086,CUST100055455,2025-09-02,2025-09-23,180.31,14.42,194.73,Paid
INVDE363C1CF0,CUST100068133,2026-01-03,2026-01-24,169.41,13.55,182.96,Paid
INV87E822B9D4,CUST100048279,2025-10-07,2025-10-28,302.35,24.19,326.54,Paid
INVD477F01636,CUST100002451,2026-01-28,2026-02-18,112.53,9.0,121.53,Overdue
INV80207F2583,CUST100011543,2026-03-27,2026-04-17,319.34,25.55,344.89,Paid
INVE3EB757B8B,CUST100096022,2026-02-05,2026-02-26,243.85,19.51,263.36,Partially Paid
INV61AA66138D,CUST100066457,2025-10-30,2025-11-20,127.74,10.22,137.96,Paid
INVE8916940D4,CUST100050808,2026-01-14,2026-02-04,197.54,15.8,213.34,Paid
INV90ABCC2E5A,CUST100052520,2025-11-26,2025-12-17,40.91,3.27,44.18,Paid
INV797E74E2F6,CUST100098086,2026-03-24,2026-04-14,241.86,19.35,261.21,Paid
INV19D6AF581D,CUST100044489,2025-10-06,2025-10-27,23.49,1.88,25.37,Overdue
INV57738036E5,CUST100005581,2026-02-26,2026-03-19,330.74,26.46,357.2,Overdue
INV7A23A891C9,CUST100023896,2025-08-15,2025-09-05,260.12,20.81,280.93,Overdue
INV5375BC1134,CUST100099259,2026-06-30,2026-07-21,135.84,10.87,146.71,Paid
INVFBEC0E1CC7,CUST100038269,2026-05-18,2026-06-08,229.01,18.32,247.33,Paid
INV6C07AA4480,CUST100027374,2025-10-18,2025-11-08,376.86,30.15,407.01,Unpaid
INV3A39698AF5,CUST100009631,2026-03-08,2026-03-29,160.16,12.81,172.97,Paid
INVC2D69B3498,CUST100090316,2026-01-24,2026-02-14,60.48,4.84,65.32,Overdue
INV096272E454,CUST100083863,2025-12-21,2026-01-11,108.74,8.7,117.44,Paid
INV87DC9AB53B,CUST100010506,2026-05-08,2026-05-29,271.68,21.73,293.41,Paid
INV94DB4C152F,CUST100045536,2026-03-19,2026-04-09,291.56,23.32,314.88,Paid
INVD7417CA08B,CUST100055084,2025-08-17,2025-09-07,87.13,6.97,94.1,Paid
INV26D745D269,CUST100087521,2025-12-02,2025-12-23,97.24,7.78,105.02,Unpaid
INVC23AACAE68,CUST100036395,2025-12-06,2025-12-27,117.14,9.37,126.51,Unpaid
INV29E031B034,CUST100078615,2026-06-09,2026-06-30,263.23,21.06,284.29,Paid
INV21E69AD087,CUST100091916,2025-10-09,2025-10-30,346.4,27.71,374.11,Partially Paid
INV6D27863924,CUST100096660,2026-03-25,2026-04-15,96.67,7.73,104.4,Paid
INV3997BB09A2,CUST100010985,2026-06-09,2026-06-30,383.02,30.64,413.66,Unpaid
INV2654BE7493,CUST100091851,2026-05-24,2026-06-14,174.84,13.99,188.83,Partially Paid
INVFF72C86DBC,CUST100084912,2026-02-01,2026-02-22,269.81,21.58,291.39,Paid
INV2DFC028796,CUST100032978,2025-11-28,2025-12-19,285.95,22.88,308.83,Overdue
INV7AA1E1F24D,CUST100039604,2025-11-06,2025-11-27,355.26,28.42,383.68,Paid
INV726BEA77E4,CUST100032397,2026-03-17,2026-04-07,50.53,4.04,54.57,Unpaid
INV637510B3EA,CUST100021347,2025-10-19,2025-11-09,27.39,2.19,29.58,Partially Paid
INV6D6D2D01B0,CUST100031823,2025-09-08,2025-09-29,216.86,17.35,234.21,Paid
INVDD718C815C,CUST100089096,2025-10-31,2025-11-21,285.22,22.82,308.04,Paid
INV3C3C68CCEE,CUST100042626,2026-02-20,2026-03-13,146.7,11.74,158.44,Paid
INV954D93D41B,CUST100047655,2025-12-27,2026-01-17,352.99,28.24,381.23,Paid
INVC6E6EFE96D,CUST100035068,2026-07-09,2026-07-30,27.15,2.17,29.32,Paid
INV09542A13EF,CUST100033848,2026-06-27,2026-07-18,158.61,12.69,171.3,Overdue
INVD176AB1209,CUST100013678,2025-08-28,2025-09-18,211.76,16.94,228.7,Paid
INV77582B8849,CUST100080821,2026-05-28,2026-06-18,31.9,2.55,34.45,Paid
INV2B2A699857,CUST100094876,2026-04-06,2026-04-27,39.33,3.15,42.48,Paid
INV3A29013167,CUST100024714,2026-01-12,2026-02-02,23.76,1.9,25.66,Paid
INV4DEFE93367,CUST100070228,2026-01-15,2026-02-05,328.95,26.32,355.27,Partially Paid
INV9C38210731,CUST100014776,2026-07-07,2026-07-28,208.76,16.7,225.46,Paid
INV3252856C80,CUST100032594,2025-10-23,2025-11-13,386.83,30.95,417.78,Paid
INVD848C2A873,CUST100068191,2026-06-29,2026-07-20,140.49,11.24,151.73,Overdue
INV80AB10DDE0,CUST100064557,2025-12-29,2026-01-19,381.79,30.54,412.33,Paid
INV74B94D9C40,CUST100028134,2025-12-26,2026-01-16,208.99,16.72,225.71,Paid
INV50E8D0CAF3,CUST100072341,2025-11-05,2025-11-26,108.15,8.65,116.8,Paid
INV0FE248AE14,CUST100087022,2025-12-25,2026-01-15,88.77,7.1,95.87,Paid
INV42BFD13951,CUST100085001,2025-11-29,2025-12-20,385.83,30.87,416.7,Paid
INV8D9F0F628D,CUST100038780,2025-08-31,2025-09-21,165.38,13.23,178.61,Paid
INV9597BF16FC,CUST100040171,2026-03-02,2026-03-23,385.14,30.81,415.95,Unpaid
INV8A90212F7F,CUST100067743,2026-07-19,2026-08-09,89.51,7.16,96.67,Paid
INV8B0B3342C8,CUST100057448,2026-02-13,2026-03-06,240.02,19.2,259.22,Paid
INVE9F68A31C8,CUST100086389,2026-07-12,2026-08-02,179.35,14.35,193.7,Overdue
INV4B50F75D24,CUST100035674,2026-05-15,2026-06-05,218.13,17.45,235.58,Paid
INV4BD1220ABB,CUST100092807,2025-09-04,2025-09-25,308.0,24.64,332.64,Paid
INV0C1BB53CE8,CUST100017955,2026-05-24,2026-06-14,103.25,8.26,111.51,Paid
INVC88104578E,CUST100004262,2026-02-12,2026-03-05,392.41,31.39,423.8,Paid
INVF76DE6E2F2,CUST100025774,2026-06-26,2026-07-17,275.64,22.05,297.69,Paid
INV8A1DDAD9DA,CUST100056774,2025-11-19,2025-12-10,267.14,21.37,288.51,Overdue
INV510ECBDCA0,CUST100036502,2026-06-16,2026-07-07,300.16,24.01,324.17,Paid
INVFDE5CB6A1D,CUST100056645,2025-11-03,2025-11-24,93.58,7.49,101.07,Paid
INV76826E2E05,CUST100026205,2026-07-01,2026-07-22,390.88,31.27,422.15,Paid
INVE0137BB1C7,CUST100021893,2025-11-19,2025-12-10,354.99,28.4,383.39,Paid
INV357E5D9C74,CUST100001854,2026-07-21,2026-08-11,235.57,18.85,254.42,Paid
INVEC93B49908,CUST100048164,2025-10-16,2025-11-06,22.02,1.76,23.78,Paid
INV3D59ED26E3,CUST100057646,2026-06-05,2026-06-26,281.61,22.53,304.14,Paid
INVB1CEDA3A57,CUST100007204,2025-10-21,2025-11-11,156.34,12.51,168.85,Overdue
INV3B92127B92,CUST100046449,2025-12-20,2026-01-10,390.23,31.22,421.45,Paid
INV10911CC646,CUST100024070,2026-06-15,2026-07-06,313.64,25.09,338.73,Paid
INV3FE53C5475,CUST100025917,2026-04-27,2026-05-18,255.42,20.43,275.85,Paid
INV71FE9BDA33,CUST100033549,2025-12-21,2026-01-11,316.46,25.32,341.78,Paid
INV316B4D6A38,CUST100054587,2025-10-10,2025-10-31,181.32,14.51,195.83,Paid
INV884C3E1B06,CUST100029245,2025-09-24,2025-10-15,252.37,20.19,272.56,Overdue
INV97C83ACEF2,CUST100076560,2025-08-11,2025-09-01,345.08,27.61,372.69,Paid
INV48A4A9243C,CUST100052763,2026-03-30,2026-04-20,333.56,26.68,360.24,Paid
INV280616D870,CUST100002455,2025-09-06,2025-09-27,346.85,27.75,374.6,Partially Paid
INVD990E6708C,CUST100007594,2026-07-03,2026-07-24,98.63,7.89,106.52,Unpaid
INV0635DC74FF,CUST100038641,2025-11-18,2025-12-09,345.35,27.63,372.98,Unpaid
INVE2C68D6433,CUST100042666,2026-04-04,2026-04-25,20.07,1.61,21.68,Paid
INVFB0995ADC2,CUST100018085,2026-03-07,2026-03-28,357.12,28.57,385.69,Paid
INVF2E82B6594,CUST100021011,2026-01-11,2026-02-01,349.13,27.93,377.06,Paid
INV5127BA619E,CUST100074042,2025-08-22,2025-09-12,365.49,29.24,394.73,Paid
INVCE538ED283,CUST100073673,2025-11-10,2025-12-01,47.93,3.83,51.76,Partially Paid
INVCEEE3D143F,CUST100059766,2025-12-18,2026-01-08,396.55,31.72,428.27,Overdue
INV024511B434,CUST100027239,2026-01-12,2026-02-02,263.05,21.04,284.09,Paid
INV3A330EEB08,CUST100069069,2026-06-01,2026-06-22,191.95,15.36,207.31,Paid
INVB0742472E1,CUST100017611,2025-08-30,2025-09-20,236.88,18.95,255.83,Paid
INV05EF7A64C1,CUST100085995,2025-09-08,2025-09-29,99.56,7.96,107.52,Partially Paid
INV9AA8C65AE0,CUST100080019,2026-03-08,2026-03-29,101.15,8.09,109.24,Partially Paid
INV1939A55897,CUST100099927,2025-08-24,2025-09-14,288.42,23.07,311.49,Overdue
INV46B8C442B6,CUST100024976,2026-02-05,2026-02-26,128.2,10.26,138.46,Paid
INV07F772717E,CUST100031550,2026-01-05,2026-01-26,270.57,21.65,292.22,Paid
INV28F21D9A55,CUST100021632,2026-04-28,2026-05-19,54.25,4.34,58.59,Paid
INVEE59651BDF,CUST100038920,2026-05-14,2026-06-04,338.55,27.08,365.63,Paid
INVE18C04D028,CUST100000197,2025-11-29,2025-12-20,301.89,24.15,326.04,Paid
INV5A81CED9E1,CUST100077823,2025-11-04,2025-11-25,276.91,22.15,299.06,Paid
INVA8EDD44471,CUST100026563,2025-08-19,2025-09-09,373.27,29.86,403.13,Paid
INV4004441638,CUST100082196,2025-11-16,2025-12-07,223.31,17.86,241.17,Paid
INVE98894E79B,CUST100088357,2025-10-12,2025-11-02,367.85,29.43,397.28,Paid
INV28C0C37646,CUST100095703,2025-08-14,2025-09-04,26.05,2.08,28.13,Paid
INV7DDCDC9BFD,CUST100093086,2026-07-22,2026-08-12,100.8,8.06,108.86,Paid
INV9242C42F9F,CUST100032932,2025-08-06,2025-08-27,277.7,22.22,299.92,Paid
INV2E6F42C1F7,CUST100033105,2026-01-06,2026-01-27,241.69,19.34,261.03,Paid
INV6DE1E944D8,CUST100086464,2026-06-09,2026-06-30,138.4,11.07,149.47,Unpaid
INV64DCF94828,CUST100027118,2025-09-11,2025-10-02,158.59,12.69,171.28,Partially Paid
INV4B413A57C9,CUST100055427,2026-02-28,2026-03-21,67.42,5.39,72.81,Paid
INV5BFEE23083,CUST100040412,2026-02-03,2026-02-24,391.49,31.32,422.81,Unpaid
INVF2C2DB8B4A,CUST100046820,2026-06-30,2026-07-21,242.01,19.36,261.37,Overdue
INV40B0C148D5,CUST100017399,2025-09-26,2025-10-17,356.02,28.48,384.5,Paid
INVD92ECEF9DA,CUST100080997,2025-11-08,2025-11-29,178.61,14.29,192.9,Paid
INV3DB1EB7424,CUST100098315,2025-10-06,2025-10-27,349.99,28.0,377.99,Paid
INV714235ABD9,CUST100055219,2025-08-03,2025-08-24,61.55,4.92,66.47,Paid
INV7E5C976DA1,CUST100048191,2026-01-20,2026-02-10,40.48,3.24,43.72,Paid
INV500CD6B39F,CUST100075652,2025-12-03,2025-12-24,205.09,16.41,221.5,Paid
INVFBFA8BF79F,CUST100063433,2025-08-18,2025-09-08,28.76,2.3,31.06,Paid
INV6FF6B4AAC5,CUST100052098,2026-07-11,2026-08-01,24.84,1.99,26.83,Paid
INV138480C971,CUST100034769,2026-03-03,2026-03-24,60.8,4.86,65.66,Partially Paid
INV4CEE97C2F3,CUST100044208,2025-08-18,2025-09-08,186.59,14.93,201.52,Paid
INVFFBB5636B0,CUST100092067,2025-12-16,2026-01-06,184.58,14.77,199.35,Paid
INV067ED75319,CUST100086210,2026-05-20,2026-06-10,295.47,23.64,319.11,Paid
INV9E8F3976A6,CUST100053304,2026-06-23,2026-07-14,62.39,4.99,67.38,Partially Paid
INVFE8511A361,CUST100034921,2025-08-06,2025-08-27,128.02,10.24,138.26,Paid
INV4756430983,CUST100085054,2026-04-28,2026-05-19,260.51,20.84,281.35,Paid
INV9B4231D3C0,CUST100016529,2026-07-17,2026-08-07,185.57,14.85,200.42,Paid
INVC75B174DBF,CUST100039296,2026-01-26,2026-02-16,224.17,17.93,242.1,Overdue
INVB98E468CFA,CUST100052190,2026-06-08,2026-06-29,46.68,3.73,50.41,Paid
INVA4C9FB86FB,CUST100062013,2026-06-09,2026-06-30,65.94,5.28,71.22,Paid
INV7CA0A1A4D8,CUST100099910,2026-07-03,2026-07-24,313.38,25.07,338.45,Paid
INV09BD171320,CUST100022142,2026-04-06,2026-04-27,284.33,22.75,307.08,Paid
INVFCA507A50F,CUST100080005,2026-04-23,2026-05-14,221.8,17.74,239.54,Paid
INV9F3C94E230,CUST100084995,2026-03-16,2026-04-06,251.54,20.12,271.66,Unpaid
INVB2105E43DE,CUST100050168,2026-01-02,2026-01-23,127.62,10.21,137.83,Paid
INVF2D08B0173,CUST100005226,2025-12-10,2025-12-31,252.49,20.2,272.69,Paid
INV95814BF04C,CUST100019284,2026-03-24,2026-04-14,80.62,6.45,87.07,Paid
INV42624ABA67,CUST100032904,2025-11-18,2025-12-09,217.63,17.41,235.04,Unpaid
INV27D417BD0E,CUST100061867,2026-05-04,2026-05-25,350.69,28.06,378.75,Paid
INV585AD0BFE3,CUST100019998,2026-07-12,2026-08-02,107.17,8.57,115.74,Paid
INV1AC6F3D71F,CUST100044941,2026-05-12,2026-06-02,94.87,7.59,102.46,Paid
INVA1C8F4B493,CUST100083217,2025-08-17,2025-09-07,262.61,21.01,283.62,Unpaid
INVCC1781CB05,CUST100039980,2025-08-21,2025-09-11,284.52,22.76,307.28,Paid
INVFB0472FD2A,CUST100098812,2026-01-25,2026-02-15,265.57,21.25,286.82,Unpaid
INVC3E5B80816,CUST100035162,2026-03-18,2026-04-08,322.27,25.78,348.05,Paid
INVDB3B0D9ABE,CUST100021602,2026-02-26,2026-03-19,365.26,29.22,394.48,Paid
INVE931C621B3,CUST100033345,2026-01-21,2026-02-11,234.17,18.73,252.9,Paid
INV0EAA9C020E,CUST100007748,2026-03-17,2026-04-07,58.45,4.68,63.13,Paid
INVFEF9F974A4,CUST100017705,2026-02-09,2026-03-02,101.87,8.15,110.02,Paid
INVEC2989D442,CUST100085834,2026-05-23,2026-06-13,101.21,8.1,109.31,Paid
INV4F4CDBA81D,CUST100053875,2026-06-09,2026-06-30,88.24,7.06,95.3,Paid
INVE669EC81F7,CUST100019926,2026-03-18,2026-04-08,359.03,28.72,387.75,Overdue
INVE7A4C01D99,CUST100045602,2026-05-16,2026-06-06,377.22,30.18,407.4,Paid
INVE90F1BDCA5,CUST100095654,2026-03-04,2026-03-25,26.31,2.1,28.41,Overdue
INV098A1729D2,CUST100083886,2025-10-24,2025-11-14,210.93,16.87,227.8,Paid
INV190EC3CE75,CUST100088896,2025-10-17,2025-11-07,117.88,9.43,127.31,Paid
INV4962583558,CUST100004685,2026-02-24,2026-03-17,226.88,18.15,245.03,Paid
INV3EB0877346,CUST100088506,2025-08-31,2025-09-21,147.84,11.83,159.67,Partially Paid
INV84B67F7AF6,CUST100005531,2026-02-19,2026-03-12,152.22,12.18,164.4,Paid
INV1F6C7F54AE,CUST100044829,2026-01-17,2026-02-07,357.79,28.62,386.41,Paid
INV720B88A7A8,CUST100018579,2026-06-07,2026-06-28,235.58,18.85,254.43,Paid
INV5917AE7983,CUST100022957,2026-01-13,2026-02-03,82.36,6.59,88.95,Partially Paid
INV85E695DAB3,CUST100055019,2025-12-27,2026-01-17,363.81,29.1,392.91,Paid
INVFE15AAAE47,CUST100072238,2026-05-26,2026-06-16,331.06,26.48,357.54,Partially Paid
INVA3539DFF60,CUST100004704,2026-01-26,2026-02-16,362.24,28.98,391.22,Paid
INV2F7C03C655,CUST100098349,2026-07-20,2026-08-10,103.39,8.27,111.66,Overdue
INV2CF484F2D1,CUST100094184,2026-04-16,2026-05-07,167.99,13.44,181.43,Partially Paid
INV25229EB8B0,CUST100049225,2026-07-04,2026-07-25,353.78,28.3,382.08,Paid
INV97EC5C386A,CUST100098323,2026-06-30,2026-07-21,82.25,6.58,88.83,Partially Paid
INV2EFE56E685,CUST100044575,2025-09-23,2025-10-14,303.68,24.29,327.97,Paid
INV3DBE90FD75,CUST100037286,2025-12-05,2025-12-26,74.84,5.99,80.83,Paid
INV3521896B9D,CUST100093851,2026-03-10,2026-03-31,227.43,18.19,245.62,Unpaid
INV805B9139DD,CUST100019778,2025-09-12,2025-10-03,248.27,19.86,268.13,Paid
INVCFE1EE9619,CUST100057228,2026-06-10,2026-07-01,188.7,15.1,203.8,Paid
INVCF195E1E42,CUST100000268,2026-04-14,2026-05-05,282.05,22.56,304.61,Paid
INV3EFBD4AFF7,CUST100084926,2025-10-06,2025-10-27,232.86,18.63,251.49,Paid
INV55D3797312,CUST100082443,2026-05-09,2026-05-30,168.76,13.5,182.26,Paid
INVCDB900425E,CUST100072336,2025-09-05,2025-09-26,108.61,8.69,117.3,Paid
INV81F05AA991,CUST100097747,2026-02-13,2026-03-06,329.82,26.39,356.21,Paid
INV3355106B2F,CUST100063667,2026-05-31,2026-06-21,191.67,15.33,207.0,Unpaid
INV2E2B57985D,CUST100037528,2026-02-15,2026-03-08,76.9,6.15,83.05,Paid
INV78EB85013A,CUST100036329,2026-01-20,2026-02-10,346.58,27.73,374.31,Unpaid
INV345790BA10,CUST100045243,2025-11-02,2025-11-23,297.13,23.77,320.9,Partially Paid
INVB9453A0DD6,CUST100083246,2025-10-17,2025-11-07,310.5,24.84,335.34,Paid
INV95A8445E9E,CUST100023807,2025-10-12,2025-11-02,38.87,3.11,41.98,Paid
INVC07C54CCA0,CUST100006621,2025-12-10,2025-12-31,149.35,11.95,161.3,Partially Paid
INV369F117D4E,CUST100068665,2025-10-18,2025-11-08,310.28,24.82,335.1,Partially Paid
INVC7E28ABD0E,CUST100072560,2026-02-21,2026-03-14,263.02,21.04,284.06,Paid
INV8F76F9641B,CUST100051470,2025-12-09,2025-12-30,392.58,31.41,423.99,Paid
INVA897EFF902,CUST100068392,2026-07-18,2026-08-08,51.11,4.09,55.2,Unpaid
INVD31E3B90D9,CUST100098152,2025-10-15,2025-11-05,49.02,3.92,52.94,Partially Paid
INV3E6C3F3078,CUST100084368,2025-10-07,2025-10-28,245.92,19.67,265.59,Paid
INV54084FEA33,CUST100014585,2025-12-27,2026-01-17,122.49,9.8,132.29,Overdue
INV09287C3ECE,CUST100002119,2026-01-20,2026-02-10,233.98,18.72,252.7,Paid
INVC8F5A2D7D1,CUST100023724,2025-09-16,2025-10-07,321.94,25.76,347.7,Paid
INVF09725651D,CUST100006159,2026-05-13,2026-06-03,393.23,31.46,424.69,Unpaid
INVD638D8F870,CUST100067512,2026-06-24,2026-07-15,104.32,8.35,112.67,Paid
INVD4F7F2CFC7,CUST100097952,2025-11-06,2025-11-27,43.87,3.51,47.38,Paid
INV5BC68BEAAE,CUST100058285,2025-10-28,2025-11-18,310.31,24.82,335.13,Paid
INVEED03D63E2,CUST100072097,2025-10-07,2025-10-28,50.32,4.03,54.35,Paid
INV7AF52C8673,CUST100050722,2026-06-20,2026-07-11,160.35,12.83,173.18,Partially Paid
INV2F26ABCA2C,CUST100091321,2025-10-29,2025-11-19,203.69,16.3,219.99,Unpaid
INV2F2F17AEF8,CUST100072214,2025-12-25,2026-01-15,129.15,10.33,139.48,Paid
INV1360E25547,CUST100068825,2025-08-13,2025-09-03,182.12,14.57,196.69,Overdue
INV985CA3231E,CUST100079689,2026-07-06,2026-07-27,233.06,18.64,251.7,Paid
INV53550D24A7,CUST100036089,2025-09-19,2025-10-10,322.97,25.84,348.81,Paid
INVD72F2186E0,CUST100048734,2025-09-14,2025-10-05,47.88,3.83,51.71,Overdue
INV4E79B50DD7,CUST100042207,2026-02-19,2026-03-12,31.93,2.55,34.48,Paid
INV02B0A22C50,CUST100086449,2025-09-07,2025-09-28,199.37,15.95,215.32,Unpaid
INV1A81D52F24,CUST100063182,2026-05-19,2026-06-09,198.97,15.92,214.89,Paid
INV0CF4858429,CUST100077591,2026-02-23,2026-03-16,363.52,29.08,392.6,Paid
INV52D8C7B7F3,CUST100014726,2025-12-13,2026-01-03,43.27,3.46,46.73,Overdue
INV501858A579,CUST100054247,2026-06-04,2026-06-25,92.43,7.39,99.82,Unpaid
INV0A2096D6BA,CUST100054016,2025-10-18,2025-11-08,186.46,14.92,201.38,Partially Paid
INVE73D06D796,CUST100006838,2025-08-13,2025-09-03,323.13,25.85,348.98,Paid
INV85CF90C4B4,CUST100069900,2026-05-14,2026-06-04,353.26,28.26,381.52,Paid
INVDF16B43775,CUST100010562,2026-07-01,2026-07-22,128.05,10.24,138.29,Overdue
INV2A257018C9,CUST100024955,2026-02-21,2026-03-14,57.27,4.58,61.85,Overdue
INV0100CBF30D,CUST100001453,2026-05-04,2026-05-25,336.55,26.92,363.47,Overdue
INV1762C74DD5,CUST100054410,2026-05-13,2026-06-03,302.69,24.22,326.91,Paid
INV366A8166CE,CUST100054329,2026-02-12,2026-03-05,63.46,5.08,68.54,Paid
INVBF3372A2EE,CUST100012176,2026-06-05,2026-06-26,391.72,31.34,423.06,Paid
INV8B999054D9,CUST100001317,2026-06-27,2026-07-18,25.04,2.0,27.04,Paid
INVBE7FB0882E,CUST100093000,2026-04-20,2026-05-11,327.64,26.21,353.85,Paid
INV8286833D39,CUST100083499,2026-05-22,2026-06-12,210.03,16.8,226.83,Partially Paid
INV1A940D06DA,CUST100043933,2025-11-16,2025-12-07,235.27,18.82,254.09,Paid
INV4B54A611E1,CUST100038209,2025-10-12,2025-11-02,136.27,10.9,147.17,Paid
INVC9749DF732,CUST100010411,2025-12-25,2026-01-15,145.65,11.65,157.3,Overdue
INV1BC2F70BEC,CUST100099646,2025-11-02,2025-11-23,282.47,22.6,305.07,Paid
INV3755EA6EEC,CUST100042478,2025-08-13,2025-09-03,186.32,14.91,201.23,Paid
INV898EEE6EAD,CUST100039968,2026-03-02,2026-03-23,328.78,26.3,355.08,Paid
INV7CBB7B66E5,CUST100065649,2026-07-03,2026-07-24,169.87,13.59,183.46,Paid
INV917BA2768C,CUST100018014,2026-06-20,2026-07-11,20.32,1.63,21.95,Partially Paid
INV3F1E50079A,CUST100095780,2025-12-17,2026-01-07,85.96,6.88,92.84,Paid
INVB8D67DDAF2,CUST100023372,2025-09-22,2025-10-13,313.74,25.1,338.84,Paid
INVAA205C7468,CUST100064684,2026-04-08,2026-04-29,388.75,31.1,419.85,Paid
INVDE2FB2B21B,CUST100051156,2026-04-23,2026-05-14,274.11,21.93,296.04,Overdue
INVEE2E8EFFA6,CUST100023012,2025-12-02,2025-12-23,338.49,27.08,365.57,Paid
INVBB14E29ADF,CUST100025436,2026-01-25,2026-02-15,327.22,26.18,353.4,Paid
INVA3ADA2EFF8,CUST100035317,2026-02-24,2026-03-17,154.36,12.35,166.71,Paid
INVA1B1559638,CUST100086854,2026-02-28,2026-03-21,176.62,14.13,190.75,Paid
INV3022707718,CUST100017277,2025-09-10,2025-10-01,160.65,12.85,173.5,Paid
INVD334607229,CUST100075982,2026-02-10,2026-03-03,192.99,15.44,208.43,Paid
INV69701E617D,CUST100014207,2025-08-02,2025-08-23,123.14,9.85,132.99,Paid
INV0F9F2CBF05,CUST100002563,2025-12-22,2026-01-12,258.46,20.68,279.14,Paid
INV66DC1B9D13,CUST100057857,2025-10-01,2025-10-22,249.03,19.92,268.95,Overdue
INV3131B8FB3A,CUST100099772,2025-10-24,2025-11-14,143.99,11.52,155.51,Paid
INV8FD6033778,CUST100088533,2025-11-28,2025-12-19,76.55,6.12,82.67,Overdue
INVE37C7B6D54,CUST100040764,2025-08-23,2025-09-13,196.03,15.68,211.71,Overdue
INV0B41B294E7,CUST100023377,2026-01-21,2026-02-11,76.21,6.1,82.31,Paid
INVE49088D06C,CUST100063855,2026-04-06,2026-04-27,126.01,10.08,136.09,Overdue
INVACE7BC35B3,CUST100012864,2026-04-09,2026-04-30,269.21,21.54,290.75,Unpaid
INVC209DEAED3,CUST100085434,2026-06-01,2026-06-22,139.34,11.15,150.49,Unpaid
INV55F901C2CC,CUST100034590,2026-06-24,2026-07-15,206.73,16.54,223.27,Unpaid
INVB836603FEE,CUST100087935,2026-03-04,2026-03-25,237.91,19.03,256.94,Paid
INVD39B2FE111,CUST100002644,2025-09-20,2025-10-11,381.57,30.53,412.1,Paid
INV0F32986F8D,CUST100011271,2025-11-13,2025-12-04,322.42,25.79,348.21,Paid
INVB34074B742,CUST100013907,2025-11-25,2025-12-16,82.16,6.57,88.73,Paid
INV6A646C5C41,CUST100040748,2025-09-15,2025-10-06,283.25,22.66,305.91,Paid
INV9A112A4805,CUST100028240,2026-03-29,2026-04-19,335.54,26.84,362.38,Unpaid
INV8D108AE42F,CUST100064832,2025-12-07,2025-12-28,37.93,3.03,40.96,Partially Paid
INVC2AEA1F0C7,CUST100041332,2026-04-02,2026-04-23,68.41,5.47,73.88,Paid
INV9FD03DFE65,CUST100096810,2025-10-18,2025-11-08,352.2,28.18,380.38,Paid
INV00A687AD31,CUST100086909,2026-06-01,2026-06-22,264.86,21.19,286.05,Paid
INVBADBEB6FF6,CUST100073887,2026-04-19,2026-05-10,34.75,2.78,37.53,Unpaid
INV58026184FA,CUST100049300,2025-10-17,2025-11-07,353.59,28.29,381.88,Paid
INV3BAB499353,CUST100038443,2026-04-13,2026-05-04,217.9,17.43,235.33,Overdue
INV0188326E01,CUST100019375,2025-08-02,2025-08-23,330.42,26.43,356.85,Partially Paid
INVBC5D5AE75B,CUST100005832,2026-06-11,2026-07-02,187.1,14.97,202.07,Paid
INVFF02ED3C28,CUST100006341,2026-05-05,2026-05-26,315.61,25.25,340.86,Paid
INVF5FF4667A8,CUST100051006,2026-01-12,2026-02-02,318.08,25.45,343.53,Unpaid
INV6FDD070F81,CUST100093545,2026-02-05,2026-02-26,293.94,23.52,317.46,Unpaid
INVA096BDA0A2,CUST100091619,2025-12-10,2025-12-31,28.05,2.24,30.29,Unpaid
INV34B604CE91,CUST100029873,2026-04-22,2026-05-13,371.65,29.73,401.38,Partially Paid
INV56864A5609,CUST100096645,2025-11-25,2025-12-16,295.01,23.6,318.61,Paid
INV4C9B68824E,CUST100098651,2026-02-08,2026-03-01,49.67,3.97,53.64,Paid
INV6127AA05C4,CUST100048533,2025-11-26,2025-12-17,149.44,11.96,161.4,Paid
INV3D0611E5CB,CUST100031355,2025-09-23,2025-10-14,341.19,27.3,368.49,Paid
INV70775B760D,CUST100048175,2026-01-09,2026-01-30,383.47,30.68,414.15,Paid
INV643559EB44,CUST100078107,2025-08-04,2025-08-25,71.77,5.74,77.51,Paid
INV5F4EE8AE3B,CUST100035665,2025-11-19,2025-12-10,336.52,26.92,363.44,Paid
INV24860D6D40,CUST100080782,2026-06-06,2026-06-27,327.7,26.22,353.92,Paid
INV051DB53437,CUST100022942,2026-02-19,2026-03-12,38.69,3.1,41.79,Partially Paid
INV54F38C7BB1,CUST100091150,2025-08-10,2025-08-31,163.32,13.07,176.39,Paid
INV99731A8173,CUST100031471,2025-09-30,2025-10-21,102.74,8.22,110.96,Paid
INVB2D8B06446,CUST100042705,2026-04-17,2026-05-08,375.82,30.07,405.89,Paid
INVB229390023,CUST100020588,2025-08-08,2025-08-29,88.88,7.11,95.99,Paid
INV6AA7058B02,CUST100049246,2025-11-03,2025-11-24,89.31,7.14,96.45,Paid
INV37C6739DE5,CUST100061552,2025-12-13,2026-01-03,295.87,23.67,319.54,Partially Paid
INV2BA7B5B0E6,CUST100093417,2026-02-06,2026-02-27,328.14,26.25,354.39,Unpaid
INV8389CA16AB,CUST100082801,2025-12-21,2026-01-11,103.36,8.27,111.63,Paid
INVED0618455D,CUST100045079,2026-06-30,2026-07-21,343.68,27.49,371.17,Paid
INV7F8A73A1E4,CUST100025325,2026-06-30,2026-07-21,69.04,5.52,74.56,Paid
INVAC453986AC,CUST100018930,2026-06-11,2026-07-02,62.48,5.0,67.48,Unpaid
INV46D0CFBE32,CUST100005216,2025-12-21,2026-01-11,339.37,27.15,366.52,Paid
INVF29E36140F,CUST100093973,2025-11-06,2025-11-27,71.54,5.72,77.26,Paid
INV0FD5D193CA,CUST100085672,2026-03-05,2026-03-26,131.86,10.55,142.41,Partially Paid
INV645B5B7A48,CUST100081874,2026-07-22,2026-08-12,94.83,7.59,102.42,Paid
INV95594C55B9,CUST100048899,2026-01-10,2026-01-31,285.32,22.83,308.15,Paid
INV233DADC6C8,CUST100089206,2025-08-28,2025-09-18,141.56,11.32,152.88,Paid
INVD7EE716FCE,CUST100003352,2025-09-09,2025-09-30,194.72,15.58,210.3,Paid
INVB4643BD0DA,CUST100064088,2025-12-20,2026-01-10,346.57,27.73,374.3,Paid
INV86E71D2644,CUST100032560,2026-01-20,2026-02-10,283.16,22.65,305.81,Overdue
INV8C4F9602FE,CUST100080785,2026-03-02,2026-03-23,376.45,30.12,406.57,Paid
INV49C67B5E79,CUST100058437,2026-01-31,2026-02-21,232.8,18.62,251.42,Partially Paid
INV702D4DA467,CUST100052056,2026-02-21,2026-03-14,53.88,4.31,58.19,Paid
INVCFE1E0B32B,CUST100004157,2026-02-13,2026-03-06,167.25,13.38,180.63,Paid
INV1A7C913B61,CUST100094673,2025-12-14,2026-01-04,316.51,25.32,341.83,Paid
INVAA4CCEC268,CUST100032320,2025-11-27,2025-12-18,115.3,9.22,124.52,Partially Paid
INVF3688B6CE9,CUST100062760,2025-08-16,2025-09-06,61.53,4.92,66.45,Overdue
INV9E5D1AF4F5,CUST100018774,2026-07-14,2026-08-04,94.97,7.6,102.57,Unpaid
INV6244B39EBB,CUST100032423,2026-01-09,2026-01-30,61.06,4.88,65.94,Paid
INVA8CFF8261E,CUST100053204,2026-06-30,2026-07-21,138.29,11.06,149.35,Unpaid
INVC134168267,CUST100096448,2025-10-23,2025-11-13,328.21,26.26,354.47,Paid
INV00AA323FC9,CUST100001182,2026-06-11,2026-07-02,189.64,15.17,204.81,Overdue
INV424841BC50,CUST100005893,2026-05-21,2026-06-11,133.15,10.65,143.8,Paid
INV840FD840BB,CUST100092827,2025-08-28,2025-09-18,20.84,1.67,22.51,Paid
INV9BB0907E06,CUST100097222,2025-09-16,2025-10-07,249.29,19.94,269.23,Paid
INV29094C5BE3,CUST100007053,2026-05-10,2026-05-31,141.41,11.31,152.72,Paid
INV2B58509FC2,CUST100098786,2025-10-31,2025-11-21,207.03,16.56,223.59,Paid
INV44638C2D00,CUST100030401,2026-03-13,2026-04-03,161.17,12.89,174.06,Unpaid
INVBAE3B8D776,CUST100019357,2025-08-18,2025-09-08,217.05,17.36,234.41,Paid
INVB8703AB0CF,CUST100062279,2026-04-07,2026-04-28,162.56,13.0,175.56,Paid
INV212959E688,CUST100086095,2026-05-27,2026-06-17,184.37,14.75,199.12,Overdue
INV4E1996A7C2,CUST100009268,2026-07-20,2026-08-10,337.54,27.0,364.54,Paid
INVDDE25A0BDD,CUST100031846,2026-06-17,2026-07-08,64.24,5.14,69.38,Overdue
INVF5BDE70FD7,CUST100050825,2026-01-15,2026-02-05,212.73,17.02,229.75,Overdue
INV58F83C2E32,CUST100064415,2025-11-16,2025-12-07,381.18,30.49,411.67,Paid
INVE4F48B77C9,CUST100083941,2025-08-13,2025-09-03,372.42,29.79,402.21,Paid
INV4013C2B5C5,CUST100028185,2026-01-25,2026-02-15,274.64,21.97,296.61,Paid
INV14B62D5DF0,CUST100020430,2026-03-10,2026-03-31,206.05,16.48,222.53,Paid
INVFBFB065927,CUST100047101,2026-02-10,2026-03-03,253.77,20.3,274.07,Paid
INV76E2088FA7,CUST100018279,2025-11-28,2025-12-19,175.75,14.06,189.81,Paid
INVEB243C204C,CUST100075184,2026-06-10,2026-07-01,311.45,24.92,336.37,Paid
INV198B549817,CUST100084768,2026-02-17,2026-03-10,51.56,4.12,55.68,Overdue
INV75BAA8C1AC,CUST100093021,2026-01-24,2026-02-14,71.54,5.72,77.26,Paid
INVF22DD30D08,CUST100026775,2026-05-06,2026-05-27,221.93,17.75,239.68,Paid
INVA50E8204E0,CUST100009906,2025-09-27,2025-10-18,390.79,31.26,422.05,Partially Paid
INV55085C57DC,CUST100007590,2026-02-24,2026-03-17,187.0,14.96,201.96,Unpaid
INV97FC0E7897,CUST100096455,2025-10-14,2025-11-04,98.29,7.86,106.15,Paid
INVA94437F5E3,CUST100084693,2026-02-18,2026-03-11,351.39,28.11,379.5,Paid
INVB75752830D,CUST100049528,2026-02-27,2026-03-20,186.83,14.95,201.78,Unpaid
INV324226E5E2,CUST100058102,2025-12-20,2026-01-10,80.35,6.43,86.78,Paid
INV422372D1D5,CUST100013829,2026-01-02,2026-01-23,196.28,15.7,211.98,Paid
INV4D9E72E5EA,CUST100099550,2025-09-04,2025-09-25,323.87,25.91,349.78,Overdue
INVD9861EF05A,CUST100016101,2026-05-29,2026-06-19,315.84,25.27,341.11,Paid
INVCEDFC701F6,CUST100030600,2026-06-13,2026-07-04,380.48,30.44,410.92,Paid
INVF5DB99C834,CUST100003292,2026-05-19,2026-06-09,35.63,2.85,38.48,Unpaid
INVB8FB54854E,CUST100095314,2026-03-19,2026-04-09,338.97,27.12,366.09,Paid
INV4F8349008F,CUST100096505,2025-12-20,2026-01-10,255.12,20.41,275.53,Paid
INVA7AC37D4FC,CUST100079854,2026-03-11,2026-04-01,262.8,21.02,283.82,Overdue
INV8F3733CC38,CUST100094955,2026-02-22,2026-03-15,39.32,3.15,42.47,Partially Paid
INV4AA1B8AE05,CUST100019288,2026-04-26,2026-05-17,236.38,18.91,255.29,Paid
INVD85EDC889B,CUST100050592,2026-01-30,2026-02-20,130.44,10.44,140.88,Paid
INV57E0B0C3EE,CUST100069306,2025-12-18,2026-01-08,268.9,21.51,290.41,Unpaid
INVB97699BDC2,CUST100070575,2026-04-27,2026-05-18,326.11,26.09,352.2,Overdue
INVF3AA436214,CUST100005598,2025-12-22,2026-01-12,170.19,13.62,183.81,Paid
INV13750078B5,CUST100095125,2026-07-19,2026-08-09,357.41,28.59,386.0,Paid
INV63A6097FDD,CUST100077549,2025-10-26,2025-11-16,355.64,28.45,384.09,Paid
INVD714A07E92,CUST100092307,2026-04-15,2026-05-06,337.28,26.98,364.26,Overdue
INVC473F8CCE2,CUST100084165,2025-11-30,2025-12-21,40.02,3.2,43.22,Unpaid
INV21E1CD6978,CUST100081733,2025-12-10,2025-12-31,301.74,24.14,325.88,Paid
INV27D63756D9,CUST100027186,2026-04-30,2026-05-21,77.45,6.2,83.65,Partially Paid
INV709E38E223,CUST100067760,2025-11-14,2025-12-05,199.25,15.94,215.19,Unpaid
INV764DA06258,CUST100086514,2025-10-28,2025-11-18,205.49,16.44,221.93,Unpaid
INVC3475D87F1,CUST100033995,2026-03-09,2026-03-30,230.52,18.44,248.96,Paid
INV6E4497EBED,CUST100094517,2026-06-05,2026-06-26,296.7,23.74,320.44,Paid
INV1E30642D44,CUST100047231,2026-06-04,2026-06-25,119.2,9.54,128.74,Partially Paid
INV6325EBCD85,CUST100088286,2026-07-05,2026-07-26,55.95,4.48,60.43,Paid
INV8D68BF0422,CUST100061311,2026-07-07,2026-07-28,138.79,11.1,149.89,Overdue
INVF24783EB2C,CUST100094968,2026-03-18,2026-04-08,342.29,27.38,369.67,Overdue
INV3123838432,CUST100081746,2026-05-03,2026-05-24,42.21,3.38,45.59,Paid
INVDA0ECBD432,CUST100083300,2025-11-16,2025-12-07,120.44,9.64,130.08,Unpaid
INVA536D1639E,CUST100011280,2026-05-31,2026-06-21,21.43,1.71,23.14,Paid
INV459621516A,CUST100080411,2026-01-11,2026-02-01,354.28,28.34,382.62,Unpaid
INV0B2F7B6FC4,CUST100089434,2026-02-20,2026-03-13,166.95,13.36,180.31,Paid
INV5BC2A1B76B,CUST100013979,2026-03-20,2026-04-10,97.54,7.8,105.34,Paid
INV0E9BBDE177,CUST100018571,2026-01-04,2026-01-25,154.22,12.34,166.56,Paid
INVDD4A61566E,CUST100061348,2026-06-17,2026-07-08,249.78,19.98,269.76,Paid
INV6B91F38B96,CUST100067972,2026-05-20,2026-06-10,261.2,20.9,282.1,Paid
INV1331B2DD06,CUST100022292,2026-01-26,2026-02-16,266.28,21.3,287.58,Paid
INV5C06257589,CUST100042156,2025-08-12,2025-09-02,279.04,22.32,301.36,Paid
INV7498D0C91D,CUST100009759,2025-08-06,2025-08-27,297.28,23.78,321.06,Partially Paid
INVEE3A0CD747,CUST100058049,2025-10-14,2025-11-04,254.53,20.36,274.89,Paid
INV51173B8F07,CUST100043383,2026-07-09,2026-07-30,330.93,26.47,357.4,Unpaid
INV1A6F25B552,CUST100021109,2026-01-29,2026-02-19,279.45,22.36,301.81,Paid
INVE00BADBC27,CUST100019854,2025-09-04,2025-09-25,285.35,22.83,308.18,Partially Paid
INVEE95889946,CUST100064745,2025-09-26,2025-10-17,347.49,27.8,375.29,Overdue
INVAA7DC60C98,CUST100059348,2026-06-12,2026-07-03,130.93,10.47,141.4,Paid
INVF78EA2FE47,CUST100014667,2025-12-19,2026-01-09,58.55,4.68,63.23,Overdue
INVF588354D44,CUST100049073,2025-10-26,2025-11-16,284.89,22.79,307.68,Paid
INV5E24970BC8,CUST100097194,2026-06-27,2026-07-18,183.01,14.64,197.65,Paid
INVCB2126430A,CUST100071112,2025-11-24,2025-12-15,324.44,25.96,350.4,Paid
INVDC2241D564,CUST100021175,2026-04-23,2026-05-14,55.49,4.44,59.93,Partially Paid
INV9086877876,CUST100008184,2025-12-14,2026-01-04,313.44,25.08,338.52,Unpaid
INV398B28F247,CUST100003466,2025-12-19,2026-01-09,333.64,26.69,360.33,Paid
INV6229243A7E,CUST100098169,2026-06-23,2026-07-14,353.69,28.3,381.99,Overdue
INV3DE574F099,CUST100015313,2025-10-19,2025-11-09,34.27,2.74,37.01,Overdue
INV3AD680C74C,CUST100063329,2026-05-05,2026-05-26,390.76,31.26,422.02,Paid
INV1D7B51C7FB,CUST100062216,2025-10-19,2025-11-09,94.72,7.58,102.3,Paid
INV4DF7321F52,CUST100014146,2025-12-24,2026-01-14,98.54,7.88,106.42,Overdue
INV8FFE7093BE,CUST100007560,2025-10-09,2025-10-30,40.9,3.27,44.17,Paid
INVE91930F990,CUST100073275,2025-08-19,2025-09-09,237.7,19.02,256.72,Paid
INV3B03D4FF87,CUST100056932,2025-09-20,2025-10-11,204.95,16.4,221.35,Paid
INVF1652549F4,CUST100010226,2025-11-24,2025-12-15,269.69,21.58,291.27,Overdue
INVF5EE052E4E,CUST100040596,2026-04-25,2026-05-16,360.87,28.87,389.74,Paid
INV10681A386F,CUST100041968,2026-03-25,2026-04-15,166.37,13.31,179.68,Unpaid
INVE76E660856,CUST100096123,2026-05-04,2026-05-25,22.81,1.82,24.63,Paid
INVDC316A1DD9,CUST100017241,2026-02-07,2026-02-28,127.66,10.21,137.87,Paid
INV85389A68A6,CUST100047951,2026-04-22,2026-05-13,254.69,20.38,275.07,Partially Paid
INV51ADCCEF31,CUST100040304,2026-03-12,2026-04-02,293.68,23.49,317.17,Paid
INV24BC06CDE8,CUST100051033,2026-04-18,2026-05-09,310.8,24.86,335.66,Partially Paid
INV4BBB790A66,CUST100025542,2025-08-16,2025-09-06,124.86,9.99,134.85,Paid
INV337344A279,CUST100009685,2026-02-03,2026-02-24,245.48,19.64,265.12,Overdue
INV84FF00ACCB,CUST100070358,2026-03-19,2026-04-09,124.23,9.94,134.17,Paid
INV53892D4CA2,CUST100062936,2026-03-27,2026-04-17,124.06,9.92,133.98,Partially Paid
INVBA4E7324CA,CUST100017294,2025-10-03,2025-10-24,33.79,2.7,36.49,Paid
INV3160A5D6FA,CUST100090036,2026-05-22,2026-06-12,50.21,4.02,54.23,Paid
INVBB3F1ADA5E,CUST100014150,2025-12-08,2025-12-29,171.22,13.7,184.92,Paid
INV898360561B,CUST100034325,2026-01-19,2026-02-09,34.79,2.78,37.57,Paid
INVFFFC87A2FC,CUST100008852,2026-01-14,2026-02-04,299.53,23.96,323.49,Paid
INV8F138D3C38,CUST100093163,2026-07-01,2026-07-22,116.59,9.33,125.92,Paid
INV4F1149C0B8,CUST100044879,2025-10-19,2025-11-09,288.49,23.08,311.57,Paid
INVCFA1A19A7B,CUST100037963,2025-09-11,2025-10-02,165.24,13.22,178.46,Paid
INV8E5648071C,CUST100013470,2026-04-05,2026-04-26,352.33,28.19,380.52,Paid
INV4D8A1D574A,CUST100080364,2026-03-10,2026-03-31,302.21,24.18,326.39,Paid
INV8DD95CF255,CUST100015006,2026-06-17,2026-07-08,174.39,13.95,188.34,Paid
INV5D9BB7F016,CUST100009823,2026-04-24,2026-05-15,43.97,3.52,47.49,Paid
INV6FBC3FEAD3,CUST100023594,2026-06-12,2026-07-03,160.66,12.85,173.51,Paid
INV8B784AD461,CUST100051968,2025-11-29,2025-12-20,228.66,18.29,246.95,Partially Paid
INVA0E18F70AC,CUST100024233,2026-07-11,2026-08-01,315.03,25.2,340.23,Paid
INV2434E8A75E,CUST100010437,2026-07-04,2026-07-25,285.77,22.86,308.63,Paid
INV6A13F64FE7,CUST100081244,2025-11-26,2025-12-17,335.22,26.82,362.04,Partially Paid
INV037F2C5D83,CUST100002705,2026-06-27,2026-07-18,204.98,16.4,221.38,Paid
INV6CB4618495,CUST100034010,2026-05-15,2026-06-05,386.74,30.94,417.68,Paid
INV22A38A77D0,CUST100007544,2026-03-31,2026-04-21,372.52,29.8,402.32,Paid
INVD85784A00B,CUST100066480,2025-10-20,2025-11-10,46.68,3.73,50.41,Paid
INV868A72699A,CUST100029076,2026-07-04,2026-07-25,315.3,25.22,340.52,Unpaid
INV8F4DD159E8,CUST100003404,2026-01-06,2026-01-27,106.21,8.5,114.71,Paid
INV164F9E790A,CUST100006418,2026-05-28,2026-06-18,269.8,21.58,291.38,Paid
INVB08C856E8D,CUST100005941,2025-09-29,2025-10-20,264.72,21.18,285.9,Partially Paid
INV69FAA718C1,CUST100044206,2025-08-20,2025-09-10,263.31,21.06,284.37,Paid
INVE252FC7B8C,CUST100069513,2025-12-21,2026-01-11,209.38,16.75,226.13,Paid
INV40DC2B7B42,CUST100000825,2026-04-20,2026-05-11,149.53,11.96,161.49,Paid
INVA580AC9330,CUST100055583,2026-06-28,2026-07-19,269.02,21.52,290.54,Paid
INV5C34D90E57,CUST100074262,2025-11-07,2025-11-28,308.83,24.71,333.54,Paid
INV9F2987A048,CUST100066691,2025-11-02,2025-11-23,175.93,14.07,190.0,Paid
INVB1AB282C07,CUST100031670,2026-05-24,2026-06-14,178.58,14.29,192.87,Unpaid
INVFE4A12CF79,CUST100059933,2026-01-23,2026-02-13,141.78,11.34,153.12,Paid
INVE466F346D3,CUST100075624,2026-02-01,2026-02-22,336.68,26.93,363.61,Paid
INVA07EAB2CB1,CUST100010121,2026-02-23,2026-03-16,135.62,10.85,146.47,Overdue
INV8FD2ED084E,CUST100025324,2025-12-05,2025-12-26,229.68,18.37,248.05,Paid
INV4D88DC3036,CUST100082869,2026-02-28,2026-03-21,180.54,14.44,194.98,Paid
INVF4B2163809,CUST100093241,2026-03-10,2026-03-31,132.65,10.61,143.26,Paid
INVA8D7556C10,CUST100086474,2025-08-02,2025-08-23,91.41,7.31,98.72,Paid
INVCB99912399,CUST100029720,2026-04-16,2026-05-07,128.92,10.31,139.23,Unpaid
INVAD9F958E82,CUST100085961,2026-02-24,2026-03-17,385.46,30.84,416.3,Paid
INV28CF9DA8AD,CUST100032917,2025-08-27,2025-09-17,119.44,9.56,129.0,Paid
INV0595A43620,CUST100073132,2026-03-30,2026-04-20,91.85,7.35,99.2,Unpaid
INV90B0CF5552,CUST100094986,2025-08-17,2025-09-07,108.12,8.65,116.77,Paid
INV339DB0387D,CUST100040035,2026-05-19,2026-06-09,289.66,23.17,312.83,Unpaid
INVA554C3ADD9,CUST100054100,2026-06-06,2026-06-27,356.41,28.51,384.92,Unpaid
INVA3A411C85A,CUST100089755,2026-07-15,2026-08-05,184.04,14.72,198.76,Paid
INV0E79460315,CUST100095243,2026-02-03,2026-02-24,247.24,19.78,267.02,Unpaid
INV6A404AC8D4,CUST100077380,2025-10-22,2025-11-12,41.62,3.33,44.95,Unpaid
INV3D8B23AA01,CUST100074041,2026-04-25,2026-05-16,28.49,2.28,30.77,Overdue
INV9F51F11802,CUST100050581,2026-03-26,2026-04-16,78.95,6.32,85.27,Overdue
INV92CEC89730,CUST100062048,2025-12-18,2026-01-08,303.25,24.26,327.51,Paid
INVAE68B3002D,CUST100099789,2025-12-04,2025-12-25,209.68,16.77,226.45,Paid
INVBD9EBB3E2F,CUST100025484,2025-09-17,2025-10-08,119.66,9.57,129.23,Partially Paid
INV2F7C61A80A,CUST100033510,2026-06-17,2026-07-08,42.57,3.41,45.98,Paid
INV63A050C1B2,CUST100009301,2026-01-03,2026-01-24,235.66,18.85,254.51,Paid
INVB591FD777C,CUST100039065,2026-07-16,2026-08-06,320.55,25.64,346.19,Paid
INV408DC1081A,CUST100043365,2026-01-17,2026-02-07,352.36,28.19,380.55,Paid
INVE0DE16CD7A,CUST100049339,2025-12-29,2026-01-19,247.16,19.77,266.93,Paid
INV3D2C6E2C13,CUST100000675,2025-10-16,2025-11-06,190.43,15.23,205.66,Paid
INV8377DA353B,CUST100052896,2025-12-11,2026-01-01,215.27,17.22,232.49,Overdue
INV2A2830A20E,CUST100096853,2025-10-31,2025-11-21,124.77,9.98,134.75,Paid
INVB8086FA218,CUST100076021,2026-01-29,2026-02-19,252.51,20.2,272.71,Paid
INVF5687D9C6C,CUST100065276,2025-12-10,2025-12-31,41.78,3.34,45.12,Overdue
INV4FA8AD257E,CUST100076373,2026-03-17,2026-04-07,125.69,10.06,135.75,Overdue
INV3D0D1CFFBA,CUST100079481,2026-03-13,2026-04-03,311.05,24.88,335.93,Unpaid
INV94879529E4,CUST100045226,2026-06-10,2026-07-01,171.76,13.74,185.5,Paid
INVEF73A2AB05,CUST100059519,2025-12-17,2026-01-07,98.23,7.86,106.09,Unpaid
INVB9E90D2E04,CUST100002337,2025-08-17,2025-09-07,100.0,8.0,108.0,Paid
INV6D40DCB4FF,CUST100017519,2025-10-30,2025-11-20,166.94,13.36,180.3,Paid
INV78481FD8E7,CUST100072974,2026-04-01,2026-04-22,95.15,7.61,102.76,Unpaid
INVF6169D9FA2,CUST100099207,2026-03-07,2026-03-28,208.27,16.66,224.93,Paid
INV3718684F9F,CUST100038480,2026-03-27,2026-04-17,101.98,8.16,110.14,Paid
INV3E01ADEFAF,CUST100022596,2026-05-08,2026-05-29,207.08,16.57,223.65,Paid
INVD3673741ED,CUST100029181,2026-06-07,2026-06-28,131.03,10.48,141.51,Paid
INVA4594D84E3,CUST100029496,2025-09-07,2025-09-28,341.01,27.28,368.29,Overdue
INVC4DC54B426,CUST100003503,2026-04-04,2026-04-25,315.54,25.24,340.78,Paid
INV8EB7F01007,CUST100045140,2026-01-06,2026-01-27,338.75,27.1,365.85,Paid
INV265F611811,CUST100014216,2025-10-14,2025-11-04,122.7,9.82,132.52,Paid
INV5CD7FFDF96,CUST100089469,2025-11-18,2025-12-09,249.54,19.96,269.5,Overdue
INVF2B29DF12B,CUST100010403,2026-02-01,2026-02-22,248.55,19.88,268.43,Paid
INV0E3F249FC5,CUST100036705,2026-01-27,2026-02-17,159.0,12.72,171.72,Paid
INV751B8BE277,CUST100096686,2025-10-14,2025-11-04,143.75,11.5,155.25,Paid
INVF606747469,CUST100099094,2025-12-06,2025-12-27,160.68,12.85,173.53,Paid
INVE75416F3C2,CUST100031909,2026-06-19,2026-07-10,48.12,3.85,51.97,Paid
INVB1187F36C1,CUST100090967,2026-05-14,2026-06-04,110.32,8.83,119.15,Paid
INV65B1BAB35B,CUST100072861,2026-07-06,2026-07-27,288.23,23.06,311.29,Paid
INV6A3DF03C40,CUST100063941,2026-03-15,2026-04-05,138.29,11.06,149.35,Unpaid
INVB1E9C54077,CUST100062935,2025-12-10,2025-12-31,253.7,20.3,274.0,Partially Paid
INVCE15FC87F5,CUST100073140,2026-03-19,2026-04-09,86.69,6.94,93.63,Unpaid
INVD12D9F15A3,CUST100021395,2025-12-28,2026-01-18,248.52,19.88,268.4,Unpaid
INVA602ABFD72,CUST100076888,2026-07-03,2026-07-24,137.19,10.98,148.17,Paid
INVCBA52D8465,CUST100088020,2025-10-26,2025-11-16,78.92,6.31,85.23,Overdue
INVBFF5ADF997,CUST100067936,2026-06-11,2026-07-02,206.87,16.55,223.42,Paid
INV32595F1612,CUST100078868,2026-04-12,2026-05-03,46.12,3.69,49.81,Partially Paid
INV8326BF2ED4,CUST100016004,2025-10-24,2025-11-14,121.94,9.76,131.7,Overdue
INV4584395A24,CUST100044001,2026-05-11,2026-06-01,307.75,24.62,332.37,Paid
INV7B4861D841,CUST100024973,2025-08-29,2025-09-19,261.14,20.89,282.03,Overdue
INVC587D1FFB2,CUST100060130,2026-04-27,2026-05-18,223.88,17.91,241.79,Paid
INVA8AB64687A,CUST100083036,2026-04-26,2026-05-17,52.06,4.16,56.22,Paid
INVAFC0DA8F22,CUST100097192,2026-07-13,2026-08-03,131.33,10.51,141.84,Paid
INV7401699564,CUST100061916,2025-12-17,2026-01-07,379.15,30.33,409.48,Overdue
INV029B6AA4E4,CUST100088144,2026-06-02,2026-06-23,172.03,13.76,185.79,Unpaid
INVF224667A1D,CUST100023164,2026-07-07,2026-07-28,147.32,11.79,159.11,Paid
INVC67C7D0514,CUST100066527,2025-11-03,2025-11-24,135.38,10.83,146.21,Paid
INV5A80A0B413,CUST100045792,2025-10-08,2025-10-29,54.59,4.37,58.96,Unpaid
INVB80818844C,CUST100016660,2025-09-29,2025-10-20,297.48,23.8,321.28,Unpaid
INV710C369B0B,CUST100063765,2025-08-30,2025-09-20,205.21,16.42,221.63,Paid
INV42CDBC78E8,CUST100097006,2025-10-18,2025-11-08,222.51,17.8,240.31,Overdue
INVFBA2164E2E,CUST100083698,2026-03-22,2026-04-12,383.33,30.67,414.0,Overdue
INVC8E1D31EFD,CUST100002030,2025-12-12,2026-01-02,236.61,18.93,255.54,Paid
INV1E8767369B,CUST100078257,2025-09-11,2025-10-02,190.73,15.26,205.99,Paid
INV3C41A36F8F,CUST100066542,2025-12-23,2026-01-13,265.13,21.21,286.34,Paid
INV136D646D30,CUST100080240,2026-07-11,2026-08-01,233.54,18.68,252.22,Unpaid
INV8FCBE234F2,CUST100045134,2026-03-03,2026-03-24,345.77,27.66,373.43,Paid
INV8B510EE619,CUST100069604,2025-12-19,2026-01-09,289.25,23.14,312.39,Paid
INV054DF615AA,CUST100036943,2026-01-07,2026-01-28,280.63,22.45,303.08,Paid
INVB9BE81D6A0,CUST100070077,2025-12-20,2026-01-10,359.48,28.76,388.24,Unpaid
INVBC2C1E939A,CUST100060134,2026-05-07,2026-05-28,210.81,16.86,227.67,Paid
INVFFC243962F,CUST100001642,2026-03-30,2026-04-20,181.51,14.52,196.03,Partially Paid
INV05E76742F0,CUST100063841,2025-12-15,2026-01-05,252.0,20.16,272.16,Paid
INVE3EA163A05,CUST100046499,2026-02-23,2026-03-16,194.62,15.57,210.19,Paid
INV1CC012B112,CUST100088968,2026-02-16,2026-03-09,49.67,3.97,53.64,Partially Paid
INVA3FD2FE92B,CUST100086291,2025-09-18,2025-10-09,94.66,7.57,102.23,Paid
INV243F11DF7F,CUST100046158,2026-02-26,2026-03-19,63.41,5.07,68.48,Paid
INVBB3A0B8BA7,CUST100050526,2026-04-05,2026-04-26,149.78,11.98,161.76,Partially Paid
INVC4143F35DF,CUST100024050,2026-03-07,2026-03-28,207.94,16.64,224.58,Paid
INVDB3BDC0638,CUST100071125,2026-04-25,2026-05-16,225.1,18.01,243.11,Overdue
INV4FE5C4979F,CUST100059972,2026-06-25,2026-07-16,390.21,31.22,421.43,Paid
INVA4300E1EDD,CUST100062738,2025-08-12,2025-09-02,334.11,26.73,360.84,Paid
INV4C9DAA1756,CUST100001750,2025-08-12,2025-09-02,377.23,30.18,407.41,Paid
INV76514D4A7C,CUST100015896,2026-03-26,2026-04-16,359.01,28.72,387.73,Paid
INVF88379D235,CUST100076044,2026-06-29,2026-07-20,88.73,7.1,95.83,Paid
INVC72C04FE04,CUST100043712,2025-11-02,2025-11-23,117.63,9.41,127.04,Paid
INV52FFBA6DF0,CUST100052597,2026-03-25,2026-04-15,147.91,11.83,159.74,Unpaid
INV423B4D6DDA,CUST100093272,2025-10-27,2025-11-17,97.99,7.84,105.83,Overdue
INV7F0A4D6D7E,CUST100008241,2025-11-20,2025-12-11,120.2,9.62,129.82,Paid
INV6DDCE5320E,CUST100073082,2026-06-25,2026-07-16,360.3,28.82,389.12,Paid
INV39238CF2AC,CUST100063812,2026-02-08,2026-03-01,47.67,3.81,51.48,Paid
INVECA3CC53F7,CUST100018272,2025-10-01,2025-10-22,155.5,12.44,167.94,Paid
INV7A34FD048E,CUST100074000,2026-03-27,2026-04-17,263.68,21.09,284.77,Paid
INV3BF12ED38E,CUST100018474,2026-06-21,2026-07-12,78.39,6.27,84.66,Unpaid
INVCFCB0F44B0,CUST100046856,2026-06-08,2026-06-29,175.07,14.01,189.08,Paid
INV3370230ADD,CUST100063205,2026-01-04,2026-01-25,24.03,1.92,25.95,Paid
INVE0CCDDBF9C,CUST100043012,2025-09-26,2025-10-17,71.29,5.7,76.99,Paid
INV3FFF402AC6,CUST100006589,2026-06-12,2026-07-03,131.03,10.48,141.51,Unpaid
INVFC13D01B01,CUST100060751,2026-01-28,2026-02-18,213.9,17.11,231.01,Paid
INVF2CC4B1650,CUST100057360,2025-12-24,2026-01-14,101.02,8.08,109.1,Paid
INV4760C92F77,CUST100016829,2026-07-22,2026-08-12,241.26,19.3,260.56,Partially Paid
INVB359C28838,CUST100034796,2025-08-11,2025-09-01,109.37,8.75,118.12,Unpaid
INVEEA8BD8F84,CUST100021163,2025-12-11,2026-01-01,339.09,27.13,366.22,Paid
INV04630CB6D0,CUST100034538,2026-03-07,2026-03-28,288.84,23.11,311.95,Unpaid
INVC6BC9EA60C,CUST100035387,2025-10-14,2025-11-04,76.43,6.11,82.54,Paid
INVDCD4E71642,CUST100009606,2026-04-05,2026-04-26,296.16,23.69,319.85,Paid
INV3E519F36C1,CUST100007739,2026-01-04,2026-01-25,299.97,24.0,323.97,Paid
INVC5353F92EF,CUST100049359,2026-06-04,2026-06-25,265.82,21.27,287.09,Unpaid
INV038038699E,CUST100099768,2026-05-05,2026-05-26,27.74,2.22,29.96,Paid
INVA9D790C062,CUST100001099,2025-09-24,2025-10-15,219.04,17.52,236.56,Paid
INV264B37E16D,CUST100047773,2025-11-14,2025-12-05,233.05,18.64,251.69,Paid
INV0EB7A61019,CUST100083481,2026-03-02,2026-03-23,361.45,28.92,390.37,Partially Paid
INV9521B38C2C,CUST100057049,2026-04-17,2026-05-08,20.47,1.64,22.11,Paid
INVD6A70EFAA3,CUST100065034,2026-04-22,2026-05-13,342.24,27.38,369.62,Unpaid
INV193FC9CF32,CUST100006504,2026-02-04,2026-02-25,42.37,3.39,45.76,Paid
INV66071E7D3B,CUST100034269,2026-03-19,2026-04-09,45.95,3.68,49.63,Paid
INVBF57C98608,CUST100090402,2026-04-03,2026-04-24,353.63,28.29,381.92,Paid
INV97BC171FCA,CUST100002333,2025-10-04,2025-10-25,367.39,29.39,396.78,Unpaid
INVC545E7C328,CUST100070604,2025-10-03,2025-10-24,21.43,1.71,23.14,Partially Paid
INV4E9B4CE509,CUST100095826,2025-08-21,2025-09-11,48.67,3.89,52.56,Paid
INV6D9212DA0C,CUST100050347,2025-12-13,2026-01-03,334.01,26.72,360.73,Paid
INVFCD1E9A61E,CUST100071548,2026-05-19,2026-06-09,346.87,27.75,374.62,Unpaid
INV6766B312C4,CUST100077791,2026-07-11,2026-08-01,335.26,26.82,362.08,Paid
INV56837523DE,CUST100033998,2026-02-11,2026-03-04,90.31,7.22,97.53,Paid
INVEADD66E26F,CUST100068908,2026-05-02,2026-05-23,21.42,1.71,23.13,Unpaid
INVA89A83080C,CUST100007244,2025-12-20,2026-01-10,336.15,26.89,363.04,Overdue
INVEF905FB24E,CUST100074079,2025-08-08,2025-08-29,360.94,28.88,389.82,Paid
INV224792A51B,CUST100084187,2026-02-05,2026-02-26,393.52,31.48,425.0,Partially Paid
INV9972A582F0,CUST100031297,2025-09-18,2025-10-09,120.8,9.66,130.46,Paid
INV42EAB39E37,CUST100095445,2025-12-30,2026-01-20,373.78,29.9,403.68,Paid
INV8FFF44F49B,CUST100088169,2025-12-12,2026-01-02,280.52,22.44,302.96,Partially Paid
INV70B4992E32,CUST100015659,2026-05-11,2026-06-01,394.09,31.53,425.62,Paid
INV7D77A2542B,CUST100082158,2025-08-28,2025-09-18,281.1,22.49,303.59,Paid
INVBB535FD253,CUST100073876,2026-07-13,2026-08-03,204.78,16.38,221.16,Paid
INV34B70B2F09,CUST100013020,2025-10-27,2025-11-17,197.13,15.77,212.9,Paid
INVDEBB92DA9D,CUST100045472,2025-12-13,2026-01-03,357.35,28.59,385.94,Paid
INV88308D5ECD,CUST100079769,2025-11-15,2025-12-06,352.1,28.17,380.27,Unpaid
INV46FF6F8A62,CUST100093134,2026-06-05,2026-06-26,230.6,18.45,249.05,Paid
INV68ADB09E8C,CUST100050564,2026-06-19,2026-07-10,55.11,4.41,59.52,Paid
INV76E95B3F42,CUST100058322,2026-05-22,2026-06-12,293.61,23.49,317.1,Paid
INVCBFD56E1E7,CUST100076693,2025-12-20,2026-01-10,69.58,5.57,75.15,Paid
INV1B3DB4889E,CUST100069465,2026-07-12,2026-08-02,225.39,18.03,243.42,Paid
INV96B229A67C,CUST100010176,2026-06-08,2026-06-29,181.4,14.51,195.91,Partially Paid
INV17B94C3E12,CUST100094724,2026-04-21,2026-05-12,316.15,25.29,341.44,Paid
INV20D2D55193,CUST100073430,2025-08-30,2025-09-20,216.31,17.3,233.61,Paid
INV8DC88BBA77,CUST100041366,2026-05-07,2026-05-28,145.99,11.68,157.67,Paid
INV7E939A7FCA,CUST100099829,2026-02-19,2026-03-12,367.43,29.39,396.82,Unpaid
INV10A335C1D7,CUST100092677,2026-06-18,2026-07-09,149.04,11.92,160.96,Paid
INV8F79B59CDE,CUST100098073,2026-06-15,2026-07-06,128.3,10.26,138.56,Overdue
INV30ADB111C7,CUST100072948,2025-12-03,2025-12-24,238.53,19.08,257.61,Paid
INV50F4CD07C0,CUST100035908,2026-07-10,2026-07-31,87.82,7.03,94.85,Paid
INV081E6960B4,CUST100062647,2026-06-17,2026-07-08,348.66,27.89,376.55,Paid
INV73A796C9D9,CUST100076293,2025-09-04,2025-09-25,265.09,21.21,286.3,Paid
INV308007CAC0,CUST100030264,2025-12-29,2026-01-19,263.93,21.11,285.04,Paid
INVD4A32609A6,CUST100097994,2026-01-29,2026-02-19,323.15,25.85,349.0,Unpaid
INV2DACFBBB1E,CUST100005525,2025-12-29,2026-01-19,330.61,26.45,357.06,Unpaid
INV2FF1F19B1F,CUST100043002,2026-06-29,2026-07-20,51.62,4.13,55.75,Paid
INV65F99A910C,CUST100025104,2025-11-19,2025-12-10,142.54,11.4,153.94,Paid
INVFE8DC97092,CUST100077570,2025-12-12,2026-01-02,155.46,12.44,167.9,Paid
INV3AABAC7DE3,CUST100076597,2026-04-29,2026-05-20,188.94,15.12,204.06,Paid
INV5D55FEE496,CUST100003566,2026-04-17,2026-05-08,152.88,12.23,165.11,Paid
INVE91FDD68C6,CUST100033387,2026-05-26,2026-06-16,242.79,19.42,262.21,Paid
INV7D8B87D78C,CUST100018856,2026-05-19,2026-06-09,45.04,3.6,48.64,Paid
INV872EEE8CF0,CUST100057759,2026-02-26,2026-03-19,354.79,28.38,383.17,Paid
INV5BDC4FEACC,CUST100008188,2026-07-21,2026-08-11,310.14,24.81,334.95,Paid
INV3FCDEB7079,CUST100052416,2026-06-17,2026-07-08,286.29,22.9,309.19,Paid
INVBECCA18DAB,CUST100041880,2026-06-20,2026-07-11,211.02,16.88,227.9,Paid
INV4B62D24B0C,CUST100018144,2026-02-21,2026-03-14,228.7,18.3,247.0,Paid
INV77529D8FE3,CUST100022226,2026-01-14,2026-02-04,236.06,18.88,254.94,Overdue
INV67834ED891,CUST100012613,2025-12-18,2026-01-08,27.88,2.23,30.11,Paid
INV86CF6E5119,CUST100011672,2026-06-23,2026-07-14,209.21,16.74,225.95,Paid
INV30D3A3CCA8,CUST100052651,2026-04-23,2026-05-14,176.44,14.12,190.56,Paid
INVCAD2B88BAA,CUST100015878,2026-05-04,2026-05-25,44.97,3.6,48.57,Paid
INVF1E2B76529,CUST100025784,2026-04-16,2026-05-07,262.19,20.98,283.17,Paid
INV87288F1C2C,CUST100097271,2025-10-01,2025-10-22,388.23,31.06,419.29,Paid
INV1EFF57404B,CUST100048169,2026-02-02,2026-02-23,305.36,24.43,329.79,Paid
INVBDF1368489,CUST100030145,2026-02-06,2026-02-27,213.45,17.08,230.53,Overdue
INV43E0054760,CUST100072087,2025-10-16,2025-11-06,310.26,24.82,335.08,Paid
INV65856D46AD,CUST100041658,2026-06-24,2026-07-15,225.91,18.07,243.98,Overdue
INVE08292EEDC,CUST100082489,2025-09-17,2025-10-08,356.85,28.55,385.4,Paid
INV0D18AA1629,CUST100098023,2026-01-24,2026-02-14,55.41,4.43,59.84,Unpaid
INVDDBA1BED49,CUST100069265,2026-02-24,2026-03-17,359.11,28.73,387.84,Paid
INVEEEAB02090,CUST100080948,2026-04-19,2026-05-10,381.67,30.53,412.2,Paid
INV2CC944BD1B,CUST100091542,2026-01-05,2026-01-26,48.2,3.86,52.06,Paid
INVEBCBD7227B,CUST100025408,2026-07-01,2026-07-22,305.45,24.44,329.89,Paid
INV0F602DB955,CUST100056224,2026-02-06,2026-02-27,313.8,25.1,338.9,Paid
INV2EDBA32428,CUST100050638,2026-03-05,2026-03-26,67.43,5.39,72.82,Unpaid
INV1049D8386C,CUST100064983,2026-02-04,2026-02-25,60.06,4.8,64.86,Paid
INV635C69080D,CUST100042747,2026-07-22,2026-08-12,395.8,31.66,427.46,Unpaid
INV145A09A1D4,CUST100035698,2026-06-16,2026-07-07,74.7,5.98,80.68,Paid
INV2787422B5F,CUST100040455,2026-05-17,2026-06-07,235.25,18.82,254.07,Paid
INV66B0F7FCDD,CUST100056284,2026-01-02,2026-01-23,37.12,2.97,40.09,Paid
INV5E815111F1,CUST100028925,2025-11-19,2025-12-10,208.92,16.71,225.63,Paid
INV11867EAA5F,CUST100084337,2026-04-17,2026-05-08,283.57,22.69,306.26,Partially Paid
INV24A67CBFFD,CUST100068387,2026-04-20,2026-05-11,105.76,8.46,114.22,Unpaid
INVDA7FA02A8B,CUST100052426,2026-07-07,2026-07-28,328.24,26.26,354.5,Partially Paid
INV9136FB7711,CUST100046039,2026-04-19,2026-05-10,120.58,9.65,130.23,Overdue
INVD7DE3614A0,CUST100084093,2026-06-22,2026-07-13,53.94,4.32,58.26,Paid
INV03BE3910B6,CUST100070527,2026-04-03,2026-04-24,70.15,5.61,75.76,Paid
INVD32D11389D,CUST100059329,2026-06-22,2026-07-13,68.22,5.46,73.68,Paid
INVFCD427D744,CUST100053792,2025-09-26,2025-10-17,29.5,2.36,31.86,Paid
INVFA96BD2D31,CUST100094625,2026-03-24,2026-04-14,364.25,29.14,393.39,Paid
INV8CFDF805BA,CUST100069506,2025-10-23,2025-11-13,132.0,10.56,142.56,Overdue
INV443C5E0E82,CUST100085030,2026-06-07,2026-06-28,119.5,9.56,129.06,Paid
INVDDFA30BDCC,CUST100020343,2026-05-14,2026-06-04,143.58,11.49,155.07,Paid
INVEBB813F052,CUST100005735,2026-06-24,2026-07-15,379.38,30.35,409.73,Overdue
INVF0B589B8F4,CUST100042808,2025-12-04,2025-12-25,317.88,25.43,343.31,Paid
INVBDC209AC93,CUST100030946,2026-06-26,2026-07-17,65.27,5.22,70.49,Paid
INVBE289104AC,CUST100063148,2026-06-12,2026-07-03,202.36,16.19,218.55,Paid
INV5FCE91E50C,CUST100059255,2025-10-02,2025-10-23,331.76,26.54,358.3,Paid
INV75D7F48A68,CUST100019015,2026-02-02,2026-02-23,30.88,2.47,33.35,Paid
INVA89D78D2AA,CUST100083796,2026-06-14,2026-07-05,348.87,27.91,376.78,Overdue
INVFB006E4CB9,CUST100065805,2025-08-18,2025-09-08,58.19,4.66,62.85,Overdue
INV6683A9887C,CUST100091002,2025-12-21,2026-01-11,200.42,16.03,216.45,Paid
INV1588117413,CUST100077023,2026-04-03,2026-04-24,25.79,2.06,27.85,Paid
INV83B987CD31,CUST100075631,2026-02-08,2026-03-01,391.52,31.32,422.84,Paid
INV3FC66E1E53,CUST100004640,2026-03-25,2026-04-15,76.52,6.12,82.64,Paid
INVC4E9BE6614,CUST100092738,2026-02-23,2026-03-16,241.43,19.31,260.74,Overdue
INVA20F5BD5DD,CUST100033689,2026-03-07,2026-03-28,138.71,11.1,149.81,Paid
INVD3FDA7CFA0,CUST100011771,2026-03-06,2026-03-27,40.36,3.23,43.59,Paid
INVB66BEF1CE4,CUST100077477,2026-02-24,2026-03-17,333.83,26.71,360.54,Paid
INV993C021504,CUST100005298,2025-10-14,2025-11-04,290.13,23.21,313.34,Paid
INV29C91BDA64,CUST100076341,2025-09-04,2025-09-25,335.23,26.82,362.05,Paid
INV198F26AD16,CUST100002614,2025-08-23,2025-09-13,364.96,29.2,394.16,Overdue
INVF7353F9BD0,CUST100071949,2025-10-18,2025-11-08,204.15,16.33,220.48,Partially Paid
INV98A98F1EED,CUST100008167,2025-12-07,2025-12-28,207.09,16.57,223.66,Partially Paid
INV208697D621,CUST100096485,2026-03-07,2026-03-28,158.71,12.7,171.41,Paid
INV203DC35BB8,CUST100002489,2025-08-24,2025-09-14,189.37,15.15,204.52,Paid
INV4A2D45FA57,CUST100083845,2026-06-11,2026-07-02,223.41,17.87,241.28,Paid
INVD6DC176A30,CUST100004368,2026-04-10,2026-05-01,168.85,13.51,182.36,Paid
INVD2C8086B01,CUST100084457,2026-06-13,2026-07-04,92.2,7.38,99.58,Unpaid
INV39EA95B269,CUST100007028,2025-11-27,2025-12-18,52.03,4.16,56.19,Unpaid
INVF73ECDD4ED,CUST100058266,2025-08-12,2025-09-02,309.7,24.78,334.48,Partially Paid
INV6A46EE4734,CUST100049092,2025-09-08,2025-09-29,189.01,15.12,204.13,Unpaid
INV50FCAF9DD1,CUST100062239,2025-11-18,2025-12-09,184.37,14.75,199.12,Paid
INV0F4AB99D9E,CUST100059565,2026-05-31,2026-06-21,332.14,26.57,358.71,Paid
INV2A39EFF0D6,CUST100004606,2026-01-21,2026-02-11,241.33,19.31,260.64,Paid
INVB3BB131C5A,CUST100085377,2026-03-27,2026-04-17,50.41,4.03,54.44,Overdue
INVCE0BC86CC9,CUST100033858,2026-02-02,2026-02-23,134.39,10.75,145.14,Partially Paid
INV1371D2BF20,CUST100083943,2025-10-13,2025-11-03,365.86,29.27,395.13,Overdue
INVA51ECF85D3,CUST100000907,2026-03-06,2026-03-27,82.25,6.58,88.83,Paid
INV33246FADEF,CUST100082516,2025-10-01,2025-10-22,232.76,18.62,251.38,Paid
INV27D2C94047,CUST100013264,2025-11-06,2025-11-27,37.31,2.98,40.29,Paid
INVA61E57C4CD,CUST100087614,2025-10-05,2025-10-26,22.06,1.76,23.82,Paid
INVA3CD870098,CUST100090584,2026-04-05,2026-04-26,78.81,6.3,85.11,Paid
INV9AD195E33E,CUST100020163,2026-03-14,2026-04-04,366.02,29.28,395.3,Paid
INV6A57345C8B,CUST100095803,2026-05-16,2026-06-06,304.79,24.38,329.17,Unpaid
INV4EC8A8D73B,CUST100096144,2026-04-05,2026-04-26,44.23,3.54,47.77,Paid
INV13D5EE7D55,CUST100093678,2025-09-30,2025-10-21,226.2,18.1,244.3,Paid
INVDECF375FC1,CUST100012615,2025-08-25,2025-09-15,326.19,26.1,352.29,Paid
INV6C5DAEAD7F,CUST100040527,2026-01-08,2026-01-29,287.11,22.97,310.08,Paid
INV7570C080F2,CUST100094577,2026-05-09,2026-05-30,315.65,25.25,340.9,Overdue
INV754ECCC2FB,CUST100048373,2025-08-16,2025-09-06,289.01,23.12,312.13,Paid
INVFF2471AAA0,CUST100070162,2025-11-11,2025-12-02,80.28,6.42,86.7,Paid
INVA7A57C36C6,CUST100047571,2026-06-06,2026-06-27,288.63,23.09,311.72,Paid
INVFF1C9A48C7,CUST100051146,2025-08-30,2025-09-20,244.48,19.56,264.04,Unpaid
INVD6CA27B34A,CUST100011754,2026-03-21,2026-04-11,114.02,9.12,123.14,Paid
INVB5E592FEF8,CUST100065744,2026-05-06,2026-05-27,188.89,15.11,204.0,Paid
INV286AFDDDC2,CUST100018187,2026-01-18,2026-02-08,28.56,2.28,30.84,Paid
INVEC1C36C8A3,CUST100023684,2026-06-10,2026-07-01,246.92,19.75,266.67,Unpaid
INV4A6A2AD3DF,CUST100014033,2025-09-01,2025-09-22,285.6,22.85,308.45,Unpaid
INV5BF19D0F26,CUST100024719,2025-08-15,2025-09-05,288.29,23.06,311.35,Paid
INVF9CAFF800D,CUST100037853,2026-04-15,2026-05-06,305.23,24.42,329.65,Paid
INVA546DF5B4E,CUST100048512,2025-10-25,2025-11-15,103.82,8.31,112.13,Unpaid
INV19D8B2D5E2,CUST100010223,2025-10-26,2025-11-16,231.25,18.5,249.75,Paid
INV3CD77B1C78,CUST100059546,2026-04-06,2026-04-27,201.73,16.14,217.87,Paid
INV847CF20F53,CUST100070494,2026-06-23,2026-07-14,55.08,4.41,59.49,Paid
INV3721A7E3CA,CUST100009568,2026-02-25,2026-03-18,257.56,20.6,278.16,Paid
INV976F98F628,CUST100008589,2025-09-19,2025-10-10,91.3,7.3,98.6,Paid
INV8929564A51,CUST100000162,2025-12-11,2026-01-01,61.33,4.91,66.24,Paid
INV930631925A,CUST100052182,2026-07-10,2026-07-31,384.9,30.79,415.69,Unpaid
INVFD5D65C6A9,CUST100000416,2025-09-14,2025-10-05,314.49,25.16,339.65,Paid
INVCC372115C6,CUST100015190,2026-03-01,2026-03-22,82.57,6.61,89.18,Paid
INV75DD51192A,CUST100055075,2026-01-07,2026-01-28,345.46,27.64,373.1,Paid
INV5CC790F144,CUST100033359,2025-09-07,2025-09-28,323.5,25.88,349.38,Paid
INVF14BCA5298,CUST100076456,2026-03-16,2026-04-06,177.88,14.23,192.11,Unpaid
INVE4DDA5EB02,CUST100078132,2026-01-14,2026-02-04,339.1,27.13,366.23,Paid
INV82E352014A,CUST100046960,2026-06-11,2026-07-02,316.52,25.32,341.84,Paid
INV9907D382B9,CUST100003791,2026-03-07,2026-03-28,315.86,25.27,341.13,Paid
INVF7EEC3B895,CUST100064272,2026-05-25,2026-06-15,79.19,6.34,85.53,Paid
INV99B7D84B00,CUST100041626,2025-08-14,2025-09-04,35.75,2.86,38.61,Paid
INVD533597C53,CUST100076843,2026-06-22,2026-07-13,157.19,12.58,169.77,Unpaid
INVBBEE09D801,CUST100085946,2026-03-10,2026-03-31,226.86,18.15,245.01,Paid
INVBDBEF99023,CUST100062379,2025-08-29,2025-09-19,259.59,20.77,280.36,Paid
INVC3933CCF34,CUST100090181,2026-03-27,2026-04-17,260.77,20.86,281.63,Partially Paid
INV414104CED5,CUST100018516,2026-02-09,2026-03-02,48.83,3.91,52.74,Paid
INVE79BD7A26B,CUST100034679,2026-01-18,2026-02-08,307.16,24.57,331.73,Paid
INV7B7EDE60E0,CUST100072626,2026-01-30,2026-02-20,38.37,3.07,41.44,Paid
INV0B1D07D9C7,CUST100011442,2025-09-11,2025-10-02,147.14,11.77,158.91,Paid
INV9ECB230A43,CUST100021103,2025-09-05,2025-09-26,278.75,22.3,301.05,Paid
INV58DEB8D718,CUST100004356,2026-01-11,2026-02-01,389.06,31.12,420.18,Paid
INV524308A224,CUST100050180,2025-08-17,2025-09-07,270.48,21.64,292.12,Overdue
INV1D28304C46,CUST100098104,2026-06-14,2026-07-05,163.68,13.09,176.77,Unpaid
INV0AC6E898C0,CUST100060018,2025-08-06,2025-08-27,377.07,30.17,407.24,Paid
INVA060AD96BB,CUST100050857,2025-09-14,2025-10-05,97.43,7.79,105.22,Overdue
INV674AB672CB,CUST100099110,2026-03-27,2026-04-17,145.95,11.68,157.63,Paid
INV650DACE116,CUST100082698,2026-07-07,2026-07-28,157.5,12.6,170.1,Paid
INVED6CA6A40E,CUST100033347,2026-07-03,2026-07-24,285.2,22.82,308.02,Paid
INVD8B106614C,CUST100070800,2026-05-07,2026-05-28,225.76,18.06,243.82,Partially Paid
INV841218BF6B,CUST100047080,2026-02-14,2026-03-07,78.68,6.29,84.97,Paid
INVD866F97704,CUST100092572,2025-11-27,2025-12-18,395.93,31.67,427.6,Paid
INVE358675371,CUST100006866,2026-01-19,2026-02-09,90.49,7.24,97.73,Paid
INV6D6986A28C,CUST100068297,2025-11-29,2025-12-20,203.91,16.31,220.22,Paid
INV1977CB8614,CUST100055599,2025-10-10,2025-10-31,384.05,30.72,414.77,Partially Paid
INVB1A9FEEA67,CUST100044563,2025-08-09,2025-08-30,307.72,24.62,332.34,Paid
INVCF744945B5,CUST100000605,2026-06-23,2026-07-14,374.2,29.94,404.14,Paid
INVDDF872FABF,CUST100082657,2025-09-21,2025-10-12,364.29,29.14,393.43,Paid
INVA05D53EA88,CUST100065777,2025-11-28,2025-12-19,152.11,12.17,164.28,Paid
INV99003CC300,CUST100001988,2026-03-24,2026-04-14,332.69,26.62,359.31,Partially Paid
INVA76422EB30,CUST100099635,2026-03-24,2026-04-14,107.84,8.63,116.47,Paid
INVF222A15AE3,CUST100073403,2025-11-26,2025-12-17,126.61,10.13,136.74,Paid
INV21442A81F3,CUST100017631,2025-11-09,2025-11-30,217.87,17.43,235.3,Overdue
INVCFB76AF9D6,CUST100019178,2026-05-21,2026-06-11,343.01,27.44,370.45,Paid
INV6944846A6A,CUST100063922,2026-06-11,2026-07-02,188.85,15.11,203.96,Paid
INV5BFE71D0C6,CUST100056445,2025-08-06,2025-08-27,392.76,31.42,424.18,Partially Paid
INVDD5B5398F9,CUST100021938,2026-01-23,2026-02-13,357.97,28.64,386.61,Partially Paid
INV03ECC00A96,CUST100024908,2026-07-05,2026-07-26,32.06,2.56,34.62,Unpaid
INVD4D25C8E69,CUST100052353,2025-11-03,2025-11-24,392.14,31.37,423.51,Paid
INV038D580676,CUST100021982,2026-04-21,2026-05-12,76.61,6.13,82.74,Paid
INV5B0D6FEE03,CUST100099294,2026-03-15,2026-04-05,254.51,20.36,274.87,Paid
INVEBCB10465E,CUST100018419,2026-06-23,2026-07-14,292.84,23.43,316.27,Paid
INV0AA2669E04,CUST100015392,2025-12-11,2026-01-01,85.7,6.86,92.56,Paid
INV7F04FDCCFA,CUST100014649,2026-01-20,2026-02-10,45.04,3.6,48.64,Paid
INVC1178572FE,CUST100055837,2025-12-20,2026-01-10,192.35,15.39,207.74,Paid
INVDB706454E6,CUST100065719,2026-02-18,2026-03-11,169.97,13.6,183.57,Unpaid
INV69100E2300,CUST100056040,2026-06-16,2026-07-07,296.67,23.73,320.4,Overdue
INV69D363480A,CUST100046739,2025-10-21,2025-11-11,203.43,16.27,219.7,Unpaid
INVC1132D2656,CUST100031887,2026-03-04,2026-03-25,277.03,22.16,299.19,Unpaid
INV184E11D087,CUST100014195,2025-10-15,2025-11-05,20.48,1.64,22.12,Overdue
INV3F34618BDE,CUST100008788,2026-04-15,2026-05-06,301.97,24.16,326.13,Overdue
INV0572260FFE,CUST100032078,2025-09-05,2025-09-26,43.03,3.44,46.47,Overdue
INVE260992CA9,CUST100053381,2025-09-04,2025-09-25,66.72,5.34,72.06,Paid
INV8CE8E8ADDF,CUST100099179,2025-08-17,2025-09-07,198.49,15.88,214.37,Unpaid
INV0C7DF43B8C,CUST100064038,2026-07-06,2026-07-27,178.67,14.29,192.96,Overdue
INVDA1469DDFB,CUST100046656,2026-06-10,2026-07-01,24.94,2.0,26.94,Paid
INV38CD690B78,CUST100016840,2025-10-11,2025-11-01,102.97,8.24,111.21,Unpaid
INVC753AD131A,CUST100009485,2025-12-18,2026-01-08,207.19,16.58,223.77,Paid
INV5A6F9421B1,CUST100082909,2025-08-23,2025-09-13,304.29,24.34,328.63,Unpaid
INVA40DCDD8F5,CUST100080142,2025-12-13,2026-01-03,354.16,28.33,382.49,Paid
INV12BC9ACD45,CUST100002352,2026-01-15,2026-02-05,162.88,13.03,175.91,Paid
INV4E2DED1973,CUST100049626,2025-10-30,2025-11-20,227.56,18.2,245.76,Paid
INVF512F2C61A,CUST100018243,2025-09-03,2025-09-24,154.79,12.38,167.17,Paid
INV60E951666C,CUST100017616,2026-04-06,2026-04-27,70.4,5.63,76.03,Partially Paid
INV40675A30F5,CUST100063168,2026-03-23,2026-04-13,335.85,26.87,362.72,Partially Paid
INVB0E05D9173,CUST100088157,2025-11-17,2025-12-08,128.42,10.27,138.69,Paid
INV9BC6EAA1F0,CUST100031254,2026-07-12,2026-08-02,365.69,29.26,394.95,Paid
INV4BB616DF27,CUST100091646,2026-02-16,2026-03-09,136.98,10.96,147.94,Paid
INV4F1748245B,CUST100038823,2026-06-25,2026-07-16,34.35,2.75,37.1,Overdue
INV1F1F9BFBDF,CUST100042914,2025-10-26,2025-11-16,94.86,7.59,102.45,Paid
INV6DBC8D720B,CUST100068000,2026-07-04,2026-07-25,108.64,8.69,117.33,Unpaid
INV16B9209FF2,CUST100021914,2025-08-07,2025-08-28,262.54,21.0,283.54,Paid
INV53B342B410,CUST100046478,2025-09-16,2025-10-07,207.64,16.61,224.25,Paid
INV98F71543BB,CUST100013471,2026-02-12,2026-03-05,325.62,26.05,351.67,Paid
INVBE71927AAB,CUST100028430,2025-08-17,2025-09-07,245.99,19.68,265.67,Paid
INV5C3477A85B,CUST100080887,2025-10-23,2025-11-13,328.14,26.25,354.39,Paid
INV310B4C2F4B,CUST100076026,2026-01-02,2026-01-23,60.1,4.81,64.91,Paid
INV1596068513,CUST100072860,2025-12-11,2026-01-01,358.31,28.66,386.97,Paid
INVD8420C3D35,CUST100091779,2025-09-10,2025-10-01,36.95,2.96,39.91,Partially Paid
INV28AF7E2BCD,CUST100035765,2026-03-06,2026-03-27,184.24,14.74,198.98,Overdue
INVE0FF42B95C,CUST100055446,2026-03-25,2026-04-15,298.35,23.87,322.22,Paid
INVBFAE61C0DE,CUST100086894,2025-09-23,2025-10-14,357.14,28.57,385.71,Partially Paid
INV8C6B76DF6D,CUST100024745,2026-06-01,2026-06-22,122.71,9.82,132.53,Paid
INV4CCF43FDE5,CUST100080176,2026-04-09,2026-04-30,40.82,3.27,44.09,Paid
INVC41257105F,CUST100078118,2026-04-20,2026-05-11,173.16,13.85,187.01,Partially Paid
INV603341540D,CUST100075905,2025-11-16,2025-12-07,206.34,16.51,222.85,Paid
INVB143738EF9,CUST100082793,2026-05-05,2026-05-26,52.15,4.17,56.32,Paid
INVDF6D60DB28,CUST100018437,2026-07-04,2026-07-25,364.07,29.13,393.2,Paid
INV073A5BD161,CUST100040038,2025-09-26,2025-10-17,97.68,7.81,105.49,Paid
INV8224F63787,CUST100003328,2026-05-30,2026-06-20,394.82,31.59,426.41,Paid
INVB12C8704AC,CUST100000175,2025-11-10,2025-12-01,154.36,12.35,166.71,Unpaid
INV8D8A38CB1A,CUST100016731,2025-12-19,2026-01-09,48.96,3.92,52.88,Paid
INV4B7505927E,CUST100087805,2026-03-22,2026-04-12,199.82,15.99,215.81,Paid
INV04FE424850,CUST100046197,2026-03-17,2026-04-07,253.09,20.25,273.34,Overdue
INVB4434FF85F,CUST100016544,2026-03-11,2026-04-01,166.52,13.32,179.84,Overdue
INV502CD6F618,CUST100048981,2025-11-16,2025-12-07,201.85,16.15,218.0,Partially Paid
INVD93E0FE709,CUST100098741,2026-03-29,2026-04-19,314.74,25.18,339.92,Paid
INV1CF49051F6,CUST100007578,2025-11-09,2025-11-30,278.68,22.29,300.97,Paid
INVB2312A303F,CUST100040967,2026-03-25,2026-04-15,104.3,8.34,112.64,Paid
INV3394B74E4A,CUST100055085,2025-08-22,2025-09-12,354.97,28.4,383.37,Paid
INV598838A4B2,CUST100072796,2026-03-30,2026-04-20,33.2,2.66,35.86,Paid
INV1955CA7F19,CUST100085032,2025-10-06,2025-10-27,261.97,20.96,282.93,Partially Paid
INVD3BCE53FC6,CUST100050036,2025-09-30,2025-10-21,368.18,29.45,397.63,Paid
INV6F971599CB,CUST100032310,2026-06-18,2026-07-09,33.17,2.65,35.82,Unpaid
INV5680FA4046,CUST100078586,2025-08-07,2025-08-28,332.36,26.59,358.95,Paid
INV494DF03180,CUST100045310,2026-05-14,2026-06-04,368.39,29.47,397.86,Paid
INV22311EBD15,CUST100050222,2025-08-10,2025-08-31,217.57,17.41,234.98,Overdue
INVDEBAF9FBDC,CUST100032149,2025-12-22,2026-01-12,341.26,27.3,368.56,Paid
INVD3D36E907A,CUST100046308,2025-09-01,2025-09-22,182.29,14.58,196.87,Paid
INV3DBD51BB83,CUST100007295,2025-08-27,2025-09-17,338.78,27.1,365.88,Paid
INV467A65D6C8,CUST100059312,2025-11-22,2025-12-13,54.48,4.36,58.84,Paid
INV690965ABC8,CUST100057638,2025-11-28,2025-12-19,184.65,14.77,199.42,Paid
INVED319474FF,CUST100060785,2026-06-09,2026-06-30,70.99,5.68,76.67,Unpaid
INV0877099FED,CUST100070048,2026-01-10,2026-01-31,218.33,17.47,235.8,Paid
INVBB5BF47373,CUST100034950,2025-11-01,2025-11-22,334.54,26.76,361.3,Paid
INVB9600782A4,CUST100094574,2026-07-23,2026-08-13,62.38,4.99,67.37,Paid
INVAD00FC7141,CUST100033793,2026-01-11,2026-02-01,208.72,16.7,225.42,Paid
INV74A548D894,CUST100023628,2025-08-04,2025-08-25,109.61,8.77,118.38,Overdue
INVD745C94449,CUST100068179,2025-09-16,2025-10-07,158.88,12.71,171.59,Partially Paid
INV549A0252D6,CUST100089034,2026-03-22,2026-04-12,35.62,2.85,38.47,Overdue
INVB83D2FE83F,CUST100033843,2025-11-19,2025-12-10,366.38,29.31,395.69,Unpaid
INVCD9E9E118C,CUST100060835,2026-02-24,2026-03-17,387.63,31.01,418.64,Paid
INVAFC5075E7D,CUST100019980,2025-12-22,2026-01-12,339.65,27.17,366.82,Unpaid
INV46D119CC53,CUST100059151,2025-12-16,2026-01-06,297.47,23.8,321.27,Paid
INVC063C07370,CUST100068462,2025-08-05,2025-08-26,41.81,3.34,45.15,Overdue
INVEB1B234D77,CUST100038616,2025-10-06,2025-10-27,36.83,2.95,39.78,Paid
INVE0A59C0BB3,CUST100059891,2026-07-01,2026-07-22,387.26,30.98,418.24,Paid
INV24235F9E3F,CUST100008216,2025-10-26,2025-11-16,123.86,9.91,133.77,Paid
INVCB59B54D5B,CUST100090948,2025-10-07,2025-10-28,377.08,30.17,407.25,Paid
INV91EF33361C,CUST100077373,2026-01-11,2026-02-01,188.3,15.06,203.36,Paid
INV281D29B16F,CUST100037924,2025-10-01,2025-10-22,307.05,24.56,331.61,Paid
INV8EE1E0B65A,CUST100050383,2026-04-14,2026-05-05,387.94,31.04,418.98,Paid
INV398AAC7CA4,CUST100006287,2025-12-11,2026-01-01,61.87,4.95,66.82,Partially Paid
INVFD27242FD1,CUST100011546,2026-03-21,2026-04-11,103.95,8.32,112.27,Paid
INV483C999207,CUST100020452,2026-01-19,2026-02-09,239.03,19.12,258.15,Overdue
INV0EB9728607,CUST100057795,2025-12-12,2026-01-02,104.27,8.34,112.61,Paid
INVD3C67B3408,CUST100051274,2026-03-26,2026-04-16,355.77,28.46,384.23,Overdue
INV3F7AADD288,CUST100034811,2026-02-19,2026-03-12,229.47,18.36,247.83,Overdue
INVF77D99FFF9,CUST100089287,2025-12-28,2026-01-18,309.73,24.78,334.51,Paid
INV03C74BD7BC,CUST100026572,2025-10-01,2025-10-22,112.26,8.98,121.24,Paid
INVE3BC044071,CUST100006658,2026-04-07,2026-04-28,313.86,25.11,338.97,Paid
INV3552060F6E,CUST100094253,2025-11-25,2025-12-16,88.15,7.05,95.2,Paid
INVCCA40CC691,CUST100004554,2025-08-05,2025-08-26,70.21,5.62,75.83,Paid
INVE80CF0F543,CUST100048289,2026-06-30,2026-07-21,103.65,8.29,111.94,Unpaid
INV143FCEFC77,CUST100088192,2025-11-06,2025-11-27,244.35,19.55,263.9,Paid
INV4621038281,CUST100049076,2025-09-14,2025-10-05,347.83,27.83,375.66,Paid
INV874C5FB986,CUST100020107,2026-06-19,2026-07-10,261.04,20.88,281.92,Paid
INV35896A5B14,CUST100045842,2025-09-18,2025-10-09,233.59,18.69,252.28,Paid
INVF30079D03A,CUST100076482,2025-11-03,2025-11-24,226.76,18.14,244.9,Paid
INV9363271CF6,CUST100076061,2026-04-03,2026-04-24,168.71,13.5,182.21,Paid
INV970C909071,CUST100054276,2026-05-26,2026-06-16,259.61,20.77,280.38,Paid
INVA15FB3242C,CUST100097297,2026-05-21,2026-06-11,191.92,15.35,207.27,Paid
INV18AAEBDA29,CUST100092403,2025-09-02,2025-09-23,111.21,8.9,120.11,Unpaid
INV32AD6AC26B,CUST100006674,2026-06-02,2026-06-23,75.92,6.07,81.99,Paid
INV274A44F9DD,CUST100083397,2025-12-02,2025-12-23,364.24,29.14,393.38,Unpaid
INV4751CCF078,CUST100063964,2026-02-28,2026-03-21,387.52,31.0,418.52,Paid
INV68E13B3161,CUST100088092,2026-04-06,2026-04-27,149.53,11.96,161.49,Paid
INV41C31F1F32,CUST100048458,2026-06-14,2026-07-05,72.76,5.82,78.58,Paid
INV3E1EF89E0F,CUST100030113,2026-02-24,2026-03-17,227.2,18.18,245.38,Paid
INVFC9897A6B3,CUST100050377,2025-09-29,2025-10-20,383.55,30.68,414.23,Paid
INVA1ECCAE18C,CUST100072253,2026-03-16,2026-04-06,54.74,4.38,59.12,Paid
INV095A6672C9,CUST100093853,2025-12-06,2025-12-27,280.6,22.45,303.05,Paid
INV117E8CA5BC,CUST100080004,2026-04-13,2026-05-04,367.08,29.37,396.45,Paid
INV6F7E21B8CE,CUST100076561,2026-06-06,2026-06-27,89.93,7.19,97.12,Unpaid
INV1D2F806CAB,CUST100044770,2026-04-24,2026-05-15,362.17,28.97,391.14,Paid
INVEE80179714,CUST100005121,2026-01-08,2026-01-29,139.48,11.16,150.64,Paid
INV0B4AF8EF07,CUST100070021,2025-10-28,2025-11-18,173.62,13.89,187.51,Unpaid
INV17A9615BCF,CUST100092438,2025-09-02,2025-09-23,370.9,29.67,400.57,Paid
INV9EAF7A2681,CUST100068226,2026-05-18,2026-06-08,313.45,25.08,338.53,Paid
INVD4039C8437,CUST100057323,2026-02-17,2026-03-10,301.56,24.12,325.68,Paid
INVDA1E2B3EAA,CUST100021683,2025-11-23,2025-12-14,218.93,17.51,236.44,Paid
INVF3E74B530B,CUST100055396,2025-08-20,2025-09-10,112.04,8.96,121.0,Overdue
INVF51CA8DEBB,CUST100056236,2025-09-05,2025-09-26,181.76,14.54,196.3,Paid
INV416641F8F4,CUST100035533,2026-06-19,2026-07-10,288.83,23.11,311.94,Paid
INV94364A67E5,CUST100009426,2026-05-27,2026-06-17,340.78,27.26,368.04,Paid
INVD4D35399A3,CUST100066329,2025-10-05,2025-10-26,261.22,20.9,282.12,Paid
INVAA0FF5AE79,CUST100039838,2026-03-08,2026-03-29,123.64,9.89,133.53,Paid
INVFC56A0FCA3,CUST100068357,2025-10-19,2025-11-09,229.67,18.37,248.04,Paid
INV27F0DE5F36,CUST100000409,2026-06-16,2026-07-07,113.92,9.11,123.03,Paid
INVD5FED990FB,CUST100069911,2025-09-07,2025-09-28,31.08,2.49,33.57,Paid
INV418F1ACEEE,CUST100032203,2025-09-13,2025-10-04,370.4,29.63,400.03,Paid
INVADE53FC8CD,CUST100053187,2026-05-03,2026-05-24,147.96,11.84,159.8,Paid
INV7ACA9DBBA5,CUST100076441,2026-01-19,2026-02-09,339.42,27.15,366.57,Paid
INVE1B04CA966,CUST100004993,2026-02-17,2026-03-10,159.4,12.75,172.15,Unpaid
INVEC487CD066,CUST100089408,2026-02-01,2026-02-22,113.16,9.05,122.21,Paid
INVA805E06B52,CUST100059655,2025-12-27,2026-01-17,316.05,25.28,341.33,Paid
INVCB9DE6CFE7,CUST100097871,2025-09-06,2025-09-27,135.82,10.87,146.69,Paid
INVD858F0CFDA,CUST100046014,2025-12-20,2026-01-10,227.4,18.19,245.59,Paid
INV6349225C82,CUST100005128,2025-11-20,2025-12-11,309.02,24.72,333.74,Unpaid
INV194D77D1A3,CUST100096243,2026-02-12,2026-03-05,57.11,4.57,61.68,Overdue
INVF7C23870BE,CUST100035888,2026-04-06,2026-04-27,182.49,14.6,197.09,Paid
INV01E2DB22F0,CUST100031879,2025-10-11,2025-11-01,301.43,24.11,325.54,Paid
INV371B6619A3,CUST100030349,2026-01-27,2026-02-17,198.52,15.88,214.4,Paid
INV8A2B14ED4D,CUST100042034,2025-11-30,2025-12-21,203.49,16.28,219.77,Overdue
INV8ED31F44FA,CUST100094217,2025-12-11,2026-01-01,115.32,9.23,124.55,Paid
INV3CA52AE267,CUST100037501,2026-02-19,2026-03-12,354.87,28.39,383.26,Paid
INV9BC1F0653D,CUST100043568,2025-08-02,2025-08-23,148.5,11.88,160.38,Paid
INV7F84179F39,CUST100053046,2026-05-16,2026-06-06,157.72,12.62,170.34,Paid
INV12C2B73EF7,CUST100047542,2026-06-01,2026-06-22,98.82,7.91,106.73,Unpaid
INVD10FB8F5DE,CUST100027640,2025-12-10,2025-12-31,299.31,23.94,323.25,Paid
INV912C70FEAF,CUST100075895,2025-09-07,2025-09-28,48.36,3.87,52.23,Paid
INVCB2A14E91A,CUST100011029,2025-09-29,2025-10-20,367.7,29.42,397.12,Paid
INV0074CAF6E3,CUST100094626,2026-05-15,2026-06-05,228.53,18.28,246.81,Paid
INV519A622B3F,CUST100014767,2026-03-23,2026-04-13,285.72,22.86,308.58,Paid
INV12631B0531,CUST100063588,2026-04-12,2026-05-03,25.46,2.04,27.5,Paid
INV16484FDA1B,CUST100040300,2026-07-12,2026-08-02,199.54,15.96,215.5,Paid
INV390B7C9FFA,CUST100034476,2026-03-10,2026-03-31,84.56,6.76,91.32,Paid
INV291BEE6DE0,CUST100084696,2026-03-06,2026-03-27,153.81,12.3,166.11,Partially Paid
INV5C936708C1,CUST100038543,2026-02-12,2026-03-05,358.93,28.71,387.64,Paid
INV44F8A5FAA2,CUST100078270,2025-12-06,2025-12-27,128.66,10.29,138.95,Unpaid
INV06AEBCD236,CUST100051757,2026-05-27,2026-06-17,256.47,20.52,276.99,Partially Paid
INV10AB3BAE15,CUST100081702,2025-12-06,2025-12-27,128.33,10.27,138.6,Partially Paid
INV6BD68B2066,CUST100079772,2026-05-13,2026-06-03,275.33,22.03,297.36,Paid
INV31118FB0BD,CUST100068340,2026-04-05,2026-04-26,381.2,30.5,411.7,Paid
INV2672594D31,CUST100073843,2025-09-15,2025-10-06,204.42,16.35,220.77,Paid
INV02BCFEDEDD,CUST100051168,2026-06-29,2026-07-20,351.39,28.11,379.5,Partially Paid
INVB1ECCBFA5F,CUST100046417,2026-02-26,2026-03-19,261.62,20.93,282.55,Paid
INV9F1428AA2D,CUST100037662,2026-05-11,2026-06-01,128.97,10.32,139.29,Paid
INVB9A3831ED9,CUST100002724,2025-11-13,2025-12-04,333.43,26.67,360.1,Paid
INV3BEF5C2709,CUST100043944,2026-01-16,2026-02-06,137.67,11.01,148.68,Unpaid
INVEB2BB13F9D,CUST100026317,2026-03-15,2026-04-05,368.89,29.51,398.4,Paid
INVC8083D5034,CUST100065605,2026-06-06,2026-06-27,161.75,12.94,174.69,Unpaid
INV3515E60E8F,CUST100093398,2026-06-19,2026-07-10,98.03,7.84,105.87,Partially Paid
INVEDA791E7B2,CUST100053597,2026-01-26,2026-02-16,202.29,16.18,218.47,Partially Paid
INV3186D8C4D2,CUST100060600,2026-05-01,2026-05-22,132.34,10.59,142.93,Overdue
INV542024708E,CUST100019039,2025-12-13,2026-01-03,157.8,12.62,170.42,Paid
INV9004610C2D,CUST100076472,2026-03-10,2026-03-31,237.51,19.0,256.51,Overdue
INVC7D1E59983,CUST100006240,2026-03-17,2026-04-07,185.12,14.81,199.93,Paid
INV529FD411B7,CUST100002302,2025-12-23,2026-01-13,315.63,25.25,340.88,Paid
INVAF2A6564CD,CUST100028658,2026-07-16,2026-08-06,25.71,2.06,27.77,Paid
INVFABAEA963F,CUST100043981,2026-01-29,2026-02-19,161.84,12.95,174.79,Paid
INV886600CC89,CUST100041581,2026-05-07,2026-05-28,178.44,14.28,192.72,Paid
INV56E6619112,CUST100092985,2025-08-11,2025-09-01,208.71,16.7,225.41,Paid
INV1D610BED2F,CUST100054681,2025-10-07,2025-10-28,24.15,1.93,26.08,Unpaid
INV0034B19F25,CUST100089371,2026-04-14,2026-05-05,92.63,7.41,100.04,Paid
INVDED99DF2C5,CUST100030910,2025-09-03,2025-09-24,181.61,14.53,196.14,Paid
INVB52F23B9E3,CUST100018921,2026-03-24,2026-04-14,348.27,27.86,376.13,Paid
INV6F030168D1,CUST100092674,2026-06-29,2026-07-20,363.05,29.04,392.09,Paid
INV3F162A539D,CUST100078127,2025-08-31,2025-09-21,283.5,22.68,306.18,Unpaid
INVF1B79C7C8D,CUST100015897,2026-07-19,2026-08-09,296.57,23.73,320.3,Paid
INV1B3AB5DA76,CUST100005717,2026-02-23,2026-03-16,219.52,17.56,237.08,Paid
INVB954409EAA,CUST100043985,2026-05-02,2026-05-23,305.17,24.41,329.58,Unpaid
INVB446BD7441,CUST100060718,2026-01-01,2026-01-22,310.87,24.87,335.74,Paid
INVD89AD5343E,CUST100065791,2026-05-01,2026-05-22,378.32,30.27,408.59,Paid
INV1836762B7F,CUST100032852,2026-01-20,2026-02-10,221.19,17.7,238.89,Paid
INVC6B917B05D,CUST100088672,2025-09-14,2025-10-05,344.99,27.6,372.59,Unpaid
INVC992F6ECD6,CUST100000316,2026-05-30,2026-06-20,177.01,14.16,191.17,Paid
INV756FF520E2,CUST100046419,2026-05-11,2026-06-01,71.43,5.71,77.14,Paid
INV9813E2393A,CUST100070553,2025-12-13,2026-01-03,269.18,21.53,290.71,Unpaid
INV8017AD0C00,CUST100092868,2025-08-29,2025-09-19,362.97,29.04,392.01,Paid
INVBB21344A91,CUST100071069,2026-05-16,2026-06-06,360.61,28.85,389.46,Paid
INVB34EF07FF2,CUST100012548,2025-11-07,2025-11-28,393.65,31.49,425.14,Paid
INV7395F89EBA,CUST100077409,2025-08-01,2025-08-22,372.63,29.81,402.44,Unpaid
INV6EEAC8C2EA,CUST100030547,2026-07-03,2026-07-24,286.16,22.89,309.05,Overdue
INVE534967D70,CUST100066102,2025-09-26,2025-10-17,395.47,31.64,427.11,Paid
INV4DD3B65C4A,CUST100036377,2025-08-31,2025-09-21,99.03,7.92,106.95,Unpaid
INV69E9F755D7,CUST100026608,2026-05-15,2026-06-05,350.35,28.03,378.38,Paid
INV7E4BD018E6,CUST100012633,2025-08-15,2025-09-05,289.53,23.16,312.69,Paid
INVBC23CD5A0F,CUST100074248,2025-09-09,2025-09-30,35.09,2.81,37.9,Paid
INV02F34BD1D2,CUST100065951,2025-11-30,2025-12-21,281.34,22.51,303.85,Unpaid
INVB30F2038FE,CUST100035725,2026-05-04,2026-05-25,295.81,23.66,319.47,Overdue
INV72728FC5F1,CUST100011695,2025-12-26,2026-01-16,191.36,15.31,206.67,Paid
INVB41499E127,CUST100067272,2026-01-15,2026-02-05,399.16,31.93,431.09,Paid
INV08333C21F2,CUST100063147,2025-11-13,2025-12-04,150.96,12.08,163.04,Paid
INVA92540CBC6,CUST100052437,2026-05-30,2026-06-20,168.72,13.5,182.22,Paid
INV41C92FE5F4,CUST100010536,2026-05-14,2026-06-04,297.61,23.81,321.42,Paid
INVD388D7EF1B,CUST100075208,2026-06-24,2026-07-15,106.12,8.49,114.61,Paid
INV7188B81A2E,CUST100022415,2026-07-21,2026-08-11,173.64,13.89,187.53,Paid
INV5DDA146299,CUST100061557,2026-06-03,2026-06-24,48.57,3.89,52.46,Unpaid
INVCCA8796C5C,CUST100071535,2026-01-27,2026-02-17,338.03,27.04,365.07,Partially Paid
INV3CC2F9EC78,CUST100067384,2025-10-17,2025-11-07,228.85,18.31,247.16,Overdue
INVEA61709552,CUST100016005,2026-06-12,2026-07-03,203.66,16.29,219.95,Paid
INV1E80A839DA,CUST100063403,2025-09-14,2025-10-05,394.92,31.59,426.51,Paid
INVFCBA037E5A,CUST100083348,2025-09-09,2025-09-30,289.93,23.19,313.12,Paid
INV559A1642FA,CUST100006698,2026-07-09,2026-07-30,61.34,4.91,66.25,Paid
INV931F715499,CUST100095079,2026-04-15,2026-05-06,98.41,7.87,106.28,Overdue
INV82F2FE7614,CUST100021760,2026-01-07,2026-01-28,282.78,22.62,305.4,Paid
INV2B369B2971,CUST100028463,2026-07-09,2026-07-30,339.57,27.17,366.74,Overdue
INVAAB28F3618,CUST100034689,2026-02-04,2026-02-25,94.45,7.56,102.01,Unpaid
INV7E47D16DC5,CUST100081869,2026-05-11,2026-06-01,212.54,17.0,229.54,Overdue
INVBB1303FB32,CUST100064122,2026-07-08,2026-07-29,47.23,3.78,51.01,Paid
INV9F30E6F807,CUST100071991,2025-10-17,2025-11-07,43.64,3.49,47.13,Paid
INV1E5767690B,CUST100018087,2026-07-04,2026-07-25,302.67,24.21,326.88,Paid
INV55282A1F30,CUST100052757,2026-01-06,2026-01-27,232.66,18.61,251.27,Paid
INV498C3A8687,CUST100013291,2025-11-30,2025-12-21,55.35,4.43,59.78,Unpaid
INV283550CF62,CUST100065580,2026-03-31,2026-04-21,111.94,8.96,120.9,Paid
INVF037F611AF,CUST100028450,2026-02-26,2026-03-19,124.0,9.92,133.92,Paid
INV7137041154,CUST100014232,2025-09-07,2025-09-28,67.95,5.44,73.39,Overdue
INV6F9D50A70A,CUST100054099,2026-01-22,2026-02-12,88.6,7.09,95.69,Unpaid
INVC235945CCC,CUST100075095,2025-11-21,2025-12-12,211.45,16.92,228.37,Paid
INV4CC0009E64,CUST100089664,2026-04-07,2026-04-28,157.84,12.63,170.47,Paid
INVD31E351725,CUST100070309,2026-05-17,2026-06-07,198.41,15.87,214.28,Paid
INVB5A6428B92,CUST100066375,2025-11-20,2025-12-11,251.25,20.1,271.35,Paid
INV53C198FB5B,CUST100071415,2025-12-25,2026-01-15,24.04,1.92,25.96,Unpaid
INV3D84F0449A,CUST100062418,2026-01-15,2026-02-05,56.97,4.56,61.53,Overdue
INVBEA5AF1190,CUST100027249,2025-08-06,2025-08-27,208.21,16.66,224.87,Partially Paid
INVCE3F8F1E58,CUST100071960,2025-09-16,2025-10-07,285.16,22.81,307.97,Paid
INV9C4E434C0D,CUST100004334,2025-12-13,2026-01-03,193.19,15.46,208.65,Paid
INV44B7418394,CUST100033223,2026-01-16,2026-02-06,90.34,7.23,97.57,Paid
INV50168263FA,CUST100064541,2026-01-04,2026-01-25,131.54,10.52,142.06,Paid
INV278E8D7976,CUST100007838,2025-11-06,2025-11-27,34.4,2.75,37.15,Paid
INV2AD50B0044,CUST100029680,2025-08-31,2025-09-21,178.6,14.29,192.89,Unpaid
INVABB575DC6C,CUST100048720,2026-07-19,2026-08-09,27.33,2.19,29.52,Unpaid
INV84C752539B,CUST100098597,2026-01-06,2026-01-27,152.63,12.21,164.84,Partially Paid
INV0587B41457,CUST100099782,2026-04-27,2026-05-18,333.28,26.66,359.94,Paid
INVFC4E49CD4F,CUST100076633,2026-03-23,2026-04-13,169.81,13.58,183.39,Overdue
INV388E6B93CB,CUST100028893,2025-12-25,2026-01-15,396.42,31.71,428.13,Overdue
INV94E7872452,CUST100005048,2025-12-10,2025-12-31,207.97,16.64,224.61,Paid
INV54C2C2329F,CUST100053727,2026-07-06,2026-07-27,105.36,8.43,113.79,Partially Paid
INVDF9F7183A2,CUST100085250,2025-10-19,2025-11-09,331.27,26.5,357.77,Paid
INV06F5CE8CA6,CUST100057375,2026-03-16,2026-04-06,295.62,23.65,319.27,Unpaid
INV14A1217AEE,CUST100046522,2026-02-09,2026-03-02,306.66,24.53,331.19,Paid
INV16C6A028A6,CUST100077290,2025-10-09,2025-10-30,45.55,3.64,49.19,Paid
INV5E87F7C90A,CUST100002256,2026-07-22,2026-08-12,354.1,28.33,382.43,Paid
INV255AC9273F,CUST100063087,2025-11-11,2025-12-02,89.4,7.15,96.55,Paid
INV08CF144F24,CUST100008578,2025-10-03,2025-10-24,393.26,31.46,424.72,Paid
INVFAC9474610,CUST100094335,2026-04-23,2026-05-14,304.49,24.36,328.85,Paid
INVA5E30125C8,CUST100056446,2025-12-10,2025-12-31,56.01,4.48,60.49,Paid
INV1582C2B4EC,CUST100020207,2026-03-09,2026-03-30,101.74,8.14,109.88,Paid
INVC40FB4DD2E,CUST100041811,2026-03-31,2026-04-21,277.67,22.21,299.88,Paid
INV0D18F1B92A,CUST100010016,2026-03-28,2026-04-18,108.68,8.69,117.37,Unpaid
INV67DE58F1A2,CUST100011136,2026-07-02,2026-07-23,77.4,6.19,83.59,Paid
INV5CC3B1A461,CUST100079620,2025-10-29,2025-11-19,90.8,7.26,98.06,Partially Paid
INVB9F18B7F49,CUST100099559,2025-08-16,2025-09-06,368.39,29.47,397.86,Paid
INV5ACDB7F5E1,CUST100058431,2026-04-15,2026-05-06,137.02,10.96,147.98,Paid
INV5169FFC48B,CUST100068182,2025-10-24,2025-11-14,278.89,22.31,301.2,Overdue
INVE0820B8E18,CUST100019557,2025-12-23,2026-01-13,210.84,16.87,227.71,Paid
INV612DAF1B06,CUST100018295,2026-04-17,2026-05-08,139.5,11.16,150.66,Partially Paid
INV377728AB25,CUST100029203,2026-02-23,2026-03-16,361.11,28.89,390.0,Paid
INV26C6F0B808,CUST100096618,2026-03-09,2026-03-30,47.29,3.78,51.07,Unpaid
INV3E2606CB1B,CUST100003203,2025-12-21,2026-01-11,365.21,29.22,394.43,Paid
INV9A421DA286,CUST100094777,2026-07-13,2026-08-03,340.34,27.23,367.57,Paid
INVB3D3925B34,CUST100081079,2026-02-01,2026-02-22,256.83,20.55,277.38,Paid
INVEE5969662D,CUST100069738,2025-12-03,2025-12-24,26.64,2.13,28.77,Unpaid
INV71B7FF300C,CUST100091317,2025-10-18,2025-11-08,229.81,18.38,248.19,Paid
INVCEECC1E327,CUST100036529,2025-10-11,2025-11-01,323.65,25.89,349.54,Paid
INV4709217F5B,CUST100038079,2026-04-02,2026-04-23,20.35,1.63,21.98,Unpaid
INV38BD3417E4,CUST100010410,2026-01-02,2026-01-23,337.26,26.98,364.24,Overdue
INVF20012EA75,CUST100077568,2025-11-24,2025-12-15,313.04,25.04,338.08,Unpaid
INVB5AE28769C,CUST100016795,2026-02-20,2026-03-13,102.48,8.2,110.68,Paid
INVA324D4E9E8,CUST100053509,2026-03-15,2026-04-05,89.76,7.18,96.94,Paid
INV4330C9B699,CUST100081864,2025-08-17,2025-09-07,136.24,10.9,147.14,Overdue
INV0E49E8A99B,CUST100081506,2025-11-24,2025-12-15,39.28,3.14,42.42,Paid
INVC607E98543,CUST100046317,2025-08-12,2025-09-02,387.31,30.98,418.29,Partially Paid
INV5C05B33BC6,CUST100031441,2026-02-05,2026-02-26,368.06,29.44,397.5,Paid
INVB2EAF0F66B,CUST100032509,2026-06-19,2026-07-10,192.26,15.38,207.64,Paid
INV270678CC92,CUST100032703,2026-05-22,2026-06-12,396.76,31.74,428.5,Paid
INV714BCCD2C5,CUST100017113,2025-10-17,2025-11-07,264.36,21.15,285.51,Paid
INV377C8BD7B0,CUST100031403,2026-06-22,2026-07-13,198.17,15.85,214.02,Paid
INV357A6E6D02,CUST100047236,2025-09-09,2025-09-30,214.03,17.12,231.15,Paid
INV38C03DE666,CUST100067189,2026-03-02,2026-03-23,353.53,28.28,381.81,Paid
INVE6F1737D37,CUST100081915,2026-01-27,2026-02-17,171.44,13.72,185.16,Overdue
INV64BEAA88A9,CUST100085205,2026-07-14,2026-08-04,73.34,5.87,79.21,Paid
INVF873C2AFF7,CUST100055961,2026-04-10,2026-05-01,250.37,20.03,270.4,Paid
INV0662B4E6AB,CUST100033450,2026-01-01,2026-01-22,348.27,27.86,376.13,Paid
INV7933B814BB,CUST100057376,2025-12-12,2026-01-02,134.91,10.79,145.7,Partially Paid
INV09F97F224A,CUST100043605,2026-06-18,2026-07-09,48.08,3.85,51.93,Partially Paid
INVABA6DB2BAC,CUST100038745,2025-12-18,2026-01-08,322.4,25.79,348.19,Overdue
INVA29947C1C5,CUST100076419,2025-09-29,2025-10-20,187.02,14.96,201.98,Paid
INV7E9FF43504,CUST100003655,2026-03-25,2026-04-15,23.03,1.84,24.87,Paid
INV0FE8B18806,CUST100054155,2026-04-01,2026-04-22,124.01,9.92,133.93,Paid
INVF9CFFBDA6C,CUST100072246,2025-08-08,2025-08-29,378.35,30.27,408.62,Unpaid
INV2DC28B1DE3,CUST100012761,2025-12-12,2026-01-02,94.66,7.57,102.23,Overdue
INV532C15E64F,CUST100018129,2025-08-06,2025-08-27,77.23,6.18,83.41,Partially Paid
INVAA95FFFF65,CUST100058240,2026-07-12,2026-08-02,372.77,29.82,402.59,Partially Paid
INVB446927AD0,CUST100008061,2025-10-01,2025-10-22,77.41,6.19,83.6,Paid
INV27339DDEC9,CUST100089047,2025-11-27,2025-12-18,37.73,3.02,40.75,Paid
INV8E8CDF1B95,CUST100031275,2026-03-21,2026-04-11,114.04,9.12,123.16,Overdue
INV00181FC2A7,CUST100062474,2026-03-25,2026-04-15,319.82,25.59,345.41,Overdue
INVDA2A40A08D,CUST100079029,2025-12-18,2026-01-08,78.68,6.29,84.97,Overdue
INV43F1F6D063,CUST100082508,2025-12-20,2026-01-10,307.27,24.58,331.85,Partially Paid
INVC9AD6C5FC5,CUST100019670,2026-01-01,2026-01-22,274.51,21.96,296.47,Paid
INV6250E85E25,CUST100030734,2026-07-18,2026-08-08,362.74,29.02,391.76,Paid
INVB3B1D52354,CUST100049455,2025-12-25,2026-01-15,333.41,26.67,360.08,Paid
INV994AB9E009,CUST100010202,2026-04-21,2026-05-12,99.89,7.99,107.88,Paid
INV3BE40889C5,CUST100060448,2025-12-11,2026-01-01,74.52,5.96,80.48,Unpaid
INV0AA8613897,CUST100081277,2025-12-25,2026-01-15,376.66,30.13,406.79,Paid
INVF63082DC6A,CUST100017224,2025-11-18,2025-12-09,311.71,24.94,336.65,Unpaid
INV52577597D1,CUST100042309,2026-06-24,2026-07-15,305.74,24.46,330.2,Paid
INV6191D6723F,CUST100093731,2025-12-08,2025-12-29,343.89,27.51,371.4,Paid
INVA5219576A2,CUST100033641,2026-01-23,2026-02-13,212.81,17.02,229.83,Paid
INV402E0E0F36,CUST100017330,2025-10-29,2025-11-19,353.41,28.27,381.68,Paid
INVC31A49C203,CUST100018039,2026-01-01,2026-01-22,176.95,14.16,191.11,Overdue
INV05C0D5FA7C,CUST100056955,2026-03-21,2026-04-11,92.38,7.39,99.77,Paid
INVC8DD115F64,CUST100076431,2026-03-19,2026-04-09,381.46,30.52,411.98,Paid
INV67B51E0B72,CUST100086733,2026-01-20,2026-02-10,106.71,8.54,115.25,Partially Paid
INV0EC298C52B,CUST100057742,2025-09-28,2025-10-19,50.08,4.01,54.09,Paid
INVCAE2E41D23,CUST100081046,2026-06-02,2026-06-23,317.61,25.41,343.02,Paid
INV702E259FD5,CUST100023302,2026-07-16,2026-08-06,250.04,20.0,270.04,Unpaid
INV93B880D634,CUST100089518,2026-05-19,2026-06-09,119.94,9.6,129.54,Paid
INV151B6B3D8B,CUST100097761,2026-01-25,2026-02-15,129.58,10.37,139.95,Paid
INV12873546BF,CUST100088242,2026-07-11,2026-08-01,233.55,18.68,252.23,Paid
INVEDC43A8C71,CUST100059102,2025-11-04,2025-11-25,109.33,8.75,118.08,Unpaid
INV3C0493A3B8,CUST100074682,2026-01-19,2026-02-09,109.59,8.77,118.36,Unpaid
INV2B78889D2E,CUST100027536,2025-10-05,2025-10-26,95.07,7.61,102.68,Paid
INVF01CE80E13,CUST100033763,2026-04-30,2026-05-21,232.28,18.58,250.86,Overdue
INV1D8AECE231,CUST100039189,2026-06-26,2026-07-17,348.99,27.92,376.91,Overdue
INV63ED773C24,CUST100048687,2025-11-26,2025-12-17,293.35,23.47,316.82,Overdue
INV633E8EF62F,CUST100068508,2025-08-03,2025-08-24,150.32,12.03,162.35,Paid
INV5A55DBADA8,CUST100051735,2025-09-02,2025-09-23,332.35,26.59,358.94,Paid
INV27874C854C,CUST100099209,2025-11-04,2025-11-25,111.56,8.92,120.48,Unpaid
INVBC2522D2A0,CUST100033288,2025-09-15,2025-10-06,51.99,4.16,56.15,Paid
INVED3ADA2317,CUST100068078,2026-07-13,2026-08-03,210.68,16.85,227.53,Unpaid
INV27762A6FEC,CUST100099137,2025-11-04,2025-11-25,303.3,24.26,327.56,Partially Paid
INV72453F39C8,CUST100052116,2025-09-17,2025-10-08,296.31,23.7,320.01,Paid
INVD0EBCC07A6,CUST100034583,2026-01-31,2026-02-21,299.35,23.95,323.3,Paid
INV54F23B8C7B,CUST100085824,2026-03-26,2026-04-16,295.04,23.6,318.64,Paid
INVA7BEC30D42,CUST100079610,2026-07-18,2026-08-08,389.41,31.15,420.56,Paid
INV195F01CC9C,CUST100086187,2026-07-06,2026-07-27,119.47,9.56,129.03,Overdue
INV4895D129EF,CUST100013617,2025-09-11,2025-10-02,177.22,14.18,191.4,Paid
INV0613BD5C7A,CUST100049894,2025-11-20,2025-12-11,217.17,17.37,234.54,Paid
INVEFC4D56CFD,CUST100099737,2026-02-08,2026-03-01,54.96,4.4,59.36,Overdue
INV6821D190B8,CUST100056853,2025-12-17,2026-01-07,382.46,30.6,413.06,Unpaid
INVC83A298049,CUST100096678,2026-07-13,2026-08-03,34.8,2.78,37.58,Paid
INV8149667F6B,CUST100034182,2026-07-11,2026-08-01,314.37,25.15,339.52,Paid
INV7E6D7E119F,CUST100002397,2026-02-11,2026-03-04,291.83,23.35,315.18,Overdue
INVBE29F2539F,CUST100006270,2026-02-26,2026-03-19,337.92,27.03,364.95,Paid
INV1CE60C63E4,CUST100061725,2026-02-24,2026-03-17,228.99,18.32,247.31,Unpaid
INV57650A3DFA,CUST100005550,2026-04-19,2026-05-10,325.57,26.05,351.62,Paid
INVC72076B19E,CUST100058775,2025-08-12,2025-09-02,276.77,22.14,298.91,Partially Paid
INVBDF34F5CA0,CUST100075488,2025-12-03,2025-12-24,127.39,10.19,137.58,Paid
INVBE1B6E1906,CUST100003820,2026-01-14,2026-02-04,192.11,15.37,207.48,Paid
INV815D6D2A09,CUST100018232,2025-09-03,2025-09-24,261.27,20.9,282.17,Unpaid
INVD6C7F35FD4,CUST100090554,2026-07-11,2026-08-01,190.8,15.26,206.06,Paid
INVA2DB049F55,CUST100044333,2025-08-24,2025-09-14,179.71,14.38,194.09,Unpaid
INV8C9ED05F59,CUST100044045,2026-02-12,2026-03-05,248.24,19.86,268.1,Paid
INV1AABA5B3A3,CUST100058029,2025-08-03,2025-08-24,131.43,10.51,141.94,Paid
INV6133709F2C,CUST100063594,2026-06-20,2026-07-11,38.91,3.11,42.02,Paid
INVA04E37BF6D,CUST100033014,2025-12-09,2025-12-30,256.26,20.5,276.76,Paid
INV110E60A5A3,CUST100027332,2026-04-18,2026-05-09,107.71,8.62,116.33,Paid
INVEDDC28EFC6,CUST100011310,2026-05-06,2026-05-27,192.76,15.42,208.18,Partially Paid
INVFA9B56900C,CUST100062276,2026-04-16,2026-05-07,107.08,8.57,115.65,Unpaid
INVD9899FC10D,CUST100008157,2025-10-27,2025-11-17,301.78,24.14,325.92,Unpaid
INV300B87E0D8,CUST100069192,2025-08-17,2025-09-07,321.01,25.68,346.69,Paid
INVA87E3D8405,CUST100097414,2026-01-09,2026-01-30,197.75,15.82,213.57,Paid
INV5F7FE80B25,CUST100051124,2025-10-05,2025-10-26,300.75,24.06,324.81,Paid
INV2C23735CDF,CUST100028692,2026-05-20,2026-06-10,62.18,4.97,67.15,Paid
INV4D6FF54F3A,CUST100051297,2025-08-26,2025-09-16,45.48,3.64,49.12,Unpaid
INV2D508F7A83,CUST100022200,2025-11-27,2025-12-18,385.08,30.81,415.89,Partially Paid
INVD31D70761F,CUST100024737,2025-09-25,2025-10-16,197.2,15.78,212.98,Unpaid
INV85B26CEE26,CUST100070236,2025-11-15,2025-12-06,194.13,15.53,209.66,Paid
INVF7974B4825,CUST100015060,2025-10-27,2025-11-17,276.41,22.11,298.52,Paid
INV7FCDC0481C,CUST100086515,2026-03-02,2026-03-23,168.22,13.46,181.68,Paid
INVD0B5B34AC8,CUST100066771,2026-05-20,2026-06-10,289.35,23.15,312.5,Unpaid
INV0393BD5753,CUST100003973,2025-10-01,2025-10-22,366.66,29.33,395.99,Paid
INV21FB0C9CD9,CUST100096340,2025-09-13,2025-10-04,54.27,4.34,58.61,Paid
INVE191A0599B,CUST100065913,2026-04-11,2026-05-02,353.35,28.27,381.62,Paid
INV8B2F09AA18,CUST100029452,2026-04-09,2026-04-30,37.39,2.99,40.38,Overdue
INV7C2C49632D,CUST100009392,2026-07-10,2026-07-31,282.51,22.6,305.11,Paid
INV64C332B51B,CUST100067246,2026-06-22,2026-07-13,33.52,2.68,36.2,Unpaid
INV5A7BCDF885,CUST100076907,2025-09-01,2025-09-22,356.66,28.53,385.19,Paid
INVF598E34BED,CUST100027542,2026-05-13,2026-06-03,113.65,9.09,122.74,Paid
INV2C3E32E4E4,CUST100005159,2026-04-04,2026-04-25,377.94,30.24,408.18,Paid
INV92A34C6883,CUST100037427,2026-02-21,2026-03-14,258.1,20.65,278.75,Overdue
INVC65A726C4C,CUST100055743,2026-03-23,2026-04-13,44.34,3.55,47.89,Paid
INV2FF3853E5B,CUST100071311,2025-11-23,2025-12-14,105.92,8.47,114.39,Paid
INV0CF11B8F5E,CUST100052863,2025-11-24,2025-12-15,156.94,12.56,169.5,Unpaid
INVC3C193ADE5,CUST100063881,2025-12-20,2026-01-10,333.5,26.68,360.18,Paid
INVAAB81A6212,CUST100010297,2026-01-08,2026-01-29,281.46,22.52,303.98,Paid
INV27C2D7D81D,CUST100093550,2025-12-07,2025-12-28,81.84,6.55,88.39,Paid
INV2A5B21FC34,CUST100019287,2025-11-24,2025-12-15,373.14,29.85,402.99,Overdue
INVFE4AA467C2,CUST100056295,2025-10-22,2025-11-12,251.04,20.08,271.12,Paid
INV28D75C5FCD,CUST100084831,2025-11-04,2025-11-25,116.81,9.34,126.15,Paid
INVB24431369D,CUST100053397,2026-02-15,2026-03-08,140.74,11.26,152.0,Paid
INV8FE14D9C1A,CUST100007741,2026-03-20,2026-04-10,372.78,29.82,402.6,Paid
INV05531D5254,CUST100057589,2025-11-18,2025-12-09,363.14,29.05,392.19,Paid
INVA94D968438,CUST100093739,2026-06-11,2026-07-02,283.87,22.71,306.58,Overdue
INV5CEFC3CD07,CUST100019376,2026-03-25,2026-04-15,52.46,4.2,56.66,Overdue
INVECAD80F7DC,CUST100050097,2026-06-12,2026-07-03,328.65,26.29,354.94,Paid
INVF9860F5740,CUST100066119,2025-12-29,2026-01-19,57.36,4.59,61.95,Unpaid
INV0F9CB39324,CUST100020692,2026-06-20,2026-07-11,283.78,22.7,306.48,Paid
INVF9E1C5A3DB,CUST100024232,2025-10-15,2025-11-05,286.54,22.92,309.46,Paid
INV9F35146AE1,CUST100006694,2025-11-13,2025-12-04,168.86,13.51,182.37,Paid
INV24E2BC1A77,CUST100073486,2025-11-14,2025-12-05,197.99,15.84,213.83,Paid
INVDB323E9765,CUST100043164,2026-04-26,2026-05-17,202.1,16.17,218.27,Overdue
INV4092B014B8,CUST100002915,2026-01-26,2026-02-16,179.15,14.33,193.48,Paid
INV379E9DFCD9,CUST100077390,2026-04-17,2026-05-08,77.32,6.19,83.51,Partially Paid
INVA8648E198F,CUST100016466,2026-07-22,2026-08-12,373.27,29.86,403.13,Unpaid
INV30D588A007,CUST100075115,2026-04-22,2026-05-13,166.88,13.35,180.23,Paid
INV05522DDFC6,CUST100028879,2026-05-30,2026-06-20,367.67,29.41,397.08,Paid
INV57812BE0E0,CUST100006221,2025-11-12,2025-12-03,96.16,7.69,103.85,Paid
INV9B2B7B68A7,CUST100093366,2026-01-09,2026-01-30,106.41,8.51,114.92,Paid
INV1607A46426,CUST100030316,2026-03-14,2026-04-04,326.03,26.08,352.11,Unpaid
INV7648B6EA7D,CUST100051370,2026-05-31,2026-06-21,231.3,18.5,249.8,Paid
INV326E3EE331,CUST100010071,2026-07-09,2026-07-30,91.89,7.35,99.24,Overdue
INV61DC7104A2,CUST100020995,2025-10-25,2025-11-15,394.46,31.56,426.02,Paid
INV275BE28EAA,CUST100092766,2025-09-11,2025-10-02,385.25,30.82,416.07,Paid
INV0FA4BB2E70,CUST100011327,2026-05-13,2026-06-03,285.26,22.82,308.08,Paid
INVDF2AA05F2D,CUST100062638,2025-08-12,2025-09-02,106.74,8.54,115.28,Paid
INVCFCD392586,CUST100081073,2025-08-28,2025-09-18,283.39,22.67,306.06,Overdue
INV8CE67D2794,CUST100018338,2025-10-06,2025-10-27,157.93,12.63,170.56,Paid
INV8C84C5E660,CUST100036275,2026-02-02,2026-02-23,382.02,30.56,412.58,Overdue
INV335AC583C2,CUST100086530,2025-11-09,2025-11-30,285.15,22.81,307.96,Paid
INV628B29A53A,CUST100027012,2025-10-24,2025-11-14,304.84,24.39,329.23,Paid
INVF528AE5BDA,CUST100084593,2026-03-29,2026-04-19,149.62,11.97,161.59,Paid
INVE762CF2C9E,CUST100005428,2026-02-18,2026-03-11,333.6,26.69,360.29,Paid
INVF8D71BF1FC,CUST100015886,2026-07-16,2026-08-06,351.38,28.11,379.49,Paid
INV3397EF46A9,CUST100042307,2026-03-26,2026-04-16,379.59,30.37,409.96,Partially Paid
INV6C33EAD4BC,CUST100028724,2025-10-31,2025-11-21,57.24,4.58,61.82,Paid
INV0F3C841847,CUST100003349,2025-08-13,2025-09-03,335.25,26.82,362.07,Overdue
INV4190FE1FC6,CUST100054517,2025-08-03,2025-08-24,218.53,17.48,236.01,Partially Paid
INV142E121A19,CUST100081112,2025-12-16,2026-01-06,98.3,7.86,106.16,Paid
INVE33CB2287E,CUST100053703,2025-12-31,2026-01-21,246.01,19.68,265.69,Paid
INVFE6198FDE4,CUST100067670,2026-06-24,2026-07-15,72.98,5.84,78.82,Paid
INV48C22787F6,CUST100079384,2025-10-02,2025-10-23,96.5,7.72,104.22,Paid
INV2128A8AE43,CUST100048277,2026-01-03,2026-01-24,322.98,25.84,348.82,Partially Paid
INV4FA201A33F,CUST100083696,2026-03-24,2026-04-14,219.96,17.6,237.56,Paid
INV5ABDE21F5E,CUST100088635,2026-06-17,2026-07-08,313.42,25.07,338.49,Unpaid
INV52C80B3163,CUST100049884,2026-05-15,2026-06-05,48.11,3.85,51.96,Paid
INV404C71134B,CUST100099404,2026-01-15,2026-02-05,42.99,3.44,46.43,Paid
INV02F66E94D7,CUST100098831,2025-09-18,2025-10-09,284.32,22.75,307.07,Paid
INV997B6E40D5,CUST100056775,2025-10-03,2025-10-24,398.52,31.88,430.4,Paid
INV21679F19DA,CUST100076174,2025-11-02,2025-11-23,341.27,27.3,368.57,Paid
INVFAD572A77D,CUST100032323,2026-06-07,2026-06-28,298.25,23.86,322.11,Paid
INVCFA5104787,CUST100037247,2026-01-12,2026-02-02,354.14,28.33,382.47,Paid
INVB3134F1E1B,CUST100080168,2026-06-09,2026-06-30,245.81,19.66,265.47,Partially Paid
INVA186891C2B,CUST100038245,2026-07-16,2026-08-06,180.93,14.47,195.4,Unpaid
INV86D13F58CC,CUST100046679,2026-03-09,2026-03-30,357.63,28.61,386.24,Paid
INV39D7B08467,CUST100003347,2025-08-04,2025-08-25,191.04,15.28,206.32,Unpaid
INVA635447F56,CUST100014779,2026-01-24,2026-02-14,206.5,16.52,223.02,Paid
INV05B7230D4F,CUST100037614,2026-06-13,2026-07-04,32.88,2.63,35.51,Paid
INV78FB6780AA,CUST100060823,2026-02-26,2026-03-19,40.11,3.21,43.32,Paid
INV060AC62DEF,CUST100003075,2026-01-31,2026-02-21,242.77,19.42,262.19,Paid
INV5DCF2F5CA6,CUST100084071,2025-08-26,2025-09-16,66.82,5.35,72.17,Partially Paid
INVD150F953C8,CUST100042504,2025-10-22,2025-11-12,105.88,8.47,114.35,Paid
INV0827345C91,CUST100042830,2025-09-29,2025-10-20,107.73,8.62,116.35,Paid
INVD852CB8415,CUST100057929,2026-05-05,2026-05-26,328.73,26.3,355.03,Paid
INV8B64B42CC4,CUST100035206,2025-09-16,2025-10-07,222.74,17.82,240.56,Paid
INV7458564D95,CUST100025120,2026-07-02,2026-07-23,41.81,3.34,45.15,Paid
INV694EAE2F9A,CUST100083191,2026-05-02,2026-05-23,349.43,27.95,377.38,Unpaid
INV6C61938465,CUST100076103,2025-11-12,2025-12-03,192.62,15.41,208.03,Unpaid
INV65CC65BCD8,CUST100047987,2025-09-20,2025-10-11,301.26,24.1,325.36,Overdue
INV9941E339E3,CUST100002440,2026-04-05,2026-04-26,336.09,26.89,362.98,Paid
INV5A4733E31E,CUST100052942,2026-03-10,2026-03-31,334.86,26.79,361.65,Overdue
INVC4DD9213BB,CUST100025668,2026-03-15,2026-04-05,378.03,30.24,408.27,Paid
INV5E1A9C9BEC,CUST100015264,2025-08-01,2025-08-22,55.22,4.42,59.64,Paid
INVD7AB1F86E5,CUST100083033,2026-03-07,2026-03-28,202.5,16.2,218.7,Unpaid
INV7A674C6754,CUST100089743,2025-08-16,2025-09-06,290.98,23.28,314.26,Paid
INV62CF5E7A81,CUST100009225,2026-02-10,2026-03-03,385.36,30.83,416.19,Overdue
INV6B040C9ED3,CUST100076156,2025-10-23,2025-11-13,47.26,3.78,51.04,Paid
INVBF01534614,CUST100000310,2025-10-28,2025-11-18,262.13,20.97,283.1,Partially Paid
INVC6748C547B,CUST100098645,2025-09-29,2025-10-20,114.13,9.13,123.26,Overdue
INV66920353FA,CUST100075113,2025-11-25,2025-12-16,346.96,27.76,374.72,Paid
INVEC58DC9D99,CUST100049063,2026-01-12,2026-02-02,277.52,22.2,299.72,Paid
INV85A9803343,CUST100034322,2025-09-12,2025-10-03,344.38,27.55,371.93,Paid
INV7A95D207B8,CUST100006497,2025-11-09,2025-11-30,45.47,3.64,49.11,Paid
INVDB1E1868F4,CUST100009435,2026-03-13,2026-04-03,32.92,2.63,35.55,Paid
INV2C4D737C57,CUST100051381,2026-02-23,2026-03-16,370.06,29.6,399.66,Paid
INV24430F9E65,CUST100054026,2026-06-20,2026-07-11,169.82,13.59,183.41,Paid
INVB4CA933AA3,CUST100015617,2026-04-14,2026-05-05,166.76,13.34,180.1,Paid
INVCABEC0762E,CUST100006764,2025-08-03,2025-08-24,261.59,20.93,282.52,Partially Paid
INV129CA7199F,CUST100059272,2026-02-04,2026-02-25,275.26,22.02,297.28,Unpaid
INV6709E9AC8A,CUST100082530,2025-09-13,2025-10-04,112.13,8.97,121.1,Unpaid
INV2EFC425081,CUST100074394,2026-03-05,2026-03-26,248.85,19.91,268.76,Paid
INV92C2EC566B,CUST100064610,2026-02-12,2026-03-05,178.26,14.26,192.52,Overdue
INVF5AFC83491,CUST100013304,2026-01-08,2026-01-29,81.97,6.56,88.53,Paid
INV31EAD71DF7,CUST100094440,2025-11-14,2025-12-05,270.84,21.67,292.51,Partially Paid
INVDE0B5509CB,CUST100084966,2026-01-16,2026-02-06,289.16,23.13,312.29,Unpaid
INV28F89CE20D,CUST100004232,2025-08-02,2025-08-23,289.44,23.16,312.6,Partially Paid
INV5CFB695CD1,CUST100017742,2026-01-30,2026-02-20,289.67,23.17,312.84,Paid
INVB9681D2FF1,CUST100000272,2026-02-03,2026-02-24,341.65,27.33,368.98,Paid
INVC9658B70EA,CUST100081370,2026-07-18,2026-08-08,149.04,11.92,160.96,Overdue
INV60A31A3477,CUST100085925,2025-10-22,2025-11-12,295.12,23.61,318.73,Unpaid
INVEE3383C66B,CUST100008494,2026-04-09,2026-04-30,190.29,15.22,205.51,Paid
INVBDB180ECCF,CUST100093284,2025-08-08,2025-08-29,347.38,27.79,375.17,Paid
INV5F027230FA,CUST100049233,2026-03-15,2026-04-05,112.42,8.99,121.41,Paid
INV881C088893,CUST100076626,2026-03-26,2026-04-16,386.89,30.95,417.84,Overdue
INVA50EFC9014,CUST100060053,2025-10-12,2025-11-02,271.14,21.69,292.83,Paid
INVB8253D62AD,CUST100044388,2026-05-21,2026-06-11,361.99,28.96,390.95,Paid
INV00870D49C3,CUST100035268,2026-05-06,2026-05-27,188.46,15.08,203.54,Paid
INVC3F4A1227B,CUST100025665,2025-11-21,2025-12-12,66.96,5.36,72.32,Paid
INVD293C58DC3,CUST100011094,2025-11-02,2025-11-23,210.9,16.87,227.77,Partially Paid
INV930113286F,CUST100087092,2025-10-20,2025-11-10,308.42,24.67,333.09,Partially Paid
INV73A55EB54B,CUST100007480,2026-01-31,2026-02-21,273.91,21.91,295.82,Overdue
INV588F996CE3,CUST100058018,2026-06-28,2026-07-19,95.37,7.63,103.0,Paid
INV1DE5A62B7B,CUST100050391,2026-05-24,2026-06-14,132.12,10.57,142.69,Paid
INVC1A81F99B7,CUST100050836,2025-08-19,2025-09-09,193.65,15.49,209.14,Paid
INV99CBE29AE3,CUST100071595,2026-05-02,2026-05-23,346.49,27.72,374.21,Paid
INVFDBC40AA05,CUST100039616,2026-01-30,2026-02-20,174.61,13.97,188.58,Partially Paid
INV1CA47DE97C,CUST100011538,2025-12-31,2026-01-21,398.24,31.86,430.1,Paid
INV29A0799586,CUST100053082,2026-05-31,2026-06-21,124.16,9.93,134.09,Paid
INV6C5530E483,CUST100009043,2026-05-25,2026-06-15,174.99,14.0,188.99,Partially Paid
INV55674FE5C9,CUST100070556,2026-03-05,2026-03-26,44.3,3.54,47.84,Partially Paid
INV6EF1ADAB46,CUST100008424,2026-02-21,2026-03-14,188.81,15.1,203.91,Unpaid
INV958F28DBF0,CUST100046344,2026-04-13,2026-05-04,332.44,26.6,359.04,Paid
INV8A71837E94,CUST100064567,2025-12-16,2026-01-06,257.45,20.6,278.05,Paid
INVBD008F63EF,CUST100071831,2025-12-04,2025-12-25,128.91,10.31,139.22,Paid
INVEB709ADD1F,CUST100004628,2025-10-01,2025-10-22,174.15,13.93,188.08,Paid
INVC9776CAF45,CUST100079057,2026-05-16,2026-06-06,136.78,10.94,147.72,Paid
INV091CEC62D7,CUST100005113,2025-10-05,2025-10-26,155.52,12.44,167.96,Paid
INVE0BFFA57DA,CUST100013689,2026-03-31,2026-04-21,346.07,27.69,373.76,Paid
INV3D000366F5,CUST100018900,2026-02-05,2026-02-26,109.52,8.76,118.28,Partially Paid
INV0B7816DC93,CUST100072395,2026-07-05,2026-07-26,147.31,11.78,159.09,Paid
INVC011B0C463,CUST100093605,2026-07-08,2026-07-29,132.25,10.58,142.83,Unpaid
INVF08A51D8A0,CUST100068128,2025-09-05,2025-09-26,89.11,7.13,96.24,Paid
INVABCF6CE0BF,CUST100094960,2025-12-04,2025-12-25,38.14,3.05,41.19,Partially Paid
INVE664E300C3,CUST100018526,2026-04-08,2026-04-29,78.2,6.26,84.46,Overdue
INV9237D70449,CUST100018756,2025-11-28,2025-12-19,31.45,2.52,33.97,Paid
INV2BDA49811F,CUST100075356,2026-05-04,2026-05-25,337.39,26.99,364.38,Overdue
INVC18D748324,CUST100055302,2025-12-29,2026-01-19,392.14,31.37,423.51,Paid
INV9BA3FF1B58,CUST100080428,2026-03-03,2026-03-24,206.74,16.54,223.28,Unpaid
INV876AAD455B,CUST100071901,2025-10-07,2025-10-28,252.59,20.21,272.8,Paid
INVD23878774D,CUST100098819,2026-01-31,2026-02-21,334.49,26.76,361.25,Unpaid
INV6FD2EDCC90,CUST100029275,2026-06-21,2026-07-12,322.62,25.81,348.43,Unpaid
INVD4615FEEDC,CUST100036616,2025-12-22,2026-01-12,188.65,15.09,203.74,Partially Paid
INVB6AF6852D6,CUST100053090,2026-03-08,2026-03-29,128.15,10.25,138.4,Paid
INV7F25CF88E5,CUST100070328,2026-04-20,2026-05-11,327.01,26.16,353.17,Paid
INV8F9935A401,CUST100019061,2026-05-29,2026-06-19,101.07,8.09,109.16,Unpaid
INV8B5EE658C2,CUST100058854,2025-08-16,2025-09-06,90.89,7.27,98.16,Overdue
INV67524820AF,CUST100094448,2025-11-18,2025-12-09,335.6,26.85,362.45,Paid
INV8416E2F9F5,CUST100035799,2025-08-07,2025-08-28,370.83,29.67,400.5,Overdue
INV0C74619854,CUST100001978,2026-07-19,2026-08-09,374.81,29.98,404.79,Paid
INV34490CA72F,CUST100027046,2025-08-19,2025-09-09,120.59,9.65,130.24,Paid
INV1C545A6FEE,CUST100007328,2025-08-06,2025-08-27,368.21,29.46,397.67,Paid
INV54D367C434,CUST100070701,2026-05-02,2026-05-23,219.93,17.59,237.52,Paid
INV0486A41CCA,CUST100046044,2026-06-19,2026-07-10,152.79,12.22,165.01,Paid
INV2F0D7FCE75,CUST100040976,2025-12-08,2025-12-29,173.15,13.85,187.0,Paid
INVECFB751515,CUST100021255,2026-01-04,2026-01-25,116.54,9.32,125.86,Paid
INV9B5E53BA2A,CUST100010602,2026-06-18,2026-07-09,161.01,12.88,173.89,Paid
INVE0C6FF5B64,CUST100092214,2026-04-26,2026-05-17,386.28,30.9,417.18,Paid
INV9FAF5B7730,CUST100012440,2026-04-18,2026-05-09,66.71,5.34,72.05,Overdue
INVDF52E7BF49,CUST100030999,2026-05-31,2026-06-21,138.62,11.09,149.71,Paid
INV8E9A26323C,CUST100054477,2026-02-25,2026-03-18,167.45,13.4,180.85,Paid
INV5B4394AE71,CUST100036025,2026-05-31,2026-06-21,385.24,30.82,416.06,Paid
INV0D974F0DC1,CUST100051002,2025-10-25,2025-11-15,126.85,10.15,137.0,Paid
INVDF4D1FE1DE,CUST100050910,2026-02-03,2026-02-24,290.56,23.24,313.8,Unpaid
INV7FD8B967A9,CUST100067808,2025-11-13,2025-12-04,95.39,7.63,103.02,Paid
INVF291DA24E6,CUST100093582,2025-10-06,2025-10-27,107.14,8.57,115.71,Paid
INV6528B7E75F,CUST100078611,2025-12-22,2026-01-12,150.06,12.0,162.06,Overdue
INVB7AF42504A,CUST100020818,2025-10-13,2025-11-03,321.9,25.75,347.65,Paid
INV20216FDC6F,CUST100061948,2026-04-14,2026-05-05,325.4,26.03,351.43,Paid
INVC542AA378B,CUST100012733,2025-11-27,2025-12-18,358.06,28.64,386.7,Paid
INVA6DCBC51E3,CUST100085972,2026-07-18,2026-08-08,343.72,27.5,371.22,Paid
INV50999962C7,CUST100000866,2026-01-24,2026-02-14,130.13,10.41,140.54,Overdue
INV509AA30FD9,CUST100008357,2026-05-26,2026-06-16,245.44,19.64,265.08,Paid
INV5F0B7A6C7F,CUST100039364,2026-04-13,2026-05-04,312.22,24.98,337.2,Partially Paid
INV6D32FFDD7C,CUST100012138,2025-08-04,2025-08-25,194.12,15.53,209.65,Partially Paid
INV7364757B01,CUST100027555,2026-02-20,2026-03-13,186.0,14.88,200.88,Paid
INV6D4DC2CAA9,CUST100040067,2025-10-25,2025-11-15,290.27,23.22,313.49,Unpaid
INV41B7B14D24,CUST100052187,2026-05-20,2026-06-10,175.43,14.03,189.46,Paid
INVE0E3AD686D,CUST100000971,2026-05-27,2026-06-17,159.48,12.76,172.24,Overdue
INVD643879B77,CUST100065793,2026-05-09,2026-05-30,223.76,17.9,241.66,Unpaid
INV8921D51DA2,CUST100056459,2025-09-07,2025-09-28,294.54,23.56,318.1,Partially Paid
INV0E41AF1C8F,CUST100041383,2025-09-10,2025-10-01,97.9,7.83,105.73,Paid
INV229AD80A44,CUST100082008,2026-02-01,2026-02-22,297.94,23.84,321.78,Paid
INVC8C24F7CB9,CUST100032262,2026-04-08,2026-04-29,390.97,31.28,422.25,Paid
INVC8841B6585,CUST100027970,2025-08-02,2025-08-23,156.23,12.5,168.73,Paid
INV3784B8760A,CUST100055843,2026-01-26,2026-02-16,345.53,27.64,373.17,Partially Paid
INVC0C2A17A37,CUST100078371,2026-02-20,2026-03-13,269.37,21.55,290.92,Overdue
INV71F8D519E8,CUST100093484,2026-05-17,2026-06-07,70.96,5.68,76.64,Paid
INV8FDF0084CD,CUST100089975,2025-10-30,2025-11-20,264.56,21.16,285.72,Unpaid
INV507429B240,CUST100049195,2026-04-19,2026-05-10,248.94,19.92,268.86,Paid
INVD7057EEFC1,CUST100091154,2026-05-12,2026-06-02,376.61,30.13,406.74,Paid
INV19ED8AF1DB,CUST100027967,2025-12-08,2025-12-29,287.68,23.01,310.69,Paid
INV2A772FD65D,CUST100021620,2026-03-18,2026-04-08,120.96,9.68,130.64,Partially Paid
INVB94AAF4386,CUST100092595,2026-02-16,2026-03-09,226.97,18.16,245.13,Paid
INV4686722CAA,CUST100034431,2025-12-21,2026-01-11,287.02,22.96,309.98,Paid
INV7E6EB43D9B,CUST100088120,2026-04-03,2026-04-24,307.92,24.63,332.55,Paid
INVA2B354D552,CUST100053741,2025-10-05,2025-10-26,360.87,28.87,389.74,Paid
INVE950AF3416,CUST100079534,2026-03-15,2026-04-05,359.72,28.78,388.5,Overdue
INV8049221B4B,CUST100008738,2025-11-17,2025-12-08,112.43,8.99,121.42,Overdue
INV38B85CA405,CUST100060326,2025-09-25,2025-10-16,249.09,19.93,269.02,Paid
INV69ECE5D814,CUST100058838,2026-07-03,2026-07-24,217.79,17.42,235.21,Paid
INVF79A10E88F,CUST100025144,2026-03-27,2026-04-17,69.29,5.54,74.83,Paid
INVED70E77A04,CUST100086276,2025-11-29,2025-12-20,377.35,30.19,407.54,Paid
INVE80D6827AB,CUST100081072,2026-01-08,2026-01-29,378.36,30.27,408.63,Paid
INVE6968F3839,CUST100090610,2026-07-09,2026-07-30,27.56,2.2,29.76,Paid
INV8E23ACBA8A,CUST100068714,2025-09-20,2025-10-11,281.57,22.53,304.1,Paid
INVA9F2374955,CUST100036422,2025-08-09,2025-08-30,360.84,28.87,389.71,Unpaid
INVA3F4313E26,CUST100052782,2026-03-16,2026-04-06,50.64,4.05,54.69,Paid
INV2974628C49,CUST100049627,2025-12-26,2026-01-16,242.9,19.43,262.33,Unpaid
INVDEC2CB94D0,CUST100065388,2026-06-10,2026-07-01,277.48,22.2,299.68,Paid
INV233EBF7092,CUST100059595,2026-06-12,2026-07-03,223.07,17.85,240.92,Paid
INV31BA062D3A,CUST100003826,2026-07-23,2026-08-13,334.51,26.76,361.27,Paid
INVAD15F2D716,CUST100058038,2026-06-22,2026-07-13,349.71,27.98,377.69,Partially Paid
INVEC59D1345E,CUST100094546,2026-03-08,2026-03-29,356.73,28.54,385.27,Unpaid
INV1B51B19EC8,CUST100071653,2026-05-22,2026-06-12,75.44,6.04,81.48,Unpaid
INV6FC3048072,CUST100066995,2025-08-30,2025-09-20,258.78,20.7,279.48,Paid
INVE558BCA191,CUST100021747,2026-05-02,2026-05-23,182.33,14.59,196.92,Overdue
INVA13380158B,CUST100059340,2026-07-15,2026-08-05,317.48,25.4,342.88,Overdue
INV86D7925A22,CUST100073222,2026-03-05,2026-03-26,119.4,9.55,128.95,Paid
INV35064E6B12,CUST100026160,2026-07-13,2026-08-03,299.63,23.97,323.6,Paid
INV88562E44A2,CUST100088429,2026-04-13,2026-05-04,174.22,13.94,188.16,Paid
INVA3BD8929D8,CUST100018498,2025-08-28,2025-09-18,276.6,22.13,298.73,Paid
INV9390B50A88,CUST100076773,2025-12-15,2026-01-05,298.2,23.86,322.06,Paid
INVBFA98773B2,CUST100003417,2025-09-21,2025-10-12,84.89,6.79,91.68,Paid
INVE3106DC6E3,CUST100079432,2025-12-27,2026-01-17,222.39,17.79,240.18,Paid
INV9852A1B213,CUST100055173,2026-03-13,2026-04-03,398.33,31.87,430.2,Paid
INV7EAA13232F,CUST100085662,2025-08-03,2025-08-24,145.55,11.64,157.19,Partially Paid
INV6DE8B0961B,CUST100000496,2026-05-29,2026-06-19,74.94,6.0,80.94,Paid
INV0329A0DF63,CUST100091652,2025-08-02,2025-08-23,310.35,24.83,335.18,Unpaid
INV5B8110C764,CUST100065250,2026-06-19,2026-07-10,270.52,21.64,292.16,Paid
INVA4E97B48A1,CUST100068172,2026-03-18,2026-04-08,138.46,11.08,149.54,Paid
INV46D46C6390,CUST100040592,2026-02-04,2026-02-25,160.34,12.83,173.17,Paid
INVF3B528AF8A,CUST100000248,2026-05-09,2026-05-30,89.17,7.13,96.3,Unpaid
INV6029392CC5,CUST100001043,2026-05-04,2026-05-25,153.52,12.28,165.8,Overdue
INVF1E3BFF21E,CUST100066977,2026-05-21,2026-06-11,90.57,7.25,97.82,Paid
INVA3EAFCBECA,CUST100043329,2026-06-08,2026-06-29,181.82,14.55,196.37,Paid
INVA496657CD0,CUST100042732,2026-03-21,2026-04-11,104.51,8.36,112.87,Partially Paid
INVCD505C9466,CUST100029341,2025-08-20,2025-09-10,26.77,2.14,28.91,Paid
INV5D9C173D72,CUST100081680,2026-05-28,2026-06-18,20.7,1.66,22.36,Partially Paid
INV09572B41DD,CUST100064622,2026-05-18,2026-06-08,214.8,17.18,231.98,Unpaid
INV86DFB9E53B,CUST100023411,2025-12-31,2026-01-21,335.17,26.81,361.98,Paid
INV082651C115,CUST100002536,2026-06-08,2026-06-29,87.34,6.99,94.33,Paid
INV57068B0780,CUST100020767,2025-12-26,2026-01-16,399.11,31.93,431.04,Paid
INVF707E6A9F8,CUST100022084,2025-10-09,2025-10-30,211.44,16.92,228.36,Paid
INVF477A311F8,CUST100073851,2025-09-28,2025-10-19,213.35,17.07,230.42,Paid
INV192518654A,CUST100080911,2025-08-18,2025-09-08,203.9,16.31,220.21,Paid
INV00B348EEA0,CUST100089050,2026-04-05,2026-04-26,59.76,4.78,64.54,Paid
INVC2C890F0F5,CUST100084753,2026-04-10,2026-05-01,146.27,11.7,157.97,Paid
INVEE5767A796,CUST100002848,2025-11-26,2025-12-17,183.32,14.67,197.99,Partially Paid
INV9AF899F086,CUST100017453,2025-08-04,2025-08-25,64.39,5.15,69.54,Paid
INV99BD3F0ED2,CUST100096011,2025-12-14,2026-01-04,90.29,7.22,97.51,Partially Paid
INV80C9B24495,CUST100051626,2026-03-10,2026-03-31,142.88,11.43,154.31,Paid
INV8177FA04CE,CUST100042472,2026-04-09,2026-04-30,175.53,14.04,189.57,Paid
INV379E4E3CE7,CUST100047417,2026-03-15,2026-04-05,257.72,20.62,278.34,Paid
INVC3D6227A3F,CUST100078987,2026-01-04,2026-01-25,262.66,21.01,283.67,Paid
INVB35C047395,CUST100050503,2025-10-15,2025-11-05,130.31,10.42,140.73,Partially Paid
INVDE483B2D2B,CUST100059611,2026-05-22,2026-06-12,46.3,3.7,50.0,Paid
INVCA1676C100,CUST100025161,2026-03-12,2026-04-02,268.96,21.52,290.48,Partially Paid
INV5CF95D87A0,CUST100015713,2026-05-20,2026-06-10,332.54,26.6,359.14,Paid
INV8F1B9CBA42,CUST100019195,2025-10-29,2025-11-19,170.31,13.62,183.93,Unpaid
INV1EC3A5657C,CUST100029675,2026-06-30,2026-07-21,326.17,26.09,352.26,Overdue
INVEDE6FDABEF,CUST100020527,2026-05-03,2026-05-24,302.14,24.17,326.31,Overdue
INVDC473396CD,CUST100047453,2026-06-09,2026-06-30,399.95,32.0,431.95,Unpaid
INV17C899A89E,CUST100072375,2026-02-08,2026-03-01,240.98,19.28,260.26,Paid
INV511B2AA2A7,CUST100001251,2025-12-14,2026-01-04,262.23,20.98,283.21,Paid
INV433D8D94D8,CUST100016179,2026-05-10,2026-05-31,318.94,25.52,344.46,Paid
INVC382644BF5,CUST100044779,2025-11-10,2025-12-01,315.5,25.24,340.74,Partially Paid
INVD3ED60DD3B,CUST100064311,2025-10-14,2025-11-04,22.14,1.77,23.91,Partially Paid
INV0ED278D3FA,CUST100079603,2025-08-03,2025-08-24,261.5,20.92,282.42,Paid
INV4B03AE5EF2,CUST100084836,2026-03-15,2026-04-05,319.01,25.52,344.53,Paid
INV4BCBEE4E30,CUST100028226,2026-07-16,2026-08-06,89.36,7.15,96.51,Paid
INV92BCBE54AC,CUST100081069,2026-02-28,2026-03-21,146.08,11.69,157.77,Paid
INVB14FD35CFD,CUST100069907,2026-03-09,2026-03-30,164.68,13.17,177.85,Paid
INVB1303AF7C7,CUST100041027,2026-07-09,2026-07-30,89.72,7.18,96.9,Paid
INV712D1A34B7,CUST100083690,2025-12-17,2026-01-07,116.69,9.34,126.03,Partially Paid
INVDCB4B4872C,CUST100041360,2026-03-17,2026-04-07,374.41,29.95,404.36,Paid
INVF821DBF26E,CUST100078285,2026-06-14,2026-07-05,102.92,8.23,111.15,Paid
INV3ABDD5B268,CUST100059834,2026-03-05,2026-03-26,70.2,5.62,75.82,Unpaid
INV33D357A10B,CUST100041391,2026-07-03,2026-07-24,214.2,17.14,231.34,Paid
INV74A40D9C70,CUST100053902,2026-01-11,2026-02-01,270.18,21.61,291.79,Paid
INV00AC3B0696,CUST100001613,2025-12-01,2025-12-22,392.24,31.38,423.62,Paid
INV00EA50B7BA,CUST100060118,2025-11-11,2025-12-02,159.63,12.77,172.4,Paid
INV62E0C57EBA,CUST100065329,2025-08-24,2025-09-14,181.77,14.54,196.31,Paid
INV8CE6C55919,CUST100052036,2026-04-16,2026-05-07,282.89,22.63,305.52,Paid
INV0ED210EA48,CUST100025269,2026-05-08,2026-05-29,62.05,4.96,67.01,Partially Paid
INV93D6EDF0A4,CUST100009224,2026-06-17,2026-07-08,47.8,3.82,51.62,Unpaid
INVA8E396F446,CUST100072957,2025-10-19,2025-11-09,275.95,22.08,298.03,Paid
INV362E23F947,CUST100036668,2025-11-25,2025-12-16,358.46,28.68,387.14,Paid
INVB22A900451,CUST100020309,2025-10-24,2025-11-14,387.32,30.99,418.31,Overdue
INV7E79E7B101,CUST100035987,2025-09-05,2025-09-26,29.79,2.38,32.17,Paid
INV350389B5E0,CUST100020275,2026-03-09,2026-03-30,351.62,28.13,379.75,Paid
INV0B1C8B26F9,CUST100099542,2025-11-21,2025-12-12,131.1,10.49,141.59,Paid
INVAA5213E4E7,CUST100009585,2026-06-05,2026-06-26,149.7,11.98,161.68,Paid
INV32BD2A616C,CUST100070143,2025-11-27,2025-12-18,364.71,29.18,393.89,Partially Paid
INV0C7B10E7F6,CUST100084324,2025-11-19,2025-12-10,295.91,23.67,319.58,Paid
INV8C25D99678,CUST100066818,2026-02-24,2026-03-17,94.1,7.53,101.63,Paid
INV6DCDD19A4B,CUST100084363,2026-04-05,2026-04-26,221.27,17.7,238.97,Overdue
INV4D0257B56D,CUST100085590,2025-08-28,2025-09-18,246.68,19.73,266.41,Paid
INVAC048AA3BB,CUST100084286,2026-07-07,2026-07-28,69.91,5.59,75.5,Paid
INV13C8337A4B,CUST100009148,2025-12-28,2026-01-18,70.28,5.62,75.9,Unpaid
INVF040743FDB,CUST100001512,2025-08-07,2025-08-28,382.09,30.57,412.66,Paid
INV0562497AB0,CUST100066727,2026-01-20,2026-02-10,279.53,22.36,301.89,Paid
INVB76DD6FB59,CUST100046815,2025-12-05,2025-12-26,293.38,23.47,316.85,Paid
INVF74319F886,CUST100051211,2025-12-04,2025-12-25,195.68,15.65,211.33,Overdue
INV0EF3684133,CUST100015155,2026-04-21,2026-05-12,65.05,5.2,70.25,Paid
INVF8B22F8F06,CUST100077724,2026-05-10,2026-05-31,20.13,1.61,21.74,Paid
INV3F84E7174F,CUST100029462,2025-10-25,2025-11-15,283.42,22.67,306.09,Paid
INV3B6014B35B,CUST100044278,2026-02-20,2026-03-13,49.76,3.98,53.74,Paid
INV1052285C2E,CUST100062486,2026-03-08,2026-03-29,227.2,18.18,245.38,Unpaid
INVA8DA5DC381,CUST100069598,2025-08-01,2025-08-22,254.77,20.38,275.15,Paid
INV9C751437C8,CUST100013741,2026-07-11,2026-08-01,121.29,9.7,130.99,Paid
INV2808734415,CUST100022453,2025-11-25,2025-12-16,173.63,13.89,187.52,Unpaid
INVDCF6D60A46,CUST100016750,2025-09-08,2025-09-29,239.25,19.14,258.39,Paid
INV5B7AEDF316,CUST100068046,2026-02-13,2026-03-06,119.92,9.59,129.51,Paid
INVE0CEE82DC7,CUST100066121,2026-06-18,2026-07-09,285.97,22.88,308.85,Paid
INV20C6479622,CUST100024393,2026-05-07,2026-05-28,149.65,11.97,161.62,Paid
INVF21F6A3952,CUST100040894,2026-07-17,2026-08-07,319.51,25.56,345.07,Paid
INVA8D1909483,CUST100007215,2025-08-29,2025-09-19,325.2,26.02,351.22,Paid
INV1B1C2344E4,CUST100024811,2025-12-26,2026-01-16,177.52,14.2,191.72,Partially Paid
INVA0B41989CB,CUST100069881,2026-05-15,2026-06-05,337.31,26.98,364.29,Overdue
INVA678A13773,CUST100028594,2026-04-24,2026-05-15,269.57,21.57,291.14,Paid
INVB84EE59DEA,CUST100021375,2025-12-03,2025-12-24,148.43,11.87,160.3,Overdue
INV362C56AD07,CUST100047408,2026-05-08,2026-05-29,228.17,18.25,246.42,Paid
INVB6E5FBB3AB,CUST100038199,2026-07-14,2026-08-04,347.95,27.84,375.79,Partially Paid
INV93B1B07A0C,CUST100026408,2026-01-23,2026-02-13,258.35,20.67,279.02,Paid
INV2845762D0D,CUST100061950,2026-05-25,2026-06-15,270.36,21.63,291.99,Unpaid
INV65144B06D1,CUST100008929,2026-04-30,2026-05-21,341.52,27.32,368.84,Paid
INV5A406AC03A,CUST100005511,2025-09-07,2025-09-28,244.09,19.53,263.62,Unpaid
INV93A121A8AF,CUST100050774,2025-08-14,2025-09-04,375.13,30.01,405.14,Paid
INV44F967F391,CUST100060211,2026-04-04,2026-04-25,311.25,24.9,336.15,Paid
INVA23D6341BA,CUST100027838,2026-01-29,2026-02-19,283.14,22.65,305.79,Partially Paid
INV390407FB2B,CUST100034158,2026-02-18,2026-03-11,159.32,12.75,172.07,Paid
INV6CEC1AE7BF,CUST100047299,2026-03-14,2026-04-04,82.34,6.59,88.93,Paid
INVEFAC54686F,CUST100092779,2025-09-24,2025-10-15,333.01,26.64,359.65,Paid
INV8AE746513C,CUST100092532,2026-06-27,2026-07-18,355.85,28.47,384.32,Paid
INV69BABF7C49,CUST100086322,2026-06-27,2026-07-18,21.85,1.75,23.6,Unpaid
INV38E14325A9,CUST100034384,2026-06-20,2026-07-11,146.38,11.71,158.09,Paid
INVF7DE6539D8,CUST100020362,2026-01-25,2026-02-15,166.09,13.29,179.38,Paid
INV8EDA949C0B,CUST100054708,2025-11-20,2025-12-11,183.89,14.71,198.6,Paid
INVD612E32361,CUST100082761,2026-05-03,2026-05-24,121.4,9.71,131.11,Paid
INV209103C1A0,CUST100076147,2026-03-23,2026-04-13,101.39,8.11,109.5,Paid
INV8225E57152,CUST100019985,2026-06-10,2026-07-01,116.75,9.34,126.09,Paid
INVCFEDA42231,CUST100064521,2026-03-02,2026-03-23,354.2,28.34,382.54,Unpaid
INVB3F3C6EDC9,CUST100030199,2026-04-04,2026-04-25,358.02,28.64,386.66,Paid
INVEF6CBA054C,CUST100069165,2026-02-12,2026-03-05,242.56,19.4,261.96,Partially Paid
INVAF57E20561,CUST100035927,2026-04-17,2026-05-08,85.35,6.83,92.18,Overdue
INV9285D248B5,CUST100000281,2025-11-24,2025-12-15,184.07,14.73,198.8,Paid
INV08F88EE8FD,CUST100057547,2026-06-12,2026-07-03,146.28,11.7,157.98,Paid
INV675350BCDA,CUST100095497,2025-12-22,2026-01-12,359.85,28.79,388.64,Partially Paid
INV977503ED27,CUST100069035,2026-07-20,2026-08-10,82.72,6.62,89.34,Overdue
INVF2167129A1,CUST100082587,2025-09-01,2025-09-22,102.42,8.19,110.61,Paid
INV2A34D7464C,CUST100091713,2026-04-28,2026-05-19,231.22,18.5,249.72,Overdue
INVF30B3F2970,CUST100071475,2025-11-25,2025-12-16,200.67,16.05,216.72,Partially Paid
INV77B2E94FDA,CUST100078264,2025-12-03,2025-12-24,70.55,5.64,76.19,Overdue
INVC5D389F551,CUST100039035,2025-08-14,2025-09-04,99.79,7.98,107.77,Unpaid
INV741322A635,CUST100089137,2025-08-29,2025-09-19,246.21,19.7,265.91,Paid
INV9E2D097B16,CUST100012779,2026-02-24,2026-03-17,88.24,7.06,95.3,Paid
INVAC83795471,CUST100039215,2025-09-28,2025-10-19,224.94,18.0,242.94,Paid
INV3354F30459,CUST100006179,2025-11-24,2025-12-15,123.54,9.88,133.42,Paid
INV0556D10F29,CUST100059367,2025-08-05,2025-08-26,333.09,26.65,359.74,Paid
INV9D70A03E90,CUST100055592,2025-12-03,2025-12-24,343.68,27.49,371.17,Unpaid
INV132B5E7463,CUST100033683,2026-06-07,2026-06-28,282.14,22.57,304.71,Paid
INV094FE69519,CUST100070781,2025-11-18,2025-12-09,161.3,12.9,174.2,Partially Paid
INV615D495C08,CUST100029696,2025-08-29,2025-09-19,296.52,23.72,320.24,Paid
INV5FF6CDC132,CUST100041032,2025-08-23,2025-09-13,354.08,28.33,382.41,Paid
INV1593EE5FC8,CUST100030790,2026-03-05,2026-03-26,118.31,9.46,127.77,Unpaid
INVCCBB466120,CUST100089402,2025-09-08,2025-09-29,185.17,14.81,199.98,Paid
INV928AAD602B,CUST100030046,2026-05-22,2026-06-12,383.31,30.66,413.97,Paid
INVED2B3B938E,CUST100088910,2025-10-29,2025-11-19,226.07,18.09,244.16,Paid
INVB7E2ACBADB,CUST100035026,2025-10-22,2025-11-12,179.16,14.33,193.49,Paid
INV00D97605AF,CUST100005653,2025-12-31,2026-01-21,378.5,30.28,408.78,Unpaid
INVF9445BDCEE,CUST100096384,2026-03-05,2026-03-26,115.76,9.26,125.02,Paid
INV9F7582D89D,CUST100045641,2025-11-18,2025-12-09,257.18,20.57,277.75,Paid
INV4100C95CCD,CUST100032574,2026-05-08,2026-05-29,148.66,11.89,160.55,Paid
INV471BBC268C,CUST100021964,2026-07-10,2026-07-31,292.02,23.36,315.38,Partially Paid
INV923DC83BCB,CUST100067239,2025-10-24,2025-11-14,201.14,16.09,217.23,Paid
INV19881FB448,CUST100066081,2026-06-13,2026-07-04,309.75,24.78,334.53,Paid
INV3A07E204BE,CUST100044788,2025-09-18,2025-10-09,303.94,24.32,328.26,Paid
INV979239C1D0,CUST100087573,2025-08-19,2025-09-09,391.98,31.36,423.34,Paid
INVAAB37448EB,CUST100045432,2026-06-09,2026-06-30,175.33,14.03,189.36,Paid
INV81A728A8C2,CUST100068805,2026-03-26,2026-04-16,317.06,25.36,342.42,Unpaid
INV7093241634,CUST100037023,2026-01-07,2026-01-28,112.97,9.04,122.01,Unpaid
INVEEF5C8083D,CUST100009163,2025-10-30,2025-11-20,122.28,9.78,132.06,Partially Paid
INVB7E8F124B1,CUST100099607,2026-02-02,2026-02-23,209.33,16.75,226.08,Unpaid
INV8433330AEC,CUST100050105,2026-03-15,2026-04-05,307.57,24.61,332.18,Paid
INV58AAEA182C,CUST100067842,2025-10-07,2025-10-28,125.02,10.0,135.02,Paid
INV9914FB5FB4,CUST100049672,2025-11-17,2025-12-08,98.79,7.9,106.69,Paid
INV1A3C64646E,CUST100011528,2026-01-30,2026-02-20,346.21,27.7,373.91,Partially Paid
INV3F8F38240D,CUST100023052,2025-11-02,2025-11-23,47.42,3.79,51.21,Partially Paid
INV3563700A25,CUST100067235,2026-02-06,2026-02-27,272.43,21.79,294.22,Paid
INV0B4C6A15DC,CUST100025715,2026-03-20,2026-04-10,333.82,26.71,360.53,Overdue
INV97645878B9,CUST100010179,2026-01-07,2026-01-28,245.98,19.68,265.66,Paid
INV13078288D5,CUST100032115,2026-04-14,2026-05-05,311.63,24.93,336.56,Paid
INV274FB7636D,CUST100073812,2026-05-27,2026-06-17,337.15,26.97,364.12,Unpaid
INVE311F36DFB,CUST100051989,2025-08-29,2025-09-19,373.33,29.87,403.2,Paid
INV99582C4FF8,CUST100077003,2026-03-29,2026-04-19,245.7,19.66,265.36,Paid
INVC962870987,CUST100007864,2026-01-05,2026-01-26,355.19,28.42,383.61,Overdue
INVC825FD0CF2,CUST100077626,2026-06-06,2026-06-27,112.55,9.0,121.55,Paid
INVE921F9865B,CUST100013851,2026-05-22,2026-06-12,263.36,21.07,284.43,Paid
INV4053B9A8EF,CUST100087434,2026-04-03,2026-04-24,73.1,5.85,78.95,Paid
INV1A9288D94E,CUST100028293,2025-12-27,2026-01-17,271.53,21.72,293.25,Paid
INV87B8F77FCA,CUST100088057,2026-05-21,2026-06-11,38.85,3.11,41.96,Paid
INV61B44DF40A,CUST100097754,2025-10-29,2025-11-19,157.44,12.6,170.04,Paid
INV8740A963C5,CUST100038818,2026-06-27,2026-07-18,332.78,26.62,359.4,Paid
INV6B92E26589,CUST100091363,2026-07-23,2026-08-13,303.95,24.32,328.27,Overdue
INVA284EFD5BB,CUST100060848,2025-08-25,2025-09-15,202.16,16.17,218.33,Paid
INV19D2F0AD2E,CUST100088720,2025-08-21,2025-09-11,392.59,31.41,424.0,Paid
INV723FA52BA5,CUST100099517,2026-02-23,2026-03-16,341.05,27.28,368.33,Partially Paid
INV4DE2C4F5A0,CUST100094966,2025-10-03,2025-10-24,344.83,27.59,372.42,Unpaid
INV69DA1B0B88,CUST100064991,2026-04-06,2026-04-27,322.89,25.83,348.72,Paid
INV85E17E8895,CUST100012002,2026-05-27,2026-06-17,231.47,18.52,249.99,Paid
INV983B23CE6C,CUST100094292,2025-09-25,2025-10-16,351.33,28.11,379.44,Paid
INVF35295B242,CUST100061106,2026-07-14,2026-08-04,120.07,9.61,129.68,Paid
INV672EECA855,CUST100076544,2026-04-01,2026-04-22,156.29,12.5,168.79,Overdue
INVED5F314224,CUST100064191,2026-06-14,2026-07-05,241.02,19.28,260.3,Partially Paid
INV2C043F8C49,CUST100027350,2026-01-19,2026-02-09,81.3,6.5,87.8,Overdue
INVE7BEC9CD55,CUST100013155,2025-09-15,2025-10-06,297.27,23.78,321.05,Unpaid
INV8320D62758,CUST100071355,2025-08-03,2025-08-24,283.22,22.66,305.88,Paid
INV6180B50729,CUST100026874,2025-08-03,2025-08-24,42.38,3.39,45.77,Paid
INV9D21E6F0CC,CUST100089379,2026-05-11,2026-06-01,254.29,20.34,274.63,Paid
INVE2BBACECD2,CUST100005834,2026-05-14,2026-06-04,112.5,9.0,121.5,Paid
INVC355305609,CUST100065305,2026-04-20,2026-05-11,295.55,23.64,319.19,Paid
INV903CD468A5,CUST100024052,2026-02-24,2026-03-17,75.14,6.01,81.15,Paid
INVFDAD1BDABA,CUST100067279,2026-07-21,2026-08-11,219.05,17.52,236.57,Paid
INVC8A9A2AE6F,CUST100039832,2026-04-27,2026-05-18,112.6,9.01,121.61,Paid
INV7315CE1CB1,CUST100053319,2026-05-18,2026-06-08,384.32,30.75,415.07,Paid
INV6DDBB0899B,CUST100003047,2026-06-03,2026-06-24,195.25,15.62,210.87,Partially Paid
INVF9D7A7235B,CUST100076078,2026-04-05,2026-04-26,194.57,15.57,210.14,Paid
INVB5CA20D9EE,CUST100006272,2025-12-02,2025-12-23,216.53,17.32,233.85,Unpaid
INV86D68259DC,CUST100016815,2025-12-26,2026-01-16,34.67,2.77,37.44,Paid
INV965AB96D06,CUST100068522,2026-05-01,2026-05-22,323.11,25.85,348.96,Paid
INV8CE58C7C29,CUST100087460,2025-10-08,2025-10-29,390.75,31.26,422.01,Paid
INVE78F00629E,CUST100020978,2026-04-15,2026-05-06,34.06,2.72,36.78,Partially Paid
INVC04CC796C1,CUST100010944,2026-03-29,2026-04-19,23.05,1.84,24.89,Paid
INV43786D82D8,CUST100069263,2026-01-12,2026-02-02,127.99,10.24,138.23,Paid
INV19108DBF8A,CUST100044051,2026-06-03,2026-06-24,375.13,30.01,405.14,Paid
INV18AEC209BB,CUST100015649,2025-11-03,2025-11-24,398.97,31.92,430.89,Paid
INV30A193F730,CUST100031654,2025-11-02,2025-11-23,86.72,6.94,93.66,Paid
INVD46B85BB53,CUST100073936,2025-08-21,2025-09-11,322.39,25.79,348.18,Paid
INV0D90BB4BDB,CUST100028248,2025-11-20,2025-12-11,287.32,22.99,310.31,Paid
INVF4B3584D55,CUST100038272,2025-10-11,2025-11-01,243.52,19.48,263.0,Paid
INVCB9400B288,CUST100087824,2025-09-09,2025-09-30,203.58,16.29,219.87,Paid
INV70C2CB4E50,CUST100044197,2025-08-19,2025-09-09,353.04,28.24,381.28,Paid
INV9C95468EBD,CUST100051618,2026-01-12,2026-02-02,303.72,24.3,328.02,Unpaid
INV8B0329310A,CUST100057705,2026-02-21,2026-03-14,253.61,20.29,273.9,Paid
INV5F124C0AF1,CUST100061472,2026-05-27,2026-06-17,98.09,7.85,105.94,Overdue
INVB509B24F6A,CUST100052047,2026-04-20,2026-05-11,253.95,20.32,274.27,Unpaid
INVEC8F436592,CUST100048188,2026-04-04,2026-04-25,330.87,26.47,357.34,Overdue
INV2DB889D8EE,CUST100014543,2025-10-19,2025-11-09,287.5,23.0,310.5,Unpaid
INV464E75C61C,CUST100014388,2025-08-03,2025-08-24,129.98,10.4,140.38,Unpaid
INV0A93D974ED,CUST100018140,2026-06-26,2026-07-17,301.76,24.14,325.9,Paid
INVAD53E122A2,CUST100033337,2025-12-21,2026-01-11,240.3,19.22,259.52,Paid
INV2D331B9499,CUST100032782,2025-09-02,2025-09-23,67.26,5.38,72.64,Paid
INV80E86F871E,CUST100027648,2026-03-07,2026-03-28,314.58,25.17,339.75,Overdue
INV5D1B118F99,CUST100023707,2026-06-24,2026-07-15,396.02,31.68,427.7,Overdue
INV2D610E73C2,CUST100052170,2026-06-24,2026-07-15,169.71,13.58,183.29,Unpaid
INV5A2F1766B3,CUST100065292,2026-02-25,2026-03-18,335.69,26.86,362.55,Paid
INVC614398669,CUST100067231,2026-02-15,2026-03-08,257.08,20.57,277.65,Paid
INVB301D4FC01,CUST100066190,2025-12-31,2026-01-21,65.23,5.22,70.45,Paid
INVA248A2626E,CUST100079150,2025-08-30,2025-09-20,249.98,20.0,269.98,Unpaid
INV0AA4E378A7,CUST100068245,2026-07-14,2026-08-04,82.45,6.6,89.05,Paid
INV889217EDAA,CUST100088136,2026-05-01,2026-05-22,116.44,9.32,125.76,Paid
INVD0EE2DD42F,CUST100088397,2026-03-26,2026-04-16,137.18,10.97,148.15,Paid
INV236FE8FA6E,CUST100080914,2026-02-04,2026-02-25,188.39,15.07,203.46,Partially Paid
INV93491A1411,CUST100091556,2026-02-21,2026-03-14,95.01,7.6,102.61,Paid
INVCCEC483D0F,CUST100063708,2025-11-10,2025-12-01,140.55,11.24,151.79,Unpaid
INVA30BDECD8D,CUST100081019,2026-07-20,2026-08-10,289.27,23.14,312.41,Paid
INVCA34D76BBF,CUST100071515,2025-08-27,2025-09-17,255.37,20.43,275.8,Paid
INVF6A78A6F00,CUST100094043,2026-03-21,2026-04-11,69.29,5.54,74.83,Paid
INV2D759C0633,CUST100005764,2025-11-10,2025-12-01,337.73,27.02,364.75,Partially Paid
INV54281AC32A,CUST100043723,2026-06-22,2026-07-13,79.18,6.33,85.51,Paid
INV3A29534F6B,CUST100045986,2025-09-30,2025-10-21,147.44,11.8,159.24,Paid
INV2336C65745,CUST100092727,2025-09-30,2025-10-21,277.62,22.21,299.83,Unpaid
INVB9D18181C9,CUST100091472,2026-06-11,2026-07-02,37.82,3.03,40.85,Partially Paid
INVAA5C37B6DF,CUST100008001,2026-07-15,2026-08-05,127.92,10.23,138.15,Paid
INV6469E15262,CUST100078814,2026-01-11,2026-02-01,80.81,6.46,87.27,Paid
INV0B3664139E,CUST100015245,2025-08-18,2025-09-08,245.5,19.64,265.14,Paid
INV4E03D1B66B,CUST100069987,2026-03-29,2026-04-19,161.48,12.92,174.4,Unpaid
INVDBEA38C5E2,CUST100041243,2025-12-28,2026-01-18,328.67,26.29,354.96,Paid
INV463ADD2FE7,CUST100032236,2026-01-10,2026-01-31,162.76,13.02,175.78,Partially Paid
INV0AD5696E4E,CUST100066595,2025-11-22,2025-12-13,173.39,13.87,187.26,Unpaid
INV9F581AB0A1,CUST100068113,2025-10-19,2025-11-09,281.51,22.52,304.03,Paid
INVB47E54E5FB,CUST100037871,2026-05-11,2026-06-01,333.49,26.68,360.17,Unpaid
INV8BA40E4885,CUST100038219,2026-07-23,2026-08-13,281.29,22.5,303.79,Partially Paid
INV40CA936E31,CUST100071847,2026-02-19,2026-03-12,65.26,5.22,70.48,Paid
INV1154C214D1,CUST100098730,2026-06-09,2026-06-30,218.43,17.47,235.9,Unpaid
INV401C20A63D,CUST100091014,2025-10-09,2025-10-30,22.77,1.82,24.59,Paid
INV7E74C64F3A,CUST100007447,2025-09-12,2025-10-03,262.14,20.97,283.11,Paid
INV31211A1982,CUST100002336,2025-10-14,2025-11-04,399.41,31.95,431.36,Paid
INVA550E6DD0C,CUST100081107,2025-11-10,2025-12-01,128.36,10.27,138.63,Paid
INV20BBEAD362,CUST100039312,2026-07-09,2026-07-30,20.67,1.65,22.32,Paid
INVD84D25E056,CUST100059298,2025-10-25,2025-11-15,66.85,5.35,72.2,Paid
INVDCDBB35531,CUST100065007,2026-04-15,2026-05-06,23.52,1.88,25.4,Paid
INVE91E31E0DB,CUST100073477,2025-12-20,2026-01-10,180.02,14.4,194.42,Paid
INVF69D400E80,CUST100050903,2026-04-26,2026-05-17,132.32,10.59,142.91,Paid
INVD8CEA4F713,CUST100068605,2025-11-20,2025-12-11,120.3,9.62,129.92,Paid
INV75F77B02C9,CUST100007931,2026-03-14,2026-04-04,255.18,20.41,275.59,Overdue
INV2922714C2D,CUST100065672,2025-09-10,2025-10-01,142.16,11.37,153.53,Unpaid
INV506451BD62,CUST100037170,2025-12-04,2025-12-25,73.22,5.86,79.08,Paid
INVBB8FE9800D,CUST100044856,2026-02-18,2026-03-11,238.16,19.05,257.21,Unpaid
INVF4DED95A72,CUST100057745,2025-12-18,2026-01-08,54.31,4.34,58.65,Paid
INV9203B8DAF4,CUST100002251,2025-11-03,2025-11-24,51.91,4.15,56.06,Paid
INVF247D3C5D4,CUST100065929,2025-09-29,2025-10-20,171.01,13.68,184.69,Paid
INV4A04AD517E,CUST100064434,2026-02-17,2026-03-10,108.41,8.67,117.08,Partially Paid
INV3AB3C47C92,CUST100055113,2025-11-21,2025-12-12,294.4,23.55,317.95,Paid
INVC372FFB164,CUST100020852,2026-04-30,2026-05-21,367.3,29.38,396.68,Paid
INV3EE8B2CD6E,CUST100009079,2026-02-16,2026-03-09,373.09,29.85,402.94,Paid
INV91D1FFABE7,CUST100037982,2025-08-21,2025-09-11,187.56,15.0,202.56,Overdue
INVE026F475C6,CUST100065660,2026-04-05,2026-04-26,362.8,29.02,391.82,Paid
INV81D32A8576,CUST100098485,2026-05-25,2026-06-15,26.06,2.08,28.14,Paid
INV9F44725D22,CUST100062079,2026-02-08,2026-03-01,174.59,13.97,188.56,Partially Paid
INVF489AB73FE,CUST100074254,2025-08-25,2025-09-15,104.11,8.33,112.44,Paid
INV5396D23B86,CUST100088332,2026-06-16,2026-07-07,89.71,7.18,96.89,Paid
INV59E2E3A675,CUST100056042,2025-11-20,2025-12-11,178.21,14.26,192.47,Paid
INV811D583F46,CUST100077060,2026-01-04,2026-01-25,131.25,10.5,141.75,Paid
INVCC71089830,CUST100029251,2026-02-22,2026-03-15,154.2,12.34,166.54,Paid
INV2BD8768276,CUST100033618,2026-07-13,2026-08-03,93.84,7.51,101.35,Overdue
INVBFED7DE8A6,CUST100005422,2025-12-27,2026-01-17,34.86,2.79,37.65,Paid
INV923CD67133,CUST100080363,2025-09-13,2025-10-04,22.85,1.83,24.68,Unpaid
INV2156396CF0,CUST100065547,2025-11-10,2025-12-01,52.9,4.23,57.13,Unpaid
INV8966C399F2,CUST100095875,2026-02-17,2026-03-10,152.04,12.16,164.2,Paid
INV903BF4F6DC,CUST100002183,2025-08-29,2025-09-19,292.38,23.39,315.77,Unpaid
INV5A103F2744,CUST100060686,2026-03-16,2026-04-06,388.09,31.05,419.14,Paid
INVF089A1030B,CUST100068178,2026-03-25,2026-04-15,184.51,14.76,199.27,Paid
INV02E4A0FBBA,CUST100048202,2025-09-03,2025-09-24,267.5,21.4,288.9,Paid
INV67EBEF6ACB,CUST100042172,2026-05-12,2026-06-02,283.17,22.65,305.82,Paid
INV4C58EB4EE4,CUST100016221,2026-01-25,2026-02-15,290.36,23.23,313.59,Partially Paid
INV47C4208E39,CUST100025847,2026-05-22,2026-06-12,157.22,12.58,169.8,Paid
INV625DE6AD54,CUST100052317,2026-02-07,2026-02-28,156.08,12.49,168.57,Paid
INV1E939DE497,CUST100083428,2026-01-20,2026-02-10,116.58,9.33,125.91,Unpaid
INV757AE5AAA1,CUST100056070,2026-04-25,2026-05-16,290.62,23.25,313.87,Paid
INV57741EF113,CUST100055716,2025-10-05,2025-10-26,30.62,2.45,33.07,Paid
INV3317DF18D9,CUST100009987,2026-01-18,2026-02-08,366.01,29.28,395.29,Unpaid
INVEACFAF86D8,CUST100054179,2026-01-18,2026-02-08,367.64,29.41,397.05,Paid
INV2608B7912D,CUST100015250,2026-07-08,2026-07-29,115.44,9.24,124.68,Paid
INV2ECACA24DC,CUST100005569,2026-04-05,2026-04-26,291.93,23.35,315.28,Paid
INV539FAAC913,CUST100016852,2025-10-10,2025-10-31,398.61,31.89,430.5,Paid
INV14F780AA17,CUST100084560,2025-10-06,2025-10-27,387.42,30.99,418.41,Overdue
INV35B4400887,CUST100016702,2026-05-09,2026-05-30,314.03,25.12,339.15,Partially Paid
INVBF2F414752,CUST100035244,2025-11-15,2025-12-06,245.9,19.67,265.57,Unpaid
INV0B5A6E80E2,CUST100033949,2025-11-24,2025-12-15,140.17,11.21,151.38,Paid
INVBA9F3D7904,CUST100072925,2026-02-04,2026-02-25,108.81,8.7,117.51,Paid
INV42D8EF940D,CUST100023084,2025-11-10,2025-12-01,180.59,14.45,195.04,Paid
INV787002550B,CUST100092669,2026-02-27,2026-03-20,52.93,4.23,57.16,Unpaid
INVFAB7EC6C6E,CUST100020416,2025-10-24,2025-11-14,94.2,7.54,101.74,Paid
INVBF584644E8,CUST100053339,2026-01-13,2026-02-03,253.47,20.28,273.75,Paid
INVE2663DC167,CUST100059418,2025-08-07,2025-08-28,156.01,12.48,168.49,Paid
INV4FC524D31C,CUST100038308,2025-10-10,2025-10-31,314.04,25.12,339.16,Paid
INV4154E3ADC1,CUST100044453,2026-06-02,2026-06-23,378.17,30.25,408.42,Paid
INVA1EB65FF2A,CUST100092816,2025-12-12,2026-01-02,84.33,6.75,91.08,Paid
INVF0ED288C77,CUST100082764,2025-09-25,2025-10-16,226.04,18.08,244.12,Paid
INV9599AE9F67,CUST100033313,2026-07-07,2026-07-28,171.76,13.74,185.5,Paid
INV13CF7944C1,CUST100034483,2025-08-04,2025-08-25,259.86,20.79,280.65,Paid
INVD69204D8D8,CUST100020594,2025-10-22,2025-11-12,61.4,4.91,66.31,Overdue
INVA8C68E45CA,CUST100060953,2026-03-26,2026-04-16,142.68,11.41,154.09,Partially Paid
INV263F5C2814,CUST100012701,2025-08-22,2025-09-12,266.74,21.34,288.08,Overdue
INVE4289C9861,CUST100000772,2026-05-12,2026-06-02,40.1,3.21,43.31,Paid
INV1B0913874A,CUST100045783,2026-03-28,2026-04-18,63.03,5.04,68.07,Paid
INV5948723B80,CUST100055827,2026-04-13,2026-05-04,259.16,20.73,279.89,Unpaid
INV8F57D543EF,CUST100012754,2025-10-19,2025-11-09,83.63,6.69,90.32,Paid
INVC4129B94C6,CUST100091090,2026-04-10,2026-05-01,249.37,19.95,269.32,Paid
INVF66A36F475,CUST100099524,2025-09-08,2025-09-29,160.9,12.87,173.77,Unpaid
INV5902523BC5,CUST100052075,2025-12-27,2026-01-17,264.73,21.18,285.91,Paid
INV23394AB0C2,CUST100077058,2025-11-09,2025-11-30,117.65,9.41,127.06,Unpaid
INV7EEAD4BCF8,CUST100095233,2025-09-26,2025-10-17,349.55,27.96,377.51,Partially Paid
INV59E6791A31,CUST100004984,2025-08-27,2025-09-17,168.13,13.45,181.58,Overdue
INV0883BC1C88,CUST100015955,2025-10-05,2025-10-26,112.35,8.99,121.34,Paid
INV8984BC4267,CUST100006211,2025-09-15,2025-10-06,387.6,31.01,418.61,Paid
INV86BD7DB155,CUST100046160,2026-03-03,2026-03-24,58.05,4.64,62.69,Paid
INVEBEF2C3D0D,CUST100014253,2026-02-13,2026-03-06,300.55,24.04,324.59,Unpaid
INVE4D6C0F34A,CUST100088146,2026-07-13,2026-08-03,55.53,4.44,59.97,Overdue
INV3A7F1E9991,CUST100097877,2026-06-25,2026-07-16,129.1,10.33,139.43,Paid
INVB06BBE7E3E,CUST100051458,2025-11-13,2025-12-04,25.31,2.02,27.33,Paid
INV381293195E,CUST100004693,2026-04-10,2026-05-01,91.51,7.32,98.83,Paid
INVBD3A32759E,CUST100091032,2026-07-10,2026-07-31,207.12,16.57,223.69,Unpaid
INV01064DD853,CUST100094315,2026-06-02,2026-06-23,83.66,6.69,90.35,Paid
INVF36267B0D7,CUST100087832,2026-03-01,2026-03-22,203.09,16.25,219.34,Paid
INVED6C9C2277,CUST100097803,2026-01-14,2026-02-04,85.85,6.87,92.72,Unpaid
INV724E651AF5,CUST100043552,2025-10-31,2025-11-21,22.01,1.76,23.77,Paid
INV5A8174D09A,CUST100002665,2026-07-05,2026-07-26,88.78,7.1,95.88,Paid
INVE8A68E06FE,CUST100013967,2026-01-19,2026-02-09,193.8,15.5,209.3,Unpaid
INV35D37FB04E,CUST100053149,2025-09-25,2025-10-16,215.62,17.25,232.87,Paid
INV18FD4D0013,CUST100005770,2026-05-04,2026-05-25,340.5,27.24,367.74,Paid
INVC52524E21A,CUST100044891,2026-07-10,2026-07-31,225.23,18.02,243.25,Paid
INV5C29F67574,CUST100068504,2025-08-07,2025-08-28,186.79,14.94,201.73,Unpaid
INV0ADE829EA4,CUST100017585,2025-11-21,2025-12-12,91.75,7.34,99.09,Paid
INV7FA550CD06,CUST100005939,2026-07-02,2026-07-23,307.79,24.62,332.41,Overdue
INVBDEA420B1A,CUST100026729,2026-04-16,2026-05-07,271.47,21.72,293.19,Paid
INVA27A9CA353,CUST100055153,2026-07-08,2026-07-29,312.34,24.99,337.33,Paid
INVDD808C0ABC,CUST100098325,2026-03-21,2026-04-11,181.17,14.49,195.66,Paid
INV833389730D,CUST100065527,2025-12-07,2025-12-28,265.14,21.21,286.35,Paid
INVB1F6E6C78A,CUST100002780,2025-12-16,2026-01-06,47.32,3.79,51.11,Unpaid
INVCAF948397B,CUST100064215,2026-02-25,2026-03-18,339.93,27.19,367.12,Paid
INV671DBCE332,CUST100071794,2025-10-02,2025-10-23,185.06,14.8,199.86,Paid
INVEBEC935769,CUST100075195,2025-08-07,2025-08-28,229.46,18.36,247.82,Paid
INVC95E102600,CUST100082003,2025-09-06,2025-09-27,209.5,16.76,226.26,Partially Paid
INV720037FAF8,CUST100064494,2025-09-13,2025-10-04,39.9,3.19,43.09,Overdue
INVAF6B5BC1FD,CUST100025345,2025-10-27,2025-11-17,222.05,17.76,239.81,Paid
INV959561102A,CUST100034516,2025-09-27,2025-10-18,381.3,30.5,411.8,Paid
INV92A5FCC29D,CUST100085727,2026-01-03,2026-01-24,328.83,26.31,355.14,Paid
INVA130C88C40,CUST100022907,2026-04-29,2026-05-20,119.82,9.59,129.41,Paid
INV930A629880,CUST100016362,2025-09-01,2025-09-22,138.42,11.07,149.49,Paid
INV1F3C41D56B,CUST100026569,2025-10-21,2025-11-11,375.44,30.04,405.48,Partially Paid
INVAF2D9C84EB,CUST100012032,2025-10-20,2025-11-10,101.7,8.14,109.84,Unpaid
INV806828846C,CUST100072168,2025-08-17,2025-09-07,215.61,17.25,232.86,Paid
INVB42CB4AC59,CUST100035689,2025-08-10,2025-08-31,330.75,26.46,357.21,Unpaid
INVE73296AC71,CUST100084099,2026-03-21,2026-04-11,349.23,27.94,377.17,Overdue
INVA42C44D2C3,CUST100045078,2026-01-11,2026-02-01,301.85,24.15,326.0,Paid
INV3AEF7E1791,CUST100091787,2025-11-11,2025-12-02,156.57,12.53,169.1,Paid
INV632B662628,CUST100074460,2025-09-17,2025-10-08,376.37,30.11,406.48,Paid
INV0F70F18000,CUST100070498,2026-06-30,2026-07-21,22.74,1.82,24.56,Unpaid
INV0D89350D74,CUST100037067,2026-03-22,2026-04-12,316.33,25.31,341.64,Paid
INVD7747EF9E8,CUST100088656,2026-01-03,2026-01-24,335.78,26.86,362.64,Paid
INV7C8559F2A2,CUST100092423,2026-01-06,2026-01-27,290.95,23.28,314.23,Paid
INV938B5B5101,CUST100044533,2026-04-07,2026-04-28,272.7,21.82,294.52,Overdue
INV4DC09DDD67,CUST100040745,2026-07-02,2026-07-23,36.73,2.94,39.67,Paid
INVA31BCECB06,CUST100099198,2026-04-01,2026-04-22,345.99,27.68,373.67,Partially Paid
INVACF7ACD7E8,CUST100076173,2026-04-10,2026-05-01,369.91,29.59,399.5,Unpaid
INV7E5973E749,CUST100007280,2026-01-02,2026-01-23,54.56,4.36,58.92,Paid
INVDA7BB8A44D,CUST100033106,2026-04-27,2026-05-18,116.93,9.35,126.28,Partially Paid
INVFEBC831436,CUST100037751,2025-09-19,2025-10-10,245.42,19.63,265.05,Paid
INV15BBA00709,CUST100004790,2025-09-01,2025-09-22,278.62,22.29,300.91,Paid
INVBDC273EF18,CUST100007390,2025-11-09,2025-11-30,128.75,10.3,139.05,Paid
INVCFB129CD3E,CUST100055311,2025-10-21,2025-11-11,103.42,8.27,111.69,Paid
INV1C2827DB8E,CUST100062588,2026-03-07,2026-03-28,273.36,21.87,295.23,Paid
INVB5DE131947,CUST100098089,2026-06-07,2026-06-28,349.88,27.99,377.87,Paid
INV3EAF4DE9E1,CUST100045530,2026-05-28,2026-06-18,196.62,15.73,212.35,Paid
INVB5BCF850F6,CUST100067643,2025-10-27,2025-11-17,325.64,26.05,351.69,Unpaid
INVD2892C5E7C,CUST100077161,2026-02-11,2026-03-04,29.91,2.39,32.3,Paid
INV2C6226C8EF,CUST100001514,2025-11-15,2025-12-06,213.92,17.11,231.03,Paid
INV0C0AAAE13F,CUST100029314,2026-06-22,2026-07-13,163.95,13.12,177.07,Paid
INVB710C34711,CUST100040509,2025-12-25,2026-01-15,65.93,5.27,71.2,Paid
INV2C3CF5BE3A,CUST100062699,2026-03-17,2026-04-07,87.04,6.96,94.0,Paid
INV32E9A542F3,CUST100068640,2026-01-01,2026-01-22,224.39,17.95,242.34,Overdue
INV85375EC2E2,CUST100087895,2025-08-23,2025-09-13,35.87,2.87,38.74,Partially Paid
INVE6F85CD277,CUST100018489,2026-04-08,2026-04-29,316.6,25.33,341.93,Paid
INVF206682D9E,CUST100068782,2025-10-18,2025-11-08,129.04,10.32,139.36,Paid
INV28CFDC58E9,CUST100068721,2026-06-04,2026-06-25,268.94,21.52,290.46,Overdue
INVE7AD11F418,CUST100069305,2025-10-26,2025-11-16,383.28,30.66,413.94,Unpaid
INVF1E97EA77F,CUST100039020,2025-11-06,2025-11-27,166.93,13.35,180.28,Paid
INV91B3707C44,CUST100006184,2026-01-18,2026-02-08,217.52,17.4,234.92,Paid
INV591AE36AF7,CUST100089294,2026-03-05,2026-03-26,389.14,31.13,420.27,Paid
INV07413E3B18,CUST100017064,2025-11-04,2025-11-25,79.07,6.33,85.4,Paid
INVC0672A570F,CUST100045179,2026-04-30,2026-05-21,313.71,25.1,338.81,Paid
INV88A2A0CC81,CUST100023995,2025-09-17,2025-10-08,376.97,30.16,407.13,Overdue
INV664798A3F4,CUST100036239,2026-05-10,2026-05-31,70.82,5.67,76.49,Overdue
INV09E5C7E421,CUST100042397,2026-01-30,2026-02-20,209.88,16.79,226.67,Paid
INVFB102A88FE,CUST100040636,2026-06-22,2026-07-13,311.29,24.9,336.19,Overdue
INVE4243311A8,CUST100008263,2026-07-01,2026-07-22,281.47,22.52,303.99,Paid
INV6436BF54CA,CUST100050938,2026-06-24,2026-07-15,42.53,3.4,45.93,Unpaid
INV3FB0DBEF27,CUST100043622,2025-09-02,2025-09-23,56.13,4.49,60.62,Unpaid
INV5D2FAD6C30,CUST100054856,2026-06-11,2026-07-02,272.92,21.83,294.75,Paid
INV06233211FE,CUST100009167,2025-09-14,2025-10-05,349.23,27.94,377.17,Paid
INVB7E069B1A8,CUST100020877,2026-02-22,2026-03-15,58.32,4.67,62.99,Paid
INV0C1F3608EC,CUST100053789,2025-12-11,2026-01-01,178.01,14.24,192.25,Paid
INV20BD077FF7,CUST100085931,2026-01-29,2026-02-19,336.95,26.96,363.91,Paid
INV90F8A55B7E,CUST100087709,2025-12-08,2025-12-29,386.64,30.93,417.57,Partially Paid
INVB56B19938E,CUST100045832,2026-06-07,2026-06-28,284.22,22.74,306.96,Paid
INVC23FAAEEE1,CUST100031333,2026-03-16,2026-04-06,275.25,22.02,297.27,Overdue
INV0A3B55E7E6,CUST100045374,2026-01-11,2026-02-01,264.97,21.2,286.17,Partially Paid
INVE82A54EEAE,CUST100069373,2025-10-13,2025-11-03,171.3,13.7,185.0,Paid
INV2D5D148BBD,CUST100034715,2026-02-17,2026-03-10,30.36,2.43,32.79,Paid
INV34B0FF73CF,CUST100004363,2026-06-25,2026-07-16,200.23,16.02,216.25,Unpaid
INV7A6D8090F1,CUST100027579,2025-11-17,2025-12-08,208.57,16.69,225.26,Paid
INV5AC930211C,CUST100005424,2025-10-31,2025-11-21,138.9,11.11,150.01,Overdue
INVBAC5306BA2,CUST100089948,2026-04-13,2026-05-04,24.76,1.98,26.74,Paid
INVC69480462C,CUST100007287,2025-09-17,2025-10-08,271.79,21.74,293.53,Paid
INV0218121018,CUST100062015,2026-03-11,2026-04-01,211.4,16.91,228.31,Paid
INVC44FCA7879,CUST100077382,2025-10-12,2025-11-02,230.64,18.45,249.09,Paid
INV8EFB539696,CUST100048943,2025-09-08,2025-09-29,173.39,13.87,187.26,Paid
INV9867291F0A,CUST100086070,2026-06-18,2026-07-09,323.77,25.9,349.67,Paid
INV83B0FFE142,CUST100094531,2026-02-20,2026-03-13,154.87,12.39,167.26,Overdue
INV0BB097FE31,CUST100086117,2026-07-11,2026-08-01,372.66,29.81,402.47,Paid
INVB087A6D867,CUST100069125,2025-09-02,2025-09-23,242.92,19.43,262.35,Partially Paid
INV679D30C824,CUST100004730,2026-04-29,2026-05-20,108.54,8.68,117.22,Paid
INVDBF07FFB30,CUST100079360,2025-12-02,2025-12-23,211.38,16.91,228.29,Partially Paid
INV0EF3C7BEF1,CUST100019093,2026-05-11,2026-06-01,52.14,4.17,56.31,Unpaid
INVF740D6088E,CUST100053443,2026-05-23,2026-06-13,103.5,8.28,111.78,Paid
INV1F1766AD12,CUST100021448,2026-06-18,2026-07-09,74.09,5.93,80.02,Paid
INVB47F015A1D,CUST100012424,2025-10-28,2025-11-18,84.26,6.74,91.0,Unpaid
INV94431CF8D3,CUST100052398,2026-07-19,2026-08-09,41.86,3.35,45.21,Partially Paid
INV56399D2DD4,CUST100071471,2025-12-23,2026-01-13,58.37,4.67,63.04,Partially Paid
INVE958E96BC7,CUST100000761,2025-09-03,2025-09-24,314.08,25.13,339.21,Paid
INVFDE261EBB9,CUST100021912,2025-09-17,2025-10-08,27.28,2.18,29.46,Overdue
INV366AEDC361,CUST100075894,2026-01-31,2026-02-21,284.97,22.8,307.77,Paid
INV67F3784E65,CUST100089471,2025-08-27,2025-09-17,266.14,21.29,287.43,Unpaid
INVF5B80B733D,CUST100097989,2025-09-08,2025-09-29,41.11,3.29,44.4,Paid
INV9C668A5A0C,CUST100060416,2026-06-08,2026-06-29,380.95,30.48,411.43,Overdue
INVF8D696EAE8,CUST100018903,2025-10-30,2025-11-20,83.36,6.67,90.03,Unpaid
INVD26BB92965,CUST100035652,2026-04-26,2026-05-17,398.29,31.86,430.15,Paid
INV637FA68840,CUST100004736,2026-02-23,2026-03-16,44.25,3.54,47.79,Overdue
INVC213B9CD15,CUST100018612,2026-03-10,2026-03-31,87.55,7.0,94.55,Overdue
INV3135D4D74E,CUST100044740,2026-01-20,2026-02-10,146.63,11.73,158.36,Paid
INV0A52A50095,CUST100018937,2025-08-05,2025-08-26,131.24,10.5,141.74,Paid
INVA71D1A4721,CUST100021134,2026-04-26,2026-05-17,346.73,27.74,374.47,Paid
INVFBC98381AA,CUST100018677,2026-05-19,2026-06-09,363.69,29.1,392.79,Paid
INVBE360D6F40,CUST100074847,2026-01-29,2026-02-19,148.3,11.86,160.16,Paid
INVEED835BF9A,CUST100005090,2026-04-20,2026-05-11,267.21,21.38,288.59,Overdue
INVCE9D237766,CUST100035396,2026-03-07,2026-03-28,319.61,25.57,345.18,Paid
INV9D9C3417CA,CUST100004294,2026-06-27,2026-07-18,205.49,16.44,221.93,Overdue
INV08F00EA7B5,CUST100046315,2025-12-31,2026-01-21,159.77,12.78,172.55,Paid
INV63CF1C68A4,CUST100024146,2026-06-22,2026-07-13,67.21,5.38,72.59,Paid
INVFA4E3B0068,CUST100058964,2026-01-10,2026-01-31,344.54,27.56,372.1,Unpaid
INV900F2703CA,CUST100006522,2026-04-04,2026-04-25,176.52,14.12,190.64,Paid
INVBE8024430A,CUST100014356,2026-03-13,2026-04-03,55.45,4.44,59.89,Unpaid
INVD579A750AA,CUST100028949,2025-08-17,2025-09-07,246.91,19.75,266.66,Paid
INVD664C80E22,CUST100033894,2025-08-15,2025-09-05,61.18,4.89,66.07,Partially Paid
INVADF5C2FDC7,CUST100010930,2026-03-18,2026-04-08,131.36,10.51,141.87,Paid
INV5606EE6B6E,CUST100085723,2026-01-10,2026-01-31,196.2,15.7,211.9,Paid
INV9F4CEF2A56,CUST100000161,2025-11-13,2025-12-04,272.1,21.77,293.87,Paid
INVA61755C418,CUST100007799,2025-09-29,2025-10-20,229.38,18.35,247.73,Unpaid
INV3CD92A05EE,CUST100060277,2026-03-29,2026-04-19,65.71,5.26,70.97,Paid
INV2F80F49EAF,CUST100041638,2025-09-01,2025-09-22,173.8,13.9,187.7,Paid
INVC97EEAAC4C,CUST100051403,2026-01-23,2026-02-13,165.92,13.27,179.19,Unpaid
INV5A4082E340,CUST100083872,2026-01-26,2026-02-16,272.23,21.78,294.01,Partially Paid
INV61ED3536F7,CUST100090658,2026-07-23,2026-08-13,315.89,25.27,341.16,Paid
INV509BEE4ED6,CUST100070017,2025-09-22,2025-10-13,227.2,18.18,245.38,Paid
INVF15231DC89,CUST100005010,2026-01-23,2026-02-13,352.05,28.16,380.21,Paid
INV51ACE9B6C0,CUST100016985,2025-08-25,2025-09-15,101.31,8.1,109.41,Paid
INVB9569927DA,CUST100081878,2025-09-20,2025-10-11,387.84,31.03,418.87,Paid
INVC62B68DAA6,CUST100052516,2025-08-21,2025-09-11,240.87,19.27,260.14,Overdue
INV818E79B59C,CUST100031139,2026-04-14,2026-05-05,376.91,30.15,407.06,Paid
INVAA7AD34F29,CUST100092778,2026-01-30,2026-02-20,263.59,21.09,284.68,Paid
INVDCFA7C9A7E,CUST100030970,2025-09-23,2025-10-14,146.56,11.72,158.28,Paid
INV5A9417B277,CUST100071248,2025-11-09,2025-11-30,170.83,13.67,184.5,Paid
INV988231FEAF,CUST100007997,2025-08-18,2025-09-08,55.04,4.4,59.44,Partially Paid
INV338757508A,CUST100093074,2026-06-14,2026-07-05,393.08,31.45,424.53,Paid
INV7EE5EC0992,CUST100023670,2026-05-01,2026-05-22,258.67,20.69,279.36,Overdue
INV9989AD7247,CUST100016824,2026-01-01,2026-01-22,254.63,20.37,275.0,Paid
INV177AE3FEF7,CUST100073898,2026-02-16,2026-03-09,344.69,27.58,372.27,Partially Paid
INV669E056E43,CUST100098441,2026-03-08,2026-03-29,103.81,8.3,112.11,Unpaid
INV02BF74E3EC,CUST100019741,2026-04-04,2026-04-25,325.01,26.0,351.01,Paid
INV4F46DA3AF7,CUST100070263,2025-11-27,2025-12-18,214.71,17.18,231.89,Paid
INVCCE4803562,CUST100063257,2025-08-21,2025-09-11,265.91,21.27,287.18,Unpaid
INVB0ADF061D0,CUST100025158,2026-04-28,2026-05-19,254.6,20.37,274.97,Partially Paid
INV178D079D48,CUST100068243,2026-01-23,2026-02-13,124.74,9.98,134.72,Partially Paid
INVF63A1EC872,CUST100057044,2026-04-28,2026-05-19,174.34,13.95,188.29,Paid
INV7472405876,CUST100046243,2025-12-20,2026-01-10,80.05,6.4,86.45,Partially Paid
INV6A7942DCDA,CUST100003772,2026-04-09,2026-04-30,395.03,31.6,426.63,Paid
INV2297C3D349,CUST100057771,2026-01-07,2026-01-28,98.03,7.84,105.87,Paid
INVF397BF6A34,CUST100091274,2025-10-18,2025-11-08,176.24,14.1,190.34,Paid
INV0D04261F20,CUST100029661,2025-10-11,2025-11-01,298.24,23.86,322.1,Overdue
INV4D5E9864D7,CUST100078464,2026-03-04,2026-03-25,271.15,21.69,292.84,Overdue
INVA3273C5FE6,CUST100022471,2026-02-19,2026-03-12,226.7,18.14,244.84,Partially Paid
INV63F06CF664,CUST100033575,2025-09-28,2025-10-19,260.33,20.83,281.16,Paid
INV702CA3D5B4,CUST100052886,2026-04-05,2026-04-26,211.7,16.94,228.64,Paid
INV4A97BA85EC,CUST100065497,2026-05-14,2026-06-04,45.25,3.62,48.87,Paid
INV257D348837,CUST100001519,2025-12-14,2026-01-04,49.95,4.0,53.95,Paid
INVAC76D789EB,CUST100036359,2025-11-10,2025-12-01,103.09,8.25,111.34,Paid
INVF289399624,CUST100096680,2025-11-29,2025-12-20,298.91,23.91,322.82,Overdue
INV2ADAFCA048,CUST100064867,2025-08-14,2025-09-04,102.28,8.18,110.46,Paid
INV5B09D6EBF5,CUST100095602,2026-06-03,2026-06-24,90.21,7.22,97.43,Paid
INV14574CFE29,CUST100020830,2026-06-21,2026-07-12,148.91,11.91,160.82,Unpaid
INV9271B1059B,CUST100081985,2025-12-28,2026-01-18,25.04,2.0,27.04,Partially Paid
INVD12829D19E,CUST100067535,2026-03-24,2026-04-14,121.39,9.71,131.1,Paid
INV81B5D75508,CUST100045073,2026-07-10,2026-07-31,224.24,17.94,242.18,Paid
INV27079E1871,CUST100075638,2026-01-29,2026-02-19,241.17,19.29,260.46,Paid
INVD81C5970EE,CUST100008484,2026-01-30,2026-02-20,345.09,27.61,372.7,Overdue
INVEAE20DF20C,CUST100092487,2026-07-01,2026-07-22,113.83,9.11,122.94,Unpaid
INVB3DDBEF263,CUST100056787,2026-03-11,2026-04-01,398.3,31.86,430.16,Paid
INV79968D8550,CUST100062280,2026-07-17,2026-08-07,60.7,4.86,65.56,Paid
INVB442879FE8,CUST100061984,2025-09-18,2025-10-09,392.07,31.37,423.44,Paid
INV3348CB7BFD,CUST100083992,2025-08-07,2025-08-28,110.75,8.86,119.61,Unpaid
INV0DB061E783,CUST100001568,2025-08-04,2025-08-25,330.61,26.45,357.06,Paid
INVDE9F305494,CUST100015071,2026-03-20,2026-04-10,24.34,1.95,26.29,Paid
INV27F57F33E3,CUST100092030,2025-10-04,2025-10-25,169.25,13.54,182.79,Partially Paid
INVBE8AB662B3,CUST100032019,2025-08-02,2025-08-23,29.23,2.34,31.57,Paid
INV85E4C9DD87,CUST100040723,2025-09-05,2025-09-26,28.28,2.26,30.54,Unpaid
INV3A6E0D13F3,CUST100076889,2025-09-04,2025-09-25,211.41,16.91,228.32,Unpaid
INVB5F936166D,CUST100045699,2025-10-20,2025-11-10,240.58,19.25,259.83,Paid
INVD4EBAB0B7F,CUST100011883,2026-01-20,2026-02-10,32.53,2.6,35.13,Paid
INV2EB468A811,CUST100014503,2026-07-23,2026-08-13,60.01,4.8,64.81,Paid
INV6B93A6FBE8,CUST100033512,2026-02-19,2026-03-12,364.71,29.18,393.89,Overdue
INVD70A776555,CUST100051386,2025-09-21,2025-10-12,122.94,9.84,132.78,Unpaid
INV79A839F8D2,CUST100047381,2025-12-03,2025-12-24,229.85,18.39,248.24,Unpaid
INVE53CACDC5A,CUST100056314,2025-11-10,2025-12-01,71.11,5.69,76.8,Unpaid
INV949B66CA26,CUST100066202,2026-07-20,2026-08-10,389.54,31.16,420.7,Paid
INVCB28D188AE,CUST100023044,2025-12-05,2025-12-26,308.54,24.68,333.22,Paid
INV5275DE261B,CUST100027758,2026-01-27,2026-02-17,313.52,25.08,338.6,Paid
INVD906C124BF,CUST100044035,2026-05-22,2026-06-12,376.38,30.11,406.49,Paid
INVE4ADDC9B7B,CUST100092039,2025-11-02,2025-11-23,394.97,31.6,426.57,Unpaid
INV0DFF3690EA,CUST100044984,2026-01-02,2026-01-23,81.15,6.49,87.64,Paid
INV0A3A45DCBC,CUST100052826,2025-09-07,2025-09-28,221.23,17.7,238.93,Paid
INV24FD07A580,CUST100027165,2026-04-01,2026-04-22,281.5,22.52,304.02,Paid
INV1B30F57853,CUST100075504,2026-06-04,2026-06-25,103.88,8.31,112.19,Paid
INV1CE820A580,CUST100095122,2026-02-19,2026-03-12,72.43,5.79,78.22,Paid
INV31666555FB,CUST100075731,2026-05-10,2026-05-31,351.08,28.09,379.17,Paid
INVCA12E68CEB,CUST100075409,2025-08-10,2025-08-31,389.6,31.17,420.77,Partially Paid
INV10E0A9C242,CUST100044149,2026-04-26,2026-05-17,124.18,9.93,134.11,Paid
INV76DBB10E89,CUST100044877,2025-10-17,2025-11-07,324.86,25.99,350.85,Paid
INVB6D856B758,CUST100060702,2026-02-03,2026-02-24,355.69,28.46,384.15,Paid
INV8A95F197D9,CUST100004986,2025-11-26,2025-12-17,245.38,19.63,265.01,Paid
INVD7129B06C0,CUST100004580,2026-06-07,2026-06-28,144.11,11.53,155.64,Paid
INV3207360C77,CUST100017780,2026-01-02,2026-01-23,376.27,30.1,406.37,Paid
INV8A43545FD5,CUST100036410,2025-09-04,2025-09-25,304.07,24.33,328.4,Paid
INV532D91D7D6,CUST100014213,2025-08-18,2025-09-08,356.0,28.48,384.48,Paid
INV9C691465B2,CUST100033831,2025-11-05,2025-11-26,25.2,2.02,27.22,Paid
INV76CF27D3CF,CUST100058566,2026-03-17,2026-04-07,346.26,27.7,373.96,Unpaid
INV4EC738633C,CUST100074285,2025-12-12,2026-01-02,102.56,8.2,110.76,Paid
INVC6BBF4E0A0,CUST100005713,2025-08-27,2025-09-17,98.7,7.9,106.6,Paid
INV33DA938A04,CUST100047246,2025-08-23,2025-09-13,39.32,3.15,42.47,Paid
INV750F9562D0,CUST100025166,2025-11-27,2025-12-18,301.14,24.09,325.23,Overdue
INV8B386D9FF0,CUST100048246,2025-10-09,2025-10-30,364.42,29.15,393.57,Partially Paid
INV8E06EF2690,CUST100091244,2026-03-22,2026-04-12,267.86,21.43,289.29,Paid
INVF8B81B3CD5,CUST100045161,2026-01-18,2026-02-08,372.78,29.82,402.6,Paid
INV3BD50737B3,CUST100069957,2026-04-06,2026-04-27,345.37,27.63,373.0,Unpaid
INVD326B2815E,CUST100080838,2025-08-05,2025-08-26,275.03,22.0,297.03,Paid
INV6D41878721,CUST100047918,2026-03-20,2026-04-10,89.64,7.17,96.81,Unpaid
INVC219454FA9,CUST100098658,2026-06-11,2026-07-02,153.56,12.28,165.84,Paid
INVA2161E7476,CUST100099502,2025-09-16,2025-10-07,369.8,29.58,399.38,Unpaid
INVA8D86CC6E9,CUST100055909,2025-08-12,2025-09-02,51.74,4.14,55.88,Unpaid
INVC245F0AE47,CUST100023920,2026-02-10,2026-03-03,331.2,26.5,357.7,Unpaid
INV8187F95D78,CUST100062182,2026-06-13,2026-07-04,96.61,7.73,104.34,Paid
INVC5AE5C0328,CUST100048324,2026-05-23,2026-06-13,263.56,21.08,284.64,Overdue
INV74ECF1EE25,CUST100061963,2026-02-10,2026-03-03,319.24,25.54,344.78,Paid
INV331D223928,CUST100085202,2025-10-31,2025-11-21,98.21,7.86,106.07,Paid
INV567102FD95,CUST100017381,2026-06-27,2026-07-18,299.91,23.99,323.9,Paid
INV6B1F10D222,CUST100057803,2026-01-13,2026-02-03,96.77,7.74,104.51,Overdue
INV0B23A4ADEF,CUST100032958,2026-04-03,2026-04-24,182.86,14.63,197.49,Partially Paid
INV32E0CBA801,CUST100098131,2025-11-24,2025-12-15,143.68,11.49,155.17,Paid
INVD0B2448701,CUST100029538,2026-04-27,2026-05-18,285.06,22.8,307.86,Unpaid
INVCA0B2495D0,CUST100024860,2026-06-14,2026-07-05,65.32,5.23,70.55,Paid
INV8AB234FA12,CUST100098256,2025-08-08,2025-08-29,181.83,14.55,196.38,Paid
INV9BAF571335,CUST100021623,2026-01-01,2026-01-22,259.46,20.76,280.22,Paid
INVE05AD68315,CUST100017624,2026-03-10,2026-03-31,103.07,8.25,111.32,Unpaid
INVE3E1551712,CUST100060847,2026-05-29,2026-06-19,204.26,16.34,220.6,Paid
INV9FA2DEE697,CUST100026825,2026-06-21,2026-07-12,21.6,1.73,23.33,Unpaid
INVCB5AF94F7B,CUST100059122,2025-09-12,2025-10-03,133.26,10.66,143.92,Paid
INVEE94125D4F,CUST100077275,2025-08-21,2025-09-11,106.03,8.48,114.51,Paid
INVCC057B3D0E,CUST100049016,2026-02-13,2026-03-06,358.17,28.65,386.82,Unpaid
INV464F8BA788,CUST100053315,2025-10-06,2025-10-27,117.84,9.43,127.27,Unpaid
INV8FC0C3AE21,CUST100034928,2026-05-02,2026-05-23,342.21,27.38,369.59,Paid
INV9EBB434BD2,CUST100071152,2025-12-06,2025-12-27,163.86,13.11,176.97,Paid
INVC71C49A6BB,CUST100051310,2025-08-14,2025-09-04,215.69,17.26,232.95,Paid
INV32CEA1C55A,CUST100028192,2025-11-24,2025-12-15,112.49,9.0,121.49,Paid
INVF392E53091,CUST100061904,2025-12-02,2025-12-23,66.98,5.36,72.34,Partially Paid
INV444B434281,CUST100046693,2026-03-04,2026-03-25,362.17,28.97,391.14,Unpaid
INVB1188EB11D,CUST100001285,2025-08-08,2025-08-29,292.02,23.36,315.38,Paid
INVD785284F1D,CUST100049462,2025-11-02,2025-11-23,116.61,9.33,125.94,Paid
INV1B61414EBF,CUST100091256,2026-06-25,2026-07-16,399.95,32.0,431.95,Paid
INV0125550463,CUST100052795,2026-03-26,2026-04-16,195.0,15.6,210.6,Paid
INVBC4EE45177,CUST100019193,2025-11-26,2025-12-17,301.8,24.14,325.94,Paid
INVF8C164EEE0,CUST100017306,2026-04-06,2026-04-27,206.77,16.54,223.31,Paid
INV2DBC940826,CUST100017906,2026-03-29,2026-04-19,346.61,27.73,374.34,Paid
INVB24E13143D,CUST100032589,2026-06-23,2026-07-14,394.52,31.56,426.08,Paid
INV5E39F29C28,CUST100036667,2026-02-03,2026-02-24,75.39,6.03,81.42,Paid
INVF57E814C71,CUST100045371,2025-09-16,2025-10-07,201.16,16.09,217.25,Paid
INV2983366994,CUST100097237,2025-08-15,2025-09-05,110.96,8.88,119.84,Overdue
INV5C96FD2835,CUST100056659,2026-04-12,2026-05-03,189.14,15.13,204.27,Partially Paid
INVF7014E50A7,CUST100067917,2026-05-08,2026-05-29,258.42,20.67,279.09,Paid
INV1F7ED21D52,CUST100078790,2026-02-10,2026-03-03,380.85,30.47,411.32,Partially Paid
INV186361FEBF,CUST100061271,2026-04-12,2026-05-03,393.8,31.5,425.3,Paid
INV1700CD7274,CUST100065156,2026-04-08,2026-04-29,221.62,17.73,239.35,Paid
INV1CF3DA9187,CUST100018227,2025-11-28,2025-12-19,140.18,11.21,151.39,Partially Paid
INV8F8BA29F49,CUST100041330,2026-04-30,2026-05-21,127.32,10.19,137.51,Paid
INV8CE76658D7,CUST100093766,2026-05-08,2026-05-29,72.43,5.79,78.22,Paid
INVFF84CED620,CUST100084758,2025-10-09,2025-10-30,218.91,17.51,236.42,Paid
INV6BCD2970BA,CUST100083535,2026-06-10,2026-07-01,102.83,8.23,111.06,Paid
INV22A5EAF986,CUST100095081,2025-09-03,2025-09-24,54.81,4.38,59.19,Paid
INV6CF64FE4FC,CUST100012195,2025-12-16,2026-01-06,142.84,11.43,154.27,Overdue
INVA9E9A70507,CUST100024565,2026-07-23,2026-08-13,278.61,22.29,300.9,Paid
INV7DB26FB133,CUST100012368,2026-05-13,2026-06-03,155.23,12.42,167.65,Paid
INV302D6FB107,CUST100011367,2025-08-04,2025-08-25,98.04,7.84,105.88,Paid
INV62400F2930,CUST100061242,2026-05-01,2026-05-22,357.04,28.56,385.6,Paid
INVB216705390,CUST100087211,2025-10-20,2025-11-10,252.62,20.21,272.83,Partially Paid
INVF2594BB69B,CUST100054197,2025-10-23,2025-11-13,285.92,22.87,308.79,Paid
INVADFD3E74D1,CUST100044288,2026-05-23,2026-06-13,304.82,24.39,329.21,Paid
INVAC8FCE6583,CUST100061151,2025-11-18,2025-12-09,52.44,4.2,56.64,Paid
INV6CCC771EB0,CUST100055429,2025-08-28,2025-09-18,390.13,31.21,421.34,Unpaid
INVE9BD1F55BD,CUST100069955,2026-01-09,2026-01-30,269.69,21.58,291.27,Partially Paid
INV9F94805F6C,CUST100055419,2025-10-12,2025-11-02,251.8,20.14,271.94,Overdue
INV4B20F1DC81,CUST100097277,2026-03-11,2026-04-01,25.58,2.05,27.63,Paid
INVA6978CFAB7,CUST100095714,2025-12-02,2025-12-23,183.18,14.65,197.83,Partially Paid
INV7C8CE8B2C9,CUST100031173,2026-02-16,2026-03-09,218.02,17.44,235.46,Paid
INV1994072894,CUST100098582,2026-01-30,2026-02-20,319.85,25.59,345.44,Paid
INVF5B16F8DFC,CUST100002449,2026-05-14,2026-06-04,270.7,21.66,292.36,Paid
INV243519F3C1,CUST100020357,2025-10-25,2025-11-15,140.24,11.22,151.46,Paid
INVC59AF85CF6,CUST100083570,2025-12-28,2026-01-18,105.56,8.44,114.0,Overdue
INV08CAD204BE,CUST100029879,2026-06-27,2026-07-18,271.28,21.7,292.98,Paid
INV7FD613922A,CUST100000104,2026-03-20,2026-04-10,179.02,14.32,193.34,Partially Paid
INV5F1AEB27FE,CUST100014806,2026-04-12,2026-05-03,372.82,29.83,402.65,Paid
INVDA8D935930,CUST100025096,2026-06-02,2026-06-23,356.62,28.53,385.15,Paid
INV6065367E7B,CUST100043195,2025-11-30,2025-12-21,92.12,7.37,99.49,Paid
INVC6A1AD4D69,CUST100072075,2025-12-18,2026-01-08,386.98,30.96,417.94,Paid
INVB95791F85A,CUST100009831,2025-11-07,2025-11-28,380.87,30.47,411.34,Paid
INVB22E1B88EC,CUST100075683,2025-12-31,2026-01-21,202.78,16.22,219.0,Paid
INV8A444C0493,CUST100092313,2025-12-05,2025-12-26,214.87,17.19,232.06,Paid
INVFDD93DB41A,CUST100055828,2026-03-05,2026-03-26,127.66,10.21,137.87,Partially Paid
INV0EEDBED769,CUST100069898,2026-02-20,2026-03-13,214.94,17.2,232.14,Paid
INV1D73C0C725,CUST100032820,2025-10-21,2025-11-11,238.01,19.04,257.05,Unpaid
INVC31A11A79E,CUST100036505,2025-11-03,2025-11-24,89.85,7.19,97.04,Paid
INV960915DF2E,CUST100063714,2026-02-06,2026-02-27,123.24,9.86,133.1,Paid
INVB92E146C55,CUST100066096,2026-01-14,2026-02-04,354.47,28.36,382.83,Paid
INVEE0BFF3CE6,CUST100090252,2026-04-15,2026-05-06,108.3,8.66,116.96,Paid
INV1927F4ABFF,CUST100083363,2025-12-20,2026-01-10,223.61,17.89,241.5,Partially Paid
INVED55D169D1,CUST100040683,2025-12-10,2025-12-31,35.03,2.8,37.83,Paid
INV583271B89B,CUST100011192,2026-04-05,2026-04-26,79.2,6.34,85.54,Paid
INV4C982C677D,CUST100044997,2025-12-30,2026-01-20,273.29,21.86,295.15,Paid
INVB77DB31575,CUST100090431,2025-10-19,2025-11-09,55.7,4.46,60.16,Paid
INVD00C10278B,CUST100019388,2026-03-17,2026-04-07,229.86,18.39,248.25,Paid
INVD2DD9869A2,CUST100047721,2025-10-18,2025-11-08,344.76,27.58,372.34,Paid
INVCE7EFB8729,CUST100077378,2026-06-12,2026-07-03,159.37,12.75,172.12,Unpaid
INV9195FF92BF,CUST100014600,2026-07-19,2026-08-09,286.58,22.93,309.51,Partially Paid
INV8F8EE40F5C,CUST100056591,2025-08-09,2025-08-30,268.19,21.46,289.65,Paid
INVAB179E7BBD,CUST100001996,2026-07-04,2026-07-25,318.08,25.45,343.53,Paid
INV97AA658A6E,CUST100015473,2026-07-14,2026-08-04,133.28,10.66,143.94,Paid
INV47E9BFD379,CUST100034333,2026-02-20,2026-03-13,148.97,11.92,160.89,Paid
INV2FEC6B39DD,CUST100013597,2025-09-23,2025-10-14,115.99,9.28,125.27,Unpaid
INV9705F55F37,CUST100040173,2026-04-17,2026-05-08,124.34,9.95,134.29,Paid
INV5EF39FAD71,CUST100053229,2025-09-24,2025-10-15,215.64,17.25,232.89,Paid
INV64EA3B82B7,CUST100079429,2025-11-04,2025-11-25,254.97,20.4,275.37,Paid
INVE6FF0E69FA,CUST100003908,2026-03-18,2026-04-08,126.96,10.16,137.12,Paid
INVFBBE939F8B,CUST100023854,2026-01-07,2026-01-28,225.67,18.05,243.72,Paid
INV428E6ECBE8,CUST100049664,2026-06-23,2026-07-14,266.07,21.29,287.36,Overdue
INV8EE3C11B63,CUST100000705,2025-09-08,2025-09-29,293.62,23.49,317.11,Paid
INV89081B302B,CUST100057077,2026-05-06,2026-05-27,82.21,6.58,88.79,Paid
INV247794BD5E,CUST100021795,2025-10-12,2025-11-02,118.32,9.47,127.79,Paid
INV1CDD10C8C8,CUST100002318,2026-02-07,2026-02-28,256.9,20.55,277.45,Paid
INV6AEE6E40D9,CUST100016202,2025-11-15,2025-12-06,39.58,3.17,42.75,Paid
INVDB1D1445DC,CUST100055761,2026-04-22,2026-05-13,226.87,18.15,245.02,Overdue
INV1345399213,CUST100079194,2026-05-09,2026-05-30,262.53,21.0,283.53,Paid
INV45FFA8A10D,CUST100015202,2026-06-28,2026-07-19,301.32,24.11,325.43,Paid
INVA6F1E8562B,CUST100059250,2025-10-24,2025-11-14,371.69,29.74,401.43,Unpaid
INV3D85CBF181,CUST100084649,2026-01-21,2026-02-11,251.4,20.11,271.51,Paid
INV55EF958D3B,CUST100006117,2026-02-19,2026-03-12,139.08,11.13,150.21,Paid
INVA5365552CA,CUST100098099,2026-06-18,2026-07-09,61.46,4.92,66.38,Unpaid
INV74FDABF11B,CUST100059452,2026-04-02,2026-04-23,326.61,26.13,352.74,Paid
INV4CCC563275,CUST100075628,2026-06-12,2026-07-03,51.1,4.09,55.19,Paid
INV964ABD4925,CUST100065962,2025-11-16,2025-12-07,107.11,8.57,115.68,Paid
INV1A873CBA70,CUST100096415,2025-11-03,2025-11-24,345.0,27.6,372.6,Paid
INVA6D468C2DD,CUST100002560,2025-08-27,2025-09-17,262.74,21.02,283.76,Paid
INV82BD98EFF1,CUST100026540,2025-10-28,2025-11-18,347.43,27.79,375.22,Paid
INV6A46EEAA82,CUST100064964,2026-06-24,2026-07-15,322.38,25.79,348.17,Paid
INV59D1C5BCE3,CUST100062448,2026-04-16,2026-05-07,57.4,4.59,61.99,Paid
INV1763D11068,CUST100098186,2025-12-26,2026-01-16,126.21,10.1,136.31,Overdue
INV27C833AF75,CUST100035544,2026-02-06,2026-02-27,143.54,11.48,155.02,Overdue
INV87AB23B311,CUST100080237,2025-11-10,2025-12-01,84.38,6.75,91.13,Paid
INV9D1395A2F8,CUST100057281,2025-09-19,2025-10-10,393.26,31.46,424.72,Unpaid
INV12804E68BD,CUST100085465,2026-04-11,2026-05-02,195.83,15.67,211.5,Unpaid
INVFF266D49B9,CUST100035636,2026-05-22,2026-06-12,376.37,30.11,406.48,Paid
INVB0D1FD244F,CUST100035676,2026-03-30,2026-04-20,98.75,7.9,106.65,Paid
INVAFA383E992,CUST100090333,2025-09-03,2025-09-24,230.32,18.43,248.75,Paid
INV0B754BD7E3,CUST100098300,2025-12-04,2025-12-25,235.75,18.86,254.61,Paid
INV5B698EBD70,CUST100020533,2025-08-15,2025-09-05,46.34,3.71,50.05,Paid
INVC1AF5AF529,CUST100000638,2025-12-14,2026-01-04,149.77,11.98,161.75,Paid
INV79D807E8A1,CUST100075704,2026-03-22,2026-04-12,50.82,4.07,54.89,Paid
INV6A4DAB3D1D,CUST100036809,2026-01-18,2026-02-08,51.04,4.08,55.12,Paid
INV8D80A31122,CUST100010225,2026-04-02,2026-04-23,29.95,2.4,32.35,Unpaid
INVF28EE766E0,CUST100091738,2026-05-22,2026-06-12,68.27,5.46,73.73,Paid
INVF0F944015D,CUST100019478,2025-11-30,2025-12-21,254.97,20.4,275.37,Paid
INVFD3BBB46BC,CUST100052094,2025-08-07,2025-08-28,123.55,9.88,133.43,Paid
INVE1A8073B6C,CUST100006460,2026-03-25,2026-04-15,379.24,30.34,409.58,Partially Paid
INV73F8DD3197,CUST100083819,2026-06-19,2026-07-10,325.97,26.08,352.05,Paid
INV44316F8139,CUST100011994,2026-06-01,2026-06-22,175.67,14.05,189.72,Paid
INV56A6A46069,CUST100025711,2026-06-01,2026-06-22,399.19,31.94,431.13,Paid
INV3546DC3BBF,CUST100033571,2026-02-24,2026-03-17,390.22,31.22,421.44,Overdue
INVE1BF14241A,CUST100056470,2026-05-07,2026-05-28,331.91,26.55,358.46,Paid
INV0B6C27C9B7,CUST100034703,2026-03-06,2026-03-27,207.86,16.63,224.49,Paid
INV0DF51FA062,CUST100076677,2025-09-14,2025-10-05,162.06,12.96,175.02,Paid
INVC7241F89EB,CUST100043034,2025-11-04,2025-11-25,194.47,15.56,210.03,Partially Paid
INV0E78EDF191,CUST100010054,2026-06-26,2026-07-17,212.04,16.96,229.0,Paid
INV2333FAC2CE,CUST100071784,2025-11-01,2025-11-22,376.3,30.1,406.4,Paid
INV2FA72D1A8B,CUST100018326,2025-10-22,2025-11-12,207.35,16.59,223.94,Partially Paid
INV0EBF82BB43,CUST100023652,2026-07-22,2026-08-12,190.35,15.23,205.58,Paid
INV6D9436633C,CUST100084561,2025-10-23,2025-11-13,247.45,19.8,267.25,Paid
INV38D1719505,CUST100013578,2025-08-03,2025-08-24,354.61,28.37,382.98,Paid
INVBFBC952626,CUST100060745,2026-05-17,2026-06-07,142.72,11.42,154.14,Unpaid
INV6029D5CE1B,CUST100025575,2025-11-20,2025-12-11,40.05,3.2,43.25,Paid
INV456F235F7F,CUST100080739,2026-03-31,2026-04-21,151.06,12.08,163.14,Partially Paid
INV69125802FB,CUST100040088,2026-07-18,2026-08-08,287.52,23.0,310.52,Partially Paid
INV859B37BF50,CUST100049432,2026-07-12,2026-08-02,161.02,12.88,173.9,Unpaid
INVBB138E9B72,CUST100007407,2025-10-10,2025-10-31,54.79,4.38,59.17,Paid
INVD78052048A,CUST100045988,2025-10-29,2025-11-19,392.11,31.37,423.48,Paid
INV6988A03E45,CUST100041528,2026-01-31,2026-02-21,280.52,22.44,302.96,Unpaid
INV42B74ACBA6,CUST100005749,2025-11-05,2025-11-26,22.45,1.8,24.25,Unpaid
INVCD22207213,CUST100031598,2025-10-17,2025-11-07,253.96,20.32,274.28,Partially Paid
INV3D01ABA561,CUST100065128,2025-10-17,2025-11-07,260.71,20.86,281.57,Paid
INV4EA9C86BD4,CUST100045621,2026-02-27,2026-03-20,395.61,31.65,427.26,Paid
INVBC110CFC00,CUST100040263,2026-02-16,2026-03-09,341.26,27.3,368.56,Paid
INV941AF313B9,CUST100007290,2025-10-30,2025-11-20,188.68,15.09,203.77,Paid
INV860E3B6AF2,CUST100006777,2025-08-15,2025-09-05,248.36,19.87,268.23,Paid
INVA00AB44693,CUST100064913,2026-05-20,2026-06-10,100.4,8.03,108.43,Unpaid
INV287E25A1F7,CUST100036274,2026-02-07,2026-02-28,275.48,22.04,297.52,Paid
INV45D10CA0AD,CUST100039630,2025-09-12,2025-10-03,167.86,13.43,181.29,Paid
INV269464347A,CUST100013168,2025-11-14,2025-12-05,25.22,2.02,27.24,Unpaid
INVEBBEE23863,CUST100070146,2026-01-05,2026-01-26,329.52,26.36,355.88,Paid
INV699154B4C1,CUST100024417,2026-06-22,2026-07-13,234.09,18.73,252.82,Partially Paid
INV6E1B976886,CUST100092982,2025-11-10,2025-12-01,243.1,19.45,262.55,Paid
INV9360855F78,CUST100047189,2026-07-13,2026-08-03,50.93,4.07,55.0,Paid
INV26D6583A53,CUST100083034,2026-01-07,2026-01-28,230.35,18.43,248.78,Paid
INV515F2DD0ED,CUST100096667,2025-08-10,2025-08-31,292.0,23.36,315.36,Paid
INV90A682CD1A,CUST100071351,2026-07-20,2026-08-10,230.55,18.44,248.99,Paid
INV3086BBF7D6,CUST100051244,2026-06-14,2026-07-05,268.05,21.44,289.49,Paid
INVF5F7C00F87,CUST100011351,2025-10-26,2025-11-16,192.6,15.41,208.01,Paid
INV5452918554,CUST100060378,2025-10-16,2025-11-06,391.11,31.29,422.4,Paid
INVC8E3C8490E,CUST100049518,2026-06-14,2026-07-05,130.4,10.43,140.83,Unpaid
INV76F22FEB28,CUST100087860,2025-09-12,2025-10-03,73.96,5.92,79.88,Paid
INVD1C96AA00A,CUST100061568,2025-11-03,2025-11-24,46.11,3.69,49.8,Unpaid
INV98B4FEE99C,CUST100032941,2025-11-07,2025-11-28,163.97,13.12,177.09,Unpaid
INV562CBBB718,CUST100026146,2025-11-08,2025-11-29,156.86,12.55,169.41,Unpaid
INVB80DB8D93C,CUST100000714,2025-08-14,2025-09-04,385.56,30.84,416.4,Unpaid
INV30FF7EB643,CUST100057944,2026-06-13,2026-07-04,166.5,13.32,179.82,Paid
INVA712FF31DC,CUST100086985,2025-10-18,2025-11-08,243.52,19.48,263.0,Partially Paid
INVF3312EE1AE,CUST100061269,2026-05-12,2026-06-02,278.27,22.26,300.53,Overdue
INVA90A5D09EF,CUST100087364,2026-01-31,2026-02-21,202.41,16.19,218.6,Paid
INVAC2D2271A3,CUST100073995,2026-02-19,2026-03-12,234.96,18.8,253.76,Paid
INV8F7520F0E4,CUST100066886,2025-08-21,2025-09-11,260.5,20.84,281.34,Paid
INV912104A54C,CUST100034459,2025-11-13,2025-12-04,336.39,26.91,363.3,Unpaid
INV13A7BE47FF,CUST100077818,2026-02-16,2026-03-09,60.01,4.8,64.81,Overdue
INV3B961F608F,CUST100028544,2025-11-27,2025-12-18,52.89,4.23,57.12,Unpaid
INV4BDA7BF770,CUST100019032,2026-01-18,2026-02-08,210.07,16.81,226.88,Unpaid
INVC37934E2C4,CUST100021565,2025-12-05,2025-12-26,92.11,7.37,99.48,Overdue
INVE36229BF78,CUST100057778,2026-06-12,2026-07-03,88.57,7.09,95.66,Unpaid
INVD888D0BE20,CUST100020650,2025-09-07,2025-09-28,282.89,22.63,305.52,Paid
INVDAC0494B20,CUST100058248,2026-05-25,2026-06-15,86.93,6.95,93.88,Paid
INV3E4D078FB6,CUST100007504,2026-02-11,2026-03-04,221.32,17.71,239.03,Partially Paid
INVF3F8BB44A8,CUST100046858,2026-07-01,2026-07-22,66.6,5.33,71.93,Paid
INV491C07B8C9,CUST100013122,2026-05-12,2026-06-02,249.56,19.96,269.52,Paid
INV7DF3CFD8C8,CUST100082887,2026-07-01,2026-07-22,230.97,18.48,249.45,Paid
INV4453998DA8,CUST100031875,2026-06-28,2026-07-19,85.83,6.87,92.7,Paid
INV562BCF3FB1,CUST100014056,2026-05-18,2026-06-08,289.15,23.13,312.28,Paid
INVA7D046E0D3,CUST100038793,2025-10-24,2025-11-14,140.39,11.23,151.62,Overdue
INV3AB1637902,CUST100065109,2025-09-04,2025-09-25,52.51,4.2,56.71,Paid
INV714497ABB5,CUST100062272,2026-02-11,2026-03-04,85.38,6.83,92.21,Paid
INV0DE04FD447,CUST100055778,2025-08-31,2025-09-21,168.76,13.5,182.26,Paid
INVB20B37E82C,CUST100029333,2026-07-22,2026-08-12,285.89,22.87,308.76,Overdue
INVDB7A1734D2,CUST100051659,2026-06-22,2026-07-13,105.48,8.44,113.92,Paid
INVD166B09B7A,CUST100058866,2026-02-15,2026-03-08,339.75,27.18,366.93,Unpaid
INV8EA878E75C,CUST100075474,2025-12-21,2026-01-11,37.91,3.03,40.94,Paid
INV6A8169A9AE,CUST100034856,2026-01-03,2026-01-24,317.02,25.36,342.38,Paid
INVF555FE146F,CUST100025140,2026-05-04,2026-05-25,77.33,6.19,83.52,Overdue
INV356CD52BFE,CUST100002930,2026-01-14,2026-02-04,31.61,2.53,34.14,Overdue
INV800B8EC18D,CUST100085634,2026-07-13,2026-08-03,80.06,6.4,86.46,Paid
INV9E0864BD0D,CUST100078133,2026-04-08,2026-04-29,136.72,10.94,147.66,Overdue
INVEADB56876D,CUST100090079,2026-04-10,2026-05-01,49.23,3.94,53.17,Paid
INVF153CED374,CUST100022777,2025-10-09,2025-10-30,326.86,26.15,353.01,Unpaid
INVF5D9D7388A,CUST100011041,2026-06-28,2026-07-19,289.72,23.18,312.9,Partially Paid
INVCCD7EDCAE7,CUST100076206,2026-02-05,2026-02-26,20.93,1.67,22.6,Paid
INV92FCB9DDA0,CUST100020464,2026-04-07,2026-04-28,61.42,4.91,66.33,Paid
INVA38A6CEEAC,CUST100045112,2025-12-01,2025-12-22,131.83,10.55,142.38,Overdue
INVC86A54081D,CUST100005516,2025-12-06,2025-12-27,344.14,27.53,371.67,Paid
INVAACBA3D276,CUST100055247,2026-07-22,2026-08-12,282.63,22.61,305.24,Overdue
INVAE29941B9E,CUST100095958,2025-09-30,2025-10-21,112.65,9.01,121.66,Paid
INV71773FE392,CUST100010730,2026-03-23,2026-04-13,330.17,26.41,356.58,Overdue
INV0F64141B27,CUST100074573,2026-05-11,2026-06-01,191.86,15.35,207.21,Paid
INVEEC872CFE2,CUST100094620,2026-06-19,2026-07-10,327.51,26.2,353.71,Paid
INVB41C3D5477,CUST100021925,2025-10-14,2025-11-04,156.45,12.52,168.97,Partially Paid
INV6392A27F3F,CUST100096213,2025-11-07,2025-11-28,376.67,30.13,406.8,Unpaid
INVF11D4C8988,CUST100046503,2026-02-16,2026-03-09,64.7,5.18,69.88,Unpaid
INV2D6858CA98,CUST100061208,2026-05-31,2026-06-21,246.33,19.71,266.04,Overdue
INVA866E6B554,CUST100078709,2025-09-21,2025-10-12,207.94,16.64,224.58,Paid
INVA743061C5C,CUST100002386,2025-08-23,2025-09-13,148.33,11.87,160.2,Paid
INVE237097BDE,CUST100018318,2026-03-16,2026-04-06,379.74,30.38,410.12,Overdue
INV607CFD12CE,CUST100009964,2025-08-21,2025-09-11,258.42,20.67,279.09,Paid
INV020BEBB74F,CUST100079850,2026-01-23,2026-02-13,199.4,15.95,215.35,Paid
INVA10AF31C23,CUST100024016,2025-10-19,2025-11-09,33.84,2.71,36.55,Paid
INVE8B4FDA26A,CUST100037633,2026-06-15,2026-07-06,209.63,16.77,226.4,Partially Paid
INV5CFCE41090,CUST100056660,2026-05-25,2026-06-15,287.02,22.96,309.98,Paid
INV6A9693FBAE,CUST100004595,2026-06-12,2026-07-03,95.08,7.61,102.69,Paid
INV95A5BF87B5,CUST100052406,2025-10-14,2025-11-04,108.53,8.68,117.21,Paid
INVE73BEB85FB,CUST100081074,2026-07-15,2026-08-05,395.09,31.61,426.7,Paid
INVFF10BFB1F0,CUST100082647,2026-03-24,2026-04-14,356.9,28.55,385.45,Unpaid
INVF9ACB7D334,CUST100056141,2025-09-28,2025-10-19,160.37,12.83,173.2,Paid
INV355053C10E,CUST100062184,2025-11-21,2025-12-12,348.0,27.84,375.84,Overdue
INVA07ABF8D79,CUST100095938,2026-06-18,2026-07-09,310.85,24.87,335.72,Unpaid
INV58E4CEFAF5,CUST100048572,2025-08-28,2025-09-18,53.96,4.32,58.28,Unpaid
INVE9BF0DE5F5,CUST100088305,2026-03-17,2026-04-07,156.83,12.55,169.38,Paid
INV1B0F8679E6,CUST100040565,2026-02-21,2026-03-14,301.46,24.12,325.58,Unpaid
INVA48A42AC77,CUST100018602,2026-06-07,2026-06-28,333.88,26.71,360.59,Paid
INVF69614B206,CUST100072742,2025-08-11,2025-09-01,38.17,3.05,41.22,Unpaid
INV4B2189E327,CUST100002936,2026-01-14,2026-02-04,79.77,6.38,86.15,Paid
INV724B599A83,CUST100010170,2025-12-13,2026-01-03,147.36,11.79,159.15,Paid
INV74C8F1E25D,CUST100039715,2026-07-20,2026-08-10,307.74,24.62,332.36,Paid
INVC6F2704E0D,CUST100001063,2026-05-07,2026-05-28,28.63,2.29,30.92,Partially Paid
INV9DC00D09B6,CUST100011553,2026-03-07,2026-03-28,251.08,20.09,271.17,Partially Paid
INVE04AEDDDE7,CUST100018798,2025-09-17,2025-10-08,34.88,2.79,37.67,Paid
INVCF738FF155,CUST100077565,2026-06-01,2026-06-22,30.37,2.43,32.8,Paid
INVD4354C3CC3,CUST100012714,2025-10-07,2025-10-28,179.12,14.33,193.45,Unpaid
INVFC3FA30EC6,CUST100005038,2025-08-27,2025-09-17,171.51,13.72,185.23,Unpaid
INV4954C9A111,CUST100067488,2025-11-26,2025-12-17,35.78,2.86,38.64,Partially Paid
INV8F210219DB,CUST100090205,2026-04-19,2026-05-10,327.5,26.2,353.7,Unpaid
INV23E8B95DBE,CUST100060027,2026-01-18,2026-02-08,373.14,29.85,402.99,Partially Paid
INVF681EBA6DC,CUST100060997,2025-12-11,2026-01-01,112.09,8.97,121.06,Overdue
INV6333B00147,CUST100023869,2025-09-21,2025-10-12,395.75,31.66,427.41,Paid
INVACF8ACE974,CUST100089060,2025-12-06,2025-12-27,327.43,26.19,353.62,Paid
INV2231D4D879,CUST100070322,2026-02-10,2026-03-03,226.54,18.12,244.66,Partially Paid
INVDC53DAA0CE,CUST100088508,2025-11-29,2025-12-20,191.73,15.34,207.07,Paid
INV8147BE6D81,CUST100009599,2025-11-28,2025-12-19,284.02,22.72,306.74,Paid
INV34153AF06C,CUST100010158,2026-07-08,2026-07-29,387.42,30.99,418.41,Paid
INVAD57F57FE9,CUST100039132,2025-10-18,2025-11-08,263.88,21.11,284.99,Paid
INV31BB51FAE4,CUST100053377,2025-09-23,2025-10-14,131.5,10.52,142.02,Paid
INVE674404E63,CUST100049133,2026-07-10,2026-07-31,30.71,2.46,33.17,Paid
INV6335960FE4,CUST100078012,2026-01-01,2026-01-22,92.82,7.43,100.25,Overdue
INV01A4CB7D40,CUST100092349,2026-04-26,2026-05-17,340.32,27.23,367.55,Unpaid
INVD2A74A7896,CUST100045435,2025-12-05,2025-12-26,343.43,27.47,370.9,Paid
INV1697E7EBB4,CUST100049719,2026-06-27,2026-07-18,129.74,10.38,140.12,Paid
INV6479FB56AC,CUST100064619,2025-11-22,2025-12-13,194.1,15.53,209.63,Paid
INV8E242E80B9,CUST100011423,2026-01-13,2026-02-03,302.09,24.17,326.26,Partially Paid
INV6222BB344A,CUST100089051,2026-06-19,2026-07-10,236.85,18.95,255.8,Paid
INVAB7FB83384,CUST100077201,2026-06-02,2026-06-23,181.49,14.52,196.01,Paid
INVAE6FD00614,CUST100030327,2026-01-09,2026-01-30,328.5,26.28,354.78,Paid
INV3261C7705E,CUST100088126,2026-04-08,2026-04-29,286.17,22.89,309.06,Paid
INV2C37087DC1,CUST100038791,2025-12-16,2026-01-06,372.9,29.83,402.73,Partially Paid
INVB5195E7F98,CUST100032286,2026-04-17,2026-05-08,397.08,31.77,428.85,Partially Paid
INV6D1CB91372,CUST100011659,2026-07-10,2026-07-31,150.27,12.02,162.29,Paid
INVDFA5507511,CUST100065799,2026-02-03,2026-02-24,206.32,16.51,222.83,Overdue
INVCB705CA9A1,CUST100009196,2026-03-16,2026-04-06,381.47,30.52,411.99,Paid
INVDCD36B08E8,CUST100051758,2025-11-07,2025-11-28,26.43,2.11,28.54,Unpaid
INVC764F0CCC5,CUST100098347,2026-02-24,2026-03-17,36.65,2.93,39.58,Paid
INVFF27C661C3,CUST100040857,2026-04-02,2026-04-23,55.22,4.42,59.64,Overdue
INV7B0827336A,CUST100034188,2025-10-21,2025-11-11,177.7,14.22,191.92,Paid
INVE3C47515A6,CUST100000082,2026-06-13,2026-07-04,131.13,10.49,141.62,Paid
INVA8BF4D2C91,CUST100052302,2026-03-10,2026-03-31,236.29,18.9,255.19,Paid
INV6CEF83A5E4,CUST100025755,2026-02-05,2026-02-26,91.28,7.3,98.58,Paid
INV6B1A7F283A,CUST100053987,2026-03-27,2026-04-17,60.28,4.82,65.1,Overdue
INV48C61C83EF,CUST100050669,2026-04-30,2026-05-21,388.75,31.1,419.85,Unpaid
INV9BCD62075E,CUST100001655,2026-07-12,2026-08-02,308.38,24.67,333.05,Paid
INV95D302A302,CUST100054999,2026-02-07,2026-02-28,341.57,27.33,368.9,Paid
INVCD3741749E,CUST100037634,2025-11-16,2025-12-07,80.23,6.42,86.65,Paid
INVF9AFB1B161,CUST100053485,2026-01-23,2026-02-13,208.95,16.72,225.67,Paid
INV03FF49608B,CUST100033424,2025-09-17,2025-10-08,77.04,6.16,83.2,Paid
INVAAE30C4DA0,CUST100079373,2026-01-17,2026-02-07,34.61,2.77,37.38,Paid
INV923480E5C0,CUST100038287,2026-05-05,2026-05-26,155.08,12.41,167.49,Paid
INVD773D904B4,CUST100064592,2025-11-25,2025-12-16,260.71,20.86,281.57,Paid
INVECDB6A3EF5,CUST100062423,2025-08-20,2025-09-10,391.28,31.3,422.58,Partially Paid
INV1A2D712F37,CUST100022439,2025-08-13,2025-09-03,147.68,11.81,159.49,Paid
INV9DFFB9FAD0,CUST100013200,2025-12-13,2026-01-03,159.52,12.76,172.28,Unpaid
INVB6473CFF90,CUST100060156,2026-01-07,2026-01-28,62.85,5.03,67.88,Paid
INV8C7773405A,CUST100097052,2026-05-01,2026-05-22,362.57,29.01,391.58,Paid
INVDBACD8C85B,CUST100081384,2026-02-14,2026-03-07,191.89,15.35,207.24,Unpaid
INV3D86874F7B,CUST100059314,2025-08-29,2025-09-19,307.31,24.58,331.89,Paid
INV194538F94F,CUST100064096,2025-11-06,2025-11-27,361.68,28.93,390.61,Paid
INV0CC12A9829,CUST100076296,2025-08-25,2025-09-15,261.07,20.89,281.96,Paid
INV9E0A9A41C1,CUST100067567,2025-10-13,2025-11-03,178.67,14.29,192.96,Paid
INV3B5FDCA50B,CUST100096924,2026-01-11,2026-02-01,22.96,1.84,24.8,Paid
INV0577FF6538,CUST100082664,2025-11-21,2025-12-12,378.46,30.28,408.74,Paid
INV5D4F0F1D4E,CUST100096108,2025-12-25,2026-01-15,76.72,6.14,82.86,Paid
INV9983E56CB0,CUST100035975,2026-06-16,2026-07-07,207.06,16.56,223.62,Unpaid
INVCEAEE4DAE3,CUST100005224,2025-10-22,2025-11-12,345.51,27.64,373.15,Partially Paid
INV17F7D7FF02,CUST100007462,2025-11-28,2025-12-19,126.38,10.11,136.49,Partially Paid
INV47E48021ED,CUST100051899,2025-11-15,2025-12-06,329.15,26.33,355.48,Paid
INV6C7D74EA32,CUST100002231,2026-05-16,2026-06-06,320.0,25.6,345.6,Paid
INV4285212356,CUST100059882,2026-06-11,2026-07-02,268.2,21.46,289.66,Overdue
INVAE35136877,CUST100011209,2025-09-03,2025-09-24,135.81,10.86,146.67,Paid
INV06FA0C669C,CUST100039468,2026-03-30,2026-04-20,160.87,12.87,173.74,Paid
INV7FCF4B2846,CUST100006889,2026-05-15,2026-06-05,359.5,28.76,388.26,Paid
INVFCA3A9C7D3,CUST100021413,2025-12-26,2026-01-16,60.51,4.84,65.35,Paid
INV2EBF532B90,CUST100014800,2026-01-10,2026-01-31,105.97,8.48,114.45,Paid
INV249DFDCCBB,CUST100034201,2026-06-19,2026-07-10,222.99,17.84,240.83,Unpaid
INV974D033179,CUST100041096,2025-08-20,2025-09-10,62.41,4.99,67.4,Paid
INVADFD27A0FD,CUST100058846,2025-08-25,2025-09-15,184.85,14.79,199.64,Overdue
INV9E54C76838,CUST100069668,2026-07-21,2026-08-11,217.16,17.37,234.53,Partially Paid
INVAC6A652C06,CUST100051508,2025-09-07,2025-09-28,269.64,21.57,291.21,Paid
INVA9B6EFBE49,CUST100012221,2025-08-05,2025-08-26,327.75,26.22,353.97,Paid
INVC0D20BF4C7,CUST100012168,2025-09-24,2025-10-15,82.77,6.62,89.39,Unpaid
INV898AA1A50B,CUST100066865,2026-01-04,2026-01-25,148.81,11.9,160.71,Partially Paid
INV11370E243E,CUST100006769,2026-02-27,2026-03-20,270.56,21.64,292.2,Paid
INV8446A54E48,CUST100020171,2025-10-10,2025-10-31,335.26,26.82,362.08,Paid
INVA5CB40D13B,CUST100017141,2026-04-27,2026-05-18,36.7,2.94,39.64,Paid
INV9FF7EBA4ED,CUST100078596,2026-06-17,2026-07-08,126.61,10.13,136.74,Unpaid
INV042FAA5B5A,CUST100035272,2025-11-01,2025-11-22,159.4,12.75,172.15,Overdue
INV4126F6647A,CUST100060368,2026-03-13,2026-04-03,284.1,22.73,306.83,Paid
INV6C24BDC137,CUST100024424,2025-08-19,2025-09-09,293.92,23.51,317.43,Overdue
INV9CA6D34478,CUST100040373,2025-11-07,2025-11-28,390.63,31.25,421.88,Paid
INV485148E2A9,CUST100088988,2025-08-06,2025-08-27,132.12,10.57,142.69,Overdue
INVE50A372540,CUST100094766,2025-12-27,2026-01-17,175.44,14.04,189.48,Paid
INVDF6F307FD0,CUST100018664,2026-06-27,2026-07-18,30.9,2.47,33.37,Paid
INVE66C490323,CUST100054428,2025-12-31,2026-01-21,283.48,22.68,306.16,Paid
INV345E089A77,CUST100005622,2025-10-09,2025-10-30,379.65,30.37,410.02,Paid
INV56823781CE,CUST100068959,2025-10-30,2025-11-20,288.61,23.09,311.7,Paid
INV54AD69F298,CUST100097302,2026-03-12,2026-04-02,98.99,7.92,106.91,Paid
INVE432FD68A5,CUST100095588,2026-04-11,2026-05-02,171.2,13.7,184.9,Partially Paid
INVAB269A4F7E,CUST100069908,2026-02-06,2026-02-27,261.9,20.95,282.85,Unpaid
INV28AA75663B,CUST100099033,2026-01-28,2026-02-18,246.31,19.7,266.01,Overdue
INV011A3F7C32,CUST100022873,2026-06-23,2026-07-14,170.37,13.63,184.0,Paid
INV2F07472F8A,CUST100017409,2025-11-14,2025-12-05,95.14,7.61,102.75,Overdue
INV0E79028630,CUST100070412,2026-05-29,2026-06-19,169.54,13.56,183.1,Paid
INVB8B7A661DC,CUST100085134,2025-10-08,2025-10-29,314.48,25.16,339.64,Overdue
INVA5D5D0E20E,CUST100073122,2026-02-28,2026-03-21,232.33,18.59,250.92,Paid
INV5B554B941C,CUST100077607,2026-02-22,2026-03-15,33.97,2.72,36.69,Paid
INV15A9C6C6CA,CUST100026559,2026-07-08,2026-07-29,93.24,7.46,100.7,Partially Paid
INV5DAF226060,CUST100078261,2026-02-20,2026-03-13,324.17,25.93,350.1,Paid
INV6E13A0E7F7,CUST100008228,2026-02-16,2026-03-09,119.72,9.58,129.3,Paid
INV54F3EC5A38,CUST100028837,2026-06-23,2026-07-14,373.06,29.84,402.9,Paid
INV856B761854,CUST100061734,2026-04-27,2026-05-18,350.87,28.07,378.94,Overdue
INV27F960108C,CUST100016099,2026-05-21,2026-06-11,186.36,14.91,201.27,Unpaid
INVBF062D39A1,CUST100062971,2026-04-05,2026-04-26,200.16,16.01,216.17,Paid
INV608E348D42,CUST100074782,2026-01-12,2026-02-02,177.03,14.16,191.19,Paid
INV4D0E3560C8,CUST100079522,2025-08-25,2025-09-15,299.89,23.99,323.88,Paid
INVA67577E1B1,CUST100048619,2025-10-13,2025-11-03,358.99,28.72,387.71,Paid
INVEE52654D03,CUST100030494,2026-07-14,2026-08-04,356.56,28.52,385.08,Unpaid
INV5FBA1BB7E0,CUST100001464,2025-09-27,2025-10-18,129.25,10.34,139.59,Paid
INVCFF245A951,CUST100033943,2025-09-01,2025-09-22,290.14,23.21,313.35,Partially Paid
INV76775FF310,CUST100022014,2026-02-27,2026-03-20,237.14,18.97,256.11,Partially Paid
INV413B640E60,CUST100071139,2026-01-09,2026-01-30,324.87,25.99,350.86,Paid
INV7AE197008B,CUST100000186,2025-11-18,2025-12-09,186.98,14.96,201.94,Unpaid
INV8A968D0A7B,CUST100068161,2026-03-25,2026-04-15,313.74,25.1,338.84,Paid
INV18602CEA02,CUST100017072,2025-12-25,2026-01-15,24.68,1.97,26.65,Overdue
INVA255C97E40,CUST100072899,2025-10-06,2025-10-27,79.21,6.34,85.55,Paid
INV1B11FB1145,CUST100090325,2026-03-28,2026-04-18,297.93,23.83,321.76,Paid
INVABD92E6E60,CUST100034808,2026-05-17,2026-06-07,343.75,27.5,371.25,Paid
INV364585B1F0,CUST100008968,2025-08-31,2025-09-21,294.17,23.53,317.7,Paid
INV41C43CDCCD,CUST100026509,2025-09-18,2025-10-09,93.63,7.49,101.12,Paid
INV9F26886AAB,CUST100059211,2026-02-27,2026-03-20,394.33,31.55,425.88,Paid
INV0D3981937A,CUST100090487,2026-03-31,2026-04-21,366.83,29.35,396.18,Overdue
INV0900E2126C,CUST100005657,2025-09-20,2025-10-11,185.77,14.86,200.63,Paid
INV5E033E72E3,CUST100006469,2025-11-21,2025-12-12,167.71,13.42,181.13,Unpaid
INV22DBC41836,CUST100066826,2026-06-11,2026-07-02,99.0,7.92,106.92,Paid
INVB14962F7B5,CUST100002506,2025-10-17,2025-11-07,294.45,23.56,318.01,Paid
INVDDD58751B9,CUST100072239,2025-10-25,2025-11-15,318.33,25.47,343.8,Paid
INV3702597AD4,CUST100048909,2026-05-31,2026-06-21,231.26,18.5,249.76,Partially Paid
INV4DA3EED5C1,CUST100023279,2025-12-17,2026-01-07,226.88,18.15,245.03,Paid
INV921F2104E1,CUST100041347,2026-04-03,2026-04-24,98.3,7.86,106.16,Paid
INVAE65D17026,CUST100069765,2025-08-06,2025-08-27,40.71,3.26,43.97,Paid
INVBD9CD67376,CUST100065764,2025-08-28,2025-09-18,246.49,19.72,266.21,Overdue
INV67D1FA6415,CUST100010538,2026-06-12,2026-07-03,183.1,14.65,197.75,Paid
INV027D4D3901,CUST100059304,2026-01-04,2026-01-25,117.72,9.42,127.14,Overdue
INV19370DA872,CUST100004101,2025-11-09,2025-11-30,125.15,10.01,135.16,Unpaid
INV9CC1E04235,CUST100080624,2026-06-16,2026-07-07,81.09,6.49,87.58,Paid
INV7D77C061A0,CUST100083924,2026-07-06,2026-07-27,22.15,1.77,23.92,Partially Paid
INV28283CCCFE,CUST100040316,2025-08-17,2025-09-07,188.01,15.04,203.05,Unpaid
INV115C635AF3,CUST100047813,2026-01-15,2026-02-05,133.73,10.7,144.43,Paid
INV4FB70EB3E3,CUST100005761,2025-08-22,2025-09-12,213.26,17.06,230.32,Overdue
INVE62C5A3E7C,CUST100047363,2025-09-17,2025-10-08,236.83,18.95,255.78,Unpaid
INV7BA3492107,CUST100059939,2025-08-27,2025-09-17,40.07,3.21,43.28,Paid
INV9F766B3C1A,CUST100097812,2026-07-04,2026-07-25,50.83,4.07,54.9,Paid
INVCB86062217,CUST100026910,2025-12-16,2026-01-06,110.42,8.83,119.25,Paid
INVF7271BABD5,CUST100082142,2026-06-14,2026-07-05,338.82,27.11,365.93,Paid
INV883E7AE005,CUST100024532,2025-12-20,2026-01-10,38.58,3.09,41.67,Partially Paid
INV162F1BD624,CUST100016606,2026-07-17,2026-08-07,179.39,14.35,193.74,Paid
INV858EEFB988,CUST100090319,2026-06-25,2026-07-16,370.13,29.61,399.74,Paid
INV9B86062B87,CUST100047510,2026-06-29,2026-07-20,82.03,6.56,88.59,Overdue
INV0E7017F571,CUST100074091,2025-12-10,2025-12-31,189.86,15.19,205.05,Unpaid
INVAA5DF728E6,CUST100032080,2026-06-10,2026-07-01,388.82,31.11,419.93,Paid
INVC927DE45B2,CUST100016649,2026-04-12,2026-05-03,275.27,22.02,297.29,Paid
INV070788B9DD,CUST100002575,2026-05-24,2026-06-14,158.54,12.68,171.22,Overdue
INV233117C90B,CUST100095882,2026-04-26,2026-05-17,323.57,25.89,349.46,Paid
INVE18056FC73,CUST100096967,2026-07-12,2026-08-02,229.31,18.34,247.65,Paid
INV056E1A2417,CUST100075893,2026-03-26,2026-04-16,197.52,15.8,213.32,Paid
INV016F2C8012,CUST100025695,2025-12-02,2025-12-23,390.53,31.24,421.77,Paid
INVA8ABF9C338,CUST100039579,2026-02-13,2026-03-06,97.45,7.8,105.25,Paid
INV9980185C3B,CUST100012563,2025-10-22,2025-11-12,368.26,29.46,397.72,Paid
INVB80B8F00DF,CUST100023797,2026-01-30,2026-02-20,23.77,1.9,25.67,Overdue
INV3F5651BA7B,CUST100024224,2026-07-18,2026-08-08,379.95,30.4,410.35,Paid
INVB04B7DE661,CUST100096173,2025-10-16,2025-11-06,216.89,17.35,234.24,Paid
INV89E8761C66,CUST100092362,2025-09-02,2025-09-23,148.02,11.84,159.86,Paid
INV9E0A061E83,CUST100019264,2025-12-17,2026-01-07,200.54,16.04,216.58,Partially Paid
INV15257DA129,CUST100090027,2026-06-03,2026-06-24,135.54,10.84,146.38,Paid
INV0640823FB4,CUST100036248,2026-06-16,2026-07-07,21.83,1.75,23.58,Paid
INV763047D0B0,CUST100018096,2026-04-07,2026-04-28,293.93,23.51,317.44,Overdue
INVFE2969CCDD,CUST100068313,2026-04-10,2026-05-01,367.55,29.4,396.95,Paid
INV1BE9687D7E,CUST100029297,2026-04-18,2026-05-09,121.82,9.75,131.57,Overdue
INV1021427DB0,CUST100024188,2026-02-14,2026-03-07,279.79,22.38,302.17,Paid
INVEC986FC93F,CUST100031166,2025-09-08,2025-09-29,316.85,25.35,342.2,Paid
INV51674ABB68,CUST100054119,2025-09-09,2025-09-30,316.51,25.32,341.83,Unpaid
INVE3B546645F,CUST100089377,2026-07-21,2026-08-11,75.39,6.03,81.42,Paid
INVF22DD62E9C,CUST100050999,2025-12-01,2025-12-22,195.77,15.66,211.43,Paid
INV6DCBD99FEB,CUST100098064,2026-04-05,2026-04-26,176.09,14.09,190.18,Paid
INVBCABA06B31,CUST100023987,2026-07-16,2026-08-06,25.34,2.03,27.37,Paid
INV1E6EEBCB22,CUST100060519,2026-06-13,2026-07-04,155.55,12.44,167.99,Paid
INV2458374727,CUST100025285,2026-06-16,2026-07-07,225.88,18.07,243.95,Paid
INV8F39DE2C5D,CUST100070349,2026-02-24,2026-03-17,214.89,17.19,232.08,Paid
INV812ECA2FFD,CUST100072020,2025-08-22,2025-09-12,309.21,24.74,333.95,Paid
INV66CF7E5A7C,CUST100007489,2026-03-08,2026-03-29,162.65,13.01,175.66,Paid
INV2588C3D9DC,CUST100051082,2025-11-02,2025-11-23,63.26,5.06,68.32,Paid
INVEAA647B907,CUST100097700,2026-03-07,2026-03-28,236.41,18.91,255.32,Paid
INV32A0393856,CUST100048664,2025-09-24,2025-10-15,314.3,25.14,339.44,Unpaid
INV51134E7CF9,CUST100039682,2026-01-25,2026-02-15,194.01,15.52,209.53,Unpaid
INV4B044C6528,CUST100064082,2026-03-25,2026-04-15,397.98,31.84,429.82,Paid
INV1D817D6947,CUST100052724,2025-09-03,2025-09-24,339.16,27.13,366.29,Overdue
INVE40458BAE9,CUST100089869,2026-03-27,2026-04-17,27.55,2.2,29.75,Paid
INVA30E9C48A9,CUST100015833,2026-05-26,2026-06-16,281.95,22.56,304.51,Paid
INV82393E174B,CUST100069025,2026-02-22,2026-03-15,126.94,10.16,137.1,Partially Paid
INVDCC36B6333,CUST100061687,2026-05-08,2026-05-29,223.97,17.92,241.89,Overdue
INVB9DEB3D529,CUST100050313,2025-12-27,2026-01-17,317.32,25.39,342.71,Unpaid
INVEC436C079D,CUST100094602,2026-05-29,2026-06-19,233.95,18.72,252.67,Partially Paid
INV7EAD5A3BFF,CUST100098537,2026-03-13,2026-04-03,367.85,29.43,397.28,Paid
INVD12B45B751,CUST100020658,2026-04-12,2026-05-03,332.58,26.61,359.19,Paid
INVD4B102F401,CUST100048593,2026-07-19,2026-08-09,274.4,21.95,296.35,Paid
INVA58A53AE83,CUST100083669,2025-09-03,2025-09-24,104.19,8.34,112.53,Paid
INVFAAA8D5F8B,CUST100038786,2025-10-19,2025-11-09,25.42,2.03,27.45,Paid
INV34E9CC2640,CUST100024398,2026-06-14,2026-07-05,86.46,6.92,93.38,Paid
INVEB8CB3B8CE,CUST100089791,2025-10-07,2025-10-28,128.22,10.26,138.48,Paid
INV66B38F1DF2,CUST100067581,2026-06-27,2026-07-18,105.69,8.46,114.15,Overdue
INV90C75FC046,CUST100094728,2026-04-19,2026-05-10,187.99,15.04,203.03,Partially Paid
INVA0F5AAC38C,CUST100001293,2025-09-03,2025-09-24,151.84,12.15,163.99,Paid
INVF4C7906933,CUST100045276,2026-04-21,2026-05-12,361.81,28.94,390.75,Paid
INV52BAB262AC,CUST100041198,2025-12-01,2025-12-22,258.44,20.68,279.12,Paid
INVED0BFC4FCE,CUST100086679,2025-12-13,2026-01-03,300.98,24.08,325.06,Overdue
INV83219DCA3E,CUST100025983,2026-03-22,2026-04-12,212.9,17.03,229.93,Paid
INV1D9C5AFC8C,CUST100020480,2026-05-05,2026-05-26,72.18,5.77,77.95,Overdue
INV21042AB5F2,CUST100072494,2026-07-22,2026-08-12,144.5,11.56,156.06,Paid
INVDC1FD48204,CUST100012371,2026-03-23,2026-04-13,115.69,9.26,124.95,Paid
INVEDAA2B9628,CUST100088842,2025-10-26,2025-11-16,289.7,23.18,312.88,Paid
INV10442D5339,CUST100089622,2025-08-21,2025-09-11,340.93,27.27,368.2,Overdue
INV42C27EBFCC,CUST100016471,2026-05-10,2026-05-31,96.5,7.72,104.22,Paid
INV200F33C417,CUST100061164,2026-01-14,2026-02-04,157.64,12.61,170.25,Paid
INV5A0B4B6972,CUST100002006,2025-11-23,2025-12-14,389.94,31.2,421.14,Partially Paid
INVCC1D639E1E,CUST100091475,2026-02-07,2026-02-28,311.53,24.92,336.45,Paid
INVBF4E7796D1,CUST100091990,2026-01-08,2026-01-29,80.53,6.44,86.97,Overdue
INVA4ABC7BF5D,CUST100077175,2026-03-18,2026-04-08,330.0,26.4,356.4,Unpaid
INV26ABE59EC9,CUST100053431,2025-11-16,2025-12-07,124.66,9.97,134.63,Partially Paid
INVC0C356DA33,CUST100053236,2026-04-11,2026-05-02,238.99,19.12,258.11,Paid
INVC762D01289,CUST100017424,2026-03-15,2026-04-05,323.05,25.84,348.89,Paid
INVA842C78DA8,CUST100020920,2026-04-14,2026-05-05,90.82,7.27,98.09,Paid
INV010D81169A,CUST100007129,2025-09-04,2025-09-25,285.67,22.85,308.52,Paid
INV80FF161755,CUST100017054,2026-01-24,2026-02-14,295.99,23.68,319.67,Paid
INV9C8BD75647,CUST100010251,2025-12-19,2026-01-09,135.55,10.84,146.39,Overdue
INV1533B7D450,CUST100042514,2025-11-29,2025-12-20,249.83,19.99,269.82,Unpaid
INV7AC30E8340,CUST100040646,2025-09-12,2025-10-03,342.34,27.39,369.73,Paid
INVE5DD5468D3,CUST100044389,2026-03-29,2026-04-19,275.27,22.02,297.29,Paid
INVBEE04271BD,CUST100086698,2025-08-19,2025-09-09,27.34,2.19,29.53,Overdue
INVDEE3DA9138,CUST100022881,2026-03-27,2026-04-17,218.4,17.47,235.87,Paid
INVA467084886,CUST100043542,2026-02-10,2026-03-03,68.71,5.5,74.21,Paid
INV102FEC6173,CUST100010938,2026-06-07,2026-06-28,188.33,15.07,203.4,Paid
INV2BD6E1511C,CUST100047574,2025-11-19,2025-12-10,290.18,23.21,313.39,Paid
INVD19DA3BFCD,CUST100008753,2025-11-22,2025-12-13,206.08,16.49,222.57,Unpaid
INVA987E8D576,CUST100003624,2026-04-21,2026-05-12,244.18,19.53,263.71,Paid
INV46CD3E185C,CUST100011265,2025-09-12,2025-10-03,261.06,20.88,281.94,Paid
INV5CB1B7D2CC,CUST100096691,2026-05-06,2026-05-27,112.01,8.96,120.97,Paid
INVD14F501911,CUST100086487,2026-05-21,2026-06-11,169.87,13.59,183.46,Paid
INV77ED9CEAF8,CUST100013514,2026-03-12,2026-04-02,396.3,31.7,428.0,Overdue
INV931060DDF5,CUST100003832,2026-05-16,2026-06-06,172.6,13.81,186.41,Paid
INV6D46306E6C,CUST100030475,2026-02-26,2026-03-19,375.44,30.04,405.48,Paid
INV13F268A605,CUST100056865,2025-10-26,2025-11-16,25.13,2.01,27.14,Paid
INV32A883B446,CUST100002084,2026-01-13,2026-02-03,104.27,8.34,112.61,Paid
INV6E01F95017,CUST100055313,2025-08-23,2025-09-13,116.51,9.32,125.83,Paid
INV70E422316C,CUST100036004,2025-12-11,2026-01-01,358.27,28.66,386.93,Paid
INVBD9B10D9F3,CUST100044464,2026-06-18,2026-07-09,294.08,23.53,317.61,Partially Paid
INVD52D440218,CUST100050215,2026-06-22,2026-07-13,152.43,12.19,164.62,Paid
INV8D4BAFAB6E,CUST100015445,2025-08-19,2025-09-09,361.75,28.94,390.69,Paid
INV7B5646AC07,CUST100004040,2025-11-29,2025-12-20,358.55,28.68,387.23,Partially Paid
INV85550AAE66,CUST100012342,2026-05-04,2026-05-25,361.63,28.93,390.56,Paid
INVAB99C064BB,CUST100003611,2025-08-25,2025-09-15,162.89,13.03,175.92,Paid
INV4383C8F748,CUST100022421,2025-08-29,2025-09-19,305.34,24.43,329.77,Overdue
INV91B5269ED2,CUST100029179,2026-02-21,2026-03-14,290.44,23.24,313.68,Paid
INV76BE46AD51,CUST100040145,2026-07-13,2026-08-03,126.75,10.14,136.89,Partially Paid
INV4427208C46,CUST100095132,2026-05-05,2026-05-26,49.11,3.93,53.04,Overdue
INV98858DBAA9,CUST100003142,2026-03-22,2026-04-12,132.99,10.64,143.63,Paid
INV390BA8DF66,CUST100050912,2026-04-18,2026-05-09,60.86,4.87,65.73,Paid
INV41F52E0111,CUST100093597,2026-07-09,2026-07-30,68.87,5.51,74.38,Paid
INVD044B43DE4,CUST100017099,2025-09-12,2025-10-03,308.76,24.7,333.46,Paid
INV1BA667383F,CUST100030381,2025-11-20,2025-12-11,51.94,4.16,56.1,Partially Paid
INVFDEE009E0F,CUST100002431,2025-08-25,2025-09-15,379.29,30.34,409.63,Paid
INVA613E2013F,CUST100093106,2026-05-21,2026-06-11,280.48,22.44,302.92,Paid
INVD7EFABF8CB,CUST100049762,2025-09-19,2025-10-10,69.45,5.56,75.01,Overdue
INV62293C782E,CUST100007533,2026-02-14,2026-03-07,200.97,16.08,217.05,Paid
INV75E3E4B721,CUST100082940,2026-03-03,2026-03-24,248.8,19.9,268.7,Paid
INV5225126B9F,CUST100099863,2026-06-21,2026-07-12,245.34,19.63,264.97,Overdue
INV51647AA65D,CUST100038834,2026-01-23,2026-02-13,155.68,12.45,168.13,Partially Paid
INV7328A84DAE,CUST100071451,2026-06-17,2026-07-08,398.7,31.9,430.6,Paid
INV4AB95EB239,CUST100076893,2026-05-16,2026-06-06,34.32,2.75,37.07,Paid
INVE65E0F05D4,CUST100081040,2026-01-20,2026-02-10,349.08,27.93,377.01,Paid
INV2FD4449DA2,CUST100000531,2026-07-12,2026-08-02,331.82,26.55,358.37,Overdue
INV7BE4B6A93D,CUST100003059,2025-09-19,2025-10-10,288.87,23.11,311.98,Paid
INVC2E55DEF51,CUST100038419,2026-07-12,2026-08-02,360.16,28.81,388.97,Paid
INV2015821CB8,CUST100017045,2026-06-03,2026-06-24,330.7,26.46,357.16,Paid
INV6D87BCA3EE,CUST100030888,2026-02-08,2026-03-01,254.82,20.39,275.21,Paid
INV8E6234574A,CUST100013154,2025-10-23,2025-11-13,386.9,30.95,417.85,Partially Paid
INVC553307068,CUST100092706,2026-06-11,2026-07-02,147.79,11.82,159.61,Paid
INV7461C8A416,CUST100061367,2025-11-14,2025-12-05,225.54,18.04,243.58,Paid
INVD295ED2324,CUST100014141,2026-07-18,2026-08-08,237.13,18.97,256.1,Partially Paid
INV8E11CCE670,CUST100045445,2025-09-24,2025-10-15,102.62,8.21,110.83,Paid
INV7F20A4C314,CUST100012247,2025-09-18,2025-10-09,183.25,14.66,197.91,Paid
INVDBCD7DF261,CUST100016863,2025-09-10,2025-10-01,180.67,14.45,195.12,Paid
INVB9ED70855F,CUST100022499,2026-01-23,2026-02-13,387.39,30.99,418.38,Unpaid
INV07DBCB358B,CUST100032297,2025-08-28,2025-09-18,350.62,28.05,378.67,Unpaid
INVCEEDBED445,CUST100000293,2025-11-13,2025-12-04,26.65,2.13,28.78,Paid
INV31CD9759FA,CUST100067402,2026-04-22,2026-05-13,335.87,26.87,362.74,Paid
INV9DF0841602,CUST100067145,2026-05-16,2026-06-06,37.85,3.03,40.88,Paid
INVE11956A2D6,CUST100040415,2026-05-07,2026-05-28,345.14,27.61,372.75,Unpaid
INVE8D25DF94A,CUST100001209,2025-10-04,2025-10-25,380.7,30.46,411.16,Paid
INV3A78889B4B,CUST100025560,2026-06-16,2026-07-07,121.01,9.68,130.69,Partially Paid
INV10D1E6C065,CUST100036678,2025-10-26,2025-11-16,268.66,21.49,290.15,Paid
INVEA8D908579,CUST100005371,2026-05-30,2026-06-20,285.35,22.83,308.18,Partially Paid
INV615824A041,CUST100055522,2026-03-20,2026-04-10,329.02,26.32,355.34,Paid
INV1ACA2BFEC1,CUST100089344,2026-03-31,2026-04-21,301.58,24.13,325.71,Paid
INV077790A03A,CUST100046441,2025-10-11,2025-11-01,268.62,21.49,290.11,Paid
INV9CE8209492,CUST100048093,2026-01-19,2026-02-09,338.54,27.08,365.62,Partially Paid
INV235ECFC13A,CUST100095033,2025-11-07,2025-11-28,373.87,29.91,403.78,Overdue
INV02F835C434,CUST100045337,2025-08-28,2025-09-18,99.66,7.97,107.63,Paid
INVA06585ED15,CUST100020197,2025-11-24,2025-12-15,50.48,4.04,54.52,Paid
INV038E8532A3,CUST100048745,2026-04-15,2026-05-06,335.0,26.8,361.8,Paid
INVEFC1205F4E,CUST100018581,2026-04-02,2026-04-23,92.47,7.4,99.87,Paid
INV7095BC65BB,CUST100095621,2026-05-27,2026-06-17,58.68,4.69,63.37,Overdue
INV7990E95E88,CUST100061715,2026-03-27,2026-04-17,336.94,26.96,363.9,Paid
INVD0CCE9C078,CUST100077369,2025-11-16,2025-12-07,384.37,30.75,415.12,Unpaid
INV0342E83733,CUST100012542,2026-02-15,2026-03-08,95.14,7.61,102.75,Paid
INV6EB8F80467,CUST100093917,2025-12-12,2026-01-02,63.8,5.1,68.9,Paid
INVFADBD5130F,CUST100035476,2026-01-26,2026-02-16,252.71,20.22,272.93,Paid
INV842C9FAF30,CUST100077101,2025-10-24,2025-11-14,330.13,26.41,356.54,Paid
INV7718648FDB,CUST100072343,2026-01-03,2026-01-24,57.31,4.58,61.89,Unpaid
INVDACBB51150,CUST100024112,2025-12-21,2026-01-11,226.11,18.09,244.2,Paid
INVBB66015C0D,CUST100061860,2025-12-15,2026-01-05,247.5,19.8,267.3,Paid
INV953027B712,CUST100050624,2026-05-24,2026-06-14,187.28,14.98,202.26,Paid
INVF1426EC4CA,CUST100079049,2026-04-19,2026-05-10,88.12,7.05,95.17,Unpaid
INVADFF890229,CUST100030379,2026-04-20,2026-05-11,40.28,3.22,43.5,Paid
INV9AC4A98DE1,CUST100088351,2025-12-30,2026-01-20,367.4,29.39,396.79,Unpaid
INV0BACBD7E0A,CUST100028061,2026-01-09,2026-01-30,253.88,20.31,274.19,Paid
INVEC7DA3B499,CUST100048607,2025-12-07,2025-12-28,36.88,2.95,39.83,Unpaid
INV2928DFC316,CUST100098007,2026-01-28,2026-02-18,107.34,8.59,115.93,Paid
INV5FE9398E52,CUST100034983,2026-06-19,2026-07-10,374.33,29.95,404.28,Partially Paid
INV2602EA9780,CUST100057706,2026-01-21,2026-02-11,215.09,17.21,232.3,Unpaid
INV2F0E5BCC57,CUST100085886,2026-03-10,2026-03-31,369.87,29.59,399.46,Paid
INV1B49289F31,CUST100098581,2026-01-17,2026-02-07,105.95,8.48,114.43,Paid
INV852B9AB762,CUST100000335,2026-04-28,2026-05-19,132.69,10.62,143.31,Partially Paid
INVF80E890018,CUST100024543,2025-09-23,2025-10-14,40.73,3.26,43.99,Unpaid
INV18F779FCC7,CUST100014024,2026-07-17,2026-08-07,210.94,16.88,227.82,Paid
INV05D594094D,CUST100038381,2026-04-23,2026-05-14,99.81,7.98,107.79,Paid
INV3A99C85B14,CUST100044145,2026-04-16,2026-05-07,115.64,9.25,124.89,Unpaid
INV974B56EE6F,CUST100098660,2026-05-05,2026-05-26,228.98,18.32,247.3,Paid
INV415822332B,CUST100057221,2026-02-02,2026-02-23,386.78,30.94,417.72,Paid
INV418B1585D1,CUST100089537,2026-07-10,2026-07-31,185.53,14.84,200.37,Paid
INVC689D44242,CUST100000480,2026-02-23,2026-03-16,25.54,2.04,27.58,Overdue
INVB94F5ED447,CUST100030644,2025-11-04,2025-11-25,97.84,7.83,105.67,Paid
INV7D6627021E,CUST100061220,2025-09-28,2025-10-19,280.94,22.48,303.42,Paid
INVD91EDC717D,CUST100071760,2025-11-12,2025-12-03,41.33,3.31,44.64,Paid
INV1626AA6E89,CUST100056292,2025-08-19,2025-09-09,229.4,18.35,247.75,Partially Paid
INVB4E2969917,CUST100062402,2026-06-19,2026-07-10,318.58,25.49,344.07,Paid
INV9C96CBD2DA,CUST100045018,2026-01-31,2026-02-21,41.24,3.3,44.54,Paid
INVBEAF71F18A,CUST100030128,2026-02-02,2026-02-23,312.42,24.99,337.41,Paid
INV7282F38BA7,CUST100067733,2026-01-18,2026-02-08,366.22,29.3,395.52,Paid
INVBD91EB3029,CUST100002263,2026-04-22,2026-05-13,339.57,27.17,366.74,Paid
INV9C70B86476,CUST100071736,2026-05-04,2026-05-25,141.38,11.31,152.69,Paid
INV3D4052DCAD,CUST100062316,2026-02-15,2026-03-08,72.11,5.77,77.88,Paid
INVD38CA508EC,CUST100079479,2026-07-22,2026-08-12,174.83,13.99,188.82,Paid
INV52D4F65284,CUST100000637,2025-08-26,2025-09-16,183.12,14.65,197.77,Paid
INVAE8E33AA14,CUST100076652,2026-03-15,2026-04-05,174.96,14.0,188.96,Paid
INVD8AEB9CF38,CUST100022075,2025-11-22,2025-12-13,39.4,3.15,42.55,Paid
INV3946FB2145,CUST100054077,2025-09-09,2025-09-30,146.05,11.68,157.73,Paid
INVA1194610DC,CUST100015825,2025-08-27,2025-09-17,358.3,28.66,386.96,Unpaid
INVCBF4FD103F,CUST100095270,2026-06-17,2026-07-08,225.45,18.04,243.49,Paid
INV1474331B7C,CUST100051838,2025-10-08,2025-10-29,371.42,29.71,401.13,Paid
INVA30A1CE2B9,CUST100035664,2025-10-18,2025-11-08,129.94,10.4,140.34,Paid
INVD979E267C5,CUST100090398,2025-10-28,2025-11-18,338.13,27.05,365.18,Partially Paid
INV2A012332D6,CUST100041930,2026-06-06,2026-06-27,220.81,17.66,238.47,Paid
INVDB0C3C67D7,CUST100093393,2025-12-15,2026-01-05,361.15,28.89,390.04,Paid
INV7ECD835B62,CUST100023354,2026-07-08,2026-07-29,49.59,3.97,53.56,Paid
INV1D3AC01708,CUST100067103,2025-12-09,2025-12-30,84.6,6.77,91.37,Paid
INVEA1F768FFB,CUST100030579,2025-12-07,2025-12-28,246.51,19.72,266.23,Unpaid
INV78A7955369,CUST100033652,2026-01-16,2026-02-06,344.24,27.54,371.78,Overdue
INV6AE3A0F549,CUST100074089,2026-02-18,2026-03-11,65.87,5.27,71.14,Unpaid
INVEDFDB5DB3C,CUST100001833,2026-02-20,2026-03-13,57.13,4.57,61.7,Partially Paid
INV1AF5548EBB,CUST100074142,2025-09-27,2025-10-18,312.84,25.03,337.87,Unpaid
INV2FDFC8836F,CUST100099459,2026-07-08,2026-07-29,171.5,13.72,185.22,Paid
INV9FF94DB732,CUST100063631,2026-03-02,2026-03-23,74.94,6.0,80.94,Unpaid
INVEA2907C953,CUST100058702,2026-04-10,2026-05-01,227.96,18.24,246.2,Paid
INVC2969BBC32,CUST100005590,2026-05-29,2026-06-19,347.17,27.77,374.94,Paid
INV833CF9F036,CUST100015326,2025-10-16,2025-11-06,206.55,16.52,223.07,Paid
INV6724A65B80,CUST100096617,2026-05-25,2026-06-15,399.65,31.97,431.62,Paid
INV02558AB148,CUST100057518,2026-04-01,2026-04-22,285.45,22.84,308.29,Paid
INV590402EF09,CUST100063635,2026-03-09,2026-03-30,396.46,31.72,428.18,Partially Paid
INVE3F181F767,CUST100019899,2026-01-19,2026-02-09,133.56,10.68,144.24,Unpaid
INVB80E1B6435,CUST100064252,2025-12-25,2026-01-15,120.73,9.66,130.39,Paid
INVA252AE99A0,CUST100005505,2026-03-20,2026-04-10,193.89,15.51,209.4,Paid
INV2E7BF85344,CUST100082243,2025-12-18,2026-01-08,168.07,13.45,181.52,Unpaid
INVE3F47F885E,CUST100062032,2026-01-14,2026-02-04,151.81,12.14,163.95,Paid
INVCA52E98554,CUST100043900,2025-08-04,2025-08-25,306.32,24.51,330.83,Unpaid
INVBDD7FDFFB4,CUST100010654,2026-03-03,2026-03-24,358.53,28.68,387.21,Paid
INV0B4C0187E1,CUST100031726,2026-05-08,2026-05-29,146.86,11.75,158.61,Paid
INV2C1F845ED2,CUST100067528,2025-09-22,2025-10-13,70.65,5.65,76.3,Paid
INV0854726B62,CUST100068278,2025-12-24,2026-01-14,312.86,25.03,337.89,Paid
INV9317EE4AD7,CUST100090273,2025-10-07,2025-10-28,128.76,10.3,139.06,Partially Paid
INV2AA338119E,CUST100014361,2026-04-23,2026-05-14,389.59,31.17,420.76,Paid
INV7BFF708774,CUST100053900,2026-07-21,2026-08-11,352.11,28.17,380.28,Paid
INVD3740734A3,CUST100039954,2025-08-14,2025-09-04,241.22,19.3,260.52,Overdue
INVAE3B1B8410,CUST100086986,2025-09-10,2025-10-01,101.83,8.15,109.98,Paid
INV8993755159,CUST100027722,2026-06-03,2026-06-24,166.72,13.34,180.06,Paid
INV8817C8645D,CUST100083302,2025-09-03,2025-09-24,311.22,24.9,336.12,Overdue
INVF9A9BD64E2,CUST100070621,2025-08-17,2025-09-07,264.13,21.13,285.26,Paid
INV3C8459F93D,CUST100039863,2025-12-04,2025-12-25,91.27,7.3,98.57,Unpaid
INV28F3CB3DC1,CUST100004046,2026-03-09,2026-03-30,161.58,12.93,174.51,Paid
INV8BC090CB70,CUST100073363,2026-02-21,2026-03-14,70.84,5.67,76.51,Overdue
INV30C1846CBA,CUST100086188,2026-04-29,2026-05-20,352.11,28.17,380.28,Paid
INV57F85BD14A,CUST100091277,2025-09-19,2025-10-10,112.48,9.0,121.48,Unpaid
INVB2A286E718,CUST100034879,2025-10-04,2025-10-25,361.56,28.92,390.48,Overdue
INVC9A014A1DE,CUST100058234,2026-03-25,2026-04-15,169.9,13.59,183.49,Paid
INVCAF07A8BEA,CUST100043779,2026-06-03,2026-06-24,79.44,6.36,85.8,Partially Paid
INV9CC116D534,CUST100028989,2026-06-03,2026-06-24,74.63,5.97,80.6,Overdue
INV135F17DEB9,CUST100059200,2026-01-14,2026-02-04,342.14,27.37,369.51,Partially Paid
INVFE7ABBB569,CUST100047341,2026-06-02,2026-06-23,193.89,15.51,209.4,Paid
INV64420421D5,CUST100071810,2026-05-03,2026-05-24,384.26,30.74,415.0,Paid
INV987AE3562B,CUST100050439,2025-10-16,2025-11-06,374.82,29.99,404.81,Paid
INV831690950B,CUST100084618,2026-06-15,2026-07-06,59.52,4.76,64.28,Partially Paid
INV979C4A9EEE,CUST100087994,2025-12-13,2026-01-03,373.12,29.85,402.97,Paid
INV9EE809D5DF,CUST100035170,2025-12-18,2026-01-08,318.89,25.51,344.4,Paid
INV86CCE4C87F,CUST100067206,2026-05-30,2026-06-20,163.92,13.11,177.03,Paid
INV8974A5222E,CUST100067366,2026-05-02,2026-05-23,97.83,7.83,105.66,Paid
INV6BBA6A0AC5,CUST100018939,2026-06-04,2026-06-25,273.32,21.87,295.19,Paid
INVBEFB7D043E,CUST100057622,2026-05-05,2026-05-26,69.19,5.54,74.73,Paid
INVF8AF0FA250,CUST100084443,2026-02-02,2026-02-23,88.54,7.08,95.62,Paid
INV5BA1FA29A4,CUST100047335,2026-02-18,2026-03-11,187.19,14.98,202.17,Paid
INV6F810EA487,CUST100029931,2025-12-18,2026-01-08,335.96,26.88,362.84,Paid
INVC9E30DBFB5,CUST100096183,2025-08-20,2025-09-10,304.54,24.36,328.9,Unpaid
INV208A365021,CUST100001118,2026-02-18,2026-03-11,222.13,17.77,239.9,Paid
INV598A10618A,CUST100063703,2025-10-06,2025-10-27,35.55,2.84,38.39,Partially Paid
INVC1F13124EF,CUST100013695,2026-06-13,2026-07-04,361.44,28.92,390.36,Paid
INV1B8CC0B6C6,CUST100091854,2025-08-04,2025-08-25,288.1,23.05,311.15,Unpaid
INV9000BDC979,CUST100047048,2025-11-08,2025-11-29,333.65,26.69,360.34,Paid
INVA447D781A5,CUST100004470,2026-07-23,2026-08-13,325.07,26.01,351.08,Paid
INVC35D2FB5D5,CUST100005023,2025-10-04,2025-10-25,281.49,22.52,304.01,Paid
INVDEDCE137D0,CUST100045853,2026-06-14,2026-07-05,46.95,3.76,50.71,Paid
INV2E8943CC46,CUST100075176,2026-07-21,2026-08-11,289.16,23.13,312.29,Partially Paid
INV238C9FC57F,CUST100031000,2025-09-19,2025-10-10,190.07,15.21,205.28,Paid
INV17F7C22B01,CUST100031103,2026-05-11,2026-06-01,337.86,27.03,364.89,Paid
INVF73B404D4A,CUST100099281,2025-12-30,2026-01-20,231.81,18.54,250.35,Paid
INV5BA55221EB,CUST100014215,2025-09-01,2025-09-22,179.23,14.34,193.57,Paid
INV13882C2769,CUST100063436,2026-01-17,2026-02-07,251.27,20.1,271.37,Unpaid
INVABF497E2FA,CUST100089002,2026-06-24,2026-07-15,20.42,1.63,22.05,Paid
INVCCC2F7480F,CUST100023505,2025-08-09,2025-08-30,376.39,30.11,406.5,Paid
INV558349844F,CUST100070069,2025-09-30,2025-10-21,148.3,11.86,160.16,Unpaid
INVC63DBFF110,CUST100022050,2026-04-17,2026-05-08,158.23,12.66,170.89,Paid
INV9864CBAE1F,CUST100028464,2025-12-09,2025-12-30,228.18,18.25,246.43,Paid
INVF11BAC4F68,CUST100078469,2026-02-25,2026-03-18,248.11,19.85,267.96,Paid
INV8C8312CF15,CUST100045998,2025-08-20,2025-09-10,26.96,2.16,29.12,Paid
INV9BDFA30861,CUST100081931,2025-11-30,2025-12-21,341.71,27.34,369.05,Paid
INV0A41244B3F,CUST100049075,2026-03-11,2026-04-01,81.97,6.56,88.53,Partially Paid
INV53FF31F0B9,CUST100040725,2026-01-17,2026-02-07,96.26,7.7,103.96,Paid
INVC69B013E4B,CUST100061743,2025-09-18,2025-10-09,164.65,13.17,177.82,Overdue
INVA635172E07,CUST100083756,2025-11-03,2025-11-24,268.69,21.5,290.19,Paid
INV18147EAD77,CUST100046861,2026-03-08,2026-03-29,133.17,10.65,143.82,Paid
INV68B7E55309,CUST100005027,2026-07-11,2026-08-01,179.38,14.35,193.73,Paid
INV46A7446470,CUST100027724,2026-04-16,2026-05-07,127.59,10.21,137.8,Paid
INVD9536B91E2,CUST100043351,2025-08-19,2025-09-09,65.4,5.23,70.63,Paid
INV1E28A323EF,CUST100003766,2025-12-06,2025-12-27,206.58,16.53,223.11,Paid
INV650D949EE1,CUST100052892,2025-12-24,2026-01-14,258.21,20.66,278.87,Paid
INVE75FEA0532,CUST100090957,2025-12-30,2026-01-20,343.03,27.44,370.47,Overdue
INVC76F82548A,CUST100090782,2025-11-10,2025-12-01,382.17,30.57,412.74,Overdue
INV6BE7378297,CUST100001955,2026-06-05,2026-06-26,78.87,6.31,85.18,Paid
INVF96FA67870,CUST100084732,2025-10-18,2025-11-08,341.31,27.3,368.61,Unpaid
INVE6AED9B035,CUST100006568,2026-05-11,2026-06-01,24.03,1.92,25.95,Paid
INVC26C538B94,CUST100071376,2026-07-11,2026-08-01,134.43,10.75,145.18,Paid
INV7E98ACF870,CUST100000622,2026-03-04,2026-03-25,47.05,3.76,50.81,Paid
INV71C8BA5C1C,CUST100060676,2026-03-31,2026-04-21,170.63,13.65,184.28,Paid
INVCDE37F2523,CUST100041492,2026-06-28,2026-07-19,316.4,25.31,341.71,Paid
INVA5EB60AAC9,CUST100071083,2026-01-13,2026-02-03,143.26,11.46,154.72,Paid
INV2F3AF4B218,CUST100015844,2025-10-18,2025-11-08,142.49,11.4,153.89,Paid
INVB160263E87,CUST100096690,2026-03-27,2026-04-17,192.1,15.37,207.47,Overdue
INV1AA6A4BA41,CUST100065343,2026-04-01,2026-04-22,358.32,28.67,386.99,Paid
INVA48844071C,CUST100081312,2026-04-15,2026-05-06,76.06,6.08,82.14,Paid
INV0ACA1F049B,CUST100096073,2025-10-09,2025-10-30,127.68,10.21,137.89,Unpaid
INVE4A6C5F2CD,CUST100097367,2026-07-03,2026-07-24,289.64,23.17,312.81,Unpaid
INVA1AB7267BB,CUST100034231,2025-08-13,2025-09-03,78.29,6.26,84.55,Paid
INV69FF4AC4FF,CUST100012353,2025-12-29,2026-01-19,50.79,4.06,54.85,Paid
INV30B3552EB5,CUST100003641,2025-11-10,2025-12-01,76.7,6.14,82.84,Paid
INVF1280B611D,CUST100020291,2025-11-22,2025-12-13,281.8,22.54,304.34,Paid
INV6B5CCB8AF5,CUST100009353,2025-12-18,2026-01-08,303.63,24.29,327.92,Paid
INV91AF785CF4,CUST100063474,2025-08-10,2025-08-31,358.58,28.69,387.27,Overdue
INVBFF92CC842,CUST100091042,2026-06-18,2026-07-09,45.01,3.6,48.61,Paid
INVCBEF1A6631,CUST100056702,2025-08-23,2025-09-13,191.7,15.34,207.04,Unpaid
INVE4EC8084F4,CUST100064138,2026-05-04,2026-05-25,158.76,12.7,171.46,Unpaid
INV60DDD5072A,CUST100003492,2026-04-16,2026-05-07,95.02,7.6,102.62,Unpaid
INVF792EDDD71,CUST100043105,2026-07-16,2026-08-06,393.22,31.46,424.68,Paid
INVBB36B36084,CUST100027975,2026-01-10,2026-01-31,279.28,22.34,301.62,Paid
INV645E257486,CUST100059441,2025-11-17,2025-12-08,379.1,30.33,409.43,Paid
INV14E4327F32,CUST100048594,2025-11-12,2025-12-03,155.69,12.46,168.15,Overdue
INV401925F5B8,CUST100012045,2025-09-27,2025-10-18,161.12,12.89,174.01,Paid
INV8A010F5CE6,CUST100013995,2025-10-07,2025-10-28,81.83,6.55,88.38,Paid
INV7146195331,CUST100043366,2026-06-29,2026-07-20,229.31,18.34,247.65,Paid
INV31C9738BBE,CUST100051344,2025-08-25,2025-09-15,257.67,20.61,278.28,Paid
INVA2D1E63A6E,CUST100096856,2026-02-07,2026-02-28,33.06,2.64,35.7,Paid
INV5C1C769A4C,CUST100056780,2025-09-10,2025-10-01,392.36,31.39,423.75,Unpaid
INVA565067127,CUST100059593,2026-03-07,2026-03-28,159.66,12.77,172.43,Paid
INVDE28DB3BCC,CUST100000252,2025-11-16,2025-12-07,222.46,17.8,240.26,Paid
INV1ECF8816AB,CUST100085243,2026-07-19,2026-08-09,346.44,27.72,374.16,Paid
INV2628CED6AB,CUST100034054,2026-06-09,2026-06-30,337.0,26.96,363.96,Paid
INV8DAB6A46DA,CUST100025995,2026-05-27,2026-06-17,398.72,31.9,430.62,Paid
INVB4857AE731,CUST100011137,2025-08-08,2025-08-29,222.4,17.79,240.19,Unpaid
INV3599891949,CUST100028720,2026-01-21,2026-02-11,174.91,13.99,188.9,Paid
INV40EF99A6F9,CUST100042586,2026-06-26,2026-07-17,195.76,15.66,211.42,Paid
INV9863C0567A,CUST100016982,2026-01-03,2026-01-24,362.42,28.99,391.41,Overdue
INV51FEC9834B,CUST100028066,2026-01-16,2026-02-06,312.39,24.99,337.38,Paid
INV21C6D09FEF,CUST100017063,2026-07-23,2026-08-13,177.01,14.16,191.17,Paid
INVAF35A1340C,CUST100095954,2025-10-18,2025-11-08,116.4,9.31,125.71,Unpaid
INV0B1A393CAA,CUST100002075,2026-01-28,2026-02-18,262.9,21.03,283.93,Paid
INVE755EAC718,CUST100043227,2026-06-29,2026-07-20,45.29,3.62,48.91,Unpaid
INV55219536A9,CUST100037642,2025-10-01,2025-10-22,280.32,22.43,302.75,Paid
INV9848016D17,CUST100042861,2025-12-15,2026-01-05,269.02,21.52,290.54,Overdue
INV18DFDED969,CUST100026777,2026-01-30,2026-02-20,121.39,9.71,131.1,Paid
INVF090DED37F,CUST100023544,2026-05-08,2026-05-29,283.68,22.69,306.37,Paid
INV29670AB0BE,CUST100020311,2025-09-02,2025-09-23,96.66,7.73,104.39,Unpaid
INV0D11F827A8,CUST100023685,2025-09-19,2025-10-10,270.64,21.65,292.29,Paid
INVCD88A6A955,CUST100062542,2025-09-21,2025-10-12,279.25,22.34,301.59,Overdue
INVA3974FA9D6,CUST100088322,2026-05-17,2026-06-07,39.92,3.19,43.11,Paid
INVD6613A1A3A,CUST100080041,2026-04-27,2026-05-18,87.94,7.04,94.98,Unpaid
INV17A6D864F0,CUST100025081,2026-01-04,2026-01-25,102.86,8.23,111.09,Paid
INVEEE81F42B5,CUST100066672,2026-07-05,2026-07-26,179.36,14.35,193.71,Paid
INVA2FFEA2CE5,CUST100084645,2026-01-06,2026-01-27,70.72,5.66,76.38,Partially Paid
INV05DD028597,CUST100041987,2026-03-05,2026-03-26,55.54,4.44,59.98,Paid
INV2BCEC97C80,CUST100004742,2026-02-24,2026-03-17,35.9,2.87,38.77,Paid
INVBCB238401A,CUST100022744,2026-01-01,2026-01-22,226.14,18.09,244.23,Paid
INV7590D6AB53,CUST100001593,2026-03-13,2026-04-03,96.16,7.69,103.85,Paid
INV90AC5F3625,CUST100034575,2025-12-07,2025-12-28,139.66,11.17,150.83,Paid
INVDCE7C1D35E,CUST100078895,2025-09-22,2025-10-13,148.48,11.88,160.36,Paid
INVF9D61AE779,CUST100081722,2025-12-06,2025-12-27,317.48,25.4,342.88,Overdue
INVC7E8A32FB7,CUST100015945,2026-01-11,2026-02-01,146.45,11.72,158.17,Paid
INVEEC50E2DF6,CUST100039489,2026-04-02,2026-04-23,182.13,14.57,196.7,Partially Paid
INV73B23C1AA5,CUST100068431,2026-03-18,2026-04-08,121.25,9.7,130.95,Paid
INVF54A68A6E5,CUST100095312,2025-10-19,2025-11-09,284.25,22.74,306.99,Paid
INV5BEA242C65,CUST100055111,2026-07-03,2026-07-24,135.84,10.87,146.71,Unpaid
INVF9A7999482,CUST100059038,2026-04-20,2026-05-11,41.53,3.32,44.85,Paid
INV35E1F64036,CUST100008047,2026-05-24,2026-06-14,107.49,8.6,116.09,Unpaid
INVABD89CB77F,CUST100095279,2026-06-28,2026-07-19,39.19,3.14,42.33,Unpaid
INVADD2E5288A,CUST100045075,2025-11-07,2025-11-28,106.05,8.48,114.53,Partially Paid
INV944AE8C458,CUST100006434,2025-11-23,2025-12-14,285.79,22.86,308.65,Paid
INV9717B9CEC5,CUST100073001,2025-10-22,2025-11-12,43.95,3.52,47.47,Paid
INVB1D09A40F7,CUST100052230,2026-04-05,2026-04-26,183.46,14.68,198.14,Paid
INVD63910E76D,CUST100064218,2025-11-14,2025-12-05,224.82,17.99,242.81,Paid
INV22C5D8BAB2,CUST100006758,2026-07-01,2026-07-22,373.63,29.89,403.52,Unpaid
INV95E182F61E,CUST100052539,2026-04-06,2026-04-27,322.64,25.81,348.45,Unpaid
INV9FD555110B,CUST100087543,2025-08-05,2025-08-26,49.48,3.96,53.44,Paid
INVCF9E04EC01,CUST100048403,2026-04-25,2026-05-16,210.51,16.84,227.35,Unpaid
INV92154C03FC,CUST100056185,2025-10-01,2025-10-22,139.39,11.15,150.54,Paid
INV687E6646AD,CUST100037150,2025-08-08,2025-08-29,157.26,12.58,169.84,Paid
INV9D2DE62BFC,CUST100028899,2026-01-10,2026-01-31,335.21,26.82,362.03,Paid
INV78B2E423A6,CUST100034883,2025-12-13,2026-01-03,355.48,28.44,383.92,Paid
INV6C56973C1F,CUST100051820,2025-10-15,2025-11-05,148.98,11.92,160.9,Paid
INV3EDDF0759F,CUST100084065,2026-06-29,2026-07-20,359.51,28.76,388.27,Paid
INV6712620011,CUST100038851,2026-06-05,2026-06-26,332.46,26.6,359.06,Paid
INVDA98328E1C,CUST100019428,2025-12-29,2026-01-19,386.44,30.92,417.36,Paid
INV40107A0A01,CUST100083411,2025-09-04,2025-09-25,103.7,8.3,112.0,Paid
INVEFFEFB8ED1,CUST100065881,2025-08-26,2025-09-16,201.26,16.1,217.36,Paid
INV0BAEA4FAFE,CUST100097210,2026-04-27,2026-05-18,99.2,7.94,107.14,Overdue
INV3F022C645B,CUST100015518,2025-11-28,2025-12-19,43.29,3.46,46.75,Paid
INVD72B088FBE,CUST100021088,2026-06-20,2026-07-11,141.62,11.33,152.95,Overdue
INV3302146F4D,CUST100092447,2025-12-07,2025-12-28,337.89,27.03,364.92,Partially Paid
INVF6791EADA8,CUST100037371,2025-08-31,2025-09-21,35.48,2.84,38.32,Paid
INVD1D8EF926A,CUST100041711,2026-03-31,2026-04-21,310.51,24.84,335.35,Unpaid
INVD04767D6FA,CUST100063366,2026-02-04,2026-02-25,343.17,27.45,370.62,Paid
INV2CB50A05A2,CUST100044317,2025-09-01,2025-09-22,206.49,16.52,223.01,Unpaid
INV6AC2194154,CUST100026833,2026-01-08,2026-01-29,335.69,26.86,362.55,Paid
INV0C817F7A1E,CUST100082932,2025-09-02,2025-09-23,93.45,7.48,100.93,Partially Paid
INV9B18733F4E,CUST100012108,2026-01-12,2026-02-02,260.21,20.82,281.03,Unpaid
INVA2C6943FB4,CUST100003200,2025-11-18,2025-12-09,76.85,6.15,83.0,Partially Paid
INV77704CB9B5,CUST100064230,2026-01-09,2026-01-30,168.96,13.52,182.48,Paid
INVECCAFF70E2,CUST100022832,2026-04-04,2026-04-25,33.26,2.66,35.92,Paid
INV79D989495E,CUST100060922,2026-01-12,2026-02-02,52.95,4.24,57.19,Paid
INVAE458C6DE8,CUST100095511,2026-05-26,2026-06-16,372.12,29.77,401.89,Paid
INV7977809DEA,CUST100001105,2026-06-14,2026-07-05,323.22,25.86,349.08,Paid
INV3AFB8F3315,CUST100073771,2025-11-23,2025-12-14,211.08,16.89,227.97,Paid
INVFB2FA2B0F9,CUST100050497,2025-08-13,2025-09-03,233.09,18.65,251.74,Paid
INV9E99FB2C82,CUST100019257,2025-11-15,2025-12-06,60.08,4.81,64.89,Paid
INV987D121564,CUST100000445,2025-10-06,2025-10-27,80.47,6.44,86.91,Paid
INVE4B6C69249,CUST100028407,2025-09-06,2025-09-27,354.11,28.33,382.44,Paid
INV68A0958F42,CUST100014338,2025-12-23,2026-01-13,369.86,29.59,399.45,Overdue
INV89EB1DF933,CUST100088425,2025-09-16,2025-10-07,192.93,15.43,208.36,Paid
INVB8C878EC22,CUST100034014,2025-10-10,2025-10-31,319.27,25.54,344.81,Paid
INV0B6CC89156,CUST100034502,2025-08-16,2025-09-06,341.56,27.32,368.88,Paid
INV4ECAD8002C,CUST100056642,2025-09-25,2025-10-16,258.2,20.66,278.86,Paid
INV1869803314,CUST100082029,2026-06-09,2026-06-30,164.72,13.18,177.9,Overdue
INVAB2F6DAFB9,CUST100015551,2026-02-27,2026-03-20,245.45,19.64,265.09,Paid
INVFB0AF13499,CUST100032881,2026-07-21,2026-08-11,304.08,24.33,328.41,Paid
INV41684B0B2A,CUST100020209,2026-05-26,2026-06-16,350.51,28.04,378.55,Paid
INV945DCA68CC,CUST100090313,2026-02-19,2026-03-12,257.56,20.6,278.16,Unpaid
INVD0F82F5B3C,CUST100051622,2025-10-15,2025-11-05,83.9,6.71,90.61,Partially Paid
INV23CF9F9DD6,CUST100074166,2025-12-18,2026-01-08,91.93,7.35,99.28,Unpaid
INV05C0B05C74,CUST100056262,2025-10-18,2025-11-08,280.51,22.44,302.95,Unpaid
INVBD89A8FCBC,CUST100051059,2026-05-22,2026-06-12,29.11,2.33,31.44,Paid
INV696034849D,CUST100082625,2026-02-09,2026-03-02,111.72,8.94,120.66,Overdue
INVB2DC551BD3,CUST100042663,2025-08-10,2025-08-31,135.83,10.87,146.7,Paid
INVCB677C0331,CUST100054505,2025-08-02,2025-08-23,364.05,29.12,393.17,Paid
INV67F6532FC4,CUST100081815,2026-07-04,2026-07-25,333.01,26.64,359.65,Paid
INVACE0EE06E3,CUST100070900,2026-06-30,2026-07-21,160.8,12.86,173.66,Paid
INV979485E22A,CUST100036138,2026-05-08,2026-05-29,59.59,4.77,64.36,Paid
INVBD80AAD6E4,CUST100030005,2026-04-07,2026-04-28,55.67,4.45,60.12,Paid
INV187E51BDCB,CUST100068830,2026-05-29,2026-06-19,27.24,2.18,29.42,Partially Paid
INV57ABBD8A20,CUST100086272,2025-08-16,2025-09-06,159.1,12.73,171.83,Overdue
INV1DB525B91F,CUST100076495,2026-01-16,2026-02-06,39.47,3.16,42.63,Paid
INV610EFAA7AF,CUST100045626,2025-08-11,2025-09-01,136.94,10.96,147.9,Paid
INV1168D53B54,CUST100000345,2025-10-25,2025-11-15,340.06,27.2,367.26,Unpaid
INV180C87240C,CUST100098965,2026-05-22,2026-06-12,345.32,27.63,372.95,Paid
INV351DEC990F,CUST100023897,2026-01-15,2026-02-05,24.41,1.95,26.36,Overdue
INVE10D0AC328,CUST100003745,2025-11-21,2025-12-12,295.83,23.67,319.5,Paid
INVDF6F6ED2D0,CUST100046476,2026-03-09,2026-03-30,316.07,25.29,341.36,Paid
INV0C10CCE1E1,CUST100017608,2025-11-21,2025-12-12,391.47,31.32,422.79,Overdue
INVB19DEF16C5,CUST100046347,2026-01-04,2026-01-25,349.09,27.93,377.02,Paid
INVEADC5A77D2,CUST100088694,2026-07-08,2026-07-29,264.05,21.12,285.17,Paid
INVF4AC67F088,CUST100020215,2025-09-25,2025-10-16,352.88,28.23,381.11,Paid
INVEB696B5610,CUST100065893,2026-02-04,2026-02-25,266.45,21.32,287.77,Paid
INV7AC744CB97,CUST100041821,2026-06-03,2026-06-24,183.42,14.67,198.09,Unpaid
INV4529568F76,CUST100074334,2026-04-23,2026-05-14,166.41,13.31,179.72,Paid
INV8F4628D0DF,CUST100003897,2026-03-31,2026-04-21,254.79,20.38,275.17,Paid
INVC594A5C894,CUST100017855,2025-12-19,2026-01-09,208.53,16.68,225.21,Paid
INVFDCC53D64A,CUST100081870,2025-08-23,2025-09-13,74.21,5.94,80.15,Paid
INV3D4623717A,CUST100018139,2025-09-03,2025-09-24,356.17,28.49,384.66,Paid
INV516588B41D,CUST100085631,2026-01-30,2026-02-20,27.37,2.19,29.56,Paid
INV7321465CCB,CUST100077927,2026-06-06,2026-06-27,211.42,16.91,228.33,Paid
INV1B02CB3816,CUST100034475,2025-11-01,2025-11-22,293.54,23.48,317.02,Partially Paid
INVCBA878B9F9,CUST100016181,2026-04-26,2026-05-17,124.88,9.99,134.87,Paid
INV4F01B553E3,CUST100010566,2025-10-27,2025-11-17,235.95,18.88,254.83,Paid
INV14C303B234,CUST100055591,2026-07-19,2026-08-09,105.57,8.45,114.02,Overdue
INV74FB10D5EA,CUST100065827,2025-12-11,2026-01-01,273.55,21.88,295.43,Paid
INV0B66DB734A,CUST100035782,2025-11-24,2025-12-15,111.24,8.9,120.14,Unpaid
INV4109265B96,CUST100005267,2026-01-10,2026-01-31,311.86,24.95,336.81,Paid
INVF1B8AB4741,CUST100014846,2026-05-18,2026-06-08,139.05,11.12,150.17,Paid
INV356C2EC8EE,CUST100079404,2025-11-20,2025-12-11,119.37,9.55,128.92,Paid
INV94D92B5D12,CUST100093977,2025-09-09,2025-09-30,133.08,10.65,143.73,Paid
INVD57F604214,CUST100025500,2026-01-12,2026-02-02,106.23,8.5,114.73,Partially Paid
INVC821D88CD8,CUST100094775,2025-08-30,2025-09-20,82.59,6.61,89.2,Partially Paid
INV168421DF10,CUST100007274,2026-06-15,2026-07-06,212.12,16.97,229.09,Paid
INVFED624577F,CUST100097215,2026-05-25,2026-06-15,235.9,18.87,254.77,Partially Paid
INVE44C2AC2B4,CUST100020110,2025-12-09,2025-12-30,24.51,1.96,26.47,Paid
INVC453AB2AE0,CUST100084312,2026-04-03,2026-04-24,334.61,26.77,361.38,Overdue
INV75F3C9C2AC,CUST100079344,2025-11-19,2025-12-10,211.59,16.93,228.52,Paid
INVAAEA221D71,CUST100077288,2026-06-05,2026-06-26,349.45,27.96,377.41,Partially Paid
INV3146B0C834,CUST100075999,2025-12-17,2026-01-07,383.23,30.66,413.89,Paid
INV55B0406728,CUST100032595,2025-12-06,2025-12-27,342.77,27.42,370.19,Paid
INVB32E73E279,CUST100020778,2026-01-15,2026-02-05,329.74,26.38,356.12,Paid
INV969EE3811D,CUST100028535,2025-10-18,2025-11-08,288.16,23.05,311.21,Partially Paid
INVF85DDFA2E7,CUST100017061,2025-10-22,2025-11-12,107.33,8.59,115.92,Unpaid
INV551C196DCA,CUST100073745,2026-03-17,2026-04-07,24.16,1.93,26.09,Overdue
INV9B2CFB7273,CUST100012786,2026-05-02,2026-05-23,254.82,20.39,275.21,Unpaid
INVA84895F077,CUST100036895,2025-11-26,2025-12-17,238.74,19.1,257.84,Overdue
INV4591B9E845,CUST100094519,2026-02-06,2026-02-27,106.1,8.49,114.59,Paid
INVE944AE66B5,CUST100011887,2025-09-23,2025-10-14,67.3,5.38,72.68,Overdue
INVF0A098231A,CUST100004055,2026-03-28,2026-04-18,143.24,11.46,154.7,Paid
INVB186092738,CUST100027293,2026-06-30,2026-07-21,207.0,16.56,223.56,Paid
INV7576E6AB19,CUST100036900,2026-01-16,2026-02-06,286.96,22.96,309.92,Unpaid
INV795E9365BF,CUST100035661,2025-09-11,2025-10-02,345.8,27.66,373.46,Paid
INVCB53EF8F46,CUST100028677,2025-10-27,2025-11-17,106.27,8.5,114.77,Paid
INVA57762F752,CUST100013397,2026-06-11,2026-07-02,184.03,14.72,198.75,Paid
INVC7DF3BDFF5,CUST100093478,2025-09-15,2025-10-06,270.01,21.6,291.61,Unpaid
INVEC6A6F7949,CUST100019228,2026-02-07,2026-02-28,163.15,13.05,176.2,Partially Paid
INV94F1722F22,CUST100001857,2026-04-30,2026-05-21,378.5,30.28,408.78,Paid
INV384ABE98C5,CUST100058767,2026-06-23,2026-07-14,95.57,7.65,103.22,Paid
INVFD86E4E2D5,CUST100020604,2025-10-02,2025-10-23,258.53,20.68,279.21,Unpaid
INV9E4964ACD4,CUST100008851,2025-10-08,2025-10-29,191.87,15.35,207.22,Paid
INV4BE0C3D349,CUST100021500,2025-10-02,2025-10-23,395.27,31.62,426.89,Partially Paid
INVB554059FFC,CUST100067926,2025-08-05,2025-08-26,63.32,5.07,68.39,Overdue
INVAB727447EE,CUST100085014,2026-03-09,2026-03-30,325.89,26.07,351.96,Partially Paid
INV88698C7822,CUST100078117,2026-02-02,2026-02-23,375.16,30.01,405.17,Paid
INV85D7F3F0AD,CUST100058802,2026-04-28,2026-05-19,26.71,2.14,28.85,Overdue
INV7DA496D0C8,CUST100061408,2025-08-21,2025-09-11,117.05,9.36,126.41,Unpaid
INV53A8B1E67F,CUST100077771,2026-02-18,2026-03-11,149.0,11.92,160.92,Paid
INVD15F433302,CUST100098870,2025-12-08,2025-12-29,86.62,6.93,93.55,Paid
INV803449F621,CUST100000211,2026-02-21,2026-03-14,354.2,28.34,382.54,Paid
INVA98B190BE3,CUST100058857,2026-05-15,2026-06-05,365.1,29.21,394.31,Paid
INVFD3B0EA4C1,CUST100031816,2026-03-28,2026-04-18,220.41,17.63,238.04,Paid
INVD84320A32B,CUST100024807,2026-03-28,2026-04-18,391.29,31.3,422.59,Paid
INVF05238C325,CUST100065623,2025-12-05,2025-12-26,270.29,21.62,291.91,Paid
INV7E93331592,CUST100063384,2025-11-28,2025-12-19,385.84,30.87,416.71,Unpaid
INV72162A3055,CUST100032555,2025-10-01,2025-10-22,123.87,9.91,133.78,Overdue
INV30258491E0,CUST100009332,2026-03-01,2026-03-22,76.57,6.13,82.7,Unpaid
INV82FB066C5B,CUST100082606,2026-06-29,2026-07-20,143.01,11.44,154.45,Paid
INV3B7C1B420D,CUST100003199,2025-08-13,2025-09-03,175.09,14.01,189.1,Paid
INV3F3EE3DFAF,CUST100091591,2026-06-28,2026-07-19,54.84,4.39,59.23,Paid
INV9E1354BCF9,CUST100067530,2025-12-22,2026-01-12,224.17,17.93,242.1,Unpaid
INVE0C37CD9EE,CUST100020988,2025-11-02,2025-11-23,349.19,27.94,377.13,Partially Paid
INVE3FE1214B2,CUST100009074,2026-01-09,2026-01-30,42.42,3.39,45.81,Paid
INV8EF1F34BFE,CUST100056824,2026-03-25,2026-04-15,26.53,2.12,28.65,Paid
INV68295F6A3A,CUST100067203,2026-05-16,2026-06-06,56.55,4.52,61.07,Partially Paid
INVC751B1A9CC,CUST100004201,2026-02-17,2026-03-10,311.67,24.93,336.6,Unpaid
INV392426FD48,CUST100087817,2026-05-08,2026-05-29,393.99,31.52,425.51,Partially Paid
INV6FDA8385DE,CUST100063751,2026-03-08,2026-03-29,208.28,16.66,224.94,Paid
INVF6F130F0D9,CUST100071495,2025-11-27,2025-12-18,136.29,10.9,147.19,Overdue
INV77608251BC,CUST100080928,2025-09-11,2025-10-02,147.45,11.8,159.25,Paid
INV7BBC48E665,CUST100018070,2025-10-16,2025-11-06,156.45,12.52,168.97,Paid
INV44CC3E1319,CUST100068618,2025-11-14,2025-12-05,279.85,22.39,302.24,Paid
INVE2D7AA032D,CUST100097600,2025-11-23,2025-12-14,142.58,11.41,153.99,Paid
INV259B346F24,CUST100025375,2026-05-07,2026-05-28,388.82,31.11,419.93,Overdue
INVEFBB5C7CFD,CUST100033366,2025-09-23,2025-10-14,178.6,14.29,192.89,Paid
INV48CDAD45D1,CUST100067932,2025-11-28,2025-12-19,212.49,17.0,229.49,Overdue
INVACBFC8DD33,CUST100069333,2026-03-10,2026-03-31,255.79,20.46,276.25,Partially Paid
INVF02901FD17,CUST100004437,2025-08-12,2025-09-02,331.22,26.5,357.72,Unpaid
INVBEBBF0DD6F,CUST100070873,2026-01-09,2026-01-30,288.07,23.05,311.12,Overdue
INV20734A802E,CUST100087305,2025-10-10,2025-10-31,185.59,14.85,200.44,Paid
INVC697512590,CUST100087331,2026-05-25,2026-06-15,38.83,3.11,41.94,Paid
INV7C4965A318,CUST100029855,2025-08-11,2025-09-01,292.13,23.37,315.5,Paid
INV5B7321DDBF,CUST100030613,2025-09-15,2025-10-06,269.83,21.59,291.42,Paid
INV5B80EDA4EB,CUST100020050,2025-11-29,2025-12-20,336.44,26.92,363.36,Paid
INV8372D086CA,CUST100063845,2025-08-25,2025-09-15,265.67,21.25,286.92,Unpaid
INV212C71B32B,CUST100040784,2026-01-14,2026-02-04,229.53,18.36,247.89,Paid
INV6BE70EA751,CUST100057170,2026-02-05,2026-02-26,56.07,4.49,60.56,Paid
INVDC99E9B55B,CUST100093274,2026-04-24,2026-05-15,87.8,7.02,94.82,Overdue
INV2761AD4E7E,CUST100001977,2026-02-13,2026-03-06,84.58,6.77,91.35,Partially Paid
INV79A7C72EA7,CUST100019913,2026-03-18,2026-04-08,364.71,29.18,393.89,Unpaid
INVB6A253ABF8,CUST100031415,2026-04-26,2026-05-17,67.12,5.37,72.49,Paid
INV7A034382F0,CUST100087169,2026-01-26,2026-02-16,77.09,6.17,83.26,Unpaid
INVFDD941E302,CUST100007775,2025-10-21,2025-11-11,156.93,12.55,169.48,Paid
INVC84DD5B61A,CUST100059887,2026-05-25,2026-06-15,362.22,28.98,391.2,Paid
INV0B3223B81E,CUST100008525,2025-12-12,2026-01-02,197.33,15.79,213.12,Partially Paid
INV19B1124887,CUST100047929,2026-03-20,2026-04-10,111.78,8.94,120.72,Paid
INV6D86A70172,CUST100084613,2026-07-02,2026-07-23,117.15,9.37,126.52,Unpaid
INV1C1AD05C5C,CUST100083076,2026-07-17,2026-08-07,259.97,20.8,280.77,Unpaid
INV08C47A7A68,CUST100002923,2025-12-02,2025-12-23,236.01,18.88,254.89,Unpaid
INVEF17B699E6,CUST100045870,2026-01-05,2026-01-26,64.48,5.16,69.64,Unpaid
INVC758424F65,CUST100027505,2026-07-20,2026-08-10,252.97,20.24,273.21,Paid
INV4FEA0787C3,CUST100058540,2025-11-10,2025-12-01,252.75,20.22,272.97,Paid
INV0952700F1C,CUST100048266,2026-06-04,2026-06-25,66.95,5.36,72.31,Partially Paid
INV1599F56EDD,CUST100071833,2026-03-08,2026-03-29,216.57,17.33,233.9,Paid
INVDBF236DEC7,CUST100096914,2025-08-27,2025-09-17,306.32,24.51,330.83,Paid
INV52BEA02E7D,CUST100044976,2025-12-31,2026-01-21,84.75,6.78,91.53,Paid
INV3C9D70F8BB,CUST100048869,2026-04-28,2026-05-19,192.68,15.41,208.09,Paid
INV37351002A5,CUST100038708,2025-09-06,2025-09-27,28.0,2.24,30.24,Paid
INV1C55E71CC5,CUST100003848,2026-03-25,2026-04-15,26.97,2.16,29.13,Paid
INV5654088522,CUST100035082,2025-12-25,2026-01-15,129.53,10.36,139.89,Paid
INV2645F24321,CUST100038217,2025-12-05,2025-12-26,130.57,10.45,141.02,Paid
INV3BDC39DB14,CUST100091559,2025-10-14,2025-11-04,318.44,25.48,343.92,Paid
INV4CC945557F,CUST100019289,2025-10-15,2025-11-05,34.64,2.77,37.41,Overdue
INVACF334FA7E,CUST100059004,2025-12-20,2026-01-10,168.33,13.47,181.8,Unpaid
INVAD833625F2,CUST100008200,2026-01-25,2026-02-15,170.76,13.66,184.42,Paid
INV76F796B5C5,CUST100006969,2025-11-06,2025-11-27,276.4,22.11,298.51,Unpaid
INV313A08357E,CUST100092157,2026-05-17,2026-06-07,317.56,25.4,342.96,Paid
INV43D1BB3118,CUST100035054,2026-03-28,2026-04-18,245.88,19.67,265.55,Paid
INV5D032F677C,CUST100006034,2026-04-24,2026-05-15,342.78,27.42,370.2,Paid
INV16D350BD93,CUST100072673,2025-08-24,2025-09-14,83.39,6.67,90.06,Paid
INVBBD9DBD058,CUST100082755,2026-04-17,2026-05-08,190.31,15.22,205.53,Overdue
INVB74223734C,CUST100088080,2025-09-20,2025-10-11,320.52,25.64,346.16,Unpaid
INVC5208A2018,CUST100020731,2025-08-21,2025-09-11,276.46,22.12,298.58,Overdue
INV5F4D7E68C1,CUST100089070,2026-01-03,2026-01-24,346.14,27.69,373.83,Partially Paid
INV3011A368E6,CUST100001810,2025-10-02,2025-10-23,101.73,8.14,109.87,Paid
INVCBB46E0452,CUST100098625,2026-02-19,2026-03-12,104.61,8.37,112.98,Paid
INVE53A8410CE,CUST100059268,2025-09-08,2025-09-29,226.43,18.11,244.54,Paid
INV3A3B11FD95,CUST100036485,2026-01-02,2026-01-23,197.94,15.84,213.78,Paid
INV8FFF4E3773,CUST100065598,2026-03-22,2026-04-12,331.59,26.53,358.12,Unpaid
INV8F3AAF9D31,CUST100054173,2026-04-05,2026-04-26,248.54,19.88,268.42,Paid
INV477A483F21,CUST100098146,2026-02-19,2026-03-12,41.31,3.3,44.61,Paid
INV85D7D97A61,CUST100089864,2026-02-22,2026-03-15,196.87,15.75,212.62,Paid
INVBB0D6DF9AD,CUST100054344,2025-10-08,2025-10-29,318.82,25.51,344.33,Partially Paid
INV7CA32EA6DE,CUST100033663,2026-02-25,2026-03-18,100.62,8.05,108.67,Unpaid
INV4402BCE0C0,CUST100032576,2025-10-01,2025-10-22,137.6,11.01,148.61,Paid
INVEADE78F5D2,CUST100069807,2026-05-06,2026-05-27,339.72,27.18,366.9,Paid
INV4FAC485DB6,CUST100069288,2025-10-30,2025-11-20,325.32,26.03,351.35,Paid
INV1859B36687,CUST100092369,2026-04-02,2026-04-23,319.45,25.56,345.01,Paid
INV0193A7C859,CUST100007365,2025-11-02,2025-11-23,183.01,14.64,197.65,Paid
INV9726E3DD76,CUST100086756,2026-05-18,2026-06-08,143.54,11.48,155.02,Paid
INV13D2A5C617,CUST100031388,2025-10-16,2025-11-06,363.88,29.11,392.99,Overdue
INV9C82A45286,CUST100044694,2025-10-24,2025-11-14,264.18,21.13,285.31,Unpaid
INV49FF5F464D,CUST100069343,2026-06-08,2026-06-29,42.16,3.37,45.53,Unpaid
INV3300B72732,CUST100075438,2026-06-15,2026-07-06,319.62,25.57,345.19,Overdue
INVF503FCB4B4,CUST100048440,2026-01-20,2026-02-10,111.93,8.95,120.88,Partially Paid
INVF7064432BD,CUST100067135,2025-08-08,2025-08-29,329.25,26.34,355.59,Overdue
INVE9E2258B16,CUST100080784,2025-09-20,2025-10-11,32.76,2.62,35.38,Paid
INVE6D9AEB359,CUST100070386,2025-11-06,2025-11-27,239.38,19.15,258.53,Paid
INV8C9D9C95CA,CUST100051176,2025-12-29,2026-01-19,217.69,17.42,235.11,Paid
INV68A1C59901,CUST100008584,2026-01-08,2026-01-29,81.86,6.55,88.41,Partially Paid
INV27286DE036,CUST100088512,2026-07-07,2026-07-28,344.92,27.59,372.51,Paid
INV95C4F7A65D,CUST100035362,2025-12-12,2026-01-02,377.72,30.22,407.94,Unpaid
INV7904735205,CUST100039726,2025-11-23,2025-12-14,42.6,3.41,46.01,Unpaid
INV7D95DFDB33,CUST100072730,2026-06-14,2026-07-05,278.79,22.3,301.09,Unpaid
INV0BD476313B,CUST100007848,2025-09-21,2025-10-12,263.3,21.06,284.36,Paid
INV99AB610693,CUST100040329,2026-01-30,2026-02-20,56.47,4.52,60.99,Unpaid
INV3D7219C556,CUST100059429,2025-10-30,2025-11-20,133.1,10.65,143.75,Paid
INV4AAB70C0E2,CUST100052916,2025-12-28,2026-01-18,21.07,1.69,22.76,Overdue
INV233B6BC8B2,CUST100024641,2026-02-25,2026-03-18,373.1,29.85,402.95,Unpaid
INVDDF5CA2991,CUST100035188,2025-12-26,2026-01-16,268.79,21.5,290.29,Paid
INV47C64EC673,CUST100021847,2025-12-15,2026-01-05,292.52,23.4,315.92,Partially Paid
INVEB9CD35B04,CUST100062673,2025-09-27,2025-10-18,187.71,15.02,202.73,Paid
INV46F62CA61A,CUST100040184,2025-11-30,2025-12-21,294.78,23.58,318.36,Paid
INVFCB98046AA,CUST100084037,2026-05-15,2026-06-05,312.07,24.97,337.04,Paid
INVE22CF21DF4,CUST100057124,2026-01-24,2026-02-14,144.7,11.58,156.28,Unpaid
INV2FA568F295,CUST100013269,2025-09-26,2025-10-17,125.09,10.01,135.1,Paid
INVFBCE373FCA,CUST100069448,2026-06-05,2026-06-26,210.84,16.87,227.71,Overdue
INV09D4FEBE99,CUST100007205,2025-08-13,2025-09-03,115.24,9.22,124.46,Paid
INVB09C08F08C,CUST100093940,2025-12-25,2026-01-15,154.12,12.33,166.45,Paid
INV00DC3687DC,CUST100044730,2026-03-31,2026-04-21,344.79,27.58,372.37,Paid
INV928AEF9544,CUST100085039,2025-10-08,2025-10-29,42.2,3.38,45.58,Paid
INV6576C17222,CUST100075554,2026-05-29,2026-06-19,138.02,11.04,149.06,Partially Paid
INV3D9EBC3D48,CUST100093619,2025-11-14,2025-12-05,390.38,31.23,421.61,Paid
INV47C37940E6,CUST100062118,2026-01-12,2026-02-02,26.98,2.16,29.14,Overdue
INV0BBB70EABA,CUST100084054,2025-11-19,2025-12-10,361.67,28.93,390.6,Paid
INV05118FA8C9,CUST100072645,2026-05-30,2026-06-20,141.8,11.34,153.14,Paid
INV27AB619BCE,CUST100019176,2026-07-11,2026-08-01,46.37,3.71,50.08,Unpaid
INVE7CB47CE75,CUST100012278,2026-05-24,2026-06-14,83.03,6.64,89.67,Paid
INVBCA4F20704,CUST100026500,2025-08-28,2025-09-18,275.69,22.06,297.75,Partially Paid
INV12106EE64B,CUST100095680,2026-05-22,2026-06-12,330.7,26.46,357.16,Paid
INVF3948F7DFE,CUST100055746,2026-01-30,2026-02-20,200.46,16.04,216.5,Overdue
INV87CCA8D2C7,CUST100063824,2026-03-15,2026-04-05,394.67,31.57,426.24,Overdue
INVE8D84174C5,CUST100023015,2026-07-20,2026-08-10,311.97,24.96,336.93,Paid
INV48E55D0CA1,CUST100059129,2026-07-15,2026-08-05,244.83,19.59,264.42,Partially Paid
INV1AAC923D69,CUST100014758,2025-09-19,2025-10-10,162.38,12.99,175.37,Paid
INVC137960698,CUST100010948,2025-12-29,2026-01-19,392.93,31.43,424.36,Paid
INV6A29106E24,CUST100025749,2026-04-07,2026-04-28,149.56,11.96,161.52,Paid
INVA4DBA45C80,CUST100037408,2026-04-23,2026-05-14,63.07,5.05,68.12,Paid
INVACA1C2A459,CUST100025795,2026-03-21,2026-04-11,94.21,7.54,101.75,Paid
INVAB875D6DA2,CUST100076895,2025-08-06,2025-08-27,27.65,2.21,29.86,Paid
INV2CB91D8168,CUST100064850,2026-04-27,2026-05-18,157.39,12.59,169.98,Paid
INVE655999672,CUST100052648,2026-06-24,2026-07-15,91.62,7.33,98.95,Partially Paid
INV8C7EA7332A,CUST100030504,2025-09-07,2025-09-28,384.5,30.76,415.26,Paid
INV5320B8A622,CUST100063291,2026-07-07,2026-07-28,114.17,9.13,123.3,Unpaid
INVD5BC24D930,CUST100086999,2026-02-18,2026-03-11,86.1,6.89,92.99,Paid
INV28A1ABF2D5,CUST100085183,2026-03-30,2026-04-20,325.32,26.03,351.35,Paid
INV2363E80723,CUST100066106,2026-07-21,2026-08-11,329.41,26.35,355.76,Partially Paid
INVA11A4385EE,CUST100084177,2025-10-30,2025-11-20,93.68,7.49,101.17,Partially Paid
INVEEFA4918D4,CUST100051254,2026-06-17,2026-07-08,39.25,3.14,42.39,Paid
INVB37B06F0CD,CUST100012899,2026-03-18,2026-04-08,101.77,8.14,109.91,Overdue
INV54AEBC89AB,CUST100071460,2025-12-08,2025-12-29,63.36,5.07,68.43,Paid
INVA879A95081,CUST100006828,2026-07-14,2026-08-04,359.57,28.77,388.34,Partially Paid
INV298D719565,CUST100027066,2026-02-23,2026-03-16,365.89,29.27,395.16,Paid
INVEEB90836A4,CUST100004343,2025-11-01,2025-11-22,159.82,12.79,172.61,Paid
INVCB5031F32F,CUST100051934,2026-06-04,2026-06-25,23.62,1.89,25.51,Paid
INV38DB1D93D3,CUST100074563,2026-03-03,2026-03-24,59.99,4.8,64.79,Paid
INVBDB3FF7432,CUST100074030,2026-04-17,2026-05-08,247.23,19.78,267.01,Unpaid
INV1BE0EC2764,CUST100047526,2026-02-13,2026-03-06,26.96,2.16,29.12,Unpaid
INVBF7C3BA042,CUST100028346,2026-04-15,2026-05-06,22.17,1.77,23.94,Paid
INV2BE497BC52,CUST100027380,2025-10-28,2025-11-18,124.93,9.99,134.92,Paid
INVDDFAA0DE97,CUST100004879,2025-09-20,2025-10-11,394.86,31.59,426.45,Partially Paid
INV5936CD6C3B,CUST100081000,2025-12-16,2026-01-06,202.28,16.18,218.46,Overdue
INV9588E7E011,CUST100024063,2026-01-21,2026-02-11,378.78,30.3,409.08,Paid
INV88E2D5B5F5,CUST100070967,2026-04-13,2026-05-04,74.68,5.97,80.65,Paid
INV6EF3D5F815,CUST100032376,2026-07-19,2026-08-09,327.16,26.17,353.33,Unpaid
INVBAABEE9ADF,CUST100085699,2026-04-28,2026-05-19,280.45,22.44,302.89,Paid
INV20184DC086,CUST100067717,2026-03-24,2026-04-14,272.43,21.79,294.22,Paid
INVA98DDD11BE,CUST100007767,2026-03-19,2026-04-09,186.22,14.9,201.12,Paid
INV50DEAD58D5,CUST100024608,2026-01-17,2026-02-07,357.12,28.57,385.69,Paid
INV2890D3DCE6,CUST100043689,2025-09-26,2025-10-17,100.77,8.06,108.83,Paid
INV43ED8B4E99,CUST100012897,2026-03-29,2026-04-19,217.79,17.42,235.21,Paid
INV0C07267565,CUST100071973,2026-06-08,2026-06-29,353.41,28.27,381.68,Paid
INV823C49A4AE,CUST100025767,2026-04-28,2026-05-19,136.42,10.91,147.33,Partially Paid
INV6844684284,CUST100027598,2026-03-24,2026-04-14,92.6,7.41,100.01,Paid
INVD9CEA96B45,CUST100007107,2026-05-02,2026-05-23,53.51,4.28,57.79,Partially Paid
INVDF78B1E3D7,CUST100043828,2026-06-02,2026-06-23,81.92,6.55,88.47,Paid
INV2F0559565E,CUST100025044,2025-08-31,2025-09-21,218.15,17.45,235.6,Unpaid
INVAD825892E7,CUST100042386,2026-03-07,2026-03-28,114.04,9.12,123.16,Paid
INV726AE008A0,CUST100055359,2026-01-29,2026-02-19,285.82,22.87,308.69,Paid
INV5407F75900,CUST100020548,2026-03-14,2026-04-04,127.03,10.16,137.19,Partially Paid
INV07F7BAFC65,CUST100000042,2026-05-08,2026-05-29,363.71,29.1,392.81,Unpaid
INVF9DFC50347,CUST100027103,2026-04-05,2026-04-26,28.5,2.28,30.78,Partially Paid
INV08D6F5F858,CUST100076978,2026-04-22,2026-05-13,304.87,24.39,329.26,Paid
INV305E572EA0,CUST100069626,2026-04-29,2026-05-20,98.75,7.9,106.65,Paid
INVE9E928A5E5,CUST100030799,2026-02-06,2026-02-27,380.57,30.45,411.02,Paid
INV4E0B21DFB9,CUST100012206,2026-06-25,2026-07-16,358.78,28.7,387.48,Paid
INV36AB4BABAF,CUST100001542,2026-01-09,2026-01-30,147.17,11.77,158.94,Paid
INVB02942691E,CUST100069146,2025-12-10,2025-12-31,312.22,24.98,337.2,Paid
INVD704D6D930,CUST100098804,2026-04-05,2026-04-26,244.77,19.58,264.35,Overdue
INV442128D8C3,CUST100051193,2026-07-20,2026-08-10,88.7,7.1,95.8,Paid
INV64DAC59DA6,CUST100005918,2025-11-05,2025-11-26,91.68,7.33,99.01,Paid
INVC5CE734943,CUST100054625,2026-02-18,2026-03-11,273.18,21.85,295.03,Paid
INV0DEB86D015,CUST100027819,2025-12-04,2025-12-25,87.98,7.04,95.02,Paid
INV810E9C04C4,CUST100051731,2025-08-24,2025-09-14,276.93,22.15,299.08,Overdue
INVE0CD64F1AD,CUST100090464,2026-03-18,2026-04-08,339.61,27.17,366.78,Paid
INVD1CEB589B2,CUST100043212,2026-05-24,2026-06-14,89.37,7.15,96.52,Paid
INV7EDAE16365,CUST100075568,2025-12-01,2025-12-22,97.32,7.79,105.11,Overdue
INV118630DC03,CUST100072605,2025-12-28,2026-01-18,77.07,6.17,83.24,Paid
INVC39FD7C4EB,CUST100039982,2026-06-08,2026-06-29,92.2,7.38,99.58,Overdue
INV63C641B620,CUST100098999,2025-08-28,2025-09-18,362.21,28.98,391.19,Paid
INV4D364253F1,CUST100055642,2026-02-10,2026-03-03,43.62,3.49,47.11,Paid
INV6D3F8E581A,CUST100079903,2026-07-21,2026-08-11,230.09,18.41,248.5,Paid
INV3895F2A00F,CUST100063748,2026-01-07,2026-01-28,70.75,5.66,76.41,Unpaid
INVC9E52F6932,CUST100011352,2026-06-19,2026-07-10,111.25,8.9,120.15,Overdue
INV4BC1F95DBB,CUST100091339,2026-02-17,2026-03-10,337.56,27.0,364.56,Paid
INV29A96DC957,CUST100061366,2025-12-31,2026-01-21,360.09,28.81,388.9,Paid
INV168430D425,CUST100089245,2025-08-31,2025-09-21,53.75,4.3,58.05,Partially Paid
INV2B9369C3F5,CUST100096472,2025-12-04,2025-12-25,201.65,16.13,217.78,Paid
INVD5C6DCA2C5,CUST100065245,2025-09-03,2025-09-24,325.55,26.04,351.59,Paid
INV9157F5C095,CUST100088722,2025-12-18,2026-01-08,125.38,10.03,135.41,Paid
INVF8D2868EC5,CUST100078911,2025-12-13,2026-01-03,389.86,31.19,421.05,Partially Paid
INVD30CC9A16A,CUST100084172,2026-05-10,2026-05-31,300.4,24.03,324.43,Paid
INV74D2AEF4E4,CUST100085851,2026-03-14,2026-04-04,168.9,13.51,182.41,Overdue
INV7E40F48687,CUST100058104,2026-04-19,2026-05-10,201.34,16.11,217.45,Paid
INV25EC2BCB6F,CUST100044019,2026-01-02,2026-01-23,155.64,12.45,168.09,Unpaid
INV0F47CEBF75,CUST100096662,2026-06-01,2026-06-22,143.86,11.51,155.37,Paid
INVA163C52FCF,CUST100046015,2026-04-01,2026-04-22,346.02,27.68,373.7,Paid
INV0B5778E9B5,CUST100000474,2026-06-06,2026-06-27,163.17,13.05,176.22,Paid
INV548AA31EF2,CUST100004542,2026-04-15,2026-05-06,33.6,2.69,36.29,Paid
INVA83C7F22BF,CUST100011404,2025-11-15,2025-12-06,170.73,13.66,184.39,Paid
INV5CDB81C0FA,CUST100049154,2025-12-31,2026-01-21,213.85,17.11,230.96,Partially Paid
INV84261A82E3,CUST100037022,2025-08-08,2025-08-29,263.4,21.07,284.47,Paid
INV7EDB1507E4,CUST100005951,2026-04-07,2026-04-28,192.85,15.43,208.28,Paid
INVC9CDCF9B8D,CUST100001725,2026-07-22,2026-08-12,364.25,29.14,393.39,Paid
INV571D5678AA,CUST100014487,2025-11-30,2025-12-21,203.84,16.31,220.15,Paid
INV292148D00D,CUST100051273,2025-11-03,2025-11-24,365.54,29.24,394.78,Unpaid
INVD5B18C4ABC,CUST100018356,2025-11-25,2025-12-16,244.01,19.52,263.53,Paid
INV58828C987F,CUST100084762,2025-09-03,2025-09-24,320.47,25.64,346.11,Partially Paid
INV75EF4F50D1,CUST100006481,2026-05-03,2026-05-24,58.34,4.67,63.01,Paid
INV3D8F5F8ECB,CUST100016478,2026-05-22,2026-06-12,392.43,31.39,423.82,Partially Paid
INV74F2BB165D,CUST100045633,2026-01-19,2026-02-09,91.92,7.35,99.27,Paid
INV2DD021E38F,CUST100092768,2025-10-24,2025-11-14,376.7,30.14,406.84,Paid
INV749D57AF45,CUST100027834,2025-12-12,2026-01-02,330.25,26.42,356.67,Partially Paid
INV807B1473A4,CUST100094651,2026-03-30,2026-04-20,25.66,2.05,27.71,Paid
INV443C27EA44,CUST100099636,2025-12-16,2026-01-06,207.66,16.61,224.27,Paid
INV03A0C2F1F6,CUST100059166,2026-07-02,2026-07-23,43.96,3.52,47.48,Paid
INV44BE8EBE94,CUST100056765,2025-09-07,2025-09-28,246.83,19.75,266.58,Paid
INVC57D30FA37,CUST100060420,2026-07-03,2026-07-24,173.35,13.87,187.22,Paid
INV22E3CEF72F,CUST100019979,2026-05-07,2026-05-28,87.04,6.96,94.0,Overdue
INVFDA50292C8,CUST100050560,2025-08-29,2025-09-19,205.9,16.47,222.37,Partially Paid
INV21191602C5,CUST100045670,2026-03-29,2026-04-19,74.64,5.97,80.61,Unpaid
INVFDC693E5A4,CUST100075055,2025-08-02,2025-08-23,210.34,16.83,227.17,Unpaid
INV9BB79EBE02,CUST100076132,2026-06-30,2026-07-21,173.9,13.91,187.81,Paid
INVC4086F7075,CUST100094898,2025-09-12,2025-10-03,175.25,14.02,189.27,Overdue
INV9EA76BAD3E,CUST100092453,2026-04-06,2026-04-27,37.01,2.96,39.97,Partially Paid
INV91B531B25A,CUST100055032,2025-11-27,2025-12-18,96.74,7.74,104.48,Paid
INV2C10B35F86,CUST100008811,2026-01-12,2026-02-02,326.95,26.16,353.11,Partially Paid
INVAF6861048E,CUST100014977,2025-11-18,2025-12-09,286.42,22.91,309.33,Overdue
INVE5583E2421,CUST100060712,2025-09-27,2025-10-18,150.9,12.07,162.97,Unpaid
INV1045B787E1,CUST100052915,2025-11-20,2025-12-11,172.79,13.82,186.61,Overdue
INV12A294E873,CUST100009548,2025-09-15,2025-10-06,142.56,11.4,153.96,Partially Paid
INV56F25BFFE2,CUST100041200,2026-01-25,2026-02-15,222.28,17.78,240.06,Partially Paid
INV46F6F37B61,CUST100033250,2025-11-16,2025-12-07,26.46,2.12,28.58,Paid
INVF0F2BA35B1,CUST100076288,2026-02-12,2026-03-05,317.38,25.39,342.77,Paid
INVA5F9FCD5BE,CUST100008172,2026-03-07,2026-03-28,66.48,5.32,71.8,Paid
INV350F36BF7B,CUST100046898,2025-08-05,2025-08-26,348.25,27.86,376.11,Paid
INV83B467D54F,CUST100081187,2025-10-06,2025-10-27,168.93,13.51,182.44,Overdue
INV6F57A2AD97,CUST100057797,2026-04-14,2026-05-05,227.22,18.18,245.4,Paid
INVCC3E95DE54,CUST100030620,2026-02-10,2026-03-03,191.51,15.32,206.83,Paid
INVD0A0E763F6,CUST100005163,2026-01-29,2026-02-19,393.75,31.5,425.25,Paid
INV87DF21FE38,CUST100018210,2025-12-02,2025-12-23,125.32,10.03,135.35,Paid
INVDD026734BD,CUST100009320,2025-09-11,2025-10-02,228.98,18.32,247.3,Paid
INV76B0B68278,CUST100012724,2025-12-13,2026-01-03,258.6,20.69,279.29,Unpaid
INVC808601A65,CUST100028590,2026-04-15,2026-05-06,27.62,2.21,29.83,Paid
INV75C86A5488,CUST100021584,2025-08-03,2025-08-24,167.57,13.41,180.98,Paid
INV1F5E9E24D7,CUST100036292,2026-06-09,2026-06-30,77.31,6.18,83.49,Overdue
INV96D2BFD11F,CUST100067064,2025-10-28,2025-11-18,109.09,8.73,117.82,Paid
INVAF53C6EA31,CUST100028268,2026-01-12,2026-02-02,93.02,7.44,100.46,Paid
INV483291424A,CUST100037259,2026-02-06,2026-02-27,26.45,2.12,28.57,Paid
INVD936229B14,CUST100060314,2026-06-20,2026-07-11,321.43,25.71,347.14,Overdue
INV61B189E615,CUST100015143,2026-03-24,2026-04-14,201.55,16.12,217.67,Unpaid
INVA643A2C4C0,CUST100000455,2026-04-14,2026-05-05,27.71,2.22,29.93,Unpaid
INVDDE5CA77CF,CUST100039308,2026-02-10,2026-03-03,139.14,11.13,150.27,Unpaid
INV661709904D,CUST100027255,2026-01-03,2026-01-24,91.83,7.35,99.18,Paid
INV70B739D649,CUST100057843,2025-08-18,2025-09-08,175.49,14.04,189.53,Overdue
INV8262269F59,CUST100054153,2025-09-25,2025-10-16,222.17,17.77,239.94,Unpaid
INVC15A1207AD,CUST100072985,2025-08-06,2025-08-27,257.94,20.64,278.58,Paid
INV534373D756,CUST100039768,2026-06-16,2026-07-07,307.5,24.6,332.1,Unpaid
INVEBBDEA4485,CUST100073234,2025-10-09,2025-10-30,127.84,10.23,138.07,Paid
INV833138AB31,CUST100070711,2026-06-29,2026-07-20,295.94,23.68,319.62,Paid
INVC0789B867F,CUST100015252,2026-06-17,2026-07-08,369.85,29.59,399.44,Paid
INVC085388373,CUST100044215,2026-06-26,2026-07-17,329.41,26.35,355.76,Overdue
INV6397FE389A,CUST100027309,2025-12-08,2025-12-29,308.32,24.67,332.99,Partially Paid
INV63E1281C5B,CUST100044468,2025-11-13,2025-12-04,231.74,18.54,250.28,Paid
INV2D86646264,CUST100002456,2025-12-20,2026-01-10,156.62,12.53,169.15,Paid
INV9BAC437E05,CUST100095404,2026-02-09,2026-03-02,231.74,18.54,250.28,Overdue
INVF840A4CFB5,CUST100041823,2025-12-07,2025-12-28,228.04,18.24,246.28,Paid
INV4C51F3A0F3,CUST100036175,2026-03-17,2026-04-07,119.77,9.58,129.35,Paid
INVA92F6A4B73,CUST100002822,2025-09-15,2025-10-06,152.81,12.22,165.03,Unpaid
INVA8C581C6FA,CUST100096702,2026-06-20,2026-07-11,28.99,2.32,31.31,Paid
INV2EF0F62CE4,CUST100003647,2026-07-07,2026-07-28,275.15,22.01,297.16,Paid
INV74F2127D49,CUST100083176,2026-04-11,2026-05-02,129.24,10.34,139.58,Paid
INV48BA1A0944,CUST100001704,2025-08-10,2025-08-31,30.48,2.44,32.92,Partially Paid
INV8B45CFE3D3,CUST100093676,2025-11-19,2025-12-10,210.63,16.85,227.48,Overdue
INV2396BD86B7,CUST100024415,2026-07-01,2026-07-22,389.87,31.19,421.06,Overdue
INVEE63FC8318,CUST100063961,2026-07-01,2026-07-22,67.19,5.38,72.57,Overdue
INV9ACB132650,CUST100049677,2025-09-20,2025-10-11,349.83,27.99,377.82,Paid
INVEEC24F1EC5,CUST100078238,2026-06-20,2026-07-11,27.22,2.18,29.4,Overdue
INV5E2D48E755,CUST100008362,2026-04-22,2026-05-13,56.75,4.54,61.29,Paid
INV892FCAACD8,CUST100095689,2026-06-10,2026-07-01,392.01,31.36,423.37,Paid
INVE92B67BB7E,CUST100012166,2025-09-29,2025-10-20,328.78,26.3,355.08,Paid
INVDE77B761DC,CUST100002186,2025-09-14,2025-10-05,343.79,27.5,371.29,Paid
INV0C972F6A62,CUST100097112,2026-05-07,2026-05-28,303.05,24.24,327.29,Overdue
INV4B2DE979A8,CUST100039149,2025-10-28,2025-11-18,297.7,23.82,321.52,Paid
INV9A8710A3DC,CUST100000147,2026-07-03,2026-07-24,20.89,1.67,22.56,Partially Paid
INVF51E6B7D85,CUST100055271,2025-09-13,2025-10-04,380.4,30.43,410.83,Paid
INVC1DB0D9FD6,CUST100073045,2025-12-02,2025-12-23,95.76,7.66,103.42,Paid
INV13FB172F6A,CUST100055879,2026-05-07,2026-05-28,342.6,27.41,370.01,Partially Paid
INVFFA10C4EBC,CUST100053880,2026-04-23,2026-05-14,60.45,4.84,65.29,Paid
INV939DA03544,CUST100087724,2025-08-09,2025-08-30,102.13,8.17,110.3,Unpaid
INVA6E8EB1019,CUST100016449,2026-05-31,2026-06-21,356.15,28.49,384.64,Paid
INV9519A6C8D6,CUST100027371,2026-02-25,2026-03-18,74.87,5.99,80.86,Paid
INVF0AFAAE35E,CUST100031839,2025-12-22,2026-01-12,365.35,29.23,394.58,Paid
INV76206D7F84,CUST100021768,2025-09-25,2025-10-16,264.28,21.14,285.42,Paid
INV52EFA5E97F,CUST100017937,2025-11-01,2025-11-22,276.83,22.15,298.98,Paid
INV900C72B569,CUST100074594,2026-05-12,2026-06-02,362.73,29.02,391.75,Unpaid
INV68F322E9E1,CUST100007079,2025-09-05,2025-09-26,359.12,28.73,387.85,Paid
INVCA9CBBA01F,CUST100071138,2025-11-14,2025-12-05,151.38,12.11,163.49,Unpaid
INV99375F6BE1,CUST100095346,2025-12-23,2026-01-13,257.71,20.62,278.33,Partially Paid
INVC724374FE8,CUST100061011,2025-08-28,2025-09-18,305.39,24.43,329.82,Paid
INVBFB241A48E,CUST100078442,2025-08-30,2025-09-20,217.5,17.4,234.9,Unpaid
INV7BEC910AD8,CUST100041252,2026-02-26,2026-03-19,256.47,20.52,276.99,Paid
INV6FDD84FD29,CUST100091279,2025-08-22,2025-09-12,307.93,24.63,332.56,Overdue
INVDF1DBC1DBB,CUST100063722,2026-04-24,2026-05-15,174.31,13.94,188.25,Paid
INV196DE5DBE3,CUST100001284,2026-07-17,2026-08-07,82.29,6.58,88.87,Paid
INV6005242715,CUST100093135,2026-06-26,2026-07-17,60.83,4.87,65.7,Partially Paid
INV914F20FD40,CUST100048629,2025-11-06,2025-11-27,382.74,30.62,413.36,Paid
INV654F7A8E53,CUST100093775,2026-07-06,2026-07-27,262.82,21.03,283.85,Paid
INVD09F183567,CUST100083658,2025-11-29,2025-12-20,235.6,18.85,254.45,Paid
INVA104570FD1,CUST100092870,2025-09-18,2025-10-09,214.84,17.19,232.03,Overdue
INV81C1D75E0F,CUST100070227,2026-03-06,2026-03-27,380.19,30.42,410.61,Paid
INV82ECB2E5D3,CUST100023183,2026-04-23,2026-05-14,199.61,15.97,215.58,Paid
INV4765A1FF38,CUST100006679,2025-12-08,2025-12-29,321.71,25.74,347.45,Paid
INV18E9BF40D4,CUST100053518,2026-01-03,2026-01-24,83.95,6.72,90.67,Paid
INV0EF65E0881,CUST100094887,2025-11-24,2025-12-15,135.49,10.84,146.33,Partially Paid
INV88D213D1E5,CUST100011296,2026-02-10,2026-03-03,229.45,18.36,247.81,Partially Paid
INV855D921FF4,CUST100013671,2025-11-27,2025-12-18,398.84,31.91,430.75,Paid
INV123ED7348A,CUST100077788,2026-07-06,2026-07-27,183.6,14.69,198.29,Paid
INV9490C1B12E,CUST100048596,2026-06-08,2026-06-29,230.78,18.46,249.24,Paid
INV74A2D8105F,CUST100061094,2026-04-18,2026-05-09,272.69,21.82,294.51,Unpaid
INVE2F59311EC,CUST100090307,2026-05-22,2026-06-12,102.46,8.2,110.66,Paid
INV5D6D66A269,CUST100025712,2026-04-05,2026-04-26,236.47,18.92,255.39,Paid
INVB0F41EE2A6,CUST100025019,2025-09-28,2025-10-19,162.01,12.96,174.97,Paid
INVF4DCD5AC52,CUST100079331,2025-12-20,2026-01-10,369.83,29.59,399.42,Paid
INV78D4017F51,CUST100063534,2025-10-29,2025-11-19,178.57,14.29,192.86,Paid
INVDAF0705ADB,CUST100077538,2026-04-14,2026-05-05,280.96,22.48,303.44,Unpaid
INVBA9116A1AA,CUST100049948,2025-08-24,2025-09-14,389.31,31.14,420.45,Paid
INV024AF80E6A,CUST100087771,2025-08-20,2025-09-10,81.66,6.53,88.19,Paid
INV599A064658,CUST100039261,2026-03-25,2026-04-15,211.84,16.95,228.79,Unpaid
INVD8F6C55E0F,CUST100044482,2026-05-27,2026-06-17,290.71,23.26,313.97,Partially Paid
INVE87CE238DD,CUST100043733,2026-02-02,2026-02-23,282.56,22.6,305.16,Paid
INV4F35E8FE53,CUST100028671,2026-07-19,2026-08-09,176.72,14.14,190.86,Paid
INVD961572B3D,CUST100029528,2026-05-23,2026-06-13,191.47,15.32,206.79,Paid
INV9E02072F9B,CUST100065150,2026-04-02,2026-04-23,93.83,7.51,101.34,Unpaid
INV44621F3611,CUST100060669,2025-10-08,2025-10-29,347.53,27.8,375.33,Paid
INVB1D73CEC76,CUST100083426,2026-05-30,2026-06-20,290.68,23.25,313.93,Paid
INV6592D38DC7,CUST100085332,2025-09-28,2025-10-19,25.01,2.0,27.01,Unpaid
INV9289995FCE,CUST100062731,2025-12-30,2026-01-20,335.4,26.83,362.23,Paid
INVF4E51C8BCB,CUST100093729,2025-12-10,2025-12-31,130.46,10.44,140.9,Unpaid
INVDE29E80C21,CUST100044684,2026-04-15,2026-05-06,135.93,10.87,146.8,Partially Paid
INVB9E1987E8C,CUST100041521,2026-03-21,2026-04-11,262.32,20.99,283.31,Overdue
INVC47AEC3383,CUST100003390,2026-04-10,2026-05-01,176.58,14.13,190.71,Overdue
INV33D8F62F1C,CUST100047406,2026-01-01,2026-01-22,386.63,30.93,417.56,Paid
INV919B950506,CUST100062496,2026-04-01,2026-04-22,205.61,16.45,222.06,Paid
INV776B7B330D,CUST100071956,2026-04-30,2026-05-21,32.35,2.59,34.94,Paid
INVBAB266BDE6,CUST100079449,2026-05-24,2026-06-14,331.22,26.5,357.72,Partially Paid
INVA42176C685,CUST100021444,2026-05-12,2026-06-02,278.09,22.25,300.34,Paid
INVE9901D5D9D,CUST100064663,2025-10-16,2025-11-06,103.45,8.28,111.73,Unpaid
INV10E74782A1,CUST100024539,2026-05-28,2026-06-18,157.75,12.62,170.37,Paid
INV6A3E0F9E36,CUST100060022,2026-05-24,2026-06-14,201.73,16.14,217.87,Paid
INVCC77954B19,CUST100076585,2026-05-31,2026-06-21,201.81,16.14,217.95,Paid
INV4469B4E742,CUST100081940,2026-04-09,2026-04-30,357.37,28.59,385.96,Paid
INV4D30A9843D,CUST100026721,2025-08-03,2025-08-24,182.01,14.56,196.57,Paid
INV676470B126,CUST100054985,2025-12-22,2026-01-12,42.61,3.41,46.02,Paid
INV36911C499B,CUST100063362,2026-02-17,2026-03-10,23.29,1.86,25.15,Paid
INVB1F8D06F8D,CUST100044171,2025-09-05,2025-09-26,124.96,10.0,134.96,Unpaid
INVB835FD51AB,CUST100089802,2026-01-23,2026-02-13,171.66,13.73,185.39,Unpaid
INV2733471DEE,CUST100022316,2025-12-21,2026-01-11,182.79,14.62,197.41,Paid
INV834E79F469,CUST100046257,2025-12-17,2026-01-07,300.06,24.0,324.06,Partially Paid
INV846F4ADBF8,CUST100037461,2025-09-07,2025-09-28,55.54,4.44,59.98,Partially Paid
INV6D0263AD49,CUST100054812,2026-01-11,2026-02-01,184.65,14.77,199.42,Paid
INVF2BCD82880,CUST100002983,2025-09-19,2025-10-10,101.66,8.13,109.79,Paid
INV3857EBD2A1,CUST100020722,2025-09-23,2025-10-14,113.62,9.09,122.71,Unpaid
INV052F22E535,CUST100073665,2026-06-25,2026-07-16,302.27,24.18,326.45,Paid
INV3142E60BCB,CUST100085599,2026-05-14,2026-06-04,128.77,10.3,139.07,Unpaid
INV00BDB2E74E,CUST100095967,2025-10-04,2025-10-25,310.17,24.81,334.98,Unpaid
INV5E5CC1751B,CUST100028768,2025-12-11,2026-01-01,128.75,10.3,139.05,Paid
INVC3F59EC00A,CUST100004928,2025-08-09,2025-08-30,108.45,8.68,117.13,Paid
INVD6E6A54D11,CUST100058877,2026-06-16,2026-07-07,40.3,3.22,43.52,Paid
INV63D28A134B,CUST100087791,2025-12-14,2026-01-04,209.2,16.74,225.94,Paid
INVB831D56D5A,CUST100076339,2026-01-05,2026-01-26,71.61,5.73,77.34,Paid
INVA19E061D1C,CUST100037190,2025-11-19,2025-12-10,148.15,11.85,160.0,Paid
INVF35AC2146E,CUST100039371,2025-09-17,2025-10-08,29.88,2.39,32.27,Paid
INVF67FCC6580,CUST100071357,2026-04-05,2026-04-26,314.12,25.13,339.25,Paid
INV42054E2419,CUST100010822,2026-04-25,2026-05-16,390.09,31.21,421.3,Paid
INV53E0A06759,CUST100032828,2026-03-16,2026-04-06,222.43,17.79,240.22,Unpaid
INVFCED8DB041,CUST100049974,2025-08-25,2025-09-15,393.77,31.5,425.27,Paid
INVBA2D7080C0,CUST100060629,2025-11-12,2025-12-03,240.23,19.22,259.45,Paid
INV019CD41C9E,CUST100064328,2026-05-15,2026-06-05,314.98,25.2,340.18,Paid
INVCBB02A3ED2,CUST100050934,2025-11-15,2025-12-06,77.86,6.23,84.09,Partially Paid
INVAC03974B50,CUST100023653,2026-03-19,2026-04-09,26.92,2.15,29.07,Paid
INV4C74C50AA3,CUST100012930,2026-02-19,2026-03-12,103.91,8.31,112.22,Paid
INV1F9C29AC41,CUST100070734,2025-11-26,2025-12-17,55.1,4.41,59.51,Paid
INV55CFC4CB14,CUST100030904,2026-05-08,2026-05-29,218.61,17.49,236.1,Partially Paid
INVA7E643578B,CUST100061295,2026-05-21,2026-06-11,238.72,19.1,257.82,Paid
INV95D665577E,CUST100004202,2026-07-05,2026-07-26,299.93,23.99,323.92,Paid
INV04670AD6C0,CUST100039592,2026-07-05,2026-07-26,195.5,15.64,211.14,Paid
INVE432EE629E,CUST100057054,2026-02-16,2026-03-09,260.55,20.84,281.39,Unpaid
INV9B4AD8D49F,CUST100046185,2026-02-15,2026-03-08,197.08,15.77,212.85,Paid
INV4A33CD3565,CUST100077498,2025-08-16,2025-09-06,374.78,29.98,404.76,Paid
INVFAC45C4BCF,CUST100073930,2026-03-09,2026-03-30,241.58,19.33,260.91,Unpaid
INVE0AF30F8EA,CUST100045772,2025-11-23,2025-12-14,310.91,24.87,335.78,Overdue
INV91EDF90798,CUST100010539,2026-01-13,2026-02-03,92.21,7.38,99.59,Unpaid
INV143154C1CB,CUST100000434,2025-11-22,2025-12-13,65.59,5.25,70.84,Unpaid
INV25A83F6BDB,CUST100049029,2026-06-10,2026-07-01,67.41,5.39,72.8,Unpaid
INV2F9D2EDB35,CUST100074646,2025-10-22,2025-11-12,82.18,6.57,88.75,Paid
INV12B23769DF,CUST100010632,2026-04-23,2026-05-14,85.76,6.86,92.62,Paid
INVA7BB6F34A0,CUST100088420,2026-05-04,2026-05-25,53.04,4.24,57.28,Paid
INVB80EA16A10,CUST100022535,2025-11-12,2025-12-03,275.42,22.03,297.45,Partially Paid
INV5A191C4C16,CUST100049340,2025-12-09,2025-12-30,72.65,5.81,78.46,Unpaid
INV556B0803DA,CUST100059181,2026-06-28,2026-07-19,367.42,29.39,396.81,Paid
INV7222AEF32D,CUST100080107,2026-04-06,2026-04-27,396.71,31.74,428.45,Partially Paid
INV3EECA7E528,CUST100038277,2026-07-01,2026-07-22,52.5,4.2,56.7,Unpaid
INV09DE4C3D87,CUST100059555,2026-01-08,2026-01-29,319.89,25.59,345.48,Paid
INV56D83DF3F8,CUST100051781,2025-10-23,2025-11-13,397.7,31.82,429.52,Paid
INV444E58B708,CUST100015077,2026-05-01,2026-05-22,183.14,14.65,197.79,Paid
INVD077966745,CUST100025259,2026-06-08,2026-06-29,247.02,19.76,266.78,Paid
INV43346E0273,CUST100064423,2026-06-28,2026-07-19,341.22,27.3,368.52,Paid
INVB1787DC6C2,CUST100049120,2026-06-11,2026-07-02,332.54,26.6,359.14,Paid
INVAEC35DAA0C,CUST100054210,2026-01-15,2026-02-05,88.09,7.05,95.14,Paid
INV003DA900AD,CUST100008887,2026-05-15,2026-06-05,201.8,16.14,217.94,Paid
INV6FF51A3CD7,CUST100065203,2026-03-05,2026-03-26,280.45,22.44,302.89,Paid
INV1ED3226D65,CUST100057891,2025-12-14,2026-01-04,184.17,14.73,198.9,Paid
INV8D4716D981,CUST100081351,2025-11-18,2025-12-09,139.7,11.18,150.88,Paid
INV970F709C81,CUST100003949,2025-09-29,2025-10-20,293.41,23.47,316.88,Paid
INV9D97D4B403,CUST100009037,2026-02-19,2026-03-12,192.24,15.38,207.62,Paid
INV4169A67927,CUST100022610,2026-07-14,2026-08-04,345.07,27.61,372.68,Paid
INVBA9B95CA06,CUST100099834,2026-01-03,2026-01-24,96.05,7.68,103.73,Paid
INV4F2617A9C5,CUST100068728,2026-03-01,2026-03-22,304.36,24.35,328.71,Paid
INVDA607A2112,CUST100022069,2026-07-09,2026-07-30,131.2,10.5,141.7,Paid
INVED2D30671F,CUST100023725,2026-06-14,2026-07-05,371.93,29.75,401.68,Unpaid
INV009B5DBF0F,CUST100033749,2026-02-06,2026-02-27,399.91,31.99,431.9,Unpaid
INV663A7C0FC3,CUST100068028,2025-12-21,2026-01-11,127.71,10.22,137.93,Paid
INV7CCB5173E5,CUST100073225,2025-10-01,2025-10-22,177.74,14.22,191.96,Unpaid
INV79FB9AE417,CUST100056208,2025-11-06,2025-11-27,226.63,18.13,244.76,Unpaid
INVA84822DDE6,CUST100048706,2026-03-20,2026-04-10,345.67,27.65,373.32,Paid
INV99588E308F,CUST100023120,2026-06-25,2026-07-16,264.86,21.19,286.05,Unpaid
INVF1F8199750,CUST100018621,2025-09-13,2025-10-04,200.55,16.04,216.59,Paid
INVFBC2D2CB4F,CUST100050610,2025-12-22,2026-01-12,92.97,7.44,100.41,Paid
INV7DAC819239,CUST100088963,2026-04-13,2026-05-04,82.24,6.58,88.82,Paid
INVFD2AB6A9EB,CUST100058487,2025-10-24,2025-11-14,231.88,18.55,250.43,Paid
INVBD5251F4AA,CUST100026940,2026-01-01,2026-01-22,103.31,8.26,111.57,Paid
INVFB4AE065A7,CUST100087404,2026-05-26,2026-06-16,51.48,4.12,55.6,Paid
INV5783CB5F91,CUST100037331,2025-11-30,2025-12-21,35.67,2.85,38.52,Paid
INV2511D3E424,CUST100048073,2025-09-10,2025-10-01,242.8,19.42,262.22,Partially Paid
INV309238BDAE,CUST100092143,2026-02-16,2026-03-09,74.11,5.93,80.04,Paid
INVA5891B57D2,CUST100052736,2026-01-01,2026-01-22,214.3,17.14,231.44,Paid
INV44CA147D8A,CUST100079167,2026-04-29,2026-05-20,135.51,10.84,146.35,Partially Paid
INV900B0BF8C0,CUST100036777,2025-08-01,2025-08-22,277.48,22.2,299.68,Paid
INVA8751F3A02,CUST100084109,2025-08-19,2025-09-09,130.22,10.42,140.64,Paid
INV12AF13C449,CUST100074771,2026-03-15,2026-04-05,66.01,5.28,71.29,Paid
INVD43B34C83E,CUST100049155,2025-11-22,2025-12-13,313.91,25.11,339.02,Paid
INV620246F4DB,CUST100052149,2025-09-16,2025-10-07,296.65,23.73,320.38,Paid
INV54A69F5BCB,CUST100017474,2025-10-07,2025-10-28,309.69,24.78,334.47,Paid
INVFAC726E980,CUST100069704,2025-08-27,2025-09-17,81.46,6.52,87.98,Paid
INVA50E20BA65,CUST100047742,2026-05-02,2026-05-23,353.05,28.24,381.29,Paid
INVC47AD67867,CUST100020716,2025-12-07,2025-12-28,146.85,11.75,158.6,Paid
INV4ECF1C873C,CUST100077686,2026-04-06,2026-04-27,313.32,25.07,338.39,Paid
INV42D508B1F9,CUST100052350,2025-10-09,2025-10-30,343.38,27.47,370.85,Paid
INV167FF65A05,CUST100058658,2026-07-14,2026-08-04,22.16,1.77,23.93,Paid
INV7E5C693BE3,CUST100009099,2025-08-01,2025-08-22,122.5,9.8,132.3,Paid
INV78200623D8,CUST100003133,2025-09-28,2025-10-19,20.7,1.66,22.36,Paid
INV442EA60ED6,CUST100036000,2026-03-24,2026-04-14,29.53,2.36,31.89,Paid
INVE18D9133C8,CUST100025191,2026-01-28,2026-02-18,343.74,27.5,371.24,Overdue
INVF9713F5CF0,CUST100050973,2025-11-21,2025-12-12,384.82,30.79,415.61,Unpaid
INV0390B12868,CUST100029585,2026-03-08,2026-03-29,392.82,31.43,424.25,Paid
INV696FDE63B6,CUST100092496,2025-11-20,2025-12-11,342.95,27.44,370.39,Unpaid
INV8C8DC85A35,CUST100023134,2025-08-24,2025-09-14,133.37,10.67,144.04,Overdue
INVF9EE3183B2,CUST100039924,2025-10-15,2025-11-05,255.61,20.45,276.06,Paid
INV5A5E9B0AED,CUST100070620,2026-01-05,2026-01-26,261.32,20.91,282.23,Paid
INVAEAA469A03,CUST100065853,2026-06-06,2026-06-27,386.12,30.89,417.01,Paid
INV04BF4D33CA,CUST100052588,2025-08-25,2025-09-15,262.35,20.99,283.34,Paid
INVE29A358001,CUST100075190,2025-09-04,2025-09-25,284.9,22.79,307.69,Unpaid
INVF20B256149,CUST100061495,2025-11-27,2025-12-18,51.4,4.11,55.51,Paid
INVCB312701E7,CUST100079499,2026-05-23,2026-06-13,122.69,9.82,132.51,Unpaid
INVF58A5C28A1,CUST100036373,2025-11-28,2025-12-19,70.4,5.63,76.03,Paid
INV64F0DBC3E3,CUST100099546,2025-08-02,2025-08-23,132.31,10.58,142.89,Paid
INV0CEE4CF97F,CUST100089087,2026-07-22,2026-08-12,99.96,8.0,107.96,Partially Paid
INV37768B4FA2,CUST100065403,2025-10-14,2025-11-04,280.83,22.47,303.3,Overdue
INV988274C29B,CUST100016932,2026-04-25,2026-05-16,75.07,6.01,81.08,Paid
INV181DB334E5,CUST100098234,2026-07-16,2026-08-06,318.61,25.49,344.1,Unpaid
INVDA4EAFE11F,CUST100057702,2025-10-26,2025-11-16,134.51,10.76,145.27,Unpaid
INV5AE53F12CB,CUST100082777,2026-03-19,2026-04-09,139.28,11.14,150.42,Paid
INVC907BB33F6,CUST100085320,2026-06-17,2026-07-08,90.25,7.22,97.47,Paid
INV458F5E16BA,CUST100039533,2026-06-19,2026-07-10,332.58,26.61,359.19,Paid
INV70669610CA,CUST100091019,2025-11-22,2025-12-13,303.84,24.31,328.15,Partially Paid
INV67E992C618,CUST100063723,2026-04-30,2026-05-21,208.14,16.65,224.79,Overdue
INV266F0F7E93,CUST100031864,2026-03-04,2026-03-25,376.75,30.14,406.89,Partially Paid
INVD42B4F257C,CUST100001540,2025-12-19,2026-01-09,33.75,2.7,36.45,Unpaid
INVB3298D5ED2,CUST100038131,2026-04-01,2026-04-22,20.81,1.66,22.47,Unpaid
INVE58DE9A8B8,CUST100048008,2026-07-17,2026-08-07,224.06,17.92,241.98,Partially Paid
INVE38F5BB9BE,CUST100037851,2026-02-27,2026-03-20,143.89,11.51,155.4,Paid
INV2C2481FF10,CUST100055832,2026-06-13,2026-07-04,221.05,17.68,238.73,Paid
INV1CB838733D,CUST100001610,2026-06-15,2026-07-06,340.91,27.27,368.18,Partially Paid
INV2C5E1C6802,CUST100048030,2025-10-22,2025-11-12,30.31,2.42,32.73,Paid
INV4CA32D381C,CUST100033832,2026-01-31,2026-02-21,285.48,22.84,308.32,Paid
INVBB4246B2FC,CUST100049593,2026-02-10,2026-03-03,23.05,1.84,24.89,Paid
INVF7643F8373,CUST100013931,2026-01-20,2026-02-10,120.32,9.63,129.95,Paid
INV1BBF2B85CA,CUST100070709,2026-04-11,2026-05-02,189.86,15.19,205.05,Paid
INVB8E9E88E77,CUST100028361,2026-01-27,2026-02-17,209.41,16.75,226.16,Paid
INV1DB8EAA4FB,CUST100070512,2026-06-06,2026-06-27,69.65,5.57,75.22,Paid
INV209697E7BE,CUST100037649,2025-10-25,2025-11-15,284.39,22.75,307.14,Partially Paid
INVF11A7F1F25,CUST100056464,2026-07-01,2026-07-22,384.36,30.75,415.11,Paid
INV57CD712E3F,CUST100030409,2025-10-09,2025-10-30,181.43,14.51,195.94,Paid
INV59F6CA4B26,CUST100069342,2026-04-23,2026-05-14,100.26,8.02,108.28,Unpaid
INV1130A488A6,CUST100005402,2026-07-02,2026-07-23,91.63,7.33,98.96,Paid
INV4F378F3D11,CUST100093215,2025-10-02,2025-10-23,173.58,13.89,187.47,Paid
INV085DBB3841,CUST100096221,2026-05-09,2026-05-30,222.87,17.83,240.7,Partially Paid
INVF743A8FABD,CUST100048466,2026-05-28,2026-06-18,134.74,10.78,145.52,Unpaid
INV3CEA397648,CUST100022346,2025-08-27,2025-09-17,158.13,12.65,170.78,Paid
INVBF54BBB160,CUST100034714,2025-12-19,2026-01-09,137.31,10.98,148.29,Paid
INV933373B3F2,CUST100031501,2025-11-02,2025-11-23,48.96,3.92,52.88,Paid
INV418359803F,CUST100063190,2026-06-04,2026-06-25,330.01,26.4,356.41,Paid
INV640E2A0663,CUST100049021,2026-07-18,2026-08-08,375.28,30.02,405.3,Paid
INVCCB695FA25,CUST100068740,2025-11-10,2025-12-01,155.04,12.4,167.44,Paid
INV7CE850F4D1,CUST100059198,2026-03-21,2026-04-11,189.34,15.15,204.49,Partially Paid
INV530F879F20,CUST100096477,2025-11-16,2025-12-07,221.17,17.69,238.86,Paid
INV82CD4F867E,CUST100030658,2026-02-03,2026-02-24,270.77,21.66,292.43,Paid
INVAA68A72481,CUST100037589,2026-06-08,2026-06-29,172.69,13.82,186.51,Partially Paid
INV2B46A6B965,CUST100004077,2026-01-24,2026-02-14,222.79,17.82,240.61,Unpaid
INVEEF5B75731,CUST100024635,2026-02-02,2026-02-23,302.67,24.21,326.88,Paid
INVC51BB8CEA3,CUST100066151,2026-01-24,2026-02-14,53.83,4.31,58.14,Paid
INV9A5F61B518,CUST100080181,2025-12-30,2026-01-20,96.07,7.69,103.76,Unpaid
INV45A39E4464,CUST100074033,2026-02-28,2026-03-21,53.28,4.26,57.54,Paid
INV3AF558FE8D,CUST100033027,2025-10-23,2025-11-13,146.41,11.71,158.12,Paid
INVE803550CDC,CUST100049217,2025-10-31,2025-11-21,201.95,16.16,218.11,Overdue
INV6ABE7C2E0D,CUST100016010,2026-06-16,2026-07-07,281.34,22.51,303.85,Overdue
INV9675CDA76E,CUST100096753,2025-09-24,2025-10-15,145.53,11.64,157.17,Paid
INV8ABC5287C0,CUST100082053,2026-02-17,2026-03-10,204.23,16.34,220.57,Paid
INVFB726A33CD,CUST100094228,2025-11-29,2025-12-20,381.96,30.56,412.52,Partially Paid
INVF30F8AB458,CUST100053760,2026-01-25,2026-02-15,192.77,15.42,208.19,Overdue
INV078572F368,CUST100097625,2025-12-28,2026-01-18,55.92,4.47,60.39,Paid
INVB13D77E039,CUST100063903,2025-11-03,2025-11-24,310.55,24.84,335.39,Unpaid
INVD5B73FF140,CUST100032718,2026-02-13,2026-03-06,323.74,25.9,349.64,Paid
INV9B02E3A765,CUST100032482,2026-03-10,2026-03-31,331.45,26.52,357.97,Unpaid
INV3928D13E52,CUST100054510,2026-01-31,2026-02-21,185.72,14.86,200.58,Paid
INV260F64A8F4,CUST100007795,2026-04-29,2026-05-20,91.49,7.32,98.81,Paid
INV167121E529,CUST100073875,2026-01-01,2026-01-22,378.41,30.27,408.68,Paid
INV3BC50557B9,CUST100084997,2025-12-08,2025-12-29,374.98,30.0,404.98,Unpaid
INV6DBB2A50DC,CUST100014916,2026-01-31,2026-02-21,102.91,8.23,111.14,Paid
INVD9719E8673,CUST100008610,2026-03-09,2026-03-30,53.93,4.31,58.24,Paid
INV9AF22CC281,CUST100029527,2026-02-12,2026-03-05,199.04,15.92,214.96,Paid
INV9669A80C66,CUST100095677,2026-03-15,2026-04-05,101.38,8.11,109.49,Paid
INV6C3501C55F,CUST100033426,2026-01-21,2026-02-11,351.6,28.13,379.73,Paid
INVF463C47DAF,CUST100043123,2026-05-21,2026-06-11,75.23,6.02,81.25,Overdue
INV02E6D7EA01,CUST100038315,2026-04-17,2026-05-08,347.57,27.81,375.38,Partially Paid
INVB740AA2EBB,CUST100036257,2026-07-07,2026-07-28,373.83,29.91,403.74,Paid
INVD58925DE80,CUST100079880,2025-11-07,2025-11-28,314.31,25.14,339.45,Paid
INV72B1298436,CUST100046468,2026-07-01,2026-07-22,333.87,26.71,360.58,Paid
INVFD7A68D12E,CUST100047945,2026-04-01,2026-04-22,155.6,12.45,168.05,Partially Paid
INVC1E37FAF65,CUST100072289,2026-05-31,2026-06-21,64.86,5.19,70.05,Partially Paid
INVD5CBE6320C,CUST100038236,2026-03-02,2026-03-23,198.02,15.84,213.86,Paid
INV49E58D08CE,CUST100039136,2026-05-21,2026-06-11,34.97,2.8,37.77,Unpaid
INV6956D4142E,CUST100021108,2025-09-11,2025-10-02,356.55,28.52,385.07,Unpaid
INV7F980A968F,CUST100052218,2025-11-02,2025-11-23,67.01,5.36,72.37,Overdue
INVB23DDA0FFF,CUST100048605,2025-12-26,2026-01-16,175.93,14.07,190.0,Paid
INVBF8CE64CAE,CUST100087502,2025-11-13,2025-12-04,394.85,31.59,426.44,Paid
INV2FE3261FBA,CUST100030394,2026-04-10,2026-05-01,94.16,7.53,101.69,Paid
INV732B43580B,CUST100015389,2026-01-28,2026-02-18,121.04,9.68,130.72,Paid
INVABFDA0E6B0,CUST100081675,2026-01-05,2026-01-26,368.27,29.46,397.73,Unpaid
INV51C7196F5B,CUST100031239,2025-08-29,2025-09-19,78.33,6.27,84.6,Paid
INVE0BA1EA3F0,CUST100065051,2025-09-02,2025-09-23,200.07,16.01,216.08,Unpaid
INV31E07CC6C9,CUST100038086,2026-05-18,2026-06-08,396.9,31.75,428.65,Overdue
INV24D24E820F,CUST100077151,2026-02-23,2026-03-16,66.96,5.36,72.32,Paid
INV927124C0A1,CUST100094974,2026-01-12,2026-02-02,271.9,21.75,293.65,Paid
INV15085E3871,CUST100065851,2026-03-07,2026-03-28,21.6,1.73,23.33,Paid
INVEE718DC33B,CUST100097040,2026-06-25,2026-07-16,263.03,21.04,284.07,Unpaid
INVA1D25EF0AD,CUST100049146,2025-10-26,2025-11-16,353.0,28.24,381.24,Paid
INVF94B21E793,CUST100073956,2026-01-28,2026-02-18,136.78,10.94,147.72,Unpaid
INVA528AF4644,CUST100097575,2026-05-04,2026-05-25,201.87,16.15,218.02,Unpaid
INV1F39EF418D,CUST100045736,2026-06-17,2026-07-08,159.55,12.76,172.31,Paid
INV8D450E2E4C,CUST100049173,2025-10-16,2025-11-06,331.09,26.49,357.58,Unpaid
INVAAE99787D6,CUST100051201,2026-04-20,2026-05-11,47.58,3.81,51.39,Paid
INV3200863D5A,CUST100000598,2026-07-05,2026-07-26,189.97,15.2,205.17,Paid
INV32A8054268,CUST100016572,2025-10-18,2025-11-08,326.14,26.09,352.23,Paid
INV230D76D356,CUST100035538,2026-05-27,2026-06-17,237.13,18.97,256.1,Paid
INVD1A71A462F,CUST100075308,2026-02-04,2026-02-25,26.18,2.09,28.27,Paid
INV64CADF5A1B,CUST100004812,2026-06-26,2026-07-17,115.3,9.22,124.52,Paid
INV36A3937615,CUST100054270,2025-10-17,2025-11-07,129.05,10.32,139.37,Paid
INVD284AB85B1,CUST100009077,2026-05-10,2026-05-31,376.56,30.12,406.68,Paid
INV27ABD97F3B,CUST100090202,2026-06-20,2026-07-11,141.16,11.29,152.45,Paid
INV87385D7CB3,CUST100083632,2026-04-10,2026-05-01,142.51,11.4,153.91,Overdue
INVB092B1651F,CUST100081707,2026-03-12,2026-04-02,220.31,17.62,237.93,Paid
INVB20DA31E79,CUST100035529,2025-09-16,2025-10-07,234.49,18.76,253.25,Paid
INV40F7AB6F78,CUST100095900,2026-05-15,2026-06-05,314.72,25.18,339.9,Paid
INVE4D7E6E160,CUST100038551,2026-05-16,2026-06-06,52.14,4.17,56.31,Paid
INV9CF424E48A,CUST100097742,2025-08-31,2025-09-21,305.27,24.42,329.69,Paid
INVDDDB152B66,CUST100008978,2025-12-25,2026-01-15,338.83,27.11,365.94,Paid
INV3A84771781,CUST100063883,2026-05-18,2026-06-08,162.27,12.98,175.25,Partially Paid
INV0D54A74AD9,CUST100038271,2026-07-23,2026-08-13,137.1,10.97,148.07,Unpaid
INVB780EC4B7A,CUST100063157,2026-05-03,2026-05-24,262.47,21.0,283.47,Overdue
INV054A75CA36,CUST100053943,2026-01-04,2026-01-25,276.82,22.15,298.97,Paid
INVC2E0BE7CB0,CUST100059247,2026-06-22,2026-07-13,111.34,8.91,120.25,Paid
INV035047B7A8,CUST100027285,2026-01-31,2026-02-21,396.93,31.75,428.68,Paid
INVFA7A3D92E4,CUST100085923,2026-04-29,2026-05-20,100.21,8.02,108.23,Paid
INV4AC51A6065,CUST100023285,2026-02-01,2026-02-22,48.94,3.92,52.86,Paid
INV1B3D5E3EEB,CUST100034890,2026-05-25,2026-06-15,103.97,8.32,112.29,Paid
INV217322AF5D,CUST100056603,2025-12-19,2026-01-09,116.7,9.34,126.04,Paid
INV5B2C2747C6,CUST100006022,2025-10-30,2025-11-20,118.3,9.46,127.76,Paid
INV82BCE3CD84,CUST100082503,2025-09-05,2025-09-26,274.03,21.92,295.95,Paid
INVAF0AC5C590,CUST100008656,2026-06-21,2026-07-12,123.98,9.92,133.9,Paid
INV14EB3F64CA,CUST100073833,2026-02-16,2026-03-09,37.77,3.02,40.79,Paid
INV4ADD851A47,CUST100039787,2025-08-09,2025-08-30,176.54,14.12,190.66,Paid
INVF816D30D92,CUST100017429,2025-12-14,2026-01-04,127.43,10.19,137.62,Paid
INVB89CEA19CD,CUST100002862,2026-01-12,2026-02-02,292.9,23.43,316.33,Partially Paid
INV8D344B3903,CUST100069640,2025-09-22,2025-10-13,272.74,21.82,294.56,Paid
INV8B06319994,CUST100090008,2026-01-29,2026-02-19,385.99,30.88,416.87,Paid
INV3BD4A70E9F,CUST100082958,2026-04-30,2026-05-21,163.19,13.06,176.25,Partially Paid
INVF9526C6ACB,CUST100033729,2026-02-13,2026-03-06,155.46,12.44,167.9,Paid
INV9415BD85B9,CUST100018966,2026-01-01,2026-01-22,118.53,9.48,128.01,Paid
INVC65CE761D6,CUST100072561,2026-03-24,2026-04-14,148.67,11.89,160.56,Partially Paid
INVE0405CE24D,CUST100086252,2026-02-07,2026-02-28,307.92,24.63,332.55,Paid
INV696EBA766F,CUST100064763,2025-11-07,2025-11-28,375.66,30.05,405.71,Paid
INVAE3EA0F220,CUST100038191,2025-08-01,2025-08-22,323.11,25.85,348.96,Overdue
INV504F3D8DF2,CUST100008777,2025-12-10,2025-12-31,213.67,17.09,230.76,Unpaid
INV5549793539,CUST100048446,2026-01-13,2026-02-03,184.53,14.76,199.29,Unpaid
INV15F9E78D24,CUST100009547,2026-02-17,2026-03-10,379.29,30.34,409.63,Paid
INV62EC9DE8E6,CUST100035478,2026-07-22,2026-08-12,282.9,22.63,305.53,Unpaid
INV101F2DE071,CUST100034099,2026-05-09,2026-05-30,313.14,25.05,338.19,Paid
INV3025C2FFC9,CUST100037544,2025-10-10,2025-10-31,151.43,12.11,163.54,Partially Paid
INV3E4A35BAF2,CUST100042352,2026-07-01,2026-07-22,278.23,22.26,300.49,Partially Paid
INV38B1FDD833,CUST100020793,2025-11-16,2025-12-07,80.96,6.48,87.44,Overdue
INV34C01D13A7,CUST100014652,2025-09-09,2025-09-30,43.99,3.52,47.51,Overdue
INVD20438AFB7,CUST100010224,2026-01-10,2026-01-31,23.68,1.89,25.57,Paid
INV3C098EF511,CUST100020192,2026-04-26,2026-05-17,310.4,24.83,335.23,Unpaid
INV8A13AE9D0A,CUST100017632,2025-08-19,2025-09-09,191.69,15.34,207.03,Paid
INVF749F95404,CUST100052440,2025-09-14,2025-10-05,273.53,21.88,295.41,Unpaid
INV06F0DC7957,CUST100008111,2025-12-18,2026-01-08,86.54,6.92,93.46,Partially Paid
INV4CB86F4E34,CUST100010129,2026-06-19,2026-07-10,114.82,9.19,124.01,Paid
INV378DFF6BAD,CUST100047433,2025-10-20,2025-11-10,342.16,27.37,369.53,Paid
INV45FA5FC150,CUST100099143,2025-09-06,2025-09-27,51.32,4.11,55.43,Overdue
INV3E8241712D,CUST100026132,2025-08-21,2025-09-11,252.62,20.21,272.83,Partially Paid
INVFD438AD7D8,CUST100092373,2026-02-02,2026-02-23,173.55,13.88,187.43,Paid
INV453E35DDEF,CUST100044838,2025-09-14,2025-10-05,319.29,25.54,344.83,Partially Paid
INVA3BD9B9318,CUST100046854,2025-08-14,2025-09-04,287.13,22.97,310.1,Paid
INV1577F5D5F8,CUST100021810,2025-10-30,2025-11-20,246.28,19.7,265.98,Paid
INV57888D2551,CUST100070926,2026-06-16,2026-07-07,191.26,15.3,206.56,Paid
INVF71108BB34,CUST100044947,2025-10-10,2025-10-31,152.96,12.24,165.2,Paid
INVA56386ED0E,CUST100043789,2026-04-01,2026-04-22,268.18,21.45,289.63,Paid
INV6E7B449759,CUST100022547,2026-04-14,2026-05-05,267.59,21.41,289.0,Paid
INV794E0F895C,CUST100058262,2025-09-27,2025-10-18,74.28,5.94,80.22,Unpaid
INV63BCB23E30,CUST100010368,2025-11-25,2025-12-16,166.19,13.3,179.49,Paid
INV1E0552A5B0,CUST100035364,2026-03-27,2026-04-17,98.16,7.85,106.01,Paid
INV4AA5642E5C,CUST100010501,2026-01-22,2026-02-12,279.96,22.4,302.36,Paid
INV24A60D5484,CUST100086652,2026-05-25,2026-06-15,279.91,22.39,302.3,Paid
INVEDB30EDF6A,CUST100027262,2026-01-22,2026-02-12,188.65,15.09,203.74,Partially Paid
INV70A08CAA8C,CUST100081756,2025-08-22,2025-09-12,48.25,3.86,52.11,Unpaid
INVF5F55EB353,CUST100066519,2025-11-12,2025-12-03,234.11,18.73,252.84,Partially Paid
INV7E54793869,CUST100066758,2026-06-25,2026-07-16,261.84,20.95,282.79,Paid
INV4685C7B521,CUST100021953,2026-06-05,2026-06-26,184.89,14.79,199.68,Paid
INVE16E5E5108,CUST100049114,2025-11-19,2025-12-10,175.18,14.01,189.19,Paid
INV258466FD6F,CUST100053489,2025-11-28,2025-12-19,140.42,11.23,151.65,Paid
INVF43D971F1B,CUST100012980,2025-10-25,2025-11-15,32.89,2.63,35.52,Paid
INVA61FBEB5F8,CUST100076568,2025-08-05,2025-08-26,43.76,3.5,47.26,Paid
INV2190CA223B,CUST100037265,2026-07-15,2026-08-05,35.0,2.8,37.8,Paid
INV7345C22C31,CUST100006575,2026-01-03,2026-01-24,379.26,30.34,409.6,Paid
INV9FF68121E6,CUST100048044,2026-06-06,2026-06-27,266.8,21.34,288.14,Unpaid
INV8B8E6525A5,CUST100057194,2025-12-26,2026-01-16,231.34,18.51,249.85,Paid
INV7888951830,CUST100037482,2026-01-28,2026-02-18,29.07,2.33,31.4,Unpaid
INV0503DE895E,CUST100033862,2026-02-22,2026-03-15,54.69,4.38,59.07,Paid
INV5FF43365F0,CUST100043247,2026-02-02,2026-02-23,278.83,22.31,301.14,Unpaid
INV831CD2708D,CUST100078071,2026-01-01,2026-01-22,271.56,21.72,293.28,Paid
INV9D9B9051E7,CUST100046951,2026-06-29,2026-07-20,317.66,25.41,343.07,Unpaid
INV056EC661CC,CUST100092647,2026-07-16,2026-08-06,63.09,5.05,68.14,Paid
INVAA3C4CC841,CUST100034341,2025-10-28,2025-11-18,44.8,3.58,48.38,Unpaid
INV7EF0A962F5,CUST100013960,2025-10-15,2025-11-05,283.48,22.68,306.16,Paid
INV50BE512E9A,CUST100099491,2026-01-21,2026-02-11,126.49,10.12,136.61,Paid
INV6BFD4A5AB0,CUST100022318,2025-11-06,2025-11-27,29.54,2.36,31.9,Paid
INV1230743745,CUST100010137,2025-11-16,2025-12-07,33.58,2.69,36.27,Paid
INV21D8346C20,CUST100085601,2026-01-11,2026-02-01,228.49,18.28,246.77,Paid
INVD40C134A84,CUST100059643,2025-08-05,2025-08-26,195.86,15.67,211.53,Unpaid
INV58864A7F22,CUST100059163,2025-10-25,2025-11-15,356.33,28.51,384.84,Paid
INVF2082E35DB,CUST100005930,2026-06-04,2026-06-25,145.39,11.63,157.02,Overdue
INV38CC8FBCEB,CUST100014306,2025-09-27,2025-10-18,260.89,20.87,281.76,Paid
INV09430DF32C,CUST100047756,2026-04-09,2026-04-30,66.35,5.31,71.66,Unpaid
INV2B3F5569FC,CUST100070600,2026-06-07,2026-06-28,184.35,14.75,199.1,Unpaid
INVAB8E4604FD,CUST100097559,2026-01-13,2026-02-03,78.53,6.28,84.81,Paid
INV10C96972A2,CUST100026485,2025-11-15,2025-12-06,313.48,25.08,338.56,Paid
INVAD15F1C915,CUST100055083,2026-05-24,2026-06-14,42.46,3.4,45.86,Paid
INV5E657D6BEF,CUST100030958,2026-05-13,2026-06-03,167.14,13.37,180.51,Unpaid
INVE53AFB6DD9,CUST100062865,2025-10-27,2025-11-17,184.52,14.76,199.28,Paid
INVCADC26F2D3,CUST100065610,2025-09-04,2025-09-25,40.82,3.27,44.09,Paid
INV0CF7FC249E,CUST100077111,2025-09-28,2025-10-19,74.38,5.95,80.33,Partially Paid
INV7E360960C3,CUST100003300,2026-05-03,2026-05-24,245.29,19.62,264.91,Unpaid
INVDF73717DD8,CUST100045416,2025-11-16,2025-12-07,109.14,8.73,117.87,Unpaid
INV3050693041,CUST100083125,2026-05-13,2026-06-03,381.23,30.5,411.73,Overdue
INV3B145ED945,CUST100075985,2026-03-28,2026-04-18,290.29,23.22,313.51,Paid
INVA2115F8C5E,CUST100070688,2025-08-25,2025-09-15,92.14,7.37,99.51,Paid
INV862F11C046,CUST100059047,2025-08-05,2025-08-26,393.82,31.51,425.33,Partially Paid
INV1FA1E31366,CUST100087741,2026-06-02,2026-06-23,157.44,12.6,170.04,Paid
INV2497954BA4,CUST100065143,2026-02-03,2026-02-24,297.59,23.81,321.4,Overdue
INVACC50DA989,CUST100094713,2026-01-09,2026-01-30,315.42,25.23,340.65,Paid
INV8D0B985E4F,CUST100093100,2025-08-08,2025-08-29,278.73,22.3,301.03,Overdue
INV03A148FB41,CUST100068920,2025-10-11,2025-11-01,27.51,2.2,29.71,Unpaid
INV1D21C7588C,CUST100001253,2025-12-12,2026-01-02,166.22,13.3,179.52,Overdue
INV065188A1B9,CUST100013121,2025-12-29,2026-01-19,24.31,1.94,26.25,Partially Paid
INV93EC833D38,CUST100021094,2025-09-20,2025-10-11,248.15,19.85,268.0,Unpaid
INV10EE8B9B71,CUST100074088,2025-09-19,2025-10-10,110.08,8.81,118.89,Paid
INV9C374FA818,CUST100097983,2026-06-02,2026-06-23,108.99,8.72,117.71,Paid
INV184A3B6789,CUST100088499,2025-10-26,2025-11-16,309.01,24.72,333.73,Overdue
INVE3E06DE1D6,CUST100088179,2025-08-01,2025-08-22,162.58,13.01,175.59,Paid
INVFA370C2FD5,CUST100004111,2025-12-18,2026-01-08,308.47,24.68,333.15,Overdue
INV32B08A64E9,CUST100000723,2025-09-18,2025-10-09,119.44,9.56,129.0,Paid
INVB010F3C252,CUST100098091,2026-03-13,2026-04-03,144.52,11.56,156.08,Paid
INV47B67CB593,CUST100026430,2026-06-12,2026-07-03,176.21,14.1,190.31,Paid
INV16A1FE2517,CUST100048656,2026-07-03,2026-07-24,22.46,1.8,24.26,Paid
INVCAAADAAAFB,CUST100046986,2025-09-18,2025-10-09,343.26,27.46,370.72,Paid
INVE0FFF58E01,CUST100063835,2026-07-23,2026-08-13,56.1,4.49,60.59,Paid
INV772092B818,CUST100033647,2026-06-26,2026-07-17,198.7,15.9,214.6,Paid
INV8694A81743,CUST100073143,2025-09-07,2025-09-28,76.17,6.09,82.26,Paid
INV537E8862C1,CUST100085323,2025-08-27,2025-09-17,348.78,27.9,376.68,Paid
INV11EA10098C,CUST100044296,2026-07-08,2026-07-29,29.06,2.32,31.38,Paid
INVD8D2DD486E,CUST100052432,2025-10-27,2025-11-17,162.4,12.99,175.39,Paid
INV9D15C92EC2,CUST100035101,2025-09-13,2025-10-04,145.89,11.67,157.56,Paid
INV818CAF931F,CUST100030165,2025-11-02,2025-11-23,238.44,19.08,257.52,Paid
INV3DF0858669,CUST100062606,2026-05-12,2026-06-02,42.7,3.42,46.12,Paid
INV202C4818A9,CUST100019026,2026-06-16,2026-07-07,55.4,4.43,59.83,Unpaid
INVC0290278A5,CUST100025024,2026-05-27,2026-06-17,245.24,19.62,264.86,Paid
INV46E4164A83,CUST100012900,2025-12-08,2025-12-29,296.7,23.74,320.44,Overdue
INV1D8E74DD90,CUST100095224,2025-10-31,2025-11-21,65.16,5.21,70.37,Paid
INVB4564F3F98,CUST100060549,2026-03-11,2026-04-01,264.76,21.18,285.94,Overdue
INV2FD158D3DF,CUST100090818,2025-08-05,2025-08-26,308.96,24.72,333.68,Paid
INVB44A38A9BD,CUST100007090,2025-10-04,2025-10-25,178.76,14.3,193.06,Paid
INVE1EED64C73,CUST100001500,2026-05-27,2026-06-17,74.71,5.98,80.69,Overdue
INVF2413CF51A,CUST100004281,2025-10-02,2025-10-23,369.13,29.53,398.66,Paid
INVB5150B653A,CUST100095948,2025-09-30,2025-10-21,245.68,19.65,265.33,Paid
INVCA9475F0A2,CUST100037203,2026-02-08,2026-03-01,102.1,8.17,110.27,Paid
INV0E307268FE,CUST100028010,2026-01-15,2026-02-05,191.39,15.31,206.7,Unpaid
INV16F9B2C97F,CUST100047470,2025-09-23,2025-10-14,221.27,17.7,238.97,Unpaid
INV770B3183F7,CUST100056012,2025-10-14,2025-11-04,32.15,2.57,34.72,Unpaid
INV8A9C84B0BB,CUST100041394,2026-01-01,2026-01-22,145.52,11.64,157.16,Partially Paid
INV62D0CA2554,CUST100034790,2026-01-07,2026-01-28,303.2,24.26,327.46,Paid
INVB69DB02CC6,CUST100020170,2025-11-22,2025-12-13,103.86,8.31,112.17,Paid
INV907627D371,CUST100053688,2025-12-31,2026-01-21,397.81,31.82,429.63,Paid
INVC184E25840,CUST100039900,2026-05-17,2026-06-07,114.86,9.19,124.05,Overdue
INV93787898F6,CUST100083540,2025-09-25,2025-10-16,293.48,23.48,316.96,Paid
INVE675F2E5E9,CUST100073862,2026-06-15,2026-07-06,72.88,5.83,78.71,Paid
INVEAFF3C614F,CUST100019126,2026-05-28,2026-06-18,61.12,4.89,66.01,Paid
INV7FA97E06C5,CUST100063794,2025-12-11,2026-01-01,77.38,6.19,83.57,Paid
INV20E33CC172,CUST100025377,2026-03-19,2026-04-09,333.2,26.66,359.86,Unpaid
INVED7138077B,CUST100022985,2025-11-18,2025-12-09,46.16,3.69,49.85,Overdue
INVA3010D3E4C,CUST100088268,2026-01-01,2026-01-22,35.46,2.84,38.3,Unpaid
INV1A5C16219B,CUST100074426,2025-12-18,2026-01-08,319.85,25.59,345.44,Paid
INV736CC94E16,CUST100053222,2025-11-07,2025-11-28,22.02,1.76,23.78,Unpaid
INVACC454A2BA,CUST100047860,2026-06-11,2026-07-02,308.63,24.69,333.32,Paid
INV6E04573EF4,CUST100009924,2025-12-20,2026-01-10,242.44,19.4,261.84,Paid
INV18C60B33C5,CUST100002619,2026-07-20,2026-08-10,75.36,6.03,81.39,Paid
INV1E89F4B868,CUST100025056,2026-05-29,2026-06-19,200.01,16.0,216.01,Paid
INV8E926F3592,CUST100005910,2026-06-11,2026-07-02,183.33,14.67,198.0,Paid
INVA333E24B10,CUST100047890,2026-05-12,2026-06-02,317.62,25.41,343.03,Paid
INV70F6FD8463,CUST100002539,2026-06-30,2026-07-21,236.03,18.88,254.91,Paid
INV8EE8E36B11,CUST100061594,2026-03-04,2026-03-25,22.14,1.77,23.91,Paid
INV990BEBC6F8,CUST100034053,2025-09-11,2025-10-02,80.43,6.43,86.86,Paid
INV6658194CB7,CUST100017702,2026-01-15,2026-02-05,255.03,20.4,275.43,Paid
INV3437468543,CUST100062083,2026-04-22,2026-05-13,83.82,6.71,90.53,Paid
INV36FFDA94FC,CUST100066492,2026-06-24,2026-07-15,203.0,16.24,219.24,Unpaid
INV9D399D599A,CUST100026369,2025-12-04,2025-12-25,331.24,26.5,357.74,Unpaid
INV7B4E3B2871,CUST100061646,2026-07-16,2026-08-06,296.88,23.75,320.63,Paid
INVD93B10B02E,CUST100054178,2025-11-22,2025-12-13,369.49,29.56,399.05,Paid
INVA67B0E90C9,CUST100051050,2026-07-19,2026-08-09,50.78,4.06,54.84,Paid
INVA654D3758B,CUST100005336,2025-09-04,2025-09-25,239.64,19.17,258.81,Paid
INV07FD94E2D6,CUST100037083,2026-07-12,2026-08-02,176.47,14.12,190.59,Paid
INV317750E95F,CUST100076254,2026-02-13,2026-03-06,392.89,31.43,424.32,Partially Paid
INV50B53A479A,CUST100085764,2025-11-15,2025-12-06,123.21,9.86,133.07,Paid
INVA84B04FE78,CUST100005658,2026-07-04,2026-07-25,110.33,8.83,119.16,Overdue
INVE511E1856B,CUST100031274,2026-06-10,2026-07-01,192.43,15.39,207.82,Overdue
INVD0F6173E78,CUST100032433,2026-01-14,2026-02-04,387.5,31.0,418.5,Unpaid
INV4A7A714570,CUST100042263,2025-11-28,2025-12-19,181.64,14.53,196.17,Paid
INV97D98BE328,CUST100090670,2026-05-23,2026-06-13,352.73,28.22,380.95,Paid
INVC55AF2B054,CUST100084276,2026-01-21,2026-02-11,56.02,4.48,60.5,Paid
INV49A359F4A8,CUST100011079,2026-02-26,2026-03-19,129.86,10.39,140.25,Overdue
INVD32CD54AF0,CUST100016163,2026-02-05,2026-02-26,53.39,4.27,57.66,Paid
INV40D0F24BDB,CUST100038600,2026-07-09,2026-07-30,99.22,7.94,107.16,Paid
INVF8C1131A82,CUST100037538,2026-04-01,2026-04-22,254.72,20.38,275.1,Paid
INV125B4974D0,CUST100050136,2025-12-22,2026-01-12,205.39,16.43,221.82,Paid
INV8FC645C189,CUST100019726,2025-11-15,2025-12-06,22.12,1.77,23.89,Unpaid
INV94CA8691C4,CUST100054302,2026-03-22,2026-04-12,279.22,22.34,301.56,Paid
INVD96BE63D37,CUST100009087,2026-03-03,2026-03-24,120.21,9.62,129.83,Overdue
INVE844498238,CUST100021913,2026-03-14,2026-04-04,223.22,17.86,241.08,Paid
INV4D6038D606,CUST100065176,2026-03-29,2026-04-19,89.26,7.14,96.4,Paid
INVF09BB20039,CUST100013656,2025-12-13,2026-01-03,81.97,6.56,88.53,Unpaid
INV6DCDB189FD,CUST100070456,2026-02-01,2026-02-22,208.33,16.67,225.0,Paid
INV130DC0DC81,CUST100044982,2025-08-10,2025-08-31,380.78,30.46,411.24,Overdue
INVCF9656345D,CUST100011016,2026-04-19,2026-05-10,162.03,12.96,174.99,Unpaid
INVCC2AC2BFC2,CUST100039182,2026-04-10,2026-05-01,219.9,17.59,237.49,Paid
INV5BE17539CA,CUST100067428,2026-04-29,2026-05-20,215.94,17.28,233.22,Unpaid
INV0883FC941D,CUST100039418,2026-07-06,2026-07-27,247.72,19.82,267.54,Paid
INV4E7F474892,CUST100063801,2025-10-04,2025-10-25,156.93,12.55,169.48,Paid
INVD6C6519591,CUST100084964,2025-09-21,2025-10-12,101.66,8.13,109.79,Paid
INV0ECD779C43,CUST100077940,2026-07-15,2026-08-05,34.12,2.73,36.85,Paid
INVF3E9CBDC0D,CUST100096899,2025-08-07,2025-08-28,32.93,2.63,35.56,Paid
INV6DCA7B2395,CUST100075451,2025-08-30,2025-09-20,55.56,4.44,60.0,Paid
INVD3C3902677,CUST100055516,2026-03-19,2026-04-09,207.08,16.57,223.65,Paid
INVFAEF936CAF,CUST100059617,2025-11-03,2025-11-24,237.5,19.0,256.5,Paid
INV312B671E4F,CUST100011211,2026-06-05,2026-06-26,70.57,5.65,76.22,Unpaid
INV72020AC1BB,CUST100015370,2025-09-06,2025-09-27,384.27,30.74,415.01,Paid
INV642417D521,CUST100068207,2026-03-18,2026-04-08,85.11,6.81,91.92,Overdue
INVC6D3B15EEC,CUST100061823,2026-04-17,2026-05-08,262.37,20.99,283.36,Paid
INV81BCD7A1F4,CUST100054049,2025-11-17,2025-12-08,317.58,25.41,342.99,Overdue
INV3CA46B4FED,CUST100008921,2026-03-20,2026-04-10,258.91,20.71,279.62,Partially Paid
INVB1662E3B97,CUST100054053,2026-02-17,2026-03-10,350.21,28.02,378.23,Paid
INV29F8820F46,CUST100035776,2026-04-06,2026-04-27,382.95,30.64,413.59,Paid
INV3F57B396BD,CUST100047206,2026-01-03,2026-01-24,103.08,8.25,111.33,Paid
INV0D0E60204D,CUST100059658,2026-02-21,2026-03-14,106.31,8.5,114.81,Paid
INV0A74BB683C,CUST100005612,2026-04-12,2026-05-03,398.89,31.91,430.8,Overdue
INV3477BE2F5E,CUST100021105,2026-01-19,2026-02-09,172.86,13.83,186.69,Partially Paid
INVE88C9DFF80,CUST100070864,2026-07-06,2026-07-27,325.89,26.07,351.96,Unpaid
INV2BCADCD9DD,CUST100072951,2025-09-26,2025-10-17,143.91,11.51,155.42,Unpaid
INVCEAC39E14C,CUST100012827,2026-01-01,2026-01-22,314.77,25.18,339.95,Paid
INV42DC9525DB,CUST100097598,2026-01-04,2026-01-25,200.12,16.01,216.13,Paid
INV1D120FF8AA,CUST100079164,2025-08-01,2025-08-22,133.05,10.64,143.69,Paid
INV6C04E9FBF4,CUST100023593,2025-12-30,2026-01-20,194.01,15.52,209.53,Paid
INV9224D3DFCF,CUST100070005,2026-02-22,2026-03-15,225.65,18.05,243.7,Paid
INV5F3725CD64,CUST100015088,2026-02-25,2026-03-18,323.1,25.85,348.95,Paid
INV066846A339,CUST100051676,2025-09-22,2025-10-13,140.29,11.22,151.51,Partially Paid
INVD3504505D0,CUST100054516,2026-01-08,2026-01-29,82.4,6.59,88.99,Paid
INVD43EFC3B4A,CUST100032013,2025-12-27,2026-01-17,84.7,6.78,91.48,Partially Paid
INV1C60BBF365,CUST100037714,2026-03-19,2026-04-09,233.58,18.69,252.27,Paid
INVCE3BA480E4,CUST100048252,2026-07-19,2026-08-09,116.01,9.28,125.29,Paid
INVE51F609218,CUST100000102,2026-07-16,2026-08-06,273.53,21.88,295.41,Paid
INV864304AC33,CUST100050761,2025-12-31,2026-01-21,393.65,31.49,425.14,Paid
INV56C014EB48,CUST100041374,2025-12-30,2026-01-20,116.49,9.32,125.81,Paid
INV23991E8FC4,CUST100079068,2026-02-22,2026-03-15,164.31,13.14,177.45,Paid
INVDB41F6F65F,CUST100038379,2026-05-24,2026-06-14,331.71,26.54,358.25,Paid
INV4C675A8467,CUST100000812,2026-07-21,2026-08-11,188.46,15.08,203.54,Paid
INVE6000C77BD,CUST100030087,2026-01-22,2026-02-12,163.14,13.05,176.19,Paid
INVD0D40A7B83,CUST100091248,2025-08-14,2025-09-04,364.67,29.17,393.84,Paid
INV715BA2D7F2,CUST100039320,2026-07-02,2026-07-23,296.25,23.7,319.95,Paid
INV69D366446B,CUST100079648,2026-04-16,2026-05-07,311.32,24.91,336.23,Paid
INVF3D914F46F,CUST100013797,2026-02-09,2026-03-02,254.26,20.34,274.6,Partially Paid
INV88AB5D1411,CUST100014284,2025-10-03,2025-10-24,320.83,25.67,346.5,Paid
INVEC3CA0E7C3,CUST100017102,2026-03-30,2026-04-20,221.31,17.7,239.01,Paid
INV40353FDBF9,CUST100025871,2026-03-20,2026-04-10,126.37,10.11,136.48,Overdue
INV825CB2244A,CUST100070318,2026-04-14,2026-05-05,198.81,15.9,214.71,Unpaid
INVA1D98DBEC1,CUST100047082,2026-02-14,2026-03-07,104.53,8.36,112.89,Paid
INV4D0687A2B1,CUST100090864,2025-10-23,2025-11-13,178.59,14.29,192.88,Paid
INV403760C952,CUST100037365,2025-10-11,2025-11-01,135.48,10.84,146.32,Partially Paid
INV0401237C85,CUST100029937,2026-06-21,2026-07-12,102.75,8.22,110.97,Paid
INVBA8C179360,CUST100037922,2025-12-08,2025-12-29,377.96,30.24,408.2,Paid
INVC3DA2C0387,CUST100028540,2026-07-10,2026-07-31,52.74,4.22,56.96,Paid
INV2304E9C0BA,CUST100048787,2026-05-23,2026-06-13,164.75,13.18,177.93,Paid
INV04A3F5E743,CUST100012218,2025-10-30,2025-11-20,397.64,31.81,429.45,Paid
INVD91A4E1F13,CUST100082401,2026-01-09,2026-01-30,144.1,11.53,155.63,Paid
INV7A88C7BEDC,CUST100018561,2026-05-28,2026-06-18,312.53,25.0,337.53,Paid
INV4CCE561323,CUST100054944,2026-02-26,2026-03-19,149.39,11.95,161.34,Overdue
INVBBA549A382,CUST100047940,2026-06-18,2026-07-09,131.23,10.5,141.73,Paid
INV9170D26735,CUST100019732,2026-01-23,2026-02-13,153.48,12.28,165.76,Paid
INVDD38C2ED37,CUST100006267,2026-06-03,2026-06-24,276.33,22.11,298.44,Paid
INV4E4D42DC18,CUST100054847,2026-01-01,2026-01-22,194.28,15.54,209.82,Unpaid
INVA1429D22F1,CUST100044316,2025-09-24,2025-10-15,182.69,14.62,197.31,Paid
INV198C8A13B2,CUST100011414,2025-12-29,2026-01-19,102.98,8.24,111.22,Paid
INV900BF5B12D,CUST100026067,2026-04-06,2026-04-27,379.55,30.36,409.91,Partially Paid
INVC43062FA6D,CUST100098267,2025-09-23,2025-10-14,361.9,28.95,390.85,Unpaid
INV4C65AFDDBA,CUST100085734,2026-05-23,2026-06-13,345.44,27.64,373.08,Unpaid
INV27A46E448F,CUST100039640,2026-01-07,2026-01-28,91.23,7.3,98.53,Paid
INVF3D61EAA70,CUST100060380,2026-06-27,2026-07-18,144.96,11.6,156.56,Partially Paid
INV1A370416AA,CUST100074200,2025-09-07,2025-09-28,333.21,26.66,359.87,Unpaid
INV12AEC91CDA,CUST100024982,2025-12-04,2025-12-25,286.24,22.9,309.14,Paid
INVB3E1CDDBF4,CUST100009247,2026-03-23,2026-04-13,76.34,6.11,82.45,Unpaid
INVED43A19C8F,CUST100043980,2026-05-07,2026-05-28,114.07,9.13,123.2,Paid
INV2A1388E92F,CUST100072249,2025-12-20,2026-01-10,323.18,25.85,349.03,Paid
INVD8AA4196CE,CUST100088066,2026-01-17,2026-02-07,141.84,11.35,153.19,Paid
INVE538589761,CUST100050434,2025-08-16,2025-09-06,206.54,16.52,223.06,Partially Paid
INVFBEFFEAC45,CUST100016555,2026-01-08,2026-01-29,369.69,29.58,399.27,Paid
INV3C84719C41,CUST100062268,2026-03-10,2026-03-31,204.05,16.32,220.37,Unpaid
INV3DA231371F,CUST100062883,2026-03-15,2026-04-05,358.41,28.67,387.08,Paid
INV81F3B6F8DC,CUST100071859,2025-10-14,2025-11-04,188.5,15.08,203.58,Paid
INVC7C6CAA00D,CUST100023708,2026-04-29,2026-05-20,41.53,3.32,44.85,Paid
INVD188F1F88D,CUST100073551,2025-12-21,2026-01-11,106.84,8.55,115.39,Paid
INVE4C2B8415D,CUST100078379,2025-12-24,2026-01-14,143.53,11.48,155.01,Paid
INV0B7DA5FF3D,CUST100043835,2026-04-17,2026-05-08,282.83,22.63,305.46,Paid
INVFAE86205C4,CUST100037679,2026-07-01,2026-07-22,32.68,2.61,35.29,Paid
INVAD59025D9A,CUST100014554,2026-06-12,2026-07-03,66.19,5.3,71.49,Paid
INVAAE025E51C,CUST100055618,2025-09-02,2025-09-23,100.41,8.03,108.44,Paid
INVFD69BFC6DD,CUST100007930,2026-02-25,2026-03-18,42.83,3.43,46.26,Paid
INV1590C4C2A9,CUST100011945,2026-05-24,2026-06-14,112.79,9.02,121.81,Paid
INV240EBD7B76,CUST100042458,2026-01-06,2026-01-27,380.91,30.47,411.38,Partially Paid
INV67DA5D28C4,CUST100065483,2025-09-08,2025-09-29,266.66,21.33,287.99,Paid
INV5CC09BC013,CUST100004177,2026-06-18,2026-07-09,31.78,2.54,34.32,Paid
INVB4A24DC264,CUST100008999,2026-06-29,2026-07-20,28.04,2.24,30.28,Paid
INV8869D6F07F,CUST100068748,2025-08-17,2025-09-07,360.47,28.84,389.31,Paid
INV5CD7EC435C,CUST100023646,2026-07-10,2026-07-31,100.78,8.06,108.84,Paid
INV40FC52FF94,CUST100079506,2025-11-27,2025-12-18,156.49,12.52,169.01,Overdue
INV11B1EB206C,CUST100066097,2026-01-19,2026-02-09,357.61,28.61,386.22,Paid
INVE472368D26,CUST100096324,2026-04-05,2026-04-26,220.67,17.65,238.32,Paid
INV96E2892F69,CUST100047682,2026-06-26,2026-07-17,390.43,31.23,421.66,Paid
INV60875C2743,CUST100085307,2026-04-02,2026-04-23,271.17,21.69,292.86,Paid
INV27055BC760,CUST100044990,2026-01-23,2026-02-13,171.13,13.69,184.82,Paid
INV73BAE64386,CUST100049530,2025-10-11,2025-11-01,392.18,31.37,423.55,Paid
INVE6857DE80C,CUST100028179,2025-12-12,2026-01-02,185.68,14.85,200.53,Paid
INV2847D16CE4,CUST100024594,2026-06-20,2026-07-11,195.7,15.66,211.36,Paid
INVB00F1394F7,CUST100053668,2026-07-04,2026-07-25,209.13,16.73,225.86,Paid
INV69C3826438,CUST100034719,2025-09-15,2025-10-06,332.79,26.62,359.41,Unpaid
INVBFFB6BBC1B,CUST100057259,2025-08-25,2025-09-15,170.35,13.63,183.98,Paid
INV16DCD5C272,CUST100046617,2025-09-15,2025-10-06,173.72,13.9,187.62,Paid
INV0B41C6943F,CUST100017510,2025-08-09,2025-08-30,268.96,21.52,290.48,Paid
INV85D018D0B3,CUST100099268,2025-12-03,2025-12-24,167.36,13.39,180.75,Unpaid
INV721BBB640F,CUST100057665,2026-03-16,2026-04-06,339.3,27.14,366.44,Paid
INV72B93344B8,CUST100060583,2026-07-17,2026-08-07,126.09,10.09,136.18,Paid
INV4494B52D65,CUST100012087,2026-02-14,2026-03-07,173.81,13.9,187.71,Partially Paid
INV9DA6B19D90,CUST100034746,2025-10-14,2025-11-04,247.83,19.83,267.66,Paid
INV88C766EAAF,CUST100018212,2025-11-10,2025-12-01,253.88,20.31,274.19,Paid
INV41610302C5,CUST100039525,2026-07-12,2026-08-02,386.83,30.95,417.78,Partially Paid
INVF5A59F7B03,CUST100019145,2026-03-11,2026-04-01,282.28,22.58,304.86,Paid
INV1E8A6180B4,CUST100024576,2025-08-04,2025-08-25,156.45,12.52,168.97,Partially Paid
INVD877E80BC2,CUST100094091,2026-01-25,2026-02-15,382.69,30.62,413.31,Paid
INV9AC1546EED,CUST100050675,2025-11-16,2025-12-07,322.76,25.82,348.58,Paid
INVF787A6C87E,CUST100097540,2025-10-15,2025-11-05,97.89,7.83,105.72,Paid
INV6900C46C5D,CUST100046331,2026-03-01,2026-03-22,275.9,22.07,297.97,Paid
INV49D35E93CA,CUST100057197,2026-01-17,2026-02-07,139.53,11.16,150.69,Unpaid
INVA47D29D3A9,CUST100070852,2026-05-31,2026-06-21,356.3,28.5,384.8,Paid
INV787DD10EA1,CUST100081410,2025-11-20,2025-12-11,137.73,11.02,148.75,Paid
INV9E542BBC2C,CUST100029748,2026-04-07,2026-04-28,292.03,23.36,315.39,Paid
INV8A90EF0D88,CUST100057037,2026-02-16,2026-03-09,37.53,3.0,40.53,Paid
INVAAE68BC6D0,CUST100018122,2026-07-08,2026-07-29,162.64,13.01,175.65,Unpaid
INVC0150C673A,CUST100059023,2025-09-10,2025-10-01,134.34,10.75,145.09,Paid
INV28A439837A,CUST100005572,2025-10-28,2025-11-18,160.67,12.85,173.52,Paid
INV4FDD07A87A,CUST100067868,2026-04-21,2026-05-12,24.92,1.99,26.91,Paid
INV07DB0F515D,CUST100054988,2025-12-19,2026-01-09,254.24,20.34,274.58,Paid
INV3829B308FF,CUST100087687,2026-03-27,2026-04-17,378.12,30.25,408.37,Paid
INV8489F6801D,CUST100034221,2025-08-20,2025-09-10,270.08,21.61,291.69,Paid
INVC458D1AABF,CUST100015337,2026-06-30,2026-07-21,177.9,14.23,192.13,Paid
INV3E7DAA5C9E,CUST100040484,2026-06-02,2026-06-23,331.82,26.55,358.37,Paid
INV7E11AE3E0B,CUST100029236,2026-06-02,2026-06-23,294.3,23.54,317.84,Paid
INVCF6AAA5B34,CUST100074552,2026-05-23,2026-06-13,312.03,24.96,336.99,Paid
INV2EA10045DB,CUST100027569,2026-04-19,2026-05-10,133.63,10.69,144.32,Paid
INVB5B408A19B,CUST100093351,2026-01-27,2026-02-17,97.46,7.8,105.26,Unpaid
INVF6AF4604AC,CUST100040872,2026-02-18,2026-03-11,265.79,21.26,287.05,Overdue
INVE0DC14CA7B,CUST100089127,2025-11-18,2025-12-09,390.72,31.26,421.98,Paid
INVD8B0493ECF,CUST100074470,2025-11-04,2025-11-25,381.16,30.49,411.65,Unpaid
INVB0EFD09864,CUST100044804,2025-08-02,2025-08-23,362.05,28.96,391.01,Overdue
INV332E378A22,CUST100091389,2025-09-11,2025-10-02,239.84,19.19,259.03,Paid
INVA7B2F86A61,CUST100036688,2025-11-28,2025-12-19,205.54,16.44,221.98,Paid
INV974604FA4A,CUST100086511,2026-04-11,2026-05-02,130.08,10.41,140.49,Paid
INV9F1190212D,CUST100039074,2025-10-01,2025-10-22,163.11,13.05,176.16,Partially Paid
INV70842B676A,CUST100041122,2026-03-09,2026-03-30,204.07,16.33,220.4,Unpaid
INVDC5EFA76CF,CUST100042351,2026-06-23,2026-07-14,301.28,24.1,325.38,Overdue
INV915D6958F9,CUST100018115,2026-04-03,2026-04-24,96.58,7.73,104.31,Paid
INV12FE052294,CUST100084942,2026-05-25,2026-06-15,36.7,2.94,39.64,Paid
INVF0AAA14484,CUST100063162,2026-02-25,2026-03-18,286.16,22.89,309.05,Overdue
INV51583782F6,CUST100040987,2026-06-24,2026-07-15,78.0,6.24,84.24,Overdue
INVBC935A15E0,CUST100048461,2026-06-11,2026-07-02,345.41,27.63,373.04,Overdue
INVD227CFD371,CUST100022845,2026-06-30,2026-07-21,143.72,11.5,155.22,Paid
INVBB52E3EC9E,CUST100041181,2026-02-22,2026-03-15,256.94,20.56,277.5,Paid
INVB6D61651A4,CUST100064936,2025-09-27,2025-10-18,220.05,17.6,237.65,Partially Paid
INV7573A5EA81,CUST100006747,2025-11-10,2025-12-01,380.88,30.47,411.35,Partially Paid
INV0D87882328,CUST100084417,2026-01-16,2026-02-06,196.68,15.73,212.41,Paid
INVC471B15695,CUST100055408,2026-02-19,2026-03-12,171.97,13.76,185.73,Paid
INVD71B7EDCEA,CUST100013680,2026-05-05,2026-05-26,213.04,17.04,230.08,Paid
INV1FC2273B69,CUST100065666,2025-10-05,2025-10-26,303.98,24.32,328.3,Paid
INVD0B412F0AB,CUST100064870,2026-01-17,2026-02-07,262.16,20.97,283.13,Overdue
INVEC4791271A,CUST100058843,2026-02-13,2026-03-06,44.54,3.56,48.1,Paid
INV0503AFEEB7,CUST100020517,2025-12-21,2026-01-11,209.39,16.75,226.14,Paid
INV8C00C285DB,CUST100078018,2025-08-28,2025-09-18,47.4,3.79,51.19,Paid
INVA9083A9E80,CUST100021099,2025-11-30,2025-12-21,191.36,15.31,206.67,Partially Paid
INV711A061102,CUST100026220,2026-04-11,2026-05-02,197.89,15.83,213.72,Partially Paid
INV2B71BABB45,CUST100086397,2026-05-16,2026-06-06,48.79,3.9,52.69,Paid
INVAF3EF3A819,CUST100033461,2025-10-05,2025-10-26,287.59,23.01,310.6,Unpaid
INVF7026A726E,CUST100074159,2026-04-28,2026-05-19,195.05,15.6,210.65,Unpaid
INV1CAEBB2ED8,CUST100035018,2025-11-07,2025-11-28,326.76,26.14,352.9,Partially Paid
INVBB305C76A0,CUST100078429,2025-12-05,2025-12-26,223.5,17.88,241.38,Paid
INVFA1072A98E,CUST100001446,2026-06-05,2026-06-26,239.31,19.14,258.45,Paid
INVB8AC56B649,CUST100029884,2026-03-12,2026-04-02,255.1,20.41,275.51,Overdue
INVA62EA74615,CUST100045481,2026-05-24,2026-06-14,86.98,6.96,93.94,Paid
INVCB7258799A,CUST100085627,2026-05-22,2026-06-12,193.83,15.51,209.34,Partially Paid
INV44FC2A23A4,CUST100000688,2026-05-19,2026-06-09,381.99,30.56,412.55,Overdue
INV20BCEAB45B,CUST100000686,2025-10-05,2025-10-26,359.37,28.75,388.12,Paid
INVA6A2258C60,CUST100054184,2025-11-21,2025-12-12,318.26,25.46,343.72,Paid
INVF2043F818B,CUST100007438,2025-11-24,2025-12-15,127.35,10.19,137.54,Paid
INV9050E4A228,CUST100073758,2025-11-06,2025-11-27,46.72,3.74,50.46,Paid
INVB6C90F733A,CUST100079185,2026-01-10,2026-01-31,396.54,31.72,428.26,Unpaid
INV867517B5C8,CUST100091221,2026-01-15,2026-02-05,202.64,16.21,218.85,Unpaid
INVBD4EA9F1DA,CUST100033905,2026-03-07,2026-03-28,360.07,28.81,388.88,Paid
INVD70190ED0D,CUST100096508,2026-04-18,2026-05-09,35.47,2.84,38.31,Paid
INVF76E0820B2,CUST100022572,2026-01-01,2026-01-22,239.2,19.14,258.34,Paid
INV76B82F9966,CUST100047752,2025-12-07,2025-12-28,208.46,16.68,225.14,Paid
INV241F88EA17,CUST100040902,2026-02-04,2026-02-25,346.68,27.73,374.41,Paid
INVB2A981329E,CUST100059935,2026-04-09,2026-04-30,173.28,13.86,187.14,Paid
INVDAFFCB52DF,CUST100059590,2025-12-31,2026-01-21,304.27,24.34,328.61,Paid
INV16C75A57D2,CUST100038610,2025-10-24,2025-11-14,270.39,21.63,292.02,Unpaid
INV2A0464D55D,CUST100088032,2025-11-20,2025-12-11,203.58,16.29,219.87,Unpaid
INV5ACDFF7877,CUST100043886,2025-11-17,2025-12-08,75.68,6.05,81.73,Overdue
INVEA3CEC9B9B,CUST100023562,2026-04-03,2026-04-24,365.42,29.23,394.65,Paid
INV0CA93E721A,CUST100036589,2025-10-05,2025-10-26,38.07,3.05,41.12,Paid
INV1ECE20DE28,CUST100077271,2026-07-02,2026-07-23,93.93,7.51,101.44,Paid
INVF9C047995E,CUST100026062,2026-06-02,2026-06-23,150.17,12.01,162.18,Paid
INV214FB2719E,CUST100012631,2026-06-08,2026-06-29,209.86,16.79,226.65,Paid
INVB89FD80605,CUST100083859,2025-12-03,2025-12-24,121.43,9.71,131.14,Paid
INVDA16DB975E,CUST100054113,2026-05-16,2026-06-06,88.5,7.08,95.58,Partially Paid
INVFDF5491A3E,CUST100004065,2025-08-05,2025-08-26,339.05,27.12,366.17,Unpaid
INV4CDA62567D,CUST100070410,2026-03-15,2026-04-05,76.39,6.11,82.5,Paid
INV8495EA6EC4,CUST100042024,2026-04-08,2026-04-29,176.42,14.11,190.53,Paid
INV7703254315,CUST100090000,2026-07-12,2026-08-02,262.59,21.01,283.6,Unpaid
INVF0CFD9D4DB,CUST100037985,2026-04-13,2026-05-04,231.87,18.55,250.42,Paid
INV4AD79A7FED,CUST100043802,2025-08-20,2025-09-10,211.75,16.94,228.69,Paid
INV52CB5D4539,CUST100048741,2025-10-22,2025-11-12,314.62,25.17,339.79,Overdue
INVF58BF39DE4,CUST100022067,2025-12-04,2025-12-25,315.96,25.28,341.24,Paid
INV0D403E694B,CUST100089920,2026-07-09,2026-07-30,227.65,18.21,245.86,Partially Paid
INV02E15005D1,CUST100019005,2025-08-02,2025-08-23,258.77,20.7,279.47,Paid
INV2E188E92A5,CUST100040110,2025-09-21,2025-10-12,151.19,12.1,163.29,Unpaid
INVE241C54214,CUST100091936,2025-11-09,2025-11-30,139.34,11.15,150.49,Paid
INV35323EF043,CUST100040628,2026-03-03,2026-03-24,142.37,11.39,153.76,Paid
INV8113475480,CUST100019875,2026-02-24,2026-03-17,129.33,10.35,139.68,Partially Paid
INVE7EBC96C64,CUST100086349,2026-07-16,2026-08-06,120.59,9.65,130.24,Paid
INV2DC1FA3133,CUST100083206,2025-08-15,2025-09-05,301.78,24.14,325.92,Paid
INVF33ECC55F8,CUST100075580,2025-09-29,2025-10-20,281.15,22.49,303.64,Paid
INVC0610029B0,CUST100085943,2026-03-25,2026-04-15,229.67,18.37,248.04,Paid
INV67B9B80B61,CUST100042245,2026-07-20,2026-08-10,259.83,20.79,280.62,Overdue
INV56D30E9212,CUST100095856,2026-07-18,2026-08-08,331.55,26.52,358.07,Paid
INV827A7F101F,CUST100097839,2025-12-16,2026-01-06,379.69,30.38,410.07,Paid
INV3355E6BDFF,CUST100086582,2026-02-07,2026-02-28,372.04,29.76,401.8,Paid
INVFC103A9D68,CUST100088197,2026-07-06,2026-07-27,37.73,3.02,40.75,Unpaid
INV2FE5241EB0,CUST100083934,2026-02-13,2026-03-06,41.07,3.29,44.36,Paid
INVCAE36C2247,CUST100011144,2026-06-03,2026-06-24,310.12,24.81,334.93,Paid
INV6B97F809FB,CUST100060438,2026-06-29,2026-07-20,333.35,26.67,360.02,Unpaid
INVC927C6F6E8,CUST100061951,2026-04-16,2026-05-07,326.87,26.15,353.02,Overdue
INVCA58CFBC79,CUST100069723,2026-04-14,2026-05-05,253.63,20.29,273.92,Paid
INV1B19F8859A,CUST100045939,2025-12-04,2025-12-25,233.76,18.7,252.46,Paid
INV95FCC210D3,CUST100056841,2025-11-17,2025-12-08,361.83,28.95,390.78,Paid
INVC5B6D49013,CUST100073742,2026-05-30,2026-06-20,132.81,10.62,143.43,Paid
INV722EC4F2CB,CUST100087919,2026-05-15,2026-06-05,347.72,27.82,375.54,Paid
INVCC09F8DEBC,CUST100039301,2026-04-07,2026-04-28,350.58,28.05,378.63,Paid
INV61AF76514A,CUST100082120,2026-02-17,2026-03-10,111.31,8.9,120.21,Unpaid
INV32D6BCC930,CUST100050521,2026-01-12,2026-02-02,220.66,17.65,238.31,Paid
INVB9463C0B58,CUST100074264,2026-06-24,2026-07-15,350.56,28.04,378.6,Paid
INVF1912AD812,CUST100037301,2026-06-08,2026-06-29,376.59,30.13,406.72,Partially Paid
INVBD8C3769B6,CUST100067529,2025-09-23,2025-10-14,396.66,31.73,428.39,Paid
INV766C41B018,CUST100087693,2025-09-19,2025-10-10,254.82,20.39,275.21,Paid
INV0D11AC570F,CUST100067897,2026-04-19,2026-05-10,170.62,13.65,184.27,Unpaid
INV133899EBFA,CUST100052586,2025-09-26,2025-10-17,68.12,5.45,73.57,Partially Paid
INV35BDDFB7AD,CUST100024670,2026-01-02,2026-01-23,26.43,2.11,28.54,Unpaid
INV335E2A4725,CUST100091218,2025-10-26,2025-11-16,294.1,23.53,317.63,Paid
INV6C8F69F460,CUST100058722,2026-05-27,2026-06-17,115.03,9.2,124.23,Unpaid
INV068F5D29BB,CUST100079708,2026-01-12,2026-02-02,276.31,22.1,298.41,Paid
INV7A5D76BEB0,CUST100067802,2026-06-10,2026-07-01,338.84,27.11,365.95,Paid
INV2FEC2266D4,CUST100090122,2025-09-02,2025-09-23,353.17,28.25,381.42,Unpaid
INV4648BCDBA0,CUST100097439,2025-09-10,2025-10-01,58.13,4.65,62.78,Paid
INVFBE622EB88,CUST100038744,2025-10-18,2025-11-08,357.95,28.64,386.59,Paid
INV91FEC4BA7E,CUST100038476,2026-04-22,2026-05-13,359.07,28.73,387.8,Paid
INV805A73F943,CUST100051592,2025-12-27,2026-01-17,334.84,26.79,361.63,Paid
INV43C0375A98,CUST100041025,2025-12-04,2025-12-25,66.87,5.35,72.22,Overdue
INVE0FFAF81EB,CUST100029606,2026-01-04,2026-01-25,392.12,31.37,423.49,Paid
INVCA58BEBB0B,CUST100042923,2026-06-16,2026-07-07,204.77,16.38,221.15,Paid
INVA7D3C4E29A,CUST100021650,2026-03-15,2026-04-05,106.92,8.55,115.47,Paid
INVED86DB6FF7,CUST100016382,2026-04-19,2026-05-10,71.48,5.72,77.2,Paid
INV2312480208,CUST100058753,2026-04-11,2026-05-02,359.35,28.75,388.1,Paid
INV16118DABB6,CUST100045698,2025-10-18,2025-11-08,48.87,3.91,52.78,Partially Paid
INV27D4EA66F4,CUST100064603,2026-01-02,2026-01-23,115.17,9.21,124.38,Paid
INVA316112E35,CUST100055498,2025-09-16,2025-10-07,37.08,2.97,40.05,Paid
INVFD0D6E0D4B,CUST100042179,2025-10-20,2025-11-10,326.75,26.14,352.89,Paid
INV662BD6A55F,CUST100013742,2026-03-29,2026-04-19,361.85,28.95,390.8,Paid
INVC11D538539,CUST100055978,2026-06-24,2026-07-15,205.91,16.47,222.38,Paid
INVDAC844A395,CUST100097949,2026-03-17,2026-04-07,109.21,8.74,117.95,Overdue
INVA1B17CB33E,CUST100012306,2026-01-25,2026-02-15,317.86,25.43,343.29,Paid
INV7BDD2DE526,CUST100025827,2026-03-07,2026-03-28,174.96,14.0,188.96,Partially Paid
INV359768113C,CUST100022870,2026-05-01,2026-05-22,57.47,4.6,62.07,Paid
INV2CA8374640,CUST100097319,2025-10-22,2025-11-12,328.23,26.26,354.49,Paid
INVE24F76B85F,CUST100001081,2026-04-18,2026-05-09,132.66,10.61,143.27,Overdue
INVA3CBFC7C3A,CUST100051131,2026-07-03,2026-07-24,222.15,17.77,239.92,Overdue
INV0ECB96FBF6,CUST100050176,2025-10-17,2025-11-07,300.38,24.03,324.41,Paid
INV748DEB2002,CUST100060678,2025-08-09,2025-08-30,319.55,25.56,345.11,Paid
INV2B4D829310,CUST100099729,2026-06-15,2026-07-06,308.47,24.68,333.15,Overdue
INV93DC0B284B,CUST100095612,2025-09-05,2025-09-26,125.36,10.03,135.39,Paid
INVED813E30B4,CUST100091376,2025-10-20,2025-11-10,126.66,10.13,136.79,Paid
INVD90AA1FDED,CUST100058821,2026-07-03,2026-07-24,366.23,29.3,395.53,Overdue
INV7FDB8506C9,CUST100040229,2025-10-08,2025-10-29,69.59,5.57,75.16,Unpaid
INVB145F17955,CUST100068093,2025-09-06,2025-09-27,229.63,18.37,248.0,Paid
INV36612A6F80,CUST100011657,2026-05-31,2026-06-21,223.89,17.91,241.8,Paid
INV24A39DB4C4,CUST100012307,2025-10-29,2025-11-19,50.64,4.05,54.69,Unpaid
INV1DBE580BF5,CUST100084583,2025-10-07,2025-10-28,68.21,5.46,73.67,Paid
INV46004EE9B5,CUST100011254,2025-08-12,2025-09-02,340.89,27.27,368.16,Paid
INVE2639486B2,CUST100097820,2025-12-10,2025-12-31,255.91,20.47,276.38,Unpaid
INVF9A399204F,CUST100072950,2026-07-21,2026-08-11,376.53,30.12,406.65,Paid
INV5A2868CB7D,CUST100010300,2026-03-03,2026-03-24,263.05,21.04,284.09,Paid
INV1B8F8F73B6,CUST100071740,2025-12-19,2026-01-09,242.6,19.41,262.01,Paid
INVEAAAEA99AD,CUST100095643,2026-01-27,2026-02-17,102.17,8.17,110.34,Paid
INVCBE945F5B1,CUST100018215,2025-11-23,2025-12-14,302.21,24.18,326.39,Partially Paid
INV63ED2672D4,CUST100018757,2026-06-25,2026-07-16,320.84,25.67,346.51,Paid
INVD4F9C869A1,CUST100027178,2026-04-13,2026-05-04,161.54,12.92,174.46,Overdue
INVC13F745288,CUST100080766,2026-03-01,2026-03-22,51.16,4.09,55.25,Paid
INV11EFEF4A4F,CUST100055482,2026-03-31,2026-04-21,363.13,29.05,392.18,Paid
INV23C03A5025,CUST100087122,2025-09-15,2025-10-06,388.3,31.06,419.36,Paid
INV99A2D3492D,CUST100030036,2026-05-19,2026-06-09,230.92,18.47,249.39,Paid
INV9ACD7774C5,CUST100015312,2026-04-12,2026-05-03,219.87,17.59,237.46,Paid
INV6BD4776DC8,CUST100059276,2026-02-03,2026-02-24,229.14,18.33,247.47,Paid
INVDC395872AE,CUST100073853,2025-11-29,2025-12-20,125.51,10.04,135.55,Paid
INV24CC20D725,CUST100051883,2026-04-13,2026-05-04,196.75,15.74,212.49,Paid
INV53B311FF84,CUST100080033,2026-04-19,2026-05-10,357.86,28.63,386.49,Overdue
INV3ABBA4F59C,CUST100055452,2026-06-26,2026-07-17,393.8,31.5,425.3,Paid
INVB07CEBEC5C,CUST100061863,2025-12-28,2026-01-18,185.18,14.81,199.99,Paid
INVFFE0500A98,CUST100049602,2026-04-29,2026-05-20,386.85,30.95,417.8,Paid
INV7637C713FF,CUST100055598,2025-12-14,2026-01-04,258.48,20.68,279.16,Overdue
INVCBC4B5A48D,CUST100003829,2026-01-03,2026-01-24,21.33,1.71,23.04,Paid
INVF8972901C2,CUST100063314,2025-10-28,2025-11-18,22.96,1.84,24.8,Unpaid
INV85E203A2AA,CUST100052040,2026-05-31,2026-06-21,355.31,28.42,383.73,Overdue
INV7734657926,CUST100038895,2025-08-10,2025-08-31,395.34,31.63,426.97,Unpaid
INV0145FA3BC1,CUST100000891,2025-08-25,2025-09-15,377.71,30.22,407.93,Paid
INV15908EF0FC,CUST100077231,2026-05-01,2026-05-22,230.07,18.41,248.48,Paid
INV07D162A5E3,CUST100076039,2025-12-22,2026-01-12,234.92,18.79,253.71,Paid
INV46E986F949,CUST100083351,2026-02-01,2026-02-22,75.2,6.02,81.22,Paid
INV03819591B1,CUST100070302,2025-10-16,2025-11-06,65.52,5.24,70.76,Partially Paid
INVD9079A9C47,CUST100027271,2026-05-15,2026-06-05,283.34,22.67,306.01,Paid
INV87EDE3BAAB,CUST100070029,2026-04-07,2026-04-28,346.32,27.71,374.03,Paid
INV4EC8305920,CUST100073888,2026-02-16,2026-03-09,311.54,24.92,336.46,Paid
INVBD9D3F187D,CUST100005104,2025-09-16,2025-10-07,310.04,24.8,334.84,Paid
INV51C499B98D,CUST100019744,2026-05-31,2026-06-21,375.62,30.05,405.67,Paid
INV16B6FE0715,CUST100086701,2025-10-04,2025-10-25,371.99,29.76,401.75,Paid
INV0E96F973DC,CUST100094588,2025-11-12,2025-12-03,207.78,16.62,224.4,Overdue
INVE7513DEB33,CUST100064959,2025-09-26,2025-10-17,276.31,22.1,298.41,Paid
INV37ED1B0D63,CUST100048173,2026-03-26,2026-04-16,306.81,24.54,331.35,Paid
INVADD3558632,CUST100066074,2025-12-10,2025-12-31,111.84,8.95,120.79,Unpaid
INV7FC082FEF6,CUST100038361,2025-12-20,2026-01-10,82.0,6.56,88.56,Paid
INVFDA4588589,CUST100090071,2025-11-24,2025-12-15,142.78,11.42,154.2,Overdue
INV0BBD03D8F0,CUST100025836,2026-06-03,2026-06-24,380.9,30.47,411.37,Overdue
INVBA191DE49B,CUST100080102,2026-04-07,2026-04-28,122.38,9.79,132.17,Unpaid
INV06A8B792FC,CUST100009879,2026-01-09,2026-01-30,368.8,29.5,398.3,Paid
INV4A5392F4F0,CUST100088063,2026-04-02,2026-04-23,151.74,12.14,163.88,Paid
INV801377BC6F,CUST100047515,2025-11-07,2025-11-28,200.63,16.05,216.68,Paid
INV1362E3F0ED,CUST100000460,2026-04-09,2026-04-30,309.69,24.78,334.47,Paid
INVD17B453102,CUST100017645,2026-01-05,2026-01-26,66.66,5.33,71.99,Unpaid
INVC9538AD3DC,CUST100027846,2026-03-10,2026-03-31,75.17,6.01,81.18,Paid
INV041E542922,CUST100073562,2025-10-10,2025-10-31,384.77,30.78,415.55,Unpaid
INVDC41F280F3,CUST100012734,2026-02-17,2026-03-10,236.21,18.9,255.11,Partially Paid
INV702CD67C7E,CUST100034870,2026-05-11,2026-06-01,387.7,31.02,418.72,Overdue
INV5EACE369BA,CUST100068821,2026-02-05,2026-02-26,361.45,28.92,390.37,Paid
INV528C6392A2,CUST100005843,2025-12-27,2026-01-17,392.2,31.38,423.58,Paid
INV6CB5823B53,CUST100098921,2025-08-05,2025-08-26,33.13,2.65,35.78,Paid
INV6A9E638A7B,CUST100019384,2025-10-11,2025-11-01,367.75,29.42,397.17,Paid
INVB4B80EB1E7,CUST100033036,2026-05-12,2026-06-02,158.45,12.68,171.13,Partially Paid
INV9D41373DAF,CUST100095099,2026-01-21,2026-02-11,196.26,15.7,211.96,Paid
INV234AB76633,CUST100070790,2026-03-12,2026-04-02,45.75,3.66,49.41,Unpaid
INV710116E6E2,CUST100078699,2026-05-03,2026-05-24,156.25,12.5,168.75,Paid
INV22F2FF8A84,CUST100010753,2026-06-12,2026-07-03,121.4,9.71,131.11,Paid
INV563C5B1AD9,CUST100029344,2025-10-07,2025-10-28,289.26,23.14,312.4,Unpaid
INVA57900105C,CUST100053617,2026-07-21,2026-08-11,218.31,17.46,235.77,Paid
INV7A67FAFE11,CUST100096567,2025-11-28,2025-12-19,256.83,20.55,277.38,Paid
INVDADDD29050,CUST100013223,2025-10-28,2025-11-18,40.85,3.27,44.12,Paid
INVFC4635DBDE,CUST100002952,2026-04-25,2026-05-16,276.02,22.08,298.1,Paid
INV20FABDFBBD,CUST100048122,2026-03-18,2026-04-08,147.13,11.77,158.9,Paid
INVB3FF373112,CUST100078475,2025-10-04,2025-10-25,337.92,27.03,364.95,Unpaid
INV8349C2058D,CUST100096502,2026-03-30,2026-04-20,397.33,31.79,429.12,Paid
INVF8614EB6F6,CUST100035640,2026-04-24,2026-05-15,144.4,11.55,155.95,Unpaid
INV4C72217862,CUST100001749,2026-05-17,2026-06-07,90.95,7.28,98.23,Partially Paid
INV5168CF5CBE,CUST100002741,2026-03-31,2026-04-21,71.65,5.73,77.38,Unpaid
INV1E454FB455,CUST100005731,2026-06-09,2026-06-30,242.43,19.39,261.82,Paid
INVC10E596013,CUST100041848,2026-02-24,2026-03-17,262.39,20.99,283.38,Unpaid
INVC47C6E79B8,CUST100003160,2026-05-03,2026-05-24,176.88,14.15,191.03,Paid
INV8AA8AFD49A,CUST100006917,2026-04-04,2026-04-25,179.37,14.35,193.72,Unpaid
INVE9864081F6,CUST100090015,2025-11-03,2025-11-24,110.42,8.83,119.25,Overdue
INV7A50A95F7A,CUST100075083,2025-10-12,2025-11-02,216.13,17.29,233.42,Partially Paid
INVEDA6FB6F56,CUST100033224,2026-07-09,2026-07-30,242.76,19.42,262.18,Partially Paid
INV2377A84CD4,CUST100054130,2026-01-12,2026-02-02,178.63,14.29,192.92,Paid
INV342532BFB1,CUST100085345,2025-09-26,2025-10-17,304.0,24.32,328.32,Unpaid
INV6399755891,CUST100094225,2025-10-28,2025-11-18,89.1,7.13,96.23,Paid
INV725EDB4F97,CUST100070597,2025-12-18,2026-01-08,334.3,26.74,361.04,Unpaid
INV5F78F74C38,CUST100016309,2026-02-14,2026-03-07,101.36,8.11,109.47,Paid
INVD559904EA7,CUST100026658,2026-03-02,2026-03-23,277.64,22.21,299.85,Overdue
INVECACC52DC9,CUST100035304,2026-05-20,2026-06-10,34.22,2.74,36.96,Unpaid
INV0E7092652D,CUST100033872,2025-09-28,2025-10-19,86.02,6.88,92.9,Overdue
INVDB6914E3B6,CUST100006852,2025-09-20,2025-10-11,125.51,10.04,135.55,Overdue
INVF466F74EF5,CUST100040238,2026-04-16,2026-05-07,383.92,30.71,414.63,Paid
INV24C0AF82CE,CUST100079879,2025-10-27,2025-11-17,215.11,17.21,232.32,Unpaid
INV2A233EEBCD,CUST100019290,2025-11-03,2025-11-24,253.54,20.28,273.82,Paid
INV890406AA49,CUST100017793,2026-04-28,2026-05-19,151.67,12.13,163.8,Unpaid
