customer_id,product_recommended,propensity_score,score_date
CUST100001531,International Roaming Pack,0.7854,2026-07-01
CUST100079080,Device Insurance,0.2124,2026-07-20
CUST100051650,Family Plan Upgrade,0.4432,2026-07-20
CUST100000473,5G Handset Upgrade,0.1533,2026-07-04
CUST100046923,Streaming Bundle,0.4217,2026-07-14
CUST100005864,Device Insurance,0.2968,2026-07-13
CUST100069757,Streaming Bundle,0.1448,2026-07-04
CUST100097098,Streaming Bundle,0.4439,2026-07-04
CUST100078549,Family Plan Upgrade,0.6006,2026-07-04
CUST100088979,International Roaming Pack,0.0988,2026-07-09
CUST100058738,Streaming Bundle,0.8492,2026-07-03
CUST100006439,5G Handset Upgrade,0.1264,2026-07-02
CUST100021436,Device Insurance,0.5724,2026-07-05
CUST100073098,Home Security Add-on,0.1495,2026-07-07
CUST100051298,5G Handset Upgrade,0.4837,2026-07-19
CUST100067020,Device Insurance,0.2171,2026-07-10
CUST100042807,Family Plan Upgrade,0.9218,2026-07-10
CUST100051453,Family Plan Upgrade,0.6492,2026-07-15
CUST100099771,International Roaming Pack,0.7278,2026-07-20
CUST100011472,Family Plan Upgrade,0.1045,2026-07-13
CUST100025311,International Roaming Pack,0.5853,2026-07-01
CUST100069719,Home Security Add-on,0.6419,2026-07-11
CUST100009951,International Roaming Pack,0.6825,2026-07-11
CUST100091815,Home Security Add-on,0.8899,2026-07-11
CUST100073439,Device Insurance,0.5873,2026-07-04
CUST100078405,International Roaming Pack,0.8378,2026-07-23
CUST100004293,Home Security Add-on,0.1039,2026-07-08
CUST100001610,Device Insurance,0.4779,2026-07-21
CUST100085161,Streaming Bundle,0.8697,2026-07-08
CUST100024253,Streaming Bundle,0.6599,2026-07-02
CUST100096783,International Roaming Pack,0.3225,2026-07-06
CUST100024393,5G Handset Upgrade,0.1506,2026-07-11
CUST100092867,5G Handset Upgrade,0.9382,2026-07-18
CUST100089881,Device Insurance,0.6555,2026-07-04
CUST100021559,Streaming Bundle,0.9433,2026-07-03
CUST100024380,Family Plan Upgrade,0.9613,2026-07-19
CUST100078375,Family Plan Upgrade,0.3655,2026-07-15
CUST100049221,Home Security Add-on,0.1572,2026-07-15
CUST100051645,Family Plan Upgrade,0.9052,2026-07-02
CUST100056065,Device Insurance,0.8034,2026-07-20
CUST100074795,Family Plan Upgrade,0.1843,2026-07-09
CUST100026863,Streaming Bundle,0.6538,2026-07-22
CUST100018248,Home Security Add-on,0.2088,2026-07-02
CUST100076676,Family Plan Upgrade,0.4466,2026-07-09
CUST100090906,Streaming Bundle,0.8159,2026-07-11
CUST100011204,International Roaming Pack,0.6081,2026-07-20
CUST100013817,5G Handset Upgrade,0.8745,2026-07-22
CUST100099676,Home Security Add-on,0.2069,2026-07-13
CUST100005859,Device Insurance,0.1264,2026-07-19
CUST100093279,International Roaming Pack,0.6884,2026-07-17
CUST100078499,Family Plan Upgrade,0.2584,2026-07-23
CUST100062416,Family Plan Upgrade,0.5322,2026-07-03
CUST100058819,Device Insurance,0.3405,2026-07-19
CUST100048359,International Roaming Pack,0.1182,2026-07-06
CUST100012531,International Roaming Pack,0.4337,2026-07-01
CUST100029584,5G Handset Upgrade,0.4037,2026-07-06
CUST100028812,International Roaming Pack,0.5328,2026-07-03
CUST100076202,Streaming Bundle,0.6824,2026-07-13
CUST100085353,5G Handset Upgrade,0.4052,2026-07-19
CUST100017229,5G Handset Upgrade,0.7197,2026-07-05
CUST100032462,Device Insurance,0.6187,2026-07-08
CUST100063636,5G Handset Upgrade,0.036,2026-07-14
CUST100033623,Streaming Bundle,0.9953,2026-07-02
CUST100044192,Device Insurance,0.6123,2026-07-22
CUST100088356,Family Plan Upgrade,0.4083,2026-07-14
CUST100029787,Home Security Add-on,0.1073,2026-07-22
CUST100094311,International Roaming Pack,0.0301,2026-07-19
CUST100041392,Family Plan Upgrade,0.7376,2026-07-01
CUST100021967,Family Plan Upgrade,0.7048,2026-07-15
CUST100027918,Home Security Add-on,0.6541,2026-07-13
CUST100082736,Device Insurance,0.273,2026-07-19
CUST100019387,Home Security Add-on,0.2582,2026-07-23
CUST100092892,Family Plan Upgrade,0.9461,2026-07-08
CUST100043539,Streaming Bundle,0.5651,2026-07-23
CUST100086532,Device Insurance,0.5814,2026-07-02
CUST100064826,Home Security Add-on,0.5246,2026-07-05
CUST100060048,Home Security Add-on,0.0382,2026-07-07
CUST100058793,Home Security Add-on,0.0365,2026-07-14
CUST100092071,Device Insurance,0.4053,2026-07-12
CUST100030682,Home Security Add-on,0.4133,2026-07-06
CUST100078184,Family Plan Upgrade,0.7717,2026-07-01
CUST100002663,Streaming Bundle,0.2734,2026-07-16
CUST100079040,Home Security Add-on,0.739,2026-07-02
CUST100010964,5G Handset Upgrade,0.0724,2026-07-06
CUST100059613,International Roaming Pack,0.1702,2026-07-06
CUST100025330,Home Security Add-on,0.4618,2026-07-18
CUST100049307,Streaming Bundle,0.4878,2026-07-09
CUST100032702,5G Handset Upgrade,0.7057,2026-07-07
CUST100015781,International Roaming Pack,0.4774,2026-07-09
CUST100002616,Home Security Add-on,0.2194,2026-07-22
CUST100034247,International Roaming Pack,0.2032,2026-07-13
CUST100013324,Home Security Add-on,0.7703,2026-07-20
CUST100072074,Family Plan Upgrade,0.64,2026-07-12
CUST100018878,Device Insurance,0.3897,2026-07-06
CUST100053683,5G Handset Upgrade,0.2881,2026-07-17
CUST100026263,Family Plan Upgrade,0.8734,2026-07-04
CUST100058344,Family Plan Upgrade,0.9282,2026-07-15
CUST100027070,Family Plan Upgrade,0.1052,2026-07-18
CUST100033262,Device Insurance,0.2499,2026-07-21
CUST100065756,Family Plan Upgrade,0.8294,2026-07-08
CUST100068394,Home Security Add-on,0.7414,2026-07-20
CUST100028486,5G Handset Upgrade,0.753,2026-07-10
CUST100043450,Family Plan Upgrade,0.5402,2026-07-16
CUST100008666,Home Security Add-on,0.6956,2026-07-06
CUST100059198,Device Insurance,0.5867,2026-07-01
CUST100073649,Streaming Bundle,0.6308,2026-07-06
CUST100091164,Streaming Bundle,0.6163,2026-07-15
CUST100001910,Device Insurance,0.6134,2026-07-14
CUST100004715,Device Insurance,0.0207,2026-07-17
CUST100049949,Device Insurance,0.7188,2026-07-23
CUST100005863,Home Security Add-on,0.3,2026-07-18
CUST100083990,Streaming Bundle,0.0366,2026-07-05
CUST100090049,Family Plan Upgrade,0.7734,2026-07-07
CUST100012746,International Roaming Pack,0.4704,2026-07-15
CUST100024614,Streaming Bundle,0.1347,2026-07-21
CUST100051261,Streaming Bundle,0.4471,2026-07-19
CUST100037756,Device Insurance,0.7473,2026-07-20
CUST100005760,Streaming Bundle,0.0129,2026-07-04
CUST100025666,Family Plan Upgrade,0.0885,2026-07-02
CUST100025987,Family Plan Upgrade,0.3509,2026-07-14
CUST100084138,International Roaming Pack,0.0716,2026-07-06
CUST100075813,Home Security Add-on,0.045,2026-07-05
CUST100012762,Streaming Bundle,0.1583,2026-07-15
CUST100049335,Streaming Bundle,0.2517,2026-07-12
CUST100057013,Device Insurance,0.3138,2026-07-21
CUST100061857,Home Security Add-on,0.5686,2026-07-11
CUST100057666,Family Plan Upgrade,0.608,2026-07-19
CUST100086109,Family Plan Upgrade,0.6957,2026-07-13
CUST100084620,Home Security Add-on,0.584,2026-07-23
CUST100058100,Home Security Add-on,0.2282,2026-07-21
CUST100097168,Device Insurance,0.8963,2026-07-06
CUST100017725,Home Security Add-on,0.3021,2026-07-17
CUST100042159,5G Handset Upgrade,0.7033,2026-07-04
CUST100015054,Streaming Bundle,0.8844,2026-07-18
CUST100047663,Home Security Add-on,0.632,2026-07-07
CUST100049062,Home Security Add-on,0.3661,2026-07-04
CUST100062121,Device Insurance,0.7842,2026-07-09
CUST100067690,Family Plan Upgrade,0.3037,2026-07-03
CUST100079877,Streaming Bundle,0.6289,2026-07-12
CUST100024234,Home Security Add-on,0.9147,2026-07-16
CUST100081126,Device Insurance,0.855,2026-07-19
CUST100041143,Streaming Bundle,0.3791,2026-07-03
CUST100011593,Family Plan Upgrade,0.851,2026-07-16
CUST100061249,International Roaming Pack,0.0919,2026-07-18
CUST100032000,Streaming Bundle,0.4248,2026-07-15
CUST100046243,5G Handset Upgrade,0.3956,2026-07-13
CUST100033016,Family Plan Upgrade,0.0193,2026-07-07
CUST100026000,Family Plan Upgrade,0.9842,2026-07-12
CUST100087536,International Roaming Pack,0.1494,2026-07-19
CUST100002597,5G Handset Upgrade,0.0981,2026-07-21
CUST100023948,Home Security Add-on,0.7074,2026-07-20
CUST100016339,5G Handset Upgrade,0.0923,2026-07-10
CUST100015802,Home Security Add-on,0.1725,2026-07-05
CUST100088914,Device Insurance,0.2989,2026-07-13
CUST100056546,Streaming Bundle,0.2124,2026-07-08
CUST100047477,Streaming Bundle,0.4631,2026-07-01
CUST100077670,International Roaming Pack,0.6227,2026-07-11
CUST100049565,5G Handset Upgrade,0.9268,2026-07-18
CUST100089501,Device Insurance,0.2444,2026-07-21
CUST100016215,Family Plan Upgrade,0.7594,2026-07-08
CUST100024131,Device Insurance,0.0992,2026-07-13
CUST100030426,Device Insurance,0.9914,2026-07-10
CUST100077318,Streaming Bundle,0.5206,2026-07-12
CUST100028506,5G Handset Upgrade,0.5265,2026-07-13
CUST100013676,Home Security Add-on,0.7569,2026-07-15
CUST100093376,Streaming Bundle,0.0398,2026-07-12
CUST100045593,International Roaming Pack,0.0262,2026-07-19
CUST100022610,Home Security Add-on,0.3216,2026-07-08
CUST100028007,International Roaming Pack,0.764,2026-07-13
CUST100096153,Family Plan Upgrade,0.55,2026-07-12
CUST100056090,Home Security Add-on,0.9494,2026-07-23
CUST100080716,Home Security Add-on,0.0838,2026-07-14
CUST100019206,International Roaming Pack,0.0218,2026-07-21
CUST100007937,Family Plan Upgrade,0.3956,2026-07-22
CUST100064290,5G Handset Upgrade,0.3803,2026-07-15
CUST100074784,Device Insurance,0.4872,2026-07-08
CUST100037133,Home Security Add-on,0.1542,2026-07-04
CUST100039737,Streaming Bundle,0.9548,2026-07-01
CUST100046619,5G Handset Upgrade,0.7525,2026-07-07
CUST100028494,Device Insurance,0.9822,2026-07-04
CUST100099860,International Roaming Pack,0.9737,2026-07-05
CUST100062454,Family Plan Upgrade,0.4133,2026-07-14
CUST100088110,International Roaming Pack,0.8349,2026-07-05
CUST100006703,International Roaming Pack,0.7827,2026-07-19
CUST100048536,International Roaming Pack,0.4671,2026-07-20
CUST100052685,5G Handset Upgrade,0.3788,2026-07-09
CUST100098866,Streaming Bundle,0.7702,2026-07-06
CUST100031019,Home Security Add-on,0.2229,2026-07-14
CUST100084904,Family Plan Upgrade,0.4147,2026-07-07
CUST100009921,International Roaming Pack,0.7444,2026-07-03
CUST100015860,Family Plan Upgrade,0.9254,2026-07-14
CUST100065157,Family Plan Upgrade,0.1063,2026-07-10
CUST100019948,Family Plan Upgrade,0.4281,2026-07-21
CUST100019933,International Roaming Pack,0.1333,2026-07-10
CUST100084184,Streaming Bundle,0.9188,2026-07-13
CUST100070154,International Roaming Pack,0.1346,2026-07-13
CUST100063743,Family Plan Upgrade,0.6796,2026-07-16
CUST100060502,Family Plan Upgrade,0.5786,2026-07-09
CUST100067367,Home Security Add-on,0.8917,2026-07-12
CUST100026602,Streaming Bundle,0.8,2026-07-04
CUST100000217,Home Security Add-on,0.9067,2026-07-09
CUST100034061,5G Handset Upgrade,0.7477,2026-07-03
CUST100073489,Streaming Bundle,0.603,2026-07-12
CUST100020493,Device Insurance,0.0916,2026-07-19
CUST100020348,International Roaming Pack,0.1505,2026-07-02
CUST100075937,Family Plan Upgrade,0.4705,2026-07-12
CUST100034334,Home Security Add-on,0.0911,2026-07-23
CUST100042728,Family Plan Upgrade,0.373,2026-07-20
CUST100008546,Family Plan Upgrade,0.1582,2026-07-13
CUST100093463,Device Insurance,0.2947,2026-07-10
CUST100074967,Streaming Bundle,0.8569,2026-07-13
CUST100064971,5G Handset Upgrade,0.9482,2026-07-18
CUST100023397,Streaming Bundle,0.8735,2026-07-11
CUST100076157,International Roaming Pack,0.8708,2026-07-21
CUST100008654,International Roaming Pack,0.5365,2026-07-16
CUST100061454,Streaming Bundle,0.5822,2026-07-06
CUST100060847,5G Handset Upgrade,0.866,2026-07-09
CUST100025427,5G Handset Upgrade,0.304,2026-07-01
CUST100023942,Family Plan Upgrade,0.6077,2026-07-13
CUST100006705,Device Insurance,0.7164,2026-07-01
CUST100061380,Home Security Add-on,0.9718,2026-07-02
CUST100085612,International Roaming Pack,0.6513,2026-07-05
CUST100045985,Streaming Bundle,0.3306,2026-07-21
CUST100059155,Device Insurance,0.2369,2026-07-02
CUST100099585,Streaming Bundle,0.621,2026-07-08
CUST100013652,Streaming Bundle,0.7035,2026-07-09
CUST100027238,Home Security Add-on,0.6679,2026-07-06
CUST100076719,International Roaming Pack,0.7821,2026-07-01
CUST100015896,Streaming Bundle,0.8098,2026-07-21
CUST100025761,Family Plan Upgrade,0.6797,2026-07-11
CUST100065342,Device Insurance,0.9439,2026-07-08
CUST100056075,Device Insurance,0.4392,2026-07-02
CUST100075001,Streaming Bundle,0.2506,2026-07-03
CUST100094931,International Roaming Pack,0.8105,2026-07-08
CUST100047687,International Roaming Pack,0.1332,2026-07-09
CUST100030970,Streaming Bundle,0.0536,2026-07-16
CUST100055461,Streaming Bundle,0.2052,2026-07-15
CUST100044730,Device Insurance,0.7336,2026-07-10
CUST100002270,Family Plan Upgrade,0.9958,2026-07-17
CUST100023968,Streaming Bundle,0.4941,2026-07-06
CUST100010010,Home Security Add-on,0.6647,2026-07-22
CUST100099897,Device Insurance,0.4577,2026-07-19
CUST100001743,5G Handset Upgrade,0.4652,2026-07-14
CUST100062711,International Roaming Pack,0.1739,2026-07-08
CUST100076146,International Roaming Pack,0.0635,2026-07-11
CUST100082923,5G Handset Upgrade,0.9981,2026-07-16
CUST100011034,Device Insurance,0.6336,2026-07-19
CUST100098809,International Roaming Pack,0.5218,2026-07-08
CUST100035553,Device Insurance,0.7472,2026-07-21
CUST100009683,Family Plan Upgrade,0.2687,2026-07-17
CUST100075006,Home Security Add-on,0.6675,2026-07-07
CUST100037796,Home Security Add-on,0.9802,2026-07-16
CUST100008655,Home Security Add-on,0.5503,2026-07-05
CUST100087806,5G Handset Upgrade,0.5191,2026-07-11
CUST100084703,International Roaming Pack,0.9135,2026-07-17
CUST100032552,Home Security Add-on,0.6827,2026-07-23
CUST100013680,International Roaming Pack,0.577,2026-07-09
CUST100004660,5G Handset Upgrade,0.2846,2026-07-10
CUST100024890,Home Security Add-on,0.2037,2026-07-06
CUST100032100,International Roaming Pack,0.8053,2026-07-04
CUST100083548,5G Handset Upgrade,0.7059,2026-07-09
CUST100038567,International Roaming Pack,0.0615,2026-07-07
CUST100070450,Family Plan Upgrade,0.6814,2026-07-07
CUST100097923,Streaming Bundle,0.6459,2026-07-22
CUST100019262,Device Insurance,0.5392,2026-07-08
CUST100081407,International Roaming Pack,0.0309,2026-07-06
CUST100060383,Device Insurance,0.993,2026-07-20
CUST100005106,International Roaming Pack,0.1332,2026-07-02
CUST100083583,International Roaming Pack,0.7176,2026-07-13
CUST100042306,Family Plan Upgrade,0.2377,2026-07-20
CUST100035809,International Roaming Pack,0.2884,2026-07-18
CUST100024566,5G Handset Upgrade,0.8347,2026-07-16
CUST100053350,International Roaming Pack,0.1209,2026-07-09
CUST100077373,Family Plan Upgrade,0.0639,2026-07-04
CUST100028322,International Roaming Pack,0.4469,2026-07-01
CUST100027883,5G Handset Upgrade,0.354,2026-07-16
CUST100038726,Home Security Add-on,0.5861,2026-07-12
CUST100031568,Device Insurance,0.8824,2026-07-12
CUST100084069,International Roaming Pack,0.2106,2026-07-21
CUST100044785,International Roaming Pack,0.6915,2026-07-08
CUST100086320,Device Insurance,0.6739,2026-07-20
CUST100078452,Family Plan Upgrade,0.5779,2026-07-10
CUST100030344,5G Handset Upgrade,0.8326,2026-07-23
CUST100058225,5G Handset Upgrade,0.309,2026-07-08
CUST100078572,Device Insurance,0.9748,2026-07-04
CUST100012380,Family Plan Upgrade,0.8754,2026-07-17
CUST100088514,Home Security Add-on,0.101,2026-07-13
CUST100005883,Streaming Bundle,0.5754,2026-07-06
CUST100078217,Family Plan Upgrade,0.1864,2026-07-15
CUST100002107,Home Security Add-on,0.3777,2026-07-22
CUST100095854,Device Insurance,0.301,2026-07-09
CUST100013607,International Roaming Pack,0.9676,2026-07-08
CUST100052588,5G Handset Upgrade,0.1454,2026-07-13
CUST100004920,Streaming Bundle,0.6751,2026-07-09
CUST100051643,Streaming Bundle,0.989,2026-07-20
CUST100071761,Device Insurance,0.9078,2026-07-04
CUST100077859,Home Security Add-on,0.8002,2026-07-20
CUST100011002,5G Handset Upgrade,0.3787,2026-07-21
CUST100035679,Device Insurance,0.4283,2026-07-19
CUST100089603,5G Handset Upgrade,0.9227,2026-07-14
CUST100058462,Device Insurance,0.112,2026-07-23
CUST100004647,International Roaming Pack,0.1518,2026-07-02
CUST100063823,Device Insurance,0.7466,2026-07-23
CUST100099879,5G Handset Upgrade,0.2356,2026-07-04
CUST100091914,International Roaming Pack,0.8079,2026-07-20
CUST100084093,Family Plan Upgrade,0.0678,2026-07-07
CUST100033554,Family Plan Upgrade,0.6926,2026-07-05
CUST100027066,Streaming Bundle,0.0255,2026-07-15
CUST100063839,International Roaming Pack,0.7554,2026-07-17
CUST100020317,5G Handset Upgrade,0.5854,2026-07-13
CUST100078780,Streaming Bundle,0.1936,2026-07-03
CUST100020710,Family Plan Upgrade,0.4122,2026-07-12
CUST100098950,Home Security Add-on,0.0454,2026-07-06
CUST100033613,Device Insurance,0.9129,2026-07-03
CUST100004201,Streaming Bundle,0.3024,2026-07-10
CUST100042604,5G Handset Upgrade,0.9146,2026-07-01
CUST100053692,Family Plan Upgrade,0.7878,2026-07-14
CUST100038082,International Roaming Pack,0.779,2026-07-06
CUST100024451,International Roaming Pack,0.7469,2026-07-06
CUST100034776,International Roaming Pack,0.893,2026-07-07
CUST100002441,Family Plan Upgrade,0.871,2026-07-23
CUST100098399,5G Handset Upgrade,0.6635,2026-07-05
CUST100008893,Family Plan Upgrade,0.7527,2026-07-11
CUST100013925,International Roaming Pack,0.2219,2026-07-21
CUST100057168,Family Plan Upgrade,0.6876,2026-07-04
CUST100092324,Family Plan Upgrade,0.0424,2026-07-06
CUST100056118,Device Insurance,0.3193,2026-07-20
CUST100033144,5G Handset Upgrade,0.5298,2026-07-05
CUST100080788,Home Security Add-on,0.7205,2026-07-05
CUST100041092,Home Security Add-on,0.4914,2026-07-02
CUST100001919,Home Security Add-on,0.3945,2026-07-01
CUST100062100,5G Handset Upgrade,0.2808,2026-07-03
CUST100020285,Home Security Add-on,0.8925,2026-07-09
CUST100055410,Streaming Bundle,0.3132,2026-07-03
CUST100000737,Home Security Add-on,0.1356,2026-07-15
CUST100096824,Family Plan Upgrade,0.0596,2026-07-18
CUST100045519,Family Plan Upgrade,0.5252,2026-07-16
CUST100056814,International Roaming Pack,0.2083,2026-07-07
CUST100037509,Family Plan Upgrade,0.289,2026-07-19
CUST100093226,Streaming Bundle,0.7245,2026-07-18
CUST100012404,Streaming Bundle,0.3906,2026-07-11
CUST100090916,Family Plan Upgrade,0.7146,2026-07-10
CUST100053671,Home Security Add-on,0.0236,2026-07-09
CUST100095327,5G Handset Upgrade,0.9925,2026-07-14
CUST100070409,Streaming Bundle,0.6798,2026-07-20
CUST100017329,Home Security Add-on,0.3338,2026-07-11
CUST100050469,Family Plan Upgrade,0.0627,2026-07-02
CUST100085996,Family Plan Upgrade,0.1105,2026-07-18
CUST100073177,Streaming Bundle,0.0592,2026-07-01
CUST100098151,International Roaming Pack,0.7794,2026-07-14
CUST100045267,International Roaming Pack,0.0302,2026-07-01
CUST100017770,5G Handset Upgrade,0.776,2026-07-14
CUST100000040,International Roaming Pack,0.1919,2026-07-21
CUST100015344,Home Security Add-on,0.3639,2026-07-09
CUST100082638,Device Insurance,0.0399,2026-07-13
CUST100070158,5G Handset Upgrade,0.2929,2026-07-13
CUST100009822,International Roaming Pack,0.3687,2026-07-14
CUST100068528,Family Plan Upgrade,0.2133,2026-07-10
CUST100033762,International Roaming Pack,0.2954,2026-07-14
CUST100031494,International Roaming Pack,0.8284,2026-07-16
CUST100041152,Device Insurance,0.1239,2026-07-09
CUST100078930,Family Plan Upgrade,0.0941,2026-07-15
CUST100034665,Device Insurance,0.9949,2026-07-14
CUST100057281,Streaming Bundle,0.8678,2026-07-09
CUST100078071,Streaming Bundle,0.0869,2026-07-21
CUST100083741,International Roaming Pack,0.826,2026-07-04
CUST100005724,Streaming Bundle,0.9357,2026-07-23
CUST100002071,Streaming Bundle,0.7606,2026-07-17
CUST100032056,Home Security Add-on,0.2547,2026-07-07
CUST100096424,Family Plan Upgrade,0.2767,2026-07-07
CUST100046815,5G Handset Upgrade,0.9571,2026-07-11
CUST100059752,International Roaming Pack,0.9685,2026-07-19
CUST100065894,Family Plan Upgrade,0.7421,2026-07-14
CUST100079109,Home Security Add-on,0.9276,2026-07-16
CUST100069185,Device Insurance,0.1224,2026-07-02
CUST100094735,Streaming Bundle,0.989,2026-07-03
CUST100075674,5G Handset Upgrade,0.2674,2026-07-13
CUST100063557,Family Plan Upgrade,0.865,2026-07-02
CUST100036534,Streaming Bundle,0.1517,2026-07-09
CUST100053256,International Roaming Pack,0.0179,2026-07-14
CUST100033476,5G Handset Upgrade,0.9771,2026-07-11
CUST100018244,Streaming Bundle,0.4767,2026-07-05
CUST100045068,Streaming Bundle,0.5864,2026-07-18
CUST100064548,Family Plan Upgrade,0.1725,2026-07-23
CUST100095762,5G Handset Upgrade,0.7779,2026-07-23
CUST100007412,Device Insurance,0.2003,2026-07-18
CUST100018868,Streaming Bundle,0.8916,2026-07-11
CUST100093432,5G Handset Upgrade,0.1794,2026-07-07
CUST100018861,International Roaming Pack,0.8997,2026-07-05
CUST100087879,Streaming Bundle,0.8319,2026-07-19
CUST100065633,Device Insurance,0.8506,2026-07-22
CUST100092744,Streaming Bundle,0.3081,2026-07-07
CUST100016405,Streaming Bundle,0.1025,2026-07-08
CUST100055735,Home Security Add-on,0.2444,2026-07-16
CUST100052098,International Roaming Pack,0.5343,2026-07-05
CUST100073189,Streaming Bundle,0.0665,2026-07-05
CUST100000583,International Roaming Pack,0.7466,2026-07-09
CUST100021659,Family Plan Upgrade,0.3004,2026-07-05
CUST100061645,International Roaming Pack,0.1011,2026-07-07
CUST100099073,5G Handset Upgrade,0.7829,2026-07-20
CUST100000588,Home Security Add-on,0.5263,2026-07-22
CUST100067927,Home Security Add-on,0.4354,2026-07-08
CUST100064119,Family Plan Upgrade,0.2086,2026-07-19
CUST100012281,5G Handset Upgrade,0.5153,2026-07-17
CUST100089091,Family Plan Upgrade,0.843,2026-07-21
CUST100031077,5G Handset Upgrade,0.0131,2026-07-09
CUST100081616,5G Handset Upgrade,0.3813,2026-07-02
CUST100050762,5G Handset Upgrade,0.153,2026-07-20
CUST100091020,Family Plan Upgrade,0.7301,2026-07-03
CUST100072361,Family Plan Upgrade,0.6921,2026-07-04
CUST100035957,Streaming Bundle,0.5616,2026-07-02
CUST100005481,International Roaming Pack,0.3437,2026-07-05
CUST100060653,Family Plan Upgrade,0.0864,2026-07-18
CUST100085770,5G Handset Upgrade,0.883,2026-07-16
CUST100077871,Home Security Add-on,0.3894,2026-07-04
CUST100007787,International Roaming Pack,0.3293,2026-07-07
CUST100064132,Home Security Add-on,0.9751,2026-07-12
CUST100034132,Home Security Add-on,0.4123,2026-07-06
CUST100022603,International Roaming Pack,0.0928,2026-07-22
CUST100044225,5G Handset Upgrade,0.5671,2026-07-01
CUST100098663,Family Plan Upgrade,0.5748,2026-07-08
CUST100019181,Home Security Add-on,0.1534,2026-07-06
CUST100010525,Streaming Bundle,0.7925,2026-07-23
CUST100036093,Home Security Add-on,0.3018,2026-07-14
CUST100063972,5G Handset Upgrade,0.15,2026-07-21
CUST100003033,5G Handset Upgrade,0.6286,2026-07-16
CUST100070313,Streaming Bundle,0.9799,2026-07-11
CUST100089336,Streaming Bundle,0.7328,2026-07-13
CUST100065500,5G Handset Upgrade,0.8755,2026-07-16
CUST100044433,5G Handset Upgrade,0.3018,2026-07-06
CUST100092522,Device Insurance,0.9029,2026-07-13
CUST100061047,International Roaming Pack,0.9905,2026-07-07
CUST100087917,Family Plan Upgrade,0.426,2026-07-22
CUST100021358,Home Security Add-on,0.0779,2026-07-13
CUST100070651,5G Handset Upgrade,0.4149,2026-07-09
CUST100092648,International Roaming Pack,0.2947,2026-07-03
CUST100048035,Streaming Bundle,0.5332,2026-07-23
CUST100044662,Home Security Add-on,0.7418,2026-07-16
CUST100050663,Device Insurance,0.0722,2026-07-08
CUST100066832,Family Plan Upgrade,0.5578,2026-07-04
CUST100054059,Family Plan Upgrade,0.5184,2026-07-10
CUST100030455,Streaming Bundle,0.0341,2026-07-06
CUST100095219,Device Insurance,0.9464,2026-07-23
CUST100099422,Home Security Add-on,0.8103,2026-07-16
CUST100013070,Streaming Bundle,0.7444,2026-07-04
CUST100089876,Home Security Add-on,0.0507,2026-07-10
CUST100034189,Home Security Add-on,0.8729,2026-07-16
CUST100053356,Streaming Bundle,0.7002,2026-07-10
CUST100035876,International Roaming Pack,0.4393,2026-07-02
CUST100057001,International Roaming Pack,0.5494,2026-07-03
CUST100045788,International Roaming Pack,0.033,2026-07-21
CUST100044971,Home Security Add-on,0.6579,2026-07-11
CUST100071472,Family Plan Upgrade,0.3435,2026-07-17
CUST100084462,Streaming Bundle,0.5551,2026-07-05
CUST100083184,Streaming Bundle,0.8503,2026-07-23
CUST100020986,5G Handset Upgrade,0.4712,2026-07-18
CUST100074027,Streaming Bundle,0.7711,2026-07-09
CUST100059719,Family Plan Upgrade,0.1244,2026-07-13
CUST100094724,Streaming Bundle,0.2986,2026-07-04
CUST100015478,Home Security Add-on,0.082,2026-07-16
CUST100009537,International Roaming Pack,0.619,2026-07-16
CUST100087905,International Roaming Pack,0.3333,2026-07-16
CUST100003251,Device Insurance,0.0965,2026-07-11
CUST100085269,International Roaming Pack,0.6396,2026-07-12
CUST100098529,Family Plan Upgrade,0.8481,2026-07-21
CUST100035807,5G Handset Upgrade,0.9175,2026-07-21
CUST100009791,Device Insurance,0.5513,2026-07-07
CUST100025006,Streaming Bundle,0.7023,2026-07-22
CUST100056966,Streaming Bundle,0.859,2026-07-05
CUST100078464,Home Security Add-on,0.2634,2026-07-19
CUST100040712,Home Security Add-on,0.5647,2026-07-06
CUST100078666,Device Insurance,0.3703,2026-07-23
CUST100090824,Home Security Add-on,0.0068,2026-07-22
CUST100066468,Streaming Bundle,0.2557,2026-07-10
CUST100016816,Streaming Bundle,0.4413,2026-07-12
CUST100051087,Home Security Add-on,0.2547,2026-07-01
CUST100071877,International Roaming Pack,0.3033,2026-07-11
CUST100073908,International Roaming Pack,0.1804,2026-07-16
CUST100095821,International Roaming Pack,0.9606,2026-07-09
CUST100032544,Streaming Bundle,0.3651,2026-07-05
CUST100055578,International Roaming Pack,0.9843,2026-07-10
CUST100018426,Device Insurance,0.0316,2026-07-20
CUST100044771,Streaming Bundle,0.9728,2026-07-21
CUST100097835,Device Insurance,0.3777,2026-07-20
CUST100096124,Device Insurance,0.1417,2026-07-19
CUST100036737,Home Security Add-on,0.5048,2026-07-21
CUST100070709,Device Insurance,0.7715,2026-07-14
CUST100058068,International Roaming Pack,0.4318,2026-07-13
CUST100043968,Device Insurance,0.8358,2026-07-02
CUST100032562,Home Security Add-on,0.2829,2026-07-16
CUST100084546,Streaming Bundle,0.3806,2026-07-17
CUST100007889,International Roaming Pack,0.1638,2026-07-23
CUST100009148,Family Plan Upgrade,0.1546,2026-07-07
CUST100004046,Family Plan Upgrade,0.74,2026-07-05
CUST100077797,Family Plan Upgrade,0.1763,2026-07-04
CUST100041146,Home Security Add-on,0.3611,2026-07-16
CUST100024326,Home Security Add-on,0.679,2026-07-21
CUST100043627,Home Security Add-on,0.9484,2026-07-01
CUST100061015,Family Plan Upgrade,0.6794,2026-07-07
CUST100090084,Device Insurance,0.4226,2026-07-20
CUST100067521,International Roaming Pack,0.4785,2026-07-13
CUST100031855,5G Handset Upgrade,0.2012,2026-07-19
CUST100054187,Device Insurance,0.1223,2026-07-10
CUST100077039,Device Insurance,0.9181,2026-07-13
CUST100027799,Device Insurance,0.4161,2026-07-09
CUST100076179,International Roaming Pack,0.3717,2026-07-14
CUST100063276,Family Plan Upgrade,0.0455,2026-07-08
CUST100061631,Family Plan Upgrade,0.1057,2026-07-07
CUST100042382,Home Security Add-on,0.6265,2026-07-21
CUST100051242,Device Insurance,0.5394,2026-07-18
CUST100065523,Device Insurance,0.0903,2026-07-10
CUST100015223,Family Plan Upgrade,0.5565,2026-07-18
CUST100076542,Home Security Add-on,0.5228,2026-07-22
CUST100099950,Home Security Add-on,0.0023,2026-07-11
CUST100067886,Family Plan Upgrade,0.9746,2026-07-05
CUST100093361,Family Plan Upgrade,0.9494,2026-07-17
CUST100087901,International Roaming Pack,0.5967,2026-07-13
CUST100015691,Streaming Bundle,0.8788,2026-07-15
CUST100003138,5G Handset Upgrade,0.6126,2026-07-06
CUST100071729,International Roaming Pack,0.1697,2026-07-15
CUST100001972,International Roaming Pack,0.6485,2026-07-10
CUST100061285,5G Handset Upgrade,0.0291,2026-07-19
CUST100052599,Family Plan Upgrade,0.5797,2026-07-17
CUST100077181,International Roaming Pack,0.6511,2026-07-13
CUST100014750,Home Security Add-on,0.9147,2026-07-10
CUST100090458,Device Insurance,0.7319,2026-07-09
CUST100063163,Home Security Add-on,0.6992,2026-07-14
CUST100055341,Home Security Add-on,0.4487,2026-07-23
CUST100008320,International Roaming Pack,0.9952,2026-07-01
CUST100008070,Family Plan Upgrade,0.5543,2026-07-16
CUST100072522,International Roaming Pack,0.4664,2026-07-08
CUST100024701,Device Insurance,0.8615,2026-07-10
CUST100021816,Home Security Add-on,0.2003,2026-07-04
CUST100084773,5G Handset Upgrade,0.4152,2026-07-02
CUST100007173,Device Insurance,0.6428,2026-07-15
CUST100058759,Device Insurance,0.9323,2026-07-06
CUST100094590,Device Insurance,0.1171,2026-07-13
CUST100049065,International Roaming Pack,0.8887,2026-07-02
CUST100056366,Device Insurance,0.9617,2026-07-16
CUST100041007,Streaming Bundle,0.3294,2026-07-19
CUST100040008,Home Security Add-on,0.2764,2026-07-05
CUST100030612,Family Plan Upgrade,0.606,2026-07-20
CUST100035693,International Roaming Pack,0.9971,2026-07-07
CUST100022667,Device Insurance,0.0754,2026-07-13
CUST100075970,Family Plan Upgrade,0.4251,2026-07-18
CUST100080101,International Roaming Pack,0.5064,2026-07-16
CUST100097633,Family Plan Upgrade,0.4622,2026-07-05
CUST100074583,5G Handset Upgrade,0.6746,2026-07-09
CUST100050431,Home Security Add-on,0.8583,2026-07-19
CUST100039486,Home Security Add-on,0.1163,2026-07-04
CUST100042017,Streaming Bundle,0.323,2026-07-04
CUST100053414,Family Plan Upgrade,0.2925,2026-07-15
CUST100051570,Home Security Add-on,0.9658,2026-07-08
CUST100047541,International Roaming Pack,0.06,2026-07-09
CUST100090433,Streaming Bundle,0.2878,2026-07-18
CUST100035573,Streaming Bundle,0.4654,2026-07-14
CUST100022707,5G Handset Upgrade,0.2472,2026-07-01
CUST100056067,International Roaming Pack,0.9845,2026-07-06
CUST100057933,Home Security Add-on,0.325,2026-07-22
CUST100044371,5G Handset Upgrade,0.1079,2026-07-16
CUST100042959,5G Handset Upgrade,0.7581,2026-07-03
CUST100086086,Home Security Add-on,0.9114,2026-07-09
CUST100020607,Streaming Bundle,0.7177,2026-07-17
CUST100096557,Device Insurance,0.517,2026-07-22
CUST100045734,Home Security Add-on,0.7069,2026-07-06
CUST100095048,5G Handset Upgrade,0.1334,2026-07-21
CUST100086279,Device Insurance,0.7821,2026-07-15
CUST100049296,Home Security Add-on,0.7018,2026-07-06
CUST100095989,Family Plan Upgrade,0.4336,2026-07-20
CUST100089129,International Roaming Pack,0.752,2026-07-14
CUST100023383,International Roaming Pack,0.1052,2026-07-11
CUST100027287,International Roaming Pack,0.5017,2026-07-09
CUST100048165,International Roaming Pack,0.4011,2026-07-10
CUST100040897,Family Plan Upgrade,0.0358,2026-07-20
CUST100025841,Home Security Add-on,0.1897,2026-07-01
CUST100088459,International Roaming Pack,0.9878,2026-07-14
CUST100020737,5G Handset Upgrade,0.4691,2026-07-14
CUST100057768,Device Insurance,0.5868,2026-07-18
CUST100025519,International Roaming Pack,0.7454,2026-07-17
CUST100095167,Home Security Add-on,0.0163,2026-07-03
CUST100023760,Family Plan Upgrade,0.5352,2026-07-17
CUST100048211,5G Handset Upgrade,0.1557,2026-07-22
CUST100035333,International Roaming Pack,0.2813,2026-07-02
CUST100028949,5G Handset Upgrade,0.9609,2026-07-06
CUST100078803,5G Handset Upgrade,0.2118,2026-07-19
CUST100055164,5G Handset Upgrade,0.2969,2026-07-12
CUST100063621,International Roaming Pack,0.8022,2026-07-13
CUST100060994,International Roaming Pack,0.4146,2026-07-08
CUST100001797,International Roaming Pack,0.1307,2026-07-01
CUST100031011,Streaming Bundle,0.2063,2026-07-06
CUST100011187,Streaming Bundle,0.7822,2026-07-13
CUST100057422,Streaming Bundle,0.4745,2026-07-11
CUST100090030,5G Handset Upgrade,0.7337,2026-07-23
CUST100098942,Device Insurance,0.4124,2026-07-05
CUST100040154,Family Plan Upgrade,0.1036,2026-07-14
CUST100082206,Streaming Bundle,0.3265,2026-07-07
CUST100069981,International Roaming Pack,0.2234,2026-07-14
CUST100054516,Home Security Add-on,0.8337,2026-07-19
CUST100018181,Family Plan Upgrade,0.5233,2026-07-15
CUST100020557,5G Handset Upgrade,0.2624,2026-07-02
CUST100022792,Device Insurance,0.7418,2026-07-21
CUST100073682,Device Insurance,0.1149,2026-07-05
CUST100052457,Streaming Bundle,0.5316,2026-07-16
CUST100010793,Home Security Add-on,0.3289,2026-07-15
CUST100080955,Streaming Bundle,0.3098,2026-07-17
CUST100044353,5G Handset Upgrade,0.7665,2026-07-04
CUST100099132,Family Plan Upgrade,0.6255,2026-07-03
CUST100054205,5G Handset Upgrade,0.8209,2026-07-08
CUST100079854,International Roaming Pack,0.3945,2026-07-18
CUST100052632,Streaming Bundle,0.4449,2026-07-19
CUST100037668,Family Plan Upgrade,0.7188,2026-07-19
CUST100029236,International Roaming Pack,0.4186,2026-07-03
CUST100004930,Streaming Bundle,0.1586,2026-07-16
CUST100034303,Home Security Add-on,0.8575,2026-07-07
CUST100025789,Streaming Bundle,0.6628,2026-07-04
CUST100055884,Streaming Bundle,0.9493,2026-07-03
CUST100012771,5G Handset Upgrade,0.9654,2026-07-04
CUST100054784,International Roaming Pack,0.5201,2026-07-02
CUST100019024,Device Insurance,0.952,2026-07-03
CUST100044829,International Roaming Pack,0.9983,2026-07-05
CUST100085923,Home Security Add-on,0.9974,2026-07-11
CUST100006521,Device Insurance,0.861,2026-07-04
CUST100054365,Family Plan Upgrade,0.6767,2026-07-20
CUST100034689,Home Security Add-on,0.6803,2026-07-05
CUST100094077,International Roaming Pack,0.0177,2026-07-15
CUST100085016,Device Insurance,0.0033,2026-07-18
CUST100002208,Family Plan Upgrade,0.1059,2026-07-05
CUST100077765,Family Plan Upgrade,0.4087,2026-07-01
CUST100009902,International Roaming Pack,0.8942,2026-07-04
CUST100093826,Home Security Add-on,0.5242,2026-07-09
CUST100079549,Home Security Add-on,0.9113,2026-07-10
CUST100063054,Streaming Bundle,0.6435,2026-07-11
CUST100080160,Family Plan Upgrade,0.8422,2026-07-11
CUST100031103,5G Handset Upgrade,0.6951,2026-07-13
CUST100031565,Device Insurance,0.9453,2026-07-14
CUST100067148,Home Security Add-on,0.6592,2026-07-21
CUST100029877,International Roaming Pack,0.7359,2026-07-03
CUST100033643,Streaming Bundle,0.4116,2026-07-18
CUST100085671,International Roaming Pack,0.0006,2026-07-22
CUST100059203,Home Security Add-on,0.9657,2026-07-02
CUST100044745,5G Handset Upgrade,0.6101,2026-07-03
CUST100070644,Home Security Add-on,0.0562,2026-07-02
CUST100052304,Streaming Bundle,0.8941,2026-07-19
CUST100078884,Streaming Bundle,0.6691,2026-07-20
CUST100048931,Home Security Add-on,0.1035,2026-07-15
CUST100011017,5G Handset Upgrade,0.2242,2026-07-22
CUST100062445,International Roaming Pack,0.5854,2026-07-08
CUST100029997,5G Handset Upgrade,0.7888,2026-07-14
CUST100008322,Family Plan Upgrade,0.7131,2026-07-01
CUST100023000,5G Handset Upgrade,0.984,2026-07-04
CUST100086466,Device Insurance,0.0845,2026-07-01
CUST100078924,5G Handset Upgrade,0.5708,2026-07-16
CUST100050268,5G Handset Upgrade,0.6569,2026-07-06
CUST100054477,Streaming Bundle,0.2236,2026-07-14
CUST100082891,Device Insurance,0.7602,2026-07-12
CUST100099468,Streaming Bundle,0.26,2026-07-04
CUST100094054,Family Plan Upgrade,0.4207,2026-07-07
CUST100069273,5G Handset Upgrade,0.4327,2026-07-06
CUST100039538,International Roaming Pack,0.1409,2026-07-22
CUST100081969,Streaming Bundle,0.6371,2026-07-20
CUST100086656,Streaming Bundle,0.3689,2026-07-16
CUST100088011,Home Security Add-on,0.2472,2026-07-01
CUST100029411,Device Insurance,0.0718,2026-07-19
CUST100049027,International Roaming Pack,0.8106,2026-07-04
CUST100079281,5G Handset Upgrade,0.2278,2026-07-12
CUST100075738,Streaming Bundle,0.5275,2026-07-11
CUST100071054,5G Handset Upgrade,0.314,2026-07-02
CUST100047005,Streaming Bundle,0.5339,2026-07-08
CUST100036952,Device Insurance,0.4335,2026-07-11
CUST100060211,International Roaming Pack,0.5889,2026-07-03
CUST100025047,Streaming Bundle,0.5844,2026-07-19
CUST100002741,Streaming Bundle,0.6942,2026-07-16
CUST100012482,5G Handset Upgrade,0.3173,2026-07-18
CUST100072087,Device Insurance,0.5151,2026-07-22
CUST100027387,Home Security Add-on,0.4525,2026-07-20
CUST100081791,Family Plan Upgrade,0.7636,2026-07-21
CUST100032406,International Roaming Pack,0.5219,2026-07-11
CUST100036494,Family Plan Upgrade,0.4521,2026-07-08
CUST100077229,5G Handset Upgrade,0.3331,2026-07-21
CUST100093597,Streaming Bundle,0.2598,2026-07-07
CUST100016541,Streaming Bundle,0.7147,2026-07-07
CUST100005840,Device Insurance,0.006,2026-07-01
CUST100012020,International Roaming Pack,0.0952,2026-07-15
CUST100001070,Device Insurance,0.787,2026-07-17
CUST100010263,International Roaming Pack,0.3572,2026-07-06
CUST100085430,Streaming Bundle,0.2777,2026-07-14
CUST100051121,Family Plan Upgrade,0.7107,2026-07-16
CUST100072113,Streaming Bundle,0.7472,2026-07-10
CUST100047594,Device Insurance,0.4766,2026-07-09
CUST100037396,5G Handset Upgrade,0.0565,2026-07-19
CUST100013891,Device Insurance,0.4213,2026-07-11
CUST100073730,International Roaming Pack,0.4061,2026-07-21
CUST100086517,Streaming Bundle,0.8865,2026-07-11
CUST100038797,International Roaming Pack,0.1655,2026-07-04
CUST100067633,Device Insurance,0.007,2026-07-17
CUST100082471,Device Insurance,0.822,2026-07-20
CUST100010382,International Roaming Pack,0.6667,2026-07-07
CUST100085806,Family Plan Upgrade,0.7459,2026-07-01
CUST100088552,Home Security Add-on,0.3628,2026-07-22
CUST100076375,Streaming Bundle,0.4047,2026-07-10
CUST100078797,Device Insurance,0.9786,2026-07-16
CUST100024814,Family Plan Upgrade,0.4187,2026-07-13
CUST100019843,International Roaming Pack,0.6586,2026-07-11
CUST100055172,Home Security Add-on,0.0667,2026-07-14
CUST100016067,Device Insurance,0.5128,2026-07-05
CUST100082449,International Roaming Pack,0.9927,2026-07-14
CUST100055679,Home Security Add-on,0.0847,2026-07-22
CUST100021078,International Roaming Pack,0.3122,2026-07-07
CUST100045572,Streaming Bundle,0.6885,2026-07-09
CUST100044104,Streaming Bundle,0.1983,2026-07-07
CUST100005634,Device Insurance,0.6887,2026-07-04
CUST100055909,Device Insurance,0.5426,2026-07-08
CUST100028849,International Roaming Pack,0.8131,2026-07-16
CUST100057137,International Roaming Pack,0.6538,2026-07-10
CUST100032924,Device Insurance,0.3707,2026-07-07
CUST100004684,Family Plan Upgrade,0.2221,2026-07-03
CUST100009866,Device Insurance,0.6601,2026-07-22
CUST100012649,Family Plan Upgrade,0.3744,2026-07-09
CUST100017091,5G Handset Upgrade,0.1992,2026-07-02
CUST100051821,International Roaming Pack,0.5599,2026-07-23
CUST100057262,Family Plan Upgrade,0.0636,2026-07-04
CUST100030362,International Roaming Pack,0.8733,2026-07-22
CUST100009600,Home Security Add-on,0.8627,2026-07-19
CUST100080231,Streaming Bundle,0.8431,2026-07-13
CUST100051495,Streaming Bundle,0.5467,2026-07-08
CUST100006839,Home Security Add-on,0.4641,2026-07-13
CUST100064593,Family Plan Upgrade,0.3499,2026-07-21
CUST100099991,Home Security Add-on,0.5331,2026-07-19
CUST100047452,5G Handset Upgrade,0.3387,2026-07-21
CUST100084795,International Roaming Pack,0.7503,2026-07-14
CUST100048085,International Roaming Pack,0.3496,2026-07-05
CUST100089047,Streaming Bundle,0.2966,2026-07-22
CUST100055113,5G Handset Upgrade,0.339,2026-07-14
CUST100051062,Family Plan Upgrade,0.9427,2026-07-02
CUST100056292,International Roaming Pack,0.457,2026-07-21
CUST100091995,5G Handset Upgrade,0.6244,2026-07-06
CUST100081773,Streaming Bundle,0.6861,2026-07-19
CUST100055079,Family Plan Upgrade,0.5752,2026-07-11
CUST100008745,Streaming Bundle,0.1503,2026-07-11
CUST100039809,Streaming Bundle,0.8137,2026-07-11
CUST100055933,International Roaming Pack,0.0029,2026-07-13
CUST100098228,5G Handset Upgrade,0.8819,2026-07-02
CUST100059277,Family Plan Upgrade,0.7466,2026-07-13
CUST100078289,Home Security Add-on,0.6097,2026-07-02
CUST100089074,5G Handset Upgrade,0.1685,2026-07-13
CUST100040777,5G Handset Upgrade,0.4676,2026-07-09
CUST100015598,Home Security Add-on,0.9106,2026-07-17
CUST100007246,Home Security Add-on,0.2529,2026-07-01
CUST100028249,Device Insurance,0.8274,2026-07-11
CUST100031110,Streaming Bundle,0.1874,2026-07-21
CUST100011048,Home Security Add-on,0.51,2026-07-05
CUST100064510,Home Security Add-on,0.8701,2026-07-04
CUST100081496,Device Insurance,0.4043,2026-07-09
CUST100097825,Home Security Add-on,0.0108,2026-07-08
CUST100092386,Device Insurance,0.0323,2026-07-03
CUST100008199,International Roaming Pack,0.2501,2026-07-16
CUST100089072,Family Plan Upgrade,0.433,2026-07-12
CUST100089756,Home Security Add-on,0.6865,2026-07-05
CUST100056149,Family Plan Upgrade,0.6273,2026-07-11
CUST100051140,Home Security Add-on,0.4282,2026-07-06
CUST100094800,Family Plan Upgrade,0.5533,2026-07-03
CUST100051546,5G Handset Upgrade,0.4372,2026-07-01
CUST100086145,Family Plan Upgrade,0.9891,2026-07-22
CUST100036687,International Roaming Pack,0.0281,2026-07-09
CUST100004237,5G Handset Upgrade,0.9775,2026-07-05
CUST100040175,5G Handset Upgrade,0.5696,2026-07-21
CUST100003451,5G Handset Upgrade,0.0737,2026-07-03
CUST100014245,Home Security Add-on,0.8647,2026-07-12
CUST100076670,Family Plan Upgrade,0.6746,2026-07-07
CUST100008399,Streaming Bundle,0.9481,2026-07-18
CUST100040239,5G Handset Upgrade,0.0208,2026-07-06
CUST100099108,Family Plan Upgrade,0.3512,2026-07-03
CUST100076400,International Roaming Pack,0.4644,2026-07-07
CUST100059171,International Roaming Pack,0.1659,2026-07-05
CUST100025109,Family Plan Upgrade,0.8884,2026-07-07
CUST100035401,Streaming Bundle,0.5658,2026-07-11
CUST100089531,Home Security Add-on,0.146,2026-07-08
CUST100020057,Family Plan Upgrade,0.5058,2026-07-06
CUST100031126,Family Plan Upgrade,0.6702,2026-07-22
CUST100030747,International Roaming Pack,0.8355,2026-07-21
CUST100038004,Streaming Bundle,0.7956,2026-07-23
CUST100002965,Streaming Bundle,0.2488,2026-07-10
CUST100005467,Device Insurance,0.6345,2026-07-11
CUST100066043,Streaming Bundle,0.8953,2026-07-23
CUST100030008,Family Plan Upgrade,0.185,2026-07-23
CUST100047729,Home Security Add-on,0.2932,2026-07-05
CUST100098900,Home Security Add-on,0.4772,2026-07-08
CUST100000238,Home Security Add-on,0.4622,2026-07-06
CUST100006497,Family Plan Upgrade,0.8892,2026-07-15
CUST100067782,International Roaming Pack,0.3102,2026-07-13
CUST100088531,Family Plan Upgrade,0.3232,2026-07-03
CUST100016163,5G Handset Upgrade,0.8493,2026-07-14
CUST100080458,Home Security Add-on,0.1796,2026-07-18
CUST100036594,International Roaming Pack,0.4761,2026-07-20
CUST100090181,Home Security Add-on,0.4081,2026-07-04
CUST100008715,Home Security Add-on,0.4978,2026-07-19
CUST100043866,Device Insurance,0.0923,2026-07-22
CUST100010158,Family Plan Upgrade,0.2625,2026-07-05
CUST100035557,Family Plan Upgrade,0.7168,2026-07-13
CUST100006641,Device Insurance,0.0746,2026-07-02
CUST100043882,Home Security Add-on,0.9877,2026-07-13
CUST100076648,Device Insurance,0.8785,2026-07-16
CUST100049611,5G Handset Upgrade,0.9728,2026-07-12
CUST100028617,Device Insurance,0.6951,2026-07-17
CUST100092924,Device Insurance,0.2835,2026-07-17
CUST100082272,International Roaming Pack,0.7571,2026-07-12
CUST100022746,Device Insurance,0.7205,2026-07-23
CUST100006550,Streaming Bundle,0.2929,2026-07-17
CUST100088141,Device Insurance,0.8931,2026-07-15
CUST100096105,Streaming Bundle,0.9269,2026-07-14
CUST100073228,Device Insurance,0.9542,2026-07-18
CUST100083701,5G Handset Upgrade,0.7711,2026-07-09
CUST100056589,Home Security Add-on,0.7835,2026-07-13
CUST100099647,International Roaming Pack,0.3266,2026-07-07
CUST100008312,Device Insurance,0.859,2026-07-09
CUST100012030,Home Security Add-on,0.7309,2026-07-21
CUST100004441,Home Security Add-on,0.1603,2026-07-03
CUST100090943,Streaming Bundle,0.4703,2026-07-10
CUST100082242,Home Security Add-on,0.4365,2026-07-11
CUST100091647,Family Plan Upgrade,0.7768,2026-07-05
CUST100065984,Streaming Bundle,0.3328,2026-07-11
CUST100033487,International Roaming Pack,0.1984,2026-07-13
CUST100064996,Home Security Add-on,0.5944,2026-07-02
CUST100092730,Streaming Bundle,0.895,2026-07-14
CUST100076607,Device Insurance,0.6445,2026-07-08
CUST100023459,International Roaming Pack,0.3049,2026-07-14
CUST100000932,International Roaming Pack,0.6132,2026-07-10
CUST100061856,Home Security Add-on,0.7564,2026-07-22
CUST100066346,5G Handset Upgrade,0.1324,2026-07-05
CUST100067975,Family Plan Upgrade,0.1155,2026-07-08
CUST100089163,Home Security Add-on,0.2492,2026-07-21
CUST100014563,Home Security Add-on,0.1904,2026-07-19
CUST100018964,Device Insurance,0.3855,2026-07-08
CUST100010572,International Roaming Pack,0.3125,2026-07-10
CUST100094984,International Roaming Pack,0.8552,2026-07-21
CUST100007879,Family Plan Upgrade,0.6158,2026-07-07
CUST100072415,Home Security Add-on,0.9454,2026-07-04
CUST100052635,Home Security Add-on,0.9724,2026-07-21
CUST100033232,Streaming Bundle,0.6719,2026-07-19
CUST100023499,Device Insurance,0.8361,2026-07-12
CUST100037024,International Roaming Pack,0.6303,2026-07-16
CUST100012814,Device Insurance,0.6489,2026-07-15
CUST100074041,International Roaming Pack,0.8153,2026-07-08
CUST100088024,5G Handset Upgrade,0.3738,2026-07-03
CUST100022563,Streaming Bundle,0.4491,2026-07-16
CUST100064893,International Roaming Pack,0.3688,2026-07-21
CUST100058126,5G Handset Upgrade,0.4049,2026-07-18
CUST100038914,Streaming Bundle,0.2319,2026-07-11
CUST100049098,Streaming Bundle,0.9207,2026-07-15
CUST100011510,Family Plan Upgrade,0.5883,2026-07-18
CUST100010461,Home Security Add-on,0.0061,2026-07-12
CUST100031125,Streaming Bundle,0.0802,2026-07-16
CUST100013932,Device Insurance,0.4009,2026-07-17
CUST100036377,Home Security Add-on,0.8684,2026-07-19
CUST100057999,Home Security Add-on,0.9688,2026-07-02
CUST100037785,Streaming Bundle,0.8335,2026-07-13
CUST100081446,Home Security Add-on,0.2752,2026-07-08
CUST100082239,5G Handset Upgrade,0.7465,2026-07-08
CUST100083293,Streaming Bundle,0.6527,2026-07-14
CUST100071210,Device Insurance,0.8204,2026-07-21
CUST100061698,Home Security Add-on,0.351,2026-07-01
CUST100079481,5G Handset Upgrade,0.5846,2026-07-09
CUST100006337,International Roaming Pack,0.1015,2026-07-12
CUST100051925,Streaming Bundle,0.0239,2026-07-05
CUST100031814,International Roaming Pack,0.8473,2026-07-10
CUST100014844,Streaming Bundle,0.0639,2026-07-11
CUST100034821,International Roaming Pack,0.4944,2026-07-04
CUST100015753,International Roaming Pack,0.3057,2026-07-21
CUST100032928,Streaming Bundle,0.3726,2026-07-19
CUST100041141,Device Insurance,0.6149,2026-07-08
CUST100046206,5G Handset Upgrade,0.7739,2026-07-04
CUST100008789,Streaming Bundle,0.0706,2026-07-18
CUST100007707,Home Security Add-on,0.1115,2026-07-06
CUST100056526,Streaming Bundle,0.8258,2026-07-11
CUST100086205,5G Handset Upgrade,0.197,2026-07-09
CUST100082995,5G Handset Upgrade,0.1378,2026-07-03
CUST100001834,Device Insurance,0.0644,2026-07-23
CUST100031839,Streaming Bundle,0.9653,2026-07-10
CUST100000857,Streaming Bundle,0.3387,2026-07-16
CUST100029187,Home Security Add-on,0.1517,2026-07-10
CUST100022585,Streaming Bundle,0.1379,2026-07-02
CUST100085789,Family Plan Upgrade,0.0119,2026-07-15
CUST100076177,International Roaming Pack,0.1241,2026-07-11
CUST100071836,Home Security Add-on,0.9519,2026-07-06
CUST100011306,Streaming Bundle,0.172,2026-07-22
CUST100002332,Device Insurance,0.3263,2026-07-23
CUST100075749,Device Insurance,0.8011,2026-07-14
CUST100089872,5G Handset Upgrade,0.0227,2026-07-07
CUST100099031,Device Insurance,0.543,2026-07-21
CUST100034248,Device Insurance,0.1041,2026-07-06
CUST100058318,Device Insurance,0.3095,2026-07-05
CUST100018790,Home Security Add-on,0.8179,2026-07-23
CUST100026717,5G Handset Upgrade,0.7407,2026-07-09
CUST100028277,Device Insurance,0.2263,2026-07-19
CUST100014790,5G Handset Upgrade,0.1562,2026-07-05
CUST100094565,Home Security Add-on,0.1743,2026-07-18
CUST100031032,5G Handset Upgrade,0.7211,2026-07-16
CUST100086962,Home Security Add-on,0.3845,2026-07-06
CUST100043202,Device Insurance,0.2247,2026-07-01
CUST100065507,Home Security Add-on,0.5962,2026-07-23
CUST100016538,International Roaming Pack,0.4447,2026-07-06
CUST100089955,Family Plan Upgrade,0.6249,2026-07-08
CUST100094315,5G Handset Upgrade,0.2343,2026-07-16
CUST100009367,Device Insurance,0.853,2026-07-07
CUST100082712,Family Plan Upgrade,0.3368,2026-07-04
CUST100088737,Home Security Add-on,0.4626,2026-07-18
CUST100079658,5G Handset Upgrade,0.7236,2026-07-15
CUST100016837,Device Insurance,0.9499,2026-07-05
CUST100062145,Family Plan Upgrade,0.9564,2026-07-21
CUST100084907,5G Handset Upgrade,0.5994,2026-07-01
CUST100089097,International Roaming Pack,0.4974,2026-07-07
CUST100077725,Device Insurance,0.7994,2026-07-08
CUST100000093,Streaming Bundle,0.1772,2026-07-16
CUST100063139,International Roaming Pack,0.4235,2026-07-08
CUST100064514,International Roaming Pack,0.151,2026-07-06
CUST100023721,Family Plan Upgrade,0.2803,2026-07-21
CUST100044056,International Roaming Pack,0.8817,2026-07-14
CUST100017163,Streaming Bundle,0.7055,2026-07-03
CUST100053981,Home Security Add-on,0.0046,2026-07-05
CUST100026527,Home Security Add-on,0.3649,2026-07-02
CUST100076050,5G Handset Upgrade,0.1377,2026-07-12
CUST100089646,Home Security Add-on,0.5503,2026-07-14
CUST100020921,Home Security Add-on,0.5833,2026-07-13
CUST100034460,Home Security Add-on,0.3778,2026-07-11
CUST100005051,Home Security Add-on,0.4167,2026-07-06
CUST100081016,Home Security Add-on,0.8633,2026-07-08
CUST100088869,Family Plan Upgrade,0.597,2026-07-22
CUST100008923,Streaming Bundle,0.4309,2026-07-18
CUST100048314,Streaming Bundle,0.4199,2026-07-17
CUST100097938,Home Security Add-on,0.5815,2026-07-18
CUST100057237,International Roaming Pack,0.1671,2026-07-03
CUST100005381,Home Security Add-on,0.726,2026-07-06
CUST100094647,Family Plan Upgrade,0.7001,2026-07-14
CUST100027075,Streaming Bundle,0.7133,2026-07-02
CUST100058155,Streaming Bundle,0.1133,2026-07-18
CUST100029363,Device Insurance,0.8463,2026-07-10
CUST100026907,International Roaming Pack,0.1246,2026-07-07
CUST100033525,Device Insurance,0.4054,2026-07-01
CUST100078160,International Roaming Pack,0.0221,2026-07-16
CUST100080812,5G Handset Upgrade,0.8017,2026-07-16
CUST100014745,Streaming Bundle,0.015,2026-07-19
CUST100016446,Device Insurance,0.5737,2026-07-18
CUST100076963,Family Plan Upgrade,0.4968,2026-07-22
CUST100096247,5G Handset Upgrade,0.932,2026-07-21
CUST100037241,International Roaming Pack,0.046,2026-07-02
CUST100026212,International Roaming Pack,0.454,2026-07-09
CUST100000246,Streaming Bundle,0.6264,2026-07-17
CUST100069244,Home Security Add-on,0.9584,2026-07-17
CUST100066367,International Roaming Pack,0.3657,2026-07-08
CUST100069038,Streaming Bundle,0.7785,2026-07-22
CUST100084681,Device Insurance,0.7157,2026-07-14
CUST100027064,Device Insurance,0.0692,2026-07-01
CUST100010651,Device Insurance,0.411,2026-07-05
CUST100044079,Device Insurance,0.3126,2026-07-23
CUST100028090,Family Plan Upgrade,0.3125,2026-07-01
CUST100058271,Family Plan Upgrade,0.6892,2026-07-05
CUST100034551,Home Security Add-on,0.8138,2026-07-12
CUST100016340,Streaming Bundle,0.8806,2026-07-07
CUST100092509,Family Plan Upgrade,0.1862,2026-07-01
CUST100054028,Device Insurance,0.66,2026-07-13
CUST100077189,Family Plan Upgrade,0.9377,2026-07-03
CUST100012821,Home Security Add-on,0.4723,2026-07-19
CUST100073384,Family Plan Upgrade,0.2034,2026-07-16
CUST100012845,5G Handset Upgrade,0.07,2026-07-17
CUST100080581,Streaming Bundle,0.5902,2026-07-12
CUST100083425,Family Plan Upgrade,0.1504,2026-07-15
CUST100028422,Family Plan Upgrade,0.0717,2026-07-01
CUST100095810,International Roaming Pack,0.8903,2026-07-12
CUST100033886,Family Plan Upgrade,0.9531,2026-07-01
CUST100055457,Home Security Add-on,0.5832,2026-07-19
CUST100088774,Device Insurance,0.4551,2026-07-01
CUST100095203,Home Security Add-on,0.9637,2026-07-11
CUST100019508,Streaming Bundle,0.5208,2026-07-01
CUST100006241,Streaming Bundle,0.1441,2026-07-06
CUST100018556,Family Plan Upgrade,0.2954,2026-07-01
CUST100015524,Streaming Bundle,0.5753,2026-07-20
CUST100020964,Family Plan Upgrade,0.1684,2026-07-17
CUST100081996,International Roaming Pack,0.7016,2026-07-15
CUST100089968,Home Security Add-on,0.8624,2026-07-16
CUST100053512,International Roaming Pack,0.1654,2026-07-05
CUST100063261,Device Insurance,0.6666,2026-07-19
CUST100057364,Device Insurance,0.5078,2026-07-03
CUST100009806,5G Handset Upgrade,0.6184,2026-07-02
CUST100058162,Home Security Add-on,0.3776,2026-07-01
CUST100037167,Family Plan Upgrade,0.984,2026-07-10
CUST100001660,Device Insurance,0.2097,2026-07-11
CUST100045659,Device Insurance,0.4827,2026-07-08
CUST100069915,Streaming Bundle,0.1655,2026-07-20
CUST100052671,International Roaming Pack,0.1947,2026-07-05
CUST100082943,Streaming Bundle,0.5427,2026-07-13
CUST100091958,International Roaming Pack,0.0275,2026-07-23
CUST100009336,Family Plan Upgrade,0.8635,2026-07-05
CUST100034391,Device Insurance,0.6656,2026-07-22
CUST100074853,Streaming Bundle,0.8376,2026-07-02
CUST100059440,Device Insurance,0.0395,2026-07-21
CUST100022057,Family Plan Upgrade,0.607,2026-07-10
CUST100058264,Home Security Add-on,0.0701,2026-07-04
CUST100042694,Family Plan Upgrade,0.6144,2026-07-01
CUST100059651,Home Security Add-on,0.6514,2026-07-14
CUST100057950,Streaming Bundle,0.2681,2026-07-06
CUST100006995,Streaming Bundle,0.9902,2026-07-03
CUST100070542,Home Security Add-on,0.9908,2026-07-07
CUST100052111,5G Handset Upgrade,0.3117,2026-07-09
CUST100018962,Home Security Add-on,0.1102,2026-07-10
CUST100057082,5G Handset Upgrade,0.1422,2026-07-10
CUST100063860,Device Insurance,0.0,2026-07-02
CUST100061533,Device Insurance,0.544,2026-07-06
CUST100081700,Streaming Bundle,0.3502,2026-07-14
CUST100039795,5G Handset Upgrade,0.825,2026-07-20
CUST100087593,Home Security Add-on,0.2194,2026-07-15
CUST100058204,International Roaming Pack,0.2346,2026-07-07
CUST100017228,Home Security Add-on,0.8492,2026-07-03
CUST100065759,Device Insurance,0.1129,2026-07-23
CUST100035638,Home Security Add-on,0.7355,2026-07-05
CUST100071010,Device Insurance,0.4307,2026-07-17
CUST100015433,Device Insurance,0.4877,2026-07-14
CUST100011215,International Roaming Pack,0.7634,2026-07-22
CUST100020555,Streaming Bundle,0.1957,2026-07-14
CUST100031097,Family Plan Upgrade,0.2104,2026-07-16
CUST100060402,Device Insurance,0.4235,2026-07-08
CUST100059409,Home Security Add-on,0.513,2026-07-19
CUST100086480,Home Security Add-on,0.0124,2026-07-19
CUST100087653,Home Security Add-on,0.8851,2026-07-04
CUST100022533,Family Plan Upgrade,0.8782,2026-07-21
CUST100030532,International Roaming Pack,0.8494,2026-07-14
CUST100070097,Family Plan Upgrade,0.3059,2026-07-11
CUST100043229,Home Security Add-on,0.9933,2026-07-09
CUST100010940,International Roaming Pack,0.2047,2026-07-17
CUST100008406,Streaming Bundle,0.4168,2026-07-15
CUST100066232,International Roaming Pack,0.9749,2026-07-18
CUST100064103,International Roaming Pack,0.2274,2026-07-11
CUST100037698,Streaming Bundle,0.4048,2026-07-03
CUST100084526,Family Plan Upgrade,0.3827,2026-07-22
CUST100068941,Streaming Bundle,0.6455,2026-07-21
CUST100077990,Device Insurance,0.6049,2026-07-03
CUST100082786,Family Plan Upgrade,0.0906,2026-07-13
CUST100070646,Family Plan Upgrade,0.742,2026-07-01
CUST100042515,Family Plan Upgrade,0.7482,2026-07-14
CUST100053777,International Roaming Pack,0.5631,2026-07-20
CUST100031157,Family Plan Upgrade,0.0923,2026-07-02
CUST100007416,Streaming Bundle,0.2915,2026-07-03
CUST100058662,Home Security Add-on,0.5131,2026-07-22
CUST100095747,Streaming Bundle,0.5492,2026-07-23
CUST100086672,International Roaming Pack,0.8275,2026-07-06
CUST100085301,Home Security Add-on,0.8027,2026-07-09
CUST100002324,Home Security Add-on,0.2714,2026-07-15
CUST100006468,Device Insurance,0.7219,2026-07-06
CUST100043034,Home Security Add-on,0.5776,2026-07-10
CUST100067384,Device Insurance,0.7645,2026-07-01
CUST100089851,International Roaming Pack,0.5449,2026-07-20
CUST100054509,Device Insurance,0.4277,2026-07-02
CUST100048606,Streaming Bundle,0.8195,2026-07-18
CUST100026235,Family Plan Upgrade,0.7901,2026-07-03
CUST100059995,Device Insurance,0.3357,2026-07-10
CUST100036233,Family Plan Upgrade,0.3763,2026-07-02
CUST100005662,Family Plan Upgrade,0.1759,2026-07-10
CUST100059830,Device Insurance,0.1195,2026-07-23
CUST100003061,5G Handset Upgrade,0.3005,2026-07-16
CUST100008036,Home Security Add-on,0.1989,2026-07-13
CUST100022077,International Roaming Pack,0.0189,2026-07-14
CUST100042373,Family Plan Upgrade,0.7807,2026-07-12
CUST100030177,5G Handset Upgrade,0.2467,2026-07-12
CUST100095296,Family Plan Upgrade,0.2234,2026-07-18
CUST100080171,Device Insurance,0.4247,2026-07-11
CUST100014645,Device Insurance,0.7524,2026-07-16
CUST100070399,Device Insurance,0.6377,2026-07-09
CUST100067502,Device Insurance,0.2174,2026-07-22
CUST100076219,Home Security Add-on,0.9724,2026-07-06
CUST100055688,Device Insurance,0.0964,2026-07-13
CUST100056316,Home Security Add-on,0.2281,2026-07-19
CUST100007406,Family Plan Upgrade,0.1825,2026-07-22
CUST100020952,Streaming Bundle,0.2314,2026-07-18
CUST100004447,Device Insurance,0.7312,2026-07-03
CUST100049668,Family Plan Upgrade,0.9773,2026-07-20
CUST100087131,International Roaming Pack,0.3101,2026-07-15
CUST100060844,Family Plan Upgrade,0.6955,2026-07-01
CUST100026487,International Roaming Pack,0.6308,2026-07-12
CUST100067705,Device Insurance,0.8585,2026-07-13
CUST100033939,Streaming Bundle,0.2123,2026-07-16
CUST100019791,Home Security Add-on,0.2706,2026-07-22
CUST100067966,Streaming Bundle,0.9417,2026-07-21
CUST100024246,Family Plan Upgrade,0.3106,2026-07-05
CUST100069846,Home Security Add-on,0.4001,2026-07-12
CUST100045801,Family Plan Upgrade,0.8723,2026-07-03
CUST100025480,5G Handset Upgrade,0.4945,2026-07-23
CUST100008447,Streaming Bundle,0.9748,2026-07-09
CUST100059714,Family Plan Upgrade,0.267,2026-07-22
CUST100028435,Family Plan Upgrade,0.599,2026-07-01
CUST100096731,International Roaming Pack,0.9573,2026-07-07
CUST100052564,5G Handset Upgrade,0.9916,2026-07-01
CUST100062958,Family Plan Upgrade,0.2188,2026-07-23
CUST100015573,Family Plan Upgrade,0.0313,2026-07-01
CUST100038365,Home Security Add-on,0.8518,2026-07-10
CUST100081565,5G Handset Upgrade,0.472,2026-07-23
CUST100035874,5G Handset Upgrade,0.8444,2026-07-19
CUST100095407,Family Plan Upgrade,0.409,2026-07-03
CUST100068098,International Roaming Pack,0.51,2026-07-18
CUST100043981,Device Insurance,0.6126,2026-07-01
CUST100096761,Family Plan Upgrade,0.7597,2026-07-13
CUST100086592,Home Security Add-on,0.3379,2026-07-11
CUST100059124,Streaming Bundle,0.2472,2026-07-18
CUST100024805,Device Insurance,0.4228,2026-07-12
CUST100075503,Streaming Bundle,0.6753,2026-07-11
CUST100044659,Home Security Add-on,0.5946,2026-07-14
CUST100030475,Streaming Bundle,0.1463,2026-07-23
CUST100053931,5G Handset Upgrade,0.4719,2026-07-21
CUST100034901,Home Security Add-on,0.0192,2026-07-23
CUST100074702,Streaming Bundle,0.0063,2026-07-18
CUST100034473,Home Security Add-on,0.5011,2026-07-17
CUST100019068,Device Insurance,0.8674,2026-07-18
CUST100038566,5G Handset Upgrade,0.9735,2026-07-16
CUST100029060,International Roaming Pack,0.313,2026-07-03
CUST100037419,International Roaming Pack,0.3142,2026-07-18
CUST100007322,International Roaming Pack,0.4627,2026-07-06
CUST100061904,Home Security Add-on,0.7162,2026-07-10
CUST100002017,5G Handset Upgrade,0.7677,2026-07-23
CUST100010598,5G Handset Upgrade,0.0413,2026-07-07
CUST100099227,Streaming Bundle,0.4947,2026-07-04
CUST100056235,Device Insurance,0.2069,2026-07-07
CUST100055689,Family Plan Upgrade,0.1501,2026-07-09
CUST100037754,Device Insurance,0.9293,2026-07-04
CUST100080507,Family Plan Upgrade,0.9999,2026-07-04
CUST100009074,Streaming Bundle,0.4682,2026-07-22
CUST100073415,5G Handset Upgrade,0.6701,2026-07-16
CUST100053971,Home Security Add-on,0.0087,2026-07-06
CUST100007890,Device Insurance,0.7656,2026-07-12
CUST100072652,5G Handset Upgrade,0.5064,2026-07-16
CUST100030181,Family Plan Upgrade,0.4192,2026-07-06
CUST100091692,Streaming Bundle,0.288,2026-07-16
CUST100033574,Family Plan Upgrade,0.6093,2026-07-02
CUST100027198,Streaming Bundle,0.9325,2026-07-01
CUST100019760,Family Plan Upgrade,0.3126,2026-07-20
CUST100077951,Home Security Add-on,0.7386,2026-07-13
CUST100006338,Streaming Bundle,0.0586,2026-07-10
CUST100042632,Device Insurance,0.3765,2026-07-22
CUST100052103,Family Plan Upgrade,0.0067,2026-07-12
CUST100036432,Device Insurance,0.3606,2026-07-08
CUST100050396,Home Security Add-on,0.9708,2026-07-12
CUST100013984,Home Security Add-on,0.8085,2026-07-21
CUST100077176,International Roaming Pack,0.9197,2026-07-06
CUST100084066,Device Insurance,0.3137,2026-07-09
CUST100088333,Streaming Bundle,0.7676,2026-07-16
CUST100035975,International Roaming Pack,0.4688,2026-07-11
CUST100031977,Home Security Add-on,0.72,2026-07-09
CUST100074019,Device Insurance,0.0955,2026-07-20
CUST100073611,5G Handset Upgrade,0.6975,2026-07-14
CUST100029570,Family Plan Upgrade,0.5016,2026-07-09
CUST100043354,Home Security Add-on,0.0686,2026-07-14
CUST100065776,Home Security Add-on,0.1853,2026-07-15
CUST100064992,Streaming Bundle,0.3844,2026-07-05
CUST100089912,International Roaming Pack,0.4011,2026-07-21
CUST100058170,Home Security Add-on,0.6765,2026-07-04
CUST100012487,5G Handset Upgrade,0.2957,2026-07-22
CUST100015552,5G Handset Upgrade,0.5479,2026-07-12
CUST100058788,Device Insurance,0.425,2026-07-09
CUST100043007,Home Security Add-on,0.9792,2026-07-12
CUST100076059,Device Insurance,0.292,2026-07-05
CUST100078597,International Roaming Pack,0.8913,2026-07-17
CUST100076545,Streaming Bundle,0.7877,2026-07-04
CUST100085212,Family Plan Upgrade,0.2552,2026-07-10
CUST100005882,Streaming Bundle,0.3123,2026-07-08
CUST100059394,Device Insurance,0.8516,2026-07-20
CUST100090336,Device Insurance,0.0038,2026-07-07
CUST100027919,Device Insurance,0.9561,2026-07-15
CUST100045982,Family Plan Upgrade,0.6224,2026-07-15
CUST100048362,Family Plan Upgrade,0.6213,2026-07-16
CUST100021320,Streaming Bundle,0.5609,2026-07-09
CUST100047468,Device Insurance,0.7244,2026-07-01
CUST100038333,Home Security Add-on,0.8765,2026-07-05
CUST100084403,Family Plan Upgrade,0.2371,2026-07-07
CUST100067078,International Roaming Pack,0.8339,2026-07-11
CUST100018215,Home Security Add-on,0.3511,2026-07-13
CUST100097485,International Roaming Pack,0.4516,2026-07-06
CUST100033892,5G Handset Upgrade,0.6217,2026-07-16
CUST100020120,Device Insurance,0.6263,2026-07-13
CUST100045035,Family Plan Upgrade,0.6797,2026-07-08
CUST100007594,International Roaming Pack,0.9911,2026-07-02
CUST100082678,Home Security Add-on,0.6749,2026-07-11
CUST100073139,Family Plan Upgrade,0.1296,2026-07-04
CUST100022478,Family Plan Upgrade,0.4036,2026-07-13
CUST100060909,Streaming Bundle,0.0957,2026-07-19
CUST100067221,International Roaming Pack,0.8676,2026-07-06
CUST100011494,Home Security Add-on,0.2643,2026-07-15
CUST100067622,Home Security Add-on,0.1124,2026-07-18
CUST100022152,5G Handset Upgrade,0.9297,2026-07-23
CUST100010707,Streaming Bundle,0.7652,2026-07-20
CUST100079238,Family Plan Upgrade,0.6251,2026-07-06
CUST100025120,Streaming Bundle,0.2476,2026-07-15
CUST100002682,Device Insurance,0.812,2026-07-02
CUST100012860,Family Plan Upgrade,0.0427,2026-07-23
CUST100039897,Family Plan Upgrade,0.667,2026-07-12
CUST100009801,International Roaming Pack,0.1659,2026-07-21
CUST100004113,International Roaming Pack,0.4338,2026-07-01
CUST100094286,Home Security Add-on,0.6957,2026-07-08
CUST100047778,Home Security Add-on,0.9475,2026-07-06
CUST100085381,Device Insurance,0.4097,2026-07-16
CUST100056534,5G Handset Upgrade,0.9368,2026-07-06
CUST100071329,Streaming Bundle,0.5603,2026-07-20
CUST100081928,Streaming Bundle,0.9242,2026-07-05
CUST100082940,5G Handset Upgrade,0.245,2026-07-22
CUST100029010,Family Plan Upgrade,0.9015,2026-07-21
CUST100009302,International Roaming Pack,0.2734,2026-07-13
CUST100064987,Family Plan Upgrade,0.1717,2026-07-22
CUST100008662,Streaming Bundle,0.8447,2026-07-08
CUST100032662,Streaming Bundle,0.9994,2026-07-09
CUST100081434,International Roaming Pack,0.642,2026-07-05
CUST100038869,Streaming Bundle,0.4219,2026-07-13
CUST100063863,Family Plan Upgrade,0.3854,2026-07-20
CUST100059905,International Roaming Pack,0.6313,2026-07-09
CUST100015913,Home Security Add-on,0.3709,2026-07-08
CUST100046664,Streaming Bundle,0.9211,2026-07-18
CUST100034966,5G Handset Upgrade,0.2619,2026-07-13
CUST100055956,5G Handset Upgrade,0.1779,2026-07-19
CUST100067876,Streaming Bundle,0.1921,2026-07-01
CUST100035899,Device Insurance,0.096,2026-07-09
CUST100097174,Streaming Bundle,0.3539,2026-07-20
CUST100082659,5G Handset Upgrade,0.9369,2026-07-06
CUST100091531,Home Security Add-on,0.1413,2026-07-09
CUST100064487,Device Insurance,0.1778,2026-07-05
CUST100067632,Home Security Add-on,0.747,2026-07-01
CUST100006071,Home Security Add-on,0.1087,2026-07-06
CUST100006483,International Roaming Pack,0.0109,2026-07-19
CUST100011302,Device Insurance,0.5779,2026-07-15
CUST100042498,International Roaming Pack,0.0139,2026-07-05
CUST100073141,Family Plan Upgrade,0.2168,2026-07-20
CUST100068006,5G Handset Upgrade,0.0477,2026-07-08
CUST100050549,5G Handset Upgrade,0.1062,2026-07-04
CUST100035803,Home Security Add-on,0.8233,2026-07-18
CUST100091483,5G Handset Upgrade,0.4413,2026-07-04
CUST100059073,5G Handset Upgrade,0.1452,2026-07-06
CUST100003205,5G Handset Upgrade,0.3533,2026-07-09
CUST100017923,Home Security Add-on,0.668,2026-07-09
CUST100083960,International Roaming Pack,0.7694,2026-07-08
CUST100091880,Family Plan Upgrade,0.9412,2026-07-07
CUST100064884,5G Handset Upgrade,0.0133,2026-07-14
CUST100096988,Device Insurance,0.9853,2026-07-07
CUST100073522,5G Handset Upgrade,0.9008,2026-07-01
CUST100053397,Device Insurance,0.0622,2026-07-23
CUST100038371,Home Security Add-on,0.6644,2026-07-12
CUST100021718,Device Insurance,0.1998,2026-07-17
CUST100068690,Streaming Bundle,0.5292,2026-07-12
CUST100053649,Streaming Bundle,0.367,2026-07-14
CUST100057862,International Roaming Pack,0.8605,2026-07-03
CUST100030773,5G Handset Upgrade,0.4565,2026-07-16
CUST100061734,Device Insurance,0.5554,2026-07-17
CUST100020742,International Roaming Pack,0.03,2026-07-17
CUST100058805,Device Insurance,0.0163,2026-07-02
CUST100085453,Family Plan Upgrade,0.9714,2026-07-15
CUST100033821,5G Handset Upgrade,0.5636,2026-07-01
CUST100050467,Family Plan Upgrade,0.9551,2026-07-13
CUST100048270,5G Handset Upgrade,0.7502,2026-07-21
CUST100012822,Home Security Add-on,0.361,2026-07-15
CUST100094247,Streaming Bundle,0.6586,2026-07-17
CUST100051183,Home Security Add-on,0.7603,2026-07-18
CUST100033497,Family Plan Upgrade,0.7522,2026-07-02
CUST100098780,International Roaming Pack,0.1462,2026-07-05
CUST100041833,Home Security Add-on,0.6977,2026-07-23
CUST100089102,Streaming Bundle,0.2853,2026-07-16
CUST100030844,5G Handset Upgrade,0.3617,2026-07-05
CUST100001828,Home Security Add-on,0.2775,2026-07-01
CUST100067138,Streaming Bundle,0.1719,2026-07-15
CUST100003284,Streaming Bundle,0.6176,2026-07-19
CUST100081376,Home Security Add-on,0.5262,2026-07-04
CUST100047731,Family Plan Upgrade,0.1655,2026-07-12
CUST100022271,Home Security Add-on,0.2363,2026-07-01
CUST100060118,Device Insurance,0.8958,2026-07-13
CUST100001035,5G Handset Upgrade,0.2964,2026-07-20
CUST100086533,Device Insurance,0.8539,2026-07-07
CUST100075917,Device Insurance,0.853,2026-07-11
CUST100042084,Family Plan Upgrade,0.1295,2026-07-21
CUST100044496,Device Insurance,0.8102,2026-07-08
CUST100024924,Streaming Bundle,0.2422,2026-07-08
CUST100065846,5G Handset Upgrade,0.9509,2026-07-13
CUST100031744,5G Handset Upgrade,0.4293,2026-07-17
CUST100072564,Device Insurance,0.2252,2026-07-22
CUST100038128,Family Plan Upgrade,0.5919,2026-07-21
CUST100063360,Family Plan Upgrade,0.5018,2026-07-18
CUST100004882,Family Plan Upgrade,0.7622,2026-07-05
CUST100047056,Family Plan Upgrade,0.6737,2026-07-17
CUST100023775,Family Plan Upgrade,0.3238,2026-07-04
CUST100000805,Family Plan Upgrade,0.8357,2026-07-13
CUST100008812,Device Insurance,0.6272,2026-07-23
CUST100078271,International Roaming Pack,0.3559,2026-07-15
CUST100024328,Device Insurance,0.1044,2026-07-20
CUST100089527,Home Security Add-on,0.5426,2026-07-11
CUST100045923,Home Security Add-on,0.3868,2026-07-18
CUST100073468,5G Handset Upgrade,0.3846,2026-07-04
CUST100057285,Streaming Bundle,0.659,2026-07-18
CUST100009964,International Roaming Pack,0.2266,2026-07-08
CUST100043274,Family Plan Upgrade,0.8014,2026-07-17
CUST100033464,Device Insurance,0.0289,2026-07-15
CUST100091679,Home Security Add-on,0.1501,2026-07-01
CUST100010392,International Roaming Pack,0.9213,2026-07-06
CUST100078709,Home Security Add-on,0.4951,2026-07-16
CUST100089766,Streaming Bundle,0.5257,2026-07-17
CUST100002658,International Roaming Pack,0.8373,2026-07-20
CUST100033524,Family Plan Upgrade,0.4367,2026-07-16
CUST100068944,Device Insurance,0.9607,2026-07-22
CUST100035495,International Roaming Pack,0.4946,2026-07-19
CUST100091043,Streaming Bundle,0.8692,2026-07-03
CUST100028854,International Roaming Pack,0.8904,2026-07-07
CUST100015629,5G Handset Upgrade,0.295,2026-07-21
CUST100024122,Streaming Bundle,0.1645,2026-07-08
CUST100018789,Family Plan Upgrade,0.4975,2026-07-03
CUST100048816,Home Security Add-on,0.1472,2026-07-08
CUST100035261,Family Plan Upgrade,0.3605,2026-07-05
CUST100016990,International Roaming Pack,0.9586,2026-07-08
CUST100037136,International Roaming Pack,0.8172,2026-07-20
CUST100045414,Device Insurance,0.6237,2026-07-18
CUST100009913,Streaming Bundle,0.7698,2026-07-06
CUST100022131,International Roaming Pack,0.0556,2026-07-17
CUST100046776,5G Handset Upgrade,0.0208,2026-07-21
CUST100025835,Home Security Add-on,0.2738,2026-07-16
CUST100044605,Device Insurance,0.0132,2026-07-23
CUST100023247,Streaming Bundle,0.5441,2026-07-19
CUST100046555,Streaming Bundle,0.8578,2026-07-08
CUST100099502,5G Handset Upgrade,0.1351,2026-07-09
CUST100054312,Streaming Bundle,0.3954,2026-07-09
CUST100071259,Family Plan Upgrade,0.5953,2026-07-19
CUST100074562,5G Handset Upgrade,0.0632,2026-07-23
CUST100052960,Family Plan Upgrade,0.822,2026-07-15
CUST100007034,Family Plan Upgrade,0.9103,2026-07-22
CUST100038341,Family Plan Upgrade,0.5386,2026-07-22
CUST100017617,Device Insurance,0.6256,2026-07-12
CUST100056302,Streaming Bundle,0.4806,2026-07-08
CUST100062545,Streaming Bundle,0.2056,2026-07-06
CUST100071947,Family Plan Upgrade,0.3314,2026-07-19
CUST100002925,Device Insurance,0.6812,2026-07-01
CUST100025473,Streaming Bundle,0.0672,2026-07-13
CUST100086917,Streaming Bundle,0.9416,2026-07-08
CUST100001372,Streaming Bundle,0.9702,2026-07-23
CUST100099498,Home Security Add-on,0.4285,2026-07-06
CUST100013446,Streaming Bundle,0.4112,2026-07-08
CUST100068631,Device Insurance,0.4841,2026-07-14
CUST100076186,5G Handset Upgrade,0.3323,2026-07-04
CUST100021953,Family Plan Upgrade,0.8887,2026-07-11
CUST100053867,5G Handset Upgrade,0.1614,2026-07-09
CUST100095241,Family Plan Upgrade,0.977,2026-07-03
CUST100088782,5G Handset Upgrade,0.6596,2026-07-19
CUST100080870,Family Plan Upgrade,0.2312,2026-07-20
CUST100022794,International Roaming Pack,0.7834,2026-07-13
CUST100050870,Home Security Add-on,0.0632,2026-07-17
CUST100087248,Device Insurance,0.0256,2026-07-17
CUST100010657,International Roaming Pack,0.5942,2026-07-01
CUST100034306,Family Plan Upgrade,0.2898,2026-07-14
CUST100048345,Device Insurance,0.9941,2026-07-12
CUST100022043,Streaming Bundle,0.4935,2026-07-03
CUST100088582,Device Insurance,0.8866,2026-07-04
CUST100056832,5G Handset Upgrade,0.7615,2026-07-08
CUST100013983,International Roaming Pack,0.1952,2026-07-09
CUST100025426,International Roaming Pack,0.0547,2026-07-03
CUST100063857,5G Handset Upgrade,0.5701,2026-07-03
CUST100018019,Family Plan Upgrade,0.3339,2026-07-12
CUST100053164,5G Handset Upgrade,0.9295,2026-07-17
CUST100039854,Family Plan Upgrade,0.2535,2026-07-01
CUST100088183,5G Handset Upgrade,0.9832,2026-07-10
CUST100092796,Family Plan Upgrade,0.2896,2026-07-07
CUST100047042,Home Security Add-on,0.8425,2026-07-22
CUST100094766,Family Plan Upgrade,0.1624,2026-07-15
CUST100026228,International Roaming Pack,0.5598,2026-07-03
CUST100073345,International Roaming Pack,0.0391,2026-07-01
CUST100095278,Home Security Add-on,0.8237,2026-07-20
CUST100087667,5G Handset Upgrade,0.92,2026-07-01
CUST100022311,Family Plan Upgrade,0.0522,2026-07-19
CUST100048378,Family Plan Upgrade,0.4784,2026-07-13
CUST100036035,5G Handset Upgrade,0.3753,2026-07-11
CUST100018484,Device Insurance,0.1126,2026-07-03
CUST100050911,Device Insurance,0.0597,2026-07-08
CUST100022069,Family Plan Upgrade,0.4824,2026-07-06
CUST100091631,5G Handset Upgrade,0.0016,2026-07-23
CUST100061829,Home Security Add-on,0.1921,2026-07-22
CUST100093805,Streaming Bundle,0.6909,2026-07-07
CUST100093595,Device Insurance,0.7518,2026-07-05
CUST100005718,Family Plan Upgrade,0.4039,2026-07-11
CUST100015050,International Roaming Pack,0.112,2026-07-20
CUST100007225,International Roaming Pack,0.094,2026-07-19
CUST100051993,Family Plan Upgrade,0.0153,2026-07-22
CUST100013056,5G Handset Upgrade,0.2159,2026-07-23
CUST100084528,Home Security Add-on,0.9512,2026-07-20
CUST100090085,Home Security Add-on,0.8019,2026-07-21
CUST100076223,Home Security Add-on,0.0641,2026-07-05
CUST100028811,Device Insurance,0.7579,2026-07-12
CUST100032876,Home Security Add-on,0.2982,2026-07-11
CUST100044431,Family Plan Upgrade,0.4705,2026-07-02
CUST100085256,International Roaming Pack,0.3838,2026-07-05
CUST100018250,5G Handset Upgrade,0.241,2026-07-19
CUST100041890,Family Plan Upgrade,0.1114,2026-07-11
CUST100061632,Home Security Add-on,0.0544,2026-07-13
CUST100085423,Family Plan Upgrade,0.7873,2026-07-08
CUST100003900,Family Plan Upgrade,0.7438,2026-07-03
CUST100079991,Family Plan Upgrade,0.7369,2026-07-18
CUST100004394,Family Plan Upgrade,0.4795,2026-07-06
CUST100061983,Home Security Add-on,0.8646,2026-07-18
CUST100037701,Streaming Bundle,0.5364,2026-07-07
CUST100024532,Family Plan Upgrade,0.602,2026-07-04
CUST100012541,Streaming Bundle,0.2112,2026-07-12
CUST100087948,Family Plan Upgrade,0.0353,2026-07-19
CUST100044547,Family Plan Upgrade,0.4512,2026-07-03
CUST100036320,Streaming Bundle,0.894,2026-07-20
CUST100010302,International Roaming Pack,0.4253,2026-07-06
CUST100066050,Home Security Add-on,0.4549,2026-07-19
CUST100094607,Device Insurance,0.0556,2026-07-06
CUST100073395,Device Insurance,0.9394,2026-07-14
CUST100085541,Family Plan Upgrade,0.9188,2026-07-21
CUST100024560,5G Handset Upgrade,0.5347,2026-07-06
CUST100062618,International Roaming Pack,0.3478,2026-07-07
CUST100089261,Device Insurance,0.0187,2026-07-09
CUST100031700,Home Security Add-on,0.1694,2026-07-22
CUST100014185,Streaming Bundle,0.0418,2026-07-13
CUST100052972,Family Plan Upgrade,0.361,2026-07-05
CUST100090752,Home Security Add-on,0.3632,2026-07-03
CUST100035953,Streaming Bundle,0.7278,2026-07-18
CUST100042418,Device Insurance,0.8199,2026-07-08
CUST100065655,Home Security Add-on,0.7618,2026-07-17
CUST100093685,Family Plan Upgrade,0.518,2026-07-19
CUST100089816,Device Insurance,0.2916,2026-07-02
CUST100075870,Device Insurance,0.5476,2026-07-14
CUST100077529,5G Handset Upgrade,0.7047,2026-07-15
CUST100038901,International Roaming Pack,0.9677,2026-07-02
CUST100072727,International Roaming Pack,0.4283,2026-07-09
CUST100083428,Family Plan Upgrade,0.2588,2026-07-17
CUST100085039,Home Security Add-on,0.801,2026-07-22
CUST100051815,5G Handset Upgrade,0.0456,2026-07-03
CUST100063332,International Roaming Pack,0.9743,2026-07-09
CUST100048256,Home Security Add-on,0.9844,2026-07-16
CUST100085408,Streaming Bundle,0.2158,2026-07-13
CUST100079726,Family Plan Upgrade,0.4687,2026-07-03
CUST100065214,Family Plan Upgrade,0.819,2026-07-10
CUST100056635,Family Plan Upgrade,0.4297,2026-07-13
CUST100028276,5G Handset Upgrade,0.763,2026-07-11
CUST100032755,Home Security Add-on,0.6058,2026-07-08
CUST100082420,Home Security Add-on,0.3163,2026-07-19
CUST100013390,Device Insurance,0.3433,2026-07-20
CUST100084467,5G Handset Upgrade,0.3724,2026-07-10
CUST100001933,5G Handset Upgrade,0.0941,2026-07-20
CUST100014960,Device Insurance,0.9704,2026-07-13
CUST100003239,International Roaming Pack,0.8616,2026-07-13
CUST100074695,International Roaming Pack,0.4807,2026-07-05
CUST100027518,Streaming Bundle,0.3712,2026-07-17
CUST100061849,International Roaming Pack,0.8306,2026-07-10
CUST100083051,Home Security Add-on,0.0416,2026-07-03
CUST100007812,Device Insurance,0.2807,2026-07-17
CUST100048582,International Roaming Pack,0.2105,2026-07-03
CUST100057673,5G Handset Upgrade,0.6776,2026-07-02
CUST100037532,Home Security Add-on,0.1608,2026-07-18
CUST100059495,Streaming Bundle,0.5854,2026-07-03
CUST100087175,International Roaming Pack,0.7212,2026-07-18
CUST100043215,Streaming Bundle,0.4511,2026-07-11
CUST100026247,Streaming Bundle,0.9248,2026-07-18
CUST100014694,International Roaming Pack,0.2527,2026-07-13
CUST100031779,5G Handset Upgrade,0.2133,2026-07-02
CUST100073720,Family Plan Upgrade,0.4381,2026-07-15
CUST100082641,International Roaming Pack,0.0981,2026-07-11
CUST100048243,Streaming Bundle,0.8186,2026-07-09
CUST100091069,International Roaming Pack,0.9037,2026-07-19
CUST100088974,5G Handset Upgrade,0.7712,2026-07-09
CUST100085688,Family Plan Upgrade,0.1969,2026-07-20
CUST100004754,Streaming Bundle,0.9955,2026-07-14
CUST100035860,Streaming Bundle,0.5514,2026-07-03
CUST100027029,International Roaming Pack,0.616,2026-07-05
CUST100039404,International Roaming Pack,0.2026,2026-07-18
CUST100041902,Device Insurance,0.8802,2026-07-12
CUST100053163,Streaming Bundle,0.4665,2026-07-19
CUST100081584,Home Security Add-on,0.3761,2026-07-17
CUST100018806,International Roaming Pack,0.9385,2026-07-14
CUST100075592,5G Handset Upgrade,0.8149,2026-07-08
CUST100008828,Device Insurance,0.5571,2026-07-12
CUST100024579,5G Handset Upgrade,0.6251,2026-07-06
CUST100058553,Streaming Bundle,0.2043,2026-07-05
CUST100079295,Streaming Bundle,0.459,2026-07-18
CUST100065090,Home Security Add-on,0.7628,2026-07-04
CUST100046608,International Roaming Pack,0.3691,2026-07-07
CUST100011424,Family Plan Upgrade,0.0293,2026-07-04
CUST100038845,5G Handset Upgrade,0.5478,2026-07-04
CUST100097003,International Roaming Pack,0.5022,2026-07-01
CUST100038193,5G Handset Upgrade,0.7873,2026-07-01
CUST100023354,Home Security Add-on,0.6851,2026-07-16
CUST100014550,Streaming Bundle,0.98,2026-07-16
CUST100011159,Home Security Add-on,0.8905,2026-07-18
CUST100015180,Family Plan Upgrade,0.0171,2026-07-01
CUST100056461,Streaming Bundle,0.2778,2026-07-23
CUST100019423,International Roaming Pack,0.1687,2026-07-15
CUST100095440,Family Plan Upgrade,0.6669,2026-07-03
CUST100096174,Home Security Add-on,0.3827,2026-07-06
CUST100089430,Home Security Add-on,0.0869,2026-07-12
CUST100096943,Home Security Add-on,0.565,2026-07-13
CUST100074420,5G Handset Upgrade,0.5757,2026-07-14
CUST100049815,Streaming Bundle,0.4443,2026-07-09
CUST100082350,Streaming Bundle,0.0225,2026-07-21
CUST100084514,Family Plan Upgrade,0.2376,2026-07-06
CUST100007187,Device Insurance,0.8972,2026-07-16
CUST100073193,Home Security Add-on,0.9699,2026-07-19
CUST100011442,International Roaming Pack,0.8914,2026-07-03
CUST100042194,5G Handset Upgrade,0.8641,2026-07-23
CUST100054950,Family Plan Upgrade,0.7701,2026-07-11
CUST100070638,Family Plan Upgrade,0.2444,2026-07-14
CUST100071342,Device Insurance,0.1189,2026-07-11
CUST100021917,Device Insurance,0.7436,2026-07-10
CUST100024997,Home Security Add-on,0.835,2026-07-06
CUST100034567,Family Plan Upgrade,0.2174,2026-07-04
CUST100035368,International Roaming Pack,0.8612,2026-07-06
CUST100061071,5G Handset Upgrade,0.7193,2026-07-07
CUST100011820,Family Plan Upgrade,0.5081,2026-07-19
CUST100000572,5G Handset Upgrade,0.3577,2026-07-21
CUST100086434,Streaming Bundle,0.2803,2026-07-13
CUST100078236,Family Plan Upgrade,0.7382,2026-07-12
CUST100090443,Home Security Add-on,0.9934,2026-07-12
CUST100067807,Device Insurance,0.2399,2026-07-19
CUST100045012,5G Handset Upgrade,0.2648,2026-07-12
CUST100054360,Device Insurance,0.3955,2026-07-23
CUST100060386,5G Handset Upgrade,0.8345,2026-07-19
CUST100053892,Home Security Add-on,0.6701,2026-07-10
CUST100043341,International Roaming Pack,0.5645,2026-07-05
CUST100061116,Streaming Bundle,0.3701,2026-07-07
CUST100089036,Family Plan Upgrade,0.6689,2026-07-15
CUST100048212,Streaming Bundle,0.101,2026-07-16
CUST100067281,5G Handset Upgrade,0.9237,2026-07-01
CUST100008956,Home Security Add-on,0.8436,2026-07-21
CUST100030043,Streaming Bundle,0.9323,2026-07-20
CUST100057930,International Roaming Pack,0.5524,2026-07-11
CUST100049499,Family Plan Upgrade,0.827,2026-07-22
CUST100017402,Family Plan Upgrade,0.8425,2026-07-19
CUST100032011,Home Security Add-on,0.5533,2026-07-05
CUST100099695,Home Security Add-on,0.2658,2026-07-03
CUST100027896,Home Security Add-on,0.3052,2026-07-13
CUST100091550,Device Insurance,0.1154,2026-07-18
CUST100008293,5G Handset Upgrade,0.1724,2026-07-17
CUST100067977,Family Plan Upgrade,0.5495,2026-07-02
CUST100054856,Device Insurance,0.5364,2026-07-09
CUST100018805,Device Insurance,0.6139,2026-07-19
CUST100044277,Family Plan Upgrade,0.1453,2026-07-07
CUST100045488,Streaming Bundle,0.972,2026-07-16
CUST100006335,Device Insurance,0.3914,2026-07-21
CUST100099815,International Roaming Pack,0.5446,2026-07-18
CUST100065092,Family Plan Upgrade,0.2853,2026-07-12
CUST100056615,Device Insurance,0.2736,2026-07-21
CUST100025552,International Roaming Pack,0.3728,2026-07-08
CUST100085326,Home Security Add-on,0.9206,2026-07-05
CUST100034219,Home Security Add-on,0.1714,2026-07-13
CUST100093166,Streaming Bundle,0.2677,2026-07-15
CUST100050560,Home Security Add-on,0.4972,2026-07-04
CUST100003263,5G Handset Upgrade,0.1394,2026-07-02
CUST100022504,Family Plan Upgrade,0.7351,2026-07-04
CUST100009333,Device Insurance,0.9891,2026-07-02
CUST100074569,5G Handset Upgrade,0.3443,2026-07-22
CUST100007661,Home Security Add-on,0.9195,2026-07-18
CUST100075911,5G Handset Upgrade,0.7442,2026-07-19
CUST100001637,Family Plan Upgrade,0.2953,2026-07-16
CUST100097468,International Roaming Pack,0.2393,2026-07-16
CUST100046345,5G Handset Upgrade,0.6498,2026-07-10
CUST100046682,Device Insurance,0.9937,2026-07-17
CUST100002897,Streaming Bundle,0.6472,2026-07-07
CUST100004013,Family Plan Upgrade,0.8592,2026-07-07
CUST100093019,Streaming Bundle,0.7588,2026-07-06
CUST100029875,Family Plan Upgrade,0.163,2026-07-19
CUST100002089,Family Plan Upgrade,0.1882,2026-07-19
CUST100028179,Family Plan Upgrade,0.8339,2026-07-03
CUST100092983,5G Handset Upgrade,0.2527,2026-07-23
CUST100053514,Family Plan Upgrade,0.8878,2026-07-17
CUST100074837,Family Plan Upgrade,0.0523,2026-07-18
CUST100039740,5G Handset Upgrade,0.8332,2026-07-06
CUST100009037,Device Insurance,0.2519,2026-07-04
CUST100022871,Streaming Bundle,0.1554,2026-07-04
CUST100046396,Family Plan Upgrade,0.4184,2026-07-21
CUST100030706,Family Plan Upgrade,0.973,2026-07-14
CUST100012080,Streaming Bundle,0.8865,2026-07-18
CUST100073129,Family Plan Upgrade,0.8898,2026-07-05
CUST100013573,5G Handset Upgrade,0.2138,2026-07-03
CUST100085621,Device Insurance,0.7083,2026-07-14
CUST100092972,Device Insurance,0.2107,2026-07-02
CUST100017601,Family Plan Upgrade,0.6628,2026-07-09
CUST100004738,International Roaming Pack,0.9978,2026-07-13
CUST100035270,5G Handset Upgrade,0.5484,2026-07-07
CUST100061902,International Roaming Pack,0.5008,2026-07-06
CUST100094074,Streaming Bundle,0.7911,2026-07-13
CUST100056394,5G Handset Upgrade,0.3103,2026-07-17
CUST100029386,5G Handset Upgrade,0.1599,2026-07-05
CUST100004346,Family Plan Upgrade,0.2714,2026-07-11
CUST100023259,International Roaming Pack,0.0867,2026-07-10
CUST100073790,Home Security Add-on,0.6017,2026-07-04
CUST100063121,Family Plan Upgrade,0.8836,2026-07-01
CUST100030751,Device Insurance,0.1236,2026-07-20
CUST100081997,Device Insurance,0.8133,2026-07-05
CUST100091964,International Roaming Pack,0.2583,2026-07-23
CUST100005419,5G Handset Upgrade,0.8021,2026-07-10
CUST100063475,Family Plan Upgrade,0.1254,2026-07-18
CUST100097641,Family Plan Upgrade,0.6326,2026-07-07
CUST100098834,Streaming Bundle,0.1511,2026-07-16
CUST100016240,Family Plan Upgrade,0.8932,2026-07-03
CUST100002345,Family Plan Upgrade,0.6331,2026-07-15
CUST100094498,Home Security Add-on,0.1981,2026-07-16
CUST100073236,Device Insurance,0.1846,2026-07-17
CUST100082769,Family Plan Upgrade,0.1574,2026-07-10
CUST100086895,Home Security Add-on,0.9868,2026-07-14
CUST100015383,Streaming Bundle,0.3691,2026-07-11
CUST100095844,5G Handset Upgrade,0.8556,2026-07-14
CUST100075097,Family Plan Upgrade,0.9907,2026-07-09
CUST100064582,Family Plan Upgrade,0.2027,2026-07-19
CUST100002266,Home Security Add-on,0.7354,2026-07-04
CUST100028382,Family Plan Upgrade,0.1929,2026-07-15
CUST100085208,Streaming Bundle,0.4812,2026-07-06
CUST100015059,Device Insurance,0.6152,2026-07-13
CUST100032057,5G Handset Upgrade,0.7318,2026-07-02
CUST100080352,International Roaming Pack,0.4453,2026-07-03
CUST100087205,International Roaming Pack,0.5614,2026-07-03
CUST100090416,Streaming Bundle,0.285,2026-07-19
CUST100096013,5G Handset Upgrade,0.9445,2026-07-02
CUST100074230,Streaming Bundle,0.0215,2026-07-21
CUST100084268,International Roaming Pack,0.5013,2026-07-16
CUST100001424,Home Security Add-on,0.6395,2026-07-18
CUST100019962,Home Security Add-on,0.6085,2026-07-06
CUST100022028,5G Handset Upgrade,0.193,2026-07-14
CUST100027606,International Roaming Pack,0.7151,2026-07-07
CUST100032560,Device Insurance,0.0849,2026-07-02
CUST100058122,Device Insurance,0.9526,2026-07-19
CUST100091536,5G Handset Upgrade,0.629,2026-07-06
CUST100014518,5G Handset Upgrade,0.9642,2026-07-22
CUST100098801,5G Handset Upgrade,0.6546,2026-07-08
CUST100057287,Home Security Add-on,0.3386,2026-07-20
CUST100054575,International Roaming Pack,0.3066,2026-07-15
CUST100075331,Device Insurance,0.3124,2026-07-03
CUST100089904,Family Plan Upgrade,0.0184,2026-07-23
CUST100079240,Home Security Add-on,0.5493,2026-07-01
CUST100028001,International Roaming Pack,0.6877,2026-07-11
CUST100058829,Home Security Add-on,0.3348,2026-07-14
CUST100092921,Streaming Bundle,0.1569,2026-07-04
CUST100095541,Streaming Bundle,0.9449,2026-07-07
CUST100050846,Home Security Add-on,0.4399,2026-07-14
CUST100021890,Home Security Add-on,0.4779,2026-07-13
CUST100061195,Device Insurance,0.5057,2026-07-22
CUST100093774,International Roaming Pack,0.5098,2026-07-21
CUST100049523,Family Plan Upgrade,0.0129,2026-07-14
CUST100049581,Device Insurance,0.8942,2026-07-21
CUST100061177,5G Handset Upgrade,0.6311,2026-07-02
CUST100025913,Family Plan Upgrade,0.5598,2026-07-09
CUST100051739,5G Handset Upgrade,0.8233,2026-07-08
CUST100072962,International Roaming Pack,0.1289,2026-07-22
CUST100078098,International Roaming Pack,0.1192,2026-07-12
CUST100015435,Home Security Add-on,0.738,2026-07-12
CUST100006142,Home Security Add-on,0.7426,2026-07-03
CUST100080192,Family Plan Upgrade,0.6415,2026-07-22
CUST100031652,Device Insurance,0.8099,2026-07-01
CUST100034264,5G Handset Upgrade,0.1605,2026-07-22
CUST100005741,Family Plan Upgrade,0.6841,2026-07-09
CUST100055535,5G Handset Upgrade,0.3724,2026-07-23
CUST100008076,Device Insurance,0.8447,2026-07-18
CUST100003923,Streaming Bundle,0.9134,2026-07-11
CUST100080076,5G Handset Upgrade,0.7698,2026-07-07
CUST100029340,International Roaming Pack,0.1823,2026-07-09
CUST100085194,5G Handset Upgrade,0.5641,2026-07-17
CUST100074123,International Roaming Pack,0.1848,2026-07-19
CUST100011975,5G Handset Upgrade,0.092,2026-07-19
CUST100015979,Home Security Add-on,0.7745,2026-07-02
CUST100065782,Home Security Add-on,0.8046,2026-07-15
CUST100002088,Streaming Bundle,0.4167,2026-07-09
CUST100056296,5G Handset Upgrade,0.8647,2026-07-11
CUST100008273,Home Security Add-on,0.0522,2026-07-06
CUST100082441,5G Handset Upgrade,0.8394,2026-07-02
CUST100075399,Streaming Bundle,0.5833,2026-07-04
CUST100044055,Streaming Bundle,0.1003,2026-07-01
CUST100045348,5G Handset Upgrade,0.9968,2026-07-12
CUST100083855,Device Insurance,0.09,2026-07-16
CUST100001724,Home Security Add-on,0.8092,2026-07-11
CUST100034684,Streaming Bundle,0.4922,2026-07-16
CUST100057104,International Roaming Pack,0.2262,2026-07-21
CUST100070260,Family Plan Upgrade,0.2227,2026-07-03
CUST100013525,5G Handset Upgrade,0.4639,2026-07-06
CUST100004030,Device Insurance,0.7291,2026-07-02
CUST100070374,Home Security Add-on,0.7635,2026-07-17
CUST100085492,Home Security Add-on,0.6283,2026-07-05
CUST100084580,Home Security Add-on,0.4533,2026-07-17
CUST100007775,Home Security Add-on,0.4308,2026-07-10
CUST100072814,International Roaming Pack,0.5252,2026-07-16
CUST100086407,5G Handset Upgrade,0.6181,2026-07-12
CUST100060426,Device Insurance,0.5553,2026-07-05
CUST100029095,5G Handset Upgrade,0.1251,2026-07-11
CUST100010532,Streaming Bundle,0.3793,2026-07-20
CUST100075243,Streaming Bundle,0.4305,2026-07-22
CUST100049237,International Roaming Pack,0.4299,2026-07-14
CUST100038414,5G Handset Upgrade,0.4208,2026-07-07
CUST100048280,Device Insurance,0.9308,2026-07-18
CUST100051291,International Roaming Pack,0.822,2026-07-14
CUST100094050,International Roaming Pack,0.3706,2026-07-09
CUST100069651,International Roaming Pack,0.8661,2026-07-20
CUST100047329,Home Security Add-on,0.8367,2026-07-12
CUST100072477,Home Security Add-on,0.5078,2026-07-21
CUST100053943,International Roaming Pack,0.5273,2026-07-01
CUST100035800,Family Plan Upgrade,0.3276,2026-07-06
CUST100040364,Device Insurance,0.502,2026-07-10
CUST100062274,5G Handset Upgrade,0.1333,2026-07-09
CUST100087856,5G Handset Upgrade,0.4737,2026-07-18
CUST100075198,Home Security Add-on,0.7884,2026-07-04
CUST100075774,Streaming Bundle,0.3062,2026-07-22
CUST100088968,International Roaming Pack,0.9052,2026-07-08
CUST100032521,Home Security Add-on,0.8039,2026-07-13
CUST100010619,Family Plan Upgrade,0.4558,2026-07-04
CUST100051398,Device Insurance,0.9128,2026-07-21
CUST100083816,Family Plan Upgrade,0.8041,2026-07-16
CUST100081342,International Roaming Pack,0.6317,2026-07-02
CUST100036444,Family Plan Upgrade,0.6106,2026-07-15
CUST100036400,Device Insurance,0.5709,2026-07-06
CUST100069773,Streaming Bundle,0.4463,2026-07-22
CUST100016571,Device Insurance,0.2248,2026-07-15
CUST100085538,International Roaming Pack,0.8884,2026-07-21
CUST100096790,Home Security Add-on,0.6531,2026-07-12
CUST100030744,International Roaming Pack,0.4626,2026-07-12
CUST100002406,Device Insurance,0.9707,2026-07-19
CUST100086161,Device Insurance,0.7726,2026-07-01
CUST100093469,Family Plan Upgrade,0.9968,2026-07-20
CUST100051952,Home Security Add-on,0.4306,2026-07-16
CUST100070074,International Roaming Pack,0.3345,2026-07-18
CUST100060475,Device Insurance,0.7664,2026-07-23
CUST100085842,Device Insurance,0.2089,2026-07-10
CUST100006702,Device Insurance,0.2117,2026-07-01
CUST100074990,Streaming Bundle,0.9118,2026-07-12
CUST100074166,Device Insurance,0.8892,2026-07-21
CUST100097496,Home Security Add-on,0.6478,2026-07-02
CUST100081962,Family Plan Upgrade,0.6915,2026-07-03
CUST100050435,Home Security Add-on,0.6539,2026-07-15
CUST100038223,Home Security Add-on,0.9161,2026-07-04
CUST100052670,Device Insurance,0.9015,2026-07-13
CUST100081775,Home Security Add-on,0.3424,2026-07-09
CUST100026854,International Roaming Pack,0.8724,2026-07-09
CUST100038828,Streaming Bundle,0.3635,2026-07-04
CUST100035485,Device Insurance,0.1002,2026-07-15
CUST100066441,Family Plan Upgrade,0.5936,2026-07-02
CUST100006650,5G Handset Upgrade,0.5671,2026-07-05
CUST100081237,Family Plan Upgrade,0.0293,2026-07-10
CUST100000302,Family Plan Upgrade,0.7112,2026-07-22
CUST100082671,Family Plan Upgrade,0.6889,2026-07-06
CUST100049395,International Roaming Pack,0.0738,2026-07-04
CUST100036488,International Roaming Pack,0.7505,2026-07-12
CUST100001281,International Roaming Pack,0.0356,2026-07-18
CUST100085751,Streaming Bundle,0.4043,2026-07-14
CUST100061516,Streaming Bundle,0.2486,2026-07-09
CUST100031858,5G Handset Upgrade,0.8414,2026-07-06
CUST100059499,5G Handset Upgrade,0.1183,2026-07-06
CUST100055997,5G Handset Upgrade,0.7,2026-07-16
CUST100032036,Home Security Add-on,0.7085,2026-07-20
CUST100037854,5G Handset Upgrade,0.1605,2026-07-12
CUST100039145,International Roaming Pack,0.3123,2026-07-06
CUST100027837,5G Handset Upgrade,0.9241,2026-07-15
CUST100085568,International Roaming Pack,0.4551,2026-07-20
CUST100029506,Family Plan Upgrade,0.0712,2026-07-10
CUST100086250,International Roaming Pack,0.1925,2026-07-10
CUST100055268,Streaming Bundle,0.5118,2026-07-01
CUST100060412,International Roaming Pack,0.6576,2026-07-16
CUST100073993,Family Plan Upgrade,0.2796,2026-07-08
CUST100042408,Family Plan Upgrade,0.9338,2026-07-03
CUST100045685,Streaming Bundle,0.8722,2026-07-13
CUST100077648,Device Insurance,0.4914,2026-07-09
CUST100024435,5G Handset Upgrade,0.2568,2026-07-13
CUST100005771,Home Security Add-on,0.083,2026-07-16
CUST100011993,Family Plan Upgrade,0.7647,2026-07-22
CUST100056119,Family Plan Upgrade,0.9844,2026-07-05
CUST100052976,Family Plan Upgrade,0.358,2026-07-12
CUST100020936,Streaming Bundle,0.7128,2026-07-01
CUST100017178,Home Security Add-on,0.5142,2026-07-21
CUST100054941,Streaming Bundle,0.034,2026-07-10
CUST100030492,Streaming Bundle,0.8496,2026-07-07
CUST100016246,Device Insurance,0.2178,2026-07-04
CUST100032532,Home Security Add-on,0.9632,2026-07-18
CUST100002826,5G Handset Upgrade,0.3275,2026-07-17
CUST100004711,Device Insurance,0.567,2026-07-21
CUST100042176,5G Handset Upgrade,0.3721,2026-07-10
CUST100016505,5G Handset Upgrade,0.4217,2026-07-16
CUST100077338,International Roaming Pack,0.5587,2026-07-11
CUST100010105,Family Plan Upgrade,0.919,2026-07-18
CUST100056936,5G Handset Upgrade,0.323,2026-07-01
CUST100024157,International Roaming Pack,0.6576,2026-07-06
CUST100075459,Family Plan Upgrade,0.3593,2026-07-11
CUST100060344,Device Insurance,0.3466,2026-07-12
CUST100082519,International Roaming Pack,0.54,2026-07-08
CUST100026069,International Roaming Pack,0.6658,2026-07-14
CUST100009663,Family Plan Upgrade,0.1188,2026-07-18
CUST100075389,Device Insurance,0.7466,2026-07-16
CUST100012820,Family Plan Upgrade,0.6695,2026-07-10
CUST100009598,Streaming Bundle,0.057,2026-07-09
CUST100021928,5G Handset Upgrade,0.1631,2026-07-20
CUST100020480,Family Plan Upgrade,0.8622,2026-07-23
CUST100071610,International Roaming Pack,0.2637,2026-07-06
CUST100093263,Device Insurance,0.3379,2026-07-18
CUST100095722,5G Handset Upgrade,0.9993,2026-07-02
CUST100041797,5G Handset Upgrade,0.9471,2026-07-18
CUST100063124,Family Plan Upgrade,0.6639,2026-07-01
CUST100044894,Home Security Add-on,0.6576,2026-07-12
CUST100004833,International Roaming Pack,0.3015,2026-07-06
CUST100041661,Device Insurance,0.614,2026-07-04
CUST100021548,International Roaming Pack,0.6192,2026-07-13
CUST100068309,Family Plan Upgrade,0.1535,2026-07-14
CUST100013490,Device Insurance,0.7527,2026-07-22
CUST100000804,Family Plan Upgrade,0.6021,2026-07-05
CUST100005388,International Roaming Pack,0.9155,2026-07-10
CUST100069320,International Roaming Pack,0.5624,2026-07-23
CUST100053431,Family Plan Upgrade,0.5227,2026-07-21
CUST100055523,International Roaming Pack,0.4025,2026-07-11
CUST100068865,International Roaming Pack,0.0677,2026-07-19
CUST100028943,Home Security Add-on,0.7151,2026-07-08
CUST100055678,5G Handset Upgrade,0.1118,2026-07-19
CUST100061462,Streaming Bundle,0.2216,2026-07-11
CUST100020106,Home Security Add-on,0.34,2026-07-06
CUST100086773,5G Handset Upgrade,0.725,2026-07-10
CUST100083774,5G Handset Upgrade,0.5681,2026-07-04
CUST100039842,Device Insurance,0.3254,2026-07-15
CUST100039182,Streaming Bundle,0.9757,2026-07-22
CUST100069234,5G Handset Upgrade,0.7506,2026-07-22
CUST100037415,Streaming Bundle,0.259,2026-07-04
CUST100090272,Family Plan Upgrade,0.5691,2026-07-17
CUST100045042,5G Handset Upgrade,0.3972,2026-07-22
CUST100075511,Device Insurance,0.2682,2026-07-21
CUST100053754,International Roaming Pack,0.9162,2026-07-03
CUST100090427,5G Handset Upgrade,0.5803,2026-07-18
CUST100015186,International Roaming Pack,0.8493,2026-07-22
CUST100051173,Device Insurance,0.1665,2026-07-19
CUST100016563,5G Handset Upgrade,0.0051,2026-07-11
CUST100024303,5G Handset Upgrade,0.3895,2026-07-20
CUST100090621,Streaming Bundle,0.6934,2026-07-01
CUST100094749,5G Handset Upgrade,0.9541,2026-07-16
CUST100030283,Device Insurance,0.8557,2026-07-19
CUST100054511,5G Handset Upgrade,0.0074,2026-07-17
CUST100011360,Home Security Add-on,0.3486,2026-07-12
CUST100096543,Device Insurance,0.1813,2026-07-15
CUST100050032,Streaming Bundle,0.5336,2026-07-13
CUST100095325,5G Handset Upgrade,0.5361,2026-07-09
CUST100097224,Home Security Add-on,0.617,2026-07-10
CUST100000921,Family Plan Upgrade,0.5266,2026-07-23
CUST100027516,Streaming Bundle,0.6113,2026-07-19
CUST100080988,Family Plan Upgrade,0.0782,2026-07-06
CUST100013796,Streaming Bundle,0.2991,2026-07-15
CUST100049626,Home Security Add-on,0.9432,2026-07-05
CUST100099858,Streaming Bundle,0.9528,2026-07-04
CUST100098170,Family Plan Upgrade,0.0082,2026-07-10
CUST100033862,International Roaming Pack,0.0498,2026-07-22
CUST100068024,Home Security Add-on,0.5166,2026-07-22
CUST100001521,5G Handset Upgrade,0.5455,2026-07-04
CUST100036567,Streaming Bundle,0.4807,2026-07-22
CUST100096676,Family Plan Upgrade,0.7407,2026-07-21
CUST100013266,Home Security Add-on,0.1866,2026-07-03
CUST100042221,International Roaming Pack,0.3169,2026-07-17
CUST100091932,Family Plan Upgrade,0.0606,2026-07-22
CUST100025112,International Roaming Pack,0.3834,2026-07-09
CUST100084485,Home Security Add-on,0.3248,2026-07-03
CUST100017030,5G Handset Upgrade,0.6622,2026-07-17
CUST100046896,Device Insurance,0.4544,2026-07-16
CUST100087677,Family Plan Upgrade,0.0125,2026-07-23
CUST100033057,Family Plan Upgrade,0.7404,2026-07-13
CUST100002829,Home Security Add-on,0.4553,2026-07-09
CUST100099788,Device Insurance,0.9933,2026-07-08
CUST100019823,International Roaming Pack,0.7989,2026-07-16
CUST100063647,Device Insurance,0.0382,2026-07-16
CUST100047211,Streaming Bundle,0.8433,2026-07-12
CUST100097287,Device Insurance,0.3534,2026-07-01
CUST100006131,Family Plan Upgrade,0.1466,2026-07-15
CUST100044504,International Roaming Pack,0.7239,2026-07-13
CUST100083320,Home Security Add-on,0.0932,2026-07-23
CUST100057028,International Roaming Pack,0.5434,2026-07-21
CUST100032186,Family Plan Upgrade,0.343,2026-07-22
CUST100060175,Family Plan Upgrade,0.9488,2026-07-05
CUST100055658,5G Handset Upgrade,0.0938,2026-07-20
CUST100098637,International Roaming Pack,0.855,2026-07-18
CUST100084425,Family Plan Upgrade,0.1302,2026-07-02
CUST100020876,Device Insurance,0.5573,2026-07-19
CUST100098007,International Roaming Pack,0.1148,2026-07-19
CUST100098279,Family Plan Upgrade,0.2741,2026-07-06
CUST100050045,Family Plan Upgrade,0.1144,2026-07-01
CUST100007813,International Roaming Pack,0.3183,2026-07-03
CUST100070073,Family Plan Upgrade,0.4294,2026-07-04
CUST100037067,Streaming Bundle,0.0242,2026-07-06
CUST100030975,Streaming Bundle,0.6586,2026-07-14
CUST100042858,Streaming Bundle,0.7808,2026-07-11
CUST100048460,International Roaming Pack,0.5988,2026-07-02
CUST100066376,Streaming Bundle,0.0274,2026-07-05
CUST100020548,International Roaming Pack,0.1755,2026-07-10
CUST100026814,International Roaming Pack,0.5303,2026-07-13
CUST100023330,Streaming Bundle,0.834,2026-07-18
CUST100036568,5G Handset Upgrade,0.5813,2026-07-10
CUST100098549,Family Plan Upgrade,0.4091,2026-07-05
CUST100088274,Family Plan Upgrade,0.2184,2026-07-05
CUST100088926,Streaming Bundle,0.2749,2026-07-22
CUST100079911,International Roaming Pack,0.7246,2026-07-15
CUST100048839,Device Insurance,0.1408,2026-07-14
CUST100098246,5G Handset Upgrade,0.9875,2026-07-16
CUST100013666,Family Plan Upgrade,0.1892,2026-07-03
CUST100010730,Device Insurance,0.4578,2026-07-02
CUST100079464,5G Handset Upgrade,0.8145,2026-07-16
CUST100057033,5G Handset Upgrade,0.2616,2026-07-07
CUST100092709,Family Plan Upgrade,0.0768,2026-07-02
CUST100054221,Home Security Add-on,0.7241,2026-07-12
CUST100070285,Device Insurance,0.574,2026-07-07
CUST100066313,International Roaming Pack,0.728,2026-07-02
CUST100026216,Home Security Add-on,0.593,2026-07-16
CUST100021091,Home Security Add-on,0.0498,2026-07-19
CUST100079890,International Roaming Pack,0.2144,2026-07-15
CUST100084009,Streaming Bundle,0.3772,2026-07-13
CUST100053951,Home Security Add-on,0.5005,2026-07-20
CUST100021453,Device Insurance,0.8587,2026-07-04
CUST100048102,Family Plan Upgrade,0.6436,2026-07-19
CUST100030992,International Roaming Pack,0.295,2026-07-20
CUST100072485,5G Handset Upgrade,0.6904,2026-07-05
CUST100054945,Family Plan Upgrade,0.0258,2026-07-23
CUST100092606,Streaming Bundle,0.2511,2026-07-19
CUST100020554,5G Handset Upgrade,0.819,2026-07-06
CUST100020470,Family Plan Upgrade,0.8108,2026-07-19
CUST100065024,5G Handset Upgrade,0.1303,2026-07-08
CUST100081589,Streaming Bundle,0.264,2026-07-05
CUST100012463,5G Handset Upgrade,0.3143,2026-07-09
CUST100067696,Streaming Bundle,0.4484,2026-07-14
CUST100019152,Streaming Bundle,0.823,2026-07-03
CUST100091530,Family Plan Upgrade,0.2242,2026-07-22
CUST100052855,5G Handset Upgrade,0.1862,2026-07-15
CUST100080855,Home Security Add-on,0.4805,2026-07-20
CUST100091722,Streaming Bundle,0.9745,2026-07-06
CUST100088233,5G Handset Upgrade,0.3661,2026-07-17
CUST100024643,International Roaming Pack,0.737,2026-07-02
CUST100058167,Family Plan Upgrade,0.5811,2026-07-15
CUST100073436,Streaming Bundle,0.8682,2026-07-21
CUST100015532,Family Plan Upgrade,0.9836,2026-07-15
CUST100095796,Home Security Add-on,0.3077,2026-07-08
CUST100035456,Home Security Add-on,0.9071,2026-07-08
CUST100007442,Device Insurance,0.6388,2026-07-23
CUST100027793,5G Handset Upgrade,0.2191,2026-07-22
CUST100077291,International Roaming Pack,0.1548,2026-07-10
CUST100011115,Streaming Bundle,0.0672,2026-07-17
CUST100074806,Device Insurance,0.8456,2026-07-06
CUST100012941,Family Plan Upgrade,0.6549,2026-07-10
CUST100052053,Streaming Bundle,0.4187,2026-07-02
CUST100010688,Family Plan Upgrade,0.587,2026-07-18
CUST100002583,Streaming Bundle,0.1497,2026-07-06
CUST100052556,International Roaming Pack,0.3032,2026-07-15
CUST100036660,Device Insurance,0.6305,2026-07-08
CUST100057143,Home Security Add-on,0.501,2026-07-14
CUST100062350,Device Insurance,0.5272,2026-07-20
CUST100030485,Streaming Bundle,0.5832,2026-07-20
CUST100009530,International Roaming Pack,0.1511,2026-07-13
CUST100032718,Home Security Add-on,0.5831,2026-07-06
CUST100032171,Streaming Bundle,0.0712,2026-07-22
CUST100070428,Home Security Add-on,0.962,2026-07-20
CUST100057486,Device Insurance,0.9569,2026-07-11
CUST100031312,5G Handset Upgrade,0.5079,2026-07-15
CUST100059935,5G Handset Upgrade,0.1358,2026-07-03
CUST100090503,5G Handset Upgrade,0.3691,2026-07-23
CUST100027112,Device Insurance,0.4249,2026-07-11
CUST100011304,International Roaming Pack,0.4514,2026-07-01
CUST100016031,International Roaming Pack,0.4763,2026-07-18
CUST100070608,Home Security Add-on,0.8875,2026-07-06
CUST100047953,Device Insurance,0.6699,2026-07-14
CUST100082362,Family Plan Upgrade,0.2053,2026-07-23
CUST100083788,Family Plan Upgrade,0.1803,2026-07-01
CUST100021981,Device Insurance,0.5348,2026-07-01
CUST100042556,Family Plan Upgrade,0.7342,2026-07-08
CUST100019780,5G Handset Upgrade,0.1305,2026-07-13
CUST100011102,Home Security Add-on,0.5538,2026-07-14
CUST100041817,Home Security Add-on,0.8907,2026-07-21
CUST100081273,Home Security Add-on,0.2956,2026-07-17
CUST100019367,Family Plan Upgrade,0.914,2026-07-14
CUST100093041,International Roaming Pack,0.7557,2026-07-21
CUST100057045,Device Insurance,0.1675,2026-07-03
CUST100051059,5G Handset Upgrade,0.0112,2026-07-11
CUST100015716,Home Security Add-on,0.9225,2026-07-19
CUST100044798,Family Plan Upgrade,0.4733,2026-07-06
CUST100047338,Device Insurance,0.2581,2026-07-04
CUST100021878,Home Security Add-on,0.3991,2026-07-12
CUST100037237,Home Security Add-on,0.2902,2026-07-05
CUST100014815,Home Security Add-on,0.6104,2026-07-08
CUST100020315,Device Insurance,0.831,2026-07-03
CUST100054779,International Roaming Pack,0.1607,2026-07-06
CUST100015267,Streaming Bundle,0.6515,2026-07-16
CUST100010040,International Roaming Pack,0.5859,2026-07-10
CUST100020966,Home Security Add-on,0.0271,2026-07-10
CUST100043050,5G Handset Upgrade,0.8306,2026-07-13
CUST100026577,Family Plan Upgrade,0.0802,2026-07-21
CUST100023078,Home Security Add-on,0.5635,2026-07-03
CUST100020454,International Roaming Pack,0.6759,2026-07-13
CUST100008391,5G Handset Upgrade,0.4178,2026-07-05
CUST100015763,Streaming Bundle,0.2007,2026-07-18
CUST100008181,Device Insurance,0.2387,2026-07-02
CUST100075999,5G Handset Upgrade,0.6374,2026-07-10
CUST100066325,Family Plan Upgrade,0.5616,2026-07-22
CUST100078995,5G Handset Upgrade,0.4674,2026-07-23
CUST100015341,5G Handset Upgrade,0.4496,2026-07-03
CUST100021267,International Roaming Pack,0.655,2026-07-15
CUST100058241,5G Handset Upgrade,0.9537,2026-07-17
CUST100066277,5G Handset Upgrade,0.8275,2026-07-23
CUST100030680,International Roaming Pack,0.0068,2026-07-05
CUST100045821,5G Handset Upgrade,0.2535,2026-07-02
CUST100096775,5G Handset Upgrade,0.6193,2026-07-20
CUST100053389,Home Security Add-on,0.7737,2026-07-12
CUST100020408,Family Plan Upgrade,0.2561,2026-07-17
CUST100089021,Streaming Bundle,0.8888,2026-07-07
CUST100047047,5G Handset Upgrade,0.8241,2026-07-06
CUST100071811,Streaming Bundle,0.6882,2026-07-10
CUST100078096,Streaming Bundle,0.8282,2026-07-23
CUST100010792,Family Plan Upgrade,0.068,2026-07-08
CUST100084509,Family Plan Upgrade,0.468,2026-07-10
CUST100086401,International Roaming Pack,0.5661,2026-07-05
CUST100032633,5G Handset Upgrade,0.8218,2026-07-23
CUST100043670,Family Plan Upgrade,0.4516,2026-07-06
CUST100074867,International Roaming Pack,0.2933,2026-07-08
CUST100039330,Streaming Bundle,0.5787,2026-07-06
CUST100090584,5G Handset Upgrade,0.0084,2026-07-18
CUST100092824,Family Plan Upgrade,0.0287,2026-07-11
CUST100049156,Device Insurance,0.7027,2026-07-22
CUST100062825,Streaming Bundle,0.2385,2026-07-11
CUST100093572,5G Handset Upgrade,0.6741,2026-07-16
CUST100076622,Device Insurance,0.6396,2026-07-19
CUST100075123,5G Handset Upgrade,0.2256,2026-07-09
CUST100096127,5G Handset Upgrade,0.5668,2026-07-22
CUST100069146,Home Security Add-on,0.6064,2026-07-13
CUST100027678,Device Insurance,0.0082,2026-07-13
CUST100080414,Streaming Bundle,0.3391,2026-07-11
CUST100021632,Family Plan Upgrade,0.5766,2026-07-21
CUST100077131,International Roaming Pack,0.055,2026-07-06
CUST100080083,Device Insurance,0.2156,2026-07-15
CUST100072560,International Roaming Pack,0.7103,2026-07-19
CUST100068915,Home Security Add-on,0.1809,2026-07-17
CUST100011695,International Roaming Pack,0.0698,2026-07-22
CUST100071310,International Roaming Pack,0.7091,2026-07-09
CUST100056811,International Roaming Pack,0.6809,2026-07-01
CUST100074310,5G Handset Upgrade,0.0511,2026-07-11
CUST100033905,Streaming Bundle,0.5459,2026-07-08
CUST100002159,International Roaming Pack,0.6064,2026-07-14
CUST100033738,Family Plan Upgrade,0.5725,2026-07-11
CUST100034698,Device Insurance,0.2413,2026-07-11
CUST100084803,Streaming Bundle,0.2347,2026-07-18
CUST100054234,Home Security Add-on,0.8906,2026-07-17
CUST100079387,5G Handset Upgrade,0.1135,2026-07-23
CUST100043775,Streaming Bundle,0.5587,2026-07-08
CUST100036818,5G Handset Upgrade,0.6679,2026-07-10
CUST100043244,Device Insurance,0.6533,2026-07-11
CUST100064532,Family Plan Upgrade,0.4002,2026-07-13
CUST100050062,Family Plan Upgrade,0.6881,2026-07-14
CUST100051115,5G Handset Upgrade,0.4981,2026-07-11
CUST100073875,5G Handset Upgrade,0.6741,2026-07-21
CUST100003523,Device Insurance,0.9958,2026-07-03
CUST100088291,5G Handset Upgrade,0.2217,2026-07-19
CUST100037946,Device Insurance,0.1168,2026-07-02
CUST100010577,5G Handset Upgrade,0.9194,2026-07-20
CUST100049407,Streaming Bundle,0.6602,2026-07-17
CUST100070093,Device Insurance,0.7396,2026-07-02
CUST100008591,Home Security Add-on,0.4423,2026-07-07
CUST100087679,Home Security Add-on,0.6208,2026-07-11
CUST100003054,Home Security Add-on,0.9969,2026-07-14
CUST100071172,Streaming Bundle,0.1771,2026-07-03
CUST100092737,Device Insurance,0.6892,2026-07-10
CUST100057309,Device Insurance,0.2774,2026-07-19
CUST100066729,International Roaming Pack,0.9862,2026-07-15
CUST100059358,Home Security Add-on,0.0916,2026-07-19
CUST100047796,Home Security Add-on,0.1809,2026-07-07
CUST100072689,Device Insurance,0.0586,2026-07-08
CUST100018771,International Roaming Pack,0.3286,2026-07-13
CUST100032586,International Roaming Pack,0.0566,2026-07-04
CUST100014110,5G Handset Upgrade,0.8103,2026-07-04
CUST100035710,Home Security Add-on,0.877,2026-07-13
CUST100062736,Device Insurance,0.8515,2026-07-12
CUST100084959,Home Security Add-on,0.777,2026-07-06
CUST100018937,Device Insurance,0.4479,2026-07-05
CUST100015768,Streaming Bundle,0.7654,2026-07-16
CUST100000782,Streaming Bundle,0.132,2026-07-18
CUST100054159,Home Security Add-on,0.8729,2026-07-18
CUST100037603,5G Handset Upgrade,0.0828,2026-07-05
CUST100049594,Family Plan Upgrade,0.1186,2026-07-01
CUST100034058,Family Plan Upgrade,0.5944,2026-07-20
CUST100065673,5G Handset Upgrade,0.9867,2026-07-18
CUST100081746,5G Handset Upgrade,0.656,2026-07-02
CUST100017036,International Roaming Pack,0.6352,2026-07-22
CUST100054543,Family Plan Upgrade,0.7393,2026-07-02
CUST100057185,International Roaming Pack,0.0517,2026-07-09
CUST100080291,5G Handset Upgrade,0.0233,2026-07-10
CUST100036894,5G Handset Upgrade,0.9881,2026-07-06
CUST100066910,Family Plan Upgrade,0.0665,2026-07-16
CUST100085762,Home Security Add-on,0.5788,2026-07-07
CUST100009569,Family Plan Upgrade,0.9759,2026-07-06
CUST100055655,Streaming Bundle,0.9274,2026-07-11
CUST100023978,Home Security Add-on,0.3388,2026-07-11
CUST100045499,Device Insurance,0.7696,2026-07-23
CUST100082438,Device Insurance,0.22,2026-07-12
CUST100037323,International Roaming Pack,0.0067,2026-07-06
CUST100096801,5G Handset Upgrade,0.0185,2026-07-23
CUST100050486,Home Security Add-on,0.78,2026-07-15
CUST100070134,International Roaming Pack,0.6007,2026-07-05
CUST100095847,Family Plan Upgrade,0.296,2026-07-20
CUST100032069,5G Handset Upgrade,0.4642,2026-07-20
CUST100053851,Home Security Add-on,0.7234,2026-07-16
CUST100043398,5G Handset Upgrade,0.0864,2026-07-03
CUST100090789,5G Handset Upgrade,0.4318,2026-07-19
CUST100060801,Device Insurance,0.7416,2026-07-21
CUST100030271,5G Handset Upgrade,0.8369,2026-07-10
CUST100021398,Family Plan Upgrade,0.9258,2026-07-18
CUST100031584,Device Insurance,0.0662,2026-07-06
CUST100091139,International Roaming Pack,0.0431,2026-07-17
CUST100003938,Streaming Bundle,0.1322,2026-07-17
CUST100006179,5G Handset Upgrade,0.445,2026-07-06
CUST100048308,Family Plan Upgrade,0.4808,2026-07-10
CUST100001787,Streaming Bundle,0.4172,2026-07-15
CUST100026272,5G Handset Upgrade,0.207,2026-07-16
CUST100061252,Streaming Bundle,0.5001,2026-07-23
CUST100053578,Device Insurance,0.5596,2026-07-11
CUST100054698,International Roaming Pack,0.0319,2026-07-03
CUST100031421,Device Insurance,0.8835,2026-07-11
CUST100046513,5G Handset Upgrade,0.3897,2026-07-05
CUST100000129,Streaming Bundle,0.638,2026-07-17
CUST100087870,Family Plan Upgrade,0.5695,2026-07-10
CUST100034255,International Roaming Pack,0.3337,2026-07-19
CUST100086144,Home Security Add-on,0.4901,2026-07-19
CUST100038905,5G Handset Upgrade,0.829,2026-07-10
CUST100036137,Family Plan Upgrade,0.5877,2026-07-09
CUST100038005,Device Insurance,0.8042,2026-07-03
CUST100017848,Device Insurance,0.0994,2026-07-04
CUST100071504,Streaming Bundle,0.2257,2026-07-14
CUST100070943,Family Plan Upgrade,0.659,2026-07-04
CUST100063459,5G Handset Upgrade,0.2653,2026-07-04
CUST100078014,Streaming Bundle,0.2836,2026-07-23
CUST100056369,Family Plan Upgrade,0.9096,2026-07-09
CUST100004534,International Roaming Pack,0.3953,2026-07-22
CUST100055012,Streaming Bundle,0.3101,2026-07-14
CUST100042014,International Roaming Pack,0.1248,2026-07-02
CUST100088953,5G Handset Upgrade,0.7922,2026-07-11
CUST100087558,International Roaming Pack,0.5216,2026-07-07
CUST100022829,Device Insurance,0.1214,2026-07-09
CUST100026747,Family Plan Upgrade,0.2058,2026-07-15
CUST100090576,International Roaming Pack,0.4166,2026-07-06
CUST100033956,Home Security Add-on,0.6786,2026-07-21
CUST100076175,Family Plan Upgrade,0.6406,2026-07-05
CUST100080393,International Roaming Pack,0.444,2026-07-04
CUST100058351,Streaming Bundle,0.8889,2026-07-12
CUST100057782,International Roaming Pack,0.5911,2026-07-10
CUST100086889,Home Security Add-on,0.7478,2026-07-14
CUST100087000,5G Handset Upgrade,0.5608,2026-07-09
CUST100081632,Family Plan Upgrade,0.3319,2026-07-19
CUST100074759,5G Handset Upgrade,0.7989,2026-07-05
CUST100090594,Device Insurance,0.2396,2026-07-06
CUST100042816,Streaming Bundle,0.7554,2026-07-22
CUST100034912,Home Security Add-on,0.6245,2026-07-20
CUST100017921,Device Insurance,0.0984,2026-07-04
CUST100055841,Device Insurance,0.0793,2026-07-17
CUST100085000,5G Handset Upgrade,0.2322,2026-07-23
CUST100041952,Home Security Add-on,0.1267,2026-07-05
CUST100039798,5G Handset Upgrade,0.9665,2026-07-09
CUST100023238,Family Plan Upgrade,0.4887,2026-07-02
CUST100015708,Home Security Add-on,0.1813,2026-07-19
CUST100034431,5G Handset Upgrade,0.0222,2026-07-06
CUST100022441,5G Handset Upgrade,0.9206,2026-07-11
CUST100023817,International Roaming Pack,0.5732,2026-07-12
CUST100077278,Home Security Add-on,0.3752,2026-07-14
CUST100003022,Streaming Bundle,0.9318,2026-07-20
CUST100067776,Device Insurance,0.4182,2026-07-01
CUST100094483,Streaming Bundle,0.9828,2026-07-20
CUST100014527,5G Handset Upgrade,0.941,2026-07-20
CUST100010518,5G Handset Upgrade,0.4493,2026-07-22
CUST100032001,International Roaming Pack,0.6156,2026-07-11
CUST100027908,International Roaming Pack,0.4121,2026-07-05
CUST100053588,Streaming Bundle,0.5999,2026-07-09
CUST100075461,5G Handset Upgrade,0.5827,2026-07-19
CUST100017584,Family Plan Upgrade,0.6962,2026-07-16
CUST100021261,Family Plan Upgrade,0.7754,2026-07-08
CUST100056813,Family Plan Upgrade,0.9158,2026-07-19
CUST100081356,Home Security Add-on,0.0105,2026-07-09
CUST100094073,Family Plan Upgrade,0.8962,2026-07-23
CUST100021784,5G Handset Upgrade,0.3954,2026-07-08
CUST100011950,Streaming Bundle,0.5346,2026-07-05
CUST100066365,Family Plan Upgrade,0.8044,2026-07-02
CUST100076168,Family Plan Upgrade,0.5431,2026-07-12
CUST100088020,International Roaming Pack,0.8362,2026-07-01
CUST100017180,Streaming Bundle,0.2791,2026-07-15
CUST100071063,Streaming Bundle,0.6859,2026-07-20
CUST100044948,Streaming Bundle,0.1429,2026-07-10
CUST100085631,Home Security Add-on,0.0067,2026-07-04
CUST100075396,5G Handset Upgrade,0.8312,2026-07-08
CUST100090334,Family Plan Upgrade,0.4925,2026-07-01
CUST100036152,Family Plan Upgrade,0.3053,2026-07-06
CUST100064262,Device Insurance,0.5628,2026-07-12
CUST100061459,Family Plan Upgrade,0.6515,2026-07-16
CUST100042092,International Roaming Pack,0.6065,2026-07-06
CUST100099025,International Roaming Pack,0.3403,2026-07-07
CUST100067738,Home Security Add-on,0.1452,2026-07-19
CUST100072378,International Roaming Pack,0.7669,2026-07-18
CUST100044151,International Roaming Pack,0.6275,2026-07-18
CUST100088335,5G Handset Upgrade,0.86,2026-07-12
CUST100076727,Streaming Bundle,0.8151,2026-07-03
CUST100002148,Device Insurance,0.2546,2026-07-21
CUST100069525,Home Security Add-on,0.2001,2026-07-17
CUST100059839,Device Insurance,0.5896,2026-07-18
CUST100056744,Streaming Bundle,0.7577,2026-07-20
CUST100026156,5G Handset Upgrade,0.841,2026-07-09
CUST100096293,5G Handset Upgrade,0.0821,2026-07-11
CUST100095171,5G Handset Upgrade,0.0675,2026-07-02
CUST100024573,Home Security Add-on,0.1348,2026-07-02
CUST100038687,5G Handset Upgrade,0.1825,2026-07-19
CUST100098112,International Roaming Pack,0.2872,2026-07-04
CUST100059794,Home Security Add-on,0.4679,2026-07-03
CUST100018985,Family Plan Upgrade,0.78,2026-07-20
CUST100028437,Family Plan Upgrade,0.724,2026-07-01
CUST100064057,International Roaming Pack,0.4518,2026-07-19
CUST100058013,5G Handset Upgrade,0.0471,2026-07-20
CUST100066864,Device Insurance,0.9992,2026-07-09
CUST100008801,5G Handset Upgrade,0.4386,2026-07-02
CUST100083214,International Roaming Pack,0.3035,2026-07-10
CUST100084281,5G Handset Upgrade,0.3705,2026-07-05
CUST100097362,Home Security Add-on,0.2308,2026-07-14
CUST100071791,International Roaming Pack,0.8719,2026-07-04
CUST100090148,International Roaming Pack,0.4876,2026-07-15
CUST100082685,Streaming Bundle,0.7287,2026-07-23
CUST100094693,Device Insurance,0.8569,2026-07-12
CUST100026606,Device Insurance,0.7118,2026-07-06
CUST100072198,International Roaming Pack,0.2698,2026-07-04
CUST100005385,Home Security Add-on,0.5031,2026-07-12
CUST100044617,International Roaming Pack,0.6642,2026-07-19
CUST100093035,International Roaming Pack,0.4536,2026-07-18
CUST100023911,Family Plan Upgrade,0.3726,2026-07-02
CUST100096762,5G Handset Upgrade,0.5011,2026-07-07
CUST100067682,International Roaming Pack,0.3243,2026-07-14
CUST100089443,Family Plan Upgrade,0.5952,2026-07-13
CUST100092708,Family Plan Upgrade,0.5754,2026-07-11
CUST100058838,Device Insurance,0.6166,2026-07-05
CUST100034947,Device Insurance,0.8125,2026-07-23
CUST100019334,Home Security Add-on,0.6421,2026-07-18
CUST100013428,Home Security Add-on,0.5865,2026-07-14
CUST100010650,Home Security Add-on,0.273,2026-07-04
CUST100012076,Family Plan Upgrade,0.4754,2026-07-16
CUST100069748,Home Security Add-on,0.4075,2026-07-12
CUST100009124,Home Security Add-on,0.2815,2026-07-22
CUST100022438,5G Handset Upgrade,0.5637,2026-07-09
CUST100014138,Streaming Bundle,0.923,2026-07-03
CUST100098252,Family Plan Upgrade,0.4712,2026-07-19
CUST100009740,International Roaming Pack,0.322,2026-07-20
CUST100090561,Streaming Bundle,0.017,2026-07-21
CUST100009923,International Roaming Pack,0.7252,2026-07-04
CUST100016331,Streaming Bundle,0.4699,2026-07-13
CUST100045924,Streaming Bundle,0.2327,2026-07-06
CUST100074629,Home Security Add-on,0.0522,2026-07-12
CUST100045889,5G Handset Upgrade,0.4161,2026-07-14
CUST100062739,Family Plan Upgrade,0.2323,2026-07-01
CUST100029987,Device Insurance,0.5556,2026-07-01
CUST100098541,Home Security Add-on,0.1617,2026-07-14
CUST100055280,Home Security Add-on,0.6178,2026-07-13
CUST100016497,International Roaming Pack,0.4373,2026-07-08
CUST100000120,Streaming Bundle,0.6455,2026-07-09
CUST100099932,5G Handset Upgrade,0.4048,2026-07-20
CUST100025684,5G Handset Upgrade,0.232,2026-07-10
CUST100085701,5G Handset Upgrade,0.9139,2026-07-13
CUST100036138,Streaming Bundle,0.8957,2026-07-18
CUST100049429,Family Plan Upgrade,0.6562,2026-07-09
CUST100001411,Family Plan Upgrade,0.4977,2026-07-17
CUST100085479,Streaming Bundle,0.3155,2026-07-01
CUST100026267,International Roaming Pack,0.3972,2026-07-03
CUST100089661,Streaming Bundle,0.8297,2026-07-03
CUST100028817,Home Security Add-on,0.0121,2026-07-04
CUST100094732,Device Insurance,0.9924,2026-07-11
CUST100057041,International Roaming Pack,0.9584,2026-07-19
CUST100061741,Home Security Add-on,0.2362,2026-07-06
CUST100066969,5G Handset Upgrade,0.6458,2026-07-14
CUST100015313,Family Plan Upgrade,0.0839,2026-07-15
CUST100025442,Family Plan Upgrade,0.4922,2026-07-05
CUST100086576,Home Security Add-on,0.7203,2026-07-12
CUST100068351,Device Insurance,0.4566,2026-07-01
CUST100024816,5G Handset Upgrade,0.3246,2026-07-12
CUST100098048,5G Handset Upgrade,0.7077,2026-07-01
CUST100020997,Streaming Bundle,0.0904,2026-07-09
CUST100006983,International Roaming Pack,0.2947,2026-07-20
CUST100075309,Streaming Bundle,0.5578,2026-07-05
CUST100040899,Home Security Add-on,0.4933,2026-07-12
CUST100058901,5G Handset Upgrade,0.4813,2026-07-04
CUST100018709,Streaming Bundle,0.5424,2026-07-06
CUST100017820,5G Handset Upgrade,0.8467,2026-07-18
CUST100033018,Home Security Add-on,0.9864,2026-07-11
CUST100086648,Device Insurance,0.5997,2026-07-22
CUST100038102,Family Plan Upgrade,0.7196,2026-07-13
CUST100046838,Device Insurance,0.4012,2026-07-08
CUST100016183,Home Security Add-on,0.5299,2026-07-08
CUST100054105,Home Security Add-on,0.6667,2026-07-18
CUST100011775,International Roaming Pack,0.1955,2026-07-06
CUST100044388,Device Insurance,0.5344,2026-07-10
CUST100080578,5G Handset Upgrade,0.6363,2026-07-15
CUST100037470,Home Security Add-on,0.3587,2026-07-11
CUST100020784,Device Insurance,0.0492,2026-07-05
CUST100091970,Family Plan Upgrade,0.962,2026-07-08
CUST100056076,International Roaming Pack,0.9032,2026-07-15
CUST100030275,Device Insurance,0.6867,2026-07-20
CUST100010842,Home Security Add-on,0.5542,2026-07-17
CUST100050776,5G Handset Upgrade,0.3849,2026-07-22
CUST100090419,5G Handset Upgrade,0.273,2026-07-11
CUST100080240,Home Security Add-on,0.6084,2026-07-01
CUST100031202,Family Plan Upgrade,0.5483,2026-07-07
CUST100098994,Home Security Add-on,0.6171,2026-07-01
CUST100007387,5G Handset Upgrade,0.3991,2026-07-12
CUST100077144,Device Insurance,0.0076,2026-07-07
CUST100080080,5G Handset Upgrade,0.3187,2026-07-10
CUST100016411,5G Handset Upgrade,0.671,2026-07-07
CUST100004029,Family Plan Upgrade,0.3633,2026-07-11
CUST100063294,Device Insurance,0.0257,2026-07-22
CUST100008822,Home Security Add-on,0.8082,2026-07-16
CUST100071002,5G Handset Upgrade,0.1046,2026-07-14
CUST100096261,Home Security Add-on,0.7535,2026-07-03
CUST100021566,Home Security Add-on,0.1072,2026-07-20
CUST100042707,5G Handset Upgrade,0.5695,2026-07-16
CUST100001250,Streaming Bundle,0.5255,2026-07-03
CUST100014643,5G Handset Upgrade,0.086,2026-07-08
CUST100075873,International Roaming Pack,0.7672,2026-07-22
CUST100008265,Home Security Add-on,0.1871,2026-07-23
CUST100033343,Streaming Bundle,0.7652,2026-07-09
CUST100049963,Streaming Bundle,0.6664,2026-07-16
CUST100033155,Device Insurance,0.9424,2026-07-15
CUST100038253,International Roaming Pack,0.6539,2026-07-22
CUST100057173,Streaming Bundle,0.0478,2026-07-07
CUST100038354,International Roaming Pack,0.5938,2026-07-15
CUST100094685,5G Handset Upgrade,0.2396,2026-07-21
CUST100088401,Home Security Add-on,0.4791,2026-07-20
CUST100020869,5G Handset Upgrade,0.9662,2026-07-17
CUST100084754,Device Insurance,0.3344,2026-07-17
CUST100062599,International Roaming Pack,0.1167,2026-07-19
CUST100078835,Streaming Bundle,0.2138,2026-07-11
CUST100098754,Device Insurance,0.6011,2026-07-12
CUST100060517,Home Security Add-on,0.9647,2026-07-01
CUST100005425,Home Security Add-on,0.5048,2026-07-07
CUST100084078,International Roaming Pack,0.4473,2026-07-14
CUST100093441,International Roaming Pack,0.5638,2026-07-22
CUST100018836,Family Plan Upgrade,0.7638,2026-07-14
CUST100018480,Device Insurance,0.8576,2026-07-10
CUST100023439,International Roaming Pack,0.2271,2026-07-07
CUST100000621,International Roaming Pack,0.9894,2026-07-09
CUST100047130,Device Insurance,0.2747,2026-07-10
CUST100068679,Family Plan Upgrade,0.06,2026-07-15
CUST100013899,Device Insurance,0.2983,2026-07-19
CUST100017508,5G Handset Upgrade,0.5822,2026-07-23
CUST100043418,5G Handset Upgrade,0.2009,2026-07-02
CUST100038011,Family Plan Upgrade,0.1822,2026-07-12
CUST100085560,5G Handset Upgrade,0.3074,2026-07-05
CUST100085392,Streaming Bundle,0.0345,2026-07-12
CUST100049137,Streaming Bundle,0.9987,2026-07-20
CUST100050222,5G Handset Upgrade,0.3103,2026-07-22
CUST100095371,5G Handset Upgrade,0.0966,2026-07-18
CUST100018075,Family Plan Upgrade,0.7346,2026-07-16
CUST100086445,Streaming Bundle,0.3184,2026-07-10
CUST100080996,Device Insurance,0.1077,2026-07-17
CUST100027702,International Roaming Pack,0.5894,2026-07-04
CUST100033300,Streaming Bundle,0.5896,2026-07-07
CUST100028230,Device Insurance,0.1227,2026-07-22
CUST100002342,Streaming Bundle,0.48,2026-07-15
CUST100037234,Home Security Add-on,0.3999,2026-07-18
CUST100064755,Device Insurance,0.7811,2026-07-02
CUST100004239,5G Handset Upgrade,0.0162,2026-07-08
CUST100087167,5G Handset Upgrade,0.6249,2026-07-03
CUST100014469,Device Insurance,0.6927,2026-07-08
CUST100054218,Home Security Add-on,0.0492,2026-07-23
CUST100006457,Streaming Bundle,0.8076,2026-07-15
CUST100009452,Device Insurance,0.5056,2026-07-08
CUST100039426,Streaming Bundle,0.807,2026-07-17
CUST100027461,5G Handset Upgrade,0.2542,2026-07-19
CUST100085810,International Roaming Pack,0.1335,2026-07-22
CUST100044008,International Roaming Pack,0.4991,2026-07-16
CUST100016902,Home Security Add-on,0.615,2026-07-22
CUST100039765,Home Security Add-on,0.2832,2026-07-01
CUST100032882,Streaming Bundle,0.936,2026-07-13
CUST100017295,Streaming Bundle,0.3507,2026-07-21
CUST100069863,Home Security Add-on,0.7725,2026-07-23
CUST100073293,Streaming Bundle,0.2122,2026-07-07
CUST100002602,Home Security Add-on,0.6873,2026-07-06
CUST100099455,Home Security Add-on,0.8936,2026-07-01
CUST100022742,International Roaming Pack,0.5411,2026-07-19
CUST100097344,Family Plan Upgrade,0.165,2026-07-09
CUST100043601,International Roaming Pack,0.8557,2026-07-22
CUST100023112,Streaming Bundle,0.4103,2026-07-05
CUST100016462,Home Security Add-on,0.2032,2026-07-03
CUST100008389,5G Handset Upgrade,0.6202,2026-07-11
CUST100010840,Streaming Bundle,0.5583,2026-07-13
CUST100037458,Device Insurance,0.7153,2026-07-04
CUST100092964,Family Plan Upgrade,0.7189,2026-07-10
CUST100011560,International Roaming Pack,0.7639,2026-07-03
CUST100024847,International Roaming Pack,0.5456,2026-07-06
CUST100008242,Family Plan Upgrade,0.5661,2026-07-11
CUST100028219,Device Insurance,0.182,2026-07-07
CUST100032893,5G Handset Upgrade,0.9848,2026-07-09
CUST100096632,International Roaming Pack,0.4271,2026-07-13
CUST100090146,Streaming Bundle,0.5701,2026-07-23
CUST100009188,5G Handset Upgrade,0.3409,2026-07-02
CUST100077747,Streaming Bundle,0.727,2026-07-17
CUST100028566,Device Insurance,0.4591,2026-07-21
CUST100053727,Home Security Add-on,0.1395,2026-07-18
CUST100095218,International Roaming Pack,0.8007,2026-07-15
CUST100012721,International Roaming Pack,0.4727,2026-07-05
CUST100090552,Streaming Bundle,0.1843,2026-07-08
CUST100085416,Streaming Bundle,0.6643,2026-07-15
CUST100022093,Device Insurance,0.9279,2026-07-16
CUST100055448,Streaming Bundle,0.7412,2026-07-03
CUST100041414,Device Insurance,0.1997,2026-07-19
CUST100029365,Streaming Bundle,0.7742,2026-07-11
CUST100052778,Streaming Bundle,0.6954,2026-07-18
CUST100090880,Device Insurance,0.9417,2026-07-16
CUST100019907,Device Insurance,0.6999,2026-07-14
CUST100035922,5G Handset Upgrade,0.5267,2026-07-17
CUST100053575,Family Plan Upgrade,0.9582,2026-07-02
CUST100037863,5G Handset Upgrade,0.8562,2026-07-07
CUST100039660,Home Security Add-on,0.5472,2026-07-11
CUST100043903,5G Handset Upgrade,0.1735,2026-07-10
CUST100023070,Family Plan Upgrade,0.7255,2026-07-15
CUST100072414,Device Insurance,0.0962,2026-07-18
CUST100004871,Family Plan Upgrade,0.7091,2026-07-19
CUST100035868,International Roaming Pack,0.1921,2026-07-21
CUST100042873,Device Insurance,0.7306,2026-07-02
CUST100071802,Home Security Add-on,0.7808,2026-07-23
CUST100071944,Home Security Add-on,0.4743,2026-07-06
CUST100010365,5G Handset Upgrade,0.355,2026-07-18
CUST100088396,Streaming Bundle,0.2857,2026-07-14
CUST100051257,5G Handset Upgrade,0.2499,2026-07-19
CUST100057508,5G Handset Upgrade,0.2207,2026-07-22
CUST100072253,Streaming Bundle,0.043,2026-07-10
CUST100015505,Device Insurance,0.5272,2026-07-11
CUST100052874,Family Plan Upgrade,0.408,2026-07-06
CUST100055255,Streaming Bundle,0.0821,2026-07-11
CUST100078252,Device Insurance,0.7813,2026-07-16
CUST100084512,5G Handset Upgrade,0.1717,2026-07-15
CUST100022048,International Roaming Pack,0.8749,2026-07-06
CUST100060147,International Roaming Pack,0.3468,2026-07-12
CUST100091708,5G Handset Upgrade,0.1359,2026-07-18
CUST100022195,International Roaming Pack,0.811,2026-07-20
CUST100029507,Streaming Bundle,0.7236,2026-07-08
CUST100037652,Streaming Bundle,0.3126,2026-07-08
CUST100024284,Home Security Add-on,0.2815,2026-07-04
CUST100026660,Device Insurance,0.9864,2026-07-08
CUST100012023,International Roaming Pack,0.0904,2026-07-09
CUST100074255,Streaming Bundle,0.8868,2026-07-04
CUST100097700,Device Insurance,0.0141,2026-07-16
CUST100051145,International Roaming Pack,0.8102,2026-07-14
CUST100059824,Device Insurance,0.8322,2026-07-15
CUST100008369,Family Plan Upgrade,0.1415,2026-07-08
CUST100093895,International Roaming Pack,0.5458,2026-07-16
CUST100019519,Family Plan Upgrade,0.283,2026-07-20
CUST100091608,Streaming Bundle,0.4384,2026-07-02
CUST100053920,Family Plan Upgrade,0.5972,2026-07-18
CUST100080915,5G Handset Upgrade,0.9387,2026-07-05
CUST100066564,Device Insurance,0.5287,2026-07-13
CUST100060919,Home Security Add-on,0.0695,2026-07-19
CUST100071090,5G Handset Upgrade,0.0433,2026-07-04
CUST100094486,5G Handset Upgrade,0.2239,2026-07-02
CUST100074715,International Roaming Pack,0.5699,2026-07-14
CUST100092602,Streaming Bundle,0.0047,2026-07-20
CUST100042583,International Roaming Pack,0.1361,2026-07-12
CUST100083390,Family Plan Upgrade,0.7826,2026-07-07
CUST100058197,Streaming Bundle,0.6733,2026-07-21
CUST100053983,Family Plan Upgrade,0.7186,2026-07-20
CUST100072041,Home Security Add-on,0.5648,2026-07-21
CUST100022078,5G Handset Upgrade,0.8733,2026-07-02
CUST100040656,5G Handset Upgrade,0.4141,2026-07-06
CUST100073552,5G Handset Upgrade,0.7827,2026-07-10
CUST100026572,International Roaming Pack,0.4443,2026-07-06
CUST100065293,International Roaming Pack,0.465,2026-07-10
CUST100046327,Home Security Add-on,0.8068,2026-07-03
CUST100056217,International Roaming Pack,0.7567,2026-07-01
CUST100022790,5G Handset Upgrade,0.281,2026-07-20
CUST100060433,Streaming Bundle,0.6149,2026-07-14
CUST100069770,Streaming Bundle,0.4218,2026-07-22
CUST100020490,Device Insurance,0.435,2026-07-08
CUST100007140,Streaming Bundle,0.2836,2026-07-16
CUST100024344,International Roaming Pack,0.9951,2026-07-05
CUST100092070,Device Insurance,0.6862,2026-07-22
CUST100083567,Home Security Add-on,0.368,2026-07-03
CUST100096527,5G Handset Upgrade,0.3675,2026-07-19
CUST100074398,Device Insurance,0.4539,2026-07-17
CUST100029912,Device Insurance,0.3103,2026-07-20
CUST100030190,Device Insurance,0.0673,2026-07-16
CUST100086585,Family Plan Upgrade,0.4766,2026-07-19
CUST100023941,Device Insurance,0.5248,2026-07-04
CUST100089945,Family Plan Upgrade,0.033,2026-07-09
CUST100071891,5G Handset Upgrade,0.4287,2026-07-03
CUST100073137,Family Plan Upgrade,0.8446,2026-07-03
CUST100026796,5G Handset Upgrade,0.9416,2026-07-05
CUST100071715,5G Handset Upgrade,0.361,2026-07-14
CUST100046790,International Roaming Pack,0.4319,2026-07-01
CUST100072419,Device Insurance,0.0463,2026-07-21
CUST100031476,Home Security Add-on,0.349,2026-07-13
CUST100010819,International Roaming Pack,0.4258,2026-07-13
CUST100010220,Home Security Add-on,0.8654,2026-07-11
CUST100038512,Streaming Bundle,0.0438,2026-07-07
CUST100070466,5G Handset Upgrade,0.5667,2026-07-12
CUST100016268,Home Security Add-on,0.2375,2026-07-10
CUST100084952,Family Plan Upgrade,0.82,2026-07-02
CUST100004778,Family Plan Upgrade,0.9845,2026-07-22
CUST100028746,Home Security Add-on,0.8488,2026-07-13
CUST100058274,International Roaming Pack,0.2273,2026-07-09
CUST100044942,5G Handset Upgrade,0.1066,2026-07-05
CUST100073364,International Roaming Pack,0.244,2026-07-15
CUST100001327,5G Handset Upgrade,0.1295,2026-07-05
CUST100074865,Streaming Bundle,0.1745,2026-07-11
CUST100070514,Streaming Bundle,0.7783,2026-07-17
CUST100058245,International Roaming Pack,0.9683,2026-07-15
CUST100036915,Streaming Bundle,0.11,2026-07-06
CUST100082732,5G Handset Upgrade,0.3977,2026-07-07
CUST100098588,Home Security Add-on,0.5169,2026-07-02
CUST100099716,Device Insurance,0.5162,2026-07-02
CUST100073953,Family Plan Upgrade,0.4909,2026-07-20
CUST100015570,Home Security Add-on,0.1396,2026-07-04
CUST100078879,Device Insurance,0.004,2026-07-20
CUST100082324,Family Plan Upgrade,0.297,2026-07-21
CUST100087877,5G Handset Upgrade,0.308,2026-07-10
CUST100044887,International Roaming Pack,0.2852,2026-07-08
CUST100052863,Family Plan Upgrade,0.1856,2026-07-23
CUST100081375,Home Security Add-on,0.7849,2026-07-20
CUST100095732,Home Security Add-on,0.1543,2026-07-11
CUST100009071,5G Handset Upgrade,0.4958,2026-07-10
CUST100049890,Home Security Add-on,0.4786,2026-07-04
CUST100044803,International Roaming Pack,0.6155,2026-07-02
CUST100044122,Streaming Bundle,0.8918,2026-07-04
CUST100042181,International Roaming Pack,0.8241,2026-07-01
CUST100004708,Family Plan Upgrade,0.3131,2026-07-02
CUST100020397,Family Plan Upgrade,0.8485,2026-07-13
CUST100037424,International Roaming Pack,0.1505,2026-07-05
CUST100049373,Home Security Add-on,0.8315,2026-07-23
CUST100093203,Streaming Bundle,0.0157,2026-07-19
CUST100083580,Home Security Add-on,0.122,2026-07-15
CUST100017616,Streaming Bundle,0.6325,2026-07-04
CUST100033398,International Roaming Pack,0.0617,2026-07-18
CUST100087607,Home Security Add-on,0.9158,2026-07-06
CUST100010862,Streaming Bundle,0.1212,2026-07-09
CUST100065479,Home Security Add-on,0.9632,2026-07-05
CUST100054849,Device Insurance,0.137,2026-07-20
CUST100096291,Home Security Add-on,0.3047,2026-07-09
CUST100008907,Device Insurance,0.1126,2026-07-15
CUST100021847,Home Security Add-on,0.5602,2026-07-22
CUST100006173,5G Handset Upgrade,0.3225,2026-07-13
CUST100071174,Device Insurance,0.9865,2026-07-06
CUST100000900,5G Handset Upgrade,0.1007,2026-07-09
CUST100006793,5G Handset Upgrade,0.8432,2026-07-11
CUST100051658,Family Plan Upgrade,0.8433,2026-07-06
CUST100042884,5G Handset Upgrade,0.0788,2026-07-19
CUST100037445,Device Insurance,0.2145,2026-07-02
CUST100099047,Home Security Add-on,0.422,2026-07-08
CUST100032764,Family Plan Upgrade,0.2596,2026-07-22
CUST100094431,Home Security Add-on,0.4138,2026-07-03
CUST100043103,Family Plan Upgrade,0.3313,2026-07-14
CUST100096965,International Roaming Pack,0.3344,2026-07-09
CUST100073972,Device Insurance,0.0723,2026-07-22
CUST100077190,Device Insurance,0.8306,2026-07-01
CUST100035425,Device Insurance,0.2448,2026-07-06
CUST100087857,International Roaming Pack,0.4949,2026-07-16
CUST100045675,Streaming Bundle,0.9116,2026-07-12
CUST100040271,Family Plan Upgrade,0.2576,2026-07-09
CUST100096804,Home Security Add-on,0.6568,2026-07-17
CUST100059946,Family Plan Upgrade,0.207,2026-07-23
CUST100063198,Streaming Bundle,0.1094,2026-07-09
CUST100066679,Family Plan Upgrade,0.4605,2026-07-23
CUST100035189,Family Plan Upgrade,0.0244,2026-07-23
CUST100099309,Home Security Add-on,0.3203,2026-07-15
CUST100030904,Home Security Add-on,0.4848,2026-07-04
CUST100053938,Home Security Add-on,0.5175,2026-07-19
CUST100046060,International Roaming Pack,0.9374,2026-07-07
CUST100070519,Home Security Add-on,0.2152,2026-07-01
CUST100057330,Home Security Add-on,0.1981,2026-07-14
CUST100015151,Home Security Add-on,0.0118,2026-07-02
CUST100083537,5G Handset Upgrade,0.7113,2026-07-14
CUST100072614,Family Plan Upgrade,0.0069,2026-07-13
CUST100090247,Streaming Bundle,0.0795,2026-07-11
CUST100040447,International Roaming Pack,0.8845,2026-07-04
CUST100012532,Home Security Add-on,0.1869,2026-07-05
CUST100092457,Home Security Add-on,0.6439,2026-07-11
CUST100052355,Device Insurance,0.6699,2026-07-16
CUST100038861,Family Plan Upgrade,0.2693,2026-07-12
CUST100036370,Family Plan Upgrade,0.6199,2026-07-21
CUST100047695,5G Handset Upgrade,0.4094,2026-07-18
CUST100033686,Family Plan Upgrade,0.3136,2026-07-16
CUST100029336,Streaming Bundle,0.0382,2026-07-01
CUST100069911,Device Insurance,0.1003,2026-07-16
CUST100019551,Device Insurance,0.4774,2026-07-07
CUST100096953,International Roaming Pack,0.4486,2026-07-16
CUST100040736,Family Plan Upgrade,0.0076,2026-07-09
CUST100037619,International Roaming Pack,0.0132,2026-07-20
CUST100004528,5G Handset Upgrade,0.9847,2026-07-02
CUST100082954,Family Plan Upgrade,0.7579,2026-07-13
CUST100070750,International Roaming Pack,0.608,2026-07-15
CUST100064042,Home Security Add-on,0.3502,2026-07-05
CUST100030902,Family Plan Upgrade,0.8428,2026-07-18
CUST100017331,5G Handset Upgrade,0.4893,2026-07-04
CUST100042157,Home Security Add-on,0.6229,2026-07-12
CUST100096833,Family Plan Upgrade,0.0854,2026-07-08
CUST100067338,Home Security Add-on,0.8909,2026-07-20
CUST100088137,Streaming Bundle,0.8841,2026-07-07
CUST100023460,Family Plan Upgrade,0.358,2026-07-12
CUST100021468,Home Security Add-on,0.0008,2026-07-07
CUST100004518,Family Plan Upgrade,0.1972,2026-07-23
CUST100001581,Device Insurance,0.0973,2026-07-03
CUST100007778,Streaming Bundle,0.4642,2026-07-02
CUST100094082,5G Handset Upgrade,0.1647,2026-07-18
CUST100060419,Family Plan Upgrade,0.0298,2026-07-19
CUST100096333,International Roaming Pack,0.913,2026-07-22
CUST100083206,Streaming Bundle,0.4058,2026-07-21
CUST100085836,Device Insurance,0.6111,2026-07-17
CUST100043424,Device Insurance,0.4452,2026-07-12
CUST100000892,5G Handset Upgrade,0.8313,2026-07-03
CUST100005853,International Roaming Pack,0.2951,2026-07-08
CUST100006676,International Roaming Pack,0.9886,2026-07-09
CUST100027675,International Roaming Pack,0.4767,2026-07-02
CUST100053689,Streaming Bundle,0.7561,2026-07-22
CUST100026800,Device Insurance,0.2859,2026-07-08
CUST100056666,Device Insurance,0.0086,2026-07-03
CUST100048628,Family Plan Upgrade,0.6326,2026-07-12
CUST100030906,International Roaming Pack,0.8815,2026-07-21
CUST100025740,5G Handset Upgrade,0.975,2026-07-07
CUST100070187,Device Insurance,0.5013,2026-07-19
CUST100016724,Family Plan Upgrade,0.9249,2026-07-18
CUST100011978,5G Handset Upgrade,0.0968,2026-07-21
CUST100056893,Family Plan Upgrade,0.6561,2026-07-19
CUST100029984,5G Handset Upgrade,0.4883,2026-07-09
CUST100044346,Family Plan Upgrade,0.0339,2026-07-17
CUST100027748,5G Handset Upgrade,0.9372,2026-07-20
CUST100095293,5G Handset Upgrade,0.3213,2026-07-19
CUST100075298,Device Insurance,0.4468,2026-07-04
CUST100048508,Streaming Bundle,0.7349,2026-07-07
CUST100013570,Device Insurance,0.3801,2026-07-10
CUST100046885,5G Handset Upgrade,0.9224,2026-07-01
CUST100050343,Family Plan Upgrade,0.9711,2026-07-02
CUST100041221,Device Insurance,0.6573,2026-07-07
CUST100059498,5G Handset Upgrade,0.3423,2026-07-05
CUST100085756,Home Security Add-on,0.9814,2026-07-04
CUST100081453,Streaming Bundle,0.6484,2026-07-08
CUST100054904,Streaming Bundle,0.581,2026-07-18
CUST100083170,International Roaming Pack,0.2228,2026-07-08
CUST100013650,Home Security Add-on,0.5236,2026-07-22
CUST100030761,International Roaming Pack,0.7874,2026-07-18
CUST100058355,Device Insurance,0.9969,2026-07-13
CUST100012157,Device Insurance,0.1252,2026-07-02
CUST100049078,Family Plan Upgrade,0.5592,2026-07-23
CUST100039064,Streaming Bundle,0.7422,2026-07-12
CUST100023569,5G Handset Upgrade,0.3646,2026-07-21
CUST100057755,Home Security Add-on,0.6171,2026-07-19
CUST100043168,Device Insurance,0.4406,2026-07-17
CUST100041830,Family Plan Upgrade,0.8661,2026-07-12
CUST100019833,Family Plan Upgrade,0.0388,2026-07-04
CUST100027492,Device Insurance,0.6656,2026-07-07
CUST100040918,Family Plan Upgrade,0.7992,2026-07-21
CUST100075854,Streaming Bundle,0.0356,2026-07-19
CUST100098303,International Roaming Pack,0.8998,2026-07-14
CUST100000223,Home Security Add-on,0.6756,2026-07-02
CUST100098272,Streaming Bundle,0.0205,2026-07-14
CUST100043699,International Roaming Pack,0.865,2026-07-13
CUST100011984,Streaming Bundle,0.0988,2026-07-08
CUST100039906,Home Security Add-on,0.133,2026-07-04
CUST100000493,Streaming Bundle,0.4047,2026-07-08
CUST100082169,Device Insurance,0.8907,2026-07-23
CUST100010877,Streaming Bundle,0.643,2026-07-12
CUST100080459,Streaming Bundle,0.8681,2026-07-16
CUST100089061,5G Handset Upgrade,0.6062,2026-07-07
CUST100092857,Family Plan Upgrade,0.8417,2026-07-14
CUST100003828,Device Insurance,0.3524,2026-07-17
CUST100075841,Home Security Add-on,0.1643,2026-07-21
CUST100027462,Streaming Bundle,0.4222,2026-07-04
CUST100020038,Home Security Add-on,0.0501,2026-07-14
CUST100033629,Streaming Bundle,0.103,2026-07-23
CUST100086172,Device Insurance,0.0117,2026-07-23
CUST100087251,5G Handset Upgrade,0.6922,2026-07-22
CUST100030012,Home Security Add-on,0.2873,2026-07-09
CUST100053648,Home Security Add-on,0.7224,2026-07-12
CUST100016875,International Roaming Pack,0.239,2026-07-13
CUST100073287,International Roaming Pack,0.532,2026-07-05
CUST100023744,Family Plan Upgrade,0.1341,2026-07-04
CUST100017574,Family Plan Upgrade,0.9186,2026-07-16
CUST100087432,5G Handset Upgrade,0.0216,2026-07-15
CUST100069282,Family Plan Upgrade,0.9617,2026-07-21
CUST100097969,Home Security Add-on,0.8594,2026-07-09
CUST100081535,International Roaming Pack,0.8701,2026-07-06
CUST100052296,Family Plan Upgrade,0.3234,2026-07-21
CUST100011487,International Roaming Pack,0.013,2026-07-04
CUST100064796,Home Security Add-on,0.6051,2026-07-22
CUST100070146,Family Plan Upgrade,0.7334,2026-07-02
CUST100021341,Device Insurance,0.2279,2026-07-10
CUST100005894,Family Plan Upgrade,0.079,2026-07-01
CUST100018910,Home Security Add-on,0.6556,2026-07-08
CUST100041901,Family Plan Upgrade,0.8857,2026-07-16
CUST100095154,Family Plan Upgrade,0.9237,2026-07-12
CUST100043817,Home Security Add-on,0.9254,2026-07-11
CUST100033051,Device Insurance,0.4133,2026-07-04
CUST100078994,Family Plan Upgrade,0.5972,2026-07-15
CUST100055813,Home Security Add-on,0.8865,2026-07-13
CUST100090377,5G Handset Upgrade,0.9471,2026-07-13
CUST100058936,International Roaming Pack,0.3481,2026-07-02
CUST100055018,Family Plan Upgrade,0.8628,2026-07-15
CUST100033651,Device Insurance,0.5257,2026-07-05
CUST100034694,Device Insurance,0.6126,2026-07-04
CUST100076369,Home Security Add-on,0.7665,2026-07-01
CUST100045792,Streaming Bundle,0.6238,2026-07-01
CUST100079622,Streaming Bundle,0.4888,2026-07-19
CUST100073467,Family Plan Upgrade,0.9019,2026-07-07
CUST100064404,Device Insurance,0.416,2026-07-03
CUST100094106,5G Handset Upgrade,0.1361,2026-07-05
CUST100042368,5G Handset Upgrade,0.7372,2026-07-18
CUST100035647,5G Handset Upgrade,0.9896,2026-07-08
CUST100088583,Streaming Bundle,0.5587,2026-07-18
CUST100034026,International Roaming Pack,0.2119,2026-07-22
CUST100074478,5G Handset Upgrade,0.9468,2026-07-15
CUST100088384,Device Insurance,0.8798,2026-07-01
CUST100088930,Streaming Bundle,0.0965,2026-07-13
CUST100077549,5G Handset Upgrade,0.2539,2026-07-17
CUST100054372,Streaming Bundle,0.7012,2026-07-23
CUST100024426,Family Plan Upgrade,0.3422,2026-07-06
CUST100069247,Family Plan Upgrade,0.4354,2026-07-09
CUST100015607,Family Plan Upgrade,0.3018,2026-07-16
CUST100088374,Device Insurance,0.2897,2026-07-10
CUST100025617,5G Handset Upgrade,0.5445,2026-07-01
CUST100040388,5G Handset Upgrade,0.9931,2026-07-11
CUST100077165,Device Insurance,0.5692,2026-07-02
CUST100015592,5G Handset Upgrade,0.7551,2026-07-16
CUST100046065,Device Insurance,0.3991,2026-07-11
CUST100001763,Home Security Add-on,0.8118,2026-07-20
CUST100046892,International Roaming Pack,0.9461,2026-07-03
CUST100064822,Family Plan Upgrade,0.066,2026-07-11
CUST100005056,Family Plan Upgrade,0.5629,2026-07-03
CUST100085184,Streaming Bundle,0.1624,2026-07-22
CUST100080453,Streaming Bundle,0.5564,2026-07-01
CUST100098225,International Roaming Pack,0.9632,2026-07-20
CUST100048099,Streaming Bundle,0.2433,2026-07-16
CUST100078825,Streaming Bundle,0.8541,2026-07-22
CUST100059979,International Roaming Pack,0.2621,2026-07-08
CUST100039819,Family Plan Upgrade,0.9311,2026-07-04
CUST100050857,Home Security Add-on,0.4595,2026-07-06
CUST100028721,5G Handset Upgrade,0.9708,2026-07-05
CUST100037773,Home Security Add-on,0.8872,2026-07-22
CUST100071909,5G Handset Upgrade,0.1992,2026-07-03
CUST100020640,Home Security Add-on,0.0688,2026-07-21
CUST100041909,International Roaming Pack,0.552,2026-07-03
CUST100017473,Home Security Add-on,0.8558,2026-07-14
CUST100065629,Streaming Bundle,0.4488,2026-07-18
CUST100091201,Device Insurance,0.1902,2026-07-21
CUST100067988,5G Handset Upgrade,0.3429,2026-07-09
CUST100001996,5G Handset Upgrade,0.8399,2026-07-20
CUST100006951,Family Plan Upgrade,0.5245,2026-07-21
CUST100066662,Streaming Bundle,0.0278,2026-07-15
CUST100000068,Home Security Add-on,0.7322,2026-07-22
CUST100020459,Streaming Bundle,0.5456,2026-07-07
CUST100021605,Streaming Bundle,0.7412,2026-07-21
CUST100035113,International Roaming Pack,0.6424,2026-07-18
CUST100077484,Home Security Add-on,0.0754,2026-07-21
CUST100011451,Home Security Add-on,0.5444,2026-07-23
CUST100068723,Family Plan Upgrade,0.6954,2026-07-14
CUST100076178,5G Handset Upgrade,0.7496,2026-07-07
CUST100064441,International Roaming Pack,0.7321,2026-07-17
CUST100028936,Home Security Add-on,0.4849,2026-07-17
CUST100064716,Home Security Add-on,0.106,2026-07-01
CUST100095116,Family Plan Upgrade,0.8842,2026-07-10
CUST100058019,International Roaming Pack,0.9299,2026-07-01
CUST100006743,Device Insurance,0.1237,2026-07-04
CUST100046786,International Roaming Pack,0.4617,2026-07-09
CUST100033413,Home Security Add-on,0.7838,2026-07-10
CUST100016795,Device Insurance,0.6991,2026-07-02
CUST100060763,Device Insurance,0.1473,2026-07-08
CUST100007510,International Roaming Pack,0.9664,2026-07-06
CUST100086707,Device Insurance,0.5547,2026-07-03
CUST100028695,5G Handset Upgrade,0.47,2026-07-17
CUST100018374,Device Insurance,0.0728,2026-07-11
CUST100083297,International Roaming Pack,0.1559,2026-07-22
CUST100098428,Device Insurance,0.2683,2026-07-05
CUST100093648,Family Plan Upgrade,0.8083,2026-07-08
CUST100002022,Family Plan Upgrade,0.3916,2026-07-15
CUST100047143,5G Handset Upgrade,0.6314,2026-07-21
CUST100015259,Device Insurance,0.8744,2026-07-20
CUST100002122,Streaming Bundle,0.8386,2026-07-01
CUST100031722,Family Plan Upgrade,0.6096,2026-07-20
CUST100015119,Streaming Bundle,0.5249,2026-07-05
CUST100054632,International Roaming Pack,0.4516,2026-07-14
CUST100049887,5G Handset Upgrade,0.5766,2026-07-08
CUST100083342,Streaming Bundle,0.541,2026-07-15
CUST100069969,Streaming Bundle,0.9216,2026-07-23
CUST100095497,Family Plan Upgrade,0.7526,2026-07-02
CUST100048574,Device Insurance,0.3294,2026-07-14
CUST100098559,Device Insurance,0.829,2026-07-04
CUST100093990,Family Plan Upgrade,0.0919,2026-07-21
CUST100055573,Family Plan Upgrade,0.5296,2026-07-09
CUST100032365,Device Insurance,0.6836,2026-07-07
CUST100095111,International Roaming Pack,0.3826,2026-07-09
CUST100084017,Home Security Add-on,0.3047,2026-07-18
CUST100086071,Family Plan Upgrade,0.2396,2026-07-02
CUST100058248,5G Handset Upgrade,0.9711,2026-07-17
CUST100044996,5G Handset Upgrade,0.6853,2026-07-02
CUST100006841,Family Plan Upgrade,0.4926,2026-07-10
CUST100084271,Home Security Add-on,0.3736,2026-07-18
CUST100038667,Home Security Add-on,0.3417,2026-07-08
CUST100048795,5G Handset Upgrade,0.8686,2026-07-22
CUST100012524,Family Plan Upgrade,0.1956,2026-07-04
CUST100027437,Home Security Add-on,0.7163,2026-07-21
CUST100093578,Device Insurance,0.3482,2026-07-10
CUST100003781,5G Handset Upgrade,0.4023,2026-07-18
CUST100040708,Streaming Bundle,0.2307,2026-07-13
CUST100025878,International Roaming Pack,0.5232,2026-07-21
CUST100018322,Streaming Bundle,0.0202,2026-07-05
CUST100017653,Device Insurance,0.5936,2026-07-04
CUST100013413,5G Handset Upgrade,0.2903,2026-07-18
CUST100026053,Home Security Add-on,0.7502,2026-07-14
CUST100081779,5G Handset Upgrade,0.3466,2026-07-14
CUST100014367,Streaming Bundle,0.8893,2026-07-18
CUST100091786,Device Insurance,0.1332,2026-07-01
CUST100078220,Home Security Add-on,0.5395,2026-07-19
CUST100067292,Streaming Bundle,0.6033,2026-07-07
CUST100049476,Device Insurance,0.9031,2026-07-14
CUST100077843,Home Security Add-on,0.2124,2026-07-14
CUST100002611,Device Insurance,0.4656,2026-07-06
CUST100031508,Device Insurance,0.0951,2026-07-21
CUST100025341,Device Insurance,0.3218,2026-07-11
CUST100054877,Home Security Add-on,0.842,2026-07-19
CUST100074697,Streaming Bundle,0.2182,2026-07-10
CUST100084609,Streaming Bundle,0.2008,2026-07-14
CUST100055556,Home Security Add-on,0.9936,2026-07-07
CUST100063695,Family Plan Upgrade,0.449,2026-07-18
CUST100059184,Streaming Bundle,0.8405,2026-07-10
CUST100042534,Device Insurance,0.5386,2026-07-11
CUST100074020,International Roaming Pack,0.7243,2026-07-15
CUST100015327,Streaming Bundle,0.2029,2026-07-09
CUST100022880,Family Plan Upgrade,0.4381,2026-07-18
CUST100006784,Family Plan Upgrade,0.1721,2026-07-09
CUST100010596,Streaming Bundle,0.3457,2026-07-05
CUST100057748,International Roaming Pack,0.142,2026-07-12
CUST100013006,Device Insurance,0.4913,2026-07-04
CUST100073093,Family Plan Upgrade,0.5475,2026-07-07
CUST100074372,Streaming Bundle,0.7422,2026-07-16
CUST100032975,5G Handset Upgrade,0.9583,2026-07-15
CUST100066998,Family Plan Upgrade,0.1831,2026-07-10
CUST100024796,Family Plan Upgrade,0.496,2026-07-11
CUST100084761,5G Handset Upgrade,0.2972,2026-07-04
CUST100065238,International Roaming Pack,0.1777,2026-07-16
CUST100042103,5G Handset Upgrade,0.1787,2026-07-10
CUST100081206,Family Plan Upgrade,0.7578,2026-07-12
CUST100038210,Device Insurance,0.8394,2026-07-02
CUST100083724,5G Handset Upgrade,0.6314,2026-07-15
CUST100016272,International Roaming Pack,0.1892,2026-07-08
CUST100041542,Home Security Add-on,0.2418,2026-07-04
CUST100026610,Streaming Bundle,0.1076,2026-07-16
CUST100078624,Device Insurance,0.3147,2026-07-23
CUST100027280,International Roaming Pack,0.1315,2026-07-09
CUST100074231,5G Handset Upgrade,0.0129,2026-07-22
CUST100037165,Family Plan Upgrade,0.5111,2026-07-23
CUST100092779,International Roaming Pack,0.1417,2026-07-18
CUST100099447,Home Security Add-on,0.7156,2026-07-02
CUST100050564,Home Security Add-on,0.9088,2026-07-07
CUST100092027,Streaming Bundle,0.5137,2026-07-01
CUST100092695,Streaming Bundle,0.3937,2026-07-03
CUST100007797,Family Plan Upgrade,0.9653,2026-07-19
CUST100086796,Family Plan Upgrade,0.4174,2026-07-11
CUST100062993,Family Plan Upgrade,0.3167,2026-07-21
CUST100080355,Device Insurance,0.073,2026-07-14
CUST100013511,5G Handset Upgrade,0.148,2026-07-13
CUST100096031,Family Plan Upgrade,0.8382,2026-07-07
CUST100060817,5G Handset Upgrade,0.8301,2026-07-12
CUST100088246,5G Handset Upgrade,0.5697,2026-07-21
CUST100004083,Device Insurance,0.5598,2026-07-15
CUST100060449,International Roaming Pack,0.0745,2026-07-19
CUST100060151,International Roaming Pack,0.6993,2026-07-23
CUST100010713,International Roaming Pack,0.9589,2026-07-23
CUST100054712,5G Handset Upgrade,0.0182,2026-07-01
CUST100099164,International Roaming Pack,0.9124,2026-07-20
CUST100058959,International Roaming Pack,0.593,2026-07-15
CUST100028381,Device Insurance,0.3796,2026-07-10
CUST100099610,5G Handset Upgrade,0.0263,2026-07-07
CUST100066242,Device Insurance,0.3317,2026-07-12
CUST100055098,Home Security Add-on,0.5048,2026-07-01
CUST100076288,International Roaming Pack,0.511,2026-07-01
CUST100058815,International Roaming Pack,0.4957,2026-07-16
CUST100088769,5G Handset Upgrade,0.9305,2026-07-19
CUST100058334,Streaming Bundle,0.7516,2026-07-18
CUST100068256,Streaming Bundle,0.8522,2026-07-14
CUST100048432,Streaming Bundle,0.5428,2026-07-20
CUST100000000,Streaming Bundle,0.0113,2026-07-05
CUST100090284,Streaming Bundle,0.1993,2026-07-22
CUST100046977,Home Security Add-on,0.0734,2026-07-14
CUST100057878,5G Handset Upgrade,0.7594,2026-07-11
CUST100082938,International Roaming Pack,0.6215,2026-07-20
CUST100030700,Home Security Add-on,0.9781,2026-07-20
CUST100048140,Device Insurance,0.2865,2026-07-15
CUST100073264,Device Insurance,0.707,2026-07-03
CUST100059306,International Roaming Pack,0.6654,2026-07-06
CUST100084025,Family Plan Upgrade,0.0344,2026-07-07
CUST100037713,Family Plan Upgrade,0.3801,2026-07-01
CUST100056025,Home Security Add-on,0.5935,2026-07-20
CUST100066673,Family Plan Upgrade,0.75,2026-07-12
CUST100096669,Device Insurance,0.6433,2026-07-10
CUST100060944,5G Handset Upgrade,0.4022,2026-07-15
CUST100061841,Home Security Add-on,0.5181,2026-07-10
CUST100072230,Streaming Bundle,0.4676,2026-07-04
CUST100065639,Streaming Bundle,0.3728,2026-07-19
CUST100052120,Family Plan Upgrade,0.3396,2026-07-15
CUST100091883,Device Insurance,0.9818,2026-07-13
CUST100087891,Home Security Add-on,0.3898,2026-07-10
CUST100086042,5G Handset Upgrade,0.3524,2026-07-14
CUST100076098,Streaming Bundle,0.7629,2026-07-11
CUST100087373,International Roaming Pack,0.54,2026-07-14
CUST100089235,Device Insurance,0.4275,2026-07-09
CUST100082925,Streaming Bundle,0.9779,2026-07-11
CUST100098748,Streaming Bundle,0.429,2026-07-09
CUST100089367,5G Handset Upgrade,0.8985,2026-07-08
CUST100034225,Streaming Bundle,0.8828,2026-07-19
CUST100080830,Streaming Bundle,0.0803,2026-07-08
CUST100088078,Home Security Add-on,0.0257,2026-07-06
CUST100057938,International Roaming Pack,0.3523,2026-07-11
CUST100078084,Family Plan Upgrade,0.2935,2026-07-02
CUST100013343,International Roaming Pack,0.0417,2026-07-19
CUST100058640,Streaming Bundle,0.9959,2026-07-04
CUST100041503,Streaming Bundle,0.2281,2026-07-16
CUST100024995,Streaming Bundle,0.6299,2026-07-19
CUST100003086,Family Plan Upgrade,0.7675,2026-07-15
CUST100032079,Home Security Add-on,0.5474,2026-07-04
CUST100053172,Device Insurance,0.4242,2026-07-20
CUST100020255,Streaming Bundle,0.8276,2026-07-22
CUST100077494,International Roaming Pack,0.8427,2026-07-14
CUST100025290,Family Plan Upgrade,0.8465,2026-07-23
CUST100004147,5G Handset Upgrade,0.1938,2026-07-16
CUST100096712,Device Insurance,0.4044,2026-07-09
CUST100060828,International Roaming Pack,0.6686,2026-07-03
CUST100088820,International Roaming Pack,0.9849,2026-07-14
CUST100066187,Streaming Bundle,0.4506,2026-07-20
CUST100092598,Home Security Add-on,0.7701,2026-07-08
CUST100004103,Device Insurance,0.8074,2026-07-16
CUST100026641,Home Security Add-on,0.885,2026-07-22
CUST100006430,5G Handset Upgrade,0.6795,2026-07-19
CUST100093629,5G Handset Upgrade,0.3333,2026-07-15
CUST100097678,International Roaming Pack,0.1255,2026-07-20
CUST100062997,Family Plan Upgrade,0.1567,2026-07-02
CUST100021084,International Roaming Pack,0.3516,2026-07-06
CUST100039714,Family Plan Upgrade,0.6644,2026-07-14
CUST100084141,5G Handset Upgrade,0.9159,2026-07-16
CUST100086116,Streaming Bundle,0.6685,2026-07-13
CUST100044537,Device Insurance,0.9984,2026-07-23
CUST100087234,Home Security Add-on,0.3229,2026-07-03
CUST100001209,Device Insurance,0.7166,2026-07-09
CUST100098070,Streaming Bundle,0.8876,2026-07-05
CUST100079424,Home Security Add-on,0.0153,2026-07-16
CUST100068565,Home Security Add-on,0.2409,2026-07-21
CUST100080054,Device Insurance,0.9144,2026-07-01
CUST100061603,Family Plan Upgrade,0.9568,2026-07-09
CUST100006040,Home Security Add-on,0.6177,2026-07-20
CUST100084480,Device Insurance,0.3656,2026-07-06
CUST100090710,International Roaming Pack,0.1867,2026-07-11
CUST100005835,Device Insurance,0.6133,2026-07-23
CUST100004800,Family Plan Upgrade,0.4699,2026-07-19
CUST100069588,Family Plan Upgrade,0.3986,2026-07-01
CUST100052175,Home Security Add-on,0.6459,2026-07-09
CUST100034875,5G Handset Upgrade,0.1102,2026-07-17
CUST100019231,Family Plan Upgrade,0.1201,2026-07-08
CUST100026666,Device Insurance,0.9238,2026-07-05
CUST100031099,Device Insurance,0.7958,2026-07-21
CUST100005351,Device Insurance,0.05,2026-07-06
CUST100089594,Home Security Add-on,0.7329,2026-07-17
CUST100004917,Family Plan Upgrade,0.5789,2026-07-01
CUST100083734,Home Security Add-on,0.2262,2026-07-07
CUST100080564,Home Security Add-on,0.2454,2026-07-12
CUST100070356,Device Insurance,0.3058,2026-07-01
CUST100016451,5G Handset Upgrade,0.2883,2026-07-18
CUST100058728,5G Handset Upgrade,0.906,2026-07-07
CUST100062005,Device Insurance,0.5418,2026-07-23
CUST100079660,5G Handset Upgrade,0.8371,2026-07-05
CUST100012394,5G Handset Upgrade,0.2846,2026-07-05
CUST100012286,5G Handset Upgrade,0.093,2026-07-12
CUST100098996,Streaming Bundle,0.6105,2026-07-03
CUST100038692,Home Security Add-on,0.2481,2026-07-23
CUST100058110,Home Security Add-on,0.0199,2026-07-20
CUST100030953,Family Plan Upgrade,0.4029,2026-07-11
CUST100015723,Device Insurance,0.5739,2026-07-19
CUST100060399,Streaming Bundle,0.4525,2026-07-02
CUST100098982,Device Insurance,0.9052,2026-07-21
CUST100069054,Streaming Bundle,0.2183,2026-07-16
CUST100058903,International Roaming Pack,0.9463,2026-07-18
CUST100089651,Streaming Bundle,0.378,2026-07-11
CUST100053063,Home Security Add-on,0.8638,2026-07-10
CUST100090557,Family Plan Upgrade,0.1929,2026-07-16
CUST100052864,Device Insurance,0.1006,2026-07-12
CUST100044900,Family Plan Upgrade,0.8433,2026-07-17
CUST100042916,International Roaming Pack,0.8446,2026-07-02
CUST100002385,International Roaming Pack,0.5964,2026-07-19
CUST100092785,Device Insurance,0.8737,2026-07-14
CUST100003669,Family Plan Upgrade,0.2251,2026-07-14
CUST100022482,Family Plan Upgrade,0.393,2026-07-18
CUST100087909,Home Security Add-on,0.64,2026-07-09
CUST100068695,International Roaming Pack,0.388,2026-07-01
CUST100018316,Home Security Add-on,0.3492,2026-07-21
CUST100046471,Family Plan Upgrade,0.11,2026-07-14
CUST100094875,5G Handset Upgrade,0.8268,2026-07-06
CUST100022976,Device Insurance,0.4952,2026-07-03
CUST100011713,Device Insurance,0.231,2026-07-16
CUST100021221,Home Security Add-on,0.3024,2026-07-04
CUST100080714,Home Security Add-on,0.8665,2026-07-01
CUST100065575,Family Plan Upgrade,0.0817,2026-07-04
CUST100067518,International Roaming Pack,0.2429,2026-07-03
CUST100048534,Home Security Add-on,0.8299,2026-07-22
CUST100009152,Device Insurance,0.352,2026-07-08
CUST100026034,Home Security Add-on,0.9018,2026-07-22
CUST100026703,Device Insurance,0.8622,2026-07-09
CUST100042223,International Roaming Pack,0.9563,2026-07-09
CUST100076947,5G Handset Upgrade,0.5405,2026-07-10
CUST100092179,5G Handset Upgrade,0.056,2026-07-09
CUST100099307,Family Plan Upgrade,0.8639,2026-07-05
CUST100094261,Home Security Add-on,0.6167,2026-07-06
CUST100047645,Device Insurance,0.5976,2026-07-05
CUST100006918,Home Security Add-on,0.5759,2026-07-09
CUST100070814,International Roaming Pack,0.4525,2026-07-15
CUST100012162,International Roaming Pack,0.2837,2026-07-19
CUST100071576,5G Handset Upgrade,0.3989,2026-07-07
CUST100062807,Streaming Bundle,0.8483,2026-07-22
CUST100070610,Home Security Add-on,0.9547,2026-07-12
CUST100091719,Streaming Bundle,0.5254,2026-07-23
CUST100097584,5G Handset Upgrade,0.4188,2026-07-17
CUST100073531,5G Handset Upgrade,0.3158,2026-07-09
CUST100078129,International Roaming Pack,0.4677,2026-07-19
CUST100057792,Device Insurance,0.0765,2026-07-22
CUST100087659,International Roaming Pack,0.502,2026-07-22
CUST100002851,Streaming Bundle,0.6859,2026-07-22
CUST100010216,5G Handset Upgrade,0.791,2026-07-22
CUST100080201,Device Insurance,0.0814,2026-07-05
CUST100081476,Streaming Bundle,0.7348,2026-07-03
CUST100030843,Streaming Bundle,0.2948,2026-07-19
CUST100059271,Device Insurance,0.7106,2026-07-18
CUST100051956,Home Security Add-on,0.5404,2026-07-09
CUST100073578,Family Plan Upgrade,0.8248,2026-07-19
CUST100064399,Streaming Bundle,0.5988,2026-07-06
CUST100083470,Device Insurance,0.0411,2026-07-22
CUST100090082,Device Insurance,0.3448,2026-07-23
CUST100004783,Family Plan Upgrade,0.8513,2026-07-11
CUST100004145,5G Handset Upgrade,0.6145,2026-07-02
CUST100071511,Streaming Bundle,0.4097,2026-07-03
CUST100045690,5G Handset Upgrade,0.253,2026-07-11
CUST100052435,Family Plan Upgrade,0.5098,2026-07-03
CUST100085299,Streaming Bundle,0.6653,2026-07-06
CUST100010614,Device Insurance,0.7345,2026-07-02
CUST100068676,Home Security Add-on,0.2196,2026-07-20
CUST100025453,Family Plan Upgrade,0.6964,2026-07-21
CUST100014374,Device Insurance,0.3154,2026-07-19
CUST100055585,Family Plan Upgrade,0.1803,2026-07-20
CUST100082168,5G Handset Upgrade,0.0872,2026-07-12
CUST100062456,Streaming Bundle,0.6011,2026-07-12
CUST100085177,Home Security Add-on,0.8348,2026-07-07
CUST100074375,International Roaming Pack,0.7665,2026-07-02
CUST100095096,Home Security Add-on,0.8738,2026-07-10
CUST100030243,International Roaming Pack,0.4125,2026-07-14
CUST100070505,Device Insurance,0.9516,2026-07-17
CUST100095468,Device Insurance,0.2515,2026-07-21
CUST100002073,Family Plan Upgrade,0.7572,2026-07-05
CUST100025748,International Roaming Pack,0.8552,2026-07-17
CUST100061464,Family Plan Upgrade,0.8663,2026-07-06
CUST100046290,Home Security Add-on,0.7733,2026-07-04
CUST100005165,5G Handset Upgrade,0.4246,2026-07-05
CUST100062319,Home Security Add-on,0.7568,2026-07-21
CUST100014887,Device Insurance,0.4997,2026-07-14
CUST100078673,International Roaming Pack,0.6133,2026-07-09
CUST100056415,Family Plan Upgrade,0.5797,2026-07-10
CUST100026259,5G Handset Upgrade,0.0004,2026-07-12
CUST100077273,Device Insurance,0.3289,2026-07-13
CUST100091191,Home Security Add-on,0.8419,2026-07-11
CUST100014217,Home Security Add-on,0.3863,2026-07-20
CUST100013222,International Roaming Pack,0.8803,2026-07-19
CUST100094951,Family Plan Upgrade,0.2829,2026-07-06
CUST100040178,5G Handset Upgrade,0.8756,2026-07-19
CUST100096558,Device Insurance,0.5464,2026-07-20
CUST100059898,5G Handset Upgrade,0.4841,2026-07-08
CUST100015353,Home Security Add-on,0.6528,2026-07-18
CUST100066167,Streaming Bundle,0.8055,2026-07-10
CUST100011710,5G Handset Upgrade,0.2509,2026-07-05
CUST100079290,Streaming Bundle,0.2564,2026-07-02
CUST100009400,Streaming Bundle,0.612,2026-07-07
CUST100034080,Home Security Add-on,0.3425,2026-07-05
CUST100062101,5G Handset Upgrade,0.3209,2026-07-11
CUST100046393,5G Handset Upgrade,0.693,2026-07-10
CUST100060784,Device Insurance,0.6798,2026-07-19
CUST100029801,Device Insurance,0.5053,2026-07-08
CUST100053244,Family Plan Upgrade,0.6651,2026-07-03
CUST100016721,International Roaming Pack,0.5777,2026-07-05
CUST100068568,Family Plan Upgrade,0.0265,2026-07-12
CUST100070839,5G Handset Upgrade,0.734,2026-07-21
CUST100071745,Family Plan Upgrade,0.3271,2026-07-21
CUST100002754,5G Handset Upgrade,0.4571,2026-07-17
CUST100010001,5G Handset Upgrade,0.9196,2026-07-18
CUST100009871,Device Insurance,0.3068,2026-07-01
CUST100026809,Family Plan Upgrade,0.8286,2026-07-08
CUST100017821,5G Handset Upgrade,0.2042,2026-07-11
CUST100032190,Streaming Bundle,0.9758,2026-07-12
CUST100033410,International Roaming Pack,0.98,2026-07-02
CUST100084126,Device Insurance,0.0568,2026-07-07
CUST100073977,5G Handset Upgrade,0.5318,2026-07-14
CUST100001601,Streaming Bundle,0.3601,2026-07-16
CUST100010094,Family Plan Upgrade,0.97,2026-07-05
CUST100057196,5G Handset Upgrade,0.3388,2026-07-23
CUST100000193,Streaming Bundle,0.4176,2026-07-21
CUST100012204,5G Handset Upgrade,0.7559,2026-07-07
CUST100091474,Device Insurance,0.658,2026-07-01
CUST100087630,International Roaming Pack,0.9853,2026-07-06
CUST100021614,Streaming Bundle,0.0962,2026-07-01
CUST100047812,Family Plan Upgrade,0.7713,2026-07-23
CUST100027369,Family Plan Upgrade,0.7837,2026-07-06
CUST100071573,5G Handset Upgrade,0.0213,2026-07-06
CUST100054181,Device Insurance,0.6784,2026-07-11
CUST100084949,International Roaming Pack,0.66,2026-07-08
CUST100042670,Streaming Bundle,0.4062,2026-07-05
CUST100052884,Family Plan Upgrade,0.1234,2026-07-10
CUST100033037,Home Security Add-on,0.7837,2026-07-16
CUST100056764,International Roaming Pack,0.1517,2026-07-06
CUST100084651,Home Security Add-on,0.2966,2026-07-06
CUST100099773,Family Plan Upgrade,0.4716,2026-07-10
CUST100097080,Streaming Bundle,0.8471,2026-07-09
CUST100080504,5G Handset Upgrade,0.4492,2026-07-01
CUST100063207,Device Insurance,0.0636,2026-07-15
CUST100061805,Streaming Bundle,0.2069,2026-07-14
CUST100064604,Device Insurance,0.6154,2026-07-02
CUST100062914,Family Plan Upgrade,0.9591,2026-07-22
CUST100035861,5G Handset Upgrade,0.6461,2026-07-07
CUST100037502,International Roaming Pack,0.7362,2026-07-12
CUST100057985,International Roaming Pack,0.7332,2026-07-10
CUST100065914,Home Security Add-on,0.9869,2026-07-02
CUST100055231,Device Insurance,0.8452,2026-07-09
CUST100073757,Streaming Bundle,0.1668,2026-07-19
CUST100045890,Family Plan Upgrade,0.6408,2026-07-02
CUST100051349,Family Plan Upgrade,0.6611,2026-07-06
CUST100057053,Home Security Add-on,0.2905,2026-07-22
CUST100045211,International Roaming Pack,0.5508,2026-07-22
CUST100000452,Family Plan Upgrade,0.4801,2026-07-20
CUST100057376,Device Insurance,0.775,2026-07-03
CUST100046893,Family Plan Upgrade,0.3971,2026-07-21
CUST100003904,Device Insurance,0.4494,2026-07-13
CUST100099432,Device Insurance,0.2437,2026-07-23
CUST100038559,Device Insurance,0.2593,2026-07-08
CUST100046780,International Roaming Pack,0.8901,2026-07-21
CUST100021134,Streaming Bundle,0.3759,2026-07-08
CUST100042172,Streaming Bundle,0.6462,2026-07-01
CUST100084495,Family Plan Upgrade,0.1063,2026-07-23
CUST100088954,Streaming Bundle,0.3964,2026-07-12
CUST100061394,Streaming Bundle,0.3091,2026-07-19
CUST100050985,Device Insurance,0.6186,2026-07-12
CUST100028315,Home Security Add-on,0.5603,2026-07-06
CUST100047969,International Roaming Pack,0.1063,2026-07-06
CUST100075795,International Roaming Pack,0.9635,2026-07-19
CUST100024289,Device Insurance,0.9838,2026-07-23
CUST100077693,5G Handset Upgrade,0.3753,2026-07-09
CUST100060373,Family Plan Upgrade,0.6099,2026-07-15
CUST100087473,International Roaming Pack,0.4153,2026-07-01
CUST100008092,Device Insurance,0.6392,2026-07-11
CUST100065850,Device Insurance,0.7065,2026-07-06
CUST100098031,Family Plan Upgrade,0.7317,2026-07-21
CUST100089172,Home Security Add-on,0.441,2026-07-13
CUST100075901,Streaming Bundle,0.2552,2026-07-01
CUST100041165,International Roaming Pack,0.7742,2026-07-16
CUST100098378,International Roaming Pack,0.0182,2026-07-02
CUST100026675,Family Plan Upgrade,0.0167,2026-07-18
CUST100084053,Device Insurance,0.6058,2026-07-08
CUST100067728,Family Plan Upgrade,0.0588,2026-07-07
CUST100078593,International Roaming Pack,0.9972,2026-07-08
CUST100020897,Streaming Bundle,0.7752,2026-07-14
CUST100042821,Family Plan Upgrade,0.8447,2026-07-21
CUST100089460,5G Handset Upgrade,0.2515,2026-07-01
CUST100015618,Family Plan Upgrade,0.813,2026-07-14
CUST100097600,Home Security Add-on,0.9043,2026-07-18
CUST100060531,5G Handset Upgrade,0.5804,2026-07-17
CUST100036899,5G Handset Upgrade,0.916,2026-07-12
CUST100065191,Streaming Bundle,0.4645,2026-07-20
CUST100037728,Device Insurance,0.9116,2026-07-02
CUST100045724,Family Plan Upgrade,0.3497,2026-07-20
CUST100064659,Home Security Add-on,0.1339,2026-07-20
CUST100015393,Home Security Add-on,0.8927,2026-07-19
CUST100099990,Home Security Add-on,0.1134,2026-07-12
CUST100034730,International Roaming Pack,0.6962,2026-07-05
CUST100020381,Device Insurance,0.5569,2026-07-10
CUST100005812,Streaming Bundle,0.8796,2026-07-10
CUST100092446,5G Handset Upgrade,0.2538,2026-07-07
CUST100031984,International Roaming Pack,0.5085,2026-07-17
CUST100056281,5G Handset Upgrade,0.0596,2026-07-18
CUST100050053,Family Plan Upgrade,0.3438,2026-07-15
CUST100052050,International Roaming Pack,0.7987,2026-07-17
CUST100098205,Streaming Bundle,0.3989,2026-07-13
CUST100030297,International Roaming Pack,0.9507,2026-07-06
CUST100031728,Home Security Add-on,0.357,2026-07-07
CUST100093744,Device Insurance,0.8023,2026-07-09
CUST100036463,Streaming Bundle,0.4724,2026-07-04
CUST100014619,Home Security Add-on,0.4617,2026-07-06
CUST100045407,Device Insurance,0.8324,2026-07-21
CUST100012511,Family Plan Upgrade,0.7305,2026-07-19
CUST100023368,Device Insurance,0.5485,2026-07-21
CUST100032284,Home Security Add-on,0.8379,2026-07-05
CUST100003874,International Roaming Pack,0.1182,2026-07-03
CUST100064244,Device Insurance,0.5934,2026-07-01
CUST100099989,Home Security Add-on,0.6578,2026-07-20
CUST100047636,Home Security Add-on,0.1039,2026-07-14
CUST100068720,Family Plan Upgrade,0.6749,2026-07-01
CUST100002812,5G Handset Upgrade,0.1692,2026-07-10
CUST100081471,Family Plan Upgrade,0.7674,2026-07-07
CUST100054572,Streaming Bundle,0.567,2026-07-19
CUST100089280,Family Plan Upgrade,0.1654,2026-07-10
CUST100069086,Streaming Bundle,0.174,2026-07-17
CUST100021534,Device Insurance,0.334,2026-07-08
CUST100013163,International Roaming Pack,0.2151,2026-07-20
CUST100074698,5G Handset Upgrade,0.675,2026-07-08
CUST100042787,International Roaming Pack,0.4575,2026-07-10
CUST100098617,International Roaming Pack,0.4823,2026-07-16
CUST100049534,Home Security Add-on,0.7615,2026-07-13
CUST100017375,International Roaming Pack,0.1365,2026-07-13
CUST100051511,Family Plan Upgrade,0.6218,2026-07-06
CUST100008102,Device Insurance,0.5496,2026-07-05
CUST100079973,Streaming Bundle,0.5465,2026-07-07
CUST100051561,Streaming Bundle,0.4548,2026-07-06
CUST100004850,International Roaming Pack,0.4392,2026-07-18
CUST100098733,Device Insurance,0.3658,2026-07-08
CUST100094422,5G Handset Upgrade,0.2582,2026-07-15
CUST100036197,Home Security Add-on,0.3638,2026-07-22
CUST100036133,International Roaming Pack,0.9012,2026-07-08
CUST100081790,Family Plan Upgrade,0.1471,2026-07-21
CUST100059991,Family Plan Upgrade,0.4506,2026-07-22
CUST100046364,5G Handset Upgrade,0.0039,2026-07-11
CUST100036843,5G Handset Upgrade,0.5368,2026-07-12
CUST100061436,Streaming Bundle,0.0447,2026-07-16
CUST100005015,Family Plan Upgrade,0.0313,2026-07-11
CUST100017021,Device Insurance,0.951,2026-07-19
CUST100057119,Family Plan Upgrade,0.1541,2026-07-17
CUST100003964,Device Insurance,0.4039,2026-07-10
CUST100015097,Device Insurance,0.3338,2026-07-02
CUST100080211,5G Handset Upgrade,0.2924,2026-07-07
CUST100015457,Home Security Add-on,0.29,2026-07-16
CUST100055310,Home Security Add-on,0.8892,2026-07-08
CUST100051631,Device Insurance,0.2859,2026-07-08
CUST100092084,Family Plan Upgrade,0.8812,2026-07-02
CUST100000429,International Roaming Pack,0.9098,2026-07-04
CUST100088785,Family Plan Upgrade,0.8223,2026-07-11
CUST100057478,International Roaming Pack,0.7207,2026-07-23
CUST100079521,Streaming Bundle,0.3085,2026-07-08
CUST100019408,Streaming Bundle,0.4982,2026-07-23
CUST100065923,5G Handset Upgrade,0.2628,2026-07-23
CUST100015891,5G Handset Upgrade,0.5386,2026-07-12
CUST100089006,Device Insurance,0.4324,2026-07-16
CUST100090772,International Roaming Pack,0.1335,2026-07-12
CUST100073558,Family Plan Upgrade,0.4441,2026-07-16
CUST100096457,Home Security Add-on,0.1822,2026-07-22
CUST100058443,Device Insurance,0.3787,2026-07-09
CUST100076077,5G Handset Upgrade,0.1326,2026-07-16
CUST100096046,International Roaming Pack,0.9088,2026-07-02
CUST100077369,International Roaming Pack,0.8045,2026-07-10
CUST100035900,International Roaming Pack,0.0733,2026-07-16
CUST100007242,Family Plan Upgrade,0.5237,2026-07-10
CUST100037158,Streaming Bundle,0.1046,2026-07-03
CUST100018760,5G Handset Upgrade,0.6752,2026-07-07
CUST100002524,Device Insurance,0.6229,2026-07-09
CUST100044115,5G Handset Upgrade,0.8792,2026-07-09
CUST100063319,Home Security Add-on,0.0136,2026-07-12
CUST100048708,5G Handset Upgrade,0.3822,2026-07-12
CUST100079233,Family Plan Upgrade,0.2495,2026-07-23
CUST100000528,Streaming Bundle,0.5638,2026-07-03
CUST100084435,Home Security Add-on,0.8432,2026-07-09
CUST100055497,Device Insurance,0.68,2026-07-13
CUST100042483,Device Insurance,0.533,2026-07-01
CUST100040969,International Roaming Pack,0.6998,2026-07-09
CUST100018511,International Roaming Pack,0.2057,2026-07-02
CUST100043894,Family Plan Upgrade,0.701,2026-07-13
CUST100004388,Home Security Add-on,0.618,2026-07-17
CUST100039988,Streaming Bundle,0.104,2026-07-08
CUST100064138,Device Insurance,0.2084,2026-07-17
CUST100049609,International Roaming Pack,0.6232,2026-07-22
CUST100030087,International Roaming Pack,0.6923,2026-07-09
CUST100027892,Family Plan Upgrade,0.791,2026-07-21
CUST100068398,Home Security Add-on,0.8763,2026-07-01
CUST100020598,Streaming Bundle,0.3385,2026-07-07
CUST100089418,Device Insurance,0.2428,2026-07-15
CUST100084516,Streaming Bundle,0.5052,2026-07-23
CUST100014489,5G Handset Upgrade,0.6929,2026-07-19
CUST100098285,Family Plan Upgrade,0.4064,2026-07-13
CUST100071984,5G Handset Upgrade,0.7235,2026-07-17
CUST100009734,Family Plan Upgrade,0.8722,2026-07-14
CUST100034147,5G Handset Upgrade,0.7982,2026-07-23
CUST100037610,5G Handset Upgrade,0.8617,2026-07-22
CUST100044743,Home Security Add-on,0.5446,2026-07-16
CUST100018485,Family Plan Upgrade,0.6977,2026-07-06
CUST100097241,5G Handset Upgrade,0.7998,2026-07-03
CUST100049011,Device Insurance,0.9363,2026-07-07
CUST100030852,Family Plan Upgrade,0.277,2026-07-16
CUST100044428,Home Security Add-on,0.9453,2026-07-18
CUST100049391,Family Plan Upgrade,0.8909,2026-07-22
CUST100039213,5G Handset Upgrade,0.0397,2026-07-08
CUST100018911,Home Security Add-on,0.5379,2026-07-05
CUST100020934,Home Security Add-on,0.2985,2026-07-20
CUST100043486,5G Handset Upgrade,0.4387,2026-07-05
CUST100098522,5G Handset Upgrade,0.7108,2026-07-14
CUST100056309,Family Plan Upgrade,0.6359,2026-07-10
CUST100090667,Home Security Add-on,0.9553,2026-07-04
CUST100052817,Device Insurance,0.6336,2026-07-09
CUST100055971,Streaming Bundle,0.988,2026-07-11
CUST100035286,Family Plan Upgrade,0.377,2026-07-03
CUST100061527,Home Security Add-on,0.643,2026-07-19
CUST100065315,5G Handset Upgrade,0.5816,2026-07-11
CUST100075106,Device Insurance,0.04,2026-07-14
CUST100068703,5G Handset Upgrade,0.3007,2026-07-05
CUST100010478,Streaming Bundle,0.6328,2026-07-12
CUST100093511,Streaming Bundle,0.0287,2026-07-22
CUST100022304,5G Handset Upgrade,0.6399,2026-07-19
CUST100090562,Device Insurance,0.914,2026-07-03
CUST100093607,Family Plan Upgrade,0.412,2026-07-23
CUST100009268,Streaming Bundle,0.8886,2026-07-07
CUST100055895,Family Plan Upgrade,0.6001,2026-07-09
CUST100097097,International Roaming Pack,0.861,2026-07-14
CUST100090008,Streaming Bundle,0.768,2026-07-15
CUST100030111,Family Plan Upgrade,0.5649,2026-07-20
CUST100071704,Streaming Bundle,0.9698,2026-07-17
CUST100059418,Device Insurance,0.5153,2026-07-12
CUST100014873,Home Security Add-on,0.735,2026-07-06
CUST100068415,Streaming Bundle,0.9129,2026-07-12
CUST100056812,5G Handset Upgrade,0.0885,2026-07-07
CUST100062160,Family Plan Upgrade,0.5886,2026-07-22
CUST100071936,International Roaming Pack,0.1849,2026-07-05
CUST100046028,Family Plan Upgrade,0.4814,2026-07-17
CUST100096572,Device Insurance,0.3555,2026-07-23
CUST100084272,Home Security Add-on,0.8062,2026-07-23
CUST100012935,Family Plan Upgrade,0.7572,2026-07-11
CUST100031792,Home Security Add-on,0.2493,2026-07-18
CUST100008142,Family Plan Upgrade,0.8204,2026-07-10
CUST100072882,Home Security Add-on,0.7217,2026-07-02
CUST100009804,Home Security Add-on,0.646,2026-07-09
CUST100013730,5G Handset Upgrade,0.6498,2026-07-09
CUST100010201,Device Insurance,0.9544,2026-07-09
CUST100060450,Device Insurance,0.6405,2026-07-01
CUST100090622,5G Handset Upgrade,0.8402,2026-07-12
CUST100038541,Home Security Add-on,0.3937,2026-07-21
CUST100063677,International Roaming Pack,0.7112,2026-07-11
CUST100079163,International Roaming Pack,0.6784,2026-07-06
CUST100026093,Family Plan Upgrade,0.303,2026-07-22
CUST100063560,International Roaming Pack,0.3072,2026-07-21
CUST100062898,5G Handset Upgrade,0.9852,2026-07-11
CUST100013189,Device Insurance,0.0919,2026-07-12
CUST100070135,International Roaming Pack,0.2239,2026-07-21
CUST100073785,International Roaming Pack,0.1436,2026-07-13
CUST100038180,International Roaming Pack,0.7483,2026-07-07
CUST100093978,Family Plan Upgrade,0.5902,2026-07-12
CUST100097119,Device Insurance,0.8264,2026-07-15
CUST100012234,Streaming Bundle,0.4484,2026-07-13
CUST100064572,Device Insurance,0.0331,2026-07-22
CUST100016739,Family Plan Upgrade,0.7018,2026-07-23
CUST100021474,Device Insurance,0.5732,2026-07-01
CUST100091282,Family Plan Upgrade,0.4148,2026-07-19
CUST100036630,Home Security Add-on,0.0943,2026-07-17
CUST100073271,Device Insurance,0.8559,2026-07-16
CUST100076126,Family Plan Upgrade,0.7389,2026-07-23
CUST100054787,Device Insurance,0.2916,2026-07-03
CUST100041030,5G Handset Upgrade,0.6629,2026-07-21
CUST100047550,Streaming Bundle,0.7976,2026-07-09
CUST100052537,Streaming Bundle,0.2435,2026-07-13
CUST100079604,International Roaming Pack,0.4078,2026-07-22
CUST100014542,Device Insurance,0.1875,2026-07-04
CUST100022623,Home Security Add-on,0.3851,2026-07-13
CUST100019836,Home Security Add-on,0.9062,2026-07-07
CUST100028192,Streaming Bundle,0.3968,2026-07-04
CUST100012883,Streaming Bundle,0.8255,2026-07-04
CUST100018638,5G Handset Upgrade,0.6622,2026-07-11
CUST100084322,Device Insurance,0.6645,2026-07-04
CUST100084783,Family Plan Upgrade,0.0297,2026-07-07
CUST100043697,International Roaming Pack,0.1933,2026-07-15
CUST100029364,Family Plan Upgrade,0.5446,2026-07-09
CUST100066223,Streaming Bundle,0.3205,2026-07-22
CUST100023374,International Roaming Pack,0.9308,2026-07-17
CUST100097443,5G Handset Upgrade,0.977,2026-07-21
CUST100095357,Streaming Bundle,0.8474,2026-07-06
CUST100014865,5G Handset Upgrade,0.7629,2026-07-22
CUST100005759,Streaming Bundle,0.3543,2026-07-13
CUST100046891,5G Handset Upgrade,0.0098,2026-07-10
CUST100033314,Home Security Add-on,0.6637,2026-07-21
CUST100043587,Device Insurance,0.7244,2026-07-19
CUST100072674,5G Handset Upgrade,0.9005,2026-07-08
CUST100045113,Streaming Bundle,0.812,2026-07-14
CUST100042094,Device Insurance,0.2019,2026-07-10
CUST100027178,Family Plan Upgrade,0.5812,2026-07-21
CUST100056623,Family Plan Upgrade,0.3811,2026-07-13
CUST100029338,Streaming Bundle,0.3497,2026-07-10
CUST100043628,International Roaming Pack,0.6885,2026-07-21
CUST100054872,International Roaming Pack,0.2584,2026-07-06
CUST100028847,Streaming Bundle,0.8929,2026-07-12
CUST100038286,International Roaming Pack,0.3794,2026-07-21
CUST100047467,Streaming Bundle,0.8177,2026-07-16
CUST100064664,International Roaming Pack,0.6585,2026-07-15
CUST100097469,Device Insurance,0.0432,2026-07-05
CUST100003621,Family Plan Upgrade,0.8444,2026-07-13
CUST100054865,Home Security Add-on,0.3156,2026-07-23
CUST100048009,International Roaming Pack,0.2519,2026-07-11
CUST100012409,Streaming Bundle,0.3962,2026-07-08
CUST100037368,Device Insurance,0.6849,2026-07-03
CUST100039488,5G Handset Upgrade,0.9762,2026-07-01
CUST100055936,Device Insurance,0.2912,2026-07-01
CUST100046853,Family Plan Upgrade,0.944,2026-07-07
CUST100073015,5G Handset Upgrade,0.1771,2026-07-02
CUST100077350,Streaming Bundle,0.3882,2026-07-09
CUST100086122,International Roaming Pack,0.3051,2026-07-14
CUST100065670,Streaming Bundle,0.3067,2026-07-04
CUST100011194,Device Insurance,0.1787,2026-07-20
CUST100003714,International Roaming Pack,0.9666,2026-07-06
CUST100063593,Device Insurance,0.1555,2026-07-19
CUST100052407,International Roaming Pack,0.9207,2026-07-07
CUST100076110,Home Security Add-on,0.0703,2026-07-11
CUST100055023,Device Insurance,0.0838,2026-07-08
CUST100038392,Device Insurance,0.785,2026-07-06
CUST100011449,5G Handset Upgrade,0.6688,2026-07-10
CUST100006336,Home Security Add-on,0.2916,2026-07-10
CUST100028539,Streaming Bundle,0.5709,2026-07-01
CUST100048872,Streaming Bundle,0.6016,2026-07-14
CUST100093437,Home Security Add-on,0.9994,2026-07-17
CUST100046407,Family Plan Upgrade,0.1956,2026-07-13
CUST100027790,5G Handset Upgrade,0.6475,2026-07-04
CUST100045710,Home Security Add-on,0.4247,2026-07-21
CUST100024850,Device Insurance,0.7248,2026-07-13
CUST100046569,Device Insurance,0.7148,2026-07-02
CUST100008296,International Roaming Pack,0.0074,2026-07-16
CUST100091881,Family Plan Upgrade,0.2456,2026-07-01
CUST100003443,Family Plan Upgrade,0.5575,2026-07-11
CUST100006037,International Roaming Pack,0.1531,2026-07-10
CUST100060678,Home Security Add-on,0.8355,2026-07-23
CUST100062040,Device Insurance,0.2791,2026-07-12
CUST100022162,International Roaming Pack,0.2926,2026-07-14
CUST100062497,Streaming Bundle,0.7112,2026-07-01
CUST100093422,Streaming Bundle,0.554,2026-07-03
CUST100019351,International Roaming Pack,0.5079,2026-07-18
CUST100056651,International Roaming Pack,0.2709,2026-07-18
CUST100023918,Home Security Add-on,0.126,2026-07-10
CUST100000026,5G Handset Upgrade,0.1943,2026-07-05
CUST100036374,International Roaming Pack,0.856,2026-07-01
CUST100067914,5G Handset Upgrade,0.1613,2026-07-17
CUST100066044,International Roaming Pack,0.9874,2026-07-14
CUST100087871,Streaming Bundle,0.1415,2026-07-08
CUST100081200,5G Handset Upgrade,0.4299,2026-07-09
CUST100049304,Streaming Bundle,0.4732,2026-07-09
CUST100042546,5G Handset Upgrade,0.5371,2026-07-01
CUST100022652,Family Plan Upgrade,0.8703,2026-07-13
CUST100038016,Device Insurance,0.7689,2026-07-03
CUST100072342,5G Handset Upgrade,0.5508,2026-07-12
CUST100046240,5G Handset Upgrade,0.5401,2026-07-10
CUST100041869,Home Security Add-on,0.2042,2026-07-17
CUST100076771,Home Security Add-on,0.0596,2026-07-16
CUST100061316,Family Plan Upgrade,0.7127,2026-07-12
CUST100092718,Device Insurance,0.1881,2026-07-12
CUST100083782,Streaming Bundle,0.3204,2026-07-15
CUST100095029,Device Insurance,0.9831,2026-07-14
CUST100071198,5G Handset Upgrade,0.1009,2026-07-20
CUST100043512,Home Security Add-on,0.0417,2026-07-14
CUST100066857,5G Handset Upgrade,0.6227,2026-07-19
CUST100045948,Device Insurance,0.4707,2026-07-23
CUST100061366,International Roaming Pack,0.9571,2026-07-18
CUST100009174,International Roaming Pack,0.8933,2026-07-17
CUST100029731,Streaming Bundle,0.4105,2026-07-17
CUST100099717,International Roaming Pack,0.5206,2026-07-05
CUST100015294,Family Plan Upgrade,0.4291,2026-07-02
CUST100044541,International Roaming Pack,0.3067,2026-07-06
CUST100018386,Family Plan Upgrade,0.7134,2026-07-17
CUST100003208,International Roaming Pack,0.051,2026-07-22
CUST100096734,Streaming Bundle,0.9685,2026-07-01
CUST100074038,5G Handset Upgrade,0.0659,2026-07-05
CUST100051983,Family Plan Upgrade,0.7149,2026-07-15
CUST100096590,Streaming Bundle,0.5575,2026-07-18
CUST100006300,5G Handset Upgrade,0.4286,2026-07-02
CUST100092662,Device Insurance,0.0923,2026-07-21
CUST100022420,Device Insurance,0.0364,2026-07-13
CUST100064216,Family Plan Upgrade,0.6801,2026-07-07
CUST100095528,Family Plan Upgrade,0.4998,2026-07-17
CUST100004357,5G Handset Upgrade,0.8149,2026-07-09
CUST100039425,International Roaming Pack,0.5718,2026-07-08
CUST100031850,International Roaming Pack,0.2937,2026-07-07
CUST100072356,5G Handset Upgrade,0.2214,2026-07-19
CUST100039724,Device Insurance,0.8811,2026-07-16
CUST100090510,Home Security Add-on,0.0596,2026-07-21
CUST100060212,Device Insurance,0.2956,2026-07-18
CUST100052676,Family Plan Upgrade,0.9407,2026-07-22
CUST100028416,Family Plan Upgrade,0.4971,2026-07-01
CUST100061311,Home Security Add-on,0.3911,2026-07-15
CUST100071607,Streaming Bundle,0.2399,2026-07-22
CUST100005188,5G Handset Upgrade,0.4062,2026-07-21
CUST100079948,Streaming Bundle,0.8836,2026-07-15
CUST100088561,5G Handset Upgrade,0.2077,2026-07-12
CUST100007092,Device Insurance,0.3328,2026-07-11
CUST100053315,Home Security Add-on,0.7388,2026-07-11
CUST100013108,Home Security Add-on,0.5826,2026-07-12
CUST100087675,5G Handset Upgrade,0.9564,2026-07-16
CUST100010893,Streaming Bundle,0.7157,2026-07-09
CUST100026363,Device Insurance,0.713,2026-07-21
CUST100011942,Streaming Bundle,0.6131,2026-07-20
CUST100060695,5G Handset Upgrade,0.0684,2026-07-21
CUST100002016,Streaming Bundle,0.3469,2026-07-15
CUST100005016,5G Handset Upgrade,0.8676,2026-07-11
CUST100068326,Device Insurance,0.3724,2026-07-15
CUST100094053,Streaming Bundle,0.2421,2026-07-21
CUST100092242,Streaming Bundle,0.4603,2026-07-17
CUST100076775,Streaming Bundle,0.7711,2026-07-16
CUST100006632,Home Security Add-on,0.455,2026-07-18
CUST100098678,International Roaming Pack,0.8528,2026-07-02
CUST100079804,Family Plan Upgrade,0.7187,2026-07-11
CUST100044919,Family Plan Upgrade,0.2499,2026-07-03
CUST100001760,Device Insurance,0.4143,2026-07-17
CUST100056426,Device Insurance,0.7397,2026-07-02
CUST100042186,Device Insurance,0.5641,2026-07-21
CUST100023739,Family Plan Upgrade,0.3237,2026-07-18
CUST100087664,International Roaming Pack,0.7479,2026-07-14
CUST100043901,International Roaming Pack,0.2844,2026-07-12
CUST100057743,Family Plan Upgrade,0.9063,2026-07-19
CUST100008716,Family Plan Upgrade,0.3627,2026-07-18
CUST100036206,Family Plan Upgrade,0.0582,2026-07-08
CUST100019121,5G Handset Upgrade,0.4623,2026-07-10
CUST100096442,International Roaming Pack,0.6933,2026-07-13
CUST100098417,International Roaming Pack,0.497,2026-07-01
CUST100037342,International Roaming Pack,0.5282,2026-07-06
CUST100021213,Streaming Bundle,0.5566,2026-07-23
CUST100017721,Home Security Add-on,0.9332,2026-07-13
CUST100052787,Home Security Add-on,0.1831,2026-07-22
CUST100080284,Streaming Bundle,0.9005,2026-07-18
CUST100093520,Device Insurance,0.5116,2026-07-20
CUST100014256,5G Handset Upgrade,0.019,2026-07-05
CUST100023965,5G Handset Upgrade,0.2092,2026-07-14
CUST100024387,Streaming Bundle,0.0483,2026-07-10
CUST100087471,Home Security Add-on,0.7702,2026-07-08
CUST100020071,International Roaming Pack,0.0281,2026-07-07
CUST100001333,5G Handset Upgrade,0.9288,2026-07-11
CUST100004137,Device Insurance,0.7218,2026-07-09
CUST100025646,Family Plan Upgrade,0.2136,2026-07-15
CUST100088190,Device Insurance,0.308,2026-07-05
CUST100089528,Device Insurance,0.2632,2026-07-07
CUST100073884,Family Plan Upgrade,0.07,2026-07-09
CUST100039274,Device Insurance,0.7165,2026-07-11
CUST100062056,5G Handset Upgrade,0.3259,2026-07-15
CUST100097296,Streaming Bundle,0.4104,2026-07-08
CUST100029027,International Roaming Pack,0.2664,2026-07-18
CUST100092688,International Roaming Pack,0.1807,2026-07-10
CUST100063767,Device Insurance,0.6207,2026-07-13
CUST100077452,Family Plan Upgrade,0.861,2026-07-06
CUST100022309,Streaming Bundle,0.1608,2026-07-20
CUST100042206,5G Handset Upgrade,0.2527,2026-07-19
CUST100087105,Device Insurance,0.1872,2026-07-09
CUST100046783,5G Handset Upgrade,0.0226,2026-07-13
CUST100003434,5G Handset Upgrade,0.1608,2026-07-04
CUST100042271,Device Insurance,0.8006,2026-07-15
CUST100071633,International Roaming Pack,0.128,2026-07-08
CUST100082996,5G Handset Upgrade,0.5635,2026-07-09
CUST100045241,Family Plan Upgrade,0.8977,2026-07-14
CUST100018065,Home Security Add-on,0.303,2026-07-13
CUST100058319,International Roaming Pack,0.0886,2026-07-08
CUST100067712,Device Insurance,0.0227,2026-07-10
CUST100085496,Streaming Bundle,0.2273,2026-07-18
CUST100034595,Home Security Add-on,0.1944,2026-07-01
CUST100001432,Device Insurance,0.986,2026-07-12
CUST100070528,5G Handset Upgrade,0.6202,2026-07-23
CUST100005806,Home Security Add-on,0.4581,2026-07-16
CUST100045105,Streaming Bundle,0.4865,2026-07-01
CUST100063793,Family Plan Upgrade,0.7639,2026-07-07
CUST100071490,5G Handset Upgrade,0.0875,2026-07-23
CUST100076459,Family Plan Upgrade,0.6063,2026-07-23
CUST100036162,Device Insurance,0.2999,2026-07-05
CUST100049095,Family Plan Upgrade,0.8503,2026-07-15
CUST100066429,Device Insurance,0.8441,2026-07-07
CUST100024762,Home Security Add-on,0.7433,2026-07-23
CUST100080323,Family Plan Upgrade,0.5893,2026-07-16
CUST100049775,International Roaming Pack,0.5182,2026-07-23
CUST100088972,5G Handset Upgrade,0.5126,2026-07-20
CUST100049715,International Roaming Pack,0.6404,2026-07-17
CUST100029172,Streaming Bundle,0.2454,2026-07-15
CUST100042460,Device Insurance,0.4221,2026-07-09
CUST100028103,Streaming Bundle,0.1468,2026-07-18
CUST100087308,Family Plan Upgrade,0.2146,2026-07-03
CUST100025861,International Roaming Pack,0.7375,2026-07-02
CUST100049441,Home Security Add-on,0.2142,2026-07-12
CUST100030781,International Roaming Pack,0.9097,2026-07-17
CUST100034154,Home Security Add-on,0.2997,2026-07-01
CUST100051633,Device Insurance,0.5552,2026-07-09
CUST100066416,Device Insurance,0.1076,2026-07-11
CUST100019060,International Roaming Pack,0.8584,2026-07-06
CUST100064241,Family Plan Upgrade,0.2429,2026-07-07
CUST100015276,Device Insurance,0.9624,2026-07-10
CUST100097309,5G Handset Upgrade,0.9538,2026-07-02
CUST100064933,International Roaming Pack,0.2169,2026-07-20
CUST100024110,Streaming Bundle,0.8454,2026-07-10
CUST100053216,Streaming Bundle,0.7811,2026-07-23
CUST100058633,Home Security Add-on,0.0736,2026-07-13
CUST100003330,Family Plan Upgrade,0.0498,2026-07-07
CUST100052496,Device Insurance,0.772,2026-07-01
CUST100055389,Home Security Add-on,0.0519,2026-07-18
CUST100077689,Home Security Add-on,0.6141,2026-07-08
CUST100003478,Home Security Add-on,0.22,2026-07-09
CUST100077299,Family Plan Upgrade,0.263,2026-07-20
CUST100007636,Family Plan Upgrade,0.1156,2026-07-07
CUST100028834,Streaming Bundle,0.9978,2026-07-15
CUST100074068,International Roaming Pack,0.2282,2026-07-17
CUST100081946,Streaming Bundle,0.6492,2026-07-08
CUST100072734,5G Handset Upgrade,0.8115,2026-07-16
CUST100017005,International Roaming Pack,0.7955,2026-07-01
CUST100097840,Family Plan Upgrade,0.1358,2026-07-06
CUST100046437,Device Insurance,0.8786,2026-07-23
CUST100098329,Home Security Add-on,0.2982,2026-07-10
CUST100062829,Device Insurance,0.4841,2026-07-23
CUST100089633,International Roaming Pack,0.8975,2026-07-06
CUST100042943,Family Plan Upgrade,0.5806,2026-07-07
CUST100078016,Home Security Add-on,0.4268,2026-07-23
CUST100077053,International Roaming Pack,0.6734,2026-07-13
CUST100087181,5G Handset Upgrade,0.6618,2026-07-05
CUST100090835,International Roaming Pack,0.613,2026-07-07
CUST100026678,International Roaming Pack,0.2376,2026-07-14
CUST100071660,5G Handset Upgrade,0.7839,2026-07-04
CUST100030219,Family Plan Upgrade,0.2336,2026-07-13
CUST100066354,Family Plan Upgrade,0.0824,2026-07-17
CUST100086717,Streaming Bundle,0.5109,2026-07-20
CUST100054157,International Roaming Pack,0.6003,2026-07-01
CUST100028767,Home Security Add-on,0.8811,2026-07-03
CUST100004168,Home Security Add-on,0.1043,2026-07-11
CUST100058391,Streaming Bundle,0.3797,2026-07-14
CUST100062331,5G Handset Upgrade,0.8565,2026-07-05
CUST100025013,Device Insurance,0.4119,2026-07-15
CUST100033179,Home Security Add-on,0.571,2026-07-07
CUST100068984,Device Insurance,0.3073,2026-07-20
CUST100039302,5G Handset Upgrade,0.1985,2026-07-07
CUST100030198,5G Handset Upgrade,0.077,2026-07-19
CUST100068890,Device Insurance,0.6592,2026-07-21
CUST100025988,Device Insurance,0.2999,2026-07-23
CUST100037225,Device Insurance,0.1631,2026-07-05
CUST100011603,Streaming Bundle,0.6335,2026-07-04
CUST100098127,5G Handset Upgrade,0.0477,2026-07-10
CUST100099429,Home Security Add-on,0.2395,2026-07-20
CUST100083511,Device Insurance,0.0892,2026-07-21
CUST100014792,Device Insurance,0.2693,2026-07-19
CUST100001833,Family Plan Upgrade,0.2911,2026-07-18
CUST100010591,Home Security Add-on,0.2023,2026-07-12
CUST100043931,International Roaming Pack,0.0447,2026-07-11
CUST100078851,Home Security Add-on,0.5989,2026-07-02
CUST100015538,Family Plan Upgrade,0.5218,2026-07-04
CUST100008409,Device Insurance,0.1757,2026-07-21
CUST100093116,Streaming Bundle,0.0845,2026-07-03
CUST100077779,International Roaming Pack,0.1066,2026-07-20
CUST100067862,International Roaming Pack,0.5844,2026-07-17
CUST100008589,Home Security Add-on,0.1318,2026-07-22
CUST100009359,Family Plan Upgrade,0.9176,2026-07-15
CUST100021193,5G Handset Upgrade,0.0297,2026-07-07
CUST100046756,Family Plan Upgrade,0.5034,2026-07-10
CUST100039670,Family Plan Upgrade,0.3316,2026-07-09
CUST100025430,Streaming Bundle,0.5046,2026-07-10
CUST100032308,Streaming Bundle,0.7116,2026-07-22
CUST100047520,Family Plan Upgrade,0.4211,2026-07-07
CUST100038780,Family Plan Upgrade,0.3563,2026-07-16
CUST100031621,Device Insurance,0.753,2026-07-06
CUST100019325,Home Security Add-on,0.747,2026-07-03
CUST100014886,Home Security Add-on,0.6949,2026-07-15
CUST100028575,Streaming Bundle,0.387,2026-07-22
CUST100079633,Device Insurance,0.8405,2026-07-22
CUST100022969,Streaming Bundle,0.525,2026-07-15
CUST100083252,Streaming Bundle,0.2422,2026-07-07
CUST100077802,International Roaming Pack,0.0454,2026-07-21
CUST100076514,Device Insurance,0.9132,2026-07-23
CUST100098781,5G Handset Upgrade,0.7525,2026-07-18
CUST100051058,5G Handset Upgrade,0.6464,2026-07-16
CUST100030999,Family Plan Upgrade,0.9433,2026-07-17
CUST100096797,Device Insurance,0.5263,2026-07-13
CUST100012730,Family Plan Upgrade,0.827,2026-07-21
CUST100034971,Family Plan Upgrade,0.694,2026-07-11
CUST100028463,Family Plan Upgrade,0.6608,2026-07-14
CUST100066443,Device Insurance,0.3871,2026-07-14
CUST100090467,Home Security Add-on,0.3849,2026-07-04
CUST100064130,International Roaming Pack,0.4954,2026-07-13
CUST100024182,Device Insurance,0.7546,2026-07-19
CUST100033264,Family Plan Upgrade,0.0993,2026-07-21
CUST100062723,5G Handset Upgrade,0.2089,2026-07-03
CUST100003881,Home Security Add-on,0.7417,2026-07-17
CUST100011191,Streaming Bundle,0.5082,2026-07-02
CUST100022845,Device Insurance,0.1562,2026-07-18
CUST100035409,5G Handset Upgrade,0.5624,2026-07-23
CUST100034104,Streaming Bundle,0.2439,2026-07-02
CUST100027123,International Roaming Pack,0.8968,2026-07-18
CUST100037979,Home Security Add-on,0.605,2026-07-08
CUST100060416,Streaming Bundle,0.9725,2026-07-19
CUST100016807,Family Plan Upgrade,0.2724,2026-07-06
CUST100074696,5G Handset Upgrade,0.1923,2026-07-06
CUST100053599,Home Security Add-on,0.8786,2026-07-13
CUST100075603,International Roaming Pack,0.0335,2026-07-18
CUST100028527,Home Security Add-on,0.2677,2026-07-15
CUST100036405,Streaming Bundle,0.8615,2026-07-01
CUST100075373,Device Insurance,0.8495,2026-07-22
CUST100076565,Device Insurance,0.9121,2026-07-03
CUST100089146,Streaming Bundle,0.94,2026-07-12
CUST100024076,5G Handset Upgrade,0.3299,2026-07-02
CUST100099657,5G Handset Upgrade,0.6257,2026-07-01
CUST100090800,5G Handset Upgrade,0.2115,2026-07-15
CUST100044187,Family Plan Upgrade,0.249,2026-07-19
CUST100055905,Device Insurance,0.0711,2026-07-22
CUST100060062,Home Security Add-on,0.9215,2026-07-04
CUST100096029,5G Handset Upgrade,0.9632,2026-07-19
CUST100010305,Family Plan Upgrade,0.1413,2026-07-20
CUST100055537,Device Insurance,0.6118,2026-07-19
CUST100086896,5G Handset Upgrade,0.1483,2026-07-08
CUST100043197,International Roaming Pack,0.9989,2026-07-19
CUST100051386,Home Security Add-on,0.23,2026-07-15
CUST100096565,Device Insurance,0.8194,2026-07-05
CUST100042072,Family Plan Upgrade,0.3537,2026-07-09
CUST100040250,International Roaming Pack,0.0976,2026-07-09
CUST100026959,5G Handset Upgrade,0.6902,2026-07-02
CUST100060526,Home Security Add-on,0.4467,2026-07-07
CUST100001087,5G Handset Upgrade,0.6994,2026-07-01
CUST100022248,Streaming Bundle,0.6135,2026-07-07
CUST100032411,Streaming Bundle,0.1749,2026-07-08
CUST100055717,Home Security Add-on,0.489,2026-07-11
CUST100094176,Device Insurance,0.3875,2026-07-08
CUST100064882,5G Handset Upgrade,0.2471,2026-07-06
CUST100041788,5G Handset Upgrade,0.8773,2026-07-08
CUST100046691,Home Security Add-on,0.2762,2026-07-05
CUST100035569,Family Plan Upgrade,0.7348,2026-07-03
CUST100028902,Streaming Bundle,0.0032,2026-07-13
CUST100052980,Home Security Add-on,0.419,2026-07-20
CUST100071681,Streaming Bundle,0.4758,2026-07-05
CUST100066339,International Roaming Pack,0.4657,2026-07-18
CUST100047700,Streaming Bundle,0.0397,2026-07-06
CUST100074922,Home Security Add-on,0.2166,2026-07-03
CUST100051652,Device Insurance,0.0615,2026-07-14
CUST100026627,Family Plan Upgrade,0.3142,2026-07-16
CUST100029915,Device Insurance,0.7077,2026-07-18
CUST100054884,Home Security Add-on,0.391,2026-07-09
CUST100071029,International Roaming Pack,0.5349,2026-07-18
CUST100053056,Home Security Add-on,0.0455,2026-07-05
CUST100019217,International Roaming Pack,0.4643,2026-07-17
CUST100085739,Device Insurance,0.2867,2026-07-12
CUST100008139,Streaming Bundle,0.723,2026-07-16
CUST100016614,Family Plan Upgrade,0.9082,2026-07-03
CUST100053986,5G Handset Upgrade,0.2373,2026-07-03
CUST100010524,Streaming Bundle,0.9081,2026-07-14
CUST100073644,Family Plan Upgrade,0.6205,2026-07-12
CUST100054453,Streaming Bundle,0.9754,2026-07-11
CUST100091836,Family Plan Upgrade,0.5097,2026-07-21
CUST100065363,Streaming Bundle,0.3868,2026-07-08
CUST100012896,Streaming Bundle,0.064,2026-07-04
CUST100033044,Device Insurance,0.7033,2026-07-05
CUST100086900,Family Plan Upgrade,0.4678,2026-07-14
CUST100071335,Family Plan Upgrade,0.7699,2026-07-14
CUST100039806,Device Insurance,0.6098,2026-07-15
CUST100028343,Home Security Add-on,0.3114,2026-07-01
CUST100097653,Device Insurance,0.1441,2026-07-12
CUST100091807,International Roaming Pack,0.6319,2026-07-02
CUST100008680,5G Handset Upgrade,0.9769,2026-07-06
CUST100042246,Home Security Add-on,0.2009,2026-07-12
CUST100051816,Family Plan Upgrade,0.2384,2026-07-14
CUST100019809,Streaming Bundle,0.1244,2026-07-13
CUST100082604,Streaming Bundle,0.1284,2026-07-10
CUST100033709,Family Plan Upgrade,0.3741,2026-07-05
CUST100025710,Device Insurance,0.8535,2026-07-05
CUST100046932,5G Handset Upgrade,0.1044,2026-07-07
CUST100085187,Streaming Bundle,0.3686,2026-07-08
CUST100024319,Streaming Bundle,0.1687,2026-07-17
CUST100024879,Family Plan Upgrade,0.7027,2026-07-06
CUST100012269,International Roaming Pack,0.0797,2026-07-18
CUST100026237,Streaming Bundle,0.9832,2026-07-15
CUST100007590,5G Handset Upgrade,0.1435,2026-07-04
CUST100027076,Home Security Add-on,0.623,2026-07-22
CUST100051362,Home Security Add-on,0.9849,2026-07-11
CUST100018525,Streaming Bundle,0.7848,2026-07-15
CUST100026774,Streaming Bundle,0.8192,2026-07-22
CUST100098137,5G Handset Upgrade,0.4878,2026-07-16
CUST100050683,Device Insurance,0.6417,2026-07-02
CUST100037216,Device Insurance,0.2474,2026-07-19
CUST100056523,Device Insurance,0.099,2026-07-06
CUST100005605,International Roaming Pack,0.7075,2026-07-02
CUST100046728,Streaming Bundle,0.6738,2026-07-18
CUST100060178,Home Security Add-on,0.458,2026-07-19
CUST100048082,Device Insurance,0.9015,2026-07-19
CUST100082284,Device Insurance,0.0921,2026-07-21
CUST100008552,Family Plan Upgrade,0.53,2026-07-19
CUST100040926,International Roaming Pack,0.4771,2026-07-10
CUST100051988,International Roaming Pack,0.3837,2026-07-17
CUST100072051,Device Insurance,0.7401,2026-07-16
CUST100049038,Family Plan Upgrade,0.6767,2026-07-10
CUST100000756,Streaming Bundle,0.0111,2026-07-06
CUST100090983,Streaming Bundle,0.9735,2026-07-20
CUST100058451,Home Security Add-on,0.0707,2026-07-22
CUST100018071,Family Plan Upgrade,0.4268,2026-07-12
CUST100032824,International Roaming Pack,0.3495,2026-07-19
CUST100095318,5G Handset Upgrade,0.9873,2026-07-14
CUST100088791,Family Plan Upgrade,0.1639,2026-07-07
CUST100008675,Device Insurance,0.2157,2026-07-23
CUST100065350,Family Plan Upgrade,0.6914,2026-07-23
CUST100040088,Device Insurance,0.6959,2026-07-20
CUST100083429,International Roaming Pack,0.0002,2026-07-17
CUST100051047,Streaming Bundle,0.2905,2026-07-08
CUST100010084,5G Handset Upgrade,0.6686,2026-07-22
CUST100071766,Device Insurance,0.9538,2026-07-22
CUST100062816,Device Insurance,0.5125,2026-07-22
CUST100076260,Device Insurance,0.1579,2026-07-03
CUST100097437,Streaming Bundle,0.9012,2026-07-18
CUST100010384,Home Security Add-on,0.4732,2026-07-16
CUST100006794,Device Insurance,0.597,2026-07-07
CUST100088864,5G Handset Upgrade,0.1326,2026-07-23
CUST100029423,Family Plan Upgrade,0.0714,2026-07-15
CUST100016568,Family Plan Upgrade,0.4026,2026-07-18
CUST100021519,International Roaming Pack,0.19,2026-07-19
CUST100046597,Family Plan Upgrade,0.1108,2026-07-19
CUST100064089,International Roaming Pack,0.5596,2026-07-10
CUST100090018,Device Insurance,0.2422,2026-07-15
CUST100097124,International Roaming Pack,0.8447,2026-07-16
CUST100078901,Home Security Add-on,0.3298,2026-07-03
CUST100061995,Home Security Add-on,0.2437,2026-07-17
CUST100036838,5G Handset Upgrade,0.9816,2026-07-01
CUST100018221,Streaming Bundle,0.0176,2026-07-16
CUST100093260,Device Insurance,0.7275,2026-07-01
CUST100032559,Family Plan Upgrade,0.2269,2026-07-12
CUST100092394,5G Handset Upgrade,0.2796,2026-07-12
CUST100069713,Streaming Bundle,0.1013,2026-07-16
CUST100051148,5G Handset Upgrade,0.6871,2026-07-16
CUST100090065,5G Handset Upgrade,0.8797,2026-07-04
CUST100082952,5G Handset Upgrade,0.2261,2026-07-05
CUST100070957,Family Plan Upgrade,0.5634,2026-07-04
CUST100099458,Family Plan Upgrade,0.8915,2026-07-12
CUST100082841,Family Plan Upgrade,0.187,2026-07-05
CUST100030088,Device Insurance,0.8583,2026-07-11
CUST100008860,International Roaming Pack,0.2346,2026-07-13
CUST100025925,Streaming Bundle,0.6155,2026-07-20
CUST100064646,Streaming Bundle,0.2927,2026-07-17
CUST100023633,Device Insurance,0.6277,2026-07-19
CUST100070955,International Roaming Pack,0.7728,2026-07-15
CUST100046866,5G Handset Upgrade,0.5528,2026-07-02
CUST100000343,Streaming Bundle,0.7254,2026-07-14
CUST100003076,5G Handset Upgrade,0.1477,2026-07-05
CUST100010839,Streaming Bundle,0.5879,2026-07-18
CUST100089173,Home Security Add-on,0.4583,2026-07-10
CUST100064966,Streaming Bundle,0.2808,2026-07-16
CUST100059066,Home Security Add-on,0.0191,2026-07-15
CUST100083942,Device Insurance,0.669,2026-07-08
CUST100040867,Home Security Add-on,0.3238,2026-07-02
CUST100010919,Family Plan Upgrade,0.4203,2026-07-22
CUST100063502,International Roaming Pack,0.49,2026-07-22
CUST100063611,5G Handset Upgrade,0.9126,2026-07-14
CUST100036104,Family Plan Upgrade,0.8983,2026-07-04
CUST100091967,Home Security Add-on,0.419,2026-07-20
CUST100098027,5G Handset Upgrade,0.2402,2026-07-17
CUST100035355,Home Security Add-on,0.6153,2026-07-08
CUST100061661,Streaming Bundle,0.1473,2026-07-13
CUST100091126,Home Security Add-on,0.1294,2026-07-11
CUST100081331,International Roaming Pack,0.8802,2026-07-15
CUST100086229,Home Security Add-on,0.4454,2026-07-04
CUST100076496,Streaming Bundle,0.8262,2026-07-20
CUST100055021,Family Plan Upgrade,0.2672,2026-07-12
CUST100070931,Streaming Bundle,0.7024,2026-07-18
CUST100043663,International Roaming Pack,0.0601,2026-07-07
CUST100002174,Streaming Bundle,0.3416,2026-07-20
CUST100077574,International Roaming Pack,0.053,2026-07-16
CUST100035524,International Roaming Pack,0.2988,2026-07-05
CUST100060311,5G Handset Upgrade,0.2337,2026-07-13
CUST100043535,International Roaming Pack,0.1521,2026-07-12
CUST100032089,Device Insurance,0.8344,2026-07-08
CUST100014453,International Roaming Pack,0.9419,2026-07-03
CUST100085313,Streaming Bundle,0.3159,2026-07-22
CUST100046792,Streaming Bundle,0.1102,2026-07-23
CUST100005643,Device Insurance,0.3153,2026-07-16
CUST100098267,Device Insurance,0.3538,2026-07-16
CUST100004826,Family Plan Upgrade,0.4968,2026-07-07
CUST100000104,Family Plan Upgrade,0.0194,2026-07-22
CUST100083130,Family Plan Upgrade,0.3426,2026-07-08
CUST100034597,Streaming Bundle,0.0469,2026-07-21
CUST100009491,Streaming Bundle,0.0158,2026-07-05
CUST100022561,International Roaming Pack,0.7799,2026-07-04
CUST100050882,Home Security Add-on,0.6341,2026-07-21
CUST100054685,International Roaming Pack,0.314,2026-07-23
CUST100087534,Family Plan Upgrade,0.7288,2026-07-11
CUST100001567,Streaming Bundle,0.6635,2026-07-17
CUST100090934,Home Security Add-on,0.0173,2026-07-15
CUST100099001,Device Insurance,0.0905,2026-07-16
CUST100090362,Device Insurance,0.8749,2026-07-01
CUST100035738,Home Security Add-on,0.9279,2026-07-08
CUST100076905,5G Handset Upgrade,0.7443,2026-07-03
CUST100063693,International Roaming Pack,0.6643,2026-07-11
CUST100042270,Device Insurance,0.9753,2026-07-16
CUST100087747,5G Handset Upgrade,0.5137,2026-07-21
CUST100050963,5G Handset Upgrade,0.7211,2026-07-06
CUST100040051,Home Security Add-on,0.7775,2026-07-07
CUST100033970,5G Handset Upgrade,0.1833,2026-07-18
CUST100046802,Family Plan Upgrade,0.3149,2026-07-05
CUST100047925,Device Insurance,0.2336,2026-07-05
CUST100069538,Home Security Add-on,0.1949,2026-07-08
CUST100002715,Home Security Add-on,0.4616,2026-07-23
CUST100091795,5G Handset Upgrade,0.8314,2026-07-10
CUST100067161,Streaming Bundle,0.8033,2026-07-02
CUST100087648,Family Plan Upgrade,0.9616,2026-07-04
CUST100065712,Streaming Bundle,0.869,2026-07-18
CUST100025288,Device Insurance,0.7819,2026-07-21
CUST100071568,Streaming Bundle,0.7067,2026-07-10
CUST100084446,Home Security Add-on,0.3394,2026-07-10
CUST100007699,Device Insurance,0.8728,2026-07-22
CUST100068521,Streaming Bundle,0.7301,2026-07-01
CUST100078281,Home Security Add-on,0.7985,2026-07-07
CUST100083803,5G Handset Upgrade,0.8149,2026-07-08
CUST100005125,Home Security Add-on,0.2009,2026-07-06
CUST100029781,Family Plan Upgrade,0.6362,2026-07-17
CUST100037455,5G Handset Upgrade,0.0764,2026-07-20
CUST100062023,International Roaming Pack,0.2173,2026-07-09
CUST100051979,5G Handset Upgrade,0.64,2026-07-11
CUST100012432,Family Plan Upgrade,0.6949,2026-07-11
CUST100050756,Device Insurance,0.5963,2026-07-03
CUST100069947,5G Handset Upgrade,0.9069,2026-07-18
CUST100000947,Device Insurance,0.2818,2026-07-05
CUST100078049,Streaming Bundle,0.5884,2026-07-11
CUST100063176,Device Insurance,0.6288,2026-07-02
CUST100031399,Device Insurance,0.5971,2026-07-13
CUST100082036,Family Plan Upgrade,0.2419,2026-07-10
CUST100096237,5G Handset Upgrade,0.7529,2026-07-06
CUST100057004,Device Insurance,0.9717,2026-07-12
CUST100094913,Device Insurance,0.2489,2026-07-18
CUST100067130,Streaming Bundle,0.7388,2026-07-11
CUST100030034,Streaming Bundle,0.4948,2026-07-03
CUST100080822,5G Handset Upgrade,0.8687,2026-07-13
CUST100053826,International Roaming Pack,0.199,2026-07-10
CUST100093591,Home Security Add-on,0.3878,2026-07-08
CUST100069305,Home Security Add-on,0.3487,2026-07-12
CUST100023202,Device Insurance,0.3125,2026-07-23
CUST100087559,Family Plan Upgrade,0.4795,2026-07-21
CUST100027339,Home Security Add-on,0.7365,2026-07-18
CUST100052132,International Roaming Pack,0.3962,2026-07-08
CUST100086675,International Roaming Pack,0.538,2026-07-09
CUST100046185,Home Security Add-on,0.1457,2026-07-23
CUST100020186,Device Insurance,0.8857,2026-07-07
CUST100076954,5G Handset Upgrade,0.1336,2026-07-09
CUST100092039,5G Handset Upgrade,0.629,2026-07-07
CUST100029333,Streaming Bundle,0.8956,2026-07-16
CUST100016373,Device Insurance,0.2811,2026-07-11
CUST100078238,Home Security Add-on,0.0691,2026-07-06
CUST100053370,Streaming Bundle,0.4075,2026-07-20
CUST100000827,Family Plan Upgrade,0.6045,2026-07-09
CUST100083143,Streaming Bundle,0.2303,2026-07-21
CUST100073839,International Roaming Pack,0.9421,2026-07-03
CUST100035110,Device Insurance,0.8387,2026-07-15
CUST100066024,Home Security Add-on,0.5382,2026-07-11
CUST100091619,International Roaming Pack,0.8891,2026-07-06
CUST100070868,International Roaming Pack,0.997,2026-07-19
CUST100069006,International Roaming Pack,0.2143,2026-07-20
CUST100096889,Home Security Add-on,0.0542,2026-07-22
CUST100013854,Device Insurance,0.7323,2026-07-14
CUST100093761,Family Plan Upgrade,0.4966,2026-07-14
CUST100085582,5G Handset Upgrade,0.8921,2026-07-22
CUST100017094,5G Handset Upgrade,0.4053,2026-07-17
CUST100060321,Home Security Add-on,0.8822,2026-07-10
CUST100042089,International Roaming Pack,0.8678,2026-07-04
CUST100004402,Home Security Add-on,0.9251,2026-07-13
CUST100052340,Device Insurance,0.1093,2026-07-03
CUST100096230,Family Plan Upgrade,0.5102,2026-07-08
CUST100028122,Streaming Bundle,0.1843,2026-07-07
CUST100028613,Home Security Add-on,0.803,2026-07-15
CUST100005604,5G Handset Upgrade,0.2742,2026-07-19
CUST100031737,5G Handset Upgrade,0.4689,2026-07-17
CUST100084922,Family Plan Upgrade,0.211,2026-07-10
CUST100030978,International Roaming Pack,0.1741,2026-07-17
CUST100020516,Home Security Add-on,0.5191,2026-07-21
CUST100091649,Streaming Bundle,0.9847,2026-07-07
CUST100031948,Family Plan Upgrade,0.5137,2026-07-19
CUST100083278,5G Handset Upgrade,0.5167,2026-07-17
CUST100095745,International Roaming Pack,0.4239,2026-07-05
CUST100045481,Streaming Bundle,0.2194,2026-07-04
CUST100008609,Home Security Add-on,0.356,2026-07-07
CUST100002336,5G Handset Upgrade,0.7499,2026-07-06
CUST100003358,International Roaming Pack,0.2252,2026-07-09
CUST100014796,International Roaming Pack,0.5495,2026-07-14
CUST100071886,Streaming Bundle,0.7094,2026-07-20
CUST100076515,Device Insurance,0.1193,2026-07-19
CUST100094343,5G Handset Upgrade,0.1617,2026-07-18
CUST100048919,International Roaming Pack,0.4095,2026-07-10
CUST100044341,Streaming Bundle,0.0521,2026-07-16
CUST100067634,Home Security Add-on,0.7502,2026-07-12
CUST100049242,International Roaming Pack,0.5907,2026-07-17
CUST100061788,International Roaming Pack,0.3941,2026-07-18
CUST100029293,Home Security Add-on,0.7349,2026-07-10
CUST100086305,Streaming Bundle,0.276,2026-07-14
CUST100044973,Streaming Bundle,0.3242,2026-07-13
CUST100000091,5G Handset Upgrade,0.4188,2026-07-18
CUST100040231,Family Plan Upgrade,0.2498,2026-07-01
CUST100047163,Streaming Bundle,0.375,2026-07-18
CUST100096513,Device Insurance,0.331,2026-07-19
CUST100052122,International Roaming Pack,0.9333,2026-07-04
CUST100049323,Home Security Add-on,0.633,2026-07-02
CUST100095324,Home Security Add-on,0.766,2026-07-02
CUST100072631,Device Insurance,0.3193,2026-07-23
CUST100017325,Home Security Add-on,0.0592,2026-07-19
CUST100054765,Streaming Bundle,0.7277,2026-07-19
CUST100038081,Family Plan Upgrade,0.7478,2026-07-14
CUST100088052,International Roaming Pack,0.2679,2026-07-12
CUST100090241,Device Insurance,0.5901,2026-07-13
CUST100031703,Device Insurance,0.2231,2026-07-04
CUST100019498,Home Security Add-on,0.1998,2026-07-19
CUST100060524,International Roaming Pack,0.6493,2026-07-05
CUST100039438,Home Security Add-on,0.3915,2026-07-19
CUST100006833,5G Handset Upgrade,0.8825,2026-07-21
CUST100076971,Streaming Bundle,0.3553,2026-07-15
CUST100040820,Device Insurance,0.1359,2026-07-08
CUST100062082,5G Handset Upgrade,0.4632,2026-07-07
CUST100075590,Streaming Bundle,0.7576,2026-07-13
CUST100072959,5G Handset Upgrade,0.9824,2026-07-13
CUST100017067,Streaming Bundle,0.6982,2026-07-06
CUST100066602,Device Insurance,0.4363,2026-07-11
CUST100063442,5G Handset Upgrade,0.6328,2026-07-06
CUST100097813,Streaming Bundle,0.6713,2026-07-10
CUST100006834,5G Handset Upgrade,0.0668,2026-07-18
CUST100081003,Device Insurance,0.504,2026-07-03
CUST100021930,Streaming Bundle,0.81,2026-07-06
CUST100047219,Family Plan Upgrade,0.45,2026-07-13
CUST100057263,Home Security Add-on,0.7511,2026-07-19
CUST100084201,Streaming Bundle,0.3741,2026-07-16
CUST100069919,Streaming Bundle,0.5859,2026-07-14
CUST100098878,Family Plan Upgrade,0.999,2026-07-22
CUST100022601,Home Security Add-on,0.5727,2026-07-17
CUST100013867,Home Security Add-on,0.748,2026-07-16
CUST100011026,5G Handset Upgrade,0.7064,2026-07-03
CUST100045698,Family Plan Upgrade,0.9983,2026-07-17
CUST100024854,Family Plan Upgrade,0.7842,2026-07-07
CUST100012362,5G Handset Upgrade,0.2163,2026-07-17
CUST100099547,5G Handset Upgrade,0.4733,2026-07-02
CUST100023537,5G Handset Upgrade,0.849,2026-07-20
CUST100099510,International Roaming Pack,0.0321,2026-07-05
CUST100046358,Home Security Add-on,0.7559,2026-07-22
CUST100063949,Streaming Bundle,0.2521,2026-07-16
CUST100073705,Device Insurance,0.5562,2026-07-13
CUST100094301,Family Plan Upgrade,0.8512,2026-07-11
CUST100063058,5G Handset Upgrade,0.3239,2026-07-11
CUST100065491,Device Insurance,0.8408,2026-07-15
CUST100052525,5G Handset Upgrade,0.3318,2026-07-23
CUST100087299,Home Security Add-on,0.4189,2026-07-14
CUST100043056,Streaming Bundle,0.2768,2026-07-02
CUST100004681,Home Security Add-on,0.2608,2026-07-09
CUST100015204,5G Handset Upgrade,0.7395,2026-07-13
CUST100026670,Home Security Add-on,0.7796,2026-07-06
CUST100094856,5G Handset Upgrade,0.4236,2026-07-11
CUST100030429,Streaming Bundle,0.2209,2026-07-03
CUST100046023,5G Handset Upgrade,0.3093,2026-07-01
CUST100015240,5G Handset Upgrade,0.2799,2026-07-20
CUST100032701,Device Insurance,0.3419,2026-07-08
CUST100051207,5G Handset Upgrade,0.9299,2026-07-14
CUST100021778,Family Plan Upgrade,0.53,2026-07-19
CUST100071456,International Roaming Pack,0.1094,2026-07-11
CUST100046662,International Roaming Pack,0.3922,2026-07-03
CUST100072888,Family Plan Upgrade,0.3705,2026-07-07
CUST100039534,5G Handset Upgrade,0.0526,2026-07-23
CUST100083256,Streaming Bundle,0.0069,2026-07-05
CUST100082985,International Roaming Pack,0.6615,2026-07-18
CUST100098302,5G Handset Upgrade,0.9506,2026-07-02
CUST100036801,Family Plan Upgrade,0.8664,2026-07-09
CUST100081033,International Roaming Pack,0.1724,2026-07-04
CUST100052382,5G Handset Upgrade,0.3013,2026-07-17
CUST100019702,Streaming Bundle,0.3064,2026-07-16
CUST100095353,Streaming Bundle,0.2913,2026-07-05
CUST100026651,5G Handset Upgrade,0.5447,2026-07-12
CUST100046784,5G Handset Upgrade,0.8228,2026-07-02
CUST100085876,5G Handset Upgrade,0.286,2026-07-15
CUST100065011,Streaming Bundle,0.7549,2026-07-15
CUST100011639,International Roaming Pack,0.7211,2026-07-09
CUST100099275,Device Insurance,0.7478,2026-07-17
CUST100086273,Family Plan Upgrade,0.8333,2026-07-08
CUST100085438,Family Plan Upgrade,0.7314,2026-07-16
CUST100025050,Device Insurance,0.1621,2026-07-07
CUST100070222,5G Handset Upgrade,0.2792,2026-07-14
CUST100058281,Home Security Add-on,0.6681,2026-07-02
CUST100091774,Device Insurance,0.937,2026-07-12
CUST100009479,Home Security Add-on,0.5657,2026-07-23
CUST100028439,Family Plan Upgrade,0.4652,2026-07-18
CUST100075857,5G Handset Upgrade,0.0091,2026-07-04
CUST100096299,Home Security Add-on,0.7798,2026-07-10
CUST100003766,Home Security Add-on,0.1802,2026-07-23
CUST100004423,International Roaming Pack,0.217,2026-07-21
CUST100023551,International Roaming Pack,0.4073,2026-07-21
CUST100007091,5G Handset Upgrade,0.5908,2026-07-14
CUST100083839,Device Insurance,0.5003,2026-07-07
CUST100082290,International Roaming Pack,0.4483,2026-07-09
CUST100083873,Family Plan Upgrade,0.3608,2026-07-20
CUST100062821,International Roaming Pack,0.5975,2026-07-19
CUST100040660,Device Insurance,0.7838,2026-07-07
CUST100091514,5G Handset Upgrade,0.7412,2026-07-23
CUST100026633,International Roaming Pack,0.2426,2026-07-10
CUST100088925,5G Handset Upgrade,0.9581,2026-07-02
CUST100053418,Family Plan Upgrade,0.7645,2026-07-01
CUST100096587,5G Handset Upgrade,0.576,2026-07-15
CUST100022415,Home Security Add-on,0.8389,2026-07-17
CUST100010065,Device Insurance,0.4834,2026-07-23
CUST100003324,Streaming Bundle,0.1888,2026-07-06
CUST100059099,5G Handset Upgrade,0.8127,2026-07-01
CUST100071135,International Roaming Pack,0.6176,2026-07-23
CUST100006878,5G Handset Upgrade,0.5016,2026-07-11
CUST100029922,Home Security Add-on,0.311,2026-07-09
CUST100046158,Device Insurance,0.7247,2026-07-08
CUST100075047,Family Plan Upgrade,0.7236,2026-07-09
CUST100049988,Home Security Add-on,0.1197,2026-07-01
CUST100029254,Home Security Add-on,0.7596,2026-07-20
CUST100067386,Home Security Add-on,0.1291,2026-07-21
CUST100005173,Home Security Add-on,0.1099,2026-07-05
CUST100002307,Family Plan Upgrade,0.1587,2026-07-14
CUST100008174,5G Handset Upgrade,0.5551,2026-07-19
CUST100066965,Streaming Bundle,0.446,2026-07-07
CUST100053235,Device Insurance,0.3902,2026-07-07
CUST100042981,International Roaming Pack,0.8061,2026-07-01
CUST100071997,Device Insurance,0.2773,2026-07-14
CUST100099663,International Roaming Pack,0.9606,2026-07-16
CUST100012312,5G Handset Upgrade,0.4352,2026-07-16
CUST100000882,Home Security Add-on,0.4796,2026-07-09
CUST100098226,Home Security Add-on,0.5974,2026-07-01
CUST100031775,International Roaming Pack,0.2305,2026-07-03
CUST100071273,5G Handset Upgrade,0.0741,2026-07-03
CUST100073568,Streaming Bundle,0.1695,2026-07-16
CUST100024090,Device Insurance,0.2785,2026-07-13
CUST100089323,Device Insurance,0.0885,2026-07-04
CUST100007130,Streaming Bundle,0.7126,2026-07-05
CUST100062581,Streaming Bundle,0.0036,2026-07-23
CUST100092536,Family Plan Upgrade,0.2039,2026-07-03
CUST100034064,Family Plan Upgrade,0.2626,2026-07-20
CUST100000627,Streaming Bundle,0.8242,2026-07-19
CUST100085141,International Roaming Pack,0.1962,2026-07-07
CUST100084817,Home Security Add-on,0.0388,2026-07-14
CUST100038942,Home Security Add-on,0.4899,2026-07-12
CUST100050071,5G Handset Upgrade,0.187,2026-07-13
CUST100042054,Family Plan Upgrade,0.602,2026-07-03
CUST100092194,Device Insurance,0.5938,2026-07-16
CUST100048261,5G Handset Upgrade,0.8274,2026-07-02
CUST100014985,5G Handset Upgrade,0.8046,2026-07-08
CUST100015714,International Roaming Pack,0.8665,2026-07-19
CUST100003170,5G Handset Upgrade,0.3681,2026-07-07
CUST100015909,Streaming Bundle,0.1762,2026-07-07
CUST100054631,Home Security Add-on,0.5764,2026-07-14
CUST100016119,International Roaming Pack,0.2162,2026-07-17
CUST100020926,5G Handset Upgrade,0.0615,2026-07-15
CUST100064784,Home Security Add-on,0.2217,2026-07-12
CUST100056931,Home Security Add-on,0.2451,2026-07-03
CUST100059158,International Roaming Pack,0.5559,2026-07-12
CUST100051388,5G Handset Upgrade,0.2383,2026-07-20
CUST100097169,International Roaming Pack,0.8993,2026-07-13
CUST100043779,Home Security Add-on,0.8595,2026-07-10
CUST100021839,5G Handset Upgrade,0.2888,2026-07-05
CUST100028742,International Roaming Pack,0.8052,2026-07-09
CUST100055261,Home Security Add-on,0.4372,2026-07-09
CUST100023919,Family Plan Upgrade,0.6595,2026-07-06
CUST100028053,Device Insurance,0.1866,2026-07-02
CUST100080852,Streaming Bundle,0.4674,2026-07-10
CUST100003073,Home Security Add-on,0.793,2026-07-16
CUST100081955,Streaming Bundle,0.699,2026-07-07
CUST100024665,Device Insurance,0.3268,2026-07-17
CUST100077944,International Roaming Pack,0.886,2026-07-02
CUST100057270,Family Plan Upgrade,0.2603,2026-07-17
CUST100092112,Family Plan Upgrade,0.3047,2026-07-18
CUST100057397,Streaming Bundle,0.8035,2026-07-03
CUST100075248,Family Plan Upgrade,0.8283,2026-07-17
CUST100054869,Streaming Bundle,0.7559,2026-07-23
CUST100010334,5G Handset Upgrade,0.2808,2026-07-14
CUST100081769,Streaming Bundle,0.5305,2026-07-07
CUST100015152,5G Handset Upgrade,0.4576,2026-07-21
CUST100048713,Home Security Add-on,0.4236,2026-07-12
CUST100040955,5G Handset Upgrade,0.3909,2026-07-05
CUST100085862,Home Security Add-on,0.9285,2026-07-14
CUST100080366,Device Insurance,0.294,2026-07-04
CUST100083327,Home Security Add-on,0.9145,2026-07-13
CUST100098381,International Roaming Pack,0.0116,2026-07-06
CUST100019402,5G Handset Upgrade,0.5971,2026-07-10
CUST100036752,Device Insurance,0.1012,2026-07-06
CUST100061769,Family Plan Upgrade,0.6267,2026-07-11
CUST100008545,International Roaming Pack,0.1694,2026-07-03
CUST100032656,Family Plan Upgrade,0.9408,2026-07-17
CUST100030001,5G Handset Upgrade,0.8683,2026-07-20
CUST100058402,Family Plan Upgrade,0.6933,2026-07-18
CUST100050428,5G Handset Upgrade,0.8377,2026-07-01
CUST100078971,International Roaming Pack,0.7284,2026-07-05
CUST100052926,Family Plan Upgrade,0.178,2026-07-22
CUST100009912,Family Plan Upgrade,0.4931,2026-07-10
CUST100073149,International Roaming Pack,0.4962,2026-07-10
CUST100054939,5G Handset Upgrade,0.9428,2026-07-02
CUST100043166,Family Plan Upgrade,0.2192,2026-07-12
CUST100038590,5G Handset Upgrade,0.9764,2026-07-19
CUST100097280,Device Insurance,0.5246,2026-07-01
CUST100089824,International Roaming Pack,0.3582,2026-07-10
CUST100028798,Family Plan Upgrade,0.175,2026-07-04
CUST100050966,Home Security Add-on,0.24,2026-07-17
CUST100000601,Streaming Bundle,0.0839,2026-07-02
CUST100033423,Device Insurance,0.8883,2026-07-07
CUST100091404,Streaming Bundle,0.0706,2026-07-14
CUST100005980,International Roaming Pack,0.8122,2026-07-08
CUST100095465,International Roaming Pack,0.6617,2026-07-09
CUST100010758,5G Handset Upgrade,0.7673,2026-07-10
CUST100069948,Home Security Add-on,0.0511,2026-07-23
CUST100012226,International Roaming Pack,0.2534,2026-07-02
CUST100030463,Home Security Add-on,0.5427,2026-07-17
CUST100025496,International Roaming Pack,0.6656,2026-07-07
CUST100027263,5G Handset Upgrade,0.1898,2026-07-08
CUST100044251,Streaming Bundle,0.9926,2026-07-23
CUST100016049,International Roaming Pack,0.9916,2026-07-22
CUST100099259,5G Handset Upgrade,0.395,2026-07-01
CUST100088836,Home Security Add-on,0.9632,2026-07-20
CUST100099995,Device Insurance,0.5713,2026-07-12
CUST100027262,Device Insurance,0.8105,2026-07-20
CUST100013435,Device Insurance,0.8816,2026-07-09
CUST100005695,Streaming Bundle,0.0072,2026-07-14
CUST100006504,Family Plan Upgrade,0.6661,2026-07-10
CUST100095257,5G Handset Upgrade,0.0009,2026-07-19
CUST100049772,Family Plan Upgrade,0.8066,2026-07-16
CUST100086267,Home Security Add-on,0.0779,2026-07-10
CUST100033162,5G Handset Upgrade,0.2064,2026-07-05
CUST100092303,Family Plan Upgrade,0.8705,2026-07-03
CUST100001020,Home Security Add-on,0.1915,2026-07-20
CUST100097973,Home Security Add-on,0.2672,2026-07-15
CUST100084551,Device Insurance,0.7606,2026-07-02
CUST100066993,Device Insurance,0.7626,2026-07-10
CUST100061773,Device Insurance,0.4985,2026-07-18
CUST100005098,Home Security Add-on,0.5526,2026-07-04
CUST100009816,Device Insurance,0.4425,2026-07-05
CUST100057413,Device Insurance,0.9259,2026-07-15
CUST100027316,Streaming Bundle,0.4944,2026-07-13
CUST100002808,International Roaming Pack,0.4402,2026-07-22
CUST100009149,Device Insurance,0.5334,2026-07-15
CUST100060729,International Roaming Pack,0.5212,2026-07-19
CUST100014932,International Roaming Pack,0.1189,2026-07-16
CUST100013245,5G Handset Upgrade,0.8548,2026-07-09
CUST100009731,International Roaming Pack,0.3451,2026-07-10
CUST100016849,5G Handset Upgrade,0.3292,2026-07-03
CUST100078406,International Roaming Pack,0.5832,2026-07-08
CUST100039353,Family Plan Upgrade,0.0841,2026-07-15
CUST100023794,Streaming Bundle,0.6729,2026-07-04
CUST100095136,Device Insurance,0.9395,2026-07-08
CUST100023395,Device Insurance,0.0517,2026-07-04
CUST100038098,Device Insurance,0.1438,2026-07-11
CUST100087915,Home Security Add-on,0.3724,2026-07-13
CUST100027434,Device Insurance,0.502,2026-07-23
CUST100096526,Device Insurance,0.8897,2026-07-11
CUST100046872,5G Handset Upgrade,0.0254,2026-07-21
CUST100098276,Home Security Add-on,0.0564,2026-07-18
CUST100035092,Home Security Add-on,0.4598,2026-07-16
CUST100034593,Family Plan Upgrade,0.1786,2026-07-04
CUST100018217,Home Security Add-on,0.4094,2026-07-01
CUST100036055,Family Plan Upgrade,0.3199,2026-07-20
CUST100014452,International Roaming Pack,0.9712,2026-07-19
CUST100063896,Streaming Bundle,0.5197,2026-07-22
CUST100024874,Device Insurance,0.7309,2026-07-22
CUST100005239,International Roaming Pack,0.7737,2026-07-19
CUST100039221,5G Handset Upgrade,0.2783,2026-07-14
CUST100001716,Device Insurance,0.6294,2026-07-19
CUST100096794,Family Plan Upgrade,0.7832,2026-07-17
CUST100092645,Home Security Add-on,0.4491,2026-07-20
CUST100072426,Family Plan Upgrade,0.0371,2026-07-03
CUST100096053,5G Handset Upgrade,0.4566,2026-07-16
CUST100047865,Streaming Bundle,0.2946,2026-07-19
CUST100025399,5G Handset Upgrade,0.0794,2026-07-01
CUST100006782,Device Insurance,0.7347,2026-07-01
CUST100000633,Family Plan Upgrade,0.1021,2026-07-20
CUST100027045,Device Insurance,0.6185,2026-07-02
CUST100016349,International Roaming Pack,0.6198,2026-07-18
CUST100024378,5G Handset Upgrade,0.6565,2026-07-08
CUST100060429,Streaming Bundle,0.9315,2026-07-03
CUST100085344,Home Security Add-on,0.0634,2026-07-16
CUST100071509,International Roaming Pack,0.6667,2026-07-18
CUST100013190,Device Insurance,0.0054,2026-07-05
CUST100010625,Device Insurance,0.5188,2026-07-02
CUST100018550,Home Security Add-on,0.3711,2026-07-11
CUST100019287,5G Handset Upgrade,0.9503,2026-07-02
CUST100091743,5G Handset Upgrade,0.383,2026-07-15
CUST100022924,Home Security Add-on,0.7714,2026-07-21
CUST100027559,Family Plan Upgrade,0.2051,2026-07-23
CUST100081987,International Roaming Pack,0.2088,2026-07-12
CUST100006992,Family Plan Upgrade,0.5423,2026-07-13
CUST100047846,Home Security Add-on,0.2095,2026-07-10
CUST100088929,5G Handset Upgrade,0.6659,2026-07-05
CUST100069355,Family Plan Upgrade,0.7139,2026-07-11
CUST100065966,Device Insurance,0.8956,2026-07-20
CUST100015826,International Roaming Pack,0.0055,2026-07-17
CUST100053336,Streaming Bundle,0.7057,2026-07-12
CUST100038199,International Roaming Pack,0.3042,2026-07-11
CUST100001921,Home Security Add-on,0.9514,2026-07-07
CUST100077637,Family Plan Upgrade,0.3104,2026-07-16
CUST100096748,Home Security Add-on,0.0313,2026-07-11
CUST100049344,International Roaming Pack,0.9324,2026-07-21
CUST100028177,Home Security Add-on,0.7064,2026-07-18
CUST100042235,Home Security Add-on,0.5329,2026-07-12
CUST100087776,Streaming Bundle,0.8268,2026-07-04
CUST100040472,Streaming Bundle,0.9235,2026-07-21
CUST100010974,Streaming Bundle,0.1866,2026-07-08
CUST100069737,5G Handset Upgrade,0.0642,2026-07-17
CUST100031592,Family Plan Upgrade,0.3805,2026-07-11
CUST100031666,Family Plan Upgrade,0.8521,2026-07-23
CUST100095590,Device Insurance,0.591,2026-07-10
CUST100043413,Device Insurance,0.6036,2026-07-12
CUST100064995,Streaming Bundle,0.4822,2026-07-19
CUST100016079,5G Handset Upgrade,0.778,2026-07-14
CUST100098841,International Roaming Pack,0.6798,2026-07-23
CUST100024372,International Roaming Pack,0.9635,2026-07-13
CUST100093132,International Roaming Pack,0.145,2026-07-19
CUST100077058,International Roaming Pack,0.728,2026-07-19
CUST100028225,Home Security Add-on,0.2875,2026-07-09
CUST100051595,Family Plan Upgrade,0.4197,2026-07-12
CUST100012972,Device Insurance,0.7934,2026-07-02
CUST100080978,5G Handset Upgrade,0.2279,2026-07-14
CUST100074619,5G Handset Upgrade,0.1361,2026-07-15
CUST100022856,Family Plan Upgrade,0.576,2026-07-21
CUST100010258,Family Plan Upgrade,0.0108,2026-07-15
CUST100018369,Streaming Bundle,0.1024,2026-07-11
CUST100040609,Streaming Bundle,0.6274,2026-07-12
CUST100066668,Family Plan Upgrade,0.6897,2026-07-22
CUST100010867,Family Plan Upgrade,0.8145,2026-07-16
CUST100032699,Home Security Add-on,0.2955,2026-07-04
CUST100005223,Family Plan Upgrade,0.8614,2026-07-12
CUST100023377,5G Handset Upgrade,0.545,2026-07-14
CUST100000185,5G Handset Upgrade,0.7323,2026-07-15
CUST100023830,International Roaming Pack,0.7574,2026-07-06
CUST100059261,Family Plan Upgrade,0.6981,2026-07-18
CUST100078486,Family Plan Upgrade,0.1286,2026-07-03
CUST100053492,Home Security Add-on,0.9564,2026-07-09
CUST100025121,Family Plan Upgrade,0.6077,2026-07-04
CUST100049200,Streaming Bundle,0.2046,2026-07-12
CUST100039224,Streaming Bundle,0.4346,2026-07-19
CUST100010320,5G Handset Upgrade,0.4333,2026-07-14
CUST100084769,Family Plan Upgrade,0.3388,2026-07-10
CUST100016289,Family Plan Upgrade,0.1325,2026-07-01
CUST100024321,Family Plan Upgrade,0.1626,2026-07-21
CUST100003020,Device Insurance,0.7594,2026-07-22
CUST100069433,International Roaming Pack,0.2824,2026-07-05
CUST100079198,Family Plan Upgrade,0.5257,2026-07-01
CUST100049613,Device Insurance,0.8744,2026-07-21
CUST100037856,Streaming Bundle,0.1057,2026-07-10
CUST100025140,Home Security Add-on,0.9165,2026-07-11
CUST100052033,5G Handset Upgrade,0.6384,2026-07-18
CUST100061790,Family Plan Upgrade,0.1537,2026-07-10
CUST100019971,Family Plan Upgrade,0.1178,2026-07-16
CUST100066303,International Roaming Pack,0.4963,2026-07-23
CUST100084867,5G Handset Upgrade,0.6364,2026-07-16
CUST100058649,Streaming Bundle,0.6203,2026-07-17
CUST100092210,5G Handset Upgrade,0.3985,2026-07-07
CUST100041167,Home Security Add-on,0.316,2026-07-13
CUST100026485,5G Handset Upgrade,0.5595,2026-07-11
CUST100084721,Device Insurance,0.6095,2026-07-16
CUST100089190,International Roaming Pack,0.6494,2026-07-12
CUST100076711,Device Insurance,0.3045,2026-07-15
CUST100041731,5G Handset Upgrade,0.4091,2026-07-14
CUST100024836,Streaming Bundle,0.5077,2026-07-20
CUST100075874,5G Handset Upgrade,0.7842,2026-07-20
CUST100074650,Home Security Add-on,0.0244,2026-07-04
CUST100092141,Streaming Bundle,0.1558,2026-07-08
CUST100080911,International Roaming Pack,0.9316,2026-07-02
CUST100003588,Device Insurance,0.107,2026-07-13
CUST100024312,Device Insurance,0.5582,2026-07-03
CUST100027486,International Roaming Pack,0.7527,2026-07-11
CUST100040858,5G Handset Upgrade,0.3249,2026-07-16
CUST100027277,Family Plan Upgrade,0.1134,2026-07-09
CUST100050927,5G Handset Upgrade,0.9676,2026-07-06
CUST100078266,Device Insurance,0.8691,2026-07-22
CUST100072535,International Roaming Pack,0.6056,2026-07-19
CUST100066863,International Roaming Pack,0.1296,2026-07-04
CUST100099137,Home Security Add-on,0.9205,2026-07-11
CUST100064309,Device Insurance,0.0374,2026-07-12
CUST100098905,International Roaming Pack,0.6228,2026-07-06
CUST100026037,5G Handset Upgrade,0.0877,2026-07-05
CUST100009544,Family Plan Upgrade,0.5252,2026-07-08
CUST100079135,Streaming Bundle,0.149,2026-07-22
CUST100012060,Home Security Add-on,0.7486,2026-07-14
CUST100099336,International Roaming Pack,0.5661,2026-07-12
CUST100082982,International Roaming Pack,0.5224,2026-07-16
CUST100066076,5G Handset Upgrade,0.9327,2026-07-05
CUST100012918,Family Plan Upgrade,0.7894,2026-07-05
CUST100043030,Home Security Add-on,0.6203,2026-07-16
CUST100083282,Home Security Add-on,0.7274,2026-07-09
CUST100003031,Device Insurance,0.1173,2026-07-15
CUST100075428,5G Handset Upgrade,0.8489,2026-07-01
CUST100034899,International Roaming Pack,0.8724,2026-07-22
CUST100033754,Home Security Add-on,0.4931,2026-07-19
CUST100037814,Streaming Bundle,0.479,2026-07-01
CUST100089243,5G Handset Upgrade,0.8327,2026-07-03
CUST100054734,Device Insurance,0.7115,2026-07-02
CUST100082679,Family Plan Upgrade,0.6162,2026-07-02
CUST100046944,Streaming Bundle,0.9279,2026-07-06
CUST100056345,Device Insurance,0.3233,2026-07-06
CUST100001753,Family Plan Upgrade,0.4423,2026-07-01
CUST100082912,Device Insurance,0.8089,2026-07-08
CUST100090293,Streaming Bundle,0.2914,2026-07-22
CUST100072398,Device Insurance,0.5522,2026-07-01
CUST100034915,International Roaming Pack,0.2047,2026-07-08
CUST100007525,Family Plan Upgrade,0.0269,2026-07-20
CUST100012907,5G Handset Upgrade,0.3641,2026-07-11
CUST100048755,5G Handset Upgrade,0.0092,2026-07-13
CUST100041151,5G Handset Upgrade,0.6731,2026-07-10
CUST100011319,5G Handset Upgrade,0.4481,2026-07-02
CUST100097007,Streaming Bundle,0.8905,2026-07-10
CUST100037311,Home Security Add-on,0.8544,2026-07-02
CUST100029878,International Roaming Pack,0.2781,2026-07-17
CUST100055131,5G Handset Upgrade,0.8049,2026-07-08
CUST100061027,Family Plan Upgrade,0.9994,2026-07-11
CUST100098853,Family Plan Upgrade,0.5601,2026-07-08
CUST100073737,Device Insurance,0.1556,2026-07-21
CUST100036411,International Roaming Pack,0.609,2026-07-15
CUST100061679,Streaming Bundle,0.9793,2026-07-18
CUST100087193,Family Plan Upgrade,0.8802,2026-07-02
CUST100035318,Device Insurance,0.1746,2026-07-21
CUST100086524,5G Handset Upgrade,0.151,2026-07-15
CUST100000053,Home Security Add-on,0.2253,2026-07-09
CUST100022353,Streaming Bundle,0.3182,2026-07-20
CUST100045772,Streaming Bundle,0.2668,2026-07-01
CUST100000689,5G Handset Upgrade,0.5863,2026-07-11
CUST100090069,5G Handset Upgrade,0.095,2026-07-18
CUST100036144,Home Security Add-on,0.6881,2026-07-18
CUST100056730,Streaming Bundle,0.864,2026-07-18
CUST100050923,International Roaming Pack,0.2223,2026-07-12
CUST100079166,Device Insurance,0.9998,2026-07-03
CUST100020302,Family Plan Upgrade,0.0288,2026-07-02
CUST100083679,International Roaming Pack,0.6092,2026-07-18
CUST100014405,Family Plan Upgrade,0.4969,2026-07-11
CUST100043137,International Roaming Pack,0.975,2026-07-15
CUST100014781,5G Handset Upgrade,0.747,2026-07-16
CUST100077061,International Roaming Pack,0.8341,2026-07-07
CUST100037413,Home Security Add-on,0.9725,2026-07-03
CUST100070464,5G Handset Upgrade,0.1298,2026-07-16
CUST100066186,5G Handset Upgrade,0.1842,2026-07-04
CUST100051339,Streaming Bundle,0.9815,2026-07-17
CUST100007600,Device Insurance,0.1393,2026-07-19
CUST100050866,Home Security Add-on,0.0026,2026-07-13
CUST100010700,Streaming Bundle,0.2722,2026-07-10
CUST100041553,Streaming Bundle,0.7779,2026-07-22
CUST100023705,Device Insurance,0.5253,2026-07-03
CUST100055263,5G Handset Upgrade,0.0303,2026-07-18
CUST100051740,Streaming Bundle,0.885,2026-07-04
CUST100039525,Home Security Add-on,0.9236,2026-07-14
CUST100026398,Family Plan Upgrade,0.7622,2026-07-14
CUST100082487,5G Handset Upgrade,0.4436,2026-07-11
CUST100043756,International Roaming Pack,0.0928,2026-07-16
CUST100024115,5G Handset Upgrade,0.418,2026-07-09
CUST100013643,Home Security Add-on,0.8633,2026-07-12
CUST100050620,5G Handset Upgrade,0.4669,2026-07-02
CUST100065783,Family Plan Upgrade,0.3805,2026-07-08
CUST100049616,5G Handset Upgrade,0.5616,2026-07-01
CUST100018821,Home Security Add-on,0.2465,2026-07-15
CUST100060085,5G Handset Upgrade,0.3256,2026-07-05
CUST100005625,Streaming Bundle,0.7034,2026-07-12
CUST100073932,Streaming Bundle,0.1119,2026-07-16
CUST100038865,Family Plan Upgrade,0.816,2026-07-23
CUST100035572,Home Security Add-on,0.0169,2026-07-10
CUST100060543,Device Insurance,0.7173,2026-07-12
CUST100070818,Streaming Bundle,0.8194,2026-07-06
CUST100024181,5G Handset Upgrade,0.7871,2026-07-20
CUST100084158,Family Plan Upgrade,0.443,2026-07-03
CUST100012786,5G Handset Upgrade,0.1732,2026-07-11
CUST100005975,Streaming Bundle,0.6609,2026-07-03
CUST100030798,Home Security Add-on,0.2949,2026-07-01
CUST100079257,Family Plan Upgrade,0.9223,2026-07-02
CUST100066213,Streaming Bundle,0.6811,2026-07-04
CUST100042705,International Roaming Pack,0.8963,2026-07-13
CUST100069370,5G Handset Upgrade,0.554,2026-07-10
CUST100041897,Family Plan Upgrade,0.7392,2026-07-07
CUST100056142,Home Security Add-on,0.7617,2026-07-13
CUST100086539,Family Plan Upgrade,0.0751,2026-07-17
CUST100058974,5G Handset Upgrade,0.2096,2026-07-20
CUST100053469,5G Handset Upgrade,0.2514,2026-07-08
CUST100011006,International Roaming Pack,0.2951,2026-07-07
CUST100048230,Device Insurance,0.2736,2026-07-02
CUST100047673,International Roaming Pack,0.4977,2026-07-23
CUST100056892,Streaming Bundle,0.5694,2026-07-16
CUST100050889,Device Insurance,0.0848,2026-07-16
CUST100003663,Streaming Bundle,0.4348,2026-07-05
CUST100021732,Home Security Add-on,0.9126,2026-07-01
CUST100006729,Streaming Bundle,0.7207,2026-07-01
CUST100076029,Family Plan Upgrade,0.6252,2026-07-08
CUST100075720,Family Plan Upgrade,0.0454,2026-07-03
CUST100056637,Home Security Add-on,0.4016,2026-07-23
CUST100043227,Streaming Bundle,0.4463,2026-07-01
CUST100039142,Streaming Bundle,0.0796,2026-07-03
CUST100024687,Family Plan Upgrade,0.4254,2026-07-16
CUST100064248,Streaming Bundle,0.9311,2026-07-10
CUST100042322,Streaming Bundle,0.5924,2026-07-03
CUST100085383,Streaming Bundle,0.5975,2026-07-04
CUST100093207,Streaming Bundle,0.4678,2026-07-23
CUST100047996,International Roaming Pack,0.0298,2026-07-11
CUST100059682,International Roaming Pack,0.8685,2026-07-12
CUST100059135,Streaming Bundle,0.5156,2026-07-10
CUST100096941,Streaming Bundle,0.1133,2026-07-20
CUST100042568,5G Handset Upgrade,0.1663,2026-07-14
CUST100011840,5G Handset Upgrade,0.1233,2026-07-04
CUST100016004,Family Plan Upgrade,0.0305,2026-07-07
CUST100068330,Device Insurance,0.9734,2026-07-21
CUST100063672,Family Plan Upgrade,0.9808,2026-07-11
CUST100036729,Home Security Add-on,0.1626,2026-07-05
CUST100033436,5G Handset Upgrade,0.1,2026-07-07
CUST100091894,5G Handset Upgrade,0.796,2026-07-04
CUST100003765,Family Plan Upgrade,0.1846,2026-07-12
CUST100028997,Family Plan Upgrade,0.2334,2026-07-19
CUST100003027,Family Plan Upgrade,0.7262,2026-07-22
CUST100053208,5G Handset Upgrade,0.581,2026-07-14
CUST100099872,International Roaming Pack,0.469,2026-07-13
CUST100075872,5G Handset Upgrade,0.5559,2026-07-20
CUST100038825,Device Insurance,0.4891,2026-07-21
CUST100002664,5G Handset Upgrade,0.2829,2026-07-18
CUST100076404,Family Plan Upgrade,0.6249,2026-07-17
CUST100021936,Home Security Add-on,0.8726,2026-07-13
CUST100005476,Device Insurance,0.6083,2026-07-17
CUST100084280,International Roaming Pack,0.9642,2026-07-17
CUST100032640,International Roaming Pack,0.7558,2026-07-15
CUST100012230,Family Plan Upgrade,0.6054,2026-07-07
CUST100013323,Home Security Add-on,0.7165,2026-07-14
CUST100002545,Home Security Add-on,0.7915,2026-07-16
CUST100027554,Family Plan Upgrade,0.0805,2026-07-07
CUST100038812,Family Plan Upgrade,0.4722,2026-07-05
CUST100025563,Home Security Add-on,0.0956,2026-07-16
CUST100008877,International Roaming Pack,0.3832,2026-07-11
CUST100063999,Device Insurance,0.5644,2026-07-15
CUST100011308,International Roaming Pack,0.3379,2026-07-23
CUST100022188,Home Security Add-on,0.9207,2026-07-10
CUST100045253,Home Security Add-on,0.1571,2026-07-18
CUST100022725,Streaming Bundle,0.5874,2026-07-19
CUST100038183,International Roaming Pack,0.9435,2026-07-06
CUST100003963,5G Handset Upgrade,0.798,2026-07-11
CUST100098661,5G Handset Upgrade,0.66,2026-07-07
CUST100054118,5G Handset Upgrade,0.2604,2026-07-20
CUST100072671,Family Plan Upgrade,0.3533,2026-07-04
CUST100005693,International Roaming Pack,0.1283,2026-07-02
CUST100046485,Device Insurance,0.5503,2026-07-04
CUST100047951,International Roaming Pack,0.1726,2026-07-03
CUST100068331,Streaming Bundle,0.7059,2026-07-16
CUST100024519,Family Plan Upgrade,0.6051,2026-07-11
CUST100099327,Home Security Add-on,0.3646,2026-07-06
CUST100062815,Family Plan Upgrade,0.2979,2026-07-11
CUST100032799,Family Plan Upgrade,0.1119,2026-07-15
CUST100045845,5G Handset Upgrade,0.896,2026-07-12
CUST100098222,Streaming Bundle,0.1963,2026-07-19
CUST100020183,International Roaming Pack,0.0181,2026-07-15
CUST100028962,Device Insurance,0.7021,2026-07-06
CUST100013120,5G Handset Upgrade,0.0903,2026-07-17
CUST100037544,Family Plan Upgrade,0.828,2026-07-14
CUST100043253,Device Insurance,0.5871,2026-07-12
CUST100002170,Family Plan Upgrade,0.3762,2026-07-21
CUST100036124,International Roaming Pack,0.8093,2026-07-18
CUST100084037,Family Plan Upgrade,0.7518,2026-07-14
CUST100014770,Streaming Bundle,0.2058,2026-07-14
CUST100061035,Device Insurance,0.9136,2026-07-22
CUST100056532,Home Security Add-on,0.7822,2026-07-06
CUST100044752,Home Security Add-on,0.3411,2026-07-03
CUST100021120,International Roaming Pack,0.8295,2026-07-21
CUST100094742,Home Security Add-on,0.8891,2026-07-15
CUST100015971,Family Plan Upgrade,0.4955,2026-07-09
CUST100084943,International Roaming Pack,0.1602,2026-07-01
CUST100040617,International Roaming Pack,0.5757,2026-07-01
CUST100057829,5G Handset Upgrade,0.1598,2026-07-12
CUST100063809,Family Plan Upgrade,0.3908,2026-07-22
CUST100034834,Streaming Bundle,0.7047,2026-07-11
CUST100045502,5G Handset Upgrade,0.7485,2026-07-14
CUST100042021,International Roaming Pack,0.2651,2026-07-17
CUST100009668,Device Insurance,0.2812,2026-07-18
CUST100038695,Family Plan Upgrade,0.8481,2026-07-03
CUST100089233,Streaming Bundle,0.0341,2026-07-06
CUST100058183,International Roaming Pack,0.5295,2026-07-15
CUST100061032,Device Insurance,0.2332,2026-07-08
CUST100078878,Device Insurance,0.6236,2026-07-08
CUST100027789,International Roaming Pack,0.2222,2026-07-21
CUST100027539,Family Plan Upgrade,0.6717,2026-07-07
CUST100048363,Device Insurance,0.966,2026-07-10
CUST100098597,5G Handset Upgrade,0.0194,2026-07-15
CUST100009878,Home Security Add-on,0.3213,2026-07-07
CUST100083118,International Roaming Pack,0.1567,2026-07-16
CUST100061931,International Roaming Pack,0.2126,2026-07-14
CUST100097412,Family Plan Upgrade,0.332,2026-07-05
CUST100036257,International Roaming Pack,0.1264,2026-07-01
CUST100029034,5G Handset Upgrade,0.0091,2026-07-23
CUST100079742,5G Handset Upgrade,0.4353,2026-07-19
CUST100056301,5G Handset Upgrade,0.4078,2026-07-12
CUST100078068,Device Insurance,0.6105,2026-07-01
CUST100077267,Family Plan Upgrade,0.6559,2026-07-23
CUST100036358,International Roaming Pack,0.0131,2026-07-03
CUST100061126,Streaming Bundle,0.6275,2026-07-12
CUST100047096,Home Security Add-on,0.8377,2026-07-09
CUST100029123,Device Insurance,0.5572,2026-07-12
CUST100088492,Streaming Bundle,0.5355,2026-07-22
CUST100025224,Family Plan Upgrade,0.3509,2026-07-15
CUST100091625,5G Handset Upgrade,0.743,2026-07-01
CUST100062011,Family Plan Upgrade,0.7187,2026-07-14
CUST100062745,Home Security Add-on,0.9622,2026-07-18
CUST100043278,Device Insurance,0.8368,2026-07-02
CUST100048572,Device Insurance,0.1129,2026-07-07
CUST100040320,Streaming Bundle,0.7788,2026-07-17
CUST100012748,Streaming Bundle,0.5586,2026-07-14
CUST100055738,5G Handset Upgrade,0.2273,2026-07-14
CUST100022755,Device Insurance,0.6871,2026-07-09
CUST100011642,Home Security Add-on,0.9507,2026-07-12
CUST100017423,Home Security Add-on,0.1546,2026-07-20
CUST100075062,Family Plan Upgrade,0.0079,2026-07-10
CUST100070432,Family Plan Upgrade,0.4725,2026-07-22
CUST100051122,International Roaming Pack,0.4126,2026-07-05
CUST100041815,Home Security Add-on,0.522,2026-07-13
CUST100026130,International Roaming Pack,0.7029,2026-07-07
CUST100060859,Streaming Bundle,0.4632,2026-07-20
CUST100022242,Device Insurance,0.9865,2026-07-01
CUST100080473,Family Plan Upgrade,0.116,2026-07-16
CUST100078562,Family Plan Upgrade,0.9169,2026-07-10
CUST100087406,Home Security Add-on,0.5059,2026-07-20
CUST100043913,Streaming Bundle,0.21,2026-07-18
CUST100074915,5G Handset Upgrade,0.1651,2026-07-02
CUST100086493,5G Handset Upgrade,0.1381,2026-07-14
CUST100018293,Family Plan Upgrade,0.6612,2026-07-12
CUST100017949,Home Security Add-on,0.1092,2026-07-23
CUST100005457,Home Security Add-on,0.404,2026-07-17
CUST100001438,Home Security Add-on,0.0363,2026-07-22
CUST100013186,Streaming Bundle,0.7671,2026-07-02
CUST100014152,Home Security Add-on,0.9566,2026-07-14
CUST100072517,Streaming Bundle,0.9008,2026-07-21
CUST100095886,5G Handset Upgrade,0.6145,2026-07-18
CUST100044892,Home Security Add-on,0.2223,2026-07-07
CUST100068266,Device Insurance,0.7875,2026-07-17
CUST100010174,Home Security Add-on,0.8055,2026-07-05
CUST100034740,Streaming Bundle,0.0751,2026-07-05
CUST100076103,Streaming Bundle,0.8172,2026-07-14
CUST100086474,Streaming Bundle,0.7728,2026-07-13
CUST100027325,International Roaming Pack,0.1375,2026-07-11
CUST100020925,International Roaming Pack,0.6498,2026-07-21
CUST100095661,Streaming Bundle,0.0395,2026-07-20
CUST100000391,5G Handset Upgrade,0.5238,2026-07-19
CUST100007375,Streaming Bundle,0.5011,2026-07-03
CUST100038115,Streaming Bundle,0.19,2026-07-05
CUST100042475,5G Handset Upgrade,0.5731,2026-07-14
CUST100029972,Streaming Bundle,0.8151,2026-07-23
CUST100058938,Family Plan Upgrade,0.3529,2026-07-18
CUST100008075,Streaming Bundle,0.5608,2026-07-19
CUST100068482,5G Handset Upgrade,0.5514,2026-07-22
CUST100020126,Home Security Add-on,0.579,2026-07-20
CUST100024912,5G Handset Upgrade,0.6755,2026-07-12
CUST100016273,5G Handset Upgrade,0.0858,2026-07-05
CUST100051716,Home Security Add-on,0.1056,2026-07-16
CUST100093170,International Roaming Pack,0.3574,2026-07-01
CUST100075980,International Roaming Pack,0.5106,2026-07-23
CUST100076757,Home Security Add-on,0.3617,2026-07-03
CUST100002622,Family Plan Upgrade,0.281,2026-07-11
CUST100035423,Home Security Add-on,0.3575,2026-07-23
CUST100011369,Home Security Add-on,0.3393,2026-07-03
CUST100028436,5G Handset Upgrade,0.8963,2026-07-14
CUST100033972,Home Security Add-on,0.2546,2026-07-16
CUST100049313,Device Insurance,0.2873,2026-07-06
CUST100000610,International Roaming Pack,0.2883,2026-07-22
CUST100067259,Streaming Bundle,0.6476,2026-07-10
CUST100042756,5G Handset Upgrade,0.9921,2026-07-21
CUST100017215,Family Plan Upgrade,0.3015,2026-07-01
CUST100047065,Family Plan Upgrade,0.2299,2026-07-13
CUST100042543,Streaming Bundle,0.7632,2026-07-10
CUST100012112,Home Security Add-on,0.1776,2026-07-07
CUST100077141,5G Handset Upgrade,0.65,2026-07-05
CUST100020236,Home Security Add-on,0.4709,2026-07-14
CUST100078502,Family Plan Upgrade,0.5977,2026-07-06
CUST100098229,Device Insurance,0.5903,2026-07-17
CUST100039070,Device Insurance,0.9932,2026-07-21
CUST100016410,5G Handset Upgrade,0.1088,2026-07-15
CUST100053500,5G Handset Upgrade,0.0318,2026-07-17
CUST100047183,Family Plan Upgrade,0.1792,2026-07-17
CUST100090023,Family Plan Upgrade,0.9345,2026-07-21
CUST100033353,International Roaming Pack,0.497,2026-07-02
CUST100087171,Home Security Add-on,0.9671,2026-07-14
CUST100038399,International Roaming Pack,0.4828,2026-07-02
CUST100042778,5G Handset Upgrade,0.7226,2026-07-01
CUST100019570,Family Plan Upgrade,0.8847,2026-07-08
CUST100053890,Family Plan Upgrade,0.0645,2026-07-16
CUST100094350,5G Handset Upgrade,0.7889,2026-07-18
CUST100005804,Family Plan Upgrade,0.2838,2026-07-09
CUST100062255,Device Insurance,0.6808,2026-07-08
CUST100047721,Device Insurance,0.7222,2026-07-06
CUST100063411,Family Plan Upgrade,0.2909,2026-07-22
CUST100044642,Streaming Bundle,0.4094,2026-07-23
CUST100015613,Streaming Bundle,0.764,2026-07-20
CUST100020933,Streaming Bundle,0.9927,2026-07-03
CUST100024695,International Roaming Pack,0.7656,2026-07-07
CUST100007940,International Roaming Pack,0.5143,2026-07-20
CUST100007058,Streaming Bundle,0.1548,2026-07-14
CUST100065497,5G Handset Upgrade,0.2907,2026-07-11
CUST100048800,Family Plan Upgrade,0.7746,2026-07-20
CUST100064336,Family Plan Upgrade,0.8734,2026-07-12
CUST100091370,Family Plan Upgrade,0.2581,2026-07-09
CUST100012666,Home Security Add-on,0.9863,2026-07-19
CUST100048382,Streaming Bundle,0.3716,2026-07-09
CUST100097598,Home Security Add-on,0.2835,2026-07-07
CUST100099278,5G Handset Upgrade,0.7501,2026-07-07
CUST100021578,Streaming Bundle,0.1096,2026-07-23
CUST100081055,Home Security Add-on,0.7175,2026-07-19
CUST100042570,Home Security Add-on,0.4004,2026-07-05
CUST100056280,Device Insurance,0.4072,2026-07-01
CUST100058304,Device Insurance,0.9155,2026-07-19
CUST100067987,Device Insurance,0.7025,2026-07-12
CUST100003505,Streaming Bundle,0.5302,2026-07-08
CUST100061460,5G Handset Upgrade,0.0097,2026-07-04
CUST100002534,5G Handset Upgrade,0.6092,2026-07-22
CUST100028986,Home Security Add-on,0.029,2026-07-16
CUST100001594,International Roaming Pack,0.9988,2026-07-06
CUST100089484,Streaming Bundle,0.536,2026-07-22
CUST100001031,Family Plan Upgrade,0.2452,2026-07-13
CUST100080204,Home Security Add-on,0.6255,2026-07-01
CUST100072227,Home Security Add-on,0.3486,2026-07-22
CUST100064991,International Roaming Pack,0.6109,2026-07-19
CUST100090697,Family Plan Upgrade,0.9703,2026-07-11
CUST100047380,Home Security Add-on,0.9131,2026-07-10
CUST100079319,Streaming Bundle,0.9147,2026-07-19
CUST100044097,Home Security Add-on,0.7201,2026-07-21
CUST100068390,International Roaming Pack,0.04,2026-07-16
CUST100001001,International Roaming Pack,0.8742,2026-07-15
CUST100090374,5G Handset Upgrade,0.5991,2026-07-17
CUST100042822,Home Security Add-on,0.6558,2026-07-21
CUST100090724,Home Security Add-on,0.2233,2026-07-19
CUST100078094,5G Handset Upgrade,0.199,2026-07-03
CUST100028544,Device Insurance,0.1682,2026-07-21
CUST100037018,International Roaming Pack,0.548,2026-07-12
CUST100088738,Home Security Add-on,0.7655,2026-07-08
CUST100065755,Family Plan Upgrade,0.5483,2026-07-09
CUST100099175,5G Handset Upgrade,0.7733,2026-07-10
CUST100034025,Family Plan Upgrade,0.0231,2026-07-04
CUST100029177,Family Plan Upgrade,0.7525,2026-07-17
CUST100064895,Family Plan Upgrade,0.0791,2026-07-19
CUST100095282,5G Handset Upgrade,0.9863,2026-07-01
CUST100029802,Home Security Add-on,0.5651,2026-07-14
CUST100012155,5G Handset Upgrade,0.122,2026-07-07
CUST100078921,Home Security Add-on,0.3695,2026-07-22
CUST100030100,Streaming Bundle,0.5603,2026-07-14
CUST100052026,Home Security Add-on,0.9942,2026-07-01
CUST100035646,Device Insurance,0.99,2026-07-04
CUST100036987,Family Plan Upgrade,0.2273,2026-07-07
CUST100048271,Home Security Add-on,0.4695,2026-07-19
CUST100036857,Device Insurance,0.8403,2026-07-05
CUST100017187,5G Handset Upgrade,0.2838,2026-07-22
CUST100061807,International Roaming Pack,0.7728,2026-07-17
CUST100027138,Streaming Bundle,0.8028,2026-07-18
CUST100039634,Home Security Add-on,0.0323,2026-07-11
CUST100019666,Home Security Add-on,0.3878,2026-07-13
CUST100049151,Streaming Bundle,0.6802,2026-07-13
CUST100007343,Streaming Bundle,0.1501,2026-07-10
CUST100063371,Home Security Add-on,0.7885,2026-07-16
CUST100057070,Family Plan Upgrade,0.0884,2026-07-15
CUST100013443,International Roaming Pack,0.9431,2026-07-20
CUST100026988,Home Security Add-on,0.1503,2026-07-05
CUST100028638,International Roaming Pack,0.9583,2026-07-04
CUST100040599,International Roaming Pack,0.5645,2026-07-11
CUST100039136,Device Insurance,0.3776,2026-07-09
CUST100028637,Home Security Add-on,0.1282,2026-07-13
CUST100079696,Family Plan Upgrade,0.1708,2026-07-02
CUST100027727,5G Handset Upgrade,0.7448,2026-07-12
CUST100088316,Streaming Bundle,0.6445,2026-07-02
CUST100047075,Family Plan Upgrade,0.3344,2026-07-10
CUST100053975,Family Plan Upgrade,0.5992,2026-07-09
CUST100081851,Device Insurance,0.443,2026-07-16
CUST100049167,International Roaming Pack,0.8738,2026-07-17
CUST100077285,Home Security Add-on,0.2948,2026-07-20
CUST100021796,Home Security Add-on,0.0655,2026-07-23
CUST100099965,Streaming Bundle,0.9287,2026-07-23
CUST100024461,5G Handset Upgrade,0.5797,2026-07-07
CUST100090946,Home Security Add-on,0.0912,2026-07-05
CUST100061158,Family Plan Upgrade,0.3655,2026-07-11
CUST100058242,Family Plan Upgrade,0.1308,2026-07-23
CUST100033458,Home Security Add-on,0.5077,2026-07-11
CUST100008096,Family Plan Upgrade,0.1126,2026-07-04
CUST100015949,Device Insurance,0.1411,2026-07-04
CUST100052745,Streaming Bundle,0.4743,2026-07-16
CUST100086259,International Roaming Pack,0.8401,2026-07-14
CUST100080623,5G Handset Upgrade,0.0894,2026-07-22
CUST100026725,Home Security Add-on,0.0072,2026-07-19
CUST100074388,5G Handset Upgrade,0.8393,2026-07-07
CUST100018032,Device Insurance,0.7908,2026-07-15
CUST100037275,Device Insurance,0.0062,2026-07-10
CUST100010725,International Roaming Pack,0.3989,2026-07-07
CUST100065274,5G Handset Upgrade,0.0976,2026-07-11
CUST100087872,International Roaming Pack,0.4174,2026-07-23
CUST100091596,Streaming Bundle,0.5022,2026-07-03
CUST100049640,5G Handset Upgrade,0.8822,2026-07-07
CUST100003529,International Roaming Pack,0.1968,2026-07-15
CUST100098369,Home Security Add-on,0.7023,2026-07-21
CUST100083246,Family Plan Upgrade,0.8595,2026-07-10
CUST100062214,Streaming Bundle,0.0852,2026-07-15
CUST100006594,Device Insurance,0.429,2026-07-13
CUST100058632,5G Handset Upgrade,0.6365,2026-07-06
CUST100070525,International Roaming Pack,0.723,2026-07-17
CUST100076916,Device Insurance,0.073,2026-07-12
CUST100083566,Device Insurance,0.0934,2026-07-10
CUST100098973,Home Security Add-on,0.8886,2026-07-02
CUST100050816,International Roaming Pack,0.3792,2026-07-18
CUST100057000,5G Handset Upgrade,0.9504,2026-07-16
CUST100090918,Device Insurance,0.4744,2026-07-11
CUST100032637,Family Plan Upgrade,0.6275,2026-07-22
CUST100022165,Streaming Bundle,0.0443,2026-07-08
CUST100016391,Streaming Bundle,0.495,2026-07-01
CUST100072977,Streaming Bundle,0.4517,2026-07-18
CUST100099811,Device Insurance,0.8837,2026-07-21
CUST100024013,International Roaming Pack,0.4623,2026-07-09
CUST100030933,Device Insurance,0.8256,2026-07-16
CUST100084377,5G Handset Upgrade,0.2473,2026-07-13
CUST100030610,Streaming Bundle,0.0846,2026-07-16
CUST100056848,Family Plan Upgrade,0.2835,2026-07-06
CUST100085002,Streaming Bundle,0.3487,2026-07-05
CUST100054241,Device Insurance,0.903,2026-07-09
CUST100011169,Streaming Bundle,0.5783,2026-07-20
CUST100009741,Streaming Bundle,0.1239,2026-07-19
CUST100012805,Family Plan Upgrade,0.5682,2026-07-22
CUST100018487,5G Handset Upgrade,0.8814,2026-07-14
CUST100087662,5G Handset Upgrade,0.0817,2026-07-10
CUST100007643,Home Security Add-on,0.0168,2026-07-23
CUST100065994,Device Insurance,0.075,2026-07-21
CUST100048601,Streaming Bundle,0.9114,2026-07-09
CUST100053155,Device Insurance,0.5767,2026-07-20
CUST100092792,5G Handset Upgrade,0.0998,2026-07-06
CUST100047107,Device Insurance,0.2796,2026-07-21
CUST100051592,International Roaming Pack,0.0931,2026-07-16
CUST100041633,Family Plan Upgrade,0.4593,2026-07-20
CUST100056337,Home Security Add-on,0.1263,2026-07-02
CUST100069688,Home Security Add-on,0.6229,2026-07-15
CUST100005379,International Roaming Pack,0.1543,2026-07-12
CUST100068882,Home Security Add-on,0.9107,2026-07-02
CUST100030543,Streaming Bundle,0.0005,2026-07-10
CUST100063790,Device Insurance,0.4774,2026-07-17
CUST100032313,International Roaming Pack,0.7213,2026-07-13
CUST100046342,Device Insurance,0.615,2026-07-05
CUST100086249,International Roaming Pack,0.3122,2026-07-10
CUST100069344,Home Security Add-on,0.7783,2026-07-22
CUST100003042,Family Plan Upgrade,0.1427,2026-07-23
CUST100075216,Device Insurance,0.5678,2026-07-16
CUST100045405,Family Plan Upgrade,0.0464,2026-07-16
CUST100078631,Device Insurance,0.0751,2026-07-03
CUST100055803,Home Security Add-on,0.5584,2026-07-02
CUST100056000,Device Insurance,0.4507,2026-07-11
CUST100091110,Streaming Bundle,0.7243,2026-07-05
CUST100093667,Home Security Add-on,0.6016,2026-07-09
CUST100032980,Home Security Add-on,0.0637,2026-07-09
CUST100030647,5G Handset Upgrade,0.8835,2026-07-10
CUST100067874,International Roaming Pack,0.0075,2026-07-19
CUST100095887,Streaming Bundle,0.079,2026-07-07
CUST100072587,Family Plan Upgrade,0.6281,2026-07-01
CUST100018358,Family Plan Upgrade,0.025,2026-07-12
CUST100052504,5G Handset Upgrade,0.1174,2026-07-11
CUST100006476,International Roaming Pack,0.9693,2026-07-08
CUST100086272,International Roaming Pack,0.5558,2026-07-09
CUST100092568,International Roaming Pack,0.5609,2026-07-03
CUST100096345,Streaming Bundle,0.1166,2026-07-14
CUST100090660,Streaming Bundle,0.1086,2026-07-08
CUST100014071,Streaming Bundle,0.4913,2026-07-20
CUST100023928,Family Plan Upgrade,0.7996,2026-07-08
CUST100007542,5G Handset Upgrade,0.9732,2026-07-12
CUST100050964,Home Security Add-on,0.3862,2026-07-10
CUST100071330,5G Handset Upgrade,0.835,2026-07-10
CUST100000837,Streaming Bundle,0.8928,2026-07-07
CUST100057777,5G Handset Upgrade,0.5684,2026-07-23
CUST100079721,Device Insurance,0.6107,2026-07-12
CUST100023767,Family Plan Upgrade,0.2235,2026-07-23
CUST100007281,Family Plan Upgrade,0.1631,2026-07-13
CUST100046306,Home Security Add-on,0.413,2026-07-17
CUST100065169,Streaming Bundle,0.227,2026-07-14
CUST100070357,Device Insurance,0.3973,2026-07-11
CUST100061233,International Roaming Pack,0.5576,2026-07-10
CUST100051575,Home Security Add-on,0.477,2026-07-01
CUST100011153,5G Handset Upgrade,0.5941,2026-07-18
CUST100019796,International Roaming Pack,0.6471,2026-07-13
CUST100045970,International Roaming Pack,0.6074,2026-07-10
CUST100062857,Home Security Add-on,0.8003,2026-07-16
CUST100013066,Device Insurance,0.9851,2026-07-23
CUST100016615,Streaming Bundle,0.861,2026-07-16
CUST100007788,Home Security Add-on,0.4213,2026-07-01
CUST100045023,Home Security Add-on,0.7569,2026-07-03
CUST100044005,5G Handset Upgrade,0.4484,2026-07-18
CUST100059608,Streaming Bundle,0.9046,2026-07-04
CUST100093670,Family Plan Upgrade,0.8936,2026-07-09
CUST100076718,Home Security Add-on,0.005,2026-07-09
CUST100003803,Streaming Bundle,0.2499,2026-07-17
CUST100041489,Device Insurance,0.275,2026-07-08
CUST100068819,Family Plan Upgrade,0.6108,2026-07-17
CUST100074433,Streaming Bundle,0.755,2026-07-15
CUST100011595,International Roaming Pack,0.9502,2026-07-07
CUST100067480,5G Handset Upgrade,0.9573,2026-07-11
CUST100020061,5G Handset Upgrade,0.1499,2026-07-12
CUST100087932,Streaming Bundle,0.827,2026-07-04
CUST100046274,5G Handset Upgrade,0.3377,2026-07-10
CUST100069363,Family Plan Upgrade,0.5072,2026-07-17
CUST100011189,Home Security Add-on,0.5197,2026-07-21
CUST100050044,Family Plan Upgrade,0.649,2026-07-11
CUST100073896,Home Security Add-on,0.4417,2026-07-16
CUST100007154,5G Handset Upgrade,0.2798,2026-07-23
CUST100050922,Device Insurance,0.7766,2026-07-09
CUST100029817,Home Security Add-on,0.9169,2026-07-13
CUST100000889,International Roaming Pack,0.3034,2026-07-14
CUST100050619,International Roaming Pack,0.7145,2026-07-23
CUST100061550,International Roaming Pack,0.8875,2026-07-10
CUST100005164,Family Plan Upgrade,0.9617,2026-07-02
CUST100084669,Streaming Bundle,0.1425,2026-07-02
CUST100024128,5G Handset Upgrade,0.67,2026-07-12
CUST100047817,Family Plan Upgrade,0.5403,2026-07-11
CUST100088807,International Roaming Pack,0.9031,2026-07-05
CUST100069167,International Roaming Pack,0.6376,2026-07-03
CUST100079851,Home Security Add-on,0.7152,2026-07-05
CUST100095670,Family Plan Upgrade,0.9473,2026-07-23
CUST100090612,5G Handset Upgrade,0.3877,2026-07-07
CUST100015579,5G Handset Upgrade,0.213,2026-07-11
CUST100061540,Family Plan Upgrade,0.3387,2026-07-04
CUST100068575,Family Plan Upgrade,0.3769,2026-07-23
CUST100078032,Streaming Bundle,0.901,2026-07-13
CUST100006563,5G Handset Upgrade,0.7518,2026-07-14
CUST100030435,International Roaming Pack,0.5037,2026-07-10
CUST100016765,Device Insurance,0.5273,2026-07-21
CUST100010794,Home Security Add-on,0.4601,2026-07-23
CUST100096331,International Roaming Pack,0.7441,2026-07-16
CUST100066067,International Roaming Pack,0.4292,2026-07-19
CUST100095757,5G Handset Upgrade,0.6047,2026-07-04
CUST100048743,Streaming Bundle,0.3344,2026-07-09
CUST100008667,Streaming Bundle,0.1549,2026-07-21
CUST100014836,Home Security Add-on,0.9847,2026-07-22
CUST100064238,International Roaming Pack,0.701,2026-07-17
CUST100036428,Device Insurance,0.6215,2026-07-23
CUST100021915,Streaming Bundle,0.4435,2026-07-19
CUST100019126,5G Handset Upgrade,0.829,2026-07-19
CUST100014038,Home Security Add-on,0.2914,2026-07-03
CUST100070887,5G Handset Upgrade,0.5401,2026-07-03
CUST100090202,Home Security Add-on,0.1667,2026-07-06
CUST100027632,Streaming Bundle,0.1247,2026-07-06
CUST100013119,Home Security Add-on,0.6047,2026-07-17
CUST100080077,5G Handset Upgrade,0.6179,2026-07-12
CUST100051765,Family Plan Upgrade,0.6199,2026-07-06
CUST100040783,5G Handset Upgrade,0.7096,2026-07-15
CUST100098593,5G Handset Upgrade,0.7777,2026-07-05
CUST100063081,Streaming Bundle,0.9597,2026-07-09
CUST100044557,Family Plan Upgrade,0.8171,2026-07-01
CUST100048654,International Roaming Pack,0.9392,2026-07-18
CUST100052514,5G Handset Upgrade,0.4704,2026-07-14
CUST100010178,International Roaming Pack,0.6635,2026-07-14
CUST100007687,Home Security Add-on,0.7641,2026-07-10
CUST100090526,Family Plan Upgrade,0.0299,2026-07-06
CUST100005189,Device Insurance,0.2676,2026-07-03
CUST100076790,International Roaming Pack,0.569,2026-07-15
CUST100066783,Family Plan Upgrade,0.6986,2026-07-11
CUST100032424,Device Insurance,0.7481,2026-07-13
CUST100050703,International Roaming Pack,0.0227,2026-07-03
CUST100007206,International Roaming Pack,0.2424,2026-07-15
CUST100006935,Device Insurance,0.9068,2026-07-21
CUST100092593,Device Insurance,0.7474,2026-07-06
CUST100049808,Streaming Bundle,0.7047,2026-07-08
CUST100044216,Home Security Add-on,0.6099,2026-07-15
CUST100099098,Streaming Bundle,0.5783,2026-07-12
CUST100093088,Family Plan Upgrade,0.4091,2026-07-09
CUST100013939,Family Plan Upgrade,0.1369,2026-07-14
CUST100056994,Family Plan Upgrade,0.0248,2026-07-19
CUST100038521,Streaming Bundle,0.167,2026-07-07
CUST100045989,5G Handset Upgrade,0.9271,2026-07-05
CUST100059661,International Roaming Pack,0.7987,2026-07-03
CUST100029106,Family Plan Upgrade,0.5263,2026-07-01
CUST100075227,Home Security Add-on,0.0713,2026-07-05
CUST100079042,Home Security Add-on,0.4149,2026-07-14
CUST100038715,International Roaming Pack,0.7648,2026-07-14
CUST100051030,International Roaming Pack,0.4625,2026-07-02
CUST100095888,Streaming Bundle,0.9961,2026-07-22
CUST100055433,Home Security Add-on,0.2549,2026-07-01
CUST100002120,Home Security Add-on,0.5584,2026-07-01
CUST100088179,5G Handset Upgrade,0.9801,2026-07-20
CUST100029419,Family Plan Upgrade,0.608,2026-07-06
CUST100055067,International Roaming Pack,0.3636,2026-07-23
CUST100069039,Family Plan Upgrade,0.3627,2026-07-22
CUST100088959,5G Handset Upgrade,0.3341,2026-07-01
CUST100068118,International Roaming Pack,0.0964,2026-07-14
CUST100009500,Device Insurance,0.72,2026-07-03
CUST100065187,Device Insurance,0.2742,2026-07-16
CUST100028300,Streaming Bundle,0.3612,2026-07-23
CUST100068804,Home Security Add-on,0.3846,2026-07-22
CUST100085003,International Roaming Pack,0.2048,2026-07-18
CUST100023296,Family Plan Upgrade,0.1488,2026-07-16
CUST100071462,Device Insurance,0.1228,2026-07-04
CUST100003684,5G Handset Upgrade,0.1823,2026-07-13
CUST100062235,Device Insurance,0.5821,2026-07-12
CUST100030972,Streaming Bundle,0.2334,2026-07-23
CUST100083111,Home Security Add-on,0.9096,2026-07-06
CUST100095726,5G Handset Upgrade,0.5638,2026-07-01
CUST100060181,International Roaming Pack,0.9215,2026-07-18
CUST100098589,Family Plan Upgrade,0.8868,2026-07-07
CUST100079285,Home Security Add-on,0.4915,2026-07-06
CUST100023669,5G Handset Upgrade,0.0972,2026-07-01
CUST100088733,5G Handset Upgrade,0.2282,2026-07-21
CUST100060574,Streaming Bundle,0.8184,2026-07-05
CUST100072433,Family Plan Upgrade,0.3277,2026-07-20
CUST100048252,International Roaming Pack,0.5414,2026-07-18
CUST100017072,Device Insurance,0.7102,2026-07-21
CUST100066474,Device Insurance,0.3989,2026-07-11
CUST100003637,Home Security Add-on,0.902,2026-07-17
CUST100031965,Streaming Bundle,0.184,2026-07-20
CUST100084858,5G Handset Upgrade,0.1835,2026-07-21
CUST100045520,Device Insurance,0.0681,2026-07-14
CUST100024015,Device Insurance,0.9481,2026-07-23
CUST100071040,Family Plan Upgrade,0.3542,2026-07-04
CUST100099865,Home Security Add-on,0.9676,2026-07-16
CUST100040279,Home Security Add-on,0.6223,2026-07-08
CUST100068477,Family Plan Upgrade,0.0491,2026-07-19
CUST100097394,Family Plan Upgrade,0.6857,2026-07-06
CUST100051309,International Roaming Pack,0.7906,2026-07-15
CUST100078650,Family Plan Upgrade,0.3597,2026-07-13
CUST100081064,Streaming Bundle,0.3706,2026-07-03
CUST100006967,Family Plan Upgrade,0.7908,2026-07-18
CUST100068028,5G Handset Upgrade,0.5243,2026-07-04
CUST100074767,Family Plan Upgrade,0.2648,2026-07-22
CUST100035466,Family Plan Upgrade,0.58,2026-07-04
CUST100021186,Home Security Add-on,0.6123,2026-07-18
CUST100010176,Streaming Bundle,0.738,2026-07-12
CUST100093267,Device Insurance,0.4344,2026-07-20
CUST100043195,Family Plan Upgrade,0.8094,2026-07-02
CUST100094932,Home Security Add-on,0.0032,2026-07-10
CUST100026948,Streaming Bundle,0.258,2026-07-18
CUST100042132,Family Plan Upgrade,0.5968,2026-07-15
CUST100059466,5G Handset Upgrade,0.9534,2026-07-07
CUST100041746,Streaming Bundle,0.1311,2026-07-01
CUST100039370,International Roaming Pack,0.6287,2026-07-18
CUST100028028,International Roaming Pack,0.1592,2026-07-15
CUST100045773,International Roaming Pack,0.1392,2026-07-12
CUST100056397,Home Security Add-on,0.2103,2026-07-04
CUST100044963,5G Handset Upgrade,0.8175,2026-07-16
CUST100081369,Streaming Bundle,0.7426,2026-07-03
CUST100055864,Family Plan Upgrade,0.165,2026-07-05
CUST100047690,Home Security Add-on,0.7837,2026-07-13
CUST100091442,Device Insurance,0.6723,2026-07-07
CUST100017962,Home Security Add-on,0.0835,2026-07-17
CUST100018353,5G Handset Upgrade,0.4971,2026-07-19
CUST100021648,Home Security Add-on,0.343,2026-07-04
CUST100090015,Device Insurance,0.2042,2026-07-11
CUST100052241,Home Security Add-on,0.4923,2026-07-17
CUST100095069,Family Plan Upgrade,0.6561,2026-07-23
CUST100066257,Streaming Bundle,0.5518,2026-07-18
CUST100093299,5G Handset Upgrade,0.1261,2026-07-06
CUST100071261,Home Security Add-on,0.8692,2026-07-06
CUST100001174,Home Security Add-on,0.8583,2026-07-22
CUST100053953,Device Insurance,0.6598,2026-07-04
CUST100026116,Device Insurance,0.9952,2026-07-09
CUST100036905,International Roaming Pack,0.3594,2026-07-01
CUST100081814,Family Plan Upgrade,0.3547,2026-07-11
CUST100086176,Device Insurance,0.1325,2026-07-16
CUST100055845,Home Security Add-on,0.067,2026-07-19
CUST100024759,Device Insurance,0.1507,2026-07-01
CUST100090438,Streaming Bundle,0.7368,2026-07-20
CUST100029352,5G Handset Upgrade,0.9428,2026-07-15
CUST100038216,Home Security Add-on,0.9499,2026-07-20
CUST100028862,Device Insurance,0.085,2026-07-01
CUST100091264,International Roaming Pack,0.4665,2026-07-08
CUST100072903,Streaming Bundle,0.5122,2026-07-10
CUST100049366,5G Handset Upgrade,0.965,2026-07-20
CUST100051970,Family Plan Upgrade,0.753,2026-07-08
CUST100070308,Device Insurance,0.6479,2026-07-04
CUST100049904,Streaming Bundle,0.3848,2026-07-04
CUST100030411,5G Handset Upgrade,0.4412,2026-07-17
CUST100023809,5G Handset Upgrade,0.6984,2026-07-13
CUST100076287,Home Security Add-on,0.4229,2026-07-10
CUST100024294,5G Handset Upgrade,0.9428,2026-07-07
CUST100094252,Home Security Add-on,0.5826,2026-07-08
CUST100050981,International Roaming Pack,0.6015,2026-07-07
CUST100038420,Streaming Bundle,0.5601,2026-07-14
CUST100031582,Streaming Bundle,0.4095,2026-07-03
CUST100096638,Family Plan Upgrade,0.3405,2026-07-21
CUST100021684,Streaming Bundle,0.6302,2026-07-22
CUST100085210,Family Plan Upgrade,0.5405,2026-07-20
CUST100001649,5G Handset Upgrade,0.5944,2026-07-09
CUST100099316,Family Plan Upgrade,0.1649,2026-07-05
CUST100011247,Home Security Add-on,0.0397,2026-07-10
CUST100013085,Streaming Bundle,0.9293,2026-07-15
CUST100037138,Streaming Bundle,0.6787,2026-07-21
CUST100076377,Device Insurance,0.4188,2026-07-03
CUST100055398,5G Handset Upgrade,0.8193,2026-07-20
CUST100071275,Home Security Add-on,0.5609,2026-07-05
CUST100010361,International Roaming Pack,0.0952,2026-07-07
CUST100071665,International Roaming Pack,0.8062,2026-07-16
CUST100054010,Home Security Add-on,0.1201,2026-07-08
CUST100042484,Family Plan Upgrade,0.1033,2026-07-19
CUST100098386,Family Plan Upgrade,0.4323,2026-07-21
CUST100060414,Family Plan Upgrade,0.2978,2026-07-14
CUST100053321,5G Handset Upgrade,0.8319,2026-07-02
CUST100010912,Home Security Add-on,0.3126,2026-07-10
CUST100063451,Streaming Bundle,0.0384,2026-07-03
CUST100004061,International Roaming Pack,1.0,2026-07-18
CUST100036513,International Roaming Pack,0.266,2026-07-02
CUST100043041,Family Plan Upgrade,0.7616,2026-07-16
CUST100019814,Device Insurance,0.8226,2026-07-10
CUST100066736,Home Security Add-on,0.3611,2026-07-04
CUST100059424,Home Security Add-on,0.6602,2026-07-22
CUST100004670,Streaming Bundle,0.3484,2026-07-07
CUST100033700,5G Handset Upgrade,0.0905,2026-07-21
CUST100043748,Device Insurance,0.0021,2026-07-19
CUST100005562,Home Security Add-on,0.5706,2026-07-12
CUST100033544,Device Insurance,0.812,2026-07-10
CUST100027069,Home Security Add-on,0.947,2026-07-15
CUST100040576,Family Plan Upgrade,0.9143,2026-07-07
CUST100000231,Family Plan Upgrade,0.5898,2026-07-07
CUST100081595,5G Handset Upgrade,0.4334,2026-07-11
CUST100095455,5G Handset Upgrade,0.0921,2026-07-04
CUST100061183,Family Plan Upgrade,0.2704,2026-07-13
CUST100088790,Streaming Bundle,0.6239,2026-07-20
CUST100076773,Home Security Add-on,0.0375,2026-07-21
CUST100044795,Device Insurance,0.3524,2026-07-12
CUST100067844,Home Security Add-on,0.1331,2026-07-01
CUST100073466,Device Insurance,0.7112,2026-07-23
CUST100067785,Device Insurance,0.2129,2026-07-13
CUST100009552,Streaming Bundle,0.9726,2026-07-01
CUST100092689,5G Handset Upgrade,0.2757,2026-07-08
CUST100030879,Family Plan Upgrade,0.541,2026-07-08
CUST100067316,Family Plan Upgrade,0.7419,2026-07-18
CUST100095879,Home Security Add-on,0.3802,2026-07-06
CUST100009886,Family Plan Upgrade,0.7688,2026-07-10
CUST100022556,International Roaming Pack,0.4932,2026-07-15
CUST100058056,Device Insurance,0.5908,2026-07-06
CUST100058538,Home Security Add-on,0.2387,2026-07-01
CUST100086283,Home Security Add-on,0.881,2026-07-06
CUST100018797,5G Handset Upgrade,0.8994,2026-07-20
CUST100073964,International Roaming Pack,0.2857,2026-07-20
CUST100059823,Family Plan Upgrade,0.1483,2026-07-15
CUST100047646,Family Plan Upgrade,0.3943,2026-07-04
CUST100074530,Home Security Add-on,0.5061,2026-07-01
CUST100099945,Device Insurance,0.0799,2026-07-01
CUST100076714,Streaming Bundle,0.6532,2026-07-14
CUST100043524,5G Handset Upgrade,0.7304,2026-07-14
CUST100004988,Streaming Bundle,0.9631,2026-07-03
CUST100098373,Home Security Add-on,0.2797,2026-07-04
CUST100053089,5G Handset Upgrade,0.8235,2026-07-02
CUST100097892,Device Insurance,0.0809,2026-07-21
CUST100099707,Device Insurance,0.7725,2026-07-08
CUST100093290,Family Plan Upgrade,0.4931,2026-07-01
CUST100045683,Streaming Bundle,0.6148,2026-07-22
CUST100099634,Streaming Bundle,0.0412,2026-07-11
CUST100046761,5G Handset Upgrade,0.4782,2026-07-05
CUST100067225,5G Handset Upgrade,0.5978,2026-07-07
CUST100021230,Family Plan Upgrade,0.5835,2026-07-01
CUST100098340,Home Security Add-on,0.5063,2026-07-23
CUST100041871,Family Plan Upgrade,0.1824,2026-07-05
CUST100067581,Device Insurance,0.2356,2026-07-01
CUST100091662,International Roaming Pack,0.9163,2026-07-02
CUST100012509,Home Security Add-on,0.2122,2026-07-02
CUST100052205,Family Plan Upgrade,0.726,2026-07-19
CUST100031478,Streaming Bundle,0.4874,2026-07-03
CUST100040912,Streaming Bundle,0.7115,2026-07-05
CUST100014140,Home Security Add-on,0.2243,2026-07-16
CUST100005781,Family Plan Upgrade,0.9925,2026-07-17
CUST100073857,5G Handset Upgrade,0.5871,2026-07-23
CUST100070870,Home Security Add-on,0.4767,2026-07-10
CUST100084851,Device Insurance,0.7462,2026-07-17
CUST100097984,5G Handset Upgrade,0.5806,2026-07-14
CUST100096730,Device Insurance,0.6468,2026-07-04
CUST100082515,Device Insurance,0.9678,2026-07-16
CUST100071899,Family Plan Upgrade,0.3942,2026-07-10
CUST100022595,Family Plan Upgrade,0.6904,2026-07-15
CUST100053043,Home Security Add-on,0.6454,2026-07-01
CUST100053033,Streaming Bundle,0.5172,2026-07-12
CUST100042195,Device Insurance,0.5525,2026-07-08
CUST100073258,5G Handset Upgrade,0.6846,2026-07-12
CUST100069733,Device Insurance,0.6245,2026-07-10
CUST100094713,Family Plan Upgrade,0.6471,2026-07-09
CUST100038714,5G Handset Upgrade,0.8735,2026-07-20
CUST100067193,Family Plan Upgrade,0.242,2026-07-07
CUST100012054,Device Insurance,0.5991,2026-07-14
CUST100068845,International Roaming Pack,0.8396,2026-07-18
CUST100070592,Device Insurance,0.2524,2026-07-15
CUST100002472,International Roaming Pack,0.4386,2026-07-02
CUST100024958,Streaming Bundle,0.6771,2026-07-07
CUST100034378,Device Insurance,0.6953,2026-07-02
CUST100016100,Family Plan Upgrade,0.5308,2026-07-07
CUST100067741,Device Insurance,0.2828,2026-07-07
CUST100039229,International Roaming Pack,0.8053,2026-07-01
CUST100076144,Streaming Bundle,0.1977,2026-07-08
CUST100007978,Family Plan Upgrade,0.8473,2026-07-10
CUST100082218,Device Insurance,0.345,2026-07-23
CUST100025141,Home Security Add-on,0.7344,2026-07-10
CUST100077492,Device Insurance,0.9305,2026-07-05
CUST100002552,5G Handset Upgrade,0.1328,2026-07-16
CUST100062410,Home Security Add-on,0.9345,2026-07-23
CUST100011382,5G Handset Upgrade,0.099,2026-07-13
CUST100058482,5G Handset Upgrade,0.4853,2026-07-05
CUST100070497,Device Insurance,0.6251,2026-07-17
CUST100028089,Family Plan Upgrade,0.7061,2026-07-18
CUST100034729,Streaming Bundle,0.788,2026-07-18
CUST100095852,International Roaming Pack,0.3935,2026-07-03
CUST100031397,International Roaming Pack,0.9758,2026-07-16
CUST100071159,Device Insurance,0.0132,2026-07-08
CUST100080569,International Roaming Pack,0.9207,2026-07-11
CUST100046323,Family Plan Upgrade,0.9539,2026-07-18
CUST100000251,Device Insurance,0.0372,2026-07-02
CUST100003705,Streaming Bundle,0.2821,2026-07-04
CUST100005507,Home Security Add-on,0.3088,2026-07-08
CUST100019846,Device Insurance,0.9459,2026-07-19
CUST100016554,Streaming Bundle,0.0166,2026-07-11
CUST100028670,Home Security Add-on,0.7803,2026-07-18
CUST100012146,Home Security Add-on,0.8394,2026-07-22
CUST100003677,Home Security Add-on,0.7809,2026-07-03
CUST100099353,Device Insurance,0.6507,2026-07-17
CUST100081438,Family Plan Upgrade,0.0922,2026-07-10
CUST100072510,Home Security Add-on,0.8147,2026-07-14
CUST100097770,International Roaming Pack,0.1057,2026-07-19
CUST100074309,5G Handset Upgrade,0.7782,2026-07-23
CUST100051142,International Roaming Pack,0.2907,2026-07-06
CUST100046810,International Roaming Pack,0.6287,2026-07-19
CUST100004908,Home Security Add-on,0.102,2026-07-13
CUST100092191,Device Insurance,0.5206,2026-07-03
CUST100005065,5G Handset Upgrade,0.1918,2026-07-22
CUST100062799,Home Security Add-on,0.0341,2026-07-06
CUST100076192,Device Insurance,0.9544,2026-07-12
CUST100027392,Streaming Bundle,0.4985,2026-07-06
CUST100048882,Streaming Bundle,0.9323,2026-07-23
CUST100036709,Streaming Bundle,0.2189,2026-07-17
CUST100093613,Streaming Bundle,0.852,2026-07-09
CUST100090853,International Roaming Pack,0.1539,2026-07-07
CUST100077405,Streaming Bundle,0.5945,2026-07-05
CUST100097341,5G Handset Upgrade,0.1539,2026-07-13
CUST100061724,5G Handset Upgrade,0.8655,2026-07-18
CUST100041964,International Roaming Pack,0.2518,2026-07-10
CUST100023445,International Roaming Pack,0.6152,2026-07-19
CUST100085264,Family Plan Upgrade,0.1872,2026-07-10
CUST100092609,Streaming Bundle,0.4738,2026-07-23
CUST100003013,Home Security Add-on,0.1086,2026-07-04
CUST100082014,International Roaming Pack,0.0694,2026-07-04
CUST100003503,5G Handset Upgrade,0.3728,2026-07-08
CUST100026780,5G Handset Upgrade,0.2666,2026-07-22
CUST100039997,Streaming Bundle,0.8285,2026-07-05
CUST100092628,Family Plan Upgrade,0.6958,2026-07-20
CUST100083807,Device Insurance,0.0685,2026-07-18
CUST100003685,Home Security Add-on,0.0333,2026-07-05
CUST100031898,Home Security Add-on,0.0308,2026-07-21
CUST100033930,International Roaming Pack,0.4704,2026-07-10
CUST100031750,Home Security Add-on,0.8948,2026-07-09
CUST100028134,Family Plan Upgrade,0.1984,2026-07-16
CUST100033739,5G Handset Upgrade,0.3736,2026-07-07
CUST100021374,Family Plan Upgrade,0.3793,2026-07-22
CUST100090580,Home Security Add-on,0.8022,2026-07-05
CUST100017807,Streaming Bundle,0.308,2026-07-15
CUST100034313,Home Security Add-on,0.8789,2026-07-09
CUST100026856,Streaming Bundle,0.095,2026-07-18
CUST100070014,Home Security Add-on,0.392,2026-07-05
CUST100076998,International Roaming Pack,0.4375,2026-07-07
CUST100096570,Home Security Add-on,0.8712,2026-07-03
CUST100042661,Streaming Bundle,0.5507,2026-07-10
CUST100064669,International Roaming Pack,0.8428,2026-07-17
CUST100074386,Streaming Bundle,0.9494,2026-07-14
CUST100046265,Streaming Bundle,0.3522,2026-07-06
CUST100035633,International Roaming Pack,0.1176,2026-07-07
CUST100058071,International Roaming Pack,0.1315,2026-07-21
CUST100025226,International Roaming Pack,0.5706,2026-07-11
CUST100092848,Family Plan Upgrade,0.5659,2026-07-17
CUST100041320,5G Handset Upgrade,0.6887,2026-07-08
CUST100091038,International Roaming Pack,0.4898,2026-07-14
CUST100057384,5G Handset Upgrade,0.3155,2026-07-23
CUST100029734,Family Plan Upgrade,0.4314,2026-07-05
CUST100044796,Family Plan Upgrade,0.2913,2026-07-13
CUST100038229,Device Insurance,0.8776,2026-07-08
CUST100014476,Device Insurance,0.9568,2026-07-07
CUST100057935,Device Insurance,0.0259,2026-07-14
CUST100030828,Home Security Add-on,0.1607,2026-07-23
CUST100012799,Device Insurance,0.3891,2026-07-02
CUST100038859,Streaming Bundle,0.0243,2026-07-07
CUST100029200,Family Plan Upgrade,0.9816,2026-07-02
CUST100054068,Home Security Add-on,0.0703,2026-07-01
CUST100037807,Device Insurance,0.1608,2026-07-04
CUST100041609,International Roaming Pack,0.6329,2026-07-22
CUST100038827,5G Handset Upgrade,0.3518,2026-07-07
CUST100020295,5G Handset Upgrade,0.7624,2026-07-10
CUST100001841,Streaming Bundle,0.092,2026-07-17
CUST100008460,International Roaming Pack,0.8453,2026-07-02
CUST100022962,Home Security Add-on,0.1075,2026-07-04
CUST100057051,Device Insurance,0.7142,2026-07-09
CUST100016046,Family Plan Upgrade,0.0331,2026-07-04
CUST100075374,Home Security Add-on,0.2235,2026-07-09
CUST100095230,International Roaming Pack,0.6536,2026-07-13
CUST100083364,Home Security Add-on,0.3897,2026-07-12
CUST100080274,Device Insurance,0.4229,2026-07-08
CUST100093830,Device Insurance,0.6719,2026-07-15
CUST100081926,Family Plan Upgrade,0.0167,2026-07-22
CUST100038112,Family Plan Upgrade,0.9546,2026-07-18
CUST100084685,Home Security Add-on,0.6177,2026-07-05
CUST100089807,Family Plan Upgrade,0.8426,2026-07-22
CUST100043334,Home Security Add-on,0.5708,2026-07-01
CUST100080494,Device Insurance,0.8407,2026-07-06
CUST100094659,Device Insurance,0.2579,2026-07-13
CUST100097346,5G Handset Upgrade,0.9953,2026-07-22
CUST100055460,Device Insurance,0.9883,2026-07-05
CUST100006053,Streaming Bundle,0.4858,2026-07-23
CUST100047527,International Roaming Pack,0.5012,2026-07-08
CUST100090638,5G Handset Upgrade,0.5021,2026-07-04
CUST100018479,Family Plan Upgrade,0.6171,2026-07-08
CUST100097662,Streaming Bundle,0.9691,2026-07-14
CUST100076038,International Roaming Pack,0.16,2026-07-23
CUST100038384,International Roaming Pack,0.3901,2026-07-11
CUST100054340,International Roaming Pack,0.9223,2026-07-19
CUST100055496,International Roaming Pack,0.0756,2026-07-06
CUST100012032,Streaming Bundle,0.3751,2026-07-09
CUST100034307,Home Security Add-on,0.7534,2026-07-06
CUST100020110,Home Security Add-on,0.1515,2026-07-21
CUST100034330,Device Insurance,0.852,2026-07-20
CUST100081823,Home Security Add-on,0.9927,2026-07-06
CUST100045994,Device Insurance,0.4401,2026-07-13
CUST100007644,Home Security Add-on,0.3677,2026-07-07
CUST100014252,Family Plan Upgrade,0.5899,2026-07-16
CUST100093793,Family Plan Upgrade,0.1988,2026-07-07
CUST100040525,Family Plan Upgrade,0.2239,2026-07-11
CUST100036390,International Roaming Pack,0.3225,2026-07-07
CUST100081832,International Roaming Pack,0.9875,2026-07-02
CUST100019226,Streaming Bundle,0.8255,2026-07-17
CUST100081382,International Roaming Pack,0.8367,2026-07-19
CUST100092426,Family Plan Upgrade,0.9742,2026-07-14
CUST100099326,International Roaming Pack,0.3094,2026-07-12
CUST100098861,5G Handset Upgrade,0.9929,2026-07-03
CUST100022590,5G Handset Upgrade,0.9716,2026-07-21
CUST100056542,Device Insurance,0.08,2026-07-06
CUST100095077,Device Insurance,0.0809,2026-07-13
CUST100081698,Home Security Add-on,0.2064,2026-07-15
CUST100015305,International Roaming Pack,0.8756,2026-07-03
CUST100021707,Device Insurance,0.4698,2026-07-23
CUST100063110,International Roaming Pack,0.8329,2026-07-05
CUST100049227,5G Handset Upgrade,0.1275,2026-07-05
CUST100011208,Family Plan Upgrade,0.4984,2026-07-02
CUST100090877,5G Handset Upgrade,0.3681,2026-07-22
CUST100024051,Device Insurance,0.4379,2026-07-13
CUST100066968,Home Security Add-on,0.9929,2026-07-22
CUST100026205,Family Plan Upgrade,0.566,2026-07-02
CUST100047649,International Roaming Pack,0.5754,2026-07-03
CUST100009975,Family Plan Upgrade,0.3509,2026-07-07
CUST100030119,5G Handset Upgrade,0.1657,2026-07-11
CUST100068249,International Roaming Pack,0.9036,2026-07-23
CUST100046371,Family Plan Upgrade,0.7231,2026-07-17
CUST100079151,Home Security Add-on,0.6603,2026-07-07
CUST100018630,Streaming Bundle,0.183,2026-07-07
CUST100065933,Home Security Add-on,0.5399,2026-07-21
CUST100058287,Home Security Add-on,0.0152,2026-07-13
CUST100082931,Family Plan Upgrade,0.2985,2026-07-05
CUST100048189,Home Security Add-on,0.5561,2026-07-08
CUST100003625,Family Plan Upgrade,0.4067,2026-07-13
CUST100068255,International Roaming Pack,0.9954,2026-07-20
CUST100015630,Family Plan Upgrade,0.5861,2026-07-21
CUST100082866,5G Handset Upgrade,0.8611,2026-07-09
CUST100049917,Family Plan Upgrade,0.9533,2026-07-09
CUST100085753,Home Security Add-on,0.3397,2026-07-04
CUST100053663,Device Insurance,0.5293,2026-07-18
CUST100039409,5G Handset Upgrade,0.501,2026-07-10
CUST100040978,Family Plan Upgrade,0.0639,2026-07-04
CUST100006800,Family Plan Upgrade,0.7694,2026-07-11
CUST100010735,Streaming Bundle,0.1182,2026-07-03
CUST100047164,Streaming Bundle,0.8333,2026-07-08
CUST100084800,Family Plan Upgrade,0.4572,2026-07-20
CUST100041610,Device Insurance,0.8786,2026-07-18
CUST100025148,5G Handset Upgrade,0.6356,2026-07-21
CUST100062402,Family Plan Upgrade,0.201,2026-07-21
CUST100091247,Streaming Bundle,0.1389,2026-07-08
CUST100026612,Device Insurance,0.9153,2026-07-15
CUST100031970,International Roaming Pack,0.2579,2026-07-23
CUST100005201,Device Insurance,0.8063,2026-07-22
CUST100039710,5G Handset Upgrade,0.3103,2026-07-05
CUST100005672,5G Handset Upgrade,0.3203,2026-07-14
CUST100084311,Streaming Bundle,0.412,2026-07-04
CUST100012556,International Roaming Pack,0.8646,2026-07-06
CUST100078720,Device Insurance,0.0129,2026-07-02
CUST100075090,International Roaming Pack,0.0129,2026-07-17
CUST100066575,Device Insurance,0.4999,2026-07-10
CUST100095993,Device Insurance,0.6533,2026-07-16
CUST100072676,International Roaming Pack,0.2752,2026-07-05
CUST100084640,International Roaming Pack,0.4542,2026-07-16
CUST100015564,Device Insurance,0.4356,2026-07-13
CUST100001304,5G Handset Upgrade,0.5452,2026-07-09
CUST100024228,Device Insurance,0.3465,2026-07-04
CUST100090690,Device Insurance,0.8368,2026-07-06
CUST100077483,International Roaming Pack,0.5941,2026-07-03
CUST100014811,Family Plan Upgrade,0.1147,2026-07-20
CUST100048103,Family Plan Upgrade,0.6631,2026-07-02
CUST100036294,Family Plan Upgrade,0.9205,2026-07-12
CUST100070017,International Roaming Pack,0.6268,2026-07-05
CUST100053868,International Roaming Pack,0.3892,2026-07-03
CUST100003470,5G Handset Upgrade,0.7877,2026-07-05
CUST100054125,International Roaming Pack,0.7797,2026-07-06
CUST100002408,Streaming Bundle,0.9523,2026-07-10
CUST100012021,Family Plan Upgrade,0.9102,2026-07-20
CUST100083674,Streaming Bundle,0.5514,2026-07-15
CUST100010802,Streaming Bundle,0.2359,2026-07-09
CUST100014394,Streaming Bundle,0.8783,2026-07-13
CUST100059670,5G Handset Upgrade,0.5294,2026-07-09
CUST100010031,Home Security Add-on,0.5713,2026-07-09
CUST100090305,Family Plan Upgrade,0.518,2026-07-16
CUST100052562,Home Security Add-on,0.5015,2026-07-14
CUST100043924,Streaming Bundle,0.1549,2026-07-08
CUST100067192,Family Plan Upgrade,0.8618,2026-07-18
CUST100065744,Home Security Add-on,0.2139,2026-07-21
CUST100026463,Home Security Add-on,0.8127,2026-07-14
CUST100039159,Device Insurance,0.2518,2026-07-12
CUST100008647,5G Handset Upgrade,0.8366,2026-07-11
CUST100066193,5G Handset Upgrade,0.9502,2026-07-20
CUST100092021,Home Security Add-on,0.1993,2026-07-17
CUST100093696,International Roaming Pack,0.4439,2026-07-06
CUST100002975,Streaming Bundle,0.6254,2026-07-03
CUST100087031,Streaming Bundle,0.4268,2026-07-10
CUST100067503,International Roaming Pack,0.7325,2026-07-08
CUST100000284,International Roaming Pack,0.2592,2026-07-05
CUST100012582,Device Insurance,0.5267,2026-07-05
CUST100028899,5G Handset Upgrade,0.1809,2026-07-07
CUST100045065,International Roaming Pack,0.5562,2026-07-04
CUST100079704,5G Handset Upgrade,0.0761,2026-07-08
CUST100080541,International Roaming Pack,0.8093,2026-07-14
CUST100075537,International Roaming Pack,0.0086,2026-07-10
CUST100087622,Family Plan Upgrade,0.0127,2026-07-04
CUST100087702,Streaming Bundle,0.6908,2026-07-04
CUST100025562,Home Security Add-on,0.1642,2026-07-14
CUST100053268,Home Security Add-on,0.8082,2026-07-09
CUST100093518,International Roaming Pack,0.9571,2026-07-01
CUST100076906,Home Security Add-on,0.929,2026-07-21
CUST100015878,Family Plan Upgrade,0.7202,2026-07-06
CUST100029623,Home Security Add-on,0.4792,2026-07-14
CUST100060677,International Roaming Pack,0.3638,2026-07-14
CUST100090984,Family Plan Upgrade,0.8778,2026-07-10
CUST100079354,Streaming Bundle,0.2812,2026-07-18
CUST100087354,Home Security Add-on,0.8072,2026-07-17
CUST100037408,Home Security Add-on,0.8375,2026-07-07
CUST100076571,International Roaming Pack,0.7232,2026-07-16
CUST100069024,5G Handset Upgrade,0.5249,2026-07-05
CUST100090750,Device Insurance,0.1048,2026-07-08
CUST100016774,5G Handset Upgrade,0.0928,2026-07-13
CUST100096681,5G Handset Upgrade,0.1503,2026-07-05
CUST100052683,International Roaming Pack,0.8801,2026-07-05
CUST100012344,Family Plan Upgrade,0.4414,2026-07-10
CUST100015901,Family Plan Upgrade,0.2421,2026-07-22
CUST100099566,Family Plan Upgrade,0.0674,2026-07-05
CUST100077712,Device Insurance,0.386,2026-07-10
CUST100054121,Family Plan Upgrade,0.3305,2026-07-13
CUST100094898,5G Handset Upgrade,0.8828,2026-07-05
CUST100097058,Home Security Add-on,0.1802,2026-07-21
CUST100014395,Family Plan Upgrade,0.4181,2026-07-04
CUST100034891,International Roaming Pack,0.3413,2026-07-22
CUST100020129,International Roaming Pack,0.0981,2026-07-17
CUST100040620,Family Plan Upgrade,0.1016,2026-07-05
CUST100057500,5G Handset Upgrade,0.1904,2026-07-07
CUST100058498,Home Security Add-on,0.3153,2026-07-09
CUST100066037,Device Insurance,0.2026,2026-07-21
CUST100084034,Family Plan Upgrade,0.4912,2026-07-05
CUST100060372,Device Insurance,0.0446,2026-07-10
CUST100032990,Device Insurance,0.2082,2026-07-01
CUST100041699,International Roaming Pack,0.4246,2026-07-11
CUST100077726,Streaming Bundle,0.2024,2026-07-03
CUST100008981,Device Insurance,0.0474,2026-07-02
CUST100090210,Home Security Add-on,0.7164,2026-07-23
CUST100093715,Family Plan Upgrade,0.7386,2026-07-15
CUST100075772,Streaming Bundle,0.3865,2026-07-20
CUST100095651,Streaming Bundle,0.2075,2026-07-08
CUST100095033,Device Insurance,0.0426,2026-07-07
CUST100001999,International Roaming Pack,0.8509,2026-07-14
CUST100025466,Home Security Add-on,0.2407,2026-07-01
CUST100092615,Device Insurance,0.7939,2026-07-17
CUST100010428,5G Handset Upgrade,0.9761,2026-07-08
CUST100031069,5G Handset Upgrade,0.2023,2026-07-02
CUST100018158,Streaming Bundle,0.0696,2026-07-16
CUST100080008,Home Security Add-on,0.7251,2026-07-16
CUST100069239,Home Security Add-on,0.826,2026-07-05
CUST100066273,Streaming Bundle,0.8673,2026-07-08
CUST100080155,Home Security Add-on,0.1514,2026-07-02
CUST100089967,Device Insurance,0.1032,2026-07-03
CUST100085012,International Roaming Pack,0.2085,2026-07-04
CUST100041232,Streaming Bundle,0.0223,2026-07-06
CUST100005302,Family Plan Upgrade,0.3244,2026-07-22
CUST100001980,Family Plan Upgrade,0.3794,2026-07-13
CUST100068093,Streaming Bundle,0.3222,2026-07-01
CUST100018803,Device Insurance,0.2476,2026-07-12
CUST100063150,Family Plan Upgrade,0.1797,2026-07-12
CUST100024148,International Roaming Pack,0.3933,2026-07-21
CUST100017852,Streaming Bundle,0.7982,2026-07-11
CUST100077129,Device Insurance,0.4935,2026-07-18
CUST100086153,5G Handset Upgrade,0.8585,2026-07-14
CUST100077326,Streaming Bundle,0.3071,2026-07-17
CUST100087328,5G Handset Upgrade,0.3433,2026-07-17
CUST100076503,Streaming Bundle,0.116,2026-07-20
CUST100004645,5G Handset Upgrade,0.0145,2026-07-05
CUST100099806,5G Handset Upgrade,0.0402,2026-07-06
CUST100062137,International Roaming Pack,0.2387,2026-07-23
CUST100046610,5G Handset Upgrade,0.0537,2026-07-13
CUST100077390,International Roaming Pack,0.5617,2026-07-22
CUST100077926,International Roaming Pack,0.0941,2026-07-22
CUST100008284,Streaming Bundle,0.1031,2026-07-07
CUST100050614,International Roaming Pack,0.0325,2026-07-06
CUST100093909,Streaming Bundle,0.4697,2026-07-10
CUST100069224,Streaming Bundle,0.2989,2026-07-08
CUST100004098,International Roaming Pack,0.6895,2026-07-16
CUST100044587,International Roaming Pack,0.9014,2026-07-14
CUST100070767,Home Security Add-on,0.7459,2026-07-02
CUST100010646,5G Handset Upgrade,0.3564,2026-07-05
CUST100078170,Streaming Bundle,0.0849,2026-07-02
CUST100003417,International Roaming Pack,0.5345,2026-07-10
CUST100017688,Streaming Bundle,0.5007,2026-07-23
CUST100066094,5G Handset Upgrade,0.6485,2026-07-01
CUST100081131,Streaming Bundle,0.189,2026-07-20
CUST100012665,Streaming Bundle,0.8066,2026-07-07
CUST100083603,Streaming Bundle,0.785,2026-07-15
CUST100096516,Streaming Bundle,0.5578,2026-07-10
CUST100093224,Family Plan Upgrade,0.75,2026-07-03
CUST100054330,Streaming Bundle,0.1936,2026-07-11
CUST100076697,Streaming Bundle,0.4472,2026-07-23
CUST100017971,International Roaming Pack,0.5798,2026-07-19
CUST100052002,Streaming Bundle,0.7124,2026-07-04
CUST100024069,Home Security Add-on,0.0097,2026-07-07
CUST100042629,Home Security Add-on,0.3055,2026-07-02
CUST100089879,Home Security Add-on,0.2623,2026-07-19
CUST100063359,Family Plan Upgrade,0.6378,2026-07-23
CUST100058025,5G Handset Upgrade,0.8184,2026-07-06
CUST100006250,International Roaming Pack,0.7756,2026-07-17
CUST100002822,Home Security Add-on,0.2736,2026-07-08
CUST100094287,Family Plan Upgrade,0.7333,2026-07-05
CUST100067587,Streaming Bundle,0.1559,2026-07-16
CUST100063007,5G Handset Upgrade,0.7443,2026-07-09
CUST100093066,Streaming Bundle,0.767,2026-07-01
CUST100008171,Family Plan Upgrade,0.561,2026-07-20
CUST100008883,Device Insurance,0.1197,2026-07-20
CUST100029880,Home Security Add-on,0.8585,2026-07-02
CUST100076406,International Roaming Pack,0.0817,2026-07-11
CUST100041314,International Roaming Pack,0.4779,2026-07-08
CUST100017351,Home Security Add-on,0.0283,2026-07-18
CUST100009548,Streaming Bundle,0.5996,2026-07-11
CUST100055707,Device Insurance,0.8372,2026-07-08
CUST100046618,5G Handset Upgrade,0.0379,2026-07-03
CUST100042535,International Roaming Pack,0.7171,2026-07-13
CUST100048249,5G Handset Upgrade,0.3762,2026-07-09
CUST100017765,International Roaming Pack,0.6022,2026-07-11
CUST100034385,Family Plan Upgrade,0.0624,2026-07-05
CUST100065691,Family Plan Upgrade,0.7896,2026-07-12
CUST100067061,Streaming Bundle,0.5587,2026-07-14
CUST100024694,5G Handset Upgrade,0.553,2026-07-16
CUST100022020,International Roaming Pack,0.6584,2026-07-01
CUST100084794,Device Insurance,0.6888,2026-07-19
CUST100099874,Home Security Add-on,0.2366,2026-07-02
CUST100025970,Device Insurance,0.0966,2026-07-12
CUST100059891,International Roaming Pack,0.501,2026-07-21
CUST100078148,Home Security Add-on,0.2082,2026-07-01
CUST100040232,International Roaming Pack,0.7796,2026-07-20
CUST100071365,Family Plan Upgrade,0.4933,2026-07-20
CUST100079026,Family Plan Upgrade,0.7076,2026-07-06
CUST100028113,5G Handset Upgrade,0.006,2026-07-17
CUST100014898,5G Handset Upgrade,0.4732,2026-07-10
CUST100022301,Family Plan Upgrade,0.2469,2026-07-14
CUST100010536,Device Insurance,0.1729,2026-07-14
CUST100037070,International Roaming Pack,0.3203,2026-07-05
CUST100071827,Home Security Add-on,0.2273,2026-07-16
CUST100082627,Streaming Bundle,0.2506,2026-07-14
CUST100017291,International Roaming Pack,0.7661,2026-07-04
CUST100077738,Home Security Add-on,0.6344,2026-07-11
CUST100043694,Device Insurance,0.8072,2026-07-06
CUST100029238,Device Insurance,0.6731,2026-07-17
CUST100074844,International Roaming Pack,0.0263,2026-07-11
CUST100022146,International Roaming Pack,0.8192,2026-07-03
CUST100084376,5G Handset Upgrade,0.9609,2026-07-08
CUST100028837,Device Insurance,0.2716,2026-07-12
CUST100039908,5G Handset Upgrade,0.784,2026-07-23
CUST100009993,Home Security Add-on,0.0606,2026-07-02
CUST100018603,International Roaming Pack,0.4844,2026-07-06
CUST100071628,Streaming Bundle,0.7602,2026-07-17
CUST100036518,International Roaming Pack,0.8442,2026-07-20
CUST100038134,Family Plan Upgrade,0.9068,2026-07-01
CUST100047678,International Roaming Pack,0.6776,2026-07-04
CUST100013788,Family Plan Upgrade,0.889,2026-07-19
CUST100074252,International Roaming Pack,0.9025,2026-07-23
CUST100032563,Home Security Add-on,0.7122,2026-07-12
CUST100059056,Family Plan Upgrade,0.1495,2026-07-06
CUST100033965,Home Security Add-on,0.1428,2026-07-18
CUST100099645,Streaming Bundle,0.7766,2026-07-14
CUST100005872,International Roaming Pack,0.2825,2026-07-08
CUST100054923,Device Insurance,0.5568,2026-07-10
CUST100085183,Home Security Add-on,0.2484,2026-07-05
CUST100031834,International Roaming Pack,0.7305,2026-07-20
CUST100063765,Streaming Bundle,0.0276,2026-07-14
CUST100060656,Home Security Add-on,0.3267,2026-07-09
CUST100023027,Family Plan Upgrade,0.7067,2026-07-19
CUST100009911,International Roaming Pack,0.0282,2026-07-10
CUST100095916,5G Handset Upgrade,0.7166,2026-07-15
CUST100084781,Device Insurance,0.5624,2026-07-05
CUST100003174,Home Security Add-on,0.0573,2026-07-19
CUST100042149,International Roaming Pack,0.0747,2026-07-23
CUST100077368,Device Insurance,0.4176,2026-07-12
CUST100001342,Device Insurance,0.6991,2026-07-23
CUST100013824,Device Insurance,0.6528,2026-07-20
CUST100052384,Streaming Bundle,0.8795,2026-07-20
CUST100064918,Family Plan Upgrade,0.5003,2026-07-04
CUST100049063,5G Handset Upgrade,0.3262,2026-07-07
CUST100021106,Family Plan Upgrade,0.4573,2026-07-16
CUST100028031,International Roaming Pack,0.7436,2026-07-15
CUST100054377,Family Plan Upgrade,0.3226,2026-07-01
CUST100031153,Family Plan Upgrade,0.955,2026-07-15
CUST100078280,Home Security Add-on,0.8941,2026-07-11
CUST100007306,Device Insurance,0.6466,2026-07-13
CUST100024012,Streaming Bundle,0.7378,2026-07-07
CUST100059315,Streaming Bundle,0.4288,2026-07-17
CUST100012998,Family Plan Upgrade,0.9251,2026-07-15
CUST100059509,Family Plan Upgrade,0.8958,2026-07-09
CUST100048259,5G Handset Upgrade,0.7992,2026-07-19
CUST100080298,Home Security Add-on,0.3135,2026-07-08
CUST100077253,Device Insurance,0.5618,2026-07-03
CUST100031467,Streaming Bundle,0.7849,2026-07-07
CUST100060781,Device Insurance,0.8533,2026-07-22
CUST100080612,Home Security Add-on,0.5399,2026-07-20
CUST100094197,Device Insurance,0.7875,2026-07-14
CUST100097000,Streaming Bundle,0.7116,2026-07-19
CUST100040096,Home Security Add-on,0.4726,2026-07-03
CUST100050043,International Roaming Pack,0.9717,2026-07-06
CUST100019795,Streaming Bundle,0.544,2026-07-04
CUST100024342,Device Insurance,0.4209,2026-07-06
CUST100052654,Device Insurance,0.003,2026-07-10
CUST100000190,5G Handset Upgrade,0.7423,2026-07-02
CUST100028557,Streaming Bundle,0.4881,2026-07-17
CUST100066211,International Roaming Pack,0.2905,2026-07-08
CUST100058027,International Roaming Pack,0.1594,2026-07-02
CUST100042690,Streaming Bundle,0.4459,2026-07-13
CUST100098358,5G Handset Upgrade,0.7749,2026-07-01
CUST100055932,Device Insurance,0.7637,2026-07-11
CUST100064071,Streaming Bundle,0.6544,2026-07-09
CUST100031848,Streaming Bundle,0.5499,2026-07-14
CUST100028034,Streaming Bundle,0.1662,2026-07-13
CUST100035245,International Roaming Pack,0.9121,2026-07-16
CUST100003707,Device Insurance,0.9158,2026-07-21
CUST100064015,Home Security Add-on,0.4418,2026-07-18
CUST100023063,Streaming Bundle,0.7911,2026-07-11
CUST100082948,Family Plan Upgrade,0.2216,2026-07-23
CUST100025982,International Roaming Pack,0.0944,2026-07-05
CUST100010589,Streaming Bundle,0.3638,2026-07-23
CUST100027457,Device Insurance,0.9483,2026-07-14
CUST100025117,Device Insurance,0.7006,2026-07-20
CUST100058263,Home Security Add-on,0.0091,2026-07-06
CUST100089730,Family Plan Upgrade,0.7629,2026-07-02
CUST100002976,International Roaming Pack,0.7884,2026-07-12
CUST100015468,5G Handset Upgrade,0.8009,2026-07-22
CUST100035628,5G Handset Upgrade,0.7974,2026-07-08
CUST100051011,Device Insurance,0.4432,2026-07-21
CUST100084760,International Roaming Pack,0.7354,2026-07-12
CUST100002967,Family Plan Upgrade,0.7096,2026-07-16
CUST100057682,Streaming Bundle,0.7024,2026-07-14
CUST100052208,5G Handset Upgrade,0.7981,2026-07-14
CUST100065454,Family Plan Upgrade,0.4021,2026-07-03
CUST100064543,5G Handset Upgrade,0.425,2026-07-04
CUST100079337,Device Insurance,0.886,2026-07-16
CUST100089180,Home Security Add-on,0.4492,2026-07-13
CUST100061667,Family Plan Upgrade,0.5416,2026-07-15
CUST100072555,Family Plan Upgrade,0.4142,2026-07-06
CUST100017026,Device Insurance,0.1358,2026-07-09
CUST100039656,5G Handset Upgrade,0.902,2026-07-17
CUST100005374,Streaming Bundle,0.5626,2026-07-17
CUST100073572,International Roaming Pack,0.5888,2026-07-20
CUST100094306,International Roaming Pack,0.9231,2026-07-09
CUST100029797,Streaming Bundle,0.8931,2026-07-20
CUST100067980,Streaming Bundle,0.4746,2026-07-22
CUST100055961,Family Plan Upgrade,0.1812,2026-07-02
CUST100058214,Streaming Bundle,0.2735,2026-07-15
CUST100039683,Streaming Bundle,0.5505,2026-07-01
CUST100070952,5G Handset Upgrade,0.4027,2026-07-04
CUST100015194,Device Insurance,0.6994,2026-07-10
CUST100081985,5G Handset Upgrade,0.8565,2026-07-23
CUST100036369,Home Security Add-on,0.7614,2026-07-18
CUST100050796,5G Handset Upgrade,0.1314,2026-07-18
CUST100004626,Streaming Bundle,0.3885,2026-07-03
CUST100065022,Streaming Bundle,0.8678,2026-07-14
CUST100067908,International Roaming Pack,0.7734,2026-07-22
CUST100050193,International Roaming Pack,0.4105,2026-07-11
CUST100069471,Home Security Add-on,0.1152,2026-07-01
CUST100001197,5G Handset Upgrade,0.7189,2026-07-09
CUST100003951,Home Security Add-on,0.5624,2026-07-13
CUST100017350,5G Handset Upgrade,0.3277,2026-07-22
CUST100074498,Streaming Bundle,0.0047,2026-07-19
CUST100073797,Family Plan Upgrade,0.9439,2026-07-23
CUST100093174,Home Security Add-on,0.7701,2026-07-18
CUST100067218,Family Plan Upgrade,0.1171,2026-07-07
CUST100032357,Family Plan Upgrade,0.5277,2026-07-21
CUST100057874,Home Security Add-on,0.7697,2026-07-17
CUST100096383,Family Plan Upgrade,0.6141,2026-07-20
CUST100084802,Streaming Bundle,0.7979,2026-07-12
CUST100056746,Streaming Bundle,0.6921,2026-07-09
CUST100095878,5G Handset Upgrade,0.1747,2026-07-13
CUST100068545,Home Security Add-on,0.2493,2026-07-16
CUST100095169,International Roaming Pack,0.0226,2026-07-06
CUST100078191,Device Insurance,0.7037,2026-07-02
CUST100000260,5G Handset Upgrade,0.6035,2026-07-23
CUST100054302,Streaming Bundle,0.075,2026-07-01
CUST100094406,International Roaming Pack,0.794,2026-07-15
CUST100032871,Streaming Bundle,0.6902,2026-07-14
CUST100010767,5G Handset Upgrade,0.7794,2026-07-18
CUST100009048,Streaming Bundle,0.5645,2026-07-19
CUST100031601,Home Security Add-on,0.3373,2026-07-20
CUST100083166,Family Plan Upgrade,0.4757,2026-07-22
CUST100024048,Family Plan Upgrade,0.1311,2026-07-09
CUST100039942,Home Security Add-on,0.1387,2026-07-09
CUST100046535,Family Plan Upgrade,0.6433,2026-07-18
CUST100091263,Streaming Bundle,0.824,2026-07-04
CUST100042512,Device Insurance,0.7915,2026-07-07
CUST100020156,Family Plan Upgrade,0.8189,2026-07-10
CUST100081354,Home Security Add-on,0.4005,2026-07-04
CUST100039237,Device Insurance,0.6352,2026-07-16
CUST100026141,Home Security Add-on,0.6247,2026-07-10
CUST100015777,Family Plan Upgrade,0.2482,2026-07-19
CUST100085338,Family Plan Upgrade,0.89,2026-07-11
CUST100093503,5G Handset Upgrade,0.5366,2026-07-08
CUST100034122,Device Insurance,0.9782,2026-07-20
CUST100050392,5G Handset Upgrade,0.7312,2026-07-10
CUST100002781,Home Security Add-on,0.3838,2026-07-22
CUST100021676,Device Insurance,0.7855,2026-07-13
CUST100047798,5G Handset Upgrade,0.7402,2026-07-04
CUST100095109,International Roaming Pack,0.5322,2026-07-18
CUST100002013,Family Plan Upgrade,0.0757,2026-07-21
CUST100065167,5G Handset Upgrade,0.6859,2026-07-03
CUST100001751,International Roaming Pack,0.4918,2026-07-05
CUST100026503,International Roaming Pack,0.6592,2026-07-21
CUST100095365,Device Insurance,0.3657,2026-07-15
CUST100054598,International Roaming Pack,0.2865,2026-07-15
CUST100047224,Device Insurance,0.1799,2026-07-07
CUST100088090,International Roaming Pack,0.671,2026-07-10
CUST100031644,Streaming Bundle,0.0642,2026-07-03
CUST100034268,Device Insurance,0.3197,2026-07-05
CUST100081527,International Roaming Pack,0.1576,2026-07-08
CUST100079421,Home Security Add-on,0.4606,2026-07-16
CUST100031325,5G Handset Upgrade,0.6477,2026-07-08
CUST100074737,Home Security Add-on,0.3279,2026-07-18
CUST100065751,Family Plan Upgrade,0.4542,2026-07-09
CUST100043983,International Roaming Pack,0.0023,2026-07-18
CUST100050462,Device Insurance,0.7533,2026-07-16
CUST100002096,International Roaming Pack,0.1519,2026-07-22
CUST100038137,Family Plan Upgrade,0.0577,2026-07-17
CUST100006972,Family Plan Upgrade,0.7117,2026-07-08
CUST100055182,Home Security Add-on,0.0212,2026-07-14
CUST100045097,Streaming Bundle,0.3641,2026-07-09
CUST100087362,Streaming Bundle,0.7393,2026-07-23
CUST100017666,International Roaming Pack,0.9659,2026-07-01
CUST100045670,Device Insurance,0.398,2026-07-01
CUST100061361,Device Insurance,0.561,2026-07-05
CUST100051818,Family Plan Upgrade,0.7946,2026-07-21
CUST100038277,Home Security Add-on,0.2523,2026-07-19
CUST100075730,International Roaming Pack,0.3858,2026-07-19
CUST100065953,5G Handset Upgrade,0.3258,2026-07-19
CUST100081258,International Roaming Pack,0.8503,2026-07-13
CUST100017303,International Roaming Pack,0.0902,2026-07-16
CUST100034445,Home Security Add-on,0.5264,2026-07-15
CUST100056857,Home Security Add-on,0.5573,2026-07-08
CUST100074318,5G Handset Upgrade,0.4448,2026-07-21
CUST100019956,International Roaming Pack,0.7751,2026-07-04
CUST100031872,Home Security Add-on,0.3108,2026-07-16
CUST100059434,Family Plan Upgrade,0.2012,2026-07-13
CUST100034601,5G Handset Upgrade,0.9539,2026-07-21
CUST100067065,International Roaming Pack,0.4166,2026-07-07
CUST100074973,International Roaming Pack,0.0136,2026-07-23
CUST100097281,Streaming Bundle,0.5917,2026-07-06
CUST100010816,Streaming Bundle,0.3651,2026-07-21
CUST100065242,International Roaming Pack,0.0438,2026-07-10
CUST100014050,Streaming Bundle,0.9899,2026-07-07
CUST100040552,Device Insurance,0.9034,2026-07-15
CUST100038105,Home Security Add-on,0.6805,2026-07-12
CUST100027125,International Roaming Pack,0.6371,2026-07-21
CUST100009404,International Roaming Pack,0.8491,2026-07-14
CUST100045597,5G Handset Upgrade,0.1047,2026-07-02
CUST100056198,International Roaming Pack,0.9,2026-07-17
CUST100097125,Family Plan Upgrade,0.9715,2026-07-08
CUST100043060,5G Handset Upgrade,0.8692,2026-07-11
CUST100086955,Streaming Bundle,0.3249,2026-07-02
CUST100079320,5G Handset Upgrade,0.1006,2026-07-22
CUST100087012,International Roaming Pack,0.8307,2026-07-21
CUST100073473,Streaming Bundle,0.7225,2026-07-13
CUST100055108,Home Security Add-on,0.5292,2026-07-09
CUST100058090,Streaming Bundle,0.465,2026-07-05
CUST100059850,Device Insurance,0.7342,2026-07-15
CUST100023868,International Roaming Pack,0.9952,2026-07-06
CUST100039270,Home Security Add-on,0.6887,2026-07-16
CUST100022998,5G Handset Upgrade,0.1983,2026-07-06
CUST100002278,International Roaming Pack,0.1051,2026-07-03
CUST100031026,Home Security Add-on,0.9804,2026-07-06
CUST100025412,5G Handset Upgrade,0.6737,2026-07-09
CUST100088936,Family Plan Upgrade,0.2228,2026-07-02
CUST100010363,Streaming Bundle,0.0252,2026-07-17
CUST100043211,Family Plan Upgrade,0.2921,2026-07-03
CUST100001831,International Roaming Pack,0.3538,2026-07-02
CUST100072305,Family Plan Upgrade,0.3563,2026-07-18
CUST100060839,Home Security Add-on,0.1425,2026-07-20
CUST100057628,Home Security Add-on,0.7832,2026-07-01
CUST100097729,International Roaming Pack,0.6343,2026-07-17
CUST100081899,Streaming Bundle,0.9316,2026-07-07
CUST100004669,Home Security Add-on,0.7672,2026-07-11
CUST100056425,International Roaming Pack,0.542,2026-07-10
CUST100046234,Family Plan Upgrade,0.4993,2026-07-22
CUST100028218,5G Handset Upgrade,0.3324,2026-07-17
CUST100005463,International Roaming Pack,0.4198,2026-07-02
CUST100084716,5G Handset Upgrade,0.0974,2026-07-09
CUST100078268,Family Plan Upgrade,0.8214,2026-07-02
CUST100017965,Family Plan Upgrade,0.0109,2026-07-02
CUST100042495,Home Security Add-on,0.7563,2026-07-04
CUST100064941,Device Insurance,0.5641,2026-07-20
CUST100057590,Streaming Bundle,0.404,2026-07-16
CUST100075796,International Roaming Pack,0.8769,2026-07-02
CUST100076277,5G Handset Upgrade,0.0135,2026-07-12
CUST100041144,5G Handset Upgrade,0.6873,2026-07-08
CUST100056621,International Roaming Pack,0.402,2026-07-21
CUST100092617,Streaming Bundle,0.5538,2026-07-05
CUST100095968,International Roaming Pack,0.2935,2026-07-21
CUST100028107,Streaming Bundle,0.2729,2026-07-01
CUST100024219,Family Plan Upgrade,0.9343,2026-07-04
CUST100009122,International Roaming Pack,0.9075,2026-07-14
CUST100069937,Streaming Bundle,0.5141,2026-07-23
CUST100044918,Streaming Bundle,0.3486,2026-07-07
CUST100085304,5G Handset Upgrade,0.7346,2026-07-21
CUST100012490,Streaming Bundle,0.8307,2026-07-20
CUST100079214,Home Security Add-on,0.6748,2026-07-14
CUST100062977,International Roaming Pack,0.8422,2026-07-07
CUST100097017,Streaming Bundle,0.1727,2026-07-20
CUST100033505,International Roaming Pack,0.5677,2026-07-22
CUST100001852,5G Handset Upgrade,0.5128,2026-07-03
CUST100091561,5G Handset Upgrade,0.3078,2026-07-10
CUST100080772,Streaming Bundle,0.5988,2026-07-11
CUST100057136,Device Insurance,0.5764,2026-07-05
CUST100014174,Streaming Bundle,0.7783,2026-07-18
CUST100025342,International Roaming Pack,0.6732,2026-07-02
CUST100065407,Streaming Bundle,0.0533,2026-07-23
CUST100097689,Streaming Bundle,0.5765,2026-07-01
CUST100082203,International Roaming Pack,0.8769,2026-07-15
CUST100065743,International Roaming Pack,0.3131,2026-07-07
CUST100014730,International Roaming Pack,0.882,2026-07-17
CUST100073090,Streaming Bundle,0.6124,2026-07-23
CUST100049082,Device Insurance,0.8036,2026-07-13
CUST100032249,Streaming Bundle,0.7197,2026-07-13
CUST100046826,Family Plan Upgrade,0.7905,2026-07-14
CUST100050051,5G Handset Upgrade,0.9863,2026-07-08
CUST100067418,Device Insurance,0.1214,2026-07-15
CUST100085317,Streaming Bundle,0.94,2026-07-15
CUST100066612,5G Handset Upgrade,0.1555,2026-07-01
CUST100055066,International Roaming Pack,0.8527,2026-07-23
CUST100015502,Streaming Bundle,0.4439,2026-07-01
CUST100056754,International Roaming Pack,0.2164,2026-07-23
CUST100064769,Streaming Bundle,0.1972,2026-07-12
CUST100026521,Streaming Bundle,0.2425,2026-07-16
CUST100063576,Home Security Add-on,0.1944,2026-07-02
CUST100011203,Streaming Bundle,0.8127,2026-07-10
CUST100094817,5G Handset Upgrade,0.6584,2026-07-02
CUST100098040,Streaming Bundle,0.0792,2026-07-06
CUST100089224,Device Insurance,0.4751,2026-07-10
CUST100015667,International Roaming Pack,0.0286,2026-07-19
CUST100082359,Family Plan Upgrade,0.9041,2026-07-13
CUST100077227,5G Handset Upgrade,0.9467,2026-07-01
CUST100089739,Streaming Bundle,0.5847,2026-07-19
CUST100048413,Streaming Bundle,0.9769,2026-07-20
CUST100007255,5G Handset Upgrade,0.973,2026-07-06
CUST100058373,Device Insurance,0.5346,2026-07-04
CUST100028971,Device Insurance,0.696,2026-07-07
CUST100080380,Home Security Add-on,0.9013,2026-07-14
CUST100040621,5G Handset Upgrade,0.2603,2026-07-10
CUST100075898,Home Security Add-on,0.7471,2026-07-23
CUST100056474,Family Plan Upgrade,0.4043,2026-07-11
CUST100032165,International Roaming Pack,0.1209,2026-07-03
CUST100085162,Home Security Add-on,0.1951,2026-07-14
CUST100016080,International Roaming Pack,0.7834,2026-07-14
CUST100051968,Home Security Add-on,0.602,2026-07-16
CUST100057381,5G Handset Upgrade,0.4545,2026-07-11
CUST100036339,Streaming Bundle,0.3194,2026-07-01
CUST100021006,Family Plan Upgrade,0.9158,2026-07-21
CUST100058747,Device Insurance,0.6502,2026-07-16
CUST100037731,Family Plan Upgrade,0.8556,2026-07-06
CUST100060368,Home Security Add-on,0.272,2026-07-11
CUST100096122,Home Security Add-on,0.1946,2026-07-05
CUST100062230,Device Insurance,0.8128,2026-07-04
CUST100068644,Family Plan Upgrade,0.2369,2026-07-08
CUST100028677,Home Security Add-on,0.8683,2026-07-13
CUST100067824,Device Insurance,0.8327,2026-07-14
CUST100034731,Streaming Bundle,0.7193,2026-07-17
CUST100041753,5G Handset Upgrade,0.4529,2026-07-22
CUST100065396,Streaming Bundle,0.7807,2026-07-13
CUST100026281,5G Handset Upgrade,0.9166,2026-07-03
CUST100011157,International Roaming Pack,0.9054,2026-07-17
CUST100058985,International Roaming Pack,0.5864,2026-07-06
CUST100041315,Home Security Add-on,0.4975,2026-07-21
CUST100002914,Home Security Add-on,0.6799,2026-07-18
CUST100050529,5G Handset Upgrade,0.8735,2026-07-19
CUST100091957,Family Plan Upgrade,0.4681,2026-07-13
CUST100001350,Device Insurance,0.8644,2026-07-04
CUST100048414,Device Insurance,0.6429,2026-07-12
CUST100014843,5G Handset Upgrade,0.6392,2026-07-09
CUST100087521,Home Security Add-on,0.2948,2026-07-01
CUST100082089,5G Handset Upgrade,0.1772,2026-07-02
CUST100024179,Device Insurance,0.8188,2026-07-11
CUST100044039,Device Insurance,0.307,2026-07-01
CUST100076937,Streaming Bundle,0.7908,2026-07-05
CUST100033058,Streaming Bundle,0.9236,2026-07-22
CUST100023747,Home Security Add-on,0.5003,2026-07-11
CUST100075632,International Roaming Pack,0.4828,2026-07-17
CUST100083999,Family Plan Upgrade,0.0322,2026-07-01
CUST100037437,5G Handset Upgrade,0.5633,2026-07-15
CUST100097145,Home Security Add-on,0.6726,2026-07-06
CUST100068802,Home Security Add-on,0.6671,2026-07-04
CUST100007199,5G Handset Upgrade,0.6693,2026-07-06
CUST100007202,Device Insurance,0.0076,2026-07-06
CUST100051843,5G Handset Upgrade,0.5226,2026-07-19
CUST100022524,Family Plan Upgrade,0.6874,2026-07-10
CUST100098753,Home Security Add-on,0.8382,2026-07-02
CUST100072341,5G Handset Upgrade,0.3629,2026-07-16
CUST100092492,International Roaming Pack,0.7842,2026-07-01
CUST100042824,International Roaming Pack,0.6735,2026-07-02
CUST100039608,Family Plan Upgrade,0.9716,2026-07-14
CUST100086024,Home Security Add-on,0.3411,2026-07-06
CUST100016600,5G Handset Upgrade,0.3474,2026-07-06
CUST100051741,International Roaming Pack,0.3628,2026-07-09
CUST100012459,Device Insurance,0.3805,2026-07-13
CUST100065769,Family Plan Upgrade,0.6114,2026-07-08
CUST100017496,International Roaming Pack,0.5196,2026-07-23
CUST100089219,5G Handset Upgrade,0.0925,2026-07-20
CUST100044448,Home Security Add-on,0.9531,2026-07-19
CUST100061123,Home Security Add-on,0.4568,2026-07-18
CUST100085357,5G Handset Upgrade,0.5776,2026-07-09
CUST100080360,International Roaming Pack,0.6741,2026-07-06
CUST100007923,Device Insurance,0.2499,2026-07-22
CUST100041910,Family Plan Upgrade,0.0525,2026-07-19
CUST100078957,Streaming Bundle,0.8273,2026-07-21
CUST100092526,Family Plan Upgrade,0.8984,2026-07-09
CUST100075575,Home Security Add-on,0.7046,2026-07-03
CUST100082083,Family Plan Upgrade,0.9723,2026-07-17
CUST100033275,Streaming Bundle,0.2552,2026-07-15
CUST100038554,5G Handset Upgrade,0.8343,2026-07-19
CUST100033526,Device Insurance,0.3541,2026-07-02
CUST100081001,Home Security Add-on,0.6157,2026-07-12
CUST100061312,International Roaming Pack,0.2439,2026-07-07
CUST100098115,Family Plan Upgrade,0.6338,2026-07-02
CUST100096213,Family Plan Upgrade,0.6845,2026-07-15
CUST100039153,5G Handset Upgrade,0.8944,2026-07-08
CUST100038768,Home Security Add-on,0.616,2026-07-05
CUST100082639,Home Security Add-on,0.9839,2026-07-16
CUST100074389,5G Handset Upgrade,0.4401,2026-07-14
CUST100068790,Device Insurance,0.1511,2026-07-10
CUST100083757,5G Handset Upgrade,0.9158,2026-07-13
CUST100067555,Device Insurance,0.5573,2026-07-03
CUST100091572,Streaming Bundle,0.506,2026-07-03
CUST100045041,5G Handset Upgrade,0.6398,2026-07-07
CUST100029917,Home Security Add-on,0.3946,2026-07-02
CUST100076806,5G Handset Upgrade,0.5181,2026-07-20
CUST100081891,5G Handset Upgrade,0.268,2026-07-13
CUST100041983,Streaming Bundle,0.5745,2026-07-13
CUST100067358,Device Insurance,0.1912,2026-07-12
CUST100034956,5G Handset Upgrade,0.1589,2026-07-13
CUST100067973,Device Insurance,0.0315,2026-07-03
CUST100014281,5G Handset Upgrade,0.6139,2026-07-06
CUST100072515,Streaming Bundle,0.5069,2026-07-06
CUST100051042,Streaming Bundle,0.6765,2026-07-11
CUST100038052,International Roaming Pack,0.647,2026-07-22
CUST100059102,Family Plan Upgrade,0.4994,2026-07-11
CUST100006104,Home Security Add-on,0.0549,2026-07-03
CUST100002214,International Roaming Pack,0.9901,2026-07-19
CUST100058252,Streaming Bundle,0.0118,2026-07-16
CUST100021038,Device Insurance,0.8625,2026-07-13
CUST100011182,Family Plan Upgrade,0.7569,2026-07-14
CUST100053298,5G Handset Upgrade,0.7937,2026-07-21
CUST100053341,Home Security Add-on,0.0433,2026-07-20
CUST100042025,Family Plan Upgrade,0.2417,2026-07-11
CUST100080019,Device Insurance,0.6299,2026-07-11
CUST100065388,Family Plan Upgrade,0.9782,2026-07-15
CUST100095323,International Roaming Pack,0.1199,2026-07-05
CUST100001877,5G Handset Upgrade,0.9173,2026-07-10
CUST100026048,Streaming Bundle,0.6474,2026-07-10
CUST100001705,Device Insurance,0.6863,2026-07-10
CUST100049621,Device Insurance,0.3772,2026-07-12
CUST100073396,Streaming Bundle,0.4006,2026-07-13
CUST100034376,Streaming Bundle,0.0306,2026-07-21
CUST100098814,Home Security Add-on,0.2492,2026-07-21
CUST100088896,5G Handset Upgrade,0.7812,2026-07-14
CUST100073025,Device Insurance,0.8344,2026-07-05
CUST100057692,5G Handset Upgrade,0.3536,2026-07-11
CUST100075091,Device Insurance,0.3333,2026-07-10
CUST100080700,International Roaming Pack,0.1694,2026-07-13
CUST100075524,International Roaming Pack,0.3716,2026-07-09
CUST100014097,Family Plan Upgrade,0.3114,2026-07-10
CUST100024711,International Roaming Pack,0.9648,2026-07-21
CUST100078749,International Roaming Pack,0.746,2026-07-01
CUST100040825,5G Handset Upgrade,0.7108,2026-07-14
CUST100090068,Family Plan Upgrade,0.5227,2026-07-01
CUST100054447,Family Plan Upgrade,0.9999,2026-07-09
CUST100032347,5G Handset Upgrade,0.5355,2026-07-18
CUST100046041,Family Plan Upgrade,0.3649,2026-07-22
CUST100065513,Streaming Bundle,0.8625,2026-07-02
CUST100063886,Family Plan Upgrade,0.2746,2026-07-22
CUST100087047,5G Handset Upgrade,0.4727,2026-07-11
CUST100063423,Streaming Bundle,0.7348,2026-07-04
CUST100043689,Home Security Add-on,0.4658,2026-07-23
CUST100082105,Home Security Add-on,0.8569,2026-07-05
CUST100057199,Streaming Bundle,0.7577,2026-07-16
CUST100086733,Device Insurance,0.6425,2026-07-02
CUST100080006,Streaming Bundle,0.3738,2026-07-04
CUST100034779,Streaming Bundle,0.698,2026-07-07
CUST100033528,Home Security Add-on,0.3127,2026-07-21
CUST100045003,Home Security Add-on,0.5739,2026-07-02
CUST100006447,Device Insurance,0.2394,2026-07-18
CUST100096849,Device Insurance,0.9212,2026-07-15
CUST100002590,Device Insurance,0.375,2026-07-14
CUST100092173,Home Security Add-on,0.2253,2026-07-23
CUST100026171,International Roaming Pack,0.7511,2026-07-13
CUST100030461,5G Handset Upgrade,0.6937,2026-07-23
CUST100001782,Streaming Bundle,0.7229,2026-07-04
CUST100091580,5G Handset Upgrade,0.2642,2026-07-17
CUST100011539,Device Insurance,0.6919,2026-07-04
CUST100025300,Device Insurance,0.4602,2026-07-17
CUST100099581,International Roaming Pack,0.4953,2026-07-17
CUST100092733,International Roaming Pack,0.4263,2026-07-02
CUST100038480,International Roaming Pack,0.9377,2026-07-05
CUST100099172,Device Insurance,0.454,2026-07-14
CUST100016740,International Roaming Pack,0.2672,2026-07-09
CUST100057706,5G Handset Upgrade,0.7986,2026-07-16
CUST100042896,Streaming Bundle,0.5837,2026-07-12
CUST100082877,Family Plan Upgrade,0.2229,2026-07-01
CUST100063325,International Roaming Pack,0.829,2026-07-03
CUST100065936,Home Security Add-on,0.0523,2026-07-01
CUST100014150,5G Handset Upgrade,0.9444,2026-07-13
CUST100081925,5G Handset Upgrade,0.8631,2026-07-09
CUST100003374,Device Insurance,0.8307,2026-07-21
CUST100084972,Home Security Add-on,0.0498,2026-07-07
CUST100084610,Home Security Add-on,0.3013,2026-07-21
CUST100013638,5G Handset Upgrade,0.2867,2026-07-13
CUST100071022,Device Insurance,0.0121,2026-07-14
CUST100024502,Home Security Add-on,0.6571,2026-07-06
CUST100074679,5G Handset Upgrade,0.0997,2026-07-09
CUST100067832,5G Handset Upgrade,0.2972,2026-07-13
CUST100086085,5G Handset Upgrade,0.3909,2026-07-06
CUST100056027,Streaming Bundle,0.6406,2026-07-12
CUST100010759,Streaming Bundle,0.8481,2026-07-06
CUST100019609,Streaming Bundle,0.4013,2026-07-12
CUST100064814,International Roaming Pack,0.3038,2026-07-20
CUST100035690,Device Insurance,0.211,2026-07-02
CUST100075161,Family Plan Upgrade,0.0606,2026-07-10
CUST100042276,Family Plan Upgrade,0.1026,2026-07-01
CUST100066581,Device Insurance,0.0283,2026-07-15
CUST100074770,International Roaming Pack,0.2964,2026-07-16
CUST100085270,Home Security Add-on,0.0466,2026-07-02
CUST100023722,Family Plan Upgrade,0.2319,2026-07-17
CUST100098771,Family Plan Upgrade,0.4474,2026-07-06
CUST100043432,5G Handset Upgrade,0.2963,2026-07-20
CUST100047728,5G Handset Upgrade,0.5217,2026-07-17
CUST100002945,Family Plan Upgrade,0.305,2026-07-15
CUST100031276,Family Plan Upgrade,0.574,2026-07-23
CUST100009060,Device Insurance,0.5025,2026-07-20
CUST100021668,Home Security Add-on,0.8197,2026-07-01
CUST100086004,International Roaming Pack,0.1806,2026-07-11
CUST100097472,International Roaming Pack,0.277,2026-07-21
CUST100042585,Family Plan Upgrade,0.1219,2026-07-19
CUST100083970,Family Plan Upgrade,0.9351,2026-07-18
CUST100095093,Home Security Add-on,0.5447,2026-07-04
CUST100003926,Home Security Add-on,0.8663,2026-07-06
CUST100010033,International Roaming Pack,0.7814,2026-07-05
CUST100042436,Home Security Add-on,0.3291,2026-07-17
CUST100071991,Family Plan Upgrade,0.7711,2026-07-07
CUST100009597,Device Insurance,0.5493,2026-07-09
CUST100093780,Family Plan Upgrade,0.4599,2026-07-01
CUST100054404,Device Insurance,0.26,2026-07-22
CUST100045451,Home Security Add-on,0.8498,2026-07-14
CUST100026881,5G Handset Upgrade,0.8068,2026-07-05
CUST100010853,Streaming Bundle,0.2883,2026-07-05
CUST100076961,Device Insurance,0.992,2026-07-09
CUST100011543,International Roaming Pack,0.1032,2026-07-07
CUST100069255,Device Insurance,0.935,2026-07-05
CUST100049436,Home Security Add-on,0.8267,2026-07-14
CUST100068935,Device Insurance,0.4815,2026-07-08
CUST100001598,5G Handset Upgrade,0.0421,2026-07-18
CUST100045140,Device Insurance,0.1908,2026-07-02
CUST100080882,Device Insurance,0.5614,2026-07-05
CUST100093577,International Roaming Pack,0.9048,2026-07-02
CUST100082551,5G Handset Upgrade,0.2621,2026-07-07
CUST100041231,Family Plan Upgrade,0.4956,2026-07-23
CUST100035942,5G Handset Upgrade,0.4579,2026-07-20
CUST100048643,Home Security Add-on,0.0974,2026-07-21
CUST100020600,Family Plan Upgrade,0.1636,2026-07-12
CUST100071963,International Roaming Pack,0.3691,2026-07-05
CUST100042775,5G Handset Upgrade,0.4878,2026-07-21
CUST100016436,Device Insurance,0.6888,2026-07-13
CUST100051846,Streaming Bundle,0.8705,2026-07-18
CUST100006412,5G Handset Upgrade,0.2282,2026-07-23
CUST100058199,International Roaming Pack,0.6454,2026-07-08
CUST100018605,Streaming Bundle,0.3547,2026-07-18
CUST100036278,Streaming Bundle,0.877,2026-07-21
CUST100086426,Family Plan Upgrade,0.4808,2026-07-02
CUST100044219,Home Security Add-on,0.5882,2026-07-09
CUST100081102,Family Plan Upgrade,0.9606,2026-07-15
CUST100001208,Streaming Bundle,0.6746,2026-07-12
CUST100083515,Streaming Bundle,0.326,2026-07-07
CUST100018289,Home Security Add-on,0.4204,2026-07-15
CUST100016890,International Roaming Pack,0.7406,2026-07-22
CUST100053822,5G Handset Upgrade,0.508,2026-07-06
CUST100094432,Streaming Bundle,0.1756,2026-07-22
CUST100082418,Streaming Bundle,0.4692,2026-07-03
CUST100076159,Family Plan Upgrade,0.1776,2026-07-06
CUST100093506,Family Plan Upgrade,0.3526,2026-07-07
CUST100052007,International Roaming Pack,0.3019,2026-07-06
CUST100000783,Streaming Bundle,0.7806,2026-07-17
CUST100085885,Streaming Bundle,0.9137,2026-07-10
CUST100023258,Streaming Bundle,0.6815,2026-07-13
CUST100079451,Family Plan Upgrade,0.7611,2026-07-17
CUST100061066,Home Security Add-on,0.0983,2026-07-03
CUST100073062,Streaming Bundle,0.908,2026-07-20
CUST100030160,Streaming Bundle,0.8375,2026-07-03
CUST100052213,International Roaming Pack,0.9636,2026-07-13
CUST100065851,International Roaming Pack,0.9871,2026-07-14
CUST100077810,Home Security Add-on,0.7666,2026-07-08
CUST100097255,International Roaming Pack,0.609,2026-07-15
CUST100099521,Streaming Bundle,0.1994,2026-07-06
CUST100004856,5G Handset Upgrade,0.9003,2026-07-22
CUST100050914,5G Handset Upgrade,0.3494,2026-07-20
CUST100086842,Family Plan Upgrade,0.3846,2026-07-19
CUST100033313,International Roaming Pack,0.9979,2026-07-08
CUST100090490,Home Security Add-on,0.9431,2026-07-18
CUST100097194,Family Plan Upgrade,0.0604,2026-07-04
CUST100076638,5G Handset Upgrade,0.9778,2026-07-13
CUST100017436,5G Handset Upgrade,0.9049,2026-07-03
CUST100082312,Streaming Bundle,0.2625,2026-07-11
CUST100063904,Family Plan Upgrade,0.9617,2026-07-08
CUST100070305,International Roaming Pack,0.9592,2026-07-22
CUST100057089,Streaming Bundle,0.9756,2026-07-21
CUST100073741,Home Security Add-on,0.4243,2026-07-17
CUST100045904,Device Insurance,0.6603,2026-07-02
CUST100013409,Home Security Add-on,0.3008,2026-07-17
CUST100076627,Streaming Bundle,0.2099,2026-07-23
CUST100048619,5G Handset Upgrade,0.9911,2026-07-21
CUST100006434,Device Insurance,0.4972,2026-07-09
CUST100073385,Streaming Bundle,0.8266,2026-07-04
CUST100078854,Streaming Bundle,0.805,2026-07-08
CUST100032810,Device Insurance,0.1718,2026-07-07
CUST100042610,International Roaming Pack,0.348,2026-07-21
CUST100007106,Home Security Add-on,0.1856,2026-07-12
CUST100015174,Family Plan Upgrade,0.6094,2026-07-02
CUST100096191,Family Plan Upgrade,0.5416,2026-07-16
CUST100097334,5G Handset Upgrade,0.1684,2026-07-15
CUST100005726,International Roaming Pack,0.3907,2026-07-06
CUST100068925,Streaming Bundle,0.4553,2026-07-16
CUST100088752,Device Insurance,0.3303,2026-07-04
CUST100078409,Home Security Add-on,0.2773,2026-07-22
CUST100072583,Home Security Add-on,0.4562,2026-07-18
CUST100030433,International Roaming Pack,0.8229,2026-07-16
CUST100033914,Home Security Add-on,0.2046,2026-07-17
CUST100049962,Home Security Add-on,0.0428,2026-07-13
CUST100020425,5G Handset Upgrade,0.0217,2026-07-05
CUST100002876,5G Handset Upgrade,0.9901,2026-07-01
CUST100064084,Family Plan Upgrade,0.1082,2026-07-19
CUST100067365,5G Handset Upgrade,0.7824,2026-07-18
CUST100024231,Device Insurance,0.2484,2026-07-13
CUST100013505,Family Plan Upgrade,0.1401,2026-07-02
CUST100033549,International Roaming Pack,0.6791,2026-07-11
CUST100028386,Device Insurance,0.1666,2026-07-20
CUST100078109,Home Security Add-on,0.0292,2026-07-09
CUST100028050,Home Security Add-on,0.6088,2026-07-09
CUST100008541,Home Security Add-on,0.5391,2026-07-16
CUST100047422,5G Handset Upgrade,0.5849,2026-07-09
CUST100002661,5G Handset Upgrade,0.6564,2026-07-12
CUST100008486,Device Insurance,0.6175,2026-07-23
CUST100038720,Streaming Bundle,0.9334,2026-07-23
CUST100049348,5G Handset Upgrade,0.3591,2026-07-15
CUST100065177,5G Handset Upgrade,0.7155,2026-07-01
CUST100095990,Family Plan Upgrade,0.2466,2026-07-01
CUST100070571,International Roaming Pack,0.3253,2026-07-15
CUST100022442,International Roaming Pack,0.0404,2026-07-23
CUST100059895,International Roaming Pack,0.5715,2026-07-08
CUST100041093,Family Plan Upgrade,0.4716,2026-07-14
CUST100009360,Device Insurance,0.8398,2026-07-22
CUST100049624,Streaming Bundle,0.7585,2026-07-23
CUST100070785,International Roaming Pack,0.6412,2026-07-12
CUST100046312,Family Plan Upgrade,0.5493,2026-07-17
CUST100042587,5G Handset Upgrade,0.303,2026-07-05
CUST100083044,Device Insurance,0.2963,2026-07-15
CUST100051608,Streaming Bundle,0.4582,2026-07-11
CUST100096441,Streaming Bundle,0.2696,2026-07-17
CUST100072025,International Roaming Pack,0.2975,2026-07-17
CUST100033461,International Roaming Pack,0.2056,2026-07-08
CUST100083274,International Roaming Pack,0.5179,2026-07-19
CUST100024716,Home Security Add-on,0.8052,2026-07-08
CUST100095575,International Roaming Pack,0.7603,2026-07-07
CUST100099449,Family Plan Upgrade,0.6864,2026-07-04
CUST100035397,Streaming Bundle,0.6683,2026-07-11
CUST100099382,International Roaming Pack,0.8937,2026-07-01
CUST100011358,International Roaming Pack,0.0217,2026-07-02
CUST100092143,Streaming Bundle,0.5866,2026-07-08
CUST100094421,Home Security Add-on,0.8789,2026-07-02
CUST100026996,5G Handset Upgrade,0.5629,2026-07-03
CUST100076450,Streaming Bundle,0.5625,2026-07-10
CUST100042439,International Roaming Pack,0.6539,2026-07-07
CUST100079848,5G Handset Upgrade,0.8675,2026-07-21
CUST100079938,Device Insurance,0.6647,2026-07-10
CUST100097796,Streaming Bundle,0.4695,2026-07-13
CUST100081678,International Roaming Pack,0.3519,2026-07-04
CUST100039763,5G Handset Upgrade,0.9408,2026-07-19
CUST100098013,5G Handset Upgrade,0.8849,2026-07-04
CUST100096752,International Roaming Pack,0.4664,2026-07-11
CUST100017636,Streaming Bundle,0.3576,2026-07-12
CUST100004036,Family Plan Upgrade,0.4889,2026-07-22
CUST100073461,International Roaming Pack,0.8375,2026-07-10
CUST100047526,Home Security Add-on,0.3719,2026-07-16
CUST100028194,Device Insurance,0.5506,2026-07-01
CUST100027079,Device Insurance,0.908,2026-07-17
CUST100052339,5G Handset Upgrade,0.7078,2026-07-15
CUST100023301,International Roaming Pack,0.2907,2026-07-07
CUST100068842,Streaming Bundle,0.6177,2026-07-22
CUST100054397,Home Security Add-on,0.0285,2026-07-21
CUST100086169,Streaming Bundle,0.0453,2026-07-02
CUST100010868,Streaming Bundle,0.6106,2026-07-19
CUST100067704,International Roaming Pack,0.3313,2026-07-15
CUST100050458,International Roaming Pack,0.831,2026-07-19
CUST100087174,Family Plan Upgrade,0.9017,2026-07-03
CUST100038696,Family Plan Upgrade,0.8892,2026-07-15
CUST100099076,Family Plan Upgrade,0.478,2026-07-21
CUST100003774,Home Security Add-on,0.3699,2026-07-08
CUST100092230,Device Insurance,0.0406,2026-07-06
CUST100088310,Device Insurance,0.7161,2026-07-10
CUST100013271,Device Insurance,0.3018,2026-07-16
CUST100017575,Streaming Bundle,0.4285,2026-07-08
CUST100094233,Streaming Bundle,0.6729,2026-07-09
CUST100001494,International Roaming Pack,0.6793,2026-07-16
CUST100024589,International Roaming Pack,0.0836,2026-07-09
CUST100069223,Streaming Bundle,0.8805,2026-07-04
CUST100040162,International Roaming Pack,0.8267,2026-07-09
CUST100060443,5G Handset Upgrade,0.6186,2026-07-05
CUST100067613,Family Plan Upgrade,0.7263,2026-07-16
CUST100093749,Home Security Add-on,0.9497,2026-07-13
CUST100007815,International Roaming Pack,0.2152,2026-07-02
CUST100064927,International Roaming Pack,0.3524,2026-07-11
CUST100090478,Device Insurance,0.9437,2026-07-23
CUST100020622,5G Handset Upgrade,0.7234,2026-07-08
CUST100076935,Family Plan Upgrade,0.9946,2026-07-05
CUST100042979,Family Plan Upgrade,0.1138,2026-07-20
CUST100008385,Family Plan Upgrade,0.3103,2026-07-21
CUST100018807,Family Plan Upgrade,0.1202,2026-07-22
CUST100009749,Streaming Bundle,0.0279,2026-07-19
CUST100089794,International Roaming Pack,0.3754,2026-07-11
CUST100020723,Streaming Bundle,0.8585,2026-07-07
CUST100090283,Device Insurance,0.4713,2026-07-13
CUST100080199,Device Insurance,0.5959,2026-07-06
CUST100006616,5G Handset Upgrade,0.3968,2026-07-09
CUST100094445,Family Plan Upgrade,0.3098,2026-07-13
CUST100045834,Device Insurance,0.0335,2026-07-01
CUST100008021,International Roaming Pack,0.4006,2026-07-05
CUST100055296,Family Plan Upgrade,0.5965,2026-07-03
CUST100084933,Family Plan Upgrade,0.2074,2026-07-03
CUST100063037,International Roaming Pack,0.8616,2026-07-03
CUST100022104,International Roaming Pack,0.5427,2026-07-13
CUST100038250,Home Security Add-on,0.3683,2026-07-12
CUST100042860,Family Plan Upgrade,0.0518,2026-07-22
CUST100099591,International Roaming Pack,0.284,2026-07-11
CUST100033365,Family Plan Upgrade,0.23,2026-07-15
CUST100057807,5G Handset Upgrade,0.5036,2026-07-20
CUST100084325,5G Handset Upgrade,0.0386,2026-07-21
CUST100086766,Streaming Bundle,0.5201,2026-07-22
CUST100096202,5G Handset Upgrade,0.3153,2026-07-06
CUST100016000,Family Plan Upgrade,0.1093,2026-07-07
CUST100003116,5G Handset Upgrade,0.6003,2026-07-21
CUST100052306,Home Security Add-on,0.6217,2026-07-23
CUST100062412,International Roaming Pack,0.7378,2026-07-11
CUST100078627,5G Handset Upgrade,0.4799,2026-07-04
CUST100065991,Streaming Bundle,0.7364,2026-07-15
CUST100003119,Family Plan Upgrade,0.6519,2026-07-16
CUST100040504,5G Handset Upgrade,0.794,2026-07-16
CUST100056873,Family Plan Upgrade,0.171,2026-07-10
CUST100042067,Device Insurance,0.0786,2026-07-09
CUST100083440,International Roaming Pack,0.5254,2026-07-01
CUST100088665,International Roaming Pack,0.9433,2026-07-02
CUST100032440,Device Insurance,0.6918,2026-07-02
CUST100070769,International Roaming Pack,0.1022,2026-07-04
CUST100068147,Device Insurance,0.6992,2026-07-11
CUST100023909,International Roaming Pack,0.2524,2026-07-01
CUST100004195,Device Insurance,0.3771,2026-07-08
CUST100012293,Device Insurance,0.1859,2026-07-06
CUST100093286,Family Plan Upgrade,0.3528,2026-07-17
CUST100041990,Device Insurance,0.7562,2026-07-05
CUST100005627,Family Plan Upgrade,0.6679,2026-07-18
CUST100030912,Streaming Bundle,0.2399,2026-07-12
CUST100088541,Home Security Add-on,0.7565,2026-07-20
CUST100002300,Streaming Bundle,0.8264,2026-07-10
CUST100039413,Family Plan Upgrade,0.772,2026-07-05
CUST100027115,Home Security Add-on,0.3619,2026-07-10
CUST100011894,Home Security Add-on,0.5171,2026-07-04
CUST100044802,Home Security Add-on,0.7339,2026-07-04
CUST100031546,Streaming Bundle,0.7873,2026-07-16
CUST100071076,Home Security Add-on,0.7747,2026-07-08
CUST100025266,Home Security Add-on,0.8057,2026-07-13
CUST100017148,Device Insurance,0.9592,2026-07-03
CUST100010489,Family Plan Upgrade,0.5481,2026-07-05
CUST100045811,International Roaming Pack,0.0945,2026-07-22
CUST100075616,Home Security Add-on,0.0384,2026-07-10
CUST100021702,International Roaming Pack,0.3021,2026-07-05
CUST100043149,International Roaming Pack,0.3588,2026-07-05
CUST100025945,Family Plan Upgrade,0.3654,2026-07-07
CUST100043884,International Roaming Pack,0.1303,2026-07-20
CUST100094468,Device Insurance,0.8032,2026-07-07
CUST100085955,Device Insurance,0.579,2026-07-13
CUST100041341,5G Handset Upgrade,0.8507,2026-07-10
CUST100061510,International Roaming Pack,0.7107,2026-07-17
CUST100017620,5G Handset Upgrade,0.9055,2026-07-17
CUST100035741,Streaming Bundle,0.9509,2026-07-02
CUST100085834,International Roaming Pack,0.6962,2026-07-11
CUST100064653,Device Insurance,0.9831,2026-07-17
CUST100016438,5G Handset Upgrade,0.953,2026-07-07
CUST100017333,5G Handset Upgrade,0.0152,2026-07-06
CUST100000108,International Roaming Pack,0.7384,2026-07-03
CUST100003598,5G Handset Upgrade,0.2459,2026-07-22
CUST100084171,Family Plan Upgrade,0.8205,2026-07-18
CUST100078282,Device Insurance,0.5077,2026-07-03
CUST100065980,International Roaming Pack,0.0104,2026-07-14
CUST100070102,Family Plan Upgrade,0.1779,2026-07-23
CUST100068971,Family Plan Upgrade,0.2145,2026-07-23
CUST100020945,Device Insurance,0.072,2026-07-16
CUST100088536,5G Handset Upgrade,0.6493,2026-07-01
CUST100020870,Family Plan Upgrade,0.9645,2026-07-23
CUST100019205,Streaming Bundle,0.5752,2026-07-23
CUST100012368,International Roaming Pack,0.7618,2026-07-22
CUST100069396,Family Plan Upgrade,0.3957,2026-07-17
CUST100021855,5G Handset Upgrade,0.5611,2026-07-11
CUST100022124,Home Security Add-on,0.0166,2026-07-10
CUST100068614,International Roaming Pack,0.7318,2026-07-11
CUST100043159,Home Security Add-on,0.2938,2026-07-18
CUST100054172,5G Handset Upgrade,0.6741,2026-07-11
CUST100047749,Streaming Bundle,0.9019,2026-07-07
CUST100056123,Home Security Add-on,0.7286,2026-07-07
CUST100022682,Family Plan Upgrade,0.534,2026-07-10
CUST100037507,Family Plan Upgrade,0.7314,2026-07-19
CUST100084954,Device Insurance,0.9122,2026-07-15
CUST100057167,Home Security Add-on,0.8034,2026-07-03
CUST100077823,Device Insurance,0.9363,2026-07-13
CUST100013430,International Roaming Pack,0.5886,2026-07-17
CUST100045490,Home Security Add-on,0.4887,2026-07-15
CUST100084744,International Roaming Pack,0.1368,2026-07-08
CUST100023812,Device Insurance,0.2267,2026-07-14
CUST100065835,Home Security Add-on,0.2003,2026-07-14
CUST100075950,5G Handset Upgrade,0.4242,2026-07-03
CUST100093856,5G Handset Upgrade,0.9898,2026-07-11
CUST100039767,Device Insurance,0.243,2026-07-20
CUST100010855,Streaming Bundle,0.4089,2026-07-17
CUST100088560,Family Plan Upgrade,0.7523,2026-07-07
CUST100037840,Device Insurance,0.0291,2026-07-06
CUST100052462,Streaming Bundle,0.4409,2026-07-09
CUST100007785,International Roaming Pack,0.4503,2026-07-17
CUST100082263,Streaming Bundle,0.2775,2026-07-02
CUST100080819,International Roaming Pack,0.7084,2026-07-10
CUST100026942,International Roaming Pack,0.0199,2026-07-15
CUST100093509,International Roaming Pack,0.4335,2026-07-01
CUST100028430,5G Handset Upgrade,0.7015,2026-07-02
CUST100085018,Home Security Add-on,0.912,2026-07-12
CUST100063004,5G Handset Upgrade,0.7188,2026-07-17
CUST100043038,International Roaming Pack,0.2282,2026-07-17
CUST100009193,Family Plan Upgrade,0.4832,2026-07-10
CUST100008184,Streaming Bundle,0.6044,2026-07-23
CUST100054048,Home Security Add-on,0.9968,2026-07-06
CUST100021062,5G Handset Upgrade,0.8597,2026-07-22
CUST100071738,Device Insurance,0.8155,2026-07-02
CUST100003982,International Roaming Pack,0.9935,2026-07-16
CUST100047738,Device Insurance,0.0754,2026-07-01
CUST100030645,International Roaming Pack,0.0728,2026-07-03
CUST100069144,Device Insurance,0.0532,2026-07-10
CUST100096480,Streaming Bundle,0.2832,2026-07-08
CUST100048488,Home Security Add-on,0.87,2026-07-18
CUST100020617,Device Insurance,0.2407,2026-07-08
CUST100091533,5G Handset Upgrade,0.9928,2026-07-20
CUST100099208,Home Security Add-on,0.8487,2026-07-09
CUST100048875,Device Insurance,0.6799,2026-07-18
CUST100090691,Family Plan Upgrade,0.4424,2026-07-10
CUST100094759,Home Security Add-on,0.7262,2026-07-19
CUST100049785,Streaming Bundle,0.6724,2026-07-05
CUST100063059,Streaming Bundle,0.8508,2026-07-20
CUST100079494,International Roaming Pack,0.4943,2026-07-11
CUST100050488,Family Plan Upgrade,0.086,2026-07-13
CUST100050459,Streaming Bundle,0.8608,2026-07-08
CUST100074474,Device Insurance,0.9729,2026-07-13
CUST100051451,Family Plan Upgrade,0.8922,2026-07-02
CUST100095146,Device Insurance,0.6009,2026-07-19
CUST100034735,International Roaming Pack,0.9644,2026-07-22
CUST100079458,Home Security Add-on,0.664,2026-07-08
CUST100030003,International Roaming Pack,0.8427,2026-07-21
CUST100066197,Home Security Add-on,0.0776,2026-07-02
CUST100046096,International Roaming Pack,0.9583,2026-07-04
CUST100072337,Streaming Bundle,0.6559,2026-07-06
CUST100032623,Streaming Bundle,0.0188,2026-07-19
CUST100079635,5G Handset Upgrade,0.7625,2026-07-05
CUST100025362,Streaming Bundle,0.3758,2026-07-13
CUST100067721,International Roaming Pack,0.5435,2026-07-09
CUST100021779,Family Plan Upgrade,0.7059,2026-07-17
CUST100063391,Device Insurance,0.1258,2026-07-15
CUST100068341,Streaming Bundle,0.2647,2026-07-05
CUST100038580,Home Security Add-on,0.924,2026-07-12
CUST100026906,Home Security Add-on,0.4356,2026-07-01
CUST100051074,Family Plan Upgrade,0.3189,2026-07-21
CUST100084080,International Roaming Pack,0.1109,2026-07-06
CUST100033674,5G Handset Upgrade,0.0028,2026-07-04
CUST100076761,Streaming Bundle,0.3046,2026-07-17
CUST100041211,Family Plan Upgrade,0.7228,2026-07-04
CUST100015529,Home Security Add-on,0.5482,2026-07-20
CUST100047174,International Roaming Pack,0.3205,2026-07-17
CUST100092574,Streaming Bundle,0.0902,2026-07-23
CUST100011918,Streaming Bundle,0.9686,2026-07-09
CUST100036544,Family Plan Upgrade,0.5455,2026-07-21
CUST100091734,Home Security Add-on,0.8777,2026-07-08
CUST100035674,Family Plan Upgrade,0.6656,2026-07-12
CUST100030659,Home Security Add-on,0.9066,2026-07-18
CUST100011925,Home Security Add-on,0.3225,2026-07-17
CUST100066820,Streaming Bundle,0.3064,2026-07-07
CUST100037934,Streaming Bundle,0.8202,2026-07-10
CUST100008120,Streaming Bundle,0.4009,2026-07-02
CUST100097563,Home Security Add-on,0.7718,2026-07-13
CUST100074089,International Roaming Pack,0.7499,2026-07-10
CUST100064823,International Roaming Pack,0.379,2026-07-04
CUST100055043,Streaming Bundle,0.8613,2026-07-21
CUST100084510,Streaming Bundle,0.3442,2026-07-02
CUST100089334,5G Handset Upgrade,0.5429,2026-07-11
CUST100094937,Streaming Bundle,0.4152,2026-07-03
CUST100068774,5G Handset Upgrade,0.8746,2026-07-16
CUST100013902,Streaming Bundle,0.2458,2026-07-20
CUST100048904,Streaming Bundle,0.4735,2026-07-06
CUST100036563,5G Handset Upgrade,0.6892,2026-07-12
CUST100001764,Device Insurance,0.4972,2026-07-16
CUST100081701,Family Plan Upgrade,0.6687,2026-07-19
CUST100062962,Streaming Bundle,0.742,2026-07-18
CUST100018728,Streaming Bundle,0.778,2026-07-19
CUST100072986,Device Insurance,0.0284,2026-07-06
CUST100044775,International Roaming Pack,0.1362,2026-07-19
CUST100052606,Home Security Add-on,0.1536,2026-07-16
CUST100070876,Streaming Bundle,0.253,2026-07-21
CUST100087756,Family Plan Upgrade,0.2585,2026-07-07
CUST100057596,5G Handset Upgrade,0.4609,2026-07-07
CUST100065948,Family Plan Upgrade,0.5914,2026-07-17
CUST100052375,Family Plan Upgrade,0.2309,2026-07-09
CUST100029839,International Roaming Pack,0.4556,2026-07-01
CUST100074874,Device Insurance,0.7242,2026-07-20
CUST100035215,Family Plan Upgrade,0.4596,2026-07-06
CUST100065033,Device Insurance,0.6757,2026-07-07
CUST100074811,Device Insurance,0.8329,2026-07-02
CUST100038208,Family Plan Upgrade,0.6156,2026-07-11
CUST100025451,Family Plan Upgrade,0.6012,2026-07-01
CUST100096899,Home Security Add-on,0.6765,2026-07-14
CUST100028385,Streaming Bundle,0.3708,2026-07-21
CUST100086617,Device Insurance,0.0026,2026-07-19
CUST100009186,Streaming Bundle,0.7,2026-07-10
CUST100055417,Home Security Add-on,0.1783,2026-07-08
CUST100031396,Family Plan Upgrade,0.2743,2026-07-11
CUST100020583,Family Plan Upgrade,0.6588,2026-07-22
CUST100047508,Device Insurance,0.47,2026-07-05
CUST100050532,Family Plan Upgrade,0.6414,2026-07-14
CUST100050346,Streaming Bundle,0.2704,2026-07-19
CUST100071992,Family Plan Upgrade,0.8336,2026-07-11
CUST100006557,Family Plan Upgrade,0.3423,2026-07-06
CUST100079142,Home Security Add-on,0.8992,2026-07-06
CUST100031636,Home Security Add-on,0.536,2026-07-01
CUST100082094,Home Security Add-on,0.4173,2026-07-23
CUST100015336,Streaming Bundle,0.1485,2026-07-06
CUST100051529,Home Security Add-on,0.0013,2026-07-12
CUST100090062,International Roaming Pack,0.8959,2026-07-01
CUST100037082,Family Plan Upgrade,0.8357,2026-07-11
CUST100027784,Device Insurance,0.6817,2026-07-07
CUST100042659,Device Insurance,0.8643,2026-07-11
CUST100093181,Streaming Bundle,0.6408,2026-07-22
CUST100068892,Home Security Add-on,0.7023,2026-07-13
CUST100085588,Home Security Add-on,0.5199,2026-07-19
CUST100046250,Device Insurance,0.9898,2026-07-06
CUST100040824,Home Security Add-on,0.9946,2026-07-17
CUST100081412,Device Insurance,0.5834,2026-07-16
CUST100067188,Family Plan Upgrade,0.2041,2026-07-04
CUST100004260,Streaming Bundle,0.0788,2026-07-05
CUST100028974,Device Insurance,0.8252,2026-07-02
CUST100031995,Device Insurance,0.0208,2026-07-07
CUST100052135,Home Security Add-on,0.6691,2026-07-16
CUST100057633,Device Insurance,0.6941,2026-07-13
CUST100045925,5G Handset Upgrade,0.8202,2026-07-01
CUST100063660,International Roaming Pack,0.8285,2026-07-22
CUST100031180,Device Insurance,0.6013,2026-07-14
CUST100062930,5G Handset Upgrade,0.0867,2026-07-08
CUST100000492,International Roaming Pack,0.9194,2026-07-01
CUST100048565,International Roaming Pack,0.4148,2026-07-23
CUST100019598,Family Plan Upgrade,0.8065,2026-07-13
CUST100055096,Home Security Add-on,0.8146,2026-07-13
CUST100062526,Home Security Add-on,0.4486,2026-07-03
CUST100054423,Home Security Add-on,0.3148,2026-07-20
CUST100086261,5G Handset Upgrade,0.8216,2026-07-10
CUST100063327,Device Insurance,0.603,2026-07-09
CUST100086595,Home Security Add-on,0.7284,2026-07-20
CUST100092656,Streaming Bundle,0.5133,2026-07-09
CUST100039452,Home Security Add-on,0.1194,2026-07-21
CUST100085088,5G Handset Upgrade,0.5573,2026-07-08
CUST100022258,5G Handset Upgrade,0.5234,2026-07-17
CUST100098157,Device Insurance,0.9238,2026-07-22
CUST100015636,Device Insurance,0.2096,2026-07-15
CUST100060810,International Roaming Pack,0.8864,2026-07-03
CUST100070538,Streaming Bundle,0.449,2026-07-10
CUST100021547,Home Security Add-on,0.3863,2026-07-10
CUST100002671,Device Insurance,0.1882,2026-07-23
CUST100019746,Streaming Bundle,0.1685,2026-07-23
CUST100016224,5G Handset Upgrade,0.4326,2026-07-09
CUST100048350,5G Handset Upgrade,0.5012,2026-07-14
CUST100068310,Streaming Bundle,0.4992,2026-07-01
CUST100099268,Streaming Bundle,0.7068,2026-07-07
CUST100058282,International Roaming Pack,0.9765,2026-07-14
CUST100054483,International Roaming Pack,0.7149,2026-07-05
CUST100077578,5G Handset Upgrade,0.2569,2026-07-01
CUST100071930,Home Security Add-on,0.4784,2026-07-04
CUST100015839,Family Plan Upgrade,0.8874,2026-07-01
CUST100047570,Streaming Bundle,0.0056,2026-07-06
CUST100061189,International Roaming Pack,0.9792,2026-07-23
CUST100035243,Streaming Bundle,0.6725,2026-07-05
CUST100059472,Home Security Add-on,0.1966,2026-07-16
CUST100033626,Streaming Bundle,0.5801,2026-07-13
CUST100013288,International Roaming Pack,0.3827,2026-07-21
CUST100077930,Streaming Bundle,0.6442,2026-07-02
CUST100064129,International Roaming Pack,0.0973,2026-07-13
CUST100081154,Family Plan Upgrade,0.9474,2026-07-19
CUST100051719,Device Insurance,0.0934,2026-07-03
CUST100075661,Home Security Add-on,0.1979,2026-07-04
CUST100006198,Streaming Bundle,0.8075,2026-07-01
CUST100027934,5G Handset Upgrade,0.765,2026-07-16
CUST100072957,Home Security Add-on,0.8709,2026-07-01
CUST100015725,Streaming Bundle,0.2362,2026-07-02
CUST100003816,Home Security Add-on,0.6007,2026-07-20
CUST100047558,5G Handset Upgrade,0.9161,2026-07-10
CUST100079412,5G Handset Upgrade,0.1339,2026-07-19
CUST100047381,Home Security Add-on,0.9443,2026-07-13
CUST100090238,Streaming Bundle,0.8143,2026-07-18
CUST100079001,Family Plan Upgrade,0.4711,2026-07-02
CUST100023738,Streaming Bundle,0.1803,2026-07-23
CUST100028625,Device Insurance,0.0455,2026-07-08
CUST100040167,Streaming Bundle,0.5107,2026-07-02
CUST100054694,Streaming Bundle,0.6745,2026-07-22
CUST100000599,5G Handset Upgrade,0.13,2026-07-03
CUST100011739,5G Handset Upgrade,0.0024,2026-07-03
CUST100077235,Family Plan Upgrade,0.4546,2026-07-08
CUST100026849,Family Plan Upgrade,0.6736,2026-07-13
CUST100017741,5G Handset Upgrade,0.9651,2026-07-02
CUST100071574,Family Plan Upgrade,0.5519,2026-07-16
CUST100071449,Family Plan Upgrade,0.0057,2026-07-09
CUST100071786,Streaming Bundle,0.4892,2026-07-04
CUST100024014,Home Security Add-on,0.4352,2026-07-12
CUST100076042,International Roaming Pack,0.4138,2026-07-11
CUST100058690,Device Insurance,0.6446,2026-07-06
CUST100031260,Family Plan Upgrade,0.4719,2026-07-07
CUST100010124,5G Handset Upgrade,0.3425,2026-07-01
CUST100076311,5G Handset Upgrade,0.8532,2026-07-08
CUST100016120,Device Insurance,0.5485,2026-07-10
CUST100061678,Home Security Add-on,0.121,2026-07-05
CUST100083812,5G Handset Upgrade,0.3809,2026-07-17
CUST100000679,International Roaming Pack,0.5624,2026-07-11
CUST100019117,Device Insurance,0.9546,2026-07-10
CUST100060288,Device Insurance,0.1384,2026-07-02
CUST100072618,International Roaming Pack,0.0874,2026-07-21
CUST100065298,Streaming Bundle,0.6851,2026-07-19
CUST100026914,Streaming Bundle,0.2469,2026-07-17
CUST100087330,Home Security Add-on,0.1045,2026-07-11
CUST100027519,Streaming Bundle,0.695,2026-07-03
CUST100050073,5G Handset Upgrade,0.7627,2026-07-09
CUST100085469,5G Handset Upgrade,0.2378,2026-07-09
CUST100079092,Home Security Add-on,0.6182,2026-07-11
CUST100086316,5G Handset Upgrade,0.1341,2026-07-01
CUST100000741,Device Insurance,0.1026,2026-07-19
CUST100042681,Device Insurance,0.0166,2026-07-18
CUST100073296,Device Insurance,0.9361,2026-07-05
CUST100053072,International Roaming Pack,0.0353,2026-07-10
CUST100082319,International Roaming Pack,0.0161,2026-07-18
CUST100023559,Home Security Add-on,0.7314,2026-07-02
CUST100093458,Streaming Bundle,0.0973,2026-07-23
CUST100071066,Device Insurance,0.4215,2026-07-17
CUST100047295,5G Handset Upgrade,0.7432,2026-07-05
CUST100057462,Device Insurance,0.2376,2026-07-14
CUST100092519,International Roaming Pack,0.5738,2026-07-05
CUST100051355,Device Insurance,0.2937,2026-07-08
CUST100054253,Family Plan Upgrade,0.9338,2026-07-18
CUST100083922,Home Security Add-on,0.0888,2026-07-15
CUST100017824,Home Security Add-on,0.3661,2026-07-19
CUST100087652,Streaming Bundle,0.4806,2026-07-02
CUST100075317,Home Security Add-on,0.6578,2026-07-22
CUST100009999,Home Security Add-on,0.0798,2026-07-03
CUST100066049,Device Insurance,0.0227,2026-07-01
CUST100049446,Family Plan Upgrade,0.4956,2026-07-11
CUST100018234,5G Handset Upgrade,0.5868,2026-07-11
CUST100051540,Device Insurance,0.8532,2026-07-16
CUST100061320,Family Plan Upgrade,0.0854,2026-07-12
CUST100044890,Streaming Bundle,0.0819,2026-07-16
CUST100080097,Home Security Add-on,0.0443,2026-07-18
CUST100095749,Device Insurance,0.3434,2026-07-06
CUST100075029,Home Security Add-on,0.3808,2026-07-17
CUST100055659,Home Security Add-on,0.1596,2026-07-07
CUST100046712,International Roaming Pack,0.4016,2026-07-19
CUST100004804,Family Plan Upgrade,0.3261,2026-07-16
CUST100021866,Home Security Add-on,0.7451,2026-07-15
CUST100053561,5G Handset Upgrade,0.475,2026-07-15
CUST100001749,Home Security Add-on,0.8914,2026-07-19
CUST100083597,Device Insurance,0.8738,2026-07-13
CUST100059393,Streaming Bundle,0.0624,2026-07-09
CUST100056320,5G Handset Upgrade,0.437,2026-07-07
CUST100077008,5G Handset Upgrade,0.0928,2026-07-06
CUST100060227,Streaming Bundle,0.8813,2026-07-14
CUST100094090,Device Insurance,0.1741,2026-07-15
CUST100086770,Family Plan Upgrade,0.6359,2026-07-20
CUST100017033,International Roaming Pack,0.098,2026-07-20
CUST100040272,International Roaming Pack,0.7415,2026-07-11
CUST100036878,Streaming Bundle,0.0108,2026-07-15
CUST100091829,Streaming Bundle,0.7725,2026-07-13
CUST100014615,Streaming Bundle,0.7084,2026-07-09
CUST100000963,Device Insurance,0.5196,2026-07-21
CUST100038353,Streaming Bundle,0.2087,2026-07-19
CUST100030874,Home Security Add-on,0.5619,2026-07-15
CUST100030061,Device Insurance,0.7997,2026-07-14
CUST100088194,International Roaming Pack,0.4698,2026-07-17
CUST100081392,Device Insurance,0.5575,2026-07-06
CUST100025591,Family Plan Upgrade,0.3393,2026-07-02
CUST100015857,Family Plan Upgrade,0.3614,2026-07-01
CUST100049566,Home Security Add-on,0.0062,2026-07-04
CUST100022543,5G Handset Upgrade,0.4062,2026-07-21
CUST100040152,Device Insurance,0.9515,2026-07-10
CUST100016433,Family Plan Upgrade,0.1915,2026-07-17
CUST100072184,Device Insurance,0.8611,2026-07-02
CUST100087387,Device Insurance,0.911,2026-07-13
CUST100001742,Streaming Bundle,0.1207,2026-07-18
CUST100076888,Family Plan Upgrade,0.4517,2026-07-13
CUST100080248,Family Plan Upgrade,0.5876,2026-07-04
CUST100040554,Family Plan Upgrade,0.1957,2026-07-17
CUST100091219,Streaming Bundle,0.3315,2026-07-04
CUST100013646,Device Insurance,0.7258,2026-07-11
CUST100070311,Family Plan Upgrade,0.7294,2026-07-06
CUST100008243,Family Plan Upgrade,0.3319,2026-07-21
CUST100048329,Device Insurance,0.1844,2026-07-17
CUST100002560,Home Security Add-on,0.3464,2026-07-10
CUST100014795,Streaming Bundle,0.4745,2026-07-13
CUST100082621,International Roaming Pack,0.0194,2026-07-05
CUST100065162,5G Handset Upgrade,0.878,2026-07-06
CUST100039046,5G Handset Upgrade,0.9408,2026-07-17
CUST100035005,Device Insurance,0.491,2026-07-20
CUST100051313,Home Security Add-on,0.7112,2026-07-17
CUST100028696,Family Plan Upgrade,0.7351,2026-07-13
CUST100071419,Device Insurance,0.0211,2026-07-19
CUST100038952,Family Plan Upgrade,0.785,2026-07-19
CUST100053568,Family Plan Upgrade,0.4239,2026-07-03
CUST100086740,5G Handset Upgrade,0.1173,2026-07-09
CUST100066298,International Roaming Pack,0.2735,2026-07-22
CUST100007101,International Roaming Pack,0.594,2026-07-14
CUST100022151,Home Security Add-on,0.2105,2026-07-01
CUST100077771,Streaming Bundle,0.1989,2026-07-12
CUST100083821,Family Plan Upgrade,0.6341,2026-07-12
CUST100036949,International Roaming Pack,0.1405,2026-07-19
CUST100031769,Family Plan Upgrade,0.1626,2026-07-09
CUST100053489,Home Security Add-on,0.4073,2026-07-13
CUST100000292,Streaming Bundle,0.4182,2026-07-09
CUST100016812,Home Security Add-on,0.102,2026-07-15
CUST100023970,5G Handset Upgrade,0.0133,2026-07-19
CUST100025783,5G Handset Upgrade,0.2506,2026-07-16
CUST100045070,5G Handset Upgrade,0.5651,2026-07-09
CUST100039555,International Roaming Pack,0.4396,2026-07-16
CUST100024333,Streaming Bundle,0.1962,2026-07-01
CUST100056668,International Roaming Pack,0.7057,2026-07-15
CUST100033567,International Roaming Pack,0.2392,2026-07-14
CUST100085061,Home Security Add-on,0.3667,2026-07-19
CUST100027593,Device Insurance,0.7583,2026-07-03
CUST100064068,Home Security Add-on,0.981,2026-07-13
CUST100022064,Family Plan Upgrade,0.9302,2026-07-08
CUST100037457,Family Plan Upgrade,0.4508,2026-07-18
CUST100087896,Streaming Bundle,0.13,2026-07-22
CUST100089384,International Roaming Pack,0.2815,2026-07-14
CUST100096296,International Roaming Pack,0.831,2026-07-07
CUST100019848,Streaming Bundle,0.9319,2026-07-06
CUST100015338,Home Security Add-on,0.5125,2026-07-21
CUST100022566,Streaming Bundle,0.865,2026-07-17
CUST100095170,International Roaming Pack,0.333,2026-07-23
CUST100047091,Streaming Bundle,0.096,2026-07-16
CUST100059555,Home Security Add-on,0.5654,2026-07-13
CUST100030571,Streaming Bundle,0.2212,2026-07-18
CUST100036836,Device Insurance,0.3216,2026-07-11
CUST100000871,Home Security Add-on,0.2849,2026-07-07
CUST100079346,5G Handset Upgrade,0.6243,2026-07-23
CUST100058841,Streaming Bundle,0.8991,2026-07-20
CUST100073068,Family Plan Upgrade,0.1007,2026-07-21
CUST100029048,International Roaming Pack,0.0497,2026-07-05
CUST100023360,Family Plan Upgrade,0.2068,2026-07-16
CUST100031039,Device Insurance,0.8217,2026-07-05
CUST100047947,5G Handset Upgrade,0.1113,2026-07-22
CUST100004176,Device Insurance,0.0157,2026-07-01
CUST100012166,International Roaming Pack,0.7042,2026-07-21
CUST100069009,International Roaming Pack,0.8721,2026-07-06
CUST100017120,Device Insurance,0.8989,2026-07-07
CUST100029699,Device Insurance,0.2662,2026-07-01
CUST100076642,International Roaming Pack,0.6568,2026-07-08
CUST100074417,Streaming Bundle,0.4938,2026-07-20
CUST100016187,5G Handset Upgrade,0.8899,2026-07-03
CUST100009909,International Roaming Pack,0.3161,2026-07-06
CUST100035196,Home Security Add-on,0.6058,2026-07-08
CUST100098176,Device Insurance,0.4733,2026-07-13
CUST100073477,Home Security Add-on,0.5003,2026-07-12
CUST100020610,5G Handset Upgrade,0.109,2026-07-18
CUST100042790,International Roaming Pack,0.8315,2026-07-05
CUST100046963,5G Handset Upgrade,0.5757,2026-07-14
CUST100087429,International Roaming Pack,0.7509,2026-07-04
CUST100055668,Streaming Bundle,0.953,2026-07-12
CUST100092221,Family Plan Upgrade,0.1515,2026-07-14
CUST100064877,International Roaming Pack,0.6098,2026-07-12
CUST100003976,5G Handset Upgrade,0.776,2026-07-22
CUST100011098,Family Plan Upgrade,0.38,2026-07-13
CUST100057636,Streaming Bundle,0.6827,2026-07-18
CUST100051440,Streaming Bundle,0.3819,2026-07-21
CUST100072273,Family Plan Upgrade,0.3282,2026-07-03
CUST100024729,5G Handset Upgrade,0.6807,2026-07-07
CUST100067202,Family Plan Upgrade,0.3459,2026-07-03
CUST100045859,Streaming Bundle,0.7957,2026-07-23
CUST100032050,Streaming Bundle,0.2726,2026-07-17
CUST100061994,Streaming Bundle,0.9572,2026-07-06
CUST100025198,Home Security Add-on,0.1246,2026-07-07
CUST100066844,Home Security Add-on,0.3469,2026-07-03
CUST100081721,5G Handset Upgrade,0.9991,2026-07-20
CUST100020618,Family Plan Upgrade,0.1792,2026-07-09
CUST100085250,Family Plan Upgrade,0.6462,2026-07-03
CUST100041330,Streaming Bundle,0.4829,2026-07-23
CUST100068691,Home Security Add-on,0.1211,2026-07-14
CUST100000971,Family Plan Upgrade,0.8424,2026-07-01
CUST100030480,International Roaming Pack,0.4732,2026-07-20
CUST100018073,Home Security Add-on,0.686,2026-07-16
CUST100045180,5G Handset Upgrade,0.0221,2026-07-22
CUST100016070,Family Plan Upgrade,0.9982,2026-07-18
CUST100060070,5G Handset Upgrade,0.3944,2026-07-19
CUST100088760,International Roaming Pack,0.5348,2026-07-08
CUST100094545,5G Handset Upgrade,0.4055,2026-07-19
CUST100029552,Streaming Bundle,0.627,2026-07-18
CUST100051981,5G Handset Upgrade,0.8578,2026-07-17
CUST100078678,Streaming Bundle,0.5566,2026-07-09
CUST100004250,Streaming Bundle,0.312,2026-07-09
CUST100010720,Family Plan Upgrade,0.2717,2026-07-23
CUST100056667,Home Security Add-on,0.6861,2026-07-14
CUST100034063,5G Handset Upgrade,0.7169,2026-07-23
CUST100067265,Family Plan Upgrade,0.9417,2026-07-16
CUST100066122,Device Insurance,0.5688,2026-07-12
CUST100042809,Home Security Add-on,0.8096,2026-07-06
CUST100083226,Device Insurance,0.454,2026-07-10
CUST100037520,International Roaming Pack,0.7657,2026-07-08
CUST100023228,Home Security Add-on,0.5789,2026-07-01
CUST100065652,Home Security Add-on,0.6079,2026-07-17
CUST100068898,International Roaming Pack,0.331,2026-07-01
CUST100000544,Home Security Add-on,0.5584,2026-07-21
CUST100066178,Streaming Bundle,0.5307,2026-07-05
CUST100050326,Streaming Bundle,0.088,2026-07-09
CUST100022458,Home Security Add-on,0.6484,2026-07-16
CUST100069428,Home Security Add-on,0.6657,2026-07-18
CUST100087466,5G Handset Upgrade,0.4303,2026-07-11
CUST100050058,Device Insurance,0.0622,2026-07-21
CUST100092012,5G Handset Upgrade,0.6237,2026-07-08
CUST100064636,International Roaming Pack,0.5723,2026-07-04
CUST100077270,Home Security Add-on,0.6682,2026-07-23
CUST100099900,Family Plan Upgrade,0.0411,2026-07-08
CUST100060078,Device Insurance,0.9133,2026-07-12
CUST100057591,Streaming Bundle,0.2317,2026-07-05
CUST100007926,Home Security Add-on,0.4539,2026-07-07
CUST100041009,Device Insurance,0.7293,2026-07-02
CUST100000655,5G Handset Upgrade,0.9121,2026-07-11
CUST100004544,Streaming Bundle,0.4176,2026-07-08
CUST100001246,Home Security Add-on,0.185,2026-07-02
CUST100070744,International Roaming Pack,0.871,2026-07-12
CUST100031134,5G Handset Upgrade,0.7293,2026-07-04
CUST100066573,International Roaming Pack,0.9203,2026-07-12
CUST100027937,International Roaming Pack,0.7177,2026-07-10
CUST100044622,Home Security Add-on,0.4488,2026-07-22
CUST100016028,Device Insurance,0.1934,2026-07-19
CUST100039174,International Roaming Pack,0.0423,2026-07-13
CUST100000309,International Roaming Pack,0.5914,2026-07-23
CUST100081065,Home Security Add-on,0.0583,2026-07-14
CUST100073546,Family Plan Upgrade,0.7067,2026-07-21
CUST100048801,Family Plan Upgrade,0.3616,2026-07-11
CUST100033381,Device Insurance,0.8025,2026-07-17
CUST100038001,Home Security Add-on,0.1028,2026-07-22
CUST100052076,International Roaming Pack,0.2893,2026-07-16
CUST100047263,5G Handset Upgrade,0.7944,2026-07-09
CUST100027261,Device Insurance,0.1747,2026-07-13
CUST100085090,International Roaming Pack,0.8543,2026-07-17
CUST100078119,Streaming Bundle,0.531,2026-07-05
CUST100099532,Home Security Add-on,0.1996,2026-07-05
CUST100007311,Family Plan Upgrade,0.1622,2026-07-23
CUST100066030,Home Security Add-on,0.123,2026-07-13
CUST100008392,Device Insurance,0.3192,2026-07-11
CUST100051471,Streaming Bundle,0.8815,2026-07-12
CUST100026298,Streaming Bundle,0.6723,2026-07-18
CUST100049114,Streaming Bundle,0.7765,2026-07-04
CUST100003183,5G Handset Upgrade,0.9764,2026-07-09
CUST100044623,5G Handset Upgrade,0.2508,2026-07-23
CUST100037392,Streaming Bundle,0.874,2026-07-09
CUST100028443,Streaming Bundle,0.9792,2026-07-08
CUST100025454,Device Insurance,0.5172,2026-07-09
CUST100052750,Streaming Bundle,0.0269,2026-07-12
CUST100094829,Device Insurance,0.7442,2026-07-12
CUST100008395,Family Plan Upgrade,0.0402,2026-07-11
CUST100068793,Streaming Bundle,0.5688,2026-07-07
CUST100090735,5G Handset Upgrade,0.0037,2026-07-17
CUST100086411,Home Security Add-on,0.3333,2026-07-22
CUST100071567,Streaming Bundle,0.6809,2026-07-17
CUST100039322,International Roaming Pack,0.7407,2026-07-20
CUST100050503,Device Insurance,0.6162,2026-07-01
CUST100010222,Streaming Bundle,0.9397,2026-07-18
CUST100030876,Family Plan Upgrade,0.289,2026-07-01
CUST100061467,Family Plan Upgrade,0.3019,2026-07-18
CUST100019531,Streaming Bundle,0.4883,2026-07-14
CUST100010593,International Roaming Pack,0.537,2026-07-06
CUST100078478,Family Plan Upgrade,0.4071,2026-07-03
CUST100048691,Home Security Add-on,0.6865,2026-07-20
CUST100073458,5G Handset Upgrade,0.096,2026-07-08
CUST100058217,Family Plan Upgrade,0.9973,2026-07-17
CUST100094157,Home Security Add-on,0.6332,2026-07-17
CUST100053395,5G Handset Upgrade,0.5792,2026-07-02
CUST100020289,Home Security Add-on,0.2754,2026-07-08
CUST100092850,5G Handset Upgrade,0.927,2026-07-02
CUST100035461,Streaming Bundle,0.458,2026-07-14
CUST100014500,Device Insurance,0.8112,2026-07-17
CUST100059992,International Roaming Pack,0.7832,2026-07-05
CUST100023764,Streaming Bundle,0.4991,2026-07-03
CUST100085569,Streaming Bundle,0.4879,2026-07-04
CUST100002547,Family Plan Upgrade,0.0139,2026-07-07
CUST100000952,Streaming Bundle,0.96,2026-07-08
CUST100001944,Family Plan Upgrade,0.7318,2026-07-13
CUST100000721,Home Security Add-on,0.8346,2026-07-13
CUST100086186,Home Security Add-on,0.413,2026-07-23
CUST100089632,Family Plan Upgrade,0.1957,2026-07-03
CUST100024077,5G Handset Upgrade,0.6011,2026-07-12
CUST100054569,Device Insurance,0.336,2026-07-22
CUST100083374,5G Handset Upgrade,0.0764,2026-07-07
CUST100096436,Streaming Bundle,0.6454,2026-07-18
CUST100041199,Streaming Bundle,0.6931,2026-07-22
CUST100017656,Device Insurance,0.5744,2026-07-21
CUST100060577,5G Handset Upgrade,0.2128,2026-07-22
CUST100020566,Family Plan Upgrade,0.9898,2026-07-10
CUST100072326,International Roaming Pack,0.6204,2026-07-20
CUST100032905,Streaming Bundle,0.8326,2026-07-14
CUST100035081,Home Security Add-on,0.7371,2026-07-04
CUST100063318,5G Handset Upgrade,0.2996,2026-07-18
CUST100084688,Device Insurance,0.0366,2026-07-02
CUST100082358,Home Security Add-on,0.0665,2026-07-08
CUST100057386,Streaming Bundle,0.3711,2026-07-16
CUST100017557,Family Plan Upgrade,0.87,2026-07-08
CUST100089320,Family Plan Upgrade,0.4888,2026-07-07
CUST100065116,Device Insurance,0.4799,2026-07-19
CUST100019818,Device Insurance,0.5393,2026-07-06
CUST100081367,Device Insurance,0.2199,2026-07-05
CUST100056434,Home Security Add-on,0.6384,2026-07-19
CUST100051674,Home Security Add-on,0.6997,2026-07-11
CUST100002192,Family Plan Upgrade,0.3318,2026-07-06
CUST100070853,International Roaming Pack,0.1079,2026-07-17
CUST100062094,Device Insurance,0.2853,2026-07-10
CUST100045823,Streaming Bundle,0.7088,2026-07-12
CUST100033268,International Roaming Pack,0.4372,2026-07-09
CUST100095880,International Roaming Pack,0.8389,2026-07-06
CUST100069690,5G Handset Upgrade,0.0607,2026-07-14
CUST100027504,Family Plan Upgrade,0.3834,2026-07-14
CUST100014114,International Roaming Pack,0.4629,2026-07-16
CUST100015635,Streaming Bundle,0.4972,2026-07-10
CUST100045766,International Roaming Pack,0.0707,2026-07-23
CUST100081050,Device Insurance,0.6263,2026-07-14
CUST100033696,Family Plan Upgrade,0.9472,2026-07-12
CUST100063832,Home Security Add-on,0.9089,2026-07-02
CUST100043155,Device Insurance,0.2571,2026-07-09
CUST100056314,Streaming Bundle,0.0271,2026-07-11
CUST100088533,Home Security Add-on,0.926,2026-07-21
CUST100005919,5G Handset Upgrade,0.9073,2026-07-09
CUST100045472,5G Handset Upgrade,0.053,2026-07-09
CUST100035709,Home Security Add-on,0.5031,2026-07-04
CUST100025495,Home Security Add-on,0.2548,2026-07-06
CUST100027464,Home Security Add-on,0.79,2026-07-08
CUST100047528,Streaming Bundle,0.6339,2026-07-07
CUST100045050,Device Insurance,0.0205,2026-07-18
CUST100098697,Streaming Bundle,0.1048,2026-07-10
CUST100083197,Home Security Add-on,0.7098,2026-07-08
CUST100030097,Streaming Bundle,0.5956,2026-07-18
CUST100069153,Device Insurance,0.9622,2026-07-05
CUST100073435,Streaming Bundle,0.5179,2026-07-10
CUST100076398,Streaming Bundle,0.4367,2026-07-02
CUST100089741,Device Insurance,0.427,2026-07-09
CUST100072822,International Roaming Pack,0.1283,2026-07-08
CUST100028445,Family Plan Upgrade,0.0539,2026-07-21
CUST100026971,5G Handset Upgrade,0.5184,2026-07-22
CUST100099972,5G Handset Upgrade,0.5782,2026-07-18
CUST100062583,Home Security Add-on,0.2505,2026-07-17
CUST100047902,International Roaming Pack,0.9045,2026-07-15
CUST100011435,Streaming Bundle,0.6135,2026-07-08
CUST100004673,Device Insurance,0.3639,2026-07-02
CUST100006644,Streaming Bundle,0.7264,2026-07-06
CUST100098172,5G Handset Upgrade,0.6481,2026-07-07
CUST100017287,Family Plan Upgrade,0.3557,2026-07-03
CUST100070353,Home Security Add-on,0.0916,2026-07-13
CUST100042051,Device Insurance,0.6403,2026-07-04
CUST100057853,Streaming Bundle,0.0465,2026-07-04
CUST100096148,International Roaming Pack,0.979,2026-07-14
CUST100095668,Home Security Add-on,0.1178,2026-07-21
CUST100012830,5G Handset Upgrade,0.7746,2026-07-07
CUST100059793,Streaming Bundle,0.6284,2026-07-02
CUST100025332,Streaming Bundle,0.8049,2026-07-12
CUST100073245,Device Insurance,0.8567,2026-07-18
CUST100013045,Family Plan Upgrade,0.225,2026-07-02
CUST100005832,Family Plan Upgrade,0.3452,2026-07-23
CUST100005509,5G Handset Upgrade,0.7105,2026-07-03
CUST100051752,International Roaming Pack,0.9532,2026-07-01
CUST100038089,International Roaming Pack,0.1029,2026-07-10
CUST100048656,Home Security Add-on,0.0672,2026-07-21
CUST100001062,Home Security Add-on,0.5249,2026-07-23
CUST100029092,Home Security Add-on,0.235,2026-07-06
CUST100053782,5G Handset Upgrade,0.667,2026-07-02
CUST100047653,Streaming Bundle,0.7311,2026-07-05
CUST100050314,Device Insurance,0.3379,2026-07-22
CUST100046546,International Roaming Pack,0.9545,2026-07-08
CUST100078437,Family Plan Upgrade,0.8349,2026-07-22
CUST100095350,Home Security Add-on,0.8008,2026-07-11
CUST100078403,5G Handset Upgrade,0.3178,2026-07-21
CUST100084878,Home Security Add-on,0.2077,2026-07-04
CUST100075628,5G Handset Upgrade,0.8487,2026-07-10
CUST100007666,International Roaming Pack,0.0528,2026-07-02
CUST100038342,5G Handset Upgrade,0.7605,2026-07-14
CUST100024725,Device Insurance,0.1992,2026-07-13
CUST100070109,International Roaming Pack,0.7839,2026-07-04
CUST100089959,Device Insurance,0.6496,2026-07-23
CUST100046470,Home Security Add-on,0.1015,2026-07-14
CUST100056971,5G Handset Upgrade,0.7549,2026-07-23
CUST100087552,Device Insurance,0.0667,2026-07-09
CUST100049447,Home Security Add-on,0.9896,2026-07-09
CUST100030385,Device Insurance,0.0495,2026-07-04
CUST100068761,Streaming Bundle,0.5901,2026-07-01
CUST100071743,5G Handset Upgrade,0.3662,2026-07-12
CUST100013591,Streaming Bundle,0.9553,2026-07-10
CUST100077298,International Roaming Pack,0.4072,2026-07-01
CUST100075190,International Roaming Pack,0.1467,2026-07-13
CUST100066007,Streaming Bundle,0.9278,2026-07-19
CUST100093576,Home Security Add-on,0.074,2026-07-05
CUST100022705,Family Plan Upgrade,0.2786,2026-07-13
CUST100033538,International Roaming Pack,0.2872,2026-07-07
CUST100030497,Home Security Add-on,0.77,2026-07-08
CUST100022150,Streaming Bundle,0.7188,2026-07-02
CUST100048900,Family Plan Upgrade,0.3173,2026-07-11
CUST100092514,5G Handset Upgrade,0.5315,2026-07-13
CUST100062797,5G Handset Upgrade,0.8656,2026-07-10
CUST100093091,Streaming Bundle,0.4143,2026-07-09
CUST100026390,5G Handset Upgrade,0.2253,2026-07-15
CUST100097916,Home Security Add-on,0.8589,2026-07-09
CUST100099765,Streaming Bundle,0.3743,2026-07-03
CUST100027566,Streaming Bundle,0.2678,2026-07-06
CUST100035875,Streaming Bundle,0.023,2026-07-05
CUST100085199,Device Insurance,0.6488,2026-07-13
CUST100016689,Device Insurance,0.8555,2026-07-03
CUST100015998,Streaming Bundle,0.1444,2026-07-19
CUST100096427,Home Security Add-on,0.9731,2026-07-10
CUST100022185,5G Handset Upgrade,0.3823,2026-07-05
CUST100099818,Family Plan Upgrade,0.2766,2026-07-20
CUST100066532,Family Plan Upgrade,0.7073,2026-07-22
CUST100048310,Device Insurance,0.6609,2026-07-01
CUST100032507,Home Security Add-on,0.6128,2026-07-03
CUST100041628,Device Insurance,0.8915,2026-07-23
CUST100084265,5G Handset Upgrade,0.6839,2026-07-08
CUST100057434,International Roaming Pack,0.5357,2026-07-10
CUST100044937,5G Handset Upgrade,0.9895,2026-07-01
CUST100064937,International Roaming Pack,0.3743,2026-07-20
CUST100039020,Home Security Add-on,0.3465,2026-07-14
CUST100022804,5G Handset Upgrade,0.6976,2026-07-02
CUST100081325,Device Insurance,0.9325,2026-07-19
CUST100002216,5G Handset Upgrade,0.9317,2026-07-23
CUST100045955,International Roaming Pack,0.6758,2026-07-04
CUST100050587,Device Insurance,0.3137,2026-07-04
CUST100035502,5G Handset Upgrade,0.2322,2026-07-22
CUST100024053,Device Insurance,0.095,2026-07-12
CUST100082858,Family Plan Upgrade,0.7519,2026-07-23
CUST100094177,5G Handset Upgrade,0.8107,2026-07-20
CUST100018795,Streaming Bundle,0.3678,2026-07-12
CUST100081251,Streaming Bundle,0.7392,2026-07-11
CUST100032215,International Roaming Pack,0.2162,2026-07-07
CUST100064012,5G Handset Upgrade,0.5179,2026-07-20
CUST100005361,5G Handset Upgrade,0.2,2026-07-18
CUST100030954,5G Handset Upgrade,0.6714,2026-07-22
CUST100079959,5G Handset Upgrade,0.8371,2026-07-20
CUST100063084,Home Security Add-on,0.2918,2026-07-02
CUST100008572,International Roaming Pack,0.725,2026-07-23
CUST100080177,Streaming Bundle,0.8425,2026-07-13
CUST100009103,Home Security Add-on,0.3585,2026-07-08
CUST100047855,5G Handset Upgrade,0.0564,2026-07-07
CUST100074221,International Roaming Pack,0.8349,2026-07-11
CUST100048768,Home Security Add-on,0.5645,2026-07-23
CUST100074293,Device Insurance,0.6742,2026-07-02
CUST100093205,5G Handset Upgrade,0.0004,2026-07-19
CUST100099523,Streaming Bundle,0.9968,2026-07-02
CUST100081426,Family Plan Upgrade,0.8678,2026-07-17
CUST100086061,Home Security Add-on,0.4584,2026-07-04
CUST100098821,International Roaming Pack,0.9929,2026-07-11
CUST100019456,Family Plan Upgrade,0.3956,2026-07-14
CUST100007329,Family Plan Upgrade,0.5753,2026-07-20
CUST100031295,5G Handset Upgrade,0.4549,2026-07-12
CUST100035297,International Roaming Pack,0.9907,2026-07-16
CUST100041296,5G Handset Upgrade,0.838,2026-07-20
CUST100027097,5G Handset Upgrade,0.7626,2026-07-09
CUST100055751,Home Security Add-on,0.0495,2026-07-04
CUST100008182,Home Security Add-on,0.2114,2026-07-07
CUST100057672,Streaming Bundle,0.6344,2026-07-05
CUST100068564,5G Handset Upgrade,0.4887,2026-07-21
CUST100034383,Family Plan Upgrade,0.5808,2026-07-21
CUST100005053,Home Security Add-on,0.4149,2026-07-01
CUST100062920,Streaming Bundle,0.2924,2026-07-05
CUST100099576,Device Insurance,0.5181,2026-07-06
CUST100054746,Family Plan Upgrade,0.7547,2026-07-01
CUST100073813,International Roaming Pack,0.1171,2026-07-02
CUST100061435,International Roaming Pack,0.5269,2026-07-21
CUST100007313,Streaming Bundle,0.4223,2026-07-10
CUST100072242,International Roaming Pack,0.6464,2026-07-12
CUST100030173,Device Insurance,0.6537,2026-07-19
CUST100082120,Streaming Bundle,0.4241,2026-07-06
CUST100002383,Family Plan Upgrade,0.7647,2026-07-23
CUST100033061,International Roaming Pack,0.1721,2026-07-11
CUST100037622,5G Handset Upgrade,0.2426,2026-07-21
CUST100096069,Device Insurance,0.1546,2026-07-13
CUST100026673,5G Handset Upgrade,0.4209,2026-07-02
CUST100013294,5G Handset Upgrade,0.4917,2026-07-22
CUST100034615,Home Security Add-on,0.1872,2026-07-07
CUST100007203,International Roaming Pack,0.9225,2026-07-19
CUST100059963,Device Insurance,0.2011,2026-07-20
CUST100016521,Device Insurance,0.1503,2026-07-23
CUST100028133,5G Handset Upgrade,0.3557,2026-07-10
CUST100029039,International Roaming Pack,0.3619,2026-07-18
CUST100008863,Device Insurance,0.9027,2026-07-22
CUST100044236,Family Plan Upgrade,0.047,2026-07-18
CUST100074238,International Roaming Pack,0.847,2026-07-03
CUST100004702,Device Insurance,0.1332,2026-07-16
CUST100001506,Device Insurance,0.0791,2026-07-06
CUST100048700,Family Plan Upgrade,0.1251,2026-07-12
CUST100040094,International Roaming Pack,0.2723,2026-07-13
CUST100072174,Streaming Bundle,0.53,2026-07-05
CUST100080753,International Roaming Pack,0.3165,2026-07-03
CUST100035049,International Roaming Pack,0.7657,2026-07-12
CUST100090036,International Roaming Pack,0.9859,2026-07-22
CUST100073480,International Roaming Pack,0.072,2026-07-19
CUST100078939,Device Insurance,0.5287,2026-07-03
CUST100065696,5G Handset Upgrade,0.0899,2026-07-03
CUST100004101,5G Handset Upgrade,0.7657,2026-07-17
CUST100080032,Device Insurance,0.3943,2026-07-22
CUST100009505,5G Handset Upgrade,0.8009,2026-07-02
CUST100089339,Home Security Add-on,0.3773,2026-07-06
CUST100046676,5G Handset Upgrade,0.9588,2026-07-02
CUST100007840,International Roaming Pack,0.1513,2026-07-02
CUST100078920,International Roaming Pack,0.5183,2026-07-19
CUST100043777,International Roaming Pack,0.1094,2026-07-17
CUST100025389,Home Security Add-on,0.7586,2026-07-20
CUST100055720,Device Insurance,0.5885,2026-07-18
CUST100092081,Streaming Bundle,0.9281,2026-07-13
CUST100063202,5G Handset Upgrade,0.4544,2026-07-01
CUST100088176,International Roaming Pack,0.3777,2026-07-06
CUST100086537,Family Plan Upgrade,0.9438,2026-07-22
CUST100079933,Home Security Add-on,0.0287,2026-07-13
CUST100022408,Home Security Add-on,0.42,2026-07-20
CUST100092970,Family Plan Upgrade,0.3747,2026-07-15
CUST100047254,Device Insurance,0.112,2026-07-18
CUST100091917,5G Handset Upgrade,0.1882,2026-07-14
CUST100070225,Device Insurance,0.9738,2026-07-23
CUST100066464,Streaming Bundle,0.3975,2026-07-14
CUST100079782,5G Handset Upgrade,0.7981,2026-07-13
CUST100025840,Streaming Bundle,0.6569,2026-07-16
CUST100026385,Streaming Bundle,0.2367,2026-07-19
CUST100064488,Streaming Bundle,0.0799,2026-07-19
CUST100061563,Home Security Add-on,0.0737,2026-07-04
CUST100008593,Device Insurance,0.9198,2026-07-19
CUST100053018,Family Plan Upgrade,0.8129,2026-07-16
CUST100030726,5G Handset Upgrade,0.7449,2026-07-23
CUST100068412,5G Handset Upgrade,0.8991,2026-07-01
CUST100016782,Home Security Add-on,0.6713,2026-07-21
CUST100036993,Device Insurance,0.9682,2026-07-08
CUST100097480,Streaming Bundle,0.6188,2026-07-12
CUST100062946,Streaming Bundle,0.6186,2026-07-08
CUST100064245,Streaming Bundle,0.2058,2026-07-09
CUST100074285,5G Handset Upgrade,0.4058,2026-07-08
CUST100021528,Device Insurance,0.658,2026-07-08
CUST100024016,Home Security Add-on,0.4654,2026-07-01
CUST100026830,International Roaming Pack,0.2609,2026-07-11
CUST100093337,Device Insurance,0.6598,2026-07-06
CUST100054639,Device Insurance,0.6211,2026-07-06
CUST100093995,Streaming Bundle,0.2015,2026-07-09
CUST100045715,5G Handset Upgrade,0.5238,2026-07-09
CUST100002255,5G Handset Upgrade,0.3427,2026-07-14
CUST100019466,Home Security Add-on,0.2753,2026-07-23
CUST100042482,Device Insurance,0.7014,2026-07-09
CUST100047764,Family Plan Upgrade,0.9265,2026-07-16
CUST100038396,Streaming Bundle,0.4486,2026-07-22
CUST100075069,Streaming Bundle,0.0575,2026-07-10
CUST100072263,Family Plan Upgrade,0.0272,2026-07-01
CUST100037209,Device Insurance,0.395,2026-07-19
CUST100040706,Family Plan Upgrade,0.9043,2026-07-09
CUST100074106,Device Insurance,0.7278,2026-07-08
CUST100094770,Streaming Bundle,0.6111,2026-07-08
CUST100018273,5G Handset Upgrade,0.9922,2026-07-17
CUST100083563,International Roaming Pack,0.5807,2026-07-09
CUST100008830,Streaming Bundle,0.6447,2026-07-17
CUST100016969,Device Insurance,0.6431,2026-07-16
CUST100090254,5G Handset Upgrade,0.937,2026-07-15
CUST100040757,Home Security Add-on,0.0886,2026-07-10
CUST100066808,International Roaming Pack,0.7691,2026-07-13
CUST100045312,International Roaming Pack,0.1562,2026-07-21
CUST100094838,5G Handset Upgrade,0.8998,2026-07-13
CUST100027858,Family Plan Upgrade,0.7821,2026-07-18
CUST100047941,Streaming Bundle,0.0482,2026-07-07
CUST100083591,Family Plan Upgrade,0.6957,2026-07-08
CUST100062637,Streaming Bundle,0.8557,2026-07-04
CUST100065599,Home Security Add-on,0.1008,2026-07-18
CUST100061880,Streaming Bundle,0.9764,2026-07-06
CUST100048678,Family Plan Upgrade,0.5827,2026-07-04
CUST100008559,Home Security Add-on,0.8392,2026-07-14
CUST100016466,5G Handset Upgrade,0.981,2026-07-22
CUST100014948,International Roaming Pack,0.2219,2026-07-21
CUST100018510,Home Security Add-on,0.2082,2026-07-02
CUST100076582,Family Plan Upgrade,0.399,2026-07-21
CUST100043632,Streaming Bundle,0.343,2026-07-08
CUST100090445,International Roaming Pack,0.9774,2026-07-19
CUST100039569,Family Plan Upgrade,0.3301,2026-07-19
CUST100072058,Family Plan Upgrade,0.3291,2026-07-13
CUST100082700,5G Handset Upgrade,0.6438,2026-07-22
CUST100064206,International Roaming Pack,0.3523,2026-07-06
CUST100071707,5G Handset Upgrade,0.5664,2026-07-17
CUST100013475,Home Security Add-on,0.3804,2026-07-20
CUST100087057,Family Plan Upgrade,0.0383,2026-07-04
CUST100044201,5G Handset Upgrade,0.378,2026-07-16
CUST100011438,Family Plan Upgrade,0.7282,2026-07-19
CUST100083676,5G Handset Upgrade,0.1935,2026-07-01
CUST100059208,Device Insurance,0.3913,2026-07-15
CUST100043294,5G Handset Upgrade,0.811,2026-07-16
CUST100060699,5G Handset Upgrade,0.5391,2026-07-19
CUST100027642,Streaming Bundle,0.3509,2026-07-17
CUST100039262,5G Handset Upgrade,0.8058,2026-07-09
CUST100028490,5G Handset Upgrade,0.0967,2026-07-18
CUST100075864,Device Insurance,0.5686,2026-07-02
CUST100093129,5G Handset Upgrade,0.1671,2026-07-12
CUST100029758,Family Plan Upgrade,0.5231,2026-07-10
CUST100050757,Streaming Bundle,0.8907,2026-07-10
CUST100008478,Home Security Add-on,0.3944,2026-07-14
CUST100056861,International Roaming Pack,0.0605,2026-07-08
CUST100079952,Family Plan Upgrade,0.2807,2026-07-22
CUST100028222,Device Insurance,0.8563,2026-07-03
CUST100047349,Family Plan Upgrade,0.5539,2026-07-08
CUST100060572,Device Insurance,0.7375,2026-07-21
CUST100062429,Device Insurance,0.4281,2026-07-17
CUST100033887,Device Insurance,0.334,2026-07-18
CUST100086030,Device Insurance,0.4523,2026-07-17
CUST100058615,5G Handset Upgrade,0.8532,2026-07-10
CUST100044027,5G Handset Upgrade,0.6844,2026-07-19
CUST100081335,5G Handset Upgrade,0.5858,2026-07-22
CUST100057499,Device Insurance,0.6966,2026-07-06
CUST100009171,Device Insurance,0.4021,2026-07-03
CUST100016626,International Roaming Pack,0.9627,2026-07-14
CUST100099490,Home Security Add-on,0.1571,2026-07-08
CUST100071410,Home Security Add-on,0.211,2026-07-18
CUST100065038,Family Plan Upgrade,0.5392,2026-07-19
CUST100061412,5G Handset Upgrade,0.9134,2026-07-06
CUST100097631,International Roaming Pack,0.8275,2026-07-19
CUST100093763,5G Handset Upgrade,0.9884,2026-07-13
CUST100059678,Streaming Bundle,0.8197,2026-07-22
CUST100003525,Device Insurance,0.5975,2026-07-20
CUST100028282,Device Insurance,0.9568,2026-07-02
CUST100045427,Device Insurance,0.4823,2026-07-18
CUST100043659,Home Security Add-on,0.2677,2026-07-15
CUST100097594,5G Handset Upgrade,0.5393,2026-07-11
CUST100060397,Streaming Bundle,0.054,2026-07-02
CUST100063549,Home Security Add-on,0.1895,2026-07-04
CUST100019775,International Roaming Pack,0.5798,2026-07-20
CUST100043554,Device Insurance,0.228,2026-07-08
CUST100020269,International Roaming Pack,0.2242,2026-07-04
CUST100068172,International Roaming Pack,0.2055,2026-07-19
CUST100087369,Device Insurance,0.6658,2026-07-05
CUST100027671,International Roaming Pack,0.3174,2026-07-15
CUST100017237,Device Insurance,0.7275,2026-07-21
CUST100078028,Device Insurance,0.5569,2026-07-20
CUST100016675,Streaming Bundle,0.157,2026-07-01
CUST100037482,International Roaming Pack,0.32,2026-07-16
CUST100057058,Streaming Bundle,0.0752,2026-07-05
CUST100064416,5G Handset Upgrade,0.267,2026-07-03
CUST100052078,Device Insurance,0.5754,2026-07-21
CUST100095760,Home Security Add-on,0.6577,2026-07-19
CUST100045096,5G Handset Upgrade,0.4951,2026-07-03
CUST100063474,Home Security Add-on,0.0613,2026-07-20
CUST100047554,Family Plan Upgrade,0.0396,2026-07-04
CUST100011112,Streaming Bundle,0.3669,2026-07-03
CUST100088563,Family Plan Upgrade,0.0382,2026-07-09
CUST100019740,Streaming Bundle,0.8319,2026-07-23
CUST100044935,Device Insurance,0.643,2026-07-17
CUST100073656,Home Security Add-on,0.1729,2026-07-13
CUST100023895,International Roaming Pack,0.428,2026-07-22
CUST100095402,Family Plan Upgrade,0.6486,2026-07-17
CUST100030617,International Roaming Pack,0.9388,2026-07-23
CUST100009314,Streaming Bundle,0.2886,2026-07-12
CUST100073845,International Roaming Pack,0.3419,2026-07-06
CUST100091224,International Roaming Pack,0.0452,2026-07-01
CUST100063358,International Roaming Pack,0.1112,2026-07-20
CUST100082085,International Roaming Pack,0.4139,2026-07-07
CUST100000589,5G Handset Upgrade,0.0149,2026-07-05
CUST100070665,5G Handset Upgrade,0.0265,2026-07-14
CUST100009127,5G Handset Upgrade,0.8588,2026-07-17
CUST100065192,Streaming Bundle,0.1305,2026-07-22
CUST100067374,Family Plan Upgrade,0.1875,2026-07-16
CUST100070770,Home Security Add-on,0.9629,2026-07-19
CUST100074549,International Roaming Pack,0.0032,2026-07-02
CUST100087961,International Roaming Pack,0.6077,2026-07-22
CUST100030918,5G Handset Upgrade,0.4699,2026-07-12
CUST100039641,5G Handset Upgrade,0.052,2026-07-07
CUST100057293,Family Plan Upgrade,0.2979,2026-07-10
CUST100021593,Streaming Bundle,0.5747,2026-07-15
CUST100048123,Home Security Add-on,0.8171,2026-07-19
CUST100022788,International Roaming Pack,0.1626,2026-07-09
CUST100023026,Streaming Bundle,0.8652,2026-07-03
CUST100054350,Streaming Bundle,0.5711,2026-07-04
CUST100068829,Device Insurance,0.2801,2026-07-18
CUST100082316,Streaming Bundle,0.1028,2026-07-14
CUST100069752,Home Security Add-on,0.5335,2026-07-05
CUST100053752,Streaming Bundle,0.7787,2026-07-19
CUST100043705,Streaming Bundle,0.9815,2026-07-20
CUST100099598,Streaming Bundle,0.6665,2026-07-08
CUST100053101,International Roaming Pack,0.3563,2026-07-13
CUST100053894,5G Handset Upgrade,0.4429,2026-07-20
CUST100054067,Device Insurance,0.1116,2026-07-11
CUST100002923,Home Security Add-on,0.1584,2026-07-04
CUST100009418,International Roaming Pack,0.126,2026-07-13
CUST100015916,Family Plan Upgrade,0.4185,2026-07-18
CUST100000295,Device Insurance,0.7781,2026-07-15
CUST100073357,Device Insurance,0.8107,2026-07-14
CUST100004146,Home Security Add-on,0.6716,2026-07-08
CUST100056758,Streaming Bundle,0.7472,2026-07-03
CUST100011646,5G Handset Upgrade,0.9471,2026-07-08
CUST100055011,Device Insurance,0.6385,2026-07-19
CUST100062053,5G Handset Upgrade,0.6287,2026-07-15
CUST100010597,Streaming Bundle,0.8504,2026-07-10
CUST100003693,5G Handset Upgrade,0.8378,2026-07-23
CUST100025803,5G Handset Upgrade,0.4149,2026-07-17
CUST100004604,International Roaming Pack,0.0401,2026-07-03
CUST100066435,International Roaming Pack,0.4771,2026-07-09
CUST100090578,5G Handset Upgrade,0.0969,2026-07-04
CUST100062250,Home Security Add-on,0.3177,2026-07-21
CUST100056707,Streaming Bundle,0.948,2026-07-02
CUST100073256,Streaming Bundle,0.5898,2026-07-03
CUST100065367,International Roaming Pack,0.0981,2026-07-22
CUST100029044,5G Handset Upgrade,0.7063,2026-07-18
CUST100030955,Device Insurance,0.8165,2026-07-21
CUST100025213,Device Insurance,0.2024,2026-07-23
CUST100018118,Device Insurance,0.9895,2026-07-06
CUST100033952,Home Security Add-on,0.7645,2026-07-08
CUST100069914,Home Security Add-on,0.1474,2026-07-05
CUST100018491,Family Plan Upgrade,0.2455,2026-07-04
CUST100003899,5G Handset Upgrade,0.6076,2026-07-07
CUST100072135,International Roaming Pack,0.778,2026-07-10
CUST100095445,Family Plan Upgrade,0.2543,2026-07-20
CUST100024970,Streaming Bundle,0.3408,2026-07-07
CUST100085742,Device Insurance,0.5978,2026-07-22
CUST100043762,International Roaming Pack,0.7841,2026-07-23
CUST100092784,Device Insurance,0.1153,2026-07-08
CUST100006364,Home Security Add-on,0.1429,2026-07-19
CUST100039344,Family Plan Upgrade,0.6786,2026-07-19
CUST100047615,International Roaming Pack,0.7692,2026-07-19
CUST100087447,Family Plan Upgrade,0.9075,2026-07-07
CUST100053529,Home Security Add-on,0.8691,2026-07-10
CUST100037207,Streaming Bundle,0.8468,2026-07-02
CUST100037557,Home Security Add-on,0.5709,2026-07-08
CUST100032355,International Roaming Pack,0.0174,2026-07-18
CUST100055297,5G Handset Upgrade,0.4253,2026-07-18
CUST100090442,Family Plan Upgrade,0.3264,2026-07-20
CUST100039296,International Roaming Pack,0.191,2026-07-06
CUST100098515,International Roaming Pack,0.3855,2026-07-16
CUST100052934,Streaming Bundle,0.0613,2026-07-09
CUST100006293,5G Handset Upgrade,0.3569,2026-07-11
CUST100064060,5G Handset Upgrade,0.8485,2026-07-04
CUST100030742,International Roaming Pack,0.5271,2026-07-12
CUST100010262,Streaming Bundle,0.0612,2026-07-15
CUST100071684,Family Plan Upgrade,0.0834,2026-07-22
CUST100098766,5G Handset Upgrade,0.619,2026-07-14
CUST100022066,Device Insurance,0.7483,2026-07-08
CUST100073081,Streaming Bundle,0.4721,2026-07-14
CUST100009094,International Roaming Pack,0.6617,2026-07-06
CUST100052847,International Roaming Pack,0.0233,2026-07-19
CUST100031876,5G Handset Upgrade,0.9571,2026-07-04
CUST100043671,Device Insurance,0.9754,2026-07-10
CUST100012906,International Roaming Pack,0.0902,2026-07-17
CUST100034923,Home Security Add-on,0.3202,2026-07-12
CUST100052712,International Roaming Pack,0.7616,2026-07-05
CUST100040071,Device Insurance,0.9598,2026-07-23
CUST100084145,Streaming Bundle,0.6137,2026-07-06
CUST100028191,Family Plan Upgrade,0.6021,2026-07-02
CUST100098816,Device Insurance,0.3756,2026-07-01
CUST100019158,International Roaming Pack,0.7185,2026-07-20
CUST100008869,Home Security Add-on,0.5931,2026-07-13
CUST100072442,International Roaming Pack,0.7688,2026-07-07
CUST100004845,5G Handset Upgrade,0.1144,2026-07-21
CUST100036572,International Roaming Pack,0.1978,2026-07-05
CUST100002490,Streaming Bundle,0.1403,2026-07-04
CUST100025055,Family Plan Upgrade,0.8163,2026-07-05
CUST100082901,Family Plan Upgrade,0.9958,2026-07-11
CUST100095927,Streaming Bundle,0.7575,2026-07-08
CUST100016597,Family Plan Upgrade,0.6327,2026-07-07
CUST100049871,Home Security Add-on,0.5556,2026-07-11
CUST100057259,Family Plan Upgrade,0.3643,2026-07-10
CUST100084466,International Roaming Pack,0.2631,2026-07-06
CUST100073593,5G Handset Upgrade,0.6978,2026-07-12
CUST100067269,Streaming Bundle,0.3307,2026-07-03
CUST100077906,International Roaming Pack,0.7189,2026-07-07
CUST100047993,Device Insurance,0.8446,2026-07-01
CUST100058655,5G Handset Upgrade,0.2735,2026-07-11
CUST100071644,5G Handset Upgrade,0.4184,2026-07-14
CUST100020014,Streaming Bundle,0.2781,2026-07-04
CUST100062525,International Roaming Pack,0.9529,2026-07-18
CUST100015696,Device Insurance,0.4356,2026-07-15
CUST100082612,International Roaming Pack,0.9076,2026-07-17
CUST100086467,Device Insurance,0.6579,2026-07-06
CUST100097694,5G Handset Upgrade,0.0173,2026-07-05
CUST100094333,5G Handset Upgrade,0.4688,2026-07-13
CUST100048419,Streaming Bundle,0.7295,2026-07-08
CUST100004383,5G Handset Upgrade,0.3251,2026-07-10
CUST100083108,Home Security Add-on,0.9834,2026-07-10
CUST100078645,Home Security Add-on,0.7906,2026-07-08
CUST100043057,Home Security Add-on,0.2813,2026-07-09
CUST100034196,Device Insurance,0.5657,2026-07-13
CUST100081379,5G Handset Upgrade,0.5174,2026-07-14
CUST100023587,International Roaming Pack,0.0403,2026-07-06
CUST100059725,Family Plan Upgrade,0.7266,2026-07-22
CUST100094319,Device Insurance,0.1164,2026-07-05
CUST100087573,Family Plan Upgrade,0.8932,2026-07-22
CUST100090751,Family Plan Upgrade,0.6353,2026-07-07
CUST100053242,Family Plan Upgrade,0.5394,2026-07-16
CUST100045818,Home Security Add-on,0.7541,2026-07-04
CUST100079996,Home Security Add-on,0.6166,2026-07-10
CUST100084687,Home Security Add-on,0.9243,2026-07-23
CUST100095691,Home Security Add-on,0.5551,2026-07-07
CUST100021209,International Roaming Pack,0.494,2026-07-15
CUST100096387,Home Security Add-on,0.6907,2026-07-07
CUST100075269,Device Insurance,0.4242,2026-07-12
CUST100098566,Family Plan Upgrade,0.3031,2026-07-17
CUST100050785,International Roaming Pack,0.9664,2026-07-01
CUST100052220,International Roaming Pack,0.461,2026-07-11
CUST100049865,International Roaming Pack,0.301,2026-07-23
CUST100019488,Home Security Add-on,0.4337,2026-07-09
CUST100092642,Streaming Bundle,0.2127,2026-07-18
CUST100019281,International Roaming Pack,0.5676,2026-07-19
CUST100007368,Streaming Bundle,0.7132,2026-07-12
CUST100024252,5G Handset Upgrade,0.4602,2026-07-18
CUST100020957,Home Security Add-on,0.7525,2026-07-07
CUST100012207,Streaming Bundle,0.5794,2026-07-02
CUST100061759,5G Handset Upgrade,0.3412,2026-07-15
CUST100004342,Home Security Add-on,0.9121,2026-07-21
CUST100026376,International Roaming Pack,0.8948,2026-07-14
CUST100058427,5G Handset Upgrade,0.0862,2026-07-22
CUST100002893,International Roaming Pack,0.8406,2026-07-20
CUST100073985,International Roaming Pack,0.5499,2026-07-08
CUST100063175,Streaming Bundle,0.0143,2026-07-08
CUST100087724,Family Plan Upgrade,0.4705,2026-07-14
CUST100046999,5G Handset Upgrade,0.806,2026-07-21
CUST100097961,International Roaming Pack,0.3255,2026-07-21
CUST100002801,International Roaming Pack,0.7402,2026-07-15
CUST100071973,Home Security Add-on,0.0255,2026-07-01
CUST100053536,International Roaming Pack,0.8029,2026-07-06
CUST100021897,Device Insurance,0.4345,2026-07-16
CUST100060111,Streaming Bundle,0.4466,2026-07-03
CUST100042351,Family Plan Upgrade,0.5115,2026-07-09
CUST100008196,5G Handset Upgrade,0.7137,2026-07-22
CUST100028339,International Roaming Pack,0.3006,2026-07-01
CUST100045400,Streaming Bundle,0.015,2026-07-07
CUST100091633,Streaming Bundle,0.9225,2026-07-10
CUST100093145,Home Security Add-on,0.1218,2026-07-04
CUST100054492,Home Security Add-on,0.7922,2026-07-16
CUST100041139,Home Security Add-on,0.1411,2026-07-05
CUST100059173,Home Security Add-on,0.1802,2026-07-10
CUST100021264,Family Plan Upgrade,0.7557,2026-07-14
CUST100093859,Device Insurance,0.8891,2026-07-14
CUST100017587,Streaming Bundle,0.2899,2026-07-17
CUST100035880,International Roaming Pack,0.0231,2026-07-11
CUST100077566,Home Security Add-on,0.3273,2026-07-19
CUST100058894,International Roaming Pack,0.7985,2026-07-01
CUST100071119,Home Security Add-on,0.8378,2026-07-11
CUST100031005,Home Security Add-on,0.4119,2026-07-12
CUST100098727,Device Insurance,0.7241,2026-07-03
CUST100052278,Home Security Add-on,0.7184,2026-07-04
CUST100042001,Device Insurance,0.7699,2026-07-23
CUST100059836,Streaming Bundle,0.217,2026-07-02
CUST100077816,Home Security Add-on,0.6405,2026-07-23
CUST100039118,Home Security Add-on,0.2481,2026-07-10
CUST100042213,Family Plan Upgrade,0.613,2026-07-22
CUST100033116,International Roaming Pack,0.2507,2026-07-02
CUST100056606,Streaming Bundle,0.7183,2026-07-06
CUST100096798,International Roaming Pack,0.5171,2026-07-13
CUST100028263,Device Insurance,0.3722,2026-07-05
CUST100035431,Device Insurance,0.5006,2026-07-04
CUST100056750,Family Plan Upgrade,0.9821,2026-07-10
CUST100029778,5G Handset Upgrade,0.2992,2026-07-21
CUST100092214,5G Handset Upgrade,0.4039,2026-07-09
CUST100038996,Home Security Add-on,0.6941,2026-07-09
CUST100000909,Family Plan Upgrade,0.7123,2026-07-22
CUST100038744,Streaming Bundle,0.3227,2026-07-03
CUST100033529,International Roaming Pack,0.3652,2026-07-17
CUST100022827,5G Handset Upgrade,0.3659,2026-07-22
CUST100081244,Streaming Bundle,0.0523,2026-07-18
CUST100079685,5G Handset Upgrade,0.2831,2026-07-09
CUST100030864,Streaming Bundle,0.4826,2026-07-20
CUST100006892,International Roaming Pack,0.3529,2026-07-07
CUST100072793,International Roaming Pack,0.5775,2026-07-05
CUST100097532,International Roaming Pack,0.571,2026-07-18
CUST100071747,Family Plan Upgrade,0.7909,2026-07-14
CUST100082619,International Roaming Pack,0.543,2026-07-05
CUST100021260,Device Insurance,0.5084,2026-07-21
CUST100023264,Device Insurance,0.6249,2026-07-14
CUST100051100,Family Plan Upgrade,0.4414,2026-07-06
CUST100097465,Device Insurance,0.8287,2026-07-10
CUST100076599,Device Insurance,0.973,2026-07-17
CUST100008723,Home Security Add-on,0.3828,2026-07-16
CUST100079958,5G Handset Upgrade,0.6681,2026-07-18
CUST100023477,Streaming Bundle,0.5477,2026-07-03
CUST100037301,5G Handset Upgrade,0.38,2026-07-05
CUST100001847,5G Handset Upgrade,0.5396,2026-07-02
CUST100027344,Device Insurance,0.479,2026-07-21
CUST100013059,Home Security Add-on,0.9934,2026-07-14
CUST100083611,Family Plan Upgrade,0.4853,2026-07-17
CUST100054465,International Roaming Pack,0.2478,2026-07-17
CUST100083776,Device Insurance,0.6454,2026-07-06
CUST100045322,International Roaming Pack,0.7488,2026-07-10
CUST100084149,Home Security Add-on,0.1647,2026-07-04
CUST100012704,Home Security Add-on,0.2803,2026-07-02
CUST100099682,Device Insurance,0.7899,2026-07-10
CUST100012872,Streaming Bundle,0.2424,2026-07-10
CUST100024480,5G Handset Upgrade,0.962,2026-07-16
CUST100010002,Device Insurance,0.9747,2026-07-22
CUST100061756,Streaming Bundle,0.5105,2026-07-17
CUST100068778,Streaming Bundle,0.9876,2026-07-01
CUST100013352,5G Handset Upgrade,0.0911,2026-07-06
CUST100069474,International Roaming Pack,0.9633,2026-07-20
CUST100038954,Device Insurance,0.1989,2026-07-15
CUST100087272,5G Handset Upgrade,0.5074,2026-07-15
CUST100024984,5G Handset Upgrade,0.7349,2026-07-05
CUST100037530,Device Insurance,0.6428,2026-07-12
CUST100073602,Home Security Add-on,0.9493,2026-07-22
CUST100069861,Device Insurance,0.46,2026-07-08
CUST100002850,Streaming Bundle,0.1356,2026-07-02
CUST100092701,Streaming Bundle,0.7976,2026-07-08
CUST100027930,Streaming Bundle,0.5411,2026-07-05
CUST100088535,International Roaming Pack,0.6647,2026-07-23
CUST100025947,5G Handset Upgrade,0.2543,2026-07-01
CUST100096068,Device Insurance,0.2209,2026-07-10
CUST100009786,Home Security Add-on,0.9482,2026-07-15
CUST100097095,Home Security Add-on,0.1303,2026-07-03
CUST100031468,Home Security Add-on,0.1297,2026-07-14
CUST100015485,Family Plan Upgrade,0.1721,2026-07-01
CUST100022144,Family Plan Upgrade,0.4831,2026-07-14
CUST100050706,Home Security Add-on,0.8019,2026-07-05
CUST100070504,5G Handset Upgrade,0.468,2026-07-17
CUST100007944,Device Insurance,0.2506,2026-07-16
CUST100011961,Device Insurance,0.4092,2026-07-04
CUST100091302,Family Plan Upgrade,0.6843,2026-07-10
CUST100063861,Streaming Bundle,0.7122,2026-07-09
CUST100079724,Home Security Add-on,0.1988,2026-07-19
CUST100027488,International Roaming Pack,0.2771,2026-07-23
CUST100002667,Device Insurance,0.5985,2026-07-05
CUST100082132,Device Insurance,0.4605,2026-07-08
CUST100073679,5G Handset Upgrade,0.465,2026-07-18
CUST100059303,Home Security Add-on,0.5674,2026-07-03
CUST100034230,Streaming Bundle,0.9692,2026-07-16
CUST100096421,Device Insurance,0.302,2026-07-17
CUST100024129,5G Handset Upgrade,0.3043,2026-07-08
CUST100048213,Home Security Add-on,0.9286,2026-07-09
CUST100006746,International Roaming Pack,0.6908,2026-07-03
CUST100059524,International Roaming Pack,0.3397,2026-07-11
CUST100036793,Device Insurance,0.049,2026-07-09
CUST100024882,Device Insurance,0.4018,2026-07-06
CUST100079352,Streaming Bundle,0.2106,2026-07-16
CUST100003115,International Roaming Pack,0.2514,2026-07-06
CUST100036877,International Roaming Pack,0.1302,2026-07-19
CUST100090781,Streaming Bundle,0.0626,2026-07-05
CUST100073247,Device Insurance,0.65,2026-07-05
CUST100055672,International Roaming Pack,0.845,2026-07-03
CUST100090052,Device Insurance,0.4321,2026-07-01
CUST100030693,Streaming Bundle,0.1659,2026-07-12
CUST100091392,Home Security Add-on,0.4944,2026-07-17
CUST100089680,5G Handset Upgrade,0.62,2026-07-13
CUST100031362,Home Security Add-on,0.557,2026-07-04
CUST100052236,Device Insurance,0.8363,2026-07-20
CUST100092577,Streaming Bundle,0.015,2026-07-08
CUST100019638,Device Insurance,0.1704,2026-07-12
CUST100045902,Home Security Add-on,0.0822,2026-07-18
CUST100089624,Home Security Add-on,0.4629,2026-07-12
CUST100034152,Device Insurance,0.2054,2026-07-13
CUST100000905,International Roaming Pack,0.1777,2026-07-03
CUST100034450,Family Plan Upgrade,0.664,2026-07-07
CUST100070465,Device Insurance,0.5793,2026-07-18
CUST100031373,Home Security Add-on,0.7666,2026-07-02
CUST100038538,Home Security Add-on,0.9241,2026-07-06
CUST100091665,Streaming Bundle,0.1292,2026-07-22
CUST100067798,Family Plan Upgrade,0.2256,2026-07-18
CUST100095587,Family Plan Upgrade,0.903,2026-07-01
CUST100095475,Device Insurance,0.15,2026-07-04
CUST100073986,Streaming Bundle,0.2639,2026-07-17
CUST100091090,International Roaming Pack,0.3884,2026-07-15
CUST100072254,Home Security Add-on,0.0726,2026-07-14
CUST100012221,Device Insurance,0.1399,2026-07-06
CUST100048808,Streaming Bundle,0.2951,2026-07-03
CUST100034872,Family Plan Upgrade,0.6866,2026-07-13
CUST100007698,5G Handset Upgrade,0.7236,2026-07-20
CUST100058384,Home Security Add-on,0.7899,2026-07-10
CUST100090651,Streaming Bundle,0.4467,2026-07-06
CUST100066637,Family Plan Upgrade,0.2997,2026-07-01
CUST100046870,International Roaming Pack,0.3548,2026-07-02
CUST100020350,Home Security Add-on,0.9827,2026-07-09
CUST100050121,Home Security Add-on,0.9608,2026-07-01
CUST100057057,Home Security Add-on,0.2475,2026-07-03
CUST100043198,Family Plan Upgrade,0.0179,2026-07-12
CUST100062801,Streaming Bundle,0.1202,2026-07-13
CUST100000682,Family Plan Upgrade,0.9418,2026-07-04
CUST100054495,Streaming Bundle,0.43,2026-07-06
CUST100009879,Family Plan Upgrade,0.5308,2026-07-12
CUST100059446,Family Plan Upgrade,0.7295,2026-07-15
CUST100056817,Home Security Add-on,0.5061,2026-07-03
CUST100048108,Device Insurance,0.5975,2026-07-13
CUST100014054,5G Handset Upgrade,0.7661,2026-07-01
CUST100060813,Home Security Add-on,0.5358,2026-07-18
CUST100012399,Family Plan Upgrade,0.2798,2026-07-15
CUST100068878,Home Security Add-on,0.0011,2026-07-22
CUST100024641,Device Insurance,0.324,2026-07-20
CUST100080747,Family Plan Upgrade,0.3974,2026-07-17
CUST100026220,Family Plan Upgrade,0.4103,2026-07-05
CUST100097628,Streaming Bundle,0.303,2026-07-07
CUST100050654,Device Insurance,0.5102,2026-07-07
CUST100055878,Family Plan Upgrade,0.154,2026-07-19
CUST100002788,5G Handset Upgrade,0.3457,2026-07-17
CUST100016278,International Roaming Pack,0.6851,2026-07-19
CUST100064879,5G Handset Upgrade,0.9976,2026-07-18
CUST100044244,Home Security Add-on,0.1589,2026-07-15
CUST100058604,Family Plan Upgrade,0.7223,2026-07-08
CUST100006513,Device Insurance,0.3671,2026-07-21
CUST100088061,5G Handset Upgrade,0.7564,2026-07-09
CUST100064045,Family Plan Upgrade,0.4795,2026-07-01
CUST100061914,Family Plan Upgrade,0.9158,2026-07-04
CUST100036990,Family Plan Upgrade,0.5123,2026-07-22
CUST100048223,Device Insurance,0.3935,2026-07-22
CUST100082532,Family Plan Upgrade,0.7952,2026-07-09
CUST100098648,Device Insurance,0.8427,2026-07-19
CUST100036907,International Roaming Pack,0.6346,2026-07-18
CUST100049664,Family Plan Upgrade,0.3983,2026-07-04
CUST100084267,5G Handset Upgrade,0.9992,2026-07-17
CUST100050211,Streaming Bundle,0.1512,2026-07-21
CUST100039079,Streaming Bundle,0.1813,2026-07-15
CUST100007218,Streaming Bundle,0.484,2026-07-11
CUST100086052,Device Insurance,0.6422,2026-07-02
CUST100052948,International Roaming Pack,0.5511,2026-07-17
CUST100048146,5G Handset Upgrade,0.0512,2026-07-15
CUST100053481,5G Handset Upgrade,0.2144,2026-07-21
CUST100076745,5G Handset Upgrade,0.6404,2026-07-10
CUST100090179,Home Security Add-on,0.9583,2026-07-06
CUST100030827,International Roaming Pack,0.0237,2026-07-20
CUST100022690,5G Handset Upgrade,0.7134,2026-07-02
CUST100097440,Device Insurance,0.1387,2026-07-01
CUST100084270,Home Security Add-on,0.8811,2026-07-14
CUST100080390,Home Security Add-on,0.6701,2026-07-10
CUST100099151,Home Security Add-on,0.8513,2026-07-16
CUST100036788,5G Handset Upgrade,0.7009,2026-07-12
CUST100067329,International Roaming Pack,0.5779,2026-07-12
CUST100004562,Family Plan Upgrade,0.5595,2026-07-18
CUST100015387,Family Plan Upgrade,0.1238,2026-07-16
CUST100042151,Family Plan Upgrade,0.312,2026-07-12
CUST100085439,Home Security Add-on,0.6904,2026-07-22
CUST100051688,Family Plan Upgrade,0.6242,2026-07-05
CUST100018109,5G Handset Upgrade,0.6853,2026-07-13
CUST100071044,5G Handset Upgrade,0.6464,2026-07-02
CUST100024208,5G Handset Upgrade,0.2936,2026-07-10
CUST100086712,Home Security Add-on,0.4276,2026-07-15
CUST100059690,International Roaming Pack,0.665,2026-07-05
CUST100052018,Family Plan Upgrade,0.0941,2026-07-05
CUST100051553,Streaming Bundle,0.8273,2026-07-06
CUST100026578,International Roaming Pack,0.8764,2026-07-01
CUST100023512,International Roaming Pack,0.4997,2026-07-08
CUST100026378,5G Handset Upgrade,0.0945,2026-07-20
CUST100040923,Home Security Add-on,0.9243,2026-07-09
CUST100085822,Family Plan Upgrade,0.6501,2026-07-16
CUST100084590,Streaming Bundle,0.7716,2026-07-05
CUST100046198,Family Plan Upgrade,0.9296,2026-07-02
CUST100010696,International Roaming Pack,0.414,2026-07-19
CUST100015212,Streaming Bundle,0.2016,2026-07-17
CUST100067455,Streaming Bundle,0.0063,2026-07-23
CUST100043784,Streaming Bundle,0.5726,2026-07-07
CUST100055298,Device Insurance,0.4245,2026-07-19
CUST100022190,International Roaming Pack,0.8009,2026-07-10
CUST100007356,International Roaming Pack,0.3526,2026-07-08
CUST100042814,5G Handset Upgrade,0.8023,2026-07-21
CUST100049557,International Roaming Pack,0.3954,2026-07-08
CUST100008205,5G Handset Upgrade,0.5983,2026-07-05
CUST100013101,International Roaming Pack,0.4359,2026-07-21
CUST100085247,International Roaming Pack,0.1785,2026-07-23
CUST100025080,International Roaming Pack,0.7546,2026-07-13
CUST100049108,5G Handset Upgrade,0.779,2026-07-11
CUST100016394,Streaming Bundle,0.6851,2026-07-15
CUST100044613,Family Plan Upgrade,0.7883,2026-07-02
CUST100016706,Device Insurance,0.1495,2026-07-05
CUST100020398,Device Insurance,0.6029,2026-07-17
CUST100045147,International Roaming Pack,0.9878,2026-07-05
CUST100033922,Streaming Bundle,0.7218,2026-07-13
CUST100009426,Home Security Add-on,0.1958,2026-07-03
CUST100096490,5G Handset Upgrade,0.4038,2026-07-18
CUST100047971,Home Security Add-on,0.4192,2026-07-22
CUST100031061,Home Security Add-on,0.3923,2026-07-21
CUST100079066,International Roaming Pack,0.5715,2026-07-14
CUST100019455,Device Insurance,0.376,2026-07-19
CUST100008426,Streaming Bundle,0.381,2026-07-16
CUST100020690,Home Security Add-on,0.3643,2026-07-05
CUST100007927,Device Insurance,0.4268,2026-07-15
CUST100015568,Streaming Bundle,0.9944,2026-07-12
CUST100020739,5G Handset Upgrade,0.4689,2026-07-12
CUST100068342,Family Plan Upgrade,0.5607,2026-07-14
CUST100029171,Family Plan Upgrade,0.2916,2026-07-11
CUST100041142,5G Handset Upgrade,0.6449,2026-07-14
CUST100015824,Home Security Add-on,0.9715,2026-07-16
CUST100005044,International Roaming Pack,0.3842,2026-07-03
CUST100020884,Device Insurance,0.8576,2026-07-23
CUST100052511,5G Handset Upgrade,0.5134,2026-07-04
CUST100073958,Home Security Add-on,0.8835,2026-07-09
CUST100011345,Family Plan Upgrade,0.9312,2026-07-12
CUST100016257,Streaming Bundle,0.6215,2026-07-11
CUST100022751,Home Security Add-on,0.8642,2026-07-20
CUST100025801,Streaming Bundle,0.6116,2026-07-13
CUST100085190,Streaming Bundle,0.1753,2026-07-01
CUST100037329,Streaming Bundle,0.9143,2026-07-21
CUST100092445,Streaming Bundle,0.8963,2026-07-23
CUST100037550,Streaming Bundle,0.4705,2026-07-10
CUST100005137,Home Security Add-on,0.3526,2026-07-15
CUST100021802,International Roaming Pack,0.1235,2026-07-08
CUST100037702,Family Plan Upgrade,0.2195,2026-07-09
CUST100077608,International Roaming Pack,0.8982,2026-07-03
CUST100062105,5G Handset Upgrade,0.8752,2026-07-13
CUST100002981,Home Security Add-on,0.9734,2026-07-20
CUST100020879,Family Plan Upgrade,0.0357,2026-07-18
CUST100011769,Family Plan Upgrade,0.1335,2026-07-22
CUST100077614,5G Handset Upgrade,0.1727,2026-07-01
CUST100008112,International Roaming Pack,0.5416,2026-07-23
CUST100048094,Home Security Add-on,0.048,2026-07-11
CUST100020632,International Roaming Pack,0.3728,2026-07-01
CUST100033847,Home Security Add-on,0.9478,2026-07-03
CUST100029979,Family Plan Upgrade,0.5287,2026-07-15
CUST100001007,International Roaming Pack,0.7674,2026-07-21
CUST100016133,Streaming Bundle,0.7243,2026-07-16
CUST100082341,International Roaming Pack,0.3878,2026-07-22
CUST100023674,Device Insurance,0.955,2026-07-20
CUST100080224,International Roaming Pack,0.0225,2026-07-23
CUST100043739,International Roaming Pack,0.61,2026-07-14
CUST100030509,Family Plan Upgrade,0.4419,2026-07-18
CUST100008109,Streaming Bundle,0.1742,2026-07-06
CUST100057226,International Roaming Pack,0.7906,2026-07-17
CUST100083095,Streaming Bundle,0.5436,2026-07-14
CUST100020262,Family Plan Upgrade,0.6126,2026-07-17
CUST100047019,Device Insurance,0.3572,2026-07-05
CUST100087214,International Roaming Pack,0.8556,2026-07-05
CUST100077185,5G Handset Upgrade,0.5114,2026-07-06
CUST100060282,Streaming Bundle,0.5064,2026-07-10
CUST100000841,International Roaming Pack,0.7271,2026-07-06
CUST100003591,Family Plan Upgrade,0.7482,2026-07-16
CUST100055590,Device Insurance,0.6744,2026-07-09
CUST100049012,Family Plan Upgrade,0.0112,2026-07-18
CUST100016308,Home Security Add-on,0.8956,2026-07-22
CUST100069507,Device Insurance,0.4,2026-07-05
CUST100025245,5G Handset Upgrade,0.4267,2026-07-05
CUST100051234,Home Security Add-on,0.2526,2026-07-03
CUST100008777,Home Security Add-on,0.7106,2026-07-19
CUST100044062,International Roaming Pack,0.3756,2026-07-13
CUST100051946,Streaming Bundle,0.8797,2026-07-23
CUST100041419,Home Security Add-on,0.8331,2026-07-01
CUST100077221,Family Plan Upgrade,0.0479,2026-07-09
CUST100093756,5G Handset Upgrade,0.243,2026-07-04
CUST100033868,Family Plan Upgrade,0.3461,2026-07-15
CUST100064794,Home Security Add-on,0.6668,2026-07-04
CUST100000446,Family Plan Upgrade,0.1797,2026-07-19
CUST100002687,Family Plan Upgrade,0.1853,2026-07-23
CUST100015902,Home Security Add-on,0.92,2026-07-13
CUST100027720,Device Insurance,0.4356,2026-07-01
CUST100068560,International Roaming Pack,0.0595,2026-07-10
CUST100077922,Family Plan Upgrade,0.283,2026-07-12
CUST100070045,Device Insurance,0.7902,2026-07-06
CUST100039288,International Roaming Pack,0.3562,2026-07-02
CUST100025003,International Roaming Pack,0.681,2026-07-13
CUST100084674,Family Plan Upgrade,0.5676,2026-07-11
CUST100019688,International Roaming Pack,0.8427,2026-07-01
CUST100084981,Streaming Bundle,0.3049,2026-07-17
CUST100012629,Family Plan Upgrade,0.5807,2026-07-05
CUST100067431,Home Security Add-on,0.7807,2026-07-21
CUST100018726,Device Insurance,0.3139,2026-07-22
CUST100016762,Streaming Bundle,0.6983,2026-07-09
CUST100058286,5G Handset Upgrade,0.158,2026-07-18
CUST100077887,Home Security Add-on,0.1198,2026-07-02
CUST100001110,Family Plan Upgrade,0.4725,2026-07-17
CUST100073491,International Roaming Pack,0.176,2026-07-22
CUST100046147,International Roaming Pack,0.4851,2026-07-02
CUST100030222,5G Handset Upgrade,0.1642,2026-07-01
CUST100030740,International Roaming Pack,0.1738,2026-07-19
CUST100013141,International Roaming Pack,0.7603,2026-07-11
CUST100066823,Family Plan Upgrade,0.6466,2026-07-03
CUST100055216,5G Handset Upgrade,0.5853,2026-07-17
CUST100030414,Home Security Add-on,0.729,2026-07-11
CUST100064209,Streaming Bundle,0.5845,2026-07-04
CUST100036655,5G Handset Upgrade,0.7926,2026-07-17
CUST100022110,Home Security Add-on,0.5672,2026-07-12
CUST100017083,Family Plan Upgrade,0.7863,2026-07-21
CUST100097114,5G Handset Upgrade,0.3796,2026-07-17
CUST100028365,International Roaming Pack,0.2075,2026-07-04
CUST100082261,Streaming Bundle,0.0222,2026-07-10
CUST100021595,Home Security Add-on,0.5966,2026-07-09
CUST100051996,International Roaming Pack,0.3289,2026-07-13
CUST100085628,5G Handset Upgrade,0.1672,2026-07-06
CUST100028654,International Roaming Pack,0.9433,2026-07-22
CUST100005399,5G Handset Upgrade,0.5303,2026-07-16
CUST100013370,Streaming Bundle,0.8483,2026-07-08
CUST100005519,Family Plan Upgrade,0.8979,2026-07-17
CUST100027094,Streaming Bundle,0.4721,2026-07-09
CUST100030402,Home Security Add-on,0.7939,2026-07-09
CUST100020081,Home Security Add-on,0.1369,2026-07-10
CUST100047251,Family Plan Upgrade,0.9531,2026-07-22
CUST100034273,Home Security Add-on,0.0219,2026-07-23
CUST100044675,Family Plan Upgrade,0.729,2026-07-07
CUST100091086,Streaming Bundle,0.7119,2026-07-16
CUST100074136,Home Security Add-on,0.7978,2026-07-18
CUST100001715,International Roaming Pack,0.7938,2026-07-10
CUST100015108,International Roaming Pack,0.3576,2026-07-19
CUST100023437,5G Handset Upgrade,0.7866,2026-07-09
CUST100054843,Streaming Bundle,0.1159,2026-07-07
CUST100034568,International Roaming Pack,0.6507,2026-07-03
CUST100056381,Device Insurance,0.4126,2026-07-23
CUST100077516,Family Plan Upgrade,0.0281,2026-07-03
CUST100077004,Device Insurance,0.8059,2026-07-20
CUST100041640,Home Security Add-on,0.773,2026-07-07
CUST100046956,5G Handset Upgrade,0.3946,2026-07-08
CUST100001040,Streaming Bundle,0.2832,2026-07-14
CUST100046964,Home Security Add-on,0.07,2026-07-17
CUST100012026,Family Plan Upgrade,0.8971,2026-07-10
CUST100093421,Family Plan Upgrade,0.7064,2026-07-08
CUST100022937,Device Insurance,0.7025,2026-07-03
CUST100069561,International Roaming Pack,0.6201,2026-07-17
CUST100083121,Home Security Add-on,0.3825,2026-07-01
CUST100067842,International Roaming Pack,0.4135,2026-07-03
CUST100000274,International Roaming Pack,0.3046,2026-07-09
CUST100067758,Home Security Add-on,0.1183,2026-07-16
CUST100004108,Family Plan Upgrade,0.1795,2026-07-20
CUST100095727,Streaming Bundle,0.5468,2026-07-14
CUST100079245,Streaming Bundle,0.9057,2026-07-22
CUST100020097,International Roaming Pack,0.9251,2026-07-15
CUST100094941,Streaming Bundle,0.5923,2026-07-15
CUST100017387,Streaming Bundle,0.6898,2026-07-13
CUST100017901,International Roaming Pack,0.839,2026-07-06
CUST100031301,Family Plan Upgrade,0.765,2026-07-04
CUST100046329,Device Insurance,0.6787,2026-07-23
CUST100040030,Family Plan Upgrade,0.6438,2026-07-22
CUST100010674,5G Handset Upgrade,0.288,2026-07-11
CUST100057836,Family Plan Upgrade,0.931,2026-07-20
CUST100086037,Device Insurance,0.1452,2026-07-03
CUST100069315,5G Handset Upgrade,0.5467,2026-07-22
CUST100011130,Streaming Bundle,0.4053,2026-07-16
CUST100004694,Family Plan Upgrade,0.3212,2026-07-06
CUST100074244,5G Handset Upgrade,0.7724,2026-07-01
CUST100016903,Family Plan Upgrade,0.6232,2026-07-07
CUST100084056,5G Handset Upgrade,0.7089,2026-07-06
CUST100023765,Device Insurance,0.6297,2026-07-08
CUST100061314,Family Plan Upgrade,0.903,2026-07-21
CUST100079641,International Roaming Pack,0.3156,2026-07-19
CUST100085777,Device Insurance,0.0623,2026-07-11
CUST100019259,Home Security Add-on,0.0625,2026-07-09
CUST100046070,5G Handset Upgrade,0.4108,2026-07-05
CUST100085085,Streaming Bundle,0.8008,2026-07-04
CUST100056698,Device Insurance,0.7678,2026-07-01
CUST100060541,Home Security Add-on,0.8269,2026-07-20
CUST100066605,International Roaming Pack,0.6335,2026-07-22
CUST100014107,Family Plan Upgrade,0.6672,2026-07-03
CUST100066078,5G Handset Upgrade,0.9228,2026-07-11
CUST100099214,Home Security Add-on,0.1932,2026-07-23
CUST100022384,Streaming Bundle,0.8627,2026-07-20
CUST100020337,Streaming Bundle,0.751,2026-07-16
CUST100001169,Home Security Add-on,0.8397,2026-07-01
CUST100081840,5G Handset Upgrade,0.0938,2026-07-15
CUST100034462,International Roaming Pack,0.0182,2026-07-12
CUST100064751,International Roaming Pack,0.7696,2026-07-08
CUST100020991,International Roaming Pack,0.0011,2026-07-10
CUST100030511,Home Security Add-on,0.6459,2026-07-15
CUST100006232,Home Security Add-on,0.4438,2026-07-18
CUST100012109,International Roaming Pack,0.8965,2026-07-09
CUST100086818,International Roaming Pack,0.3586,2026-07-20
CUST100057245,Device Insurance,0.1647,2026-07-05
CUST100021010,Streaming Bundle,0.4854,2026-07-06
CUST100076453,Streaming Bundle,0.373,2026-07-07
CUST100013916,International Roaming Pack,0.4262,2026-07-06
CUST100060074,Streaming Bundle,0.2747,2026-07-08
CUST100023042,International Roaming Pack,0.9807,2026-07-07
CUST100040700,Home Security Add-on,0.9494,2026-07-18
CUST100076526,5G Handset Upgrade,0.3594,2026-07-04
CUST100007990,Device Insurance,0.2946,2026-07-14
CUST100067421,Device Insurance,0.0172,2026-07-12
CUST100076844,International Roaming Pack,0.4287,2026-07-17
CUST100096990,5G Handset Upgrade,0.8322,2026-07-07
CUST100059493,Family Plan Upgrade,0.826,2026-07-17
CUST100039392,Home Security Add-on,0.3312,2026-07-10
CUST100061322,Family Plan Upgrade,0.8271,2026-07-19
CUST100049771,Home Security Add-on,0.748,2026-07-02
CUST100062223,5G Handset Upgrade,0.0108,2026-07-12
CUST100016938,International Roaming Pack,0.9933,2026-07-15
CUST100023350,International Roaming Pack,0.1131,2026-07-06
CUST100032368,Streaming Bundle,0.1452,2026-07-21
CUST100063401,Family Plan Upgrade,0.0595,2026-07-11
CUST100010394,Home Security Add-on,0.4677,2026-07-10
CUST100072234,5G Handset Upgrade,0.7443,2026-07-15
CUST100013123,International Roaming Pack,0.1266,2026-07-14
CUST100093549,International Roaming Pack,0.8963,2026-07-13
CUST100012646,Streaming Bundle,0.136,2026-07-04
CUST100016705,Device Insurance,0.5004,2026-07-16
CUST100083063,5G Handset Upgrade,0.9451,2026-07-11
CUST100053097,Streaming Bundle,0.7614,2026-07-01
CUST100090422,International Roaming Pack,0.9086,2026-07-10
CUST100051199,Family Plan Upgrade,0.1189,2026-07-18
CUST100071925,Family Plan Upgrade,0.3297,2026-07-03
CUST100053929,Family Plan Upgrade,0.2027,2026-07-02
CUST100003582,5G Handset Upgrade,0.2516,2026-07-18
CUST100058937,Home Security Add-on,0.297,2026-07-02
CUST100063188,International Roaming Pack,0.6882,2026-07-05
CUST100050968,Home Security Add-on,0.4373,2026-07-01
CUST100045422,Family Plan Upgrade,0.6431,2026-07-18
CUST100068446,Home Security Add-on,0.9792,2026-07-23
CUST100091727,5G Handset Upgrade,0.1969,2026-07-23
CUST100098084,Device Insurance,0.8496,2026-07-07
CUST100047200,Family Plan Upgrade,0.1538,2026-07-07
CUST100048247,Device Insurance,0.722,2026-07-01
CUST100061079,Home Security Add-on,0.6845,2026-07-03
CUST100073291,Home Security Add-on,0.8967,2026-07-07
CUST100071274,Streaming Bundle,0.8032,2026-07-07
CUST100074539,International Roaming Pack,0.1391,2026-07-19
CUST100057139,Streaming Bundle,0.585,2026-07-20
CUST100032836,Streaming Bundle,0.9803,2026-07-20
CUST100059941,5G Handset Upgrade,0.699,2026-07-05
CUST100060406,Streaming Bundle,0.4687,2026-07-18
CUST100024587,Family Plan Upgrade,0.2938,2026-07-12
CUST100093512,Streaming Bundle,0.5604,2026-07-07
CUST100040375,5G Handset Upgrade,0.7681,2026-07-12
CUST100050971,Device Insurance,0.2917,2026-07-04
CUST100030400,Home Security Add-on,0.7002,2026-07-08
CUST100007818,Device Insurance,0.646,2026-07-13
CUST100027920,Home Security Add-on,0.5636,2026-07-07
CUST100035898,Streaming Bundle,0.307,2026-07-07
CUST100003917,Family Plan Upgrade,0.8156,2026-07-21
CUST100026246,Streaming Bundle,0.4632,2026-07-09
CUST100036860,Device Insurance,0.2132,2026-07-15
CUST100089106,Device Insurance,0.9362,2026-07-21
CUST100065376,Device Insurance,0.0991,2026-07-21
CUST100050207,5G Handset Upgrade,0.7946,2026-07-15
CUST100085497,Home Security Add-on,0.0044,2026-07-04
CUST100012016,5G Handset Upgrade,0.9289,2026-07-22
CUST100079736,Device Insurance,0.1746,2026-07-03
CUST100066789,Device Insurance,0.7196,2026-07-10
CUST100024036,Family Plan Upgrade,0.6459,2026-07-09
CUST100085741,5G Handset Upgrade,0.6659,2026-07-22
CUST100033470,5G Handset Upgrade,0.0165,2026-07-12
CUST100020310,Streaming Bundle,0.0583,2026-07-15
CUST100072912,5G Handset Upgrade,0.1194,2026-07-11
CUST100020261,Family Plan Upgrade,0.241,2026-07-14
CUST100052883,Home Security Add-on,0.1642,2026-07-22
CUST100084815,International Roaming Pack,0.8852,2026-07-12
CUST100010639,5G Handset Upgrade,0.8048,2026-07-08
CUST100025756,Streaming Bundle,0.8455,2026-07-06
CUST100088528,Device Insurance,0.7616,2026-07-11
CUST100074079,International Roaming Pack,0.6309,2026-07-03
CUST100017115,International Roaming Pack,0.0425,2026-07-21
CUST100094037,Family Plan Upgrade,0.0478,2026-07-16
CUST100071129,5G Handset Upgrade,0.411,2026-07-14
CUST100090575,Streaming Bundle,0.0503,2026-07-20
CUST100059018,Device Insurance,0.2991,2026-07-06
CUST100093910,Home Security Add-on,0.7561,2026-07-05
CUST100017759,Family Plan Upgrade,0.9938,2026-07-11
CUST100071961,Streaming Bundle,0.1843,2026-07-15
CUST100014427,International Roaming Pack,0.3756,2026-07-03
CUST100023194,Family Plan Upgrade,0.9166,2026-07-04
CUST100023382,5G Handset Upgrade,0.756,2026-07-22
CUST100035510,Home Security Add-on,0.9844,2026-07-09
CUST100082825,International Roaming Pack,0.9968,2026-07-19
CUST100058001,Streaming Bundle,0.7004,2026-07-04
CUST100059044,Device Insurance,0.1991,2026-07-02
CUST100005503,5G Handset Upgrade,0.2473,2026-07-16
CUST100085964,5G Handset Upgrade,0.8019,2026-07-19
CUST100088297,Streaming Bundle,0.4845,2026-07-03
CUST100001586,Device Insurance,0.3662,2026-07-16
CUST100030311,Device Insurance,0.8445,2026-07-01
CUST100075314,Streaming Bundle,0.5459,2026-07-12
CUST100065823,5G Handset Upgrade,0.8222,2026-07-06
CUST100037770,International Roaming Pack,0.3352,2026-07-16
CUST100013079,Family Plan Upgrade,0.5864,2026-07-04
CUST100042139,Home Security Add-on,0.4123,2026-07-10
CUST100050972,Device Insurance,0.522,2026-07-05
CUST100085452,Family Plan Upgrade,0.9448,2026-07-02
CUST100009278,Home Security Add-on,0.1095,2026-07-13
CUST100078867,Device Insurance,0.4773,2026-07-10
CUST100075478,Family Plan Upgrade,0.6296,2026-07-23
CUST100080767,Home Security Add-on,0.2931,2026-07-22
CUST100088192,Device Insurance,0.1199,2026-07-03
CUST100054592,Device Insurance,0.777,2026-07-06
CUST100049643,Home Security Add-on,0.0369,2026-07-06
CUST100074402,5G Handset Upgrade,0.0383,2026-07-03
CUST100013151,International Roaming Pack,0.1514,2026-07-06
CUST100011347,5G Handset Upgrade,0.0971,2026-07-11
CUST100066859,Home Security Add-on,0.2871,2026-07-06
CUST100031452,5G Handset Upgrade,0.284,2026-07-05
CUST100008919,International Roaming Pack,0.6853,2026-07-17
CUST100003553,Home Security Add-on,0.1629,2026-07-16
CUST100067442,Streaming Bundle,0.7723,2026-07-06
CUST100036406,5G Handset Upgrade,0.5566,2026-07-15
CUST100080304,5G Handset Upgrade,0.1853,2026-07-02
CUST100090164,Device Insurance,0.3927,2026-07-13
CUST100085941,Streaming Bundle,0.5163,2026-07-07
CUST100088166,International Roaming Pack,0.0304,2026-07-16
CUST100092811,Home Security Add-on,0.2052,2026-07-15
CUST100081954,Family Plan Upgrade,0.7479,2026-07-03
CUST100094670,Streaming Bundle,0.4805,2026-07-06
CUST100086289,Device Insurance,0.7579,2026-07-02
CUST100058039,5G Handset Upgrade,0.7867,2026-07-13
CUST100074631,Streaming Bundle,0.1011,2026-07-17
CUST100012065,Device Insurance,0.6219,2026-07-05
CUST100032175,Device Insurance,0.4412,2026-07-04
CUST100034078,Home Security Add-on,0.464,2026-07-05
CUST100028273,5G Handset Upgrade,0.7913,2026-07-15
CUST100054191,Home Security Add-on,0.4976,2026-07-22
CUST100049240,Home Security Add-on,0.5614,2026-07-18
CUST100054295,Device Insurance,0.0159,2026-07-10
CUST100025966,Home Security Add-on,0.3279,2026-07-03
CUST100081694,Home Security Add-on,0.48,2026-07-11
CUST100057629,5G Handset Upgrade,0.3413,2026-07-06
CUST100017775,5G Handset Upgrade,0.3249,2026-07-01
CUST100078586,Streaming Bundle,0.4387,2026-07-23
CUST100062756,Streaming Bundle,0.6726,2026-07-06
CUST100001063,Family Plan Upgrade,0.2236,2026-07-06
CUST100085651,Home Security Add-on,0.6339,2026-07-11
CUST100029968,Streaming Bundle,0.6218,2026-07-18
CUST100009602,Streaming Bundle,0.0463,2026-07-18
CUST100035612,Device Insurance,0.383,2026-07-18
CUST100005081,Device Insurance,0.1836,2026-07-05
CUST100058783,Family Plan Upgrade,0.4459,2026-07-03
CUST100020079,Family Plan Upgrade,0.7007,2026-07-15
CUST100049300,Streaming Bundle,0.7397,2026-07-07
CUST100098006,Streaming Bundle,0.4024,2026-07-12
CUST100071977,International Roaming Pack,0.3798,2026-07-02
CUST100001653,Family Plan Upgrade,0.6083,2026-07-07
CUST100063759,Streaming Bundle,0.8557,2026-07-01
CUST100027140,5G Handset Upgrade,0.4553,2026-07-13
CUST100033441,Family Plan Upgrade,0.1499,2026-07-17
CUST100032216,International Roaming Pack,0.5814,2026-07-07
CUST100082903,Streaming Bundle,0.7214,2026-07-09
CUST100092909,Device Insurance,0.7634,2026-07-15
CUST100087621,5G Handset Upgrade,0.9546,2026-07-08
CUST100098331,International Roaming Pack,0.424,2026-07-20
CUST100038091,International Roaming Pack,0.8019,2026-07-19
CUST100047652,Family Plan Upgrade,0.5154,2026-07-11
CUST100011121,Home Security Add-on,0.0839,2026-07-18
CUST100037217,5G Handset Upgrade,0.3894,2026-07-13
CUST100008569,Streaming Bundle,0.397,2026-07-18
CUST100033839,5G Handset Upgrade,0.8827,2026-07-18
CUST100000876,Streaming Bundle,0.3846,2026-07-22
CUST100009389,International Roaming Pack,0.2626,2026-07-20
CUST100016604,5G Handset Upgrade,0.1353,2026-07-23
CUST100097687,5G Handset Upgrade,0.4815,2026-07-19
CUST100082293,Home Security Add-on,0.4396,2026-07-01
CUST100080676,Device Insurance,0.705,2026-07-02
CUST100040938,Family Plan Upgrade,0.2035,2026-07-01
CUST100015150,Streaming Bundle,0.6787,2026-07-04
CUST100008318,Device Insurance,0.6074,2026-07-14
CUST100009061,Device Insurance,0.9234,2026-07-07
CUST100086819,Family Plan Upgrade,0.7195,2026-07-16
CUST100049326,Home Security Add-on,0.4597,2026-07-14
CUST100060868,International Roaming Pack,0.7529,2026-07-22
CUST100099239,Streaming Bundle,0.9904,2026-07-02
CUST100034335,Family Plan Upgrade,0.1134,2026-07-12
CUST100090956,Device Insurance,0.2267,2026-07-21
CUST100079805,Home Security Add-on,0.7326,2026-07-13
CUST100062322,Home Security Add-on,0.0341,2026-07-18
CUST100087482,International Roaming Pack,0.6454,2026-07-14
CUST100002626,Home Security Add-on,0.6899,2026-07-11
CUST100086127,Home Security Add-on,0.2325,2026-07-20
CUST100007386,International Roaming Pack,0.4808,2026-07-21
CUST100042823,5G Handset Upgrade,0.5221,2026-07-11
CUST100069361,Home Security Add-on,0.9378,2026-07-08
CUST100086150,Home Security Add-on,0.1514,2026-07-14
CUST100099614,5G Handset Upgrade,0.2081,2026-07-20
CUST100036774,5G Handset Upgrade,0.6316,2026-07-14
CUST100027533,5G Handset Upgrade,0.2288,2026-07-13
CUST100084479,Home Security Add-on,0.1426,2026-07-14
CUST100069960,Device Insurance,0.2495,2026-07-15
CUST100030967,Family Plan Upgrade,0.2539,2026-07-15
CUST100007213,5G Handset Upgrade,0.0614,2026-07-04
CUST100012253,5G Handset Upgrade,0.6661,2026-07-17
CUST100005937,Family Plan Upgrade,0.7129,2026-07-07
CUST100081015,5G Handset Upgrade,0.0261,2026-07-15
CUST100066585,Device Insurance,0.7536,2026-07-23
CUST100057979,Streaming Bundle,0.6718,2026-07-22
CUST100089512,5G Handset Upgrade,0.6778,2026-07-17
CUST100057605,Family Plan Upgrade,0.4171,2026-07-01
CUST100003270,International Roaming Pack,0.1703,2026-07-16
CUST100065677,Home Security Add-on,0.235,2026-07-07
CUST100003152,International Roaming Pack,0.4109,2026-07-15
CUST100059032,5G Handset Upgrade,0.3866,2026-07-12
CUST100077310,Family Plan Upgrade,0.3281,2026-07-07
CUST100063602,5G Handset Upgrade,0.4353,2026-07-05
CUST100005690,Family Plan Upgrade,0.8804,2026-07-14
CUST100071781,5G Handset Upgrade,0.8765,2026-07-22
CUST100079907,Device Insurance,0.5946,2026-07-12
CUST100015535,Device Insurance,0.3916,2026-07-14
CUST100074923,Streaming Bundle,0.2897,2026-07-16
CUST100057803,Home Security Add-on,0.9906,2026-07-02
CUST100089142,Device Insurance,0.4285,2026-07-07
CUST100075267,Device Insurance,0.726,2026-07-11
CUST100092962,Home Security Add-on,0.8872,2026-07-20
CUST100061908,Home Security Add-on,0.9352,2026-07-23
CUST100051432,International Roaming Pack,0.5539,2026-07-16
CUST100082596,International Roaming Pack,0.8982,2026-07-10
CUST100003915,Streaming Bundle,0.3531,2026-07-22
CUST100077112,Device Insurance,0.0913,2026-07-10
CUST100014766,Family Plan Upgrade,0.7644,2026-07-06
CUST100034382,Device Insurance,0.4137,2026-07-08
CUST100064603,Device Insurance,0.3081,2026-07-14
CUST100049357,International Roaming Pack,0.5819,2026-07-17
CUST100071586,Device Insurance,0.088,2026-07-14
CUST100001694,Streaming Bundle,0.9664,2026-07-10
CUST100048718,International Roaming Pack,0.3794,2026-07-06
CUST100048662,5G Handset Upgrade,0.636,2026-07-02
CUST100044749,Home Security Add-on,0.6337,2026-07-03
CUST100007958,Home Security Add-on,0.176,2026-07-09
CUST100000638,International Roaming Pack,0.2672,2026-07-09
CUST100032668,Streaming Bundle,0.1214,2026-07-20
CUST100035530,International Roaming Pack,0.8584,2026-07-23
CUST100020629,Device Insurance,0.6536,2026-07-03
CUST100033183,5G Handset Upgrade,0.8114,2026-07-19
CUST100022704,International Roaming Pack,0.1732,2026-07-16
CUST100021031,Device Insurance,0.3892,2026-07-09
CUST100087548,International Roaming Pack,0.1813,2026-07-19
CUST100084412,5G Handset Upgrade,0.1041,2026-07-12
CUST100063820,Device Insurance,0.3357,2026-07-08
CUST100015747,Home Security Add-on,0.6209,2026-07-03
CUST100014236,Streaming Bundle,0.2787,2026-07-15
CUST100077572,Streaming Bundle,0.1378,2026-07-02
CUST100052607,International Roaming Pack,0.6363,2026-07-07
CUST100092063,Streaming Bundle,0.6942,2026-07-08
CUST100066892,Home Security Add-on,0.2837,2026-07-16
CUST100078560,International Roaming Pack,0.2985,2026-07-15
CUST100098391,Device Insurance,0.5539,2026-07-06
CUST100049529,Family Plan Upgrade,0.3373,2026-07-04
CUST100012449,Streaming Bundle,0.0232,2026-07-05
CUST100013748,Home Security Add-on,0.8186,2026-07-23
CUST100068336,Device Insurance,0.6326,2026-07-01
CUST100035174,Home Security Add-on,0.994,2026-07-05
CUST100044769,International Roaming Pack,0.9912,2026-07-22
CUST100061949,International Roaming Pack,0.1782,2026-07-14
CUST100042216,Device Insurance,0.0193,2026-07-05
CUST100050129,Streaming Bundle,0.4138,2026-07-10
CUST100041491,Family Plan Upgrade,0.8304,2026-07-14
CUST100000028,5G Handset Upgrade,0.6335,2026-07-17
CUST100082916,Family Plan Upgrade,0.0281,2026-07-13
CUST100016170,Device Insurance,0.3427,2026-07-01
CUST100002982,Family Plan Upgrade,0.1341,2026-07-16
CUST100078618,Device Insurance,0.8138,2026-07-06
CUST100026441,International Roaming Pack,0.1394,2026-07-05
CUST100086562,Family Plan Upgrade,0.9588,2026-07-18
CUST100090029,International Roaming Pack,0.282,2026-07-08
CUST100057345,Device Insurance,0.7567,2026-07-19
CUST100051431,Home Security Add-on,0.8025,2026-07-21
CUST100038934,Device Insurance,0.5953,2026-07-21
CUST100052005,5G Handset Upgrade,0.8056,2026-07-18
CUST100092971,Device Insurance,0.456,2026-07-23
CUST100089349,Device Insurance,0.6126,2026-07-23
CUST100059262,Streaming Bundle,0.8741,2026-07-18
CUST100080680,Family Plan Upgrade,0.3018,2026-07-21
CUST100037885,Streaming Bundle,0.8507,2026-07-16
CUST100053790,Streaming Bundle,0.3762,2026-07-07
CUST100015868,5G Handset Upgrade,0.1443,2026-07-05
CUST100069844,Streaming Bundle,0.6912,2026-07-15
CUST100045126,5G Handset Upgrade,0.5221,2026-07-11
CUST100080859,Family Plan Upgrade,0.6263,2026-07-19
CUST100008704,Family Plan Upgrade,0.5603,2026-07-23
CUST100072666,Home Security Add-on,0.7678,2026-07-18
CUST100001166,5G Handset Upgrade,0.1047,2026-07-11
CUST100071987,Streaming Bundle,0.2176,2026-07-18
CUST100039391,International Roaming Pack,0.9467,2026-07-17
CUST100018780,Device Insurance,0.979,2026-07-18
CUST100012396,Streaming Bundle,0.0739,2026-07-17
CUST100027174,5G Handset Upgrade,0.8154,2026-07-22
CUST100044094,Device Insurance,0.4736,2026-07-09
CUST100048636,Device Insurance,0.9142,2026-07-22
CUST100086260,International Roaming Pack,0.6159,2026-07-15
CUST100091130,Device Insurance,0.9348,2026-07-09
CUST100096245,5G Handset Upgrade,0.8131,2026-07-09
CUST100052793,International Roaming Pack,0.769,2026-07-19
CUST100045006,Home Security Add-on,0.8138,2026-07-03
CUST100090892,Home Security Add-on,0.1756,2026-07-08
CUST100005448,Device Insurance,0.7429,2026-07-21
CUST100033206,Device Insurance,0.8645,2026-07-16
CUST100042908,Device Insurance,0.2019,2026-07-04
CUST100065906,5G Handset Upgrade,0.1398,2026-07-09
CUST100086715,Family Plan Upgrade,0.7455,2026-07-21
CUST100057801,International Roaming Pack,0.665,2026-07-01
CUST100043501,Device Insurance,0.707,2026-07-01
CUST100074849,Home Security Add-on,0.3879,2026-07-04
CUST100028423,Family Plan Upgrade,0.2873,2026-07-19
CUST100092107,Streaming Bundle,0.4746,2026-07-23
CUST100019736,Family Plan Upgrade,0.5026,2026-07-16
CUST100098981,Family Plan Upgrade,0.2137,2026-07-10
CUST100054346,Device Insurance,0.1405,2026-07-17
CUST100086400,Device Insurance,0.9434,2026-07-03
CUST100082478,Home Security Add-on,0.3274,2026-07-09
CUST100074130,Family Plan Upgrade,0.2138,2026-07-11
CUST100023999,5G Handset Upgrade,0.3606,2026-07-06
CUST100001640,Streaming Bundle,0.1157,2026-07-01
CUST100040915,Home Security Add-on,0.1549,2026-07-18
CUST100030964,Streaming Bundle,0.5043,2026-07-19
CUST100087618,Home Security Add-on,0.9889,2026-07-06
CUST100075406,Home Security Add-on,0.8723,2026-07-19
CUST100073551,Family Plan Upgrade,0.4776,2026-07-18
CUST100078739,International Roaming Pack,0.2011,2026-07-11
CUST100001034,International Roaming Pack,0.9111,2026-07-05
CUST100065031,Streaming Bundle,0.8624,2026-07-13
CUST100034793,Streaming Bundle,0.7614,2026-07-18
CUST100070721,Family Plan Upgrade,0.3266,2026-07-21
CUST100094151,Streaming Bundle,0.6694,2026-07-07
CUST100039033,5G Handset Upgrade,0.2938,2026-07-18
CUST100095730,International Roaming Pack,0.8794,2026-07-07
CUST100032927,Home Security Add-on,0.4272,2026-07-16
CUST100053540,Streaming Bundle,0.2915,2026-07-07
CUST100058203,Device Insurance,0.9458,2026-07-14
CUST100096386,Home Security Add-on,0.3057,2026-07-23
CUST100033964,Device Insurance,0.1086,2026-07-19
CUST100006502,Device Insurance,0.589,2026-07-17
CUST100090047,Family Plan Upgrade,0.1311,2026-07-09
CUST100075536,Family Plan Upgrade,0.0437,2026-07-18
CUST100009230,Streaming Bundle,0.7653,2026-07-17
CUST100063493,Device Insurance,0.1987,2026-07-19
CUST100031875,5G Handset Upgrade,0.7147,2026-07-02
CUST100092319,International Roaming Pack,0.8391,2026-07-22
CUST100010573,International Roaming Pack,0.3703,2026-07-12
CUST100088225,Home Security Add-on,0.9097,2026-07-02
CUST100057783,Family Plan Upgrade,0.4335,2026-07-18
CUST100059847,Family Plan Upgrade,0.8512,2026-07-01
CUST100062574,Home Security Add-on,0.3307,2026-07-23
CUST100098712,Streaming Bundle,0.7121,2026-07-06
CUST100059447,Device Insurance,0.9886,2026-07-15
CUST100083590,Device Insurance,0.7196,2026-07-05
CUST100043481,Streaming Bundle,0.2737,2026-07-16
CUST100060356,International Roaming Pack,0.577,2026-07-15
CUST100044385,Device Insurance,0.8677,2026-07-12
CUST100036473,International Roaming Pack,0.1978,2026-07-04
CUST100025544,Streaming Bundle,0.0203,2026-07-23
CUST100017773,Streaming Bundle,0.8661,2026-07-23
CUST100053076,5G Handset Upgrade,0.2079,2026-07-14
CUST100010969,Home Security Add-on,0.5543,2026-07-20
CUST100063339,Family Plan Upgrade,0.8158,2026-07-23
CUST100061338,Device Insurance,0.3442,2026-07-11
CUST100098849,Home Security Add-on,0.9693,2026-07-18
CUST100096492,International Roaming Pack,0.5439,2026-07-03
CUST100013945,5G Handset Upgrade,0.2019,2026-07-21
CUST100019164,Home Security Add-on,0.8393,2026-07-18
CUST100034724,Device Insurance,0.3383,2026-07-12
CUST100015786,Device Insurance,0.0459,2026-07-13
CUST100021746,Family Plan Upgrade,0.9397,2026-07-11
CUST100058616,Streaming Bundle,0.9432,2026-07-14
CUST100093027,Device Insurance,0.1817,2026-07-09
CUST100054117,Streaming Bundle,0.6668,2026-07-15
CUST100047213,Device Insurance,0.5744,2026-07-02
CUST100015658,5G Handset Upgrade,0.3975,2026-07-11
CUST100088477,Streaming Bundle,0.7837,2026-07-18
CUST100058789,5G Handset Upgrade,0.9037,2026-07-08
CUST100094125,Home Security Add-on,0.7761,2026-07-06
CUST100086571,Family Plan Upgrade,0.2236,2026-07-08
CUST100085498,Device Insurance,0.4417,2026-07-06
CUST100012624,5G Handset Upgrade,0.1235,2026-07-09
CUST100010448,5G Handset Upgrade,0.23,2026-07-14
CUST100058797,5G Handset Upgrade,0.9056,2026-07-07
CUST100045660,Home Security Add-on,0.8534,2026-07-09
CUST100017892,International Roaming Pack,0.4887,2026-07-10
CUST100043620,Streaming Bundle,0.1941,2026-07-05
CUST100097444,Family Plan Upgrade,0.1732,2026-07-10
CUST100006876,International Roaming Pack,0.28,2026-07-13
CUST100041497,Family Plan Upgrade,0.5408,2026-07-14
CUST100040568,5G Handset Upgrade,0.646,2026-07-18
CUST100068086,Device Insurance,0.416,2026-07-10
CUST100062449,International Roaming Pack,0.2055,2026-07-16
CUST100065279,Family Plan Upgrade,0.0155,2026-07-10
CUST100043906,Device Insurance,0.4717,2026-07-22
CUST100071208,Home Security Add-on,0.7806,2026-07-22
CUST100036657,5G Handset Upgrade,0.5242,2026-07-22
CUST100034188,Device Insurance,0.5423,2026-07-18
CUST100029893,International Roaming Pack,0.56,2026-07-19
CUST100072296,Family Plan Upgrade,0.2062,2026-07-01
CUST100050159,Device Insurance,0.0904,2026-07-14
CUST100040322,Family Plan Upgrade,0.6311,2026-07-08
CUST100088589,Device Insurance,0.8265,2026-07-08
CUST100045680,Device Insurance,0.9693,2026-07-15
CUST100006127,5G Handset Upgrade,0.5989,2026-07-04
CUST100065654,Family Plan Upgrade,0.2816,2026-07-09
CUST100094681,Device Insurance,0.125,2026-07-17
CUST100077146,Home Security Add-on,0.7675,2026-07-10
CUST100062520,Device Insurance,0.1485,2026-07-12
CUST100091271,International Roaming Pack,0.0287,2026-07-18
CUST100072944,Home Security Add-on,0.8765,2026-07-05
CUST100041675,Family Plan Upgrade,0.9376,2026-07-13
CUST100058701,5G Handset Upgrade,0.0162,2026-07-16
CUST100065848,Family Plan Upgrade,0.4591,2026-07-15
CUST100084930,International Roaming Pack,0.9872,2026-07-17
CUST100086225,Home Security Add-on,0.9531,2026-07-09
CUST100098884,Streaming Bundle,0.3474,2026-07-17
CUST100057646,Family Plan Upgrade,0.1456,2026-07-03
CUST100059753,Home Security Add-on,0.222,2026-07-23
CUST100070805,Streaming Bundle,0.4956,2026-07-09
CUST100076244,Streaming Bundle,0.8228,2026-07-18
CUST100019199,Family Plan Upgrade,0.3844,2026-07-12
CUST100021492,5G Handset Upgrade,0.0247,2026-07-19
CUST100008537,International Roaming Pack,0.7591,2026-07-18
CUST100088867,5G Handset Upgrade,0.4511,2026-07-05
CUST100027714,Streaming Bundle,0.0807,2026-07-19
CUST100075400,Device Insurance,0.8263,2026-07-13
CUST100072459,Home Security Add-on,0.8096,2026-07-16
CUST100011405,International Roaming Pack,0.42,2026-07-10
CUST100063249,5G Handset Upgrade,0.4975,2026-07-02
CUST100043399,International Roaming Pack,0.7813,2026-07-05
CUST100046414,International Roaming Pack,0.462,2026-07-01
CUST100076854,Home Security Add-on,0.7836,2026-07-04
CUST100095902,International Roaming Pack,0.246,2026-07-16
CUST100070635,5G Handset Upgrade,0.7552,2026-07-21
CUST100043243,Streaming Bundle,0.128,2026-07-16
CUST100086418,5G Handset Upgrade,0.893,2026-07-18
CUST100032019,International Roaming Pack,0.1565,2026-07-19
CUST100018927,Streaming Bundle,0.0452,2026-07-08
CUST100053023,5G Handset Upgrade,0.5951,2026-07-05
CUST100090497,Family Plan Upgrade,0.1808,2026-07-08
CUST100054462,International Roaming Pack,0.5269,2026-07-14
CUST100054824,5G Handset Upgrade,0.8328,2026-07-14
CUST100016845,Home Security Add-on,0.9344,2026-07-03
CUST100096001,Family Plan Upgrade,0.6397,2026-07-03
CUST100069056,Streaming Bundle,0.726,2026-07-05
CUST100059578,Family Plan Upgrade,0.2456,2026-07-06
CUST100054953,5G Handset Upgrade,0.6311,2026-07-04
CUST100052044,Home Security Add-on,0.9063,2026-07-02
CUST100066444,Home Security Add-on,0.4354,2026-07-08
CUST100028995,Streaming Bundle,0.6724,2026-07-06
CUST100048019,Family Plan Upgrade,0.7018,2026-07-05
CUST100089167,5G Handset Upgrade,0.727,2026-07-13
CUST100011221,5G Handset Upgrade,0.8265,2026-07-05
CUST100079390,Family Plan Upgrade,0.4574,2026-07-12
CUST100064484,5G Handset Upgrade,0.9668,2026-07-04
CUST100034085,Family Plan Upgrade,0.3799,2026-07-08
CUST100095359,Device Insurance,0.8419,2026-07-02
CUST100027669,Device Insurance,0.048,2026-07-23
CUST100095494,Home Security Add-on,0.6517,2026-07-18
CUST100056568,Device Insurance,0.3334,2026-07-18
CUST100015428,Streaming Bundle,0.3373,2026-07-08
CUST100058732,Device Insurance,0.5678,2026-07-19
CUST100023450,Home Security Add-on,0.0241,2026-07-21
CUST100068265,Streaming Bundle,0.2718,2026-07-01
CUST100033241,International Roaming Pack,0.4738,2026-07-22
CUST100074007,Device Insurance,0.9507,2026-07-21
CUST100085391,Streaming Bundle,0.4163,2026-07-19
CUST100049625,Streaming Bundle,0.8964,2026-07-05
CUST100099372,Family Plan Upgrade,0.3107,2026-07-11
CUST100074719,5G Handset Upgrade,0.6132,2026-07-22
CUST100020835,Home Security Add-on,0.293,2026-07-16
CUST100042928,Family Plan Upgrade,0.6479,2026-07-13
CUST100014435,5G Handset Upgrade,0.1391,2026-07-06
CUST100064400,Streaming Bundle,0.819,2026-07-23
CUST100035613,International Roaming Pack,0.2104,2026-07-07
CUST100068626,Home Security Add-on,0.3338,2026-07-16
CUST100015448,Device Insurance,0.0339,2026-07-23
CUST100096507,International Roaming Pack,0.7677,2026-07-11
CUST100054867,Family Plan Upgrade,0.3143,2026-07-12
CUST100044361,Home Security Add-on,0.3377,2026-07-01
CUST100023793,Home Security Add-on,0.8928,2026-07-09
CUST100001460,5G Handset Upgrade,0.7549,2026-07-11
CUST100000653,Home Security Add-on,0.2667,2026-07-13
CUST100058310,Streaming Bundle,0.0527,2026-07-17
CUST100083487,Streaming Bundle,0.1873,2026-07-06
CUST100071951,Family Plan Upgrade,0.4692,2026-07-07
CUST100093729,Streaming Bundle,0.4364,2026-07-01
CUST100043100,Family Plan Upgrade,0.9554,2026-07-01
CUST100030372,International Roaming Pack,0.7527,2026-07-03
CUST100009496,Device Insurance,0.1081,2026-07-01
CUST100043421,International Roaming Pack,0.3332,2026-07-13
CUST100036451,Home Security Add-on,0.238,2026-07-18
CUST100055939,Streaming Bundle,0.7047,2026-07-04
CUST100046952,Family Plan Upgrade,0.3262,2026-07-07
CUST100004245,Home Security Add-on,0.7474,2026-07-13
CUST100050740,Device Insurance,0.9695,2026-07-04
CUST100076993,Home Security Add-on,0.0969,2026-07-13
CUST100036887,International Roaming Pack,0.9725,2026-07-07
CUST100070661,Home Security Add-on,0.0936,2026-07-02
CUST100001720,Family Plan Upgrade,0.9739,2026-07-07
CUST100040715,Family Plan Upgrade,0.6655,2026-07-10
CUST100032373,Streaming Bundle,0.3747,2026-07-19
CUST100042032,International Roaming Pack,0.2104,2026-07-19
CUST100057981,Device Insurance,0.5741,2026-07-13
CUST100006665,Home Security Add-on,0.2617,2026-07-15
CUST100023571,Home Security Add-on,0.8544,2026-07-12
CUST100048179,Device Insurance,0.9246,2026-07-10
CUST100000230,Home Security Add-on,0.4125,2026-07-21
CUST100077819,Streaming Bundle,0.986,2026-07-01
CUST100060401,Streaming Bundle,0.717,2026-07-19
CUST100060404,Device Insurance,0.6561,2026-07-11
CUST100017939,International Roaming Pack,0.6323,2026-07-14
CUST100011396,5G Handset Upgrade,0.2287,2026-07-16
CUST100045574,Family Plan Upgrade,0.8536,2026-07-15
CUST100091441,5G Handset Upgrade,0.9543,2026-07-07
CUST100045900,Streaming Bundle,0.2104,2026-07-02
CUST100059865,Home Security Add-on,0.018,2026-07-06
CUST100097965,Family Plan Upgrade,0.9598,2026-07-08
CUST100075680,Device Insurance,0.566,2026-07-10
CUST100060850,Home Security Add-on,0.8037,2026-07-10
CUST100026812,Home Security Add-on,0.3836,2026-07-08
CUST100092904,5G Handset Upgrade,0.3008,2026-07-03
CUST100021110,Streaming Bundle,0.3083,2026-07-19
CUST100074800,Home Security Add-on,0.8341,2026-07-19
CUST100004475,5G Handset Upgrade,0.0408,2026-07-13
CUST100005797,5G Handset Upgrade,0.0628,2026-07-06
CUST100076934,Home Security Add-on,0.62,2026-07-09
CUST100099980,Family Plan Upgrade,0.0908,2026-07-08
CUST100040214,5G Handset Upgrade,0.8316,2026-07-21
CUST100015315,International Roaming Pack,0.7693,2026-07-15
CUST100014969,Device Insurance,0.6223,2026-07-18
CUST100077287,International Roaming Pack,0.1241,2026-07-10
CUST100085283,Family Plan Upgrade,0.5104,2026-07-20
CUST100003468,Home Security Add-on,0.1421,2026-07-10
CUST100079017,International Roaming Pack,0.4651,2026-07-21
CUST100021451,Streaming Bundle,0.7181,2026-07-16
CUST100074167,International Roaming Pack,0.5504,2026-07-08
CUST100089449,Home Security Add-on,0.0952,2026-07-17
CUST100033109,Device Insurance,0.1126,2026-07-07
CUST100097566,Family Plan Upgrade,0.6906,2026-07-04
CUST100039244,Home Security Add-on,0.3679,2026-07-09
CUST100041802,Home Security Add-on,0.282,2026-07-13
CUST100004057,Device Insurance,0.8257,2026-07-11
CUST100022180,Home Security Add-on,0.3622,2026-07-09
CUST100034817,5G Handset Upgrade,0.1937,2026-07-03
CUST100021894,Device Insurance,0.5658,2026-07-10
CUST100040077,Family Plan Upgrade,0.1562,2026-07-11
CUST100031252,Family Plan Upgrade,0.6048,2026-07-10
CUST100002784,Family Plan Upgrade,0.7196,2026-07-13
CUST100067077,Device Insurance,0.4321,2026-07-04
CUST100083179,Streaming Bundle,0.4536,2026-07-08
CUST100089365,Streaming Bundle,0.1524,2026-07-18
CUST100026693,Family Plan Upgrade,0.7356,2026-07-15
CUST100053604,Device Insurance,0.649,2026-07-23
CUST100018268,5G Handset Upgrade,0.6552,2026-07-18
CUST100018329,Home Security Add-on,0.7836,2026-07-13
CUST100057067,5G Handset Upgrade,0.9563,2026-07-05
CUST100002281,5G Handset Upgrade,0.6849,2026-07-11
CUST100075567,Family Plan Upgrade,0.7325,2026-07-05
CUST100020286,Family Plan Upgrade,0.2219,2026-07-19
CUST100025096,Streaming Bundle,0.976,2026-07-16
CUST100005406,Device Insurance,0.1497,2026-07-15
CUST100064932,Home Security Add-on,0.9138,2026-07-04
CUST100064435,International Roaming Pack,0.647,2026-07-08
CUST100034379,International Roaming Pack,0.8856,2026-07-12
CUST100012876,Home Security Add-on,0.476,2026-07-14
CUST100006896,Home Security Add-on,0.4343,2026-07-14
CUST100024264,5G Handset Upgrade,0.0134,2026-07-12
CUST100052246,International Roaming Pack,0.8555,2026-07-14
CUST100007692,Family Plan Upgrade,0.1857,2026-07-23
CUST100067553,Family Plan Upgrade,0.0996,2026-07-16
CUST100066486,Streaming Bundle,0.9889,2026-07-07
CUST100039929,Streaming Bundle,0.6514,2026-07-19
CUST100067247,International Roaming Pack,0.9525,2026-07-08
CUST100033642,Family Plan Upgrade,0.5677,2026-07-07
CUST100001313,Device Insurance,0.2272,2026-07-18
CUST100062982,Family Plan Upgrade,0.8522,2026-07-08
CUST100052321,Device Insurance,0.9967,2026-07-04
CUST100048376,Device Insurance,0.1,2026-07-15
CUST100085460,Streaming Bundle,0.2842,2026-07-12
CUST100095378,Device Insurance,0.8421,2026-07-09
CUST100019434,Device Insurance,0.4068,2026-07-16
CUST100007298,Home Security Add-on,0.166,2026-07-21
CUST100064154,Home Security Add-on,0.2014,2026-07-05
CUST100097024,5G Handset Upgrade,0.9487,2026-07-17
CUST100024769,Streaming Bundle,0.3668,2026-07-16
CUST100022033,Family Plan Upgrade,0.5598,2026-07-16
CUST100059806,Streaming Bundle,0.7567,2026-07-21
CUST100012205,Device Insurance,0.942,2026-07-23
CUST100023558,Streaming Bundle,0.4163,2026-07-19
CUST100078774,Device Insurance,0.0421,2026-07-03
CUST100061263,Device Insurance,0.6204,2026-07-11
CUST100001906,Family Plan Upgrade,0.9087,2026-07-01
CUST100085032,International Roaming Pack,0.4502,2026-07-12
CUST100014976,International Roaming Pack,0.9488,2026-07-15
CUST100094079,Family Plan Upgrade,0.9377,2026-07-09
CUST100020094,Streaming Bundle,0.3773,2026-07-23
CUST100032248,Family Plan Upgrade,0.0732,2026-07-21
CUST100034781,Device Insurance,0.0104,2026-07-21
CUST100097059,Home Security Add-on,0.091,2026-07-18
CUST100041915,Home Security Add-on,0.4374,2026-07-17
CUST100013104,Device Insurance,0.3708,2026-07-11
CUST100056243,Device Insurance,0.2842,2026-07-12
CUST100022409,Streaming Bundle,0.7831,2026-07-23
CUST100028878,Device Insurance,0.3524,2026-07-14
CUST100009165,Device Insurance,0.0329,2026-07-23
CUST100030074,Streaming Bundle,0.8565,2026-07-20
CUST100007697,Home Security Add-on,0.7221,2026-07-12
CUST100019436,Streaming Bundle,0.1662,2026-07-09
CUST100078721,International Roaming Pack,0.6222,2026-07-04
CUST100070664,Device Insurance,0.4217,2026-07-06
CUST100023087,Home Security Add-on,0.846,2026-07-04
CUST100079749,5G Handset Upgrade,0.6454,2026-07-19
CUST100031456,International Roaming Pack,0.0185,2026-07-12
CUST100072471,Device Insurance,0.2937,2026-07-23
CUST100051104,Home Security Add-on,0.7515,2026-07-02
CUST100038166,Home Security Add-on,0.0517,2026-07-08
CUST100002872,International Roaming Pack,0.1863,2026-07-10
CUST100016155,5G Handset Upgrade,0.7672,2026-07-18
CUST100093927,Streaming Bundle,0.7166,2026-07-21
CUST100021400,Home Security Add-on,0.8036,2026-07-20
CUST100071195,International Roaming Pack,0.8891,2026-07-07
CUST100025729,5G Handset Upgrade,0.5645,2026-07-04
CUST100099167,Device Insurance,0.5578,2026-07-17
CUST100096000,Streaming Bundle,0.2081,2026-07-20
CUST100079666,5G Handset Upgrade,0.9905,2026-07-04
CUST100094429,Device Insurance,0.9316,2026-07-06
CUST100099675,Family Plan Upgrade,0.0475,2026-07-16
CUST100009564,Streaming Bundle,0.3167,2026-07-18
CUST100017593,International Roaming Pack,0.0532,2026-07-12
CUST100095526,Home Security Add-on,0.3306,2026-07-22
CUST100050967,Home Security Add-on,0.2731,2026-07-09
CUST100085644,5G Handset Upgrade,0.5937,2026-07-07
CUST100017453,International Roaming Pack,0.7824,2026-07-07
CUST100006545,Streaming Bundle,0.0938,2026-07-04
CUST100077602,Streaming Bundle,0.7344,2026-07-10
CUST100034155,Device Insurance,0.1971,2026-07-06
CUST100090119,5G Handset Upgrade,0.1398,2026-07-17
CUST100033858,5G Handset Upgrade,0.135,2026-07-01
CUST100007988,Streaming Bundle,0.4913,2026-07-10
CUST100080398,Streaming Bundle,0.1264,2026-07-23
CUST100057824,Family Plan Upgrade,0.1207,2026-07-15
CUST100064969,5G Handset Upgrade,0.8746,2026-07-07
CUST100009596,Home Security Add-on,0.8119,2026-07-11
CUST100087904,Family Plan Upgrade,0.0648,2026-07-11
CUST100013441,Device Insurance,0.4216,2026-07-14
CUST100080797,International Roaming Pack,0.7437,2026-07-07
CUST100052744,Family Plan Upgrade,0.3748,2026-07-10
CUST100052500,5G Handset Upgrade,0.0523,2026-07-05
CUST100037128,Home Security Add-on,0.752,2026-07-02
CUST100021479,Home Security Add-on,0.2228,2026-07-07
CUST100083794,Streaming Bundle,0.117,2026-07-20
CUST100039974,Streaming Bundle,0.142,2026-07-21
CUST100060821,International Roaming Pack,0.0605,2026-07-22
CUST100019332,Streaming Bundle,0.9587,2026-07-05
CUST100095152,Streaming Bundle,0.3261,2026-07-10
CUST100038670,5G Handset Upgrade,0.07,2026-07-22
CUST100099037,Device Insurance,0.8103,2026-07-16
CUST100084748,Streaming Bundle,0.4476,2026-07-15
CUST100070715,International Roaming Pack,0.8768,2026-07-23
CUST100053053,5G Handset Upgrade,0.8219,2026-07-14
CUST100068011,Device Insurance,0.1474,2026-07-04
CUST100036953,5G Handset Upgrade,0.7163,2026-07-02
CUST100018506,Device Insurance,0.2199,2026-07-14
CUST100072346,Device Insurance,0.8694,2026-07-16
CUST100033855,5G Handset Upgrade,0.0071,2026-07-07
CUST100076475,Family Plan Upgrade,0.5866,2026-07-08
CUST100004290,Family Plan Upgrade,0.5339,2026-07-07
CUST100068450,Streaming Bundle,0.4883,2026-07-18
CUST100018870,Streaming Bundle,0.5453,2026-07-19
CUST100061393,5G Handset Upgrade,0.5375,2026-07-14
CUST100075875,Streaming Bundle,0.2489,2026-07-11
CUST100083808,International Roaming Pack,0.3051,2026-07-04
CUST100044178,Family Plan Upgrade,0.0182,2026-07-15
CUST100058006,International Roaming Pack,0.9244,2026-07-14
CUST100084564,International Roaming Pack,0.3765,2026-07-21
CUST100070577,Family Plan Upgrade,0.8117,2026-07-07
CUST100083069,Device Insurance,0.6657,2026-07-02
CUST100056362,International Roaming Pack,0.2926,2026-07-03
CUST100049192,Streaming Bundle,0.1276,2026-07-11
CUST100095845,Streaming Bundle,0.0102,2026-07-11
CUST100072209,International Roaming Pack,0.9743,2026-07-03
CUST100050351,Device Insurance,0.1382,2026-07-21
CUST100051980,Home Security Add-on,0.7075,2026-07-23
CUST100099117,Streaming Bundle,0.1078,2026-07-12
CUST100051348,Streaming Bundle,0.586,2026-07-13
CUST100081141,Device Insurance,0.9484,2026-07-07
CUST100005262,Device Insurance,0.3661,2026-07-09
CUST100063448,Device Insurance,0.922,2026-07-12
CUST100044989,Home Security Add-on,0.5881,2026-07-05
CUST100096317,5G Handset Upgrade,0.7148,2026-07-01
CUST100060422,5G Handset Upgrade,0.7588,2026-07-05
CUST100051290,Family Plan Upgrade,0.9617,2026-07-19
CUST100016450,Family Plan Upgrade,0.1779,2026-07-03
CUST100086758,International Roaming Pack,0.9904,2026-07-05
CUST100010386,International Roaming Pack,0.9131,2026-07-12
CUST100025518,Family Plan Upgrade,0.5255,2026-07-07
CUST100009515,International Roaming Pack,0.2225,2026-07-04
CUST100018024,Device Insurance,0.4648,2026-07-04
CUST100035517,5G Handset Upgrade,0.1847,2026-07-18
CUST100023625,Family Plan Upgrade,0.858,2026-07-17
CUST100069523,Home Security Add-on,0.0146,2026-07-23
CUST100004565,Family Plan Upgrade,0.1085,2026-07-15
CUST100081443,International Roaming Pack,0.1603,2026-07-08
CUST100065868,5G Handset Upgrade,0.6715,2026-07-15
CUST100080406,International Roaming Pack,0.5137,2026-07-07
CUST100091399,Family Plan Upgrade,0.599,2026-07-05
CUST100009519,Device Insurance,0.4328,2026-07-01
CUST100001331,Family Plan Upgrade,0.7372,2026-07-22
CUST100039888,Family Plan Upgrade,0.6367,2026-07-03
CUST100055965,Device Insurance,0.7328,2026-07-06
CUST100012263,International Roaming Pack,0.3152,2026-07-17
CUST100036209,Home Security Add-on,0.3512,2026-07-23
CUST100023004,5G Handset Upgrade,0.074,2026-07-02
CUST100059709,5G Handset Upgrade,0.7931,2026-07-05
CUST100071110,Home Security Add-on,0.8262,2026-07-15
CUST100026795,Home Security Add-on,0.9146,2026-07-03
CUST100026680,Device Insurance,0.4758,2026-07-23
CUST100050803,Streaming Bundle,0.7858,2026-07-02
CUST100068379,5G Handset Upgrade,0.842,2026-07-19
CUST100068980,Home Security Add-on,0.2927,2026-07-18
CUST100084063,Device Insurance,0.441,2026-07-13
CUST100012350,5G Handset Upgrade,0.2573,2026-07-06
CUST100006860,5G Handset Upgrade,0.26,2026-07-22
CUST100077773,Streaming Bundle,0.7276,2026-07-04
CUST100095254,5G Handset Upgrade,0.9017,2026-07-11
CUST100044846,Home Security Add-on,0.1838,2026-07-17
CUST100089544,Family Plan Upgrade,0.5208,2026-07-11
CUST100016859,Home Security Add-on,0.1164,2026-07-07
CUST100076394,Device Insurance,0.3891,2026-07-20
CUST100002773,International Roaming Pack,0.355,2026-07-06
CUST100030927,5G Handset Upgrade,0.9012,2026-07-03
CUST100080696,Device Insurance,0.0984,2026-07-16
CUST100033402,Family Plan Upgrade,0.8227,2026-07-06
CUST100086310,Family Plan Upgrade,0.6571,2026-07-22
CUST100037493,International Roaming Pack,0.8383,2026-07-20
CUST100057443,5G Handset Upgrade,0.8249,2026-07-03
CUST100038149,Device Insurance,0.7264,2026-07-11
CUST100006132,5G Handset Upgrade,0.0543,2026-07-03
CUST100092486,International Roaming Pack,0.7321,2026-07-07
CUST100061033,Device Insurance,0.1546,2026-07-15
CUST100072217,Family Plan Upgrade,0.0781,2026-07-12
CUST100026309,Family Plan Upgrade,0.1343,2026-07-10
CUST100008681,5G Handset Upgrade,0.4018,2026-07-10
CUST100099441,5G Handset Upgrade,0.3269,2026-07-20
CUST100059101,5G Handset Upgrade,0.3876,2026-07-15
CUST100017447,Home Security Add-on,0.9671,2026-07-09
CUST100075393,Streaming Bundle,0.7333,2026-07-12
CUST100043883,5G Handset Upgrade,0.2898,2026-07-14
CUST100015442,Family Plan Upgrade,0.9263,2026-07-10
CUST100052522,Home Security Add-on,0.2396,2026-07-15
CUST100091823,International Roaming Pack,0.6412,2026-07-14
CUST100077980,Family Plan Upgrade,0.1048,2026-07-07
CUST100079124,Device Insurance,0.6061,2026-07-21
CUST100068856,Device Insurance,0.181,2026-07-23
CUST100072514,5G Handset Upgrade,0.5205,2026-07-19
CUST100066200,Family Plan Upgrade,0.6739,2026-07-15
CUST100096785,Family Plan Upgrade,0.9757,2026-07-21
CUST100062024,Family Plan Upgrade,0.2863,2026-07-09
CUST100022569,5G Handset Upgrade,0.2497,2026-07-08
CUST100029943,International Roaming Pack,0.2216,2026-07-05
CUST100093721,Streaming Bundle,0.8218,2026-07-11
CUST100077497,Streaming Bundle,0.1524,2026-07-02
CUST100094119,Family Plan Upgrade,0.248,2026-07-04
CUST100063307,Device Insurance,0.6381,2026-07-17
CUST100044380,Device Insurance,0.9864,2026-07-05
CUST100082618,Device Insurance,0.6496,2026-07-07
CUST100093968,5G Handset Upgrade,0.8787,2026-07-23
CUST100033347,Streaming Bundle,0.8904,2026-07-17
CUST100075100,5G Handset Upgrade,0.4675,2026-07-06
CUST100023428,Device Insurance,0.9284,2026-07-21
CUST100065143,5G Handset Upgrade,0.6501,2026-07-06
CUST100022840,International Roaming Pack,0.5148,2026-07-02
CUST100066732,Family Plan Upgrade,0.3423,2026-07-10
CUST100014868,Family Plan Upgrade,0.5567,2026-07-15
CUST100076212,Streaming Bundle,0.2948,2026-07-02
CUST100050478,Home Security Add-on,0.2469,2026-07-13
CUST100018421,International Roaming Pack,0.0098,2026-07-10
CUST100026835,International Roaming Pack,0.7188,2026-07-23
CUST100071748,Device Insurance,0.4751,2026-07-10
CUST100030606,International Roaming Pack,0.9681,2026-07-03
CUST100057876,Family Plan Upgrade,0.0771,2026-07-14
CUST100095460,International Roaming Pack,0.6967,2026-07-04
CUST100004752,Home Security Add-on,0.5331,2026-07-21
CUST100035433,5G Handset Upgrade,0.8418,2026-07-18
CUST100054835,Family Plan Upgrade,0.574,2026-07-05
CUST100032742,Streaming Bundle,0.2031,2026-07-11
CUST100035144,Device Insurance,0.8615,2026-07-18
CUST100039690,International Roaming Pack,0.0971,2026-07-11
CUST100001595,5G Handset Upgrade,0.3466,2026-07-09
CUST100022223,5G Handset Upgrade,0.2878,2026-07-20
CUST100000624,5G Handset Upgrade,0.8733,2026-07-14
CUST100050507,Home Security Add-on,0.4938,2026-07-11
CUST100020776,Family Plan Upgrade,0.1675,2026-07-20
CUST100088603,Home Security Add-on,0.1527,2026-07-12
CUST100027384,Device Insurance,0.0557,2026-07-16
CUST100020793,International Roaming Pack,0.4916,2026-07-03
CUST100030011,5G Handset Upgrade,0.9045,2026-07-19
CUST100064413,Device Insurance,0.9351,2026-07-03
CUST100096895,Streaming Bundle,0.6601,2026-07-22
CUST100055347,International Roaming Pack,0.7711,2026-07-08
CUST100056780,Family Plan Upgrade,0.086,2026-07-03
CUST100009551,Device Insurance,0.3851,2026-07-15
CUST100037730,International Roaming Pack,0.3931,2026-07-15
CUST100068645,5G Handset Upgrade,0.6109,2026-07-15
CUST100045206,Home Security Add-on,0.2009,2026-07-11
CUST100088658,Family Plan Upgrade,0.4558,2026-07-22
CUST100067129,Device Insurance,0.8841,2026-07-23
CUST100077845,5G Handset Upgrade,0.5636,2026-07-22
CUST100033315,Family Plan Upgrade,0.9048,2026-07-18
CUST100017321,Device Insurance,0.6368,2026-07-01
CUST100024691,Family Plan Upgrade,0.0715,2026-07-20
CUST100031608,Streaming Bundle,0.0344,2026-07-22
CUST100030584,International Roaming Pack,0.3998,2026-07-15
CUST100030185,Device Insurance,0.468,2026-07-20
CUST100095937,Streaming Bundle,0.8994,2026-07-14
CUST100014161,International Roaming Pack,0.6453,2026-07-13
CUST100062587,Family Plan Upgrade,0.6107,2026-07-20
CUST100051010,Streaming Bundle,0.0528,2026-07-18
CUST100019820,International Roaming Pack,0.9831,2026-07-11
CUST100026438,Device Insurance,0.2066,2026-07-02
CUST100069563,Family Plan Upgrade,0.915,2026-07-08
CUST100098263,Device Insurance,0.6658,2026-07-09
CUST100050934,Streaming Bundle,0.2017,2026-07-12
CUST100057922,Home Security Add-on,0.3328,2026-07-22
CUST100073708,Family Plan Upgrade,0.2894,2026-07-16
CUST100005431,Streaming Bundle,0.4068,2026-07-22
CUST100092612,International Roaming Pack,0.6531,2026-07-04
CUST100005994,Streaming Bundle,0.803,2026-07-10
CUST100006196,Family Plan Upgrade,0.7857,2026-07-15
CUST100029540,Streaming Bundle,0.5586,2026-07-10
CUST100042551,5G Handset Upgrade,0.8828,2026-07-19
CUST100057221,5G Handset Upgrade,0.2279,2026-07-09
CUST100098238,Streaming Bundle,0.0906,2026-07-10
CUST100023357,Device Insurance,0.2932,2026-07-19
CUST100031929,Device Insurance,0.2546,2026-07-03
CUST100090863,International Roaming Pack,0.2594,2026-07-04
CUST100020940,Home Security Add-on,0.4193,2026-07-08
CUST100092279,Streaming Bundle,0.7322,2026-07-19
CUST100079259,Home Security Add-on,0.0613,2026-07-03
CUST100039055,Family Plan Upgrade,0.6678,2026-07-17
CUST100056460,Streaming Bundle,0.2352,2026-07-17
CUST100037969,Streaming Bundle,0.7159,2026-07-09
CUST100023303,Family Plan Upgrade,0.9088,2026-07-23
CUST100052561,5G Handset Upgrade,0.7367,2026-07-07
CUST100007049,5G Handset Upgrade,0.0056,2026-07-01
CUST100060082,Device Insurance,0.1354,2026-07-06
CUST100015332,Family Plan Upgrade,0.5561,2026-07-12
CUST100059689,Home Security Add-on,0.486,2026-07-11
CUST100063726,5G Handset Upgrade,0.8218,2026-07-18
CUST100074691,5G Handset Upgrade,0.9736,2026-07-05
CUST100000702,Device Insurance,0.9454,2026-07-10
CUST100066970,Streaming Bundle,0.4463,2026-07-01
CUST100031432,5G Handset Upgrade,0.536,2026-07-08
CUST100087710,Streaming Bundle,0.6688,2026-07-03
CUST100029674,Home Security Add-on,0.2613,2026-07-16
CUST100055963,Family Plan Upgrade,0.8568,2026-07-10
CUST100061605,Device Insurance,0.9618,2026-07-08
CUST100076651,Family Plan Upgrade,0.7522,2026-07-03
CUST100038582,Device Insurance,0.27,2026-07-11
CUST100028440,Device Insurance,0.9302,2026-07-06
CUST100023114,Home Security Add-on,0.4042,2026-07-04
CUST100002676,Home Security Add-on,0.055,2026-07-11
CUST100016261,Home Security Add-on,0.3472,2026-07-05
CUST100088161,International Roaming Pack,0.3033,2026-07-13
CUST100020427,Streaming Bundle,0.9173,2026-07-16
CUST100020551,5G Handset Upgrade,0.1659,2026-07-14
CUST100066610,Streaming Bundle,0.2021,2026-07-21
CUST100080898,Streaming Bundle,0.844,2026-07-15
CUST100021686,Streaming Bundle,0.8387,2026-07-20
CUST100016336,International Roaming Pack,0.4082,2026-07-04
CUST100002867,International Roaming Pack,0.9583,2026-07-20
CUST100078789,Family Plan Upgrade,0.1971,2026-07-02
CUST100015574,International Roaming Pack,0.756,2026-07-03
CUST100022958,Home Security Add-on,0.9568,2026-07-06
CUST100079225,Streaming Bundle,0.8128,2026-07-10
CUST100055564,International Roaming Pack,0.5896,2026-07-01
CUST100081475,5G Handset Upgrade,0.8983,2026-07-01
CUST100089381,Streaming Bundle,0.3982,2026-07-03
CUST100056751,Family Plan Upgrade,0.1922,2026-07-18
CUST100046201,Device Insurance,0.9366,2026-07-16
CUST100092203,Streaming Bundle,0.5593,2026-07-12
CUST100080537,Family Plan Upgrade,0.0088,2026-07-11
CUST100097551,International Roaming Pack,0.4231,2026-07-19
CUST100050797,Device Insurance,0.6413,2026-07-11
CUST100085318,Device Insurance,0.7722,2026-07-17
CUST100075179,Family Plan Upgrade,0.8733,2026-07-13
CUST100098194,Device Insurance,0.9195,2026-07-08
CUST100058193,Streaming Bundle,0.7015,2026-07-20
CUST100029865,5G Handset Upgrade,0.4544,2026-07-10
CUST100050003,International Roaming Pack,0.2816,2026-07-15
CUST100056001,5G Handset Upgrade,0.7362,2026-07-06
CUST100018034,5G Handset Upgrade,0.1487,2026-07-10
CUST100060869,5G Handset Upgrade,0.9283,2026-07-02
CUST100064827,5G Handset Upgrade,0.6779,2026-07-20
CUST100052715,Home Security Add-on,0.54,2026-07-06
CUST100060848,Home Security Add-on,0.4075,2026-07-05
CUST100059114,Home Security Add-on,0.6643,2026-07-09
CUST100003112,5G Handset Upgrade,0.446,2026-07-22
CUST100005633,Family Plan Upgrade,0.4041,2026-07-12
CUST100037732,Home Security Add-on,0.0192,2026-07-08
CUST100051096,5G Handset Upgrade,0.6623,2026-07-16
CUST100060551,Home Security Add-on,0.9048,2026-07-16
CUST100052802,5G Handset Upgrade,0.5789,2026-07-06
CUST100001263,Home Security Add-on,0.3794,2026-07-09
CUST100039736,Home Security Add-on,0.9784,2026-07-03
CUST100051066,Home Security Add-on,0.2088,2026-07-05
CUST100023409,Streaming Bundle,0.3294,2026-07-09
CUST100068740,Streaming Bundle,0.256,2026-07-16
CUST100083439,International Roaming Pack,0.7124,2026-07-02
CUST100011862,Family Plan Upgrade,0.3565,2026-07-21
CUST100043596,5G Handset Upgrade,0.2319,2026-07-01
CUST100097524,Home Security Add-on,0.704,2026-07-05
CUST100084244,International Roaming Pack,0.9796,2026-07-16
CUST100011530,Device Insurance,0.2287,2026-07-16
CUST100033563,Streaming Bundle,0.3139,2026-07-05
CUST100039610,5G Handset Upgrade,0.47,2026-07-05
CUST100061167,Streaming Bundle,0.5715,2026-07-07
CUST100002237,International Roaming Pack,0.9939,2026-07-17
CUST100018070,International Roaming Pack,0.3033,2026-07-04
CUST100093617,Device Insurance,0.0006,2026-07-19
CUST100057869,Device Insurance,0.8841,2026-07-13
CUST100004244,5G Handset Upgrade,0.8717,2026-07-23
CUST100092011,International Roaming Pack,0.7525,2026-07-23
CUST100058877,5G Handset Upgrade,0.0692,2026-07-18
CUST100021535,5G Handset Upgrade,0.2441,2026-07-20
CUST100034098,Family Plan Upgrade,0.6217,2026-07-10
CUST100092096,Device Insurance,0.4015,2026-07-15
CUST100011496,Home Security Add-on,0.0331,2026-07-19
CUST100080743,Home Security Add-on,0.2411,2026-07-14
CUST100070730,Home Security Add-on,0.6684,2026-07-12
CUST100097206,Streaming Bundle,0.9577,2026-07-10
CUST100019018,Device Insurance,0.2576,2026-07-11
CUST100040648,Device Insurance,0.181,2026-07-19
CUST100082070,Home Security Add-on,0.7973,2026-07-23
CUST100069595,Family Plan Upgrade,0.4504,2026-07-17
CUST100034510,Family Plan Upgrade,0.6501,2026-07-04
CUST100007999,Home Security Add-on,0.5154,2026-07-05
CUST100037548,5G Handset Upgrade,0.9546,2026-07-20
CUST100011715,5G Handset Upgrade,0.235,2026-07-04
CUST100046665,Device Insurance,0.8622,2026-07-15
CUST100041936,Home Security Add-on,0.0498,2026-07-13
CUST100068018,Device Insurance,0.7769,2026-07-02
CUST100057688,Streaming Bundle,0.1224,2026-07-23
CUST100062611,Family Plan Upgrade,0.7913,2026-07-17
CUST100049758,Device Insurance,0.0947,2026-07-09
CUST100055856,Streaming Bundle,0.2613,2026-07-07
CUST100042650,International Roaming Pack,0.831,2026-07-02
CUST100071700,Device Insurance,0.2045,2026-07-21
CUST100060835,Family Plan Upgrade,0.4053,2026-07-20
CUST100030608,Home Security Add-on,0.8049,2026-07-06
CUST100027237,Home Security Add-on,0.9423,2026-07-10
CUST100053630,Streaming Bundle,0.2558,2026-07-13
CUST100031990,Home Security Add-on,0.5537,2026-07-19
CUST100046119,5G Handset Upgrade,0.9738,2026-07-02
CUST100025395,International Roaming Pack,0.8292,2026-07-06
CUST100009571,Device Insurance,0.9785,2026-07-06
CUST100029344,Streaming Bundle,0.8431,2026-07-23
CUST100034236,5G Handset Upgrade,0.8214,2026-07-23
CUST100044939,Streaming Bundle,0.0904,2026-07-10
CUST100014494,Family Plan Upgrade,0.2302,2026-07-09
CUST100052119,Home Security Add-on,0.2918,2026-07-18
CUST100014508,Family Plan Upgrade,0.602,2026-07-06
CUST100012086,International Roaming Pack,0.8489,2026-07-04
CUST100077514,Home Security Add-on,0.533,2026-07-14
CUST100054132,International Roaming Pack,0.8725,2026-07-07
CUST100091115,5G Handset Upgrade,0.4085,2026-07-04
CUST100046642,Streaming Bundle,0.3993,2026-07-17
CUST100003372,International Roaming Pack,0.5382,2026-07-03
CUST100035272,Home Security Add-on,0.0485,2026-07-17
CUST100040308,Family Plan Upgrade,0.5671,2026-07-04
CUST100012075,Device Insurance,0.237,2026-07-17
CUST100002777,Family Plan Upgrade,0.2557,2026-07-16
CUST100072857,International Roaming Pack,0.028,2026-07-20
CUST100043580,Device Insurance,0.1057,2026-07-14
CUST100025026,Device Insurance,0.4597,2026-07-08
CUST100092122,Home Security Add-on,0.6569,2026-07-03
CUST100002093,Device Insurance,0.3509,2026-07-20
CUST100009244,International Roaming Pack,0.788,2026-07-15
CUST100030793,Streaming Bundle,0.7868,2026-07-15
CUST100091843,Family Plan Upgrade,0.8,2026-07-11
CUST100038459,5G Handset Upgrade,0.1204,2026-07-20
CUST100006635,5G Handset Upgrade,0.5551,2026-07-01
CUST100008251,Home Security Add-on,0.239,2026-07-15
CUST100011823,Streaming Bundle,0.5849,2026-07-13
CUST100012709,Device Insurance,0.6091,2026-07-01
CUST100092993,Streaming Bundle,0.2647,2026-07-02
CUST100002535,Home Security Add-on,0.501,2026-07-08
CUST100098042,5G Handset Upgrade,0.5282,2026-07-14
CUST100089689,Device Insurance,0.7949,2026-07-10
CUST100070320,International Roaming Pack,0.8469,2026-07-08
CUST100024373,Device Insurance,0.9393,2026-07-17
CUST100085975,5G Handset Upgrade,0.0065,2026-07-16
CUST100001842,5G Handset Upgrade,0.3299,2026-07-02
CUST100068052,International Roaming Pack,0.9,2026-07-14
CUST100016139,5G Handset Upgrade,0.1697,2026-07-21
CUST100064270,Home Security Add-on,0.944,2026-07-06
CUST100008703,Family Plan Upgrade,0.0325,2026-07-13
CUST100047430,5G Handset Upgrade,0.1535,2026-07-06
CUST100003590,Device Insurance,0.0131,2026-07-07
CUST100007548,5G Handset Upgrade,0.0284,2026-07-16
CUST100094456,International Roaming Pack,0.7967,2026-07-14
CUST100010923,Family Plan Upgrade,0.2287,2026-07-12
CUST100007498,Home Security Add-on,0.2279,2026-07-14
CUST100083388,Streaming Bundle,0.7218,2026-07-15
CUST100094145,5G Handset Upgrade,0.3075,2026-07-15
CUST100095255,Family Plan Upgrade,0.2835,2026-07-04
CUST100004314,International Roaming Pack,0.6825,2026-07-03
CUST100035388,International Roaming Pack,0.3756,2026-07-07
CUST100021773,Family Plan Upgrade,0.3471,2026-07-22
CUST100073195,Home Security Add-on,0.7608,2026-07-17
CUST100078895,International Roaming Pack,0.4272,2026-07-18
CUST100036436,Streaming Bundle,0.3359,2026-07-22
CUST100067162,Streaming Bundle,0.9364,2026-07-09
CUST100085994,Streaming Bundle,0.8321,2026-07-07
CUST100017234,Home Security Add-on,0.631,2026-07-22
CUST100025385,Device Insurance,0.8948,2026-07-17
CUST100059713,5G Handset Upgrade,0.24,2026-07-18
CUST100081876,Home Security Add-on,0.0282,2026-07-06
CUST100068508,Family Plan Upgrade,0.5533,2026-07-08
CUST100063420,Family Plan Upgrade,0.2683,2026-07-16
CUST100045296,International Roaming Pack,0.3617,2026-07-04
CUST100070829,Streaming Bundle,0.7082,2026-07-08
CUST100059107,Streaming Bundle,0.1503,2026-07-06
CUST100098874,Device Insurance,0.4011,2026-07-01
CUST100069177,Device Insurance,0.6485,2026-07-09
CUST100042880,Streaming Bundle,0.5934,2026-07-18
CUST100038728,Device Insurance,0.3242,2026-07-01
CUST100049572,Device Insurance,0.5555,2026-07-11
CUST100009282,5G Handset Upgrade,0.3408,2026-07-06
CUST100019260,Family Plan Upgrade,0.1415,2026-07-11
CUST100058973,5G Handset Upgrade,0.9963,2026-07-20
CUST100057436,Device Insurance,0.7673,2026-07-14
CUST100098198,Streaming Bundle,0.673,2026-07-04
CUST100091557,Streaming Bundle,0.1428,2026-07-20
CUST100020412,Device Insurance,0.7882,2026-07-05
CUST100004230,Device Insurance,0.265,2026-07-15
CUST100044516,Family Plan Upgrade,0.925,2026-07-22
CUST100011117,5G Handset Upgrade,0.7816,2026-07-22
CUST100080056,Streaming Bundle,0.694,2026-07-19
CUST100072879,Family Plan Upgrade,0.7575,2026-07-17
CUST100043419,Home Security Add-on,0.8217,2026-07-14
CUST100043872,International Roaming Pack,0.5239,2026-07-22
CUST100073223,Home Security Add-on,0.8544,2026-07-23
CUST100014892,International Roaming Pack,0.0289,2026-07-09
CUST100021217,5G Handset Upgrade,0.5681,2026-07-19
CUST100016309,5G Handset Upgrade,0.9692,2026-07-02
CUST100075036,Device Insurance,0.3055,2026-07-18
CUST100041814,Device Insurance,0.1982,2026-07-02
CUST100029393,International Roaming Pack,0.2398,2026-07-08
CUST100028628,Family Plan Upgrade,0.2621,2026-07-17
CUST100067936,Family Plan Upgrade,0.5496,2026-07-01
CUST100057299,Family Plan Upgrade,0.2446,2026-07-22
CUST100012548,5G Handset Upgrade,0.2464,2026-07-14
CUST100023381,5G Handset Upgrade,0.9323,2026-07-06
CUST100030506,International Roaming Pack,0.7858,2026-07-18
CUST100015770,5G Handset Upgrade,0.5606,2026-07-15
CUST100066551,Device Insurance,0.446,2026-07-10
CUST100061373,Device Insurance,0.9424,2026-07-10
CUST100002378,Device Insurance,0.3177,2026-07-17
CUST100032734,Streaming Bundle,0.9487,2026-07-15
CUST100000771,Family Plan Upgrade,0.2778,2026-07-23
CUST100003269,Family Plan Upgrade,0.5731,2026-07-02
CUST100084778,Family Plan Upgrade,0.9931,2026-07-04
CUST100051280,Streaming Bundle,0.1835,2026-07-05
CUST100025548,Device Insurance,0.9507,2026-07-11
CUST100009026,Device Insurance,0.9096,2026-07-08
CUST100020111,Home Security Add-on,0.0112,2026-07-23
CUST100038688,International Roaming Pack,0.1114,2026-07-09
CUST100082165,Device Insurance,0.9694,2026-07-09
CUST100012291,International Roaming Pack,0.2003,2026-07-02
CUST100009637,Device Insurance,0.2744,2026-07-23
CUST100060292,International Roaming Pack,0.7513,2026-07-18
CUST100066762,5G Handset Upgrade,0.9972,2026-07-16
CUST100042428,Device Insurance,0.6573,2026-07-19
CUST100081990,Device Insurance,0.3828,2026-07-18
CUST100057663,International Roaming Pack,0.1726,2026-07-06
CUST100002696,5G Handset Upgrade,0.2423,2026-07-19
CUST100025095,International Roaming Pack,0.0043,2026-07-21
CUST100070976,Home Security Add-on,0.3395,2026-07-17
CUST100090639,Streaming Bundle,0.382,2026-07-01
CUST100024709,Device Insurance,0.801,2026-07-10
CUST100049615,Home Security Add-on,0.994,2026-07-09
CUST100001271,5G Handset Upgrade,0.0395,2026-07-19
CUST100017315,Family Plan Upgrade,0.2218,2026-07-04
CUST100019944,5G Handset Upgrade,0.6017,2026-07-15
CUST100054674,Home Security Add-on,0.8697,2026-07-10
CUST100010662,5G Handset Upgrade,0.3637,2026-07-09
CUST100094454,Home Security Add-on,0.7822,2026-07-13
CUST100020320,Device Insurance,0.9816,2026-07-19
CUST100006181,Family Plan Upgrade,0.1992,2026-07-17
CUST100010061,5G Handset Upgrade,0.3542,2026-07-23
CUST100006629,Streaming Bundle,0.4566,2026-07-22
CUST100096178,Family Plan Upgrade,0.3975,2026-07-03
CUST100069101,International Roaming Pack,0.3323,2026-07-08
CUST100091056,International Roaming Pack,0.785,2026-07-14
CUST100033903,5G Handset Upgrade,0.4748,2026-07-06
CUST100062457,Device Insurance,0.7305,2026-07-12
CUST100077487,Device Insurance,0.3694,2026-07-05
CUST100078792,Family Plan Upgrade,0.4766,2026-07-18
CUST100023452,Streaming Bundle,0.2373,2026-07-23
CUST100087633,5G Handset Upgrade,0.8361,2026-07-15
CUST100040872,International Roaming Pack,0.2951,2026-07-05
CUST100065233,Home Security Add-on,0.8197,2026-07-07
CUST100024258,Home Security Add-on,0.3235,2026-07-01
CUST100032163,Streaming Bundle,0.9302,2026-07-07
CUST100027897,Family Plan Upgrade,0.3978,2026-07-07
CUST100026464,5G Handset Upgrade,0.9965,2026-07-01
CUST100095054,Device Insurance,0.6741,2026-07-16
CUST100009261,5G Handset Upgrade,0.105,2026-07-20
CUST100044882,Device Insurance,0.5031,2026-07-20
CUST100042796,Streaming Bundle,0.967,2026-07-21
CUST100062176,Home Security Add-on,0.5828,2026-07-20
CUST100043154,International Roaming Pack,0.9978,2026-07-19
CUST100042616,5G Handset Upgrade,0.1422,2026-07-14
CUST100035135,Family Plan Upgrade,0.347,2026-07-02
CUST100004634,Family Plan Upgrade,0.3594,2026-07-17
CUST100048433,Home Security Add-on,0.2847,2026-07-09
CUST100089597,Device Insurance,0.9093,2026-07-20
CUST100005561,5G Handset Upgrade,0.0369,2026-07-08
CUST100087550,International Roaming Pack,0.745,2026-07-12
CUST100075061,International Roaming Pack,0.8777,2026-07-08
CUST100046850,5G Handset Upgrade,0.2091,2026-07-03
CUST100020798,International Roaming Pack,0.3555,2026-07-12
CUST100070177,Home Security Add-on,0.726,2026-07-18
CUST100016877,Home Security Add-on,0.0634,2026-07-05
CUST100076487,Home Security Add-on,0.7738,2026-07-20
CUST100089346,Home Security Add-on,0.5124,2026-07-23
CUST100095681,International Roaming Pack,0.3969,2026-07-01
CUST100055821,Home Security Add-on,0.7806,2026-07-17
CUST100041331,Device Insurance,0.0517,2026-07-22
CUST100089082,International Roaming Pack,0.4932,2026-07-03
CUST100046637,Home Security Add-on,0.3599,2026-07-05
CUST100061738,Device Insurance,0.6244,2026-07-08
CUST100000119,Home Security Add-on,0.8996,2026-07-16
CUST100021865,International Roaming Pack,0.6951,2026-07-09
CUST100015492,Device Insurance,0.0753,2026-07-14
CUST100099022,International Roaming Pack,0.4494,2026-07-20
CUST100091736,5G Handset Upgrade,0.4009,2026-07-10
CUST100095664,Streaming Bundle,0.7646,2026-07-23
CUST100028245,Home Security Add-on,0.7516,2026-07-12
CUST100089737,Device Insurance,0.4923,2026-07-10
CUST100098807,International Roaming Pack,0.4107,2026-07-14
CUST100029427,Family Plan Upgrade,0.5397,2026-07-17
CUST100012793,Device Insurance,0.5493,2026-07-10
CUST100011379,5G Handset Upgrade,0.6647,2026-07-21
CUST100005338,Family Plan Upgrade,0.7853,2026-07-23
CUST100007175,Family Plan Upgrade,0.9744,2026-07-19
CUST100045380,Family Plan Upgrade,0.5159,2026-07-10
CUST100045874,Device Insurance,0.2238,2026-07-07
CUST100064194,Device Insurance,0.968,2026-07-05
CUST100029349,5G Handset Upgrade,0.0663,2026-07-05
CUST100057907,Home Security Add-on,0.1005,2026-07-19
CUST100096052,5G Handset Upgrade,0.2006,2026-07-13
CUST100004001,International Roaming Pack,0.3209,2026-07-11
CUST100003226,Streaming Bundle,0.8859,2026-07-23
CUST100035006,Streaming Bundle,0.3044,2026-07-22
CUST100075196,5G Handset Upgrade,0.824,2026-07-06
CUST100068884,Home Security Add-on,0.8826,2026-07-14
CUST100002182,5G Handset Upgrade,0.5588,2026-07-14
CUST100028460,Streaming Bundle,0.5786,2026-07-22
CUST100079550,5G Handset Upgrade,0.7697,2026-07-23
CUST100036299,International Roaming Pack,0.4559,2026-07-04
CUST100056505,Device Insurance,0.1844,2026-07-06
CUST100031529,5G Handset Upgrade,0.2901,2026-07-05
CUST100044978,Device Insurance,0.9369,2026-07-20
CUST100072428,International Roaming Pack,0.5314,2026-07-08
CUST100023826,Device Insurance,0.0863,2026-07-18
CUST100025826,Home Security Add-on,0.2931,2026-07-08
CUST100099969,Home Security Add-on,0.1414,2026-07-01
CUST100025350,Device Insurance,0.2654,2026-07-11
CUST100048864,Streaming Bundle,0.4707,2026-07-01
CUST100064186,5G Handset Upgrade,0.451,2026-07-14
CUST100036153,5G Handset Upgrade,0.1193,2026-07-01
CUST100076342,Family Plan Upgrade,0.4297,2026-07-20
CUST100032256,Home Security Add-on,0.6606,2026-07-17
CUST100053213,International Roaming Pack,0.7877,2026-07-01
CUST100090664,Streaming Bundle,0.0172,2026-07-19
CUST100061532,Device Insurance,0.0188,2026-07-09
CUST100031887,Family Plan Upgrade,0.5971,2026-07-09
CUST100022351,International Roaming Pack,0.7839,2026-07-11
CUST100037283,Streaming Bundle,0.6869,2026-07-18
CUST100070417,Family Plan Upgrade,0.9428,2026-07-19
CUST100041396,International Roaming Pack,0.39,2026-07-11
CUST100070834,International Roaming Pack,0.2706,2026-07-22
CUST100002150,Home Security Add-on,0.6676,2026-07-03
CUST100013682,International Roaming Pack,0.4312,2026-07-23
CUST100069051,Family Plan Upgrade,0.1005,2026-07-19
CUST100088612,Device Insurance,0.1203,2026-07-19
CUST100058715,Home Security Add-on,0.0844,2026-07-20
CUST100050689,Family Plan Upgrade,0.7677,2026-07-18
CUST100096351,Device Insurance,0.8352,2026-07-18
CUST100067870,International Roaming Pack,0.7762,2026-07-18
CUST100004755,Family Plan Upgrade,0.6664,2026-07-01
CUST100009986,International Roaming Pack,0.5541,2026-07-11
CUST100032435,5G Handset Upgrade,0.2963,2026-07-07
CUST100084084,Home Security Add-on,0.5618,2026-07-19
CUST100036045,Family Plan Upgrade,0.683,2026-07-14
CUST100057374,Family Plan Upgrade,0.7701,2026-07-11
CUST100097487,International Roaming Pack,0.7146,2026-07-11
CUST100020917,Home Security Add-on,0.6507,2026-07-22
CUST100066903,5G Handset Upgrade,0.5227,2026-07-08
CUST100050290,Home Security Add-on,0.7866,2026-07-05
CUST100092381,Streaming Bundle,0.4451,2026-07-14
CUST100028327,Streaming Bundle,0.9871,2026-07-07
CUST100004536,International Roaming Pack,0.1504,2026-07-17
CUST100048992,International Roaming Pack,0.2859,2026-07-19
CUST100044495,Family Plan Upgrade,0.007,2026-07-16
CUST100093375,Device Insurance,0.3332,2026-07-09
CUST100089537,Device Insurance,0.8724,2026-07-22
CUST100078329,Home Security Add-on,0.7383,2026-07-11
CUST100010034,Family Plan Upgrade,0.3685,2026-07-08
CUST100039355,5G Handset Upgrade,0.1447,2026-07-18
CUST100092818,Device Insurance,0.2178,2026-07-08
CUST100097242,International Roaming Pack,0.8277,2026-07-20
CUST100055815,Home Security Add-on,0.3376,2026-07-10
CUST100099948,Streaming Bundle,0.4209,2026-07-14
CUST100063428,Streaming Bundle,0.6362,2026-07-16
CUST100050416,Device Insurance,0.7478,2026-07-11
CUST100060464,Streaming Bundle,0.33,2026-07-22
CUST100049974,Home Security Add-on,0.3174,2026-07-12
CUST100096363,Family Plan Upgrade,0.5064,2026-07-15
CUST100000262,5G Handset Upgrade,0.3218,2026-07-06
CUST100019616,International Roaming Pack,0.2674,2026-07-14
CUST100038930,Device Insurance,0.5699,2026-07-08
CUST100036343,Device Insurance,0.0825,2026-07-04
CUST100050861,Family Plan Upgrade,0.8242,2026-07-18
CUST100010279,Streaming Bundle,0.8781,2026-07-14
CUST100020265,5G Handset Upgrade,0.8292,2026-07-23
CUST100095792,Home Security Add-on,0.3905,2026-07-14
CUST100036100,5G Handset Upgrade,0.3117,2026-07-11
CUST100012540,Family Plan Upgrade,0.3415,2026-07-08
CUST100020676,Home Security Add-on,0.1766,2026-07-11
CUST100051079,5G Handset Upgrade,0.0301,2026-07-13
CUST100096699,Family Plan Upgrade,0.9295,2026-07-01
CUST100003488,International Roaming Pack,0.3291,2026-07-04
CUST100013414,International Roaming Pack,0.4576,2026-07-10
CUST100079706,5G Handset Upgrade,0.6741,2026-07-07
CUST100062249,5G Handset Upgrade,0.6068,2026-07-07
CUST100005055,Streaming Bundle,0.0905,2026-07-18
CUST100062941,Streaming Bundle,0.9477,2026-07-09
CUST100098930,Device Insurance,0.5905,2026-07-10
CUST100059657,Home Security Add-on,0.8503,2026-07-22
CUST100075928,Device Insurance,0.0307,2026-07-22
CUST100015499,5G Handset Upgrade,0.2215,2026-07-01
CUST100097940,Device Insurance,0.5886,2026-07-18
CUST100069761,Streaming Bundle,0.5292,2026-07-23
CUST100074917,International Roaming Pack,0.4744,2026-07-15
CUST100054987,Family Plan Upgrade,0.3295,2026-07-19
CUST100068637,Home Security Add-on,0.6913,2026-07-22
CUST100085053,Family Plan Upgrade,0.6789,2026-07-08
CUST100050209,Streaming Bundle,0.9152,2026-07-11
CUST100051528,5G Handset Upgrade,0.9247,2026-07-21
CUST100057264,Family Plan Upgrade,0.4843,2026-07-02
CUST100053598,Device Insurance,0.0515,2026-07-02
CUST100017935,Device Insurance,0.4464,2026-07-05
CUST100059483,International Roaming Pack,0.8512,2026-07-02
CUST100092472,International Roaming Pack,0.7232,2026-07-18
CUST100002363,Device Insurance,0.4319,2026-07-15
CUST100048849,5G Handset Upgrade,0.1086,2026-07-21
CUST100067992,Streaming Bundle,0.4038,2026-07-16
CUST100004023,5G Handset Upgrade,0.5305,2026-07-20
CUST100071308,International Roaming Pack,0.778,2026-07-10
CUST100010511,Home Security Add-on,0.4355,2026-07-19
CUST100094877,Home Security Add-on,0.6931,2026-07-18
CUST100081435,Streaming Bundle,0.6959,2026-07-21
CUST100036514,Home Security Add-on,0.1963,2026-07-22
CUST100021013,International Roaming Pack,0.966,2026-07-04
CUST100081887,Streaming Bundle,0.5439,2026-07-01
CUST100087256,Streaming Bundle,0.2455,2026-07-22
CUST100033875,5G Handset Upgrade,0.3976,2026-07-11
CUST100082738,Streaming Bundle,0.2831,2026-07-20
CUST100095310,International Roaming Pack,0.8373,2026-07-19
CUST100026889,5G Handset Upgrade,0.574,2026-07-01
CUST100023623,5G Handset Upgrade,0.5556,2026-07-04
CUST100005284,Device Insurance,0.5499,2026-07-03
CUST100076415,Family Plan Upgrade,0.8266,2026-07-07
CUST100095224,International Roaming Pack,0.4266,2026-07-09
CUST100078518,Family Plan Upgrade,0.6529,2026-07-04
CUST100014267,Family Plan Upgrade,0.0173,2026-07-07
CUST100076544,International Roaming Pack,0.4426,2026-07-09
CUST100002351,Family Plan Upgrade,0.7885,2026-07-01
CUST100050577,International Roaming Pack,0.9887,2026-07-22
CUST100045769,Device Insurance,0.1308,2026-07-03
CUST100054341,International Roaming Pack,0.9442,2026-07-18
CUST100037473,Family Plan Upgrade,0.0644,2026-07-09
CUST100042730,Home Security Add-on,0.685,2026-07-14
CUST100069804,Home Security Add-on,0.6311,2026-07-06
CUST100013528,Streaming Bundle,0.9118,2026-07-22
CUST100032255,5G Handset Upgrade,0.45,2026-07-08
CUST100068469,Family Plan Upgrade,0.7415,2026-07-09
CUST100091924,Home Security Add-on,0.1661,2026-07-17
CUST100013268,Family Plan Upgrade,0.402,2026-07-01
CUST100050990,International Roaming Pack,0.1172,2026-07-10
CUST100065463,Home Security Add-on,0.5162,2026-07-11
CUST100051154,International Roaming Pack,0.4196,2026-07-15
CUST100009151,Family Plan Upgrade,0.8275,2026-07-15
CUST100080217,Streaming Bundle,0.0204,2026-07-15
CUST100065903,Family Plan Upgrade,0.5173,2026-07-06
CUST100032781,Streaming Bundle,0.6372,2026-07-07
CUST100087319,5G Handset Upgrade,0.2963,2026-07-23
CUST100004870,International Roaming Pack,0.6564,2026-07-16
CUST100023944,Device Insurance,0.9546,2026-07-20
CUST100019355,5G Handset Upgrade,0.9438,2026-07-21
CUST100079572,Streaming Bundle,0.7584,2026-07-14
CUST100068660,5G Handset Upgrade,0.1501,2026-07-05
CUST100092790,Streaming Bundle,0.4185,2026-07-14
CUST100006034,Family Plan Upgrade,0.9936,2026-07-03
CUST100017095,Device Insurance,0.738,2026-07-02
CUST100053729,Device Insurance,0.5688,2026-07-20
CUST100029941,Device Insurance,0.9649,2026-07-22
CUST100092356,Family Plan Upgrade,0.0851,2026-07-03
CUST100048815,Family Plan Upgrade,0.5126,2026-07-13
CUST100069382,Family Plan Upgrade,0.1853,2026-07-23
CUST100025297,Family Plan Upgrade,0.0772,2026-07-18
CUST100054446,5G Handset Upgrade,0.1465,2026-07-06
CUST100024572,Home Security Add-on,0.3237,2026-07-08
CUST100064318,International Roaming Pack,0.7282,2026-07-08
CUST100052719,Family Plan Upgrade,0.126,2026-07-06
CUST100061090,Home Security Add-on,0.1821,2026-07-20
CUST100059265,Family Plan Upgrade,0.8828,2026-07-04
CUST100005146,Streaming Bundle,0.6755,2026-07-20
CUST100073632,Device Insurance,0.8532,2026-07-22
CUST100042049,Device Insurance,0.6327,2026-07-02
CUST100024630,Device Insurance,0.5061,2026-07-05
CUST100005772,Family Plan Upgrade,0.0874,2026-07-11
CUST100082971,Streaming Bundle,0.1377,2026-07-15
CUST100069113,International Roaming Pack,0.5731,2026-07-10
CUST100041639,Home Security Add-on,0.0496,2026-07-11
CUST100092218,Device Insurance,0.0751,2026-07-14
CUST100084329,Home Security Add-on,0.8796,2026-07-15
CUST100013251,Streaming Bundle,0.8675,2026-07-22
CUST100009397,International Roaming Pack,0.1318,2026-07-03
CUST100076861,Streaming Bundle,0.6353,2026-07-04
CUST100095501,Device Insurance,0.506,2026-07-02
CUST100029714,Family Plan Upgrade,0.0941,2026-07-18
CUST100063223,Home Security Add-on,0.6831,2026-07-06
CUST100087294,Streaming Bundle,0.6716,2026-07-03
CUST100097906,Device Insurance,0.6155,2026-07-01
CUST100076352,5G Handset Upgrade,0.3319,2026-07-19
CUST100022837,International Roaming Pack,0.257,2026-07-23
CUST100059826,5G Handset Upgrade,0.7294,2026-07-02
CUST100015545,Home Security Add-on,0.7692,2026-07-12
CUST100087129,International Roaming Pack,0.251,2026-07-09
CUST100055485,5G Handset Upgrade,0.4334,2026-07-23
CUST100002412,International Roaming Pack,0.3242,2026-07-07
CUST100074014,Device Insurance,0.5985,2026-07-17
CUST100038539,International Roaming Pack,0.0018,2026-07-02
CUST100067178,5G Handset Upgrade,0.3415,2026-07-21
CUST100046489,5G Handset Upgrade,0.8652,2026-07-15
CUST100046078,Home Security Add-on,0.268,2026-07-11
CUST100021711,International Roaming Pack,0.2051,2026-07-16
CUST100014557,Home Security Add-on,0.6082,2026-07-06
CUST100048277,Device Insurance,0.4167,2026-07-10
CUST100079856,Device Insurance,0.5795,2026-07-03
CUST100096910,5G Handset Upgrade,0.1377,2026-07-21
CUST100092188,Streaming Bundle,0.9613,2026-07-19
CUST100009187,Home Security Add-on,0.5135,2026-07-14
CUST100048275,Family Plan Upgrade,0.359,2026-07-12
CUST100011265,International Roaming Pack,0.8172,2026-07-20
CUST100028708,International Roaming Pack,0.8727,2026-07-18
CUST100066648,International Roaming Pack,0.5349,2026-07-15
CUST100037488,Streaming Bundle,0.3125,2026-07-17
CUST100032466,Family Plan Upgrade,0.9156,2026-07-01
CUST100016454,5G Handset Upgrade,0.3328,2026-07-07
CUST100050307,Home Security Add-on,0.162,2026-07-09
CUST100059722,5G Handset Upgrade,0.8917,2026-07-03
CUST100041486,Home Security Add-on,0.0098,2026-07-03
CUST100036893,5G Handset Upgrade,0.587,2026-07-07
CUST100054196,Streaming Bundle,0.8937,2026-07-03
CUST100076520,Streaming Bundle,0.2549,2026-07-18
CUST100027223,Device Insurance,0.5842,2026-07-12
CUST100051506,Streaming Bundle,0.1349,2026-07-14
CUST100046947,5G Handset Upgrade,0.0049,2026-07-01
CUST100082188,International Roaming Pack,0.0622,2026-07-10
CUST100081833,Home Security Add-on,0.6113,2026-07-06
CUST100054375,Home Security Add-on,0.4436,2026-07-11
CUST100041514,Streaming Bundle,0.5573,2026-07-23
CUST100026124,5G Handset Upgrade,0.0877,2026-07-06
CUST100064612,Family Plan Upgrade,0.9103,2026-07-21
CUST100071592,Device Insurance,0.6074,2026-07-22
CUST100069750,Family Plan Upgrade,0.9541,2026-07-23
CUST100099389,Family Plan Upgrade,0.2572,2026-07-21
CUST100006206,5G Handset Upgrade,0.7809,2026-07-14
CUST100001731,Device Insurance,0.7768,2026-07-09
CUST100090352,Device Insurance,0.1472,2026-07-01
CUST100038050,Device Insurance,0.8657,2026-07-21
CUST100002564,Streaming Bundle,0.0286,2026-07-12
CUST100094048,5G Handset Upgrade,0.081,2026-07-08
CUST100032105,5G Handset Upgrade,0.3656,2026-07-14
CUST100082643,5G Handset Upgrade,0.1217,2026-07-02
CUST100064674,Home Security Add-on,0.3055,2026-07-03
CUST100026519,Streaming Bundle,0.7955,2026-07-10
CUST100085957,Family Plan Upgrade,0.6993,2026-07-11
CUST100059848,International Roaming Pack,0.3341,2026-07-06
CUST100040243,Streaming Bundle,0.0188,2026-07-15
CUST100086748,International Roaming Pack,0.9269,2026-07-09
CUST100011926,Family Plan Upgrade,0.1137,2026-07-21
CUST100072364,Streaming Bundle,0.2427,2026-07-22
CUST100047169,Family Plan Upgrade,0.3756,2026-07-15
CUST100066907,Streaming Bundle,0.1051,2026-07-20
CUST100004791,Streaming Bundle,0.4694,2026-07-21
CUST100086196,International Roaming Pack,0.0382,2026-07-05
CUST100028589,International Roaming Pack,0.4839,2026-07-13
CUST100076492,Streaming Bundle,0.6345,2026-07-12
CUST100083088,Home Security Add-on,0.319,2026-07-07
CUST100003389,Home Security Add-on,0.6069,2026-07-23
CUST100083995,International Roaming Pack,0.8758,2026-07-02
CUST100047950,International Roaming Pack,0.4345,2026-07-11
CUST100006708,Family Plan Upgrade,0.7554,2026-07-09
CUST100032097,Family Plan Upgrade,0.4791,2026-07-04
CUST100044135,Family Plan Upgrade,0.682,2026-07-11
CUST100098504,Home Security Add-on,0.8477,2026-07-15
CUST100090324,Family Plan Upgrade,0.5683,2026-07-17
CUST100060665,Streaming Bundle,0.5316,2026-07-10
CUST100075546,Device Insurance,0.1516,2026-07-20
CUST100056575,5G Handset Upgrade,0.775,2026-07-06
CUST100053319,5G Handset Upgrade,0.175,2026-07-20
CUST100087030,International Roaming Pack,0.4769,2026-07-03
CUST100017858,Family Plan Upgrade,0.7338,2026-07-18
CUST100082642,5G Handset Upgrade,0.4383,2026-07-16
CUST100080756,Streaming Bundle,0.1227,2026-07-11
CUST100005674,5G Handset Upgrade,0.6666,2026-07-09
CUST100094928,Home Security Add-on,0.5016,2026-07-23
CUST100009200,5G Handset Upgrade,0.6858,2026-07-11
CUST100049189,Device Insurance,0.6245,2026-07-15
CUST100039651,Streaming Bundle,0.8781,2026-07-18
CUST100026101,Home Security Add-on,0.7277,2026-07-23
CUST100098531,5G Handset Upgrade,0.1841,2026-07-09
CUST100028994,Home Security Add-on,0.5401,2026-07-15
CUST100061309,Home Security Add-on,0.1276,2026-07-12
CUST100032167,Family Plan Upgrade,0.8362,2026-07-21
CUST100028334,Streaming Bundle,0.3326,2026-07-17
CUST100025315,5G Handset Upgrade,0.4196,2026-07-14
CUST100039953,Home Security Add-on,0.7131,2026-07-05
CUST100016722,Streaming Bundle,0.6301,2026-07-15
CUST100045388,Streaming Bundle,0.5997,2026-07-04
CUST100052573,Streaming Bundle,0.476,2026-07-22
CUST100028561,Device Insurance,0.1923,2026-07-05
CUST100016463,Streaming Bundle,0.6996,2026-07-23
CUST100020032,Home Security Add-on,0.6868,2026-07-04
CUST100014154,Streaming Bundle,0.5122,2026-07-20
CUST100053603,Family Plan Upgrade,0.8285,2026-07-06
CUST100065088,Family Plan Upgrade,0.5744,2026-07-06
CUST100003108,5G Handset Upgrade,0.6999,2026-07-15
CUST100029970,5G Handset Upgrade,0.4069,2026-07-20
CUST100034449,Home Security Add-on,0.1782,2026-07-03
CUST100082031,Home Security Add-on,0.1268,2026-07-06
CUST100068271,International Roaming Pack,0.0227,2026-07-07
CUST100074921,Device Insurance,0.1322,2026-07-06
CUST100073942,Family Plan Upgrade,0.3835,2026-07-22
CUST100030262,Device Insurance,0.1636,2026-07-02
CUST100064329,Streaming Bundle,0.7904,2026-07-02
CUST100000305,International Roaming Pack,0.6304,2026-07-10
CUST100029960,Family Plan Upgrade,0.142,2026-07-11
CUST100011375,International Roaming Pack,0.8792,2026-07-18
CUST100012417,Streaming Bundle,0.6589,2026-07-13
CUST100092382,Streaming Bundle,0.8672,2026-07-14
CUST100050492,Device Insurance,0.3734,2026-07-15
CUST100044257,Device Insurance,0.2826,2026-07-15
CUST100014963,Streaming Bundle,0.7278,2026-07-03
CUST100067437,Family Plan Upgrade,0.8594,2026-07-08
CUST100003043,Home Security Add-on,0.7901,2026-07-22
CUST100096468,Home Security Add-on,0.3528,2026-07-21
CUST100060788,Home Security Add-on,0.9667,2026-07-02
CUST100048986,Home Security Add-on,0.6177,2026-07-16
CUST100019512,Home Security Add-on,0.1783,2026-07-03
CUST100088633,Streaming Bundle,0.0561,2026-07-06
CUST100059327,International Roaming Pack,0.2584,2026-07-15
CUST100091740,Home Security Add-on,0.6687,2026-07-04
CUST100054319,5G Handset Upgrade,0.5484,2026-07-09
CUST100078474,5G Handset Upgrade,0.9939,2026-07-10
CUST100079158,Device Insurance,0.0352,2026-07-21
CUST100014618,Home Security Add-on,0.1978,2026-07-01
CUST100030462,Device Insurance,0.3257,2026-07-18
CUST100021356,Device Insurance,0.4449,2026-07-22
CUST100037220,Family Plan Upgrade,0.4176,2026-07-11
CUST100031133,International Roaming Pack,0.153,2026-07-17
CUST100090446,Device Insurance,0.0212,2026-07-13
CUST100067965,5G Handset Upgrade,0.2387,2026-07-02
CUST100014237,5G Handset Upgrade,0.7188,2026-07-03
CUST100064748,Device Insurance,0.4631,2026-07-10
CUST100006112,Home Security Add-on,0.2904,2026-07-19
CUST100095106,5G Handset Upgrade,0.3254,2026-07-06
CUST100098827,5G Handset Upgrade,0.0872,2026-07-04
CUST100066093,International Roaming Pack,0.1975,2026-07-20
CUST100040357,Streaming Bundle,0.5056,2026-07-11
CUST100045800,International Roaming Pack,0.5769,2026-07-09
CUST100039964,Family Plan Upgrade,0.2925,2026-07-20
CUST100017081,Home Security Add-on,0.6976,2026-07-13
CUST100061308,International Roaming Pack,0.7242,2026-07-19
CUST100079832,Family Plan Upgrade,0.9736,2026-07-13
CUST100076742,Family Plan Upgrade,0.8075,2026-07-15
CUST100039824,Family Plan Upgrade,0.0736,2026-07-11
CUST100011110,Home Security Add-on,0.3945,2026-07-03
CUST100091937,International Roaming Pack,0.987,2026-07-18
CUST100022971,Device Insurance,0.3981,2026-07-20
CUST100030489,Home Security Add-on,0.9628,2026-07-07
CUST100057313,Family Plan Upgrade,0.2279,2026-07-21
CUST100022592,Home Security Add-on,0.2942,2026-07-23
CUST100045165,Device Insurance,0.3249,2026-07-03
CUST100003102,Device Insurance,0.8667,2026-07-13
CUST100070619,Streaming Bundle,0.7446,2026-07-04
CUST100094589,Family Plan Upgrade,0.2551,2026-07-18
CUST100082233,Family Plan Upgrade,0.0786,2026-07-23
CUST100042878,Streaming Bundle,0.194,2026-07-21
CUST100087197,5G Handset Upgrade,0.4152,2026-07-03
CUST100061835,International Roaming Pack,0.9185,2026-07-21
CUST100023710,5G Handset Upgrade,0.8574,2026-07-21
CUST100069249,International Roaming Pack,0.5956,2026-07-01
CUST100030382,5G Handset Upgrade,0.4455,2026-07-13
CUST100090511,Home Security Add-on,0.8355,2026-07-14
CUST100060778,Device Insurance,0.7692,2026-07-16
CUST100037787,Home Security Add-on,0.8809,2026-07-16
CUST100094166,Streaming Bundle,0.7589,2026-07-07
CUST100088879,Device Insurance,0.501,2026-07-02
CUST100074381,Family Plan Upgrade,0.2244,2026-07-13
CUST100080351,Family Plan Upgrade,0.17,2026-07-17
CUST100071599,International Roaming Pack,0.7084,2026-07-10
CUST100086626,Device Insurance,0.295,2026-07-21
CUST100094364,Home Security Add-on,0.1125,2026-07-01
CUST100025874,5G Handset Upgrade,0.8338,2026-07-16
CUST100010224,Device Insurance,0.1137,2026-07-02
CUST100094562,Streaming Bundle,0.0697,2026-07-11
CUST100054527,Streaming Bundle,0.3017,2026-07-04
CUST100086737,Streaming Bundle,0.3116,2026-07-18
CUST100032981,Streaming Bundle,0.4073,2026-07-03
CUST100036313,Home Security Add-on,0.6194,2026-07-12
CUST100010092,Family Plan Upgrade,0.5861,2026-07-15
CUST100023288,International Roaming Pack,0.357,2026-07-03
CUST100078706,Home Security Add-on,0.9231,2026-07-19
CUST100059100,Device Insurance,0.5468,2026-07-03
CUST100013019,Device Insurance,0.9709,2026-07-14
CUST100047833,International Roaming Pack,0.7098,2026-07-10
CUST100005539,Home Security Add-on,0.8929,2026-07-04
CUST100097596,Home Security Add-on,0.9553,2026-07-09
CUST100062279,5G Handset Upgrade,0.6629,2026-07-06
CUST100078848,5G Handset Upgrade,0.1041,2026-07-03
CUST100087428,Family Plan Upgrade,0.813,2026-07-21
CUST100058561,5G Handset Upgrade,0.3302,2026-07-05
CUST100047634,Streaming Bundle,0.2765,2026-07-10
CUST100099377,Family Plan Upgrade,0.9563,2026-07-01
CUST100037606,Device Insurance,0.1469,2026-07-07
CUST100022034,Streaming Bundle,0.1559,2026-07-20
CUST100091635,Device Insurance,0.9424,2026-07-13
CUST100015782,Home Security Add-on,0.1172,2026-07-02
CUST100063580,Device Insurance,0.0593,2026-07-06
CUST100003080,5G Handset Upgrade,0.6361,2026-07-08
CUST100085054,5G Handset Upgrade,0.742,2026-07-21
CUST100047146,Home Security Add-on,0.5518,2026-07-12
CUST100031616,Device Insurance,0.5486,2026-07-01
CUST100062680,Home Security Add-on,0.7853,2026-07-15
CUST100000133,Streaming Bundle,0.2911,2026-07-11
CUST100068573,Home Security Add-on,0.7467,2026-07-04
CUST100070400,Streaming Bundle,0.6781,2026-07-06
CUST100070363,5G Handset Upgrade,0.9189,2026-07-11
CUST100034039,Streaming Bundle,0.9808,2026-07-21
CUST100041608,5G Handset Upgrade,0.1534,2026-07-03
CUST100005059,Streaming Bundle,0.5893,2026-07-21
CUST100098690,Streaming Bundle,0.3657,2026-07-11
CUST100030804,Streaming Bundle,0.5472,2026-07-09
CUST100092984,Home Security Add-on,0.5179,2026-07-05
CUST100094411,5G Handset Upgrade,0.1262,2026-07-08
CUST100033318,Device Insurance,0.3203,2026-07-11
CUST100005315,Streaming Bundle,0.4571,2026-07-15
CUST100024793,International Roaming Pack,0.5754,2026-07-01
CUST100095637,International Roaming Pack,0.3798,2026-07-18
CUST100087632,5G Handset Upgrade,0.4193,2026-07-03
CUST100045931,Home Security Add-on,0.0871,2026-07-08
CUST100040883,Streaming Bundle,0.3618,2026-07-06
CUST100024957,Home Security Add-on,0.8242,2026-07-11
CUST100078369,5G Handset Upgrade,0.4531,2026-07-22
CUST100039936,Streaming Bundle,0.2799,2026-07-07
CUST100067930,Home Security Add-on,0.6398,2026-07-11
CUST100035015,5G Handset Upgrade,0.472,2026-07-10
CUST100047257,5G Handset Upgrade,0.7788,2026-07-05
CUST100054976,5G Handset Upgrade,0.6716,2026-07-17
CUST100061683,Device Insurance,0.0802,2026-07-21
CUST100002459,Home Security Add-on,0.5144,2026-07-22
CUST100017041,International Roaming Pack,0.3672,2026-07-07
CUST100076341,Home Security Add-on,0.8531,2026-07-18
CUST100067831,Home Security Add-on,0.0707,2026-07-15
CUST100025009,Home Security Add-on,0.1517,2026-07-19
CUST100012147,International Roaming Pack,0.2027,2026-07-10
CUST100033501,5G Handset Upgrade,0.1101,2026-07-01
CUST100072187,International Roaming Pack,0.7674,2026-07-02
CUST100025030,5G Handset Upgrade,0.7999,2026-07-12
CUST100043174,Device Insurance,0.9924,2026-07-17
CUST100096774,International Roaming Pack,0.6727,2026-07-15
CUST100025543,International Roaming Pack,0.8064,2026-07-18
CUST100049139,Family Plan Upgrade,0.7028,2026-07-04
CUST100089517,Home Security Add-on,0.2111,2026-07-09
CUST100021079,Streaming Bundle,0.0036,2026-07-23
CUST100028372,Device Insurance,0.5546,2026-07-03
CUST100020000,Home Security Add-on,0.2561,2026-07-16
CUST100027337,Device Insurance,0.2047,2026-07-18
CUST100073454,Device Insurance,0.5123,2026-07-13
CUST100018822,Device Insurance,0.4711,2026-07-10
CUST100006837,Home Security Add-on,0.6435,2026-07-23
CUST100015297,International Roaming Pack,0.1603,2026-07-23
CUST100054655,Home Security Add-on,0.9029,2026-07-04
CUST100013965,International Roaming Pack,0.8493,2026-07-22
CUST100099519,Family Plan Upgrade,0.7539,2026-07-01
CUST100064312,Home Security Add-on,0.0243,2026-07-09
CUST100002644,Device Insurance,0.9628,2026-07-10
CUST100079563,Streaming Bundle,0.4668,2026-07-20
CUST100074236,Family Plan Upgrade,0.5137,2026-07-01
CUST100055271,5G Handset Upgrade,0.6462,2026-07-02
CUST100007421,Streaming Bundle,0.9053,2026-07-13
CUST100038684,Family Plan Upgrade,0.7907,2026-07-23
CUST100006488,Device Insurance,0.4168,2026-07-21
CUST100060006,Device Insurance,0.5323,2026-07-21
CUST100028408,International Roaming Pack,0.3553,2026-07-20
CUST100051571,Device Insurance,0.8675,2026-07-10
CUST100030577,International Roaming Pack,0.4577,2026-07-09
CUST100094584,Streaming Bundle,0.2703,2026-07-15
CUST100038355,5G Handset Upgrade,0.9546,2026-07-13
CUST100035390,5G Handset Upgrade,0.3066,2026-07-17
CUST100030754,Device Insurance,0.7287,2026-07-07
CUST100064295,Streaming Bundle,0.0001,2026-07-05
CUST100059016,Device Insurance,0.0728,2026-07-17
CUST100053552,5G Handset Upgrade,0.5963,2026-07-01
CUST100016686,Device Insurance,0.9677,2026-07-01
CUST100090754,Device Insurance,0.3279,2026-07-17
CUST100079146,Family Plan Upgrade,0.9674,2026-07-22
CUST100036424,Family Plan Upgrade,0.2535,2026-07-06
CUST100074884,Family Plan Upgrade,0.0898,2026-07-18
CUST100039886,Streaming Bundle,0.4901,2026-07-20
CUST100010254,Home Security Add-on,0.3954,2026-07-16
CUST100060219,International Roaming Pack,0.7188,2026-07-08
CUST100096625,Streaming Bundle,0.0745,2026-07-07
CUST100044639,5G Handset Upgrade,0.0897,2026-07-20
CUST100043393,Home Security Add-on,0.4823,2026-07-22
CUST100089564,Home Security Add-on,0.8141,2026-07-04
CUST100030702,Home Security Add-on,0.0976,2026-07-07
CUST100056856,Device Insurance,0.1885,2026-07-22
CUST100008741,International Roaming Pack,0.9802,2026-07-10
CUST100022960,Device Insurance,0.5751,2026-07-18
CUST100093493,5G Handset Upgrade,0.1143,2026-07-21
CUST100032830,5G Handset Upgrade,0.585,2026-07-17
CUST100080707,5G Handset Upgrade,0.379,2026-07-17
CUST100032711,5G Handset Upgrade,0.312,2026-07-17
CUST100073397,International Roaming Pack,0.536,2026-07-15
CUST100083109,International Roaming Pack,0.7095,2026-07-04
CUST100045771,Family Plan Upgrade,0.8083,2026-07-12
CUST100083017,Streaming Bundle,0.2447,2026-07-19
CUST100037722,Family Plan Upgrade,0.641,2026-07-11
CUST100067198,Device Insurance,0.2556,2026-07-16
CUST100026582,International Roaming Pack,0.8709,2026-07-08
CUST100096282,5G Handset Upgrade,0.4899,2026-07-03
CUST100093374,Device Insurance,0.7343,2026-07-18
CUST100045049,Family Plan Upgrade,0.0623,2026-07-01
CUST100033861,Family Plan Upgrade,0.5736,2026-07-09
CUST100064768,Streaming Bundle,0.3822,2026-07-18
CUST100025501,5G Handset Upgrade,0.7154,2026-07-17
CUST100061850,Home Security Add-on,0.7168,2026-07-13
CUST100009639,Streaming Bundle,0.7511,2026-07-21
CUST100041420,Home Security Add-on,0.7911,2026-07-18
CUST100012576,Streaming Bundle,0.9097,2026-07-04
CUST100025449,Home Security Add-on,0.1413,2026-07-19
CUST100074590,Device Insurance,0.459,2026-07-08
CUST100071168,5G Handset Upgrade,0.0689,2026-07-09
CUST100070551,International Roaming Pack,0.2419,2026-07-15
CUST100034873,Home Security Add-on,0.4322,2026-07-21
CUST100056009,5G Handset Upgrade,0.9193,2026-07-16
CUST100024151,Family Plan Upgrade,0.1514,2026-07-08
CUST100048767,Streaming Bundle,0.4932,2026-07-03
CUST100073021,5G Handset Upgrade,0.441,2026-07-23
CUST100006740,International Roaming Pack,0.7484,2026-07-16
CUST100078693,Streaming Bundle,0.4325,2026-07-06
CUST100057531,Device Insurance,0.2444,2026-07-22
CUST100095386,Streaming Bundle,0.7045,2026-07-01
CUST100060593,Family Plan Upgrade,0.3951,2026-07-11
CUST100097894,Streaming Bundle,0.4959,2026-07-12
CUST100018242,5G Handset Upgrade,0.8333,2026-07-05
CUST100034046,Device Insurance,0.9142,2026-07-14
CUST100014417,International Roaming Pack,0.5579,2026-07-06
CUST100042654,Streaming Bundle,0.4976,2026-07-16
CUST100040849,5G Handset Upgrade,0.3419,2026-07-04
CUST100072519,Home Security Add-on,0.3539,2026-07-15
CUST100093934,Streaming Bundle,0.3115,2026-07-21
CUST100079440,International Roaming Pack,0.6057,2026-07-18
CUST100072421,International Roaming Pack,0.0101,2026-07-08
CUST100033697,5G Handset Upgrade,0.4744,2026-07-18
CUST100097376,Device Insurance,0.3668,2026-07-19
CUST100011998,International Roaming Pack,0.341,2026-07-06
CUST100020832,Family Plan Upgrade,0.5096,2026-07-09
CUST100082802,Device Insurance,0.765,2026-07-05
CUST100041388,5G Handset Upgrade,0.9197,2026-07-15
CUST100010075,Device Insurance,0.3361,2026-07-16
CUST100045896,International Roaming Pack,0.7341,2026-07-13
CUST100044170,Streaming Bundle,0.1778,2026-07-08
CUST100038220,International Roaming Pack,0.2373,2026-07-17
CUST100045603,Home Security Add-on,0.9121,2026-07-04
CUST100038514,International Roaming Pack,0.4,2026-07-12
CUST100012036,Streaming Bundle,0.4498,2026-07-07
CUST100017073,Streaming Bundle,0.2301,2026-07-02
CUST100026829,5G Handset Upgrade,0.884,2026-07-22
CUST100021387,Home Security Add-on,0.7129,2026-07-02
CUST100051180,Device Insurance,0.3796,2026-07-21
CUST100062578,Home Security Add-on,0.2123,2026-07-09
CUST100048072,Home Security Add-on,0.976,2026-07-06
CUST100048292,Streaming Bundle,0.228,2026-07-09
CUST100080023,International Roaming Pack,0.287,2026-07-08
CUST100095320,Family Plan Upgrade,0.0546,2026-07-12
CUST100047939,Family Plan Upgrade,0.2493,2026-07-16
CUST100087951,5G Handset Upgrade,0.0337,2026-07-11
CUST100016804,Streaming Bundle,0.3943,2026-07-13
CUST100041994,International Roaming Pack,0.7671,2026-07-07
CUST100019525,International Roaming Pack,0.4005,2026-07-07
CUST100002946,Family Plan Upgrade,0.2627,2026-07-15
CUST100093444,Home Security Add-on,0.5036,2026-07-13
CUST100058912,Family Plan Upgrade,0.0563,2026-07-15
CUST100040092,Home Security Add-on,0.0502,2026-07-06
CUST100023462,Device Insurance,0.5471,2026-07-02
CUST100044451,5G Handset Upgrade,0.4915,2026-07-22
CUST100019810,Streaming Bundle,0.1839,2026-07-02
CUST100067341,Home Security Add-on,0.5229,2026-07-09
CUST100010095,Home Security Add-on,0.3334,2026-07-19
CUST100011064,International Roaming Pack,0.3721,2026-07-12
CUST100027603,Device Insurance,0.4916,2026-07-18
CUST100059406,Device Insurance,0.1631,2026-07-10
CUST100014973,International Roaming Pack,0.7525,2026-07-08
CUST100060039,International Roaming Pack,0.3818,2026-07-05
CUST100001872,Home Security Add-on,0.1563,2026-07-11
CUST100069422,International Roaming Pack,0.6089,2026-07-05
CUST100036571,Streaming Bundle,0.3856,2026-07-11
CUST100020416,Streaming Bundle,0.8204,2026-07-18
CUST100035940,International Roaming Pack,0.7466,2026-07-01
CUST100097106,International Roaming Pack,0.1804,2026-07-16
CUST100036292,Home Security Add-on,0.3269,2026-07-01
CUST100051262,Family Plan Upgrade,0.1498,2026-07-08
CUST100011654,Device Insurance,0.2943,2026-07-23
CUST100063936,Device Insurance,0.1551,2026-07-07
CUST100020049,Home Security Add-on,0.5259,2026-07-03
CUST100001957,5G Handset Upgrade,0.2254,2026-07-06
CUST100097949,International Roaming Pack,0.4289,2026-07-15
CUST100090661,International Roaming Pack,0.2462,2026-07-22
CUST100039492,Family Plan Upgrade,0.1443,2026-07-10
CUST100066124,Family Plan Upgrade,0.5768,2026-07-20
CUST100029818,Device Insurance,0.6916,2026-07-22
CUST100042600,Device Insurance,0.4766,2026-07-12
CUST100063554,Family Plan Upgrade,0.6093,2026-07-17
CUST100046967,Family Plan Upgrade,0.8004,2026-07-04
CUST100074248,5G Handset Upgrade,0.414,2026-07-17
CUST100058335,Home Security Add-on,0.8413,2026-07-23
CUST100001475,5G Handset Upgrade,0.8555,2026-07-20
CUST100077724,5G Handset Upgrade,0.9297,2026-07-10
CUST100056255,Family Plan Upgrade,0.6682,2026-07-17
CUST100086338,Device Insurance,0.212,2026-07-13
CUST100015822,Device Insurance,0.1144,2026-07-03
CUST100097424,International Roaming Pack,0.2384,2026-07-13
CUST100064671,Device Insurance,0.9588,2026-07-03
CUST100047265,International Roaming Pack,0.0282,2026-07-02
CUST100086428,Device Insurance,0.1304,2026-07-19
CUST100046882,International Roaming Pack,0.9282,2026-07-20
CUST100058002,Family Plan Upgrade,0.4865,2026-07-02
CUST100022978,Family Plan Upgrade,0.1698,2026-07-13
CUST100017409,International Roaming Pack,0.8174,2026-07-09
CUST100045820,International Roaming Pack,0.1211,2026-07-06
CUST100092184,5G Handset Upgrade,0.7353,2026-07-21
CUST100032133,Device Insurance,0.6934,2026-07-06
CUST100050631,Streaming Bundle,0.16,2026-07-01
CUST100000612,Home Security Add-on,0.9095,2026-07-11
CUST100007488,International Roaming Pack,0.8776,2026-07-07
CUST100023518,Home Security Add-on,0.4117,2026-07-18
CUST100015290,Home Security Add-on,0.2618,2026-07-13
CUST100006956,Device Insurance,0.244,2026-07-10
CUST100004446,Device Insurance,0.0604,2026-07-01
CUST100084543,International Roaming Pack,0.4357,2026-07-11
CUST100085867,5G Handset Upgrade,0.5344,2026-07-14
CUST100061458,International Roaming Pack,0.694,2026-07-09
CUST100021623,Home Security Add-on,0.6647,2026-07-01
CUST100046539,Streaming Bundle,0.9137,2026-07-20
CUST100097768,5G Handset Upgrade,0.0357,2026-07-11
CUST100085487,Streaming Bundle,0.1954,2026-07-01
CUST100084318,International Roaming Pack,0.9798,2026-07-19
CUST100029208,International Roaming Pack,0.2837,2026-07-01
CUST100047534,Streaming Bundle,0.9125,2026-07-19
CUST100045338,International Roaming Pack,0.9486,2026-07-07
CUST100058369,Device Insurance,0.5225,2026-07-05
CUST100050483,Device Insurance,0.7766,2026-07-10
CUST100077839,International Roaming Pack,0.1452,2026-07-20
CUST100026010,Home Security Add-on,0.1839,2026-07-08
CUST100027023,International Roaming Pack,0.572,2026-07-09
CUST100008689,International Roaming Pack,0.2815,2026-07-15
CUST100061148,International Roaming Pack,0.8969,2026-07-20
CUST100036957,Family Plan Upgrade,0.6844,2026-07-05
CUST100061815,5G Handset Upgrade,0.1161,2026-07-12
CUST100026270,International Roaming Pack,0.7243,2026-07-13
CUST100047064,International Roaming Pack,0.4097,2026-07-07
CUST100052965,International Roaming Pack,0.8495,2026-07-19
CUST100006225,Home Security Add-on,0.0268,2026-07-03
CUST100075356,Streaming Bundle,0.5271,2026-07-13
CUST100098714,5G Handset Upgrade,0.6194,2026-07-17
CUST100075833,Device Insurance,0.9782,2026-07-20
CUST100072099,Device Insurance,0.1668,2026-07-08
CUST100099772,Streaming Bundle,0.9425,2026-07-22
CUST100046239,Device Insurance,0.743,2026-07-19
CUST100047454,Family Plan Upgrade,0.2805,2026-07-03
CUST100032569,Streaming Bundle,0.3132,2026-07-22
CUST100022325,Streaming Bundle,0.5865,2026-07-13
CUST100041740,International Roaming Pack,0.7585,2026-07-22
CUST100059732,Streaming Bundle,0.7566,2026-07-10
CUST100000174,Home Security Add-on,0.2806,2026-07-12
CUST100021845,Streaming Bundle,0.6237,2026-07-23
CUST100026106,Device Insurance,0.6451,2026-07-11
CUST100092591,Family Plan Upgrade,0.4541,2026-07-06
CUST100096857,Home Security Add-on,0.2725,2026-07-16
CUST100038043,Streaming Bundle,0.8523,2026-07-07
CUST100064134,Family Plan Upgrade,0.0433,2026-07-04
CUST100087202,5G Handset Upgrade,0.8281,2026-07-03
CUST100081401,Streaming Bundle,0.8944,2026-07-15
CUST100027522,Streaming Bundle,0.9007,2026-07-07
CUST100037586,Home Security Add-on,0.8281,2026-07-16
CUST100030428,International Roaming Pack,0.3706,2026-07-20
CUST100045118,Home Security Add-on,0.3316,2026-07-19
CUST100028992,Home Security Add-on,0.6234,2026-07-09
CUST100076133,Device Insurance,0.0513,2026-07-23
CUST100098469,Home Security Add-on,0.1965,2026-07-07
CUST100033750,5G Handset Upgrade,0.9078,2026-07-13
CUST100039348,International Roaming Pack,0.1765,2026-07-22
CUST100066180,Device Insurance,0.3101,2026-07-10
CUST100064504,International Roaming Pack,0.0073,2026-07-07
CUST100027708,Home Security Add-on,0.7725,2026-07-21
CUST100063216,Device Insurance,0.6241,2026-07-10
CUST100082131,Streaming Bundle,0.7318,2026-07-06
CUST100010110,International Roaming Pack,0.2331,2026-07-07
CUST100083647,Family Plan Upgrade,0.0356,2026-07-05
CUST100042452,International Roaming Pack,0.5358,2026-07-23
CUST100072696,Family Plan Upgrade,0.8397,2026-07-22
CUST100097508,5G Handset Upgrade,0.7659,2026-07-01
CUST100066503,5G Handset Upgrade,0.5688,2026-07-13
CUST100011051,Device Insurance,0.2297,2026-07-15
CUST100074998,Family Plan Upgrade,0.4091,2026-07-20
CUST100092691,Family Plan Upgrade,0.6743,2026-07-15
CUST100004782,Device Insurance,0.1566,2026-07-07
CUST100069559,5G Handset Upgrade,0.9565,2026-07-14
CUST100043536,Streaming Bundle,0.3643,2026-07-02
CUST100056279,Device Insurance,0.1454,2026-07-07
CUST100038031,International Roaming Pack,0.5901,2026-07-11
CUST100067176,Streaming Bundle,0.76,2026-07-06
CUST100020702,Device Insurance,0.4719,2026-07-18
CUST100068638,Device Insurance,0.3065,2026-07-14
CUST100045815,Device Insurance,0.1482,2026-07-05
CUST100086559,Device Insurance,0.7833,2026-07-13
CUST100050726,International Roaming Pack,0.2275,2026-07-13
CUST100071206,International Roaming Pack,0.5142,2026-07-09
CUST100020730,Home Security Add-on,0.8851,2026-07-01
CUST100042675,Home Security Add-on,0.686,2026-07-03
CUST100026491,5G Handset Upgrade,0.1648,2026-07-17
CUST100011227,Device Insurance,0.4066,2026-07-07
CUST100060988,Family Plan Upgrade,0.8619,2026-07-04
CUST100073957,Streaming Bundle,0.0188,2026-07-03
CUST100081078,Streaming Bundle,0.6142,2026-07-06
CUST100064936,International Roaming Pack,0.7958,2026-07-22
CUST100087880,Streaming Bundle,0.9244,2026-07-20
CUST100074116,5G Handset Upgrade,0.284,2026-07-18
CUST100038406,Device Insurance,0.2704,2026-07-08
CUST100043635,Home Security Add-on,0.0613,2026-07-02
CUST100063016,International Roaming Pack,0.9962,2026-07-06
CUST100069406,International Roaming Pack,0.8126,2026-07-11
CUST100022224,Family Plan Upgrade,0.7914,2026-07-17
CUST100009862,5G Handset Upgrade,0.9019,2026-07-11
CUST100080418,International Roaming Pack,0.8488,2026-07-20
CUST100022988,Home Security Add-on,0.8452,2026-07-22
CUST100087941,Family Plan Upgrade,0.8257,2026-07-17
CUST100074208,5G Handset Upgrade,0.5931,2026-07-04
CUST100053504,Device Insurance,0.8155,2026-07-06
CUST100097484,Home Security Add-on,0.9664,2026-07-20
CUST100081037,Home Security Add-on,0.6322,2026-07-11
CUST100054244,Family Plan Upgrade,0.3633,2026-07-02
CUST100099752,International Roaming Pack,0.6088,2026-07-14
CUST100056186,5G Handset Upgrade,0.1368,2026-07-14
CUST100044091,Device Insurance,0.9136,2026-07-22
CUST100009140,International Roaming Pack,0.4097,2026-07-11
CUST100024989,Device Insurance,0.0624,2026-07-11
CUST100033780,5G Handset Upgrade,0.3608,2026-07-09
CUST100087775,International Roaming Pack,0.9506,2026-07-01
CUST100058892,Streaming Bundle,0.0883,2026-07-12
CUST100020184,5G Handset Upgrade,0.493,2026-07-22
CUST100082061,International Roaming Pack,0.6203,2026-07-18
CUST100008819,International Roaming Pack,0.4463,2026-07-04
CUST100029424,Home Security Add-on,0.3178,2026-07-19
CUST100071140,Family Plan Upgrade,0.9971,2026-07-19
CUST100014534,5G Handset Upgrade,0.3591,2026-07-11
CUST100032703,5G Handset Upgrade,0.5563,2026-07-13
CUST100051015,Home Security Add-on,0.8368,2026-07-03
CUST100026181,5G Handset Upgrade,0.9849,2026-07-21
CUST100073767,International Roaming Pack,0.1526,2026-07-10
CUST100079751,Streaming Bundle,0.7662,2026-07-13
CUST100066202,Home Security Add-on,0.5645,2026-07-16
CUST100020393,Family Plan Upgrade,0.9653,2026-07-07
CUST100021373,Home Security Add-on,0.6229,2026-07-09
CUST100014881,International Roaming Pack,0.4101,2026-07-09
CUST100070591,Device Insurance,0.3015,2026-07-10
CUST100055025,5G Handset Upgrade,0.8095,2026-07-06
CUST100072851,International Roaming Pack,0.2844,2026-07-16
CUST100013595,Home Security Add-on,0.1652,2026-07-11
CUST100090602,Home Security Add-on,0.6501,2026-07-12
CUST100076094,Device Insurance,0.2533,2026-07-13
CUST100013920,Home Security Add-on,0.435,2026-07-22
CUST100057585,International Roaming Pack,0.5194,2026-07-15
CUST100050473,5G Handset Upgrade,0.2084,2026-07-17
CUST100021581,International Roaming Pack,0.9229,2026-07-11
CUST100014104,5G Handset Upgrade,0.2762,2026-07-13
CUST100065679,Family Plan Upgrade,0.1459,2026-07-08
CUST100020041,Streaming Bundle,0.0297,2026-07-12
CUST100025931,International Roaming Pack,0.8145,2026-07-21
CUST100074588,Home Security Add-on,0.9331,2026-07-12
CUST100098320,Home Security Add-on,0.4676,2026-07-17
CUST100082155,Device Insurance,0.1205,2026-07-08
CUST100081998,International Roaming Pack,0.1885,2026-07-03
CUST100096064,Streaming Bundle,0.1496,2026-07-04
CUST100088133,5G Handset Upgrade,0.9596,2026-07-02
CUST100052298,Streaming Bundle,0.2017,2026-07-03
CUST100005880,Streaming Bundle,0.183,2026-07-02
CUST100010785,Home Security Add-on,0.4559,2026-07-12
CUST100049879,5G Handset Upgrade,0.115,2026-07-21
CUST100024906,Family Plan Upgrade,0.2638,2026-07-18
CUST100065357,Family Plan Upgrade,0.5221,2026-07-19
CUST100088656,Device Insurance,0.3215,2026-07-16
CUST100013361,International Roaming Pack,0.5548,2026-07-15
CUST100039614,International Roaming Pack,0.3245,2026-07-04
CUST100083818,5G Handset Upgrade,0.3614,2026-07-14
CUST100012983,Device Insurance,0.5282,2026-07-03
CUST100072859,Streaming Bundle,0.5121,2026-07-15
CUST100011431,5G Handset Upgrade,0.4366,2026-07-21
CUST100040574,Device Insurance,0.0771,2026-07-06
CUST100028752,Family Plan Upgrade,0.9893,2026-07-21
CUST100088860,Home Security Add-on,0.9234,2026-07-16
CUST100003502,Home Security Add-on,0.05,2026-07-20
CUST100049687,Home Security Add-on,0.8125,2026-07-04
CUST100005032,Home Security Add-on,0.7873,2026-07-20
CUST100096743,Streaming Bundle,0.6772,2026-07-12
CUST100044417,Family Plan Upgrade,0.0671,2026-07-14
CUST100038852,Home Security Add-on,0.8659,2026-07-13
CUST100040704,Home Security Add-on,0.3494,2026-07-12
CUST100031483,Streaming Bundle,0.0547,2026-07-16
CUST100091350,Streaming Bundle,0.3542,2026-07-10
CUST100085748,International Roaming Pack,0.0936,2026-07-06
CUST100092336,5G Handset Upgrade,0.9668,2026-07-11
CUST100025322,International Roaming Pack,0.1903,2026-07-09
CUST100049347,Streaming Bundle,0.4752,2026-07-21
CUST100047060,Device Insurance,0.3253,2026-07-07
CUST100018750,Streaming Bundle,0.488,2026-07-07
CUST100072270,5G Handset Upgrade,0.0496,2026-07-19
CUST100075242,Device Insurance,0.7859,2026-07-08
CUST100004413,Streaming Bundle,0.4753,2026-07-04
CUST100082211,Home Security Add-on,0.1838,2026-07-12
CUST100003262,Streaming Bundle,0.1528,2026-07-18
CUST100093690,International Roaming Pack,0.8372,2026-07-19
CUST100047152,International Roaming Pack,0.6256,2026-07-15
CUST100068414,Streaming Bundle,0.1033,2026-07-21
CUST100047259,Device Insurance,0.124,2026-07-17
CUST100088840,Device Insurance,0.4481,2026-07-09
CUST100079942,Home Security Add-on,0.3205,2026-07-17
CUST100094905,Family Plan Upgrade,0.5805,2026-07-01
CUST100006297,5G Handset Upgrade,0.3122,2026-07-10
CUST100073422,Streaming Bundle,0.2964,2026-07-10
CUST100051862,Streaming Bundle,0.3608,2026-07-16
CUST100084850,Home Security Add-on,0.7735,2026-07-12
CUST100099885,5G Handset Upgrade,0.2382,2026-07-02
CUST100078430,Home Security Add-on,0.1991,2026-07-02
CUST100029124,Streaming Bundle,0.554,2026-07-12
CUST100012423,Device Insurance,0.7469,2026-07-10
CUST100020731,Home Security Add-on,0.3725,2026-07-01
CUST100053569,International Roaming Pack,0.8052,2026-07-01
CUST100096380,Family Plan Upgrade,0.9909,2026-07-02
CUST100018031,Family Plan Upgrade,0.9567,2026-07-05
CUST100077408,Device Insurance,0.6696,2026-07-01
CUST100065492,International Roaming Pack,0.6476,2026-07-18
CUST100020463,Family Plan Upgrade,0.7588,2026-07-18
CUST100079192,Streaming Bundle,0.5886,2026-07-08
CUST100012124,Device Insurance,0.5805,2026-07-10
CUST100094171,Device Insurance,0.8773,2026-07-21
CUST100064105,Home Security Add-on,0.1254,2026-07-05
CUST100012964,5G Handset Upgrade,0.9032,2026-07-14
CUST100015364,5G Handset Upgrade,0.7744,2026-07-09
CUST100041327,5G Handset Upgrade,0.5589,2026-07-15
CUST100083005,Family Plan Upgrade,0.4056,2026-07-20
CUST100004041,Device Insurance,0.9591,2026-07-21
CUST100026304,Home Security Add-on,0.6559,2026-07-22
CUST100000809,International Roaming Pack,0.8329,2026-07-09
CUST100048766,International Roaming Pack,0.6343,2026-07-16
CUST100075647,Streaming Bundle,0.9801,2026-07-21
CUST100018315,Home Security Add-on,0.8205,2026-07-06
CUST100060896,Home Security Add-on,0.6786,2026-07-14
CUST100030373,Family Plan Upgrade,0.416,2026-07-03
CUST100065353,Streaming Bundle,0.2128,2026-07-07
CUST100096488,Family Plan Upgrade,0.4514,2026-07-09
CUST100068722,Family Plan Upgrade,0.1582,2026-07-15
CUST100067899,Streaming Bundle,0.9409,2026-07-04
CUST100055362,Device Insurance,0.2915,2026-07-10
CUST100006683,International Roaming Pack,0.6285,2026-07-05
CUST100073871,Family Plan Upgrade,0.4934,2026-07-16
CUST100021365,International Roaming Pack,0.9451,2026-07-05
CUST100052271,5G Handset Upgrade,0.2503,2026-07-21
CUST100078090,Device Insurance,0.7856,2026-07-12
CUST100005153,Home Security Add-on,0.588,2026-07-09
CUST100033309,5G Handset Upgrade,0.1878,2026-07-01
CUST100028017,5G Handset Upgrade,0.8924,2026-07-17
CUST100040424,Family Plan Upgrade,0.8513,2026-07-06
CUST100045932,Streaming Bundle,0.3528,2026-07-05
CUST100036974,Streaming Bundle,0.4298,2026-07-14
CUST100072071,Family Plan Upgrade,0.4135,2026-07-13
CUST100048704,Home Security Add-on,0.5382,2026-07-07
CUST100053622,Home Security Add-on,0.9136,2026-07-13
CUST100082966,International Roaming Pack,0.4419,2026-07-04
CUST100022335,International Roaming Pack,0.7963,2026-07-19
CUST100060984,Family Plan Upgrade,0.8676,2026-07-04
CUST100037597,Home Security Add-on,0.6165,2026-07-20
CUST100061974,5G Handset Upgrade,0.4359,2026-07-13
CUST100020197,5G Handset Upgrade,0.3232,2026-07-01
CUST100094268,Family Plan Upgrade,0.0531,2026-07-05
CUST100062517,Device Insurance,0.0036,2026-07-11
CUST100083394,Home Security Add-on,0.1379,2026-07-04
CUST100032419,Device Insurance,0.326,2026-07-08
CUST100030873,Streaming Bundle,0.2785,2026-07-05
CUST100079788,International Roaming Pack,0.035,2026-07-04
CUST100031300,Streaming Bundle,0.5076,2026-07-17
CUST100064534,International Roaming Pack,0.7686,2026-07-20
CUST100021348,International Roaming Pack,0.0074,2026-07-06
CUST100031688,Home Security Add-on,0.965,2026-07-05
CUST100050802,Family Plan Upgrade,0.6985,2026-07-11
CUST100066241,Device Insurance,0.6916,2026-07-11
CUST100010245,5G Handset Upgrade,0.6749,2026-07-19
CUST100043176,Streaming Bundle,0.2006,2026-07-16
CUST100056872,5G Handset Upgrade,0.5394,2026-07-14
CUST100005814,International Roaming Pack,0.804,2026-07-19
CUST100087576,Home Security Add-on,0.0708,2026-07-07
CUST100063774,Home Security Add-on,0.8366,2026-07-08
CUST100093492,Streaming Bundle,0.5465,2026-07-17
CUST100010789,International Roaming Pack,0.3306,2026-07-08
CUST100087936,Streaming Bundle,0.402,2026-07-09
CUST100012784,International Roaming Pack,0.2116,2026-07-19
CUST100066332,5G Handset Upgrade,0.0632,2026-07-07
CUST100078469,Home Security Add-on,0.6703,2026-07-20
CUST100076376,Family Plan Upgrade,0.7303,2026-07-20
CUST100094353,International Roaming Pack,0.5193,2026-07-08
CUST100032735,Streaming Bundle,0.7816,2026-07-16
CUST100075388,International Roaming Pack,0.2876,2026-07-13
CUST100026153,International Roaming Pack,0.9839,2026-07-01
CUST100078621,Device Insurance,0.8029,2026-07-22
CUST100061211,5G Handset Upgrade,0.1575,2026-07-11
CUST100018555,5G Handset Upgrade,0.5082,2026-07-23
CUST100013968,International Roaming Pack,0.5231,2026-07-11
CUST100094798,5G Handset Upgrade,0.8394,2026-07-21
CUST100036474,5G Handset Upgrade,0.1404,2026-07-16
CUST100076204,International Roaming Pack,0.9858,2026-07-07
CUST100036241,International Roaming Pack,0.5007,2026-07-01
CUST100014581,Device Insurance,0.6867,2026-07-23
CUST100012864,International Roaming Pack,0.5968,2026-07-15
CUST100054854,5G Handset Upgrade,0.5048,2026-07-20
CUST100068092,Streaming Bundle,0.6947,2026-07-03
CUST100000357,Family Plan Upgrade,0.9321,2026-07-12
CUST100024080,Streaming Bundle,0.9331,2026-07-06
CUST100037541,5G Handset Upgrade,0.9,2026-07-13
CUST100006856,Streaming Bundle,0.1911,2026-07-14
CUST100079136,Home Security Add-on,0.3885,2026-07-21
CUST100061410,Home Security Add-on,0.8662,2026-07-05
CUST100046817,5G Handset Upgrade,0.0174,2026-07-11
CUST100057012,Home Security Add-on,0.9586,2026-07-08
CUST100091286,5G Handset Upgrade,0.3412,2026-07-06
CUST100069285,Family Plan Upgrade,0.601,2026-07-17
CUST100051897,5G Handset Upgrade,0.4662,2026-07-14
CUST100013714,Home Security Add-on,0.574,2026-07-08
CUST100085244,Family Plan Upgrade,0.3739,2026-07-19
CUST100097413,International Roaming Pack,0.5332,2026-07-11
CUST100017988,Family Plan Upgrade,0.884,2026-07-02
CUST100054456,5G Handset Upgrade,0.1312,2026-07-03
CUST100079836,5G Handset Upgrade,0.5994,2026-07-07
CUST100019372,5G Handset Upgrade,0.3361,2026-07-04
CUST100039732,Streaming Bundle,0.4849,2026-07-10
CUST100068157,Family Plan Upgrade,0.297,2026-07-16
CUST100071906,Streaming Bundle,0.2224,2026-07-03
CUST100092624,Home Security Add-on,0.0187,2026-07-16
CUST100088096,Home Security Add-on,0.4042,2026-07-06
CUST100055135,International Roaming Pack,0.7863,2026-07-22
CUST100069953,Device Insurance,0.8652,2026-07-01
CUST100041069,Home Security Add-on,0.4496,2026-07-15
CUST100086723,Device Insurance,0.9537,2026-07-07
CUST100097049,5G Handset Upgrade,0.1897,2026-07-22
CUST100055044,5G Handset Upgrade,0.9951,2026-07-12
CUST100024569,International Roaming Pack,0.0016,2026-07-10
CUST100014247,Device Insurance,0.5184,2026-07-23
CUST100056216,Device Insurance,0.3644,2026-07-12
CUST100089262,Streaming Bundle,0.0414,2026-07-19
CUST100066877,Family Plan Upgrade,0.9315,2026-07-08
CUST100049015,Device Insurance,0.4667,2026-07-09
CUST100018010,International Roaming Pack,0.0783,2026-07-18
CUST100013900,Home Security Add-on,0.5383,2026-07-01
CUST100029620,Device Insurance,0.217,2026-07-15
CUST100029350,Family Plan Upgrade,0.0842,2026-07-21
CUST100019487,Family Plan Upgrade,0.8839,2026-07-23
CUST100054016,Device Insurance,0.2465,2026-07-22
CUST100009040,Home Security Add-on,0.169,2026-07-04
CUST100087796,Home Security Add-on,0.7112,2026-07-12
CUST100062198,International Roaming Pack,0.3583,2026-07-20
CUST100071326,Family Plan Upgrade,0.6551,2026-07-07
CUST100020033,Device Insurance,0.3964,2026-07-07
CUST100055191,Device Insurance,0.9976,2026-07-08
CUST100071590,5G Handset Upgrade,0.56,2026-07-11
CUST100048596,Streaming Bundle,0.2267,2026-07-02
CUST100038949,Home Security Add-on,0.6416,2026-07-22
CUST100045878,Device Insurance,0.0077,2026-07-15
CUST100084729,Home Security Add-on,0.9016,2026-07-14
CUST100051895,Home Security Add-on,0.5737,2026-07-01
CUST100036663,International Roaming Pack,0.9939,2026-07-15
CUST100072120,5G Handset Upgrade,0.0442,2026-07-22
CUST100097731,Device Insurance,0.7752,2026-07-19
CUST100005473,Device Insurance,0.1227,2026-07-13
CUST100022608,Device Insurance,0.0851,2026-07-22
CUST100095511,International Roaming Pack,0.5492,2026-07-01
CUST100058381,5G Handset Upgrade,0.3001,2026-07-01
CUST100021974,Device Insurance,0.8717,2026-07-04
CUST100090668,Home Security Add-on,0.4886,2026-07-23
CUST100034187,Device Insurance,0.3773,2026-07-13
CUST100067889,5G Handset Upgrade,0.7612,2026-07-04
CUST100097337,Streaming Bundle,0.6826,2026-07-03
CUST100093392,International Roaming Pack,0.7345,2026-07-14
CUST100037654,5G Handset Upgrade,0.8275,2026-07-22
CUST100027121,Home Security Add-on,0.5438,2026-07-23
CUST100002154,5G Handset Upgrade,0.8022,2026-07-21
CUST100017782,Home Security Add-on,0.1083,2026-07-18
CUST100010229,Device Insurance,0.1436,2026-07-22
CUST100063409,5G Handset Upgrade,0.8631,2026-07-09
CUST100050259,Device Insurance,0.329,2026-07-05
CUST100052434,Streaming Bundle,0.017,2026-07-19
CUST100073308,Device Insurance,0.504,2026-07-19
CUST100023414,Family Plan Upgrade,0.4275,2026-07-15
CUST100062464,Family Plan Upgrade,0.0184,2026-07-16
CUST100022123,Streaming Bundle,0.9342,2026-07-04
CUST100058298,Device Insurance,0.1712,2026-07-09
CUST100088048,Streaming Bundle,0.6384,2026-07-06
CUST100067005,International Roaming Pack,0.0316,2026-07-04
CUST100062975,Family Plan Upgrade,0.0282,2026-07-18
CUST100025596,Family Plan Upgrade,0.0252,2026-07-04
CUST100064224,International Roaming Pack,0.6682,2026-07-04
CUST100058624,Family Plan Upgrade,0.3613,2026-07-16
CUST100092083,International Roaming Pack,0.9681,2026-07-09
CUST100057669,Device Insurance,0.9372,2026-07-13
CUST100019494,International Roaming Pack,0.6667,2026-07-23
CUST100091210,5G Handset Upgrade,0.2265,2026-07-16
CUST100025119,Streaming Bundle,0.1192,2026-07-02
CUST100002769,Device Insurance,0.7036,2026-07-08
CUST100007126,Home Security Add-on,0.4582,2026-07-18
CUST100008553,Device Insurance,0.1033,2026-07-04
CUST100076839,Streaming Bundle,0.2125,2026-07-13
CUST100004126,Family Plan Upgrade,0.7351,2026-07-07
CUST100080202,International Roaming Pack,0.6967,2026-07-05
CUST100038028,Streaming Bundle,0.5696,2026-07-06
CUST100029018,5G Handset Upgrade,0.1419,2026-07-06
CUST100062323,Family Plan Upgrade,0.0704,2026-07-11
CUST100042364,Family Plan Upgrade,0.9254,2026-07-06
CUST100028915,5G Handset Upgrade,0.6549,2026-07-14
CUST100017040,Streaming Bundle,0.0759,2026-07-01
CUST100054995,Family Plan Upgrade,0.3843,2026-07-05
CUST100031000,5G Handset Upgrade,0.0483,2026-07-12
CUST100050957,5G Handset Upgrade,0.266,2026-07-06
CUST100054406,Family Plan Upgrade,0.1832,2026-07-12
CUST100008216,Device Insurance,0.1063,2026-07-23
CUST100064114,Streaming Bundle,0.0531,2026-07-13
CUST100046454,Home Security Add-on,0.0082,2026-07-05
CUST100083790,Device Insurance,0.3178,2026-07-19
CUST100028154,Home Security Add-on,0.3175,2026-07-18
CUST100061265,Device Insurance,0.1295,2026-07-20
CUST100069016,Device Insurance,0.0847,2026-07-13
CUST100068667,5G Handset Upgrade,0.0859,2026-07-15
CUST100070303,Device Insurance,0.6804,2026-07-22
CUST100036364,Home Security Add-on,0.9011,2026-07-19
CUST100091919,Family Plan Upgrade,0.3358,2026-07-23
CUST100069704,Device Insurance,0.5354,2026-07-22
CUST100060898,Family Plan Upgrade,0.9822,2026-07-13
CUST100098510,Device Insurance,0.6595,2026-07-16
CUST100016838,International Roaming Pack,0.7393,2026-07-19
CUST100012977,International Roaming Pack,0.7066,2026-07-06
CUST100064455,International Roaming Pack,0.9911,2026-07-01
CUST100023275,International Roaming Pack,0.7028,2026-07-19
CUST100026555,5G Handset Upgrade,0.126,2026-07-01
CUST100051515,International Roaming Pack,0.0253,2026-07-14
CUST100053824,International Roaming Pack,0.7784,2026-07-22
CUST100047262,Family Plan Upgrade,0.5505,2026-07-16
CUST100037021,Device Insurance,0.9582,2026-07-09
CUST100031917,5G Handset Upgrade,0.3237,2026-07-19
CUST100048588,5G Handset Upgrade,0.4192,2026-07-11
CUST100045960,Home Security Add-on,0.485,2026-07-04
CUST100061424,Device Insurance,0.9092,2026-07-20
CUST100054359,5G Handset Upgrade,0.4261,2026-07-03
CUST100099412,Streaming Bundle,0.0638,2026-07-15
CUST100030869,Family Plan Upgrade,0.397,2026-07-08
CUST100072190,International Roaming Pack,0.4993,2026-07-05
CUST100007448,Streaming Bundle,0.5183,2026-07-20
CUST100098389,5G Handset Upgrade,0.0881,2026-07-17
CUST100036084,Family Plan Upgrade,0.2707,2026-07-14
CUST100039460,Device Insurance,0.2181,2026-07-22
CUST100077592,Family Plan Upgrade,0.7881,2026-07-12
CUST100047160,Family Plan Upgrade,0.9601,2026-07-14
CUST100026761,Family Plan Upgrade,0.1291,2026-07-07
CUST100063504,International Roaming Pack,0.6556,2026-07-16
CUST100038601,International Roaming Pack,0.3227,2026-07-03
CUST100072446,International Roaming Pack,0.3713,2026-07-08
CUST100013172,5G Handset Upgrade,0.1293,2026-07-04
CUST100061840,Device Insurance,0.6838,2026-07-21
CUST100025057,International Roaming Pack,0.1618,2026-07-02
CUST100066146,Home Security Add-on,0.8023,2026-07-17
CUST100042576,Home Security Add-on,0.7157,2026-07-18
CUST100040790,Home Security Add-on,0.3561,2026-07-03
CUST100075960,International Roaming Pack,0.1571,2026-07-19
CUST100010390,International Roaming Pack,0.0006,2026-07-19
CUST100098426,International Roaming Pack,0.8839,2026-07-15
CUST100060936,Device Insurance,0.0323,2026-07-17
CUST100007294,Device Insurance,0.3018,2026-07-18
CUST100033352,Family Plan Upgrade,0.6287,2026-07-10
CUST100048820,Device Insurance,0.9323,2026-07-19
CUST100040238,International Roaming Pack,0.5845,2026-07-10
CUST100093800,Streaming Bundle,0.2486,2026-07-10
CUST100011701,Streaming Bundle,0.634,2026-07-17
CUST100027922,Device Insurance,0.3905,2026-07-21
CUST100036936,Family Plan Upgrade,0.4827,2026-07-11
CUST100025961,Streaming Bundle,0.0853,2026-07-10
CUST100073100,Streaming Bundle,0.5844,2026-07-11
CUST100040074,Device Insurance,0.6539,2026-07-11
CUST100083974,Family Plan Upgrade,0.7521,2026-07-10
CUST100009310,Family Plan Upgrade,0.3826,2026-07-08
CUST100086887,Device Insurance,0.7382,2026-07-18
CUST100067609,Device Insurance,0.9512,2026-07-13
CUST100018069,Family Plan Upgrade,0.4377,2026-07-07
CUST100031918,5G Handset Upgrade,0.9636,2026-07-12
CUST100055831,Home Security Add-on,0.6114,2026-07-10
CUST100034851,Family Plan Upgrade,0.7422,2026-07-10
CUST100013851,Streaming Bundle,0.5619,2026-07-04
CUST100009570,Streaming Bundle,0.5919,2026-07-14
CUST100002926,Streaming Bundle,0.306,2026-07-14
CUST100028305,Home Security Add-on,0.6961,2026-07-11
CUST100014363,Device Insurance,0.6506,2026-07-04
CUST100006204,Family Plan Upgrade,0.6868,2026-07-19
CUST100089246,International Roaming Pack,0.1992,2026-07-22
CUST100088826,Device Insurance,0.8636,2026-07-06
CUST100035207,Home Security Add-on,0.7723,2026-07-19
CUST100074688,Device Insurance,0.9962,2026-07-06
CUST100025889,Device Insurance,0.1168,2026-07-13
CUST100044416,Streaming Bundle,0.8952,2026-07-16
CUST100080181,Family Plan Upgrade,0.5365,2026-07-20
CUST100028691,Home Security Add-on,0.1415,2026-07-08
CUST100031641,Home Security Add-on,0.0293,2026-07-03
CUST100019078,Device Insurance,0.9004,2026-07-06
CUST100030763,5G Handset Upgrade,0.9348,2026-07-09
CUST100026711,Family Plan Upgrade,0.9192,2026-07-10
CUST100081157,Family Plan Upgrade,0.6702,2026-07-09
CUST100075379,Home Security Add-on,0.1021,2026-07-13
CUST100011606,International Roaming Pack,0.8346,2026-07-03
CUST100057102,Family Plan Upgrade,0.1528,2026-07-09
CUST100021572,5G Handset Upgrade,0.3028,2026-07-20
CUST100041579,Device Insurance,0.3944,2026-07-19
CUST100062015,5G Handset Upgrade,0.3861,2026-07-02
CUST100010507,International Roaming Pack,0.469,2026-07-11
CUST100029561,Family Plan Upgrade,0.5772,2026-07-15
CUST100039403,International Roaming Pack,0.1056,2026-07-07
CUST100072942,Device Insurance,0.4134,2026-07-11
CUST100033877,Family Plan Upgrade,0.0887,2026-07-17
CUST100043001,Home Security Add-on,0.0371,2026-07-09
CUST100080334,Device Insurance,0.837,2026-07-20
CUST100000631,Home Security Add-on,0.1763,2026-07-10
CUST100026030,Streaming Bundle,0.5074,2026-07-08
CUST100024186,International Roaming Pack,0.9577,2026-07-23
CUST100066023,Device Insurance,0.7023,2026-07-10
CUST100061614,Streaming Bundle,0.6364,2026-07-02
CUST100025809,Home Security Add-on,0.1528,2026-07-14
CUST100007150,Family Plan Upgrade,0.1979,2026-07-22
CUST100007400,Home Security Add-on,0.9234,2026-07-03
CUST100023696,Device Insurance,0.7366,2026-07-14
CUST100080166,Home Security Add-on,0.3396,2026-07-12
CUST100056148,Family Plan Upgrade,0.2568,2026-07-16
CUST100080197,5G Handset Upgrade,0.4916,2026-07-20
CUST100041678,Family Plan Upgrade,0.8589,2026-07-20
CUST100036239,Family Plan Upgrade,0.98,2026-07-11
CUST100034405,Streaming Bundle,0.9143,2026-07-15
CUST100047340,Family Plan Upgrade,0.2473,2026-07-06
CUST100009080,International Roaming Pack,0.6478,2026-07-13
CUST100000264,5G Handset Upgrade,0.5823,2026-07-21
CUST100075612,Home Security Add-on,0.5698,2026-07-18
CUST100032660,Streaming Bundle,0.0954,2026-07-22
CUST100029488,5G Handset Upgrade,0.8841,2026-07-05
CUST100075427,Streaming Bundle,0.2827,2026-07-05
CUST100086438,5G Handset Upgrade,0.9619,2026-07-16
CUST100020953,International Roaming Pack,0.8137,2026-07-09
CUST100067592,5G Handset Upgrade,0.8565,2026-07-11
CUST100072548,5G Handset Upgrade,0.2126,2026-07-14
CUST100051948,International Roaming Pack,0.4343,2026-07-06
CUST100009509,Streaming Bundle,0.058,2026-07-15
CUST100056648,5G Handset Upgrade,0.114,2026-07-20
CUST100084680,Streaming Bundle,0.7317,2026-07-03
CUST100086462,Streaming Bundle,0.625,2026-07-05
CUST100050295,Home Security Add-on,0.3086,2026-07-12
